2008,2008-03-09,36 - Pontevedra,MOVIMIENTO POR LA UNIDAD DEL PUEBLO CANARIO - MUPC,0,0,Ministerio del Interior / portal oficial de datos abiertos,PRIMARY_OFFICIAL
2008,2008-03-09,36 - Pontevedra,NAFARROA BAI - NA-BAI,0,0,Ministerio del Interior / portal oficial de datos abiertos,PRIMARY_OFFICIAL
2008,2008-03-09,36 - Pontevedra,NOSALTRES SOM - N som,0,0,Ministerio del Interior / portal oficial de datos abiertos,PRIMARY_OFFICIAL
2008,2008-03-09,36 - Pontevedra,NUEVA CANARIAS-CENTRO CANARIO - NC-CCN,0,0,Ministerio del Interior / portal oficial de datos abiertos,PRIMARY_OFFICIAL
2008,2008-03-09,36 - Pontevedra,OPCIO NACIONALISTA VALENCIANA - O.N.V.,0,0,Ministerio del Interior / portal oficial de datos abiertos,PRIMARY_OFFICIAL
2008,2008-03-09,36 - Pontevedra,OPCIO NACIONALISTA VALENCIANA - ONV,0,0,Ministerio del Interior / portal oficial de datos abiertos,PRIMARY_OFFICIAL
2008,2008-03-09,36 - Pontevedra,OS VERDES - GRUPO VERDE - OV,1030,0,Ministerio del Interior / portal oficial de datos abiertos,PRIMARY_OFFICIAL
2008,2008-03-09,36 - Pontevedra,PARTIDO ALTERNATIVA MOTOR Y DEPORTES - A.M.D.,0,0,Ministerio del Interior / portal oficial de datos abiertos,PRIMARY_OFFICIAL
2008,2008-03-09,36 - Pontevedra,PARTIDO ANTITAURINO CONTRA EL MALTRATO ANIMAL - P.A.C.M.A,0,0,Ministerio del Interior / portal oficial de datos abiertos,PRIMARY_OFFICIAL
2008,2008-03-09,36 - Pontevedra,PARTIDO ANTITAURINO CONTRA EL MALTRATO ANIMAL - P.A.C.M.A.,0,0,Ministerio del Interior / portal oficial de datos abiertos,PRIMARY_OFFICIAL
2008,2008-03-09,36 - Pontevedra,PARTIDO ANTITAURINO CONTRA EL MALTRATO ANIMAL - PACMA,1444,0,Ministerio del Interior / portal oficial de datos abiertos,PRIMARY_OFFICIAL
2008,2008-03-09,36 - Pontevedra,PARTIDO ARAGONES - PAR,0,0,Ministerio del Interior / portal oficial de datos abiertos,PRIMARY_OFFICIAL
2008,2008-03-09,36 - Pontevedra,PARTIDO CARLISTA - P.C.,0,0,Ministerio del Interior / portal oficial de datos abiertos,PRIMARY_OFFICIAL
2008,2008-03-09,36 - Pontevedra,PARTIDO CARLISTA - PARTIDO CARLISTA,0,0,Ministerio del Interior / portal oficial de datos abiertos,PRIMARY_OFFICIAL
2008,2008-03-09,36 - Pontevedra,PARTIDO CARLISTA - PC,0,0,Ministerio del Interior / portal oficial de datos abiertos,PRIMARY_OFFICIAL
2008,2008-03-09,36 - Pontevedra,PARTIDO CARLISTA DE EUSKALERRIA-PARTIDO CARLISTA - EKA-PC.,0,0,Ministerio del Interior / portal oficial de datos abiertos,PRIMARY_OFFICIAL
2008,2008-03-09,36 - Pontevedra,PARTIDO CARLISTA DE EUSKALHERRIA-EUSKALHERRIKO KARLISTA ALDERDIA - PARTIDO CARLISTA-EKA,0,0,Ministerio del Interior / portal oficial de datos abiertos,PRIMARY_OFFICIAL
2008,2008-03-09,36 - Pontevedra,PARTIDO CENTRISTA - PCTR,0,0,Ministerio del Interior / portal oficial de datos abiertos,PRIMARY_OFFICIAL
2008,2008-03-09,36 - Pontevedra,PARTIDO CENTRISTAS - Centristas PCTR,0,0,Ministerio del Interior / portal oficial de datos abiertos,PRIMARY_OFFICIAL
2008,2008-03-09,36 - Pontevedra,PARTIDO CENTRISTAS - PCTR,0,0,Ministerio del Interior / portal oficial de datos abiertos,PRIMARY_OFFICIAL
2008,2008-03-09,36 - Pontevedra,PARTIDO CIUDADANOS UNIDOS DE ARAGON - pCUA,0,0,Ministerio del Interior / portal oficial de datos abiertos,PRIMARY_OFFICIAL
2008,2008-03-09,36 - Pontevedra,PARTIDO COMUNISTA DE LOS PUEBLOS DE ESPAÑA - P.C.P.E.,0,0,Ministerio del Interior / portal oficial de datos abiertos,PRIMARY_OFFICIAL
2008,2008-03-09,36 - Pontevedra,PARTIDO COMUNISTA DE LOS PUEBLOS DE ESPAÑA - P.C.P.E.-E.K.,0,0,Ministerio del Interior / portal oficial de datos abiertos,PRIMARY_OFFICIAL
2008,2008-03-09,36 - Pontevedra,PARTIDO COMUNISTA DE LOS PUEBLOS DE ESPAÑA - PCPE,0,0,Ministerio del Interior / portal oficial de datos abiertos,PRIMARY_OFFICIAL
2008,2008-03-09,36 - Pontevedra,PARTIDO COMUNISTA DE LOS PUEBLOS DE ESPAÑA-EUSKAL KOMUNISTAK - PCPE - EK,0,0,Ministerio del Interior / portal oficial de datos abiertos,PRIMARY_OFFICIAL
2008,2008-03-09,36 - Pontevedra,PARTIDO COMUNISTA DEL PUEBLO CANARIO - PCPE,0,0,Ministerio del Interior / portal oficial de datos abiertos,PRIMARY_OFFICIAL
2008,2008-03-09,36 - Pontevedra,PARTIDO COMUNISTA DEL PUEBLO CASTELLANO - PCPE,0,0,Ministerio del Interior / portal oficial de datos abiertos,PRIMARY_OFFICIAL
2008,2008-03-09,36 - Pontevedra,PARTIDO COMUNISTA DEL PUEBLO CASTELLANO-PCPE - PCPE,0,0,Ministerio del Interior / portal oficial de datos abiertos,PRIMARY_OFFICIAL
2008,2008-03-09,36 - Pontevedra,PARTIDO COMUNISTA DEL PUEBLO DE CATALUNYA - PCPC,0,0,Ministerio del Interior / portal oficial de datos abiertos,PRIMARY_OFFICIAL
2008,2008-03-09,36 - Pontevedra,PARTIDO COMUNISTA DEL PUEBLO DE CATALUÑA - PCPC,0,0,Ministerio del Interior / portal oficial de datos abiertos,PRIMARY_OFFICIAL
2008,2008-03-09,36 - Pontevedra,PARTIDO COMUNISTA DO POBO GALEGO - PCPG,0,0,Ministerio del Interior / portal oficial de datos abiertos,PRIMARY_OFFICIAL
2008,2008-03-09,36 - Pontevedra,PARTIDO COMUNISTA DO POVO GALEGO - P.C.P.G.,0,0,Ministerio del Interior / portal oficial de datos abiertos,PRIMARY_OFFICIAL
2008,2008-03-09,36 - Pontevedra,PARTIDO COMUNISTA PUEBLOS DE ESPAÑA - PCPE,0,0,Ministerio del Interior / portal oficial de datos abiertos,PRIMARY_OFFICIAL
2008,2008-03-09,36 - Pontevedra,PARTIDO DE ALIANZA IBEROAMERICANA EUROPEA - PAIE,0,0,Ministerio del Interior / portal oficial de datos abiertos,PRIMARY_OFFICIAL
2008,2008-03-09,36 - Pontevedra,PARTIDO DE ALMERIA - PdeAL,0,0,Ministerio del Interior / portal oficial de datos abiertos,PRIMARY_OFFICIAL
2008,2008-03-09,36 - Pontevedra,PARTIDO DE LAS LIBERTADES CIVILES - PLCI,0,0,Ministerio del Interior / portal oficial de datos abiertos,PRIMARY_OFFICIAL
2008,2008-03-09,36 - Pontevedra,PARTIDO DE LOS NO-FUMADORES - PNF (NO-FUMADORES),0,0,Ministerio del Interior / portal oficial de datos abiertos,PRIMARY_OFFICIAL
2008,2008-03-09,36 - Pontevedra,PARTIDO DE LOS PENSIONISTAS EN ACCION - PDLPEA,0,0,Ministerio del Interior / portal oficial de datos abiertos,PRIMARY_OFFICIAL
2008,2008-03-09,36 - Pontevedra,PARTIDO DOS SOCIALISTAS DE GALICIA-PARTIDO SOCIALISTA OBRERO ESPAÑOL - PSdeG-PSOE,249086,3,Ministerio del Interior / portal oficial de datos abiertos,PRIMARY_OFFICIAL
2008,2008-03-09,36 - Pontevedra,PARTIDO DOS SOCIALISTAS DE GALICIA-PSOE - PSdeG-PSOE,0,0,Ministerio del Interior / portal oficial de datos abiertos,PRIMARY_OFFICIAL
2008,2008-03-09,36 - Pontevedra,PARTIDO FAMILIA Y VIDA - PFyV,321,0,Ministerio del Interior / portal oficial de datos abiertos,PRIMARY_OFFICIAL
2008,2008-03-09,36 - Pontevedra,PARTIDO HACHE - PHache,0,0,Ministerio del Interior / portal oficial de datos abiertos,PRIMARY_OFFICIAL
2008,2008-03-09,36 - Pontevedra,PARTIDO HUMANISTA - P.H.,0,0,Ministerio del Interior / portal oficial de datos abiertos,PRIMARY_OFFICIAL
2008,2008-03-09,36 - Pontevedra,PARTIDO HUMANISTA - PH,386,0,Ministerio del Interior / portal oficial de datos abiertos,PRIMARY_OFFICIAL
2008,2008-03-09,36 - Pontevedra,PARTIDO IZQUIERDA REPUBLICANA-PARTIT REPUBLICA D'ESQUERRA - IR-PRE,0,0,Ministerio del Interior / portal oficial de datos abiertos,PRIMARY_OFFICIAL
2008,2008-03-09,36 - Pontevedra,PARTIDO LIBERAL DEL EMPLEO Y LA VIVIENDA ESTATAL - P.L.E.V.E.,0,0,Ministerio del Interior / portal oficial de datos abiertos,PRIMARY_OFFICIAL
2008,2008-03-09,36 - Pontevedra,PARTIDO LIBERTADES CIVILES - PLCI,0,0,Ministerio del Interior / portal oficial de datos abiertos,PRIMARY_OFFICIAL
2008,2008-03-09,36 - Pontevedra,PARTIDO OBRERO SOCIALISTA INTERNACIONALISTA - P.O.S.I.,0,0,Ministerio del Interior / portal oficial de datos abiertos,PRIMARY_OFFICIAL
2008,2008-03-09,36 - Pontevedra,PARTIDO OBRERO SOCIALISTA INTERNACIONALISTA - POSI,0,0,Ministerio del Interior / portal oficial de datos abiertos,PRIMARY_OFFICIAL
2008,2008-03-09,36 - Pontevedra,PARTIDO POLITICO ARALAR - aralar,0,0,Ministerio del Interior / portal oficial de datos abiertos,PRIMARY_OFFICIAL
2008,2008-03-09,36 - Pontevedra,PARTIDO POPULAR - P.P.,0,0,Ministerio del Interior / portal oficial de datos abiertos,PRIMARY_OFFICIAL
2008,2008-03-09,36 - Pontevedra,PARTIDO POPULAR - PP,268446,3,Ministerio del Interior / portal oficial de datos abiertos,PRIMARY_OFFICIAL
2008,2008-03-09,36 - Pontevedra,PARTIDO POPULAR/PARTIT POPULAR - PP,0,0,Ministerio del Interior / portal oficial de datos abiertos,PRIMARY_OFFICIAL
2008,2008-03-09,36 - Pontevedra,PARTIDO POR UN MUNDO MAS JUSTO - PUM+J,0,0,Ministerio del Interior / portal oficial de datos abiertos,PRIMARY_OFFICIAL
2008,2008-03-09,36 - Pontevedra,PARTIDO POSITIVISTA CRISTIANO - PPCr,0,0,Ministerio del Interior / portal oficial de datos abiertos,PRIMARY_OFFICIAL
2008,2008-03-09,36 - Pontevedra,PARTIDO REGIONALISTA DE GUADALAJARA - P.R.GU.,0,0,Ministerio del Interior / portal oficial de datos abiertos,PRIMARY_OFFICIAL
2008,2008-03-09,36 - Pontevedra,PARTIDO REGIONALISTA DEL PAIS LEONES - PREPAL,0,0,Ministerio del Interior / portal oficial de datos abiertos,PRIMARY_OFFICIAL
2008,2008-03-09,36 - Pontevedra,PARTIDO RIOJANO - PARTIDO RIOJANO,0,0,Ministerio del Interior / portal oficial de datos abiertos,PRIMARY_OFFICIAL
2008,2008-03-09,36 - Pontevedra,PARTIDO SOCIAL DEMOCRATA - P.S.D.,0,0,Ministerio del Interior / portal oficial de datos abiertos,PRIMARY_OFFICIAL
2008,2008-03-09,36 - Pontevedra,PARTIDO SOCIAL DEMOCRATA - PSD,865,0,Ministerio del Interior / portal oficial de datos abiertos,PRIMARY_OFFICIAL
2008,2008-03-09,36 - Pontevedra,PARTIDO SOCIAL DEMOCRATA-FEDERACION DE LOS INDEPENDIENTES DE ARAGON - PSD-FIA,0,0,Ministerio del Interior / portal oficial de datos abiertos,PRIMARY_OFFICIAL
2008,2008-03-09,36 - Pontevedra,PARTIDO SOCIALISTA DE EUSKADI-EUSKADIKO EZKERRA (PSOE) - PSE-EE (PSOE),0,0,Ministerio del Interior / portal oficial de datos abiertos,PRIMARY_OFFICIAL
2008,2008-03-09,36 - Pontevedra,PARTIDO SOCIALISTA DE EUSKADI-EUSKADIKO EZKERRA - PSE-EE (PSOE),0,0,Ministerio del Interior / portal oficial de datos abiertos,PRIMARY_OFFICIAL
2008,2008-03-09,36 - Pontevedra,PARTIDO SOCIALISTA OBRERO ESPAÑOL - P.S.O.E.,0,0,Ministerio del Interior / portal oficial de datos abiertos,PRIMARY_OFFICIAL
2008,2008-03-09,36 - Pontevedra,PARTIDO SOCIALISTA OBRERO ESPAÑOL - PSOE,0,0,Ministerio del Interior / portal oficial de datos abiertos,PRIMARY_OFFICIAL
2008,2008-03-09,36 - Pontevedra,PARTIDO SOCIALISTA OBRERO ESPAÑOL DE ANDALUCIA - PSOE-A,0,0,Ministerio del Interior / portal oficial de datos abiertos,PRIMARY_OFFICIAL
2008,2008-03-09,36 - Pontevedra,PARTIDO SOLIDARIDAD Y AUTOGESTION INTERNACIONALISTA - SAIN,0,0,Ministerio del Interior / portal oficial de datos abiertos,PRIMARY_OFFICIAL
2008,2008-03-09,36 - Pontevedra,PARTIDO UNIONISTA ESTADO DE ESPAÑA - P.U.E.D.E.,0,0,Ministerio del Interior / portal oficial de datos abiertos,PRIMARY_OFFICIAL
2008,2008-03-09,36 - Pontevedra,PARTIDO UNIONISTA ESTADO DE ESPAÑA - PUEDE,0,0,Ministerio del Interior / portal oficial de datos abiertos,PRIMARY_OFFICIAL
2008,2008-03-09,36 - Pontevedra,PARTIT ANTITAURI CONTRA EL MALTRACTAMENT ANIMAL - P.A.C.M.A.,0,0,Ministerio del Interior / portal oficial de datos abiertos,PRIMARY_OFFICIAL
2008,2008-03-09,36 - Pontevedra,PARTIT ANTITAURI CONTRA EL MALTRACTAMENT ANIMAL - PACMA,0,0,Ministerio del Interior / portal oficial de datos abiertos,PRIMARY_OFFICIAL
2008,2008-03-09,36 - Pontevedra,PARTIT CARLI DE CATALUNYA - P. C. de C.,0,0,Ministerio del Interior / portal oficial de datos abiertos,PRIMARY_OFFICIAL
2008,2008-03-09,36 - Pontevedra,PARTIT CARLI DE CATALUNYA - PCaC,0,0,Ministerio del Interior / portal oficial de datos abiertos,PRIMARY_OFFICIAL
2008,2008-03-09,36 - Pontevedra,PARTIT COMUNISTA DEL POBLE DE CATALUNYA - P.C.P.C.,0,0,Ministerio del Interior / portal oficial de datos abiertos,PRIMARY_OFFICIAL
2008,2008-03-09,36 - Pontevedra,PARTIT COMUNISTA DELS POBLES D'ESPANYA - PCPE,0,0,Ministerio del Interior / portal oficial de datos abiertos,PRIMARY_OFFICIAL
2008,2008-03-09,36 - Pontevedra,PARTIT DELS SOCIALISTES DE CATALUNYA - PSC (PSC-PSOE),0,0,Ministerio del Interior / portal oficial de datos abiertos,PRIMARY_OFFICIAL
2008,2008-03-09,36 - Pontevedra,PARTIT DELS SOCIALISTES DE CATALUNYA - PSC-PSOE,0,0,Ministerio del Interior / portal oficial de datos abiertos,PRIMARY_OFFICIAL
2008,2008-03-09,36 - Pontevedra,PARTIT FAMILIA I VIDA - PFiV,0,0,Ministerio del Interior / portal oficial de datos abiertos,PRIMARY_OFFICIAL
2008,2008-03-09,36 - Pontevedra,PARTIT HUMANISTA - P.H.,0,0,Ministerio del Interior / portal oficial de datos abiertos,PRIMARY_OFFICIAL
2008,2008-03-09,36 - Pontevedra,PARTIT HUMANISTA - PH,0,0,Ministerio del Interior / portal oficial de datos abiertos,PRIMARY_OFFICIAL
2008,2008-03-09,36 - Pontevedra,PARTIT HUMANISTA DE CATALUNYA - PH,0,0,Ministerio del Interior / portal oficial de datos abiertos,PRIMARY_OFFICIAL
2008,2008-03-09,36 - Pontevedra,PARTIT ILLENC DE SES ILLES BALEARS - PIIB,0,0,Ministerio del Interior / portal oficial de datos abiertos,PRIMARY_OFFICIAL
2008,2008-03-09,36 - Pontevedra,PARTIT OBRER SOCIALISTA INTERNACIONALISTA - P.O.S.I.,0,0,Ministerio del Interior / portal oficial de datos abiertos,PRIMARY_OFFICIAL
2008,2008-03-09,36 - Pontevedra,PARTIT OBRER SOCIALISTA INTERNACIONALISTA - POSI,0,0,Ministerio del Interior / portal oficial de datos abiertos,PRIMARY_OFFICIAL
2008,2008-03-09,36 - Pontevedra,PARTIT PER CATALUNYA - PxCat,0,0,Ministerio del Interior / portal oficial de datos abiertos,PRIMARY_OFFICIAL
2008,2008-03-09,36 - Pontevedra,PARTIT POPULAR/PARTIDO POPULAR - P.P.,0,0,Ministerio del Interior / portal oficial de datos abiertos,PRIMARY_OFFICIAL
2008,2008-03-09,36 - Pontevedra,PARTIT REPUBLICA CATALA - RC,0,0,Ministerio del Interior / portal oficial de datos abiertos,PRIMARY_OFFICIAL
2008,2008-03-09,36 - Pontevedra,PER LA REPUBLICA VALENCIANA - PLRV,0,0,Ministerio del Interior / portal oficial de datos abiertos,PRIMARY_OFFICIAL
2008,2008-03-09,36 - Pontevedra,PER LA REPUBLICA VALENCIANA - plRV,0,0,Ministerio del Interior / portal oficial de datos abiertos,PRIMARY_OFFICIAL
2008,2008-03-09,36 - Pontevedra,POR UN MUNDO MAS JUSTO - PUM+J,575,0,Ministerio del Interior / portal oficial de datos abiertos,PRIMARY_OFFICIAL
2008,2008-03-09,36 - Pontevedra,REPRESENTACION CANNABICA NAVARRA - RCN-NOK,0,0,Ministerio del Interior / portal oficial de datos abiertos,PRIMARY_OFFICIAL
2008,2008-03-09,36 - Pontevedra,SOLIDARIDAD Y AUTOGESTION INTERNACIONALISTA - SAIN,0,0,Ministerio del Interior / portal oficial de datos abiertos,PRIMARY_OFFICIAL
2008,2008-03-09,36 - Pontevedra,SOLIDARIDAD Y AUTOGESTION INTERNACIONALISTA - SAIn,0,0,Ministerio del Interior / portal oficial de datos abiertos,PRIMARY_OFFICIAL
2008,2008-03-09,36 - Pontevedra,TIERRA COMUNERA - TC,0,0,Ministerio del Interior / portal oficial de datos abiertos,PRIMARY_OFFICIAL
2008,2008-03-09,36 - Pontevedra,UNIDA - UNIDA,0,0,Ministerio del Interior / portal oficial de datos abiertos,PRIMARY_OFFICIAL
2008,2008-03-09,36 - Pontevedra,UNIDAD CASTELLANA - Ud. Ca.,0,0,Ministerio del Interior / portal oficial de datos abiertos,PRIMARY_OFFICIAL
2008,2008-03-09,36 - Pontevedra,UNIDAD DEL PUEBLO - UNIDAD DEL PUEBLO,0,0,Ministerio del Interior / portal oficial de datos abiertos,PRIMARY_OFFICIAL
2008,2008-03-09,36 - Pontevedra,UNIDAD REGIONALISTA DE CASTILLA Y LEON - U.R.C.L.,0,0,Ministerio del Interior / portal oficial de datos abiertos,PRIMARY_OFFICIAL
2008,2008-03-09,36 - Pontevedra,UNION CENTRISTA LIBERAL - UCL,0,0,Ministerio del Interior / portal oficial de datos abiertos,PRIMARY_OFFICIAL
2008,2008-03-09,36 - Pontevedra,UNION CIUDADANA PROGRESISTAS INDEPENDIENTES DE CANARIAS - UCPIC,0,0,Ministerio del Interior / portal oficial de datos abiertos,PRIMARY_OFFICIAL
2008,2008-03-09,36 - Pontevedra,UNION DEL PUEBLO LEONES - UPL,0,0,Ministerio del Interior / portal oficial de datos abiertos,PRIMARY_OFFICIAL
2008,2008-03-09,36 - Pontevedra,UNION DEL PUEBLO NAVARRO EN COALICION CON EL PARTIDO POPULAR - UPN-PP,0,0,Ministerio del Interior / portal oficial de datos abiertos,PRIMARY_OFFICIAL
2008,2008-03-09,36 - Pontevedra,UNION POR LEGANES - ULEG,0,0,Ministerio del Interior / portal oficial de datos abiertos,PRIMARY_OFFICIAL
2008,2008-03-09,36 - Pontevedra,UNION PROGRESO Y DEMOCRACIA - UPD,0,0,Ministerio del Interior / portal oficial de datos abiertos,PRIMARY_OFFICIAL
2008,2008-03-09,36 - Pontevedra,UNION PROGRESO Y DEMOCRACIA - UPyD,3373,0,Ministerio del Interior / portal oficial de datos abiertos,PRIMARY_OFFICIAL
2008,2008-03-09,36 - Pontevedra,"UNION, PROGRESO Y DEMOCRACIA - UPyD",0,0,Ministerio del Interior / portal oficial de datos abiertos,PRIMARY_OFFICIAL
2008,2008-03-09,36 - Pontevedra,UNITAT PER LES ILLES - UNITAT PER LES ILLES,0,0,Ministerio del Interior / portal oficial de datos abiertos,PRIMARY_OFFICIAL
2008,2008-03-09,37 - Salamanca,AGRUPACION CIUDADANA - AGRUCI,0,0,Ministerio del Interior / portal oficial de datos abiertos,PRIMARY_OFFICIAL
2008,2008-03-09,37 - Salamanca,ALIANZA NACIONAL - A.u.N.,29,0,Ministerio del Interior / portal oficial de datos abiertos,PRIMARY_OFFICIAL
2008,2008-03-09,37 - Salamanca,ALIANZA NACIONAL - AN,0,0,Ministerio del Interior / portal oficial de datos abiertos,PRIMARY_OFFICIAL
2008,2008-03-09,37 - Salamanca,ALIANZA NACIONAL - AUN,0,0,Ministerio del Interior / portal oficial de datos abiertos,PRIMARY_OFFICIAL
2008,2008-03-09,37 - Salamanca,ALIANZA NACIONAL - AuN,0,0,Ministerio del Interior / portal oficial de datos abiertos,PRIMARY_OFFICIAL
2008,2008-03-09,37 - Salamanca,ALIANZA POR BURGOS - AxB,0,0,Ministerio del Interior / portal oficial de datos abiertos,PRIMARY_OFFICIAL
2008,2008-03-09,37 - Salamanca,ALIANÇA BALEAR - ABA,0,0,Ministerio del Interior / portal oficial de datos abiertos,PRIMARY_OFFICIAL
2008,2008-03-09,37 - Salamanca,ALTERNATIVA EN BLANCO - ABLA,0,0,Ministerio del Interior / portal oficial de datos abiertos,PRIMARY_OFFICIAL
2008,2008-03-09,37 - Salamanca,ALTERNATIVA EN BLANCO - aBla,0,0,Ministerio del Interior / portal oficial de datos abiertos,PRIMARY_OFFICIAL
2008,2008-03-09,37 - Salamanca,ALTERNATIVA ESPAÑOLA - AES,54,0,Ministerio del Interior / portal oficial de datos abiertos,PRIMARY_OFFICIAL
2008,2008-03-09,37 - Salamanca,ALTERNATIVA MOTOR Y DEPORTE - A.M.D.,0,0,Ministerio del Interior / portal oficial de datos abiertos,PRIMARY_OFFICIAL
2008,2008-03-09,37 - Salamanca,ALTERNATIVA MOTOR Y DEPORTES - A.M.D.,0,0,Ministerio del Interior / portal oficial de datos abiertos,PRIMARY_OFFICIAL
2008,2008-03-09,37 - Salamanca,ALTERNATIVA MOTOR Y DEPORTES - AMD,0,0,Ministerio del Interior / portal oficial de datos abiertos,PRIMARY_OFFICIAL
2008,2008-03-09,37 - Salamanca,ALTERNATIVA NACIONALISTA CANARIA - ANC,0,0,Ministerio del Interior / portal oficial de datos abiertos,PRIMARY_OFFICIAL
2008,2008-03-09,37 - Salamanca,ANDECHA ASTUR - AA,0,0,Ministerio del Interior / portal oficial de datos abiertos,PRIMARY_OFFICIAL
2008,2008-03-09,37 - Salamanca,ARALAR - aralar,0,0,Ministerio del Interior / portal oficial de datos abiertos,PRIMARY_OFFICIAL
2008,2008-03-09,37 - Salamanca,ASAMBLEA DE VOTACION ELECTRONICA - AVE,0,0,Ministerio del Interior / portal oficial de datos abiertos,PRIMARY_OFFICIAL
2008,2008-03-09,37 - Salamanca,BERDEAK-LOS VERDES - B-LV,0,0,Ministerio del Interior / portal oficial de datos abiertos,PRIMARY_OFFICIAL
2008,2008-03-09,37 - Salamanca,BLOC-INICIATIVA-VERDS - BLOC-IDPV-EV-EE,0,0,Ministerio del Interior / portal oficial de datos abiertos,PRIMARY_OFFICIAL
2008,2008-03-09,37 - Salamanca,BLOC-INICIATIVA-VERDS - BLOC-IdPV-EV-EE,0,0,Ministerio del Interior / portal oficial de datos abiertos,PRIMARY_OFFICIAL
2008,2008-03-09,37 - Salamanca,BLOQUE NACIONALISTA GALEGO - B.N.G.,0,0,Ministerio del Interior / portal oficial de datos abiertos,PRIMARY_OFFICIAL
2008,2008-03-09,37 - Salamanca,BLOQUE NACIONALISTA GALEGO - BNG,0,0,Ministerio del Interior / portal oficial de datos abiertos,PRIMARY_OFFICIAL
2008,2008-03-09,37 - Salamanca,CENTRO DEMOCRATICO ESPAÑOL - C.D.Es.,0,0,Ministerio del Interior / portal oficial de datos abiertos,PRIMARY_OFFICIAL
2008,2008-03-09,37 - Salamanca,CENTRO DEMOCRATICO ESPAÑOL - CDEs,0,0,Ministerio del Interior / portal oficial de datos abiertos,PRIMARY_OFFICIAL
2008,2008-03-09,37 - Salamanca,CENTRO DEMOCRATICO LIBERAL - C.D.L.,0,0,Ministerio del Interior / portal oficial de datos abiertos,PRIMARY_OFFICIAL
2008,2008-03-09,37 - Salamanca,CENTRO DEMOCRATICO LIBERAL - CDL,0,0,Ministerio del Interior / portal oficial de datos abiertos,PRIMARY_OFFICIAL
2008,2008-03-09,37 - Salamanca,CENTRO DEMOCRATICO SOCIAL - C.D.S.,0,0,Ministerio del Interior / portal oficial de datos abiertos,PRIMARY_OFFICIAL
2008,2008-03-09,37 - Salamanca,CENTRO DEMOCRATICO Y SOCIAL - CDS,0,0,Ministerio del Interior / portal oficial de datos abiertos,PRIMARY_OFFICIAL
2008,2008-03-09,37 - Salamanca,CHUNTA ARAGONESISTA - CHA,0,0,Ministerio del Interior / portal oficial de datos abiertos,PRIMARY_OFFICIAL
2008,2008-03-09,37 - Salamanca,CIUDADANOS EN BLANCO - CENB,206,0,Ministerio del Interior / portal oficial de datos abiertos,PRIMARY_OFFICIAL
2008,2008-03-09,37 - Salamanca,CIUDADANOS EN BLANCO - CNB,0,0,Ministerio del Interior / portal oficial de datos abiertos,PRIMARY_OFFICIAL
2008,2008-03-09,37 - Salamanca,CIUDADANOS EN BLANCO - CenB,0,0,Ministerio del Interior / portal oficial de datos abiertos,PRIMARY_OFFICIAL
2008,2008-03-09,37 - Salamanca,CIUDADANOS EN BLANCO - Cenb,0,0,Ministerio del Interior / portal oficial de datos abiertos,PRIMARY_OFFICIAL
2008,2008-03-09,37 - Salamanca,CIUDADANOS PARTIDO DE LA CIUDADANIA - C's,0,0,Ministerio del Interior / portal oficial de datos abiertos,PRIMARY_OFFICIAL
2008,2008-03-09,37 - Salamanca,CIUDADANOS-PARTIDO DE LA CIUDADANIA - C's,430,0,Ministerio del Interior / portal oficial de datos abiertos,PRIMARY_OFFICIAL
2008,2008-03-09,37 - Salamanca,"CIUDADANOS-PARTIDO DE LA CIUDADANIA - C,S",0,0,Ministerio del Interior / portal oficial de datos abiertos,PRIMARY_OFFICIAL
2008,2008-03-09,37 - Salamanca,CIUTADANS-PARTIDO DE LA CIUDADANIA - C's,0,0,Ministerio del Interior / portal oficial de datos abiertos,PRIMARY_OFFICIAL
2008,2008-03-09,37 - Salamanca,COALICIO TREBALLADORS PER LA DEMOCRACIA - TD,0,0,Ministerio del Interior / portal oficial de datos abiertos,PRIMARY_OFFICIAL
2008,2008-03-09,37 - Salamanca,COALICIO VALENCIANA - CVa,0,0,Ministerio del Interior / portal oficial de datos abiertos,PRIMARY_OFFICIAL
2008,2008-03-09,37 - Salamanca,COALICION ANDALUCISTA - CA,0,0,Ministerio del Interior / portal oficial de datos abiertos,PRIMARY_OFFICIAL
2008,2008-03-09,37 - Salamanca,COALICION CANARIA-PARTIDO NACIONALISTA CANARIO - CC-PNC,0,0,Ministerio del Interior / portal oficial de datos abiertos,PRIMARY_OFFICIAL
2008,2008-03-09,37 - Salamanca,COALICION CANARIA-PARTIDO NACIONALISTA CANARIO-PARTIDO DE INDEPENDIENTES DE LANZAROTE - CC-PNC-PIL,0,0,Ministerio del Interior / portal oficial de datos abiertos,PRIMARY_OFFICIAL
2008,2008-03-09,37 - Salamanca,COMUNION TRADICIONALISTA CARLISTA - C.T.C.,0,0,Ministerio del Interior / portal oficial de datos abiertos,PRIMARY_OFFICIAL
2008,2008-03-09,37 - Salamanca,COMUNION TRADICIONALISTA CARLISTA - CTC,0,0,Ministerio del Interior / portal oficial de datos abiertos,PRIMARY_OFFICIAL
2008,2008-03-09,37 - Salamanca,CONVERGENCIA DEMOCRATICA ASTURIANA - CDAS,0,0,Ministerio del Interior / portal oficial de datos abiertos,PRIMARY_OFFICIAL
2008,2008-03-09,37 - Salamanca,CONVERGENCIA I UNIO - CIU,0,0,Ministerio del Interior / portal oficial de datos abiertos,PRIMARY_OFFICIAL
2008,2008-03-09,37 - Salamanca,CONVERGENCIA I UNIO - CiU,0,0,Ministerio del Interior / portal oficial de datos abiertos,PRIMARY_OFFICIAL
2008,2008-03-09,37 - Salamanca,DEMOCRACIA NACIONAL - D.N.,0,0,Ministerio del Interior / portal oficial de datos abiertos,PRIMARY_OFFICIAL
2008,2008-03-09,37 - Salamanca,DEMOCRACIA NACIONAL - DN,232,0,Ministerio del Interior / portal oficial de datos abiertos,PRIMARY_OFFICIAL
2008,2008-03-09,37 - Salamanca,EI ESCONS INSUBMISOS-ALTERNATIVA DELS DEMOCRATES DESCONTENTS - Ei,0,0,Ministerio del Interior / portal oficial de datos abiertos,PRIMARY_OFFICIAL
2008,2008-03-09,37 - Salamanca,ELS VERDS - L'ALTERNATIVA ECOLOGISTA - EV-AE,0,0,Ministerio del Interior / portal oficial de datos abiertos,PRIMARY_OFFICIAL
2008,2008-03-09,37 - Salamanca,ELS VERDS-ALTERNATIVA VERDA - E.V.-A.V.,0,0,Ministerio del Interior / portal oficial de datos abiertos,PRIMARY_OFFICIAL
2008,2008-03-09,37 - Salamanca,ELS VERDS-LOS VERDES - EV-LV,0,0,Ministerio del Interior / portal oficial de datos abiertos,PRIMARY_OFFICIAL
2008,2008-03-09,37 - Salamanca,ESCONS INSUBMISOS ALTERNATIVA DELS DEMOCRATES DESCONTENTS - EI-ADD,0,0,Ministerio del Interior / portal oficial de datos abiertos,PRIMARY_OFFICIAL
2008,2008-03-09,37 - Salamanca,ESCONS INSUBMISOS-ALTERNATIVA DELS DEMOCRATES DESCONTENTS - Ei,0,0,Ministerio del Interior / portal oficial de datos abiertos,PRIMARY_OFFICIAL
2008,2008-03-09,37 - Salamanca,ESPAÑA 2000 - E-2000,43,0,Ministerio del Interior / portal oficial de datos abiertos,PRIMARY_OFFICIAL
2008,2008-03-09,37 - Salamanca,ESPAÑA-2000 - E-2000,0,0,Ministerio del Interior / portal oficial de datos abiertos,PRIMARY_OFFICIAL
2008,2008-03-09,37 - Salamanca,ESQUERDA UNIDA-IZQUIERDA UNIDA-ALTERNATIVA - EU-IU,0,0,Ministerio del Interior / portal oficial de datos abiertos,PRIMARY_OFFICIAL
2008,2008-03-09,37 - Salamanca,ESQUERRA REPUBLICANA DE CATALUNYA - ESQUERRA,0,0,Ministerio del Interior / portal oficial de datos abiertos,PRIMARY_OFFICIAL
2008,2008-03-09,37 - Salamanca,ESQUERRA REPUBLICANA DE CATALUNYA - esquerra,0,0,Ministerio del Interior / portal oficial de datos abiertos,PRIMARY_OFFICIAL
2008,2008-03-09,37 - Salamanca,ESQUERRA REPUBLICANA DEL PAIS VALENCIA-PAIS VALENCIA SI - ESQUERRA-PV,0,0,Ministerio del Interior / portal oficial de datos abiertos,PRIMARY_OFFICIAL
2008,2008-03-09,37 - Salamanca,"ESQUERRA REPUBLICANA DEL PAIS VALENCIA-PAIS VALENCIA, SI - ESQUERRA-PV",0,0,Ministerio del Interior / portal oficial de datos abiertos,PRIMARY_OFFICIAL
2008,2008-03-09,37 - Salamanca,ESQUERRA UNIDA - ELS VERDS - EU-EV,0,0,Ministerio del Interior / portal oficial de datos abiertos,PRIMARY_OFFICIAL
2008,2008-03-09,37 - Salamanca,ESQUERRA UNIDA DEL PAIS VALENCIA-IZQUIERDA REPUBLICANA: ESQUERRA UNIDA I REPUBLICANA - EUPV-IR,0,0,Ministerio del Interior / portal oficial de datos abiertos,PRIMARY_OFFICIAL
2008,2008-03-09,37 - Salamanca,ESQUERRA UNIDA DEL PAIS VALENCIA-IZQUIERDA REPUBLICANA:ESQUERRA UNIDA I REPUBLICANA - EUPV-IR,0,0,Ministerio del Interior / portal oficial de datos abiertos,PRIMARY_OFFICIAL
2008,2008-03-09,37 - Salamanca,EUSKO ALKARTASUNA - EA,0,0,Ministerio del Interior / portal oficial de datos abiertos,PRIMARY_OFFICIAL
2008,2008-03-09,37 - Salamanca,EUZKO ALDERDI JELTZALEA-PARTIDO NACIONALISTA VASCO - EAJ-PNV,0,0,Ministerio del Interior / portal oficial de datos abiertos,PRIMARY_OFFICIAL
2008,2008-03-09,37 - Salamanca,EXTREMADURA UNIDA - EXTREMADURA UNIDA,0,0,Ministerio del Interior / portal oficial de datos abiertos,PRIMARY_OFFICIAL
2008,2008-03-09,37 - Salamanca,EZKER BATUA-BERDEAK-ALTERNATIVA - EB-B,0,0,Ministerio del Interior / portal oficial de datos abiertos,PRIMARY_OFFICIAL
2008,2008-03-09,37 - Salamanca,FALANGE AUTENTICA - F.A.,0,0,Ministerio del Interior / portal oficial de datos abiertos,PRIMARY_OFFICIAL
2008,2008-03-09,37 - Salamanca,FALANGE AUTENTICA - FA,64,0,Ministerio del Interior / portal oficial de datos abiertos,PRIMARY_OFFICIAL
2008,2008-03-09,37 - Salamanca,FALANGE ESPAÑOLA DE LA JONS - FE de las JONS,98,0,Ministerio del Interior / portal oficial de datos abiertos,PRIMARY_OFFICIAL
2008,2008-03-09,37 - Salamanca,FALANGE ESPAÑOLA DE LAS J.O.N.S. - F.E. de las J.O.N.S.,0,0,Ministerio del Interior / portal oficial de datos abiertos,PRIMARY_OFFICIAL
2008,2008-03-09,37 - Salamanca,FALANGE ESPAÑOLA DE LAS J.O.N.S. - FE de las JONS,0,0,Ministerio del Interior / portal oficial de datos abiertos,PRIMARY_OFFICIAL
2008,2008-03-09,37 - Salamanca,FALANGE ESPAÑOLA DE LAS J.O.N.S. - FE-JONS,0,0,Ministerio del Interior / portal oficial de datos abiertos,PRIMARY_OFFICIAL
2008,2008-03-09,37 - Salamanca,FALANGE ESPAÑOLA DE LAS JONS - F.E. de las J.O.N.S.,0,0,Ministerio del Interior / portal oficial de datos abiertos,PRIMARY_OFFICIAL
2008,2008-03-09,37 - Salamanca,FALANGE ESPAÑOLA DE LAS JONS - FE DE LAS JONS,0,0,Ministerio del Interior / portal oficial de datos abiertos,PRIMARY_OFFICIAL
2008,2008-03-09,37 - Salamanca,FALANGE ESPAÑOLA DE LAS JONS - FE de las JONS,0,0,Ministerio del Interior / portal oficial de datos abiertos,PRIMARY_OFFICIAL
2008,2008-03-09,37 - Salamanca,FALANGE ESPAÑOLA DE LAS JONS - FE-JONS,0,0,Ministerio del Interior / portal oficial de datos abiertos,PRIMARY_OFFICIAL
2008,2008-03-09,37 - Salamanca,FAMILIA I VIDA - PFiV,0,0,Ministerio del Interior / portal oficial de datos abiertos,PRIMARY_OFFICIAL
2008,2008-03-09,37 - Salamanca,FAMILIA Y VIDA - PFyV,0,0,Ministerio del Interior / portal oficial de datos abiertos,PRIMARY_OFFICIAL
2008,2008-03-09,37 - Salamanca,FRENTE ESPAÑOL - F.E,0,0,Ministerio del Interior / portal oficial de datos abiertos,PRIMARY_OFFICIAL
2008,2008-03-09,37 - Salamanca,FRENTE ESPAÑOL - F.E.,0,0,Ministerio del Interior / portal oficial de datos abiertos,PRIMARY_OFFICIAL
2008,2008-03-09,37 - Salamanca,FRENTE ESPAÑOL - FRENTE,0,0,Ministerio del Interior / portal oficial de datos abiertos,PRIMARY_OFFICIAL
2008,2008-03-09,37 - Salamanca,GENTES DE EL BIERZO - PB-UB,0,0,Ministerio del Interior / portal oficial de datos abiertos,PRIMARY_OFFICIAL
2008,2008-03-09,37 - Salamanca,IDENTITAT REGNE DE VALENCIA - IRV,0,0,Ministerio del Interior / portal oficial de datos abiertos,PRIMARY_OFFICIAL
2008,2008-03-09,37 - Salamanca,INDEPENDIENTES POR CUENCA - ixC,0,0,Ministerio del Interior / portal oficial de datos abiertos,PRIMARY_OFFICIAL
2008,2008-03-09,37 - Salamanca,INICIATIVA CIUDADANA BURGALESA - I.C.Bur,0,0,Ministerio del Interior / portal oficial de datos abiertos,PRIMARY_OFFICIAL
2008,2008-03-09,37 - Salamanca,INICIATIVA MERINDADES DE CASTILLA - I.M.C.,0,0,Ministerio del Interior / portal oficial de datos abiertos,PRIMARY_OFFICIAL
2008,2008-03-09,37 - Salamanca,INICIATIVA PER CATALUNYA VERDS - ESQUERRA UNIDA I ALTERNATIVA - ICV-EUiA,0,0,Ministerio del Interior / portal oficial de datos abiertos,PRIMARY_OFFICIAL
2008,2008-03-09,37 - Salamanca,INICIATIVA PER CATALUNYA VERDS-ESQUERRA UNIDA I ALTERNATIVA - ICV-EUiA,0,0,Ministerio del Interior / portal oficial de datos abiertos,PRIMARY_OFFICIAL
2008,2008-03-09,37 - Salamanca,IZQUIERDA REPUBLICANA - IR,0,0,Ministerio del Interior / portal oficial de datos abiertos,PRIMARY_OFFICIAL
2008,2008-03-09,37 - Salamanca,IZQUIERDA REPUBLICANA-PARTIT REPUBLICA D'ESQUERRA - IR-PRE,0,0,Ministerio del Interior / portal oficial de datos abiertos,PRIMARY_OFFICIAL
2008,2008-03-09,37 - Salamanca,IZQUIERDA UNIDA - BLOQUE POR ASTURIES - LOS VERDES - IU-B.A-LOS VERDES,0,0,Ministerio del Interior / portal oficial de datos abiertos,PRIMARY_OFFICIAL
2008,2008-03-09,37 - Salamanca,IZQUIERDA UNIDA CANARIA-ALTERNATIVA - IUC,0,0,Ministerio del Interior / portal oficial de datos abiertos,PRIMARY_OFFICIAL
2008,2008-03-09,37 - Salamanca,IZQUIERDA UNIDA COMUNIDAD DE MADRID-ALTERNATIVA - IU-CM.,0,0,Ministerio del Interior / portal oficial de datos abiertos,PRIMARY_OFFICIAL
2008,2008-03-09,37 - Salamanca,IZQUIERDA UNIDA DE CEUTA - I.U.,0,0,Ministerio del Interior / portal oficial de datos abiertos,PRIMARY_OFFICIAL
2008,2008-03-09,37 - Salamanca,IZQUIERDA UNIDA DE LA REGION DE MURCIA-ALTERNATIVA - I.U.R.M.,0,0,Ministerio del Interior / portal oficial de datos abiertos,PRIMARY_OFFICIAL
2008,2008-03-09,37 - Salamanca,IZQUIERDA UNIDA DE NAVARRA - NAFARROAKO EZKER BATUA - ALTERNATIVA - IUN-NEB,0,0,Ministerio del Interior / portal oficial de datos abiertos,PRIMARY_OFFICIAL
2008,2008-03-09,37 - Salamanca,IZQUIERDA UNIDA LOS VERDES CONVOCATORIA POR ANDALUCIA-ALTERNATIVA - IULV-CA,0,0,Ministerio del Interior / portal oficial de datos abiertos,PRIMARY_OFFICIAL
2008,2008-03-09,37 - Salamanca,IZQUIERDA UNIDA LOS VERDES-CONVOCATORIA POR ANDALUCIA - ALTERNATIVA - IULV-CA,0,0,Ministerio del Interior / portal oficial de datos abiertos,PRIMARY_OFFICIAL
2008,2008-03-09,37 - Salamanca,IZQUIERDA UNIDA LOS VERDES-CONVOCATORIA POR ANDALUCIA-ALTERNATIVA - IULV-CA,0,0,Ministerio del Interior / portal oficial de datos abiertos,PRIMARY_OFFICIAL
2008,2008-03-09,37 - Salamanca,IZQUIERDA UNIDA-ALTERNATIVA - I.U.,4085,0,Ministerio del Interior / portal oficial de datos abiertos,PRIMARY_OFFICIAL
2008,2008-03-09,37 - Salamanca,IZQUIERDA UNIDA-ALTERNATIVA - IU,0,0,Ministerio del Interior / portal oficial de datos abiertos,PRIMARY_OFFICIAL
2008,2008-03-09,37 - Salamanca,LLUITA INTERNACIONALISTA - (LI(LIT-CI)),0,0,Ministerio del Interior / portal oficial de datos abiertos,PRIMARY_OFFICIAL
2008,2008-03-09,37 - Salamanca,LLUITA INTERNACIONALISTA - L.I.(LIT-CI),0,0,Ministerio del Interior / portal oficial de datos abiertos,PRIMARY_OFFICIAL
2008,2008-03-09,37 - Salamanca,LLUITA INTERNACIONALISTA - LI-LITCI,0,0,Ministerio del Interior / portal oficial de datos abiertos,PRIMARY_OFFICIAL
2008,2008-03-09,37 - Salamanca,LOS VERDES - LOS VERDES,0,0,Ministerio del Interior / portal oficial de datos abiertos,PRIMARY_OFFICIAL
2008,2008-03-09,37 - Salamanca,LOS VERDES - LV,0,0,Ministerio del Interior / portal oficial de datos abiertos,PRIMARY_OFFICIAL
2008,2008-03-09,37 - Salamanca,LOS VERDES - VERDES,0,0,Ministerio del Interior / portal oficial de datos abiertos,PRIMARY_OFFICIAL
2008,2008-03-09,37 - Salamanca,LOS VERDES COMUNIDAD DE MADRID-LOS VERDES DE EUROPA - LVCM-LVE,0,0,Ministerio del Interior / portal oficial de datos abiertos,PRIMARY_OFFICIAL
2008,2008-03-09,37 - Salamanca,LOS VERDES DE EUROPA - LOS VERDES DE EUROPA,0,0,Ministerio del Interior / portal oficial de datos abiertos,PRIMARY_OFFICIAL
2008,2008-03-09,37 - Salamanca,LOS VERDES DE EUROPA - LVE,663,0,Ministerio del Interior / portal oficial de datos abiertos,PRIMARY_OFFICIAL
2008,2008-03-09,37 - Salamanca,LOS VERDES DE EXTREMADURA - LV,0,0,Ministerio del Interior / portal oficial de datos abiertos,PRIMARY_OFFICIAL
2008,2008-03-09,37 - Salamanca,LOS VERDES-ELS VERDS - LV-EV,0,0,Ministerio del Interior / portal oficial de datos abiertos,PRIMARY_OFFICIAL
2008,2008-03-09,37 - Salamanca,LOS VERDES-GRUPO VERDE - L.V.,0,0,Ministerio del Interior / portal oficial de datos abiertos,PRIMARY_OFFICIAL
2008,2008-03-09,37 - Salamanca,LOS VERDES-GRUPO VERDE - LV,0,0,Ministerio del Interior / portal oficial de datos abiertos,PRIMARY_OFFICIAL
2008,2008-03-09,37 - Salamanca,LOS VERDES-GRUPO VERDE - LV-GV,0,0,Ministerio del Interior / portal oficial de datos abiertos,PRIMARY_OFFICIAL
2008,2008-03-09,37 - Salamanca,LUCHA INTERNACIONALISTA - LI-LITCI,0,0,Ministerio del Interior / portal oficial de datos abiertos,PRIMARY_OFFICIAL
2008,2008-03-09,37 - Salamanca,MOVIMIENTO FALANGISTA DE ESPAÑA - M.F.E.,0,0,Ministerio del Interior / portal oficial de datos abiertos,PRIMARY_OFFICIAL
2008,2008-03-09,37 - Salamanca,MOVIMIENTO POR LA UNIDAD DEL PUEBLO CANARIO - MUPC,0,0,Ministerio del Interior / portal oficial de datos abiertos,PRIMARY_OFFICIAL
2008,2008-03-09,37 - Salamanca,NAFARROA BAI - NA-BAI,0,0,Ministerio del Interior / portal oficial de datos abiertos,PRIMARY_OFFICIAL
2008,2008-03-09,37 - Salamanca,NOSALTRES SOM - N som,0,0,Ministerio del Interior / portal oficial de datos abiertos,PRIMARY_OFFICIAL
2008,2008-03-09,37 - Salamanca,NUEVA CANARIAS-CENTRO CANARIO - NC-CCN,0,0,Ministerio del Interior / portal oficial de datos abiertos,PRIMARY_OFFICIAL
2008,2008-03-09,37 - Salamanca,OPCIO NACIONALISTA VALENCIANA - O.N.V.,0,0,Ministerio del Interior / portal oficial de datos abiertos,PRIMARY_OFFICIAL
2008,2008-03-09,37 - Salamanca,OPCIO NACIONALISTA VALENCIANA - ONV,0,0,Ministerio del Interior / portal oficial de datos abiertos,PRIMARY_OFFICIAL
2008,2008-03-09,37 - Salamanca,OS VERDES - GRUPO VERDE - OV,0,0,Ministerio del Interior / portal oficial de datos abiertos,PRIMARY_OFFICIAL
2008,2008-03-09,37 - Salamanca,PARTIDO ALTERNATIVA MOTOR Y DEPORTES - A.M.D.,127,0,Ministerio del Interior / portal oficial de datos abiertos,PRIMARY_OFFICIAL
2008,2008-03-09,37 - Salamanca,PARTIDO ANTITAURINO CONTRA EL MALTRATO ANIMAL - P.A.C.M.A,0,0,Ministerio del Interior / portal oficial de datos abiertos,PRIMARY_OFFICIAL
2008,2008-03-09,37 - Salamanca,PARTIDO ANTITAURINO CONTRA EL MALTRATO ANIMAL - P.A.C.M.A.,312,0,Ministerio del Interior / portal oficial de datos abiertos,PRIMARY_OFFICIAL
2008,2008-03-09,37 - Salamanca,PARTIDO ANTITAURINO CONTRA EL MALTRATO ANIMAL - PACMA,0,0,Ministerio del Interior / portal oficial de datos abiertos,PRIMARY_OFFICIAL
2008,2008-03-09,37 - Salamanca,PARTIDO ARAGONES - PAR,0,0,Ministerio del Interior / portal oficial de datos abiertos,PRIMARY_OFFICIAL
2008,2008-03-09,37 - Salamanca,PARTIDO CARLISTA - P.C.,0,0,Ministerio del Interior / portal oficial de datos abiertos,PRIMARY_OFFICIAL
2008,2008-03-09,37 - Salamanca,PARTIDO CARLISTA - PARTIDO CARLISTA,0,0,Ministerio del Interior / portal oficial de datos abiertos,PRIMARY_OFFICIAL
2008,2008-03-09,37 - Salamanca,PARTIDO CARLISTA - PC,270,0,Ministerio del Interior / portal oficial de datos abiertos,PRIMARY_OFFICIAL
2008,2008-03-09,37 - Salamanca,PARTIDO CARLISTA DE EUSKALERRIA-PARTIDO CARLISTA - EKA-PC.,0,0,Ministerio del Interior / portal oficial de datos abiertos,PRIMARY_OFFICIAL
2008,2008-03-09,37 - Salamanca,PARTIDO CARLISTA DE EUSKALHERRIA-EUSKALHERRIKO KARLISTA ALDERDIA - PARTIDO CARLISTA-EKA,0,0,Ministerio del Interior / portal oficial de datos abiertos,PRIMARY_OFFICIAL
2008,2008-03-09,37 - Salamanca,PARTIDO CENTRISTA - PCTR,0,0,Ministerio del Interior / portal oficial de datos abiertos,PRIMARY_OFFICIAL
2008,2008-03-09,37 - Salamanca,PARTIDO CENTRISTAS - Centristas PCTR,0,0,Ministerio del Interior / portal oficial de datos abiertos,PRIMARY_OFFICIAL
2008,2008-03-09,37 - Salamanca,PARTIDO CENTRISTAS - PCTR,0,0,Ministerio del Interior / portal oficial de datos abiertos,PRIMARY_OFFICIAL
2008,2008-03-09,37 - Salamanca,PARTIDO CIUDADANOS UNIDOS DE ARAGON - pCUA,0,0,Ministerio del Interior / portal oficial de datos abiertos,PRIMARY_OFFICIAL
2008,2008-03-09,37 - Salamanca,PARTIDO COMUNISTA DE LOS PUEBLOS DE ESPAÑA - P.C.P.E.,0,0,Ministerio del Interior / portal oficial de datos abiertos,PRIMARY_OFFICIAL
2008,2008-03-09,37 - Salamanca,PARTIDO COMUNISTA DE LOS PUEBLOS DE ESPAÑA - P.C.P.E.-E.K.,0,0,Ministerio del Interior / portal oficial de datos abiertos,PRIMARY_OFFICIAL
2008,2008-03-09,37 - Salamanca,PARTIDO COMUNISTA DE LOS PUEBLOS DE ESPAÑA - PCPE,0,0,Ministerio del Interior / portal oficial de datos abiertos,PRIMARY_OFFICIAL
2008,2008-03-09,37 - Salamanca,PARTIDO COMUNISTA DE LOS PUEBLOS DE ESPAÑA-EUSKAL KOMUNISTAK - PCPE - EK,0,0,Ministerio del Interior / portal oficial de datos abiertos,PRIMARY_OFFICIAL
2008,2008-03-09,37 - Salamanca,PARTIDO COMUNISTA DEL PUEBLO CANARIO - PCPE,0,0,Ministerio del Interior / portal oficial de datos abiertos,PRIMARY_OFFICIAL
2008,2008-03-09,37 - Salamanca,PARTIDO COMUNISTA DEL PUEBLO CASTELLANO - PCPE,0,0,Ministerio del Interior / portal oficial de datos abiertos,PRIMARY_OFFICIAL
2008,2008-03-09,37 - Salamanca,PARTIDO COMUNISTA DEL PUEBLO CASTELLANO-PCPE - PCPE,160,0,Ministerio del Interior / portal oficial de datos abiertos,PRIMARY_OFFICIAL
2008,2008-03-09,37 - Salamanca,PARTIDO COMUNISTA DEL PUEBLO DE CATALUNYA - PCPC,0,0,Ministerio del Interior / portal oficial de datos abiertos,PRIMARY_OFFICIAL
2008,2008-03-09,37 - Salamanca,PARTIDO COMUNISTA DEL PUEBLO DE CATALUÑA - PCPC,0,0,Ministerio del Interior / portal oficial de datos abiertos,PRIMARY_OFFICIAL
2008,2008-03-09,37 - Salamanca,PARTIDO COMUNISTA DO POBO GALEGO - PCPG,0,0,Ministerio del Interior / portal oficial de datos abiertos,PRIMARY_OFFICIAL
2008,2008-03-09,37 - Salamanca,PARTIDO COMUNISTA DO POVO GALEGO - P.C.P.G.,0,0,Ministerio del Interior / portal oficial de datos abiertos,PRIMARY_OFFICIAL
2008,2008-03-09,37 - Salamanca,PARTIDO COMUNISTA PUEBLOS DE ESPAÑA - PCPE,0,0,Ministerio del Interior / portal oficial de datos abiertos,PRIMARY_OFFICIAL
2008,2008-03-09,37 - Salamanca,PARTIDO DE ALIANZA IBEROAMERICANA EUROPEA - PAIE,0,0,Ministerio del Interior / portal oficial de datos abiertos,PRIMARY_OFFICIAL
2008,2008-03-09,37 - Salamanca,PARTIDO DE ALMERIA - PdeAL,0,0,Ministerio del Interior / portal oficial de datos abiertos,PRIMARY_OFFICIAL
2008,2008-03-09,37 - Salamanca,PARTIDO DE LAS LIBERTADES CIVILES - PLCI,0,0,Ministerio del Interior / portal oficial de datos abiertos,PRIMARY_OFFICIAL
2008,2008-03-09,37 - Salamanca,PARTIDO DE LOS NO-FUMADORES - PNF (NO-FUMADORES),0,0,Ministerio del Interior / portal oficial de datos abiertos,PRIMARY_OFFICIAL
2008,2008-03-09,37 - Salamanca,PARTIDO DE LOS PENSIONISTAS EN ACCION - PDLPEA,0,0,Ministerio del Interior / portal oficial de datos abiertos,PRIMARY_OFFICIAL
2008,2008-03-09,37 - Salamanca,PARTIDO DOS SOCIALISTAS DE GALICIA-PARTIDO SOCIALISTA OBRERO ESPAÑOL - PSdeG-PSOE,0,0,Ministerio del Interior / portal oficial de datos abiertos,PRIMARY_OFFICIAL
2008,2008-03-09,37 - Salamanca,PARTIDO DOS SOCIALISTAS DE GALICIA-PSOE - PSdeG-PSOE,0,0,Ministerio del Interior / portal oficial de datos abiertos,PRIMARY_OFFICIAL
2008,2008-03-09,37 - Salamanca,PARTIDO FAMILIA Y VIDA - PFyV,0,0,Ministerio del Interior / portal oficial de datos abiertos,PRIMARY_OFFICIAL
2008,2008-03-09,37 - Salamanca,PARTIDO HACHE - PHache,0,0,Ministerio del Interior / portal oficial de datos abiertos,PRIMARY_OFFICIAL
2008,2008-03-09,37 - Salamanca,PARTIDO HUMANISTA - P.H.,0,0,Ministerio del Interior / portal oficial de datos abiertos,PRIMARY_OFFICIAL
2008,2008-03-09,37 - Salamanca,PARTIDO HUMANISTA - PH,115,0,Ministerio del Interior / portal oficial de datos abiertos,PRIMARY_OFFICIAL
2008,2008-03-09,37 - Salamanca,PARTIDO IZQUIERDA REPUBLICANA-PARTIT REPUBLICA D'ESQUERRA - IR-PRE,0,0,Ministerio del Interior / portal oficial de datos abiertos,PRIMARY_OFFICIAL
2008,2008-03-09,37 - Salamanca,PARTIDO LIBERAL DEL EMPLEO Y LA VIVIENDA ESTATAL - P.L.E.V.E.,0,0,Ministerio del Interior / portal oficial de datos abiertos,PRIMARY_OFFICIAL
2008,2008-03-09,37 - Salamanca,PARTIDO LIBERTADES CIVILES - PLCI,0,0,Ministerio del Interior / portal oficial de datos abiertos,PRIMARY_OFFICIAL
2008,2008-03-09,37 - Salamanca,PARTIDO OBRERO SOCIALISTA INTERNACIONALISTA - P.O.S.I.,0,0,Ministerio del Interior / portal oficial de datos abiertos,PRIMARY_OFFICIAL
2008,2008-03-09,37 - Salamanca,PARTIDO OBRERO SOCIALISTA INTERNACIONALISTA - POSI,0,0,Ministerio del Interior / portal oficial de datos abiertos,PRIMARY_OFFICIAL
2008,2008-03-09,37 - Salamanca,PARTIDO POLITICO ARALAR - aralar,0,0,Ministerio del Interior / portal oficial de datos abiertos,PRIMARY_OFFICIAL
2008,2008-03-09,37 - Salamanca,PARTIDO POPULAR - P.P.,0,0,Ministerio del Interior / portal oficial de datos abiertos,PRIMARY_OFFICIAL
2008,2008-03-09,37 - Salamanca,PARTIDO POPULAR - PP,127130,2,Ministerio del Interior / portal oficial de datos abiertos,PRIMARY_OFFICIAL
2008,2008-03-09,37 - Salamanca,PARTIDO POPULAR/PARTIT POPULAR - PP,0,0,Ministerio del Interior / portal oficial de datos abiertos,PRIMARY_OFFICIAL
2008,2008-03-09,37 - Salamanca,PARTIDO POR UN MUNDO MAS JUSTO - PUM+J,241,0,Ministerio del Interior / portal oficial de datos abiertos,PRIMARY_OFFICIAL
2008,2008-03-09,37 - Salamanca,PARTIDO POSITIVISTA CRISTIANO - PPCr,0,0,Ministerio del Interior / portal oficial de datos abiertos,PRIMARY_OFFICIAL
2008,2008-03-09,37 - Salamanca,PARTIDO REGIONALISTA DE GUADALAJARA - P.R.GU.,0,0,Ministerio del Interior / portal oficial de datos abiertos,PRIMARY_OFFICIAL
2008,2008-03-09,37 - Salamanca,PARTIDO REGIONALISTA DEL PAIS LEONES - PREPAL,322,0,Ministerio del Interior / portal oficial de datos abiertos,PRIMARY_OFFICIAL
2008,2008-03-09,37 - Salamanca,PARTIDO RIOJANO - PARTIDO RIOJANO,0,0,Ministerio del Interior / portal oficial de datos abiertos,PRIMARY_OFFICIAL
2008,2008-03-09,37 - Salamanca,PARTIDO SOCIAL DEMOCRATA - P.S.D.,0,0,Ministerio del Interior / portal oficial de datos abiertos,PRIMARY_OFFICIAL
2008,2008-03-09,37 - Salamanca,PARTIDO SOCIAL DEMOCRATA - PSD,299,0,Ministerio del Interior / portal oficial de datos abiertos,PRIMARY_OFFICIAL
2008,2008-03-09,37 - Salamanca,PARTIDO SOCIAL DEMOCRATA-FEDERACION DE LOS INDEPENDIENTES DE ARAGON - PSD-FIA,0,0,Ministerio del Interior / portal oficial de datos abiertos,PRIMARY_OFFICIAL
2008,2008-03-09,37 - Salamanca,PARTIDO SOCIALISTA DE EUSKADI-EUSKADIKO EZKERRA (PSOE) - PSE-EE (PSOE),0,0,Ministerio del Interior / portal oficial de datos abiertos,PRIMARY_OFFICIAL
2008,2008-03-09,37 - Salamanca,PARTIDO SOCIALISTA DE EUSKADI-EUSKADIKO EZKERRA - PSE-EE (PSOE),0,0,Ministerio del Interior / portal oficial de datos abiertos,PRIMARY_OFFICIAL
2008,2008-03-09,37 - Salamanca,PARTIDO SOCIALISTA OBRERO ESPAÑOL - P.S.O.E.,0,0,Ministerio del Interior / portal oficial de datos abiertos,PRIMARY_OFFICIAL
2008,2008-03-09,37 - Salamanca,PARTIDO SOCIALISTA OBRERO ESPAÑOL - PSOE,94474,2,Ministerio del Interior / portal oficial de datos abiertos,PRIMARY_OFFICIAL
2008,2008-03-09,37 - Salamanca,PARTIDO SOCIALISTA OBRERO ESPAÑOL DE ANDALUCIA - PSOE-A,0,0,Ministerio del Interior / portal oficial de datos abiertos,PRIMARY_OFFICIAL
2008,2008-03-09,37 - Salamanca,PARTIDO SOLIDARIDAD Y AUTOGESTION INTERNACIONALISTA - SAIN,0,0,Ministerio del Interior / portal oficial de datos abiertos,PRIMARY_OFFICIAL
2008,2008-03-09,37 - Salamanca,PARTIDO UNIONISTA ESTADO DE ESPAÑA - P.U.E.D.E.,0,0,Ministerio del Interior / portal oficial de datos abiertos,PRIMARY_OFFICIAL
2008,2008-03-09,37 - Salamanca,PARTIDO UNIONISTA ESTADO DE ESPAÑA - PUEDE,43,0,Ministerio del Interior / portal oficial de datos abiertos,PRIMARY_OFFICIAL
2008,2008-03-09,37 - Salamanca,PARTIT ANTITAURI CONTRA EL MALTRACTAMENT ANIMAL - P.A.C.M.A.,0,0,Ministerio del Interior / portal oficial de datos abiertos,PRIMARY_OFFICIAL
2008,2008-03-09,37 - Salamanca,PARTIT ANTITAURI CONTRA EL MALTRACTAMENT ANIMAL - PACMA,0,0,Ministerio del Interior / portal oficial de datos abiertos,PRIMARY_OFFICIAL
2008,2008-03-09,37 - Salamanca,PARTIT CARLI DE CATALUNYA - P. C. de C.,0,0,Ministerio del Interior / portal oficial de datos abiertos,PRIMARY_OFFICIAL
2008,2008-03-09,37 - Salamanca,PARTIT CARLI DE CATALUNYA - PCaC,0,0,Ministerio del Interior / portal oficial de datos abiertos,PRIMARY_OFFICIAL
2008,2008-03-09,37 - Salamanca,PARTIT COMUNISTA DEL POBLE DE CATALUNYA - P.C.P.C.,0,0,Ministerio del Interior / portal oficial de datos abiertos,PRIMARY_OFFICIAL
2008,2008-03-09,37 - Salamanca,PARTIT COMUNISTA DELS POBLES D'ESPANYA - PCPE,0,0,Ministerio del Interior / portal oficial de datos abiertos,PRIMARY_OFFICIAL
2008,2008-03-09,37 - Salamanca,PARTIT DELS SOCIALISTES DE CATALUNYA - PSC (PSC-PSOE),0,0,Ministerio del Interior / portal oficial de datos abiertos,PRIMARY_OFFICIAL
2008,2008-03-09,37 - Salamanca,PARTIT DELS SOCIALISTES DE CATALUNYA - PSC-PSOE,0,0,Ministerio del Interior / portal oficial de datos abiertos,PRIMARY_OFFICIAL
2008,2008-03-09,37 - Salamanca,PARTIT FAMILIA I VIDA - PFiV,0,0,Ministerio del Interior / portal oficial de datos abiertos,PRIMARY_OFFICIAL
2008,2008-03-09,37 - Salamanca,PARTIT HUMANISTA - P.H.,0,0,Ministerio del Interior / portal oficial de datos abiertos,PRIMARY_OFFICIAL
2008,2008-03-09,37 - Salamanca,PARTIT HUMANISTA - PH,0,0,Ministerio del Interior / portal oficial de datos abiertos,PRIMARY_OFFICIAL
2008,2008-03-09,37 - Salamanca,PARTIT HUMANISTA DE CATALUNYA - PH,0,0,Ministerio del Interior / portal oficial de datos abiertos,PRIMARY_OFFICIAL
2008,2008-03-09,37 - Salamanca,PARTIT ILLENC DE SES ILLES BALEARS - PIIB,0,0,Ministerio del Interior / portal oficial de datos abiertos,PRIMARY_OFFICIAL
2008,2008-03-09,37 - Salamanca,PARTIT OBRER SOCIALISTA INTERNACIONALISTA - P.O.S.I.,0,0,Ministerio del Interior / portal oficial de datos abiertos,PRIMARY_OFFICIAL
2008,2008-03-09,37 - Salamanca,PARTIT OBRER SOCIALISTA INTERNACIONALISTA - POSI,0,0,Ministerio del Interior / portal oficial de datos abiertos,PRIMARY_OFFICIAL
2008,2008-03-09,37 - Salamanca,PARTIT PER CATALUNYA - PxCat,0,0,Ministerio del Interior / portal oficial de datos abiertos,PRIMARY_OFFICIAL
2008,2008-03-09,37 - Salamanca,PARTIT POPULAR/PARTIDO POPULAR - P.P.,0,0,Ministerio del Interior / portal oficial de datos abiertos,PRIMARY_OFFICIAL
2008,2008-03-09,37 - Salamanca,PARTIT REPUBLICA CATALA - RC,0,0,Ministerio del Interior / portal oficial de datos abiertos,PRIMARY_OFFICIAL
2008,2008-03-09,37 - Salamanca,PER LA REPUBLICA VALENCIANA - PLRV,0,0,Ministerio del Interior / portal oficial de datos abiertos,PRIMARY_OFFICIAL
2008,2008-03-09,37 - Salamanca,PER LA REPUBLICA VALENCIANA - plRV,0,0,Ministerio del Interior / portal oficial de datos abiertos,PRIMARY_OFFICIAL
2008,2008-03-09,37 - Salamanca,POR UN MUNDO MAS JUSTO - PUM+J,0,0,Ministerio del Interior / portal oficial de datos abiertos,PRIMARY_OFFICIAL
2008,2008-03-09,37 - Salamanca,REPRESENTACION CANNABICA NAVARRA - RCN-NOK,0,0,Ministerio del Interior / portal oficial de datos abiertos,PRIMARY_OFFICIAL
2008,2008-03-09,37 - Salamanca,SOLIDARIDAD Y AUTOGESTION INTERNACIONALISTA - SAIN,0,0,Ministerio del Interior / portal oficial de datos abiertos,PRIMARY_OFFICIAL
2008,2008-03-09,37 - Salamanca,SOLIDARIDAD Y AUTOGESTION INTERNACIONALISTA - SAIn,0,0,Ministerio del Interior / portal oficial de datos abiertos,PRIMARY_OFFICIAL
2008,2008-03-09,37 - Salamanca,TIERRA COMUNERA - TC,0,0,Ministerio del Interior / portal oficial de datos abiertos,PRIMARY_OFFICIAL
2008,2008-03-09,37 - Salamanca,UNIDA - UNIDA,0,0,Ministerio del Interior / portal oficial de datos abiertos,PRIMARY_OFFICIAL
2008,2008-03-09,37 - Salamanca,UNIDAD CASTELLANA - Ud. Ca.,0,0,Ministerio del Interior / portal oficial de datos abiertos,PRIMARY_OFFICIAL
2008,2008-03-09,37 - Salamanca,UNIDAD DEL PUEBLO - UNIDAD DEL PUEBLO,0,0,Ministerio del Interior / portal oficial de datos abiertos,PRIMARY_OFFICIAL
2008,2008-03-09,37 - Salamanca,UNIDAD REGIONALISTA DE CASTILLA Y LEON - U.R.C.L.,0,0,Ministerio del Interior / portal oficial de datos abiertos,PRIMARY_OFFICIAL
2008,2008-03-09,37 - Salamanca,UNION CENTRISTA LIBERAL - UCL,0,0,Ministerio del Interior / portal oficial de datos abiertos,PRIMARY_OFFICIAL
2008,2008-03-09,37 - Salamanca,UNION CIUDADANA PROGRESISTAS INDEPENDIENTES DE CANARIAS - UCPIC,0,0,Ministerio del Interior / portal oficial de datos abiertos,PRIMARY_OFFICIAL
2008,2008-03-09,37 - Salamanca,UNION DEL PUEBLO LEONES - UPL,0,0,Ministerio del Interior / portal oficial de datos abiertos,PRIMARY_OFFICIAL
2008,2008-03-09,37 - Salamanca,UNION DEL PUEBLO NAVARRO EN COALICION CON EL PARTIDO POPULAR - UPN-PP,0,0,Ministerio del Interior / portal oficial de datos abiertos,PRIMARY_OFFICIAL
2008,2008-03-09,37 - Salamanca,UNION POR LEGANES - ULEG,0,0,Ministerio del Interior / portal oficial de datos abiertos,PRIMARY_OFFICIAL
2008,2008-03-09,37 - Salamanca,UNION PROGRESO Y DEMOCRACIA - UPD,0,0,Ministerio del Interior / portal oficial de datos abiertos,PRIMARY_OFFICIAL
2008,2008-03-09,37 - Salamanca,UNION PROGRESO Y DEMOCRACIA - UPyD,4083,0,Ministerio del Interior / portal oficial de datos abiertos,PRIMARY_OFFICIAL
2008,2008-03-09,37 - Salamanca,"UNION, PROGRESO Y DEMOCRACIA - UPyD",0,0,Ministerio del Interior / portal oficial de datos abiertos,PRIMARY_OFFICIAL
2008,2008-03-09,37 - Salamanca,UNITAT PER LES ILLES - UNITAT PER LES ILLES,0,0,Ministerio del Interior / portal oficial de datos abiertos,PRIMARY_OFFICIAL
2008,2008-03-09,38 - Santa Cruz de Tenerife,AGRUPACION CIUDADANA - AGRUCI,0,0,Ministerio del Interior / portal oficial de datos abiertos,PRIMARY_OFFICIAL
2008,2008-03-09,38 - Santa Cruz de Tenerife,ALIANZA NACIONAL - A.u.N.,0,0,Ministerio del Interior / portal oficial de datos abiertos,PRIMARY_OFFICIAL
2008,2008-03-09,38 - Santa Cruz de Tenerife,ALIANZA NACIONAL - AN,0,0,Ministerio del Interior / portal oficial de datos abiertos,PRIMARY_OFFICIAL
2008,2008-03-09,38 - Santa Cruz de Tenerife,ALIANZA NACIONAL - AUN,0,0,Ministerio del Interior / portal oficial de datos abiertos,PRIMARY_OFFICIAL
2008,2008-03-09,38 - Santa Cruz de Tenerife,ALIANZA NACIONAL - AuN,0,0,Ministerio del Interior / portal oficial de datos abiertos,PRIMARY_OFFICIAL
2008,2008-03-09,38 - Santa Cruz de Tenerife,ALIANZA POR BURGOS - AxB,0,0,Ministerio del Interior / portal oficial de datos abiertos,PRIMARY_OFFICIAL
2008,2008-03-09,38 - Santa Cruz de Tenerife,ALIANÇA BALEAR - ABA,0,0,Ministerio del Interior / portal oficial de datos abiertos,PRIMARY_OFFICIAL
2008,2008-03-09,38 - Santa Cruz de Tenerife,ALTERNATIVA EN BLANCO - ABLA,0,0,Ministerio del Interior / portal oficial de datos abiertos,PRIMARY_OFFICIAL
2008,2008-03-09,38 - Santa Cruz de Tenerife,ALTERNATIVA EN BLANCO - aBla,0,0,Ministerio del Interior / portal oficial de datos abiertos,PRIMARY_OFFICIAL
2008,2008-03-09,38 - Santa Cruz de Tenerife,ALTERNATIVA ESPAÑOLA - AES,141,0,Ministerio del Interior / portal oficial de datos abiertos,PRIMARY_OFFICIAL
2008,2008-03-09,38 - Santa Cruz de Tenerife,ALTERNATIVA MOTOR Y DEPORTE - A.M.D.,0,0,Ministerio del Interior / portal oficial de datos abiertos,PRIMARY_OFFICIAL
2008,2008-03-09,38 - Santa Cruz de Tenerife,ALTERNATIVA MOTOR Y DEPORTES - A.M.D.,0,0,Ministerio del Interior / portal oficial de datos abiertos,PRIMARY_OFFICIAL
2008,2008-03-09,38 - Santa Cruz de Tenerife,ALTERNATIVA MOTOR Y DEPORTES - AMD,0,0,Ministerio del Interior / portal oficial de datos abiertos,PRIMARY_OFFICIAL
2008,2008-03-09,38 - Santa Cruz de Tenerife,ALTERNATIVA NACIONALISTA CANARIA - ANC,641,0,Ministerio del Interior / portal oficial de datos abiertos,PRIMARY_OFFICIAL
2008,2008-03-09,38 - Santa Cruz de Tenerife,ANDECHA ASTUR - AA,0,0,Ministerio del Interior / portal oficial de datos abiertos,PRIMARY_OFFICIAL
2008,2008-03-09,38 - Santa Cruz de Tenerife,ARALAR - aralar,0,0,Ministerio del Interior / portal oficial de datos abiertos,PRIMARY_OFFICIAL
2008,2008-03-09,38 - Santa Cruz de Tenerife,ASAMBLEA DE VOTACION ELECTRONICA - AVE,0,0,Ministerio del Interior / portal oficial de datos abiertos,PRIMARY_OFFICIAL
2008,2008-03-09,38 - Santa Cruz de Tenerife,BERDEAK-LOS VERDES - B-LV,0,0,Ministerio del Interior / portal oficial de datos abiertos,PRIMARY_OFFICIAL
2008,2008-03-09,38 - Santa Cruz de Tenerife,BLOC-INICIATIVA-VERDS - BLOC-IDPV-EV-EE,0,0,Ministerio del Interior / portal oficial de datos abiertos,PRIMARY_OFFICIAL
2008,2008-03-09,38 - Santa Cruz de Tenerife,BLOC-INICIATIVA-VERDS - BLOC-IdPV-EV-EE,0,0,Ministerio del Interior / portal oficial de datos abiertos,PRIMARY_OFFICIAL
2008,2008-03-09,38 - Santa Cruz de Tenerife,BLOQUE NACIONALISTA GALEGO - B.N.G.,0,0,Ministerio del Interior / portal oficial de datos abiertos,PRIMARY_OFFICIAL
2008,2008-03-09,38 - Santa Cruz de Tenerife,BLOQUE NACIONALISTA GALEGO - BNG,0,0,Ministerio del Interior / portal oficial de datos abiertos,PRIMARY_OFFICIAL
2008,2008-03-09,38 - Santa Cruz de Tenerife,CENTRO DEMOCRATICO ESPAÑOL - C.D.Es.,0,0,Ministerio del Interior / portal oficial de datos abiertos,PRIMARY_OFFICIAL
2008,2008-03-09,38 - Santa Cruz de Tenerife,CENTRO DEMOCRATICO ESPAÑOL - CDEs,0,0,Ministerio del Interior / portal oficial de datos abiertos,PRIMARY_OFFICIAL
2008,2008-03-09,38 - Santa Cruz de Tenerife,CENTRO DEMOCRATICO LIBERAL - C.D.L.,0,0,Ministerio del Interior / portal oficial de datos abiertos,PRIMARY_OFFICIAL
2008,2008-03-09,38 - Santa Cruz de Tenerife,CENTRO DEMOCRATICO LIBERAL - CDL,208,0,Ministerio del Interior / portal oficial de datos abiertos,PRIMARY_OFFICIAL
2008,2008-03-09,38 - Santa Cruz de Tenerife,CENTRO DEMOCRATICO SOCIAL - C.D.S.,0,0,Ministerio del Interior / portal oficial de datos abiertos,PRIMARY_OFFICIAL
2008,2008-03-09,38 - Santa Cruz de Tenerife,CENTRO DEMOCRATICO Y SOCIAL - CDS,0,0,Ministerio del Interior / portal oficial de datos abiertos,PRIMARY_OFFICIAL
2008,2008-03-09,38 - Santa Cruz de Tenerife,CHUNTA ARAGONESISTA - CHA,0,0,Ministerio del Interior / portal oficial de datos abiertos,PRIMARY_OFFICIAL
2008,2008-03-09,38 - Santa Cruz de Tenerife,CIUDADANOS EN BLANCO - CENB,0,0,Ministerio del Interior / portal oficial de datos abiertos,PRIMARY_OFFICIAL
2008,2008-03-09,38 - Santa Cruz de Tenerife,CIUDADANOS EN BLANCO - CNB,0,0,Ministerio del Interior / portal oficial de datos abiertos,PRIMARY_OFFICIAL
2008,2008-03-09,38 - Santa Cruz de Tenerife,CIUDADANOS EN BLANCO - CenB,468,0,Ministerio del Interior / portal oficial de datos abiertos,PRIMARY_OFFICIAL
2008,2008-03-09,38 - Santa Cruz de Tenerife,CIUDADANOS EN BLANCO - Cenb,0,0,Ministerio del Interior / portal oficial de datos abiertos,PRIMARY_OFFICIAL
2008,2008-03-09,38 - Santa Cruz de Tenerife,CIUDADANOS PARTIDO DE LA CIUDADANIA - C's,0,0,Ministerio del Interior / portal oficial de datos abiertos,PRIMARY_OFFICIAL
2008,2008-03-09,38 - Santa Cruz de Tenerife,CIUDADANOS-PARTIDO DE LA CIUDADANIA - C's,158,0,Ministerio del Interior / portal oficial de datos abiertos,PRIMARY_OFFICIAL
2008,2008-03-09,38 - Santa Cruz de Tenerife,"CIUDADANOS-PARTIDO DE LA CIUDADANIA - C,S",0,0,Ministerio del Interior / portal oficial de datos abiertos,PRIMARY_OFFICIAL
2008,2008-03-09,38 - Santa Cruz de Tenerife,CIUTADANS-PARTIDO DE LA CIUDADANIA - C's,0,0,Ministerio del Interior / portal oficial de datos abiertos,PRIMARY_OFFICIAL
2008,2008-03-09,38 - Santa Cruz de Tenerife,COALICIO TREBALLADORS PER LA DEMOCRACIA - TD,0,0,Ministerio del Interior / portal oficial de datos abiertos,PRIMARY_OFFICIAL
2008,2008-03-09,38 - Santa Cruz de Tenerife,COALICIO VALENCIANA - CVa,0,0,Ministerio del Interior / portal oficial de datos abiertos,PRIMARY_OFFICIAL
2008,2008-03-09,38 - Santa Cruz de Tenerife,COALICION ANDALUCISTA - CA,0,0,Ministerio del Interior / portal oficial de datos abiertos,PRIMARY_OFFICIAL
2008,2008-03-09,38 - Santa Cruz de Tenerife,COALICION CANARIA-PARTIDO NACIONALISTA CANARIO - CC-PNC,143526,2,Ministerio del Interior / portal oficial de datos abiertos,PRIMARY_OFFICIAL
2008,2008-03-09,38 - Santa Cruz de Tenerife,COALICION CANARIA-PARTIDO NACIONALISTA CANARIO-PARTIDO DE INDEPENDIENTES DE LANZAROTE - CC-PNC-PIL,0,0,Ministerio del Interior / portal oficial de datos abiertos,PRIMARY_OFFICIAL
2008,2008-03-09,38 - Santa Cruz de Tenerife,COMUNION TRADICIONALISTA CARLISTA - C.T.C.,0,0,Ministerio del Interior / portal oficial de datos abiertos,PRIMARY_OFFICIAL
2008,2008-03-09,38 - Santa Cruz de Tenerife,COMUNION TRADICIONALISTA CARLISTA - CTC,0,0,Ministerio del Interior / portal oficial de datos abiertos,PRIMARY_OFFICIAL
2008,2008-03-09,38 - Santa Cruz de Tenerife,CONVERGENCIA DEMOCRATICA ASTURIANA - CDAS,0,0,Ministerio del Interior / portal oficial de datos abiertos,PRIMARY_OFFICIAL
2008,2008-03-09,38 - Santa Cruz de Tenerife,CONVERGENCIA I UNIO - CIU,0,0,Ministerio del Interior / portal oficial de datos abiertos,PRIMARY_OFFICIAL
2008,2008-03-09,38 - Santa Cruz de Tenerife,CONVERGENCIA I UNIO - CiU,0,0,Ministerio del Interior / portal oficial de datos abiertos,PRIMARY_OFFICIAL
2008,2008-03-09,38 - Santa Cruz de Tenerife,DEMOCRACIA NACIONAL - D.N.,0,0,Ministerio del Interior / portal oficial de datos abiertos,PRIMARY_OFFICIAL
2008,2008-03-09,38 - Santa Cruz de Tenerife,DEMOCRACIA NACIONAL - DN,199,0,Ministerio del Interior / portal oficial de datos abiertos,PRIMARY_OFFICIAL
2008,2008-03-09,38 - Santa Cruz de Tenerife,EI ESCONS INSUBMISOS-ALTERNATIVA DELS DEMOCRATES DESCONTENTS - Ei,0,0,Ministerio del Interior / portal oficial de datos abiertos,PRIMARY_OFFICIAL
2008,2008-03-09,38 - Santa Cruz de Tenerife,ELS VERDS - L'ALTERNATIVA ECOLOGISTA - EV-AE,0,0,Ministerio del Interior / portal oficial de datos abiertos,PRIMARY_OFFICIAL
2008,2008-03-09,38 - Santa Cruz de Tenerife,ELS VERDS-ALTERNATIVA VERDA - E.V.-A.V.,0,0,Ministerio del Interior / portal oficial de datos abiertos,PRIMARY_OFFICIAL
2008,2008-03-09,38 - Santa Cruz de Tenerife,ELS VERDS-LOS VERDES - EV-LV,0,0,Ministerio del Interior / portal oficial de datos abiertos,PRIMARY_OFFICIAL
2008,2008-03-09,38 - Santa Cruz de Tenerife,ESCONS INSUBMISOS ALTERNATIVA DELS DEMOCRATES DESCONTENTS - EI-ADD,0,0,Ministerio del Interior / portal oficial de datos abiertos,PRIMARY_OFFICIAL
2008,2008-03-09,38 - Santa Cruz de Tenerife,ESCONS INSUBMISOS-ALTERNATIVA DELS DEMOCRATES DESCONTENTS - Ei,0,0,Ministerio del Interior / portal oficial de datos abiertos,PRIMARY_OFFICIAL
2008,2008-03-09,38 - Santa Cruz de Tenerife,ESPAÑA 2000 - E-2000,0,0,Ministerio del Interior / portal oficial de datos abiertos,PRIMARY_OFFICIAL
2008,2008-03-09,38 - Santa Cruz de Tenerife,ESPAÑA-2000 - E-2000,0,0,Ministerio del Interior / portal oficial de datos abiertos,PRIMARY_OFFICIAL
2008,2008-03-09,38 - Santa Cruz de Tenerife,ESQUERDA UNIDA-IZQUIERDA UNIDA-ALTERNATIVA - EU-IU,0,0,Ministerio del Interior / portal oficial de datos abiertos,PRIMARY_OFFICIAL
2008,2008-03-09,38 - Santa Cruz de Tenerife,ESQUERRA REPUBLICANA DE CATALUNYA - ESQUERRA,0,0,Ministerio del Interior / portal oficial de datos abiertos,PRIMARY_OFFICIAL
2008,2008-03-09,38 - Santa Cruz de Tenerife,ESQUERRA REPUBLICANA DE CATALUNYA - esquerra,0,0,Ministerio del Interior / portal oficial de datos abiertos,PRIMARY_OFFICIAL
2008,2008-03-09,38 - Santa Cruz de Tenerife,ESQUERRA REPUBLICANA DEL PAIS VALENCIA-PAIS VALENCIA SI - ESQUERRA-PV,0,0,Ministerio del Interior / portal oficial de datos abiertos,PRIMARY_OFFICIAL
2008,2008-03-09,38 - Santa Cruz de Tenerife,"ESQUERRA REPUBLICANA DEL PAIS VALENCIA-PAIS VALENCIA, SI - ESQUERRA-PV",0,0,Ministerio del Interior / portal oficial de datos abiertos,PRIMARY_OFFICIAL
2008,2008-03-09,38 - Santa Cruz de Tenerife,ESQUERRA UNIDA - ELS VERDS - EU-EV,0,0,Ministerio del Interior / portal oficial de datos abiertos,PRIMARY_OFFICIAL
2008,2008-03-09,38 - Santa Cruz de Tenerife,ESQUERRA UNIDA DEL PAIS VALENCIA-IZQUIERDA REPUBLICANA: ESQUERRA UNIDA I REPUBLICANA - EUPV-IR,0,0,Ministerio del Interior / portal oficial de datos abiertos,PRIMARY_OFFICIAL
2008,2008-03-09,38 - Santa Cruz de Tenerife,ESQUERRA UNIDA DEL PAIS VALENCIA-IZQUIERDA REPUBLICANA:ESQUERRA UNIDA I REPUBLICANA - EUPV-IR,0,0,Ministerio del Interior / portal oficial de datos abiertos,PRIMARY_OFFICIAL
2008,2008-03-09,38 - Santa Cruz de Tenerife,EUSKO ALKARTASUNA - EA,0,0,Ministerio del Interior / portal oficial de datos abiertos,PRIMARY_OFFICIAL
2008,2008-03-09,38 - Santa Cruz de Tenerife,EUZKO ALDERDI JELTZALEA-PARTIDO NACIONALISTA VASCO - EAJ-PNV,0,0,Ministerio del Interior / portal oficial de datos abiertos,PRIMARY_OFFICIAL
2008,2008-03-09,38 - Santa Cruz de Tenerife,EXTREMADURA UNIDA - EXTREMADURA UNIDA,0,0,Ministerio del Interior / portal oficial de datos abiertos,PRIMARY_OFFICIAL
2008,2008-03-09,38 - Santa Cruz de Tenerife,EZKER BATUA-BERDEAK-ALTERNATIVA - EB-B,0,0,Ministerio del Interior / portal oficial de datos abiertos,PRIMARY_OFFICIAL
2008,2008-03-09,38 - Santa Cruz de Tenerife,FALANGE AUTENTICA - F.A.,134,0,Ministerio del Interior / portal oficial de datos abiertos,PRIMARY_OFFICIAL
2008,2008-03-09,38 - Santa Cruz de Tenerife,FALANGE AUTENTICA - FA,0,0,Ministerio del Interior / portal oficial de datos abiertos,PRIMARY_OFFICIAL
2008,2008-03-09,38 - Santa Cruz de Tenerife,FALANGE ESPAÑOLA DE LA JONS - FE de las JONS,0,0,Ministerio del Interior / portal oficial de datos abiertos,PRIMARY_OFFICIAL
2008,2008-03-09,38 - Santa Cruz de Tenerife,FALANGE ESPAÑOLA DE LAS J.O.N.S. - F.E. de las J.O.N.S.,0,0,Ministerio del Interior / portal oficial de datos abiertos,PRIMARY_OFFICIAL
2008,2008-03-09,38 - Santa Cruz de Tenerife,FALANGE ESPAÑOLA DE LAS J.O.N.S. - FE de las JONS,0,0,Ministerio del Interior / portal oficial de datos abiertos,PRIMARY_OFFICIAL
2008,2008-03-09,38 - Santa Cruz de Tenerife,FALANGE ESPAÑOLA DE LAS J.O.N.S. - FE-JONS,0,0,Ministerio del Interior / portal oficial de datos abiertos,PRIMARY_OFFICIAL
2008,2008-03-09,38 - Santa Cruz de Tenerife,FALANGE ESPAÑOLA DE LAS JONS - F.E. de las J.O.N.S.,0,0,Ministerio del Interior / portal oficial de datos abiertos,PRIMARY_OFFICIAL
2008,2008-03-09,38 - Santa Cruz de Tenerife,FALANGE ESPAÑOLA DE LAS JONS - FE DE LAS JONS,0,0,Ministerio del Interior / portal oficial de datos abiertos,PRIMARY_OFFICIAL
2008,2008-03-09,38 - Santa Cruz de Tenerife,FALANGE ESPAÑOLA DE LAS JONS - FE de las JONS,125,0,Ministerio del Interior / portal oficial de datos abiertos,PRIMARY_OFFICIAL
2008,2008-03-09,38 - Santa Cruz de Tenerife,FALANGE ESPAÑOLA DE LAS JONS - FE-JONS,0,0,Ministerio del Interior / portal oficial de datos abiertos,PRIMARY_OFFICIAL
2008,2008-03-09,38 - Santa Cruz de Tenerife,FAMILIA I VIDA - PFiV,0,0,Ministerio del Interior / portal oficial de datos abiertos,PRIMARY_OFFICIAL
2008,2008-03-09,38 - Santa Cruz de Tenerife,FAMILIA Y VIDA - PFyV,0,0,Ministerio del Interior / portal oficial de datos abiertos,PRIMARY_OFFICIAL
2008,2008-03-09,38 - Santa Cruz de Tenerife,FRENTE ESPAÑOL - F.E,0,0,Ministerio del Interior / portal oficial de datos abiertos,PRIMARY_OFFICIAL
2008,2008-03-09,38 - Santa Cruz de Tenerife,FRENTE ESPAÑOL - F.E.,0,0,Ministerio del Interior / portal oficial de datos abiertos,PRIMARY_OFFICIAL
2008,2008-03-09,38 - Santa Cruz de Tenerife,FRENTE ESPAÑOL - FRENTE,85,0,Ministerio del Interior / portal oficial de datos abiertos,PRIMARY_OFFICIAL
2008,2008-03-09,38 - Santa Cruz de Tenerife,GENTES DE EL BIERZO - PB-UB,0,0,Ministerio del Interior / portal oficial de datos abiertos,PRIMARY_OFFICIAL
2008,2008-03-09,38 - Santa Cruz de Tenerife,IDENTITAT REGNE DE VALENCIA - IRV,0,0,Ministerio del Interior / portal oficial de datos abiertos,PRIMARY_OFFICIAL
2008,2008-03-09,38 - Santa Cruz de Tenerife,INDEPENDIENTES POR CUENCA - ixC,0,0,Ministerio del Interior / portal oficial de datos abiertos,PRIMARY_OFFICIAL
2008,2008-03-09,38 - Santa Cruz de Tenerife,INICIATIVA CIUDADANA BURGALESA - I.C.Bur,0,0,Ministerio del Interior / portal oficial de datos abiertos,PRIMARY_OFFICIAL
2008,2008-03-09,38 - Santa Cruz de Tenerife,INICIATIVA MERINDADES DE CASTILLA - I.M.C.,0,0,Ministerio del Interior / portal oficial de datos abiertos,PRIMARY_OFFICIAL
2008,2008-03-09,38 - Santa Cruz de Tenerife,INICIATIVA PER CATALUNYA VERDS - ESQUERRA UNIDA I ALTERNATIVA - ICV-EUiA,0,0,Ministerio del Interior / portal oficial de datos abiertos,PRIMARY_OFFICIAL
2008,2008-03-09,38 - Santa Cruz de Tenerife,INICIATIVA PER CATALUNYA VERDS-ESQUERRA UNIDA I ALTERNATIVA - ICV-EUiA,0,0,Ministerio del Interior / portal oficial de datos abiertos,PRIMARY_OFFICIAL
2008,2008-03-09,38 - Santa Cruz de Tenerife,IZQUIERDA REPUBLICANA - IR,0,0,Ministerio del Interior / portal oficial de datos abiertos,PRIMARY_OFFICIAL
2008,2008-03-09,38 - Santa Cruz de Tenerife,IZQUIERDA REPUBLICANA-PARTIT REPUBLICA D'ESQUERRA - IR-PRE,0,0,Ministerio del Interior / portal oficial de datos abiertos,PRIMARY_OFFICIAL
2008,2008-03-09,38 - Santa Cruz de Tenerife,IZQUIERDA UNIDA - BLOQUE POR ASTURIES - LOS VERDES - IU-B.A-LOS VERDES,0,0,Ministerio del Interior / portal oficial de datos abiertos,PRIMARY_OFFICIAL
2008,2008-03-09,38 - Santa Cruz de Tenerife,IZQUIERDA UNIDA CANARIA-ALTERNATIVA - IUC,6940,0,Ministerio del Interior / portal oficial de datos abiertos,PRIMARY_OFFICIAL
2008,2008-03-09,38 - Santa Cruz de Tenerife,IZQUIERDA UNIDA COMUNIDAD DE MADRID-ALTERNATIVA - IU-CM.,0,0,Ministerio del Interior / portal oficial de datos abiertos,PRIMARY_OFFICIAL
2008,2008-03-09,38 - Santa Cruz de Tenerife,IZQUIERDA UNIDA DE CEUTA - I.U.,0,0,Ministerio del Interior / portal oficial de datos abiertos,PRIMARY_OFFICIAL
2008,2008-03-09,38 - Santa Cruz de Tenerife,IZQUIERDA UNIDA DE LA REGION DE MURCIA-ALTERNATIVA - I.U.R.M.,0,0,Ministerio del Interior / portal oficial de datos abiertos,PRIMARY_OFFICIAL
2008,2008-03-09,38 - Santa Cruz de Tenerife,IZQUIERDA UNIDA DE NAVARRA - NAFARROAKO EZKER BATUA - ALTERNATIVA - IUN-NEB,0,0,Ministerio del Interior / portal oficial de datos abiertos,PRIMARY_OFFICIAL
2008,2008-03-09,38 - Santa Cruz de Tenerife,IZQUIERDA UNIDA LOS VERDES CONVOCATORIA POR ANDALUCIA-ALTERNATIVA - IULV-CA,0,0,Ministerio del Interior / portal oficial de datos abiertos,PRIMARY_OFFICIAL
2008,2008-03-09,38 - Santa Cruz de Tenerife,IZQUIERDA UNIDA LOS VERDES-CONVOCATORIA POR ANDALUCIA - ALTERNATIVA - IULV-CA,0,0,Ministerio del Interior / portal oficial de datos abiertos,PRIMARY_OFFICIAL
2008,2008-03-09,38 - Santa Cruz de Tenerife,IZQUIERDA UNIDA LOS VERDES-CONVOCATORIA POR ANDALUCIA-ALTERNATIVA - IULV-CA,0,0,Ministerio del Interior / portal oficial de datos abiertos,PRIMARY_OFFICIAL
2008,2008-03-09,38 - Santa Cruz de Tenerife,IZQUIERDA UNIDA-ALTERNATIVA - I.U.,0,0,Ministerio del Interior / portal oficial de datos abiertos,PRIMARY_OFFICIAL
2008,2008-03-09,38 - Santa Cruz de Tenerife,IZQUIERDA UNIDA-ALTERNATIVA - IU,0,0,Ministerio del Interior / portal oficial de datos abiertos,PRIMARY_OFFICIAL
2008,2008-03-09,38 - Santa Cruz de Tenerife,LLUITA INTERNACIONALISTA - (LI(LIT-CI)),0,0,Ministerio del Interior / portal oficial de datos abiertos,PRIMARY_OFFICIAL
2008,2008-03-09,38 - Santa Cruz de Tenerife,LLUITA INTERNACIONALISTA - L.I.(LIT-CI),0,0,Ministerio del Interior / portal oficial de datos abiertos,PRIMARY_OFFICIAL
2008,2008-03-09,38 - Santa Cruz de Tenerife,LLUITA INTERNACIONALISTA - LI-LITCI,0,0,Ministerio del Interior / portal oficial de datos abiertos,PRIMARY_OFFICIAL
2008,2008-03-09,38 - Santa Cruz de Tenerife,LOS VERDES - LOS VERDES,0,0,Ministerio del Interior / portal oficial de datos abiertos,PRIMARY_OFFICIAL
2008,2008-03-09,38 - Santa Cruz de Tenerife,LOS VERDES - LV,0,0,Ministerio del Interior / portal oficial de datos abiertos,PRIMARY_OFFICIAL
2008,2008-03-09,38 - Santa Cruz de Tenerife,LOS VERDES - VERDES,2071,0,Ministerio del Interior / portal oficial de datos abiertos,PRIMARY_OFFICIAL
2008,2008-03-09,38 - Santa Cruz de Tenerife,LOS VERDES COMUNIDAD DE MADRID-LOS VERDES DE EUROPA - LVCM-LVE,0,0,Ministerio del Interior / portal oficial de datos abiertos,PRIMARY_OFFICIAL
2008,2008-03-09,38 - Santa Cruz de Tenerife,LOS VERDES DE EUROPA - LOS VERDES DE EUROPA,0,0,Ministerio del Interior / portal oficial de datos abiertos,PRIMARY_OFFICIAL
2008,2008-03-09,38 - Santa Cruz de Tenerife,LOS VERDES DE EUROPA - LVE,0,0,Ministerio del Interior / portal oficial de datos abiertos,PRIMARY_OFFICIAL
2008,2008-03-09,38 - Santa Cruz de Tenerife,LOS VERDES DE EXTREMADURA - LV,0,0,Ministerio del Interior / portal oficial de datos abiertos,PRIMARY_OFFICIAL
2008,2008-03-09,38 - Santa Cruz de Tenerife,LOS VERDES-ELS VERDS - LV-EV,0,0,Ministerio del Interior / portal oficial de datos abiertos,PRIMARY_OFFICIAL
2008,2008-03-09,38 - Santa Cruz de Tenerife,LOS VERDES-GRUPO VERDE - L.V.,0,0,Ministerio del Interior / portal oficial de datos abiertos,PRIMARY_OFFICIAL
2008,2008-03-09,38 - Santa Cruz de Tenerife,LOS VERDES-GRUPO VERDE - LV,0,0,Ministerio del Interior / portal oficial de datos abiertos,PRIMARY_OFFICIAL
2008,2008-03-09,38 - Santa Cruz de Tenerife,LOS VERDES-GRUPO VERDE - LV-GV,1487,0,Ministerio del Interior / portal oficial de datos abiertos,PRIMARY_OFFICIAL
2008,2008-03-09,38 - Santa Cruz de Tenerife,LUCHA INTERNACIONALISTA - LI-LITCI,0,0,Ministerio del Interior / portal oficial de datos abiertos,PRIMARY_OFFICIAL
2008,2008-03-09,38 - Santa Cruz de Tenerife,MOVIMIENTO FALANGISTA DE ESPAÑA - M.F.E.,0,0,Ministerio del Interior / portal oficial de datos abiertos,PRIMARY_OFFICIAL
2008,2008-03-09,38 - Santa Cruz de Tenerife,MOVIMIENTO POR LA UNIDAD DEL PUEBLO CANARIO - MUPC,286,0,Ministerio del Interior / portal oficial de datos abiertos,PRIMARY_OFFICIAL
2008,2008-03-09,38 - Santa Cruz de Tenerife,NAFARROA BAI - NA-BAI,0,0,Ministerio del Interior / portal oficial de datos abiertos,PRIMARY_OFFICIAL
2008,2008-03-09,38 - Santa Cruz de Tenerife,NOSALTRES SOM - N som,0,0,Ministerio del Interior / portal oficial de datos abiertos,PRIMARY_OFFICIAL
2008,2008-03-09,38 - Santa Cruz de Tenerife,NUEVA CANARIAS-CENTRO CANARIO - NC-CCN,0,0,Ministerio del Interior / portal oficial de datos abiertos,PRIMARY_OFFICIAL
2008,2008-03-09,38 - Santa Cruz de Tenerife,OPCIO NACIONALISTA VALENCIANA - O.N.V.,0,0,Ministerio del Interior / portal oficial de datos abiertos,PRIMARY_OFFICIAL
2008,2008-03-09,38 - Santa Cruz de Tenerife,OPCIO NACIONALISTA VALENCIANA - ONV,0,0,Ministerio del Interior / portal oficial de datos abiertos,PRIMARY_OFFICIAL
2008,2008-03-09,38 - Santa Cruz de Tenerife,OS VERDES - GRUPO VERDE - OV,0,0,Ministerio del Interior / portal oficial de datos abiertos,PRIMARY_OFFICIAL
2008,2008-03-09,38 - Santa Cruz de Tenerife,PARTIDO ALTERNATIVA MOTOR Y DEPORTES - A.M.D.,0,0,Ministerio del Interior / portal oficial de datos abiertos,PRIMARY_OFFICIAL
2008,2008-03-09,38 - Santa Cruz de Tenerife,PARTIDO ANTITAURINO CONTRA EL MALTRATO ANIMAL - P.A.C.M.A,0,0,Ministerio del Interior / portal oficial de datos abiertos,PRIMARY_OFFICIAL
2008,2008-03-09,38 - Santa Cruz de Tenerife,PARTIDO ANTITAURINO CONTRA EL MALTRATO ANIMAL - P.A.C.M.A.,0,0,Ministerio del Interior / portal oficial de datos abiertos,PRIMARY_OFFICIAL
2008,2008-03-09,38 - Santa Cruz de Tenerife,PARTIDO ANTITAURINO CONTRA EL MALTRATO ANIMAL - PACMA,0,0,Ministerio del Interior / portal oficial de datos abiertos,PRIMARY_OFFICIAL
2008,2008-03-09,38 - Santa Cruz de Tenerife,PARTIDO ARAGONES - PAR,0,0,Ministerio del Interior / portal oficial de datos abiertos,PRIMARY_OFFICIAL
2008,2008-03-09,38 - Santa Cruz de Tenerife,PARTIDO CARLISTA - P.C.,0,0,Ministerio del Interior / portal oficial de datos abiertos,PRIMARY_OFFICIAL
2008,2008-03-09,38 - Santa Cruz de Tenerife,PARTIDO CARLISTA - PARTIDO CARLISTA,0,0,Ministerio del Interior / portal oficial de datos abiertos,PRIMARY_OFFICIAL
2008,2008-03-09,38 - Santa Cruz de Tenerife,PARTIDO CARLISTA - PC,0,0,Ministerio del Interior / portal oficial de datos abiertos,PRIMARY_OFFICIAL
2008,2008-03-09,38 - Santa Cruz de Tenerife,PARTIDO CARLISTA DE EUSKALERRIA-PARTIDO CARLISTA - EKA-PC.,0,0,Ministerio del Interior / portal oficial de datos abiertos,PRIMARY_OFFICIAL
2008,2008-03-09,38 - Santa Cruz de Tenerife,PARTIDO CARLISTA DE EUSKALHERRIA-EUSKALHERRIKO KARLISTA ALDERDIA - PARTIDO CARLISTA-EKA,0,0,Ministerio del Interior / portal oficial de datos abiertos,PRIMARY_OFFICIAL
2008,2008-03-09,38 - Santa Cruz de Tenerife,PARTIDO CENTRISTA - PCTR,0,0,Ministerio del Interior / portal oficial de datos abiertos,PRIMARY_OFFICIAL
2008,2008-03-09,38 - Santa Cruz de Tenerife,PARTIDO CENTRISTAS - Centristas PCTR,0,0,Ministerio del Interior / portal oficial de datos abiertos,PRIMARY_OFFICIAL
2008,2008-03-09,38 - Santa Cruz de Tenerife,PARTIDO CENTRISTAS - PCTR,0,0,Ministerio del Interior / portal oficial de datos abiertos,PRIMARY_OFFICIAL
2008,2008-03-09,38 - Santa Cruz de Tenerife,PARTIDO CIUDADANOS UNIDOS DE ARAGON - pCUA,0,0,Ministerio del Interior / portal oficial de datos abiertos,PRIMARY_OFFICIAL
2008,2008-03-09,38 - Santa Cruz de Tenerife,PARTIDO COMUNISTA DE LOS PUEBLOS DE ESPAÑA - P.C.P.E.,0,0,Ministerio del Interior / portal oficial de datos abiertos,PRIMARY_OFFICIAL
2008,2008-03-09,38 - Santa Cruz de Tenerife,PARTIDO COMUNISTA DE LOS PUEBLOS DE ESPAÑA - P.C.P.E.-E.K.,0,0,Ministerio del Interior / portal oficial de datos abiertos,PRIMARY_OFFICIAL
2008,2008-03-09,38 - Santa Cruz de Tenerife,PARTIDO COMUNISTA DE LOS PUEBLOS DE ESPAÑA - PCPE,0,0,Ministerio del Interior / portal oficial de datos abiertos,PRIMARY_OFFICIAL
2008,2008-03-09,38 - Santa Cruz de Tenerife,PARTIDO COMUNISTA DE LOS PUEBLOS DE ESPAÑA-EUSKAL KOMUNISTAK - PCPE - EK,0,0,Ministerio del Interior / portal oficial de datos abiertos,PRIMARY_OFFICIAL
2008,2008-03-09,38 - Santa Cruz de Tenerife,PARTIDO COMUNISTA DEL PUEBLO CANARIO - PCPE,646,0,Ministerio del Interior / portal oficial de datos abiertos,PRIMARY_OFFICIAL
2008,2008-03-09,38 - Santa Cruz de Tenerife,PARTIDO COMUNISTA DEL PUEBLO CASTELLANO - PCPE,0,0,Ministerio del Interior / portal oficial de datos abiertos,PRIMARY_OFFICIAL
2008,2008-03-09,38 - Santa Cruz de Tenerife,PARTIDO COMUNISTA DEL PUEBLO CASTELLANO-PCPE - PCPE,0,0,Ministerio del Interior / portal oficial de datos abiertos,PRIMARY_OFFICIAL
2008,2008-03-09,38 - Santa Cruz de Tenerife,PARTIDO COMUNISTA DEL PUEBLO DE CATALUNYA - PCPC,0,0,Ministerio del Interior / portal oficial de datos abiertos,PRIMARY_OFFICIAL
2008,2008-03-09,38 - Santa Cruz de Tenerife,PARTIDO COMUNISTA DEL PUEBLO DE CATALUÑA - PCPC,0,0,Ministerio del Interior / portal oficial de datos abiertos,PRIMARY_OFFICIAL
2008,2008-03-09,38 - Santa Cruz de Tenerife,PARTIDO COMUNISTA DO POBO GALEGO - PCPG,0,0,Ministerio del Interior / portal oficial de datos abiertos,PRIMARY_OFFICIAL
2008,2008-03-09,38 - Santa Cruz de Tenerife,PARTIDO COMUNISTA DO POVO GALEGO - P.C.P.G.,0,0,Ministerio del Interior / portal oficial de datos abiertos,PRIMARY_OFFICIAL
2008,2008-03-09,38 - Santa Cruz de Tenerife,PARTIDO COMUNISTA PUEBLOS DE ESPAÑA - PCPE,0,0,Ministerio del Interior / portal oficial de datos abiertos,PRIMARY_OFFICIAL
2008,2008-03-09,38 - Santa Cruz de Tenerife,PARTIDO DE ALIANZA IBEROAMERICANA EUROPEA - PAIE,0,0,Ministerio del Interior / portal oficial de datos abiertos,PRIMARY_OFFICIAL
2008,2008-03-09,38 - Santa Cruz de Tenerife,PARTIDO DE ALMERIA - PdeAL,0,0,Ministerio del Interior / portal oficial de datos abiertos,PRIMARY_OFFICIAL
2008,2008-03-09,38 - Santa Cruz de Tenerife,PARTIDO DE LAS LIBERTADES CIVILES - PLCI,0,0,Ministerio del Interior / portal oficial de datos abiertos,PRIMARY_OFFICIAL
2008,2008-03-09,38 - Santa Cruz de Tenerife,PARTIDO DE LOS NO-FUMADORES - PNF (NO-FUMADORES),0,0,Ministerio del Interior / portal oficial de datos abiertos,PRIMARY_OFFICIAL
2008,2008-03-09,38 - Santa Cruz de Tenerife,PARTIDO DE LOS PENSIONISTAS EN ACCION - PDLPEA,0,0,Ministerio del Interior / portal oficial de datos abiertos,PRIMARY_OFFICIAL
2008,2008-03-09,38 - Santa Cruz de Tenerife,PARTIDO DOS SOCIALISTAS DE GALICIA-PARTIDO SOCIALISTA OBRERO ESPAÑOL - PSdeG-PSOE,0,0,Ministerio del Interior / portal oficial de datos abiertos,PRIMARY_OFFICIAL
2008,2008-03-09,38 - Santa Cruz de Tenerife,PARTIDO DOS SOCIALISTAS DE GALICIA-PSOE - PSdeG-PSOE,0,0,Ministerio del Interior / portal oficial de datos abiertos,PRIMARY_OFFICIAL
2008,2008-03-09,38 - Santa Cruz de Tenerife,PARTIDO FAMILIA Y VIDA - PFyV,159,0,Ministerio del Interior / portal oficial de datos abiertos,PRIMARY_OFFICIAL
2008,2008-03-09,38 - Santa Cruz de Tenerife,PARTIDO HACHE - PHache,0,0,Ministerio del Interior / portal oficial de datos abiertos,PRIMARY_OFFICIAL
2008,2008-03-09,38 - Santa Cruz de Tenerife,PARTIDO HUMANISTA - P.H.,0,0,Ministerio del Interior / portal oficial de datos abiertos,PRIMARY_OFFICIAL
2008,2008-03-09,38 - Santa Cruz de Tenerife,PARTIDO HUMANISTA - PH,205,0,Ministerio del Interior / portal oficial de datos abiertos,PRIMARY_OFFICIAL
2008,2008-03-09,38 - Santa Cruz de Tenerife,PARTIDO IZQUIERDA REPUBLICANA-PARTIT REPUBLICA D'ESQUERRA - IR-PRE,0,0,Ministerio del Interior / portal oficial de datos abiertos,PRIMARY_OFFICIAL
2008,2008-03-09,38 - Santa Cruz de Tenerife,PARTIDO LIBERAL DEL EMPLEO Y LA VIVIENDA ESTATAL - P.L.E.V.E.,0,0,Ministerio del Interior / portal oficial de datos abiertos,PRIMARY_OFFICIAL
2008,2008-03-09,38 - Santa Cruz de Tenerife,PARTIDO LIBERTADES CIVILES - PLCI,0,0,Ministerio del Interior / portal oficial de datos abiertos,PRIMARY_OFFICIAL
2008,2008-03-09,38 - Santa Cruz de Tenerife,PARTIDO OBRERO SOCIALISTA INTERNACIONALISTA - P.O.S.I.,0,0,Ministerio del Interior / portal oficial de datos abiertos,PRIMARY_OFFICIAL
2008,2008-03-09,38 - Santa Cruz de Tenerife,PARTIDO OBRERO SOCIALISTA INTERNACIONALISTA - POSI,0,0,Ministerio del Interior / portal oficial de datos abiertos,PRIMARY_OFFICIAL
2008,2008-03-09,38 - Santa Cruz de Tenerife,PARTIDO POLITICO ARALAR - aralar,0,0,Ministerio del Interior / portal oficial de datos abiertos,PRIMARY_OFFICIAL
2008,2008-03-09,38 - Santa Cruz de Tenerife,PARTIDO POPULAR - P.P.,0,0,Ministerio del Interior / portal oficial de datos abiertos,PRIMARY_OFFICIAL
2008,2008-03-09,38 - Santa Cruz de Tenerife,PARTIDO POPULAR - PP,148501,2,Ministerio del Interior / portal oficial de datos abiertos,PRIMARY_OFFICIAL
2008,2008-03-09,38 - Santa Cruz de Tenerife,PARTIDO POPULAR/PARTIT POPULAR - PP,0,0,Ministerio del Interior / portal oficial de datos abiertos,PRIMARY_OFFICIAL
2008,2008-03-09,38 - Santa Cruz de Tenerife,PARTIDO POR UN MUNDO MAS JUSTO - PUM+J,0,0,Ministerio del Interior / portal oficial de datos abiertos,PRIMARY_OFFICIAL
2008,2008-03-09,38 - Santa Cruz de Tenerife,PARTIDO POSITIVISTA CRISTIANO - PPCr,0,0,Ministerio del Interior / portal oficial de datos abiertos,PRIMARY_OFFICIAL
2008,2008-03-09,38 - Santa Cruz de Tenerife,PARTIDO REGIONALISTA DE GUADALAJARA - P.R.GU.,0,0,Ministerio del Interior / portal oficial de datos abiertos,PRIMARY_OFFICIAL
2008,2008-03-09,38 - Santa Cruz de Tenerife,PARTIDO REGIONALISTA DEL PAIS LEONES - PREPAL,0,0,Ministerio del Interior / portal oficial de datos abiertos,PRIMARY_OFFICIAL
2008,2008-03-09,38 - Santa Cruz de Tenerife,PARTIDO RIOJANO - PARTIDO RIOJANO,0,0,Ministerio del Interior / portal oficial de datos abiertos,PRIMARY_OFFICIAL
2008,2008-03-09,38 - Santa Cruz de Tenerife,PARTIDO SOCIAL DEMOCRATA - P.S.D.,0,0,Ministerio del Interior / portal oficial de datos abiertos,PRIMARY_OFFICIAL
2008,2008-03-09,38 - Santa Cruz de Tenerife,PARTIDO SOCIAL DEMOCRATA - PSD,470,0,Ministerio del Interior / portal oficial de datos abiertos,PRIMARY_OFFICIAL
2008,2008-03-09,38 - Santa Cruz de Tenerife,PARTIDO SOCIAL DEMOCRATA-FEDERACION DE LOS INDEPENDIENTES DE ARAGON - PSD-FIA,0,0,Ministerio del Interior / portal oficial de datos abiertos,PRIMARY_OFFICIAL
2008,2008-03-09,38 - Santa Cruz de Tenerife,PARTIDO SOCIALISTA DE EUSKADI-EUSKADIKO EZKERRA (PSOE) - PSE-EE (PSOE),0,0,Ministerio del Interior / portal oficial de datos abiertos,PRIMARY_OFFICIAL
2008,2008-03-09,38 - Santa Cruz de Tenerife,PARTIDO SOCIALISTA DE EUSKADI-EUSKADIKO EZKERRA - PSE-EE (PSOE),0,0,Ministerio del Interior / portal oficial de datos abiertos,PRIMARY_OFFICIAL
2008,2008-03-09,38 - Santa Cruz de Tenerife,PARTIDO SOCIALISTA OBRERO ESPAÑOL - P.S.O.E.,0,0,Ministerio del Interior / portal oficial de datos abiertos,PRIMARY_OFFICIAL
2008,2008-03-09,38 - Santa Cruz de Tenerife,PARTIDO SOCIALISTA OBRERO ESPAÑOL - PSOE,179622,3,Ministerio del Interior / portal oficial de datos abiertos,PRIMARY_OFFICIAL
2008,2008-03-09,38 - Santa Cruz de Tenerife,PARTIDO SOCIALISTA OBRERO ESPAÑOL DE ANDALUCIA - PSOE-A,0,0,Ministerio del Interior / portal oficial de datos abiertos,PRIMARY_OFFICIAL
2008,2008-03-09,38 - Santa Cruz de Tenerife,PARTIDO SOLIDARIDAD Y AUTOGESTION INTERNACIONALISTA - SAIN,0,0,Ministerio del Interior / portal oficial de datos abiertos,PRIMARY_OFFICIAL
2008,2008-03-09,38 - Santa Cruz de Tenerife,PARTIDO UNIONISTA ESTADO DE ESPAÑA - P.U.E.D.E.,0,0,Ministerio del Interior / portal oficial de datos abiertos,PRIMARY_OFFICIAL
2008,2008-03-09,38 - Santa Cruz de Tenerife,PARTIDO UNIONISTA ESTADO DE ESPAÑA - PUEDE,0,0,Ministerio del Interior / portal oficial de datos abiertos,PRIMARY_OFFICIAL
2008,2008-03-09,38 - Santa Cruz de Tenerife,PARTIT ANTITAURI CONTRA EL MALTRACTAMENT ANIMAL - P.A.C.M.A.,0,0,Ministerio del Interior / portal oficial de datos abiertos,PRIMARY_OFFICIAL
2008,2008-03-09,38 - Santa Cruz de Tenerife,PARTIT ANTITAURI CONTRA EL MALTRACTAMENT ANIMAL - PACMA,0,0,Ministerio del Interior / portal oficial de datos abiertos,PRIMARY_OFFICIAL
2008,2008-03-09,38 - Santa Cruz de Tenerife,PARTIT CARLI DE CATALUNYA - P. C. de C.,0,0,Ministerio del Interior / portal oficial de datos abiertos,PRIMARY_OFFICIAL
2008,2008-03-09,38 - Santa Cruz de Tenerife,PARTIT CARLI DE CATALUNYA - PCaC,0,0,Ministerio del Interior / portal oficial de datos abiertos,PRIMARY_OFFICIAL
2008,2008-03-09,38 - Santa Cruz de Tenerife,PARTIT COMUNISTA DEL POBLE DE CATALUNYA - P.C.P.C.,0,0,Ministerio del Interior / portal oficial de datos abiertos,PRIMARY_OFFICIAL
2008,2008-03-09,38 - Santa Cruz de Tenerife,PARTIT COMUNISTA DELS POBLES D'ESPANYA - PCPE,0,0,Ministerio del Interior / portal oficial de datos abiertos,PRIMARY_OFFICIAL
2008,2008-03-09,38 - Santa Cruz de Tenerife,PARTIT DELS SOCIALISTES DE CATALUNYA - PSC (PSC-PSOE),0,0,Ministerio del Interior / portal oficial de datos abiertos,PRIMARY_OFFICIAL
2008,2008-03-09,38 - Santa Cruz de Tenerife,PARTIT DELS SOCIALISTES DE CATALUNYA - PSC-PSOE,0,0,Ministerio del Interior / portal oficial de datos abiertos,PRIMARY_OFFICIAL
2008,2008-03-09,38 - Santa Cruz de Tenerife,PARTIT FAMILIA I VIDA - PFiV,0,0,Ministerio del Interior / portal oficial de datos abiertos,PRIMARY_OFFICIAL
2008,2008-03-09,38 - Santa Cruz de Tenerife,PARTIT HUMANISTA - P.H.,0,0,Ministerio del Interior / portal oficial de datos abiertos,PRIMARY_OFFICIAL
2008,2008-03-09,38 - Santa Cruz de Tenerife,PARTIT HUMANISTA - PH,0,0,Ministerio del Interior / portal oficial de datos abiertos,PRIMARY_OFFICIAL
2008,2008-03-09,38 - Santa Cruz de Tenerife,PARTIT HUMANISTA DE CATALUNYA - PH,0,0,Ministerio del Interior / portal oficial de datos abiertos,PRIMARY_OFFICIAL
2008,2008-03-09,38 - Santa Cruz de Tenerife,PARTIT ILLENC DE SES ILLES BALEARS - PIIB,0,0,Ministerio del Interior / portal oficial de datos abiertos,PRIMARY_OFFICIAL
2008,2008-03-09,38 - Santa Cruz de Tenerife,PARTIT OBRER SOCIALISTA INTERNACIONALISTA - P.O.S.I.,0,0,Ministerio del Interior / portal oficial de datos abiertos,PRIMARY_OFFICIAL
2008,2008-03-09,38 - Santa Cruz de Tenerife,PARTIT OBRER SOCIALISTA INTERNACIONALISTA - POSI,0,0,Ministerio del Interior / portal oficial de datos abiertos,PRIMARY_OFFICIAL
2008,2008-03-09,38 - Santa Cruz de Tenerife,PARTIT PER CATALUNYA - PxCat,0,0,Ministerio del Interior / portal oficial de datos abiertos,PRIMARY_OFFICIAL
2008,2008-03-09,38 - Santa Cruz de Tenerife,PARTIT POPULAR/PARTIDO POPULAR - P.P.,0,0,Ministerio del Interior / portal oficial de datos abiertos,PRIMARY_OFFICIAL
2008,2008-03-09,38 - Santa Cruz de Tenerife,PARTIT REPUBLICA CATALA - RC,0,0,Ministerio del Interior / portal oficial de datos abiertos,PRIMARY_OFFICIAL
2008,2008-03-09,38 - Santa Cruz de Tenerife,PER LA REPUBLICA VALENCIANA - PLRV,0,0,Ministerio del Interior / portal oficial de datos abiertos,PRIMARY_OFFICIAL
2008,2008-03-09,38 - Santa Cruz de Tenerife,PER LA REPUBLICA VALENCIANA - plRV,0,0,Ministerio del Interior / portal oficial de datos abiertos,PRIMARY_OFFICIAL
2008,2008-03-09,38 - Santa Cruz de Tenerife,POR UN MUNDO MAS JUSTO - PUM+J,442,0,Ministerio del Interior / portal oficial de datos abiertos,PRIMARY_OFFICIAL
2008,2008-03-09,38 - Santa Cruz de Tenerife,REPRESENTACION CANNABICA NAVARRA - RCN-NOK,0,0,Ministerio del Interior / portal oficial de datos abiertos,PRIMARY_OFFICIAL
2008,2008-03-09,38 - Santa Cruz de Tenerife,SOLIDARIDAD Y AUTOGESTION INTERNACIONALISTA - SAIN,0,0,Ministerio del Interior / portal oficial de datos abiertos,PRIMARY_OFFICIAL
2008,2008-03-09,38 - Santa Cruz de Tenerife,SOLIDARIDAD Y AUTOGESTION INTERNACIONALISTA - SAIn,0,0,Ministerio del Interior / portal oficial de datos abiertos,PRIMARY_OFFICIAL
2008,2008-03-09,38 - Santa Cruz de Tenerife,TIERRA COMUNERA - TC,0,0,Ministerio del Interior / portal oficial de datos abiertos,PRIMARY_OFFICIAL
2008,2008-03-09,38 - Santa Cruz de Tenerife,UNIDA - UNIDA,0,0,Ministerio del Interior / portal oficial de datos abiertos,PRIMARY_OFFICIAL
2008,2008-03-09,38 - Santa Cruz de Tenerife,UNIDAD CASTELLANA - Ud. Ca.,0,0,Ministerio del Interior / portal oficial de datos abiertos,PRIMARY_OFFICIAL
2008,2008-03-09,38 - Santa Cruz de Tenerife,UNIDAD DEL PUEBLO - UNIDAD DEL PUEBLO,245,0,Ministerio del Interior / portal oficial de datos abiertos,PRIMARY_OFFICIAL
2008,2008-03-09,38 - Santa Cruz de Tenerife,UNIDAD REGIONALISTA DE CASTILLA Y LEON - U.R.C.L.,0,0,Ministerio del Interior / portal oficial de datos abiertos,PRIMARY_OFFICIAL
2008,2008-03-09,38 - Santa Cruz de Tenerife,UNION CENTRISTA LIBERAL - UCL,0,0,Ministerio del Interior / portal oficial de datos abiertos,PRIMARY_OFFICIAL
2008,2008-03-09,38 - Santa Cruz de Tenerife,UNION CIUDADANA PROGRESISTAS INDEPENDIENTES DE CANARIAS - UCPIC,464,0,Ministerio del Interior / portal oficial de datos abiertos,PRIMARY_OFFICIAL
2008,2008-03-09,38 - Santa Cruz de Tenerife,UNION DEL PUEBLO LEONES - UPL,0,0,Ministerio del Interior / portal oficial de datos abiertos,PRIMARY_OFFICIAL
2008,2008-03-09,38 - Santa Cruz de Tenerife,UNION DEL PUEBLO NAVARRO EN COALICION CON EL PARTIDO POPULAR - UPN-PP,0,0,Ministerio del Interior / portal oficial de datos abiertos,PRIMARY_OFFICIAL
2008,2008-03-09,38 - Santa Cruz de Tenerife,UNION POR LEGANES - ULEG,0,0,Ministerio del Interior / portal oficial de datos abiertos,PRIMARY_OFFICIAL
2008,2008-03-09,38 - Santa Cruz de Tenerife,UNION PROGRESO Y DEMOCRACIA - UPD,0,0,Ministerio del Interior / portal oficial de datos abiertos,PRIMARY_OFFICIAL
2008,2008-03-09,38 - Santa Cruz de Tenerife,UNION PROGRESO Y DEMOCRACIA - UPyD,0,0,Ministerio del Interior / portal oficial de datos abiertos,PRIMARY_OFFICIAL
2008,2008-03-09,38 - Santa Cruz de Tenerife,"UNION, PROGRESO Y DEMOCRACIA - UPyD",1750,0,Ministerio del Interior / portal oficial de datos abiertos,PRIMARY_OFFICIAL
2008,2008-03-09,38 - Santa Cruz de Tenerife,UNITAT PER LES ILLES - UNITAT PER LES ILLES,0,0,Ministerio del Interior / portal oficial de datos abiertos,PRIMARY_OFFICIAL
2008,2008-03-09,39 - Cantabria,AGRUPACION CIUDADANA - AGRUCI,0,0,Ministerio del Interior / portal oficial de datos abiertos,PRIMARY_OFFICIAL
2008,2008-03-09,39 - Cantabria,ALIANZA NACIONAL - A.u.N.,0,0,Ministerio del Interior / portal oficial de datos abiertos,PRIMARY_OFFICIAL
2008,2008-03-09,39 - Cantabria,ALIANZA NACIONAL - AN,0,0,Ministerio del Interior / portal oficial de datos abiertos,PRIMARY_OFFICIAL
2008,2008-03-09,39 - Cantabria,ALIANZA NACIONAL - AUN,0,0,Ministerio del Interior / portal oficial de datos abiertos,PRIMARY_OFFICIAL
2008,2008-03-09,39 - Cantabria,ALIANZA NACIONAL - AuN,0,0,Ministerio del Interior / portal oficial de datos abiertos,PRIMARY_OFFICIAL
2008,2008-03-09,39 - Cantabria,ALIANZA POR BURGOS - AxB,0,0,Ministerio del Interior / portal oficial de datos abiertos,PRIMARY_OFFICIAL
2008,2008-03-09,39 - Cantabria,ALIANÇA BALEAR - ABA,0,0,Ministerio del Interior / portal oficial de datos abiertos,PRIMARY_OFFICIAL
2008,2008-03-09,39 - Cantabria,ALTERNATIVA EN BLANCO - ABLA,0,0,Ministerio del Interior / portal oficial de datos abiertos,PRIMARY_OFFICIAL
2008,2008-03-09,39 - Cantabria,ALTERNATIVA EN BLANCO - aBla,305,0,Ministerio del Interior / portal oficial de datos abiertos,PRIMARY_OFFICIAL
2008,2008-03-09,39 - Cantabria,ALTERNATIVA ESPAÑOLA - AES,157,0,Ministerio del Interior / portal oficial de datos abiertos,PRIMARY_OFFICIAL
2008,2008-03-09,39 - Cantabria,ALTERNATIVA MOTOR Y DEPORTE - A.M.D.,0,0,Ministerio del Interior / portal oficial de datos abiertos,PRIMARY_OFFICIAL
2008,2008-03-09,39 - Cantabria,ALTERNATIVA MOTOR Y DEPORTES - A.M.D.,394,0,Ministerio del Interior / portal oficial de datos abiertos,PRIMARY_OFFICIAL
2008,2008-03-09,39 - Cantabria,ALTERNATIVA MOTOR Y DEPORTES - AMD,0,0,Ministerio del Interior / portal oficial de datos abiertos,PRIMARY_OFFICIAL
2008,2008-03-09,39 - Cantabria,ALTERNATIVA NACIONALISTA CANARIA - ANC,0,0,Ministerio del Interior / portal oficial de datos abiertos,PRIMARY_OFFICIAL
2008,2008-03-09,39 - Cantabria,ANDECHA ASTUR - AA,0,0,Ministerio del Interior / portal oficial de datos abiertos,PRIMARY_OFFICIAL
2008,2008-03-09,39 - Cantabria,ARALAR - aralar,0,0,Ministerio del Interior / portal oficial de datos abiertos,PRIMARY_OFFICIAL
2008,2008-03-09,39 - Cantabria,ASAMBLEA DE VOTACION ELECTRONICA - AVE,0,0,Ministerio del Interior / portal oficial de datos abiertos,PRIMARY_OFFICIAL
2008,2008-03-09,39 - Cantabria,BERDEAK-LOS VERDES - B-LV,0,0,Ministerio del Interior / portal oficial de datos abiertos,PRIMARY_OFFICIAL
2008,2008-03-09,39 - Cantabria,BLOC-INICIATIVA-VERDS - BLOC-IDPV-EV-EE,0,0,Ministerio del Interior / portal oficial de datos abiertos,PRIMARY_OFFICIAL
2008,2008-03-09,39 - Cantabria,BLOC-INICIATIVA-VERDS - BLOC-IdPV-EV-EE,0,0,Ministerio del Interior / portal oficial de datos abiertos,PRIMARY_OFFICIAL
2008,2008-03-09,39 - Cantabria,BLOQUE NACIONALISTA GALEGO - B.N.G.,0,0,Ministerio del Interior / portal oficial de datos abiertos,PRIMARY_OFFICIAL
2008,2008-03-09,39 - Cantabria,BLOQUE NACIONALISTA GALEGO - BNG,0,0,Ministerio del Interior / portal oficial de datos abiertos,PRIMARY_OFFICIAL
2008,2008-03-09,39 - Cantabria,CENTRO DEMOCRATICO ESPAÑOL - C.D.Es.,0,0,Ministerio del Interior / portal oficial de datos abiertos,PRIMARY_OFFICIAL
2008,2008-03-09,39 - Cantabria,CENTRO DEMOCRATICO ESPAÑOL - CDEs,0,0,Ministerio del Interior / portal oficial de datos abiertos,PRIMARY_OFFICIAL
2008,2008-03-09,39 - Cantabria,CENTRO DEMOCRATICO LIBERAL - C.D.L.,0,0,Ministerio del Interior / portal oficial de datos abiertos,PRIMARY_OFFICIAL
2008,2008-03-09,39 - Cantabria,CENTRO DEMOCRATICO LIBERAL - CDL,0,0,Ministerio del Interior / portal oficial de datos abiertos,PRIMARY_OFFICIAL
2008,2008-03-09,39 - Cantabria,CENTRO DEMOCRATICO SOCIAL - C.D.S.,0,0,Ministerio del Interior / portal oficial de datos abiertos,PRIMARY_OFFICIAL
2008,2008-03-09,39 - Cantabria,CENTRO DEMOCRATICO Y SOCIAL - CDS,0,0,Ministerio del Interior / portal oficial de datos abiertos,PRIMARY_OFFICIAL
2008,2008-03-09,39 - Cantabria,CHUNTA ARAGONESISTA - CHA,0,0,Ministerio del Interior / portal oficial de datos abiertos,PRIMARY_OFFICIAL
2008,2008-03-09,39 - Cantabria,CIUDADANOS EN BLANCO - CENB,0,0,Ministerio del Interior / portal oficial de datos abiertos,PRIMARY_OFFICIAL
2008,2008-03-09,39 - Cantabria,CIUDADANOS EN BLANCO - CNB,0,0,Ministerio del Interior / portal oficial de datos abiertos,PRIMARY_OFFICIAL
2008,2008-03-09,39 - Cantabria,CIUDADANOS EN BLANCO - CenB,0,0,Ministerio del Interior / portal oficial de datos abiertos,PRIMARY_OFFICIAL
2008,2008-03-09,39 - Cantabria,CIUDADANOS EN BLANCO - Cenb,297,0,Ministerio del Interior / portal oficial de datos abiertos,PRIMARY_OFFICIAL
2008,2008-03-09,39 - Cantabria,CIUDADANOS PARTIDO DE LA CIUDADANIA - C's,0,0,Ministerio del Interior / portal oficial de datos abiertos,PRIMARY_OFFICIAL
2008,2008-03-09,39 - Cantabria,CIUDADANOS-PARTIDO DE LA CIUDADANIA - C's,286,0,Ministerio del Interior / portal oficial de datos abiertos,PRIMARY_OFFICIAL
2008,2008-03-09,39 - Cantabria,"CIUDADANOS-PARTIDO DE LA CIUDADANIA - C,S",0,0,Ministerio del Interior / portal oficial de datos abiertos,PRIMARY_OFFICIAL
2008,2008-03-09,39 - Cantabria,CIUTADANS-PARTIDO DE LA CIUDADANIA - C's,0,0,Ministerio del Interior / portal oficial de datos abiertos,PRIMARY_OFFICIAL
2008,2008-03-09,39 - Cantabria,COALICIO TREBALLADORS PER LA DEMOCRACIA - TD,0,0,Ministerio del Interior / portal oficial de datos abiertos,PRIMARY_OFFICIAL
2008,2008-03-09,39 - Cantabria,COALICIO VALENCIANA - CVa,0,0,Ministerio del Interior / portal oficial de datos abiertos,PRIMARY_OFFICIAL
2008,2008-03-09,39 - Cantabria,COALICION ANDALUCISTA - CA,0,0,Ministerio del Interior / portal oficial de datos abiertos,PRIMARY_OFFICIAL
2008,2008-03-09,39 - Cantabria,COALICION CANARIA-PARTIDO NACIONALISTA CANARIO - CC-PNC,0,0,Ministerio del Interior / portal oficial de datos abiertos,PRIMARY_OFFICIAL
2008,2008-03-09,39 - Cantabria,COALICION CANARIA-PARTIDO NACIONALISTA CANARIO-PARTIDO DE INDEPENDIENTES DE LANZAROTE - CC-PNC-PIL,0,0,Ministerio del Interior / portal oficial de datos abiertos,PRIMARY_OFFICIAL
2008,2008-03-09,39 - Cantabria,COMUNION TRADICIONALISTA CARLISTA - C.T.C.,0,0,Ministerio del Interior / portal oficial de datos abiertos,PRIMARY_OFFICIAL
2008,2008-03-09,39 - Cantabria,COMUNION TRADICIONALISTA CARLISTA - CTC,0,0,Ministerio del Interior / portal oficial de datos abiertos,PRIMARY_OFFICIAL
2008,2008-03-09,39 - Cantabria,CONVERGENCIA DEMOCRATICA ASTURIANA - CDAS,0,0,Ministerio del Interior / portal oficial de datos abiertos,PRIMARY_OFFICIAL
2008,2008-03-09,39 - Cantabria,CONVERGENCIA I UNIO - CIU,0,0,Ministerio del Interior / portal oficial de datos abiertos,PRIMARY_OFFICIAL
2008,2008-03-09,39 - Cantabria,CONVERGENCIA I UNIO - CiU,0,0,Ministerio del Interior / portal oficial de datos abiertos,PRIMARY_OFFICIAL
2008,2008-03-09,39 - Cantabria,DEMOCRACIA NACIONAL - D.N.,0,0,Ministerio del Interior / portal oficial de datos abiertos,PRIMARY_OFFICIAL
2008,2008-03-09,39 - Cantabria,DEMOCRACIA NACIONAL - DN,154,0,Ministerio del Interior / portal oficial de datos abiertos,PRIMARY_OFFICIAL
2008,2008-03-09,39 - Cantabria,EI ESCONS INSUBMISOS-ALTERNATIVA DELS DEMOCRATES DESCONTENTS - Ei,0,0,Ministerio del Interior / portal oficial de datos abiertos,PRIMARY_OFFICIAL
2008,2008-03-09,39 - Cantabria,ELS VERDS - L'ALTERNATIVA ECOLOGISTA - EV-AE,0,0,Ministerio del Interior / portal oficial de datos abiertos,PRIMARY_OFFICIAL
2008,2008-03-09,39 - Cantabria,ELS VERDS-ALTERNATIVA VERDA - E.V.-A.V.,0,0,Ministerio del Interior / portal oficial de datos abiertos,PRIMARY_OFFICIAL
2008,2008-03-09,39 - Cantabria,ELS VERDS-LOS VERDES - EV-LV,0,0,Ministerio del Interior / portal oficial de datos abiertos,PRIMARY_OFFICIAL
2008,2008-03-09,39 - Cantabria,ESCONS INSUBMISOS ALTERNATIVA DELS DEMOCRATES DESCONTENTS - EI-ADD,0,0,Ministerio del Interior / portal oficial de datos abiertos,PRIMARY_OFFICIAL
2008,2008-03-09,39 - Cantabria,ESCONS INSUBMISOS-ALTERNATIVA DELS DEMOCRATES DESCONTENTS - Ei,0,0,Ministerio del Interior / portal oficial de datos abiertos,PRIMARY_OFFICIAL
2008,2008-03-09,39 - Cantabria,ESPAÑA 2000 - E-2000,0,0,Ministerio del Interior / portal oficial de datos abiertos,PRIMARY_OFFICIAL
2008,2008-03-09,39 - Cantabria,ESPAÑA-2000 - E-2000,0,0,Ministerio del Interior / portal oficial de datos abiertos,PRIMARY_OFFICIAL
2008,2008-03-09,39 - Cantabria,ESQUERDA UNIDA-IZQUIERDA UNIDA-ALTERNATIVA - EU-IU,0,0,Ministerio del Interior / portal oficial de datos abiertos,PRIMARY_OFFICIAL
2008,2008-03-09,39 - Cantabria,ESQUERRA REPUBLICANA DE CATALUNYA - ESQUERRA,0,0,Ministerio del Interior / portal oficial de datos abiertos,PRIMARY_OFFICIAL
2008,2008-03-09,39 - Cantabria,ESQUERRA REPUBLICANA DE CATALUNYA - esquerra,0,0,Ministerio del Interior / portal oficial de datos abiertos,PRIMARY_OFFICIAL
2008,2008-03-09,39 - Cantabria,ESQUERRA REPUBLICANA DEL PAIS VALENCIA-PAIS VALENCIA SI - ESQUERRA-PV,0,0,Ministerio del Interior / portal oficial de datos abiertos,PRIMARY_OFFICIAL
2008,2008-03-09,39 - Cantabria,"ESQUERRA REPUBLICANA DEL PAIS VALENCIA-PAIS VALENCIA, SI - ESQUERRA-PV",0,0,Ministerio del Interior / portal oficial de datos abiertos,PRIMARY_OFFICIAL
2008,2008-03-09,39 - Cantabria,ESQUERRA UNIDA - ELS VERDS - EU-EV,0,0,Ministerio del Interior / portal oficial de datos abiertos,PRIMARY_OFFICIAL
2008,2008-03-09,39 - Cantabria,ESQUERRA UNIDA DEL PAIS VALENCIA-IZQUIERDA REPUBLICANA: ESQUERRA UNIDA I REPUBLICANA - EUPV-IR,0,0,Ministerio del Interior / portal oficial de datos abiertos,PRIMARY_OFFICIAL
2008,2008-03-09,39 - Cantabria,ESQUERRA UNIDA DEL PAIS VALENCIA-IZQUIERDA REPUBLICANA:ESQUERRA UNIDA I REPUBLICANA - EUPV-IR,0,0,Ministerio del Interior / portal oficial de datos abiertos,PRIMARY_OFFICIAL
2008,2008-03-09,39 - Cantabria,EUSKO ALKARTASUNA - EA,0,0,Ministerio del Interior / portal oficial de datos abiertos,PRIMARY_OFFICIAL
2008,2008-03-09,39 - Cantabria,EUZKO ALDERDI JELTZALEA-PARTIDO NACIONALISTA VASCO - EAJ-PNV,0,0,Ministerio del Interior / portal oficial de datos abiertos,PRIMARY_OFFICIAL
2008,2008-03-09,39 - Cantabria,EXTREMADURA UNIDA - EXTREMADURA UNIDA,0,0,Ministerio del Interior / portal oficial de datos abiertos,PRIMARY_OFFICIAL
2008,2008-03-09,39 - Cantabria,EZKER BATUA-BERDEAK-ALTERNATIVA - EB-B,0,0,Ministerio del Interior / portal oficial de datos abiertos,PRIMARY_OFFICIAL
2008,2008-03-09,39 - Cantabria,FALANGE AUTENTICA - F.A.,112,0,Ministerio del Interior / portal oficial de datos abiertos,PRIMARY_OFFICIAL
2008,2008-03-09,39 - Cantabria,FALANGE AUTENTICA - FA,0,0,Ministerio del Interior / portal oficial de datos abiertos,PRIMARY_OFFICIAL
2008,2008-03-09,39 - Cantabria,FALANGE ESPAÑOLA DE LA JONS - FE de las JONS,0,0,Ministerio del Interior / portal oficial de datos abiertos,PRIMARY_OFFICIAL
2008,2008-03-09,39 - Cantabria,FALANGE ESPAÑOLA DE LAS J.O.N.S. - F.E. de las J.O.N.S.,0,0,Ministerio del Interior / portal oficial de datos abiertos,PRIMARY_OFFICIAL
2008,2008-03-09,39 - Cantabria,FALANGE ESPAÑOLA DE LAS J.O.N.S. - FE de las JONS,0,0,Ministerio del Interior / portal oficial de datos abiertos,PRIMARY_OFFICIAL
2008,2008-03-09,39 - Cantabria,FALANGE ESPAÑOLA DE LAS J.O.N.S. - FE-JONS,0,0,Ministerio del Interior / portal oficial de datos abiertos,PRIMARY_OFFICIAL
2008,2008-03-09,39 - Cantabria,FALANGE ESPAÑOLA DE LAS JONS - F.E. de las J.O.N.S.,0,0,Ministerio del Interior / portal oficial de datos abiertos,PRIMARY_OFFICIAL
2008,2008-03-09,39 - Cantabria,FALANGE ESPAÑOLA DE LAS JONS - FE DE LAS JONS,0,0,Ministerio del Interior / portal oficial de datos abiertos,PRIMARY_OFFICIAL
2008,2008-03-09,39 - Cantabria,FALANGE ESPAÑOLA DE LAS JONS - FE de las JONS,302,0,Ministerio del Interior / portal oficial de datos abiertos,PRIMARY_OFFICIAL
2008,2008-03-09,39 - Cantabria,FALANGE ESPAÑOLA DE LAS JONS - FE-JONS,0,0,Ministerio del Interior / portal oficial de datos abiertos,PRIMARY_OFFICIAL
2008,2008-03-09,39 - Cantabria,FAMILIA I VIDA - PFiV,0,0,Ministerio del Interior / portal oficial de datos abiertos,PRIMARY_OFFICIAL
2008,2008-03-09,39 - Cantabria,FAMILIA Y VIDA - PFyV,0,0,Ministerio del Interior / portal oficial de datos abiertos,PRIMARY_OFFICIAL
2008,2008-03-09,39 - Cantabria,FRENTE ESPAÑOL - F.E,0,0,Ministerio del Interior / portal oficial de datos abiertos,PRIMARY_OFFICIAL
2008,2008-03-09,39 - Cantabria,FRENTE ESPAÑOL - F.E.,0,0,Ministerio del Interior / portal oficial de datos abiertos,PRIMARY_OFFICIAL
2008,2008-03-09,39 - Cantabria,FRENTE ESPAÑOL - FRENTE,0,0,Ministerio del Interior / portal oficial de datos abiertos,PRIMARY_OFFICIAL
2008,2008-03-09,39 - Cantabria,GENTES DE EL BIERZO - PB-UB,0,0,Ministerio del Interior / portal oficial de datos abiertos,PRIMARY_OFFICIAL
2008,2008-03-09,39 - Cantabria,IDENTITAT REGNE DE VALENCIA - IRV,0,0,Ministerio del Interior / portal oficial de datos abiertos,PRIMARY_OFFICIAL
2008,2008-03-09,39 - Cantabria,INDEPENDIENTES POR CUENCA - ixC,0,0,Ministerio del Interior / portal oficial de datos abiertos,PRIMARY_OFFICIAL
2008,2008-03-09,39 - Cantabria,INICIATIVA CIUDADANA BURGALESA - I.C.Bur,0,0,Ministerio del Interior / portal oficial de datos abiertos,PRIMARY_OFFICIAL
2008,2008-03-09,39 - Cantabria,INICIATIVA MERINDADES DE CASTILLA - I.M.C.,0,0,Ministerio del Interior / portal oficial de datos abiertos,PRIMARY_OFFICIAL
2008,2008-03-09,39 - Cantabria,INICIATIVA PER CATALUNYA VERDS - ESQUERRA UNIDA I ALTERNATIVA - ICV-EUiA,0,0,Ministerio del Interior / portal oficial de datos abiertos,PRIMARY_OFFICIAL
2008,2008-03-09,39 - Cantabria,INICIATIVA PER CATALUNYA VERDS-ESQUERRA UNIDA I ALTERNATIVA - ICV-EUiA,0,0,Ministerio del Interior / portal oficial de datos abiertos,PRIMARY_OFFICIAL
2008,2008-03-09,39 - Cantabria,IZQUIERDA REPUBLICANA - IR,0,0,Ministerio del Interior / portal oficial de datos abiertos,PRIMARY_OFFICIAL
2008,2008-03-09,39 - Cantabria,IZQUIERDA REPUBLICANA-PARTIT REPUBLICA D'ESQUERRA - IR-PRE,0,0,Ministerio del Interior / portal oficial de datos abiertos,PRIMARY_OFFICIAL
2008,2008-03-09,39 - Cantabria,IZQUIERDA UNIDA - BLOQUE POR ASTURIES - LOS VERDES - IU-B.A-LOS VERDES,0,0,Ministerio del Interior / portal oficial de datos abiertos,PRIMARY_OFFICIAL
2008,2008-03-09,39 - Cantabria,IZQUIERDA UNIDA CANARIA-ALTERNATIVA - IUC,0,0,Ministerio del Interior / portal oficial de datos abiertos,PRIMARY_OFFICIAL
2008,2008-03-09,39 - Cantabria,IZQUIERDA UNIDA COMUNIDAD DE MADRID-ALTERNATIVA - IU-CM.,0,0,Ministerio del Interior / portal oficial de datos abiertos,PRIMARY_OFFICIAL
2008,2008-03-09,39 - Cantabria,IZQUIERDA UNIDA DE CEUTA - I.U.,0,0,Ministerio del Interior / portal oficial de datos abiertos,PRIMARY_OFFICIAL
2008,2008-03-09,39 - Cantabria,IZQUIERDA UNIDA DE LA REGION DE MURCIA-ALTERNATIVA - I.U.R.M.,0,0,Ministerio del Interior / portal oficial de datos abiertos,PRIMARY_OFFICIAL
2008,2008-03-09,39 - Cantabria,IZQUIERDA UNIDA DE NAVARRA - NAFARROAKO EZKER BATUA - ALTERNATIVA - IUN-NEB,0,0,Ministerio del Interior / portal oficial de datos abiertos,PRIMARY_OFFICIAL
2008,2008-03-09,39 - Cantabria,IZQUIERDA UNIDA LOS VERDES CONVOCATORIA POR ANDALUCIA-ALTERNATIVA - IULV-CA,0,0,Ministerio del Interior / portal oficial de datos abiertos,PRIMARY_OFFICIAL
2008,2008-03-09,39 - Cantabria,IZQUIERDA UNIDA LOS VERDES-CONVOCATORIA POR ANDALUCIA - ALTERNATIVA - IULV-CA,0,0,Ministerio del Interior / portal oficial de datos abiertos,PRIMARY_OFFICIAL
2008,2008-03-09,39 - Cantabria,IZQUIERDA UNIDA LOS VERDES-CONVOCATORIA POR ANDALUCIA-ALTERNATIVA - IULV-CA,0,0,Ministerio del Interior / portal oficial de datos abiertos,PRIMARY_OFFICIAL
2008,2008-03-09,39 - Cantabria,IZQUIERDA UNIDA-ALTERNATIVA - I.U.,8395,0,Ministerio del Interior / portal oficial de datos abiertos,PRIMARY_OFFICIAL
2008,2008-03-09,39 - Cantabria,IZQUIERDA UNIDA-ALTERNATIVA - IU,0,0,Ministerio del Interior / portal oficial de datos abiertos,PRIMARY_OFFICIAL
2008,2008-03-09,39 - Cantabria,LLUITA INTERNACIONALISTA - (LI(LIT-CI)),0,0,Ministerio del Interior / portal oficial de datos abiertos,PRIMARY_OFFICIAL
2008,2008-03-09,39 - Cantabria,LLUITA INTERNACIONALISTA - L.I.(LIT-CI),0,0,Ministerio del Interior / portal oficial de datos abiertos,PRIMARY_OFFICIAL
2008,2008-03-09,39 - Cantabria,LLUITA INTERNACIONALISTA - LI-LITCI,0,0,Ministerio del Interior / portal oficial de datos abiertos,PRIMARY_OFFICIAL
2008,2008-03-09,39 - Cantabria,LOS VERDES - LOS VERDES,0,0,Ministerio del Interior / portal oficial de datos abiertos,PRIMARY_OFFICIAL
2008,2008-03-09,39 - Cantabria,LOS VERDES - LV,0,0,Ministerio del Interior / portal oficial de datos abiertos,PRIMARY_OFFICIAL
2008,2008-03-09,39 - Cantabria,LOS VERDES - VERDES,0,0,Ministerio del Interior / portal oficial de datos abiertos,PRIMARY_OFFICIAL
2008,2008-03-09,39 - Cantabria,LOS VERDES COMUNIDAD DE MADRID-LOS VERDES DE EUROPA - LVCM-LVE,0,0,Ministerio del Interior / portal oficial de datos abiertos,PRIMARY_OFFICIAL
2008,2008-03-09,39 - Cantabria,LOS VERDES DE EUROPA - LOS VERDES DE EUROPA,0,0,Ministerio del Interior / portal oficial de datos abiertos,PRIMARY_OFFICIAL
2008,2008-03-09,39 - Cantabria,LOS VERDES DE EUROPA - LVE,1060,0,Ministerio del Interior / portal oficial de datos abiertos,PRIMARY_OFFICIAL
2008,2008-03-09,39 - Cantabria,LOS VERDES DE EXTREMADURA - LV,0,0,Ministerio del Interior / portal oficial de datos abiertos,PRIMARY_OFFICIAL
2008,2008-03-09,39 - Cantabria,LOS VERDES-ELS VERDS - LV-EV,0,0,Ministerio del Interior / portal oficial de datos abiertos,PRIMARY_OFFICIAL
2008,2008-03-09,39 - Cantabria,LOS VERDES-GRUPO VERDE - L.V.,0,0,Ministerio del Interior / portal oficial de datos abiertos,PRIMARY_OFFICIAL
2008,2008-03-09,39 - Cantabria,LOS VERDES-GRUPO VERDE - LV,0,0,Ministerio del Interior / portal oficial de datos abiertos,PRIMARY_OFFICIAL
2008,2008-03-09,39 - Cantabria,LOS VERDES-GRUPO VERDE - LV-GV,0,0,Ministerio del Interior / portal oficial de datos abiertos,PRIMARY_OFFICIAL
2008,2008-03-09,39 - Cantabria,LUCHA INTERNACIONALISTA - LI-LITCI,0,0,Ministerio del Interior / portal oficial de datos abiertos,PRIMARY_OFFICIAL
2008,2008-03-09,39 - Cantabria,MOVIMIENTO FALANGISTA DE ESPAÑA - M.F.E.,0,0,Ministerio del Interior / portal oficial de datos abiertos,PRIMARY_OFFICIAL
2008,2008-03-09,39 - Cantabria,MOVIMIENTO POR LA UNIDAD DEL PUEBLO CANARIO - MUPC,0,0,Ministerio del Interior / portal oficial de datos abiertos,PRIMARY_OFFICIAL
2008,2008-03-09,39 - Cantabria,NAFARROA BAI - NA-BAI,0,0,Ministerio del Interior / portal oficial de datos abiertos,PRIMARY_OFFICIAL
2008,2008-03-09,39 - Cantabria,NOSALTRES SOM - N som,0,0,Ministerio del Interior / portal oficial de datos abiertos,PRIMARY_OFFICIAL
2008,2008-03-09,39 - Cantabria,NUEVA CANARIAS-CENTRO CANARIO - NC-CCN,0,0,Ministerio del Interior / portal oficial de datos abiertos,PRIMARY_OFFICIAL
2008,2008-03-09,39 - Cantabria,OPCIO NACIONALISTA VALENCIANA - O.N.V.,0,0,Ministerio del Interior / portal oficial de datos abiertos,PRIMARY_OFFICIAL
2008,2008-03-09,39 - Cantabria,OPCIO NACIONALISTA VALENCIANA - ONV,0,0,Ministerio del Interior / portal oficial de datos abiertos,PRIMARY_OFFICIAL
2008,2008-03-09,39 - Cantabria,OS VERDES - GRUPO VERDE - OV,0,0,Ministerio del Interior / portal oficial de datos abiertos,PRIMARY_OFFICIAL
2008,2008-03-09,39 - Cantabria,PARTIDO ALTERNATIVA MOTOR Y DEPORTES - A.M.D.,0,0,Ministerio del Interior / portal oficial de datos abiertos,PRIMARY_OFFICIAL
2008,2008-03-09,39 - Cantabria,PARTIDO ANTITAURINO CONTRA EL MALTRATO ANIMAL - P.A.C.M.A,0,0,Ministerio del Interior / portal oficial de datos abiertos,PRIMARY_OFFICIAL
2008,2008-03-09,39 - Cantabria,PARTIDO ANTITAURINO CONTRA EL MALTRATO ANIMAL - P.A.C.M.A.,713,0,Ministerio del Interior / portal oficial de datos abiertos,PRIMARY_OFFICIAL
2008,2008-03-09,39 - Cantabria,PARTIDO ANTITAURINO CONTRA EL MALTRATO ANIMAL - PACMA,0,0,Ministerio del Interior / portal oficial de datos abiertos,PRIMARY_OFFICIAL
2008,2008-03-09,39 - Cantabria,PARTIDO ARAGONES - PAR,0,0,Ministerio del Interior / portal oficial de datos abiertos,PRIMARY_OFFICIAL
2008,2008-03-09,39 - Cantabria,PARTIDO CARLISTA - P.C.,0,0,Ministerio del Interior / portal oficial de datos abiertos,PRIMARY_OFFICIAL
2008,2008-03-09,39 - Cantabria,PARTIDO CARLISTA - PARTIDO CARLISTA,0,0,Ministerio del Interior / portal oficial de datos abiertos,PRIMARY_OFFICIAL
2008,2008-03-09,39 - Cantabria,PARTIDO CARLISTA - PC,0,0,Ministerio del Interior / portal oficial de datos abiertos,PRIMARY_OFFICIAL
2008,2008-03-09,39 - Cantabria,PARTIDO CARLISTA DE EUSKALERRIA-PARTIDO CARLISTA - EKA-PC.,0,0,Ministerio del Interior / portal oficial de datos abiertos,PRIMARY_OFFICIAL
2008,2008-03-09,39 - Cantabria,PARTIDO CARLISTA DE EUSKALHERRIA-EUSKALHERRIKO KARLISTA ALDERDIA - PARTIDO CARLISTA-EKA,0,0,Ministerio del Interior / portal oficial de datos abiertos,PRIMARY_OFFICIAL
2008,2008-03-09,39 - Cantabria,PARTIDO CENTRISTA - PCTR,0,0,Ministerio del Interior / portal oficial de datos abiertos,PRIMARY_OFFICIAL
2008,2008-03-09,39 - Cantabria,PARTIDO CENTRISTAS - Centristas PCTR,0,0,Ministerio del Interior / portal oficial de datos abiertos,PRIMARY_OFFICIAL
2008,2008-03-09,39 - Cantabria,PARTIDO CENTRISTAS - PCTR,0,0,Ministerio del Interior / portal oficial de datos abiertos,PRIMARY_OFFICIAL
2008,2008-03-09,39 - Cantabria,PARTIDO CIUDADANOS UNIDOS DE ARAGON - pCUA,0,0,Ministerio del Interior / portal oficial de datos abiertos,PRIMARY_OFFICIAL
2008,2008-03-09,39 - Cantabria,PARTIDO COMUNISTA DE LOS PUEBLOS DE ESPAÑA - P.C.P.E.,0,0,Ministerio del Interior / portal oficial de datos abiertos,PRIMARY_OFFICIAL
2008,2008-03-09,39 - Cantabria,PARTIDO COMUNISTA DE LOS PUEBLOS DE ESPAÑA - P.C.P.E.-E.K.,0,0,Ministerio del Interior / portal oficial de datos abiertos,PRIMARY_OFFICIAL
2008,2008-03-09,39 - Cantabria,PARTIDO COMUNISTA DE LOS PUEBLOS DE ESPAÑA - PCPE,497,0,Ministerio del Interior / portal oficial de datos abiertos,PRIMARY_OFFICIAL
2008,2008-03-09,39 - Cantabria,PARTIDO COMUNISTA DE LOS PUEBLOS DE ESPAÑA-EUSKAL KOMUNISTAK - PCPE - EK,0,0,Ministerio del Interior / portal oficial de datos abiertos,PRIMARY_OFFICIAL
2008,2008-03-09,39 - Cantabria,PARTIDO COMUNISTA DEL PUEBLO CANARIO - PCPE,0,0,Ministerio del Interior / portal oficial de datos abiertos,PRIMARY_OFFICIAL
2008,2008-03-09,39 - Cantabria,PARTIDO COMUNISTA DEL PUEBLO CASTELLANO - PCPE,0,0,Ministerio del Interior / portal oficial de datos abiertos,PRIMARY_OFFICIAL
2008,2008-03-09,39 - Cantabria,PARTIDO COMUNISTA DEL PUEBLO CASTELLANO-PCPE - PCPE,0,0,Ministerio del Interior / portal oficial de datos abiertos,PRIMARY_OFFICIAL
2008,2008-03-09,39 - Cantabria,PARTIDO COMUNISTA DEL PUEBLO DE CATALUNYA - PCPC,0,0,Ministerio del Interior / portal oficial de datos abiertos,PRIMARY_OFFICIAL
2008,2008-03-09,39 - Cantabria,PARTIDO COMUNISTA DEL PUEBLO DE CATALUÑA - PCPC,0,0,Ministerio del Interior / portal oficial de datos abiertos,PRIMARY_OFFICIAL
2008,2008-03-09,39 - Cantabria,PARTIDO COMUNISTA DO POBO GALEGO - PCPG,0,0,Ministerio del Interior / portal oficial de datos abiertos,PRIMARY_OFFICIAL
2008,2008-03-09,39 - Cantabria,PARTIDO COMUNISTA DO POVO GALEGO - P.C.P.G.,0,0,Ministerio del Interior / portal oficial de datos abiertos,PRIMARY_OFFICIAL
2008,2008-03-09,39 - Cantabria,PARTIDO COMUNISTA PUEBLOS DE ESPAÑA - PCPE,0,0,Ministerio del Interior / portal oficial de datos abiertos,PRIMARY_OFFICIAL
2008,2008-03-09,39 - Cantabria,PARTIDO DE ALIANZA IBEROAMERICANA EUROPEA - PAIE,0,0,Ministerio del Interior / portal oficial de datos abiertos,PRIMARY_OFFICIAL
2008,2008-03-09,39 - Cantabria,PARTIDO DE ALMERIA - PdeAL,0,0,Ministerio del Interior / portal oficial de datos abiertos,PRIMARY_OFFICIAL
2008,2008-03-09,39 - Cantabria,PARTIDO DE LAS LIBERTADES CIVILES - PLCI,0,0,Ministerio del Interior / portal oficial de datos abiertos,PRIMARY_OFFICIAL
2008,2008-03-09,39 - Cantabria,PARTIDO DE LOS NO-FUMADORES - PNF (NO-FUMADORES),0,0,Ministerio del Interior / portal oficial de datos abiertos,PRIMARY_OFFICIAL
2008,2008-03-09,39 - Cantabria,PARTIDO DE LOS PENSIONISTAS EN ACCION - PDLPEA,0,0,Ministerio del Interior / portal oficial de datos abiertos,PRIMARY_OFFICIAL
2008,2008-03-09,39 - Cantabria,PARTIDO DOS SOCIALISTAS DE GALICIA-PARTIDO SOCIALISTA OBRERO ESPAÑOL - PSdeG-PSOE,0,0,Ministerio del Interior / portal oficial de datos abiertos,PRIMARY_OFFICIAL
2008,2008-03-09,39 - Cantabria,PARTIDO DOS SOCIALISTAS DE GALICIA-PSOE - PSdeG-PSOE,0,0,Ministerio del Interior / portal oficial de datos abiertos,PRIMARY_OFFICIAL
2008,2008-03-09,39 - Cantabria,PARTIDO FAMILIA Y VIDA - PFyV,166,0,Ministerio del Interior / portal oficial de datos abiertos,PRIMARY_OFFICIAL
2008,2008-03-09,39 - Cantabria,PARTIDO HACHE - PHache,0,0,Ministerio del Interior / portal oficial de datos abiertos,PRIMARY_OFFICIAL
2008,2008-03-09,39 - Cantabria,PARTIDO HUMANISTA - P.H.,175,0,Ministerio del Interior / portal oficial de datos abiertos,PRIMARY_OFFICIAL
2008,2008-03-09,39 - Cantabria,PARTIDO HUMANISTA - PH,0,0,Ministerio del Interior / portal oficial de datos abiertos,PRIMARY_OFFICIAL
2008,2008-03-09,39 - Cantabria,PARTIDO IZQUIERDA REPUBLICANA-PARTIT REPUBLICA D'ESQUERRA - IR-PRE,0,0,Ministerio del Interior / portal oficial de datos abiertos,PRIMARY_OFFICIAL
2008,2008-03-09,39 - Cantabria,PARTIDO LIBERAL DEL EMPLEO Y LA VIVIENDA ESTATAL - P.L.E.V.E.,0,0,Ministerio del Interior / portal oficial de datos abiertos,PRIMARY_OFFICIAL
2008,2008-03-09,39 - Cantabria,PARTIDO LIBERTADES CIVILES - PLCI,0,0,Ministerio del Interior / portal oficial de datos abiertos,PRIMARY_OFFICIAL
2008,2008-03-09,39 - Cantabria,PARTIDO OBRERO SOCIALISTA INTERNACIONALISTA - P.O.S.I.,0,0,Ministerio del Interior / portal oficial de datos abiertos,PRIMARY_OFFICIAL
2008,2008-03-09,39 - Cantabria,PARTIDO OBRERO SOCIALISTA INTERNACIONALISTA - POSI,0,0,Ministerio del Interior / portal oficial de datos abiertos,PRIMARY_OFFICIAL
2008,2008-03-09,39 - Cantabria,PARTIDO POLITICO ARALAR - aralar,0,0,Ministerio del Interior / portal oficial de datos abiertos,PRIMARY_OFFICIAL
2008,2008-03-09,39 - Cantabria,PARTIDO POPULAR - P.P.,184853,3,Ministerio del Interior / portal oficial de datos abiertos,PRIMARY_OFFICIAL
2008,2008-03-09,39 - Cantabria,PARTIDO POPULAR - PP,0,0,Ministerio del Interior / portal oficial de datos abiertos,PRIMARY_OFFICIAL
2008,2008-03-09,39 - Cantabria,PARTIDO POPULAR/PARTIT POPULAR - PP,0,0,Ministerio del Interior / portal oficial de datos abiertos,PRIMARY_OFFICIAL
2008,2008-03-09,39 - Cantabria,PARTIDO POR UN MUNDO MAS JUSTO - PUM+J,0,0,Ministerio del Interior / portal oficial de datos abiertos,PRIMARY_OFFICIAL
2008,2008-03-09,39 - Cantabria,PARTIDO POSITIVISTA CRISTIANO - PPCr,0,0,Ministerio del Interior / portal oficial de datos abiertos,PRIMARY_OFFICIAL
2008,2008-03-09,39 - Cantabria,PARTIDO REGIONALISTA DE GUADALAJARA - P.R.GU.,0,0,Ministerio del Interior / portal oficial de datos abiertos,PRIMARY_OFFICIAL
2008,2008-03-09,39 - Cantabria,PARTIDO REGIONALISTA DEL PAIS LEONES - PREPAL,0,0,Ministerio del Interior / portal oficial de datos abiertos,PRIMARY_OFFICIAL
2008,2008-03-09,39 - Cantabria,PARTIDO RIOJANO - PARTIDO RIOJANO,0,0,Ministerio del Interior / portal oficial de datos abiertos,PRIMARY_OFFICIAL
2008,2008-03-09,39 - Cantabria,PARTIDO SOCIAL DEMOCRATA - P.S.D.,0,0,Ministerio del Interior / portal oficial de datos abiertos,PRIMARY_OFFICIAL
2008,2008-03-09,39 - Cantabria,PARTIDO SOCIAL DEMOCRATA - PSD,444,0,Ministerio del Interior / portal oficial de datos abiertos,PRIMARY_OFFICIAL
2008,2008-03-09,39 - Cantabria,PARTIDO SOCIAL DEMOCRATA-FEDERACION DE LOS INDEPENDIENTES DE ARAGON - PSD-FIA,0,0,Ministerio del Interior / portal oficial de datos abiertos,PRIMARY_OFFICIAL
2008,2008-03-09,39 - Cantabria,PARTIDO SOCIALISTA DE EUSKADI-EUSKADIKO EZKERRA (PSOE) - PSE-EE (PSOE),0,0,Ministerio del Interior / portal oficial de datos abiertos,PRIMARY_OFFICIAL
2008,2008-03-09,39 - Cantabria,PARTIDO SOCIALISTA DE EUSKADI-EUSKADIKO EZKERRA - PSE-EE (PSOE),0,0,Ministerio del Interior / portal oficial de datos abiertos,PRIMARY_OFFICIAL
2008,2008-03-09,39 - Cantabria,PARTIDO SOCIALISTA OBRERO ESPAÑOL - P.S.O.E.,0,0,Ministerio del Interior / portal oficial de datos abiertos,PRIMARY_OFFICIAL
2008,2008-03-09,39 - Cantabria,PARTIDO SOCIALISTA OBRERO ESPAÑOL - PSOE,161279,2,Ministerio del Interior / portal oficial de datos abiertos,PRIMARY_OFFICIAL
2008,2008-03-09,39 - Cantabria,PARTIDO SOCIALISTA OBRERO ESPAÑOL DE ANDALUCIA - PSOE-A,0,0,Ministerio del Interior / portal oficial de datos abiertos,PRIMARY_OFFICIAL
2008,2008-03-09,39 - Cantabria,PARTIDO SOLIDARIDAD Y AUTOGESTION INTERNACIONALISTA - SAIN,0,0,Ministerio del Interior / portal oficial de datos abiertos,PRIMARY_OFFICIAL
2008,2008-03-09,39 - Cantabria,PARTIDO UNIONISTA ESTADO DE ESPAÑA - P.U.E.D.E.,0,0,Ministerio del Interior / portal oficial de datos abiertos,PRIMARY_OFFICIAL
2008,2008-03-09,39 - Cantabria,PARTIDO UNIONISTA ESTADO DE ESPAÑA - PUEDE,0,0,Ministerio del Interior / portal oficial de datos abiertos,PRIMARY_OFFICIAL
2008,2008-03-09,39 - Cantabria,PARTIT ANTITAURI CONTRA EL MALTRACTAMENT ANIMAL - P.A.C.M.A.,0,0,Ministerio del Interior / portal oficial de datos abiertos,PRIMARY_OFFICIAL
2008,2008-03-09,39 - Cantabria,PARTIT ANTITAURI CONTRA EL MALTRACTAMENT ANIMAL - PACMA,0,0,Ministerio del Interior / portal oficial de datos abiertos,PRIMARY_OFFICIAL
2008,2008-03-09,39 - Cantabria,PARTIT CARLI DE CATALUNYA - P. C. de C.,0,0,Ministerio del Interior / portal oficial de datos abiertos,PRIMARY_OFFICIAL
2008,2008-03-09,39 - Cantabria,PARTIT CARLI DE CATALUNYA - PCaC,0,0,Ministerio del Interior / portal oficial de datos abiertos,PRIMARY_OFFICIAL
2008,2008-03-09,39 - Cantabria,PARTIT COMUNISTA DEL POBLE DE CATALUNYA - P.C.P.C.,0,0,Ministerio del Interior / portal oficial de datos abiertos,PRIMARY_OFFICIAL
2008,2008-03-09,39 - Cantabria,PARTIT COMUNISTA DELS POBLES D'ESPANYA - PCPE,0,0,Ministerio del Interior / portal oficial de datos abiertos,PRIMARY_OFFICIAL
2008,2008-03-09,39 - Cantabria,PARTIT DELS SOCIALISTES DE CATALUNYA - PSC (PSC-PSOE),0,0,Ministerio del Interior / portal oficial de datos abiertos,PRIMARY_OFFICIAL
2008,2008-03-09,39 - Cantabria,PARTIT DELS SOCIALISTES DE CATALUNYA - PSC-PSOE,0,0,Ministerio del Interior / portal oficial de datos abiertos,PRIMARY_OFFICIAL
2008,2008-03-09,39 - Cantabria,PARTIT FAMILIA I VIDA - PFiV,0,0,Ministerio del Interior / portal oficial de datos abiertos,PRIMARY_OFFICIAL
2008,2008-03-09,39 - Cantabria,PARTIT HUMANISTA - P.H.,0,0,Ministerio del Interior / portal oficial de datos abiertos,PRIMARY_OFFICIAL
2008,2008-03-09,39 - Cantabria,PARTIT HUMANISTA - PH,0,0,Ministerio del Interior / portal oficial de datos abiertos,PRIMARY_OFFICIAL
2008,2008-03-09,39 - Cantabria,PARTIT HUMANISTA DE CATALUNYA - PH,0,0,Ministerio del Interior / portal oficial de datos abiertos,PRIMARY_OFFICIAL
2008,2008-03-09,39 - Cantabria,PARTIT ILLENC DE SES ILLES BALEARS - PIIB,0,0,Ministerio del Interior / portal oficial de datos abiertos,PRIMARY_OFFICIAL
2008,2008-03-09,39 - Cantabria,PARTIT OBRER SOCIALISTA INTERNACIONALISTA - P.O.S.I.,0,0,Ministerio del Interior / portal oficial de datos abiertos,PRIMARY_OFFICIAL
2008,2008-03-09,39 - Cantabria,PARTIT OBRER SOCIALISTA INTERNACIONALISTA - POSI,0,0,Ministerio del Interior / portal oficial de datos abiertos,PRIMARY_OFFICIAL
2008,2008-03-09,39 - Cantabria,PARTIT PER CATALUNYA - PxCat,0,0,Ministerio del Interior / portal oficial de datos abiertos,PRIMARY_OFFICIAL
2008,2008-03-09,39 - Cantabria,PARTIT POPULAR/PARTIDO POPULAR - P.P.,0,0,Ministerio del Interior / portal oficial de datos abiertos,PRIMARY_OFFICIAL
2008,2008-03-09,39 - Cantabria,PARTIT REPUBLICA CATALA - RC,0,0,Ministerio del Interior / portal oficial de datos abiertos,PRIMARY_OFFICIAL
2008,2008-03-09,39 - Cantabria,PER LA REPUBLICA VALENCIANA - PLRV,0,0,Ministerio del Interior / portal oficial de datos abiertos,PRIMARY_OFFICIAL
2008,2008-03-09,39 - Cantabria,PER LA REPUBLICA VALENCIANA - plRV,0,0,Ministerio del Interior / portal oficial de datos abiertos,PRIMARY_OFFICIAL
2008,2008-03-09,39 - Cantabria,POR UN MUNDO MAS JUSTO - PUM+J,353,0,Ministerio del Interior / portal oficial de datos abiertos,PRIMARY_OFFICIAL
2008,2008-03-09,39 - Cantabria,REPRESENTACION CANNABICA NAVARRA - RCN-NOK,0,0,Ministerio del Interior / portal oficial de datos abiertos,PRIMARY_OFFICIAL
2008,2008-03-09,39 - Cantabria,SOLIDARIDAD Y AUTOGESTION INTERNACIONALISTA - SAIN,0,0,Ministerio del Interior / portal oficial de datos abiertos,PRIMARY_OFFICIAL
2008,2008-03-09,39 - Cantabria,SOLIDARIDAD Y AUTOGESTION INTERNACIONALISTA - SAIn,219,0,Ministerio del Interior / portal oficial de datos abiertos,PRIMARY_OFFICIAL
2008,2008-03-09,39 - Cantabria,TIERRA COMUNERA - TC,0,0,Ministerio del Interior / portal oficial de datos abiertos,PRIMARY_OFFICIAL
2008,2008-03-09,39 - Cantabria,UNIDA - UNIDA,0,0,Ministerio del Interior / portal oficial de datos abiertos,PRIMARY_OFFICIAL
2008,2008-03-09,39 - Cantabria,UNIDAD CASTELLANA - Ud. Ca.,0,0,Ministerio del Interior / portal oficial de datos abiertos,PRIMARY_OFFICIAL
2008,2008-03-09,39 - Cantabria,UNIDAD DEL PUEBLO - UNIDAD DEL PUEBLO,0,0,Ministerio del Interior / portal oficial de datos abiertos,PRIMARY_OFFICIAL
2008,2008-03-09,39 - Cantabria,UNIDAD REGIONALISTA DE CASTILLA Y LEON - U.R.C.L.,0,0,Ministerio del Interior / portal oficial de datos abiertos,PRIMARY_OFFICIAL
2008,2008-03-09,39 - Cantabria,UNION CENTRISTA LIBERAL - UCL,0,0,Ministerio del Interior / portal oficial de datos abiertos,PRIMARY_OFFICIAL
2008,2008-03-09,39 - Cantabria,UNION CIUDADANA PROGRESISTAS INDEPENDIENTES DE CANARIAS - UCPIC,0,0,Ministerio del Interior / portal oficial de datos abiertos,PRIMARY_OFFICIAL
2008,2008-03-09,39 - Cantabria,UNION DEL PUEBLO LEONES - UPL,0,0,Ministerio del Interior / portal oficial de datos abiertos,PRIMARY_OFFICIAL
2008,2008-03-09,39 - Cantabria,UNION DEL PUEBLO NAVARRO EN COALICION CON EL PARTIDO POPULAR - UPN-PP,0,0,Ministerio del Interior / portal oficial de datos abiertos,PRIMARY_OFFICIAL
2008,2008-03-09,39 - Cantabria,UNION POR LEGANES - ULEG,0,0,Ministerio del Interior / portal oficial de datos abiertos,PRIMARY_OFFICIAL
2008,2008-03-09,39 - Cantabria,UNION PROGRESO Y DEMOCRACIA - UPD,0,0,Ministerio del Interior / portal oficial de datos abiertos,PRIMARY_OFFICIAL
2008,2008-03-09,39 - Cantabria,UNION PROGRESO Y DEMOCRACIA - UPyD,5094,0,Ministerio del Interior / portal oficial de datos abiertos,PRIMARY_OFFICIAL
2008,2008-03-09,39 - Cantabria,"UNION, PROGRESO Y DEMOCRACIA - UPyD",0,0,Ministerio del Interior / portal oficial de datos abiertos,PRIMARY_OFFICIAL
2008,2008-03-09,39 - Cantabria,UNITAT PER LES ILLES - UNITAT PER LES ILLES,0,0,Ministerio del Interior / portal oficial de datos abiertos,PRIMARY_OFFICIAL
2008,2008-03-09,4 - Almería,AGRUPACION CIUDADANA - AGRUCI,0,0,Ministerio del Interior / portal oficial de datos abiertos,PRIMARY_OFFICIAL
2008,2008-03-09,4 - Almería,ALIANZA NACIONAL - A.u.N.,0,0,Ministerio del Interior / portal oficial de datos abiertos,PRIMARY_OFFICIAL
2008,2008-03-09,4 - Almería,ALIANZA NACIONAL - AN,0,0,Ministerio del Interior / portal oficial de datos abiertos,PRIMARY_OFFICIAL
2008,2008-03-09,4 - Almería,ALIANZA NACIONAL - AUN,0,0,Ministerio del Interior / portal oficial de datos abiertos,PRIMARY_OFFICIAL
2008,2008-03-09,4 - Almería,ALIANZA NACIONAL - AuN,44,0,Ministerio del Interior / portal oficial de datos abiertos,PRIMARY_OFFICIAL
2008,2008-03-09,4 - Almería,ALIANZA POR BURGOS - AxB,0,0,Ministerio del Interior / portal oficial de datos abiertos,PRIMARY_OFFICIAL
2008,2008-03-09,4 - Almería,ALIANÇA BALEAR - ABA,0,0,Ministerio del Interior / portal oficial de datos abiertos,PRIMARY_OFFICIAL
2008,2008-03-09,4 - Almería,ALTERNATIVA EN BLANCO - ABLA,0,0,Ministerio del Interior / portal oficial de datos abiertos,PRIMARY_OFFICIAL
2008,2008-03-09,4 - Almería,ALTERNATIVA EN BLANCO - aBla,0,0,Ministerio del Interior / portal oficial de datos abiertos,PRIMARY_OFFICIAL
2008,2008-03-09,4 - Almería,ALTERNATIVA ESPAÑOLA - AES,42,0,Ministerio del Interior / portal oficial de datos abiertos,PRIMARY_OFFICIAL
2008,2008-03-09,4 - Almería,ALTERNATIVA MOTOR Y DEPORTE - A.M.D.,0,0,Ministerio del Interior / portal oficial de datos abiertos,PRIMARY_OFFICIAL
2008,2008-03-09,4 - Almería,ALTERNATIVA MOTOR Y DEPORTES - A.M.D.,0,0,Ministerio del Interior / portal oficial de datos abiertos,PRIMARY_OFFICIAL
2008,2008-03-09,4 - Almería,ALTERNATIVA MOTOR Y DEPORTES - AMD,0,0,Ministerio del Interior / portal oficial de datos abiertos,PRIMARY_OFFICIAL
2008,2008-03-09,4 - Almería,ALTERNATIVA NACIONALISTA CANARIA - ANC,0,0,Ministerio del Interior / portal oficial de datos abiertos,PRIMARY_OFFICIAL
2008,2008-03-09,4 - Almería,ANDECHA ASTUR - AA,0,0,Ministerio del Interior / portal oficial de datos abiertos,PRIMARY_OFFICIAL
2008,2008-03-09,4 - Almería,ARALAR - aralar,0,0,Ministerio del Interior / portal oficial de datos abiertos,PRIMARY_OFFICIAL
2008,2008-03-09,4 - Almería,ASAMBLEA DE VOTACION ELECTRONICA - AVE,0,0,Ministerio del Interior / portal oficial de datos abiertos,PRIMARY_OFFICIAL
2008,2008-03-09,4 - Almería,BERDEAK-LOS VERDES - B-LV,0,0,Ministerio del Interior / portal oficial de datos abiertos,PRIMARY_OFFICIAL
2008,2008-03-09,4 - Almería,BLOC-INICIATIVA-VERDS - BLOC-IDPV-EV-EE,0,0,Ministerio del Interior / portal oficial de datos abiertos,PRIMARY_OFFICIAL
2008,2008-03-09,4 - Almería,BLOC-INICIATIVA-VERDS - BLOC-IdPV-EV-EE,0,0,Ministerio del Interior / portal oficial de datos abiertos,PRIMARY_OFFICIAL
2008,2008-03-09,4 - Almería,BLOQUE NACIONALISTA GALEGO - B.N.G.,0,0,Ministerio del Interior / portal oficial de datos abiertos,PRIMARY_OFFICIAL
2008,2008-03-09,4 - Almería,BLOQUE NACIONALISTA GALEGO - BNG,0,0,Ministerio del Interior / portal oficial de datos abiertos,PRIMARY_OFFICIAL
2008,2008-03-09,4 - Almería,CENTRO DEMOCRATICO ESPAÑOL - C.D.Es.,0,0,Ministerio del Interior / portal oficial de datos abiertos,PRIMARY_OFFICIAL
2008,2008-03-09,4 - Almería,CENTRO DEMOCRATICO ESPAÑOL - CDEs,0,0,Ministerio del Interior / portal oficial de datos abiertos,PRIMARY_OFFICIAL
2008,2008-03-09,4 - Almería,CENTRO DEMOCRATICO LIBERAL - C.D.L.,0,0,Ministerio del Interior / portal oficial de datos abiertos,PRIMARY_OFFICIAL
2008,2008-03-09,4 - Almería,CENTRO DEMOCRATICO LIBERAL - CDL,0,0,Ministerio del Interior / portal oficial de datos abiertos,PRIMARY_OFFICIAL
2008,2008-03-09,4 - Almería,CENTRO DEMOCRATICO SOCIAL - C.D.S.,0,0,Ministerio del Interior / portal oficial de datos abiertos,PRIMARY_OFFICIAL
2008,2008-03-09,4 - Almería,CENTRO DEMOCRATICO Y SOCIAL - CDS,114,0,Ministerio del Interior / portal oficial de datos abiertos,PRIMARY_OFFICIAL
2008,2008-03-09,4 - Almería,CHUNTA ARAGONESISTA - CHA,0,0,Ministerio del Interior / portal oficial de datos abiertos,PRIMARY_OFFICIAL
2008,2008-03-09,4 - Almería,CIUDADANOS EN BLANCO - CENB,0,0,Ministerio del Interior / portal oficial de datos abiertos,PRIMARY_OFFICIAL
2008,2008-03-09,4 - Almería,CIUDADANOS EN BLANCO - CNB,0,0,Ministerio del Interior / portal oficial de datos abiertos,PRIMARY_OFFICIAL
2008,2008-03-09,4 - Almería,CIUDADANOS EN BLANCO - CenB,0,0,Ministerio del Interior / portal oficial de datos abiertos,PRIMARY_OFFICIAL
2008,2008-03-09,4 - Almería,CIUDADANOS EN BLANCO - Cenb,0,0,Ministerio del Interior / portal oficial de datos abiertos,PRIMARY_OFFICIAL
2008,2008-03-09,4 - Almería,CIUDADANOS PARTIDO DE LA CIUDADANIA - C's,0,0,Ministerio del Interior / portal oficial de datos abiertos,PRIMARY_OFFICIAL
2008,2008-03-09,4 - Almería,CIUDADANOS-PARTIDO DE LA CIUDADANIA - C's,211,0,Ministerio del Interior / portal oficial de datos abiertos,PRIMARY_OFFICIAL
2008,2008-03-09,4 - Almería,"CIUDADANOS-PARTIDO DE LA CIUDADANIA - C,S",0,0,Ministerio del Interior / portal oficial de datos abiertos,PRIMARY_OFFICIAL
2008,2008-03-09,4 - Almería,CIUTADANS-PARTIDO DE LA CIUDADANIA - C's,0,0,Ministerio del Interior / portal oficial de datos abiertos,PRIMARY_OFFICIAL
2008,2008-03-09,4 - Almería,COALICIO TREBALLADORS PER LA DEMOCRACIA - TD,0,0,Ministerio del Interior / portal oficial de datos abiertos,PRIMARY_OFFICIAL
2008,2008-03-09,4 - Almería,COALICIO VALENCIANA - CVa,0,0,Ministerio del Interior / portal oficial de datos abiertos,PRIMARY_OFFICIAL
2008,2008-03-09,4 - Almería,COALICION ANDALUCISTA - CA,1772,0,Ministerio del Interior / portal oficial de datos abiertos,PRIMARY_OFFICIAL
2008,2008-03-09,4 - Almería,COALICION CANARIA-PARTIDO NACIONALISTA CANARIO - CC-PNC,0,0,Ministerio del Interior / portal oficial de datos abiertos,PRIMARY_OFFICIAL
2008,2008-03-09,4 - Almería,COALICION CANARIA-PARTIDO NACIONALISTA CANARIO-PARTIDO DE INDEPENDIENTES DE LANZAROTE - CC-PNC-PIL,0,0,Ministerio del Interior / portal oficial de datos abiertos,PRIMARY_OFFICIAL
2008,2008-03-09,4 - Almería,COMUNION TRADICIONALISTA CARLISTA - C.T.C.,0,0,Ministerio del Interior / portal oficial de datos abiertos,PRIMARY_OFFICIAL
2008,2008-03-09,4 - Almería,COMUNION TRADICIONALISTA CARLISTA - CTC,0,0,Ministerio del Interior / portal oficial de datos abiertos,PRIMARY_OFFICIAL
2008,2008-03-09,4 - Almería,CONVERGENCIA DEMOCRATICA ASTURIANA - CDAS,0,0,Ministerio del Interior / portal oficial de datos abiertos,PRIMARY_OFFICIAL
2008,2008-03-09,4 - Almería,CONVERGENCIA I UNIO - CIU,0,0,Ministerio del Interior / portal oficial de datos abiertos,PRIMARY_OFFICIAL
2008,2008-03-09,4 - Almería,CONVERGENCIA I UNIO - CiU,0,0,Ministerio del Interior / portal oficial de datos abiertos,PRIMARY_OFFICIAL
2008,2008-03-09,4 - Almería,DEMOCRACIA NACIONAL - D.N.,0,0,Ministerio del Interior / portal oficial de datos abiertos,PRIMARY_OFFICIAL
2008,2008-03-09,4 - Almería,DEMOCRACIA NACIONAL - DN,105,0,Ministerio del Interior / portal oficial de datos abiertos,PRIMARY_OFFICIAL
2008,2008-03-09,4 - Almería,EI ESCONS INSUBMISOS-ALTERNATIVA DELS DEMOCRATES DESCONTENTS - Ei,0,0,Ministerio del Interior / portal oficial de datos abiertos,PRIMARY_OFFICIAL
2008,2008-03-09,4 - Almería,ELS VERDS - L'ALTERNATIVA ECOLOGISTA - EV-AE,0,0,Ministerio del Interior / portal oficial de datos abiertos,PRIMARY_OFFICIAL
2008,2008-03-09,4 - Almería,ELS VERDS-ALTERNATIVA VERDA - E.V.-A.V.,0,0,Ministerio del Interior / portal oficial de datos abiertos,PRIMARY_OFFICIAL
2008,2008-03-09,4 - Almería,ELS VERDS-LOS VERDES - EV-LV,0,0,Ministerio del Interior / portal oficial de datos abiertos,PRIMARY_OFFICIAL
2008,2008-03-09,4 - Almería,ESCONS INSUBMISOS ALTERNATIVA DELS DEMOCRATES DESCONTENTS - EI-ADD,0,0,Ministerio del Interior / portal oficial de datos abiertos,PRIMARY_OFFICIAL
2008,2008-03-09,4 - Almería,ESCONS INSUBMISOS-ALTERNATIVA DELS DEMOCRATES DESCONTENTS - Ei,0,0,Ministerio del Interior / portal oficial de datos abiertos,PRIMARY_OFFICIAL
2008,2008-03-09,4 - Almería,ESPAÑA 2000 - E-2000,91,0,Ministerio del Interior / portal oficial de datos abiertos,PRIMARY_OFFICIAL
2008,2008-03-09,4 - Almería,ESPAÑA-2000 - E-2000,0,0,Ministerio del Interior / portal oficial de datos abiertos,PRIMARY_OFFICIAL
2008,2008-03-09,4 - Almería,ESQUERDA UNIDA-IZQUIERDA UNIDA-ALTERNATIVA - EU-IU,0,0,Ministerio del Interior / portal oficial de datos abiertos,PRIMARY_OFFICIAL
2008,2008-03-09,4 - Almería,ESQUERRA REPUBLICANA DE CATALUNYA - ESQUERRA,0,0,Ministerio del Interior / portal oficial de datos abiertos,PRIMARY_OFFICIAL
2008,2008-03-09,4 - Almería,ESQUERRA REPUBLICANA DE CATALUNYA - esquerra,0,0,Ministerio del Interior / portal oficial de datos abiertos,PRIMARY_OFFICIAL
2008,2008-03-09,4 - Almería,ESQUERRA REPUBLICANA DEL PAIS VALENCIA-PAIS VALENCIA SI - ESQUERRA-PV,0,0,Ministerio del Interior / portal oficial de datos abiertos,PRIMARY_OFFICIAL
2008,2008-03-09,4 - Almería,"ESQUERRA REPUBLICANA DEL PAIS VALENCIA-PAIS VALENCIA, SI - ESQUERRA-PV",0,0,Ministerio del Interior / portal oficial de datos abiertos,PRIMARY_OFFICIAL
2008,2008-03-09,4 - Almería,ESQUERRA UNIDA - ELS VERDS - EU-EV,0,0,Ministerio del Interior / portal oficial de datos abiertos,PRIMARY_OFFICIAL
2008,2008-03-09,4 - Almería,ESQUERRA UNIDA DEL PAIS VALENCIA-IZQUIERDA REPUBLICANA: ESQUERRA UNIDA I REPUBLICANA - EUPV-IR,0,0,Ministerio del Interior / portal oficial de datos abiertos,PRIMARY_OFFICIAL
2008,2008-03-09,4 - Almería,ESQUERRA UNIDA DEL PAIS VALENCIA-IZQUIERDA REPUBLICANA:ESQUERRA UNIDA I REPUBLICANA - EUPV-IR,0,0,Ministerio del Interior / portal oficial de datos abiertos,PRIMARY_OFFICIAL
2008,2008-03-09,4 - Almería,EUSKO ALKARTASUNA - EA,0,0,Ministerio del Interior / portal oficial de datos abiertos,PRIMARY_OFFICIAL
2008,2008-03-09,4 - Almería,EUZKO ALDERDI JELTZALEA-PARTIDO NACIONALISTA VASCO - EAJ-PNV,0,0,Ministerio del Interior / portal oficial de datos abiertos,PRIMARY_OFFICIAL
2008,2008-03-09,4 - Almería,EXTREMADURA UNIDA - EXTREMADURA UNIDA,0,0,Ministerio del Interior / portal oficial de datos abiertos,PRIMARY_OFFICIAL
2008,2008-03-09,4 - Almería,EZKER BATUA-BERDEAK-ALTERNATIVA - EB-B,0,0,Ministerio del Interior / portal oficial de datos abiertos,PRIMARY_OFFICIAL
2008,2008-03-09,4 - Almería,FALANGE AUTENTICA - F.A.,0,0,Ministerio del Interior / portal oficial de datos abiertos,PRIMARY_OFFICIAL
2008,2008-03-09,4 - Almería,FALANGE AUTENTICA - FA,0,0,Ministerio del Interior / portal oficial de datos abiertos,PRIMARY_OFFICIAL
2008,2008-03-09,4 - Almería,FALANGE ESPAÑOLA DE LA JONS - FE de las JONS,0,0,Ministerio del Interior / portal oficial de datos abiertos,PRIMARY_OFFICIAL
2008,2008-03-09,4 - Almería,FALANGE ESPAÑOLA DE LAS J.O.N.S. - F.E. de las J.O.N.S.,0,0,Ministerio del Interior / portal oficial de datos abiertos,PRIMARY_OFFICIAL
2008,2008-03-09,4 - Almería,FALANGE ESPAÑOLA DE LAS J.O.N.S. - FE de las JONS,0,0,Ministerio del Interior / portal oficial de datos abiertos,PRIMARY_OFFICIAL
2008,2008-03-09,4 - Almería,FALANGE ESPAÑOLA DE LAS J.O.N.S. - FE-JONS,0,0,Ministerio del Interior / portal oficial de datos abiertos,PRIMARY_OFFICIAL
2008,2008-03-09,4 - Almería,FALANGE ESPAÑOLA DE LAS JONS - F.E. de las J.O.N.S.,159,0,Ministerio del Interior / portal oficial de datos abiertos,PRIMARY_OFFICIAL
2008,2008-03-09,4 - Almería,FALANGE ESPAÑOLA DE LAS JONS - FE DE LAS JONS,0,0,Ministerio del Interior / portal oficial de datos abiertos,PRIMARY_OFFICIAL
2008,2008-03-09,4 - Almería,FALANGE ESPAÑOLA DE LAS JONS - FE de las JONS,0,0,Ministerio del Interior / portal oficial de datos abiertos,PRIMARY_OFFICIAL
2008,2008-03-09,4 - Almería,FALANGE ESPAÑOLA DE LAS JONS - FE-JONS,0,0,Ministerio del Interior / portal oficial de datos abiertos,PRIMARY_OFFICIAL
2008,2008-03-09,4 - Almería,FAMILIA I VIDA - PFiV,0,0,Ministerio del Interior / portal oficial de datos abiertos,PRIMARY_OFFICIAL
2008,2008-03-09,4 - Almería,FAMILIA Y VIDA - PFyV,0,0,Ministerio del Interior / portal oficial de datos abiertos,PRIMARY_OFFICIAL
2008,2008-03-09,4 - Almería,FRENTE ESPAÑOL - F.E,0,0,Ministerio del Interior / portal oficial de datos abiertos,PRIMARY_OFFICIAL
2008,2008-03-09,4 - Almería,FRENTE ESPAÑOL - F.E.,0,0,Ministerio del Interior / portal oficial de datos abiertos,PRIMARY_OFFICIAL
2008,2008-03-09,4 - Almería,FRENTE ESPAÑOL - FRENTE,0,0,Ministerio del Interior / portal oficial de datos abiertos,PRIMARY_OFFICIAL
2008,2008-03-09,4 - Almería,GENTES DE EL BIERZO - PB-UB,0,0,Ministerio del Interior / portal oficial de datos abiertos,PRIMARY_OFFICIAL
2008,2008-03-09,4 - Almería,IDENTITAT REGNE DE VALENCIA - IRV,0,0,Ministerio del Interior / portal oficial de datos abiertos,PRIMARY_OFFICIAL
2008,2008-03-09,4 - Almería,INDEPENDIENTES POR CUENCA - ixC,0,0,Ministerio del Interior / portal oficial de datos abiertos,PRIMARY_OFFICIAL
2008,2008-03-09,4 - Almería,INICIATIVA CIUDADANA BURGALESA - I.C.Bur,0,0,Ministerio del Interior / portal oficial de datos abiertos,PRIMARY_OFFICIAL
2008,2008-03-09,4 - Almería,INICIATIVA MERINDADES DE CASTILLA - I.M.C.,0,0,Ministerio del Interior / portal oficial de datos abiertos,PRIMARY_OFFICIAL
2008,2008-03-09,4 - Almería,INICIATIVA PER CATALUNYA VERDS - ESQUERRA UNIDA I ALTERNATIVA - ICV-EUiA,0,0,Ministerio del Interior / portal oficial de datos abiertos,PRIMARY_OFFICIAL
2008,2008-03-09,4 - Almería,INICIATIVA PER CATALUNYA VERDS-ESQUERRA UNIDA I ALTERNATIVA - ICV-EUiA,0,0,Ministerio del Interior / portal oficial de datos abiertos,PRIMARY_OFFICIAL
2008,2008-03-09,4 - Almería,IZQUIERDA REPUBLICANA - IR,0,0,Ministerio del Interior / portal oficial de datos abiertos,PRIMARY_OFFICIAL
2008,2008-03-09,4 - Almería,IZQUIERDA REPUBLICANA-PARTIT REPUBLICA D'ESQUERRA - IR-PRE,0,0,Ministerio del Interior / portal oficial de datos abiertos,PRIMARY_OFFICIAL
2008,2008-03-09,4 - Almería,IZQUIERDA UNIDA - BLOQUE POR ASTURIES - LOS VERDES - IU-B.A-LOS VERDES,0,0,Ministerio del Interior / portal oficial de datos abiertos,PRIMARY_OFFICIAL
2008,2008-03-09,4 - Almería,IZQUIERDA UNIDA CANARIA-ALTERNATIVA - IUC,0,0,Ministerio del Interior / portal oficial de datos abiertos,PRIMARY_OFFICIAL
2008,2008-03-09,4 - Almería,IZQUIERDA UNIDA COMUNIDAD DE MADRID-ALTERNATIVA - IU-CM.,0,0,Ministerio del Interior / portal oficial de datos abiertos,PRIMARY_OFFICIAL
2008,2008-03-09,4 - Almería,IZQUIERDA UNIDA DE CEUTA - I.U.,0,0,Ministerio del Interior / portal oficial de datos abiertos,PRIMARY_OFFICIAL
2008,2008-03-09,4 - Almería,IZQUIERDA UNIDA DE LA REGION DE MURCIA-ALTERNATIVA - I.U.R.M.,0,0,Ministerio del Interior / portal oficial de datos abiertos,PRIMARY_OFFICIAL
2008,2008-03-09,4 - Almería,IZQUIERDA UNIDA DE NAVARRA - NAFARROAKO EZKER BATUA - ALTERNATIVA - IUN-NEB,0,0,Ministerio del Interior / portal oficial de datos abiertos,PRIMARY_OFFICIAL
2008,2008-03-09,4 - Almería,IZQUIERDA UNIDA LOS VERDES CONVOCATORIA POR ANDALUCIA-ALTERNATIVA - IULV-CA,0,0,Ministerio del Interior / portal oficial de datos abiertos,PRIMARY_OFFICIAL
2008,2008-03-09,4 - Almería,IZQUIERDA UNIDA LOS VERDES-CONVOCATORIA POR ANDALUCIA - ALTERNATIVA - IULV-CA,8755,0,Ministerio del Interior / portal oficial de datos abiertos,PRIMARY_OFFICIAL
2008,2008-03-09,4 - Almería,IZQUIERDA UNIDA LOS VERDES-CONVOCATORIA POR ANDALUCIA-ALTERNATIVA - IULV-CA,0,0,Ministerio del Interior / portal oficial de datos abiertos,PRIMARY_OFFICIAL
2008,2008-03-09,4 - Almería,IZQUIERDA UNIDA-ALTERNATIVA - I.U.,0,0,Ministerio del Interior / portal oficial de datos abiertos,PRIMARY_OFFICIAL
2008,2008-03-09,4 - Almería,IZQUIERDA UNIDA-ALTERNATIVA - IU,0,0,Ministerio del Interior / portal oficial de datos abiertos,PRIMARY_OFFICIAL
2008,2008-03-09,4 - Almería,LLUITA INTERNACIONALISTA - (LI(LIT-CI)),0,0,Ministerio del Interior / portal oficial de datos abiertos,PRIMARY_OFFICIAL
2008,2008-03-09,4 - Almería,LLUITA INTERNACIONALISTA - L.I.(LIT-CI),0,0,Ministerio del Interior / portal oficial de datos abiertos,PRIMARY_OFFICIAL
2008,2008-03-09,4 - Almería,LLUITA INTERNACIONALISTA - LI-LITCI,0,0,Ministerio del Interior / portal oficial de datos abiertos,PRIMARY_OFFICIAL
2008,2008-03-09,4 - Almería,LOS VERDES - LOS VERDES,0,0,Ministerio del Interior / portal oficial de datos abiertos,PRIMARY_OFFICIAL
2008,2008-03-09,4 - Almería,LOS VERDES - LV,0,0,Ministerio del Interior / portal oficial de datos abiertos,PRIMARY_OFFICIAL
2008,2008-03-09,4 - Almería,LOS VERDES - VERDES,840,0,Ministerio del Interior / portal oficial de datos abiertos,PRIMARY_OFFICIAL
2008,2008-03-09,4 - Almería,LOS VERDES COMUNIDAD DE MADRID-LOS VERDES DE EUROPA - LVCM-LVE,0,0,Ministerio del Interior / portal oficial de datos abiertos,PRIMARY_OFFICIAL
2008,2008-03-09,4 - Almería,LOS VERDES DE EUROPA - LOS VERDES DE EUROPA,0,0,Ministerio del Interior / portal oficial de datos abiertos,PRIMARY_OFFICIAL
2008,2008-03-09,4 - Almería,LOS VERDES DE EUROPA - LVE,0,0,Ministerio del Interior / portal oficial de datos abiertos,PRIMARY_OFFICIAL
2008,2008-03-09,4 - Almería,LOS VERDES DE EXTREMADURA - LV,0,0,Ministerio del Interior / portal oficial de datos abiertos,PRIMARY_OFFICIAL
2008,2008-03-09,4 - Almería,LOS VERDES-ELS VERDS - LV-EV,0,0,Ministerio del Interior / portal oficial de datos abiertos,PRIMARY_OFFICIAL
2008,2008-03-09,4 - Almería,LOS VERDES-GRUPO VERDE - L.V.,0,0,Ministerio del Interior / portal oficial de datos abiertos,PRIMARY_OFFICIAL
2008,2008-03-09,4 - Almería,LOS VERDES-GRUPO VERDE - LV,0,0,Ministerio del Interior / portal oficial de datos abiertos,PRIMARY_OFFICIAL
2008,2008-03-09,4 - Almería,LOS VERDES-GRUPO VERDE - LV-GV,0,0,Ministerio del Interior / portal oficial de datos abiertos,PRIMARY_OFFICIAL
2008,2008-03-09,4 - Almería,LUCHA INTERNACIONALISTA - LI-LITCI,0,0,Ministerio del Interior / portal oficial de datos abiertos,PRIMARY_OFFICIAL
2008,2008-03-09,4 - Almería,MOVIMIENTO FALANGISTA DE ESPAÑA - M.F.E.,0,0,Ministerio del Interior / portal oficial de datos abiertos,PRIMARY_OFFICIAL
2008,2008-03-09,4 - Almería,MOVIMIENTO POR LA UNIDAD DEL PUEBLO CANARIO - MUPC,0,0,Ministerio del Interior / portal oficial de datos abiertos,PRIMARY_OFFICIAL
2008,2008-03-09,4 - Almería,NAFARROA BAI - NA-BAI,0,0,Ministerio del Interior / portal oficial de datos abiertos,PRIMARY_OFFICIAL
2008,2008-03-09,4 - Almería,NOSALTRES SOM - N som,0,0,Ministerio del Interior / portal oficial de datos abiertos,PRIMARY_OFFICIAL
2008,2008-03-09,4 - Almería,NUEVA CANARIAS-CENTRO CANARIO - NC-CCN,0,0,Ministerio del Interior / portal oficial de datos abiertos,PRIMARY_OFFICIAL
2008,2008-03-09,4 - Almería,OPCIO NACIONALISTA VALENCIANA - O.N.V.,0,0,Ministerio del Interior / portal oficial de datos abiertos,PRIMARY_OFFICIAL
2008,2008-03-09,4 - Almería,OPCIO NACIONALISTA VALENCIANA - ONV,0,0,Ministerio del Interior / portal oficial de datos abiertos,PRIMARY_OFFICIAL
2008,2008-03-09,4 - Almería,OS VERDES - GRUPO VERDE - OV,0,0,Ministerio del Interior / portal oficial de datos abiertos,PRIMARY_OFFICIAL
2008,2008-03-09,4 - Almería,PARTIDO ALTERNATIVA MOTOR Y DEPORTES - A.M.D.,0,0,Ministerio del Interior / portal oficial de datos abiertos,PRIMARY_OFFICIAL
2008,2008-03-09,4 - Almería,PARTIDO ANTITAURINO CONTRA EL MALTRATO ANIMAL - P.A.C.M.A,0,0,Ministerio del Interior / portal oficial de datos abiertos,PRIMARY_OFFICIAL
2008,2008-03-09,4 - Almería,PARTIDO ANTITAURINO CONTRA EL MALTRATO ANIMAL - P.A.C.M.A.,436,0,Ministerio del Interior / portal oficial de datos abiertos,PRIMARY_OFFICIAL
2008,2008-03-09,4 - Almería,PARTIDO ANTITAURINO CONTRA EL MALTRATO ANIMAL - PACMA,0,0,Ministerio del Interior / portal oficial de datos abiertos,PRIMARY_OFFICIAL
2008,2008-03-09,4 - Almería,PARTIDO ARAGONES - PAR,0,0,Ministerio del Interior / portal oficial de datos abiertos,PRIMARY_OFFICIAL
2008,2008-03-09,4 - Almería,PARTIDO CARLISTA - P.C.,0,0,Ministerio del Interior / portal oficial de datos abiertos,PRIMARY_OFFICIAL
2008,2008-03-09,4 - Almería,PARTIDO CARLISTA - PARTIDO CARLISTA,0,0,Ministerio del Interior / portal oficial de datos abiertos,PRIMARY_OFFICIAL
2008,2008-03-09,4 - Almería,PARTIDO CARLISTA - PC,0,0,Ministerio del Interior / portal oficial de datos abiertos,PRIMARY_OFFICIAL
2008,2008-03-09,4 - Almería,PARTIDO CARLISTA DE EUSKALERRIA-PARTIDO CARLISTA - EKA-PC.,0,0,Ministerio del Interior / portal oficial de datos abiertos,PRIMARY_OFFICIAL
2008,2008-03-09,4 - Almería,PARTIDO CARLISTA DE EUSKALHERRIA-EUSKALHERRIKO KARLISTA ALDERDIA - PARTIDO CARLISTA-EKA,0,0,Ministerio del Interior / portal oficial de datos abiertos,PRIMARY_OFFICIAL
2008,2008-03-09,4 - Almería,PARTIDO CENTRISTA - PCTR,0,0,Ministerio del Interior / portal oficial de datos abiertos,PRIMARY_OFFICIAL
2008,2008-03-09,4 - Almería,PARTIDO CENTRISTAS - Centristas PCTR,0,0,Ministerio del Interior / portal oficial de datos abiertos,PRIMARY_OFFICIAL
2008,2008-03-09,4 - Almería,PARTIDO CENTRISTAS - PCTR,0,0,Ministerio del Interior / portal oficial de datos abiertos,PRIMARY_OFFICIAL
2008,2008-03-09,4 - Almería,PARTIDO CIUDADANOS UNIDOS DE ARAGON - pCUA,0,0,Ministerio del Interior / portal oficial de datos abiertos,PRIMARY_OFFICIAL
2008,2008-03-09,4 - Almería,PARTIDO COMUNISTA DE LOS PUEBLOS DE ESPAÑA - P.C.P.E.,0,0,Ministerio del Interior / portal oficial de datos abiertos,PRIMARY_OFFICIAL
2008,2008-03-09,4 - Almería,PARTIDO COMUNISTA DE LOS PUEBLOS DE ESPAÑA - P.C.P.E.-E.K.,0,0,Ministerio del Interior / portal oficial de datos abiertos,PRIMARY_OFFICIAL
2008,2008-03-09,4 - Almería,PARTIDO COMUNISTA DE LOS PUEBLOS DE ESPAÑA - PCPE,290,0,Ministerio del Interior / portal oficial de datos abiertos,PRIMARY_OFFICIAL
2008,2008-03-09,4 - Almería,PARTIDO COMUNISTA DE LOS PUEBLOS DE ESPAÑA-EUSKAL KOMUNISTAK - PCPE - EK,0,0,Ministerio del Interior / portal oficial de datos abiertos,PRIMARY_OFFICIAL
2008,2008-03-09,4 - Almería,PARTIDO COMUNISTA DEL PUEBLO CANARIO - PCPE,0,0,Ministerio del Interior / portal oficial de datos abiertos,PRIMARY_OFFICIAL
2008,2008-03-09,4 - Almería,PARTIDO COMUNISTA DEL PUEBLO CASTELLANO - PCPE,0,0,Ministerio del Interior / portal oficial de datos abiertos,PRIMARY_OFFICIAL
2008,2008-03-09,4 - Almería,PARTIDO COMUNISTA DEL PUEBLO CASTELLANO-PCPE - PCPE,0,0,Ministerio del Interior / portal oficial de datos abiertos,PRIMARY_OFFICIAL
2008,2008-03-09,4 - Almería,PARTIDO COMUNISTA DEL PUEBLO DE CATALUNYA - PCPC,0,0,Ministerio del Interior / portal oficial de datos abiertos,PRIMARY_OFFICIAL
2008,2008-03-09,4 - Almería,PARTIDO COMUNISTA DEL PUEBLO DE CATALUÑA - PCPC,0,0,Ministerio del Interior / portal oficial de datos abiertos,PRIMARY_OFFICIAL
2008,2008-03-09,4 - Almería,PARTIDO COMUNISTA DO POBO GALEGO - PCPG,0,0,Ministerio del Interior / portal oficial de datos abiertos,PRIMARY_OFFICIAL
2008,2008-03-09,4 - Almería,PARTIDO COMUNISTA DO POVO GALEGO - P.C.P.G.,0,0,Ministerio del Interior / portal oficial de datos abiertos,PRIMARY_OFFICIAL
2008,2008-03-09,4 - Almería,PARTIDO COMUNISTA PUEBLOS DE ESPAÑA - PCPE,0,0,Ministerio del Interior / portal oficial de datos abiertos,PRIMARY_OFFICIAL
2008,2008-03-09,4 - Almería,PARTIDO DE ALIANZA IBEROAMERICANA EUROPEA - PAIE,0,0,Ministerio del Interior / portal oficial de datos abiertos,PRIMARY_OFFICIAL
2008,2008-03-09,4 - Almería,PARTIDO DE ALMERIA - PdeAL,8451,0,Ministerio del Interior / portal oficial de datos abiertos,PRIMARY_OFFICIAL
2008,2008-03-09,4 - Almería,PARTIDO DE LAS LIBERTADES CIVILES - PLCI,0,0,Ministerio del Interior / portal oficial de datos abiertos,PRIMARY_OFFICIAL
2008,2008-03-09,4 - Almería,PARTIDO DE LOS NO-FUMADORES - PNF (NO-FUMADORES),0,0,Ministerio del Interior / portal oficial de datos abiertos,PRIMARY_OFFICIAL
2008,2008-03-09,4 - Almería,PARTIDO DE LOS PENSIONISTAS EN ACCION - PDLPEA,0,0,Ministerio del Interior / portal oficial de datos abiertos,PRIMARY_OFFICIAL
2008,2008-03-09,4 - Almería,PARTIDO DOS SOCIALISTAS DE GALICIA-PARTIDO SOCIALISTA OBRERO ESPAÑOL - PSdeG-PSOE,0,0,Ministerio del Interior / portal oficial de datos abiertos,PRIMARY_OFFICIAL
2008,2008-03-09,4 - Almería,PARTIDO DOS SOCIALISTAS DE GALICIA-PSOE - PSdeG-PSOE,0,0,Ministerio del Interior / portal oficial de datos abiertos,PRIMARY_OFFICIAL
2008,2008-03-09,4 - Almería,PARTIDO FAMILIA Y VIDA - PFyV,102,0,Ministerio del Interior / portal oficial de datos abiertos,PRIMARY_OFFICIAL
2008,2008-03-09,4 - Almería,PARTIDO HACHE - PHache,0,0,Ministerio del Interior / portal oficial de datos abiertos,PRIMARY_OFFICIAL
2008,2008-03-09,4 - Almería,PARTIDO HUMANISTA - P.H.,0,0,Ministerio del Interior / portal oficial de datos abiertos,PRIMARY_OFFICIAL
2008,2008-03-09,4 - Almería,PARTIDO HUMANISTA - PH,126,0,Ministerio del Interior / portal oficial de datos abiertos,PRIMARY_OFFICIAL
2008,2008-03-09,4 - Almería,PARTIDO IZQUIERDA REPUBLICANA-PARTIT REPUBLICA D'ESQUERRA - IR-PRE,0,0,Ministerio del Interior / portal oficial de datos abiertos,PRIMARY_OFFICIAL
2008,2008-03-09,4 - Almería,PARTIDO LIBERAL DEL EMPLEO Y LA VIVIENDA ESTATAL - P.L.E.V.E.,0,0,Ministerio del Interior / portal oficial de datos abiertos,PRIMARY_OFFICIAL
2008,2008-03-09,4 - Almería,PARTIDO LIBERTADES CIVILES - PLCI,0,0,Ministerio del Interior / portal oficial de datos abiertos,PRIMARY_OFFICIAL
2008,2008-03-09,4 - Almería,PARTIDO OBRERO SOCIALISTA INTERNACIONALISTA - P.O.S.I.,0,0,Ministerio del Interior / portal oficial de datos abiertos,PRIMARY_OFFICIAL
2008,2008-03-09,4 - Almería,PARTIDO OBRERO SOCIALISTA INTERNACIONALISTA - POSI,0,0,Ministerio del Interior / portal oficial de datos abiertos,PRIMARY_OFFICIAL
2008,2008-03-09,4 - Almería,PARTIDO POLITICO ARALAR - aralar,0,0,Ministerio del Interior / portal oficial de datos abiertos,PRIMARY_OFFICIAL
2008,2008-03-09,4 - Almería,PARTIDO POPULAR - P.P.,162531,3,Ministerio del Interior / portal oficial de datos abiertos,PRIMARY_OFFICIAL
2008,2008-03-09,4 - Almería,PARTIDO POPULAR - PP,0,0,Ministerio del Interior / portal oficial de datos abiertos,PRIMARY_OFFICIAL
2008,2008-03-09,4 - Almería,PARTIDO POPULAR/PARTIT POPULAR - PP,0,0,Ministerio del Interior / portal oficial de datos abiertos,PRIMARY_OFFICIAL
2008,2008-03-09,4 - Almería,PARTIDO POR UN MUNDO MAS JUSTO - PUM+J,0,0,Ministerio del Interior / portal oficial de datos abiertos,PRIMARY_OFFICIAL
2008,2008-03-09,4 - Almería,PARTIDO POSITIVISTA CRISTIANO - PPCr,0,0,Ministerio del Interior / portal oficial de datos abiertos,PRIMARY_OFFICIAL
2008,2008-03-09,4 - Almería,PARTIDO REGIONALISTA DE GUADALAJARA - P.R.GU.,0,0,Ministerio del Interior / portal oficial de datos abiertos,PRIMARY_OFFICIAL
2008,2008-03-09,4 - Almería,PARTIDO REGIONALISTA DEL PAIS LEONES - PREPAL,0,0,Ministerio del Interior / portal oficial de datos abiertos,PRIMARY_OFFICIAL
2008,2008-03-09,4 - Almería,PARTIDO RIOJANO - PARTIDO RIOJANO,0,0,Ministerio del Interior / portal oficial de datos abiertos,PRIMARY_OFFICIAL
2008,2008-03-09,4 - Almería,PARTIDO SOCIAL DEMOCRATA - P.S.D.,0,0,Ministerio del Interior / portal oficial de datos abiertos,PRIMARY_OFFICIAL
2008,2008-03-09,4 - Almería,PARTIDO SOCIAL DEMOCRATA - PSD,354,0,Ministerio del Interior / portal oficial de datos abiertos,PRIMARY_OFFICIAL
2008,2008-03-09,4 - Almería,PARTIDO SOCIAL DEMOCRATA-FEDERACION DE LOS INDEPENDIENTES DE ARAGON - PSD-FIA,0,0,Ministerio del Interior / portal oficial de datos abiertos,PRIMARY_OFFICIAL
2008,2008-03-09,4 - Almería,PARTIDO SOCIALISTA DE EUSKADI-EUSKADIKO EZKERRA (PSOE) - PSE-EE (PSOE),0,0,Ministerio del Interior / portal oficial de datos abiertos,PRIMARY_OFFICIAL
2008,2008-03-09,4 - Almería,PARTIDO SOCIALISTA DE EUSKADI-EUSKADIKO EZKERRA - PSE-EE (PSOE),0,0,Ministerio del Interior / portal oficial de datos abiertos,PRIMARY_OFFICIAL
2008,2008-03-09,4 - Almería,PARTIDO SOCIALISTA OBRERO ESPAÑOL - P.S.O.E.,0,0,Ministerio del Interior / portal oficial de datos abiertos,PRIMARY_OFFICIAL
2008,2008-03-09,4 - Almería,PARTIDO SOCIALISTA OBRERO ESPAÑOL - PSOE,136887,3,Ministerio del Interior / portal oficial de datos abiertos,PRIMARY_OFFICIAL
2008,2008-03-09,4 - Almería,PARTIDO SOCIALISTA OBRERO ESPAÑOL DE ANDALUCIA - PSOE-A,0,0,Ministerio del Interior / portal oficial de datos abiertos,PRIMARY_OFFICIAL
2008,2008-03-09,4 - Almería,PARTIDO SOLIDARIDAD Y AUTOGESTION INTERNACIONALISTA - SAIN,0,0,Ministerio del Interior / portal oficial de datos abiertos,PRIMARY_OFFICIAL
2008,2008-03-09,4 - Almería,PARTIDO UNIONISTA ESTADO DE ESPAÑA - P.U.E.D.E.,0,0,Ministerio del Interior / portal oficial de datos abiertos,PRIMARY_OFFICIAL
2008,2008-03-09,4 - Almería,PARTIDO UNIONISTA ESTADO DE ESPAÑA - PUEDE,0,0,Ministerio del Interior / portal oficial de datos abiertos,PRIMARY_OFFICIAL
2008,2008-03-09,4 - Almería,PARTIT ANTITAURI CONTRA EL MALTRACTAMENT ANIMAL - P.A.C.M.A.,0,0,Ministerio del Interior / portal oficial de datos abiertos,PRIMARY_OFFICIAL
2008,2008-03-09,4 - Almería,PARTIT ANTITAURI CONTRA EL MALTRACTAMENT ANIMAL - PACMA,0,0,Ministerio del Interior / portal oficial de datos abiertos,PRIMARY_OFFICIAL
2008,2008-03-09,4 - Almería,PARTIT CARLI DE CATALUNYA - P. C. de C.,0,0,Ministerio del Interior / portal oficial de datos abiertos,PRIMARY_OFFICIAL
2008,2008-03-09,4 - Almería,PARTIT CARLI DE CATALUNYA - PCaC,0,0,Ministerio del Interior / portal oficial de datos abiertos,PRIMARY_OFFICIAL
2008,2008-03-09,4 - Almería,PARTIT COMUNISTA DEL POBLE DE CATALUNYA - P.C.P.C.,0,0,Ministerio del Interior / portal oficial de datos abiertos,PRIMARY_OFFICIAL
2008,2008-03-09,4 - Almería,PARTIT COMUNISTA DELS POBLES D'ESPANYA - PCPE,0,0,Ministerio del Interior / portal oficial de datos abiertos,PRIMARY_OFFICIAL
2008,2008-03-09,4 - Almería,PARTIT DELS SOCIALISTES DE CATALUNYA - PSC (PSC-PSOE),0,0,Ministerio del Interior / portal oficial de datos abiertos,PRIMARY_OFFICIAL
2008,2008-03-09,4 - Almería,PARTIT DELS SOCIALISTES DE CATALUNYA - PSC-PSOE,0,0,Ministerio del Interior / portal oficial de datos abiertos,PRIMARY_OFFICIAL
2008,2008-03-09,4 - Almería,PARTIT FAMILIA I VIDA - PFiV,0,0,Ministerio del Interior / portal oficial de datos abiertos,PRIMARY_OFFICIAL
2008,2008-03-09,4 - Almería,PARTIT HUMANISTA - P.H.,0,0,Ministerio del Interior / portal oficial de datos abiertos,PRIMARY_OFFICIAL
2008,2008-03-09,4 - Almería,PARTIT HUMANISTA - PH,0,0,Ministerio del Interior / portal oficial de datos abiertos,PRIMARY_OFFICIAL
2008,2008-03-09,4 - Almería,PARTIT HUMANISTA DE CATALUNYA - PH,0,0,Ministerio del Interior / portal oficial de datos abiertos,PRIMARY_OFFICIAL
2008,2008-03-09,4 - Almería,PARTIT ILLENC DE SES ILLES BALEARS - PIIB,0,0,Ministerio del Interior / portal oficial de datos abiertos,PRIMARY_OFFICIAL
2008,2008-03-09,4 - Almería,PARTIT OBRER SOCIALISTA INTERNACIONALISTA - P.O.S.I.,0,0,Ministerio del Interior / portal oficial de datos abiertos,PRIMARY_OFFICIAL
2008,2008-03-09,4 - Almería,PARTIT OBRER SOCIALISTA INTERNACIONALISTA - POSI,0,0,Ministerio del Interior / portal oficial de datos abiertos,PRIMARY_OFFICIAL
2008,2008-03-09,4 - Almería,PARTIT PER CATALUNYA - PxCat,0,0,Ministerio del Interior / portal oficial de datos abiertos,PRIMARY_OFFICIAL
2008,2008-03-09,4 - Almería,PARTIT POPULAR/PARTIDO POPULAR - P.P.,0,0,Ministerio del Interior / portal oficial de datos abiertos,PRIMARY_OFFICIAL
2008,2008-03-09,4 - Almería,PARTIT REPUBLICA CATALA - RC,0,0,Ministerio del Interior / portal oficial de datos abiertos,PRIMARY_OFFICIAL
2008,2008-03-09,4 - Almería,PER LA REPUBLICA VALENCIANA - PLRV,0,0,Ministerio del Interior / portal oficial de datos abiertos,PRIMARY_OFFICIAL
2008,2008-03-09,4 - Almería,PER LA REPUBLICA VALENCIANA - plRV,0,0,Ministerio del Interior / portal oficial de datos abiertos,PRIMARY_OFFICIAL
2008,2008-03-09,4 - Almería,POR UN MUNDO MAS JUSTO - PUM+J,188,0,Ministerio del Interior / portal oficial de datos abiertos,PRIMARY_OFFICIAL
2008,2008-03-09,4 - Almería,REPRESENTACION CANNABICA NAVARRA - RCN-NOK,0,0,Ministerio del Interior / portal oficial de datos abiertos,PRIMARY_OFFICIAL
2008,2008-03-09,4 - Almería,SOLIDARIDAD Y AUTOGESTION INTERNACIONALISTA - SAIN,0,0,Ministerio del Interior / portal oficial de datos abiertos,PRIMARY_OFFICIAL
2008,2008-03-09,4 - Almería,SOLIDARIDAD Y AUTOGESTION INTERNACIONALISTA - SAIn,0,0,Ministerio del Interior / portal oficial de datos abiertos,PRIMARY_OFFICIAL
2008,2008-03-09,4 - Almería,TIERRA COMUNERA - TC,0,0,Ministerio del Interior / portal oficial de datos abiertos,PRIMARY_OFFICIAL
2008,2008-03-09,4 - Almería,UNIDA - UNIDA,0,0,Ministerio del Interior / portal oficial de datos abiertos,PRIMARY_OFFICIAL
2008,2008-03-09,4 - Almería,UNIDAD CASTELLANA - Ud. Ca.,0,0,Ministerio del Interior / portal oficial de datos abiertos,PRIMARY_OFFICIAL
2008,2008-03-09,4 - Almería,UNIDAD DEL PUEBLO - UNIDAD DEL PUEBLO,0,0,Ministerio del Interior / portal oficial de datos abiertos,PRIMARY_OFFICIAL
2008,2008-03-09,4 - Almería,UNIDAD REGIONALISTA DE CASTILLA Y LEON - U.R.C.L.,0,0,Ministerio del Interior / portal oficial de datos abiertos,PRIMARY_OFFICIAL
2008,2008-03-09,4 - Almería,UNION CENTRISTA LIBERAL - UCL,0,0,Ministerio del Interior / portal oficial de datos abiertos,PRIMARY_OFFICIAL
2008,2008-03-09,4 - Almería,UNION CIUDADANA PROGRESISTAS INDEPENDIENTES DE CANARIAS - UCPIC,0,0,Ministerio del Interior / portal oficial de datos abiertos,PRIMARY_OFFICIAL
2008,2008-03-09,4 - Almería,UNION DEL PUEBLO LEONES - UPL,0,0,Ministerio del Interior / portal oficial de datos abiertos,PRIMARY_OFFICIAL
2008,2008-03-09,4 - Almería,UNION DEL PUEBLO NAVARRO EN COALICION CON EL PARTIDO POPULAR - UPN-PP,0,0,Ministerio del Interior / portal oficial de datos abiertos,PRIMARY_OFFICIAL
2008,2008-03-09,4 - Almería,UNION POR LEGANES - ULEG,0,0,Ministerio del Interior / portal oficial de datos abiertos,PRIMARY_OFFICIAL
2008,2008-03-09,4 - Almería,UNION PROGRESO Y DEMOCRACIA - UPD,0,0,Ministerio del Interior / portal oficial de datos abiertos,PRIMARY_OFFICIAL
2008,2008-03-09,4 - Almería,UNION PROGRESO Y DEMOCRACIA - UPyD,1820,0,Ministerio del Interior / portal oficial de datos abiertos,PRIMARY_OFFICIAL
2008,2008-03-09,4 - Almería,"UNION, PROGRESO Y DEMOCRACIA - UPyD",0,0,Ministerio del Interior / portal oficial de datos abiertos,PRIMARY_OFFICIAL
2008,2008-03-09,4 - Almería,UNITAT PER LES ILLES - UNITAT PER LES ILLES,0,0,Ministerio del Interior / portal oficial de datos abiertos,PRIMARY_OFFICIAL
2008,2008-03-09,40 - Segovia,AGRUPACION CIUDADANA - AGRUCI,0,0,Ministerio del Interior / portal oficial de datos abiertos,PRIMARY_OFFICIAL
2008,2008-03-09,40 - Segovia,ALIANZA NACIONAL - A.u.N.,0,0,Ministerio del Interior / portal oficial de datos abiertos,PRIMARY_OFFICIAL
2008,2008-03-09,40 - Segovia,ALIANZA NACIONAL - AN,0,0,Ministerio del Interior / portal oficial de datos abiertos,PRIMARY_OFFICIAL
2008,2008-03-09,40 - Segovia,ALIANZA NACIONAL - AUN,0,0,Ministerio del Interior / portal oficial de datos abiertos,PRIMARY_OFFICIAL
2008,2008-03-09,40 - Segovia,ALIANZA NACIONAL - AuN,0,0,Ministerio del Interior / portal oficial de datos abiertos,PRIMARY_OFFICIAL
2008,2008-03-09,40 - Segovia,ALIANZA POR BURGOS - AxB,0,0,Ministerio del Interior / portal oficial de datos abiertos,PRIMARY_OFFICIAL
2008,2008-03-09,40 - Segovia,ALIANÇA BALEAR - ABA,0,0,Ministerio del Interior / portal oficial de datos abiertos,PRIMARY_OFFICIAL
2008,2008-03-09,40 - Segovia,ALTERNATIVA EN BLANCO - ABLA,97,0,Ministerio del Interior / portal oficial de datos abiertos,PRIMARY_OFFICIAL
2008,2008-03-09,40 - Segovia,ALTERNATIVA EN BLANCO - aBla,0,0,Ministerio del Interior / portal oficial de datos abiertos,PRIMARY_OFFICIAL
2008,2008-03-09,40 - Segovia,ALTERNATIVA ESPAÑOLA - AES,25,0,Ministerio del Interior / portal oficial de datos abiertos,PRIMARY_OFFICIAL
2008,2008-03-09,40 - Segovia,ALTERNATIVA MOTOR Y DEPORTE - A.M.D.,0,0,Ministerio del Interior / portal oficial de datos abiertos,PRIMARY_OFFICIAL
2008,2008-03-09,40 - Segovia,ALTERNATIVA MOTOR Y DEPORTES - A.M.D.,0,0,Ministerio del Interior / portal oficial de datos abiertos,PRIMARY_OFFICIAL
2008,2008-03-09,40 - Segovia,ALTERNATIVA MOTOR Y DEPORTES - AMD,0,0,Ministerio del Interior / portal oficial de datos abiertos,PRIMARY_OFFICIAL
2008,2008-03-09,40 - Segovia,ALTERNATIVA NACIONALISTA CANARIA - ANC,0,0,Ministerio del Interior / portal oficial de datos abiertos,PRIMARY_OFFICIAL
2008,2008-03-09,40 - Segovia,ANDECHA ASTUR - AA,0,0,Ministerio del Interior / portal oficial de datos abiertos,PRIMARY_OFFICIAL
2008,2008-03-09,40 - Segovia,ARALAR - aralar,0,0,Ministerio del Interior / portal oficial de datos abiertos,PRIMARY_OFFICIAL
2008,2008-03-09,40 - Segovia,ASAMBLEA DE VOTACION ELECTRONICA - AVE,0,0,Ministerio del Interior / portal oficial de datos abiertos,PRIMARY_OFFICIAL
2008,2008-03-09,40 - Segovia,BERDEAK-LOS VERDES - B-LV,0,0,Ministerio del Interior / portal oficial de datos abiertos,PRIMARY_OFFICIAL
2008,2008-03-09,40 - Segovia,BLOC-INICIATIVA-VERDS - BLOC-IDPV-EV-EE,0,0,Ministerio del Interior / portal oficial de datos abiertos,PRIMARY_OFFICIAL
2008,2008-03-09,40 - Segovia,BLOC-INICIATIVA-VERDS - BLOC-IdPV-EV-EE,0,0,Ministerio del Interior / portal oficial de datos abiertos,PRIMARY_OFFICIAL
2008,2008-03-09,40 - Segovia,BLOQUE NACIONALISTA GALEGO - B.N.G.,0,0,Ministerio del Interior / portal oficial de datos abiertos,PRIMARY_OFFICIAL
2008,2008-03-09,40 - Segovia,BLOQUE NACIONALISTA GALEGO - BNG,0,0,Ministerio del Interior / portal oficial de datos abiertos,PRIMARY_OFFICIAL
2008,2008-03-09,40 - Segovia,CENTRO DEMOCRATICO ESPAÑOL - C.D.Es.,0,0,Ministerio del Interior / portal oficial de datos abiertos,PRIMARY_OFFICIAL
2008,2008-03-09,40 - Segovia,CENTRO DEMOCRATICO ESPAÑOL - CDEs,0,0,Ministerio del Interior / portal oficial de datos abiertos,PRIMARY_OFFICIAL
2008,2008-03-09,40 - Segovia,CENTRO DEMOCRATICO LIBERAL - C.D.L.,0,0,Ministerio del Interior / portal oficial de datos abiertos,PRIMARY_OFFICIAL
2008,2008-03-09,40 - Segovia,CENTRO DEMOCRATICO LIBERAL - CDL,0,0,Ministerio del Interior / portal oficial de datos abiertos,PRIMARY_OFFICIAL
2008,2008-03-09,40 - Segovia,CENTRO DEMOCRATICO SOCIAL - C.D.S.,0,0,Ministerio del Interior / portal oficial de datos abiertos,PRIMARY_OFFICIAL
2008,2008-03-09,40 - Segovia,CENTRO DEMOCRATICO Y SOCIAL - CDS,0,0,Ministerio del Interior / portal oficial de datos abiertos,PRIMARY_OFFICIAL
2008,2008-03-09,40 - Segovia,CHUNTA ARAGONESISTA - CHA,0,0,Ministerio del Interior / portal oficial de datos abiertos,PRIMARY_OFFICIAL
2008,2008-03-09,40 - Segovia,CIUDADANOS EN BLANCO - CENB,0,0,Ministerio del Interior / portal oficial de datos abiertos,PRIMARY_OFFICIAL
2008,2008-03-09,40 - Segovia,CIUDADANOS EN BLANCO - CNB,0,0,Ministerio del Interior / portal oficial de datos abiertos,PRIMARY_OFFICIAL
2008,2008-03-09,40 - Segovia,CIUDADANOS EN BLANCO - CenB,0,0,Ministerio del Interior / portal oficial de datos abiertos,PRIMARY_OFFICIAL
2008,2008-03-09,40 - Segovia,CIUDADANOS EN BLANCO - Cenb,89,0,Ministerio del Interior / portal oficial de datos abiertos,PRIMARY_OFFICIAL
2008,2008-03-09,40 - Segovia,CIUDADANOS PARTIDO DE LA CIUDADANIA - C's,0,0,Ministerio del Interior / portal oficial de datos abiertos,PRIMARY_OFFICIAL
2008,2008-03-09,40 - Segovia,CIUDADANOS-PARTIDO DE LA CIUDADANIA - C's,99,0,Ministerio del Interior / portal oficial de datos abiertos,PRIMARY_OFFICIAL
2008,2008-03-09,40 - Segovia,"CIUDADANOS-PARTIDO DE LA CIUDADANIA - C,S",0,0,Ministerio del Interior / portal oficial de datos abiertos,PRIMARY_OFFICIAL
2008,2008-03-09,40 - Segovia,CIUTADANS-PARTIDO DE LA CIUDADANIA - C's,0,0,Ministerio del Interior / portal oficial de datos abiertos,PRIMARY_OFFICIAL
2008,2008-03-09,40 - Segovia,COALICIO TREBALLADORS PER LA DEMOCRACIA - TD,0,0,Ministerio del Interior / portal oficial de datos abiertos,PRIMARY_OFFICIAL
2008,2008-03-09,40 - Segovia,COALICIO VALENCIANA - CVa,0,0,Ministerio del Interior / portal oficial de datos abiertos,PRIMARY_OFFICIAL
2008,2008-03-09,40 - Segovia,COALICION ANDALUCISTA - CA,0,0,Ministerio del Interior / portal oficial de datos abiertos,PRIMARY_OFFICIAL
2008,2008-03-09,40 - Segovia,COALICION CANARIA-PARTIDO NACIONALISTA CANARIO - CC-PNC,0,0,Ministerio del Interior / portal oficial de datos abiertos,PRIMARY_OFFICIAL
2008,2008-03-09,40 - Segovia,COALICION CANARIA-PARTIDO NACIONALISTA CANARIO-PARTIDO DE INDEPENDIENTES DE LANZAROTE - CC-PNC-PIL,0,0,Ministerio del Interior / portal oficial de datos abiertos,PRIMARY_OFFICIAL
2008,2008-03-09,40 - Segovia,COMUNION TRADICIONALISTA CARLISTA - C.T.C.,0,0,Ministerio del Interior / portal oficial de datos abiertos,PRIMARY_OFFICIAL
2008,2008-03-09,40 - Segovia,COMUNION TRADICIONALISTA CARLISTA - CTC,9,0,Ministerio del Interior / portal oficial de datos abiertos,PRIMARY_OFFICIAL
2008,2008-03-09,40 - Segovia,CONVERGENCIA DEMOCRATICA ASTURIANA - CDAS,0,0,Ministerio del Interior / portal oficial de datos abiertos,PRIMARY_OFFICIAL
2008,2008-03-09,40 - Segovia,CONVERGENCIA I UNIO - CIU,0,0,Ministerio del Interior / portal oficial de datos abiertos,PRIMARY_OFFICIAL
2008,2008-03-09,40 - Segovia,CONVERGENCIA I UNIO - CiU,0,0,Ministerio del Interior / portal oficial de datos abiertos,PRIMARY_OFFICIAL
2008,2008-03-09,40 - Segovia,DEMOCRACIA NACIONAL - D.N.,0,0,Ministerio del Interior / portal oficial de datos abiertos,PRIMARY_OFFICIAL
2008,2008-03-09,40 - Segovia,DEMOCRACIA NACIONAL - DN,87,0,Ministerio del Interior / portal oficial de datos abiertos,PRIMARY_OFFICIAL
2008,2008-03-09,40 - Segovia,EI ESCONS INSUBMISOS-ALTERNATIVA DELS DEMOCRATES DESCONTENTS - Ei,0,0,Ministerio del Interior / portal oficial de datos abiertos,PRIMARY_OFFICIAL
2008,2008-03-09,40 - Segovia,ELS VERDS - L'ALTERNATIVA ECOLOGISTA - EV-AE,0,0,Ministerio del Interior / portal oficial de datos abiertos,PRIMARY_OFFICIAL
2008,2008-03-09,40 - Segovia,ELS VERDS-ALTERNATIVA VERDA - E.V.-A.V.,0,0,Ministerio del Interior / portal oficial de datos abiertos,PRIMARY_OFFICIAL
2008,2008-03-09,40 - Segovia,ELS VERDS-LOS VERDES - EV-LV,0,0,Ministerio del Interior / portal oficial de datos abiertos,PRIMARY_OFFICIAL
2008,2008-03-09,40 - Segovia,ESCONS INSUBMISOS ALTERNATIVA DELS DEMOCRATES DESCONTENTS - EI-ADD,0,0,Ministerio del Interior / portal oficial de datos abiertos,PRIMARY_OFFICIAL
2008,2008-03-09,40 - Segovia,ESCONS INSUBMISOS-ALTERNATIVA DELS DEMOCRATES DESCONTENTS - Ei,0,0,Ministerio del Interior / portal oficial de datos abiertos,PRIMARY_OFFICIAL
2008,2008-03-09,40 - Segovia,ESPAÑA 2000 - E-2000,16,0,Ministerio del Interior / portal oficial de datos abiertos,PRIMARY_OFFICIAL
2008,2008-03-09,40 - Segovia,ESPAÑA-2000 - E-2000,0,0,Ministerio del Interior / portal oficial de datos abiertos,PRIMARY_OFFICIAL
2008,2008-03-09,40 - Segovia,ESQUERDA UNIDA-IZQUIERDA UNIDA-ALTERNATIVA - EU-IU,0,0,Ministerio del Interior / portal oficial de datos abiertos,PRIMARY_OFFICIAL
2008,2008-03-09,40 - Segovia,ESQUERRA REPUBLICANA DE CATALUNYA - ESQUERRA,0,0,Ministerio del Interior / portal oficial de datos abiertos,PRIMARY_OFFICIAL
2008,2008-03-09,40 - Segovia,ESQUERRA REPUBLICANA DE CATALUNYA - esquerra,0,0,Ministerio del Interior / portal oficial de datos abiertos,PRIMARY_OFFICIAL
2008,2008-03-09,40 - Segovia,ESQUERRA REPUBLICANA DEL PAIS VALENCIA-PAIS VALENCIA SI - ESQUERRA-PV,0,0,Ministerio del Interior / portal oficial de datos abiertos,PRIMARY_OFFICIAL
2008,2008-03-09,40 - Segovia,"ESQUERRA REPUBLICANA DEL PAIS VALENCIA-PAIS VALENCIA, SI - ESQUERRA-PV",0,0,Ministerio del Interior / portal oficial de datos abiertos,PRIMARY_OFFICIAL
2008,2008-03-09,40 - Segovia,ESQUERRA UNIDA - ELS VERDS - EU-EV,0,0,Ministerio del Interior / portal oficial de datos abiertos,PRIMARY_OFFICIAL
2008,2008-03-09,40 - Segovia,ESQUERRA UNIDA DEL PAIS VALENCIA-IZQUIERDA REPUBLICANA: ESQUERRA UNIDA I REPUBLICANA - EUPV-IR,0,0,Ministerio del Interior / portal oficial de datos abiertos,PRIMARY_OFFICIAL
2008,2008-03-09,40 - Segovia,ESQUERRA UNIDA DEL PAIS VALENCIA-IZQUIERDA REPUBLICANA:ESQUERRA UNIDA I REPUBLICANA - EUPV-IR,0,0,Ministerio del Interior / portal oficial de datos abiertos,PRIMARY_OFFICIAL
2008,2008-03-09,40 - Segovia,EUSKO ALKARTASUNA - EA,0,0,Ministerio del Interior / portal oficial de datos abiertos,PRIMARY_OFFICIAL
2008,2008-03-09,40 - Segovia,EUZKO ALDERDI JELTZALEA-PARTIDO NACIONALISTA VASCO - EAJ-PNV,0,0,Ministerio del Interior / portal oficial de datos abiertos,PRIMARY_OFFICIAL
2008,2008-03-09,40 - Segovia,EXTREMADURA UNIDA - EXTREMADURA UNIDA,0,0,Ministerio del Interior / portal oficial de datos abiertos,PRIMARY_OFFICIAL
2008,2008-03-09,40 - Segovia,EZKER BATUA-BERDEAK-ALTERNATIVA - EB-B,0,0,Ministerio del Interior / portal oficial de datos abiertos,PRIMARY_OFFICIAL
2008,2008-03-09,40 - Segovia,FALANGE AUTENTICA - F.A.,0,0,Ministerio del Interior / portal oficial de datos abiertos,PRIMARY_OFFICIAL
2008,2008-03-09,40 - Segovia,FALANGE AUTENTICA - FA,29,0,Ministerio del Interior / portal oficial de datos abiertos,PRIMARY_OFFICIAL
2008,2008-03-09,40 - Segovia,FALANGE ESPAÑOLA DE LA JONS - FE de las JONS,0,0,Ministerio del Interior / portal oficial de datos abiertos,PRIMARY_OFFICIAL
2008,2008-03-09,40 - Segovia,FALANGE ESPAÑOLA DE LAS J.O.N.S. - F.E. de las J.O.N.S.,0,0,Ministerio del Interior / portal oficial de datos abiertos,PRIMARY_OFFICIAL
2008,2008-03-09,40 - Segovia,FALANGE ESPAÑOLA DE LAS J.O.N.S. - FE de las JONS,0,0,Ministerio del Interior / portal oficial de datos abiertos,PRIMARY_OFFICIAL
2008,2008-03-09,40 - Segovia,FALANGE ESPAÑOLA DE LAS J.O.N.S. - FE-JONS,0,0,Ministerio del Interior / portal oficial de datos abiertos,PRIMARY_OFFICIAL
2008,2008-03-09,40 - Segovia,FALANGE ESPAÑOLA DE LAS JONS - F.E. de las J.O.N.S.,0,0,Ministerio del Interior / portal oficial de datos abiertos,PRIMARY_OFFICIAL
2008,2008-03-09,40 - Segovia,FALANGE ESPAÑOLA DE LAS JONS - FE DE LAS JONS,0,0,Ministerio del Interior / portal oficial de datos abiertos,PRIMARY_OFFICIAL
2008,2008-03-09,40 - Segovia,FALANGE ESPAÑOLA DE LAS JONS - FE de las JONS,67,0,Ministerio del Interior / portal oficial de datos abiertos,PRIMARY_OFFICIAL
2008,2008-03-09,40 - Segovia,FALANGE ESPAÑOLA DE LAS JONS - FE-JONS,0,0,Ministerio del Interior / portal oficial de datos abiertos,PRIMARY_OFFICIAL
2008,2008-03-09,40 - Segovia,FAMILIA I VIDA - PFiV,0,0,Ministerio del Interior / portal oficial de datos abiertos,PRIMARY_OFFICIAL
2008,2008-03-09,40 - Segovia,FAMILIA Y VIDA - PFyV,42,0,Ministerio del Interior / portal oficial de datos abiertos,PRIMARY_OFFICIAL
2008,2008-03-09,40 - Segovia,FRENTE ESPAÑOL - F.E,0,0,Ministerio del Interior / portal oficial de datos abiertos,PRIMARY_OFFICIAL
2008,2008-03-09,40 - Segovia,FRENTE ESPAÑOL - F.E.,0,0,Ministerio del Interior / portal oficial de datos abiertos,PRIMARY_OFFICIAL
2008,2008-03-09,40 - Segovia,FRENTE ESPAÑOL - FRENTE,20,0,Ministerio del Interior / portal oficial de datos abiertos,PRIMARY_OFFICIAL
2008,2008-03-09,40 - Segovia,GENTES DE EL BIERZO - PB-UB,0,0,Ministerio del Interior / portal oficial de datos abiertos,PRIMARY_OFFICIAL
2008,2008-03-09,40 - Segovia,IDENTITAT REGNE DE VALENCIA - IRV,0,0,Ministerio del Interior / portal oficial de datos abiertos,PRIMARY_OFFICIAL
2008,2008-03-09,40 - Segovia,INDEPENDIENTES POR CUENCA - ixC,0,0,Ministerio del Interior / portal oficial de datos abiertos,PRIMARY_OFFICIAL
2008,2008-03-09,40 - Segovia,INICIATIVA CIUDADANA BURGALESA - I.C.Bur,0,0,Ministerio del Interior / portal oficial de datos abiertos,PRIMARY_OFFICIAL
2008,2008-03-09,40 - Segovia,INICIATIVA MERINDADES DE CASTILLA - I.M.C.,0,0,Ministerio del Interior / portal oficial de datos abiertos,PRIMARY_OFFICIAL
2008,2008-03-09,40 - Segovia,INICIATIVA PER CATALUNYA VERDS - ESQUERRA UNIDA I ALTERNATIVA - ICV-EUiA,0,0,Ministerio del Interior / portal oficial de datos abiertos,PRIMARY_OFFICIAL
2008,2008-03-09,40 - Segovia,INICIATIVA PER CATALUNYA VERDS-ESQUERRA UNIDA I ALTERNATIVA - ICV-EUiA,0,0,Ministerio del Interior / portal oficial de datos abiertos,PRIMARY_OFFICIAL
2008,2008-03-09,40 - Segovia,IZQUIERDA REPUBLICANA - IR,0,0,Ministerio del Interior / portal oficial de datos abiertos,PRIMARY_OFFICIAL
2008,2008-03-09,40 - Segovia,IZQUIERDA REPUBLICANA-PARTIT REPUBLICA D'ESQUERRA - IR-PRE,0,0,Ministerio del Interior / portal oficial de datos abiertos,PRIMARY_OFFICIAL
2008,2008-03-09,40 - Segovia,IZQUIERDA UNIDA - BLOQUE POR ASTURIES - LOS VERDES - IU-B.A-LOS VERDES,0,0,Ministerio del Interior / portal oficial de datos abiertos,PRIMARY_OFFICIAL
2008,2008-03-09,40 - Segovia,IZQUIERDA UNIDA CANARIA-ALTERNATIVA - IUC,0,0,Ministerio del Interior / portal oficial de datos abiertos,PRIMARY_OFFICIAL
2008,2008-03-09,40 - Segovia,IZQUIERDA UNIDA COMUNIDAD DE MADRID-ALTERNATIVA - IU-CM.,0,0,Ministerio del Interior / portal oficial de datos abiertos,PRIMARY_OFFICIAL
2008,2008-03-09,40 - Segovia,IZQUIERDA UNIDA DE CEUTA - I.U.,0,0,Ministerio del Interior / portal oficial de datos abiertos,PRIMARY_OFFICIAL
2008,2008-03-09,40 - Segovia,IZQUIERDA UNIDA DE LA REGION DE MURCIA-ALTERNATIVA - I.U.R.M.,0,0,Ministerio del Interior / portal oficial de datos abiertos,PRIMARY_OFFICIAL
2008,2008-03-09,40 - Segovia,IZQUIERDA UNIDA DE NAVARRA - NAFARROAKO EZKER BATUA - ALTERNATIVA - IUN-NEB,0,0,Ministerio del Interior / portal oficial de datos abiertos,PRIMARY_OFFICIAL
2008,2008-03-09,40 - Segovia,IZQUIERDA UNIDA LOS VERDES CONVOCATORIA POR ANDALUCIA-ALTERNATIVA - IULV-CA,0,0,Ministerio del Interior / portal oficial de datos abiertos,PRIMARY_OFFICIAL
2008,2008-03-09,40 - Segovia,IZQUIERDA UNIDA LOS VERDES-CONVOCATORIA POR ANDALUCIA - ALTERNATIVA - IULV-CA,0,0,Ministerio del Interior / portal oficial de datos abiertos,PRIMARY_OFFICIAL
2008,2008-03-09,40 - Segovia,IZQUIERDA UNIDA LOS VERDES-CONVOCATORIA POR ANDALUCIA-ALTERNATIVA - IULV-CA,0,0,Ministerio del Interior / portal oficial de datos abiertos,PRIMARY_OFFICIAL
2008,2008-03-09,40 - Segovia,IZQUIERDA UNIDA-ALTERNATIVA - I.U.,0,0,Ministerio del Interior / portal oficial de datos abiertos,PRIMARY_OFFICIAL
2008,2008-03-09,40 - Segovia,IZQUIERDA UNIDA-ALTERNATIVA - IU,2657,0,Ministerio del Interior / portal oficial de datos abiertos,PRIMARY_OFFICIAL
2008,2008-03-09,40 - Segovia,LLUITA INTERNACIONALISTA - (LI(LIT-CI)),0,0,Ministerio del Interior / portal oficial de datos abiertos,PRIMARY_OFFICIAL
2008,2008-03-09,40 - Segovia,LLUITA INTERNACIONALISTA - L.I.(LIT-CI),0,0,Ministerio del Interior / portal oficial de datos abiertos,PRIMARY_OFFICIAL
2008,2008-03-09,40 - Segovia,LLUITA INTERNACIONALISTA - LI-LITCI,0,0,Ministerio del Interior / portal oficial de datos abiertos,PRIMARY_OFFICIAL
2008,2008-03-09,40 - Segovia,LOS VERDES - LOS VERDES,0,0,Ministerio del Interior / portal oficial de datos abiertos,PRIMARY_OFFICIAL
2008,2008-03-09,40 - Segovia,LOS VERDES - LV,0,0,Ministerio del Interior / portal oficial de datos abiertos,PRIMARY_OFFICIAL
2008,2008-03-09,40 - Segovia,LOS VERDES - VERDES,560,0,Ministerio del Interior / portal oficial de datos abiertos,PRIMARY_OFFICIAL
2008,2008-03-09,40 - Segovia,LOS VERDES COMUNIDAD DE MADRID-LOS VERDES DE EUROPA - LVCM-LVE,0,0,Ministerio del Interior / portal oficial de datos abiertos,PRIMARY_OFFICIAL
2008,2008-03-09,40 - Segovia,LOS VERDES DE EUROPA - LOS VERDES DE EUROPA,0,0,Ministerio del Interior / portal oficial de datos abiertos,PRIMARY_OFFICIAL
2008,2008-03-09,40 - Segovia,LOS VERDES DE EUROPA - LVE,0,0,Ministerio del Interior / portal oficial de datos abiertos,PRIMARY_OFFICIAL
2008,2008-03-09,40 - Segovia,LOS VERDES DE EXTREMADURA - LV,0,0,Ministerio del Interior / portal oficial de datos abiertos,PRIMARY_OFFICIAL
2008,2008-03-09,40 - Segovia,LOS VERDES-ELS VERDS - LV-EV,0,0,Ministerio del Interior / portal oficial de datos abiertos,PRIMARY_OFFICIAL
2008,2008-03-09,40 - Segovia,LOS VERDES-GRUPO VERDE - L.V.,0,0,Ministerio del Interior / portal oficial de datos abiertos,PRIMARY_OFFICIAL
2008,2008-03-09,40 - Segovia,LOS VERDES-GRUPO VERDE - LV,0,0,Ministerio del Interior / portal oficial de datos abiertos,PRIMARY_OFFICIAL
2008,2008-03-09,40 - Segovia,LOS VERDES-GRUPO VERDE - LV-GV,0,0,Ministerio del Interior / portal oficial de datos abiertos,PRIMARY_OFFICIAL
2008,2008-03-09,40 - Segovia,LUCHA INTERNACIONALISTA - LI-LITCI,0,0,Ministerio del Interior / portal oficial de datos abiertos,PRIMARY_OFFICIAL
2008,2008-03-09,40 - Segovia,MOVIMIENTO FALANGISTA DE ESPAÑA - M.F.E.,0,0,Ministerio del Interior / portal oficial de datos abiertos,PRIMARY_OFFICIAL
2008,2008-03-09,40 - Segovia,MOVIMIENTO POR LA UNIDAD DEL PUEBLO CANARIO - MUPC,0,0,Ministerio del Interior / portal oficial de datos abiertos,PRIMARY_OFFICIAL
2008,2008-03-09,40 - Segovia,NAFARROA BAI - NA-BAI,0,0,Ministerio del Interior / portal oficial de datos abiertos,PRIMARY_OFFICIAL
2008,2008-03-09,40 - Segovia,NOSALTRES SOM - N som,0,0,Ministerio del Interior / portal oficial de datos abiertos,PRIMARY_OFFICIAL
2008,2008-03-09,40 - Segovia,NUEVA CANARIAS-CENTRO CANARIO - NC-CCN,0,0,Ministerio del Interior / portal oficial de datos abiertos,PRIMARY_OFFICIAL
2008,2008-03-09,40 - Segovia,OPCIO NACIONALISTA VALENCIANA - O.N.V.,0,0,Ministerio del Interior / portal oficial de datos abiertos,PRIMARY_OFFICIAL
2008,2008-03-09,40 - Segovia,OPCIO NACIONALISTA VALENCIANA - ONV,0,0,Ministerio del Interior / portal oficial de datos abiertos,PRIMARY_OFFICIAL
2008,2008-03-09,40 - Segovia,OS VERDES - GRUPO VERDE - OV,0,0,Ministerio del Interior / portal oficial de datos abiertos,PRIMARY_OFFICIAL
2008,2008-03-09,40 - Segovia,PARTIDO ALTERNATIVA MOTOR Y DEPORTES - A.M.D.,0,0,Ministerio del Interior / portal oficial de datos abiertos,PRIMARY_OFFICIAL
2008,2008-03-09,40 - Segovia,PARTIDO ANTITAURINO CONTRA EL MALTRATO ANIMAL - P.A.C.M.A,0,0,Ministerio del Interior / portal oficial de datos abiertos,PRIMARY_OFFICIAL
2008,2008-03-09,40 - Segovia,PARTIDO ANTITAURINO CONTRA EL MALTRATO ANIMAL - P.A.C.M.A.,0,0,Ministerio del Interior / portal oficial de datos abiertos,PRIMARY_OFFICIAL
2008,2008-03-09,40 - Segovia,PARTIDO ANTITAURINO CONTRA EL MALTRATO ANIMAL - PACMA,140,0,Ministerio del Interior / portal oficial de datos abiertos,PRIMARY_OFFICIAL
2008,2008-03-09,40 - Segovia,PARTIDO ARAGONES - PAR,0,0,Ministerio del Interior / portal oficial de datos abiertos,PRIMARY_OFFICIAL
2008,2008-03-09,40 - Segovia,PARTIDO CARLISTA - P.C.,0,0,Ministerio del Interior / portal oficial de datos abiertos,PRIMARY_OFFICIAL
2008,2008-03-09,40 - Segovia,PARTIDO CARLISTA - PARTIDO CARLISTA,0,0,Ministerio del Interior / portal oficial de datos abiertos,PRIMARY_OFFICIAL
2008,2008-03-09,40 - Segovia,PARTIDO CARLISTA - PC,0,0,Ministerio del Interior / portal oficial de datos abiertos,PRIMARY_OFFICIAL
2008,2008-03-09,40 - Segovia,PARTIDO CARLISTA DE EUSKALERRIA-PARTIDO CARLISTA - EKA-PC.,0,0,Ministerio del Interior / portal oficial de datos abiertos,PRIMARY_OFFICIAL
2008,2008-03-09,40 - Segovia,PARTIDO CARLISTA DE EUSKALHERRIA-EUSKALHERRIKO KARLISTA ALDERDIA - PARTIDO CARLISTA-EKA,0,0,Ministerio del Interior / portal oficial de datos abiertos,PRIMARY_OFFICIAL
2008,2008-03-09,40 - Segovia,PARTIDO CENTRISTA - PCTR,0,0,Ministerio del Interior / portal oficial de datos abiertos,PRIMARY_OFFICIAL
2008,2008-03-09,40 - Segovia,PARTIDO CENTRISTAS - Centristas PCTR,0,0,Ministerio del Interior / portal oficial de datos abiertos,PRIMARY_OFFICIAL
2008,2008-03-09,40 - Segovia,PARTIDO CENTRISTAS - PCTR,34,0,Ministerio del Interior / portal oficial de datos abiertos,PRIMARY_OFFICIAL
2008,2008-03-09,40 - Segovia,PARTIDO CIUDADANOS UNIDOS DE ARAGON - pCUA,0,0,Ministerio del Interior / portal oficial de datos abiertos,PRIMARY_OFFICIAL
2008,2008-03-09,40 - Segovia,PARTIDO COMUNISTA DE LOS PUEBLOS DE ESPAÑA - P.C.P.E.,0,0,Ministerio del Interior / portal oficial de datos abiertos,PRIMARY_OFFICIAL
2008,2008-03-09,40 - Segovia,PARTIDO COMUNISTA DE LOS PUEBLOS DE ESPAÑA - P.C.P.E.-E.K.,0,0,Ministerio del Interior / portal oficial de datos abiertos,PRIMARY_OFFICIAL
2008,2008-03-09,40 - Segovia,PARTIDO COMUNISTA DE LOS PUEBLOS DE ESPAÑA - PCPE,0,0,Ministerio del Interior / portal oficial de datos abiertos,PRIMARY_OFFICIAL
2008,2008-03-09,40 - Segovia,PARTIDO COMUNISTA DE LOS PUEBLOS DE ESPAÑA-EUSKAL KOMUNISTAK - PCPE - EK,0,0,Ministerio del Interior / portal oficial de datos abiertos,PRIMARY_OFFICIAL
2008,2008-03-09,40 - Segovia,PARTIDO COMUNISTA DEL PUEBLO CANARIO - PCPE,0,0,Ministerio del Interior / portal oficial de datos abiertos,PRIMARY_OFFICIAL
2008,2008-03-09,40 - Segovia,PARTIDO COMUNISTA DEL PUEBLO CASTELLANO - PCPE,0,0,Ministerio del Interior / portal oficial de datos abiertos,PRIMARY_OFFICIAL
2008,2008-03-09,40 - Segovia,PARTIDO COMUNISTA DEL PUEBLO CASTELLANO-PCPE - PCPE,78,0,Ministerio del Interior / portal oficial de datos abiertos,PRIMARY_OFFICIAL
2008,2008-03-09,40 - Segovia,PARTIDO COMUNISTA DEL PUEBLO DE CATALUNYA - PCPC,0,0,Ministerio del Interior / portal oficial de datos abiertos,PRIMARY_OFFICIAL
2008,2008-03-09,40 - Segovia,PARTIDO COMUNISTA DEL PUEBLO DE CATALUÑA - PCPC,0,0,Ministerio del Interior / portal oficial de datos abiertos,PRIMARY_OFFICIAL
2008,2008-03-09,40 - Segovia,PARTIDO COMUNISTA DO POBO GALEGO - PCPG,0,0,Ministerio del Interior / portal oficial de datos abiertos,PRIMARY_OFFICIAL
2008,2008-03-09,40 - Segovia,PARTIDO COMUNISTA DO POVO GALEGO - P.C.P.G.,0,0,Ministerio del Interior / portal oficial de datos abiertos,PRIMARY_OFFICIAL
2008,2008-03-09,40 - Segovia,PARTIDO COMUNISTA PUEBLOS DE ESPAÑA - PCPE,0,0,Ministerio del Interior / portal oficial de datos abiertos,PRIMARY_OFFICIAL
2008,2008-03-09,40 - Segovia,PARTIDO DE ALIANZA IBEROAMERICANA EUROPEA - PAIE,0,0,Ministerio del Interior / portal oficial de datos abiertos,PRIMARY_OFFICIAL
2008,2008-03-09,40 - Segovia,PARTIDO DE ALMERIA - PdeAL,0,0,Ministerio del Interior / portal oficial de datos abiertos,PRIMARY_OFFICIAL
2008,2008-03-09,40 - Segovia,PARTIDO DE LAS LIBERTADES CIVILES - PLCI,0,0,Ministerio del Interior / portal oficial de datos abiertos,PRIMARY_OFFICIAL
2008,2008-03-09,40 - Segovia,PARTIDO DE LOS NO-FUMADORES - PNF (NO-FUMADORES),0,0,Ministerio del Interior / portal oficial de datos abiertos,PRIMARY_OFFICIAL
2008,2008-03-09,40 - Segovia,PARTIDO DE LOS PENSIONISTAS EN ACCION - PDLPEA,0,0,Ministerio del Interior / portal oficial de datos abiertos,PRIMARY_OFFICIAL
2008,2008-03-09,40 - Segovia,PARTIDO DOS SOCIALISTAS DE GALICIA-PARTIDO SOCIALISTA OBRERO ESPAÑOL - PSdeG-PSOE,0,0,Ministerio del Interior / portal oficial de datos abiertos,PRIMARY_OFFICIAL
2008,2008-03-09,40 - Segovia,PARTIDO DOS SOCIALISTAS DE GALICIA-PSOE - PSdeG-PSOE,0,0,Ministerio del Interior / portal oficial de datos abiertos,PRIMARY_OFFICIAL
2008,2008-03-09,40 - Segovia,PARTIDO FAMILIA Y VIDA - PFyV,0,0,Ministerio del Interior / portal oficial de datos abiertos,PRIMARY_OFFICIAL
2008,2008-03-09,40 - Segovia,PARTIDO HACHE - PHache,0,0,Ministerio del Interior / portal oficial de datos abiertos,PRIMARY_OFFICIAL
2008,2008-03-09,40 - Segovia,PARTIDO HUMANISTA - P.H.,0,0,Ministerio del Interior / portal oficial de datos abiertos,PRIMARY_OFFICIAL
2008,2008-03-09,40 - Segovia,PARTIDO HUMANISTA - PH,22,0,Ministerio del Interior / portal oficial de datos abiertos,PRIMARY_OFFICIAL
2008,2008-03-09,40 - Segovia,PARTIDO IZQUIERDA REPUBLICANA-PARTIT REPUBLICA D'ESQUERRA - IR-PRE,0,0,Ministerio del Interior / portal oficial de datos abiertos,PRIMARY_OFFICIAL
2008,2008-03-09,40 - Segovia,PARTIDO LIBERAL DEL EMPLEO Y LA VIVIENDA ESTATAL - P.L.E.V.E.,0,0,Ministerio del Interior / portal oficial de datos abiertos,PRIMARY_OFFICIAL
2008,2008-03-09,40 - Segovia,PARTIDO LIBERTADES CIVILES - PLCI,0,0,Ministerio del Interior / portal oficial de datos abiertos,PRIMARY_OFFICIAL
2008,2008-03-09,40 - Segovia,PARTIDO OBRERO SOCIALISTA INTERNACIONALISTA - P.O.S.I.,0,0,Ministerio del Interior / portal oficial de datos abiertos,PRIMARY_OFFICIAL
2008,2008-03-09,40 - Segovia,PARTIDO OBRERO SOCIALISTA INTERNACIONALISTA - POSI,0,0,Ministerio del Interior / portal oficial de datos abiertos,PRIMARY_OFFICIAL
2008,2008-03-09,40 - Segovia,PARTIDO POLITICO ARALAR - aralar,0,0,Ministerio del Interior / portal oficial de datos abiertos,PRIMARY_OFFICIAL
2008,2008-03-09,40 - Segovia,PARTIDO POPULAR - P.P.,0,0,Ministerio del Interior / portal oficial de datos abiertos,PRIMARY_OFFICIAL
2008,2008-03-09,40 - Segovia,PARTIDO POPULAR - PP,53399,2,Ministerio del Interior / portal oficial de datos abiertos,PRIMARY_OFFICIAL
2008,2008-03-09,40 - Segovia,PARTIDO POPULAR/PARTIT POPULAR - PP,0,0,Ministerio del Interior / portal oficial de datos abiertos,PRIMARY_OFFICIAL
2008,2008-03-09,40 - Segovia,PARTIDO POR UN MUNDO MAS JUSTO - PUM+J,0,0,Ministerio del Interior / portal oficial de datos abiertos,PRIMARY_OFFICIAL
2008,2008-03-09,40 - Segovia,PARTIDO POSITIVISTA CRISTIANO - PPCr,0,0,Ministerio del Interior / portal oficial de datos abiertos,PRIMARY_OFFICIAL
2008,2008-03-09,40 - Segovia,PARTIDO REGIONALISTA DE GUADALAJARA - P.R.GU.,0,0,Ministerio del Interior / portal oficial de datos abiertos,PRIMARY_OFFICIAL
2008,2008-03-09,40 - Segovia,PARTIDO REGIONALISTA DEL PAIS LEONES - PREPAL,0,0,Ministerio del Interior / portal oficial de datos abiertos,PRIMARY_OFFICIAL
2008,2008-03-09,40 - Segovia,PARTIDO RIOJANO - PARTIDO RIOJANO,0,0,Ministerio del Interior / portal oficial de datos abiertos,PRIMARY_OFFICIAL
2008,2008-03-09,40 - Segovia,PARTIDO SOCIAL DEMOCRATA - P.S.D.,0,0,Ministerio del Interior / portal oficial de datos abiertos,PRIMARY_OFFICIAL
2008,2008-03-09,40 - Segovia,PARTIDO SOCIAL DEMOCRATA - PSD,94,0,Ministerio del Interior / portal oficial de datos abiertos,PRIMARY_OFFICIAL
2008,2008-03-09,40 - Segovia,PARTIDO SOCIAL DEMOCRATA-FEDERACION DE LOS INDEPENDIENTES DE ARAGON - PSD-FIA,0,0,Ministerio del Interior / portal oficial de datos abiertos,PRIMARY_OFFICIAL
2008,2008-03-09,40 - Segovia,PARTIDO SOCIALISTA DE EUSKADI-EUSKADIKO EZKERRA (PSOE) - PSE-EE (PSOE),0,0,Ministerio del Interior / portal oficial de datos abiertos,PRIMARY_OFFICIAL
2008,2008-03-09,40 - Segovia,PARTIDO SOCIALISTA DE EUSKADI-EUSKADIKO EZKERRA - PSE-EE (PSOE),0,0,Ministerio del Interior / portal oficial de datos abiertos,PRIMARY_OFFICIAL
2008,2008-03-09,40 - Segovia,PARTIDO SOCIALISTA OBRERO ESPAÑOL - P.S.O.E.,0,0,Ministerio del Interior / portal oficial de datos abiertos,PRIMARY_OFFICIAL
2008,2008-03-09,40 - Segovia,PARTIDO SOCIALISTA OBRERO ESPAÑOL - PSOE,39023,1,Ministerio del Interior / portal oficial de datos abiertos,PRIMARY_OFFICIAL
2008,2008-03-09,40 - Segovia,PARTIDO SOCIALISTA OBRERO ESPAÑOL DE ANDALUCIA - PSOE-A,0,0,Ministerio del Interior / portal oficial de datos abiertos,PRIMARY_OFFICIAL
2008,2008-03-09,40 - Segovia,PARTIDO SOLIDARIDAD Y AUTOGESTION INTERNACIONALISTA - SAIN,0,0,Ministerio del Interior / portal oficial de datos abiertos,PRIMARY_OFFICIAL
2008,2008-03-09,40 - Segovia,PARTIDO UNIONISTA ESTADO DE ESPAÑA - P.U.E.D.E.,0,0,Ministerio del Interior / portal oficial de datos abiertos,PRIMARY_OFFICIAL
2008,2008-03-09,40 - Segovia,PARTIDO UNIONISTA ESTADO DE ESPAÑA - PUEDE,0,0,Ministerio del Interior / portal oficial de datos abiertos,PRIMARY_OFFICIAL
2008,2008-03-09,40 - Segovia,PARTIT ANTITAURI CONTRA EL MALTRACTAMENT ANIMAL - P.A.C.M.A.,0,0,Ministerio del Interior / portal oficial de datos abiertos,PRIMARY_OFFICIAL
2008,2008-03-09,40 - Segovia,PARTIT ANTITAURI CONTRA EL MALTRACTAMENT ANIMAL - PACMA,0,0,Ministerio del Interior / portal oficial de datos abiertos,PRIMARY_OFFICIAL
2008,2008-03-09,40 - Segovia,PARTIT CARLI DE CATALUNYA - P. C. de C.,0,0,Ministerio del Interior / portal oficial de datos abiertos,PRIMARY_OFFICIAL
2008,2008-03-09,40 - Segovia,PARTIT CARLI DE CATALUNYA - PCaC,0,0,Ministerio del Interior / portal oficial de datos abiertos,PRIMARY_OFFICIAL
2008,2008-03-09,40 - Segovia,PARTIT COMUNISTA DEL POBLE DE CATALUNYA - P.C.P.C.,0,0,Ministerio del Interior / portal oficial de datos abiertos,PRIMARY_OFFICIAL
2008,2008-03-09,40 - Segovia,PARTIT COMUNISTA DELS POBLES D'ESPANYA - PCPE,0,0,Ministerio del Interior / portal oficial de datos abiertos,PRIMARY_OFFICIAL
2008,2008-03-09,40 - Segovia,PARTIT DELS SOCIALISTES DE CATALUNYA - PSC (PSC-PSOE),0,0,Ministerio del Interior / portal oficial de datos abiertos,PRIMARY_OFFICIAL
2008,2008-03-09,40 - Segovia,PARTIT DELS SOCIALISTES DE CATALUNYA - PSC-PSOE,0,0,Ministerio del Interior / portal oficial de datos abiertos,PRIMARY_OFFICIAL
2008,2008-03-09,40 - Segovia,PARTIT FAMILIA I VIDA - PFiV,0,0,Ministerio del Interior / portal oficial de datos abiertos,PRIMARY_OFFICIAL
2008,2008-03-09,40 - Segovia,PARTIT HUMANISTA - P.H.,0,0,Ministerio del Interior / portal oficial de datos abiertos,PRIMARY_OFFICIAL
2008,2008-03-09,40 - Segovia,PARTIT HUMANISTA - PH,0,0,Ministerio del Interior / portal oficial de datos abiertos,PRIMARY_OFFICIAL
2008,2008-03-09,40 - Segovia,PARTIT HUMANISTA DE CATALUNYA - PH,0,0,Ministerio del Interior / portal oficial de datos abiertos,PRIMARY_OFFICIAL
2008,2008-03-09,40 - Segovia,PARTIT ILLENC DE SES ILLES BALEARS - PIIB,0,0,Ministerio del Interior / portal oficial de datos abiertos,PRIMARY_OFFICIAL
2008,2008-03-09,40 - Segovia,PARTIT OBRER SOCIALISTA INTERNACIONALISTA - P.O.S.I.,0,0,Ministerio del Interior / portal oficial de datos abiertos,PRIMARY_OFFICIAL
2008,2008-03-09,40 - Segovia,PARTIT OBRER SOCIALISTA INTERNACIONALISTA - POSI,0,0,Ministerio del Interior / portal oficial de datos abiertos,PRIMARY_OFFICIAL
2008,2008-03-09,40 - Segovia,PARTIT PER CATALUNYA - PxCat,0,0,Ministerio del Interior / portal oficial de datos abiertos,PRIMARY_OFFICIAL
2008,2008-03-09,40 - Segovia,PARTIT POPULAR/PARTIDO POPULAR - P.P.,0,0,Ministerio del Interior / portal oficial de datos abiertos,PRIMARY_OFFICIAL
2008,2008-03-09,40 - Segovia,PARTIT REPUBLICA CATALA - RC,0,0,Ministerio del Interior / portal oficial de datos abiertos,PRIMARY_OFFICIAL
2008,2008-03-09,40 - Segovia,PER LA REPUBLICA VALENCIANA - PLRV,0,0,Ministerio del Interior / portal oficial de datos abiertos,PRIMARY_OFFICIAL
2008,2008-03-09,40 - Segovia,PER LA REPUBLICA VALENCIANA - plRV,0,0,Ministerio del Interior / portal oficial de datos abiertos,PRIMARY_OFFICIAL
2008,2008-03-09,40 - Segovia,POR UN MUNDO MAS JUSTO - PUM+J,98,0,Ministerio del Interior / portal oficial de datos abiertos,PRIMARY_OFFICIAL
2008,2008-03-09,40 - Segovia,REPRESENTACION CANNABICA NAVARRA - RCN-NOK,0,0,Ministerio del Interior / portal oficial de datos abiertos,PRIMARY_OFFICIAL
2008,2008-03-09,40 - Segovia,SOLIDARIDAD Y AUTOGESTION INTERNACIONALISTA - SAIN,0,0,Ministerio del Interior / portal oficial de datos abiertos,PRIMARY_OFFICIAL
2008,2008-03-09,40 - Segovia,SOLIDARIDAD Y AUTOGESTION INTERNACIONALISTA - SAIn,0,0,Ministerio del Interior / portal oficial de datos abiertos,PRIMARY_OFFICIAL
2008,2008-03-09,40 - Segovia,TIERRA COMUNERA - TC,329,0,Ministerio del Interior / portal oficial de datos abiertos,PRIMARY_OFFICIAL
2008,2008-03-09,40 - Segovia,UNIDA - UNIDA,0,0,Ministerio del Interior / portal oficial de datos abiertos,PRIMARY_OFFICIAL
2008,2008-03-09,40 - Segovia,UNIDAD CASTELLANA - Ud. Ca.,0,0,Ministerio del Interior / portal oficial de datos abiertos,PRIMARY_OFFICIAL
2008,2008-03-09,40 - Segovia,UNIDAD DEL PUEBLO - UNIDAD DEL PUEBLO,0,0,Ministerio del Interior / portal oficial de datos abiertos,PRIMARY_OFFICIAL
2008,2008-03-09,40 - Segovia,UNIDAD REGIONALISTA DE CASTILLA Y LEON - U.R.C.L.,0,0,Ministerio del Interior / portal oficial de datos abiertos,PRIMARY_OFFICIAL
2008,2008-03-09,40 - Segovia,UNION CENTRISTA LIBERAL - UCL,0,0,Ministerio del Interior / portal oficial de datos abiertos,PRIMARY_OFFICIAL
2008,2008-03-09,40 - Segovia,UNION CIUDADANA PROGRESISTAS INDEPENDIENTES DE CANARIAS - UCPIC,0,0,Ministerio del Interior / portal oficial de datos abiertos,PRIMARY_OFFICIAL
2008,2008-03-09,40 - Segovia,UNION DEL PUEBLO LEONES - UPL,0,0,Ministerio del Interior / portal oficial de datos abiertos,PRIMARY_OFFICIAL
2008,2008-03-09,40 - Segovia,UNION DEL PUEBLO NAVARRO EN COALICION CON EL PARTIDO POPULAR - UPN-PP,0,0,Ministerio del Interior / portal oficial de datos abiertos,PRIMARY_OFFICIAL
2008,2008-03-09,40 - Segovia,UNION POR LEGANES - ULEG,0,0,Ministerio del Interior / portal oficial de datos abiertos,PRIMARY_OFFICIAL
2008,2008-03-09,40 - Segovia,UNION PROGRESO Y DEMOCRACIA - UPD,0,0,Ministerio del Interior / portal oficial de datos abiertos,PRIMARY_OFFICIAL
2008,2008-03-09,40 - Segovia,UNION PROGRESO Y DEMOCRACIA - UPyD,1631,0,Ministerio del Interior / portal oficial de datos abiertos,PRIMARY_OFFICIAL
2008,2008-03-09,40 - Segovia,"UNION, PROGRESO Y DEMOCRACIA - UPyD",0,0,Ministerio del Interior / portal oficial de datos abiertos,PRIMARY_OFFICIAL
2008,2008-03-09,40 - Segovia,UNITAT PER LES ILLES - UNITAT PER LES ILLES,0,0,Ministerio del Interior / portal oficial de datos abiertos,PRIMARY_OFFICIAL
2008,2008-03-09,41 - Sevilla,AGRUPACION CIUDADANA - AGRUCI,0,0,Ministerio del Interior / portal oficial de datos abiertos,PRIMARY_OFFICIAL
2008,2008-03-09,41 - Sevilla,ALIANZA NACIONAL - A.u.N.,0,0,Ministerio del Interior / portal oficial de datos abiertos,PRIMARY_OFFICIAL
2008,2008-03-09,41 - Sevilla,ALIANZA NACIONAL - AN,0,0,Ministerio del Interior / portal oficial de datos abiertos,PRIMARY_OFFICIAL
2008,2008-03-09,41 - Sevilla,ALIANZA NACIONAL - AUN,0,0,Ministerio del Interior / portal oficial de datos abiertos,PRIMARY_OFFICIAL
2008,2008-03-09,41 - Sevilla,ALIANZA NACIONAL - AuN,0,0,Ministerio del Interior / portal oficial de datos abiertos,PRIMARY_OFFICIAL
2008,2008-03-09,41 - Sevilla,ALIANZA POR BURGOS - AxB,0,0,Ministerio del Interior / portal oficial de datos abiertos,PRIMARY_OFFICIAL
2008,2008-03-09,41 - Sevilla,ALIANÇA BALEAR - ABA,0,0,Ministerio del Interior / portal oficial de datos abiertos,PRIMARY_OFFICIAL
2008,2008-03-09,41 - Sevilla,ALTERNATIVA EN BLANCO - ABLA,0,0,Ministerio del Interior / portal oficial de datos abiertos,PRIMARY_OFFICIAL
2008,2008-03-09,41 - Sevilla,ALTERNATIVA EN BLANCO - aBla,0,0,Ministerio del Interior / portal oficial de datos abiertos,PRIMARY_OFFICIAL
2008,2008-03-09,41 - Sevilla,ALTERNATIVA ESPAÑOLA - AES,287,0,Ministerio del Interior / portal oficial de datos abiertos,PRIMARY_OFFICIAL
2008,2008-03-09,41 - Sevilla,ALTERNATIVA MOTOR Y DEPORTE - A.M.D.,356,0,Ministerio del Interior / portal oficial de datos abiertos,PRIMARY_OFFICIAL
2008,2008-03-09,41 - Sevilla,ALTERNATIVA MOTOR Y DEPORTES - A.M.D.,0,0,Ministerio del Interior / portal oficial de datos abiertos,PRIMARY_OFFICIAL
2008,2008-03-09,41 - Sevilla,ALTERNATIVA MOTOR Y DEPORTES - AMD,0,0,Ministerio del Interior / portal oficial de datos abiertos,PRIMARY_OFFICIAL
2008,2008-03-09,41 - Sevilla,ALTERNATIVA NACIONALISTA CANARIA - ANC,0,0,Ministerio del Interior / portal oficial de datos abiertos,PRIMARY_OFFICIAL
2008,2008-03-09,41 - Sevilla,ANDECHA ASTUR - AA,0,0,Ministerio del Interior / portal oficial de datos abiertos,PRIMARY_OFFICIAL
2008,2008-03-09,41 - Sevilla,ARALAR - aralar,0,0,Ministerio del Interior / portal oficial de datos abiertos,PRIMARY_OFFICIAL
2008,2008-03-09,41 - Sevilla,ASAMBLEA DE VOTACION ELECTRONICA - AVE,0,0,Ministerio del Interior / portal oficial de datos abiertos,PRIMARY_OFFICIAL
2008,2008-03-09,41 - Sevilla,BERDEAK-LOS VERDES - B-LV,0,0,Ministerio del Interior / portal oficial de datos abiertos,PRIMARY_OFFICIAL
2008,2008-03-09,41 - Sevilla,BLOC-INICIATIVA-VERDS - BLOC-IDPV-EV-EE,0,0,Ministerio del Interior / portal oficial de datos abiertos,PRIMARY_OFFICIAL
2008,2008-03-09,41 - Sevilla,BLOC-INICIATIVA-VERDS - BLOC-IdPV-EV-EE,0,0,Ministerio del Interior / portal oficial de datos abiertos,PRIMARY_OFFICIAL
2008,2008-03-09,41 - Sevilla,BLOQUE NACIONALISTA GALEGO - B.N.G.,0,0,Ministerio del Interior / portal oficial de datos abiertos,PRIMARY_OFFICIAL
2008,2008-03-09,41 - Sevilla,BLOQUE NACIONALISTA GALEGO - BNG,0,0,Ministerio del Interior / portal oficial de datos abiertos,PRIMARY_OFFICIAL
2008,2008-03-09,41 - Sevilla,CENTRO DEMOCRATICO ESPAÑOL - C.D.Es.,0,0,Ministerio del Interior / portal oficial de datos abiertos,PRIMARY_OFFICIAL
2008,2008-03-09,41 - Sevilla,CENTRO DEMOCRATICO ESPAÑOL - CDEs,0,0,Ministerio del Interior / portal oficial de datos abiertos,PRIMARY_OFFICIAL
2008,2008-03-09,41 - Sevilla,CENTRO DEMOCRATICO LIBERAL - C.D.L.,0,0,Ministerio del Interior / portal oficial de datos abiertos,PRIMARY_OFFICIAL
2008,2008-03-09,41 - Sevilla,CENTRO DEMOCRATICO LIBERAL - CDL,0,0,Ministerio del Interior / portal oficial de datos abiertos,PRIMARY_OFFICIAL
2008,2008-03-09,41 - Sevilla,CENTRO DEMOCRATICO SOCIAL - C.D.S.,0,0,Ministerio del Interior / portal oficial de datos abiertos,PRIMARY_OFFICIAL
2008,2008-03-09,41 - Sevilla,CENTRO DEMOCRATICO Y SOCIAL - CDS,0,0,Ministerio del Interior / portal oficial de datos abiertos,PRIMARY_OFFICIAL
2008,2008-03-09,41 - Sevilla,CHUNTA ARAGONESISTA - CHA,0,0,Ministerio del Interior / portal oficial de datos abiertos,PRIMARY_OFFICIAL
2008,2008-03-09,41 - Sevilla,CIUDADANOS EN BLANCO - CENB,0,0,Ministerio del Interior / portal oficial de datos abiertos,PRIMARY_OFFICIAL
2008,2008-03-09,41 - Sevilla,CIUDADANOS EN BLANCO - CNB,0,0,Ministerio del Interior / portal oficial de datos abiertos,PRIMARY_OFFICIAL
2008,2008-03-09,41 - Sevilla,CIUDADANOS EN BLANCO - CenB,0,0,Ministerio del Interior / portal oficial de datos abiertos,PRIMARY_OFFICIAL
2008,2008-03-09,41 - Sevilla,CIUDADANOS EN BLANCO - Cenb,0,0,Ministerio del Interior / portal oficial de datos abiertos,PRIMARY_OFFICIAL
2008,2008-03-09,41 - Sevilla,CIUDADANOS PARTIDO DE LA CIUDADANIA - C's,0,0,Ministerio del Interior / portal oficial de datos abiertos,PRIMARY_OFFICIAL
2008,2008-03-09,41 - Sevilla,CIUDADANOS-PARTIDO DE LA CIUDADANIA - C's,682,0,Ministerio del Interior / portal oficial de datos abiertos,PRIMARY_OFFICIAL
2008,2008-03-09,41 - Sevilla,"CIUDADANOS-PARTIDO DE LA CIUDADANIA - C,S",0,0,Ministerio del Interior / portal oficial de datos abiertos,PRIMARY_OFFICIAL
2008,2008-03-09,41 - Sevilla,CIUTADANS-PARTIDO DE LA CIUDADANIA - C's,0,0,Ministerio del Interior / portal oficial de datos abiertos,PRIMARY_OFFICIAL
2008,2008-03-09,41 - Sevilla,COALICIO TREBALLADORS PER LA DEMOCRACIA - TD,0,0,Ministerio del Interior / portal oficial de datos abiertos,PRIMARY_OFFICIAL
2008,2008-03-09,41 - Sevilla,COALICIO VALENCIANA - CVa,0,0,Ministerio del Interior / portal oficial de datos abiertos,PRIMARY_OFFICIAL
2008,2008-03-09,41 - Sevilla,COALICION ANDALUCISTA - CA,18206,0,Ministerio del Interior / portal oficial de datos abiertos,PRIMARY_OFFICIAL
2008,2008-03-09,41 - Sevilla,COALICION CANARIA-PARTIDO NACIONALISTA CANARIO - CC-PNC,0,0,Ministerio del Interior / portal oficial de datos abiertos,PRIMARY_OFFICIAL
2008,2008-03-09,41 - Sevilla,COALICION CANARIA-PARTIDO NACIONALISTA CANARIO-PARTIDO DE INDEPENDIENTES DE LANZAROTE - CC-PNC-PIL,0,0,Ministerio del Interior / portal oficial de datos abiertos,PRIMARY_OFFICIAL
2008,2008-03-09,41 - Sevilla,COMUNION TRADICIONALISTA CARLISTA - C.T.C.,0,0,Ministerio del Interior / portal oficial de datos abiertos,PRIMARY_OFFICIAL
2008,2008-03-09,41 - Sevilla,COMUNION TRADICIONALISTA CARLISTA - CTC,0,0,Ministerio del Interior / portal oficial de datos abiertos,PRIMARY_OFFICIAL
2008,2008-03-09,41 - Sevilla,CONVERGENCIA DEMOCRATICA ASTURIANA - CDAS,0,0,Ministerio del Interior / portal oficial de datos abiertos,PRIMARY_OFFICIAL
2008,2008-03-09,41 - Sevilla,CONVERGENCIA I UNIO - CIU,0,0,Ministerio del Interior / portal oficial de datos abiertos,PRIMARY_OFFICIAL
2008,2008-03-09,41 - Sevilla,CONVERGENCIA I UNIO - CiU,0,0,Ministerio del Interior / portal oficial de datos abiertos,PRIMARY_OFFICIAL
2008,2008-03-09,41 - Sevilla,DEMOCRACIA NACIONAL - D.N.,0,0,Ministerio del Interior / portal oficial de datos abiertos,PRIMARY_OFFICIAL
2008,2008-03-09,41 - Sevilla,DEMOCRACIA NACIONAL - DN,279,0,Ministerio del Interior / portal oficial de datos abiertos,PRIMARY_OFFICIAL
2008,2008-03-09,41 - Sevilla,EI ESCONS INSUBMISOS-ALTERNATIVA DELS DEMOCRATES DESCONTENTS - Ei,0,0,Ministerio del Interior / portal oficial de datos abiertos,PRIMARY_OFFICIAL
2008,2008-03-09,41 - Sevilla,ELS VERDS - L'ALTERNATIVA ECOLOGISTA - EV-AE,0,0,Ministerio del Interior / portal oficial de datos abiertos,PRIMARY_OFFICIAL
2008,2008-03-09,41 - Sevilla,ELS VERDS-ALTERNATIVA VERDA - E.V.-A.V.,0,0,Ministerio del Interior / portal oficial de datos abiertos,PRIMARY_OFFICIAL
2008,2008-03-09,41 - Sevilla,ELS VERDS-LOS VERDES - EV-LV,0,0,Ministerio del Interior / portal oficial de datos abiertos,PRIMARY_OFFICIAL
2008,2008-03-09,41 - Sevilla,ESCONS INSUBMISOS ALTERNATIVA DELS DEMOCRATES DESCONTENTS - EI-ADD,0,0,Ministerio del Interior / portal oficial de datos abiertos,PRIMARY_OFFICIAL
2008,2008-03-09,41 - Sevilla,ESCONS INSUBMISOS-ALTERNATIVA DELS DEMOCRATES DESCONTENTS - Ei,0,0,Ministerio del Interior / portal oficial de datos abiertos,PRIMARY_OFFICIAL
2008,2008-03-09,41 - Sevilla,ESPAÑA 2000 - E-2000,0,0,Ministerio del Interior / portal oficial de datos abiertos,PRIMARY_OFFICIAL
2008,2008-03-09,41 - Sevilla,ESPAÑA-2000 - E-2000,0,0,Ministerio del Interior / portal oficial de datos abiertos,PRIMARY_OFFICIAL
2008,2008-03-09,41 - Sevilla,ESQUERDA UNIDA-IZQUIERDA UNIDA-ALTERNATIVA - EU-IU,0,0,Ministerio del Interior / portal oficial de datos abiertos,PRIMARY_OFFICIAL
2008,2008-03-09,41 - Sevilla,ESQUERRA REPUBLICANA DE CATALUNYA - ESQUERRA,0,0,Ministerio del Interior / portal oficial de datos abiertos,PRIMARY_OFFICIAL
2008,2008-03-09,41 - Sevilla,ESQUERRA REPUBLICANA DE CATALUNYA - esquerra,0,0,Ministerio del Interior / portal oficial de datos abiertos,PRIMARY_OFFICIAL
2008,2008-03-09,41 - Sevilla,ESQUERRA REPUBLICANA DEL PAIS VALENCIA-PAIS VALENCIA SI - ESQUERRA-PV,0,0,Ministerio del Interior / portal oficial de datos abiertos,PRIMARY_OFFICIAL
2008,2008-03-09,41 - Sevilla,"ESQUERRA REPUBLICANA DEL PAIS VALENCIA-PAIS VALENCIA, SI - ESQUERRA-PV",0,0,Ministerio del Interior / portal oficial de datos abiertos,PRIMARY_OFFICIAL
2008,2008-03-09,41 - Sevilla,ESQUERRA UNIDA - ELS VERDS - EU-EV,0,0,Ministerio del Interior / portal oficial de datos abiertos,PRIMARY_OFFICIAL
2008,2008-03-09,41 - Sevilla,ESQUERRA UNIDA DEL PAIS VALENCIA-IZQUIERDA REPUBLICANA: ESQUERRA UNIDA I REPUBLICANA - EUPV-IR,0,0,Ministerio del Interior / portal oficial de datos abiertos,PRIMARY_OFFICIAL
2008,2008-03-09,41 - Sevilla,ESQUERRA UNIDA DEL PAIS VALENCIA-IZQUIERDA REPUBLICANA:ESQUERRA UNIDA I REPUBLICANA - EUPV-IR,0,0,Ministerio del Interior / portal oficial de datos abiertos,PRIMARY_OFFICIAL
2008,2008-03-09,41 - Sevilla,EUSKO ALKARTASUNA - EA,0,0,Ministerio del Interior / portal oficial de datos abiertos,PRIMARY_OFFICIAL
2008,2008-03-09,41 - Sevilla,EUZKO ALDERDI JELTZALEA-PARTIDO NACIONALISTA VASCO - EAJ-PNV,0,0,Ministerio del Interior / portal oficial de datos abiertos,PRIMARY_OFFICIAL
2008,2008-03-09,41 - Sevilla,EXTREMADURA UNIDA - EXTREMADURA UNIDA,0,0,Ministerio del Interior / portal oficial de datos abiertos,PRIMARY_OFFICIAL
2008,2008-03-09,41 - Sevilla,EZKER BATUA-BERDEAK-ALTERNATIVA - EB-B,0,0,Ministerio del Interior / portal oficial de datos abiertos,PRIMARY_OFFICIAL
2008,2008-03-09,41 - Sevilla,FALANGE AUTENTICA - F.A.,0,0,Ministerio del Interior / portal oficial de datos abiertos,PRIMARY_OFFICIAL
2008,2008-03-09,41 - Sevilla,FALANGE AUTENTICA - FA,189,0,Ministerio del Interior / portal oficial de datos abiertos,PRIMARY_OFFICIAL
2008,2008-03-09,41 - Sevilla,FALANGE ESPAÑOLA DE LA JONS - FE de las JONS,0,0,Ministerio del Interior / portal oficial de datos abiertos,PRIMARY_OFFICIAL
2008,2008-03-09,41 - Sevilla,FALANGE ESPAÑOLA DE LAS J.O.N.S. - F.E. de las J.O.N.S.,0,0,Ministerio del Interior / portal oficial de datos abiertos,PRIMARY_OFFICIAL
2008,2008-03-09,41 - Sevilla,FALANGE ESPAÑOLA DE LAS J.O.N.S. - FE de las JONS,0,0,Ministerio del Interior / portal oficial de datos abiertos,PRIMARY_OFFICIAL
2008,2008-03-09,41 - Sevilla,FALANGE ESPAÑOLA DE LAS J.O.N.S. - FE-JONS,0,0,Ministerio del Interior / portal oficial de datos abiertos,PRIMARY_OFFICIAL
2008,2008-03-09,41 - Sevilla,FALANGE ESPAÑOLA DE LAS JONS - F.E. de las J.O.N.S.,0,0,Ministerio del Interior / portal oficial de datos abiertos,PRIMARY_OFFICIAL
2008,2008-03-09,41 - Sevilla,FALANGE ESPAÑOLA DE LAS JONS - FE DE LAS JONS,0,0,Ministerio del Interior / portal oficial de datos abiertos,PRIMARY_OFFICIAL
2008,2008-03-09,41 - Sevilla,FALANGE ESPAÑOLA DE LAS JONS - FE de las JONS,414,0,Ministerio del Interior / portal oficial de datos abiertos,PRIMARY_OFFICIAL
2008,2008-03-09,41 - Sevilla,FALANGE ESPAÑOLA DE LAS JONS - FE-JONS,0,0,Ministerio del Interior / portal oficial de datos abiertos,PRIMARY_OFFICIAL
2008,2008-03-09,41 - Sevilla,FAMILIA I VIDA - PFiV,0,0,Ministerio del Interior / portal oficial de datos abiertos,PRIMARY_OFFICIAL
2008,2008-03-09,41 - Sevilla,FAMILIA Y VIDA - PFyV,0,0,Ministerio del Interior / portal oficial de datos abiertos,PRIMARY_OFFICIAL
2008,2008-03-09,41 - Sevilla,FRENTE ESPAÑOL - F.E,0,0,Ministerio del Interior / portal oficial de datos abiertos,PRIMARY_OFFICIAL
2008,2008-03-09,41 - Sevilla,FRENTE ESPAÑOL - F.E.,0,0,Ministerio del Interior / portal oficial de datos abiertos,PRIMARY_OFFICIAL
2008,2008-03-09,41 - Sevilla,FRENTE ESPAÑOL - FRENTE,0,0,Ministerio del Interior / portal oficial de datos abiertos,PRIMARY_OFFICIAL
2008,2008-03-09,41 - Sevilla,GENTES DE EL BIERZO - PB-UB,0,0,Ministerio del Interior / portal oficial de datos abiertos,PRIMARY_OFFICIAL
2008,2008-03-09,41 - Sevilla,IDENTITAT REGNE DE VALENCIA - IRV,0,0,Ministerio del Interior / portal oficial de datos abiertos,PRIMARY_OFFICIAL
2008,2008-03-09,41 - Sevilla,INDEPENDIENTES POR CUENCA - ixC,0,0,Ministerio del Interior / portal oficial de datos abiertos,PRIMARY_OFFICIAL
2008,2008-03-09,41 - Sevilla,INICIATIVA CIUDADANA BURGALESA - I.C.Bur,0,0,Ministerio del Interior / portal oficial de datos abiertos,PRIMARY_OFFICIAL
2008,2008-03-09,41 - Sevilla,INICIATIVA MERINDADES DE CASTILLA - I.M.C.,0,0,Ministerio del Interior / portal oficial de datos abiertos,PRIMARY_OFFICIAL
2008,2008-03-09,41 - Sevilla,INICIATIVA PER CATALUNYA VERDS - ESQUERRA UNIDA I ALTERNATIVA - ICV-EUiA,0,0,Ministerio del Interior / portal oficial de datos abiertos,PRIMARY_OFFICIAL
2008,2008-03-09,41 - Sevilla,INICIATIVA PER CATALUNYA VERDS-ESQUERRA UNIDA I ALTERNATIVA - ICV-EUiA,0,0,Ministerio del Interior / portal oficial de datos abiertos,PRIMARY_OFFICIAL
2008,2008-03-09,41 - Sevilla,IZQUIERDA REPUBLICANA - IR,0,0,Ministerio del Interior / portal oficial de datos abiertos,PRIMARY_OFFICIAL
2008,2008-03-09,41 - Sevilla,IZQUIERDA REPUBLICANA-PARTIT REPUBLICA D'ESQUERRA - IR-PRE,0,0,Ministerio del Interior / portal oficial de datos abiertos,PRIMARY_OFFICIAL
2008,2008-03-09,41 - Sevilla,IZQUIERDA UNIDA - BLOQUE POR ASTURIES - LOS VERDES - IU-B.A-LOS VERDES,0,0,Ministerio del Interior / portal oficial de datos abiertos,PRIMARY_OFFICIAL
2008,2008-03-09,41 - Sevilla,IZQUIERDA UNIDA CANARIA-ALTERNATIVA - IUC,0,0,Ministerio del Interior / portal oficial de datos abiertos,PRIMARY_OFFICIAL
2008,2008-03-09,41 - Sevilla,IZQUIERDA UNIDA COMUNIDAD DE MADRID-ALTERNATIVA - IU-CM.,0,0,Ministerio del Interior / portal oficial de datos abiertos,PRIMARY_OFFICIAL
2008,2008-03-09,41 - Sevilla,IZQUIERDA UNIDA DE CEUTA - I.U.,0,0,Ministerio del Interior / portal oficial de datos abiertos,PRIMARY_OFFICIAL
2008,2008-03-09,41 - Sevilla,IZQUIERDA UNIDA DE LA REGION DE MURCIA-ALTERNATIVA - I.U.R.M.,0,0,Ministerio del Interior / portal oficial de datos abiertos,PRIMARY_OFFICIAL
2008,2008-03-09,41 - Sevilla,IZQUIERDA UNIDA DE NAVARRA - NAFARROAKO EZKER BATUA - ALTERNATIVA - IUN-NEB,0,0,Ministerio del Interior / portal oficial de datos abiertos,PRIMARY_OFFICIAL
2008,2008-03-09,41 - Sevilla,IZQUIERDA UNIDA LOS VERDES CONVOCATORIA POR ANDALUCIA-ALTERNATIVA - IULV-CA,58091,0,Ministerio del Interior / portal oficial de datos abiertos,PRIMARY_OFFICIAL
2008,2008-03-09,41 - Sevilla,IZQUIERDA UNIDA LOS VERDES-CONVOCATORIA POR ANDALUCIA - ALTERNATIVA - IULV-CA,0,0,Ministerio del Interior / portal oficial de datos abiertos,PRIMARY_OFFICIAL
2008,2008-03-09,41 - Sevilla,IZQUIERDA UNIDA LOS VERDES-CONVOCATORIA POR ANDALUCIA-ALTERNATIVA - IULV-CA,0,0,Ministerio del Interior / portal oficial de datos abiertos,PRIMARY_OFFICIAL
2008,2008-03-09,41 - Sevilla,IZQUIERDA UNIDA-ALTERNATIVA - I.U.,0,0,Ministerio del Interior / portal oficial de datos abiertos,PRIMARY_OFFICIAL
2008,2008-03-09,41 - Sevilla,IZQUIERDA UNIDA-ALTERNATIVA - IU,0,0,Ministerio del Interior / portal oficial de datos abiertos,PRIMARY_OFFICIAL
2008,2008-03-09,41 - Sevilla,LLUITA INTERNACIONALISTA - (LI(LIT-CI)),0,0,Ministerio del Interior / portal oficial de datos abiertos,PRIMARY_OFFICIAL
2008,2008-03-09,41 - Sevilla,LLUITA INTERNACIONALISTA - L.I.(LIT-CI),0,0,Ministerio del Interior / portal oficial de datos abiertos,PRIMARY_OFFICIAL
2008,2008-03-09,41 - Sevilla,LLUITA INTERNACIONALISTA - LI-LITCI,0,0,Ministerio del Interior / portal oficial de datos abiertos,PRIMARY_OFFICIAL
2008,2008-03-09,41 - Sevilla,LOS VERDES - LOS VERDES,0,0,Ministerio del Interior / portal oficial de datos abiertos,PRIMARY_OFFICIAL
2008,2008-03-09,41 - Sevilla,LOS VERDES - LV,0,0,Ministerio del Interior / portal oficial de datos abiertos,PRIMARY_OFFICIAL
2008,2008-03-09,41 - Sevilla,LOS VERDES - VERDES,3065,0,Ministerio del Interior / portal oficial de datos abiertos,PRIMARY_OFFICIAL
2008,2008-03-09,41 - Sevilla,LOS VERDES COMUNIDAD DE MADRID-LOS VERDES DE EUROPA - LVCM-LVE,0,0,Ministerio del Interior / portal oficial de datos abiertos,PRIMARY_OFFICIAL
2008,2008-03-09,41 - Sevilla,LOS VERDES DE EUROPA - LOS VERDES DE EUROPA,0,0,Ministerio del Interior / portal oficial de datos abiertos,PRIMARY_OFFICIAL
2008,2008-03-09,41 - Sevilla,LOS VERDES DE EUROPA - LVE,0,0,Ministerio del Interior / portal oficial de datos abiertos,PRIMARY_OFFICIAL
2008,2008-03-09,41 - Sevilla,LOS VERDES DE EXTREMADURA - LV,0,0,Ministerio del Interior / portal oficial de datos abiertos,PRIMARY_OFFICIAL
2008,2008-03-09,41 - Sevilla,LOS VERDES-ELS VERDS - LV-EV,0,0,Ministerio del Interior / portal oficial de datos abiertos,PRIMARY_OFFICIAL
2008,2008-03-09,41 - Sevilla,LOS VERDES-GRUPO VERDE - L.V.,0,0,Ministerio del Interior / portal oficial de datos abiertos,PRIMARY_OFFICIAL
2008,2008-03-09,41 - Sevilla,LOS VERDES-GRUPO VERDE - LV,0,0,Ministerio del Interior / portal oficial de datos abiertos,PRIMARY_OFFICIAL
2008,2008-03-09,41 - Sevilla,LOS VERDES-GRUPO VERDE - LV-GV,0,0,Ministerio del Interior / portal oficial de datos abiertos,PRIMARY_OFFICIAL
2008,2008-03-09,41 - Sevilla,LUCHA INTERNACIONALISTA - LI-LITCI,0,0,Ministerio del Interior / portal oficial de datos abiertos,PRIMARY_OFFICIAL
2008,2008-03-09,41 - Sevilla,MOVIMIENTO FALANGISTA DE ESPAÑA - M.F.E.,0,0,Ministerio del Interior / portal oficial de datos abiertos,PRIMARY_OFFICIAL
2008,2008-03-09,41 - Sevilla,MOVIMIENTO POR LA UNIDAD DEL PUEBLO CANARIO - MUPC,0,0,Ministerio del Interior / portal oficial de datos abiertos,PRIMARY_OFFICIAL
2008,2008-03-09,41 - Sevilla,NAFARROA BAI - NA-BAI,0,0,Ministerio del Interior / portal oficial de datos abiertos,PRIMARY_OFFICIAL
2008,2008-03-09,41 - Sevilla,NOSALTRES SOM - N som,0,0,Ministerio del Interior / portal oficial de datos abiertos,PRIMARY_OFFICIAL
2008,2008-03-09,41 - Sevilla,NUEVA CANARIAS-CENTRO CANARIO - NC-CCN,0,0,Ministerio del Interior / portal oficial de datos abiertos,PRIMARY_OFFICIAL
2008,2008-03-09,41 - Sevilla,OPCIO NACIONALISTA VALENCIANA - O.N.V.,0,0,Ministerio del Interior / portal oficial de datos abiertos,PRIMARY_OFFICIAL
2008,2008-03-09,41 - Sevilla,OPCIO NACIONALISTA VALENCIANA - ONV,0,0,Ministerio del Interior / portal oficial de datos abiertos,PRIMARY_OFFICIAL
2008,2008-03-09,41 - Sevilla,OS VERDES - GRUPO VERDE - OV,0,0,Ministerio del Interior / portal oficial de datos abiertos,PRIMARY_OFFICIAL
2008,2008-03-09,41 - Sevilla,PARTIDO ALTERNATIVA MOTOR Y DEPORTES - A.M.D.,0,0,Ministerio del Interior / portal oficial de datos abiertos,PRIMARY_OFFICIAL
2008,2008-03-09,41 - Sevilla,PARTIDO ANTITAURINO CONTRA EL MALTRATO ANIMAL - P.A.C.M.A,0,0,Ministerio del Interior / portal oficial de datos abiertos,PRIMARY_OFFICIAL
2008,2008-03-09,41 - Sevilla,PARTIDO ANTITAURINO CONTRA EL MALTRATO ANIMAL - P.A.C.M.A.,0,0,Ministerio del Interior / portal oficial de datos abiertos,PRIMARY_OFFICIAL
2008,2008-03-09,41 - Sevilla,PARTIDO ANTITAURINO CONTRA EL MALTRATO ANIMAL - PACMA,1517,0,Ministerio del Interior / portal oficial de datos abiertos,PRIMARY_OFFICIAL
2008,2008-03-09,41 - Sevilla,PARTIDO ARAGONES - PAR,0,0,Ministerio del Interior / portal oficial de datos abiertos,PRIMARY_OFFICIAL
2008,2008-03-09,41 - Sevilla,PARTIDO CARLISTA - P.C.,0,0,Ministerio del Interior / portal oficial de datos abiertos,PRIMARY_OFFICIAL
2008,2008-03-09,41 - Sevilla,PARTIDO CARLISTA - PARTIDO CARLISTA,0,0,Ministerio del Interior / portal oficial de datos abiertos,PRIMARY_OFFICIAL
2008,2008-03-09,41 - Sevilla,PARTIDO CARLISTA - PC,0,0,Ministerio del Interior / portal oficial de datos abiertos,PRIMARY_OFFICIAL
2008,2008-03-09,41 - Sevilla,PARTIDO CARLISTA DE EUSKALERRIA-PARTIDO CARLISTA - EKA-PC.,0,0,Ministerio del Interior / portal oficial de datos abiertos,PRIMARY_OFFICIAL
2008,2008-03-09,41 - Sevilla,PARTIDO CARLISTA DE EUSKALHERRIA-EUSKALHERRIKO KARLISTA ALDERDIA - PARTIDO CARLISTA-EKA,0,0,Ministerio del Interior / portal oficial de datos abiertos,PRIMARY_OFFICIAL
2008,2008-03-09,41 - Sevilla,PARTIDO CENTRISTA - PCTR,0,0,Ministerio del Interior / portal oficial de datos abiertos,PRIMARY_OFFICIAL
2008,2008-03-09,41 - Sevilla,PARTIDO CENTRISTAS - Centristas PCTR,0,0,Ministerio del Interior / portal oficial de datos abiertos,PRIMARY_OFFICIAL
2008,2008-03-09,41 - Sevilla,PARTIDO CENTRISTAS - PCTR,0,0,Ministerio del Interior / portal oficial de datos abiertos,PRIMARY_OFFICIAL
2008,2008-03-09,41 - Sevilla,PARTIDO CIUDADANOS UNIDOS DE ARAGON - pCUA,0,0,Ministerio del Interior / portal oficial de datos abiertos,PRIMARY_OFFICIAL
2008,2008-03-09,41 - Sevilla,PARTIDO COMUNISTA DE LOS PUEBLOS DE ESPAÑA - P.C.P.E.,0,0,Ministerio del Interior / portal oficial de datos abiertos,PRIMARY_OFFICIAL
2008,2008-03-09,41 - Sevilla,PARTIDO COMUNISTA DE LOS PUEBLOS DE ESPAÑA - P.C.P.E.-E.K.,0,0,Ministerio del Interior / portal oficial de datos abiertos,PRIMARY_OFFICIAL
2008,2008-03-09,41 - Sevilla,PARTIDO COMUNISTA DE LOS PUEBLOS DE ESPAÑA - PCPE,0,0,Ministerio del Interior / portal oficial de datos abiertos,PRIMARY_OFFICIAL
2008,2008-03-09,41 - Sevilla,PARTIDO COMUNISTA DE LOS PUEBLOS DE ESPAÑA-EUSKAL KOMUNISTAK - PCPE - EK,0,0,Ministerio del Interior / portal oficial de datos abiertos,PRIMARY_OFFICIAL
2008,2008-03-09,41 - Sevilla,PARTIDO COMUNISTA DEL PUEBLO CANARIO - PCPE,0,0,Ministerio del Interior / portal oficial de datos abiertos,PRIMARY_OFFICIAL
2008,2008-03-09,41 - Sevilla,PARTIDO COMUNISTA DEL PUEBLO CASTELLANO - PCPE,0,0,Ministerio del Interior / portal oficial de datos abiertos,PRIMARY_OFFICIAL
2008,2008-03-09,41 - Sevilla,PARTIDO COMUNISTA DEL PUEBLO CASTELLANO-PCPE - PCPE,0,0,Ministerio del Interior / portal oficial de datos abiertos,PRIMARY_OFFICIAL
2008,2008-03-09,41 - Sevilla,PARTIDO COMUNISTA DEL PUEBLO DE CATALUNYA - PCPC,0,0,Ministerio del Interior / portal oficial de datos abiertos,PRIMARY_OFFICIAL
2008,2008-03-09,41 - Sevilla,PARTIDO COMUNISTA DEL PUEBLO DE CATALUÑA - PCPC,0,0,Ministerio del Interior / portal oficial de datos abiertos,PRIMARY_OFFICIAL
2008,2008-03-09,41 - Sevilla,PARTIDO COMUNISTA DO POBO GALEGO - PCPG,0,0,Ministerio del Interior / portal oficial de datos abiertos,PRIMARY_OFFICIAL
2008,2008-03-09,41 - Sevilla,PARTIDO COMUNISTA DO POVO GALEGO - P.C.P.G.,0,0,Ministerio del Interior / portal oficial de datos abiertos,PRIMARY_OFFICIAL
2008,2008-03-09,41 - Sevilla,PARTIDO COMUNISTA PUEBLOS DE ESPAÑA - PCPE,533,0,Ministerio del Interior / portal oficial de datos abiertos,PRIMARY_OFFICIAL
2008,2008-03-09,41 - Sevilla,PARTIDO DE ALIANZA IBEROAMERICANA EUROPEA - PAIE,0,0,Ministerio del Interior / portal oficial de datos abiertos,PRIMARY_OFFICIAL
2008,2008-03-09,41 - Sevilla,PARTIDO DE ALMERIA - PdeAL,0,0,Ministerio del Interior / portal oficial de datos abiertos,PRIMARY_OFFICIAL
2008,2008-03-09,41 - Sevilla,PARTIDO DE LAS LIBERTADES CIVILES - PLCI,0,0,Ministerio del Interior / portal oficial de datos abiertos,PRIMARY_OFFICIAL
2008,2008-03-09,41 - Sevilla,PARTIDO DE LOS NO-FUMADORES - PNF (NO-FUMADORES),0,0,Ministerio del Interior / portal oficial de datos abiertos,PRIMARY_OFFICIAL
2008,2008-03-09,41 - Sevilla,PARTIDO DE LOS PENSIONISTAS EN ACCION - PDLPEA,0,0,Ministerio del Interior / portal oficial de datos abiertos,PRIMARY_OFFICIAL
2008,2008-03-09,41 - Sevilla,PARTIDO DOS SOCIALISTAS DE GALICIA-PARTIDO SOCIALISTA OBRERO ESPAÑOL - PSdeG-PSOE,0,0,Ministerio del Interior / portal oficial de datos abiertos,PRIMARY_OFFICIAL
2008,2008-03-09,41 - Sevilla,PARTIDO DOS SOCIALISTAS DE GALICIA-PSOE - PSdeG-PSOE,0,0,Ministerio del Interior / portal oficial de datos abiertos,PRIMARY_OFFICIAL
2008,2008-03-09,41 - Sevilla,PARTIDO FAMILIA Y VIDA - PFyV,365,0,Ministerio del Interior / portal oficial de datos abiertos,PRIMARY_OFFICIAL
2008,2008-03-09,41 - Sevilla,PARTIDO HACHE - PHache,0,0,Ministerio del Interior / portal oficial de datos abiertos,PRIMARY_OFFICIAL
2008,2008-03-09,41 - Sevilla,PARTIDO HUMANISTA - P.H.,0,0,Ministerio del Interior / portal oficial de datos abiertos,PRIMARY_OFFICIAL
2008,2008-03-09,41 - Sevilla,PARTIDO HUMANISTA - PH,393,0,Ministerio del Interior / portal oficial de datos abiertos,PRIMARY_OFFICIAL
2008,2008-03-09,41 - Sevilla,PARTIDO IZQUIERDA REPUBLICANA-PARTIT REPUBLICA D'ESQUERRA - IR-PRE,0,0,Ministerio del Interior / portal oficial de datos abiertos,PRIMARY_OFFICIAL
2008,2008-03-09,41 - Sevilla,PARTIDO LIBERAL DEL EMPLEO Y LA VIVIENDA ESTATAL - P.L.E.V.E.,0,0,Ministerio del Interior / portal oficial de datos abiertos,PRIMARY_OFFICIAL
2008,2008-03-09,41 - Sevilla,PARTIDO LIBERTADES CIVILES - PLCI,0,0,Ministerio del Interior / portal oficial de datos abiertos,PRIMARY_OFFICIAL
2008,2008-03-09,41 - Sevilla,PARTIDO OBRERO SOCIALISTA INTERNACIONALISTA - P.O.S.I.,0,0,Ministerio del Interior / portal oficial de datos abiertos,PRIMARY_OFFICIAL
2008,2008-03-09,41 - Sevilla,PARTIDO OBRERO SOCIALISTA INTERNACIONALISTA - POSI,1058,0,Ministerio del Interior / portal oficial de datos abiertos,PRIMARY_OFFICIAL
2008,2008-03-09,41 - Sevilla,PARTIDO POLITICO ARALAR - aralar,0,0,Ministerio del Interior / portal oficial de datos abiertos,PRIMARY_OFFICIAL
2008,2008-03-09,41 - Sevilla,PARTIDO POPULAR - P.P.,0,0,Ministerio del Interior / portal oficial de datos abiertos,PRIMARY_OFFICIAL
2008,2008-03-09,41 - Sevilla,PARTIDO POPULAR - PP,339644,4,Ministerio del Interior / portal oficial de datos abiertos,PRIMARY_OFFICIAL
2008,2008-03-09,41 - Sevilla,PARTIDO POPULAR/PARTIT POPULAR - PP,0,0,Ministerio del Interior / portal oficial de datos abiertos,PRIMARY_OFFICIAL
2008,2008-03-09,41 - Sevilla,PARTIDO POR UN MUNDO MAS JUSTO - PUM+J,0,0,Ministerio del Interior / portal oficial de datos abiertos,PRIMARY_OFFICIAL
2008,2008-03-09,41 - Sevilla,PARTIDO POSITIVISTA CRISTIANO - PPCr,0,0,Ministerio del Interior / portal oficial de datos abiertos,PRIMARY_OFFICIAL
2008,2008-03-09,41 - Sevilla,PARTIDO REGIONALISTA DE GUADALAJARA - P.R.GU.,0,0,Ministerio del Interior / portal oficial de datos abiertos,PRIMARY_OFFICIAL
2008,2008-03-09,41 - Sevilla,PARTIDO REGIONALISTA DEL PAIS LEONES - PREPAL,0,0,Ministerio del Interior / portal oficial de datos abiertos,PRIMARY_OFFICIAL
2008,2008-03-09,41 - Sevilla,PARTIDO RIOJANO - PARTIDO RIOJANO,0,0,Ministerio del Interior / portal oficial de datos abiertos,PRIMARY_OFFICIAL
2008,2008-03-09,41 - Sevilla,PARTIDO SOCIAL DEMOCRATA - P.S.D.,0,0,Ministerio del Interior / portal oficial de datos abiertos,PRIMARY_OFFICIAL
2008,2008-03-09,41 - Sevilla,PARTIDO SOCIAL DEMOCRATA - PSD,0,0,Ministerio del Interior / portal oficial de datos abiertos,PRIMARY_OFFICIAL
2008,2008-03-09,41 - Sevilla,PARTIDO SOCIAL DEMOCRATA-FEDERACION DE LOS INDEPENDIENTES DE ARAGON - PSD-FIA,0,0,Ministerio del Interior / portal oficial de datos abiertos,PRIMARY_OFFICIAL
2008,2008-03-09,41 - Sevilla,PARTIDO SOCIALISTA DE EUSKADI-EUSKADIKO EZKERRA (PSOE) - PSE-EE (PSOE),0,0,Ministerio del Interior / portal oficial de datos abiertos,PRIMARY_OFFICIAL
2008,2008-03-09,41 - Sevilla,PARTIDO SOCIALISTA DE EUSKADI-EUSKADIKO EZKERRA - PSE-EE (PSOE),0,0,Ministerio del Interior / portal oficial de datos abiertos,PRIMARY_OFFICIAL
2008,2008-03-09,41 - Sevilla,PARTIDO SOCIALISTA OBRERO ESPAÑOL - P.S.O.E.,0,0,Ministerio del Interior / portal oficial de datos abiertos,PRIMARY_OFFICIAL
2008,2008-03-09,41 - Sevilla,PARTIDO SOCIALISTA OBRERO ESPAÑOL - PSOE,626558,8,Ministerio del Interior / portal oficial de datos abiertos,PRIMARY_OFFICIAL
2008,2008-03-09,41 - Sevilla,PARTIDO SOCIALISTA OBRERO ESPAÑOL DE ANDALUCIA - PSOE-A,0,0,Ministerio del Interior / portal oficial de datos abiertos,PRIMARY_OFFICIAL
2008,2008-03-09,41 - Sevilla,PARTIDO SOLIDARIDAD Y AUTOGESTION INTERNACIONALISTA - SAIN,0,0,Ministerio del Interior / portal oficial de datos abiertos,PRIMARY_OFFICIAL
2008,2008-03-09,41 - Sevilla,PARTIDO UNIONISTA ESTADO DE ESPAÑA - P.U.E.D.E.,0,0,Ministerio del Interior / portal oficial de datos abiertos,PRIMARY_OFFICIAL
2008,2008-03-09,41 - Sevilla,PARTIDO UNIONISTA ESTADO DE ESPAÑA - PUEDE,0,0,Ministerio del Interior / portal oficial de datos abiertos,PRIMARY_OFFICIAL
2008,2008-03-09,41 - Sevilla,PARTIT ANTITAURI CONTRA EL MALTRACTAMENT ANIMAL - P.A.C.M.A.,0,0,Ministerio del Interior / portal oficial de datos abiertos,PRIMARY_OFFICIAL
2008,2008-03-09,41 - Sevilla,PARTIT ANTITAURI CONTRA EL MALTRACTAMENT ANIMAL - PACMA,0,0,Ministerio del Interior / portal oficial de datos abiertos,PRIMARY_OFFICIAL
2008,2008-03-09,41 - Sevilla,PARTIT CARLI DE CATALUNYA - P. C. de C.,0,0,Ministerio del Interior / portal oficial de datos abiertos,PRIMARY_OFFICIAL
2008,2008-03-09,41 - Sevilla,PARTIT CARLI DE CATALUNYA - PCaC,0,0,Ministerio del Interior / portal oficial de datos abiertos,PRIMARY_OFFICIAL
2008,2008-03-09,41 - Sevilla,PARTIT COMUNISTA DEL POBLE DE CATALUNYA - P.C.P.C.,0,0,Ministerio del Interior / portal oficial de datos abiertos,PRIMARY_OFFICIAL
2008,2008-03-09,41 - Sevilla,PARTIT COMUNISTA DELS POBLES D'ESPANYA - PCPE,0,0,Ministerio del Interior / portal oficial de datos abiertos,PRIMARY_OFFICIAL
2008,2008-03-09,41 - Sevilla,PARTIT DELS SOCIALISTES DE CATALUNYA - PSC (PSC-PSOE),0,0,Ministerio del Interior / portal oficial de datos abiertos,PRIMARY_OFFICIAL
2008,2008-03-09,41 - Sevilla,PARTIT DELS SOCIALISTES DE CATALUNYA - PSC-PSOE,0,0,Ministerio del Interior / portal oficial de datos abiertos,PRIMARY_OFFICIAL
2008,2008-03-09,41 - Sevilla,PARTIT FAMILIA I VIDA - PFiV,0,0,Ministerio del Interior / portal oficial de datos abiertos,PRIMARY_OFFICIAL
2008,2008-03-09,41 - Sevilla,PARTIT HUMANISTA - P.H.,0,0,Ministerio del Interior / portal oficial de datos abiertos,PRIMARY_OFFICIAL
2008,2008-03-09,41 - Sevilla,PARTIT HUMANISTA - PH,0,0,Ministerio del Interior / portal oficial de datos abiertos,PRIMARY_OFFICIAL
2008,2008-03-09,41 - Sevilla,PARTIT HUMANISTA DE CATALUNYA - PH,0,0,Ministerio del Interior / portal oficial de datos abiertos,PRIMARY_OFFICIAL
2008,2008-03-09,41 - Sevilla,PARTIT ILLENC DE SES ILLES BALEARS - PIIB,0,0,Ministerio del Interior / portal oficial de datos abiertos,PRIMARY_OFFICIAL
2008,2008-03-09,41 - Sevilla,PARTIT OBRER SOCIALISTA INTERNACIONALISTA - P.O.S.I.,0,0,Ministerio del Interior / portal oficial de datos abiertos,PRIMARY_OFFICIAL
2008,2008-03-09,41 - Sevilla,PARTIT OBRER SOCIALISTA INTERNACIONALISTA - POSI,0,0,Ministerio del Interior / portal oficial de datos abiertos,PRIMARY_OFFICIAL
2008,2008-03-09,41 - Sevilla,PARTIT PER CATALUNYA - PxCat,0,0,Ministerio del Interior / portal oficial de datos abiertos,PRIMARY_OFFICIAL
2008,2008-03-09,41 - Sevilla,PARTIT POPULAR/PARTIDO POPULAR - P.P.,0,0,Ministerio del Interior / portal oficial de datos abiertos,PRIMARY_OFFICIAL
2008,2008-03-09,41 - Sevilla,PARTIT REPUBLICA CATALA - RC,0,0,Ministerio del Interior / portal oficial de datos abiertos,PRIMARY_OFFICIAL
2008,2008-03-09,41 - Sevilla,PER LA REPUBLICA VALENCIANA - PLRV,0,0,Ministerio del Interior / portal oficial de datos abiertos,PRIMARY_OFFICIAL
2008,2008-03-09,41 - Sevilla,PER LA REPUBLICA VALENCIANA - plRV,0,0,Ministerio del Interior / portal oficial de datos abiertos,PRIMARY_OFFICIAL
2008,2008-03-09,41 - Sevilla,POR UN MUNDO MAS JUSTO - PUM+J,807,0,Ministerio del Interior / portal oficial de datos abiertos,PRIMARY_OFFICIAL
2008,2008-03-09,41 - Sevilla,REPRESENTACION CANNABICA NAVARRA - RCN-NOK,0,0,Ministerio del Interior / portal oficial de datos abiertos,PRIMARY_OFFICIAL
2008,2008-03-09,41 - Sevilla,SOLIDARIDAD Y AUTOGESTION INTERNACIONALISTA - SAIN,0,0,Ministerio del Interior / portal oficial de datos abiertos,PRIMARY_OFFICIAL
2008,2008-03-09,41 - Sevilla,SOLIDARIDAD Y AUTOGESTION INTERNACIONALISTA - SAIn,612,0,Ministerio del Interior / portal oficial de datos abiertos,PRIMARY_OFFICIAL
2008,2008-03-09,41 - Sevilla,TIERRA COMUNERA - TC,0,0,Ministerio del Interior / portal oficial de datos abiertos,PRIMARY_OFFICIAL
2008,2008-03-09,41 - Sevilla,UNIDA - UNIDA,0,0,Ministerio del Interior / portal oficial de datos abiertos,PRIMARY_OFFICIAL
2008,2008-03-09,41 - Sevilla,UNIDAD CASTELLANA - Ud. Ca.,0,0,Ministerio del Interior / portal oficial de datos abiertos,PRIMARY_OFFICIAL
2008,2008-03-09,41 - Sevilla,UNIDAD DEL PUEBLO - UNIDAD DEL PUEBLO,0,0,Ministerio del Interior / portal oficial de datos abiertos,PRIMARY_OFFICIAL
2008,2008-03-09,41 - Sevilla,UNIDAD REGIONALISTA DE CASTILLA Y LEON - U.R.C.L.,0,0,Ministerio del Interior / portal oficial de datos abiertos,PRIMARY_OFFICIAL
2008,2008-03-09,41 - Sevilla,UNION CENTRISTA LIBERAL - UCL,0,0,Ministerio del Interior / portal oficial de datos abiertos,PRIMARY_OFFICIAL
2008,2008-03-09,41 - Sevilla,UNION CIUDADANA PROGRESISTAS INDEPENDIENTES DE CANARIAS - UCPIC,0,0,Ministerio del Interior / portal oficial de datos abiertos,PRIMARY_OFFICIAL
2008,2008-03-09,41 - Sevilla,UNION DEL PUEBLO LEONES - UPL,0,0,Ministerio del Interior / portal oficial de datos abiertos,PRIMARY_OFFICIAL
2008,2008-03-09,41 - Sevilla,UNION DEL PUEBLO NAVARRO EN COALICION CON EL PARTIDO POPULAR - UPN-PP,0,0,Ministerio del Interior / portal oficial de datos abiertos,PRIMARY_OFFICIAL
2008,2008-03-09,41 - Sevilla,UNION POR LEGANES - ULEG,0,0,Ministerio del Interior / portal oficial de datos abiertos,PRIMARY_OFFICIAL
2008,2008-03-09,41 - Sevilla,UNION PROGRESO Y DEMOCRACIA - UPD,0,0,Ministerio del Interior / portal oficial de datos abiertos,PRIMARY_OFFICIAL
2008,2008-03-09,41 - Sevilla,UNION PROGRESO Y DEMOCRACIA - UPyD,13467,0,Ministerio del Interior / portal oficial de datos abiertos,PRIMARY_OFFICIAL
2008,2008-03-09,41 - Sevilla,"UNION, PROGRESO Y DEMOCRACIA - UPyD",0,0,Ministerio del Interior / portal oficial de datos abiertos,PRIMARY_OFFICIAL
2008,2008-03-09,41 - Sevilla,UNITAT PER LES ILLES - UNITAT PER LES ILLES,0,0,Ministerio del Interior / portal oficial de datos abiertos,PRIMARY_OFFICIAL
2008,2008-03-09,42 - Soria,AGRUPACION CIUDADANA - AGRUCI,0,0,Ministerio del Interior / portal oficial de datos abiertos,PRIMARY_OFFICIAL
2008,2008-03-09,42 - Soria,ALIANZA NACIONAL - A.u.N.,0,0,Ministerio del Interior / portal oficial de datos abiertos,PRIMARY_OFFICIAL
2008,2008-03-09,42 - Soria,ALIANZA NACIONAL - AN,0,0,Ministerio del Interior / portal oficial de datos abiertos,PRIMARY_OFFICIAL
2008,2008-03-09,42 - Soria,ALIANZA NACIONAL - AUN,0,0,Ministerio del Interior / portal oficial de datos abiertos,PRIMARY_OFFICIAL
2008,2008-03-09,42 - Soria,ALIANZA NACIONAL - AuN,0,0,Ministerio del Interior / portal oficial de datos abiertos,PRIMARY_OFFICIAL
2008,2008-03-09,42 - Soria,ALIANZA POR BURGOS - AxB,0,0,Ministerio del Interior / portal oficial de datos abiertos,PRIMARY_OFFICIAL
2008,2008-03-09,42 - Soria,ALIANÇA BALEAR - ABA,0,0,Ministerio del Interior / portal oficial de datos abiertos,PRIMARY_OFFICIAL
2008,2008-03-09,42 - Soria,ALTERNATIVA EN BLANCO - ABLA,0,0,Ministerio del Interior / portal oficial de datos abiertos,PRIMARY_OFFICIAL
2008,2008-03-09,42 - Soria,ALTERNATIVA EN BLANCO - aBla,0,0,Ministerio del Interior / portal oficial de datos abiertos,PRIMARY_OFFICIAL
2008,2008-03-09,42 - Soria,ALTERNATIVA ESPAÑOLA - AES,20,0,Ministerio del Interior / portal oficial de datos abiertos,PRIMARY_OFFICIAL
2008,2008-03-09,42 - Soria,ALTERNATIVA MOTOR Y DEPORTE - A.M.D.,0,0,Ministerio del Interior / portal oficial de datos abiertos,PRIMARY_OFFICIAL
2008,2008-03-09,42 - Soria,ALTERNATIVA MOTOR Y DEPORTES - A.M.D.,0,0,Ministerio del Interior / portal oficial de datos abiertos,PRIMARY_OFFICIAL
2008,2008-03-09,42 - Soria,ALTERNATIVA MOTOR Y DEPORTES - AMD,0,0,Ministerio del Interior / portal oficial de datos abiertos,PRIMARY_OFFICIAL
2008,2008-03-09,42 - Soria,ALTERNATIVA NACIONALISTA CANARIA - ANC,0,0,Ministerio del Interior / portal oficial de datos abiertos,PRIMARY_OFFICIAL
2008,2008-03-09,42 - Soria,ANDECHA ASTUR - AA,0,0,Ministerio del Interior / portal oficial de datos abiertos,PRIMARY_OFFICIAL
2008,2008-03-09,42 - Soria,ARALAR - aralar,0,0,Ministerio del Interior / portal oficial de datos abiertos,PRIMARY_OFFICIAL
2008,2008-03-09,42 - Soria,ASAMBLEA DE VOTACION ELECTRONICA - AVE,0,0,Ministerio del Interior / portal oficial de datos abiertos,PRIMARY_OFFICIAL
2008,2008-03-09,42 - Soria,BERDEAK-LOS VERDES - B-LV,0,0,Ministerio del Interior / portal oficial de datos abiertos,PRIMARY_OFFICIAL
2008,2008-03-09,42 - Soria,BLOC-INICIATIVA-VERDS - BLOC-IDPV-EV-EE,0,0,Ministerio del Interior / portal oficial de datos abiertos,PRIMARY_OFFICIAL
2008,2008-03-09,42 - Soria,BLOC-INICIATIVA-VERDS - BLOC-IdPV-EV-EE,0,0,Ministerio del Interior / portal oficial de datos abiertos,PRIMARY_OFFICIAL
2008,2008-03-09,42 - Soria,BLOQUE NACIONALISTA GALEGO - B.N.G.,0,0,Ministerio del Interior / portal oficial de datos abiertos,PRIMARY_OFFICIAL
2008,2008-03-09,42 - Soria,BLOQUE NACIONALISTA GALEGO - BNG,0,0,Ministerio del Interior / portal oficial de datos abiertos,PRIMARY_OFFICIAL
2008,2008-03-09,42 - Soria,CENTRO DEMOCRATICO ESPAÑOL - C.D.Es.,0,0,Ministerio del Interior / portal oficial de datos abiertos,PRIMARY_OFFICIAL
2008,2008-03-09,42 - Soria,CENTRO DEMOCRATICO ESPAÑOL - CDEs,0,0,Ministerio del Interior / portal oficial de datos abiertos,PRIMARY_OFFICIAL
2008,2008-03-09,42 - Soria,CENTRO DEMOCRATICO LIBERAL - C.D.L.,0,0,Ministerio del Interior / portal oficial de datos abiertos,PRIMARY_OFFICIAL
2008,2008-03-09,42 - Soria,CENTRO DEMOCRATICO LIBERAL - CDL,0,0,Ministerio del Interior / portal oficial de datos abiertos,PRIMARY_OFFICIAL
2008,2008-03-09,42 - Soria,CENTRO DEMOCRATICO SOCIAL - C.D.S.,0,0,Ministerio del Interior / portal oficial de datos abiertos,PRIMARY_OFFICIAL
2008,2008-03-09,42 - Soria,CENTRO DEMOCRATICO Y SOCIAL - CDS,0,0,Ministerio del Interior / portal oficial de datos abiertos,PRIMARY_OFFICIAL
2008,2008-03-09,42 - Soria,CHUNTA ARAGONESISTA - CHA,0,0,Ministerio del Interior / portal oficial de datos abiertos,PRIMARY_OFFICIAL
2008,2008-03-09,42 - Soria,CIUDADANOS EN BLANCO - CENB,0,0,Ministerio del Interior / portal oficial de datos abiertos,PRIMARY_OFFICIAL
2008,2008-03-09,42 - Soria,CIUDADANOS EN BLANCO - CNB,0,0,Ministerio del Interior / portal oficial de datos abiertos,PRIMARY_OFFICIAL
2008,2008-03-09,42 - Soria,CIUDADANOS EN BLANCO - CenB,0,0,Ministerio del Interior / portal oficial de datos abiertos,PRIMARY_OFFICIAL
2008,2008-03-09,42 - Soria,CIUDADANOS EN BLANCO - Cenb,0,0,Ministerio del Interior / portal oficial de datos abiertos,PRIMARY_OFFICIAL
2008,2008-03-09,42 - Soria,CIUDADANOS PARTIDO DE LA CIUDADANIA - C's,0,0,Ministerio del Interior / portal oficial de datos abiertos,PRIMARY_OFFICIAL
2008,2008-03-09,42 - Soria,CIUDADANOS-PARTIDO DE LA CIUDADANIA - C's,187,0,Ministerio del Interior / portal oficial de datos abiertos,PRIMARY_OFFICIAL
2008,2008-03-09,42 - Soria,"CIUDADANOS-PARTIDO DE LA CIUDADANIA - C,S",0,0,Ministerio del Interior / portal oficial de datos abiertos,PRIMARY_OFFICIAL
2008,2008-03-09,42 - Soria,CIUTADANS-PARTIDO DE LA CIUDADANIA - C's,0,0,Ministerio del Interior / portal oficial de datos abiertos,PRIMARY_OFFICIAL
2008,2008-03-09,42 - Soria,COALICIO TREBALLADORS PER LA DEMOCRACIA - TD,0,0,Ministerio del Interior / portal oficial de datos abiertos,PRIMARY_OFFICIAL
2008,2008-03-09,42 - Soria,COALICIO VALENCIANA - CVa,0,0,Ministerio del Interior / portal oficial de datos abiertos,PRIMARY_OFFICIAL
2008,2008-03-09,42 - Soria,COALICION ANDALUCISTA - CA,0,0,Ministerio del Interior / portal oficial de datos abiertos,PRIMARY_OFFICIAL
2008,2008-03-09,42 - Soria,COALICION CANARIA-PARTIDO NACIONALISTA CANARIO - CC-PNC,0,0,Ministerio del Interior / portal oficial de datos abiertos,PRIMARY_OFFICIAL
2008,2008-03-09,42 - Soria,COALICION CANARIA-PARTIDO NACIONALISTA CANARIO-PARTIDO DE INDEPENDIENTES DE LANZAROTE - CC-PNC-PIL,0,0,Ministerio del Interior / portal oficial de datos abiertos,PRIMARY_OFFICIAL
2008,2008-03-09,42 - Soria,COMUNION TRADICIONALISTA CARLISTA - C.T.C.,0,0,Ministerio del Interior / portal oficial de datos abiertos,PRIMARY_OFFICIAL
2008,2008-03-09,42 - Soria,COMUNION TRADICIONALISTA CARLISTA - CTC,0,0,Ministerio del Interior / portal oficial de datos abiertos,PRIMARY_OFFICIAL
2008,2008-03-09,42 - Soria,CONVERGENCIA DEMOCRATICA ASTURIANA - CDAS,0,0,Ministerio del Interior / portal oficial de datos abiertos,PRIMARY_OFFICIAL
2008,2008-03-09,42 - Soria,CONVERGENCIA I UNIO - CIU,0,0,Ministerio del Interior / portal oficial de datos abiertos,PRIMARY_OFFICIAL
2008,2008-03-09,42 - Soria,CONVERGENCIA I UNIO - CiU,0,0,Ministerio del Interior / portal oficial de datos abiertos,PRIMARY_OFFICIAL
2008,2008-03-09,42 - Soria,DEMOCRACIA NACIONAL - D.N.,55,0,Ministerio del Interior / portal oficial de datos abiertos,PRIMARY_OFFICIAL
2008,2008-03-09,42 - Soria,DEMOCRACIA NACIONAL - DN,0,0,Ministerio del Interior / portal oficial de datos abiertos,PRIMARY_OFFICIAL
2008,2008-03-09,42 - Soria,EI ESCONS INSUBMISOS-ALTERNATIVA DELS DEMOCRATES DESCONTENTS - Ei,0,0,Ministerio del Interior / portal oficial de datos abiertos,PRIMARY_OFFICIAL
2008,2008-03-09,42 - Soria,ELS VERDS - L'ALTERNATIVA ECOLOGISTA - EV-AE,0,0,Ministerio del Interior / portal oficial de datos abiertos,PRIMARY_OFFICIAL
2008,2008-03-09,42 - Soria,ELS VERDS-ALTERNATIVA VERDA - E.V.-A.V.,0,0,Ministerio del Interior / portal oficial de datos abiertos,PRIMARY_OFFICIAL
2008,2008-03-09,42 - Soria,ELS VERDS-LOS VERDES - EV-LV,0,0,Ministerio del Interior / portal oficial de datos abiertos,PRIMARY_OFFICIAL
2008,2008-03-09,42 - Soria,ESCONS INSUBMISOS ALTERNATIVA DELS DEMOCRATES DESCONTENTS - EI-ADD,0,0,Ministerio del Interior / portal oficial de datos abiertos,PRIMARY_OFFICIAL
2008,2008-03-09,42 - Soria,ESCONS INSUBMISOS-ALTERNATIVA DELS DEMOCRATES DESCONTENTS - Ei,0,0,Ministerio del Interior / portal oficial de datos abiertos,PRIMARY_OFFICIAL
2008,2008-03-09,42 - Soria,ESPAÑA 2000 - E-2000,16,0,Ministerio del Interior / portal oficial de datos abiertos,PRIMARY_OFFICIAL
2008,2008-03-09,42 - Soria,ESPAÑA-2000 - E-2000,0,0,Ministerio del Interior / portal oficial de datos abiertos,PRIMARY_OFFICIAL
2008,2008-03-09,42 - Soria,ESQUERDA UNIDA-IZQUIERDA UNIDA-ALTERNATIVA - EU-IU,0,0,Ministerio del Interior / portal oficial de datos abiertos,PRIMARY_OFFICIAL
2008,2008-03-09,42 - Soria,ESQUERRA REPUBLICANA DE CATALUNYA - ESQUERRA,0,0,Ministerio del Interior / portal oficial de datos abiertos,PRIMARY_OFFICIAL
2008,2008-03-09,42 - Soria,ESQUERRA REPUBLICANA DE CATALUNYA - esquerra,0,0,Ministerio del Interior / portal oficial de datos abiertos,PRIMARY_OFFICIAL
2008,2008-03-09,42 - Soria,ESQUERRA REPUBLICANA DEL PAIS VALENCIA-PAIS VALENCIA SI - ESQUERRA-PV,0,0,Ministerio del Interior / portal oficial de datos abiertos,PRIMARY_OFFICIAL
2008,2008-03-09,42 - Soria,"ESQUERRA REPUBLICANA DEL PAIS VALENCIA-PAIS VALENCIA, SI - ESQUERRA-PV",0,0,Ministerio del Interior / portal oficial de datos abiertos,PRIMARY_OFFICIAL
2008,2008-03-09,42 - Soria,ESQUERRA UNIDA - ELS VERDS - EU-EV,0,0,Ministerio del Interior / portal oficial de datos abiertos,PRIMARY_OFFICIAL
2008,2008-03-09,42 - Soria,ESQUERRA UNIDA DEL PAIS VALENCIA-IZQUIERDA REPUBLICANA: ESQUERRA UNIDA I REPUBLICANA - EUPV-IR,0,0,Ministerio del Interior / portal oficial de datos abiertos,PRIMARY_OFFICIAL
2008,2008-03-09,42 - Soria,ESQUERRA UNIDA DEL PAIS VALENCIA-IZQUIERDA REPUBLICANA:ESQUERRA UNIDA I REPUBLICANA - EUPV-IR,0,0,Ministerio del Interior / portal oficial de datos abiertos,PRIMARY_OFFICIAL
2008,2008-03-09,42 - Soria,EUSKO ALKARTASUNA - EA,0,0,Ministerio del Interior / portal oficial de datos abiertos,PRIMARY_OFFICIAL
2008,2008-03-09,42 - Soria,EUZKO ALDERDI JELTZALEA-PARTIDO NACIONALISTA VASCO - EAJ-PNV,0,0,Ministerio del Interior / portal oficial de datos abiertos,PRIMARY_OFFICIAL
2008,2008-03-09,42 - Soria,EXTREMADURA UNIDA - EXTREMADURA UNIDA,0,0,Ministerio del Interior / portal oficial de datos abiertos,PRIMARY_OFFICIAL
2008,2008-03-09,42 - Soria,EZKER BATUA-BERDEAK-ALTERNATIVA - EB-B,0,0,Ministerio del Interior / portal oficial de datos abiertos,PRIMARY_OFFICIAL
2008,2008-03-09,42 - Soria,FALANGE AUTENTICA - F.A.,0,0,Ministerio del Interior / portal oficial de datos abiertos,PRIMARY_OFFICIAL
2008,2008-03-09,42 - Soria,FALANGE AUTENTICA - FA,0,0,Ministerio del Interior / portal oficial de datos abiertos,PRIMARY_OFFICIAL
2008,2008-03-09,42 - Soria,FALANGE ESPAÑOLA DE LA JONS - FE de las JONS,0,0,Ministerio del Interior / portal oficial de datos abiertos,PRIMARY_OFFICIAL
2008,2008-03-09,42 - Soria,FALANGE ESPAÑOLA DE LAS J.O.N.S. - F.E. de las J.O.N.S.,0,0,Ministerio del Interior / portal oficial de datos abiertos,PRIMARY_OFFICIAL
2008,2008-03-09,42 - Soria,FALANGE ESPAÑOLA DE LAS J.O.N.S. - FE de las JONS,0,0,Ministerio del Interior / portal oficial de datos abiertos,PRIMARY_OFFICIAL
2008,2008-03-09,42 - Soria,FALANGE ESPAÑOLA DE LAS J.O.N.S. - FE-JONS,0,0,Ministerio del Interior / portal oficial de datos abiertos,PRIMARY_OFFICIAL
2008,2008-03-09,42 - Soria,FALANGE ESPAÑOLA DE LAS JONS - F.E. de las J.O.N.S.,0,0,Ministerio del Interior / portal oficial de datos abiertos,PRIMARY_OFFICIAL
2008,2008-03-09,42 - Soria,FALANGE ESPAÑOLA DE LAS JONS - FE DE LAS JONS,0,0,Ministerio del Interior / portal oficial de datos abiertos,PRIMARY_OFFICIAL
2008,2008-03-09,42 - Soria,FALANGE ESPAÑOLA DE LAS JONS - FE de las JONS,48,0,Ministerio del Interior / portal oficial de datos abiertos,PRIMARY_OFFICIAL
2008,2008-03-09,42 - Soria,FALANGE ESPAÑOLA DE LAS JONS - FE-JONS,0,0,Ministerio del Interior / portal oficial de datos abiertos,PRIMARY_OFFICIAL
2008,2008-03-09,42 - Soria,FAMILIA I VIDA - PFiV,0,0,Ministerio del Interior / portal oficial de datos abiertos,PRIMARY_OFFICIAL
2008,2008-03-09,42 - Soria,FAMILIA Y VIDA - PFyV,0,0,Ministerio del Interior / portal oficial de datos abiertos,PRIMARY_OFFICIAL
2008,2008-03-09,42 - Soria,FRENTE ESPAÑOL - F.E,0,0,Ministerio del Interior / portal oficial de datos abiertos,PRIMARY_OFFICIAL
2008,2008-03-09,42 - Soria,FRENTE ESPAÑOL - F.E.,0,0,Ministerio del Interior / portal oficial de datos abiertos,PRIMARY_OFFICIAL
2008,2008-03-09,42 - Soria,FRENTE ESPAÑOL - FRENTE,0,0,Ministerio del Interior / portal oficial de datos abiertos,PRIMARY_OFFICIAL
2008,2008-03-09,42 - Soria,GENTES DE EL BIERZO - PB-UB,0,0,Ministerio del Interior / portal oficial de datos abiertos,PRIMARY_OFFICIAL
2008,2008-03-09,42 - Soria,IDENTITAT REGNE DE VALENCIA - IRV,0,0,Ministerio del Interior / portal oficial de datos abiertos,PRIMARY_OFFICIAL
2008,2008-03-09,42 - Soria,INDEPENDIENTES POR CUENCA - ixC,0,0,Ministerio del Interior / portal oficial de datos abiertos,PRIMARY_OFFICIAL
2008,2008-03-09,42 - Soria,INICIATIVA CIUDADANA BURGALESA - I.C.Bur,0,0,Ministerio del Interior / portal oficial de datos abiertos,PRIMARY_OFFICIAL
2008,2008-03-09,42 - Soria,INICIATIVA MERINDADES DE CASTILLA - I.M.C.,0,0,Ministerio del Interior / portal oficial de datos abiertos,PRIMARY_OFFICIAL
2008,2008-03-09,42 - Soria,INICIATIVA PER CATALUNYA VERDS - ESQUERRA UNIDA I ALTERNATIVA - ICV-EUiA,0,0,Ministerio del Interior / portal oficial de datos abiertos,PRIMARY_OFFICIAL
2008,2008-03-09,42 - Soria,INICIATIVA PER CATALUNYA VERDS-ESQUERRA UNIDA I ALTERNATIVA - ICV-EUiA,0,0,Ministerio del Interior / portal oficial de datos abiertos,PRIMARY_OFFICIAL
2008,2008-03-09,42 - Soria,IZQUIERDA REPUBLICANA - IR,0,0,Ministerio del Interior / portal oficial de datos abiertos,PRIMARY_OFFICIAL
2008,2008-03-09,42 - Soria,IZQUIERDA REPUBLICANA-PARTIT REPUBLICA D'ESQUERRA - IR-PRE,0,0,Ministerio del Interior / portal oficial de datos abiertos,PRIMARY_OFFICIAL
2008,2008-03-09,42 - Soria,IZQUIERDA UNIDA - BLOQUE POR ASTURIES - LOS VERDES - IU-B.A-LOS VERDES,0,0,Ministerio del Interior / portal oficial de datos abiertos,PRIMARY_OFFICIAL
2008,2008-03-09,42 - Soria,IZQUIERDA UNIDA CANARIA-ALTERNATIVA - IUC,0,0,Ministerio del Interior / portal oficial de datos abiertos,PRIMARY_OFFICIAL
2008,2008-03-09,42 - Soria,IZQUIERDA UNIDA COMUNIDAD DE MADRID-ALTERNATIVA - IU-CM.,0,0,Ministerio del Interior / portal oficial de datos abiertos,PRIMARY_OFFICIAL
2008,2008-03-09,42 - Soria,IZQUIERDA UNIDA DE CEUTA - I.U.,0,0,Ministerio del Interior / portal oficial de datos abiertos,PRIMARY_OFFICIAL
2008,2008-03-09,42 - Soria,IZQUIERDA UNIDA DE LA REGION DE MURCIA-ALTERNATIVA - I.U.R.M.,0,0,Ministerio del Interior / portal oficial de datos abiertos,PRIMARY_OFFICIAL
2008,2008-03-09,42 - Soria,IZQUIERDA UNIDA DE NAVARRA - NAFARROAKO EZKER BATUA - ALTERNATIVA - IUN-NEB,0,0,Ministerio del Interior / portal oficial de datos abiertos,PRIMARY_OFFICIAL
2008,2008-03-09,42 - Soria,IZQUIERDA UNIDA LOS VERDES CONVOCATORIA POR ANDALUCIA-ALTERNATIVA - IULV-CA,0,0,Ministerio del Interior / portal oficial de datos abiertos,PRIMARY_OFFICIAL
2008,2008-03-09,42 - Soria,IZQUIERDA UNIDA LOS VERDES-CONVOCATORIA POR ANDALUCIA - ALTERNATIVA - IULV-CA,0,0,Ministerio del Interior / portal oficial de datos abiertos,PRIMARY_OFFICIAL
2008,2008-03-09,42 - Soria,IZQUIERDA UNIDA LOS VERDES-CONVOCATORIA POR ANDALUCIA-ALTERNATIVA - IULV-CA,0,0,Ministerio del Interior / portal oficial de datos abiertos,PRIMARY_OFFICIAL
2008,2008-03-09,42 - Soria,IZQUIERDA UNIDA-ALTERNATIVA - I.U.,0,0,Ministerio del Interior / portal oficial de datos abiertos,PRIMARY_OFFICIAL
2008,2008-03-09,42 - Soria,IZQUIERDA UNIDA-ALTERNATIVA - IU,1253,0,Ministerio del Interior / portal oficial de datos abiertos,PRIMARY_OFFICIAL
2008,2008-03-09,42 - Soria,LLUITA INTERNACIONALISTA - (LI(LIT-CI)),0,0,Ministerio del Interior / portal oficial de datos abiertos,PRIMARY_OFFICIAL
2008,2008-03-09,42 - Soria,LLUITA INTERNACIONALISTA - L.I.(LIT-CI),0,0,Ministerio del Interior / portal oficial de datos abiertos,PRIMARY_OFFICIAL
2008,2008-03-09,42 - Soria,LLUITA INTERNACIONALISTA - LI-LITCI,0,0,Ministerio del Interior / portal oficial de datos abiertos,PRIMARY_OFFICIAL
2008,2008-03-09,42 - Soria,LOS VERDES - LOS VERDES,0,0,Ministerio del Interior / portal oficial de datos abiertos,PRIMARY_OFFICIAL
2008,2008-03-09,42 - Soria,LOS VERDES - LV,107,0,Ministerio del Interior / portal oficial de datos abiertos,PRIMARY_OFFICIAL
2008,2008-03-09,42 - Soria,LOS VERDES - VERDES,0,0,Ministerio del Interior / portal oficial de datos abiertos,PRIMARY_OFFICIAL
2008,2008-03-09,42 - Soria,LOS VERDES COMUNIDAD DE MADRID-LOS VERDES DE EUROPA - LVCM-LVE,0,0,Ministerio del Interior / portal oficial de datos abiertos,PRIMARY_OFFICIAL
2008,2008-03-09,42 - Soria,LOS VERDES DE EUROPA - LOS VERDES DE EUROPA,0,0,Ministerio del Interior / portal oficial de datos abiertos,PRIMARY_OFFICIAL
2008,2008-03-09,42 - Soria,LOS VERDES DE EUROPA - LVE,96,0,Ministerio del Interior / portal oficial de datos abiertos,PRIMARY_OFFICIAL
2008,2008-03-09,42 - Soria,LOS VERDES DE EXTREMADURA - LV,0,0,Ministerio del Interior / portal oficial de datos abiertos,PRIMARY_OFFICIAL
2008,2008-03-09,42 - Soria,LOS VERDES-ELS VERDS - LV-EV,0,0,Ministerio del Interior / portal oficial de datos abiertos,PRIMARY_OFFICIAL
2008,2008-03-09,42 - Soria,LOS VERDES-GRUPO VERDE - L.V.,0,0,Ministerio del Interior / portal oficial de datos abiertos,PRIMARY_OFFICIAL
2008,2008-03-09,42 - Soria,LOS VERDES-GRUPO VERDE - LV,0,0,Ministerio del Interior / portal oficial de datos abiertos,PRIMARY_OFFICIAL
2008,2008-03-09,42 - Soria,LOS VERDES-GRUPO VERDE - LV-GV,0,0,Ministerio del Interior / portal oficial de datos abiertos,PRIMARY_OFFICIAL
2008,2008-03-09,42 - Soria,LUCHA INTERNACIONALISTA - LI-LITCI,0,0,Ministerio del Interior / portal oficial de datos abiertos,PRIMARY_OFFICIAL
2008,2008-03-09,42 - Soria,MOVIMIENTO FALANGISTA DE ESPAÑA - M.F.E.,0,0,Ministerio del Interior / portal oficial de datos abiertos,PRIMARY_OFFICIAL
2008,2008-03-09,42 - Soria,MOVIMIENTO POR LA UNIDAD DEL PUEBLO CANARIO - MUPC,0,0,Ministerio del Interior / portal oficial de datos abiertos,PRIMARY_OFFICIAL
2008,2008-03-09,42 - Soria,NAFARROA BAI - NA-BAI,0,0,Ministerio del Interior / portal oficial de datos abiertos,PRIMARY_OFFICIAL
2008,2008-03-09,42 - Soria,NOSALTRES SOM - N som,0,0,Ministerio del Interior / portal oficial de datos abiertos,PRIMARY_OFFICIAL
2008,2008-03-09,42 - Soria,NUEVA CANARIAS-CENTRO CANARIO - NC-CCN,0,0,Ministerio del Interior / portal oficial de datos abiertos,PRIMARY_OFFICIAL
2008,2008-03-09,42 - Soria,OPCIO NACIONALISTA VALENCIANA - O.N.V.,0,0,Ministerio del Interior / portal oficial de datos abiertos,PRIMARY_OFFICIAL
2008,2008-03-09,42 - Soria,OPCIO NACIONALISTA VALENCIANA - ONV,0,0,Ministerio del Interior / portal oficial de datos abiertos,PRIMARY_OFFICIAL
2008,2008-03-09,42 - Soria,OS VERDES - GRUPO VERDE - OV,0,0,Ministerio del Interior / portal oficial de datos abiertos,PRIMARY_OFFICIAL
2008,2008-03-09,42 - Soria,PARTIDO ALTERNATIVA MOTOR Y DEPORTES - A.M.D.,0,0,Ministerio del Interior / portal oficial de datos abiertos,PRIMARY_OFFICIAL
2008,2008-03-09,42 - Soria,PARTIDO ANTITAURINO CONTRA EL MALTRATO ANIMAL - P.A.C.M.A,0,0,Ministerio del Interior / portal oficial de datos abiertos,PRIMARY_OFFICIAL
2008,2008-03-09,42 - Soria,PARTIDO ANTITAURINO CONTRA EL MALTRATO ANIMAL - P.A.C.M.A.,91,0,Ministerio del Interior / portal oficial de datos abiertos,PRIMARY_OFFICIAL
2008,2008-03-09,42 - Soria,PARTIDO ANTITAURINO CONTRA EL MALTRATO ANIMAL - PACMA,0,0,Ministerio del Interior / portal oficial de datos abiertos,PRIMARY_OFFICIAL
2008,2008-03-09,42 - Soria,PARTIDO ARAGONES - PAR,0,0,Ministerio del Interior / portal oficial de datos abiertos,PRIMARY_OFFICIAL
2008,2008-03-09,42 - Soria,PARTIDO CARLISTA - P.C.,0,0,Ministerio del Interior / portal oficial de datos abiertos,PRIMARY_OFFICIAL
2008,2008-03-09,42 - Soria,PARTIDO CARLISTA - PARTIDO CARLISTA,0,0,Ministerio del Interior / portal oficial de datos abiertos,PRIMARY_OFFICIAL
2008,2008-03-09,42 - Soria,PARTIDO CARLISTA - PC,0,0,Ministerio del Interior / portal oficial de datos abiertos,PRIMARY_OFFICIAL
2008,2008-03-09,42 - Soria,PARTIDO CARLISTA DE EUSKALERRIA-PARTIDO CARLISTA - EKA-PC.,0,0,Ministerio del Interior / portal oficial de datos abiertos,PRIMARY_OFFICIAL
2008,2008-03-09,42 - Soria,PARTIDO CARLISTA DE EUSKALHERRIA-EUSKALHERRIKO KARLISTA ALDERDIA - PARTIDO CARLISTA-EKA,0,0,Ministerio del Interior / portal oficial de datos abiertos,PRIMARY_OFFICIAL
2008,2008-03-09,42 - Soria,PARTIDO CENTRISTA - PCTR,0,0,Ministerio del Interior / portal oficial de datos abiertos,PRIMARY_OFFICIAL
2008,2008-03-09,42 - Soria,PARTIDO CENTRISTAS - Centristas PCTR,0,0,Ministerio del Interior / portal oficial de datos abiertos,PRIMARY_OFFICIAL
2008,2008-03-09,42 - Soria,PARTIDO CENTRISTAS - PCTR,0,0,Ministerio del Interior / portal oficial de datos abiertos,PRIMARY_OFFICIAL
2008,2008-03-09,42 - Soria,PARTIDO CIUDADANOS UNIDOS DE ARAGON - pCUA,0,0,Ministerio del Interior / portal oficial de datos abiertos,PRIMARY_OFFICIAL
2008,2008-03-09,42 - Soria,PARTIDO COMUNISTA DE LOS PUEBLOS DE ESPAÑA - P.C.P.E.,0,0,Ministerio del Interior / portal oficial de datos abiertos,PRIMARY_OFFICIAL
2008,2008-03-09,42 - Soria,PARTIDO COMUNISTA DE LOS PUEBLOS DE ESPAÑA - P.C.P.E.-E.K.,0,0,Ministerio del Interior / portal oficial de datos abiertos,PRIMARY_OFFICIAL
2008,2008-03-09,42 - Soria,PARTIDO COMUNISTA DE LOS PUEBLOS DE ESPAÑA - PCPE,0,0,Ministerio del Interior / portal oficial de datos abiertos,PRIMARY_OFFICIAL
2008,2008-03-09,42 - Soria,PARTIDO COMUNISTA DE LOS PUEBLOS DE ESPAÑA-EUSKAL KOMUNISTAK - PCPE - EK,0,0,Ministerio del Interior / portal oficial de datos abiertos,PRIMARY_OFFICIAL
2008,2008-03-09,42 - Soria,PARTIDO COMUNISTA DEL PUEBLO CANARIO - PCPE,0,0,Ministerio del Interior / portal oficial de datos abiertos,PRIMARY_OFFICIAL
2008,2008-03-09,42 - Soria,PARTIDO COMUNISTA DEL PUEBLO CASTELLANO - PCPE,0,0,Ministerio del Interior / portal oficial de datos abiertos,PRIMARY_OFFICIAL
2008,2008-03-09,42 - Soria,PARTIDO COMUNISTA DEL PUEBLO CASTELLANO-PCPE - PCPE,50,0,Ministerio del Interior / portal oficial de datos abiertos,PRIMARY_OFFICIAL
2008,2008-03-09,42 - Soria,PARTIDO COMUNISTA DEL PUEBLO DE CATALUNYA - PCPC,0,0,Ministerio del Interior / portal oficial de datos abiertos,PRIMARY_OFFICIAL
2008,2008-03-09,42 - Soria,PARTIDO COMUNISTA DEL PUEBLO DE CATALUÑA - PCPC,0,0,Ministerio del Interior / portal oficial de datos abiertos,PRIMARY_OFFICIAL
2008,2008-03-09,42 - Soria,PARTIDO COMUNISTA DO POBO GALEGO - PCPG,0,0,Ministerio del Interior / portal oficial de datos abiertos,PRIMARY_OFFICIAL
2008,2008-03-09,42 - Soria,PARTIDO COMUNISTA DO POVO GALEGO - P.C.P.G.,0,0,Ministerio del Interior / portal oficial de datos abiertos,PRIMARY_OFFICIAL
2008,2008-03-09,42 - Soria,PARTIDO COMUNISTA PUEBLOS DE ESPAÑA - PCPE,0,0,Ministerio del Interior / portal oficial de datos abiertos,PRIMARY_OFFICIAL
2008,2008-03-09,42 - Soria,PARTIDO DE ALIANZA IBEROAMERICANA EUROPEA - PAIE,0,0,Ministerio del Interior / portal oficial de datos abiertos,PRIMARY_OFFICIAL
2008,2008-03-09,42 - Soria,PARTIDO DE ALMERIA - PdeAL,0,0,Ministerio del Interior / portal oficial de datos abiertos,PRIMARY_OFFICIAL
2008,2008-03-09,42 - Soria,PARTIDO DE LAS LIBERTADES CIVILES - PLCI,0,0,Ministerio del Interior / portal oficial de datos abiertos,PRIMARY_OFFICIAL
2008,2008-03-09,42 - Soria,PARTIDO DE LOS NO-FUMADORES - PNF (NO-FUMADORES),0,0,Ministerio del Interior / portal oficial de datos abiertos,PRIMARY_OFFICIAL
2008,2008-03-09,42 - Soria,PARTIDO DE LOS PENSIONISTAS EN ACCION - PDLPEA,0,0,Ministerio del Interior / portal oficial de datos abiertos,PRIMARY_OFFICIAL
2008,2008-03-09,42 - Soria,PARTIDO DOS SOCIALISTAS DE GALICIA-PARTIDO SOCIALISTA OBRERO ESPAÑOL - PSdeG-PSOE,0,0,Ministerio del Interior / portal oficial de datos abiertos,PRIMARY_OFFICIAL
2008,2008-03-09,42 - Soria,PARTIDO DOS SOCIALISTAS DE GALICIA-PSOE - PSdeG-PSOE,0,0,Ministerio del Interior / portal oficial de datos abiertos,PRIMARY_OFFICIAL
2008,2008-03-09,42 - Soria,PARTIDO FAMILIA Y VIDA - PFyV,27,0,Ministerio del Interior / portal oficial de datos abiertos,PRIMARY_OFFICIAL
2008,2008-03-09,42 - Soria,PARTIDO HACHE - PHache,0,0,Ministerio del Interior / portal oficial de datos abiertos,PRIMARY_OFFICIAL
2008,2008-03-09,42 - Soria,PARTIDO HUMANISTA - P.H.,0,0,Ministerio del Interior / portal oficial de datos abiertos,PRIMARY_OFFICIAL
2008,2008-03-09,42 - Soria,PARTIDO HUMANISTA - PH,0,0,Ministerio del Interior / portal oficial de datos abiertos,PRIMARY_OFFICIAL
2008,2008-03-09,42 - Soria,PARTIDO IZQUIERDA REPUBLICANA-PARTIT REPUBLICA D'ESQUERRA - IR-PRE,0,0,Ministerio del Interior / portal oficial de datos abiertos,PRIMARY_OFFICIAL
2008,2008-03-09,42 - Soria,PARTIDO LIBERAL DEL EMPLEO Y LA VIVIENDA ESTATAL - P.L.E.V.E.,0,0,Ministerio del Interior / portal oficial de datos abiertos,PRIMARY_OFFICIAL
2008,2008-03-09,42 - Soria,PARTIDO LIBERTADES CIVILES - PLCI,0,0,Ministerio del Interior / portal oficial de datos abiertos,PRIMARY_OFFICIAL
2008,2008-03-09,42 - Soria,PARTIDO OBRERO SOCIALISTA INTERNACIONALISTA - P.O.S.I.,0,0,Ministerio del Interior / portal oficial de datos abiertos,PRIMARY_OFFICIAL
2008,2008-03-09,42 - Soria,PARTIDO OBRERO SOCIALISTA INTERNACIONALISTA - POSI,0,0,Ministerio del Interior / portal oficial de datos abiertos,PRIMARY_OFFICIAL
2008,2008-03-09,42 - Soria,PARTIDO POLITICO ARALAR - aralar,0,0,Ministerio del Interior / portal oficial de datos abiertos,PRIMARY_OFFICIAL
2008,2008-03-09,42 - Soria,PARTIDO POPULAR - P.P.,0,0,Ministerio del Interior / portal oficial de datos abiertos,PRIMARY_OFFICIAL
2008,2008-03-09,42 - Soria,PARTIDO POPULAR - PP,27905,1,Ministerio del Interior / portal oficial de datos abiertos,PRIMARY_OFFICIAL
2008,2008-03-09,42 - Soria,PARTIDO POPULAR/PARTIT POPULAR - PP,0,0,Ministerio del Interior / portal oficial de datos abiertos,PRIMARY_OFFICIAL
2008,2008-03-09,42 - Soria,PARTIDO POR UN MUNDO MAS JUSTO - PUM+J,0,0,Ministerio del Interior / portal oficial de datos abiertos,PRIMARY_OFFICIAL
2008,2008-03-09,42 - Soria,PARTIDO POSITIVISTA CRISTIANO - PPCr,0,0,Ministerio del Interior / portal oficial de datos abiertos,PRIMARY_OFFICIAL
2008,2008-03-09,42 - Soria,PARTIDO REGIONALISTA DE GUADALAJARA - P.R.GU.,0,0,Ministerio del Interior / portal oficial de datos abiertos,PRIMARY_OFFICIAL
2008,2008-03-09,42 - Soria,PARTIDO REGIONALISTA DEL PAIS LEONES - PREPAL,0,0,Ministerio del Interior / portal oficial de datos abiertos,PRIMARY_OFFICIAL
2008,2008-03-09,42 - Soria,PARTIDO RIOJANO - PARTIDO RIOJANO,0,0,Ministerio del Interior / portal oficial de datos abiertos,PRIMARY_OFFICIAL
2008,2008-03-09,42 - Soria,PARTIDO SOCIAL DEMOCRATA - P.S.D.,0,0,Ministerio del Interior / portal oficial de datos abiertos,PRIMARY_OFFICIAL
2008,2008-03-09,42 - Soria,PARTIDO SOCIAL DEMOCRATA - PSD,83,0,Ministerio del Interior / portal oficial de datos abiertos,PRIMARY_OFFICIAL
2008,2008-03-09,42 - Soria,PARTIDO SOCIAL DEMOCRATA-FEDERACION DE LOS INDEPENDIENTES DE ARAGON - PSD-FIA,0,0,Ministerio del Interior / portal oficial de datos abiertos,PRIMARY_OFFICIAL
2008,2008-03-09,42 - Soria,PARTIDO SOCIALISTA DE EUSKADI-EUSKADIKO EZKERRA (PSOE) - PSE-EE (PSOE),0,0,Ministerio del Interior / portal oficial de datos abiertos,PRIMARY_OFFICIAL
2008,2008-03-09,42 - Soria,PARTIDO SOCIALISTA DE EUSKADI-EUSKADIKO EZKERRA - PSE-EE (PSOE),0,0,Ministerio del Interior / portal oficial de datos abiertos,PRIMARY_OFFICIAL
2008,2008-03-09,42 - Soria,PARTIDO SOCIALISTA OBRERO ESPAÑOL - P.S.O.E.,0,0,Ministerio del Interior / portal oficial de datos abiertos,PRIMARY_OFFICIAL
2008,2008-03-09,42 - Soria,PARTIDO SOCIALISTA OBRERO ESPAÑOL - PSOE,23868,1,Ministerio del Interior / portal oficial de datos abiertos,PRIMARY_OFFICIAL
2008,2008-03-09,42 - Soria,PARTIDO SOCIALISTA OBRERO ESPAÑOL DE ANDALUCIA - PSOE-A,0,0,Ministerio del Interior / portal oficial de datos abiertos,PRIMARY_OFFICIAL
2008,2008-03-09,42 - Soria,PARTIDO SOLIDARIDAD Y AUTOGESTION INTERNACIONALISTA - SAIN,0,0,Ministerio del Interior / portal oficial de datos abiertos,PRIMARY_OFFICIAL
2008,2008-03-09,42 - Soria,PARTIDO UNIONISTA ESTADO DE ESPAÑA - P.U.E.D.E.,0,0,Ministerio del Interior / portal oficial de datos abiertos,PRIMARY_OFFICIAL
2008,2008-03-09,42 - Soria,PARTIDO UNIONISTA ESTADO DE ESPAÑA - PUEDE,0,0,Ministerio del Interior / portal oficial de datos abiertos,PRIMARY_OFFICIAL
2008,2008-03-09,42 - Soria,PARTIT ANTITAURI CONTRA EL MALTRACTAMENT ANIMAL - P.A.C.M.A.,0,0,Ministerio del Interior / portal oficial de datos abiertos,PRIMARY_OFFICIAL
2008,2008-03-09,42 - Soria,PARTIT ANTITAURI CONTRA EL MALTRACTAMENT ANIMAL - PACMA,0,0,Ministerio del Interior / portal oficial de datos abiertos,PRIMARY_OFFICIAL
2008,2008-03-09,42 - Soria,PARTIT CARLI DE CATALUNYA - P. C. de C.,0,0,Ministerio del Interior / portal oficial de datos abiertos,PRIMARY_OFFICIAL
2008,2008-03-09,42 - Soria,PARTIT CARLI DE CATALUNYA - PCaC,0,0,Ministerio del Interior / portal oficial de datos abiertos,PRIMARY_OFFICIAL
2008,2008-03-09,42 - Soria,PARTIT COMUNISTA DEL POBLE DE CATALUNYA - P.C.P.C.,0,0,Ministerio del Interior / portal oficial de datos abiertos,PRIMARY_OFFICIAL
2008,2008-03-09,42 - Soria,PARTIT COMUNISTA DELS POBLES D'ESPANYA - PCPE,0,0,Ministerio del Interior / portal oficial de datos abiertos,PRIMARY_OFFICIAL
2008,2008-03-09,42 - Soria,PARTIT DELS SOCIALISTES DE CATALUNYA - PSC (PSC-PSOE),0,0,Ministerio del Interior / portal oficial de datos abiertos,PRIMARY_OFFICIAL
2008,2008-03-09,42 - Soria,PARTIT DELS SOCIALISTES DE CATALUNYA - PSC-PSOE,0,0,Ministerio del Interior / portal oficial de datos abiertos,PRIMARY_OFFICIAL
2008,2008-03-09,42 - Soria,PARTIT FAMILIA I VIDA - PFiV,0,0,Ministerio del Interior / portal oficial de datos abiertos,PRIMARY_OFFICIAL
2008,2008-03-09,42 - Soria,PARTIT HUMANISTA - P.H.,0,0,Ministerio del Interior / portal oficial de datos abiertos,PRIMARY_OFFICIAL
2008,2008-03-09,42 - Soria,PARTIT HUMANISTA - PH,0,0,Ministerio del Interior / portal oficial de datos abiertos,PRIMARY_OFFICIAL
2008,2008-03-09,42 - Soria,PARTIT HUMANISTA DE CATALUNYA - PH,0,0,Ministerio del Interior / portal oficial de datos abiertos,PRIMARY_OFFICIAL
2008,2008-03-09,42 - Soria,PARTIT ILLENC DE SES ILLES BALEARS - PIIB,0,0,Ministerio del Interior / portal oficial de datos abiertos,PRIMARY_OFFICIAL
2008,2008-03-09,42 - Soria,PARTIT OBRER SOCIALISTA INTERNACIONALISTA - P.O.S.I.,0,0,Ministerio del Interior / portal oficial de datos abiertos,PRIMARY_OFFICIAL
2008,2008-03-09,42 - Soria,PARTIT OBRER SOCIALISTA INTERNACIONALISTA - POSI,0,0,Ministerio del Interior / portal oficial de datos abiertos,PRIMARY_OFFICIAL
2008,2008-03-09,42 - Soria,PARTIT PER CATALUNYA - PxCat,0,0,Ministerio del Interior / portal oficial de datos abiertos,PRIMARY_OFFICIAL
2008,2008-03-09,42 - Soria,PARTIT POPULAR/PARTIDO POPULAR - P.P.,0,0,Ministerio del Interior / portal oficial de datos abiertos,PRIMARY_OFFICIAL
2008,2008-03-09,42 - Soria,PARTIT REPUBLICA CATALA - RC,0,0,Ministerio del Interior / portal oficial de datos abiertos,PRIMARY_OFFICIAL
2008,2008-03-09,42 - Soria,PER LA REPUBLICA VALENCIANA - PLRV,0,0,Ministerio del Interior / portal oficial de datos abiertos,PRIMARY_OFFICIAL
2008,2008-03-09,42 - Soria,PER LA REPUBLICA VALENCIANA - plRV,0,0,Ministerio del Interior / portal oficial de datos abiertos,PRIMARY_OFFICIAL
2008,2008-03-09,42 - Soria,POR UN MUNDO MAS JUSTO - PUM+J,66,0,Ministerio del Interior / portal oficial de datos abiertos,PRIMARY_OFFICIAL
2008,2008-03-09,42 - Soria,REPRESENTACION CANNABICA NAVARRA - RCN-NOK,0,0,Ministerio del Interior / portal oficial de datos abiertos,PRIMARY_OFFICIAL
2008,2008-03-09,42 - Soria,SOLIDARIDAD Y AUTOGESTION INTERNACIONALISTA - SAIN,0,0,Ministerio del Interior / portal oficial de datos abiertos,PRIMARY_OFFICIAL
2008,2008-03-09,42 - Soria,SOLIDARIDAD Y AUTOGESTION INTERNACIONALISTA - SAIn,0,0,Ministerio del Interior / portal oficial de datos abiertos,PRIMARY_OFFICIAL
2008,2008-03-09,42 - Soria,TIERRA COMUNERA - TC,83,0,Ministerio del Interior / portal oficial de datos abiertos,PRIMARY_OFFICIAL
2008,2008-03-09,42 - Soria,UNIDA - UNIDA,0,0,Ministerio del Interior / portal oficial de datos abiertos,PRIMARY_OFFICIAL
2008,2008-03-09,42 - Soria,UNIDAD CASTELLANA - Ud. Ca.,0,0,Ministerio del Interior / portal oficial de datos abiertos,PRIMARY_OFFICIAL
2008,2008-03-09,42 - Soria,UNIDAD DEL PUEBLO - UNIDAD DEL PUEBLO,0,0,Ministerio del Interior / portal oficial de datos abiertos,PRIMARY_OFFICIAL
2008,2008-03-09,42 - Soria,UNIDAD REGIONALISTA DE CASTILLA Y LEON - U.R.C.L.,0,0,Ministerio del Interior / portal oficial de datos abiertos,PRIMARY_OFFICIAL
2008,2008-03-09,42 - Soria,UNION CENTRISTA LIBERAL - UCL,0,0,Ministerio del Interior / portal oficial de datos abiertos,PRIMARY_OFFICIAL
2008,2008-03-09,42 - Soria,UNION CIUDADANA PROGRESISTAS INDEPENDIENTES DE CANARIAS - UCPIC,0,0,Ministerio del Interior / portal oficial de datos abiertos,PRIMARY_OFFICIAL
2008,2008-03-09,42 - Soria,UNION DEL PUEBLO LEONES - UPL,0,0,Ministerio del Interior / portal oficial de datos abiertos,PRIMARY_OFFICIAL
2008,2008-03-09,42 - Soria,UNION DEL PUEBLO NAVARRO EN COALICION CON EL PARTIDO POPULAR - UPN-PP,0,0,Ministerio del Interior / portal oficial de datos abiertos,PRIMARY_OFFICIAL
2008,2008-03-09,42 - Soria,UNION POR LEGANES - ULEG,0,0,Ministerio del Interior / portal oficial de datos abiertos,PRIMARY_OFFICIAL
2008,2008-03-09,42 - Soria,UNION PROGRESO Y DEMOCRACIA - UPD,0,0,Ministerio del Interior / portal oficial de datos abiertos,PRIMARY_OFFICIAL
2008,2008-03-09,42 - Soria,UNION PROGRESO Y DEMOCRACIA - UPyD,1106,0,Ministerio del Interior / portal oficial de datos abiertos,PRIMARY_OFFICIAL
2008,2008-03-09,42 - Soria,"UNION, PROGRESO Y DEMOCRACIA - UPyD",0,0,Ministerio del Interior / portal oficial de datos abiertos,PRIMARY_OFFICIAL
2008,2008-03-09,42 - Soria,UNITAT PER LES ILLES - UNITAT PER LES ILLES,0,0,Ministerio del Interior / portal oficial de datos abiertos,PRIMARY_OFFICIAL
2008,2008-03-09,43 - Tarragona,AGRUPACION CIUDADANA - AGRUCI,0,0,Ministerio del Interior / portal oficial de datos abiertos,PRIMARY_OFFICIAL
2008,2008-03-09,43 - Tarragona,ALIANZA NACIONAL - A.u.N.,0,0,Ministerio del Interior / portal oficial de datos abiertos,PRIMARY_OFFICIAL
2008,2008-03-09,43 - Tarragona,ALIANZA NACIONAL - AN,0,0,Ministerio del Interior / portal oficial de datos abiertos,PRIMARY_OFFICIAL
2008,2008-03-09,43 - Tarragona,ALIANZA NACIONAL - AUN,0,0,Ministerio del Interior / portal oficial de datos abiertos,PRIMARY_OFFICIAL
2008,2008-03-09,43 - Tarragona,ALIANZA NACIONAL - AuN,104,0,Ministerio del Interior / portal oficial de datos abiertos,PRIMARY_OFFICIAL
2008,2008-03-09,43 - Tarragona,ALIANZA POR BURGOS - AxB,0,0,Ministerio del Interior / portal oficial de datos abiertos,PRIMARY_OFFICIAL
2008,2008-03-09,43 - Tarragona,ALIANÇA BALEAR - ABA,0,0,Ministerio del Interior / portal oficial de datos abiertos,PRIMARY_OFFICIAL
2008,2008-03-09,43 - Tarragona,ALTERNATIVA EN BLANCO - ABLA,0,0,Ministerio del Interior / portal oficial de datos abiertos,PRIMARY_OFFICIAL
2008,2008-03-09,43 - Tarragona,ALTERNATIVA EN BLANCO - aBla,0,0,Ministerio del Interior / portal oficial de datos abiertos,PRIMARY_OFFICIAL
2008,2008-03-09,43 - Tarragona,ALTERNATIVA ESPAÑOLA - AES,57,0,Ministerio del Interior / portal oficial de datos abiertos,PRIMARY_OFFICIAL
2008,2008-03-09,43 - Tarragona,ALTERNATIVA MOTOR Y DEPORTE - A.M.D.,0,0,Ministerio del Interior / portal oficial de datos abiertos,PRIMARY_OFFICIAL
2008,2008-03-09,43 - Tarragona,ALTERNATIVA MOTOR Y DEPORTES - A.M.D.,0,0,Ministerio del Interior / portal oficial de datos abiertos,PRIMARY_OFFICIAL
2008,2008-03-09,43 - Tarragona,ALTERNATIVA MOTOR Y DEPORTES - AMD,186,0,Ministerio del Interior / portal oficial de datos abiertos,PRIMARY_OFFICIAL
2008,2008-03-09,43 - Tarragona,ALTERNATIVA NACIONALISTA CANARIA - ANC,0,0,Ministerio del Interior / portal oficial de datos abiertos,PRIMARY_OFFICIAL
2008,2008-03-09,43 - Tarragona,ANDECHA ASTUR - AA,0,0,Ministerio del Interior / portal oficial de datos abiertos,PRIMARY_OFFICIAL
2008,2008-03-09,43 - Tarragona,ARALAR - aralar,0,0,Ministerio del Interior / portal oficial de datos abiertos,PRIMARY_OFFICIAL
2008,2008-03-09,43 - Tarragona,ASAMBLEA DE VOTACION ELECTRONICA - AVE,0,0,Ministerio del Interior / portal oficial de datos abiertos,PRIMARY_OFFICIAL
2008,2008-03-09,43 - Tarragona,BERDEAK-LOS VERDES - B-LV,0,0,Ministerio del Interior / portal oficial de datos abiertos,PRIMARY_OFFICIAL
2008,2008-03-09,43 - Tarragona,BLOC-INICIATIVA-VERDS - BLOC-IDPV-EV-EE,0,0,Ministerio del Interior / portal oficial de datos abiertos,PRIMARY_OFFICIAL
2008,2008-03-09,43 - Tarragona,BLOC-INICIATIVA-VERDS - BLOC-IdPV-EV-EE,0,0,Ministerio del Interior / portal oficial de datos abiertos,PRIMARY_OFFICIAL
2008,2008-03-09,43 - Tarragona,BLOQUE NACIONALISTA GALEGO - B.N.G.,0,0,Ministerio del Interior / portal oficial de datos abiertos,PRIMARY_OFFICIAL
2008,2008-03-09,43 - Tarragona,BLOQUE NACIONALISTA GALEGO - BNG,0,0,Ministerio del Interior / portal oficial de datos abiertos,PRIMARY_OFFICIAL
2008,2008-03-09,43 - Tarragona,CENTRO DEMOCRATICO ESPAÑOL - C.D.Es.,0,0,Ministerio del Interior / portal oficial de datos abiertos,PRIMARY_OFFICIAL
2008,2008-03-09,43 - Tarragona,CENTRO DEMOCRATICO ESPAÑOL - CDEs,0,0,Ministerio del Interior / portal oficial de datos abiertos,PRIMARY_OFFICIAL
2008,2008-03-09,43 - Tarragona,CENTRO DEMOCRATICO LIBERAL - C.D.L.,0,0,Ministerio del Interior / portal oficial de datos abiertos,PRIMARY_OFFICIAL
2008,2008-03-09,43 - Tarragona,CENTRO DEMOCRATICO LIBERAL - CDL,0,0,Ministerio del Interior / portal oficial de datos abiertos,PRIMARY_OFFICIAL
2008,2008-03-09,43 - Tarragona,CENTRO DEMOCRATICO SOCIAL - C.D.S.,0,0,Ministerio del Interior / portal oficial de datos abiertos,PRIMARY_OFFICIAL
2008,2008-03-09,43 - Tarragona,CENTRO DEMOCRATICO Y SOCIAL - CDS,0,0,Ministerio del Interior / portal oficial de datos abiertos,PRIMARY_OFFICIAL
2008,2008-03-09,43 - Tarragona,CHUNTA ARAGONESISTA - CHA,0,0,Ministerio del Interior / portal oficial de datos abiertos,PRIMARY_OFFICIAL
2008,2008-03-09,43 - Tarragona,CIUDADANOS EN BLANCO - CENB,0,0,Ministerio del Interior / portal oficial de datos abiertos,PRIMARY_OFFICIAL
2008,2008-03-09,43 - Tarragona,CIUDADANOS EN BLANCO - CNB,0,0,Ministerio del Interior / portal oficial de datos abiertos,PRIMARY_OFFICIAL
2008,2008-03-09,43 - Tarragona,CIUDADANOS EN BLANCO - CenB,0,0,Ministerio del Interior / portal oficial de datos abiertos,PRIMARY_OFFICIAL
2008,2008-03-09,43 - Tarragona,CIUDADANOS EN BLANCO - Cenb,0,0,Ministerio del Interior / portal oficial de datos abiertos,PRIMARY_OFFICIAL
2008,2008-03-09,43 - Tarragona,CIUDADANOS PARTIDO DE LA CIUDADANIA - C's,0,0,Ministerio del Interior / portal oficial de datos abiertos,PRIMARY_OFFICIAL
2008,2008-03-09,43 - Tarragona,CIUDADANOS-PARTIDO DE LA CIUDADANIA - C's,1862,0,Ministerio del Interior / portal oficial de datos abiertos,PRIMARY_OFFICIAL
2008,2008-03-09,43 - Tarragona,"CIUDADANOS-PARTIDO DE LA CIUDADANIA - C,S",0,0,Ministerio del Interior / portal oficial de datos abiertos,PRIMARY_OFFICIAL
2008,2008-03-09,43 - Tarragona,CIUTADANS-PARTIDO DE LA CIUDADANIA - C's,0,0,Ministerio del Interior / portal oficial de datos abiertos,PRIMARY_OFFICIAL
2008,2008-03-09,43 - Tarragona,COALICIO TREBALLADORS PER LA DEMOCRACIA - TD,0,0,Ministerio del Interior / portal oficial de datos abiertos,PRIMARY_OFFICIAL
2008,2008-03-09,43 - Tarragona,COALICIO VALENCIANA - CVa,0,0,Ministerio del Interior / portal oficial de datos abiertos,PRIMARY_OFFICIAL
2008,2008-03-09,43 - Tarragona,COALICION ANDALUCISTA - CA,0,0,Ministerio del Interior / portal oficial de datos abiertos,PRIMARY_OFFICIAL
2008,2008-03-09,43 - Tarragona,COALICION CANARIA-PARTIDO NACIONALISTA CANARIO - CC-PNC,0,0,Ministerio del Interior / portal oficial de datos abiertos,PRIMARY_OFFICIAL
2008,2008-03-09,43 - Tarragona,COALICION CANARIA-PARTIDO NACIONALISTA CANARIO-PARTIDO DE INDEPENDIENTES DE LANZAROTE - CC-PNC-PIL,0,0,Ministerio del Interior / portal oficial de datos abiertos,PRIMARY_OFFICIAL
2008,2008-03-09,43 - Tarragona,COMUNION TRADICIONALISTA CARLISTA - C.T.C.,0,0,Ministerio del Interior / portal oficial de datos abiertos,PRIMARY_OFFICIAL
2008,2008-03-09,43 - Tarragona,COMUNION TRADICIONALISTA CARLISTA - CTC,0,0,Ministerio del Interior / portal oficial de datos abiertos,PRIMARY_OFFICIAL
2008,2008-03-09,43 - Tarragona,CONVERGENCIA DEMOCRATICA ASTURIANA - CDAS,0,0,Ministerio del Interior / portal oficial de datos abiertos,PRIMARY_OFFICIAL
2008,2008-03-09,43 - Tarragona,CONVERGENCIA I UNIO - CIU,0,0,Ministerio del Interior / portal oficial de datos abiertos,PRIMARY_OFFICIAL
2008,2008-03-09,43 - Tarragona,CONVERGENCIA I UNIO - CiU,79601,1,Ministerio del Interior / portal oficial de datos abiertos,PRIMARY_OFFICIAL
2008,2008-03-09,43 - Tarragona,DEMOCRACIA NACIONAL - D.N.,0,0,Ministerio del Interior / portal oficial de datos abiertos,PRIMARY_OFFICIAL
2008,2008-03-09,43 - Tarragona,DEMOCRACIA NACIONAL - DN,153,0,Ministerio del Interior / portal oficial de datos abiertos,PRIMARY_OFFICIAL
2008,2008-03-09,43 - Tarragona,EI ESCONS INSUBMISOS-ALTERNATIVA DELS DEMOCRATES DESCONTENTS - Ei,420,0,Ministerio del Interior / portal oficial de datos abiertos,PRIMARY_OFFICIAL
2008,2008-03-09,43 - Tarragona,ELS VERDS - L'ALTERNATIVA ECOLOGISTA - EV-AE,0,0,Ministerio del Interior / portal oficial de datos abiertos,PRIMARY_OFFICIAL
2008,2008-03-09,43 - Tarragona,ELS VERDS-ALTERNATIVA VERDA - E.V.-A.V.,0,0,Ministerio del Interior / portal oficial de datos abiertos,PRIMARY_OFFICIAL
2008,2008-03-09,43 - Tarragona,ELS VERDS-LOS VERDES - EV-LV,0,0,Ministerio del Interior / portal oficial de datos abiertos,PRIMARY_OFFICIAL
2008,2008-03-09,43 - Tarragona,ESCONS INSUBMISOS ALTERNATIVA DELS DEMOCRATES DESCONTENTS - EI-ADD,0,0,Ministerio del Interior / portal oficial de datos abiertos,PRIMARY_OFFICIAL
2008,2008-03-09,43 - Tarragona,ESCONS INSUBMISOS-ALTERNATIVA DELS DEMOCRATES DESCONTENTS - Ei,0,0,Ministerio del Interior / portal oficial de datos abiertos,PRIMARY_OFFICIAL
2008,2008-03-09,43 - Tarragona,ESPAÑA 2000 - E-2000,101,0,Ministerio del Interior / portal oficial de datos abiertos,PRIMARY_OFFICIAL
2008,2008-03-09,43 - Tarragona,ESPAÑA-2000 - E-2000,0,0,Ministerio del Interior / portal oficial de datos abiertos,PRIMARY_OFFICIAL
2008,2008-03-09,43 - Tarragona,ESQUERDA UNIDA-IZQUIERDA UNIDA-ALTERNATIVA - EU-IU,0,0,Ministerio del Interior / portal oficial de datos abiertos,PRIMARY_OFFICIAL
2008,2008-03-09,43 - Tarragona,ESQUERRA REPUBLICANA DE CATALUNYA - ESQUERRA,0,0,Ministerio del Interior / portal oficial de datos abiertos,PRIMARY_OFFICIAL
2008,2008-03-09,43 - Tarragona,ESQUERRA REPUBLICANA DE CATALUNYA - esquerra,35433,0,Ministerio del Interior / portal oficial de datos abiertos,PRIMARY_OFFICIAL
2008,2008-03-09,43 - Tarragona,ESQUERRA REPUBLICANA DEL PAIS VALENCIA-PAIS VALENCIA SI - ESQUERRA-PV,0,0,Ministerio del Interior / portal oficial de datos abiertos,PRIMARY_OFFICIAL
2008,2008-03-09,43 - Tarragona,"ESQUERRA REPUBLICANA DEL PAIS VALENCIA-PAIS VALENCIA, SI - ESQUERRA-PV",0,0,Ministerio del Interior / portal oficial de datos abiertos,PRIMARY_OFFICIAL
2008,2008-03-09,43 - Tarragona,ESQUERRA UNIDA - ELS VERDS - EU-EV,0,0,Ministerio del Interior / portal oficial de datos abiertos,PRIMARY_OFFICIAL
2008,2008-03-09,43 - Tarragona,ESQUERRA UNIDA DEL PAIS VALENCIA-IZQUIERDA REPUBLICANA: ESQUERRA UNIDA I REPUBLICANA - EUPV-IR,0,0,Ministerio del Interior / portal oficial de datos abiertos,PRIMARY_OFFICIAL
2008,2008-03-09,43 - Tarragona,ESQUERRA UNIDA DEL PAIS VALENCIA-IZQUIERDA REPUBLICANA:ESQUERRA UNIDA I REPUBLICANA - EUPV-IR,0,0,Ministerio del Interior / portal oficial de datos abiertos,PRIMARY_OFFICIAL
2008,2008-03-09,43 - Tarragona,EUSKO ALKARTASUNA - EA,0,0,Ministerio del Interior / portal oficial de datos abiertos,PRIMARY_OFFICIAL
2008,2008-03-09,43 - Tarragona,EUZKO ALDERDI JELTZALEA-PARTIDO NACIONALISTA VASCO - EAJ-PNV,0,0,Ministerio del Interior / portal oficial de datos abiertos,PRIMARY_OFFICIAL
2008,2008-03-09,43 - Tarragona,EXTREMADURA UNIDA - EXTREMADURA UNIDA,0,0,Ministerio del Interior / portal oficial de datos abiertos,PRIMARY_OFFICIAL
2008,2008-03-09,43 - Tarragona,EZKER BATUA-BERDEAK-ALTERNATIVA - EB-B,0,0,Ministerio del Interior / portal oficial de datos abiertos,PRIMARY_OFFICIAL
2008,2008-03-09,43 - Tarragona,FALANGE AUTENTICA - F.A.,77,0,Ministerio del Interior / portal oficial de datos abiertos,PRIMARY_OFFICIAL
2008,2008-03-09,43 - Tarragona,FALANGE AUTENTICA - FA,0,0,Ministerio del Interior / portal oficial de datos abiertos,PRIMARY_OFFICIAL
2008,2008-03-09,43 - Tarragona,FALANGE ESPAÑOLA DE LA JONS - FE de las JONS,0,0,Ministerio del Interior / portal oficial de datos abiertos,PRIMARY_OFFICIAL
2008,2008-03-09,43 - Tarragona,FALANGE ESPAÑOLA DE LAS J.O.N.S. - F.E. de las J.O.N.S.,0,0,Ministerio del Interior / portal oficial de datos abiertos,PRIMARY_OFFICIAL
2008,2008-03-09,43 - Tarragona,FALANGE ESPAÑOLA DE LAS J.O.N.S. - FE de las JONS,0,0,Ministerio del Interior / portal oficial de datos abiertos,PRIMARY_OFFICIAL
2008,2008-03-09,43 - Tarragona,FALANGE ESPAÑOLA DE LAS J.O.N.S. - FE-JONS,0,0,Ministerio del Interior / portal oficial de datos abiertos,PRIMARY_OFFICIAL
2008,2008-03-09,43 - Tarragona,FALANGE ESPAÑOLA DE LAS JONS - F.E. de las J.O.N.S.,0,0,Ministerio del Interior / portal oficial de datos abiertos,PRIMARY_OFFICIAL
2008,2008-03-09,43 - Tarragona,FALANGE ESPAÑOLA DE LAS JONS - FE DE LAS JONS,0,0,Ministerio del Interior / portal oficial de datos abiertos,PRIMARY_OFFICIAL
2008,2008-03-09,43 - Tarragona,FALANGE ESPAÑOLA DE LAS JONS - FE de las JONS,215,0,Ministerio del Interior / portal oficial de datos abiertos,PRIMARY_OFFICIAL
2008,2008-03-09,43 - Tarragona,FALANGE ESPAÑOLA DE LAS JONS - FE-JONS,0,0,Ministerio del Interior / portal oficial de datos abiertos,PRIMARY_OFFICIAL
2008,2008-03-09,43 - Tarragona,FAMILIA I VIDA - PFiV,0,0,Ministerio del Interior / portal oficial de datos abiertos,PRIMARY_OFFICIAL
2008,2008-03-09,43 - Tarragona,FAMILIA Y VIDA - PFyV,135,0,Ministerio del Interior / portal oficial de datos abiertos,PRIMARY_OFFICIAL
2008,2008-03-09,43 - Tarragona,FRENTE ESPAÑOL - F.E,0,0,Ministerio del Interior / portal oficial de datos abiertos,PRIMARY_OFFICIAL
2008,2008-03-09,43 - Tarragona,FRENTE ESPAÑOL - F.E.,0,0,Ministerio del Interior / portal oficial de datos abiertos,PRIMARY_OFFICIAL
2008,2008-03-09,43 - Tarragona,FRENTE ESPAÑOL - FRENTE,0,0,Ministerio del Interior / portal oficial de datos abiertos,PRIMARY_OFFICIAL
2008,2008-03-09,43 - Tarragona,GENTES DE EL BIERZO - PB-UB,0,0,Ministerio del Interior / portal oficial de datos abiertos,PRIMARY_OFFICIAL
2008,2008-03-09,43 - Tarragona,IDENTITAT REGNE DE VALENCIA - IRV,0,0,Ministerio del Interior / portal oficial de datos abiertos,PRIMARY_OFFICIAL
2008,2008-03-09,43 - Tarragona,INDEPENDIENTES POR CUENCA - ixC,0,0,Ministerio del Interior / portal oficial de datos abiertos,PRIMARY_OFFICIAL
2008,2008-03-09,43 - Tarragona,INICIATIVA CIUDADANA BURGALESA - I.C.Bur,0,0,Ministerio del Interior / portal oficial de datos abiertos,PRIMARY_OFFICIAL
2008,2008-03-09,43 - Tarragona,INICIATIVA MERINDADES DE CASTILLA - I.M.C.,0,0,Ministerio del Interior / portal oficial de datos abiertos,PRIMARY_OFFICIAL
2008,2008-03-09,43 - Tarragona,INICIATIVA PER CATALUNYA VERDS - ESQUERRA UNIDA I ALTERNATIVA - ICV-EUiA,0,0,Ministerio del Interior / portal oficial de datos abiertos,PRIMARY_OFFICIAL
2008,2008-03-09,43 - Tarragona,INICIATIVA PER CATALUNYA VERDS-ESQUERRA UNIDA I ALTERNATIVA - ICV-EUiA,11448,0,Ministerio del Interior / portal oficial de datos abiertos,PRIMARY_OFFICIAL
2008,2008-03-09,43 - Tarragona,IZQUIERDA REPUBLICANA - IR,0,0,Ministerio del Interior / portal oficial de datos abiertos,PRIMARY_OFFICIAL
2008,2008-03-09,43 - Tarragona,IZQUIERDA REPUBLICANA-PARTIT REPUBLICA D'ESQUERRA - IR-PRE,0,0,Ministerio del Interior / portal oficial de datos abiertos,PRIMARY_OFFICIAL
2008,2008-03-09,43 - Tarragona,IZQUIERDA UNIDA - BLOQUE POR ASTURIES - LOS VERDES - IU-B.A-LOS VERDES,0,0,Ministerio del Interior / portal oficial de datos abiertos,PRIMARY_OFFICIAL
2008,2008-03-09,43 - Tarragona,IZQUIERDA UNIDA CANARIA-ALTERNATIVA - IUC,0,0,Ministerio del Interior / portal oficial de datos abiertos,PRIMARY_OFFICIAL
2008,2008-03-09,43 - Tarragona,IZQUIERDA UNIDA COMUNIDAD DE MADRID-ALTERNATIVA - IU-CM.,0,0,Ministerio del Interior / portal oficial de datos abiertos,PRIMARY_OFFICIAL
2008,2008-03-09,43 - Tarragona,IZQUIERDA UNIDA DE CEUTA - I.U.,0,0,Ministerio del Interior / portal oficial de datos abiertos,PRIMARY_OFFICIAL
2008,2008-03-09,43 - Tarragona,IZQUIERDA UNIDA DE LA REGION DE MURCIA-ALTERNATIVA - I.U.R.M.,0,0,Ministerio del Interior / portal oficial de datos abiertos,PRIMARY_OFFICIAL
2008,2008-03-09,43 - Tarragona,IZQUIERDA UNIDA DE NAVARRA - NAFARROAKO EZKER BATUA - ALTERNATIVA - IUN-NEB,0,0,Ministerio del Interior / portal oficial de datos abiertos,PRIMARY_OFFICIAL
2008,2008-03-09,43 - Tarragona,IZQUIERDA UNIDA LOS VERDES CONVOCATORIA POR ANDALUCIA-ALTERNATIVA - IULV-CA,0,0,Ministerio del Interior / portal oficial de datos abiertos,PRIMARY_OFFICIAL
2008,2008-03-09,43 - Tarragona,IZQUIERDA UNIDA LOS VERDES-CONVOCATORIA POR ANDALUCIA - ALTERNATIVA - IULV-CA,0,0,Ministerio del Interior / portal oficial de datos abiertos,PRIMARY_OFFICIAL
2008,2008-03-09,43 - Tarragona,IZQUIERDA UNIDA LOS VERDES-CONVOCATORIA POR ANDALUCIA-ALTERNATIVA - IULV-CA,0,0,Ministerio del Interior / portal oficial de datos abiertos,PRIMARY_OFFICIAL
2008,2008-03-09,43 - Tarragona,IZQUIERDA UNIDA-ALTERNATIVA - I.U.,0,0,Ministerio del Interior / portal oficial de datos abiertos,PRIMARY_OFFICIAL
2008,2008-03-09,43 - Tarragona,IZQUIERDA UNIDA-ALTERNATIVA - IU,0,0,Ministerio del Interior / portal oficial de datos abiertos,PRIMARY_OFFICIAL
2008,2008-03-09,43 - Tarragona,LLUITA INTERNACIONALISTA - (LI(LIT-CI)),70,0,Ministerio del Interior / portal oficial de datos abiertos,PRIMARY_OFFICIAL
2008,2008-03-09,43 - Tarragona,LLUITA INTERNACIONALISTA - L.I.(LIT-CI),0,0,Ministerio del Interior / portal oficial de datos abiertos,PRIMARY_OFFICIAL
2008,2008-03-09,43 - Tarragona,LLUITA INTERNACIONALISTA - LI-LITCI,0,0,Ministerio del Interior / portal oficial de datos abiertos,PRIMARY_OFFICIAL
2008,2008-03-09,43 - Tarragona,LOS VERDES - LOS VERDES,0,0,Ministerio del Interior / portal oficial de datos abiertos,PRIMARY_OFFICIAL
2008,2008-03-09,43 - Tarragona,LOS VERDES - LV,0,0,Ministerio del Interior / portal oficial de datos abiertos,PRIMARY_OFFICIAL
2008,2008-03-09,43 - Tarragona,LOS VERDES - VERDES,0,0,Ministerio del Interior / portal oficial de datos abiertos,PRIMARY_OFFICIAL
2008,2008-03-09,43 - Tarragona,LOS VERDES COMUNIDAD DE MADRID-LOS VERDES DE EUROPA - LVCM-LVE,0,0,Ministerio del Interior / portal oficial de datos abiertos,PRIMARY_OFFICIAL
2008,2008-03-09,43 - Tarragona,LOS VERDES DE EUROPA - LOS VERDES DE EUROPA,0,0,Ministerio del Interior / portal oficial de datos abiertos,PRIMARY_OFFICIAL
2008,2008-03-09,43 - Tarragona,LOS VERDES DE EUROPA - LVE,0,0,Ministerio del Interior / portal oficial de datos abiertos,PRIMARY_OFFICIAL
2008,2008-03-09,43 - Tarragona,LOS VERDES DE EXTREMADURA - LV,0,0,Ministerio del Interior / portal oficial de datos abiertos,PRIMARY_OFFICIAL
2008,2008-03-09,43 - Tarragona,LOS VERDES-ELS VERDS - LV-EV,0,0,Ministerio del Interior / portal oficial de datos abiertos,PRIMARY_OFFICIAL
2008,2008-03-09,43 - Tarragona,LOS VERDES-GRUPO VERDE - L.V.,0,0,Ministerio del Interior / portal oficial de datos abiertos,PRIMARY_OFFICIAL
2008,2008-03-09,43 - Tarragona,LOS VERDES-GRUPO VERDE - LV,0,0,Ministerio del Interior / portal oficial de datos abiertos,PRIMARY_OFFICIAL
2008,2008-03-09,43 - Tarragona,LOS VERDES-GRUPO VERDE - LV-GV,0,0,Ministerio del Interior / portal oficial de datos abiertos,PRIMARY_OFFICIAL
2008,2008-03-09,43 - Tarragona,LUCHA INTERNACIONALISTA - LI-LITCI,0,0,Ministerio del Interior / portal oficial de datos abiertos,PRIMARY_OFFICIAL
2008,2008-03-09,43 - Tarragona,MOVIMIENTO FALANGISTA DE ESPAÑA - M.F.E.,0,0,Ministerio del Interior / portal oficial de datos abiertos,PRIMARY_OFFICIAL
2008,2008-03-09,43 - Tarragona,MOVIMIENTO POR LA UNIDAD DEL PUEBLO CANARIO - MUPC,0,0,Ministerio del Interior / portal oficial de datos abiertos,PRIMARY_OFFICIAL
2008,2008-03-09,43 - Tarragona,NAFARROA BAI - NA-BAI,0,0,Ministerio del Interior / portal oficial de datos abiertos,PRIMARY_OFFICIAL
2008,2008-03-09,43 - Tarragona,NOSALTRES SOM - N som,105,0,Ministerio del Interior / portal oficial de datos abiertos,PRIMARY_OFFICIAL
2008,2008-03-09,43 - Tarragona,NUEVA CANARIAS-CENTRO CANARIO - NC-CCN,0,0,Ministerio del Interior / portal oficial de datos abiertos,PRIMARY_OFFICIAL
2008,2008-03-09,43 - Tarragona,OPCIO NACIONALISTA VALENCIANA - O.N.V.,0,0,Ministerio del Interior / portal oficial de datos abiertos,PRIMARY_OFFICIAL
2008,2008-03-09,43 - Tarragona,OPCIO NACIONALISTA VALENCIANA - ONV,0,0,Ministerio del Interior / portal oficial de datos abiertos,PRIMARY_OFFICIAL
2008,2008-03-09,43 - Tarragona,OS VERDES - GRUPO VERDE - OV,0,0,Ministerio del Interior / portal oficial de datos abiertos,PRIMARY_OFFICIAL
2008,2008-03-09,43 - Tarragona,PARTIDO ALTERNATIVA MOTOR Y DEPORTES - A.M.D.,0,0,Ministerio del Interior / portal oficial de datos abiertos,PRIMARY_OFFICIAL
2008,2008-03-09,43 - Tarragona,PARTIDO ANTITAURINO CONTRA EL MALTRATO ANIMAL - P.A.C.M.A,0,0,Ministerio del Interior / portal oficial de datos abiertos,PRIMARY_OFFICIAL
2008,2008-03-09,43 - Tarragona,PARTIDO ANTITAURINO CONTRA EL MALTRATO ANIMAL - P.A.C.M.A.,0,0,Ministerio del Interior / portal oficial de datos abiertos,PRIMARY_OFFICIAL
2008,2008-03-09,43 - Tarragona,PARTIDO ANTITAURINO CONTRA EL MALTRATO ANIMAL - PACMA,0,0,Ministerio del Interior / portal oficial de datos abiertos,PRIMARY_OFFICIAL
2008,2008-03-09,43 - Tarragona,PARTIDO ARAGONES - PAR,0,0,Ministerio del Interior / portal oficial de datos abiertos,PRIMARY_OFFICIAL
2008,2008-03-09,43 - Tarragona,PARTIDO CARLISTA - P.C.,0,0,Ministerio del Interior / portal oficial de datos abiertos,PRIMARY_OFFICIAL
2008,2008-03-09,43 - Tarragona,PARTIDO CARLISTA - PARTIDO CARLISTA,0,0,Ministerio del Interior / portal oficial de datos abiertos,PRIMARY_OFFICIAL
2008,2008-03-09,43 - Tarragona,PARTIDO CARLISTA - PC,0,0,Ministerio del Interior / portal oficial de datos abiertos,PRIMARY_OFFICIAL
2008,2008-03-09,43 - Tarragona,PARTIDO CARLISTA DE EUSKALERRIA-PARTIDO CARLISTA - EKA-PC.,0,0,Ministerio del Interior / portal oficial de datos abiertos,PRIMARY_OFFICIAL
2008,2008-03-09,43 - Tarragona,PARTIDO CARLISTA DE EUSKALHERRIA-EUSKALHERRIKO KARLISTA ALDERDIA - PARTIDO CARLISTA-EKA,0,0,Ministerio del Interior / portal oficial de datos abiertos,PRIMARY_OFFICIAL
2008,2008-03-09,43 - Tarragona,PARTIDO CENTRISTA - PCTR,0,0,Ministerio del Interior / portal oficial de datos abiertos,PRIMARY_OFFICIAL
2008,2008-03-09,43 - Tarragona,PARTIDO CENTRISTAS - Centristas PCTR,0,0,Ministerio del Interior / portal oficial de datos abiertos,PRIMARY_OFFICIAL
2008,2008-03-09,43 - Tarragona,PARTIDO CENTRISTAS - PCTR,0,0,Ministerio del Interior / portal oficial de datos abiertos,PRIMARY_OFFICIAL
2008,2008-03-09,43 - Tarragona,PARTIDO CIUDADANOS UNIDOS DE ARAGON - pCUA,0,0,Ministerio del Interior / portal oficial de datos abiertos,PRIMARY_OFFICIAL
2008,2008-03-09,43 - Tarragona,PARTIDO COMUNISTA DE LOS PUEBLOS DE ESPAÑA - P.C.P.E.,0,0,Ministerio del Interior / portal oficial de datos abiertos,PRIMARY_OFFICIAL
2008,2008-03-09,43 - Tarragona,PARTIDO COMUNISTA DE LOS PUEBLOS DE ESPAÑA - P.C.P.E.-E.K.,0,0,Ministerio del Interior / portal oficial de datos abiertos,PRIMARY_OFFICIAL
2008,2008-03-09,43 - Tarragona,PARTIDO COMUNISTA DE LOS PUEBLOS DE ESPAÑA - PCPE,0,0,Ministerio del Interior / portal oficial de datos abiertos,PRIMARY_OFFICIAL
2008,2008-03-09,43 - Tarragona,PARTIDO COMUNISTA DE LOS PUEBLOS DE ESPAÑA-EUSKAL KOMUNISTAK - PCPE - EK,0,0,Ministerio del Interior / portal oficial de datos abiertos,PRIMARY_OFFICIAL
2008,2008-03-09,43 - Tarragona,PARTIDO COMUNISTA DEL PUEBLO CANARIO - PCPE,0,0,Ministerio del Interior / portal oficial de datos abiertos,PRIMARY_OFFICIAL
2008,2008-03-09,43 - Tarragona,PARTIDO COMUNISTA DEL PUEBLO CASTELLANO - PCPE,0,0,Ministerio del Interior / portal oficial de datos abiertos,PRIMARY_OFFICIAL
2008,2008-03-09,43 - Tarragona,PARTIDO COMUNISTA DEL PUEBLO CASTELLANO-PCPE - PCPE,0,0,Ministerio del Interior / portal oficial de datos abiertos,PRIMARY_OFFICIAL
2008,2008-03-09,43 - Tarragona,PARTIDO COMUNISTA DEL PUEBLO DE CATALUNYA - PCPC,0,0,Ministerio del Interior / portal oficial de datos abiertos,PRIMARY_OFFICIAL
2008,2008-03-09,43 - Tarragona,PARTIDO COMUNISTA DEL PUEBLO DE CATALUÑA - PCPC,528,0,Ministerio del Interior / portal oficial de datos abiertos,PRIMARY_OFFICIAL
2008,2008-03-09,43 - Tarragona,PARTIDO COMUNISTA DO POBO GALEGO - PCPG,0,0,Ministerio del Interior / portal oficial de datos abiertos,PRIMARY_OFFICIAL
2008,2008-03-09,43 - Tarragona,PARTIDO COMUNISTA DO POVO GALEGO - P.C.P.G.,0,0,Ministerio del Interior / portal oficial de datos abiertos,PRIMARY_OFFICIAL
2008,2008-03-09,43 - Tarragona,PARTIDO COMUNISTA PUEBLOS DE ESPAÑA - PCPE,0,0,Ministerio del Interior / portal oficial de datos abiertos,PRIMARY_OFFICIAL
2008,2008-03-09,43 - Tarragona,PARTIDO DE ALIANZA IBEROAMERICANA EUROPEA - PAIE,0,0,Ministerio del Interior / portal oficial de datos abiertos,PRIMARY_OFFICIAL
2008,2008-03-09,43 - Tarragona,PARTIDO DE ALMERIA - PdeAL,0,0,Ministerio del Interior / portal oficial de datos abiertos,PRIMARY_OFFICIAL
2008,2008-03-09,43 - Tarragona,PARTIDO DE LAS LIBERTADES CIVILES - PLCI,0,0,Ministerio del Interior / portal oficial de datos abiertos,PRIMARY_OFFICIAL
2008,2008-03-09,43 - Tarragona,PARTIDO DE LOS NO-FUMADORES - PNF (NO-FUMADORES),0,0,Ministerio del Interior / portal oficial de datos abiertos,PRIMARY_OFFICIAL
2008,2008-03-09,43 - Tarragona,PARTIDO DE LOS PENSIONISTAS EN ACCION - PDLPEA,0,0,Ministerio del Interior / portal oficial de datos abiertos,PRIMARY_OFFICIAL
2008,2008-03-09,43 - Tarragona,PARTIDO DOS SOCIALISTAS DE GALICIA-PARTIDO SOCIALISTA OBRERO ESPAÑOL - PSdeG-PSOE,0,0,Ministerio del Interior / portal oficial de datos abiertos,PRIMARY_OFFICIAL
2008,2008-03-09,43 - Tarragona,PARTIDO DOS SOCIALISTAS DE GALICIA-PSOE - PSdeG-PSOE,0,0,Ministerio del Interior / portal oficial de datos abiertos,PRIMARY_OFFICIAL
2008,2008-03-09,43 - Tarragona,PARTIDO FAMILIA Y VIDA - PFyV,0,0,Ministerio del Interior / portal oficial de datos abiertos,PRIMARY_OFFICIAL
2008,2008-03-09,43 - Tarragona,PARTIDO HACHE - PHache,0,0,Ministerio del Interior / portal oficial de datos abiertos,PRIMARY_OFFICIAL
2008,2008-03-09,43 - Tarragona,PARTIDO HUMANISTA - P.H.,0,0,Ministerio del Interior / portal oficial de datos abiertos,PRIMARY_OFFICIAL
2008,2008-03-09,43 - Tarragona,PARTIDO HUMANISTA - PH,126,0,Ministerio del Interior / portal oficial de datos abiertos,PRIMARY_OFFICIAL
2008,2008-03-09,43 - Tarragona,PARTIDO IZQUIERDA REPUBLICANA-PARTIT REPUBLICA D'ESQUERRA - IR-PRE,235,0,Ministerio del Interior / portal oficial de datos abiertos,PRIMARY_OFFICIAL
2008,2008-03-09,43 - Tarragona,PARTIDO LIBERAL DEL EMPLEO Y LA VIVIENDA ESTATAL - P.L.E.V.E.,0,0,Ministerio del Interior / portal oficial de datos abiertos,PRIMARY_OFFICIAL
2008,2008-03-09,43 - Tarragona,PARTIDO LIBERTADES CIVILES - PLCI,0,0,Ministerio del Interior / portal oficial de datos abiertos,PRIMARY_OFFICIAL
2008,2008-03-09,43 - Tarragona,PARTIDO OBRERO SOCIALISTA INTERNACIONALISTA - P.O.S.I.,0,0,Ministerio del Interior / portal oficial de datos abiertos,PRIMARY_OFFICIAL
2008,2008-03-09,43 - Tarragona,PARTIDO OBRERO SOCIALISTA INTERNACIONALISTA - POSI,0,0,Ministerio del Interior / portal oficial de datos abiertos,PRIMARY_OFFICIAL
2008,2008-03-09,43 - Tarragona,PARTIDO POLITICO ARALAR - aralar,0,0,Ministerio del Interior / portal oficial de datos abiertos,PRIMARY_OFFICIAL
2008,2008-03-09,43 - Tarragona,PARTIDO POPULAR - P.P.,0,0,Ministerio del Interior / portal oficial de datos abiertos,PRIMARY_OFFICIAL
2008,2008-03-09,43 - Tarragona,PARTIDO POPULAR - PP,0,0,Ministerio del Interior / portal oficial de datos abiertos,PRIMARY_OFFICIAL
2008,2008-03-09,43 - Tarragona,PARTIDO POPULAR/PARTIT POPULAR - PP,66945,1,Ministerio del Interior / portal oficial de datos abiertos,PRIMARY_OFFICIAL
2008,2008-03-09,43 - Tarragona,PARTIDO POR UN MUNDO MAS JUSTO - PUM+J,0,0,Ministerio del Interior / portal oficial de datos abiertos,PRIMARY_OFFICIAL
2008,2008-03-09,43 - Tarragona,PARTIDO POSITIVISTA CRISTIANO - PPCr,0,0,Ministerio del Interior / portal oficial de datos abiertos,PRIMARY_OFFICIAL
2008,2008-03-09,43 - Tarragona,PARTIDO REGIONALISTA DE GUADALAJARA - P.R.GU.,0,0,Ministerio del Interior / portal oficial de datos abiertos,PRIMARY_OFFICIAL
2008,2008-03-09,43 - Tarragona,PARTIDO REGIONALISTA DEL PAIS LEONES - PREPAL,0,0,Ministerio del Interior / portal oficial de datos abiertos,PRIMARY_OFFICIAL
2008,2008-03-09,43 - Tarragona,PARTIDO RIOJANO - PARTIDO RIOJANO,0,0,Ministerio del Interior / portal oficial de datos abiertos,PRIMARY_OFFICIAL
2008,2008-03-09,43 - Tarragona,PARTIDO SOCIAL DEMOCRATA - P.S.D.,0,0,Ministerio del Interior / portal oficial de datos abiertos,PRIMARY_OFFICIAL
2008,2008-03-09,43 - Tarragona,PARTIDO SOCIAL DEMOCRATA - PSD,717,0,Ministerio del Interior / portal oficial de datos abiertos,PRIMARY_OFFICIAL
2008,2008-03-09,43 - Tarragona,PARTIDO SOCIAL DEMOCRATA-FEDERACION DE LOS INDEPENDIENTES DE ARAGON - PSD-FIA,0,0,Ministerio del Interior / portal oficial de datos abiertos,PRIMARY_OFFICIAL
2008,2008-03-09,43 - Tarragona,PARTIDO SOCIALISTA DE EUSKADI-EUSKADIKO EZKERRA (PSOE) - PSE-EE (PSOE),0,0,Ministerio del Interior / portal oficial de datos abiertos,PRIMARY_OFFICIAL
2008,2008-03-09,43 - Tarragona,PARTIDO SOCIALISTA DE EUSKADI-EUSKADIKO EZKERRA - PSE-EE (PSOE),0,0,Ministerio del Interior / portal oficial de datos abiertos,PRIMARY_OFFICIAL
2008,2008-03-09,43 - Tarragona,PARTIDO SOCIALISTA OBRERO ESPAÑOL - P.S.O.E.,0,0,Ministerio del Interior / portal oficial de datos abiertos,PRIMARY_OFFICIAL
2008,2008-03-09,43 - Tarragona,PARTIDO SOCIALISTA OBRERO ESPAÑOL - PSOE,0,0,Ministerio del Interior / portal oficial de datos abiertos,PRIMARY_OFFICIAL
2008,2008-03-09,43 - Tarragona,PARTIDO SOCIALISTA OBRERO ESPAÑOL DE ANDALUCIA - PSOE-A,0,0,Ministerio del Interior / portal oficial de datos abiertos,PRIMARY_OFFICIAL
2008,2008-03-09,43 - Tarragona,PARTIDO SOLIDARIDAD Y AUTOGESTION INTERNACIONALISTA - SAIN,0,0,Ministerio del Interior / portal oficial de datos abiertos,PRIMARY_OFFICIAL
2008,2008-03-09,43 - Tarragona,PARTIDO UNIONISTA ESTADO DE ESPAÑA - P.U.E.D.E.,0,0,Ministerio del Interior / portal oficial de datos abiertos,PRIMARY_OFFICIAL
2008,2008-03-09,43 - Tarragona,PARTIDO UNIONISTA ESTADO DE ESPAÑA - PUEDE,0,0,Ministerio del Interior / portal oficial de datos abiertos,PRIMARY_OFFICIAL
2008,2008-03-09,43 - Tarragona,PARTIT ANTITAURI CONTRA EL MALTRACTAMENT ANIMAL - P.A.C.M.A.,0,0,Ministerio del Interior / portal oficial de datos abiertos,PRIMARY_OFFICIAL
2008,2008-03-09,43 - Tarragona,PARTIT ANTITAURI CONTRA EL MALTRACTAMENT ANIMAL - PACMA,1048,0,Ministerio del Interior / portal oficial de datos abiertos,PRIMARY_OFFICIAL
2008,2008-03-09,43 - Tarragona,PARTIT CARLI DE CATALUNYA - P. C. de C.,100,0,Ministerio del Interior / portal oficial de datos abiertos,PRIMARY_OFFICIAL
2008,2008-03-09,43 - Tarragona,PARTIT CARLI DE CATALUNYA - PCaC,0,0,Ministerio del Interior / portal oficial de datos abiertos,PRIMARY_OFFICIAL
2008,2008-03-09,43 - Tarragona,PARTIT COMUNISTA DEL POBLE DE CATALUNYA - P.C.P.C.,0,0,Ministerio del Interior / portal oficial de datos abiertos,PRIMARY_OFFICIAL
2008,2008-03-09,43 - Tarragona,PARTIT COMUNISTA DELS POBLES D'ESPANYA - PCPE,0,0,Ministerio del Interior / portal oficial de datos abiertos,PRIMARY_OFFICIAL
2008,2008-03-09,43 - Tarragona,PARTIT DELS SOCIALISTES DE CATALUNYA - PSC (PSC-PSOE),0,0,Ministerio del Interior / portal oficial de datos abiertos,PRIMARY_OFFICIAL
2008,2008-03-09,43 - Tarragona,PARTIT DELS SOCIALISTES DE CATALUNYA - PSC-PSOE,169246,4,Ministerio del Interior / portal oficial de datos abiertos,PRIMARY_OFFICIAL
2008,2008-03-09,43 - Tarragona,PARTIT FAMILIA I VIDA - PFiV,0,0,Ministerio del Interior / portal oficial de datos abiertos,PRIMARY_OFFICIAL
2008,2008-03-09,43 - Tarragona,PARTIT HUMANISTA - P.H.,0,0,Ministerio del Interior / portal oficial de datos abiertos,PRIMARY_OFFICIAL
2008,2008-03-09,43 - Tarragona,PARTIT HUMANISTA - PH,0,0,Ministerio del Interior / portal oficial de datos abiertos,PRIMARY_OFFICIAL
2008,2008-03-09,43 - Tarragona,PARTIT HUMANISTA DE CATALUNYA - PH,0,0,Ministerio del Interior / portal oficial de datos abiertos,PRIMARY_OFFICIAL
2008,2008-03-09,43 - Tarragona,PARTIT ILLENC DE SES ILLES BALEARS - PIIB,0,0,Ministerio del Interior / portal oficial de datos abiertos,PRIMARY_OFFICIAL
2008,2008-03-09,43 - Tarragona,PARTIT OBRER SOCIALISTA INTERNACIONALISTA - P.O.S.I.,0,0,Ministerio del Interior / portal oficial de datos abiertos,PRIMARY_OFFICIAL
2008,2008-03-09,43 - Tarragona,PARTIT OBRER SOCIALISTA INTERNACIONALISTA - POSI,297,0,Ministerio del Interior / portal oficial de datos abiertos,PRIMARY_OFFICIAL
2008,2008-03-09,43 - Tarragona,PARTIT PER CATALUNYA - PxCat,675,0,Ministerio del Interior / portal oficial de datos abiertos,PRIMARY_OFFICIAL
2008,2008-03-09,43 - Tarragona,PARTIT POPULAR/PARTIDO POPULAR - P.P.,0,0,Ministerio del Interior / portal oficial de datos abiertos,PRIMARY_OFFICIAL
2008,2008-03-09,43 - Tarragona,PARTIT REPUBLICA CATALA - RC,794,0,Ministerio del Interior / portal oficial de datos abiertos,PRIMARY_OFFICIAL
2008,2008-03-09,43 - Tarragona,PER LA REPUBLICA VALENCIANA - PLRV,0,0,Ministerio del Interior / portal oficial de datos abiertos,PRIMARY_OFFICIAL
2008,2008-03-09,43 - Tarragona,PER LA REPUBLICA VALENCIANA - plRV,0,0,Ministerio del Interior / portal oficial de datos abiertos,PRIMARY_OFFICIAL
2008,2008-03-09,43 - Tarragona,POR UN MUNDO MAS JUSTO - PUM+J,469,0,Ministerio del Interior / portal oficial de datos abiertos,PRIMARY_OFFICIAL
2008,2008-03-09,43 - Tarragona,REPRESENTACION CANNABICA NAVARRA - RCN-NOK,0,0,Ministerio del Interior / portal oficial de datos abiertos,PRIMARY_OFFICIAL
2008,2008-03-09,43 - Tarragona,SOLIDARIDAD Y AUTOGESTION INTERNACIONALISTA - SAIN,0,0,Ministerio del Interior / portal oficial de datos abiertos,PRIMARY_OFFICIAL
2008,2008-03-09,43 - Tarragona,SOLIDARIDAD Y AUTOGESTION INTERNACIONALISTA - SAIn,0,0,Ministerio del Interior / portal oficial de datos abiertos,PRIMARY_OFFICIAL
2008,2008-03-09,43 - Tarragona,TIERRA COMUNERA - TC,0,0,Ministerio del Interior / portal oficial de datos abiertos,PRIMARY_OFFICIAL
2008,2008-03-09,43 - Tarragona,UNIDA - UNIDA,0,0,Ministerio del Interior / portal oficial de datos abiertos,PRIMARY_OFFICIAL
2008,2008-03-09,43 - Tarragona,UNIDAD CASTELLANA - Ud. Ca.,0,0,Ministerio del Interior / portal oficial de datos abiertos,PRIMARY_OFFICIAL
2008,2008-03-09,43 - Tarragona,UNIDAD DEL PUEBLO - UNIDAD DEL PUEBLO,0,0,Ministerio del Interior / portal oficial de datos abiertos,PRIMARY_OFFICIAL
2008,2008-03-09,43 - Tarragona,UNIDAD REGIONALISTA DE CASTILLA Y LEON - U.R.C.L.,0,0,Ministerio del Interior / portal oficial de datos abiertos,PRIMARY_OFFICIAL
2008,2008-03-09,43 - Tarragona,UNION CENTRISTA LIBERAL - UCL,0,0,Ministerio del Interior / portal oficial de datos abiertos,PRIMARY_OFFICIAL
2008,2008-03-09,43 - Tarragona,UNION CIUDADANA PROGRESISTAS INDEPENDIENTES DE CANARIAS - UCPIC,0,0,Ministerio del Interior / portal oficial de datos abiertos,PRIMARY_OFFICIAL
2008,2008-03-09,43 - Tarragona,UNION DEL PUEBLO LEONES - UPL,0,0,Ministerio del Interior / portal oficial de datos abiertos,PRIMARY_OFFICIAL
2008,2008-03-09,43 - Tarragona,UNION DEL PUEBLO NAVARRO EN COALICION CON EL PARTIDO POPULAR - UPN-PP,0,0,Ministerio del Interior / portal oficial de datos abiertos,PRIMARY_OFFICIAL
2008,2008-03-09,43 - Tarragona,UNION POR LEGANES - ULEG,0,0,Ministerio del Interior / portal oficial de datos abiertos,PRIMARY_OFFICIAL
2008,2008-03-09,43 - Tarragona,UNION PROGRESO Y DEMOCRACIA - UPD,0,0,Ministerio del Interior / portal oficial de datos abiertos,PRIMARY_OFFICIAL
2008,2008-03-09,43 - Tarragona,UNION PROGRESO Y DEMOCRACIA - UPyD,498,0,Ministerio del Interior / portal oficial de datos abiertos,PRIMARY_OFFICIAL
2008,2008-03-09,43 - Tarragona,"UNION, PROGRESO Y DEMOCRACIA - UPyD",0,0,Ministerio del Interior / portal oficial de datos abiertos,PRIMARY_OFFICIAL
2008,2008-03-09,43 - Tarragona,UNITAT PER LES ILLES - UNITAT PER LES ILLES,0,0,Ministerio del Interior / portal oficial de datos abiertos,PRIMARY_OFFICIAL
2008,2008-03-09,44 - Teruel,AGRUPACION CIUDADANA - AGRUCI,0,0,Ministerio del Interior / portal oficial de datos abiertos,PRIMARY_OFFICIAL
2008,2008-03-09,44 - Teruel,ALIANZA NACIONAL - A.u.N.,0,0,Ministerio del Interior / portal oficial de datos abiertos,PRIMARY_OFFICIAL
2008,2008-03-09,44 - Teruel,ALIANZA NACIONAL - AN,0,0,Ministerio del Interior / portal oficial de datos abiertos,PRIMARY_OFFICIAL
2008,2008-03-09,44 - Teruel,ALIANZA NACIONAL - AUN,0,0,Ministerio del Interior / portal oficial de datos abiertos,PRIMARY_OFFICIAL
2008,2008-03-09,44 - Teruel,ALIANZA NACIONAL - AuN,13,0,Ministerio del Interior / portal oficial de datos abiertos,PRIMARY_OFFICIAL
2008,2008-03-09,44 - Teruel,ALIANZA POR BURGOS - AxB,0,0,Ministerio del Interior / portal oficial de datos abiertos,PRIMARY_OFFICIAL
2008,2008-03-09,44 - Teruel,ALIANÇA BALEAR - ABA,0,0,Ministerio del Interior / portal oficial de datos abiertos,PRIMARY_OFFICIAL
2008,2008-03-09,44 - Teruel,ALTERNATIVA EN BLANCO - ABLA,0,0,Ministerio del Interior / portal oficial de datos abiertos,PRIMARY_OFFICIAL
2008,2008-03-09,44 - Teruel,ALTERNATIVA EN BLANCO - aBla,0,0,Ministerio del Interior / portal oficial de datos abiertos,PRIMARY_OFFICIAL
2008,2008-03-09,44 - Teruel,ALTERNATIVA ESPAÑOLA - AES,21,0,Ministerio del Interior / portal oficial de datos abiertos,PRIMARY_OFFICIAL
2008,2008-03-09,44 - Teruel,ALTERNATIVA MOTOR Y DEPORTE - A.M.D.,0,0,Ministerio del Interior / portal oficial de datos abiertos,PRIMARY_OFFICIAL
2008,2008-03-09,44 - Teruel,ALTERNATIVA MOTOR Y DEPORTES - A.M.D.,0,0,Ministerio del Interior / portal oficial de datos abiertos,PRIMARY_OFFICIAL
2008,2008-03-09,44 - Teruel,ALTERNATIVA MOTOR Y DEPORTES - AMD,0,0,Ministerio del Interior / portal oficial de datos abiertos,PRIMARY_OFFICIAL
2008,2008-03-09,44 - Teruel,ALTERNATIVA NACIONALISTA CANARIA - ANC,0,0,Ministerio del Interior / portal oficial de datos abiertos,PRIMARY_OFFICIAL
2008,2008-03-09,44 - Teruel,ANDECHA ASTUR - AA,0,0,Ministerio del Interior / portal oficial de datos abiertos,PRIMARY_OFFICIAL
2008,2008-03-09,44 - Teruel,ARALAR - aralar,0,0,Ministerio del Interior / portal oficial de datos abiertos,PRIMARY_OFFICIAL
2008,2008-03-09,44 - Teruel,ASAMBLEA DE VOTACION ELECTRONICA - AVE,0,0,Ministerio del Interior / portal oficial de datos abiertos,PRIMARY_OFFICIAL
2008,2008-03-09,44 - Teruel,BERDEAK-LOS VERDES - B-LV,0,0,Ministerio del Interior / portal oficial de datos abiertos,PRIMARY_OFFICIAL
2008,2008-03-09,44 - Teruel,BLOC-INICIATIVA-VERDS - BLOC-IDPV-EV-EE,0,0,Ministerio del Interior / portal oficial de datos abiertos,PRIMARY_OFFICIAL
2008,2008-03-09,44 - Teruel,BLOC-INICIATIVA-VERDS - BLOC-IdPV-EV-EE,0,0,Ministerio del Interior / portal oficial de datos abiertos,PRIMARY_OFFICIAL
2008,2008-03-09,44 - Teruel,BLOQUE NACIONALISTA GALEGO - B.N.G.,0,0,Ministerio del Interior / portal oficial de datos abiertos,PRIMARY_OFFICIAL
2008,2008-03-09,44 - Teruel,BLOQUE NACIONALISTA GALEGO - BNG,0,0,Ministerio del Interior / portal oficial de datos abiertos,PRIMARY_OFFICIAL
2008,2008-03-09,44 - Teruel,CENTRO DEMOCRATICO ESPAÑOL - C.D.Es.,0,0,Ministerio del Interior / portal oficial de datos abiertos,PRIMARY_OFFICIAL
2008,2008-03-09,44 - Teruel,CENTRO DEMOCRATICO ESPAÑOL - CDEs,0,0,Ministerio del Interior / portal oficial de datos abiertos,PRIMARY_OFFICIAL
2008,2008-03-09,44 - Teruel,CENTRO DEMOCRATICO LIBERAL - C.D.L.,0,0,Ministerio del Interior / portal oficial de datos abiertos,PRIMARY_OFFICIAL
2008,2008-03-09,44 - Teruel,CENTRO DEMOCRATICO LIBERAL - CDL,0,0,Ministerio del Interior / portal oficial de datos abiertos,PRIMARY_OFFICIAL
2008,2008-03-09,44 - Teruel,CENTRO DEMOCRATICO SOCIAL - C.D.S.,0,0,Ministerio del Interior / portal oficial de datos abiertos,PRIMARY_OFFICIAL
2008,2008-03-09,44 - Teruel,CENTRO DEMOCRATICO Y SOCIAL - CDS,0,0,Ministerio del Interior / portal oficial de datos abiertos,PRIMARY_OFFICIAL
2008,2008-03-09,44 - Teruel,CHUNTA ARAGONESISTA - CHA,2029,0,Ministerio del Interior / portal oficial de datos abiertos,PRIMARY_OFFICIAL
2008,2008-03-09,44 - Teruel,CIUDADANOS EN BLANCO - CENB,0,0,Ministerio del Interior / portal oficial de datos abiertos,PRIMARY_OFFICIAL
2008,2008-03-09,44 - Teruel,CIUDADANOS EN BLANCO - CNB,0,0,Ministerio del Interior / portal oficial de datos abiertos,PRIMARY_OFFICIAL
2008,2008-03-09,44 - Teruel,CIUDADANOS EN BLANCO - CenB,0,0,Ministerio del Interior / portal oficial de datos abiertos,PRIMARY_OFFICIAL
2008,2008-03-09,44 - Teruel,CIUDADANOS EN BLANCO - Cenb,0,0,Ministerio del Interior / portal oficial de datos abiertos,PRIMARY_OFFICIAL
2008,2008-03-09,44 - Teruel,CIUDADANOS PARTIDO DE LA CIUDADANIA - C's,0,0,Ministerio del Interior / portal oficial de datos abiertos,PRIMARY_OFFICIAL
2008,2008-03-09,44 - Teruel,CIUDADANOS-PARTIDO DE LA CIUDADANIA - C's,113,0,Ministerio del Interior / portal oficial de datos abiertos,PRIMARY_OFFICIAL
2008,2008-03-09,44 - Teruel,"CIUDADANOS-PARTIDO DE LA CIUDADANIA - C,S",0,0,Ministerio del Interior / portal oficial de datos abiertos,PRIMARY_OFFICIAL
2008,2008-03-09,44 - Teruel,CIUTADANS-PARTIDO DE LA CIUDADANIA - C's,0,0,Ministerio del Interior / portal oficial de datos abiertos,PRIMARY_OFFICIAL
2008,2008-03-09,44 - Teruel,COALICIO TREBALLADORS PER LA DEMOCRACIA - TD,0,0,Ministerio del Interior / portal oficial de datos abiertos,PRIMARY_OFFICIAL
2008,2008-03-09,44 - Teruel,COALICIO VALENCIANA - CVa,0,0,Ministerio del Interior / portal oficial de datos abiertos,PRIMARY_OFFICIAL
2008,2008-03-09,44 - Teruel,COALICION ANDALUCISTA - CA,0,0,Ministerio del Interior / portal oficial de datos abiertos,PRIMARY_OFFICIAL
2008,2008-03-09,44 - Teruel,COALICION CANARIA-PARTIDO NACIONALISTA CANARIO - CC-PNC,0,0,Ministerio del Interior / portal oficial de datos abiertos,PRIMARY_OFFICIAL
2008,2008-03-09,44 - Teruel,COALICION CANARIA-PARTIDO NACIONALISTA CANARIO-PARTIDO DE INDEPENDIENTES DE LANZAROTE - CC-PNC-PIL,0,0,Ministerio del Interior / portal oficial de datos abiertos,PRIMARY_OFFICIAL
2008,2008-03-09,44 - Teruel,COMUNION TRADICIONALISTA CARLISTA - C.T.C.,0,0,Ministerio del Interior / portal oficial de datos abiertos,PRIMARY_OFFICIAL
2008,2008-03-09,44 - Teruel,COMUNION TRADICIONALISTA CARLISTA - CTC,0,0,Ministerio del Interior / portal oficial de datos abiertos,PRIMARY_OFFICIAL
2008,2008-03-09,44 - Teruel,CONVERGENCIA DEMOCRATICA ASTURIANA - CDAS,0,0,Ministerio del Interior / portal oficial de datos abiertos,PRIMARY_OFFICIAL
2008,2008-03-09,44 - Teruel,CONVERGENCIA I UNIO - CIU,0,0,Ministerio del Interior / portal oficial de datos abiertos,PRIMARY_OFFICIAL
2008,2008-03-09,44 - Teruel,CONVERGENCIA I UNIO - CiU,0,0,Ministerio del Interior / portal oficial de datos abiertos,PRIMARY_OFFICIAL
2008,2008-03-09,44 - Teruel,DEMOCRACIA NACIONAL - D.N.,0,0,Ministerio del Interior / portal oficial de datos abiertos,PRIMARY_OFFICIAL
2008,2008-03-09,44 - Teruel,DEMOCRACIA NACIONAL - DN,34,0,Ministerio del Interior / portal oficial de datos abiertos,PRIMARY_OFFICIAL
2008,2008-03-09,44 - Teruel,EI ESCONS INSUBMISOS-ALTERNATIVA DELS DEMOCRATES DESCONTENTS - Ei,0,0,Ministerio del Interior / portal oficial de datos abiertos,PRIMARY_OFFICIAL
2008,2008-03-09,44 - Teruel,ELS VERDS - L'ALTERNATIVA ECOLOGISTA - EV-AE,0,0,Ministerio del Interior / portal oficial de datos abiertos,PRIMARY_OFFICIAL
2008,2008-03-09,44 - Teruel,ELS VERDS-ALTERNATIVA VERDA - E.V.-A.V.,0,0,Ministerio del Interior / portal oficial de datos abiertos,PRIMARY_OFFICIAL
2008,2008-03-09,44 - Teruel,ELS VERDS-LOS VERDES - EV-LV,0,0,Ministerio del Interior / portal oficial de datos abiertos,PRIMARY_OFFICIAL
2008,2008-03-09,44 - Teruel,ESCONS INSUBMISOS ALTERNATIVA DELS DEMOCRATES DESCONTENTS - EI-ADD,0,0,Ministerio del Interior / portal oficial de datos abiertos,PRIMARY_OFFICIAL
2008,2008-03-09,44 - Teruel,ESCONS INSUBMISOS-ALTERNATIVA DELS DEMOCRATES DESCONTENTS - Ei,0,0,Ministerio del Interior / portal oficial de datos abiertos,PRIMARY_OFFICIAL
2008,2008-03-09,44 - Teruel,ESPAÑA 2000 - E-2000,16,0,Ministerio del Interior / portal oficial de datos abiertos,PRIMARY_OFFICIAL
2008,2008-03-09,44 - Teruel,ESPAÑA-2000 - E-2000,0,0,Ministerio del Interior / portal oficial de datos abiertos,PRIMARY_OFFICIAL
2008,2008-03-09,44 - Teruel,ESQUERDA UNIDA-IZQUIERDA UNIDA-ALTERNATIVA - EU-IU,0,0,Ministerio del Interior / portal oficial de datos abiertos,PRIMARY_OFFICIAL
2008,2008-03-09,44 - Teruel,ESQUERRA REPUBLICANA DE CATALUNYA - ESQUERRA,0,0,Ministerio del Interior / portal oficial de datos abiertos,PRIMARY_OFFICIAL
2008,2008-03-09,44 - Teruel,ESQUERRA REPUBLICANA DE CATALUNYA - esquerra,0,0,Ministerio del Interior / portal oficial de datos abiertos,PRIMARY_OFFICIAL
2008,2008-03-09,44 - Teruel,ESQUERRA REPUBLICANA DEL PAIS VALENCIA-PAIS VALENCIA SI - ESQUERRA-PV,0,0,Ministerio del Interior / portal oficial de datos abiertos,PRIMARY_OFFICIAL
2008,2008-03-09,44 - Teruel,"ESQUERRA REPUBLICANA DEL PAIS VALENCIA-PAIS VALENCIA, SI - ESQUERRA-PV",0,0,Ministerio del Interior / portal oficial de datos abiertos,PRIMARY_OFFICIAL
2008,2008-03-09,44 - Teruel,ESQUERRA UNIDA - ELS VERDS - EU-EV,0,0,Ministerio del Interior / portal oficial de datos abiertos,PRIMARY_OFFICIAL
2008,2008-03-09,44 - Teruel,ESQUERRA UNIDA DEL PAIS VALENCIA-IZQUIERDA REPUBLICANA: ESQUERRA UNIDA I REPUBLICANA - EUPV-IR,0,0,Ministerio del Interior / portal oficial de datos abiertos,PRIMARY_OFFICIAL
2008,2008-03-09,44 - Teruel,ESQUERRA UNIDA DEL PAIS VALENCIA-IZQUIERDA REPUBLICANA:ESQUERRA UNIDA I REPUBLICANA - EUPV-IR,0,0,Ministerio del Interior / portal oficial de datos abiertos,PRIMARY_OFFICIAL
2008,2008-03-09,44 - Teruel,EUSKO ALKARTASUNA - EA,0,0,Ministerio del Interior / portal oficial de datos abiertos,PRIMARY_OFFICIAL
2008,2008-03-09,44 - Teruel,EUZKO ALDERDI JELTZALEA-PARTIDO NACIONALISTA VASCO - EAJ-PNV,0,0,Ministerio del Interior / portal oficial de datos abiertos,PRIMARY_OFFICIAL
2008,2008-03-09,44 - Teruel,EXTREMADURA UNIDA - EXTREMADURA UNIDA,0,0,Ministerio del Interior / portal oficial de datos abiertos,PRIMARY_OFFICIAL
2008,2008-03-09,44 - Teruel,EZKER BATUA-BERDEAK-ALTERNATIVA - EB-B,0,0,Ministerio del Interior / portal oficial de datos abiertos,PRIMARY_OFFICIAL
2008,2008-03-09,44 - Teruel,FALANGE AUTENTICA - F.A.,17,0,Ministerio del Interior / portal oficial de datos abiertos,PRIMARY_OFFICIAL
2008,2008-03-09,44 - Teruel,FALANGE AUTENTICA - FA,0,0,Ministerio del Interior / portal oficial de datos abiertos,PRIMARY_OFFICIAL
2008,2008-03-09,44 - Teruel,FALANGE ESPAÑOLA DE LA JONS - FE de las JONS,0,0,Ministerio del Interior / portal oficial de datos abiertos,PRIMARY_OFFICIAL
2008,2008-03-09,44 - Teruel,FALANGE ESPAÑOLA DE LAS J.O.N.S. - F.E. de las J.O.N.S.,0,0,Ministerio del Interior / portal oficial de datos abiertos,PRIMARY_OFFICIAL
2008,2008-03-09,44 - Teruel,FALANGE ESPAÑOLA DE LAS J.O.N.S. - FE de las JONS,0,0,Ministerio del Interior / portal oficial de datos abiertos,PRIMARY_OFFICIAL
2008,2008-03-09,44 - Teruel,FALANGE ESPAÑOLA DE LAS J.O.N.S. - FE-JONS,0,0,Ministerio del Interior / portal oficial de datos abiertos,PRIMARY_OFFICIAL
2008,2008-03-09,44 - Teruel,FALANGE ESPAÑOLA DE LAS JONS - F.E. de las J.O.N.S.,0,0,Ministerio del Interior / portal oficial de datos abiertos,PRIMARY_OFFICIAL
2008,2008-03-09,44 - Teruel,FALANGE ESPAÑOLA DE LAS JONS - FE DE LAS JONS,0,0,Ministerio del Interior / portal oficial de datos abiertos,PRIMARY_OFFICIAL
2008,2008-03-09,44 - Teruel,FALANGE ESPAÑOLA DE LAS JONS - FE de las JONS,0,0,Ministerio del Interior / portal oficial de datos abiertos,PRIMARY_OFFICIAL
2008,2008-03-09,44 - Teruel,FALANGE ESPAÑOLA DE LAS JONS - FE-JONS,55,0,Ministerio del Interior / portal oficial de datos abiertos,PRIMARY_OFFICIAL
2008,2008-03-09,44 - Teruel,FAMILIA I VIDA - PFiV,0,0,Ministerio del Interior / portal oficial de datos abiertos,PRIMARY_OFFICIAL
2008,2008-03-09,44 - Teruel,FAMILIA Y VIDA - PFyV,0,0,Ministerio del Interior / portal oficial de datos abiertos,PRIMARY_OFFICIAL
2008,2008-03-09,44 - Teruel,FRENTE ESPAÑOL - F.E,0,0,Ministerio del Interior / portal oficial de datos abiertos,PRIMARY_OFFICIAL
2008,2008-03-09,44 - Teruel,FRENTE ESPAÑOL - F.E.,0,0,Ministerio del Interior / portal oficial de datos abiertos,PRIMARY_OFFICIAL
2008,2008-03-09,44 - Teruel,FRENTE ESPAÑOL - FRENTE,0,0,Ministerio del Interior / portal oficial de datos abiertos,PRIMARY_OFFICIAL
2008,2008-03-09,44 - Teruel,GENTES DE EL BIERZO - PB-UB,0,0,Ministerio del Interior / portal oficial de datos abiertos,PRIMARY_OFFICIAL
2008,2008-03-09,44 - Teruel,IDENTITAT REGNE DE VALENCIA - IRV,0,0,Ministerio del Interior / portal oficial de datos abiertos,PRIMARY_OFFICIAL
2008,2008-03-09,44 - Teruel,INDEPENDIENTES POR CUENCA - ixC,0,0,Ministerio del Interior / portal oficial de datos abiertos,PRIMARY_OFFICIAL
2008,2008-03-09,44 - Teruel,INICIATIVA CIUDADANA BURGALESA - I.C.Bur,0,0,Ministerio del Interior / portal oficial de datos abiertos,PRIMARY_OFFICIAL
2008,2008-03-09,44 - Teruel,INICIATIVA MERINDADES DE CASTILLA - I.M.C.,0,0,Ministerio del Interior / portal oficial de datos abiertos,PRIMARY_OFFICIAL
2008,2008-03-09,44 - Teruel,INICIATIVA PER CATALUNYA VERDS - ESQUERRA UNIDA I ALTERNATIVA - ICV-EUiA,0,0,Ministerio del Interior / portal oficial de datos abiertos,PRIMARY_OFFICIAL
2008,2008-03-09,44 - Teruel,INICIATIVA PER CATALUNYA VERDS-ESQUERRA UNIDA I ALTERNATIVA - ICV-EUiA,0,0,Ministerio del Interior / portal oficial de datos abiertos,PRIMARY_OFFICIAL
2008,2008-03-09,44 - Teruel,IZQUIERDA REPUBLICANA - IR,0,0,Ministerio del Interior / portal oficial de datos abiertos,PRIMARY_OFFICIAL
2008,2008-03-09,44 - Teruel,IZQUIERDA REPUBLICANA-PARTIT REPUBLICA D'ESQUERRA - IR-PRE,0,0,Ministerio del Interior / portal oficial de datos abiertos,PRIMARY_OFFICIAL
2008,2008-03-09,44 - Teruel,IZQUIERDA UNIDA - BLOQUE POR ASTURIES - LOS VERDES - IU-B.A-LOS VERDES,0,0,Ministerio del Interior / portal oficial de datos abiertos,PRIMARY_OFFICIAL
2008,2008-03-09,44 - Teruel,IZQUIERDA UNIDA CANARIA-ALTERNATIVA - IUC,0,0,Ministerio del Interior / portal oficial de datos abiertos,PRIMARY_OFFICIAL
2008,2008-03-09,44 - Teruel,IZQUIERDA UNIDA COMUNIDAD DE MADRID-ALTERNATIVA - IU-CM.,0,0,Ministerio del Interior / portal oficial de datos abiertos,PRIMARY_OFFICIAL
2008,2008-03-09,44 - Teruel,IZQUIERDA UNIDA DE CEUTA - I.U.,0,0,Ministerio del Interior / portal oficial de datos abiertos,PRIMARY_OFFICIAL
2008,2008-03-09,44 - Teruel,IZQUIERDA UNIDA DE LA REGION DE MURCIA-ALTERNATIVA - I.U.R.M.,0,0,Ministerio del Interior / portal oficial de datos abiertos,PRIMARY_OFFICIAL
2008,2008-03-09,44 - Teruel,IZQUIERDA UNIDA DE NAVARRA - NAFARROAKO EZKER BATUA - ALTERNATIVA - IUN-NEB,0,0,Ministerio del Interior / portal oficial de datos abiertos,PRIMARY_OFFICIAL
2008,2008-03-09,44 - Teruel,IZQUIERDA UNIDA LOS VERDES CONVOCATORIA POR ANDALUCIA-ALTERNATIVA - IULV-CA,0,0,Ministerio del Interior / portal oficial de datos abiertos,PRIMARY_OFFICIAL
2008,2008-03-09,44 - Teruel,IZQUIERDA UNIDA LOS VERDES-CONVOCATORIA POR ANDALUCIA - ALTERNATIVA - IULV-CA,0,0,Ministerio del Interior / portal oficial de datos abiertos,PRIMARY_OFFICIAL
2008,2008-03-09,44 - Teruel,IZQUIERDA UNIDA LOS VERDES-CONVOCATORIA POR ANDALUCIA-ALTERNATIVA - IULV-CA,0,0,Ministerio del Interior / portal oficial de datos abiertos,PRIMARY_OFFICIAL
2008,2008-03-09,44 - Teruel,IZQUIERDA UNIDA-ALTERNATIVA - I.U.,0,0,Ministerio del Interior / portal oficial de datos abiertos,PRIMARY_OFFICIAL
2008,2008-03-09,44 - Teruel,IZQUIERDA UNIDA-ALTERNATIVA - IU,2270,0,Ministerio del Interior / portal oficial de datos abiertos,PRIMARY_OFFICIAL
2008,2008-03-09,44 - Teruel,LLUITA INTERNACIONALISTA - (LI(LIT-CI)),0,0,Ministerio del Interior / portal oficial de datos abiertos,PRIMARY_OFFICIAL
2008,2008-03-09,44 - Teruel,LLUITA INTERNACIONALISTA - L.I.(LIT-CI),0,0,Ministerio del Interior / portal oficial de datos abiertos,PRIMARY_OFFICIAL
2008,2008-03-09,44 - Teruel,LLUITA INTERNACIONALISTA - LI-LITCI,0,0,Ministerio del Interior / portal oficial de datos abiertos,PRIMARY_OFFICIAL
2008,2008-03-09,44 - Teruel,LOS VERDES - LOS VERDES,0,0,Ministerio del Interior / portal oficial de datos abiertos,PRIMARY_OFFICIAL
2008,2008-03-09,44 - Teruel,LOS VERDES - LV,0,0,Ministerio del Interior / portal oficial de datos abiertos,PRIMARY_OFFICIAL
2008,2008-03-09,44 - Teruel,LOS VERDES - VERDES,0,0,Ministerio del Interior / portal oficial de datos abiertos,PRIMARY_OFFICIAL
2008,2008-03-09,44 - Teruel,LOS VERDES COMUNIDAD DE MADRID-LOS VERDES DE EUROPA - LVCM-LVE,0,0,Ministerio del Interior / portal oficial de datos abiertos,PRIMARY_OFFICIAL
2008,2008-03-09,44 - Teruel,LOS VERDES DE EUROPA - LOS VERDES DE EUROPA,0,0,Ministerio del Interior / portal oficial de datos abiertos,PRIMARY_OFFICIAL
2008,2008-03-09,44 - Teruel,LOS VERDES DE EUROPA - LVE,0,0,Ministerio del Interior / portal oficial de datos abiertos,PRIMARY_OFFICIAL
2008,2008-03-09,44 - Teruel,LOS VERDES DE EXTREMADURA - LV,0,0,Ministerio del Interior / portal oficial de datos abiertos,PRIMARY_OFFICIAL
2008,2008-03-09,44 - Teruel,LOS VERDES-ELS VERDS - LV-EV,0,0,Ministerio del Interior / portal oficial de datos abiertos,PRIMARY_OFFICIAL
2008,2008-03-09,44 - Teruel,LOS VERDES-GRUPO VERDE - L.V.,170,0,Ministerio del Interior / portal oficial de datos abiertos,PRIMARY_OFFICIAL
2008,2008-03-09,44 - Teruel,LOS VERDES-GRUPO VERDE - LV,0,0,Ministerio del Interior / portal oficial de datos abiertos,PRIMARY_OFFICIAL
2008,2008-03-09,44 - Teruel,LOS VERDES-GRUPO VERDE - LV-GV,0,0,Ministerio del Interior / portal oficial de datos abiertos,PRIMARY_OFFICIAL
2008,2008-03-09,44 - Teruel,LUCHA INTERNACIONALISTA - LI-LITCI,0,0,Ministerio del Interior / portal oficial de datos abiertos,PRIMARY_OFFICIAL
2008,2008-03-09,44 - Teruel,MOVIMIENTO FALANGISTA DE ESPAÑA - M.F.E.,0,0,Ministerio del Interior / portal oficial de datos abiertos,PRIMARY_OFFICIAL
2008,2008-03-09,44 - Teruel,MOVIMIENTO POR LA UNIDAD DEL PUEBLO CANARIO - MUPC,0,0,Ministerio del Interior / portal oficial de datos abiertos,PRIMARY_OFFICIAL
2008,2008-03-09,44 - Teruel,NAFARROA BAI - NA-BAI,0,0,Ministerio del Interior / portal oficial de datos abiertos,PRIMARY_OFFICIAL
2008,2008-03-09,44 - Teruel,NOSALTRES SOM - N som,0,0,Ministerio del Interior / portal oficial de datos abiertos,PRIMARY_OFFICIAL
2008,2008-03-09,44 - Teruel,NUEVA CANARIAS-CENTRO CANARIO - NC-CCN,0,0,Ministerio del Interior / portal oficial de datos abiertos,PRIMARY_OFFICIAL
2008,2008-03-09,44 - Teruel,OPCIO NACIONALISTA VALENCIANA - O.N.V.,0,0,Ministerio del Interior / portal oficial de datos abiertos,PRIMARY_OFFICIAL
2008,2008-03-09,44 - Teruel,OPCIO NACIONALISTA VALENCIANA - ONV,0,0,Ministerio del Interior / portal oficial de datos abiertos,PRIMARY_OFFICIAL
2008,2008-03-09,44 - Teruel,OS VERDES - GRUPO VERDE - OV,0,0,Ministerio del Interior / portal oficial de datos abiertos,PRIMARY_OFFICIAL
2008,2008-03-09,44 - Teruel,PARTIDO ALTERNATIVA MOTOR Y DEPORTES - A.M.D.,0,0,Ministerio del Interior / portal oficial de datos abiertos,PRIMARY_OFFICIAL
2008,2008-03-09,44 - Teruel,PARTIDO ANTITAURINO CONTRA EL MALTRATO ANIMAL - P.A.C.M.A,0,0,Ministerio del Interior / portal oficial de datos abiertos,PRIMARY_OFFICIAL
2008,2008-03-09,44 - Teruel,PARTIDO ANTITAURINO CONTRA EL MALTRATO ANIMAL - P.A.C.M.A.,0,0,Ministerio del Interior / portal oficial de datos abiertos,PRIMARY_OFFICIAL
2008,2008-03-09,44 - Teruel,PARTIDO ANTITAURINO CONTRA EL MALTRATO ANIMAL - PACMA,93,0,Ministerio del Interior / portal oficial de datos abiertos,PRIMARY_OFFICIAL
2008,2008-03-09,44 - Teruel,PARTIDO ARAGONES - PAR,7440,0,Ministerio del Interior / portal oficial de datos abiertos,PRIMARY_OFFICIAL
2008,2008-03-09,44 - Teruel,PARTIDO CARLISTA - P.C.,0,0,Ministerio del Interior / portal oficial de datos abiertos,PRIMARY_OFFICIAL
2008,2008-03-09,44 - Teruel,PARTIDO CARLISTA - PARTIDO CARLISTA,0,0,Ministerio del Interior / portal oficial de datos abiertos,PRIMARY_OFFICIAL
2008,2008-03-09,44 - Teruel,PARTIDO CARLISTA - PC,0,0,Ministerio del Interior / portal oficial de datos abiertos,PRIMARY_OFFICIAL
2008,2008-03-09,44 - Teruel,PARTIDO CARLISTA DE EUSKALERRIA-PARTIDO CARLISTA - EKA-PC.,0,0,Ministerio del Interior / portal oficial de datos abiertos,PRIMARY_OFFICIAL
2008,2008-03-09,44 - Teruel,PARTIDO CARLISTA DE EUSKALHERRIA-EUSKALHERRIKO KARLISTA ALDERDIA - PARTIDO CARLISTA-EKA,0,0,Ministerio del Interior / portal oficial de datos abiertos,PRIMARY_OFFICIAL
2008,2008-03-09,44 - Teruel,PARTIDO CENTRISTA - PCTR,10,0,Ministerio del Interior / portal oficial de datos abiertos,PRIMARY_OFFICIAL
2008,2008-03-09,44 - Teruel,PARTIDO CENTRISTAS - Centristas PCTR,0,0,Ministerio del Interior / portal oficial de datos abiertos,PRIMARY_OFFICIAL
2008,2008-03-09,44 - Teruel,PARTIDO CENTRISTAS - PCTR,0,0,Ministerio del Interior / portal oficial de datos abiertos,PRIMARY_OFFICIAL
2008,2008-03-09,44 - Teruel,PARTIDO CIUDADANOS UNIDOS DE ARAGON - pCUA,43,0,Ministerio del Interior / portal oficial de datos abiertos,PRIMARY_OFFICIAL
2008,2008-03-09,44 - Teruel,PARTIDO COMUNISTA DE LOS PUEBLOS DE ESPAÑA - P.C.P.E.,0,0,Ministerio del Interior / portal oficial de datos abiertos,PRIMARY_OFFICIAL
2008,2008-03-09,44 - Teruel,PARTIDO COMUNISTA DE LOS PUEBLOS DE ESPAÑA - P.C.P.E.-E.K.,0,0,Ministerio del Interior / portal oficial de datos abiertos,PRIMARY_OFFICIAL
2008,2008-03-09,44 - Teruel,PARTIDO COMUNISTA DE LOS PUEBLOS DE ESPAÑA - PCPE,49,0,Ministerio del Interior / portal oficial de datos abiertos,PRIMARY_OFFICIAL
2008,2008-03-09,44 - Teruel,PARTIDO COMUNISTA DE LOS PUEBLOS DE ESPAÑA-EUSKAL KOMUNISTAK - PCPE - EK,0,0,Ministerio del Interior / portal oficial de datos abiertos,PRIMARY_OFFICIAL
2008,2008-03-09,44 - Teruel,PARTIDO COMUNISTA DEL PUEBLO CANARIO - PCPE,0,0,Ministerio del Interior / portal oficial de datos abiertos,PRIMARY_OFFICIAL
2008,2008-03-09,44 - Teruel,PARTIDO COMUNISTA DEL PUEBLO CASTELLANO - PCPE,0,0,Ministerio del Interior / portal oficial de datos abiertos,PRIMARY_OFFICIAL
2008,2008-03-09,44 - Teruel,PARTIDO COMUNISTA DEL PUEBLO CASTELLANO-PCPE - PCPE,0,0,Ministerio del Interior / portal oficial de datos abiertos,PRIMARY_OFFICIAL
2008,2008-03-09,44 - Teruel,PARTIDO COMUNISTA DEL PUEBLO DE CATALUNYA - PCPC,0,0,Ministerio del Interior / portal oficial de datos abiertos,PRIMARY_OFFICIAL
2008,2008-03-09,44 - Teruel,PARTIDO COMUNISTA DEL PUEBLO DE CATALUÑA - PCPC,0,0,Ministerio del Interior / portal oficial de datos abiertos,PRIMARY_OFFICIAL
2008,2008-03-09,44 - Teruel,PARTIDO COMUNISTA DO POBO GALEGO - PCPG,0,0,Ministerio del Interior / portal oficial de datos abiertos,PRIMARY_OFFICIAL
2008,2008-03-09,44 - Teruel,PARTIDO COMUNISTA DO POVO GALEGO - P.C.P.G.,0,0,Ministerio del Interior / portal oficial de datos abiertos,PRIMARY_OFFICIAL
2008,2008-03-09,44 - Teruel,PARTIDO COMUNISTA PUEBLOS DE ESPAÑA - PCPE,0,0,Ministerio del Interior / portal oficial de datos abiertos,PRIMARY_OFFICIAL
2008,2008-03-09,44 - Teruel,PARTIDO DE ALIANZA IBEROAMERICANA EUROPEA - PAIE,0,0,Ministerio del Interior / portal oficial de datos abiertos,PRIMARY_OFFICIAL
2008,2008-03-09,44 - Teruel,PARTIDO DE ALMERIA - PdeAL,0,0,Ministerio del Interior / portal oficial de datos abiertos,PRIMARY_OFFICIAL
2008,2008-03-09,44 - Teruel,PARTIDO DE LAS LIBERTADES CIVILES - PLCI,0,0,Ministerio del Interior / portal oficial de datos abiertos,PRIMARY_OFFICIAL
2008,2008-03-09,44 - Teruel,PARTIDO DE LOS NO-FUMADORES - PNF (NO-FUMADORES),0,0,Ministerio del Interior / portal oficial de datos abiertos,PRIMARY_OFFICIAL
2008,2008-03-09,44 - Teruel,PARTIDO DE LOS PENSIONISTAS EN ACCION - PDLPEA,0,0,Ministerio del Interior / portal oficial de datos abiertos,PRIMARY_OFFICIAL
2008,2008-03-09,44 - Teruel,PARTIDO DOS SOCIALISTAS DE GALICIA-PARTIDO SOCIALISTA OBRERO ESPAÑOL - PSdeG-PSOE,0,0,Ministerio del Interior / portal oficial de datos abiertos,PRIMARY_OFFICIAL
2008,2008-03-09,44 - Teruel,PARTIDO DOS SOCIALISTAS DE GALICIA-PSOE - PSdeG-PSOE,0,0,Ministerio del Interior / portal oficial de datos abiertos,PRIMARY_OFFICIAL
2008,2008-03-09,44 - Teruel,PARTIDO FAMILIA Y VIDA - PFyV,18,0,Ministerio del Interior / portal oficial de datos abiertos,PRIMARY_OFFICIAL
2008,2008-03-09,44 - Teruel,PARTIDO HACHE - PHache,0,0,Ministerio del Interior / portal oficial de datos abiertos,PRIMARY_OFFICIAL
2008,2008-03-09,44 - Teruel,PARTIDO HUMANISTA - P.H.,0,0,Ministerio del Interior / portal oficial de datos abiertos,PRIMARY_OFFICIAL
2008,2008-03-09,44 - Teruel,PARTIDO HUMANISTA - PH,0,0,Ministerio del Interior / portal oficial de datos abiertos,PRIMARY_OFFICIAL
2008,2008-03-09,44 - Teruel,PARTIDO IZQUIERDA REPUBLICANA-PARTIT REPUBLICA D'ESQUERRA - IR-PRE,0,0,Ministerio del Interior / portal oficial de datos abiertos,PRIMARY_OFFICIAL
2008,2008-03-09,44 - Teruel,PARTIDO LIBERAL DEL EMPLEO Y LA VIVIENDA ESTATAL - P.L.E.V.E.,0,0,Ministerio del Interior / portal oficial de datos abiertos,PRIMARY_OFFICIAL
2008,2008-03-09,44 - Teruel,PARTIDO LIBERTADES CIVILES - PLCI,0,0,Ministerio del Interior / portal oficial de datos abiertos,PRIMARY_OFFICIAL
2008,2008-03-09,44 - Teruel,PARTIDO OBRERO SOCIALISTA INTERNACIONALISTA - P.O.S.I.,0,0,Ministerio del Interior / portal oficial de datos abiertos,PRIMARY_OFFICIAL
2008,2008-03-09,44 - Teruel,PARTIDO OBRERO SOCIALISTA INTERNACIONALISTA - POSI,0,0,Ministerio del Interior / portal oficial de datos abiertos,PRIMARY_OFFICIAL
2008,2008-03-09,44 - Teruel,PARTIDO POLITICO ARALAR - aralar,0,0,Ministerio del Interior / portal oficial de datos abiertos,PRIMARY_OFFICIAL
2008,2008-03-09,44 - Teruel,PARTIDO POPULAR - P.P.,0,0,Ministerio del Interior / portal oficial de datos abiertos,PRIMARY_OFFICIAL
2008,2008-03-09,44 - Teruel,PARTIDO POPULAR - PP,34386,1,Ministerio del Interior / portal oficial de datos abiertos,PRIMARY_OFFICIAL
2008,2008-03-09,44 - Teruel,PARTIDO POPULAR/PARTIT POPULAR - PP,0,0,Ministerio del Interior / portal oficial de datos abiertos,PRIMARY_OFFICIAL
2008,2008-03-09,44 - Teruel,PARTIDO POR UN MUNDO MAS JUSTO - PUM+J,0,0,Ministerio del Interior / portal oficial de datos abiertos,PRIMARY_OFFICIAL
2008,2008-03-09,44 - Teruel,PARTIDO POSITIVISTA CRISTIANO - PPCr,0,0,Ministerio del Interior / portal oficial de datos abiertos,PRIMARY_OFFICIAL
2008,2008-03-09,44 - Teruel,PARTIDO REGIONALISTA DE GUADALAJARA - P.R.GU.,0,0,Ministerio del Interior / portal oficial de datos abiertos,PRIMARY_OFFICIAL
2008,2008-03-09,44 - Teruel,PARTIDO REGIONALISTA DEL PAIS LEONES - PREPAL,0,0,Ministerio del Interior / portal oficial de datos abiertos,PRIMARY_OFFICIAL
2008,2008-03-09,44 - Teruel,PARTIDO RIOJANO - PARTIDO RIOJANO,0,0,Ministerio del Interior / portal oficial de datos abiertos,PRIMARY_OFFICIAL
2008,2008-03-09,44 - Teruel,PARTIDO SOCIAL DEMOCRATA - P.S.D.,0,0,Ministerio del Interior / portal oficial de datos abiertos,PRIMARY_OFFICIAL
2008,2008-03-09,44 - Teruel,PARTIDO SOCIAL DEMOCRATA - PSD,0,0,Ministerio del Interior / portal oficial de datos abiertos,PRIMARY_OFFICIAL
2008,2008-03-09,44 - Teruel,PARTIDO SOCIAL DEMOCRATA-FEDERACION DE LOS INDEPENDIENTES DE ARAGON - PSD-FIA,30,0,Ministerio del Interior / portal oficial de datos abiertos,PRIMARY_OFFICIAL
2008,2008-03-09,44 - Teruel,PARTIDO SOCIALISTA DE EUSKADI-EUSKADIKO EZKERRA (PSOE) - PSE-EE (PSOE),0,0,Ministerio del Interior / portal oficial de datos abiertos,PRIMARY_OFFICIAL
2008,2008-03-09,44 - Teruel,PARTIDO SOCIALISTA DE EUSKADI-EUSKADIKO EZKERRA - PSE-EE (PSOE),0,0,Ministerio del Interior / portal oficial de datos abiertos,PRIMARY_OFFICIAL
2008,2008-03-09,44 - Teruel,PARTIDO SOCIALISTA OBRERO ESPAÑOL - P.S.O.E.,0,0,Ministerio del Interior / portal oficial de datos abiertos,PRIMARY_OFFICIAL
2008,2008-03-09,44 - Teruel,PARTIDO SOCIALISTA OBRERO ESPAÑOL - PSOE,38617,2,Ministerio del Interior / portal oficial de datos abiertos,PRIMARY_OFFICIAL
2008,2008-03-09,44 - Teruel,PARTIDO SOCIALISTA OBRERO ESPAÑOL DE ANDALUCIA - PSOE-A,0,0,Ministerio del Interior / portal oficial de datos abiertos,PRIMARY_OFFICIAL
2008,2008-03-09,44 - Teruel,PARTIDO SOLIDARIDAD Y AUTOGESTION INTERNACIONALISTA - SAIN,0,0,Ministerio del Interior / portal oficial de datos abiertos,PRIMARY_OFFICIAL
2008,2008-03-09,44 - Teruel,PARTIDO UNIONISTA ESTADO DE ESPAÑA - P.U.E.D.E.,0,0,Ministerio del Interior / portal oficial de datos abiertos,PRIMARY_OFFICIAL
2008,2008-03-09,44 - Teruel,PARTIDO UNIONISTA ESTADO DE ESPAÑA - PUEDE,0,0,Ministerio del Interior / portal oficial de datos abiertos,PRIMARY_OFFICIAL
2008,2008-03-09,44 - Teruel,PARTIT ANTITAURI CONTRA EL MALTRACTAMENT ANIMAL - P.A.C.M.A.,0,0,Ministerio del Interior / portal oficial de datos abiertos,PRIMARY_OFFICIAL
2008,2008-03-09,44 - Teruel,PARTIT ANTITAURI CONTRA EL MALTRACTAMENT ANIMAL - PACMA,0,0,Ministerio del Interior / portal oficial de datos abiertos,PRIMARY_OFFICIAL
2008,2008-03-09,44 - Teruel,PARTIT CARLI DE CATALUNYA - P. C. de C.,0,0,Ministerio del Interior / portal oficial de datos abiertos,PRIMARY_OFFICIAL
2008,2008-03-09,44 - Teruel,PARTIT CARLI DE CATALUNYA - PCaC,0,0,Ministerio del Interior / portal oficial de datos abiertos,PRIMARY_OFFICIAL
2008,2008-03-09,44 - Teruel,PARTIT COMUNISTA DEL POBLE DE CATALUNYA - P.C.P.C.,0,0,Ministerio del Interior / portal oficial de datos abiertos,PRIMARY_OFFICIAL
2008,2008-03-09,44 - Teruel,PARTIT COMUNISTA DELS POBLES D'ESPANYA - PCPE,0,0,Ministerio del Interior / portal oficial de datos abiertos,PRIMARY_OFFICIAL
2008,2008-03-09,44 - Teruel,PARTIT DELS SOCIALISTES DE CATALUNYA - PSC (PSC-PSOE),0,0,Ministerio del Interior / portal oficial de datos abiertos,PRIMARY_OFFICIAL
2008,2008-03-09,44 - Teruel,PARTIT DELS SOCIALISTES DE CATALUNYA - PSC-PSOE,0,0,Ministerio del Interior / portal oficial de datos abiertos,PRIMARY_OFFICIAL
2008,2008-03-09,44 - Teruel,PARTIT FAMILIA I VIDA - PFiV,0,0,Ministerio del Interior / portal oficial de datos abiertos,PRIMARY_OFFICIAL
2008,2008-03-09,44 - Teruel,PARTIT HUMANISTA - P.H.,0,0,Ministerio del Interior / portal oficial de datos abiertos,PRIMARY_OFFICIAL
2008,2008-03-09,44 - Teruel,PARTIT HUMANISTA - PH,0,0,Ministerio del Interior / portal oficial de datos abiertos,PRIMARY_OFFICIAL
2008,2008-03-09,44 - Teruel,PARTIT HUMANISTA DE CATALUNYA - PH,0,0,Ministerio del Interior / portal oficial de datos abiertos,PRIMARY_OFFICIAL
2008,2008-03-09,44 - Teruel,PARTIT ILLENC DE SES ILLES BALEARS - PIIB,0,0,Ministerio del Interior / portal oficial de datos abiertos,PRIMARY_OFFICIAL
2008,2008-03-09,44 - Teruel,PARTIT OBRER SOCIALISTA INTERNACIONALISTA - P.O.S.I.,0,0,Ministerio del Interior / portal oficial de datos abiertos,PRIMARY_OFFICIAL
2008,2008-03-09,44 - Teruel,PARTIT OBRER SOCIALISTA INTERNACIONALISTA - POSI,0,0,Ministerio del Interior / portal oficial de datos abiertos,PRIMARY_OFFICIAL
2008,2008-03-09,44 - Teruel,PARTIT PER CATALUNYA - PxCat,0,0,Ministerio del Interior / portal oficial de datos abiertos,PRIMARY_OFFICIAL
2008,2008-03-09,44 - Teruel,PARTIT POPULAR/PARTIDO POPULAR - P.P.,0,0,Ministerio del Interior / portal oficial de datos abiertos,PRIMARY_OFFICIAL
2008,2008-03-09,44 - Teruel,PARTIT REPUBLICA CATALA - RC,0,0,Ministerio del Interior / portal oficial de datos abiertos,PRIMARY_OFFICIAL
2008,2008-03-09,44 - Teruel,PER LA REPUBLICA VALENCIANA - PLRV,0,0,Ministerio del Interior / portal oficial de datos abiertos,PRIMARY_OFFICIAL
2008,2008-03-09,44 - Teruel,PER LA REPUBLICA VALENCIANA - plRV,0,0,Ministerio del Interior / portal oficial de datos abiertos,PRIMARY_OFFICIAL
2008,2008-03-09,44 - Teruel,POR UN MUNDO MAS JUSTO - PUM+J,30,0,Ministerio del Interior / portal oficial de datos abiertos,PRIMARY_OFFICIAL
2008,2008-03-09,44 - Teruel,REPRESENTACION CANNABICA NAVARRA - RCN-NOK,0,0,Ministerio del Interior / portal oficial de datos abiertos,PRIMARY_OFFICIAL
2008,2008-03-09,44 - Teruel,SOLIDARIDAD Y AUTOGESTION INTERNACIONALISTA - SAIN,0,0,Ministerio del Interior / portal oficial de datos abiertos,PRIMARY_OFFICIAL
2008,2008-03-09,44 - Teruel,SOLIDARIDAD Y AUTOGESTION INTERNACIONALISTA - SAIn,0,0,Ministerio del Interior / portal oficial de datos abiertos,PRIMARY_OFFICIAL
2008,2008-03-09,44 - Teruel,TIERRA COMUNERA - TC,0,0,Ministerio del Interior / portal oficial de datos abiertos,PRIMARY_OFFICIAL
2008,2008-03-09,44 - Teruel,UNIDA - UNIDA,0,0,Ministerio del Interior / portal oficial de datos abiertos,PRIMARY_OFFICIAL
2008,2008-03-09,44 - Teruel,UNIDAD CASTELLANA - Ud. Ca.,0,0,Ministerio del Interior / portal oficial de datos abiertos,PRIMARY_OFFICIAL
2008,2008-03-09,44 - Teruel,UNIDAD DEL PUEBLO - UNIDAD DEL PUEBLO,0,0,Ministerio del Interior / portal oficial de datos abiertos,PRIMARY_OFFICIAL
2008,2008-03-09,44 - Teruel,UNIDAD REGIONALISTA DE CASTILLA Y LEON - U.R.C.L.,0,0,Ministerio del Interior / portal oficial de datos abiertos,PRIMARY_OFFICIAL
2008,2008-03-09,44 - Teruel,UNION CENTRISTA LIBERAL - UCL,0,0,Ministerio del Interior / portal oficial de datos abiertos,PRIMARY_OFFICIAL
2008,2008-03-09,44 - Teruel,UNION CIUDADANA PROGRESISTAS INDEPENDIENTES DE CANARIAS - UCPIC,0,0,Ministerio del Interior / portal oficial de datos abiertos,PRIMARY_OFFICIAL
2008,2008-03-09,44 - Teruel,UNION DEL PUEBLO LEONES - UPL,0,0,Ministerio del Interior / portal oficial de datos abiertos,PRIMARY_OFFICIAL
2008,2008-03-09,44 - Teruel,UNION DEL PUEBLO NAVARRO EN COALICION CON EL PARTIDO POPULAR - UPN-PP,0,0,Ministerio del Interior / portal oficial de datos abiertos,PRIMARY_OFFICIAL
2008,2008-03-09,44 - Teruel,UNION POR LEGANES - ULEG,0,0,Ministerio del Interior / portal oficial de datos abiertos,PRIMARY_OFFICIAL
2008,2008-03-09,44 - Teruel,UNION PROGRESO Y DEMOCRACIA - UPD,0,0,Ministerio del Interior / portal oficial de datos abiertos,PRIMARY_OFFICIAL
2008,2008-03-09,44 - Teruel,UNION PROGRESO Y DEMOCRACIA - UPyD,388,0,Ministerio del Interior / portal oficial de datos abiertos,PRIMARY_OFFICIAL
2008,2008-03-09,44 - Teruel,"UNION, PROGRESO Y DEMOCRACIA - UPyD",0,0,Ministerio del Interior / portal oficial de datos abiertos,PRIMARY_OFFICIAL
2008,2008-03-09,44 - Teruel,UNITAT PER LES ILLES - UNITAT PER LES ILLES,0,0,Ministerio del Interior / portal oficial de datos abiertos,PRIMARY_OFFICIAL
2008,2008-03-09,45 - Toledo,AGRUPACION CIUDADANA - AGRUCI,0,0,Ministerio del Interior / portal oficial de datos abiertos,PRIMARY_OFFICIAL
2008,2008-03-09,45 - Toledo,ALIANZA NACIONAL - A.u.N.,0,0,Ministerio del Interior / portal oficial de datos abiertos,PRIMARY_OFFICIAL
2008,2008-03-09,45 - Toledo,ALIANZA NACIONAL - AN,0,0,Ministerio del Interior / portal oficial de datos abiertos,PRIMARY_OFFICIAL
2008,2008-03-09,45 - Toledo,ALIANZA NACIONAL - AUN,0,0,Ministerio del Interior / portal oficial de datos abiertos,PRIMARY_OFFICIAL
2008,2008-03-09,45 - Toledo,ALIANZA NACIONAL - AuN,79,0,Ministerio del Interior / portal oficial de datos abiertos,PRIMARY_OFFICIAL
2008,2008-03-09,45 - Toledo,ALIANZA POR BURGOS - AxB,0,0,Ministerio del Interior / portal oficial de datos abiertos,PRIMARY_OFFICIAL
2008,2008-03-09,45 - Toledo,ALIANÇA BALEAR - ABA,0,0,Ministerio del Interior / portal oficial de datos abiertos,PRIMARY_OFFICIAL
2008,2008-03-09,45 - Toledo,ALTERNATIVA EN BLANCO - ABLA,0,0,Ministerio del Interior / portal oficial de datos abiertos,PRIMARY_OFFICIAL
2008,2008-03-09,45 - Toledo,ALTERNATIVA EN BLANCO - aBla,0,0,Ministerio del Interior / portal oficial de datos abiertos,PRIMARY_OFFICIAL
2008,2008-03-09,45 - Toledo,ALTERNATIVA ESPAÑOLA - AES,127,0,Ministerio del Interior / portal oficial de datos abiertos,PRIMARY_OFFICIAL
2008,2008-03-09,45 - Toledo,ALTERNATIVA MOTOR Y DEPORTE - A.M.D.,0,0,Ministerio del Interior / portal oficial de datos abiertos,PRIMARY_OFFICIAL
2008,2008-03-09,45 - Toledo,ALTERNATIVA MOTOR Y DEPORTES - A.M.D.,0,0,Ministerio del Interior / portal oficial de datos abiertos,PRIMARY_OFFICIAL
2008,2008-03-09,45 - Toledo,ALTERNATIVA MOTOR Y DEPORTES - AMD,0,0,Ministerio del Interior / portal oficial de datos abiertos,PRIMARY_OFFICIAL
2008,2008-03-09,45 - Toledo,ALTERNATIVA NACIONALISTA CANARIA - ANC,0,0,Ministerio del Interior / portal oficial de datos abiertos,PRIMARY_OFFICIAL
2008,2008-03-09,45 - Toledo,ANDECHA ASTUR - AA,0,0,Ministerio del Interior / portal oficial de datos abiertos,PRIMARY_OFFICIAL
2008,2008-03-09,45 - Toledo,ARALAR - aralar,0,0,Ministerio del Interior / portal oficial de datos abiertos,PRIMARY_OFFICIAL
2008,2008-03-09,45 - Toledo,ASAMBLEA DE VOTACION ELECTRONICA - AVE,0,0,Ministerio del Interior / portal oficial de datos abiertos,PRIMARY_OFFICIAL
2008,2008-03-09,45 - Toledo,BERDEAK-LOS VERDES - B-LV,0,0,Ministerio del Interior / portal oficial de datos abiertos,PRIMARY_OFFICIAL
2008,2008-03-09,45 - Toledo,BLOC-INICIATIVA-VERDS - BLOC-IDPV-EV-EE,0,0,Ministerio del Interior / portal oficial de datos abiertos,PRIMARY_OFFICIAL
2008,2008-03-09,45 - Toledo,BLOC-INICIATIVA-VERDS - BLOC-IdPV-EV-EE,0,0,Ministerio del Interior / portal oficial de datos abiertos,PRIMARY_OFFICIAL
2008,2008-03-09,45 - Toledo,BLOQUE NACIONALISTA GALEGO - B.N.G.,0,0,Ministerio del Interior / portal oficial de datos abiertos,PRIMARY_OFFICIAL
2008,2008-03-09,45 - Toledo,BLOQUE NACIONALISTA GALEGO - BNG,0,0,Ministerio del Interior / portal oficial de datos abiertos,PRIMARY_OFFICIAL
2008,2008-03-09,45 - Toledo,CENTRO DEMOCRATICO ESPAÑOL - C.D.Es.,0,0,Ministerio del Interior / portal oficial de datos abiertos,PRIMARY_OFFICIAL
2008,2008-03-09,45 - Toledo,CENTRO DEMOCRATICO ESPAÑOL - CDEs,110,0,Ministerio del Interior / portal oficial de datos abiertos,PRIMARY_OFFICIAL
2008,2008-03-09,45 - Toledo,CENTRO DEMOCRATICO LIBERAL - C.D.L.,0,0,Ministerio del Interior / portal oficial de datos abiertos,PRIMARY_OFFICIAL
2008,2008-03-09,45 - Toledo,CENTRO DEMOCRATICO LIBERAL - CDL,0,0,Ministerio del Interior / portal oficial de datos abiertos,PRIMARY_OFFICIAL
2008,2008-03-09,45 - Toledo,CENTRO DEMOCRATICO SOCIAL - C.D.S.,0,0,Ministerio del Interior / portal oficial de datos abiertos,PRIMARY_OFFICIAL
2008,2008-03-09,45 - Toledo,CENTRO DEMOCRATICO Y SOCIAL - CDS,0,0,Ministerio del Interior / portal oficial de datos abiertos,PRIMARY_OFFICIAL
2008,2008-03-09,45 - Toledo,CHUNTA ARAGONESISTA - CHA,0,0,Ministerio del Interior / portal oficial de datos abiertos,PRIMARY_OFFICIAL
2008,2008-03-09,45 - Toledo,CIUDADANOS EN BLANCO - CENB,0,0,Ministerio del Interior / portal oficial de datos abiertos,PRIMARY_OFFICIAL
2008,2008-03-09,45 - Toledo,CIUDADANOS EN BLANCO - CNB,0,0,Ministerio del Interior / portal oficial de datos abiertos,PRIMARY_OFFICIAL
2008,2008-03-09,45 - Toledo,CIUDADANOS EN BLANCO - CenB,0,0,Ministerio del Interior / portal oficial de datos abiertos,PRIMARY_OFFICIAL
2008,2008-03-09,45 - Toledo,CIUDADANOS EN BLANCO - Cenb,241,0,Ministerio del Interior / portal oficial de datos abiertos,PRIMARY_OFFICIAL
2008,2008-03-09,45 - Toledo,CIUDADANOS PARTIDO DE LA CIUDADANIA - C's,0,0,Ministerio del Interior / portal oficial de datos abiertos,PRIMARY_OFFICIAL
2008,2008-03-09,45 - Toledo,CIUDADANOS-PARTIDO DE LA CIUDADANIA - C's,218,0,Ministerio del Interior / portal oficial de datos abiertos,PRIMARY_OFFICIAL
2008,2008-03-09,45 - Toledo,"CIUDADANOS-PARTIDO DE LA CIUDADANIA - C,S",0,0,Ministerio del Interior / portal oficial de datos abiertos,PRIMARY_OFFICIAL
2008,2008-03-09,45 - Toledo,CIUTADANS-PARTIDO DE LA CIUDADANIA - C's,0,0,Ministerio del Interior / portal oficial de datos abiertos,PRIMARY_OFFICIAL
2008,2008-03-09,45 - Toledo,COALICIO TREBALLADORS PER LA DEMOCRACIA - TD,0,0,Ministerio del Interior / portal oficial de datos abiertos,PRIMARY_OFFICIAL
2008,2008-03-09,45 - Toledo,COALICIO VALENCIANA - CVa,0,0,Ministerio del Interior / portal oficial de datos abiertos,PRIMARY_OFFICIAL
2008,2008-03-09,45 - Toledo,COALICION ANDALUCISTA - CA,0,0,Ministerio del Interior / portal oficial de datos abiertos,PRIMARY_OFFICIAL
2008,2008-03-09,45 - Toledo,COALICION CANARIA-PARTIDO NACIONALISTA CANARIO - CC-PNC,0,0,Ministerio del Interior / portal oficial de datos abiertos,PRIMARY_OFFICIAL
2008,2008-03-09,45 - Toledo,COALICION CANARIA-PARTIDO NACIONALISTA CANARIO-PARTIDO DE INDEPENDIENTES DE LANZAROTE - CC-PNC-PIL,0,0,Ministerio del Interior / portal oficial de datos abiertos,PRIMARY_OFFICIAL
2008,2008-03-09,45 - Toledo,COMUNION TRADICIONALISTA CARLISTA - C.T.C.,0,0,Ministerio del Interior / portal oficial de datos abiertos,PRIMARY_OFFICIAL
2008,2008-03-09,45 - Toledo,COMUNION TRADICIONALISTA CARLISTA - CTC,0,0,Ministerio del Interior / portal oficial de datos abiertos,PRIMARY_OFFICIAL
2008,2008-03-09,45 - Toledo,CONVERGENCIA DEMOCRATICA ASTURIANA - CDAS,0,0,Ministerio del Interior / portal oficial de datos abiertos,PRIMARY_OFFICIAL
2008,2008-03-09,45 - Toledo,CONVERGENCIA I UNIO - CIU,0,0,Ministerio del Interior / portal oficial de datos abiertos,PRIMARY_OFFICIAL
2008,2008-03-09,45 - Toledo,CONVERGENCIA I UNIO - CiU,0,0,Ministerio del Interior / portal oficial de datos abiertos,PRIMARY_OFFICIAL
2008,2008-03-09,45 - Toledo,DEMOCRACIA NACIONAL - D.N.,0,0,Ministerio del Interior / portal oficial de datos abiertos,PRIMARY_OFFICIAL
2008,2008-03-09,45 - Toledo,DEMOCRACIA NACIONAL - DN,162,0,Ministerio del Interior / portal oficial de datos abiertos,PRIMARY_OFFICIAL
2008,2008-03-09,45 - Toledo,EI ESCONS INSUBMISOS-ALTERNATIVA DELS DEMOCRATES DESCONTENTS - Ei,0,0,Ministerio del Interior / portal oficial de datos abiertos,PRIMARY_OFFICIAL
2008,2008-03-09,45 - Toledo,ELS VERDS - L'ALTERNATIVA ECOLOGISTA - EV-AE,0,0,Ministerio del Interior / portal oficial de datos abiertos,PRIMARY_OFFICIAL
2008,2008-03-09,45 - Toledo,ELS VERDS-ALTERNATIVA VERDA - E.V.-A.V.,0,0,Ministerio del Interior / portal oficial de datos abiertos,PRIMARY_OFFICIAL
2008,2008-03-09,45 - Toledo,ELS VERDS-LOS VERDES - EV-LV,0,0,Ministerio del Interior / portal oficial de datos abiertos,PRIMARY_OFFICIAL
2008,2008-03-09,45 - Toledo,ESCONS INSUBMISOS ALTERNATIVA DELS DEMOCRATES DESCONTENTS - EI-ADD,0,0,Ministerio del Interior / portal oficial de datos abiertos,PRIMARY_OFFICIAL
2008,2008-03-09,45 - Toledo,ESCONS INSUBMISOS-ALTERNATIVA DELS DEMOCRATES DESCONTENTS - Ei,0,0,Ministerio del Interior / portal oficial de datos abiertos,PRIMARY_OFFICIAL
2008,2008-03-09,45 - Toledo,ESPAÑA 2000 - E-2000,44,0,Ministerio del Interior / portal oficial de datos abiertos,PRIMARY_OFFICIAL
2008,2008-03-09,45 - Toledo,ESPAÑA-2000 - E-2000,0,0,Ministerio del Interior / portal oficial de datos abiertos,PRIMARY_OFFICIAL
2008,2008-03-09,45 - Toledo,ESQUERDA UNIDA-IZQUIERDA UNIDA-ALTERNATIVA - EU-IU,0,0,Ministerio del Interior / portal oficial de datos abiertos,PRIMARY_OFFICIAL
2008,2008-03-09,45 - Toledo,ESQUERRA REPUBLICANA DE CATALUNYA - ESQUERRA,0,0,Ministerio del Interior / portal oficial de datos abiertos,PRIMARY_OFFICIAL
2008,2008-03-09,45 - Toledo,ESQUERRA REPUBLICANA DE CATALUNYA - esquerra,0,0,Ministerio del Interior / portal oficial de datos abiertos,PRIMARY_OFFICIAL
2008,2008-03-09,45 - Toledo,ESQUERRA REPUBLICANA DEL PAIS VALENCIA-PAIS VALENCIA SI - ESQUERRA-PV,0,0,Ministerio del Interior / portal oficial de datos abiertos,PRIMARY_OFFICIAL
2008,2008-03-09,45 - Toledo,"ESQUERRA REPUBLICANA DEL PAIS VALENCIA-PAIS VALENCIA, SI - ESQUERRA-PV",0,0,Ministerio del Interior / portal oficial de datos abiertos,PRIMARY_OFFICIAL
2008,2008-03-09,45 - Toledo,ESQUERRA UNIDA - ELS VERDS - EU-EV,0,0,Ministerio del Interior / portal oficial de datos abiertos,PRIMARY_OFFICIAL
2008,2008-03-09,45 - Toledo,ESQUERRA UNIDA DEL PAIS VALENCIA-IZQUIERDA REPUBLICANA: ESQUERRA UNIDA I REPUBLICANA - EUPV-IR,0,0,Ministerio del Interior / portal oficial de datos abiertos,PRIMARY_OFFICIAL
2008,2008-03-09,45 - Toledo,ESQUERRA UNIDA DEL PAIS VALENCIA-IZQUIERDA REPUBLICANA:ESQUERRA UNIDA I REPUBLICANA - EUPV-IR,0,0,Ministerio del Interior / portal oficial de datos abiertos,PRIMARY_OFFICIAL
2008,2008-03-09,45 - Toledo,EUSKO ALKARTASUNA - EA,0,0,Ministerio del Interior / portal oficial de datos abiertos,PRIMARY_OFFICIAL
2008,2008-03-09,45 - Toledo,EUZKO ALDERDI JELTZALEA-PARTIDO NACIONALISTA VASCO - EAJ-PNV,0,0,Ministerio del Interior / portal oficial de datos abiertos,PRIMARY_OFFICIAL
2008,2008-03-09,45 - Toledo,EXTREMADURA UNIDA - EXTREMADURA UNIDA,0,0,Ministerio del Interior / portal oficial de datos abiertos,PRIMARY_OFFICIAL
2008,2008-03-09,45 - Toledo,EZKER BATUA-BERDEAK-ALTERNATIVA - EB-B,0,0,Ministerio del Interior / portal oficial de datos abiertos,PRIMARY_OFFICIAL
2008,2008-03-09,45 - Toledo,FALANGE AUTENTICA - F.A.,0,0,Ministerio del Interior / portal oficial de datos abiertos,PRIMARY_OFFICIAL
2008,2008-03-09,45 - Toledo,FALANGE AUTENTICA - FA,88,0,Ministerio del Interior / portal oficial de datos abiertos,PRIMARY_OFFICIAL
2008,2008-03-09,45 - Toledo,FALANGE ESPAÑOLA DE LA JONS - FE de las JONS,0,0,Ministerio del Interior / portal oficial de datos abiertos,PRIMARY_OFFICIAL
2008,2008-03-09,45 - Toledo,FALANGE ESPAÑOLA DE LAS J.O.N.S. - F.E. de las J.O.N.S.,0,0,Ministerio del Interior / portal oficial de datos abiertos,PRIMARY_OFFICIAL
2008,2008-03-09,45 - Toledo,FALANGE ESPAÑOLA DE LAS J.O.N.S. - FE de las JONS,0,0,Ministerio del Interior / portal oficial de datos abiertos,PRIMARY_OFFICIAL
2008,2008-03-09,45 - Toledo,FALANGE ESPAÑOLA DE LAS J.O.N.S. - FE-JONS,0,0,Ministerio del Interior / portal oficial de datos abiertos,PRIMARY_OFFICIAL
2008,2008-03-09,45 - Toledo,FALANGE ESPAÑOLA DE LAS JONS - F.E. de las J.O.N.S.,0,0,Ministerio del Interior / portal oficial de datos abiertos,PRIMARY_OFFICIAL
2008,2008-03-09,45 - Toledo,FALANGE ESPAÑOLA DE LAS JONS - FE DE LAS JONS,0,0,Ministerio del Interior / portal oficial de datos abiertos,PRIMARY_OFFICIAL
2008,2008-03-09,45 - Toledo,FALANGE ESPAÑOLA DE LAS JONS - FE de las JONS,227,0,Ministerio del Interior / portal oficial de datos abiertos,PRIMARY_OFFICIAL
2008,2008-03-09,45 - Toledo,FALANGE ESPAÑOLA DE LAS JONS - FE-JONS,0,0,Ministerio del Interior / portal oficial de datos abiertos,PRIMARY_OFFICIAL
2008,2008-03-09,45 - Toledo,FAMILIA I VIDA - PFiV,0,0,Ministerio del Interior / portal oficial de datos abiertos,PRIMARY_OFFICIAL
2008,2008-03-09,45 - Toledo,FAMILIA Y VIDA - PFyV,158,0,Ministerio del Interior / portal oficial de datos abiertos,PRIMARY_OFFICIAL
2008,2008-03-09,45 - Toledo,FRENTE ESPAÑOL - F.E,0,0,Ministerio del Interior / portal oficial de datos abiertos,PRIMARY_OFFICIAL
2008,2008-03-09,45 - Toledo,FRENTE ESPAÑOL - F.E.,0,0,Ministerio del Interior / portal oficial de datos abiertos,PRIMARY_OFFICIAL
2008,2008-03-09,45 - Toledo,FRENTE ESPAÑOL - FRENTE,0,0,Ministerio del Interior / portal oficial de datos abiertos,PRIMARY_OFFICIAL
2008,2008-03-09,45 - Toledo,GENTES DE EL BIERZO - PB-UB,0,0,Ministerio del Interior / portal oficial de datos abiertos,PRIMARY_OFFICIAL
2008,2008-03-09,45 - Toledo,IDENTITAT REGNE DE VALENCIA - IRV,0,0,Ministerio del Interior / portal oficial de datos abiertos,PRIMARY_OFFICIAL
2008,2008-03-09,45 - Toledo,INDEPENDIENTES POR CUENCA - ixC,0,0,Ministerio del Interior / portal oficial de datos abiertos,PRIMARY_OFFICIAL
2008,2008-03-09,45 - Toledo,INICIATIVA CIUDADANA BURGALESA - I.C.Bur,0,0,Ministerio del Interior / portal oficial de datos abiertos,PRIMARY_OFFICIAL
2008,2008-03-09,45 - Toledo,INICIATIVA MERINDADES DE CASTILLA - I.M.C.,0,0,Ministerio del Interior / portal oficial de datos abiertos,PRIMARY_OFFICIAL
2008,2008-03-09,45 - Toledo,INICIATIVA PER CATALUNYA VERDS - ESQUERRA UNIDA I ALTERNATIVA - ICV-EUiA,0,0,Ministerio del Interior / portal oficial de datos abiertos,PRIMARY_OFFICIAL
2008,2008-03-09,45 - Toledo,INICIATIVA PER CATALUNYA VERDS-ESQUERRA UNIDA I ALTERNATIVA - ICV-EUiA,0,0,Ministerio del Interior / portal oficial de datos abiertos,PRIMARY_OFFICIAL
2008,2008-03-09,45 - Toledo,IZQUIERDA REPUBLICANA - IR,0,0,Ministerio del Interior / portal oficial de datos abiertos,PRIMARY_OFFICIAL
2008,2008-03-09,45 - Toledo,IZQUIERDA REPUBLICANA-PARTIT REPUBLICA D'ESQUERRA - IR-PRE,0,0,Ministerio del Interior / portal oficial de datos abiertos,PRIMARY_OFFICIAL
2008,2008-03-09,45 - Toledo,IZQUIERDA UNIDA - BLOQUE POR ASTURIES - LOS VERDES - IU-B.A-LOS VERDES,0,0,Ministerio del Interior / portal oficial de datos abiertos,PRIMARY_OFFICIAL
2008,2008-03-09,45 - Toledo,IZQUIERDA UNIDA CANARIA-ALTERNATIVA - IUC,0,0,Ministerio del Interior / portal oficial de datos abiertos,PRIMARY_OFFICIAL
2008,2008-03-09,45 - Toledo,IZQUIERDA UNIDA COMUNIDAD DE MADRID-ALTERNATIVA - IU-CM.,0,0,Ministerio del Interior / portal oficial de datos abiertos,PRIMARY_OFFICIAL
2008,2008-03-09,45 - Toledo,IZQUIERDA UNIDA DE CEUTA - I.U.,0,0,Ministerio del Interior / portal oficial de datos abiertos,PRIMARY_OFFICIAL
2008,2008-03-09,45 - Toledo,IZQUIERDA UNIDA DE LA REGION DE MURCIA-ALTERNATIVA - I.U.R.M.,0,0,Ministerio del Interior / portal oficial de datos abiertos,PRIMARY_OFFICIAL
2008,2008-03-09,45 - Toledo,IZQUIERDA UNIDA DE NAVARRA - NAFARROAKO EZKER BATUA - ALTERNATIVA - IUN-NEB,0,0,Ministerio del Interior / portal oficial de datos abiertos,PRIMARY_OFFICIAL
2008,2008-03-09,45 - Toledo,IZQUIERDA UNIDA LOS VERDES CONVOCATORIA POR ANDALUCIA-ALTERNATIVA - IULV-CA,0,0,Ministerio del Interior / portal oficial de datos abiertos,PRIMARY_OFFICIAL
2008,2008-03-09,45 - Toledo,IZQUIERDA UNIDA LOS VERDES-CONVOCATORIA POR ANDALUCIA - ALTERNATIVA - IULV-CA,0,0,Ministerio del Interior / portal oficial de datos abiertos,PRIMARY_OFFICIAL
2008,2008-03-09,45 - Toledo,IZQUIERDA UNIDA LOS VERDES-CONVOCATORIA POR ANDALUCIA-ALTERNATIVA - IULV-CA,0,0,Ministerio del Interior / portal oficial de datos abiertos,PRIMARY_OFFICIAL
2008,2008-03-09,45 - Toledo,IZQUIERDA UNIDA-ALTERNATIVA - I.U.,0,0,Ministerio del Interior / portal oficial de datos abiertos,PRIMARY_OFFICIAL
2008,2008-03-09,45 - Toledo,IZQUIERDA UNIDA-ALTERNATIVA - IU,11626,0,Ministerio del Interior / portal oficial de datos abiertos,PRIMARY_OFFICIAL
2008,2008-03-09,45 - Toledo,LLUITA INTERNACIONALISTA - (LI(LIT-CI)),0,0,Ministerio del Interior / portal oficial de datos abiertos,PRIMARY_OFFICIAL
2008,2008-03-09,45 - Toledo,LLUITA INTERNACIONALISTA - L.I.(LIT-CI),0,0,Ministerio del Interior / portal oficial de datos abiertos,PRIMARY_OFFICIAL
2008,2008-03-09,45 - Toledo,LLUITA INTERNACIONALISTA - LI-LITCI,0,0,Ministerio del Interior / portal oficial de datos abiertos,PRIMARY_OFFICIAL
2008,2008-03-09,45 - Toledo,LOS VERDES - LOS VERDES,0,0,Ministerio del Interior / portal oficial de datos abiertos,PRIMARY_OFFICIAL
2008,2008-03-09,45 - Toledo,LOS VERDES - LV,0,0,Ministerio del Interior / portal oficial de datos abiertos,PRIMARY_OFFICIAL
2008,2008-03-09,45 - Toledo,LOS VERDES - VERDES,0,0,Ministerio del Interior / portal oficial de datos abiertos,PRIMARY_OFFICIAL
2008,2008-03-09,45 - Toledo,LOS VERDES COMUNIDAD DE MADRID-LOS VERDES DE EUROPA - LVCM-LVE,0,0,Ministerio del Interior / portal oficial de datos abiertos,PRIMARY_OFFICIAL
2008,2008-03-09,45 - Toledo,LOS VERDES DE EUROPA - LOS VERDES DE EUROPA,0,0,Ministerio del Interior / portal oficial de datos abiertos,PRIMARY_OFFICIAL
2008,2008-03-09,45 - Toledo,LOS VERDES DE EUROPA - LVE,763,0,Ministerio del Interior / portal oficial de datos abiertos,PRIMARY_OFFICIAL
2008,2008-03-09,45 - Toledo,LOS VERDES DE EXTREMADURA - LV,0,0,Ministerio del Interior / portal oficial de datos abiertos,PRIMARY_OFFICIAL
2008,2008-03-09,45 - Toledo,LOS VERDES-ELS VERDS - LV-EV,0,0,Ministerio del Interior / portal oficial de datos abiertos,PRIMARY_OFFICIAL
2008,2008-03-09,45 - Toledo,LOS VERDES-GRUPO VERDE - L.V.,0,0,Ministerio del Interior / portal oficial de datos abiertos,PRIMARY_OFFICIAL
2008,2008-03-09,45 - Toledo,LOS VERDES-GRUPO VERDE - LV,0,0,Ministerio del Interior / portal oficial de datos abiertos,PRIMARY_OFFICIAL
2008,2008-03-09,45 - Toledo,LOS VERDES-GRUPO VERDE - LV-GV,1004,0,Ministerio del Interior / portal oficial de datos abiertos,PRIMARY_OFFICIAL
2008,2008-03-09,45 - Toledo,LUCHA INTERNACIONALISTA - LI-LITCI,0,0,Ministerio del Interior / portal oficial de datos abiertos,PRIMARY_OFFICIAL
2008,2008-03-09,45 - Toledo,MOVIMIENTO FALANGISTA DE ESPAÑA - M.F.E.,0,0,Ministerio del Interior / portal oficial de datos abiertos,PRIMARY_OFFICIAL
2008,2008-03-09,45 - Toledo,MOVIMIENTO POR LA UNIDAD DEL PUEBLO CANARIO - MUPC,0,0,Ministerio del Interior / portal oficial de datos abiertos,PRIMARY_OFFICIAL
2008,2008-03-09,45 - Toledo,NAFARROA BAI - NA-BAI,0,0,Ministerio del Interior / portal oficial de datos abiertos,PRIMARY_OFFICIAL
2008,2008-03-09,45 - Toledo,NOSALTRES SOM - N som,0,0,Ministerio del Interior / portal oficial de datos abiertos,PRIMARY_OFFICIAL
2008,2008-03-09,45 - Toledo,NUEVA CANARIAS-CENTRO CANARIO - NC-CCN,0,0,Ministerio del Interior / portal oficial de datos abiertos,PRIMARY_OFFICIAL
2008,2008-03-09,45 - Toledo,OPCIO NACIONALISTA VALENCIANA - O.N.V.,0,0,Ministerio del Interior / portal oficial de datos abiertos,PRIMARY_OFFICIAL
2008,2008-03-09,45 - Toledo,OPCIO NACIONALISTA VALENCIANA - ONV,0,0,Ministerio del Interior / portal oficial de datos abiertos,PRIMARY_OFFICIAL
2008,2008-03-09,45 - Toledo,OS VERDES - GRUPO VERDE - OV,0,0,Ministerio del Interior / portal oficial de datos abiertos,PRIMARY_OFFICIAL
2008,2008-03-09,45 - Toledo,PARTIDO ALTERNATIVA MOTOR Y DEPORTES - A.M.D.,0,0,Ministerio del Interior / portal oficial de datos abiertos,PRIMARY_OFFICIAL
2008,2008-03-09,45 - Toledo,PARTIDO ANTITAURINO CONTRA EL MALTRATO ANIMAL - P.A.C.M.A,0,0,Ministerio del Interior / portal oficial de datos abiertos,PRIMARY_OFFICIAL
2008,2008-03-09,45 - Toledo,PARTIDO ANTITAURINO CONTRA EL MALTRATO ANIMAL - P.A.C.M.A.,0,0,Ministerio del Interior / portal oficial de datos abiertos,PRIMARY_OFFICIAL
2008,2008-03-09,45 - Toledo,PARTIDO ANTITAURINO CONTRA EL MALTRATO ANIMAL - PACMA,0,0,Ministerio del Interior / portal oficial de datos abiertos,PRIMARY_OFFICIAL
2008,2008-03-09,45 - Toledo,PARTIDO ARAGONES - PAR,0,0,Ministerio del Interior / portal oficial de datos abiertos,PRIMARY_OFFICIAL
2008,2008-03-09,45 - Toledo,PARTIDO CARLISTA - P.C.,0,0,Ministerio del Interior / portal oficial de datos abiertos,PRIMARY_OFFICIAL
2008,2008-03-09,45 - Toledo,PARTIDO CARLISTA - PARTIDO CARLISTA,0,0,Ministerio del Interior / portal oficial de datos abiertos,PRIMARY_OFFICIAL
2008,2008-03-09,45 - Toledo,PARTIDO CARLISTA - PC,0,0,Ministerio del Interior / portal oficial de datos abiertos,PRIMARY_OFFICIAL
2008,2008-03-09,45 - Toledo,PARTIDO CARLISTA DE EUSKALERRIA-PARTIDO CARLISTA - EKA-PC.,0,0,Ministerio del Interior / portal oficial de datos abiertos,PRIMARY_OFFICIAL
2008,2008-03-09,45 - Toledo,PARTIDO CARLISTA DE EUSKALHERRIA-EUSKALHERRIKO KARLISTA ALDERDIA - PARTIDO CARLISTA-EKA,0,0,Ministerio del Interior / portal oficial de datos abiertos,PRIMARY_OFFICIAL
2008,2008-03-09,45 - Toledo,PARTIDO CENTRISTA - PCTR,41,0,Ministerio del Interior / portal oficial de datos abiertos,PRIMARY_OFFICIAL
2008,2008-03-09,45 - Toledo,PARTIDO CENTRISTAS - Centristas PCTR,0,0,Ministerio del Interior / portal oficial de datos abiertos,PRIMARY_OFFICIAL
2008,2008-03-09,45 - Toledo,PARTIDO CENTRISTAS - PCTR,0,0,Ministerio del Interior / portal oficial de datos abiertos,PRIMARY_OFFICIAL
2008,2008-03-09,45 - Toledo,PARTIDO CIUDADANOS UNIDOS DE ARAGON - pCUA,0,0,Ministerio del Interior / portal oficial de datos abiertos,PRIMARY_OFFICIAL
2008,2008-03-09,45 - Toledo,PARTIDO COMUNISTA DE LOS PUEBLOS DE ESPAÑA - P.C.P.E.,0,0,Ministerio del Interior / portal oficial de datos abiertos,PRIMARY_OFFICIAL
2008,2008-03-09,45 - Toledo,PARTIDO COMUNISTA DE LOS PUEBLOS DE ESPAÑA - P.C.P.E.-E.K.,0,0,Ministerio del Interior / portal oficial de datos abiertos,PRIMARY_OFFICIAL
2008,2008-03-09,45 - Toledo,PARTIDO COMUNISTA DE LOS PUEBLOS DE ESPAÑA - PCPE,215,0,Ministerio del Interior / portal oficial de datos abiertos,PRIMARY_OFFICIAL
2008,2008-03-09,45 - Toledo,PARTIDO COMUNISTA DE LOS PUEBLOS DE ESPAÑA-EUSKAL KOMUNISTAK - PCPE - EK,0,0,Ministerio del Interior / portal oficial de datos abiertos,PRIMARY_OFFICIAL
2008,2008-03-09,45 - Toledo,PARTIDO COMUNISTA DEL PUEBLO CANARIO - PCPE,0,0,Ministerio del Interior / portal oficial de datos abiertos,PRIMARY_OFFICIAL
2008,2008-03-09,45 - Toledo,PARTIDO COMUNISTA DEL PUEBLO CASTELLANO - PCPE,0,0,Ministerio del Interior / portal oficial de datos abiertos,PRIMARY_OFFICIAL
2008,2008-03-09,45 - Toledo,PARTIDO COMUNISTA DEL PUEBLO CASTELLANO-PCPE - PCPE,0,0,Ministerio del Interior / portal oficial de datos abiertos,PRIMARY_OFFICIAL
2008,2008-03-09,45 - Toledo,PARTIDO COMUNISTA DEL PUEBLO DE CATALUNYA - PCPC,0,0,Ministerio del Interior / portal oficial de datos abiertos,PRIMARY_OFFICIAL
2008,2008-03-09,45 - Toledo,PARTIDO COMUNISTA DEL PUEBLO DE CATALUÑA - PCPC,0,0,Ministerio del Interior / portal oficial de datos abiertos,PRIMARY_OFFICIAL
2008,2008-03-09,45 - Toledo,PARTIDO COMUNISTA DO POBO GALEGO - PCPG,0,0,Ministerio del Interior / portal oficial de datos abiertos,PRIMARY_OFFICIAL
2008,2008-03-09,45 - Toledo,PARTIDO COMUNISTA DO POVO GALEGO - P.C.P.G.,0,0,Ministerio del Interior / portal oficial de datos abiertos,PRIMARY_OFFICIAL
2008,2008-03-09,45 - Toledo,PARTIDO COMUNISTA PUEBLOS DE ESPAÑA - PCPE,0,0,Ministerio del Interior / portal oficial de datos abiertos,PRIMARY_OFFICIAL
2008,2008-03-09,45 - Toledo,PARTIDO DE ALIANZA IBEROAMERICANA EUROPEA - PAIE,0,0,Ministerio del Interior / portal oficial de datos abiertos,PRIMARY_OFFICIAL
2008,2008-03-09,45 - Toledo,PARTIDO DE ALMERIA - PdeAL,0,0,Ministerio del Interior / portal oficial de datos abiertos,PRIMARY_OFFICIAL
2008,2008-03-09,45 - Toledo,PARTIDO DE LAS LIBERTADES CIVILES - PLCI,0,0,Ministerio del Interior / portal oficial de datos abiertos,PRIMARY_OFFICIAL
2008,2008-03-09,45 - Toledo,PARTIDO DE LOS NO-FUMADORES - PNF (NO-FUMADORES),0,0,Ministerio del Interior / portal oficial de datos abiertos,PRIMARY_OFFICIAL
2008,2008-03-09,45 - Toledo,PARTIDO DE LOS PENSIONISTAS EN ACCION - PDLPEA,0,0,Ministerio del Interior / portal oficial de datos abiertos,PRIMARY_OFFICIAL
2008,2008-03-09,45 - Toledo,PARTIDO DOS SOCIALISTAS DE GALICIA-PARTIDO SOCIALISTA OBRERO ESPAÑOL - PSdeG-PSOE,0,0,Ministerio del Interior / portal oficial de datos abiertos,PRIMARY_OFFICIAL
2008,2008-03-09,45 - Toledo,PARTIDO DOS SOCIALISTAS DE GALICIA-PSOE - PSdeG-PSOE,0,0,Ministerio del Interior / portal oficial de datos abiertos,PRIMARY_OFFICIAL
2008,2008-03-09,45 - Toledo,PARTIDO FAMILIA Y VIDA - PFyV,0,0,Ministerio del Interior / portal oficial de datos abiertos,PRIMARY_OFFICIAL
2008,2008-03-09,45 - Toledo,PARTIDO HACHE - PHache,0,0,Ministerio del Interior / portal oficial de datos abiertos,PRIMARY_OFFICIAL
2008,2008-03-09,45 - Toledo,PARTIDO HUMANISTA - P.H.,0,0,Ministerio del Interior / portal oficial de datos abiertos,PRIMARY_OFFICIAL
2008,2008-03-09,45 - Toledo,PARTIDO HUMANISTA - PH,76,0,Ministerio del Interior / portal oficial de datos abiertos,PRIMARY_OFFICIAL
2008,2008-03-09,45 - Toledo,PARTIDO IZQUIERDA REPUBLICANA-PARTIT REPUBLICA D'ESQUERRA - IR-PRE,0,0,Ministerio del Interior / portal oficial de datos abiertos,PRIMARY_OFFICIAL
2008,2008-03-09,45 - Toledo,PARTIDO LIBERAL DEL EMPLEO Y LA VIVIENDA ESTATAL - P.L.E.V.E.,0,0,Ministerio del Interior / portal oficial de datos abiertos,PRIMARY_OFFICIAL
2008,2008-03-09,45 - Toledo,PARTIDO LIBERTADES CIVILES - PLCI,0,0,Ministerio del Interior / portal oficial de datos abiertos,PRIMARY_OFFICIAL
2008,2008-03-09,45 - Toledo,PARTIDO OBRERO SOCIALISTA INTERNACIONALISTA - P.O.S.I.,0,0,Ministerio del Interior / portal oficial de datos abiertos,PRIMARY_OFFICIAL
2008,2008-03-09,45 - Toledo,PARTIDO OBRERO SOCIALISTA INTERNACIONALISTA - POSI,0,0,Ministerio del Interior / portal oficial de datos abiertos,PRIMARY_OFFICIAL
2008,2008-03-09,45 - Toledo,PARTIDO POLITICO ARALAR - aralar,0,0,Ministerio del Interior / portal oficial de datos abiertos,PRIMARY_OFFICIAL
2008,2008-03-09,45 - Toledo,PARTIDO POPULAR - P.P.,201166,3,Ministerio del Interior / portal oficial de datos abiertos,PRIMARY_OFFICIAL
2008,2008-03-09,45 - Toledo,PARTIDO POPULAR - PP,0,0,Ministerio del Interior / portal oficial de datos abiertos,PRIMARY_OFFICIAL
2008,2008-03-09,45 - Toledo,PARTIDO POPULAR/PARTIT POPULAR - PP,0,0,Ministerio del Interior / portal oficial de datos abiertos,PRIMARY_OFFICIAL
2008,2008-03-09,45 - Toledo,PARTIDO POR UN MUNDO MAS JUSTO - PUM+J,0,0,Ministerio del Interior / portal oficial de datos abiertos,PRIMARY_OFFICIAL
2008,2008-03-09,45 - Toledo,PARTIDO POSITIVISTA CRISTIANO - PPCr,0,0,Ministerio del Interior / portal oficial de datos abiertos,PRIMARY_OFFICIAL
2008,2008-03-09,45 - Toledo,PARTIDO REGIONALISTA DE GUADALAJARA - P.R.GU.,0,0,Ministerio del Interior / portal oficial de datos abiertos,PRIMARY_OFFICIAL
2008,2008-03-09,45 - Toledo,PARTIDO REGIONALISTA DEL PAIS LEONES - PREPAL,0,0,Ministerio del Interior / portal oficial de datos abiertos,PRIMARY_OFFICIAL
2008,2008-03-09,45 - Toledo,PARTIDO RIOJANO - PARTIDO RIOJANO,0,0,Ministerio del Interior / portal oficial de datos abiertos,PRIMARY_OFFICIAL
2008,2008-03-09,45 - Toledo,PARTIDO SOCIAL DEMOCRATA - P.S.D.,0,0,Ministerio del Interior / portal oficial de datos abiertos,PRIMARY_OFFICIAL
2008,2008-03-09,45 - Toledo,PARTIDO SOCIAL DEMOCRATA - PSD,336,0,Ministerio del Interior / portal oficial de datos abiertos,PRIMARY_OFFICIAL
2008,2008-03-09,45 - Toledo,PARTIDO SOCIAL DEMOCRATA-FEDERACION DE LOS INDEPENDIENTES DE ARAGON - PSD-FIA,0,0,Ministerio del Interior / portal oficial de datos abiertos,PRIMARY_OFFICIAL
2008,2008-03-09,45 - Toledo,PARTIDO SOCIALISTA DE EUSKADI-EUSKADIKO EZKERRA (PSOE) - PSE-EE (PSOE),0,0,Ministerio del Interior / portal oficial de datos abiertos,PRIMARY_OFFICIAL
2008,2008-03-09,45 - Toledo,PARTIDO SOCIALISTA DE EUSKADI-EUSKADIKO EZKERRA - PSE-EE (PSOE),0,0,Ministerio del Interior / portal oficial de datos abiertos,PRIMARY_OFFICIAL
2008,2008-03-09,45 - Toledo,PARTIDO SOCIALISTA OBRERO ESPAÑOL - P.S.O.E.,0,0,Ministerio del Interior / portal oficial de datos abiertos,PRIMARY_OFFICIAL
2008,2008-03-09,45 - Toledo,PARTIDO SOCIALISTA OBRERO ESPAÑOL - PSOE,168649,3,Ministerio del Interior / portal oficial de datos abiertos,PRIMARY_OFFICIAL
2008,2008-03-09,45 - Toledo,PARTIDO SOCIALISTA OBRERO ESPAÑOL DE ANDALUCIA - PSOE-A,0,0,Ministerio del Interior / portal oficial de datos abiertos,PRIMARY_OFFICIAL
2008,2008-03-09,45 - Toledo,PARTIDO SOLIDARIDAD Y AUTOGESTION INTERNACIONALISTA - SAIN,0,0,Ministerio del Interior / portal oficial de datos abiertos,PRIMARY_OFFICIAL
2008,2008-03-09,45 - Toledo,PARTIDO UNIONISTA ESTADO DE ESPAÑA - P.U.E.D.E.,0,0,Ministerio del Interior / portal oficial de datos abiertos,PRIMARY_OFFICIAL
2008,2008-03-09,45 - Toledo,PARTIDO UNIONISTA ESTADO DE ESPAÑA - PUEDE,0,0,Ministerio del Interior / portal oficial de datos abiertos,PRIMARY_OFFICIAL
2008,2008-03-09,45 - Toledo,PARTIT ANTITAURI CONTRA EL MALTRACTAMENT ANIMAL - P.A.C.M.A.,0,0,Ministerio del Interior / portal oficial de datos abiertos,PRIMARY_OFFICIAL
2008,2008-03-09,45 - Toledo,PARTIT ANTITAURI CONTRA EL MALTRACTAMENT ANIMAL - PACMA,0,0,Ministerio del Interior / portal oficial de datos abiertos,PRIMARY_OFFICIAL
2008,2008-03-09,45 - Toledo,PARTIT CARLI DE CATALUNYA - P. C. de C.,0,0,Ministerio del Interior / portal oficial de datos abiertos,PRIMARY_OFFICIAL
2008,2008-03-09,45 - Toledo,PARTIT CARLI DE CATALUNYA - PCaC,0,0,Ministerio del Interior / portal oficial de datos abiertos,PRIMARY_OFFICIAL
2008,2008-03-09,45 - Toledo,PARTIT COMUNISTA DEL POBLE DE CATALUNYA - P.C.P.C.,0,0,Ministerio del Interior / portal oficial de datos abiertos,PRIMARY_OFFICIAL
2008,2008-03-09,45 - Toledo,PARTIT COMUNISTA DELS POBLES D'ESPANYA - PCPE,0,0,Ministerio del Interior / portal oficial de datos abiertos,PRIMARY_OFFICIAL
2008,2008-03-09,45 - Toledo,PARTIT DELS SOCIALISTES DE CATALUNYA - PSC (PSC-PSOE),0,0,Ministerio del Interior / portal oficial de datos abiertos,PRIMARY_OFFICIAL
2008,2008-03-09,45 - Toledo,PARTIT DELS SOCIALISTES DE CATALUNYA - PSC-PSOE,0,0,Ministerio del Interior / portal oficial de datos abiertos,PRIMARY_OFFICIAL
2008,2008-03-09,45 - Toledo,PARTIT FAMILIA I VIDA - PFiV,0,0,Ministerio del Interior / portal oficial de datos abiertos,PRIMARY_OFFICIAL
2008,2008-03-09,45 - Toledo,PARTIT HUMANISTA - P.H.,0,0,Ministerio del Interior / portal oficial de datos abiertos,PRIMARY_OFFICIAL
2008,2008-03-09,45 - Toledo,PARTIT HUMANISTA - PH,0,0,Ministerio del Interior / portal oficial de datos abiertos,PRIMARY_OFFICIAL
2008,2008-03-09,45 - Toledo,PARTIT HUMANISTA DE CATALUNYA - PH,0,0,Ministerio del Interior / portal oficial de datos abiertos,PRIMARY_OFFICIAL
2008,2008-03-09,45 - Toledo,PARTIT ILLENC DE SES ILLES BALEARS - PIIB,0,0,Ministerio del Interior / portal oficial de datos abiertos,PRIMARY_OFFICIAL
2008,2008-03-09,45 - Toledo,PARTIT OBRER SOCIALISTA INTERNACIONALISTA - P.O.S.I.,0,0,Ministerio del Interior / portal oficial de datos abiertos,PRIMARY_OFFICIAL
2008,2008-03-09,45 - Toledo,PARTIT OBRER SOCIALISTA INTERNACIONALISTA - POSI,0,0,Ministerio del Interior / portal oficial de datos abiertos,PRIMARY_OFFICIAL
2008,2008-03-09,45 - Toledo,PARTIT PER CATALUNYA - PxCat,0,0,Ministerio del Interior / portal oficial de datos abiertos,PRIMARY_OFFICIAL
2008,2008-03-09,45 - Toledo,PARTIT POPULAR/PARTIDO POPULAR - P.P.,0,0,Ministerio del Interior / portal oficial de datos abiertos,PRIMARY_OFFICIAL
2008,2008-03-09,45 - Toledo,PARTIT REPUBLICA CATALA - RC,0,0,Ministerio del Interior / portal oficial de datos abiertos,PRIMARY_OFFICIAL
2008,2008-03-09,45 - Toledo,PER LA REPUBLICA VALENCIANA - PLRV,0,0,Ministerio del Interior / portal oficial de datos abiertos,PRIMARY_OFFICIAL
2008,2008-03-09,45 - Toledo,PER LA REPUBLICA VALENCIANA - plRV,0,0,Ministerio del Interior / portal oficial de datos abiertos,PRIMARY_OFFICIAL
2008,2008-03-09,45 - Toledo,POR UN MUNDO MAS JUSTO - PUM+J,217,0,Ministerio del Interior / portal oficial de datos abiertos,PRIMARY_OFFICIAL
2008,2008-03-09,45 - Toledo,REPRESENTACION CANNABICA NAVARRA - RCN-NOK,0,0,Ministerio del Interior / portal oficial de datos abiertos,PRIMARY_OFFICIAL
2008,2008-03-09,45 - Toledo,SOLIDARIDAD Y AUTOGESTION INTERNACIONALISTA - SAIN,0,0,Ministerio del Interior / portal oficial de datos abiertos,PRIMARY_OFFICIAL
2008,2008-03-09,45 - Toledo,SOLIDARIDAD Y AUTOGESTION INTERNACIONALISTA - SAIn,0,0,Ministerio del Interior / portal oficial de datos abiertos,PRIMARY_OFFICIAL
2008,2008-03-09,45 - Toledo,TIERRA COMUNERA - TC,250,0,Ministerio del Interior / portal oficial de datos abiertos,PRIMARY_OFFICIAL
2008,2008-03-09,45 - Toledo,UNIDA - UNIDA,0,0,Ministerio del Interior / portal oficial de datos abiertos,PRIMARY_OFFICIAL
2008,2008-03-09,45 - Toledo,UNIDAD CASTELLANA - Ud. Ca.,0,0,Ministerio del Interior / portal oficial de datos abiertos,PRIMARY_OFFICIAL
2008,2008-03-09,45 - Toledo,UNIDAD DEL PUEBLO - UNIDAD DEL PUEBLO,0,0,Ministerio del Interior / portal oficial de datos abiertos,PRIMARY_OFFICIAL
2008,2008-03-09,45 - Toledo,UNIDAD REGIONALISTA DE CASTILLA Y LEON - U.R.C.L.,0,0,Ministerio del Interior / portal oficial de datos abiertos,PRIMARY_OFFICIAL
2008,2008-03-09,45 - Toledo,UNION CENTRISTA LIBERAL - UCL,0,0,Ministerio del Interior / portal oficial de datos abiertos,PRIMARY_OFFICIAL
2008,2008-03-09,45 - Toledo,UNION CIUDADANA PROGRESISTAS INDEPENDIENTES DE CANARIAS - UCPIC,0,0,Ministerio del Interior / portal oficial de datos abiertos,PRIMARY_OFFICIAL
2008,2008-03-09,45 - Toledo,UNION DEL PUEBLO LEONES - UPL,0,0,Ministerio del Interior / portal oficial de datos abiertos,PRIMARY_OFFICIAL
2008,2008-03-09,45 - Toledo,UNION DEL PUEBLO NAVARRO EN COALICION CON EL PARTIDO POPULAR - UPN-PP,0,0,Ministerio del Interior / portal oficial de datos abiertos,PRIMARY_OFFICIAL
2008,2008-03-09,45 - Toledo,UNION POR LEGANES - ULEG,0,0,Ministerio del Interior / portal oficial de datos abiertos,PRIMARY_OFFICIAL
2008,2008-03-09,45 - Toledo,UNION PROGRESO Y DEMOCRACIA - UPD,0,0,Ministerio del Interior / portal oficial de datos abiertos,PRIMARY_OFFICIAL
2008,2008-03-09,45 - Toledo,UNION PROGRESO Y DEMOCRACIA - UPyD,3775,0,Ministerio del Interior / portal oficial de datos abiertos,PRIMARY_OFFICIAL
2008,2008-03-09,45 - Toledo,"UNION, PROGRESO Y DEMOCRACIA - UPyD",0,0,Ministerio del Interior / portal oficial de datos abiertos,PRIMARY_OFFICIAL
2008,2008-03-09,45 - Toledo,UNITAT PER LES ILLES - UNITAT PER LES ILLES,0,0,Ministerio del Interior / portal oficial de datos abiertos,PRIMARY_OFFICIAL
2008,2008-03-09,46 - Valencia/València,AGRUPACION CIUDADANA - AGRUCI,0,0,Ministerio del Interior / portal oficial de datos abiertos,PRIMARY_OFFICIAL
2008,2008-03-09,46 - Valencia/València,ALIANZA NACIONAL - A.u.N.,0,0,Ministerio del Interior / portal oficial de datos abiertos,PRIMARY_OFFICIAL
2008,2008-03-09,46 - Valencia/València,ALIANZA NACIONAL - AN,0,0,Ministerio del Interior / portal oficial de datos abiertos,PRIMARY_OFFICIAL
2008,2008-03-09,46 - Valencia/València,ALIANZA NACIONAL - AUN,0,0,Ministerio del Interior / portal oficial de datos abiertos,PRIMARY_OFFICIAL
2008,2008-03-09,46 - Valencia/València,ALIANZA NACIONAL - AuN,226,0,Ministerio del Interior / portal oficial de datos abiertos,PRIMARY_OFFICIAL
2008,2008-03-09,46 - Valencia/València,ALIANZA POR BURGOS - AxB,0,0,Ministerio del Interior / portal oficial de datos abiertos,PRIMARY_OFFICIAL
2008,2008-03-09,46 - Valencia/València,ALIANÇA BALEAR - ABA,0,0,Ministerio del Interior / portal oficial de datos abiertos,PRIMARY_OFFICIAL
2008,2008-03-09,46 - Valencia/València,ALTERNATIVA EN BLANCO - ABLA,0,0,Ministerio del Interior / portal oficial de datos abiertos,PRIMARY_OFFICIAL
2008,2008-03-09,46 - Valencia/València,ALTERNATIVA EN BLANCO - aBla,0,0,Ministerio del Interior / portal oficial de datos abiertos,PRIMARY_OFFICIAL
2008,2008-03-09,46 - Valencia/València,ALTERNATIVA ESPAÑOLA - AES,250,0,Ministerio del Interior / portal oficial de datos abiertos,PRIMARY_OFFICIAL
2008,2008-03-09,46 - Valencia/València,ALTERNATIVA MOTOR Y DEPORTE - A.M.D.,0,0,Ministerio del Interior / portal oficial de datos abiertos,PRIMARY_OFFICIAL
2008,2008-03-09,46 - Valencia/València,ALTERNATIVA MOTOR Y DEPORTES - A.M.D.,0,0,Ministerio del Interior / portal oficial de datos abiertos,PRIMARY_OFFICIAL
2008,2008-03-09,46 - Valencia/València,ALTERNATIVA MOTOR Y DEPORTES - AMD,0,0,Ministerio del Interior / portal oficial de datos abiertos,PRIMARY_OFFICIAL
2008,2008-03-09,46 - Valencia/València,ALTERNATIVA NACIONALISTA CANARIA - ANC,0,0,Ministerio del Interior / portal oficial de datos abiertos,PRIMARY_OFFICIAL
2008,2008-03-09,46 - Valencia/València,ANDECHA ASTUR - AA,0,0,Ministerio del Interior / portal oficial de datos abiertos,PRIMARY_OFFICIAL
2008,2008-03-09,46 - Valencia/València,ARALAR - aralar,0,0,Ministerio del Interior / portal oficial de datos abiertos,PRIMARY_OFFICIAL
2008,2008-03-09,46 - Valencia/València,ASAMBLEA DE VOTACION ELECTRONICA - AVE,0,0,Ministerio del Interior / portal oficial de datos abiertos,PRIMARY_OFFICIAL
2008,2008-03-09,46 - Valencia/València,BERDEAK-LOS VERDES - B-LV,0,0,Ministerio del Interior / portal oficial de datos abiertos,PRIMARY_OFFICIAL
2008,2008-03-09,46 - Valencia/València,BLOC-INICIATIVA-VERDS - BLOC-IDPV-EV-EE,0,0,Ministerio del Interior / portal oficial de datos abiertos,PRIMARY_OFFICIAL
2008,2008-03-09,46 - Valencia/València,BLOC-INICIATIVA-VERDS - BLOC-IdPV-EV-EE,19826,0,Ministerio del Interior / portal oficial de datos abiertos,PRIMARY_OFFICIAL
2008,2008-03-09,46 - Valencia/València,BLOQUE NACIONALISTA GALEGO - B.N.G.,0,0,Ministerio del Interior / portal oficial de datos abiertos,PRIMARY_OFFICIAL
2008,2008-03-09,46 - Valencia/València,BLOQUE NACIONALISTA GALEGO - BNG,0,0,Ministerio del Interior / portal oficial de datos abiertos,PRIMARY_OFFICIAL
2008,2008-03-09,46 - Valencia/València,CENTRO DEMOCRATICO ESPAÑOL - C.D.Es.,0,0,Ministerio del Interior / portal oficial de datos abiertos,PRIMARY_OFFICIAL
2008,2008-03-09,46 - Valencia/València,CENTRO DEMOCRATICO ESPAÑOL - CDEs,0,0,Ministerio del Interior / portal oficial de datos abiertos,PRIMARY_OFFICIAL
2008,2008-03-09,46 - Valencia/València,CENTRO DEMOCRATICO LIBERAL - C.D.L.,0,0,Ministerio del Interior / portal oficial de datos abiertos,PRIMARY_OFFICIAL
2008,2008-03-09,46 - Valencia/València,CENTRO DEMOCRATICO LIBERAL - CDL,0,0,Ministerio del Interior / portal oficial de datos abiertos,PRIMARY_OFFICIAL
2008,2008-03-09,46 - Valencia/València,CENTRO DEMOCRATICO SOCIAL - C.D.S.,0,0,Ministerio del Interior / portal oficial de datos abiertos,PRIMARY_OFFICIAL
2008,2008-03-09,46 - Valencia/València,CENTRO DEMOCRATICO Y SOCIAL - CDS,0,0,Ministerio del Interior / portal oficial de datos abiertos,PRIMARY_OFFICIAL
2008,2008-03-09,46 - Valencia/València,CHUNTA ARAGONESISTA - CHA,0,0,Ministerio del Interior / portal oficial de datos abiertos,PRIMARY_OFFICIAL
2008,2008-03-09,46 - Valencia/València,CIUDADANOS EN BLANCO - CENB,0,0,Ministerio del Interior / portal oficial de datos abiertos,PRIMARY_OFFICIAL
2008,2008-03-09,46 - Valencia/València,CIUDADANOS EN BLANCO - CNB,0,0,Ministerio del Interior / portal oficial de datos abiertos,PRIMARY_OFFICIAL
2008,2008-03-09,46 - Valencia/València,CIUDADANOS EN BLANCO - CenB,729,0,Ministerio del Interior / portal oficial de datos abiertos,PRIMARY_OFFICIAL
2008,2008-03-09,46 - Valencia/València,CIUDADANOS EN BLANCO - Cenb,0,0,Ministerio del Interior / portal oficial de datos abiertos,PRIMARY_OFFICIAL
2008,2008-03-09,46 - Valencia/València,CIUDADANOS PARTIDO DE LA CIUDADANIA - C's,0,0,Ministerio del Interior / portal oficial de datos abiertos,PRIMARY_OFFICIAL
2008,2008-03-09,46 - Valencia/València,CIUDADANOS-PARTIDO DE LA CIUDADANIA - C's,1177,0,Ministerio del Interior / portal oficial de datos abiertos,PRIMARY_OFFICIAL
2008,2008-03-09,46 - Valencia/València,"CIUDADANOS-PARTIDO DE LA CIUDADANIA - C,S",0,0,Ministerio del Interior / portal oficial de datos abiertos,PRIMARY_OFFICIAL
2008,2008-03-09,46 - Valencia/València,CIUTADANS-PARTIDO DE LA CIUDADANIA - C's,0,0,Ministerio del Interior / portal oficial de datos abiertos,PRIMARY_OFFICIAL
2008,2008-03-09,46 - Valencia/València,COALICIO TREBALLADORS PER LA DEMOCRACIA - TD,0,0,Ministerio del Interior / portal oficial de datos abiertos,PRIMARY_OFFICIAL
2008,2008-03-09,46 - Valencia/València,COALICIO VALENCIANA - CVa,4906,0,Ministerio del Interior / portal oficial de datos abiertos,PRIMARY_OFFICIAL
2008,2008-03-09,46 - Valencia/València,COALICION ANDALUCISTA - CA,0,0,Ministerio del Interior / portal oficial de datos abiertos,PRIMARY_OFFICIAL
2008,2008-03-09,46 - Valencia/València,COALICION CANARIA-PARTIDO NACIONALISTA CANARIO - CC-PNC,0,0,Ministerio del Interior / portal oficial de datos abiertos,PRIMARY_OFFICIAL
2008,2008-03-09,46 - Valencia/València,COALICION CANARIA-PARTIDO NACIONALISTA CANARIO-PARTIDO DE INDEPENDIENTES DE LANZAROTE - CC-PNC-PIL,0,0,Ministerio del Interior / portal oficial de datos abiertos,PRIMARY_OFFICIAL
2008,2008-03-09,46 - Valencia/València,COMUNION TRADICIONALISTA CARLISTA - C.T.C.,0,0,Ministerio del Interior / portal oficial de datos abiertos,PRIMARY_OFFICIAL
2008,2008-03-09,46 - Valencia/València,COMUNION TRADICIONALISTA CARLISTA - CTC,0,0,Ministerio del Interior / portal oficial de datos abiertos,PRIMARY_OFFICIAL
2008,2008-03-09,46 - Valencia/València,CONVERGENCIA DEMOCRATICA ASTURIANA - CDAS,0,0,Ministerio del Interior / portal oficial de datos abiertos,PRIMARY_OFFICIAL
2008,2008-03-09,46 - Valencia/València,CONVERGENCIA I UNIO - CIU,0,0,Ministerio del Interior / portal oficial de datos abiertos,PRIMARY_OFFICIAL
2008,2008-03-09,46 - Valencia/València,CONVERGENCIA I UNIO - CiU,0,0,Ministerio del Interior / portal oficial de datos abiertos,PRIMARY_OFFICIAL
2008,2008-03-09,46 - Valencia/València,DEMOCRACIA NACIONAL - D.N.,0,0,Ministerio del Interior / portal oficial de datos abiertos,PRIMARY_OFFICIAL
2008,2008-03-09,46 - Valencia/València,DEMOCRACIA NACIONAL - DN,525,0,Ministerio del Interior / portal oficial de datos abiertos,PRIMARY_OFFICIAL
2008,2008-03-09,46 - Valencia/València,EI ESCONS INSUBMISOS-ALTERNATIVA DELS DEMOCRATES DESCONTENTS - Ei,0,0,Ministerio del Interior / portal oficial de datos abiertos,PRIMARY_OFFICIAL
2008,2008-03-09,46 - Valencia/València,ELS VERDS - L'ALTERNATIVA ECOLOGISTA - EV-AE,0,0,Ministerio del Interior / portal oficial de datos abiertos,PRIMARY_OFFICIAL
2008,2008-03-09,46 - Valencia/València,ELS VERDS-ALTERNATIVA VERDA - E.V.-A.V.,0,0,Ministerio del Interior / portal oficial de datos abiertos,PRIMARY_OFFICIAL
2008,2008-03-09,46 - Valencia/València,ELS VERDS-LOS VERDES - EV-LV,3869,0,Ministerio del Interior / portal oficial de datos abiertos,PRIMARY_OFFICIAL
2008,2008-03-09,46 - Valencia/València,ESCONS INSUBMISOS ALTERNATIVA DELS DEMOCRATES DESCONTENTS - EI-ADD,0,0,Ministerio del Interior / portal oficial de datos abiertos,PRIMARY_OFFICIAL
2008,2008-03-09,46 - Valencia/València,ESCONS INSUBMISOS-ALTERNATIVA DELS DEMOCRATES DESCONTENTS - Ei,0,0,Ministerio del Interior / portal oficial de datos abiertos,PRIMARY_OFFICIAL
2008,2008-03-09,46 - Valencia/València,ESPAÑA 2000 - E-2000,2220,0,Ministerio del Interior / portal oficial de datos abiertos,PRIMARY_OFFICIAL
2008,2008-03-09,46 - Valencia/València,ESPAÑA-2000 - E-2000,0,0,Ministerio del Interior / portal oficial de datos abiertos,PRIMARY_OFFICIAL
2008,2008-03-09,46 - Valencia/València,ESQUERDA UNIDA-IZQUIERDA UNIDA-ALTERNATIVA - EU-IU,0,0,Ministerio del Interior / portal oficial de datos abiertos,PRIMARY_OFFICIAL
2008,2008-03-09,46 - Valencia/València,ESQUERRA REPUBLICANA DE CATALUNYA - ESQUERRA,0,0,Ministerio del Interior / portal oficial de datos abiertos,PRIMARY_OFFICIAL
2008,2008-03-09,46 - Valencia/València,ESQUERRA REPUBLICANA DE CATALUNYA - esquerra,0,0,Ministerio del Interior / portal oficial de datos abiertos,PRIMARY_OFFICIAL
2008,2008-03-09,46 - Valencia/València,ESQUERRA REPUBLICANA DEL PAIS VALENCIA-PAIS VALENCIA SI - ESQUERRA-PV,3602,0,Ministerio del Interior / portal oficial de datos abiertos,PRIMARY_OFFICIAL
2008,2008-03-09,46 - Valencia/València,"ESQUERRA REPUBLICANA DEL PAIS VALENCIA-PAIS VALENCIA, SI - ESQUERRA-PV",0,0,Ministerio del Interior / portal oficial de datos abiertos,PRIMARY_OFFICIAL
2008,2008-03-09,46 - Valencia/València,ESQUERRA UNIDA - ELS VERDS - EU-EV,0,0,Ministerio del Interior / portal oficial de datos abiertos,PRIMARY_OFFICIAL
2008,2008-03-09,46 - Valencia/València,ESQUERRA UNIDA DEL PAIS VALENCIA-IZQUIERDA REPUBLICANA: ESQUERRA UNIDA I REPUBLICANA - EUPV-IR,0,0,Ministerio del Interior / portal oficial de datos abiertos,PRIMARY_OFFICIAL
2008,2008-03-09,46 - Valencia/València,ESQUERRA UNIDA DEL PAIS VALENCIA-IZQUIERDA REPUBLICANA:ESQUERRA UNIDA I REPUBLICANA - EUPV-IR,46683,0,Ministerio del Interior / portal oficial de datos abiertos,PRIMARY_OFFICIAL
2008,2008-03-09,46 - Valencia/València,EUSKO ALKARTASUNA - EA,0,0,Ministerio del Interior / portal oficial de datos abiertos,PRIMARY_OFFICIAL
2008,2008-03-09,46 - Valencia/València,EUZKO ALDERDI JELTZALEA-PARTIDO NACIONALISTA VASCO - EAJ-PNV,0,0,Ministerio del Interior / portal oficial de datos abiertos,PRIMARY_OFFICIAL
2008,2008-03-09,46 - Valencia/València,EXTREMADURA UNIDA - EXTREMADURA UNIDA,0,0,Ministerio del Interior / portal oficial de datos abiertos,PRIMARY_OFFICIAL
2008,2008-03-09,46 - Valencia/València,EZKER BATUA-BERDEAK-ALTERNATIVA - EB-B,0,0,Ministerio del Interior / portal oficial de datos abiertos,PRIMARY_OFFICIAL
2008,2008-03-09,46 - Valencia/València,FALANGE AUTENTICA - F.A.,230,0,Ministerio del Interior / portal oficial de datos abiertos,PRIMARY_OFFICIAL
2008,2008-03-09,46 - Valencia/València,FALANGE AUTENTICA - FA,0,0,Ministerio del Interior / portal oficial de datos abiertos,PRIMARY_OFFICIAL
2008,2008-03-09,46 - Valencia/València,FALANGE ESPAÑOLA DE LA JONS - FE de las JONS,0,0,Ministerio del Interior / portal oficial de datos abiertos,PRIMARY_OFFICIAL
2008,2008-03-09,46 - Valencia/València,FALANGE ESPAÑOLA DE LAS J.O.N.S. - F.E. de las J.O.N.S.,0,0,Ministerio del Interior / portal oficial de datos abiertos,PRIMARY_OFFICIAL
2008,2008-03-09,46 - Valencia/València,FALANGE ESPAÑOLA DE LAS J.O.N.S. - FE de las JONS,0,0,Ministerio del Interior / portal oficial de datos abiertos,PRIMARY_OFFICIAL
2008,2008-03-09,46 - Valencia/València,FALANGE ESPAÑOLA DE LAS J.O.N.S. - FE-JONS,502,0,Ministerio del Interior / portal oficial de datos abiertos,PRIMARY_OFFICIAL
2008,2008-03-09,46 - Valencia/València,FALANGE ESPAÑOLA DE LAS JONS - F.E. de las J.O.N.S.,0,0,Ministerio del Interior / portal oficial de datos abiertos,PRIMARY_OFFICIAL
2008,2008-03-09,46 - Valencia/València,FALANGE ESPAÑOLA DE LAS JONS - FE DE LAS JONS,0,0,Ministerio del Interior / portal oficial de datos abiertos,PRIMARY_OFFICIAL
2008,2008-03-09,46 - Valencia/València,FALANGE ESPAÑOLA DE LAS JONS - FE de las JONS,0,0,Ministerio del Interior / portal oficial de datos abiertos,PRIMARY_OFFICIAL
2008,2008-03-09,46 - Valencia/València,FALANGE ESPAÑOLA DE LAS JONS - FE-JONS,0,0,Ministerio del Interior / portal oficial de datos abiertos,PRIMARY_OFFICIAL
2008,2008-03-09,46 - Valencia/València,FAMILIA I VIDA - PFiV,0,0,Ministerio del Interior / portal oficial de datos abiertos,PRIMARY_OFFICIAL
2008,2008-03-09,46 - Valencia/València,FAMILIA Y VIDA - PFyV,0,0,Ministerio del Interior / portal oficial de datos abiertos,PRIMARY_OFFICIAL
2008,2008-03-09,46 - Valencia/València,FRENTE ESPAÑOL - F.E,0,0,Ministerio del Interior / portal oficial de datos abiertos,PRIMARY_OFFICIAL
2008,2008-03-09,46 - Valencia/València,FRENTE ESPAÑOL - F.E.,0,0,Ministerio del Interior / portal oficial de datos abiertos,PRIMARY_OFFICIAL
2008,2008-03-09,46 - Valencia/València,FRENTE ESPAÑOL - FRENTE,0,0,Ministerio del Interior / portal oficial de datos abiertos,PRIMARY_OFFICIAL
2008,2008-03-09,46 - Valencia/València,GENTES DE EL BIERZO - PB-UB,0,0,Ministerio del Interior / portal oficial de datos abiertos,PRIMARY_OFFICIAL
2008,2008-03-09,46 - Valencia/València,IDENTITAT REGNE DE VALENCIA - IRV,387,0,Ministerio del Interior / portal oficial de datos abiertos,PRIMARY_OFFICIAL
2008,2008-03-09,46 - Valencia/València,INDEPENDIENTES POR CUENCA - ixC,0,0,Ministerio del Interior / portal oficial de datos abiertos,PRIMARY_OFFICIAL
2008,2008-03-09,46 - Valencia/València,INICIATIVA CIUDADANA BURGALESA - I.C.Bur,0,0,Ministerio del Interior / portal oficial de datos abiertos,PRIMARY_OFFICIAL
2008,2008-03-09,46 - Valencia/València,INICIATIVA MERINDADES DE CASTILLA - I.M.C.,0,0,Ministerio del Interior / portal oficial de datos abiertos,PRIMARY_OFFICIAL
2008,2008-03-09,46 - Valencia/València,INICIATIVA PER CATALUNYA VERDS - ESQUERRA UNIDA I ALTERNATIVA - ICV-EUiA,0,0,Ministerio del Interior / portal oficial de datos abiertos,PRIMARY_OFFICIAL
2008,2008-03-09,46 - Valencia/València,INICIATIVA PER CATALUNYA VERDS-ESQUERRA UNIDA I ALTERNATIVA - ICV-EUiA,0,0,Ministerio del Interior / portal oficial de datos abiertos,PRIMARY_OFFICIAL
2008,2008-03-09,46 - Valencia/València,IZQUIERDA REPUBLICANA - IR,0,0,Ministerio del Interior / portal oficial de datos abiertos,PRIMARY_OFFICIAL
2008,2008-03-09,46 - Valencia/València,IZQUIERDA REPUBLICANA-PARTIT REPUBLICA D'ESQUERRA - IR-PRE,0,0,Ministerio del Interior / portal oficial de datos abiertos,PRIMARY_OFFICIAL
2008,2008-03-09,46 - Valencia/València,IZQUIERDA UNIDA - BLOQUE POR ASTURIES - LOS VERDES - IU-B.A-LOS VERDES,0,0,Ministerio del Interior / portal oficial de datos abiertos,PRIMARY_OFFICIAL
2008,2008-03-09,46 - Valencia/València,IZQUIERDA UNIDA CANARIA-ALTERNATIVA - IUC,0,0,Ministerio del Interior / portal oficial de datos abiertos,PRIMARY_OFFICIAL
2008,2008-03-09,46 - Valencia/València,IZQUIERDA UNIDA COMUNIDAD DE MADRID-ALTERNATIVA - IU-CM.,0,0,Ministerio del Interior / portal oficial de datos abiertos,PRIMARY_OFFICIAL
2008,2008-03-09,46 - Valencia/València,IZQUIERDA UNIDA DE CEUTA - I.U.,0,0,Ministerio del Interior / portal oficial de datos abiertos,PRIMARY_OFFICIAL
2008,2008-03-09,46 - Valencia/València,IZQUIERDA UNIDA DE LA REGION DE MURCIA-ALTERNATIVA - I.U.R.M.,0,0,Ministerio del Interior / portal oficial de datos abiertos,PRIMARY_OFFICIAL
2008,2008-03-09,46 - Valencia/València,IZQUIERDA UNIDA DE NAVARRA - NAFARROAKO EZKER BATUA - ALTERNATIVA - IUN-NEB,0,0,Ministerio del Interior / portal oficial de datos abiertos,PRIMARY_OFFICIAL
2008,2008-03-09,46 - Valencia/València,IZQUIERDA UNIDA LOS VERDES CONVOCATORIA POR ANDALUCIA-ALTERNATIVA - IULV-CA,0,0,Ministerio del Interior / portal oficial de datos abiertos,PRIMARY_OFFICIAL
2008,2008-03-09,46 - Valencia/València,IZQUIERDA UNIDA LOS VERDES-CONVOCATORIA POR ANDALUCIA - ALTERNATIVA - IULV-CA,0,0,Ministerio del Interior / portal oficial de datos abiertos,PRIMARY_OFFICIAL
2008,2008-03-09,46 - Valencia/València,IZQUIERDA UNIDA LOS VERDES-CONVOCATORIA POR ANDALUCIA-ALTERNATIVA - IULV-CA,0,0,Ministerio del Interior / portal oficial de datos abiertos,PRIMARY_OFFICIAL
2008,2008-03-09,46 - Valencia/València,IZQUIERDA UNIDA-ALTERNATIVA - I.U.,0,0,Ministerio del Interior / portal oficial de datos abiertos,PRIMARY_OFFICIAL
2008,2008-03-09,46 - Valencia/València,IZQUIERDA UNIDA-ALTERNATIVA - IU,0,0,Ministerio del Interior / portal oficial de datos abiertos,PRIMARY_OFFICIAL
2008,2008-03-09,46 - Valencia/València,LLUITA INTERNACIONALISTA - (LI(LIT-CI)),0,0,Ministerio del Interior / portal oficial de datos abiertos,PRIMARY_OFFICIAL
2008,2008-03-09,46 - Valencia/València,LLUITA INTERNACIONALISTA - L.I.(LIT-CI),0,0,Ministerio del Interior / portal oficial de datos abiertos,PRIMARY_OFFICIAL
2008,2008-03-09,46 - Valencia/València,LLUITA INTERNACIONALISTA - LI-LITCI,0,0,Ministerio del Interior / portal oficial de datos abiertos,PRIMARY_OFFICIAL
2008,2008-03-09,46 - Valencia/València,LOS VERDES - LOS VERDES,0,0,Ministerio del Interior / portal oficial de datos abiertos,PRIMARY_OFFICIAL
2008,2008-03-09,46 - Valencia/València,LOS VERDES - LV,0,0,Ministerio del Interior / portal oficial de datos abiertos,PRIMARY_OFFICIAL
2008,2008-03-09,46 - Valencia/València,LOS VERDES - VERDES,0,0,Ministerio del Interior / portal oficial de datos abiertos,PRIMARY_OFFICIAL
2008,2008-03-09,46 - Valencia/València,LOS VERDES COMUNIDAD DE MADRID-LOS VERDES DE EUROPA - LVCM-LVE,0,0,Ministerio del Interior / portal oficial de datos abiertos,PRIMARY_OFFICIAL
2008,2008-03-09,46 - Valencia/València,LOS VERDES DE EUROPA - LOS VERDES DE EUROPA,0,0,Ministerio del Interior / portal oficial de datos abiertos,PRIMARY_OFFICIAL
2008,2008-03-09,46 - Valencia/València,LOS VERDES DE EUROPA - LVE,0,0,Ministerio del Interior / portal oficial de datos abiertos,PRIMARY_OFFICIAL
2008,2008-03-09,46 - Valencia/València,LOS VERDES DE EXTREMADURA - LV,0,0,Ministerio del Interior / portal oficial de datos abiertos,PRIMARY_OFFICIAL
2008,2008-03-09,46 - Valencia/València,LOS VERDES-ELS VERDS - LV-EV,0,0,Ministerio del Interior / portal oficial de datos abiertos,PRIMARY_OFFICIAL
2008,2008-03-09,46 - Valencia/València,LOS VERDES-GRUPO VERDE - L.V.,0,0,Ministerio del Interior / portal oficial de datos abiertos,PRIMARY_OFFICIAL
2008,2008-03-09,46 - Valencia/València,LOS VERDES-GRUPO VERDE - LV,0,0,Ministerio del Interior / portal oficial de datos abiertos,PRIMARY_OFFICIAL
2008,2008-03-09,46 - Valencia/València,LOS VERDES-GRUPO VERDE - LV-GV,2987,0,Ministerio del Interior / portal oficial de datos abiertos,PRIMARY_OFFICIAL
2008,2008-03-09,46 - Valencia/València,LUCHA INTERNACIONALISTA - LI-LITCI,0,0,Ministerio del Interior / portal oficial de datos abiertos,PRIMARY_OFFICIAL
2008,2008-03-09,46 - Valencia/València,MOVIMIENTO FALANGISTA DE ESPAÑA - M.F.E.,0,0,Ministerio del Interior / portal oficial de datos abiertos,PRIMARY_OFFICIAL
2008,2008-03-09,46 - Valencia/València,MOVIMIENTO POR LA UNIDAD DEL PUEBLO CANARIO - MUPC,0,0,Ministerio del Interior / portal oficial de datos abiertos,PRIMARY_OFFICIAL
2008,2008-03-09,46 - Valencia/València,NAFARROA BAI - NA-BAI,0,0,Ministerio del Interior / portal oficial de datos abiertos,PRIMARY_OFFICIAL
2008,2008-03-09,46 - Valencia/València,NOSALTRES SOM - N som,0,0,Ministerio del Interior / portal oficial de datos abiertos,PRIMARY_OFFICIAL
2008,2008-03-09,46 - Valencia/València,NUEVA CANARIAS-CENTRO CANARIO - NC-CCN,0,0,Ministerio del Interior / portal oficial de datos abiertos,PRIMARY_OFFICIAL
2008,2008-03-09,46 - Valencia/València,OPCIO NACIONALISTA VALENCIANA - O.N.V.,0,0,Ministerio del Interior / portal oficial de datos abiertos,PRIMARY_OFFICIAL
2008,2008-03-09,46 - Valencia/València,OPCIO NACIONALISTA VALENCIANA - ONV,1077,0,Ministerio del Interior / portal oficial de datos abiertos,PRIMARY_OFFICIAL
2008,2008-03-09,46 - Valencia/València,OS VERDES - GRUPO VERDE - OV,0,0,Ministerio del Interior / portal oficial de datos abiertos,PRIMARY_OFFICIAL
2008,2008-03-09,46 - Valencia/València,PARTIDO ALTERNATIVA MOTOR Y DEPORTES - A.M.D.,0,0,Ministerio del Interior / portal oficial de datos abiertos,PRIMARY_OFFICIAL
2008,2008-03-09,46 - Valencia/València,PARTIDO ANTITAURINO CONTRA EL MALTRATO ANIMAL - P.A.C.M.A,0,0,Ministerio del Interior / portal oficial de datos abiertos,PRIMARY_OFFICIAL
2008,2008-03-09,46 - Valencia/València,PARTIDO ANTITAURINO CONTRA EL MALTRATO ANIMAL - P.A.C.M.A.,0,0,Ministerio del Interior / portal oficial de datos abiertos,PRIMARY_OFFICIAL
2008,2008-03-09,46 - Valencia/València,PARTIDO ANTITAURINO CONTRA EL MALTRATO ANIMAL - PACMA,0,0,Ministerio del Interior / portal oficial de datos abiertos,PRIMARY_OFFICIAL
2008,2008-03-09,46 - Valencia/València,PARTIDO ARAGONES - PAR,0,0,Ministerio del Interior / portal oficial de datos abiertos,PRIMARY_OFFICIAL
2008,2008-03-09,46 - Valencia/València,PARTIDO CARLISTA - P.C.,0,0,Ministerio del Interior / portal oficial de datos abiertos,PRIMARY_OFFICIAL
2008,2008-03-09,46 - Valencia/València,PARTIDO CARLISTA - PARTIDO CARLISTA,0,0,Ministerio del Interior / portal oficial de datos abiertos,PRIMARY_OFFICIAL
2008,2008-03-09,46 - Valencia/València,PARTIDO CARLISTA - PC,0,0,Ministerio del Interior / portal oficial de datos abiertos,PRIMARY_OFFICIAL
2008,2008-03-09,46 - Valencia/València,PARTIDO CARLISTA DE EUSKALERRIA-PARTIDO CARLISTA - EKA-PC.,0,0,Ministerio del Interior / portal oficial de datos abiertos,PRIMARY_OFFICIAL
2008,2008-03-09,46 - Valencia/València,PARTIDO CARLISTA DE EUSKALHERRIA-EUSKALHERRIKO KARLISTA ALDERDIA - PARTIDO CARLISTA-EKA,0,0,Ministerio del Interior / portal oficial de datos abiertos,PRIMARY_OFFICIAL
2008,2008-03-09,46 - Valencia/València,PARTIDO CENTRISTA - PCTR,0,0,Ministerio del Interior / portal oficial de datos abiertos,PRIMARY_OFFICIAL
2008,2008-03-09,46 - Valencia/València,PARTIDO CENTRISTAS - Centristas PCTR,0,0,Ministerio del Interior / portal oficial de datos abiertos,PRIMARY_OFFICIAL
2008,2008-03-09,46 - Valencia/València,PARTIDO CENTRISTAS - PCTR,0,0,Ministerio del Interior / portal oficial de datos abiertos,PRIMARY_OFFICIAL
2008,2008-03-09,46 - Valencia/València,PARTIDO CIUDADANOS UNIDOS DE ARAGON - pCUA,0,0,Ministerio del Interior / portal oficial de datos abiertos,PRIMARY_OFFICIAL
2008,2008-03-09,46 - Valencia/València,PARTIDO COMUNISTA DE LOS PUEBLOS DE ESPAÑA - P.C.P.E.,0,0,Ministerio del Interior / portal oficial de datos abiertos,PRIMARY_OFFICIAL
2008,2008-03-09,46 - Valencia/València,PARTIDO COMUNISTA DE LOS PUEBLOS DE ESPAÑA - P.C.P.E.-E.K.,0,0,Ministerio del Interior / portal oficial de datos abiertos,PRIMARY_OFFICIAL
2008,2008-03-09,46 - Valencia/València,PARTIDO COMUNISTA DE LOS PUEBLOS DE ESPAÑA - PCPE,749,0,Ministerio del Interior / portal oficial de datos abiertos,PRIMARY_OFFICIAL
2008,2008-03-09,46 - Valencia/València,PARTIDO COMUNISTA DE LOS PUEBLOS DE ESPAÑA-EUSKAL KOMUNISTAK - PCPE - EK,0,0,Ministerio del Interior / portal oficial de datos abiertos,PRIMARY_OFFICIAL
2008,2008-03-09,46 - Valencia/València,PARTIDO COMUNISTA DEL PUEBLO CANARIO - PCPE,0,0,Ministerio del Interior / portal oficial de datos abiertos,PRIMARY_OFFICIAL
2008,2008-03-09,46 - Valencia/València,PARTIDO COMUNISTA DEL PUEBLO CASTELLANO - PCPE,0,0,Ministerio del Interior / portal oficial de datos abiertos,PRIMARY_OFFICIAL
2008,2008-03-09,46 - Valencia/València,PARTIDO COMUNISTA DEL PUEBLO CASTELLANO-PCPE - PCPE,0,0,Ministerio del Interior / portal oficial de datos abiertos,PRIMARY_OFFICIAL
2008,2008-03-09,46 - Valencia/València,PARTIDO COMUNISTA DEL PUEBLO DE CATALUNYA - PCPC,0,0,Ministerio del Interior / portal oficial de datos abiertos,PRIMARY_OFFICIAL
2008,2008-03-09,46 - Valencia/València,PARTIDO COMUNISTA DEL PUEBLO DE CATALUÑA - PCPC,0,0,Ministerio del Interior / portal oficial de datos abiertos,PRIMARY_OFFICIAL
2008,2008-03-09,46 - Valencia/València,PARTIDO COMUNISTA DO POBO GALEGO - PCPG,0,0,Ministerio del Interior / portal oficial de datos abiertos,PRIMARY_OFFICIAL
2008,2008-03-09,46 - Valencia/València,PARTIDO COMUNISTA DO POVO GALEGO - P.C.P.G.,0,0,Ministerio del Interior / portal oficial de datos abiertos,PRIMARY_OFFICIAL
2008,2008-03-09,46 - Valencia/València,PARTIDO COMUNISTA PUEBLOS DE ESPAÑA - PCPE,0,0,Ministerio del Interior / portal oficial de datos abiertos,PRIMARY_OFFICIAL
2008,2008-03-09,46 - Valencia/València,PARTIDO DE ALIANZA IBEROAMERICANA EUROPEA - PAIE,0,0,Ministerio del Interior / portal oficial de datos abiertos,PRIMARY_OFFICIAL
2008,2008-03-09,46 - Valencia/València,PARTIDO DE ALMERIA - PdeAL,0,0,Ministerio del Interior / portal oficial de datos abiertos,PRIMARY_OFFICIAL
2008,2008-03-09,46 - Valencia/València,PARTIDO DE LAS LIBERTADES CIVILES - PLCI,0,0,Ministerio del Interior / portal oficial de datos abiertos,PRIMARY_OFFICIAL
2008,2008-03-09,46 - Valencia/València,PARTIDO DE LOS NO-FUMADORES - PNF (NO-FUMADORES),0,0,Ministerio del Interior / portal oficial de datos abiertos,PRIMARY_OFFICIAL
2008,2008-03-09,46 - Valencia/València,PARTIDO DE LOS PENSIONISTAS EN ACCION - PDLPEA,0,0,Ministerio del Interior / portal oficial de datos abiertos,PRIMARY_OFFICIAL
2008,2008-03-09,46 - Valencia/València,PARTIDO DOS SOCIALISTAS DE GALICIA-PARTIDO SOCIALISTA OBRERO ESPAÑOL - PSdeG-PSOE,0,0,Ministerio del Interior / portal oficial de datos abiertos,PRIMARY_OFFICIAL
2008,2008-03-09,46 - Valencia/València,PARTIDO DOS SOCIALISTAS DE GALICIA-PSOE - PSdeG-PSOE,0,0,Ministerio del Interior / portal oficial de datos abiertos,PRIMARY_OFFICIAL
2008,2008-03-09,46 - Valencia/València,PARTIDO FAMILIA Y VIDA - PFyV,511,0,Ministerio del Interior / portal oficial de datos abiertos,PRIMARY_OFFICIAL
2008,2008-03-09,46 - Valencia/València,PARTIDO HACHE - PHache,0,0,Ministerio del Interior / portal oficial de datos abiertos,PRIMARY_OFFICIAL
2008,2008-03-09,46 - Valencia/València,PARTIDO HUMANISTA - P.H.,0,0,Ministerio del Interior / portal oficial de datos abiertos,PRIMARY_OFFICIAL
2008,2008-03-09,46 - Valencia/València,PARTIDO HUMANISTA - PH,390,0,Ministerio del Interior / portal oficial de datos abiertos,PRIMARY_OFFICIAL
2008,2008-03-09,46 - Valencia/València,PARTIDO IZQUIERDA REPUBLICANA-PARTIT REPUBLICA D'ESQUERRA - IR-PRE,0,0,Ministerio del Interior / portal oficial de datos abiertos,PRIMARY_OFFICIAL
2008,2008-03-09,46 - Valencia/València,PARTIDO LIBERAL DEL EMPLEO Y LA VIVIENDA ESTATAL - P.L.E.V.E.,0,0,Ministerio del Interior / portal oficial de datos abiertos,PRIMARY_OFFICIAL
2008,2008-03-09,46 - Valencia/València,PARTIDO LIBERTADES CIVILES - PLCI,0,0,Ministerio del Interior / portal oficial de datos abiertos,PRIMARY_OFFICIAL
2008,2008-03-09,46 - Valencia/València,PARTIDO OBRERO SOCIALISTA INTERNACIONALISTA - P.O.S.I.,0,0,Ministerio del Interior / portal oficial de datos abiertos,PRIMARY_OFFICIAL
2008,2008-03-09,46 - Valencia/València,PARTIDO OBRERO SOCIALISTA INTERNACIONALISTA - POSI,478,0,Ministerio del Interior / portal oficial de datos abiertos,PRIMARY_OFFICIAL
2008,2008-03-09,46 - Valencia/València,PARTIDO POLITICO ARALAR - aralar,0,0,Ministerio del Interior / portal oficial de datos abiertos,PRIMARY_OFFICIAL
2008,2008-03-09,46 - Valencia/València,PARTIDO POPULAR - P.P.,0,0,Ministerio del Interior / portal oficial de datos abiertos,PRIMARY_OFFICIAL
2008,2008-03-09,46 - Valencia/València,PARTIDO POPULAR - PP,0,0,Ministerio del Interior / portal oficial de datos abiertos,PRIMARY_OFFICIAL
2008,2008-03-09,46 - Valencia/València,PARTIDO POPULAR/PARTIT POPULAR - PP,770413,9,Ministerio del Interior / portal oficial de datos abiertos,PRIMARY_OFFICIAL
2008,2008-03-09,46 - Valencia/València,PARTIDO POR UN MUNDO MAS JUSTO - PUM+J,0,0,Ministerio del Interior / portal oficial de datos abiertos,PRIMARY_OFFICIAL
2008,2008-03-09,46 - Valencia/València,PARTIDO POSITIVISTA CRISTIANO - PPCr,0,0,Ministerio del Interior / portal oficial de datos abiertos,PRIMARY_OFFICIAL
2008,2008-03-09,46 - Valencia/València,PARTIDO REGIONALISTA DE GUADALAJARA - P.R.GU.,0,0,Ministerio del Interior / portal oficial de datos abiertos,PRIMARY_OFFICIAL
2008,2008-03-09,46 - Valencia/València,PARTIDO REGIONALISTA DEL PAIS LEONES - PREPAL,0,0,Ministerio del Interior / portal oficial de datos abiertos,PRIMARY_OFFICIAL
2008,2008-03-09,46 - Valencia/València,PARTIDO RIOJANO - PARTIDO RIOJANO,0,0,Ministerio del Interior / portal oficial de datos abiertos,PRIMARY_OFFICIAL
2008,2008-03-09,46 - Valencia/València,PARTIDO SOCIAL DEMOCRATA - P.S.D.,0,0,Ministerio del Interior / portal oficial de datos abiertos,PRIMARY_OFFICIAL
2008,2008-03-09,46 - Valencia/València,PARTIDO SOCIAL DEMOCRATA - PSD,1512,0,Ministerio del Interior / portal oficial de datos abiertos,PRIMARY_OFFICIAL
2008,2008-03-09,46 - Valencia/València,PARTIDO SOCIAL DEMOCRATA-FEDERACION DE LOS INDEPENDIENTES DE ARAGON - PSD-FIA,0,0,Ministerio del Interior / portal oficial de datos abiertos,PRIMARY_OFFICIAL
2008,2008-03-09,46 - Valencia/València,PARTIDO SOCIALISTA DE EUSKADI-EUSKADIKO EZKERRA (PSOE) - PSE-EE (PSOE),0,0,Ministerio del Interior / portal oficial de datos abiertos,PRIMARY_OFFICIAL
2008,2008-03-09,46 - Valencia/València,PARTIDO SOCIALISTA DE EUSKADI-EUSKADIKO EZKERRA - PSE-EE (PSOE),0,0,Ministerio del Interior / portal oficial de datos abiertos,PRIMARY_OFFICIAL
2008,2008-03-09,46 - Valencia/València,PARTIDO SOCIALISTA OBRERO ESPAÑOL - P.S.O.E.,0,0,Ministerio del Interior / portal oficial de datos abiertos,PRIMARY_OFFICIAL
2008,2008-03-09,46 - Valencia/València,PARTIDO SOCIALISTA OBRERO ESPAÑOL - PSOE,599954,7,Ministerio del Interior / portal oficial de datos abiertos,PRIMARY_OFFICIAL
2008,2008-03-09,46 - Valencia/València,PARTIDO SOCIALISTA OBRERO ESPAÑOL DE ANDALUCIA - PSOE-A,0,0,Ministerio del Interior / portal oficial de datos abiertos,PRIMARY_OFFICIAL
2008,2008-03-09,46 - Valencia/València,PARTIDO SOLIDARIDAD Y AUTOGESTION INTERNACIONALISTA - SAIN,0,0,Ministerio del Interior / portal oficial de datos abiertos,PRIMARY_OFFICIAL
2008,2008-03-09,46 - Valencia/València,PARTIDO UNIONISTA ESTADO DE ESPAÑA - P.U.E.D.E.,0,0,Ministerio del Interior / portal oficial de datos abiertos,PRIMARY_OFFICIAL
2008,2008-03-09,46 - Valencia/València,PARTIDO UNIONISTA ESTADO DE ESPAÑA - PUEDE,0,0,Ministerio del Interior / portal oficial de datos abiertos,PRIMARY_OFFICIAL
2008,2008-03-09,46 - Valencia/València,PARTIT ANTITAURI CONTRA EL MALTRACTAMENT ANIMAL - P.A.C.M.A.,2257,0,Ministerio del Interior / portal oficial de datos abiertos,PRIMARY_OFFICIAL
2008,2008-03-09,46 - Valencia/València,PARTIT ANTITAURI CONTRA EL MALTRACTAMENT ANIMAL - PACMA,0,0,Ministerio del Interior / portal oficial de datos abiertos,PRIMARY_OFFICIAL
2008,2008-03-09,46 - Valencia/València,PARTIT CARLI DE CATALUNYA - P. C. de C.,0,0,Ministerio del Interior / portal oficial de datos abiertos,PRIMARY_OFFICIAL
2008,2008-03-09,46 - Valencia/València,PARTIT CARLI DE CATALUNYA - PCaC,0,0,Ministerio del Interior / portal oficial de datos abiertos,PRIMARY_OFFICIAL
2008,2008-03-09,46 - Valencia/València,PARTIT COMUNISTA DEL POBLE DE CATALUNYA - P.C.P.C.,0,0,Ministerio del Interior / portal oficial de datos abiertos,PRIMARY_OFFICIAL
2008,2008-03-09,46 - Valencia/València,PARTIT COMUNISTA DELS POBLES D'ESPANYA - PCPE,0,0,Ministerio del Interior / portal oficial de datos abiertos,PRIMARY_OFFICIAL
2008,2008-03-09,46 - Valencia/València,PARTIT DELS SOCIALISTES DE CATALUNYA - PSC (PSC-PSOE),0,0,Ministerio del Interior / portal oficial de datos abiertos,PRIMARY_OFFICIAL
2008,2008-03-09,46 - Valencia/València,PARTIT DELS SOCIALISTES DE CATALUNYA - PSC-PSOE,0,0,Ministerio del Interior / portal oficial de datos abiertos,PRIMARY_OFFICIAL
2008,2008-03-09,46 - Valencia/València,PARTIT FAMILIA I VIDA - PFiV,0,0,Ministerio del Interior / portal oficial de datos abiertos,PRIMARY_OFFICIAL
2008,2008-03-09,46 - Valencia/València,PARTIT HUMANISTA - P.H.,0,0,Ministerio del Interior / portal oficial de datos abiertos,PRIMARY_OFFICIAL
2008,2008-03-09,46 - Valencia/València,PARTIT HUMANISTA - PH,0,0,Ministerio del Interior / portal oficial de datos abiertos,PRIMARY_OFFICIAL
2008,2008-03-09,46 - Valencia/València,PARTIT HUMANISTA DE CATALUNYA - PH,0,0,Ministerio del Interior / portal oficial de datos abiertos,PRIMARY_OFFICIAL
2008,2008-03-09,46 - Valencia/València,PARTIT ILLENC DE SES ILLES BALEARS - PIIB,0,0,Ministerio del Interior / portal oficial de datos abiertos,PRIMARY_OFFICIAL
2008,2008-03-09,46 - Valencia/València,PARTIT OBRER SOCIALISTA INTERNACIONALISTA - P.O.S.I.,0,0,Ministerio del Interior / portal oficial de datos abiertos,PRIMARY_OFFICIAL
2008,2008-03-09,46 - Valencia/València,PARTIT OBRER SOCIALISTA INTERNACIONALISTA - POSI,0,0,Ministerio del Interior / portal oficial de datos abiertos,PRIMARY_OFFICIAL
2008,2008-03-09,46 - Valencia/València,PARTIT PER CATALUNYA - PxCat,0,0,Ministerio del Interior / portal oficial de datos abiertos,PRIMARY_OFFICIAL
2008,2008-03-09,46 - Valencia/València,PARTIT POPULAR/PARTIDO POPULAR - P.P.,0,0,Ministerio del Interior / portal oficial de datos abiertos,PRIMARY_OFFICIAL
2008,2008-03-09,46 - Valencia/València,PARTIT REPUBLICA CATALA - RC,0,0,Ministerio del Interior / portal oficial de datos abiertos,PRIMARY_OFFICIAL
2008,2008-03-09,46 - Valencia/València,PER LA REPUBLICA VALENCIANA - PLRV,429,0,Ministerio del Interior / portal oficial de datos abiertos,PRIMARY_OFFICIAL
2008,2008-03-09,46 - Valencia/València,PER LA REPUBLICA VALENCIANA - plRV,0,0,Ministerio del Interior / portal oficial de datos abiertos,PRIMARY_OFFICIAL
2008,2008-03-09,46 - Valencia/València,POR UN MUNDO MAS JUSTO - PUM+J,1006,0,Ministerio del Interior / portal oficial de datos abiertos,PRIMARY_OFFICIAL
2008,2008-03-09,46 - Valencia/València,REPRESENTACION CANNABICA NAVARRA - RCN-NOK,2489,0,Ministerio del Interior / portal oficial de datos abiertos,PRIMARY_OFFICIAL
2008,2008-03-09,46 - Valencia/València,SOLIDARIDAD Y AUTOGESTION INTERNACIONALISTA - SAIN,0,0,Ministerio del Interior / portal oficial de datos abiertos,PRIMARY_OFFICIAL
2008,2008-03-09,46 - Valencia/València,SOLIDARIDAD Y AUTOGESTION INTERNACIONALISTA - SAIn,0,0,Ministerio del Interior / portal oficial de datos abiertos,PRIMARY_OFFICIAL
2008,2008-03-09,46 - Valencia/València,TIERRA COMUNERA - TC,0,0,Ministerio del Interior / portal oficial de datos abiertos,PRIMARY_OFFICIAL
2008,2008-03-09,46 - Valencia/València,UNIDA - UNIDA,0,0,Ministerio del Interior / portal oficial de datos abiertos,PRIMARY_OFFICIAL
2008,2008-03-09,46 - Valencia/València,UNIDAD CASTELLANA - Ud. Ca.,0,0,Ministerio del Interior / portal oficial de datos abiertos,PRIMARY_OFFICIAL
2008,2008-03-09,46 - Valencia/València,UNIDAD DEL PUEBLO - UNIDAD DEL PUEBLO,0,0,Ministerio del Interior / portal oficial de datos abiertos,PRIMARY_OFFICIAL
2008,2008-03-09,46 - Valencia/València,UNIDAD REGIONALISTA DE CASTILLA Y LEON - U.R.C.L.,0,0,Ministerio del Interior / portal oficial de datos abiertos,PRIMARY_OFFICIAL
2008,2008-03-09,46 - Valencia/València,UNION CENTRISTA LIBERAL - UCL,0,0,Ministerio del Interior / portal oficial de datos abiertos,PRIMARY_OFFICIAL
2008,2008-03-09,46 - Valencia/València,UNION CIUDADANA PROGRESISTAS INDEPENDIENTES DE CANARIAS - UCPIC,0,0,Ministerio del Interior / portal oficial de datos abiertos,PRIMARY_OFFICIAL
2008,2008-03-09,46 - Valencia/València,UNION DEL PUEBLO LEONES - UPL,0,0,Ministerio del Interior / portal oficial de datos abiertos,PRIMARY_OFFICIAL
2008,2008-03-09,46 - Valencia/València,UNION DEL PUEBLO NAVARRO EN COALICION CON EL PARTIDO POPULAR - UPN-PP,0,0,Ministerio del Interior / portal oficial de datos abiertos,PRIMARY_OFFICIAL
2008,2008-03-09,46 - Valencia/València,UNION POR LEGANES - ULEG,0,0,Ministerio del Interior / portal oficial de datos abiertos,PRIMARY_OFFICIAL
2008,2008-03-09,46 - Valencia/València,UNION PROGRESO Y DEMOCRACIA - UPD,0,0,Ministerio del Interior / portal oficial de datos abiertos,PRIMARY_OFFICIAL
2008,2008-03-09,46 - Valencia/València,UNION PROGRESO Y DEMOCRACIA - UPyD,10890,0,Ministerio del Interior / portal oficial de datos abiertos,PRIMARY_OFFICIAL
2008,2008-03-09,46 - Valencia/València,"UNION, PROGRESO Y DEMOCRACIA - UPyD",0,0,Ministerio del Interior / portal oficial de datos abiertos,PRIMARY_OFFICIAL
2008,2008-03-09,46 - Valencia/València,UNITAT PER LES ILLES - UNITAT PER LES ILLES,0,0,Ministerio del Interior / portal oficial de datos abiertos,PRIMARY_OFFICIAL
2008,2008-03-09,47 - Valladolid,AGRUPACION CIUDADANA - AGRUCI,0,0,Ministerio del Interior / portal oficial de datos abiertos,PRIMARY_OFFICIAL
2008,2008-03-09,47 - Valladolid,ALIANZA NACIONAL - A.u.N.,0,0,Ministerio del Interior / portal oficial de datos abiertos,PRIMARY_OFFICIAL
2008,2008-03-09,47 - Valladolid,ALIANZA NACIONAL - AN,0,0,Ministerio del Interior / portal oficial de datos abiertos,PRIMARY_OFFICIAL
2008,2008-03-09,47 - Valladolid,ALIANZA NACIONAL - AUN,0,0,Ministerio del Interior / portal oficial de datos abiertos,PRIMARY_OFFICIAL
2008,2008-03-09,47 - Valladolid,ALIANZA NACIONAL - AuN,89,0,Ministerio del Interior / portal oficial de datos abiertos,PRIMARY_OFFICIAL
2008,2008-03-09,47 - Valladolid,ALIANZA POR BURGOS - AxB,0,0,Ministerio del Interior / portal oficial de datos abiertos,PRIMARY_OFFICIAL
2008,2008-03-09,47 - Valladolid,ALIANÇA BALEAR - ABA,0,0,Ministerio del Interior / portal oficial de datos abiertos,PRIMARY_OFFICIAL
2008,2008-03-09,47 - Valladolid,ALTERNATIVA EN BLANCO - ABLA,0,0,Ministerio del Interior / portal oficial de datos abiertos,PRIMARY_OFFICIAL
2008,2008-03-09,47 - Valladolid,ALTERNATIVA EN BLANCO - aBla,0,0,Ministerio del Interior / portal oficial de datos abiertos,PRIMARY_OFFICIAL
2008,2008-03-09,47 - Valladolid,ALTERNATIVA ESPAÑOLA - AES,118,0,Ministerio del Interior / portal oficial de datos abiertos,PRIMARY_OFFICIAL
2008,2008-03-09,47 - Valladolid,ALTERNATIVA MOTOR Y DEPORTE - A.M.D.,0,0,Ministerio del Interior / portal oficial de datos abiertos,PRIMARY_OFFICIAL
2008,2008-03-09,47 - Valladolid,ALTERNATIVA MOTOR Y DEPORTES - A.M.D.,0,0,Ministerio del Interior / portal oficial de datos abiertos,PRIMARY_OFFICIAL
2008,2008-03-09,47 - Valladolid,ALTERNATIVA MOTOR Y DEPORTES - AMD,0,0,Ministerio del Interior / portal oficial de datos abiertos,PRIMARY_OFFICIAL
2008,2008-03-09,47 - Valladolid,ALTERNATIVA NACIONALISTA CANARIA - ANC,0,0,Ministerio del Interior / portal oficial de datos abiertos,PRIMARY_OFFICIAL
2008,2008-03-09,47 - Valladolid,ANDECHA ASTUR - AA,0,0,Ministerio del Interior / portal oficial de datos abiertos,PRIMARY_OFFICIAL
2008,2008-03-09,47 - Valladolid,ARALAR - aralar,0,0,Ministerio del Interior / portal oficial de datos abiertos,PRIMARY_OFFICIAL
2008,2008-03-09,47 - Valladolid,ASAMBLEA DE VOTACION ELECTRONICA - AVE,0,0,Ministerio del Interior / portal oficial de datos abiertos,PRIMARY_OFFICIAL
2008,2008-03-09,47 - Valladolid,BERDEAK-LOS VERDES - B-LV,0,0,Ministerio del Interior / portal oficial de datos abiertos,PRIMARY_OFFICIAL
2008,2008-03-09,47 - Valladolid,BLOC-INICIATIVA-VERDS - BLOC-IDPV-EV-EE,0,0,Ministerio del Interior / portal oficial de datos abiertos,PRIMARY_OFFICIAL
2008,2008-03-09,47 - Valladolid,BLOC-INICIATIVA-VERDS - BLOC-IdPV-EV-EE,0,0,Ministerio del Interior / portal oficial de datos abiertos,PRIMARY_OFFICIAL
2008,2008-03-09,47 - Valladolid,BLOQUE NACIONALISTA GALEGO - B.N.G.,0,0,Ministerio del Interior / portal oficial de datos abiertos,PRIMARY_OFFICIAL
2008,2008-03-09,47 - Valladolid,BLOQUE NACIONALISTA GALEGO - BNG,0,0,Ministerio del Interior / portal oficial de datos abiertos,PRIMARY_OFFICIAL
2008,2008-03-09,47 - Valladolid,CENTRO DEMOCRATICO ESPAÑOL - C.D.Es.,0,0,Ministerio del Interior / portal oficial de datos abiertos,PRIMARY_OFFICIAL
2008,2008-03-09,47 - Valladolid,CENTRO DEMOCRATICO ESPAÑOL - CDEs,0,0,Ministerio del Interior / portal oficial de datos abiertos,PRIMARY_OFFICIAL
2008,2008-03-09,47 - Valladolid,CENTRO DEMOCRATICO LIBERAL - C.D.L.,0,0,Ministerio del Interior / portal oficial de datos abiertos,PRIMARY_OFFICIAL
2008,2008-03-09,47 - Valladolid,CENTRO DEMOCRATICO LIBERAL - CDL,0,0,Ministerio del Interior / portal oficial de datos abiertos,PRIMARY_OFFICIAL
2008,2008-03-09,47 - Valladolid,CENTRO DEMOCRATICO SOCIAL - C.D.S.,0,0,Ministerio del Interior / portal oficial de datos abiertos,PRIMARY_OFFICIAL
2008,2008-03-09,47 - Valladolid,CENTRO DEMOCRATICO Y SOCIAL - CDS,0,0,Ministerio del Interior / portal oficial de datos abiertos,PRIMARY_OFFICIAL
2008,2008-03-09,47 - Valladolid,CHUNTA ARAGONESISTA - CHA,0,0,Ministerio del Interior / portal oficial de datos abiertos,PRIMARY_OFFICIAL
2008,2008-03-09,47 - Valladolid,CIUDADANOS EN BLANCO - CENB,283,0,Ministerio del Interior / portal oficial de datos abiertos,PRIMARY_OFFICIAL
2008,2008-03-09,47 - Valladolid,CIUDADANOS EN BLANCO - CNB,0,0,Ministerio del Interior / portal oficial de datos abiertos,PRIMARY_OFFICIAL
2008,2008-03-09,47 - Valladolid,CIUDADANOS EN BLANCO - CenB,0,0,Ministerio del Interior / portal oficial de datos abiertos,PRIMARY_OFFICIAL
2008,2008-03-09,47 - Valladolid,CIUDADANOS EN BLANCO - Cenb,0,0,Ministerio del Interior / portal oficial de datos abiertos,PRIMARY_OFFICIAL
2008,2008-03-09,47 - Valladolid,CIUDADANOS PARTIDO DE LA CIUDADANIA - C's,0,0,Ministerio del Interior / portal oficial de datos abiertos,PRIMARY_OFFICIAL
2008,2008-03-09,47 - Valladolid,CIUDADANOS-PARTIDO DE LA CIUDADANIA - C's,471,0,Ministerio del Interior / portal oficial de datos abiertos,PRIMARY_OFFICIAL
2008,2008-03-09,47 - Valladolid,"CIUDADANOS-PARTIDO DE LA CIUDADANIA - C,S",0,0,Ministerio del Interior / portal oficial de datos abiertos,PRIMARY_OFFICIAL
2008,2008-03-09,47 - Valladolid,CIUTADANS-PARTIDO DE LA CIUDADANIA - C's,0,0,Ministerio del Interior / portal oficial de datos abiertos,PRIMARY_OFFICIAL
2008,2008-03-09,47 - Valladolid,COALICIO TREBALLADORS PER LA DEMOCRACIA - TD,0,0,Ministerio del Interior / portal oficial de datos abiertos,PRIMARY_OFFICIAL
2008,2008-03-09,47 - Valladolid,COALICIO VALENCIANA - CVa,0,0,Ministerio del Interior / portal oficial de datos abiertos,PRIMARY_OFFICIAL
2008,2008-03-09,47 - Valladolid,COALICION ANDALUCISTA - CA,0,0,Ministerio del Interior / portal oficial de datos abiertos,PRIMARY_OFFICIAL
2008,2008-03-09,47 - Valladolid,COALICION CANARIA-PARTIDO NACIONALISTA CANARIO - CC-PNC,0,0,Ministerio del Interior / portal oficial de datos abiertos,PRIMARY_OFFICIAL
2008,2008-03-09,47 - Valladolid,COALICION CANARIA-PARTIDO NACIONALISTA CANARIO-PARTIDO DE INDEPENDIENTES DE LANZAROTE - CC-PNC-PIL,0,0,Ministerio del Interior / portal oficial de datos abiertos,PRIMARY_OFFICIAL
2008,2008-03-09,47 - Valladolid,COMUNION TRADICIONALISTA CARLISTA - C.T.C.,0,0,Ministerio del Interior / portal oficial de datos abiertos,PRIMARY_OFFICIAL
2008,2008-03-09,47 - Valladolid,COMUNION TRADICIONALISTA CARLISTA - CTC,0,0,Ministerio del Interior / portal oficial de datos abiertos,PRIMARY_OFFICIAL
2008,2008-03-09,47 - Valladolid,CONVERGENCIA DEMOCRATICA ASTURIANA - CDAS,0,0,Ministerio del Interior / portal oficial de datos abiertos,PRIMARY_OFFICIAL
2008,2008-03-09,47 - Valladolid,CONVERGENCIA I UNIO - CIU,0,0,Ministerio del Interior / portal oficial de datos abiertos,PRIMARY_OFFICIAL
2008,2008-03-09,47 - Valladolid,CONVERGENCIA I UNIO - CiU,0,0,Ministerio del Interior / portal oficial de datos abiertos,PRIMARY_OFFICIAL
2008,2008-03-09,47 - Valladolid,DEMOCRACIA NACIONAL - D.N.,0,0,Ministerio del Interior / portal oficial de datos abiertos,PRIMARY_OFFICIAL
2008,2008-03-09,47 - Valladolid,DEMOCRACIA NACIONAL - DN,243,0,Ministerio del Interior / portal oficial de datos abiertos,PRIMARY_OFFICIAL
2008,2008-03-09,47 - Valladolid,EI ESCONS INSUBMISOS-ALTERNATIVA DELS DEMOCRATES DESCONTENTS - Ei,0,0,Ministerio del Interior / portal oficial de datos abiertos,PRIMARY_OFFICIAL
2008,2008-03-09,47 - Valladolid,ELS VERDS - L'ALTERNATIVA ECOLOGISTA - EV-AE,0,0,Ministerio del Interior / portal oficial de datos abiertos,PRIMARY_OFFICIAL
2008,2008-03-09,47 - Valladolid,ELS VERDS-ALTERNATIVA VERDA - E.V.-A.V.,0,0,Ministerio del Interior / portal oficial de datos abiertos,PRIMARY_OFFICIAL
2008,2008-03-09,47 - Valladolid,ELS VERDS-LOS VERDES - EV-LV,0,0,Ministerio del Interior / portal oficial de datos abiertos,PRIMARY_OFFICIAL
2008,2008-03-09,47 - Valladolid,ESCONS INSUBMISOS ALTERNATIVA DELS DEMOCRATES DESCONTENTS - EI-ADD,0,0,Ministerio del Interior / portal oficial de datos abiertos,PRIMARY_OFFICIAL
2008,2008-03-09,47 - Valladolid,ESCONS INSUBMISOS-ALTERNATIVA DELS DEMOCRATES DESCONTENTS - Ei,0,0,Ministerio del Interior / portal oficial de datos abiertos,PRIMARY_OFFICIAL
2008,2008-03-09,47 - Valladolid,ESPAÑA 2000 - E-2000,0,0,Ministerio del Interior / portal oficial de datos abiertos,PRIMARY_OFFICIAL
2008,2008-03-09,47 - Valladolid,ESPAÑA-2000 - E-2000,0,0,Ministerio del Interior / portal oficial de datos abiertos,PRIMARY_OFFICIAL
2008,2008-03-09,47 - Valladolid,ESQUERDA UNIDA-IZQUIERDA UNIDA-ALTERNATIVA - EU-IU,0,0,Ministerio del Interior / portal oficial de datos abiertos,PRIMARY_OFFICIAL
2008,2008-03-09,47 - Valladolid,ESQUERRA REPUBLICANA DE CATALUNYA - ESQUERRA,0,0,Ministerio del Interior / portal oficial de datos abiertos,PRIMARY_OFFICIAL
2008,2008-03-09,47 - Valladolid,ESQUERRA REPUBLICANA DE CATALUNYA - esquerra,0,0,Ministerio del Interior / portal oficial de datos abiertos,PRIMARY_OFFICIAL
2008,2008-03-09,47 - Valladolid,ESQUERRA REPUBLICANA DEL PAIS VALENCIA-PAIS VALENCIA SI - ESQUERRA-PV,0,0,Ministerio del Interior / portal oficial de datos abiertos,PRIMARY_OFFICIAL
2008,2008-03-09,47 - Valladolid,"ESQUERRA REPUBLICANA DEL PAIS VALENCIA-PAIS VALENCIA, SI - ESQUERRA-PV",0,0,Ministerio del Interior / portal oficial de datos abiertos,PRIMARY_OFFICIAL
2008,2008-03-09,47 - Valladolid,ESQUERRA UNIDA - ELS VERDS - EU-EV,0,0,Ministerio del Interior / portal oficial de datos abiertos,PRIMARY_OFFICIAL
2008,2008-03-09,47 - Valladolid,ESQUERRA UNIDA DEL PAIS VALENCIA-IZQUIERDA REPUBLICANA: ESQUERRA UNIDA I REPUBLICANA - EUPV-IR,0,0,Ministerio del Interior / portal oficial de datos abiertos,PRIMARY_OFFICIAL
2008,2008-03-09,47 - Valladolid,ESQUERRA UNIDA DEL PAIS VALENCIA-IZQUIERDA REPUBLICANA:ESQUERRA UNIDA I REPUBLICANA - EUPV-IR,0,0,Ministerio del Interior / portal oficial de datos abiertos,PRIMARY_OFFICIAL
2008,2008-03-09,47 - Valladolid,EUSKO ALKARTASUNA - EA,0,0,Ministerio del Interior / portal oficial de datos abiertos,PRIMARY_OFFICIAL
2008,2008-03-09,47 - Valladolid,EUZKO ALDERDI JELTZALEA-PARTIDO NACIONALISTA VASCO - EAJ-PNV,0,0,Ministerio del Interior / portal oficial de datos abiertos,PRIMARY_OFFICIAL
2008,2008-03-09,47 - Valladolid,EXTREMADURA UNIDA - EXTREMADURA UNIDA,0,0,Ministerio del Interior / portal oficial de datos abiertos,PRIMARY_OFFICIAL
2008,2008-03-09,47 - Valladolid,EZKER BATUA-BERDEAK-ALTERNATIVA - EB-B,0,0,Ministerio del Interior / portal oficial de datos abiertos,PRIMARY_OFFICIAL
2008,2008-03-09,47 - Valladolid,FALANGE AUTENTICA - F.A.,87,0,Ministerio del Interior / portal oficial de datos abiertos,PRIMARY_OFFICIAL
2008,2008-03-09,47 - Valladolid,FALANGE AUTENTICA - FA,0,0,Ministerio del Interior / portal oficial de datos abiertos,PRIMARY_OFFICIAL
2008,2008-03-09,47 - Valladolid,FALANGE ESPAÑOLA DE LA JONS - FE de las JONS,0,0,Ministerio del Interior / portal oficial de datos abiertos,PRIMARY_OFFICIAL
2008,2008-03-09,47 - Valladolid,FALANGE ESPAÑOLA DE LAS J.O.N.S. - F.E. de las J.O.N.S.,0,0,Ministerio del Interior / portal oficial de datos abiertos,PRIMARY_OFFICIAL
2008,2008-03-09,47 - Valladolid,FALANGE ESPAÑOLA DE LAS J.O.N.S. - FE de las JONS,0,0,Ministerio del Interior / portal oficial de datos abiertos,PRIMARY_OFFICIAL
2008,2008-03-09,47 - Valladolid,FALANGE ESPAÑOLA DE LAS J.O.N.S. - FE-JONS,0,0,Ministerio del Interior / portal oficial de datos abiertos,PRIMARY_OFFICIAL
2008,2008-03-09,47 - Valladolid,FALANGE ESPAÑOLA DE LAS JONS - F.E. de las J.O.N.S.,0,0,Ministerio del Interior / portal oficial de datos abiertos,PRIMARY_OFFICIAL
2008,2008-03-09,47 - Valladolid,FALANGE ESPAÑOLA DE LAS JONS - FE DE LAS JONS,0,0,Ministerio del Interior / portal oficial de datos abiertos,PRIMARY_OFFICIAL
2008,2008-03-09,47 - Valladolid,FALANGE ESPAÑOLA DE LAS JONS - FE de las JONS,248,0,Ministerio del Interior / portal oficial de datos abiertos,PRIMARY_OFFICIAL
2008,2008-03-09,47 - Valladolid,FALANGE ESPAÑOLA DE LAS JONS - FE-JONS,0,0,Ministerio del Interior / portal oficial de datos abiertos,PRIMARY_OFFICIAL
2008,2008-03-09,47 - Valladolid,FAMILIA I VIDA - PFiV,0,0,Ministerio del Interior / portal oficial de datos abiertos,PRIMARY_OFFICIAL
2008,2008-03-09,47 - Valladolid,FAMILIA Y VIDA - PFyV,0,0,Ministerio del Interior / portal oficial de datos abiertos,PRIMARY_OFFICIAL
2008,2008-03-09,47 - Valladolid,FRENTE ESPAÑOL - F.E,0,0,Ministerio del Interior / portal oficial de datos abiertos,PRIMARY_OFFICIAL
2008,2008-03-09,47 - Valladolid,FRENTE ESPAÑOL - F.E.,0,0,Ministerio del Interior / portal oficial de datos abiertos,PRIMARY_OFFICIAL
2008,2008-03-09,47 - Valladolid,FRENTE ESPAÑOL - FRENTE,0,0,Ministerio del Interior / portal oficial de datos abiertos,PRIMARY_OFFICIAL
2008,2008-03-09,47 - Valladolid,GENTES DE EL BIERZO - PB-UB,0,0,Ministerio del Interior / portal oficial de datos abiertos,PRIMARY_OFFICIAL
2008,2008-03-09,47 - Valladolid,IDENTITAT REGNE DE VALENCIA - IRV,0,0,Ministerio del Interior / portal oficial de datos abiertos,PRIMARY_OFFICIAL
2008,2008-03-09,47 - Valladolid,INDEPENDIENTES POR CUENCA - ixC,0,0,Ministerio del Interior / portal oficial de datos abiertos,PRIMARY_OFFICIAL
2008,2008-03-09,47 - Valladolid,INICIATIVA CIUDADANA BURGALESA - I.C.Bur,0,0,Ministerio del Interior / portal oficial de datos abiertos,PRIMARY_OFFICIAL
2008,2008-03-09,47 - Valladolid,INICIATIVA MERINDADES DE CASTILLA - I.M.C.,0,0,Ministerio del Interior / portal oficial de datos abiertos,PRIMARY_OFFICIAL
2008,2008-03-09,47 - Valladolid,INICIATIVA PER CATALUNYA VERDS - ESQUERRA UNIDA I ALTERNATIVA - ICV-EUiA,0,0,Ministerio del Interior / portal oficial de datos abiertos,PRIMARY_OFFICIAL
2008,2008-03-09,47 - Valladolid,INICIATIVA PER CATALUNYA VERDS-ESQUERRA UNIDA I ALTERNATIVA - ICV-EUiA,0,0,Ministerio del Interior / portal oficial de datos abiertos,PRIMARY_OFFICIAL
2008,2008-03-09,47 - Valladolid,IZQUIERDA REPUBLICANA - IR,0,0,Ministerio del Interior / portal oficial de datos abiertos,PRIMARY_OFFICIAL
2008,2008-03-09,47 - Valladolid,IZQUIERDA REPUBLICANA-PARTIT REPUBLICA D'ESQUERRA - IR-PRE,0,0,Ministerio del Interior / portal oficial de datos abiertos,PRIMARY_OFFICIAL
2008,2008-03-09,47 - Valladolid,IZQUIERDA UNIDA - BLOQUE POR ASTURIES - LOS VERDES - IU-B.A-LOS VERDES,0,0,Ministerio del Interior / portal oficial de datos abiertos,PRIMARY_OFFICIAL
2008,2008-03-09,47 - Valladolid,IZQUIERDA UNIDA CANARIA-ALTERNATIVA - IUC,0,0,Ministerio del Interior / portal oficial de datos abiertos,PRIMARY_OFFICIAL
2008,2008-03-09,47 - Valladolid,IZQUIERDA UNIDA COMUNIDAD DE MADRID-ALTERNATIVA - IU-CM.,0,0,Ministerio del Interior / portal oficial de datos abiertos,PRIMARY_OFFICIAL
2008,2008-03-09,47 - Valladolid,IZQUIERDA UNIDA DE CEUTA - I.U.,0,0,Ministerio del Interior / portal oficial de datos abiertos,PRIMARY_OFFICIAL
2008,2008-03-09,47 - Valladolid,IZQUIERDA UNIDA DE LA REGION DE MURCIA-ALTERNATIVA - I.U.R.M.,0,0,Ministerio del Interior / portal oficial de datos abiertos,PRIMARY_OFFICIAL
2008,2008-03-09,47 - Valladolid,IZQUIERDA UNIDA DE NAVARRA - NAFARROAKO EZKER BATUA - ALTERNATIVA - IUN-NEB,0,0,Ministerio del Interior / portal oficial de datos abiertos,PRIMARY_OFFICIAL
2008,2008-03-09,47 - Valladolid,IZQUIERDA UNIDA LOS VERDES CONVOCATORIA POR ANDALUCIA-ALTERNATIVA - IULV-CA,0,0,Ministerio del Interior / portal oficial de datos abiertos,PRIMARY_OFFICIAL
2008,2008-03-09,47 - Valladolid,IZQUIERDA UNIDA LOS VERDES-CONVOCATORIA POR ANDALUCIA - ALTERNATIVA - IULV-CA,0,0,Ministerio del Interior / portal oficial de datos abiertos,PRIMARY_OFFICIAL
2008,2008-03-09,47 - Valladolid,IZQUIERDA UNIDA LOS VERDES-CONVOCATORIA POR ANDALUCIA-ALTERNATIVA - IULV-CA,0,0,Ministerio del Interior / portal oficial de datos abiertos,PRIMARY_OFFICIAL
2008,2008-03-09,47 - Valladolid,IZQUIERDA UNIDA-ALTERNATIVA - I.U.,0,0,Ministerio del Interior / portal oficial de datos abiertos,PRIMARY_OFFICIAL
2008,2008-03-09,47 - Valladolid,IZQUIERDA UNIDA-ALTERNATIVA - IU,11065,0,Ministerio del Interior / portal oficial de datos abiertos,PRIMARY_OFFICIAL
2008,2008-03-09,47 - Valladolid,LLUITA INTERNACIONALISTA - (LI(LIT-CI)),0,0,Ministerio del Interior / portal oficial de datos abiertos,PRIMARY_OFFICIAL
2008,2008-03-09,47 - Valladolid,LLUITA INTERNACIONALISTA - L.I.(LIT-CI),0,0,Ministerio del Interior / portal oficial de datos abiertos,PRIMARY_OFFICIAL
2008,2008-03-09,47 - Valladolid,LLUITA INTERNACIONALISTA - LI-LITCI,0,0,Ministerio del Interior / portal oficial de datos abiertos,PRIMARY_OFFICIAL
2008,2008-03-09,47 - Valladolid,LOS VERDES - LOS VERDES,0,0,Ministerio del Interior / portal oficial de datos abiertos,PRIMARY_OFFICIAL
2008,2008-03-09,47 - Valladolid,LOS VERDES - LV,0,0,Ministerio del Interior / portal oficial de datos abiertos,PRIMARY_OFFICIAL
2008,2008-03-09,47 - Valladolid,LOS VERDES - VERDES,892,0,Ministerio del Interior / portal oficial de datos abiertos,PRIMARY_OFFICIAL
2008,2008-03-09,47 - Valladolid,LOS VERDES COMUNIDAD DE MADRID-LOS VERDES DE EUROPA - LVCM-LVE,0,0,Ministerio del Interior / portal oficial de datos abiertos,PRIMARY_OFFICIAL
2008,2008-03-09,47 - Valladolid,LOS VERDES DE EUROPA - LOS VERDES DE EUROPA,0,0,Ministerio del Interior / portal oficial de datos abiertos,PRIMARY_OFFICIAL
2008,2008-03-09,47 - Valladolid,LOS VERDES DE EUROPA - LVE,788,0,Ministerio del Interior / portal oficial de datos abiertos,PRIMARY_OFFICIAL
2008,2008-03-09,47 - Valladolid,LOS VERDES DE EXTREMADURA - LV,0,0,Ministerio del Interior / portal oficial de datos abiertos,PRIMARY_OFFICIAL
2008,2008-03-09,47 - Valladolid,LOS VERDES-ELS VERDS - LV-EV,0,0,Ministerio del Interior / portal oficial de datos abiertos,PRIMARY_OFFICIAL
2008,2008-03-09,47 - Valladolid,LOS VERDES-GRUPO VERDE - L.V.,0,0,Ministerio del Interior / portal oficial de datos abiertos,PRIMARY_OFFICIAL
2008,2008-03-09,47 - Valladolid,LOS VERDES-GRUPO VERDE - LV,0,0,Ministerio del Interior / portal oficial de datos abiertos,PRIMARY_OFFICIAL
2008,2008-03-09,47 - Valladolid,LOS VERDES-GRUPO VERDE - LV-GV,0,0,Ministerio del Interior / portal oficial de datos abiertos,PRIMARY_OFFICIAL
2008,2008-03-09,47 - Valladolid,LUCHA INTERNACIONALISTA - LI-LITCI,0,0,Ministerio del Interior / portal oficial de datos abiertos,PRIMARY_OFFICIAL
2008,2008-03-09,47 - Valladolid,MOVIMIENTO FALANGISTA DE ESPAÑA - M.F.E.,0,0,Ministerio del Interior / portal oficial de datos abiertos,PRIMARY_OFFICIAL
2008,2008-03-09,47 - Valladolid,MOVIMIENTO POR LA UNIDAD DEL PUEBLO CANARIO - MUPC,0,0,Ministerio del Interior / portal oficial de datos abiertos,PRIMARY_OFFICIAL
2008,2008-03-09,47 - Valladolid,NAFARROA BAI - NA-BAI,0,0,Ministerio del Interior / portal oficial de datos abiertos,PRIMARY_OFFICIAL
2008,2008-03-09,47 - Valladolid,NOSALTRES SOM - N som,0,0,Ministerio del Interior / portal oficial de datos abiertos,PRIMARY_OFFICIAL
2008,2008-03-09,47 - Valladolid,NUEVA CANARIAS-CENTRO CANARIO - NC-CCN,0,0,Ministerio del Interior / portal oficial de datos abiertos,PRIMARY_OFFICIAL
2008,2008-03-09,47 - Valladolid,OPCIO NACIONALISTA VALENCIANA - O.N.V.,0,0,Ministerio del Interior / portal oficial de datos abiertos,PRIMARY_OFFICIAL
2008,2008-03-09,47 - Valladolid,OPCIO NACIONALISTA VALENCIANA - ONV,0,0,Ministerio del Interior / portal oficial de datos abiertos,PRIMARY_OFFICIAL
2008,2008-03-09,47 - Valladolid,OS VERDES - GRUPO VERDE - OV,0,0,Ministerio del Interior / portal oficial de datos abiertos,PRIMARY_OFFICIAL
2008,2008-03-09,47 - Valladolid,PARTIDO ALTERNATIVA MOTOR Y DEPORTES - A.M.D.,0,0,Ministerio del Interior / portal oficial de datos abiertos,PRIMARY_OFFICIAL
2008,2008-03-09,47 - Valladolid,PARTIDO ANTITAURINO CONTRA EL MALTRATO ANIMAL - P.A.C.M.A,0,0,Ministerio del Interior / portal oficial de datos abiertos,PRIMARY_OFFICIAL
2008,2008-03-09,47 - Valladolid,PARTIDO ANTITAURINO CONTRA EL MALTRATO ANIMAL - P.A.C.M.A.,535,0,Ministerio del Interior / portal oficial de datos abiertos,PRIMARY_OFFICIAL
2008,2008-03-09,47 - Valladolid,PARTIDO ANTITAURINO CONTRA EL MALTRATO ANIMAL - PACMA,0,0,Ministerio del Interior / portal oficial de datos abiertos,PRIMARY_OFFICIAL
2008,2008-03-09,47 - Valladolid,PARTIDO ARAGONES - PAR,0,0,Ministerio del Interior / portal oficial de datos abiertos,PRIMARY_OFFICIAL
2008,2008-03-09,47 - Valladolid,PARTIDO CARLISTA - P.C.,0,0,Ministerio del Interior / portal oficial de datos abiertos,PRIMARY_OFFICIAL
2008,2008-03-09,47 - Valladolid,PARTIDO CARLISTA - PARTIDO CARLISTA,0,0,Ministerio del Interior / portal oficial de datos abiertos,PRIMARY_OFFICIAL
2008,2008-03-09,47 - Valladolid,PARTIDO CARLISTA - PC,0,0,Ministerio del Interior / portal oficial de datos abiertos,PRIMARY_OFFICIAL
2008,2008-03-09,47 - Valladolid,PARTIDO CARLISTA DE EUSKALERRIA-PARTIDO CARLISTA - EKA-PC.,0,0,Ministerio del Interior / portal oficial de datos abiertos,PRIMARY_OFFICIAL
2008,2008-03-09,47 - Valladolid,PARTIDO CARLISTA DE EUSKALHERRIA-EUSKALHERRIKO KARLISTA ALDERDIA - PARTIDO CARLISTA-EKA,0,0,Ministerio del Interior / portal oficial de datos abiertos,PRIMARY_OFFICIAL
2008,2008-03-09,47 - Valladolid,PARTIDO CENTRISTA - PCTR,0,0,Ministerio del Interior / portal oficial de datos abiertos,PRIMARY_OFFICIAL
2008,2008-03-09,47 - Valladolid,PARTIDO CENTRISTAS - Centristas PCTR,0,0,Ministerio del Interior / portal oficial de datos abiertos,PRIMARY_OFFICIAL
2008,2008-03-09,47 - Valladolid,PARTIDO CENTRISTAS - PCTR,0,0,Ministerio del Interior / portal oficial de datos abiertos,PRIMARY_OFFICIAL
2008,2008-03-09,47 - Valladolid,PARTIDO CIUDADANOS UNIDOS DE ARAGON - pCUA,0,0,Ministerio del Interior / portal oficial de datos abiertos,PRIMARY_OFFICIAL
2008,2008-03-09,47 - Valladolid,PARTIDO COMUNISTA DE LOS PUEBLOS DE ESPAÑA - P.C.P.E.,0,0,Ministerio del Interior / portal oficial de datos abiertos,PRIMARY_OFFICIAL
2008,2008-03-09,47 - Valladolid,PARTIDO COMUNISTA DE LOS PUEBLOS DE ESPAÑA - P.C.P.E.-E.K.,0,0,Ministerio del Interior / portal oficial de datos abiertos,PRIMARY_OFFICIAL
2008,2008-03-09,47 - Valladolid,PARTIDO COMUNISTA DE LOS PUEBLOS DE ESPAÑA - PCPE,0,0,Ministerio del Interior / portal oficial de datos abiertos,PRIMARY_OFFICIAL
2008,2008-03-09,47 - Valladolid,PARTIDO COMUNISTA DE LOS PUEBLOS DE ESPAÑA-EUSKAL KOMUNISTAK - PCPE - EK,0,0,Ministerio del Interior / portal oficial de datos abiertos,PRIMARY_OFFICIAL
2008,2008-03-09,47 - Valladolid,PARTIDO COMUNISTA DEL PUEBLO CANARIO - PCPE,0,0,Ministerio del Interior / portal oficial de datos abiertos,PRIMARY_OFFICIAL
2008,2008-03-09,47 - Valladolid,PARTIDO COMUNISTA DEL PUEBLO CASTELLANO - PCPE,0,0,Ministerio del Interior / portal oficial de datos abiertos,PRIMARY_OFFICIAL
2008,2008-03-09,47 - Valladolid,PARTIDO COMUNISTA DEL PUEBLO CASTELLANO-PCPE - PCPE,386,0,Ministerio del Interior / portal oficial de datos abiertos,PRIMARY_OFFICIAL
2008,2008-03-09,47 - Valladolid,PARTIDO COMUNISTA DEL PUEBLO DE CATALUNYA - PCPC,0,0,Ministerio del Interior / portal oficial de datos abiertos,PRIMARY_OFFICIAL
2008,2008-03-09,47 - Valladolid,PARTIDO COMUNISTA DEL PUEBLO DE CATALUÑA - PCPC,0,0,Ministerio del Interior / portal oficial de datos abiertos,PRIMARY_OFFICIAL
2008,2008-03-09,47 - Valladolid,PARTIDO COMUNISTA DO POBO GALEGO - PCPG,0,0,Ministerio del Interior / portal oficial de datos abiertos,PRIMARY_OFFICIAL
2008,2008-03-09,47 - Valladolid,PARTIDO COMUNISTA DO POVO GALEGO - P.C.P.G.,0,0,Ministerio del Interior / portal oficial de datos abiertos,PRIMARY_OFFICIAL
2008,2008-03-09,47 - Valladolid,PARTIDO COMUNISTA PUEBLOS DE ESPAÑA - PCPE,0,0,Ministerio del Interior / portal oficial de datos abiertos,PRIMARY_OFFICIAL
2008,2008-03-09,47 - Valladolid,PARTIDO DE ALIANZA IBEROAMERICANA EUROPEA - PAIE,0,0,Ministerio del Interior / portal oficial de datos abiertos,PRIMARY_OFFICIAL
2008,2008-03-09,47 - Valladolid,PARTIDO DE ALMERIA - PdeAL,0,0,Ministerio del Interior / portal oficial de datos abiertos,PRIMARY_OFFICIAL
2008,2008-03-09,47 - Valladolid,PARTIDO DE LAS LIBERTADES CIVILES - PLCI,0,0,Ministerio del Interior / portal oficial de datos abiertos,PRIMARY_OFFICIAL
2008,2008-03-09,47 - Valladolid,PARTIDO DE LOS NO-FUMADORES - PNF (NO-FUMADORES),0,0,Ministerio del Interior / portal oficial de datos abiertos,PRIMARY_OFFICIAL
2008,2008-03-09,47 - Valladolid,PARTIDO DE LOS PENSIONISTAS EN ACCION - PDLPEA,0,0,Ministerio del Interior / portal oficial de datos abiertos,PRIMARY_OFFICIAL
2008,2008-03-09,47 - Valladolid,PARTIDO DOS SOCIALISTAS DE GALICIA-PARTIDO SOCIALISTA OBRERO ESPAÑOL - PSdeG-PSOE,0,0,Ministerio del Interior / portal oficial de datos abiertos,PRIMARY_OFFICIAL
2008,2008-03-09,47 - Valladolid,PARTIDO DOS SOCIALISTAS DE GALICIA-PSOE - PSdeG-PSOE,0,0,Ministerio del Interior / portal oficial de datos abiertos,PRIMARY_OFFICIAL
2008,2008-03-09,47 - Valladolid,PARTIDO FAMILIA Y VIDA - PFyV,0,0,Ministerio del Interior / portal oficial de datos abiertos,PRIMARY_OFFICIAL
2008,2008-03-09,47 - Valladolid,PARTIDO HACHE - PHache,0,0,Ministerio del Interior / portal oficial de datos abiertos,PRIMARY_OFFICIAL
2008,2008-03-09,47 - Valladolid,PARTIDO HUMANISTA - P.H.,0,0,Ministerio del Interior / portal oficial de datos abiertos,PRIMARY_OFFICIAL
2008,2008-03-09,47 - Valladolid,PARTIDO HUMANISTA - PH,138,0,Ministerio del Interior / portal oficial de datos abiertos,PRIMARY_OFFICIAL
2008,2008-03-09,47 - Valladolid,PARTIDO IZQUIERDA REPUBLICANA-PARTIT REPUBLICA D'ESQUERRA - IR-PRE,0,0,Ministerio del Interior / portal oficial de datos abiertos,PRIMARY_OFFICIAL
2008,2008-03-09,47 - Valladolid,PARTIDO LIBERAL DEL EMPLEO Y LA VIVIENDA ESTATAL - P.L.E.V.E.,0,0,Ministerio del Interior / portal oficial de datos abiertos,PRIMARY_OFFICIAL
2008,2008-03-09,47 - Valladolid,PARTIDO LIBERTADES CIVILES - PLCI,0,0,Ministerio del Interior / portal oficial de datos abiertos,PRIMARY_OFFICIAL
2008,2008-03-09,47 - Valladolid,PARTIDO OBRERO SOCIALISTA INTERNACIONALISTA - P.O.S.I.,0,0,Ministerio del Interior / portal oficial de datos abiertos,PRIMARY_OFFICIAL
2008,2008-03-09,47 - Valladolid,PARTIDO OBRERO SOCIALISTA INTERNACIONALISTA - POSI,0,0,Ministerio del Interior / portal oficial de datos abiertos,PRIMARY_OFFICIAL
2008,2008-03-09,47 - Valladolid,PARTIDO POLITICO ARALAR - aralar,0,0,Ministerio del Interior / portal oficial de datos abiertos,PRIMARY_OFFICIAL
2008,2008-03-09,47 - Valladolid,PARTIDO POPULAR - P.P.,172085,3,Ministerio del Interior / portal oficial de datos abiertos,PRIMARY_OFFICIAL
2008,2008-03-09,47 - Valladolid,PARTIDO POPULAR - PP,0,0,Ministerio del Interior / portal oficial de datos abiertos,PRIMARY_OFFICIAL
2008,2008-03-09,47 - Valladolid,PARTIDO POPULAR/PARTIT POPULAR - PP,0,0,Ministerio del Interior / portal oficial de datos abiertos,PRIMARY_OFFICIAL
2008,2008-03-09,47 - Valladolid,PARTIDO POR UN MUNDO MAS JUSTO - PUM+J,0,0,Ministerio del Interior / portal oficial de datos abiertos,PRIMARY_OFFICIAL
2008,2008-03-09,47 - Valladolid,PARTIDO POSITIVISTA CRISTIANO - PPCr,0,0,Ministerio del Interior / portal oficial de datos abiertos,PRIMARY_OFFICIAL
2008,2008-03-09,47 - Valladolid,PARTIDO REGIONALISTA DE GUADALAJARA - P.R.GU.,0,0,Ministerio del Interior / portal oficial de datos abiertos,PRIMARY_OFFICIAL
2008,2008-03-09,47 - Valladolid,PARTIDO REGIONALISTA DEL PAIS LEONES - PREPAL,0,0,Ministerio del Interior / portal oficial de datos abiertos,PRIMARY_OFFICIAL
2008,2008-03-09,47 - Valladolid,PARTIDO RIOJANO - PARTIDO RIOJANO,0,0,Ministerio del Interior / portal oficial de datos abiertos,PRIMARY_OFFICIAL
2008,2008-03-09,47 - Valladolid,PARTIDO SOCIAL DEMOCRATA - P.S.D.,0,0,Ministerio del Interior / portal oficial de datos abiertos,PRIMARY_OFFICIAL
2008,2008-03-09,47 - Valladolid,PARTIDO SOCIAL DEMOCRATA - PSD,656,0,Ministerio del Interior / portal oficial de datos abiertos,PRIMARY_OFFICIAL
2008,2008-03-09,47 - Valladolid,PARTIDO SOCIAL DEMOCRATA-FEDERACION DE LOS INDEPENDIENTES DE ARAGON - PSD-FIA,0,0,Ministerio del Interior / portal oficial de datos abiertos,PRIMARY_OFFICIAL
2008,2008-03-09,47 - Valladolid,PARTIDO SOCIALISTA DE EUSKADI-EUSKADIKO EZKERRA (PSOE) - PSE-EE (PSOE),0,0,Ministerio del Interior / portal oficial de datos abiertos,PRIMARY_OFFICIAL
2008,2008-03-09,47 - Valladolid,PARTIDO SOCIALISTA DE EUSKADI-EUSKADIKO EZKERRA - PSE-EE (PSOE),0,0,Ministerio del Interior / portal oficial de datos abiertos,PRIMARY_OFFICIAL
2008,2008-03-09,47 - Valladolid,PARTIDO SOCIALISTA OBRERO ESPAÑOL - P.S.O.E.,148878,2,Ministerio del Interior / portal oficial de datos abiertos,PRIMARY_OFFICIAL
2008,2008-03-09,47 - Valladolid,PARTIDO SOCIALISTA OBRERO ESPAÑOL - PSOE,0,0,Ministerio del Interior / portal oficial de datos abiertos,PRIMARY_OFFICIAL
2008,2008-03-09,47 - Valladolid,PARTIDO SOCIALISTA OBRERO ESPAÑOL DE ANDALUCIA - PSOE-A,0,0,Ministerio del Interior / portal oficial de datos abiertos,PRIMARY_OFFICIAL
2008,2008-03-09,47 - Valladolid,PARTIDO SOLIDARIDAD Y AUTOGESTION INTERNACIONALISTA - SAIN,0,0,Ministerio del Interior / portal oficial de datos abiertos,PRIMARY_OFFICIAL
2008,2008-03-09,47 - Valladolid,PARTIDO UNIONISTA ESTADO DE ESPAÑA - P.U.E.D.E.,0,0,Ministerio del Interior / portal oficial de datos abiertos,PRIMARY_OFFICIAL
2008,2008-03-09,47 - Valladolid,PARTIDO UNIONISTA ESTADO DE ESPAÑA - PUEDE,0,0,Ministerio del Interior / portal oficial de datos abiertos,PRIMARY_OFFICIAL
2008,2008-03-09,47 - Valladolid,PARTIT ANTITAURI CONTRA EL MALTRACTAMENT ANIMAL - P.A.C.M.A.,0,0,Ministerio del Interior / portal oficial de datos abiertos,PRIMARY_OFFICIAL
2008,2008-03-09,47 - Valladolid,PARTIT ANTITAURI CONTRA EL MALTRACTAMENT ANIMAL - PACMA,0,0,Ministerio del Interior / portal oficial de datos abiertos,PRIMARY_OFFICIAL
2008,2008-03-09,47 - Valladolid,PARTIT CARLI DE CATALUNYA - P. C. de C.,0,0,Ministerio del Interior / portal oficial de datos abiertos,PRIMARY_OFFICIAL
2008,2008-03-09,47 - Valladolid,PARTIT CARLI DE CATALUNYA - PCaC,0,0,Ministerio del Interior / portal oficial de datos abiertos,PRIMARY_OFFICIAL
2008,2008-03-09,47 - Valladolid,PARTIT COMUNISTA DEL POBLE DE CATALUNYA - P.C.P.C.,0,0,Ministerio del Interior / portal oficial de datos abiertos,PRIMARY_OFFICIAL
2008,2008-03-09,47 - Valladolid,PARTIT COMUNISTA DELS POBLES D'ESPANYA - PCPE,0,0,Ministerio del Interior / portal oficial de datos abiertos,PRIMARY_OFFICIAL
2008,2008-03-09,47 - Valladolid,PARTIT DELS SOCIALISTES DE CATALUNYA - PSC (PSC-PSOE),0,0,Ministerio del Interior / portal oficial de datos abiertos,PRIMARY_OFFICIAL
2008,2008-03-09,47 - Valladolid,PARTIT DELS SOCIALISTES DE CATALUNYA - PSC-PSOE,0,0,Ministerio del Interior / portal oficial de datos abiertos,PRIMARY_OFFICIAL
2008,2008-03-09,47 - Valladolid,PARTIT FAMILIA I VIDA - PFiV,0,0,Ministerio del Interior / portal oficial de datos abiertos,PRIMARY_OFFICIAL
2008,2008-03-09,47 - Valladolid,PARTIT HUMANISTA - P.H.,0,0,Ministerio del Interior / portal oficial de datos abiertos,PRIMARY_OFFICIAL
2008,2008-03-09,47 - Valladolid,PARTIT HUMANISTA - PH,0,0,Ministerio del Interior / portal oficial de datos abiertos,PRIMARY_OFFICIAL
2008,2008-03-09,47 - Valladolid,PARTIT HUMANISTA DE CATALUNYA - PH,0,0,Ministerio del Interior / portal oficial de datos abiertos,PRIMARY_OFFICIAL
2008,2008-03-09,47 - Valladolid,PARTIT ILLENC DE SES ILLES BALEARS - PIIB,0,0,Ministerio del Interior / portal oficial de datos abiertos,PRIMARY_OFFICIAL
2008,2008-03-09,47 - Valladolid,PARTIT OBRER SOCIALISTA INTERNACIONALISTA - P.O.S.I.,0,0,Ministerio del Interior / portal oficial de datos abiertos,PRIMARY_OFFICIAL
2008,2008-03-09,47 - Valladolid,PARTIT OBRER SOCIALISTA INTERNACIONALISTA - POSI,0,0,Ministerio del Interior / portal oficial de datos abiertos,PRIMARY_OFFICIAL
2008,2008-03-09,47 - Valladolid,PARTIT PER CATALUNYA - PxCat,0,0,Ministerio del Interior / portal oficial de datos abiertos,PRIMARY_OFFICIAL
2008,2008-03-09,47 - Valladolid,PARTIT POPULAR/PARTIDO POPULAR - P.P.,0,0,Ministerio del Interior / portal oficial de datos abiertos,PRIMARY_OFFICIAL
2008,2008-03-09,47 - Valladolid,PARTIT REPUBLICA CATALA - RC,0,0,Ministerio del Interior / portal oficial de datos abiertos,PRIMARY_OFFICIAL
2008,2008-03-09,47 - Valladolid,PER LA REPUBLICA VALENCIANA - PLRV,0,0,Ministerio del Interior / portal oficial de datos abiertos,PRIMARY_OFFICIAL
2008,2008-03-09,47 - Valladolid,PER LA REPUBLICA VALENCIANA - plRV,0,0,Ministerio del Interior / portal oficial de datos abiertos,PRIMARY_OFFICIAL
2008,2008-03-09,47 - Valladolid,POR UN MUNDO MAS JUSTO - PUM+J,334,0,Ministerio del Interior / portal oficial de datos abiertos,PRIMARY_OFFICIAL
2008,2008-03-09,47 - Valladolid,REPRESENTACION CANNABICA NAVARRA - RCN-NOK,0,0,Ministerio del Interior / portal oficial de datos abiertos,PRIMARY_OFFICIAL
2008,2008-03-09,47 - Valladolid,SOLIDARIDAD Y AUTOGESTION INTERNACIONALISTA - SAIN,0,0,Ministerio del Interior / portal oficial de datos abiertos,PRIMARY_OFFICIAL
2008,2008-03-09,47 - Valladolid,SOLIDARIDAD Y AUTOGESTION INTERNACIONALISTA - SAIn,198,0,Ministerio del Interior / portal oficial de datos abiertos,PRIMARY_OFFICIAL
2008,2008-03-09,47 - Valladolid,TIERRA COMUNERA - TC,656,0,Ministerio del Interior / portal oficial de datos abiertos,PRIMARY_OFFICIAL
2008,2008-03-09,47 - Valladolid,UNIDA - UNIDA,0,0,Ministerio del Interior / portal oficial de datos abiertos,PRIMARY_OFFICIAL
2008,2008-03-09,47 - Valladolid,UNIDAD CASTELLANA - Ud. Ca.,0,0,Ministerio del Interior / portal oficial de datos abiertos,PRIMARY_OFFICIAL
2008,2008-03-09,47 - Valladolid,UNIDAD DEL PUEBLO - UNIDAD DEL PUEBLO,0,0,Ministerio del Interior / portal oficial de datos abiertos,PRIMARY_OFFICIAL
2008,2008-03-09,47 - Valladolid,UNIDAD REGIONALISTA DE CASTILLA Y LEON - U.R.C.L.,423,0,Ministerio del Interior / portal oficial de datos abiertos,PRIMARY_OFFICIAL
2008,2008-03-09,47 - Valladolid,UNION CENTRISTA LIBERAL - UCL,0,0,Ministerio del Interior / portal oficial de datos abiertos,PRIMARY_OFFICIAL
2008,2008-03-09,47 - Valladolid,UNION CIUDADANA PROGRESISTAS INDEPENDIENTES DE CANARIAS - UCPIC,0,0,Ministerio del Interior / portal oficial de datos abiertos,PRIMARY_OFFICIAL
2008,2008-03-09,47 - Valladolid,UNION DEL PUEBLO LEONES - UPL,0,0,Ministerio del Interior / portal oficial de datos abiertos,PRIMARY_OFFICIAL
2008,2008-03-09,47 - Valladolid,UNION DEL PUEBLO NAVARRO EN COALICION CON EL PARTIDO POPULAR - UPN-PP,0,0,Ministerio del Interior / portal oficial de datos abiertos,PRIMARY_OFFICIAL
2008,2008-03-09,47 - Valladolid,UNION POR LEGANES - ULEG,0,0,Ministerio del Interior / portal oficial de datos abiertos,PRIMARY_OFFICIAL
2008,2008-03-09,47 - Valladolid,UNION PROGRESO Y DEMOCRACIA - UPD,0,0,Ministerio del Interior / portal oficial de datos abiertos,PRIMARY_OFFICIAL
2008,2008-03-09,47 - Valladolid,UNION PROGRESO Y DEMOCRACIA - UPyD,6858,0,Ministerio del Interior / portal oficial de datos abiertos,PRIMARY_OFFICIAL
2008,2008-03-09,47 - Valladolid,"UNION, PROGRESO Y DEMOCRACIA - UPyD",0,0,Ministerio del Interior / portal oficial de datos abiertos,PRIMARY_OFFICIAL
2008,2008-03-09,47 - Valladolid,UNITAT PER LES ILLES - UNITAT PER LES ILLES,0,0,Ministerio del Interior / portal oficial de datos abiertos,PRIMARY_OFFICIAL
2008,2008-03-09,48 - Bizkaia,AGRUPACION CIUDADANA - AGRUCI,0,0,Ministerio del Interior / portal oficial de datos abiertos,PRIMARY_OFFICIAL
2008,2008-03-09,48 - Bizkaia,ALIANZA NACIONAL - A.u.N.,0,0,Ministerio del Interior / portal oficial de datos abiertos,PRIMARY_OFFICIAL
2008,2008-03-09,48 - Bizkaia,ALIANZA NACIONAL - AN,0,0,Ministerio del Interior / portal oficial de datos abiertos,PRIMARY_OFFICIAL
2008,2008-03-09,48 - Bizkaia,ALIANZA NACIONAL - AUN,0,0,Ministerio del Interior / portal oficial de datos abiertos,PRIMARY_OFFICIAL
2008,2008-03-09,48 - Bizkaia,ALIANZA NACIONAL - AuN,87,0,Ministerio del Interior / portal oficial de datos abiertos,PRIMARY_OFFICIAL
2008,2008-03-09,48 - Bizkaia,ALIANZA POR BURGOS - AxB,0,0,Ministerio del Interior / portal oficial de datos abiertos,PRIMARY_OFFICIAL
2008,2008-03-09,48 - Bizkaia,ALIANÇA BALEAR - ABA,0,0,Ministerio del Interior / portal oficial de datos abiertos,PRIMARY_OFFICIAL
2008,2008-03-09,48 - Bizkaia,ALTERNATIVA EN BLANCO - ABLA,0,0,Ministerio del Interior / portal oficial de datos abiertos,PRIMARY_OFFICIAL
2008,2008-03-09,48 - Bizkaia,ALTERNATIVA EN BLANCO - aBla,0,0,Ministerio del Interior / portal oficial de datos abiertos,PRIMARY_OFFICIAL
2008,2008-03-09,48 - Bizkaia,ALTERNATIVA ESPAÑOLA - AES,113,0,Ministerio del Interior / portal oficial de datos abiertos,PRIMARY_OFFICIAL
2008,2008-03-09,48 - Bizkaia,ALTERNATIVA MOTOR Y DEPORTE - A.M.D.,617,0,Ministerio del Interior / portal oficial de datos abiertos,PRIMARY_OFFICIAL
2008,2008-03-09,48 - Bizkaia,ALTERNATIVA MOTOR Y DEPORTES - A.M.D.,0,0,Ministerio del Interior / portal oficial de datos abiertos,PRIMARY_OFFICIAL
2008,2008-03-09,48 - Bizkaia,ALTERNATIVA MOTOR Y DEPORTES - AMD,0,0,Ministerio del Interior / portal oficial de datos abiertos,PRIMARY_OFFICIAL
2008,2008-03-09,48 - Bizkaia,ALTERNATIVA NACIONALISTA CANARIA - ANC,0,0,Ministerio del Interior / portal oficial de datos abiertos,PRIMARY_OFFICIAL
2008,2008-03-09,48 - Bizkaia,ANDECHA ASTUR - AA,0,0,Ministerio del Interior / portal oficial de datos abiertos,PRIMARY_OFFICIAL
2008,2008-03-09,48 - Bizkaia,ARALAR - aralar,9740,0,Ministerio del Interior / portal oficial de datos abiertos,PRIMARY_OFFICIAL
2008,2008-03-09,48 - Bizkaia,ASAMBLEA DE VOTACION ELECTRONICA - AVE,0,0,Ministerio del Interior / portal oficial de datos abiertos,PRIMARY_OFFICIAL
2008,2008-03-09,48 - Bizkaia,BERDEAK-LOS VERDES - B-LV,3351,0,Ministerio del Interior / portal oficial de datos abiertos,PRIMARY_OFFICIAL
2008,2008-03-09,48 - Bizkaia,BLOC-INICIATIVA-VERDS - BLOC-IDPV-EV-EE,0,0,Ministerio del Interior / portal oficial de datos abiertos,PRIMARY_OFFICIAL
2008,2008-03-09,48 - Bizkaia,BLOC-INICIATIVA-VERDS - BLOC-IdPV-EV-EE,0,0,Ministerio del Interior / portal oficial de datos abiertos,PRIMARY_OFFICIAL
2008,2008-03-09,48 - Bizkaia,BLOQUE NACIONALISTA GALEGO - B.N.G.,0,0,Ministerio del Interior / portal oficial de datos abiertos,PRIMARY_OFFICIAL
2008,2008-03-09,48 - Bizkaia,BLOQUE NACIONALISTA GALEGO - BNG,0,0,Ministerio del Interior / portal oficial de datos abiertos,PRIMARY_OFFICIAL
2008,2008-03-09,48 - Bizkaia,CENTRO DEMOCRATICO ESPAÑOL - C.D.Es.,0,0,Ministerio del Interior / portal oficial de datos abiertos,PRIMARY_OFFICIAL
2008,2008-03-09,48 - Bizkaia,CENTRO DEMOCRATICO ESPAÑOL - CDEs,0,0,Ministerio del Interior / portal oficial de datos abiertos,PRIMARY_OFFICIAL
2008,2008-03-09,48 - Bizkaia,CENTRO DEMOCRATICO LIBERAL - C.D.L.,0,0,Ministerio del Interior / portal oficial de datos abiertos,PRIMARY_OFFICIAL
2008,2008-03-09,48 - Bizkaia,CENTRO DEMOCRATICO LIBERAL - CDL,0,0,Ministerio del Interior / portal oficial de datos abiertos,PRIMARY_OFFICIAL
2008,2008-03-09,48 - Bizkaia,CENTRO DEMOCRATICO SOCIAL - C.D.S.,0,0,Ministerio del Interior / portal oficial de datos abiertos,PRIMARY_OFFICIAL
2008,2008-03-09,48 - Bizkaia,CENTRO DEMOCRATICO Y SOCIAL - CDS,0,0,Ministerio del Interior / portal oficial de datos abiertos,PRIMARY_OFFICIAL
2008,2008-03-09,48 - Bizkaia,CHUNTA ARAGONESISTA - CHA,0,0,Ministerio del Interior / portal oficial de datos abiertos,PRIMARY_OFFICIAL
2008,2008-03-09,48 - Bizkaia,CIUDADANOS EN BLANCO - CENB,0,0,Ministerio del Interior / portal oficial de datos abiertos,PRIMARY_OFFICIAL
2008,2008-03-09,48 - Bizkaia,CIUDADANOS EN BLANCO - CNB,0,0,Ministerio del Interior / portal oficial de datos abiertos,PRIMARY_OFFICIAL
2008,2008-03-09,48 - Bizkaia,CIUDADANOS EN BLANCO - CenB,0,0,Ministerio del Interior / portal oficial de datos abiertos,PRIMARY_OFFICIAL
2008,2008-03-09,48 - Bizkaia,CIUDADANOS EN BLANCO - Cenb,0,0,Ministerio del Interior / portal oficial de datos abiertos,PRIMARY_OFFICIAL
2008,2008-03-09,48 - Bizkaia,CIUDADANOS PARTIDO DE LA CIUDADANIA - C's,0,0,Ministerio del Interior / portal oficial de datos abiertos,PRIMARY_OFFICIAL
2008,2008-03-09,48 - Bizkaia,CIUDADANOS-PARTIDO DE LA CIUDADANIA - C's,426,0,Ministerio del Interior / portal oficial de datos abiertos,PRIMARY_OFFICIAL
2008,2008-03-09,48 - Bizkaia,"CIUDADANOS-PARTIDO DE LA CIUDADANIA - C,S",0,0,Ministerio del Interior / portal oficial de datos abiertos,PRIMARY_OFFICIAL
2008,2008-03-09,48 - Bizkaia,CIUTADANS-PARTIDO DE LA CIUDADANIA - C's,0,0,Ministerio del Interior / portal oficial de datos abiertos,PRIMARY_OFFICIAL
2008,2008-03-09,48 - Bizkaia,COALICIO TREBALLADORS PER LA DEMOCRACIA - TD,0,0,Ministerio del Interior / portal oficial de datos abiertos,PRIMARY_OFFICIAL
2008,2008-03-09,48 - Bizkaia,COALICIO VALENCIANA - CVa,0,0,Ministerio del Interior / portal oficial de datos abiertos,PRIMARY_OFFICIAL
2008,2008-03-09,48 - Bizkaia,COALICION ANDALUCISTA - CA,0,0,Ministerio del Interior / portal oficial de datos abiertos,PRIMARY_OFFICIAL
2008,2008-03-09,48 - Bizkaia,COALICION CANARIA-PARTIDO NACIONALISTA CANARIO - CC-PNC,0,0,Ministerio del Interior / portal oficial de datos abiertos,PRIMARY_OFFICIAL
2008,2008-03-09,48 - Bizkaia,COALICION CANARIA-PARTIDO NACIONALISTA CANARIO-PARTIDO DE INDEPENDIENTES DE LANZAROTE - CC-PNC-PIL,0,0,Ministerio del Interior / portal oficial de datos abiertos,PRIMARY_OFFICIAL
2008,2008-03-09,48 - Bizkaia,COMUNION TRADICIONALISTA CARLISTA - C.T.C.,0,0,Ministerio del Interior / portal oficial de datos abiertos,PRIMARY_OFFICIAL
2008,2008-03-09,48 - Bizkaia,COMUNION TRADICIONALISTA CARLISTA - CTC,0,0,Ministerio del Interior / portal oficial de datos abiertos,PRIMARY_OFFICIAL
2008,2008-03-09,48 - Bizkaia,CONVERGENCIA DEMOCRATICA ASTURIANA - CDAS,0,0,Ministerio del Interior / portal oficial de datos abiertos,PRIMARY_OFFICIAL
2008,2008-03-09,48 - Bizkaia,CONVERGENCIA I UNIO - CIU,0,0,Ministerio del Interior / portal oficial de datos abiertos,PRIMARY_OFFICIAL
2008,2008-03-09,48 - Bizkaia,CONVERGENCIA I UNIO - CiU,0,0,Ministerio del Interior / portal oficial de datos abiertos,PRIMARY_OFFICIAL
2008,2008-03-09,48 - Bizkaia,DEMOCRACIA NACIONAL - D.N.,0,0,Ministerio del Interior / portal oficial de datos abiertos,PRIMARY_OFFICIAL
2008,2008-03-09,48 - Bizkaia,DEMOCRACIA NACIONAL - DN,191,0,Ministerio del Interior / portal oficial de datos abiertos,PRIMARY_OFFICIAL
2008,2008-03-09,48 - Bizkaia,EI ESCONS INSUBMISOS-ALTERNATIVA DELS DEMOCRATES DESCONTENTS - Ei,0,0,Ministerio del Interior / portal oficial de datos abiertos,PRIMARY_OFFICIAL
2008,2008-03-09,48 - Bizkaia,ELS VERDS - L'ALTERNATIVA ECOLOGISTA - EV-AE,0,0,Ministerio del Interior / portal oficial de datos abiertos,PRIMARY_OFFICIAL
2008,2008-03-09,48 - Bizkaia,ELS VERDS-ALTERNATIVA VERDA - E.V.-A.V.,0,0,Ministerio del Interior / portal oficial de datos abiertos,PRIMARY_OFFICIAL
2008,2008-03-09,48 - Bizkaia,ELS VERDS-LOS VERDES - EV-LV,0,0,Ministerio del Interior / portal oficial de datos abiertos,PRIMARY_OFFICIAL
2008,2008-03-09,48 - Bizkaia,ESCONS INSUBMISOS ALTERNATIVA DELS DEMOCRATES DESCONTENTS - EI-ADD,0,0,Ministerio del Interior / portal oficial de datos abiertos,PRIMARY_OFFICIAL
2008,2008-03-09,48 - Bizkaia,ESCONS INSUBMISOS-ALTERNATIVA DELS DEMOCRATES DESCONTENTS - Ei,0,0,Ministerio del Interior / portal oficial de datos abiertos,PRIMARY_OFFICIAL
2008,2008-03-09,48 - Bizkaia,ESPAÑA 2000 - E-2000,0,0,Ministerio del Interior / portal oficial de datos abiertos,PRIMARY_OFFICIAL
2008,2008-03-09,48 - Bizkaia,ESPAÑA-2000 - E-2000,0,0,Ministerio del Interior / portal oficial de datos abiertos,PRIMARY_OFFICIAL
2008,2008-03-09,48 - Bizkaia,ESQUERDA UNIDA-IZQUIERDA UNIDA-ALTERNATIVA - EU-IU,0,0,Ministerio del Interior / portal oficial de datos abiertos,PRIMARY_OFFICIAL
2008,2008-03-09,48 - Bizkaia,ESQUERRA REPUBLICANA DE CATALUNYA - ESQUERRA,0,0,Ministerio del Interior / portal oficial de datos abiertos,PRIMARY_OFFICIAL
2008,2008-03-09,48 - Bizkaia,ESQUERRA REPUBLICANA DE CATALUNYA - esquerra,0,0,Ministerio del Interior / portal oficial de datos abiertos,PRIMARY_OFFICIAL
2008,2008-03-09,48 - Bizkaia,ESQUERRA REPUBLICANA DEL PAIS VALENCIA-PAIS VALENCIA SI - ESQUERRA-PV,0,0,Ministerio del Interior / portal oficial de datos abiertos,PRIMARY_OFFICIAL
2008,2008-03-09,48 - Bizkaia,"ESQUERRA REPUBLICANA DEL PAIS VALENCIA-PAIS VALENCIA, SI - ESQUERRA-PV",0,0,Ministerio del Interior / portal oficial de datos abiertos,PRIMARY_OFFICIAL
2008,2008-03-09,48 - Bizkaia,ESQUERRA UNIDA - ELS VERDS - EU-EV,0,0,Ministerio del Interior / portal oficial de datos abiertos,PRIMARY_OFFICIAL
2008,2008-03-09,48 - Bizkaia,ESQUERRA UNIDA DEL PAIS VALENCIA-IZQUIERDA REPUBLICANA: ESQUERRA UNIDA I REPUBLICANA - EUPV-IR,0,0,Ministerio del Interior / portal oficial de datos abiertos,PRIMARY_OFFICIAL
2008,2008-03-09,48 - Bizkaia,ESQUERRA UNIDA DEL PAIS VALENCIA-IZQUIERDA REPUBLICANA:ESQUERRA UNIDA I REPUBLICANA - EUPV-IR,0,0,Ministerio del Interior / portal oficial de datos abiertos,PRIMARY_OFFICIAL
2008,2008-03-09,48 - Bizkaia,EUSKO ALKARTASUNA - EA,19605,0,Ministerio del Interior / portal oficial de datos abiertos,PRIMARY_OFFICIAL
2008,2008-03-09,48 - Bizkaia,EUZKO ALDERDI JELTZALEA-PARTIDO NACIONALISTA VASCO - EAJ-PNV,196242,3,Ministerio del Interior / portal oficial de datos abiertos,PRIMARY_OFFICIAL
2008,2008-03-09,48 - Bizkaia,EXTREMADURA UNIDA - EXTREMADURA UNIDA,0,0,Ministerio del Interior / portal oficial de datos abiertos,PRIMARY_OFFICIAL
2008,2008-03-09,48 - Bizkaia,EZKER BATUA-BERDEAK-ALTERNATIVA - EB-B,27471,0,Ministerio del Interior / portal oficial de datos abiertos,PRIMARY_OFFICIAL
2008,2008-03-09,48 - Bizkaia,FALANGE AUTENTICA - F.A.,0,0,Ministerio del Interior / portal oficial de datos abiertos,PRIMARY_OFFICIAL
2008,2008-03-09,48 - Bizkaia,FALANGE AUTENTICA - FA,0,0,Ministerio del Interior / portal oficial de datos abiertos,PRIMARY_OFFICIAL
2008,2008-03-09,48 - Bizkaia,FALANGE ESPAÑOLA DE LA JONS - FE de las JONS,0,0,Ministerio del Interior / portal oficial de datos abiertos,PRIMARY_OFFICIAL
2008,2008-03-09,48 - Bizkaia,FALANGE ESPAÑOLA DE LAS J.O.N.S. - F.E. de las J.O.N.S.,0,0,Ministerio del Interior / portal oficial de datos abiertos,PRIMARY_OFFICIAL
2008,2008-03-09,48 - Bizkaia,FALANGE ESPAÑOLA DE LAS J.O.N.S. - FE de las JONS,0,0,Ministerio del Interior / portal oficial de datos abiertos,PRIMARY_OFFICIAL
2008,2008-03-09,48 - Bizkaia,FALANGE ESPAÑOLA DE LAS J.O.N.S. - FE-JONS,0,0,Ministerio del Interior / portal oficial de datos abiertos,PRIMARY_OFFICIAL
2008,2008-03-09,48 - Bizkaia,FALANGE ESPAÑOLA DE LAS JONS - F.E. de las J.O.N.S.,0,0,Ministerio del Interior / portal oficial de datos abiertos,PRIMARY_OFFICIAL
2008,2008-03-09,48 - Bizkaia,FALANGE ESPAÑOLA DE LAS JONS - FE DE LAS JONS,0,0,Ministerio del Interior / portal oficial de datos abiertos,PRIMARY_OFFICIAL
2008,2008-03-09,48 - Bizkaia,FALANGE ESPAÑOLA DE LAS JONS - FE de las JONS,219,0,Ministerio del Interior / portal oficial de datos abiertos,PRIMARY_OFFICIAL
2008,2008-03-09,48 - Bizkaia,FALANGE ESPAÑOLA DE LAS JONS - FE-JONS,0,0,Ministerio del Interior / portal oficial de datos abiertos,PRIMARY_OFFICIAL
2008,2008-03-09,48 - Bizkaia,FAMILIA I VIDA - PFiV,0,0,Ministerio del Interior / portal oficial de datos abiertos,PRIMARY_OFFICIAL
2008,2008-03-09,48 - Bizkaia,FAMILIA Y VIDA - PFyV,0,0,Ministerio del Interior / portal oficial de datos abiertos,PRIMARY_OFFICIAL
2008,2008-03-09,48 - Bizkaia,FRENTE ESPAÑOL - F.E,0,0,Ministerio del Interior / portal oficial de datos abiertos,PRIMARY_OFFICIAL
2008,2008-03-09,48 - Bizkaia,FRENTE ESPAÑOL - F.E.,0,0,Ministerio del Interior / portal oficial de datos abiertos,PRIMARY_OFFICIAL
2008,2008-03-09,48 - Bizkaia,FRENTE ESPAÑOL - FRENTE,0,0,Ministerio del Interior / portal oficial de datos abiertos,PRIMARY_OFFICIAL
2008,2008-03-09,48 - Bizkaia,GENTES DE EL BIERZO - PB-UB,0,0,Ministerio del Interior / portal oficial de datos abiertos,PRIMARY_OFFICIAL
2008,2008-03-09,48 - Bizkaia,IDENTITAT REGNE DE VALENCIA - IRV,0,0,Ministerio del Interior / portal oficial de datos abiertos,PRIMARY_OFFICIAL
2008,2008-03-09,48 - Bizkaia,INDEPENDIENTES POR CUENCA - ixC,0,0,Ministerio del Interior / portal oficial de datos abiertos,PRIMARY_OFFICIAL
2008,2008-03-09,48 - Bizkaia,INICIATIVA CIUDADANA BURGALESA - I.C.Bur,0,0,Ministerio del Interior / portal oficial de datos abiertos,PRIMARY_OFFICIAL
2008,2008-03-09,48 - Bizkaia,INICIATIVA MERINDADES DE CASTILLA - I.M.C.,0,0,Ministerio del Interior / portal oficial de datos abiertos,PRIMARY_OFFICIAL
2008,2008-03-09,48 - Bizkaia,INICIATIVA PER CATALUNYA VERDS - ESQUERRA UNIDA I ALTERNATIVA - ICV-EUiA,0,0,Ministerio del Interior / portal oficial de datos abiertos,PRIMARY_OFFICIAL
2008,2008-03-09,48 - Bizkaia,INICIATIVA PER CATALUNYA VERDS-ESQUERRA UNIDA I ALTERNATIVA - ICV-EUiA,0,0,Ministerio del Interior / portal oficial de datos abiertos,PRIMARY_OFFICIAL
2008,2008-03-09,48 - Bizkaia,IZQUIERDA REPUBLICANA - IR,0,0,Ministerio del Interior / portal oficial de datos abiertos,PRIMARY_OFFICIAL
2008,2008-03-09,48 - Bizkaia,IZQUIERDA REPUBLICANA-PARTIT REPUBLICA D'ESQUERRA - IR-PRE,0,0,Ministerio del Interior / portal oficial de datos abiertos,PRIMARY_OFFICIAL
2008,2008-03-09,48 - Bizkaia,IZQUIERDA UNIDA - BLOQUE POR ASTURIES - LOS VERDES - IU-B.A-LOS VERDES,0,0,Ministerio del Interior / portal oficial de datos abiertos,PRIMARY_OFFICIAL
2008,2008-03-09,48 - Bizkaia,IZQUIERDA UNIDA CANARIA-ALTERNATIVA - IUC,0,0,Ministerio del Interior / portal oficial de datos abiertos,PRIMARY_OFFICIAL
2008,2008-03-09,48 - Bizkaia,IZQUIERDA UNIDA COMUNIDAD DE MADRID-ALTERNATIVA - IU-CM.,0,0,Ministerio del Interior / portal oficial de datos abiertos,PRIMARY_OFFICIAL
2008,2008-03-09,48 - Bizkaia,IZQUIERDA UNIDA DE CEUTA - I.U.,0,0,Ministerio del Interior / portal oficial de datos abiertos,PRIMARY_OFFICIAL
2008,2008-03-09,48 - Bizkaia,IZQUIERDA UNIDA DE LA REGION DE MURCIA-ALTERNATIVA - I.U.R.M.,0,0,Ministerio del Interior / portal oficial de datos abiertos,PRIMARY_OFFICIAL
2008,2008-03-09,48 - Bizkaia,IZQUIERDA UNIDA DE NAVARRA - NAFARROAKO EZKER BATUA - ALTERNATIVA - IUN-NEB,0,0,Ministerio del Interior / portal oficial de datos abiertos,PRIMARY_OFFICIAL
2008,2008-03-09,48 - Bizkaia,IZQUIERDA UNIDA LOS VERDES CONVOCATORIA POR ANDALUCIA-ALTERNATIVA - IULV-CA,0,0,Ministerio del Interior / portal oficial de datos abiertos,PRIMARY_OFFICIAL
2008,2008-03-09,48 - Bizkaia,IZQUIERDA UNIDA LOS VERDES-CONVOCATORIA POR ANDALUCIA - ALTERNATIVA - IULV-CA,0,0,Ministerio del Interior / portal oficial de datos abiertos,PRIMARY_OFFICIAL
2008,2008-03-09,48 - Bizkaia,IZQUIERDA UNIDA LOS VERDES-CONVOCATORIA POR ANDALUCIA-ALTERNATIVA - IULV-CA,0,0,Ministerio del Interior / portal oficial de datos abiertos,PRIMARY_OFFICIAL
2008,2008-03-09,48 - Bizkaia,IZQUIERDA UNIDA-ALTERNATIVA - I.U.,0,0,Ministerio del Interior / portal oficial de datos abiertos,PRIMARY_OFFICIAL
2008,2008-03-09,48 - Bizkaia,IZQUIERDA UNIDA-ALTERNATIVA - IU,0,0,Ministerio del Interior / portal oficial de datos abiertos,PRIMARY_OFFICIAL
2008,2008-03-09,48 - Bizkaia,LLUITA INTERNACIONALISTA - (LI(LIT-CI)),0,0,Ministerio del Interior / portal oficial de datos abiertos,PRIMARY_OFFICIAL
2008,2008-03-09,48 - Bizkaia,LLUITA INTERNACIONALISTA - L.I.(LIT-CI),0,0,Ministerio del Interior / portal oficial de datos abiertos,PRIMARY_OFFICIAL
2008,2008-03-09,48 - Bizkaia,LLUITA INTERNACIONALISTA - LI-LITCI,0,0,Ministerio del Interior / portal oficial de datos abiertos,PRIMARY_OFFICIAL
2008,2008-03-09,48 - Bizkaia,LOS VERDES - LOS VERDES,0,0,Ministerio del Interior / portal oficial de datos abiertos,PRIMARY_OFFICIAL
2008,2008-03-09,48 - Bizkaia,LOS VERDES - LV,0,0,Ministerio del Interior / portal oficial de datos abiertos,PRIMARY_OFFICIAL
2008,2008-03-09,48 - Bizkaia,LOS VERDES - VERDES,0,0,Ministerio del Interior / portal oficial de datos abiertos,PRIMARY_OFFICIAL
2008,2008-03-09,48 - Bizkaia,LOS VERDES COMUNIDAD DE MADRID-LOS VERDES DE EUROPA - LVCM-LVE,0,0,Ministerio del Interior / portal oficial de datos abiertos,PRIMARY_OFFICIAL
2008,2008-03-09,48 - Bizkaia,LOS VERDES DE EUROPA - LOS VERDES DE EUROPA,0,0,Ministerio del Interior / portal oficial de datos abiertos,PRIMARY_OFFICIAL
2008,2008-03-09,48 - Bizkaia,LOS VERDES DE EUROPA - LVE,0,0,Ministerio del Interior / portal oficial de datos abiertos,PRIMARY_OFFICIAL
2008,2008-03-09,48 - Bizkaia,LOS VERDES DE EXTREMADURA - LV,0,0,Ministerio del Interior / portal oficial de datos abiertos,PRIMARY_OFFICIAL
2008,2008-03-09,48 - Bizkaia,LOS VERDES-ELS VERDS - LV-EV,0,0,Ministerio del Interior / portal oficial de datos abiertos,PRIMARY_OFFICIAL
2008,2008-03-09,48 - Bizkaia,LOS VERDES-GRUPO VERDE - L.V.,0,0,Ministerio del Interior / portal oficial de datos abiertos,PRIMARY_OFFICIAL
2008,2008-03-09,48 - Bizkaia,LOS VERDES-GRUPO VERDE - LV,0,0,Ministerio del Interior / portal oficial de datos abiertos,PRIMARY_OFFICIAL
2008,2008-03-09,48 - Bizkaia,LOS VERDES-GRUPO VERDE - LV-GV,0,0,Ministerio del Interior / portal oficial de datos abiertos,PRIMARY_OFFICIAL
2008,2008-03-09,48 - Bizkaia,LUCHA INTERNACIONALISTA - LI-LITCI,0,0,Ministerio del Interior / portal oficial de datos abiertos,PRIMARY_OFFICIAL
2008,2008-03-09,48 - Bizkaia,MOVIMIENTO FALANGISTA DE ESPAÑA - M.F.E.,0,0,Ministerio del Interior / portal oficial de datos abiertos,PRIMARY_OFFICIAL
2008,2008-03-09,48 - Bizkaia,MOVIMIENTO POR LA UNIDAD DEL PUEBLO CANARIO - MUPC,0,0,Ministerio del Interior / portal oficial de datos abiertos,PRIMARY_OFFICIAL
2008,2008-03-09,48 - Bizkaia,NAFARROA BAI - NA-BAI,0,0,Ministerio del Interior / portal oficial de datos abiertos,PRIMARY_OFFICIAL
2008,2008-03-09,48 - Bizkaia,NOSALTRES SOM - N som,0,0,Ministerio del Interior / portal oficial de datos abiertos,PRIMARY_OFFICIAL
2008,2008-03-09,48 - Bizkaia,NUEVA CANARIAS-CENTRO CANARIO - NC-CCN,0,0,Ministerio del Interior / portal oficial de datos abiertos,PRIMARY_OFFICIAL
2008,2008-03-09,48 - Bizkaia,OPCIO NACIONALISTA VALENCIANA - O.N.V.,0,0,Ministerio del Interior / portal oficial de datos abiertos,PRIMARY_OFFICIAL
2008,2008-03-09,48 - Bizkaia,OPCIO NACIONALISTA VALENCIANA - ONV,0,0,Ministerio del Interior / portal oficial de datos abiertos,PRIMARY_OFFICIAL
2008,2008-03-09,48 - Bizkaia,OS VERDES - GRUPO VERDE - OV,0,0,Ministerio del Interior / portal oficial de datos abiertos,PRIMARY_OFFICIAL
2008,2008-03-09,48 - Bizkaia,PARTIDO ALTERNATIVA MOTOR Y DEPORTES - A.M.D.,0,0,Ministerio del Interior / portal oficial de datos abiertos,PRIMARY_OFFICIAL
2008,2008-03-09,48 - Bizkaia,PARTIDO ANTITAURINO CONTRA EL MALTRATO ANIMAL - P.A.C.M.A,0,0,Ministerio del Interior / portal oficial de datos abiertos,PRIMARY_OFFICIAL
2008,2008-03-09,48 - Bizkaia,PARTIDO ANTITAURINO CONTRA EL MALTRATO ANIMAL - P.A.C.M.A.,0,0,Ministerio del Interior / portal oficial de datos abiertos,PRIMARY_OFFICIAL
2008,2008-03-09,48 - Bizkaia,PARTIDO ANTITAURINO CONTRA EL MALTRATO ANIMAL - PACMA,2343,0,Ministerio del Interior / portal oficial de datos abiertos,PRIMARY_OFFICIAL
2008,2008-03-09,48 - Bizkaia,PARTIDO ARAGONES - PAR,0,0,Ministerio del Interior / portal oficial de datos abiertos,PRIMARY_OFFICIAL
2008,2008-03-09,48 - Bizkaia,PARTIDO CARLISTA - P.C.,0,0,Ministerio del Interior / portal oficial de datos abiertos,PRIMARY_OFFICIAL
2008,2008-03-09,48 - Bizkaia,PARTIDO CARLISTA - PARTIDO CARLISTA,0,0,Ministerio del Interior / portal oficial de datos abiertos,PRIMARY_OFFICIAL
2008,2008-03-09,48 - Bizkaia,PARTIDO CARLISTA - PC,0,0,Ministerio del Interior / portal oficial de datos abiertos,PRIMARY_OFFICIAL
2008,2008-03-09,48 - Bizkaia,PARTIDO CARLISTA DE EUSKALERRIA-PARTIDO CARLISTA - EKA-PC.,166,0,Ministerio del Interior / portal oficial de datos abiertos,PRIMARY_OFFICIAL
2008,2008-03-09,48 - Bizkaia,PARTIDO CARLISTA DE EUSKALHERRIA-EUSKALHERRIKO KARLISTA ALDERDIA - PARTIDO CARLISTA-EKA,0,0,Ministerio del Interior / portal oficial de datos abiertos,PRIMARY_OFFICIAL
2008,2008-03-09,48 - Bizkaia,PARTIDO CENTRISTA - PCTR,0,0,Ministerio del Interior / portal oficial de datos abiertos,PRIMARY_OFFICIAL
2008,2008-03-09,48 - Bizkaia,PARTIDO CENTRISTAS - Centristas PCTR,0,0,Ministerio del Interior / portal oficial de datos abiertos,PRIMARY_OFFICIAL
2008,2008-03-09,48 - Bizkaia,PARTIDO CENTRISTAS - PCTR,0,0,Ministerio del Interior / portal oficial de datos abiertos,PRIMARY_OFFICIAL
2008,2008-03-09,48 - Bizkaia,PARTIDO CIUDADANOS UNIDOS DE ARAGON - pCUA,0,0,Ministerio del Interior / portal oficial de datos abiertos,PRIMARY_OFFICIAL
2008,2008-03-09,48 - Bizkaia,PARTIDO COMUNISTA DE LOS PUEBLOS DE ESPAÑA - P.C.P.E.,0,0,Ministerio del Interior / portal oficial de datos abiertos,PRIMARY_OFFICIAL
2008,2008-03-09,48 - Bizkaia,PARTIDO COMUNISTA DE LOS PUEBLOS DE ESPAÑA - P.C.P.E.-E.K.,799,0,Ministerio del Interior / portal oficial de datos abiertos,PRIMARY_OFFICIAL
2008,2008-03-09,48 - Bizkaia,PARTIDO COMUNISTA DE LOS PUEBLOS DE ESPAÑA - PCPE,0,0,Ministerio del Interior / portal oficial de datos abiertos,PRIMARY_OFFICIAL
2008,2008-03-09,48 - Bizkaia,PARTIDO COMUNISTA DE LOS PUEBLOS DE ESPAÑA-EUSKAL KOMUNISTAK - PCPE - EK,0,0,Ministerio del Interior / portal oficial de datos abiertos,PRIMARY_OFFICIAL
2008,2008-03-09,48 - Bizkaia,PARTIDO COMUNISTA DEL PUEBLO CANARIO - PCPE,0,0,Ministerio del Interior / portal oficial de datos abiertos,PRIMARY_OFFICIAL
2008,2008-03-09,48 - Bizkaia,PARTIDO COMUNISTA DEL PUEBLO CASTELLANO - PCPE,0,0,Ministerio del Interior / portal oficial de datos abiertos,PRIMARY_OFFICIAL
2008,2008-03-09,48 - Bizkaia,PARTIDO COMUNISTA DEL PUEBLO CASTELLANO-PCPE - PCPE,0,0,Ministerio del Interior / portal oficial de datos abiertos,PRIMARY_OFFICIAL
2008,2008-03-09,48 - Bizkaia,PARTIDO COMUNISTA DEL PUEBLO DE CATALUNYA - PCPC,0,0,Ministerio del Interior / portal oficial de datos abiertos,PRIMARY_OFFICIAL
2008,2008-03-09,48 - Bizkaia,PARTIDO COMUNISTA DEL PUEBLO DE CATALUÑA - PCPC,0,0,Ministerio del Interior / portal oficial de datos abiertos,PRIMARY_OFFICIAL
2008,2008-03-09,48 - Bizkaia,PARTIDO COMUNISTA DO POBO GALEGO - PCPG,0,0,Ministerio del Interior / portal oficial de datos abiertos,PRIMARY_OFFICIAL
2008,2008-03-09,48 - Bizkaia,PARTIDO COMUNISTA DO POVO GALEGO - P.C.P.G.,0,0,Ministerio del Interior / portal oficial de datos abiertos,PRIMARY_OFFICIAL
2008,2008-03-09,48 - Bizkaia,PARTIDO COMUNISTA PUEBLOS DE ESPAÑA - PCPE,0,0,Ministerio del Interior / portal oficial de datos abiertos,PRIMARY_OFFICIAL
2008,2008-03-09,48 - Bizkaia,PARTIDO DE ALIANZA IBEROAMERICANA EUROPEA - PAIE,0,0,Ministerio del Interior / portal oficial de datos abiertos,PRIMARY_OFFICIAL
2008,2008-03-09,48 - Bizkaia,PARTIDO DE ALMERIA - PdeAL,0,0,Ministerio del Interior / portal oficial de datos abiertos,PRIMARY_OFFICIAL
2008,2008-03-09,48 - Bizkaia,PARTIDO DE LAS LIBERTADES CIVILES - PLCI,0,0,Ministerio del Interior / portal oficial de datos abiertos,PRIMARY_OFFICIAL
2008,2008-03-09,48 - Bizkaia,PARTIDO DE LOS NO-FUMADORES - PNF (NO-FUMADORES),0,0,Ministerio del Interior / portal oficial de datos abiertos,PRIMARY_OFFICIAL
2008,2008-03-09,48 - Bizkaia,PARTIDO DE LOS PENSIONISTAS EN ACCION - PDLPEA,0,0,Ministerio del Interior / portal oficial de datos abiertos,PRIMARY_OFFICIAL
2008,2008-03-09,48 - Bizkaia,PARTIDO DOS SOCIALISTAS DE GALICIA-PARTIDO SOCIALISTA OBRERO ESPAÑOL - PSdeG-PSOE,0,0,Ministerio del Interior / portal oficial de datos abiertos,PRIMARY_OFFICIAL
2008,2008-03-09,48 - Bizkaia,PARTIDO DOS SOCIALISTAS DE GALICIA-PSOE - PSdeG-PSOE,0,0,Ministerio del Interior / portal oficial de datos abiertos,PRIMARY_OFFICIAL
2008,2008-03-09,48 - Bizkaia,PARTIDO FAMILIA Y VIDA - PFyV,589,0,Ministerio del Interior / portal oficial de datos abiertos,PRIMARY_OFFICIAL
2008,2008-03-09,48 - Bizkaia,PARTIDO HACHE - PHache,0,0,Ministerio del Interior / portal oficial de datos abiertos,PRIMARY_OFFICIAL
2008,2008-03-09,48 - Bizkaia,PARTIDO HUMANISTA - P.H.,0,0,Ministerio del Interior / portal oficial de datos abiertos,PRIMARY_OFFICIAL
2008,2008-03-09,48 - Bizkaia,PARTIDO HUMANISTA - PH,435,0,Ministerio del Interior / portal oficial de datos abiertos,PRIMARY_OFFICIAL
2008,2008-03-09,48 - Bizkaia,PARTIDO IZQUIERDA REPUBLICANA-PARTIT REPUBLICA D'ESQUERRA - IR-PRE,0,0,Ministerio del Interior / portal oficial de datos abiertos,PRIMARY_OFFICIAL
2008,2008-03-09,48 - Bizkaia,PARTIDO LIBERAL DEL EMPLEO Y LA VIVIENDA ESTATAL - P.L.E.V.E.,0,0,Ministerio del Interior / portal oficial de datos abiertos,PRIMARY_OFFICIAL
2008,2008-03-09,48 - Bizkaia,PARTIDO LIBERTADES CIVILES - PLCI,0,0,Ministerio del Interior / portal oficial de datos abiertos,PRIMARY_OFFICIAL
2008,2008-03-09,48 - Bizkaia,PARTIDO OBRERO SOCIALISTA INTERNACIONALISTA - P.O.S.I.,0,0,Ministerio del Interior / portal oficial de datos abiertos,PRIMARY_OFFICIAL
2008,2008-03-09,48 - Bizkaia,PARTIDO OBRERO SOCIALISTA INTERNACIONALISTA - POSI,998,0,Ministerio del Interior / portal oficial de datos abiertos,PRIMARY_OFFICIAL
2008,2008-03-09,48 - Bizkaia,PARTIDO POLITICO ARALAR - aralar,0,0,Ministerio del Interior / portal oficial de datos abiertos,PRIMARY_OFFICIAL
2008,2008-03-09,48 - Bizkaia,PARTIDO POPULAR - P.P.,0,0,Ministerio del Interior / portal oficial de datos abiertos,PRIMARY_OFFICIAL
2008,2008-03-09,48 - Bizkaia,PARTIDO POPULAR - PP,116110,1,Ministerio del Interior / portal oficial de datos abiertos,PRIMARY_OFFICIAL
2008,2008-03-09,48 - Bizkaia,PARTIDO POPULAR/PARTIT POPULAR - PP,0,0,Ministerio del Interior / portal oficial de datos abiertos,PRIMARY_OFFICIAL
2008,2008-03-09,48 - Bizkaia,PARTIDO POR UN MUNDO MAS JUSTO - PUM+J,0,0,Ministerio del Interior / portal oficial de datos abiertos,PRIMARY_OFFICIAL
2008,2008-03-09,48 - Bizkaia,PARTIDO POSITIVISTA CRISTIANO - PPCr,0,0,Ministerio del Interior / portal oficial de datos abiertos,PRIMARY_OFFICIAL
2008,2008-03-09,48 - Bizkaia,PARTIDO REGIONALISTA DE GUADALAJARA - P.R.GU.,0,0,Ministerio del Interior / portal oficial de datos abiertos,PRIMARY_OFFICIAL
2008,2008-03-09,48 - Bizkaia,PARTIDO REGIONALISTA DEL PAIS LEONES - PREPAL,0,0,Ministerio del Interior / portal oficial de datos abiertos,PRIMARY_OFFICIAL
2008,2008-03-09,48 - Bizkaia,PARTIDO RIOJANO - PARTIDO RIOJANO,0,0,Ministerio del Interior / portal oficial de datos abiertos,PRIMARY_OFFICIAL
2008,2008-03-09,48 - Bizkaia,PARTIDO SOCIAL DEMOCRATA - P.S.D.,0,0,Ministerio del Interior / portal oficial de datos abiertos,PRIMARY_OFFICIAL
2008,2008-03-09,48 - Bizkaia,PARTIDO SOCIAL DEMOCRATA - PSD,0,0,Ministerio del Interior / portal oficial de datos abiertos,PRIMARY_OFFICIAL
2008,2008-03-09,48 - Bizkaia,PARTIDO SOCIAL DEMOCRATA-FEDERACION DE LOS INDEPENDIENTES DE ARAGON - PSD-FIA,0,0,Ministerio del Interior / portal oficial de datos abiertos,PRIMARY_OFFICIAL
2008,2008-03-09,48 - Bizkaia,PARTIDO SOCIALISTA DE EUSKADI-EUSKADIKO EZKERRA (PSOE) - PSE-EE (PSOE),233371,4,Ministerio del Interior / portal oficial de datos abiertos,PRIMARY_OFFICIAL
2008,2008-03-09,48 - Bizkaia,PARTIDO SOCIALISTA DE EUSKADI-EUSKADIKO EZKERRA - PSE-EE (PSOE),0,0,Ministerio del Interior / portal oficial de datos abiertos,PRIMARY_OFFICIAL
2008,2008-03-09,48 - Bizkaia,PARTIDO SOCIALISTA OBRERO ESPAÑOL - P.S.O.E.,0,0,Ministerio del Interior / portal oficial de datos abiertos,PRIMARY_OFFICIAL
2008,2008-03-09,48 - Bizkaia,PARTIDO SOCIALISTA OBRERO ESPAÑOL - PSOE,0,0,Ministerio del Interior / portal oficial de datos abiertos,PRIMARY_OFFICIAL
2008,2008-03-09,48 - Bizkaia,PARTIDO SOCIALISTA OBRERO ESPAÑOL DE ANDALUCIA - PSOE-A,0,0,Ministerio del Interior / portal oficial de datos abiertos,PRIMARY_OFFICIAL
2008,2008-03-09,48 - Bizkaia,PARTIDO SOLIDARIDAD Y AUTOGESTION INTERNACIONALISTA - SAIN,0,0,Ministerio del Interior / portal oficial de datos abiertos,PRIMARY_OFFICIAL
2008,2008-03-09,48 - Bizkaia,PARTIDO UNIONISTA ESTADO DE ESPAÑA - P.U.E.D.E.,0,0,Ministerio del Interior / portal oficial de datos abiertos,PRIMARY_OFFICIAL
2008,2008-03-09,48 - Bizkaia,PARTIDO UNIONISTA ESTADO DE ESPAÑA - PUEDE,0,0,Ministerio del Interior / portal oficial de datos abiertos,PRIMARY_OFFICIAL
2008,2008-03-09,48 - Bizkaia,PARTIT ANTITAURI CONTRA EL MALTRACTAMENT ANIMAL - P.A.C.M.A.,0,0,Ministerio del Interior / portal oficial de datos abiertos,PRIMARY_OFFICIAL
2008,2008-03-09,48 - Bizkaia,PARTIT ANTITAURI CONTRA EL MALTRACTAMENT ANIMAL - PACMA,0,0,Ministerio del Interior / portal oficial de datos abiertos,PRIMARY_OFFICIAL
2008,2008-03-09,48 - Bizkaia,PARTIT CARLI DE CATALUNYA - P. C. de C.,0,0,Ministerio del Interior / portal oficial de datos abiertos,PRIMARY_OFFICIAL
2008,2008-03-09,48 - Bizkaia,PARTIT CARLI DE CATALUNYA - PCaC,0,0,Ministerio del Interior / portal oficial de datos abiertos,PRIMARY_OFFICIAL
2008,2008-03-09,48 - Bizkaia,PARTIT COMUNISTA DEL POBLE DE CATALUNYA - P.C.P.C.,0,0,Ministerio del Interior / portal oficial de datos abiertos,PRIMARY_OFFICIAL
2008,2008-03-09,48 - Bizkaia,PARTIT COMUNISTA DELS POBLES D'ESPANYA - PCPE,0,0,Ministerio del Interior / portal oficial de datos abiertos,PRIMARY_OFFICIAL
2008,2008-03-09,48 - Bizkaia,PARTIT DELS SOCIALISTES DE CATALUNYA - PSC (PSC-PSOE),0,0,Ministerio del Interior / portal oficial de datos abiertos,PRIMARY_OFFICIAL
2008,2008-03-09,48 - Bizkaia,PARTIT DELS SOCIALISTES DE CATALUNYA - PSC-PSOE,0,0,Ministerio del Interior / portal oficial de datos abiertos,PRIMARY_OFFICIAL
2008,2008-03-09,48 - Bizkaia,PARTIT FAMILIA I VIDA - PFiV,0,0,Ministerio del Interior / portal oficial de datos abiertos,PRIMARY_OFFICIAL
2008,2008-03-09,48 - Bizkaia,PARTIT HUMANISTA - P.H.,0,0,Ministerio del Interior / portal oficial de datos abiertos,PRIMARY_OFFICIAL
2008,2008-03-09,48 - Bizkaia,PARTIT HUMANISTA - PH,0,0,Ministerio del Interior / portal oficial de datos abiertos,PRIMARY_OFFICIAL
2008,2008-03-09,48 - Bizkaia,PARTIT HUMANISTA DE CATALUNYA - PH,0,0,Ministerio del Interior / portal oficial de datos abiertos,PRIMARY_OFFICIAL
2008,2008-03-09,48 - Bizkaia,PARTIT ILLENC DE SES ILLES BALEARS - PIIB,0,0,Ministerio del Interior / portal oficial de datos abiertos,PRIMARY_OFFICIAL
2008,2008-03-09,48 - Bizkaia,PARTIT OBRER SOCIALISTA INTERNACIONALISTA - P.O.S.I.,0,0,Ministerio del Interior / portal oficial de datos abiertos,PRIMARY_OFFICIAL
2008,2008-03-09,48 - Bizkaia,PARTIT OBRER SOCIALISTA INTERNACIONALISTA - POSI,0,0,Ministerio del Interior / portal oficial de datos abiertos,PRIMARY_OFFICIAL
2008,2008-03-09,48 - Bizkaia,PARTIT PER CATALUNYA - PxCat,0,0,Ministerio del Interior / portal oficial de datos abiertos,PRIMARY_OFFICIAL
2008,2008-03-09,48 - Bizkaia,PARTIT POPULAR/PARTIDO POPULAR - P.P.,0,0,Ministerio del Interior / portal oficial de datos abiertos,PRIMARY_OFFICIAL
2008,2008-03-09,48 - Bizkaia,PARTIT REPUBLICA CATALA - RC,0,0,Ministerio del Interior / portal oficial de datos abiertos,PRIMARY_OFFICIAL
2008,2008-03-09,48 - Bizkaia,PER LA REPUBLICA VALENCIANA - PLRV,0,0,Ministerio del Interior / portal oficial de datos abiertos,PRIMARY_OFFICIAL
2008,2008-03-09,48 - Bizkaia,PER LA REPUBLICA VALENCIANA - plRV,0,0,Ministerio del Interior / portal oficial de datos abiertos,PRIMARY_OFFICIAL
2008,2008-03-09,48 - Bizkaia,POR UN MUNDO MAS JUSTO - PUM+J,1466,0,Ministerio del Interior / portal oficial de datos abiertos,PRIMARY_OFFICIAL
2008,2008-03-09,48 - Bizkaia,REPRESENTACION CANNABICA NAVARRA - RCN-NOK,0,0,Ministerio del Interior / portal oficial de datos abiertos,PRIMARY_OFFICIAL
2008,2008-03-09,48 - Bizkaia,SOLIDARIDAD Y AUTOGESTION INTERNACIONALISTA - SAIN,0,0,Ministerio del Interior / portal oficial de datos abiertos,PRIMARY_OFFICIAL
2008,2008-03-09,48 - Bizkaia,SOLIDARIDAD Y AUTOGESTION INTERNACIONALISTA - SAIn,0,0,Ministerio del Interior / portal oficial de datos abiertos,PRIMARY_OFFICIAL
2008,2008-03-09,48 - Bizkaia,TIERRA COMUNERA - TC,0,0,Ministerio del Interior / portal oficial de datos abiertos,PRIMARY_OFFICIAL
2008,2008-03-09,48 - Bizkaia,UNIDA - UNIDA,0,0,Ministerio del Interior / portal oficial de datos abiertos,PRIMARY_OFFICIAL
2008,2008-03-09,48 - Bizkaia,UNIDAD CASTELLANA - Ud. Ca.,0,0,Ministerio del Interior / portal oficial de datos abiertos,PRIMARY_OFFICIAL
2008,2008-03-09,48 - Bizkaia,UNIDAD DEL PUEBLO - UNIDAD DEL PUEBLO,0,0,Ministerio del Interior / portal oficial de datos abiertos,PRIMARY_OFFICIAL
2008,2008-03-09,48 - Bizkaia,UNIDAD REGIONALISTA DE CASTILLA Y LEON - U.R.C.L.,0,0,Ministerio del Interior / portal oficial de datos abiertos,PRIMARY_OFFICIAL
2008,2008-03-09,48 - Bizkaia,UNION CENTRISTA LIBERAL - UCL,0,0,Ministerio del Interior / portal oficial de datos abiertos,PRIMARY_OFFICIAL
2008,2008-03-09,48 - Bizkaia,UNION CIUDADANA PROGRESISTAS INDEPENDIENTES DE CANARIAS - UCPIC,0,0,Ministerio del Interior / portal oficial de datos abiertos,PRIMARY_OFFICIAL
2008,2008-03-09,48 - Bizkaia,UNION DEL PUEBLO LEONES - UPL,0,0,Ministerio del Interior / portal oficial de datos abiertos,PRIMARY_OFFICIAL
2008,2008-03-09,48 - Bizkaia,UNION DEL PUEBLO NAVARRO EN COALICION CON EL PARTIDO POPULAR - UPN-PP,0,0,Ministerio del Interior / portal oficial de datos abiertos,PRIMARY_OFFICIAL
2008,2008-03-09,48 - Bizkaia,UNION POR LEGANES - ULEG,0,0,Ministerio del Interior / portal oficial de datos abiertos,PRIMARY_OFFICIAL
2008,2008-03-09,48 - Bizkaia,UNION PROGRESO Y DEMOCRACIA - UPD,0,0,Ministerio del Interior / portal oficial de datos abiertos,PRIMARY_OFFICIAL
2008,2008-03-09,48 - Bizkaia,UNION PROGRESO Y DEMOCRACIA - UPyD,5997,0,Ministerio del Interior / portal oficial de datos abiertos,PRIMARY_OFFICIAL
2008,2008-03-09,48 - Bizkaia,"UNION, PROGRESO Y DEMOCRACIA - UPyD",0,0,Ministerio del Interior / portal oficial de datos abiertos,PRIMARY_OFFICIAL
2008,2008-03-09,48 - Bizkaia,UNITAT PER LES ILLES - UNITAT PER LES ILLES,0,0,Ministerio del Interior / portal oficial de datos abiertos,PRIMARY_OFFICIAL
2008,2008-03-09,49 - Zamora,AGRUPACION CIUDADANA - AGRUCI,0,0,Ministerio del Interior / portal oficial de datos abiertos,PRIMARY_OFFICIAL
2008,2008-03-09,49 - Zamora,ALIANZA NACIONAL - A.u.N.,0,0,Ministerio del Interior / portal oficial de datos abiertos,PRIMARY_OFFICIAL
2008,2008-03-09,49 - Zamora,ALIANZA NACIONAL - AN,0,0,Ministerio del Interior / portal oficial de datos abiertos,PRIMARY_OFFICIAL
2008,2008-03-09,49 - Zamora,ALIANZA NACIONAL - AUN,0,0,Ministerio del Interior / portal oficial de datos abiertos,PRIMARY_OFFICIAL
2008,2008-03-09,49 - Zamora,ALIANZA NACIONAL - AuN,0,0,Ministerio del Interior / portal oficial de datos abiertos,PRIMARY_OFFICIAL
2008,2008-03-09,49 - Zamora,ALIANZA POR BURGOS - AxB,0,0,Ministerio del Interior / portal oficial de datos abiertos,PRIMARY_OFFICIAL
2008,2008-03-09,49 - Zamora,ALIANÇA BALEAR - ABA,0,0,Ministerio del Interior / portal oficial de datos abiertos,PRIMARY_OFFICIAL
2008,2008-03-09,49 - Zamora,ALTERNATIVA EN BLANCO - ABLA,0,0,Ministerio del Interior / portal oficial de datos abiertos,PRIMARY_OFFICIAL
2008,2008-03-09,49 - Zamora,ALTERNATIVA EN BLANCO - aBla,0,0,Ministerio del Interior / portal oficial de datos abiertos,PRIMARY_OFFICIAL
2008,2008-03-09,49 - Zamora,ALTERNATIVA ESPAÑOLA - AES,36,0,Ministerio del Interior / portal oficial de datos abiertos,PRIMARY_OFFICIAL
2008,2008-03-09,49 - Zamora,ALTERNATIVA MOTOR Y DEPORTE - A.M.D.,0,0,Ministerio del Interior / portal oficial de datos abiertos,PRIMARY_OFFICIAL
2008,2008-03-09,49 - Zamora,ALTERNATIVA MOTOR Y DEPORTES - A.M.D.,0,0,Ministerio del Interior / portal oficial de datos abiertos,PRIMARY_OFFICIAL
2008,2008-03-09,49 - Zamora,ALTERNATIVA MOTOR Y DEPORTES - AMD,0,0,Ministerio del Interior / portal oficial de datos abiertos,PRIMARY_OFFICIAL
2008,2008-03-09,49 - Zamora,ALTERNATIVA NACIONALISTA CANARIA - ANC,0,0,Ministerio del Interior / portal oficial de datos abiertos,PRIMARY_OFFICIAL
2008,2008-03-09,49 - Zamora,ANDECHA ASTUR - AA,0,0,Ministerio del Interior / portal oficial de datos abiertos,PRIMARY_OFFICIAL
2008,2008-03-09,49 - Zamora,ARALAR - aralar,0,0,Ministerio del Interior / portal oficial de datos abiertos,PRIMARY_OFFICIAL
2008,2008-03-09,49 - Zamora,ASAMBLEA DE VOTACION ELECTRONICA - AVE,0,0,Ministerio del Interior / portal oficial de datos abiertos,PRIMARY_OFFICIAL
2008,2008-03-09,49 - Zamora,BERDEAK-LOS VERDES - B-LV,0,0,Ministerio del Interior / portal oficial de datos abiertos,PRIMARY_OFFICIAL
2008,2008-03-09,49 - Zamora,BLOC-INICIATIVA-VERDS - BLOC-IDPV-EV-EE,0,0,Ministerio del Interior / portal oficial de datos abiertos,PRIMARY_OFFICIAL
2008,2008-03-09,49 - Zamora,BLOC-INICIATIVA-VERDS - BLOC-IdPV-EV-EE,0,0,Ministerio del Interior / portal oficial de datos abiertos,PRIMARY_OFFICIAL
2008,2008-03-09,49 - Zamora,BLOQUE NACIONALISTA GALEGO - B.N.G.,0,0,Ministerio del Interior / portal oficial de datos abiertos,PRIMARY_OFFICIAL
2008,2008-03-09,49 - Zamora,BLOQUE NACIONALISTA GALEGO - BNG,0,0,Ministerio del Interior / portal oficial de datos abiertos,PRIMARY_OFFICIAL
2008,2008-03-09,49 - Zamora,CENTRO DEMOCRATICO ESPAÑOL - C.D.Es.,0,0,Ministerio del Interior / portal oficial de datos abiertos,PRIMARY_OFFICIAL
2008,2008-03-09,49 - Zamora,CENTRO DEMOCRATICO ESPAÑOL - CDEs,0,0,Ministerio del Interior / portal oficial de datos abiertos,PRIMARY_OFFICIAL
2008,2008-03-09,49 - Zamora,CENTRO DEMOCRATICO LIBERAL - C.D.L.,0,0,Ministerio del Interior / portal oficial de datos abiertos,PRIMARY_OFFICIAL
2008,2008-03-09,49 - Zamora,CENTRO DEMOCRATICO LIBERAL - CDL,0,0,Ministerio del Interior / portal oficial de datos abiertos,PRIMARY_OFFICIAL
2008,2008-03-09,49 - Zamora,CENTRO DEMOCRATICO SOCIAL - C.D.S.,0,0,Ministerio del Interior / portal oficial de datos abiertos,PRIMARY_OFFICIAL
2008,2008-03-09,49 - Zamora,CENTRO DEMOCRATICO Y SOCIAL - CDS,0,0,Ministerio del Interior / portal oficial de datos abiertos,PRIMARY_OFFICIAL
2008,2008-03-09,49 - Zamora,CHUNTA ARAGONESISTA - CHA,0,0,Ministerio del Interior / portal oficial de datos abiertos,PRIMARY_OFFICIAL
2008,2008-03-09,49 - Zamora,CIUDADANOS EN BLANCO - CENB,0,0,Ministerio del Interior / portal oficial de datos abiertos,PRIMARY_OFFICIAL
2008,2008-03-09,49 - Zamora,CIUDADANOS EN BLANCO - CNB,0,0,Ministerio del Interior / portal oficial de datos abiertos,PRIMARY_OFFICIAL
2008,2008-03-09,49 - Zamora,CIUDADANOS EN BLANCO - CenB,0,0,Ministerio del Interior / portal oficial de datos abiertos,PRIMARY_OFFICIAL
2008,2008-03-09,49 - Zamora,CIUDADANOS EN BLANCO - Cenb,0,0,Ministerio del Interior / portal oficial de datos abiertos,PRIMARY_OFFICIAL
2008,2008-03-09,49 - Zamora,CIUDADANOS PARTIDO DE LA CIUDADANIA - C's,0,0,Ministerio del Interior / portal oficial de datos abiertos,PRIMARY_OFFICIAL
2008,2008-03-09,49 - Zamora,CIUDADANOS-PARTIDO DE LA CIUDADANIA - C's,89,0,Ministerio del Interior / portal oficial de datos abiertos,PRIMARY_OFFICIAL
2008,2008-03-09,49 - Zamora,"CIUDADANOS-PARTIDO DE LA CIUDADANIA - C,S",0,0,Ministerio del Interior / portal oficial de datos abiertos,PRIMARY_OFFICIAL
2008,2008-03-09,49 - Zamora,CIUTADANS-PARTIDO DE LA CIUDADANIA - C's,0,0,Ministerio del Interior / portal oficial de datos abiertos,PRIMARY_OFFICIAL
2008,2008-03-09,49 - Zamora,COALICIO TREBALLADORS PER LA DEMOCRACIA - TD,0,0,Ministerio del Interior / portal oficial de datos abiertos,PRIMARY_OFFICIAL
2008,2008-03-09,49 - Zamora,COALICIO VALENCIANA - CVa,0,0,Ministerio del Interior / portal oficial de datos abiertos,PRIMARY_OFFICIAL
2008,2008-03-09,49 - Zamora,COALICION ANDALUCISTA - CA,0,0,Ministerio del Interior / portal oficial de datos abiertos,PRIMARY_OFFICIAL
2008,2008-03-09,49 - Zamora,COALICION CANARIA-PARTIDO NACIONALISTA CANARIO - CC-PNC,0,0,Ministerio del Interior / portal oficial de datos abiertos,PRIMARY_OFFICIAL
2008,2008-03-09,49 - Zamora,COALICION CANARIA-PARTIDO NACIONALISTA CANARIO-PARTIDO DE INDEPENDIENTES DE LANZAROTE - CC-PNC-PIL,0,0,Ministerio del Interior / portal oficial de datos abiertos,PRIMARY_OFFICIAL
2008,2008-03-09,49 - Zamora,COMUNION TRADICIONALISTA CARLISTA - C.T.C.,0,0,Ministerio del Interior / portal oficial de datos abiertos,PRIMARY_OFFICIAL
2008,2008-03-09,49 - Zamora,COMUNION TRADICIONALISTA CARLISTA - CTC,0,0,Ministerio del Interior / portal oficial de datos abiertos,PRIMARY_OFFICIAL
2008,2008-03-09,49 - Zamora,CONVERGENCIA DEMOCRATICA ASTURIANA - CDAS,0,0,Ministerio del Interior / portal oficial de datos abiertos,PRIMARY_OFFICIAL
2008,2008-03-09,49 - Zamora,CONVERGENCIA I UNIO - CIU,0,0,Ministerio del Interior / portal oficial de datos abiertos,PRIMARY_OFFICIAL
2008,2008-03-09,49 - Zamora,CONVERGENCIA I UNIO - CiU,0,0,Ministerio del Interior / portal oficial de datos abiertos,PRIMARY_OFFICIAL
2008,2008-03-09,49 - Zamora,DEMOCRACIA NACIONAL - D.N.,0,0,Ministerio del Interior / portal oficial de datos abiertos,PRIMARY_OFFICIAL
2008,2008-03-09,49 - Zamora,DEMOCRACIA NACIONAL - DN,80,0,Ministerio del Interior / portal oficial de datos abiertos,PRIMARY_OFFICIAL
2008,2008-03-09,49 - Zamora,EI ESCONS INSUBMISOS-ALTERNATIVA DELS DEMOCRATES DESCONTENTS - Ei,0,0,Ministerio del Interior / portal oficial de datos abiertos,PRIMARY_OFFICIAL
2008,2008-03-09,49 - Zamora,ELS VERDS - L'ALTERNATIVA ECOLOGISTA - EV-AE,0,0,Ministerio del Interior / portal oficial de datos abiertos,PRIMARY_OFFICIAL
2008,2008-03-09,49 - Zamora,ELS VERDS-ALTERNATIVA VERDA - E.V.-A.V.,0,0,Ministerio del Interior / portal oficial de datos abiertos,PRIMARY_OFFICIAL
2008,2008-03-09,49 - Zamora,ELS VERDS-LOS VERDES - EV-LV,0,0,Ministerio del Interior / portal oficial de datos abiertos,PRIMARY_OFFICIAL
2008,2008-03-09,49 - Zamora,ESCONS INSUBMISOS ALTERNATIVA DELS DEMOCRATES DESCONTENTS - EI-ADD,0,0,Ministerio del Interior / portal oficial de datos abiertos,PRIMARY_OFFICIAL
2008,2008-03-09,49 - Zamora,ESCONS INSUBMISOS-ALTERNATIVA DELS DEMOCRATES DESCONTENTS - Ei,0,0,Ministerio del Interior / portal oficial de datos abiertos,PRIMARY_OFFICIAL
2008,2008-03-09,49 - Zamora,ESPAÑA 2000 - E-2000,0,0,Ministerio del Interior / portal oficial de datos abiertos,PRIMARY_OFFICIAL
2008,2008-03-09,49 - Zamora,ESPAÑA-2000 - E-2000,0,0,Ministerio del Interior / portal oficial de datos abiertos,PRIMARY_OFFICIAL
2008,2008-03-09,49 - Zamora,ESQUERDA UNIDA-IZQUIERDA UNIDA-ALTERNATIVA - EU-IU,0,0,Ministerio del Interior / portal oficial de datos abiertos,PRIMARY_OFFICIAL
2008,2008-03-09,49 - Zamora,ESQUERRA REPUBLICANA DE CATALUNYA - ESQUERRA,0,0,Ministerio del Interior / portal oficial de datos abiertos,PRIMARY_OFFICIAL
2008,2008-03-09,49 - Zamora,ESQUERRA REPUBLICANA DE CATALUNYA - esquerra,0,0,Ministerio del Interior / portal oficial de datos abiertos,PRIMARY_OFFICIAL
2008,2008-03-09,49 - Zamora,ESQUERRA REPUBLICANA DEL PAIS VALENCIA-PAIS VALENCIA SI - ESQUERRA-PV,0,0,Ministerio del Interior / portal oficial de datos abiertos,PRIMARY_OFFICIAL
2008,2008-03-09,49 - Zamora,"ESQUERRA REPUBLICANA DEL PAIS VALENCIA-PAIS VALENCIA, SI - ESQUERRA-PV",0,0,Ministerio del Interior / portal oficial de datos abiertos,PRIMARY_OFFICIAL
2008,2008-03-09,49 - Zamora,ESQUERRA UNIDA - ELS VERDS - EU-EV,0,0,Ministerio del Interior / portal oficial de datos abiertos,PRIMARY_OFFICIAL
2008,2008-03-09,49 - Zamora,ESQUERRA UNIDA DEL PAIS VALENCIA-IZQUIERDA REPUBLICANA: ESQUERRA UNIDA I REPUBLICANA - EUPV-IR,0,0,Ministerio del Interior / portal oficial de datos abiertos,PRIMARY_OFFICIAL
2008,2008-03-09,49 - Zamora,ESQUERRA UNIDA DEL PAIS VALENCIA-IZQUIERDA REPUBLICANA:ESQUERRA UNIDA I REPUBLICANA - EUPV-IR,0,0,Ministerio del Interior / portal oficial de datos abiertos,PRIMARY_OFFICIAL
2008,2008-03-09,49 - Zamora,EUSKO ALKARTASUNA - EA,0,0,Ministerio del Interior / portal oficial de datos abiertos,PRIMARY_OFFICIAL
2008,2008-03-09,49 - Zamora,EUZKO ALDERDI JELTZALEA-PARTIDO NACIONALISTA VASCO - EAJ-PNV,0,0,Ministerio del Interior / portal oficial de datos abiertos,PRIMARY_OFFICIAL
2008,2008-03-09,49 - Zamora,EXTREMADURA UNIDA - EXTREMADURA UNIDA,0,0,Ministerio del Interior / portal oficial de datos abiertos,PRIMARY_OFFICIAL
2008,2008-03-09,49 - Zamora,EZKER BATUA-BERDEAK-ALTERNATIVA - EB-B,0,0,Ministerio del Interior / portal oficial de datos abiertos,PRIMARY_OFFICIAL
2008,2008-03-09,49 - Zamora,FALANGE AUTENTICA - F.A.,0,0,Ministerio del Interior / portal oficial de datos abiertos,PRIMARY_OFFICIAL
2008,2008-03-09,49 - Zamora,FALANGE AUTENTICA - FA,0,0,Ministerio del Interior / portal oficial de datos abiertos,PRIMARY_OFFICIAL
2008,2008-03-09,49 - Zamora,FALANGE ESPAÑOLA DE LA JONS - FE de las JONS,0,0,Ministerio del Interior / portal oficial de datos abiertos,PRIMARY_OFFICIAL
2008,2008-03-09,49 - Zamora,FALANGE ESPAÑOLA DE LAS J.O.N.S. - F.E. de las J.O.N.S.,0,0,Ministerio del Interior / portal oficial de datos abiertos,PRIMARY_OFFICIAL
2008,2008-03-09,49 - Zamora,FALANGE ESPAÑOLA DE LAS J.O.N.S. - FE de las JONS,0,0,Ministerio del Interior / portal oficial de datos abiertos,PRIMARY_OFFICIAL
2008,2008-03-09,49 - Zamora,FALANGE ESPAÑOLA DE LAS J.O.N.S. - FE-JONS,0,0,Ministerio del Interior / portal oficial de datos abiertos,PRIMARY_OFFICIAL
2008,2008-03-09,49 - Zamora,FALANGE ESPAÑOLA DE LAS JONS - F.E. de las J.O.N.S.,0,0,Ministerio del Interior / portal oficial de datos abiertos,PRIMARY_OFFICIAL
2008,2008-03-09,49 - Zamora,FALANGE ESPAÑOLA DE LAS JONS - FE DE LAS JONS,0,0,Ministerio del Interior / portal oficial de datos abiertos,PRIMARY_OFFICIAL
2008,2008-03-09,49 - Zamora,FALANGE ESPAÑOLA DE LAS JONS - FE de las JONS,92,0,Ministerio del Interior / portal oficial de datos abiertos,PRIMARY_OFFICIAL
2008,2008-03-09,49 - Zamora,FALANGE ESPAÑOLA DE LAS JONS - FE-JONS,0,0,Ministerio del Interior / portal oficial de datos abiertos,PRIMARY_OFFICIAL
2008,2008-03-09,49 - Zamora,FAMILIA I VIDA - PFiV,0,0,Ministerio del Interior / portal oficial de datos abiertos,PRIMARY_OFFICIAL
2008,2008-03-09,49 - Zamora,FAMILIA Y VIDA - PFyV,0,0,Ministerio del Interior / portal oficial de datos abiertos,PRIMARY_OFFICIAL
2008,2008-03-09,49 - Zamora,FRENTE ESPAÑOL - F.E,0,0,Ministerio del Interior / portal oficial de datos abiertos,PRIMARY_OFFICIAL
2008,2008-03-09,49 - Zamora,FRENTE ESPAÑOL - F.E.,0,0,Ministerio del Interior / portal oficial de datos abiertos,PRIMARY_OFFICIAL
2008,2008-03-09,49 - Zamora,FRENTE ESPAÑOL - FRENTE,0,0,Ministerio del Interior / portal oficial de datos abiertos,PRIMARY_OFFICIAL
2008,2008-03-09,49 - Zamora,GENTES DE EL BIERZO - PB-UB,0,0,Ministerio del Interior / portal oficial de datos abiertos,PRIMARY_OFFICIAL
2008,2008-03-09,49 - Zamora,IDENTITAT REGNE DE VALENCIA - IRV,0,0,Ministerio del Interior / portal oficial de datos abiertos,PRIMARY_OFFICIAL
2008,2008-03-09,49 - Zamora,INDEPENDIENTES POR CUENCA - ixC,0,0,Ministerio del Interior / portal oficial de datos abiertos,PRIMARY_OFFICIAL
2008,2008-03-09,49 - Zamora,INICIATIVA CIUDADANA BURGALESA - I.C.Bur,0,0,Ministerio del Interior / portal oficial de datos abiertos,PRIMARY_OFFICIAL
2008,2008-03-09,49 - Zamora,INICIATIVA MERINDADES DE CASTILLA - I.M.C.,0,0,Ministerio del Interior / portal oficial de datos abiertos,PRIMARY_OFFICIAL
2008,2008-03-09,49 - Zamora,INICIATIVA PER CATALUNYA VERDS - ESQUERRA UNIDA I ALTERNATIVA - ICV-EUiA,0,0,Ministerio del Interior / portal oficial de datos abiertos,PRIMARY_OFFICIAL
2008,2008-03-09,49 - Zamora,INICIATIVA PER CATALUNYA VERDS-ESQUERRA UNIDA I ALTERNATIVA - ICV-EUiA,0,0,Ministerio del Interior / portal oficial de datos abiertos,PRIMARY_OFFICIAL
2008,2008-03-09,49 - Zamora,IZQUIERDA REPUBLICANA - IR,0,0,Ministerio del Interior / portal oficial de datos abiertos,PRIMARY_OFFICIAL
2008,2008-03-09,49 - Zamora,IZQUIERDA REPUBLICANA-PARTIT REPUBLICA D'ESQUERRA - IR-PRE,0,0,Ministerio del Interior / portal oficial de datos abiertos,PRIMARY_OFFICIAL
2008,2008-03-09,49 - Zamora,IZQUIERDA UNIDA - BLOQUE POR ASTURIES - LOS VERDES - IU-B.A-LOS VERDES,0,0,Ministerio del Interior / portal oficial de datos abiertos,PRIMARY_OFFICIAL
2008,2008-03-09,49 - Zamora,IZQUIERDA UNIDA CANARIA-ALTERNATIVA - IUC,0,0,Ministerio del Interior / portal oficial de datos abiertos,PRIMARY_OFFICIAL
2008,2008-03-09,49 - Zamora,IZQUIERDA UNIDA COMUNIDAD DE MADRID-ALTERNATIVA - IU-CM.,0,0,Ministerio del Interior / portal oficial de datos abiertos,PRIMARY_OFFICIAL
2008,2008-03-09,49 - Zamora,IZQUIERDA UNIDA DE CEUTA - I.U.,0,0,Ministerio del Interior / portal oficial de datos abiertos,PRIMARY_OFFICIAL
2008,2008-03-09,49 - Zamora,IZQUIERDA UNIDA DE LA REGION DE MURCIA-ALTERNATIVA - I.U.R.M.,0,0,Ministerio del Interior / portal oficial de datos abiertos,PRIMARY_OFFICIAL
2008,2008-03-09,49 - Zamora,IZQUIERDA UNIDA DE NAVARRA - NAFARROAKO EZKER BATUA - ALTERNATIVA - IUN-NEB,0,0,Ministerio del Interior / portal oficial de datos abiertos,PRIMARY_OFFICIAL
2008,2008-03-09,49 - Zamora,IZQUIERDA UNIDA LOS VERDES CONVOCATORIA POR ANDALUCIA-ALTERNATIVA - IULV-CA,0,0,Ministerio del Interior / portal oficial de datos abiertos,PRIMARY_OFFICIAL
2008,2008-03-09,49 - Zamora,IZQUIERDA UNIDA LOS VERDES-CONVOCATORIA POR ANDALUCIA - ALTERNATIVA - IULV-CA,0,0,Ministerio del Interior / portal oficial de datos abiertos,PRIMARY_OFFICIAL
2008,2008-03-09,49 - Zamora,IZQUIERDA UNIDA LOS VERDES-CONVOCATORIA POR ANDALUCIA-ALTERNATIVA - IULV-CA,0,0,Ministerio del Interior / portal oficial de datos abiertos,PRIMARY_OFFICIAL
2008,2008-03-09,49 - Zamora,IZQUIERDA UNIDA-ALTERNATIVA - I.U.,0,0,Ministerio del Interior / portal oficial de datos abiertos,PRIMARY_OFFICIAL
2008,2008-03-09,49 - Zamora,IZQUIERDA UNIDA-ALTERNATIVA - IU,3002,0,Ministerio del Interior / portal oficial de datos abiertos,PRIMARY_OFFICIAL
2008,2008-03-09,49 - Zamora,LLUITA INTERNACIONALISTA - (LI(LIT-CI)),0,0,Ministerio del Interior / portal oficial de datos abiertos,PRIMARY_OFFICIAL
2008,2008-03-09,49 - Zamora,LLUITA INTERNACIONALISTA - L.I.(LIT-CI),0,0,Ministerio del Interior / portal oficial de datos abiertos,PRIMARY_OFFICIAL
2008,2008-03-09,49 - Zamora,LLUITA INTERNACIONALISTA - LI-LITCI,0,0,Ministerio del Interior / portal oficial de datos abiertos,PRIMARY_OFFICIAL
2008,2008-03-09,49 - Zamora,LOS VERDES - LOS VERDES,0,0,Ministerio del Interior / portal oficial de datos abiertos,PRIMARY_OFFICIAL
2008,2008-03-09,49 - Zamora,LOS VERDES - LV,0,0,Ministerio del Interior / portal oficial de datos abiertos,PRIMARY_OFFICIAL
2008,2008-03-09,49 - Zamora,LOS VERDES - VERDES,0,0,Ministerio del Interior / portal oficial de datos abiertos,PRIMARY_OFFICIAL
2008,2008-03-09,49 - Zamora,LOS VERDES COMUNIDAD DE MADRID-LOS VERDES DE EUROPA - LVCM-LVE,0,0,Ministerio del Interior / portal oficial de datos abiertos,PRIMARY_OFFICIAL
2008,2008-03-09,49 - Zamora,LOS VERDES DE EUROPA - LOS VERDES DE EUROPA,0,0,Ministerio del Interior / portal oficial de datos abiertos,PRIMARY_OFFICIAL
2008,2008-03-09,49 - Zamora,LOS VERDES DE EUROPA - LVE,381,0,Ministerio del Interior / portal oficial de datos abiertos,PRIMARY_OFFICIAL
2008,2008-03-09,49 - Zamora,LOS VERDES DE EXTREMADURA - LV,0,0,Ministerio del Interior / portal oficial de datos abiertos,PRIMARY_OFFICIAL
2008,2008-03-09,49 - Zamora,LOS VERDES-ELS VERDS - LV-EV,0,0,Ministerio del Interior / portal oficial de datos abiertos,PRIMARY_OFFICIAL
2008,2008-03-09,49 - Zamora,LOS VERDES-GRUPO VERDE - L.V.,0,0,Ministerio del Interior / portal oficial de datos abiertos,PRIMARY_OFFICIAL
2008,2008-03-09,49 - Zamora,LOS VERDES-GRUPO VERDE - LV,0,0,Ministerio del Interior / portal oficial de datos abiertos,PRIMARY_OFFICIAL
2008,2008-03-09,49 - Zamora,LOS VERDES-GRUPO VERDE - LV-GV,0,0,Ministerio del Interior / portal oficial de datos abiertos,PRIMARY_OFFICIAL
2008,2008-03-09,49 - Zamora,LUCHA INTERNACIONALISTA - LI-LITCI,0,0,Ministerio del Interior / portal oficial de datos abiertos,PRIMARY_OFFICIAL
2008,2008-03-09,49 - Zamora,MOVIMIENTO FALANGISTA DE ESPAÑA - M.F.E.,0,0,Ministerio del Interior / portal oficial de datos abiertos,PRIMARY_OFFICIAL
2008,2008-03-09,49 - Zamora,MOVIMIENTO POR LA UNIDAD DEL PUEBLO CANARIO - MUPC,0,0,Ministerio del Interior / portal oficial de datos abiertos,PRIMARY_OFFICIAL
2008,2008-03-09,49 - Zamora,NAFARROA BAI - NA-BAI,0,0,Ministerio del Interior / portal oficial de datos abiertos,PRIMARY_OFFICIAL
2008,2008-03-09,49 - Zamora,NOSALTRES SOM - N som,0,0,Ministerio del Interior / portal oficial de datos abiertos,PRIMARY_OFFICIAL
2008,2008-03-09,49 - Zamora,NUEVA CANARIAS-CENTRO CANARIO - NC-CCN,0,0,Ministerio del Interior / portal oficial de datos abiertos,PRIMARY_OFFICIAL
2008,2008-03-09,49 - Zamora,OPCIO NACIONALISTA VALENCIANA - O.N.V.,0,0,Ministerio del Interior / portal oficial de datos abiertos,PRIMARY_OFFICIAL
2008,2008-03-09,49 - Zamora,OPCIO NACIONALISTA VALENCIANA - ONV,0,0,Ministerio del Interior / portal oficial de datos abiertos,PRIMARY_OFFICIAL
2008,2008-03-09,49 - Zamora,OS VERDES - GRUPO VERDE - OV,0,0,Ministerio del Interior / portal oficial de datos abiertos,PRIMARY_OFFICIAL
2008,2008-03-09,49 - Zamora,PARTIDO ALTERNATIVA MOTOR Y DEPORTES - A.M.D.,0,0,Ministerio del Interior / portal oficial de datos abiertos,PRIMARY_OFFICIAL
2008,2008-03-09,49 - Zamora,PARTIDO ANTITAURINO CONTRA EL MALTRATO ANIMAL - P.A.C.M.A,0,0,Ministerio del Interior / portal oficial de datos abiertos,PRIMARY_OFFICIAL
2008,2008-03-09,49 - Zamora,PARTIDO ANTITAURINO CONTRA EL MALTRATO ANIMAL - P.A.C.M.A.,0,0,Ministerio del Interior / portal oficial de datos abiertos,PRIMARY_OFFICIAL
2008,2008-03-09,49 - Zamora,PARTIDO ANTITAURINO CONTRA EL MALTRATO ANIMAL - PACMA,211,0,Ministerio del Interior / portal oficial de datos abiertos,PRIMARY_OFFICIAL
2008,2008-03-09,49 - Zamora,PARTIDO ARAGONES - PAR,0,0,Ministerio del Interior / portal oficial de datos abiertos,PRIMARY_OFFICIAL
2008,2008-03-09,49 - Zamora,PARTIDO CARLISTA - P.C.,0,0,Ministerio del Interior / portal oficial de datos abiertos,PRIMARY_OFFICIAL
2008,2008-03-09,49 - Zamora,PARTIDO CARLISTA - PARTIDO CARLISTA,0,0,Ministerio del Interior / portal oficial de datos abiertos,PRIMARY_OFFICIAL
2008,2008-03-09,49 - Zamora,PARTIDO CARLISTA - PC,0,0,Ministerio del Interior / portal oficial de datos abiertos,PRIMARY_OFFICIAL
2008,2008-03-09,49 - Zamora,PARTIDO CARLISTA DE EUSKALERRIA-PARTIDO CARLISTA - EKA-PC.,0,0,Ministerio del Interior / portal oficial de datos abiertos,PRIMARY_OFFICIAL
2008,2008-03-09,49 - Zamora,PARTIDO CARLISTA DE EUSKALHERRIA-EUSKALHERRIKO KARLISTA ALDERDIA - PARTIDO CARLISTA-EKA,0,0,Ministerio del Interior / portal oficial de datos abiertos,PRIMARY_OFFICIAL
2008,2008-03-09,49 - Zamora,PARTIDO CENTRISTA - PCTR,0,0,Ministerio del Interior / portal oficial de datos abiertos,PRIMARY_OFFICIAL
2008,2008-03-09,49 - Zamora,PARTIDO CENTRISTAS - Centristas PCTR,0,0,Ministerio del Interior / portal oficial de datos abiertos,PRIMARY_OFFICIAL
2008,2008-03-09,49 - Zamora,PARTIDO CENTRISTAS - PCTR,40,0,Ministerio del Interior / portal oficial de datos abiertos,PRIMARY_OFFICIAL
2008,2008-03-09,49 - Zamora,PARTIDO CIUDADANOS UNIDOS DE ARAGON - pCUA,0,0,Ministerio del Interior / portal oficial de datos abiertos,PRIMARY_OFFICIAL
2008,2008-03-09,49 - Zamora,PARTIDO COMUNISTA DE LOS PUEBLOS DE ESPAÑA - P.C.P.E.,0,0,Ministerio del Interior / portal oficial de datos abiertos,PRIMARY_OFFICIAL
2008,2008-03-09,49 - Zamora,PARTIDO COMUNISTA DE LOS PUEBLOS DE ESPAÑA - P.C.P.E.-E.K.,0,0,Ministerio del Interior / portal oficial de datos abiertos,PRIMARY_OFFICIAL
2008,2008-03-09,49 - Zamora,PARTIDO COMUNISTA DE LOS PUEBLOS DE ESPAÑA - PCPE,0,0,Ministerio del Interior / portal oficial de datos abiertos,PRIMARY_OFFICIAL
2008,2008-03-09,49 - Zamora,PARTIDO COMUNISTA DE LOS PUEBLOS DE ESPAÑA-EUSKAL KOMUNISTAK - PCPE - EK,0,0,Ministerio del Interior / portal oficial de datos abiertos,PRIMARY_OFFICIAL
2008,2008-03-09,49 - Zamora,PARTIDO COMUNISTA DEL PUEBLO CANARIO - PCPE,0,0,Ministerio del Interior / portal oficial de datos abiertos,PRIMARY_OFFICIAL
2008,2008-03-09,49 - Zamora,PARTIDO COMUNISTA DEL PUEBLO CASTELLANO - PCPE,90,0,Ministerio del Interior / portal oficial de datos abiertos,PRIMARY_OFFICIAL
2008,2008-03-09,49 - Zamora,PARTIDO COMUNISTA DEL PUEBLO CASTELLANO-PCPE - PCPE,0,0,Ministerio del Interior / portal oficial de datos abiertos,PRIMARY_OFFICIAL
2008,2008-03-09,49 - Zamora,PARTIDO COMUNISTA DEL PUEBLO DE CATALUNYA - PCPC,0,0,Ministerio del Interior / portal oficial de datos abiertos,PRIMARY_OFFICIAL
2008,2008-03-09,49 - Zamora,PARTIDO COMUNISTA DEL PUEBLO DE CATALUÑA - PCPC,0,0,Ministerio del Interior / portal oficial de datos abiertos,PRIMARY_OFFICIAL
2008,2008-03-09,49 - Zamora,PARTIDO COMUNISTA DO POBO GALEGO - PCPG,0,0,Ministerio del Interior / portal oficial de datos abiertos,PRIMARY_OFFICIAL
2008,2008-03-09,49 - Zamora,PARTIDO COMUNISTA DO POVO GALEGO - P.C.P.G.,0,0,Ministerio del Interior / portal oficial de datos abiertos,PRIMARY_OFFICIAL
2008,2008-03-09,49 - Zamora,PARTIDO COMUNISTA PUEBLOS DE ESPAÑA - PCPE,0,0,Ministerio del Interior / portal oficial de datos abiertos,PRIMARY_OFFICIAL
2008,2008-03-09,49 - Zamora,PARTIDO DE ALIANZA IBEROAMERICANA EUROPEA - PAIE,0,0,Ministerio del Interior / portal oficial de datos abiertos,PRIMARY_OFFICIAL
2008,2008-03-09,49 - Zamora,PARTIDO DE ALMERIA - PdeAL,0,0,Ministerio del Interior / portal oficial de datos abiertos,PRIMARY_OFFICIAL
2008,2008-03-09,49 - Zamora,PARTIDO DE LAS LIBERTADES CIVILES - PLCI,0,0,Ministerio del Interior / portal oficial de datos abiertos,PRIMARY_OFFICIAL
2008,2008-03-09,49 - Zamora,PARTIDO DE LOS NO-FUMADORES - PNF (NO-FUMADORES),0,0,Ministerio del Interior / portal oficial de datos abiertos,PRIMARY_OFFICIAL
2008,2008-03-09,49 - Zamora,PARTIDO DE LOS PENSIONISTAS EN ACCION - PDLPEA,0,0,Ministerio del Interior / portal oficial de datos abiertos,PRIMARY_OFFICIAL
2008,2008-03-09,49 - Zamora,PARTIDO DOS SOCIALISTAS DE GALICIA-PARTIDO SOCIALISTA OBRERO ESPAÑOL - PSdeG-PSOE,0,0,Ministerio del Interior / portal oficial de datos abiertos,PRIMARY_OFFICIAL
2008,2008-03-09,49 - Zamora,PARTIDO DOS SOCIALISTAS DE GALICIA-PSOE - PSdeG-PSOE,0,0,Ministerio del Interior / portal oficial de datos abiertos,PRIMARY_OFFICIAL
2008,2008-03-09,49 - Zamora,PARTIDO FAMILIA Y VIDA - PFyV,0,0,Ministerio del Interior / portal oficial de datos abiertos,PRIMARY_OFFICIAL
2008,2008-03-09,49 - Zamora,PARTIDO HACHE - PHache,0,0,Ministerio del Interior / portal oficial de datos abiertos,PRIMARY_OFFICIAL
2008,2008-03-09,49 - Zamora,PARTIDO HUMANISTA - P.H.,0,0,Ministerio del Interior / portal oficial de datos abiertos,PRIMARY_OFFICIAL
2008,2008-03-09,49 - Zamora,PARTIDO HUMANISTA - PH,76,0,Ministerio del Interior / portal oficial de datos abiertos,PRIMARY_OFFICIAL
2008,2008-03-09,49 - Zamora,PARTIDO IZQUIERDA REPUBLICANA-PARTIT REPUBLICA D'ESQUERRA - IR-PRE,0,0,Ministerio del Interior / portal oficial de datos abiertos,PRIMARY_OFFICIAL
2008,2008-03-09,49 - Zamora,PARTIDO LIBERAL DEL EMPLEO Y LA VIVIENDA ESTATAL - P.L.E.V.E.,0,0,Ministerio del Interior / portal oficial de datos abiertos,PRIMARY_OFFICIAL
2008,2008-03-09,49 - Zamora,PARTIDO LIBERTADES CIVILES - PLCI,0,0,Ministerio del Interior / portal oficial de datos abiertos,PRIMARY_OFFICIAL
2008,2008-03-09,49 - Zamora,PARTIDO OBRERO SOCIALISTA INTERNACIONALISTA - P.O.S.I.,0,0,Ministerio del Interior / portal oficial de datos abiertos,PRIMARY_OFFICIAL
2008,2008-03-09,49 - Zamora,PARTIDO OBRERO SOCIALISTA INTERNACIONALISTA - POSI,0,0,Ministerio del Interior / portal oficial de datos abiertos,PRIMARY_OFFICIAL
2008,2008-03-09,49 - Zamora,PARTIDO POLITICO ARALAR - aralar,0,0,Ministerio del Interior / portal oficial de datos abiertos,PRIMARY_OFFICIAL
2008,2008-03-09,49 - Zamora,PARTIDO POPULAR - P.P.,0,0,Ministerio del Interior / portal oficial de datos abiertos,PRIMARY_OFFICIAL
2008,2008-03-09,49 - Zamora,PARTIDO POPULAR - PP,68276,2,Ministerio del Interior / portal oficial de datos abiertos,PRIMARY_OFFICIAL
2008,2008-03-09,49 - Zamora,PARTIDO POPULAR/PARTIT POPULAR - PP,0,0,Ministerio del Interior / portal oficial de datos abiertos,PRIMARY_OFFICIAL
2008,2008-03-09,49 - Zamora,PARTIDO POR UN MUNDO MAS JUSTO - PUM+J,0,0,Ministerio del Interior / portal oficial de datos abiertos,PRIMARY_OFFICIAL
2008,2008-03-09,49 - Zamora,PARTIDO POSITIVISTA CRISTIANO - PPCr,0,0,Ministerio del Interior / portal oficial de datos abiertos,PRIMARY_OFFICIAL
2008,2008-03-09,49 - Zamora,PARTIDO REGIONALISTA DE GUADALAJARA - P.R.GU.,0,0,Ministerio del Interior / portal oficial de datos abiertos,PRIMARY_OFFICIAL
2008,2008-03-09,49 - Zamora,PARTIDO REGIONALISTA DEL PAIS LEONES - PREPAL,491,0,Ministerio del Interior / portal oficial de datos abiertos,PRIMARY_OFFICIAL
2008,2008-03-09,49 - Zamora,PARTIDO RIOJANO - PARTIDO RIOJANO,0,0,Ministerio del Interior / portal oficial de datos abiertos,PRIMARY_OFFICIAL
2008,2008-03-09,49 - Zamora,PARTIDO SOCIAL DEMOCRATA - P.S.D.,0,0,Ministerio del Interior / portal oficial de datos abiertos,PRIMARY_OFFICIAL
2008,2008-03-09,49 - Zamora,PARTIDO SOCIAL DEMOCRATA - PSD,0,0,Ministerio del Interior / portal oficial de datos abiertos,PRIMARY_OFFICIAL
2008,2008-03-09,49 - Zamora,PARTIDO SOCIAL DEMOCRATA-FEDERACION DE LOS INDEPENDIENTES DE ARAGON - PSD-FIA,0,0,Ministerio del Interior / portal oficial de datos abiertos,PRIMARY_OFFICIAL
2008,2008-03-09,49 - Zamora,PARTIDO SOCIALISTA DE EUSKADI-EUSKADIKO EZKERRA (PSOE) - PSE-EE (PSOE),0,0,Ministerio del Interior / portal oficial de datos abiertos,PRIMARY_OFFICIAL
2008,2008-03-09,49 - Zamora,PARTIDO SOCIALISTA DE EUSKADI-EUSKADIKO EZKERRA - PSE-EE (PSOE),0,0,Ministerio del Interior / portal oficial de datos abiertos,PRIMARY_OFFICIAL
2008,2008-03-09,49 - Zamora,PARTIDO SOCIALISTA OBRERO ESPAÑOL - P.S.O.E.,0,0,Ministerio del Interior / portal oficial de datos abiertos,PRIMARY_OFFICIAL
2008,2008-03-09,49 - Zamora,PARTIDO SOCIALISTA OBRERO ESPAÑOL - PSOE,56793,1,Ministerio del Interior / portal oficial de datos abiertos,PRIMARY_OFFICIAL
2008,2008-03-09,49 - Zamora,PARTIDO SOCIALISTA OBRERO ESPAÑOL DE ANDALUCIA - PSOE-A,0,0,Ministerio del Interior / portal oficial de datos abiertos,PRIMARY_OFFICIAL
2008,2008-03-09,49 - Zamora,PARTIDO SOLIDARIDAD Y AUTOGESTION INTERNACIONALISTA - SAIN,0,0,Ministerio del Interior / portal oficial de datos abiertos,PRIMARY_OFFICIAL
2008,2008-03-09,49 - Zamora,PARTIDO UNIONISTA ESTADO DE ESPAÑA - P.U.E.D.E.,0,0,Ministerio del Interior / portal oficial de datos abiertos,PRIMARY_OFFICIAL
2008,2008-03-09,49 - Zamora,PARTIDO UNIONISTA ESTADO DE ESPAÑA - PUEDE,0,0,Ministerio del Interior / portal oficial de datos abiertos,PRIMARY_OFFICIAL
2008,2008-03-09,49 - Zamora,PARTIT ANTITAURI CONTRA EL MALTRACTAMENT ANIMAL - P.A.C.M.A.,0,0,Ministerio del Interior / portal oficial de datos abiertos,PRIMARY_OFFICIAL
2008,2008-03-09,49 - Zamora,PARTIT ANTITAURI CONTRA EL MALTRACTAMENT ANIMAL - PACMA,0,0,Ministerio del Interior / portal oficial de datos abiertos,PRIMARY_OFFICIAL
2008,2008-03-09,49 - Zamora,PARTIT CARLI DE CATALUNYA - P. C. de C.,0,0,Ministerio del Interior / portal oficial de datos abiertos,PRIMARY_OFFICIAL
2008,2008-03-09,49 - Zamora,PARTIT CARLI DE CATALUNYA - PCaC,0,0,Ministerio del Interior / portal oficial de datos abiertos,PRIMARY_OFFICIAL
2008,2008-03-09,49 - Zamora,PARTIT COMUNISTA DEL POBLE DE CATALUNYA - P.C.P.C.,0,0,Ministerio del Interior / portal oficial de datos abiertos,PRIMARY_OFFICIAL
2008,2008-03-09,49 - Zamora,PARTIT COMUNISTA DELS POBLES D'ESPANYA - PCPE,0,0,Ministerio del Interior / portal oficial de datos abiertos,PRIMARY_OFFICIAL
2008,2008-03-09,49 - Zamora,PARTIT DELS SOCIALISTES DE CATALUNYA - PSC (PSC-PSOE),0,0,Ministerio del Interior / portal oficial de datos abiertos,PRIMARY_OFFICIAL
2008,2008-03-09,49 - Zamora,PARTIT DELS SOCIALISTES DE CATALUNYA - PSC-PSOE,0,0,Ministerio del Interior / portal oficial de datos abiertos,PRIMARY_OFFICIAL
2008,2008-03-09,49 - Zamora,PARTIT FAMILIA I VIDA - PFiV,0,0,Ministerio del Interior / portal oficial de datos abiertos,PRIMARY_OFFICIAL
2008,2008-03-09,49 - Zamora,PARTIT HUMANISTA - P.H.,0,0,Ministerio del Interior / portal oficial de datos abiertos,PRIMARY_OFFICIAL
2008,2008-03-09,49 - Zamora,PARTIT HUMANISTA - PH,0,0,Ministerio del Interior / portal oficial de datos abiertos,PRIMARY_OFFICIAL
2008,2008-03-09,49 - Zamora,PARTIT HUMANISTA DE CATALUNYA - PH,0,0,Ministerio del Interior / portal oficial de datos abiertos,PRIMARY_OFFICIAL
2008,2008-03-09,49 - Zamora,PARTIT ILLENC DE SES ILLES BALEARS - PIIB,0,0,Ministerio del Interior / portal oficial de datos abiertos,PRIMARY_OFFICIAL
2008,2008-03-09,49 - Zamora,PARTIT OBRER SOCIALISTA INTERNACIONALISTA - P.O.S.I.,0,0,Ministerio del Interior / portal oficial de datos abiertos,PRIMARY_OFFICIAL
2008,2008-03-09,49 - Zamora,PARTIT OBRER SOCIALISTA INTERNACIONALISTA - POSI,0,0,Ministerio del Interior / portal oficial de datos abiertos,PRIMARY_OFFICIAL
2008,2008-03-09,49 - Zamora,PARTIT PER CATALUNYA - PxCat,0,0,Ministerio del Interior / portal oficial de datos abiertos,PRIMARY_OFFICIAL
2008,2008-03-09,49 - Zamora,PARTIT POPULAR/PARTIDO POPULAR - P.P.,0,0,Ministerio del Interior / portal oficial de datos abiertos,PRIMARY_OFFICIAL
2008,2008-03-09,49 - Zamora,PARTIT REPUBLICA CATALA - RC,0,0,Ministerio del Interior / portal oficial de datos abiertos,PRIMARY_OFFICIAL
2008,2008-03-09,49 - Zamora,PER LA REPUBLICA VALENCIANA - PLRV,0,0,Ministerio del Interior / portal oficial de datos abiertos,PRIMARY_OFFICIAL
2008,2008-03-09,49 - Zamora,PER LA REPUBLICA VALENCIANA - plRV,0,0,Ministerio del Interior / portal oficial de datos abiertos,PRIMARY_OFFICIAL
2008,2008-03-09,49 - Zamora,POR UN MUNDO MAS JUSTO - PUM+J,152,0,Ministerio del Interior / portal oficial de datos abiertos,PRIMARY_OFFICIAL
2008,2008-03-09,49 - Zamora,REPRESENTACION CANNABICA NAVARRA - RCN-NOK,0,0,Ministerio del Interior / portal oficial de datos abiertos,PRIMARY_OFFICIAL
2008,2008-03-09,49 - Zamora,SOLIDARIDAD Y AUTOGESTION INTERNACIONALISTA - SAIN,0,0,Ministerio del Interior / portal oficial de datos abiertos,PRIMARY_OFFICIAL
2008,2008-03-09,49 - Zamora,SOLIDARIDAD Y AUTOGESTION INTERNACIONALISTA - SAIn,0,0,Ministerio del Interior / portal oficial de datos abiertos,PRIMARY_OFFICIAL
2008,2008-03-09,49 - Zamora,TIERRA COMUNERA - TC,68,0,Ministerio del Interior / portal oficial de datos abiertos,PRIMARY_OFFICIAL
2008,2008-03-09,49 - Zamora,UNIDA - UNIDA,0,0,Ministerio del Interior / portal oficial de datos abiertos,PRIMARY_OFFICIAL
2008,2008-03-09,49 - Zamora,UNIDAD CASTELLANA - Ud. Ca.,0,0,Ministerio del Interior / portal oficial de datos abiertos,PRIMARY_OFFICIAL
2008,2008-03-09,49 - Zamora,UNIDAD DEL PUEBLO - UNIDAD DEL PUEBLO,0,0,Ministerio del Interior / portal oficial de datos abiertos,PRIMARY_OFFICIAL
2008,2008-03-09,49 - Zamora,UNIDAD REGIONALISTA DE CASTILLA Y LEON - U.R.C.L.,0,0,Ministerio del Interior / portal oficial de datos abiertos,PRIMARY_OFFICIAL
2008,2008-03-09,49 - Zamora,UNION CENTRISTA LIBERAL - UCL,80,0,Ministerio del Interior / portal oficial de datos abiertos,PRIMARY_OFFICIAL
2008,2008-03-09,49 - Zamora,UNION CIUDADANA PROGRESISTAS INDEPENDIENTES DE CANARIAS - UCPIC,0,0,Ministerio del Interior / portal oficial de datos abiertos,PRIMARY_OFFICIAL
2008,2008-03-09,49 - Zamora,UNION DEL PUEBLO LEONES - UPL,0,0,Ministerio del Interior / portal oficial de datos abiertos,PRIMARY_OFFICIAL
2008,2008-03-09,49 - Zamora,UNION DEL PUEBLO NAVARRO EN COALICION CON EL PARTIDO POPULAR - UPN-PP,0,0,Ministerio del Interior / portal oficial de datos abiertos,PRIMARY_OFFICIAL
2008,2008-03-09,49 - Zamora,UNION POR LEGANES - ULEG,0,0,Ministerio del Interior / portal oficial de datos abiertos,PRIMARY_OFFICIAL
2008,2008-03-09,49 - Zamora,UNION PROGRESO Y DEMOCRACIA - UPD,0,0,Ministerio del Interior / portal oficial de datos abiertos,PRIMARY_OFFICIAL
2008,2008-03-09,49 - Zamora,UNION PROGRESO Y DEMOCRACIA - UPyD,0,0,Ministerio del Interior / portal oficial de datos abiertos,PRIMARY_OFFICIAL
2008,2008-03-09,49 - Zamora,"UNION, PROGRESO Y DEMOCRACIA - UPyD",1234,0,Ministerio del Interior / portal oficial de datos abiertos,PRIMARY_OFFICIAL
2008,2008-03-09,49 - Zamora,UNITAT PER LES ILLES - UNITAT PER LES ILLES,0,0,Ministerio del Interior / portal oficial de datos abiertos,PRIMARY_OFFICIAL
2008,2008-03-09,5 - Ávila,AGRUPACION CIUDADANA - AGRUCI,0,0,Ministerio del Interior / portal oficial de datos abiertos,PRIMARY_OFFICIAL
2008,2008-03-09,5 - Ávila,ALIANZA NACIONAL - A.u.N.,0,0,Ministerio del Interior / portal oficial de datos abiertos,PRIMARY_OFFICIAL
2008,2008-03-09,5 - Ávila,ALIANZA NACIONAL - AN,0,0,Ministerio del Interior / portal oficial de datos abiertos,PRIMARY_OFFICIAL
2008,2008-03-09,5 - Ávila,ALIANZA NACIONAL - AUN,0,0,Ministerio del Interior / portal oficial de datos abiertos,PRIMARY_OFFICIAL
2008,2008-03-09,5 - Ávila,ALIANZA NACIONAL - AuN,0,0,Ministerio del Interior / portal oficial de datos abiertos,PRIMARY_OFFICIAL
2008,2008-03-09,5 - Ávila,ALIANZA POR BURGOS - AxB,0,0,Ministerio del Interior / portal oficial de datos abiertos,PRIMARY_OFFICIAL
2008,2008-03-09,5 - Ávila,ALIANÇA BALEAR - ABA,0,0,Ministerio del Interior / portal oficial de datos abiertos,PRIMARY_OFFICIAL
2008,2008-03-09,5 - Ávila,ALTERNATIVA EN BLANCO - ABLA,0,0,Ministerio del Interior / portal oficial de datos abiertos,PRIMARY_OFFICIAL
2008,2008-03-09,5 - Ávila,ALTERNATIVA EN BLANCO - aBla,0,0,Ministerio del Interior / portal oficial de datos abiertos,PRIMARY_OFFICIAL
2008,2008-03-09,5 - Ávila,ALTERNATIVA ESPAÑOLA - AES,24,0,Ministerio del Interior / portal oficial de datos abiertos,PRIMARY_OFFICIAL
2008,2008-03-09,5 - Ávila,ALTERNATIVA MOTOR Y DEPORTE - A.M.D.,0,0,Ministerio del Interior / portal oficial de datos abiertos,PRIMARY_OFFICIAL
2008,2008-03-09,5 - Ávila,ALTERNATIVA MOTOR Y DEPORTES - A.M.D.,0,0,Ministerio del Interior / portal oficial de datos abiertos,PRIMARY_OFFICIAL
2008,2008-03-09,5 - Ávila,ALTERNATIVA MOTOR Y DEPORTES - AMD,37,0,Ministerio del Interior / portal oficial de datos abiertos,PRIMARY_OFFICIAL
2008,2008-03-09,5 - Ávila,ALTERNATIVA NACIONALISTA CANARIA - ANC,0,0,Ministerio del Interior / portal oficial de datos abiertos,PRIMARY_OFFICIAL
2008,2008-03-09,5 - Ávila,ANDECHA ASTUR - AA,0,0,Ministerio del Interior / portal oficial de datos abiertos,PRIMARY_OFFICIAL
2008,2008-03-09,5 - Ávila,ARALAR - aralar,0,0,Ministerio del Interior / portal oficial de datos abiertos,PRIMARY_OFFICIAL
2008,2008-03-09,5 - Ávila,ASAMBLEA DE VOTACION ELECTRONICA - AVE,0,0,Ministerio del Interior / portal oficial de datos abiertos,PRIMARY_OFFICIAL
2008,2008-03-09,5 - Ávila,BERDEAK-LOS VERDES - B-LV,0,0,Ministerio del Interior / portal oficial de datos abiertos,PRIMARY_OFFICIAL
2008,2008-03-09,5 - Ávila,BLOC-INICIATIVA-VERDS - BLOC-IDPV-EV-EE,0,0,Ministerio del Interior / portal oficial de datos abiertos,PRIMARY_OFFICIAL
2008,2008-03-09,5 - Ávila,BLOC-INICIATIVA-VERDS - BLOC-IdPV-EV-EE,0,0,Ministerio del Interior / portal oficial de datos abiertos,PRIMARY_OFFICIAL
2008,2008-03-09,5 - Ávila,BLOQUE NACIONALISTA GALEGO - B.N.G.,0,0,Ministerio del Interior / portal oficial de datos abiertos,PRIMARY_OFFICIAL
2008,2008-03-09,5 - Ávila,BLOQUE NACIONALISTA GALEGO - BNG,0,0,Ministerio del Interior / portal oficial de datos abiertos,PRIMARY_OFFICIAL
2008,2008-03-09,5 - Ávila,CENTRO DEMOCRATICO ESPAÑOL - C.D.Es.,0,0,Ministerio del Interior / portal oficial de datos abiertos,PRIMARY_OFFICIAL
2008,2008-03-09,5 - Ávila,CENTRO DEMOCRATICO ESPAÑOL - CDEs,52,0,Ministerio del Interior / portal oficial de datos abiertos,PRIMARY_OFFICIAL
2008,2008-03-09,5 - Ávila,CENTRO DEMOCRATICO LIBERAL - C.D.L.,0,0,Ministerio del Interior / portal oficial de datos abiertos,PRIMARY_OFFICIAL
2008,2008-03-09,5 - Ávila,CENTRO DEMOCRATICO LIBERAL - CDL,0,0,Ministerio del Interior / portal oficial de datos abiertos,PRIMARY_OFFICIAL
2008,2008-03-09,5 - Ávila,CENTRO DEMOCRATICO SOCIAL - C.D.S.,0,0,Ministerio del Interior / portal oficial de datos abiertos,PRIMARY_OFFICIAL
2008,2008-03-09,5 - Ávila,CENTRO DEMOCRATICO Y SOCIAL - CDS,0,0,Ministerio del Interior / portal oficial de datos abiertos,PRIMARY_OFFICIAL
2008,2008-03-09,5 - Ávila,CHUNTA ARAGONESISTA - CHA,0,0,Ministerio del Interior / portal oficial de datos abiertos,PRIMARY_OFFICIAL
2008,2008-03-09,5 - Ávila,CIUDADANOS EN BLANCO - CENB,77,0,Ministerio del Interior / portal oficial de datos abiertos,PRIMARY_OFFICIAL
2008,2008-03-09,5 - Ávila,CIUDADANOS EN BLANCO - CNB,0,0,Ministerio del Interior / portal oficial de datos abiertos,PRIMARY_OFFICIAL
2008,2008-03-09,5 - Ávila,CIUDADANOS EN BLANCO - CenB,0,0,Ministerio del Interior / portal oficial de datos abiertos,PRIMARY_OFFICIAL
2008,2008-03-09,5 - Ávila,CIUDADANOS EN BLANCO - Cenb,0,0,Ministerio del Interior / portal oficial de datos abiertos,PRIMARY_OFFICIAL
2008,2008-03-09,5 - Ávila,CIUDADANOS PARTIDO DE LA CIUDADANIA - C's,0,0,Ministerio del Interior / portal oficial de datos abiertos,PRIMARY_OFFICIAL
2008,2008-03-09,5 - Ávila,CIUDADANOS-PARTIDO DE LA CIUDADANIA - C's,126,0,Ministerio del Interior / portal oficial de datos abiertos,PRIMARY_OFFICIAL
2008,2008-03-09,5 - Ávila,"CIUDADANOS-PARTIDO DE LA CIUDADANIA - C,S",0,0,Ministerio del Interior / portal oficial de datos abiertos,PRIMARY_OFFICIAL
2008,2008-03-09,5 - Ávila,CIUTADANS-PARTIDO DE LA CIUDADANIA - C's,0,0,Ministerio del Interior / portal oficial de datos abiertos,PRIMARY_OFFICIAL
2008,2008-03-09,5 - Ávila,COALICIO TREBALLADORS PER LA DEMOCRACIA - TD,0,0,Ministerio del Interior / portal oficial de datos abiertos,PRIMARY_OFFICIAL
2008,2008-03-09,5 - Ávila,COALICIO VALENCIANA - CVa,0,0,Ministerio del Interior / portal oficial de datos abiertos,PRIMARY_OFFICIAL
2008,2008-03-09,5 - Ávila,COALICION ANDALUCISTA - CA,0,0,Ministerio del Interior / portal oficial de datos abiertos,PRIMARY_OFFICIAL
2008,2008-03-09,5 - Ávila,COALICION CANARIA-PARTIDO NACIONALISTA CANARIO - CC-PNC,0,0,Ministerio del Interior / portal oficial de datos abiertos,PRIMARY_OFFICIAL
2008,2008-03-09,5 - Ávila,COALICION CANARIA-PARTIDO NACIONALISTA CANARIO-PARTIDO DE INDEPENDIENTES DE LANZAROTE - CC-PNC-PIL,0,0,Ministerio del Interior / portal oficial de datos abiertos,PRIMARY_OFFICIAL
2008,2008-03-09,5 - Ávila,COMUNION TRADICIONALISTA CARLISTA - C.T.C.,0,0,Ministerio del Interior / portal oficial de datos abiertos,PRIMARY_OFFICIAL
2008,2008-03-09,5 - Ávila,COMUNION TRADICIONALISTA CARLISTA - CTC,9,0,Ministerio del Interior / portal oficial de datos abiertos,PRIMARY_OFFICIAL
2008,2008-03-09,5 - Ávila,CONVERGENCIA DEMOCRATICA ASTURIANA - CDAS,0,0,Ministerio del Interior / portal oficial de datos abiertos,PRIMARY_OFFICIAL
2008,2008-03-09,5 - Ávila,CONVERGENCIA I UNIO - CIU,0,0,Ministerio del Interior / portal oficial de datos abiertos,PRIMARY_OFFICIAL
2008,2008-03-09,5 - Ávila,CONVERGENCIA I UNIO - CiU,0,0,Ministerio del Interior / portal oficial de datos abiertos,PRIMARY_OFFICIAL
2008,2008-03-09,5 - Ávila,DEMOCRACIA NACIONAL - D.N.,0,0,Ministerio del Interior / portal oficial de datos abiertos,PRIMARY_OFFICIAL
2008,2008-03-09,5 - Ávila,DEMOCRACIA NACIONAL - DN,69,0,Ministerio del Interior / portal oficial de datos abiertos,PRIMARY_OFFICIAL
2008,2008-03-09,5 - Ávila,EI ESCONS INSUBMISOS-ALTERNATIVA DELS DEMOCRATES DESCONTENTS - Ei,0,0,Ministerio del Interior / portal oficial de datos abiertos,PRIMARY_OFFICIAL
2008,2008-03-09,5 - Ávila,ELS VERDS - L'ALTERNATIVA ECOLOGISTA - EV-AE,0,0,Ministerio del Interior / portal oficial de datos abiertos,PRIMARY_OFFICIAL
2008,2008-03-09,5 - Ávila,ELS VERDS-ALTERNATIVA VERDA - E.V.-A.V.,0,0,Ministerio del Interior / portal oficial de datos abiertos,PRIMARY_OFFICIAL
2008,2008-03-09,5 - Ávila,ELS VERDS-LOS VERDES - EV-LV,0,0,Ministerio del Interior / portal oficial de datos abiertos,PRIMARY_OFFICIAL
2008,2008-03-09,5 - Ávila,ESCONS INSUBMISOS ALTERNATIVA DELS DEMOCRATES DESCONTENTS - EI-ADD,0,0,Ministerio del Interior / portal oficial de datos abiertos,PRIMARY_OFFICIAL
2008,2008-03-09,5 - Ávila,ESCONS INSUBMISOS-ALTERNATIVA DELS DEMOCRATES DESCONTENTS - Ei,0,0,Ministerio del Interior / portal oficial de datos abiertos,PRIMARY_OFFICIAL
2008,2008-03-09,5 - Ávila,ESPAÑA 2000 - E-2000,9,0,Ministerio del Interior / portal oficial de datos abiertos,PRIMARY_OFFICIAL
2008,2008-03-09,5 - Ávila,ESPAÑA-2000 - E-2000,0,0,Ministerio del Interior / portal oficial de datos abiertos,PRIMARY_OFFICIAL
2008,2008-03-09,5 - Ávila,ESQUERDA UNIDA-IZQUIERDA UNIDA-ALTERNATIVA - EU-IU,0,0,Ministerio del Interior / portal oficial de datos abiertos,PRIMARY_OFFICIAL
2008,2008-03-09,5 - Ávila,ESQUERRA REPUBLICANA DE CATALUNYA - ESQUERRA,0,0,Ministerio del Interior / portal oficial de datos abiertos,PRIMARY_OFFICIAL
2008,2008-03-09,5 - Ávila,ESQUERRA REPUBLICANA DE CATALUNYA - esquerra,0,0,Ministerio del Interior / portal oficial de datos abiertos,PRIMARY_OFFICIAL
2008,2008-03-09,5 - Ávila,ESQUERRA REPUBLICANA DEL PAIS VALENCIA-PAIS VALENCIA SI - ESQUERRA-PV,0,0,Ministerio del Interior / portal oficial de datos abiertos,PRIMARY_OFFICIAL
2008,2008-03-09,5 - Ávila,"ESQUERRA REPUBLICANA DEL PAIS VALENCIA-PAIS VALENCIA, SI - ESQUERRA-PV",0,0,Ministerio del Interior / portal oficial de datos abiertos,PRIMARY_OFFICIAL
2008,2008-03-09,5 - Ávila,ESQUERRA UNIDA - ELS VERDS - EU-EV,0,0,Ministerio del Interior / portal oficial de datos abiertos,PRIMARY_OFFICIAL
2008,2008-03-09,5 - Ávila,ESQUERRA UNIDA DEL PAIS VALENCIA-IZQUIERDA REPUBLICANA: ESQUERRA UNIDA I REPUBLICANA - EUPV-IR,0,0,Ministerio del Interior / portal oficial de datos abiertos,PRIMARY_OFFICIAL
2008,2008-03-09,5 - Ávila,ESQUERRA UNIDA DEL PAIS VALENCIA-IZQUIERDA REPUBLICANA:ESQUERRA UNIDA I REPUBLICANA - EUPV-IR,0,0,Ministerio del Interior / portal oficial de datos abiertos,PRIMARY_OFFICIAL
2008,2008-03-09,5 - Ávila,EUSKO ALKARTASUNA - EA,0,0,Ministerio del Interior / portal oficial de datos abiertos,PRIMARY_OFFICIAL
2008,2008-03-09,5 - Ávila,EUZKO ALDERDI JELTZALEA-PARTIDO NACIONALISTA VASCO - EAJ-PNV,0,0,Ministerio del Interior / portal oficial de datos abiertos,PRIMARY_OFFICIAL
2008,2008-03-09,5 - Ávila,EXTREMADURA UNIDA - EXTREMADURA UNIDA,0,0,Ministerio del Interior / portal oficial de datos abiertos,PRIMARY_OFFICIAL
2008,2008-03-09,5 - Ávila,EZKER BATUA-BERDEAK-ALTERNATIVA - EB-B,0,0,Ministerio del Interior / portal oficial de datos abiertos,PRIMARY_OFFICIAL
2008,2008-03-09,5 - Ávila,FALANGE AUTENTICA - F.A.,50,0,Ministerio del Interior / portal oficial de datos abiertos,PRIMARY_OFFICIAL
2008,2008-03-09,5 - Ávila,FALANGE AUTENTICA - FA,0,0,Ministerio del Interior / portal oficial de datos abiertos,PRIMARY_OFFICIAL
2008,2008-03-09,5 - Ávila,FALANGE ESPAÑOLA DE LA JONS - FE de las JONS,0,0,Ministerio del Interior / portal oficial de datos abiertos,PRIMARY_OFFICIAL
2008,2008-03-09,5 - Ávila,FALANGE ESPAÑOLA DE LAS J.O.N.S. - F.E. de las J.O.N.S.,0,0,Ministerio del Interior / portal oficial de datos abiertos,PRIMARY_OFFICIAL
2008,2008-03-09,5 - Ávila,FALANGE ESPAÑOLA DE LAS J.O.N.S. - FE de las JONS,76,0,Ministerio del Interior / portal oficial de datos abiertos,PRIMARY_OFFICIAL
2008,2008-03-09,5 - Ávila,FALANGE ESPAÑOLA DE LAS J.O.N.S. - FE-JONS,0,0,Ministerio del Interior / portal oficial de datos abiertos,PRIMARY_OFFICIAL
2008,2008-03-09,5 - Ávila,FALANGE ESPAÑOLA DE LAS JONS - F.E. de las J.O.N.S.,0,0,Ministerio del Interior / portal oficial de datos abiertos,PRIMARY_OFFICIAL
2008,2008-03-09,5 - Ávila,FALANGE ESPAÑOLA DE LAS JONS - FE DE LAS JONS,0,0,Ministerio del Interior / portal oficial de datos abiertos,PRIMARY_OFFICIAL
2008,2008-03-09,5 - Ávila,FALANGE ESPAÑOLA DE LAS JONS - FE de las JONS,0,0,Ministerio del Interior / portal oficial de datos abiertos,PRIMARY_OFFICIAL
2008,2008-03-09,5 - Ávila,FALANGE ESPAÑOLA DE LAS JONS - FE-JONS,0,0,Ministerio del Interior / portal oficial de datos abiertos,PRIMARY_OFFICIAL
2008,2008-03-09,5 - Ávila,FAMILIA I VIDA - PFiV,0,0,Ministerio del Interior / portal oficial de datos abiertos,PRIMARY_OFFICIAL
2008,2008-03-09,5 - Ávila,FAMILIA Y VIDA - PFyV,0,0,Ministerio del Interior / portal oficial de datos abiertos,PRIMARY_OFFICIAL
2008,2008-03-09,5 - Ávila,FRENTE ESPAÑOL - F.E,0,0,Ministerio del Interior / portal oficial de datos abiertos,PRIMARY_OFFICIAL
2008,2008-03-09,5 - Ávila,FRENTE ESPAÑOL - F.E.,0,0,Ministerio del Interior / portal oficial de datos abiertos,PRIMARY_OFFICIAL
2008,2008-03-09,5 - Ávila,FRENTE ESPAÑOL - FRENTE,14,0,Ministerio del Interior / portal oficial de datos abiertos,PRIMARY_OFFICIAL
2008,2008-03-09,5 - Ávila,GENTES DE EL BIERZO - PB-UB,0,0,Ministerio del Interior / portal oficial de datos abiertos,PRIMARY_OFFICIAL
2008,2008-03-09,5 - Ávila,IDENTITAT REGNE DE VALENCIA - IRV,0,0,Ministerio del Interior / portal oficial de datos abiertos,PRIMARY_OFFICIAL
2008,2008-03-09,5 - Ávila,INDEPENDIENTES POR CUENCA - ixC,0,0,Ministerio del Interior / portal oficial de datos abiertos,PRIMARY_OFFICIAL
2008,2008-03-09,5 - Ávila,INICIATIVA CIUDADANA BURGALESA - I.C.Bur,0,0,Ministerio del Interior / portal oficial de datos abiertos,PRIMARY_OFFICIAL
2008,2008-03-09,5 - Ávila,INICIATIVA MERINDADES DE CASTILLA - I.M.C.,0,0,Ministerio del Interior / portal oficial de datos abiertos,PRIMARY_OFFICIAL
2008,2008-03-09,5 - Ávila,INICIATIVA PER CATALUNYA VERDS - ESQUERRA UNIDA I ALTERNATIVA - ICV-EUiA,0,0,Ministerio del Interior / portal oficial de datos abiertos,PRIMARY_OFFICIAL
2008,2008-03-09,5 - Ávila,INICIATIVA PER CATALUNYA VERDS-ESQUERRA UNIDA I ALTERNATIVA - ICV-EUiA,0,0,Ministerio del Interior / portal oficial de datos abiertos,PRIMARY_OFFICIAL
2008,2008-03-09,5 - Ávila,IZQUIERDA REPUBLICANA - IR,0,0,Ministerio del Interior / portal oficial de datos abiertos,PRIMARY_OFFICIAL
2008,2008-03-09,5 - Ávila,IZQUIERDA REPUBLICANA-PARTIT REPUBLICA D'ESQUERRA - IR-PRE,0,0,Ministerio del Interior / portal oficial de datos abiertos,PRIMARY_OFFICIAL
2008,2008-03-09,5 - Ávila,IZQUIERDA UNIDA - BLOQUE POR ASTURIES - LOS VERDES - IU-B.A-LOS VERDES,0,0,Ministerio del Interior / portal oficial de datos abiertos,PRIMARY_OFFICIAL
2008,2008-03-09,5 - Ávila,IZQUIERDA UNIDA CANARIA-ALTERNATIVA - IUC,0,0,Ministerio del Interior / portal oficial de datos abiertos,PRIMARY_OFFICIAL
2008,2008-03-09,5 - Ávila,IZQUIERDA UNIDA COMUNIDAD DE MADRID-ALTERNATIVA - IU-CM.,0,0,Ministerio del Interior / portal oficial de datos abiertos,PRIMARY_OFFICIAL
2008,2008-03-09,5 - Ávila,IZQUIERDA UNIDA DE CEUTA - I.U.,0,0,Ministerio del Interior / portal oficial de datos abiertos,PRIMARY_OFFICIAL
2008,2008-03-09,5 - Ávila,IZQUIERDA UNIDA DE LA REGION DE MURCIA-ALTERNATIVA - I.U.R.M.,0,0,Ministerio del Interior / portal oficial de datos abiertos,PRIMARY_OFFICIAL
2008,2008-03-09,5 - Ávila,IZQUIERDA UNIDA DE NAVARRA - NAFARROAKO EZKER BATUA - ALTERNATIVA - IUN-NEB,0,0,Ministerio del Interior / portal oficial de datos abiertos,PRIMARY_OFFICIAL
2008,2008-03-09,5 - Ávila,IZQUIERDA UNIDA LOS VERDES CONVOCATORIA POR ANDALUCIA-ALTERNATIVA - IULV-CA,0,0,Ministerio del Interior / portal oficial de datos abiertos,PRIMARY_OFFICIAL
2008,2008-03-09,5 - Ávila,IZQUIERDA UNIDA LOS VERDES-CONVOCATORIA POR ANDALUCIA - ALTERNATIVA - IULV-CA,0,0,Ministerio del Interior / portal oficial de datos abiertos,PRIMARY_OFFICIAL
2008,2008-03-09,5 - Ávila,IZQUIERDA UNIDA LOS VERDES-CONVOCATORIA POR ANDALUCIA-ALTERNATIVA - IULV-CA,0,0,Ministerio del Interior / portal oficial de datos abiertos,PRIMARY_OFFICIAL
2008,2008-03-09,5 - Ávila,IZQUIERDA UNIDA-ALTERNATIVA - I.U.,2987,0,Ministerio del Interior / portal oficial de datos abiertos,PRIMARY_OFFICIAL
2008,2008-03-09,5 - Ávila,IZQUIERDA UNIDA-ALTERNATIVA - IU,0,0,Ministerio del Interior / portal oficial de datos abiertos,PRIMARY_OFFICIAL
2008,2008-03-09,5 - Ávila,LLUITA INTERNACIONALISTA - (LI(LIT-CI)),0,0,Ministerio del Interior / portal oficial de datos abiertos,PRIMARY_OFFICIAL
2008,2008-03-09,5 - Ávila,LLUITA INTERNACIONALISTA - L.I.(LIT-CI),0,0,Ministerio del Interior / portal oficial de datos abiertos,PRIMARY_OFFICIAL
2008,2008-03-09,5 - Ávila,LLUITA INTERNACIONALISTA - LI-LITCI,0,0,Ministerio del Interior / portal oficial de datos abiertos,PRIMARY_OFFICIAL
2008,2008-03-09,5 - Ávila,LOS VERDES - LOS VERDES,0,0,Ministerio del Interior / portal oficial de datos abiertos,PRIMARY_OFFICIAL
2008,2008-03-09,5 - Ávila,LOS VERDES - LV,0,0,Ministerio del Interior / portal oficial de datos abiertos,PRIMARY_OFFICIAL
2008,2008-03-09,5 - Ávila,LOS VERDES - VERDES,125,0,Ministerio del Interior / portal oficial de datos abiertos,PRIMARY_OFFICIAL
2008,2008-03-09,5 - Ávila,LOS VERDES COMUNIDAD DE MADRID-LOS VERDES DE EUROPA - LVCM-LVE,0,0,Ministerio del Interior / portal oficial de datos abiertos,PRIMARY_OFFICIAL
2008,2008-03-09,5 - Ávila,LOS VERDES DE EUROPA - LOS VERDES DE EUROPA,0,0,Ministerio del Interior / portal oficial de datos abiertos,PRIMARY_OFFICIAL
2008,2008-03-09,5 - Ávila,LOS VERDES DE EUROPA - LVE,97,0,Ministerio del Interior / portal oficial de datos abiertos,PRIMARY_OFFICIAL
2008,2008-03-09,5 - Ávila,LOS VERDES DE EXTREMADURA - LV,0,0,Ministerio del Interior / portal oficial de datos abiertos,PRIMARY_OFFICIAL
2008,2008-03-09,5 - Ávila,LOS VERDES-ELS VERDS - LV-EV,0,0,Ministerio del Interior / portal oficial de datos abiertos,PRIMARY_OFFICIAL
2008,2008-03-09,5 - Ávila,LOS VERDES-GRUPO VERDE - L.V.,0,0,Ministerio del Interior / portal oficial de datos abiertos,PRIMARY_OFFICIAL
2008,2008-03-09,5 - Ávila,LOS VERDES-GRUPO VERDE - LV,0,0,Ministerio del Interior / portal oficial de datos abiertos,PRIMARY_OFFICIAL
2008,2008-03-09,5 - Ávila,LOS VERDES-GRUPO VERDE - LV-GV,134,0,Ministerio del Interior / portal oficial de datos abiertos,PRIMARY_OFFICIAL
2008,2008-03-09,5 - Ávila,LUCHA INTERNACIONALISTA - LI-LITCI,0,0,Ministerio del Interior / portal oficial de datos abiertos,PRIMARY_OFFICIAL
2008,2008-03-09,5 - Ávila,MOVIMIENTO FALANGISTA DE ESPAÑA - M.F.E.,0,0,Ministerio del Interior / portal oficial de datos abiertos,PRIMARY_OFFICIAL
2008,2008-03-09,5 - Ávila,MOVIMIENTO POR LA UNIDAD DEL PUEBLO CANARIO - MUPC,0,0,Ministerio del Interior / portal oficial de datos abiertos,PRIMARY_OFFICIAL
2008,2008-03-09,5 - Ávila,NAFARROA BAI - NA-BAI,0,0,Ministerio del Interior / portal oficial de datos abiertos,PRIMARY_OFFICIAL
2008,2008-03-09,5 - Ávila,NOSALTRES SOM - N som,0,0,Ministerio del Interior / portal oficial de datos abiertos,PRIMARY_OFFICIAL
2008,2008-03-09,5 - Ávila,NUEVA CANARIAS-CENTRO CANARIO - NC-CCN,0,0,Ministerio del Interior / portal oficial de datos abiertos,PRIMARY_OFFICIAL
2008,2008-03-09,5 - Ávila,OPCIO NACIONALISTA VALENCIANA - O.N.V.,0,0,Ministerio del Interior / portal oficial de datos abiertos,PRIMARY_OFFICIAL
2008,2008-03-09,5 - Ávila,OPCIO NACIONALISTA VALENCIANA - ONV,0,0,Ministerio del Interior / portal oficial de datos abiertos,PRIMARY_OFFICIAL
2008,2008-03-09,5 - Ávila,OS VERDES - GRUPO VERDE - OV,0,0,Ministerio del Interior / portal oficial de datos abiertos,PRIMARY_OFFICIAL
2008,2008-03-09,5 - Ávila,PARTIDO ALTERNATIVA MOTOR Y DEPORTES - A.M.D.,0,0,Ministerio del Interior / portal oficial de datos abiertos,PRIMARY_OFFICIAL
2008,2008-03-09,5 - Ávila,PARTIDO ANTITAURINO CONTRA EL MALTRATO ANIMAL - P.A.C.M.A,0,0,Ministerio del Interior / portal oficial de datos abiertos,PRIMARY_OFFICIAL
2008,2008-03-09,5 - Ávila,PARTIDO ANTITAURINO CONTRA EL MALTRATO ANIMAL - P.A.C.M.A.,0,0,Ministerio del Interior / portal oficial de datos abiertos,PRIMARY_OFFICIAL
2008,2008-03-09,5 - Ávila,PARTIDO ANTITAURINO CONTRA EL MALTRATO ANIMAL - PACMA,94,0,Ministerio del Interior / portal oficial de datos abiertos,PRIMARY_OFFICIAL
2008,2008-03-09,5 - Ávila,PARTIDO ARAGONES - PAR,0,0,Ministerio del Interior / portal oficial de datos abiertos,PRIMARY_OFFICIAL
2008,2008-03-09,5 - Ávila,PARTIDO CARLISTA - P.C.,0,0,Ministerio del Interior / portal oficial de datos abiertos,PRIMARY_OFFICIAL
2008,2008-03-09,5 - Ávila,PARTIDO CARLISTA - PARTIDO CARLISTA,0,0,Ministerio del Interior / portal oficial de datos abiertos,PRIMARY_OFFICIAL
2008,2008-03-09,5 - Ávila,PARTIDO CARLISTA - PC,0,0,Ministerio del Interior / portal oficial de datos abiertos,PRIMARY_OFFICIAL
2008,2008-03-09,5 - Ávila,PARTIDO CARLISTA DE EUSKALERRIA-PARTIDO CARLISTA - EKA-PC.,0,0,Ministerio del Interior / portal oficial de datos abiertos,PRIMARY_OFFICIAL
2008,2008-03-09,5 - Ávila,PARTIDO CARLISTA DE EUSKALHERRIA-EUSKALHERRIKO KARLISTA ALDERDIA - PARTIDO CARLISTA-EKA,0,0,Ministerio del Interior / portal oficial de datos abiertos,PRIMARY_OFFICIAL
2008,2008-03-09,5 - Ávila,PARTIDO CENTRISTA - PCTR,0,0,Ministerio del Interior / portal oficial de datos abiertos,PRIMARY_OFFICIAL
2008,2008-03-09,5 - Ávila,PARTIDO CENTRISTAS - Centristas PCTR,0,0,Ministerio del Interior / portal oficial de datos abiertos,PRIMARY_OFFICIAL
2008,2008-03-09,5 - Ávila,PARTIDO CENTRISTAS - PCTR,0,0,Ministerio del Interior / portal oficial de datos abiertos,PRIMARY_OFFICIAL
2008,2008-03-09,5 - Ávila,PARTIDO CIUDADANOS UNIDOS DE ARAGON - pCUA,0,0,Ministerio del Interior / portal oficial de datos abiertos,PRIMARY_OFFICIAL
2008,2008-03-09,5 - Ávila,PARTIDO COMUNISTA DE LOS PUEBLOS DE ESPAÑA - P.C.P.E.,0,0,Ministerio del Interior / portal oficial de datos abiertos,PRIMARY_OFFICIAL
2008,2008-03-09,5 - Ávila,PARTIDO COMUNISTA DE LOS PUEBLOS DE ESPAÑA - P.C.P.E.-E.K.,0,0,Ministerio del Interior / portal oficial de datos abiertos,PRIMARY_OFFICIAL
2008,2008-03-09,5 - Ávila,PARTIDO COMUNISTA DE LOS PUEBLOS DE ESPAÑA - PCPE,0,0,Ministerio del Interior / portal oficial de datos abiertos,PRIMARY_OFFICIAL
2008,2008-03-09,5 - Ávila,PARTIDO COMUNISTA DE LOS PUEBLOS DE ESPAÑA-EUSKAL KOMUNISTAK - PCPE - EK,0,0,Ministerio del Interior / portal oficial de datos abiertos,PRIMARY_OFFICIAL
2008,2008-03-09,5 - Ávila,PARTIDO COMUNISTA DEL PUEBLO CANARIO - PCPE,0,0,Ministerio del Interior / portal oficial de datos abiertos,PRIMARY_OFFICIAL
2008,2008-03-09,5 - Ávila,PARTIDO COMUNISTA DEL PUEBLO CASTELLANO - PCPE,74,0,Ministerio del Interior / portal oficial de datos abiertos,PRIMARY_OFFICIAL
2008,2008-03-09,5 - Ávila,PARTIDO COMUNISTA DEL PUEBLO CASTELLANO-PCPE - PCPE,0,0,Ministerio del Interior / portal oficial de datos abiertos,PRIMARY_OFFICIAL
2008,2008-03-09,5 - Ávila,PARTIDO COMUNISTA DEL PUEBLO DE CATALUNYA - PCPC,0,0,Ministerio del Interior / portal oficial de datos abiertos,PRIMARY_OFFICIAL
2008,2008-03-09,5 - Ávila,PARTIDO COMUNISTA DEL PUEBLO DE CATALUÑA - PCPC,0,0,Ministerio del Interior / portal oficial de datos abiertos,PRIMARY_OFFICIAL
2008,2008-03-09,5 - Ávila,PARTIDO COMUNISTA DO POBO GALEGO - PCPG,0,0,Ministerio del Interior / portal oficial de datos abiertos,PRIMARY_OFFICIAL
2008,2008-03-09,5 - Ávila,PARTIDO COMUNISTA DO POVO GALEGO - P.C.P.G.,0,0,Ministerio del Interior / portal oficial de datos abiertos,PRIMARY_OFFICIAL
2008,2008-03-09,5 - Ávila,PARTIDO COMUNISTA PUEBLOS DE ESPAÑA - PCPE,0,0,Ministerio del Interior / portal oficial de datos abiertos,PRIMARY_OFFICIAL
2008,2008-03-09,5 - Ávila,PARTIDO DE ALIANZA IBEROAMERICANA EUROPEA - PAIE,0,0,Ministerio del Interior / portal oficial de datos abiertos,PRIMARY_OFFICIAL
2008,2008-03-09,5 - Ávila,PARTIDO DE ALMERIA - PdeAL,0,0,Ministerio del Interior / portal oficial de datos abiertos,PRIMARY_OFFICIAL
2008,2008-03-09,5 - Ávila,PARTIDO DE LAS LIBERTADES CIVILES - PLCI,0,0,Ministerio del Interior / portal oficial de datos abiertos,PRIMARY_OFFICIAL
2008,2008-03-09,5 - Ávila,PARTIDO DE LOS NO-FUMADORES - PNF (NO-FUMADORES),0,0,Ministerio del Interior / portal oficial de datos abiertos,PRIMARY_OFFICIAL
2008,2008-03-09,5 - Ávila,PARTIDO DE LOS PENSIONISTAS EN ACCION - PDLPEA,0,0,Ministerio del Interior / portal oficial de datos abiertos,PRIMARY_OFFICIAL
2008,2008-03-09,5 - Ávila,PARTIDO DOS SOCIALISTAS DE GALICIA-PARTIDO SOCIALISTA OBRERO ESPAÑOL - PSdeG-PSOE,0,0,Ministerio del Interior / portal oficial de datos abiertos,PRIMARY_OFFICIAL
2008,2008-03-09,5 - Ávila,PARTIDO DOS SOCIALISTAS DE GALICIA-PSOE - PSdeG-PSOE,0,0,Ministerio del Interior / portal oficial de datos abiertos,PRIMARY_OFFICIAL
2008,2008-03-09,5 - Ávila,PARTIDO FAMILIA Y VIDA - PFyV,32,0,Ministerio del Interior / portal oficial de datos abiertos,PRIMARY_OFFICIAL
2008,2008-03-09,5 - Ávila,PARTIDO HACHE - PHache,0,0,Ministerio del Interior / portal oficial de datos abiertos,PRIMARY_OFFICIAL
2008,2008-03-09,5 - Ávila,PARTIDO HUMANISTA - P.H.,0,0,Ministerio del Interior / portal oficial de datos abiertos,PRIMARY_OFFICIAL
2008,2008-03-09,5 - Ávila,PARTIDO HUMANISTA - PH,52,0,Ministerio del Interior / portal oficial de datos abiertos,PRIMARY_OFFICIAL
2008,2008-03-09,5 - Ávila,PARTIDO IZQUIERDA REPUBLICANA-PARTIT REPUBLICA D'ESQUERRA - IR-PRE,0,0,Ministerio del Interior / portal oficial de datos abiertos,PRIMARY_OFFICIAL
2008,2008-03-09,5 - Ávila,PARTIDO LIBERAL DEL EMPLEO Y LA VIVIENDA ESTATAL - P.L.E.V.E.,0,0,Ministerio del Interior / portal oficial de datos abiertos,PRIMARY_OFFICIAL
2008,2008-03-09,5 - Ávila,PARTIDO LIBERTADES CIVILES - PLCI,0,0,Ministerio del Interior / portal oficial de datos abiertos,PRIMARY_OFFICIAL
2008,2008-03-09,5 - Ávila,PARTIDO OBRERO SOCIALISTA INTERNACIONALISTA - P.O.S.I.,0,0,Ministerio del Interior / portal oficial de datos abiertos,PRIMARY_OFFICIAL
2008,2008-03-09,5 - Ávila,PARTIDO OBRERO SOCIALISTA INTERNACIONALISTA - POSI,0,0,Ministerio del Interior / portal oficial de datos abiertos,PRIMARY_OFFICIAL
2008,2008-03-09,5 - Ávila,PARTIDO POLITICO ARALAR - aralar,0,0,Ministerio del Interior / portal oficial de datos abiertos,PRIMARY_OFFICIAL
2008,2008-03-09,5 - Ávila,PARTIDO POPULAR - P.P.,67274,2,Ministerio del Interior / portal oficial de datos abiertos,PRIMARY_OFFICIAL
2008,2008-03-09,5 - Ávila,PARTIDO POPULAR - PP,0,0,Ministerio del Interior / portal oficial de datos abiertos,PRIMARY_OFFICIAL
2008,2008-03-09,5 - Ávila,PARTIDO POPULAR/PARTIT POPULAR - PP,0,0,Ministerio del Interior / portal oficial de datos abiertos,PRIMARY_OFFICIAL
2008,2008-03-09,5 - Ávila,PARTIDO POR UN MUNDO MAS JUSTO - PUM+J,0,0,Ministerio del Interior / portal oficial de datos abiertos,PRIMARY_OFFICIAL
2008,2008-03-09,5 - Ávila,PARTIDO POSITIVISTA CRISTIANO - PPCr,0,0,Ministerio del Interior / portal oficial de datos abiertos,PRIMARY_OFFICIAL
2008,2008-03-09,5 - Ávila,PARTIDO REGIONALISTA DE GUADALAJARA - P.R.GU.,0,0,Ministerio del Interior / portal oficial de datos abiertos,PRIMARY_OFFICIAL
2008,2008-03-09,5 - Ávila,PARTIDO REGIONALISTA DEL PAIS LEONES - PREPAL,0,0,Ministerio del Interior / portal oficial de datos abiertos,PRIMARY_OFFICIAL
2008,2008-03-09,5 - Ávila,PARTIDO RIOJANO - PARTIDO RIOJANO,0,0,Ministerio del Interior / portal oficial de datos abiertos,PRIMARY_OFFICIAL
2008,2008-03-09,5 - Ávila,PARTIDO SOCIAL DEMOCRATA - P.S.D.,0,0,Ministerio del Interior / portal oficial de datos abiertos,PRIMARY_OFFICIAL
2008,2008-03-09,5 - Ávila,PARTIDO SOCIAL DEMOCRATA - PSD,110,0,Ministerio del Interior / portal oficial de datos abiertos,PRIMARY_OFFICIAL
2008,2008-03-09,5 - Ávila,PARTIDO SOCIAL DEMOCRATA-FEDERACION DE LOS INDEPENDIENTES DE ARAGON - PSD-FIA,0,0,Ministerio del Interior / portal oficial de datos abiertos,PRIMARY_OFFICIAL
2008,2008-03-09,5 - Ávila,PARTIDO SOCIALISTA DE EUSKADI-EUSKADIKO EZKERRA (PSOE) - PSE-EE (PSOE),0,0,Ministerio del Interior / portal oficial de datos abiertos,PRIMARY_OFFICIAL
2008,2008-03-09,5 - Ávila,PARTIDO SOCIALISTA DE EUSKADI-EUSKADIKO EZKERRA - PSE-EE (PSOE),0,0,Ministerio del Interior / portal oficial de datos abiertos,PRIMARY_OFFICIAL
2008,2008-03-09,5 - Ávila,PARTIDO SOCIALISTA OBRERO ESPAÑOL - P.S.O.E.,0,0,Ministerio del Interior / portal oficial de datos abiertos,PRIMARY_OFFICIAL
2008,2008-03-09,5 - Ávila,PARTIDO SOCIALISTA OBRERO ESPAÑOL - PSOE,40249,1,Ministerio del Interior / portal oficial de datos abiertos,PRIMARY_OFFICIAL
2008,2008-03-09,5 - Ávila,PARTIDO SOCIALISTA OBRERO ESPAÑOL DE ANDALUCIA - PSOE-A,0,0,Ministerio del Interior / portal oficial de datos abiertos,PRIMARY_OFFICIAL
2008,2008-03-09,5 - Ávila,PARTIDO SOLIDARIDAD Y AUTOGESTION INTERNACIONALISTA - SAIN,0,0,Ministerio del Interior / portal oficial de datos abiertos,PRIMARY_OFFICIAL
2008,2008-03-09,5 - Ávila,PARTIDO UNIONISTA ESTADO DE ESPAÑA - P.U.E.D.E.,0,0,Ministerio del Interior / portal oficial de datos abiertos,PRIMARY_OFFICIAL
2008,2008-03-09,5 - Ávila,PARTIDO UNIONISTA ESTADO DE ESPAÑA - PUEDE,0,0,Ministerio del Interior / portal oficial de datos abiertos,PRIMARY_OFFICIAL
2008,2008-03-09,5 - Ávila,PARTIT ANTITAURI CONTRA EL MALTRACTAMENT ANIMAL - P.A.C.M.A.,0,0,Ministerio del Interior / portal oficial de datos abiertos,PRIMARY_OFFICIAL
2008,2008-03-09,5 - Ávila,PARTIT ANTITAURI CONTRA EL MALTRACTAMENT ANIMAL - PACMA,0,0,Ministerio del Interior / portal oficial de datos abiertos,PRIMARY_OFFICIAL
2008,2008-03-09,5 - Ávila,PARTIT CARLI DE CATALUNYA - P. C. de C.,0,0,Ministerio del Interior / portal oficial de datos abiertos,PRIMARY_OFFICIAL
2008,2008-03-09,5 - Ávila,PARTIT CARLI DE CATALUNYA - PCaC,0,0,Ministerio del Interior / portal oficial de datos abiertos,PRIMARY_OFFICIAL
2008,2008-03-09,5 - Ávila,PARTIT COMUNISTA DEL POBLE DE CATALUNYA - P.C.P.C.,0,0,Ministerio del Interior / portal oficial de datos abiertos,PRIMARY_OFFICIAL
2008,2008-03-09,5 - Ávila,PARTIT COMUNISTA DELS POBLES D'ESPANYA - PCPE,0,0,Ministerio del Interior / portal oficial de datos abiertos,PRIMARY_OFFICIAL
2008,2008-03-09,5 - Ávila,PARTIT DELS SOCIALISTES DE CATALUNYA - PSC (PSC-PSOE),0,0,Ministerio del Interior / portal oficial de datos abiertos,PRIMARY_OFFICIAL
2008,2008-03-09,5 - Ávila,PARTIT DELS SOCIALISTES DE CATALUNYA - PSC-PSOE,0,0,Ministerio del Interior / portal oficial de datos abiertos,PRIMARY_OFFICIAL
2008,2008-03-09,5 - Ávila,PARTIT FAMILIA I VIDA - PFiV,0,0,Ministerio del Interior / portal oficial de datos abiertos,PRIMARY_OFFICIAL
2008,2008-03-09,5 - Ávila,PARTIT HUMANISTA - P.H.,0,0,Ministerio del Interior / portal oficial de datos abiertos,PRIMARY_OFFICIAL
2008,2008-03-09,5 - Ávila,PARTIT HUMANISTA - PH,0,0,Ministerio del Interior / portal oficial de datos abiertos,PRIMARY_OFFICIAL
2008,2008-03-09,5 - Ávila,PARTIT HUMANISTA DE CATALUNYA - PH,0,0,Ministerio del Interior / portal oficial de datos abiertos,PRIMARY_OFFICIAL
2008,2008-03-09,5 - Ávila,PARTIT ILLENC DE SES ILLES BALEARS - PIIB,0,0,Ministerio del Interior / portal oficial de datos abiertos,PRIMARY_OFFICIAL
2008,2008-03-09,5 - Ávila,PARTIT OBRER SOCIALISTA INTERNACIONALISTA - P.O.S.I.,0,0,Ministerio del Interior / portal oficial de datos abiertos,PRIMARY_OFFICIAL
2008,2008-03-09,5 - Ávila,PARTIT OBRER SOCIALISTA INTERNACIONALISTA - POSI,0,0,Ministerio del Interior / portal oficial de datos abiertos,PRIMARY_OFFICIAL
2008,2008-03-09,5 - Ávila,PARTIT PER CATALUNYA - PxCat,0,0,Ministerio del Interior / portal oficial de datos abiertos,PRIMARY_OFFICIAL
2008,2008-03-09,5 - Ávila,PARTIT POPULAR/PARTIDO POPULAR - P.P.,0,0,Ministerio del Interior / portal oficial de datos abiertos,PRIMARY_OFFICIAL
2008,2008-03-09,5 - Ávila,PARTIT REPUBLICA CATALA - RC,0,0,Ministerio del Interior / portal oficial de datos abiertos,PRIMARY_OFFICIAL
2008,2008-03-09,5 - Ávila,PER LA REPUBLICA VALENCIANA - PLRV,0,0,Ministerio del Interior / portal oficial de datos abiertos,PRIMARY_OFFICIAL
2008,2008-03-09,5 - Ávila,PER LA REPUBLICA VALENCIANA - plRV,0,0,Ministerio del Interior / portal oficial de datos abiertos,PRIMARY_OFFICIAL
2008,2008-03-09,5 - Ávila,POR UN MUNDO MAS JUSTO - PUM+J,86,0,Ministerio del Interior / portal oficial de datos abiertos,PRIMARY_OFFICIAL
2008,2008-03-09,5 - Ávila,REPRESENTACION CANNABICA NAVARRA - RCN-NOK,0,0,Ministerio del Interior / portal oficial de datos abiertos,PRIMARY_OFFICIAL
2008,2008-03-09,5 - Ávila,SOLIDARIDAD Y AUTOGESTION INTERNACIONALISTA - SAIN,0,0,Ministerio del Interior / portal oficial de datos abiertos,PRIMARY_OFFICIAL
2008,2008-03-09,5 - Ávila,SOLIDARIDAD Y AUTOGESTION INTERNACIONALISTA - SAIn,0,0,Ministerio del Interior / portal oficial de datos abiertos,PRIMARY_OFFICIAL
2008,2008-03-09,5 - Ávila,TIERRA COMUNERA - TC,194,0,Ministerio del Interior / portal oficial de datos abiertos,PRIMARY_OFFICIAL
2008,2008-03-09,5 - Ávila,UNIDA - UNIDA,0,0,Ministerio del Interior / portal oficial de datos abiertos,PRIMARY_OFFICIAL
2008,2008-03-09,5 - Ávila,UNIDAD CASTELLANA - Ud. Ca.,0,0,Ministerio del Interior / portal oficial de datos abiertos,PRIMARY_OFFICIAL
2008,2008-03-09,5 - Ávila,UNIDAD DEL PUEBLO - UNIDAD DEL PUEBLO,0,0,Ministerio del Interior / portal oficial de datos abiertos,PRIMARY_OFFICIAL
2008,2008-03-09,5 - Ávila,UNIDAD REGIONALISTA DE CASTILLA Y LEON - U.R.C.L.,0,0,Ministerio del Interior / portal oficial de datos abiertos,PRIMARY_OFFICIAL
2008,2008-03-09,5 - Ávila,UNION CENTRISTA LIBERAL - UCL,0,0,Ministerio del Interior / portal oficial de datos abiertos,PRIMARY_OFFICIAL
2008,2008-03-09,5 - Ávila,UNION CIUDADANA PROGRESISTAS INDEPENDIENTES DE CANARIAS - UCPIC,0,0,Ministerio del Interior / portal oficial de datos abiertos,PRIMARY_OFFICIAL
2008,2008-03-09,5 - Ávila,UNION DEL PUEBLO LEONES - UPL,0,0,Ministerio del Interior / portal oficial de datos abiertos,PRIMARY_OFFICIAL
2008,2008-03-09,5 - Ávila,UNION DEL PUEBLO NAVARRO EN COALICION CON EL PARTIDO POPULAR - UPN-PP,0,0,Ministerio del Interior / portal oficial de datos abiertos,PRIMARY_OFFICIAL
2008,2008-03-09,5 - Ávila,UNION POR LEGANES - ULEG,0,0,Ministerio del Interior / portal oficial de datos abiertos,PRIMARY_OFFICIAL
2008,2008-03-09,5 - Ávila,UNION PROGRESO Y DEMOCRACIA - UPD,0,0,Ministerio del Interior / portal oficial de datos abiertos,PRIMARY_OFFICIAL
2008,2008-03-09,5 - Ávila,UNION PROGRESO Y DEMOCRACIA - UPyD,1628,0,Ministerio del Interior / portal oficial de datos abiertos,PRIMARY_OFFICIAL
2008,2008-03-09,5 - Ávila,"UNION, PROGRESO Y DEMOCRACIA - UPyD",0,0,Ministerio del Interior / portal oficial de datos abiertos,PRIMARY_OFFICIAL
2008,2008-03-09,5 - Ávila,UNITAT PER LES ILLES - UNITAT PER LES ILLES,0,0,Ministerio del Interior / portal oficial de datos abiertos,PRIMARY_OFFICIAL
2008,2008-03-09,50 - Zaragoza,AGRUPACION CIUDADANA - AGRUCI,0,0,Ministerio del Interior / portal oficial de datos abiertos,PRIMARY_OFFICIAL
2008,2008-03-09,50 - Zaragoza,ALIANZA NACIONAL - A.u.N.,0,0,Ministerio del Interior / portal oficial de datos abiertos,PRIMARY_OFFICIAL
2008,2008-03-09,50 - Zaragoza,ALIANZA NACIONAL - AN,0,0,Ministerio del Interior / portal oficial de datos abiertos,PRIMARY_OFFICIAL
2008,2008-03-09,50 - Zaragoza,ALIANZA NACIONAL - AUN,0,0,Ministerio del Interior / portal oficial de datos abiertos,PRIMARY_OFFICIAL
2008,2008-03-09,50 - Zaragoza,ALIANZA NACIONAL - AuN,133,0,Ministerio del Interior / portal oficial de datos abiertos,PRIMARY_OFFICIAL
2008,2008-03-09,50 - Zaragoza,ALIANZA POR BURGOS - AxB,0,0,Ministerio del Interior / portal oficial de datos abiertos,PRIMARY_OFFICIAL
2008,2008-03-09,50 - Zaragoza,ALIANÇA BALEAR - ABA,0,0,Ministerio del Interior / portal oficial de datos abiertos,PRIMARY_OFFICIAL
2008,2008-03-09,50 - Zaragoza,ALTERNATIVA EN BLANCO - ABLA,0,0,Ministerio del Interior / portal oficial de datos abiertos,PRIMARY_OFFICIAL
2008,2008-03-09,50 - Zaragoza,ALTERNATIVA EN BLANCO - aBla,0,0,Ministerio del Interior / portal oficial de datos abiertos,PRIMARY_OFFICIAL
2008,2008-03-09,50 - Zaragoza,ALTERNATIVA ESPAÑOLA - AES,76,0,Ministerio del Interior / portal oficial de datos abiertos,PRIMARY_OFFICIAL
2008,2008-03-09,50 - Zaragoza,ALTERNATIVA MOTOR Y DEPORTE - A.M.D.,0,0,Ministerio del Interior / portal oficial de datos abiertos,PRIMARY_OFFICIAL
2008,2008-03-09,50 - Zaragoza,ALTERNATIVA MOTOR Y DEPORTES - A.M.D.,0,0,Ministerio del Interior / portal oficial de datos abiertos,PRIMARY_OFFICIAL
2008,2008-03-09,50 - Zaragoza,ALTERNATIVA MOTOR Y DEPORTES - AMD,0,0,Ministerio del Interior / portal oficial de datos abiertos,PRIMARY_OFFICIAL
2008,2008-03-09,50 - Zaragoza,ALTERNATIVA NACIONALISTA CANARIA - ANC,0,0,Ministerio del Interior / portal oficial de datos abiertos,PRIMARY_OFFICIAL
2008,2008-03-09,50 - Zaragoza,ANDECHA ASTUR - AA,0,0,Ministerio del Interior / portal oficial de datos abiertos,PRIMARY_OFFICIAL
2008,2008-03-09,50 - Zaragoza,ARALAR - aralar,0,0,Ministerio del Interior / portal oficial de datos abiertos,PRIMARY_OFFICIAL
2008,2008-03-09,50 - Zaragoza,ASAMBLEA DE VOTACION ELECTRONICA - AVE,0,0,Ministerio del Interior / portal oficial de datos abiertos,PRIMARY_OFFICIAL
2008,2008-03-09,50 - Zaragoza,BERDEAK-LOS VERDES - B-LV,0,0,Ministerio del Interior / portal oficial de datos abiertos,PRIMARY_OFFICIAL
2008,2008-03-09,50 - Zaragoza,BLOC-INICIATIVA-VERDS - BLOC-IDPV-EV-EE,0,0,Ministerio del Interior / portal oficial de datos abiertos,PRIMARY_OFFICIAL
2008,2008-03-09,50 - Zaragoza,BLOC-INICIATIVA-VERDS - BLOC-IdPV-EV-EE,0,0,Ministerio del Interior / portal oficial de datos abiertos,PRIMARY_OFFICIAL
2008,2008-03-09,50 - Zaragoza,BLOQUE NACIONALISTA GALEGO - B.N.G.,0,0,Ministerio del Interior / portal oficial de datos abiertos,PRIMARY_OFFICIAL
2008,2008-03-09,50 - Zaragoza,BLOQUE NACIONALISTA GALEGO - BNG,0,0,Ministerio del Interior / portal oficial de datos abiertos,PRIMARY_OFFICIAL
2008,2008-03-09,50 - Zaragoza,CENTRO DEMOCRATICO ESPAÑOL - C.D.Es.,0,0,Ministerio del Interior / portal oficial de datos abiertos,PRIMARY_OFFICIAL
2008,2008-03-09,50 - Zaragoza,CENTRO DEMOCRATICO ESPAÑOL - CDEs,0,0,Ministerio del Interior / portal oficial de datos abiertos,PRIMARY_OFFICIAL
2008,2008-03-09,50 - Zaragoza,CENTRO DEMOCRATICO LIBERAL - C.D.L.,0,0,Ministerio del Interior / portal oficial de datos abiertos,PRIMARY_OFFICIAL
2008,2008-03-09,50 - Zaragoza,CENTRO DEMOCRATICO LIBERAL - CDL,0,0,Ministerio del Interior / portal oficial de datos abiertos,PRIMARY_OFFICIAL
2008,2008-03-09,50 - Zaragoza,CENTRO DEMOCRATICO SOCIAL - C.D.S.,0,0,Ministerio del Interior / portal oficial de datos abiertos,PRIMARY_OFFICIAL
2008,2008-03-09,50 - Zaragoza,CENTRO DEMOCRATICO Y SOCIAL - CDS,0,0,Ministerio del Interior / portal oficial de datos abiertos,PRIMARY_OFFICIAL
2008,2008-03-09,50 - Zaragoza,CHUNTA ARAGONESISTA - CHA,32281,0,Ministerio del Interior / portal oficial de datos abiertos,PRIMARY_OFFICIAL
2008,2008-03-09,50 - Zaragoza,CIUDADANOS EN BLANCO - CENB,0,0,Ministerio del Interior / portal oficial de datos abiertos,PRIMARY_OFFICIAL
2008,2008-03-09,50 - Zaragoza,CIUDADANOS EN BLANCO - CNB,0,0,Ministerio del Interior / portal oficial de datos abiertos,PRIMARY_OFFICIAL
2008,2008-03-09,50 - Zaragoza,CIUDADANOS EN BLANCO - CenB,0,0,Ministerio del Interior / portal oficial de datos abiertos,PRIMARY_OFFICIAL
2008,2008-03-09,50 - Zaragoza,CIUDADANOS EN BLANCO - Cenb,376,0,Ministerio del Interior / portal oficial de datos abiertos,PRIMARY_OFFICIAL
2008,2008-03-09,50 - Zaragoza,CIUDADANOS PARTIDO DE LA CIUDADANIA - C's,0,0,Ministerio del Interior / portal oficial de datos abiertos,PRIMARY_OFFICIAL
2008,2008-03-09,50 - Zaragoza,CIUDADANOS-PARTIDO DE LA CIUDADANIA - C's,755,0,Ministerio del Interior / portal oficial de datos abiertos,PRIMARY_OFFICIAL
2008,2008-03-09,50 - Zaragoza,"CIUDADANOS-PARTIDO DE LA CIUDADANIA - C,S",0,0,Ministerio del Interior / portal oficial de datos abiertos,PRIMARY_OFFICIAL
2008,2008-03-09,50 - Zaragoza,CIUTADANS-PARTIDO DE LA CIUDADANIA - C's,0,0,Ministerio del Interior / portal oficial de datos abiertos,PRIMARY_OFFICIAL
2008,2008-03-09,50 - Zaragoza,COALICIO TREBALLADORS PER LA DEMOCRACIA - TD,0,0,Ministerio del Interior / portal oficial de datos abiertos,PRIMARY_OFFICIAL
2008,2008-03-09,50 - Zaragoza,COALICIO VALENCIANA - CVa,0,0,Ministerio del Interior / portal oficial de datos abiertos,PRIMARY_OFFICIAL
2008,2008-03-09,50 - Zaragoza,COALICION ANDALUCISTA - CA,0,0,Ministerio del Interior / portal oficial de datos abiertos,PRIMARY_OFFICIAL
2008,2008-03-09,50 - Zaragoza,COALICION CANARIA-PARTIDO NACIONALISTA CANARIO - CC-PNC,0,0,Ministerio del Interior / portal oficial de datos abiertos,PRIMARY_OFFICIAL
2008,2008-03-09,50 - Zaragoza,COALICION CANARIA-PARTIDO NACIONALISTA CANARIO-PARTIDO DE INDEPENDIENTES DE LANZAROTE - CC-PNC-PIL,0,0,Ministerio del Interior / portal oficial de datos abiertos,PRIMARY_OFFICIAL
2008,2008-03-09,50 - Zaragoza,COMUNION TRADICIONALISTA CARLISTA - C.T.C.,0,0,Ministerio del Interior / portal oficial de datos abiertos,PRIMARY_OFFICIAL
2008,2008-03-09,50 - Zaragoza,COMUNION TRADICIONALISTA CARLISTA - CTC,0,0,Ministerio del Interior / portal oficial de datos abiertos,PRIMARY_OFFICIAL
2008,2008-03-09,50 - Zaragoza,CONVERGENCIA DEMOCRATICA ASTURIANA - CDAS,0,0,Ministerio del Interior / portal oficial de datos abiertos,PRIMARY_OFFICIAL
2008,2008-03-09,50 - Zaragoza,CONVERGENCIA I UNIO - CIU,0,0,Ministerio del Interior / portal oficial de datos abiertos,PRIMARY_OFFICIAL
2008,2008-03-09,50 - Zaragoza,CONVERGENCIA I UNIO - CiU,0,0,Ministerio del Interior / portal oficial de datos abiertos,PRIMARY_OFFICIAL
2008,2008-03-09,50 - Zaragoza,DEMOCRACIA NACIONAL - D.N.,0,0,Ministerio del Interior / portal oficial de datos abiertos,PRIMARY_OFFICIAL
2008,2008-03-09,50 - Zaragoza,DEMOCRACIA NACIONAL - DN,323,0,Ministerio del Interior / portal oficial de datos abiertos,PRIMARY_OFFICIAL
2008,2008-03-09,50 - Zaragoza,EI ESCONS INSUBMISOS-ALTERNATIVA DELS DEMOCRATES DESCONTENTS - Ei,0,0,Ministerio del Interior / portal oficial de datos abiertos,PRIMARY_OFFICIAL
2008,2008-03-09,50 - Zaragoza,ELS VERDS - L'ALTERNATIVA ECOLOGISTA - EV-AE,0,0,Ministerio del Interior / portal oficial de datos abiertos,PRIMARY_OFFICIAL
2008,2008-03-09,50 - Zaragoza,ELS VERDS-ALTERNATIVA VERDA - E.V.-A.V.,0,0,Ministerio del Interior / portal oficial de datos abiertos,PRIMARY_OFFICIAL
2008,2008-03-09,50 - Zaragoza,ELS VERDS-LOS VERDES - EV-LV,0,0,Ministerio del Interior / portal oficial de datos abiertos,PRIMARY_OFFICIAL
2008,2008-03-09,50 - Zaragoza,ESCONS INSUBMISOS ALTERNATIVA DELS DEMOCRATES DESCONTENTS - EI-ADD,0,0,Ministerio del Interior / portal oficial de datos abiertos,PRIMARY_OFFICIAL
2008,2008-03-09,50 - Zaragoza,ESCONS INSUBMISOS-ALTERNATIVA DELS DEMOCRATES DESCONTENTS - Ei,0,0,Ministerio del Interior / portal oficial de datos abiertos,PRIMARY_OFFICIAL
2008,2008-03-09,50 - Zaragoza,ESPAÑA 2000 - E-2000,73,0,Ministerio del Interior / portal oficial de datos abiertos,PRIMARY_OFFICIAL
2008,2008-03-09,50 - Zaragoza,ESPAÑA-2000 - E-2000,0,0,Ministerio del Interior / portal oficial de datos abiertos,PRIMARY_OFFICIAL
2008,2008-03-09,50 - Zaragoza,ESQUERDA UNIDA-IZQUIERDA UNIDA-ALTERNATIVA - EU-IU,0,0,Ministerio del Interior / portal oficial de datos abiertos,PRIMARY_OFFICIAL
2008,2008-03-09,50 - Zaragoza,ESQUERRA REPUBLICANA DE CATALUNYA - ESQUERRA,0,0,Ministerio del Interior / portal oficial de datos abiertos,PRIMARY_OFFICIAL
2008,2008-03-09,50 - Zaragoza,ESQUERRA REPUBLICANA DE CATALUNYA - esquerra,0,0,Ministerio del Interior / portal oficial de datos abiertos,PRIMARY_OFFICIAL
2008,2008-03-09,50 - Zaragoza,ESQUERRA REPUBLICANA DEL PAIS VALENCIA-PAIS VALENCIA SI - ESQUERRA-PV,0,0,Ministerio del Interior / portal oficial de datos abiertos,PRIMARY_OFFICIAL
2008,2008-03-09,50 - Zaragoza,"ESQUERRA REPUBLICANA DEL PAIS VALENCIA-PAIS VALENCIA, SI - ESQUERRA-PV",0,0,Ministerio del Interior / portal oficial de datos abiertos,PRIMARY_OFFICIAL
2008,2008-03-09,50 - Zaragoza,ESQUERRA UNIDA - ELS VERDS - EU-EV,0,0,Ministerio del Interior / portal oficial de datos abiertos,PRIMARY_OFFICIAL
2008,2008-03-09,50 - Zaragoza,ESQUERRA UNIDA DEL PAIS VALENCIA-IZQUIERDA REPUBLICANA: ESQUERRA UNIDA I REPUBLICANA - EUPV-IR,0,0,Ministerio del Interior / portal oficial de datos abiertos,PRIMARY_OFFICIAL
2008,2008-03-09,50 - Zaragoza,ESQUERRA UNIDA DEL PAIS VALENCIA-IZQUIERDA REPUBLICANA:ESQUERRA UNIDA I REPUBLICANA - EUPV-IR,0,0,Ministerio del Interior / portal oficial de datos abiertos,PRIMARY_OFFICIAL
2008,2008-03-09,50 - Zaragoza,EUSKO ALKARTASUNA - EA,0,0,Ministerio del Interior / portal oficial de datos abiertos,PRIMARY_OFFICIAL
2008,2008-03-09,50 - Zaragoza,EUZKO ALDERDI JELTZALEA-PARTIDO NACIONALISTA VASCO - EAJ-PNV,0,0,Ministerio del Interior / portal oficial de datos abiertos,PRIMARY_OFFICIAL
2008,2008-03-09,50 - Zaragoza,EXTREMADURA UNIDA - EXTREMADURA UNIDA,0,0,Ministerio del Interior / portal oficial de datos abiertos,PRIMARY_OFFICIAL
2008,2008-03-09,50 - Zaragoza,EZKER BATUA-BERDEAK-ALTERNATIVA - EB-B,0,0,Ministerio del Interior / portal oficial de datos abiertos,PRIMARY_OFFICIAL
2008,2008-03-09,50 - Zaragoza,FALANGE AUTENTICA - F.A.,135,0,Ministerio del Interior / portal oficial de datos abiertos,PRIMARY_OFFICIAL
2008,2008-03-09,50 - Zaragoza,FALANGE AUTENTICA - FA,0,0,Ministerio del Interior / portal oficial de datos abiertos,PRIMARY_OFFICIAL
2008,2008-03-09,50 - Zaragoza,FALANGE ESPAÑOLA DE LA JONS - FE de las JONS,0,0,Ministerio del Interior / portal oficial de datos abiertos,PRIMARY_OFFICIAL
2008,2008-03-09,50 - Zaragoza,FALANGE ESPAÑOLA DE LAS J.O.N.S. - F.E. de las J.O.N.S.,0,0,Ministerio del Interior / portal oficial de datos abiertos,PRIMARY_OFFICIAL
2008,2008-03-09,50 - Zaragoza,FALANGE ESPAÑOLA DE LAS J.O.N.S. - FE de las JONS,0,0,Ministerio del Interior / portal oficial de datos abiertos,PRIMARY_OFFICIAL
2008,2008-03-09,50 - Zaragoza,FALANGE ESPAÑOLA DE LAS J.O.N.S. - FE-JONS,0,0,Ministerio del Interior / portal oficial de datos abiertos,PRIMARY_OFFICIAL
2008,2008-03-09,50 - Zaragoza,FALANGE ESPAÑOLA DE LAS JONS - F.E. de las J.O.N.S.,0,0,Ministerio del Interior / portal oficial de datos abiertos,PRIMARY_OFFICIAL
2008,2008-03-09,50 - Zaragoza,FALANGE ESPAÑOLA DE LAS JONS - FE DE LAS JONS,0,0,Ministerio del Interior / portal oficial de datos abiertos,PRIMARY_OFFICIAL
2008,2008-03-09,50 - Zaragoza,FALANGE ESPAÑOLA DE LAS JONS - FE de las JONS,236,0,Ministerio del Interior / portal oficial de datos abiertos,PRIMARY_OFFICIAL
2008,2008-03-09,50 - Zaragoza,FALANGE ESPAÑOLA DE LAS JONS - FE-JONS,0,0,Ministerio del Interior / portal oficial de datos abiertos,PRIMARY_OFFICIAL
2008,2008-03-09,50 - Zaragoza,FAMILIA I VIDA - PFiV,0,0,Ministerio del Interior / portal oficial de datos abiertos,PRIMARY_OFFICIAL
2008,2008-03-09,50 - Zaragoza,FAMILIA Y VIDA - PFyV,0,0,Ministerio del Interior / portal oficial de datos abiertos,PRIMARY_OFFICIAL
2008,2008-03-09,50 - Zaragoza,FRENTE ESPAÑOL - F.E,113,0,Ministerio del Interior / portal oficial de datos abiertos,PRIMARY_OFFICIAL
2008,2008-03-09,50 - Zaragoza,FRENTE ESPAÑOL - F.E.,0,0,Ministerio del Interior / portal oficial de datos abiertos,PRIMARY_OFFICIAL
2008,2008-03-09,50 - Zaragoza,FRENTE ESPAÑOL - FRENTE,0,0,Ministerio del Interior / portal oficial de datos abiertos,PRIMARY_OFFICIAL
2008,2008-03-09,50 - Zaragoza,GENTES DE EL BIERZO - PB-UB,0,0,Ministerio del Interior / portal oficial de datos abiertos,PRIMARY_OFFICIAL
2008,2008-03-09,50 - Zaragoza,IDENTITAT REGNE DE VALENCIA - IRV,0,0,Ministerio del Interior / portal oficial de datos abiertos,PRIMARY_OFFICIAL
2008,2008-03-09,50 - Zaragoza,INDEPENDIENTES POR CUENCA - ixC,0,0,Ministerio del Interior / portal oficial de datos abiertos,PRIMARY_OFFICIAL
2008,2008-03-09,50 - Zaragoza,INICIATIVA CIUDADANA BURGALESA - I.C.Bur,0,0,Ministerio del Interior / portal oficial de datos abiertos,PRIMARY_OFFICIAL
2008,2008-03-09,50 - Zaragoza,INICIATIVA MERINDADES DE CASTILLA - I.M.C.,0,0,Ministerio del Interior / portal oficial de datos abiertos,PRIMARY_OFFICIAL
2008,2008-03-09,50 - Zaragoza,INICIATIVA PER CATALUNYA VERDS - ESQUERRA UNIDA I ALTERNATIVA - ICV-EUiA,0,0,Ministerio del Interior / portal oficial de datos abiertos,PRIMARY_OFFICIAL
2008,2008-03-09,50 - Zaragoza,INICIATIVA PER CATALUNYA VERDS-ESQUERRA UNIDA I ALTERNATIVA - ICV-EUiA,0,0,Ministerio del Interior / portal oficial de datos abiertos,PRIMARY_OFFICIAL
2008,2008-03-09,50 - Zaragoza,IZQUIERDA REPUBLICANA - IR,0,0,Ministerio del Interior / portal oficial de datos abiertos,PRIMARY_OFFICIAL
2008,2008-03-09,50 - Zaragoza,IZQUIERDA REPUBLICANA-PARTIT REPUBLICA D'ESQUERRA - IR-PRE,0,0,Ministerio del Interior / portal oficial de datos abiertos,PRIMARY_OFFICIAL
2008,2008-03-09,50 - Zaragoza,IZQUIERDA UNIDA - BLOQUE POR ASTURIES - LOS VERDES - IU-B.A-LOS VERDES,0,0,Ministerio del Interior / portal oficial de datos abiertos,PRIMARY_OFFICIAL
2008,2008-03-09,50 - Zaragoza,IZQUIERDA UNIDA CANARIA-ALTERNATIVA - IUC,0,0,Ministerio del Interior / portal oficial de datos abiertos,PRIMARY_OFFICIAL
2008,2008-03-09,50 - Zaragoza,IZQUIERDA UNIDA COMUNIDAD DE MADRID-ALTERNATIVA - IU-CM.,0,0,Ministerio del Interior / portal oficial de datos abiertos,PRIMARY_OFFICIAL
2008,2008-03-09,50 - Zaragoza,IZQUIERDA UNIDA DE CEUTA - I.U.,0,0,Ministerio del Interior / portal oficial de datos abiertos,PRIMARY_OFFICIAL
2008,2008-03-09,50 - Zaragoza,IZQUIERDA UNIDA DE LA REGION DE MURCIA-ALTERNATIVA - I.U.R.M.,0,0,Ministerio del Interior / portal oficial de datos abiertos,PRIMARY_OFFICIAL
2008,2008-03-09,50 - Zaragoza,IZQUIERDA UNIDA DE NAVARRA - NAFARROAKO EZKER BATUA - ALTERNATIVA - IUN-NEB,0,0,Ministerio del Interior / portal oficial de datos abiertos,PRIMARY_OFFICIAL
2008,2008-03-09,50 - Zaragoza,IZQUIERDA UNIDA LOS VERDES CONVOCATORIA POR ANDALUCIA-ALTERNATIVA - IULV-CA,0,0,Ministerio del Interior / portal oficial de datos abiertos,PRIMARY_OFFICIAL
2008,2008-03-09,50 - Zaragoza,IZQUIERDA UNIDA LOS VERDES-CONVOCATORIA POR ANDALUCIA - ALTERNATIVA - IULV-CA,0,0,Ministerio del Interior / portal oficial de datos abiertos,PRIMARY_OFFICIAL
2008,2008-03-09,50 - Zaragoza,IZQUIERDA UNIDA LOS VERDES-CONVOCATORIA POR ANDALUCIA-ALTERNATIVA - IULV-CA,0,0,Ministerio del Interior / portal oficial de datos abiertos,PRIMARY_OFFICIAL
2008,2008-03-09,50 - Zaragoza,IZQUIERDA UNIDA-ALTERNATIVA - I.U.,0,0,Ministerio del Interior / portal oficial de datos abiertos,PRIMARY_OFFICIAL
2008,2008-03-09,50 - Zaragoza,IZQUIERDA UNIDA-ALTERNATIVA - IU,15731,0,Ministerio del Interior / portal oficial de datos abiertos,PRIMARY_OFFICIAL
2008,2008-03-09,50 - Zaragoza,LLUITA INTERNACIONALISTA - (LI(LIT-CI)),0,0,Ministerio del Interior / portal oficial de datos abiertos,PRIMARY_OFFICIAL
2008,2008-03-09,50 - Zaragoza,LLUITA INTERNACIONALISTA - L.I.(LIT-CI),0,0,Ministerio del Interior / portal oficial de datos abiertos,PRIMARY_OFFICIAL
2008,2008-03-09,50 - Zaragoza,LLUITA INTERNACIONALISTA - LI-LITCI,0,0,Ministerio del Interior / portal oficial de datos abiertos,PRIMARY_OFFICIAL
2008,2008-03-09,50 - Zaragoza,LOS VERDES - LOS VERDES,0,0,Ministerio del Interior / portal oficial de datos abiertos,PRIMARY_OFFICIAL
2008,2008-03-09,50 - Zaragoza,LOS VERDES - LV,0,0,Ministerio del Interior / portal oficial de datos abiertos,PRIMARY_OFFICIAL
2008,2008-03-09,50 - Zaragoza,LOS VERDES - VERDES,0,0,Ministerio del Interior / portal oficial de datos abiertos,PRIMARY_OFFICIAL
2008,2008-03-09,50 - Zaragoza,LOS VERDES COMUNIDAD DE MADRID-LOS VERDES DE EUROPA - LVCM-LVE,0,0,Ministerio del Interior / portal oficial de datos abiertos,PRIMARY_OFFICIAL
2008,2008-03-09,50 - Zaragoza,LOS VERDES DE EUROPA - LOS VERDES DE EUROPA,0,0,Ministerio del Interior / portal oficial de datos abiertos,PRIMARY_OFFICIAL
2008,2008-03-09,50 - Zaragoza,LOS VERDES DE EUROPA - LVE,0,0,Ministerio del Interior / portal oficial de datos abiertos,PRIMARY_OFFICIAL
2008,2008-03-09,50 - Zaragoza,LOS VERDES DE EXTREMADURA - LV,0,0,Ministerio del Interior / portal oficial de datos abiertos,PRIMARY_OFFICIAL
2008,2008-03-09,50 - Zaragoza,LOS VERDES-ELS VERDS - LV-EV,0,0,Ministerio del Interior / portal oficial de datos abiertos,PRIMARY_OFFICIAL
2008,2008-03-09,50 - Zaragoza,LOS VERDES-GRUPO VERDE - L.V.,0,0,Ministerio del Interior / portal oficial de datos abiertos,PRIMARY_OFFICIAL
2008,2008-03-09,50 - Zaragoza,LOS VERDES-GRUPO VERDE - LV,1758,0,Ministerio del Interior / portal oficial de datos abiertos,PRIMARY_OFFICIAL
2008,2008-03-09,50 - Zaragoza,LOS VERDES-GRUPO VERDE - LV-GV,0,0,Ministerio del Interior / portal oficial de datos abiertos,PRIMARY_OFFICIAL
2008,2008-03-09,50 - Zaragoza,LUCHA INTERNACIONALISTA - LI-LITCI,0,0,Ministerio del Interior / portal oficial de datos abiertos,PRIMARY_OFFICIAL
2008,2008-03-09,50 - Zaragoza,MOVIMIENTO FALANGISTA DE ESPAÑA - M.F.E.,0,0,Ministerio del Interior / portal oficial de datos abiertos,PRIMARY_OFFICIAL
2008,2008-03-09,50 - Zaragoza,MOVIMIENTO POR LA UNIDAD DEL PUEBLO CANARIO - MUPC,0,0,Ministerio del Interior / portal oficial de datos abiertos,PRIMARY_OFFICIAL
2008,2008-03-09,50 - Zaragoza,NAFARROA BAI - NA-BAI,0,0,Ministerio del Interior / portal oficial de datos abiertos,PRIMARY_OFFICIAL
2008,2008-03-09,50 - Zaragoza,NOSALTRES SOM - N som,0,0,Ministerio del Interior / portal oficial de datos abiertos,PRIMARY_OFFICIAL
2008,2008-03-09,50 - Zaragoza,NUEVA CANARIAS-CENTRO CANARIO - NC-CCN,0,0,Ministerio del Interior / portal oficial de datos abiertos,PRIMARY_OFFICIAL
2008,2008-03-09,50 - Zaragoza,OPCIO NACIONALISTA VALENCIANA - O.N.V.,0,0,Ministerio del Interior / portal oficial de datos abiertos,PRIMARY_OFFICIAL
2008,2008-03-09,50 - Zaragoza,OPCIO NACIONALISTA VALENCIANA - ONV,0,0,Ministerio del Interior / portal oficial de datos abiertos,PRIMARY_OFFICIAL
2008,2008-03-09,50 - Zaragoza,OS VERDES - GRUPO VERDE - OV,0,0,Ministerio del Interior / portal oficial de datos abiertos,PRIMARY_OFFICIAL
2008,2008-03-09,50 - Zaragoza,PARTIDO ALTERNATIVA MOTOR Y DEPORTES - A.M.D.,0,0,Ministerio del Interior / portal oficial de datos abiertos,PRIMARY_OFFICIAL
2008,2008-03-09,50 - Zaragoza,PARTIDO ANTITAURINO CONTRA EL MALTRATO ANIMAL - P.A.C.M.A,0,0,Ministerio del Interior / portal oficial de datos abiertos,PRIMARY_OFFICIAL
2008,2008-03-09,50 - Zaragoza,PARTIDO ANTITAURINO CONTRA EL MALTRATO ANIMAL - P.A.C.M.A.,0,0,Ministerio del Interior / portal oficial de datos abiertos,PRIMARY_OFFICIAL
2008,2008-03-09,50 - Zaragoza,PARTIDO ANTITAURINO CONTRA EL MALTRATO ANIMAL - PACMA,958,0,Ministerio del Interior / portal oficial de datos abiertos,PRIMARY_OFFICIAL
2008,2008-03-09,50 - Zaragoza,PARTIDO ARAGONES - PAR,25949,0,Ministerio del Interior / portal oficial de datos abiertos,PRIMARY_OFFICIAL
2008,2008-03-09,50 - Zaragoza,PARTIDO CARLISTA - P.C.,0,0,Ministerio del Interior / portal oficial de datos abiertos,PRIMARY_OFFICIAL
2008,2008-03-09,50 - Zaragoza,PARTIDO CARLISTA - PARTIDO CARLISTA,0,0,Ministerio del Interior / portal oficial de datos abiertos,PRIMARY_OFFICIAL
2008,2008-03-09,50 - Zaragoza,PARTIDO CARLISTA - PC,0,0,Ministerio del Interior / portal oficial de datos abiertos,PRIMARY_OFFICIAL
2008,2008-03-09,50 - Zaragoza,PARTIDO CARLISTA DE EUSKALERRIA-PARTIDO CARLISTA - EKA-PC.,0,0,Ministerio del Interior / portal oficial de datos abiertos,PRIMARY_OFFICIAL
2008,2008-03-09,50 - Zaragoza,PARTIDO CARLISTA DE EUSKALHERRIA-EUSKALHERRIKO KARLISTA ALDERDIA - PARTIDO CARLISTA-EKA,0,0,Ministerio del Interior / portal oficial de datos abiertos,PRIMARY_OFFICIAL
2008,2008-03-09,50 - Zaragoza,PARTIDO CENTRISTA - PCTR,0,0,Ministerio del Interior / portal oficial de datos abiertos,PRIMARY_OFFICIAL
2008,2008-03-09,50 - Zaragoza,PARTIDO CENTRISTAS - Centristas PCTR,0,0,Ministerio del Interior / portal oficial de datos abiertos,PRIMARY_OFFICIAL
2008,2008-03-09,50 - Zaragoza,PARTIDO CENTRISTAS - PCTR,0,0,Ministerio del Interior / portal oficial de datos abiertos,PRIMARY_OFFICIAL
2008,2008-03-09,50 - Zaragoza,PARTIDO CIUDADANOS UNIDOS DE ARAGON - pCUA,380,0,Ministerio del Interior / portal oficial de datos abiertos,PRIMARY_OFFICIAL
2008,2008-03-09,50 - Zaragoza,PARTIDO COMUNISTA DE LOS PUEBLOS DE ESPAÑA - P.C.P.E.,0,0,Ministerio del Interior / portal oficial de datos abiertos,PRIMARY_OFFICIAL
2008,2008-03-09,50 - Zaragoza,PARTIDO COMUNISTA DE LOS PUEBLOS DE ESPAÑA - P.C.P.E.-E.K.,0,0,Ministerio del Interior / portal oficial de datos abiertos,PRIMARY_OFFICIAL
2008,2008-03-09,50 - Zaragoza,PARTIDO COMUNISTA DE LOS PUEBLOS DE ESPAÑA - PCPE,200,0,Ministerio del Interior / portal oficial de datos abiertos,PRIMARY_OFFICIAL
2008,2008-03-09,50 - Zaragoza,PARTIDO COMUNISTA DE LOS PUEBLOS DE ESPAÑA-EUSKAL KOMUNISTAK - PCPE - EK,0,0,Ministerio del Interior / portal oficial de datos abiertos,PRIMARY_OFFICIAL
2008,2008-03-09,50 - Zaragoza,PARTIDO COMUNISTA DEL PUEBLO CANARIO - PCPE,0,0,Ministerio del Interior / portal oficial de datos abiertos,PRIMARY_OFFICIAL
2008,2008-03-09,50 - Zaragoza,PARTIDO COMUNISTA DEL PUEBLO CASTELLANO - PCPE,0,0,Ministerio del Interior / portal oficial de datos abiertos,PRIMARY_OFFICIAL
2008,2008-03-09,50 - Zaragoza,PARTIDO COMUNISTA DEL PUEBLO CASTELLANO-PCPE - PCPE,0,0,Ministerio del Interior / portal oficial de datos abiertos,PRIMARY_OFFICIAL
2008,2008-03-09,50 - Zaragoza,PARTIDO COMUNISTA DEL PUEBLO DE CATALUNYA - PCPC,0,0,Ministerio del Interior / portal oficial de datos abiertos,PRIMARY_OFFICIAL
2008,2008-03-09,50 - Zaragoza,PARTIDO COMUNISTA DEL PUEBLO DE CATALUÑA - PCPC,0,0,Ministerio del Interior / portal oficial de datos abiertos,PRIMARY_OFFICIAL
2008,2008-03-09,50 - Zaragoza,PARTIDO COMUNISTA DO POBO GALEGO - PCPG,0,0,Ministerio del Interior / portal oficial de datos abiertos,PRIMARY_OFFICIAL
2008,2008-03-09,50 - Zaragoza,PARTIDO COMUNISTA DO POVO GALEGO - P.C.P.G.,0,0,Ministerio del Interior / portal oficial de datos abiertos,PRIMARY_OFFICIAL
2008,2008-03-09,50 - Zaragoza,PARTIDO COMUNISTA PUEBLOS DE ESPAÑA - PCPE,0,0,Ministerio del Interior / portal oficial de datos abiertos,PRIMARY_OFFICIAL
2008,2008-03-09,50 - Zaragoza,PARTIDO DE ALIANZA IBEROAMERICANA EUROPEA - PAIE,0,0,Ministerio del Interior / portal oficial de datos abiertos,PRIMARY_OFFICIAL
2008,2008-03-09,50 - Zaragoza,PARTIDO DE ALMERIA - PdeAL,0,0,Ministerio del Interior / portal oficial de datos abiertos,PRIMARY_OFFICIAL
2008,2008-03-09,50 - Zaragoza,PARTIDO DE LAS LIBERTADES CIVILES - PLCI,0,0,Ministerio del Interior / portal oficial de datos abiertos,PRIMARY_OFFICIAL
2008,2008-03-09,50 - Zaragoza,PARTIDO DE LOS NO-FUMADORES - PNF (NO-FUMADORES),0,0,Ministerio del Interior / portal oficial de datos abiertos,PRIMARY_OFFICIAL
2008,2008-03-09,50 - Zaragoza,PARTIDO DE LOS PENSIONISTAS EN ACCION - PDLPEA,0,0,Ministerio del Interior / portal oficial de datos abiertos,PRIMARY_OFFICIAL
2008,2008-03-09,50 - Zaragoza,PARTIDO DOS SOCIALISTAS DE GALICIA-PARTIDO SOCIALISTA OBRERO ESPAÑOL - PSdeG-PSOE,0,0,Ministerio del Interior / portal oficial de datos abiertos,PRIMARY_OFFICIAL
2008,2008-03-09,50 - Zaragoza,PARTIDO DOS SOCIALISTAS DE GALICIA-PSOE - PSdeG-PSOE,0,0,Ministerio del Interior / portal oficial de datos abiertos,PRIMARY_OFFICIAL
2008,2008-03-09,50 - Zaragoza,PARTIDO FAMILIA Y VIDA - PFyV,262,0,Ministerio del Interior / portal oficial de datos abiertos,PRIMARY_OFFICIAL
2008,2008-03-09,50 - Zaragoza,PARTIDO HACHE - PHache,0,0,Ministerio del Interior / portal oficial de datos abiertos,PRIMARY_OFFICIAL
2008,2008-03-09,50 - Zaragoza,PARTIDO HUMANISTA - P.H.,0,0,Ministerio del Interior / portal oficial de datos abiertos,PRIMARY_OFFICIAL
2008,2008-03-09,50 - Zaragoza,PARTIDO HUMANISTA - PH,91,0,Ministerio del Interior / portal oficial de datos abiertos,PRIMARY_OFFICIAL
2008,2008-03-09,50 - Zaragoza,PARTIDO IZQUIERDA REPUBLICANA-PARTIT REPUBLICA D'ESQUERRA - IR-PRE,0,0,Ministerio del Interior / portal oficial de datos abiertos,PRIMARY_OFFICIAL
2008,2008-03-09,50 - Zaragoza,PARTIDO LIBERAL DEL EMPLEO Y LA VIVIENDA ESTATAL - P.L.E.V.E.,0,0,Ministerio del Interior / portal oficial de datos abiertos,PRIMARY_OFFICIAL
2008,2008-03-09,50 - Zaragoza,PARTIDO LIBERTADES CIVILES - PLCI,0,0,Ministerio del Interior / portal oficial de datos abiertos,PRIMARY_OFFICIAL
2008,2008-03-09,50 - Zaragoza,PARTIDO OBRERO SOCIALISTA INTERNACIONALISTA - P.O.S.I.,0,0,Ministerio del Interior / portal oficial de datos abiertos,PRIMARY_OFFICIAL
2008,2008-03-09,50 - Zaragoza,PARTIDO OBRERO SOCIALISTA INTERNACIONALISTA - POSI,0,0,Ministerio del Interior / portal oficial de datos abiertos,PRIMARY_OFFICIAL
2008,2008-03-09,50 - Zaragoza,PARTIDO POLITICO ARALAR - aralar,0,0,Ministerio del Interior / portal oficial de datos abiertos,PRIMARY_OFFICIAL
2008,2008-03-09,50 - Zaragoza,PARTIDO POPULAR - P.P.,0,0,Ministerio del Interior / portal oficial de datos abiertos,PRIMARY_OFFICIAL
2008,2008-03-09,50 - Zaragoza,PARTIDO POPULAR - PP,199934,3,Ministerio del Interior / portal oficial de datos abiertos,PRIMARY_OFFICIAL
2008,2008-03-09,50 - Zaragoza,PARTIDO POPULAR/PARTIT POPULAR - PP,0,0,Ministerio del Interior / portal oficial de datos abiertos,PRIMARY_OFFICIAL
2008,2008-03-09,50 - Zaragoza,PARTIDO POR UN MUNDO MAS JUSTO - PUM+J,0,0,Ministerio del Interior / portal oficial de datos abiertos,PRIMARY_OFFICIAL
2008,2008-03-09,50 - Zaragoza,PARTIDO POSITIVISTA CRISTIANO - PPCr,0,0,Ministerio del Interior / portal oficial de datos abiertos,PRIMARY_OFFICIAL
2008,2008-03-09,50 - Zaragoza,PARTIDO REGIONALISTA DE GUADALAJARA - P.R.GU.,0,0,Ministerio del Interior / portal oficial de datos abiertos,PRIMARY_OFFICIAL
2008,2008-03-09,50 - Zaragoza,PARTIDO REGIONALISTA DEL PAIS LEONES - PREPAL,0,0,Ministerio del Interior / portal oficial de datos abiertos,PRIMARY_OFFICIAL
2008,2008-03-09,50 - Zaragoza,PARTIDO RIOJANO - PARTIDO RIOJANO,0,0,Ministerio del Interior / portal oficial de datos abiertos,PRIMARY_OFFICIAL
2008,2008-03-09,50 - Zaragoza,PARTIDO SOCIAL DEMOCRATA - P.S.D.,0,0,Ministerio del Interior / portal oficial de datos abiertos,PRIMARY_OFFICIAL
2008,2008-03-09,50 - Zaragoza,PARTIDO SOCIAL DEMOCRATA - PSD,0,0,Ministerio del Interior / portal oficial de datos abiertos,PRIMARY_OFFICIAL
2008,2008-03-09,50 - Zaragoza,PARTIDO SOCIAL DEMOCRATA-FEDERACION DE LOS INDEPENDIENTES DE ARAGON - PSD-FIA,286,0,Ministerio del Interior / portal oficial de datos abiertos,PRIMARY_OFFICIAL
2008,2008-03-09,50 - Zaragoza,PARTIDO SOCIALISTA DE EUSKADI-EUSKADIKO EZKERRA (PSOE) - PSE-EE (PSOE),0,0,Ministerio del Interior / portal oficial de datos abiertos,PRIMARY_OFFICIAL
2008,2008-03-09,50 - Zaragoza,PARTIDO SOCIALISTA DE EUSKADI-EUSKADIKO EZKERRA - PSE-EE (PSOE),0,0,Ministerio del Interior / portal oficial de datos abiertos,PRIMARY_OFFICIAL
2008,2008-03-09,50 - Zaragoza,PARTIDO SOCIALISTA OBRERO ESPAÑOL - P.S.O.E.,0,0,Ministerio del Interior / portal oficial de datos abiertos,PRIMARY_OFFICIAL
2008,2008-03-09,50 - Zaragoza,PARTIDO SOCIALISTA OBRERO ESPAÑOL - PSOE,254479,4,Ministerio del Interior / portal oficial de datos abiertos,PRIMARY_OFFICIAL
2008,2008-03-09,50 - Zaragoza,PARTIDO SOCIALISTA OBRERO ESPAÑOL DE ANDALUCIA - PSOE-A,0,0,Ministerio del Interior / portal oficial de datos abiertos,PRIMARY_OFFICIAL
2008,2008-03-09,50 - Zaragoza,PARTIDO SOLIDARIDAD Y AUTOGESTION INTERNACIONALISTA - SAIN,0,0,Ministerio del Interior / portal oficial de datos abiertos,PRIMARY_OFFICIAL
2008,2008-03-09,50 - Zaragoza,PARTIDO UNIONISTA ESTADO DE ESPAÑA - P.U.E.D.E.,0,0,Ministerio del Interior / portal oficial de datos abiertos,PRIMARY_OFFICIAL
2008,2008-03-09,50 - Zaragoza,PARTIDO UNIONISTA ESTADO DE ESPAÑA - PUEDE,0,0,Ministerio del Interior / portal oficial de datos abiertos,PRIMARY_OFFICIAL
2008,2008-03-09,50 - Zaragoza,PARTIT ANTITAURI CONTRA EL MALTRACTAMENT ANIMAL - P.A.C.M.A.,0,0,Ministerio del Interior / portal oficial de datos abiertos,PRIMARY_OFFICIAL
2008,2008-03-09,50 - Zaragoza,PARTIT ANTITAURI CONTRA EL MALTRACTAMENT ANIMAL - PACMA,0,0,Ministerio del Interior / portal oficial de datos abiertos,PRIMARY_OFFICIAL
2008,2008-03-09,50 - Zaragoza,PARTIT CARLI DE CATALUNYA - P. C. de C.,0,0,Ministerio del Interior / portal oficial de datos abiertos,PRIMARY_OFFICIAL
2008,2008-03-09,50 - Zaragoza,PARTIT CARLI DE CATALUNYA - PCaC,0,0,Ministerio del Interior / portal oficial de datos abiertos,PRIMARY_OFFICIAL
2008,2008-03-09,50 - Zaragoza,PARTIT COMUNISTA DEL POBLE DE CATALUNYA - P.C.P.C.,0,0,Ministerio del Interior / portal oficial de datos abiertos,PRIMARY_OFFICIAL
2008,2008-03-09,50 - Zaragoza,PARTIT COMUNISTA DELS POBLES D'ESPANYA - PCPE,0,0,Ministerio del Interior / portal oficial de datos abiertos,PRIMARY_OFFICIAL
2008,2008-03-09,50 - Zaragoza,PARTIT DELS SOCIALISTES DE CATALUNYA - PSC (PSC-PSOE),0,0,Ministerio del Interior / portal oficial de datos abiertos,PRIMARY_OFFICIAL
2008,2008-03-09,50 - Zaragoza,PARTIT DELS SOCIALISTES DE CATALUNYA - PSC-PSOE,0,0,Ministerio del Interior / portal oficial de datos abiertos,PRIMARY_OFFICIAL
2008,2008-03-09,50 - Zaragoza,PARTIT FAMILIA I VIDA - PFiV,0,0,Ministerio del Interior / portal oficial de datos abiertos,PRIMARY_OFFICIAL
2008,2008-03-09,50 - Zaragoza,PARTIT HUMANISTA - P.H.,0,0,Ministerio del Interior / portal oficial de datos abiertos,PRIMARY_OFFICIAL
2008,2008-03-09,50 - Zaragoza,PARTIT HUMANISTA - PH,0,0,Ministerio del Interior / portal oficial de datos abiertos,PRIMARY_OFFICIAL
2008,2008-03-09,50 - Zaragoza,PARTIT HUMANISTA DE CATALUNYA - PH,0,0,Ministerio del Interior / portal oficial de datos abiertos,PRIMARY_OFFICIAL
2008,2008-03-09,50 - Zaragoza,PARTIT ILLENC DE SES ILLES BALEARS - PIIB,0,0,Ministerio del Interior / portal oficial de datos abiertos,PRIMARY_OFFICIAL
2008,2008-03-09,50 - Zaragoza,PARTIT OBRER SOCIALISTA INTERNACIONALISTA - P.O.S.I.,0,0,Ministerio del Interior / portal oficial de datos abiertos,PRIMARY_OFFICIAL
2008,2008-03-09,50 - Zaragoza,PARTIT OBRER SOCIALISTA INTERNACIONALISTA - POSI,0,0,Ministerio del Interior / portal oficial de datos abiertos,PRIMARY_OFFICIAL
2008,2008-03-09,50 - Zaragoza,PARTIT PER CATALUNYA - PxCat,0,0,Ministerio del Interior / portal oficial de datos abiertos,PRIMARY_OFFICIAL
2008,2008-03-09,50 - Zaragoza,PARTIT POPULAR/PARTIDO POPULAR - P.P.,0,0,Ministerio del Interior / portal oficial de datos abiertos,PRIMARY_OFFICIAL
2008,2008-03-09,50 - Zaragoza,PARTIT REPUBLICA CATALA - RC,0,0,Ministerio del Interior / portal oficial de datos abiertos,PRIMARY_OFFICIAL
2008,2008-03-09,50 - Zaragoza,PER LA REPUBLICA VALENCIANA - PLRV,0,0,Ministerio del Interior / portal oficial de datos abiertos,PRIMARY_OFFICIAL
2008,2008-03-09,50 - Zaragoza,PER LA REPUBLICA VALENCIANA - plRV,0,0,Ministerio del Interior / portal oficial de datos abiertos,PRIMARY_OFFICIAL
2008,2008-03-09,50 - Zaragoza,POR UN MUNDO MAS JUSTO - PUM+J,372,0,Ministerio del Interior / portal oficial de datos abiertos,PRIMARY_OFFICIAL
2008,2008-03-09,50 - Zaragoza,REPRESENTACION CANNABICA NAVARRA - RCN-NOK,0,0,Ministerio del Interior / portal oficial de datos abiertos,PRIMARY_OFFICIAL
2008,2008-03-09,50 - Zaragoza,SOLIDARIDAD Y AUTOGESTION INTERNACIONALISTA - SAIN,0,0,Ministerio del Interior / portal oficial de datos abiertos,PRIMARY_OFFICIAL
2008,2008-03-09,50 - Zaragoza,SOLIDARIDAD Y AUTOGESTION INTERNACIONALISTA - SAIn,0,0,Ministerio del Interior / portal oficial de datos abiertos,PRIMARY_OFFICIAL
2008,2008-03-09,50 - Zaragoza,TIERRA COMUNERA - TC,0,0,Ministerio del Interior / portal oficial de datos abiertos,PRIMARY_OFFICIAL
2008,2008-03-09,50 - Zaragoza,UNIDA - UNIDA,0,0,Ministerio del Interior / portal oficial de datos abiertos,PRIMARY_OFFICIAL
2008,2008-03-09,50 - Zaragoza,UNIDAD CASTELLANA - Ud. Ca.,0,0,Ministerio del Interior / portal oficial de datos abiertos,PRIMARY_OFFICIAL
2008,2008-03-09,50 - Zaragoza,UNIDAD DEL PUEBLO - UNIDAD DEL PUEBLO,0,0,Ministerio del Interior / portal oficial de datos abiertos,PRIMARY_OFFICIAL
2008,2008-03-09,50 - Zaragoza,UNIDAD REGIONALISTA DE CASTILLA Y LEON - U.R.C.L.,0,0,Ministerio del Interior / portal oficial de datos abiertos,PRIMARY_OFFICIAL
2008,2008-03-09,50 - Zaragoza,UNION CENTRISTA LIBERAL - UCL,0,0,Ministerio del Interior / portal oficial de datos abiertos,PRIMARY_OFFICIAL
2008,2008-03-09,50 - Zaragoza,UNION CIUDADANA PROGRESISTAS INDEPENDIENTES DE CANARIAS - UCPIC,0,0,Ministerio del Interior / portal oficial de datos abiertos,PRIMARY_OFFICIAL
2008,2008-03-09,50 - Zaragoza,UNION DEL PUEBLO LEONES - UPL,0,0,Ministerio del Interior / portal oficial de datos abiertos,PRIMARY_OFFICIAL
2008,2008-03-09,50 - Zaragoza,UNION DEL PUEBLO NAVARRO EN COALICION CON EL PARTIDO POPULAR - UPN-PP,0,0,Ministerio del Interior / portal oficial de datos abiertos,PRIMARY_OFFICIAL
2008,2008-03-09,50 - Zaragoza,UNION POR LEGANES - ULEG,0,0,Ministerio del Interior / portal oficial de datos abiertos,PRIMARY_OFFICIAL
2008,2008-03-09,50 - Zaragoza,UNION PROGRESO Y DEMOCRACIA - UPD,0,0,Ministerio del Interior / portal oficial de datos abiertos,PRIMARY_OFFICIAL
2008,2008-03-09,50 - Zaragoza,UNION PROGRESO Y DEMOCRACIA - UPyD,6621,0,Ministerio del Interior / portal oficial de datos abiertos,PRIMARY_OFFICIAL
2008,2008-03-09,50 - Zaragoza,"UNION, PROGRESO Y DEMOCRACIA - UPyD",0,0,Ministerio del Interior / portal oficial de datos abiertos,PRIMARY_OFFICIAL
2008,2008-03-09,50 - Zaragoza,UNITAT PER LES ILLES - UNITAT PER LES ILLES,0,0,Ministerio del Interior / portal oficial de datos abiertos,PRIMARY_OFFICIAL
2008,2008-03-09,51 - Ceuta,AGRUPACION CIUDADANA - AGRUCI,0,0,Ministerio del Interior / portal oficial de datos abiertos,PRIMARY_OFFICIAL
2008,2008-03-09,51 - Ceuta,ALIANZA NACIONAL - A.u.N.,0,0,Ministerio del Interior / portal oficial de datos abiertos,PRIMARY_OFFICIAL
2008,2008-03-09,51 - Ceuta,ALIANZA NACIONAL - AN,0,0,Ministerio del Interior / portal oficial de datos abiertos,PRIMARY_OFFICIAL
2008,2008-03-09,51 - Ceuta,ALIANZA NACIONAL - AUN,0,0,Ministerio del Interior / portal oficial de datos abiertos,PRIMARY_OFFICIAL
2008,2008-03-09,51 - Ceuta,ALIANZA NACIONAL - AuN,0,0,Ministerio del Interior / portal oficial de datos abiertos,PRIMARY_OFFICIAL
2008,2008-03-09,51 - Ceuta,ALIANZA POR BURGOS - AxB,0,0,Ministerio del Interior / portal oficial de datos abiertos,PRIMARY_OFFICIAL
2008,2008-03-09,51 - Ceuta,ALIANÇA BALEAR - ABA,0,0,Ministerio del Interior / portal oficial de datos abiertos,PRIMARY_OFFICIAL
2008,2008-03-09,51 - Ceuta,ALTERNATIVA EN BLANCO - ABLA,0,0,Ministerio del Interior / portal oficial de datos abiertos,PRIMARY_OFFICIAL
2008,2008-03-09,51 - Ceuta,ALTERNATIVA EN BLANCO - aBla,0,0,Ministerio del Interior / portal oficial de datos abiertos,PRIMARY_OFFICIAL
2008,2008-03-09,51 - Ceuta,ALTERNATIVA ESPAÑOLA - AES,18,0,Ministerio del Interior / portal oficial de datos abiertos,PRIMARY_OFFICIAL
2008,2008-03-09,51 - Ceuta,ALTERNATIVA MOTOR Y DEPORTE - A.M.D.,0,0,Ministerio del Interior / portal oficial de datos abiertos,PRIMARY_OFFICIAL
2008,2008-03-09,51 - Ceuta,ALTERNATIVA MOTOR Y DEPORTES - A.M.D.,0,0,Ministerio del Interior / portal oficial de datos abiertos,PRIMARY_OFFICIAL
2008,2008-03-09,51 - Ceuta,ALTERNATIVA MOTOR Y DEPORTES - AMD,0,0,Ministerio del Interior / portal oficial de datos abiertos,PRIMARY_OFFICIAL
2008,2008-03-09,51 - Ceuta,ALTERNATIVA NACIONALISTA CANARIA - ANC,0,0,Ministerio del Interior / portal oficial de datos abiertos,PRIMARY_OFFICIAL
2008,2008-03-09,51 - Ceuta,ANDECHA ASTUR - AA,0,0,Ministerio del Interior / portal oficial de datos abiertos,PRIMARY_OFFICIAL
2008,2008-03-09,51 - Ceuta,ARALAR - aralar,0,0,Ministerio del Interior / portal oficial de datos abiertos,PRIMARY_OFFICIAL
2008,2008-03-09,51 - Ceuta,ASAMBLEA DE VOTACION ELECTRONICA - AVE,0,0,Ministerio del Interior / portal oficial de datos abiertos,PRIMARY_OFFICIAL
2008,2008-03-09,51 - Ceuta,BERDEAK-LOS VERDES - B-LV,0,0,Ministerio del Interior / portal oficial de datos abiertos,PRIMARY_OFFICIAL
2008,2008-03-09,51 - Ceuta,BLOC-INICIATIVA-VERDS - BLOC-IDPV-EV-EE,0,0,Ministerio del Interior / portal oficial de datos abiertos,PRIMARY_OFFICIAL
2008,2008-03-09,51 - Ceuta,BLOC-INICIATIVA-VERDS - BLOC-IdPV-EV-EE,0,0,Ministerio del Interior / portal oficial de datos abiertos,PRIMARY_OFFICIAL
2008,2008-03-09,51 - Ceuta,BLOQUE NACIONALISTA GALEGO - B.N.G.,0,0,Ministerio del Interior / portal oficial de datos abiertos,PRIMARY_OFFICIAL
2008,2008-03-09,51 - Ceuta,BLOQUE NACIONALISTA GALEGO - BNG,0,0,Ministerio del Interior / portal oficial de datos abiertos,PRIMARY_OFFICIAL
2008,2008-03-09,51 - Ceuta,CENTRO DEMOCRATICO ESPAÑOL - C.D.Es.,0,0,Ministerio del Interior / portal oficial de datos abiertos,PRIMARY_OFFICIAL
2008,2008-03-09,51 - Ceuta,CENTRO DEMOCRATICO ESPAÑOL - CDEs,0,0,Ministerio del Interior / portal oficial de datos abiertos,PRIMARY_OFFICIAL
2008,2008-03-09,51 - Ceuta,CENTRO DEMOCRATICO LIBERAL - C.D.L.,0,0,Ministerio del Interior / portal oficial de datos abiertos,PRIMARY_OFFICIAL
2008,2008-03-09,51 - Ceuta,CENTRO DEMOCRATICO LIBERAL - CDL,0,0,Ministerio del Interior / portal oficial de datos abiertos,PRIMARY_OFFICIAL
2008,2008-03-09,51 - Ceuta,CENTRO DEMOCRATICO SOCIAL - C.D.S.,0,0,Ministerio del Interior / portal oficial de datos abiertos,PRIMARY_OFFICIAL
2008,2008-03-09,51 - Ceuta,CENTRO DEMOCRATICO Y SOCIAL - CDS,0,0,Ministerio del Interior / portal oficial de datos abiertos,PRIMARY_OFFICIAL
2008,2008-03-09,51 - Ceuta,CHUNTA ARAGONESISTA - CHA,0,0,Ministerio del Interior / portal oficial de datos abiertos,PRIMARY_OFFICIAL
2008,2008-03-09,51 - Ceuta,CIUDADANOS EN BLANCO - CENB,0,0,Ministerio del Interior / portal oficial de datos abiertos,PRIMARY_OFFICIAL
2008,2008-03-09,51 - Ceuta,CIUDADANOS EN BLANCO - CNB,0,0,Ministerio del Interior / portal oficial de datos abiertos,PRIMARY_OFFICIAL
2008,2008-03-09,51 - Ceuta,CIUDADANOS EN BLANCO - CenB,0,0,Ministerio del Interior / portal oficial de datos abiertos,PRIMARY_OFFICIAL
2008,2008-03-09,51 - Ceuta,CIUDADANOS EN BLANCO - Cenb,0,0,Ministerio del Interior / portal oficial de datos abiertos,PRIMARY_OFFICIAL
2008,2008-03-09,51 - Ceuta,CIUDADANOS PARTIDO DE LA CIUDADANIA - C's,0,0,Ministerio del Interior / portal oficial de datos abiertos,PRIMARY_OFFICIAL
2008,2008-03-09,51 - Ceuta,CIUDADANOS-PARTIDO DE LA CIUDADANIA - C's,32,0,Ministerio del Interior / portal oficial de datos abiertos,PRIMARY_OFFICIAL
2008,2008-03-09,51 - Ceuta,"CIUDADANOS-PARTIDO DE LA CIUDADANIA - C,S",0,0,Ministerio del Interior / portal oficial de datos abiertos,PRIMARY_OFFICIAL
2008,2008-03-09,51 - Ceuta,CIUTADANS-PARTIDO DE LA CIUDADANIA - C's,0,0,Ministerio del Interior / portal oficial de datos abiertos,PRIMARY_OFFICIAL
2008,2008-03-09,51 - Ceuta,COALICIO TREBALLADORS PER LA DEMOCRACIA - TD,0,0,Ministerio del Interior / portal oficial de datos abiertos,PRIMARY_OFFICIAL
2008,2008-03-09,51 - Ceuta,COALICIO VALENCIANA - CVa,0,0,Ministerio del Interior / portal oficial de datos abiertos,PRIMARY_OFFICIAL
2008,2008-03-09,51 - Ceuta,COALICION ANDALUCISTA - CA,0,0,Ministerio del Interior / portal oficial de datos abiertos,PRIMARY_OFFICIAL
2008,2008-03-09,51 - Ceuta,COALICION CANARIA-PARTIDO NACIONALISTA CANARIO - CC-PNC,0,0,Ministerio del Interior / portal oficial de datos abiertos,PRIMARY_OFFICIAL
2008,2008-03-09,51 - Ceuta,COALICION CANARIA-PARTIDO NACIONALISTA CANARIO-PARTIDO DE INDEPENDIENTES DE LANZAROTE - CC-PNC-PIL,0,0,Ministerio del Interior / portal oficial de datos abiertos,PRIMARY_OFFICIAL
2008,2008-03-09,51 - Ceuta,COMUNION TRADICIONALISTA CARLISTA - C.T.C.,0,0,Ministerio del Interior / portal oficial de datos abiertos,PRIMARY_OFFICIAL
2008,2008-03-09,51 - Ceuta,COMUNION TRADICIONALISTA CARLISTA - CTC,0,0,Ministerio del Interior / portal oficial de datos abiertos,PRIMARY_OFFICIAL
2008,2008-03-09,51 - Ceuta,CONVERGENCIA DEMOCRATICA ASTURIANA - CDAS,0,0,Ministerio del Interior / portal oficial de datos abiertos,PRIMARY_OFFICIAL
2008,2008-03-09,51 - Ceuta,CONVERGENCIA I UNIO - CIU,0,0,Ministerio del Interior / portal oficial de datos abiertos,PRIMARY_OFFICIAL
2008,2008-03-09,51 - Ceuta,CONVERGENCIA I UNIO - CiU,0,0,Ministerio del Interior / portal oficial de datos abiertos,PRIMARY_OFFICIAL
2008,2008-03-09,51 - Ceuta,DEMOCRACIA NACIONAL - D.N.,0,0,Ministerio del Interior / portal oficial de datos abiertos,PRIMARY_OFFICIAL
2008,2008-03-09,51 - Ceuta,DEMOCRACIA NACIONAL - DN,0,0,Ministerio del Interior / portal oficial de datos abiertos,PRIMARY_OFFICIAL
2008,2008-03-09,51 - Ceuta,EI ESCONS INSUBMISOS-ALTERNATIVA DELS DEMOCRATES DESCONTENTS - Ei,0,0,Ministerio del Interior / portal oficial de datos abiertos,PRIMARY_OFFICIAL
2008,2008-03-09,51 - Ceuta,ELS VERDS - L'ALTERNATIVA ECOLOGISTA - EV-AE,0,0,Ministerio del Interior / portal oficial de datos abiertos,PRIMARY_OFFICIAL
2008,2008-03-09,51 - Ceuta,ELS VERDS-ALTERNATIVA VERDA - E.V.-A.V.,0,0,Ministerio del Interior / portal oficial de datos abiertos,PRIMARY_OFFICIAL
2008,2008-03-09,51 - Ceuta,ELS VERDS-LOS VERDES - EV-LV,0,0,Ministerio del Interior / portal oficial de datos abiertos,PRIMARY_OFFICIAL
2008,2008-03-09,51 - Ceuta,ESCONS INSUBMISOS ALTERNATIVA DELS DEMOCRATES DESCONTENTS - EI-ADD,0,0,Ministerio del Interior / portal oficial de datos abiertos,PRIMARY_OFFICIAL
2008,2008-03-09,51 - Ceuta,ESCONS INSUBMISOS-ALTERNATIVA DELS DEMOCRATES DESCONTENTS - Ei,0,0,Ministerio del Interior / portal oficial de datos abiertos,PRIMARY_OFFICIAL
2008,2008-03-09,51 - Ceuta,ESPAÑA 2000 - E-2000,0,0,Ministerio del Interior / portal oficial de datos abiertos,PRIMARY_OFFICIAL
2008,2008-03-09,51 - Ceuta,ESPAÑA-2000 - E-2000,0,0,Ministerio del Interior / portal oficial de datos abiertos,PRIMARY_OFFICIAL
2008,2008-03-09,51 - Ceuta,ESQUERDA UNIDA-IZQUIERDA UNIDA-ALTERNATIVA - EU-IU,0,0,Ministerio del Interior / portal oficial de datos abiertos,PRIMARY_OFFICIAL
2008,2008-03-09,51 - Ceuta,ESQUERRA REPUBLICANA DE CATALUNYA - ESQUERRA,0,0,Ministerio del Interior / portal oficial de datos abiertos,PRIMARY_OFFICIAL
2008,2008-03-09,51 - Ceuta,ESQUERRA REPUBLICANA DE CATALUNYA - esquerra,0,0,Ministerio del Interior / portal oficial de datos abiertos,PRIMARY_OFFICIAL
2008,2008-03-09,51 - Ceuta,ESQUERRA REPUBLICANA DEL PAIS VALENCIA-PAIS VALENCIA SI - ESQUERRA-PV,0,0,Ministerio del Interior / portal oficial de datos abiertos,PRIMARY_OFFICIAL
2008,2008-03-09,51 - Ceuta,"ESQUERRA REPUBLICANA DEL PAIS VALENCIA-PAIS VALENCIA, SI - ESQUERRA-PV",0,0,Ministerio del Interior / portal oficial de datos abiertos,PRIMARY_OFFICIAL
2008,2008-03-09,51 - Ceuta,ESQUERRA UNIDA - ELS VERDS - EU-EV,0,0,Ministerio del Interior / portal oficial de datos abiertos,PRIMARY_OFFICIAL
2008,2008-03-09,51 - Ceuta,ESQUERRA UNIDA DEL PAIS VALENCIA-IZQUIERDA REPUBLICANA: ESQUERRA UNIDA I REPUBLICANA - EUPV-IR,0,0,Ministerio del Interior / portal oficial de datos abiertos,PRIMARY_OFFICIAL
2008,2008-03-09,51 - Ceuta,ESQUERRA UNIDA DEL PAIS VALENCIA-IZQUIERDA REPUBLICANA:ESQUERRA UNIDA I REPUBLICANA - EUPV-IR,0,0,Ministerio del Interior / portal oficial de datos abiertos,PRIMARY_OFFICIAL
2008,2008-03-09,51 - Ceuta,EUSKO ALKARTASUNA - EA,0,0,Ministerio del Interior / portal oficial de datos abiertos,PRIMARY_OFFICIAL
2008,2008-03-09,51 - Ceuta,EUZKO ALDERDI JELTZALEA-PARTIDO NACIONALISTA VASCO - EAJ-PNV,0,0,Ministerio del Interior / portal oficial de datos abiertos,PRIMARY_OFFICIAL
2008,2008-03-09,51 - Ceuta,EXTREMADURA UNIDA - EXTREMADURA UNIDA,0,0,Ministerio del Interior / portal oficial de datos abiertos,PRIMARY_OFFICIAL
2008,2008-03-09,51 - Ceuta,EZKER BATUA-BERDEAK-ALTERNATIVA - EB-B,0,0,Ministerio del Interior / portal oficial de datos abiertos,PRIMARY_OFFICIAL
2008,2008-03-09,51 - Ceuta,FALANGE AUTENTICA - F.A.,0,0,Ministerio del Interior / portal oficial de datos abiertos,PRIMARY_OFFICIAL
2008,2008-03-09,51 - Ceuta,FALANGE AUTENTICA - FA,0,0,Ministerio del Interior / portal oficial de datos abiertos,PRIMARY_OFFICIAL
2008,2008-03-09,51 - Ceuta,FALANGE ESPAÑOLA DE LA JONS - FE de las JONS,0,0,Ministerio del Interior / portal oficial de datos abiertos,PRIMARY_OFFICIAL
2008,2008-03-09,51 - Ceuta,FALANGE ESPAÑOLA DE LAS J.O.N.S. - F.E. de las J.O.N.S.,0,0,Ministerio del Interior / portal oficial de datos abiertos,PRIMARY_OFFICIAL
2008,2008-03-09,51 - Ceuta,FALANGE ESPAÑOLA DE LAS J.O.N.S. - FE de las JONS,0,0,Ministerio del Interior / portal oficial de datos abiertos,PRIMARY_OFFICIAL
2008,2008-03-09,51 - Ceuta,FALANGE ESPAÑOLA DE LAS J.O.N.S. - FE-JONS,0,0,Ministerio del Interior / portal oficial de datos abiertos,PRIMARY_OFFICIAL
2008,2008-03-09,51 - Ceuta,FALANGE ESPAÑOLA DE LAS JONS - F.E. de las J.O.N.S.,0,0,Ministerio del Interior / portal oficial de datos abiertos,PRIMARY_OFFICIAL
2008,2008-03-09,51 - Ceuta,FALANGE ESPAÑOLA DE LAS JONS - FE DE LAS JONS,0,0,Ministerio del Interior / portal oficial de datos abiertos,PRIMARY_OFFICIAL
2008,2008-03-09,51 - Ceuta,FALANGE ESPAÑOLA DE LAS JONS - FE de las JONS,58,0,Ministerio del Interior / portal oficial de datos abiertos,PRIMARY_OFFICIAL
2008,2008-03-09,51 - Ceuta,FALANGE ESPAÑOLA DE LAS JONS - FE-JONS,0,0,Ministerio del Interior / portal oficial de datos abiertos,PRIMARY_OFFICIAL
2008,2008-03-09,51 - Ceuta,FAMILIA I VIDA - PFiV,0,0,Ministerio del Interior / portal oficial de datos abiertos,PRIMARY_OFFICIAL
2008,2008-03-09,51 - Ceuta,FAMILIA Y VIDA - PFyV,0,0,Ministerio del Interior / portal oficial de datos abiertos,PRIMARY_OFFICIAL
2008,2008-03-09,51 - Ceuta,FRENTE ESPAÑOL - F.E,0,0,Ministerio del Interior / portal oficial de datos abiertos,PRIMARY_OFFICIAL
2008,2008-03-09,51 - Ceuta,FRENTE ESPAÑOL - F.E.,0,0,Ministerio del Interior / portal oficial de datos abiertos,PRIMARY_OFFICIAL
2008,2008-03-09,51 - Ceuta,FRENTE ESPAÑOL - FRENTE,0,0,Ministerio del Interior / portal oficial de datos abiertos,PRIMARY_OFFICIAL
2008,2008-03-09,51 - Ceuta,GENTES DE EL BIERZO - PB-UB,0,0,Ministerio del Interior / portal oficial de datos abiertos,PRIMARY_OFFICIAL
2008,2008-03-09,51 - Ceuta,IDENTITAT REGNE DE VALENCIA - IRV,0,0,Ministerio del Interior / portal oficial de datos abiertos,PRIMARY_OFFICIAL
2008,2008-03-09,51 - Ceuta,INDEPENDIENTES POR CUENCA - ixC,0,0,Ministerio del Interior / portal oficial de datos abiertos,PRIMARY_OFFICIAL
2008,2008-03-09,51 - Ceuta,INICIATIVA CIUDADANA BURGALESA - I.C.Bur,0,0,Ministerio del Interior / portal oficial de datos abiertos,PRIMARY_OFFICIAL
2008,2008-03-09,51 - Ceuta,INICIATIVA MERINDADES DE CASTILLA - I.M.C.,0,0,Ministerio del Interior / portal oficial de datos abiertos,PRIMARY_OFFICIAL
2008,2008-03-09,51 - Ceuta,INICIATIVA PER CATALUNYA VERDS - ESQUERRA UNIDA I ALTERNATIVA - ICV-EUiA,0,0,Ministerio del Interior / portal oficial de datos abiertos,PRIMARY_OFFICIAL
2008,2008-03-09,51 - Ceuta,INICIATIVA PER CATALUNYA VERDS-ESQUERRA UNIDA I ALTERNATIVA - ICV-EUiA,0,0,Ministerio del Interior / portal oficial de datos abiertos,PRIMARY_OFFICIAL
2008,2008-03-09,51 - Ceuta,IZQUIERDA REPUBLICANA - IR,0,0,Ministerio del Interior / portal oficial de datos abiertos,PRIMARY_OFFICIAL
2008,2008-03-09,51 - Ceuta,IZQUIERDA REPUBLICANA-PARTIT REPUBLICA D'ESQUERRA - IR-PRE,0,0,Ministerio del Interior / portal oficial de datos abiertos,PRIMARY_OFFICIAL
2008,2008-03-09,51 - Ceuta,IZQUIERDA UNIDA - BLOQUE POR ASTURIES - LOS VERDES - IU-B.A-LOS VERDES,0,0,Ministerio del Interior / portal oficial de datos abiertos,PRIMARY_OFFICIAL
2008,2008-03-09,51 - Ceuta,IZQUIERDA UNIDA CANARIA-ALTERNATIVA - IUC,0,0,Ministerio del Interior / portal oficial de datos abiertos,PRIMARY_OFFICIAL
2008,2008-03-09,51 - Ceuta,IZQUIERDA UNIDA COMUNIDAD DE MADRID-ALTERNATIVA - IU-CM.,0,0,Ministerio del Interior / portal oficial de datos abiertos,PRIMARY_OFFICIAL
2008,2008-03-09,51 - Ceuta,IZQUIERDA UNIDA DE CEUTA - I.U.,244,0,Ministerio del Interior / portal oficial de datos abiertos,PRIMARY_OFFICIAL
2008,2008-03-09,51 - Ceuta,IZQUIERDA UNIDA DE LA REGION DE MURCIA-ALTERNATIVA - I.U.R.M.,0,0,Ministerio del Interior / portal oficial de datos abiertos,PRIMARY_OFFICIAL
2008,2008-03-09,51 - Ceuta,IZQUIERDA UNIDA DE NAVARRA - NAFARROAKO EZKER BATUA - ALTERNATIVA - IUN-NEB,0,0,Ministerio del Interior / portal oficial de datos abiertos,PRIMARY_OFFICIAL
2008,2008-03-09,51 - Ceuta,IZQUIERDA UNIDA LOS VERDES CONVOCATORIA POR ANDALUCIA-ALTERNATIVA - IULV-CA,0,0,Ministerio del Interior / portal oficial de datos abiertos,PRIMARY_OFFICIAL
2008,2008-03-09,51 - Ceuta,IZQUIERDA UNIDA LOS VERDES-CONVOCATORIA POR ANDALUCIA - ALTERNATIVA - IULV-CA,0,0,Ministerio del Interior / portal oficial de datos abiertos,PRIMARY_OFFICIAL
2008,2008-03-09,51 - Ceuta,IZQUIERDA UNIDA LOS VERDES-CONVOCATORIA POR ANDALUCIA-ALTERNATIVA - IULV-CA,0,0,Ministerio del Interior / portal oficial de datos abiertos,PRIMARY_OFFICIAL
2008,2008-03-09,51 - Ceuta,IZQUIERDA UNIDA-ALTERNATIVA - I.U.,0,0,Ministerio del Interior / portal oficial de datos abiertos,PRIMARY_OFFICIAL
2008,2008-03-09,51 - Ceuta,IZQUIERDA UNIDA-ALTERNATIVA - IU,0,0,Ministerio del Interior / portal oficial de datos abiertos,PRIMARY_OFFICIAL
2008,2008-03-09,51 - Ceuta,LLUITA INTERNACIONALISTA - (LI(LIT-CI)),0,0,Ministerio del Interior / portal oficial de datos abiertos,PRIMARY_OFFICIAL
2008,2008-03-09,51 - Ceuta,LLUITA INTERNACIONALISTA - L.I.(LIT-CI),0,0,Ministerio del Interior / portal oficial de datos abiertos,PRIMARY_OFFICIAL
2008,2008-03-09,51 - Ceuta,LLUITA INTERNACIONALISTA - LI-LITCI,0,0,Ministerio del Interior / portal oficial de datos abiertos,PRIMARY_OFFICIAL
2008,2008-03-09,51 - Ceuta,LOS VERDES - LOS VERDES,0,0,Ministerio del Interior / portal oficial de datos abiertos,PRIMARY_OFFICIAL
2008,2008-03-09,51 - Ceuta,LOS VERDES - LV,0,0,Ministerio del Interior / portal oficial de datos abiertos,PRIMARY_OFFICIAL
2008,2008-03-09,51 - Ceuta,LOS VERDES - VERDES,0,0,Ministerio del Interior / portal oficial de datos abiertos,PRIMARY_OFFICIAL
2008,2008-03-09,51 - Ceuta,LOS VERDES COMUNIDAD DE MADRID-LOS VERDES DE EUROPA - LVCM-LVE,0,0,Ministerio del Interior / portal oficial de datos abiertos,PRIMARY_OFFICIAL
2008,2008-03-09,51 - Ceuta,LOS VERDES DE EUROPA - LOS VERDES DE EUROPA,0,0,Ministerio del Interior / portal oficial de datos abiertos,PRIMARY_OFFICIAL
2008,2008-03-09,51 - Ceuta,LOS VERDES DE EUROPA - LVE,0,0,Ministerio del Interior / portal oficial de datos abiertos,PRIMARY_OFFICIAL
2008,2008-03-09,51 - Ceuta,LOS VERDES DE EXTREMADURA - LV,0,0,Ministerio del Interior / portal oficial de datos abiertos,PRIMARY_OFFICIAL
2008,2008-03-09,51 - Ceuta,LOS VERDES-ELS VERDS - LV-EV,0,0,Ministerio del Interior / portal oficial de datos abiertos,PRIMARY_OFFICIAL
2008,2008-03-09,51 - Ceuta,LOS VERDES-GRUPO VERDE - L.V.,0,0,Ministerio del Interior / portal oficial de datos abiertos,PRIMARY_OFFICIAL
2008,2008-03-09,51 - Ceuta,LOS VERDES-GRUPO VERDE - LV,0,0,Ministerio del Interior / portal oficial de datos abiertos,PRIMARY_OFFICIAL
2008,2008-03-09,51 - Ceuta,LOS VERDES-GRUPO VERDE - LV-GV,220,0,Ministerio del Interior / portal oficial de datos abiertos,PRIMARY_OFFICIAL
2008,2008-03-09,51 - Ceuta,LUCHA INTERNACIONALISTA - LI-LITCI,0,0,Ministerio del Interior / portal oficial de datos abiertos,PRIMARY_OFFICIAL
2008,2008-03-09,51 - Ceuta,MOVIMIENTO FALANGISTA DE ESPAÑA - M.F.E.,0,0,Ministerio del Interior / portal oficial de datos abiertos,PRIMARY_OFFICIAL
2008,2008-03-09,51 - Ceuta,MOVIMIENTO POR LA UNIDAD DEL PUEBLO CANARIO - MUPC,0,0,Ministerio del Interior / portal oficial de datos abiertos,PRIMARY_OFFICIAL
2008,2008-03-09,51 - Ceuta,NAFARROA BAI - NA-BAI,0,0,Ministerio del Interior / portal oficial de datos abiertos,PRIMARY_OFFICIAL
2008,2008-03-09,51 - Ceuta,NOSALTRES SOM - N som,0,0,Ministerio del Interior / portal oficial de datos abiertos,PRIMARY_OFFICIAL
2008,2008-03-09,51 - Ceuta,NUEVA CANARIAS-CENTRO CANARIO - NC-CCN,0,0,Ministerio del Interior / portal oficial de datos abiertos,PRIMARY_OFFICIAL
2008,2008-03-09,51 - Ceuta,OPCIO NACIONALISTA VALENCIANA - O.N.V.,0,0,Ministerio del Interior / portal oficial de datos abiertos,PRIMARY_OFFICIAL
2008,2008-03-09,51 - Ceuta,OPCIO NACIONALISTA VALENCIANA - ONV,0,0,Ministerio del Interior / portal oficial de datos abiertos,PRIMARY_OFFICIAL
2008,2008-03-09,51 - Ceuta,OS VERDES - GRUPO VERDE - OV,0,0,Ministerio del Interior / portal oficial de datos abiertos,PRIMARY_OFFICIAL
2008,2008-03-09,51 - Ceuta,PARTIDO ALTERNATIVA MOTOR Y DEPORTES - A.M.D.,0,0,Ministerio del Interior / portal oficial de datos abiertos,PRIMARY_OFFICIAL
2008,2008-03-09,51 - Ceuta,PARTIDO ANTITAURINO CONTRA EL MALTRATO ANIMAL - P.A.C.M.A,0,0,Ministerio del Interior / portal oficial de datos abiertos,PRIMARY_OFFICIAL
2008,2008-03-09,51 - Ceuta,PARTIDO ANTITAURINO CONTRA EL MALTRATO ANIMAL - P.A.C.M.A.,104,0,Ministerio del Interior / portal oficial de datos abiertos,PRIMARY_OFFICIAL
2008,2008-03-09,51 - Ceuta,PARTIDO ANTITAURINO CONTRA EL MALTRATO ANIMAL - PACMA,0,0,Ministerio del Interior / portal oficial de datos abiertos,PRIMARY_OFFICIAL
2008,2008-03-09,51 - Ceuta,PARTIDO ARAGONES - PAR,0,0,Ministerio del Interior / portal oficial de datos abiertos,PRIMARY_OFFICIAL
2008,2008-03-09,51 - Ceuta,PARTIDO CARLISTA - P.C.,0,0,Ministerio del Interior / portal oficial de datos abiertos,PRIMARY_OFFICIAL
2008,2008-03-09,51 - Ceuta,PARTIDO CARLISTA - PARTIDO CARLISTA,0,0,Ministerio del Interior / portal oficial de datos abiertos,PRIMARY_OFFICIAL
2008,2008-03-09,51 - Ceuta,PARTIDO CARLISTA - PC,0,0,Ministerio del Interior / portal oficial de datos abiertos,PRIMARY_OFFICIAL
2008,2008-03-09,51 - Ceuta,PARTIDO CARLISTA DE EUSKALERRIA-PARTIDO CARLISTA - EKA-PC.,0,0,Ministerio del Interior / portal oficial de datos abiertos,PRIMARY_OFFICIAL
2008,2008-03-09,51 - Ceuta,PARTIDO CARLISTA DE EUSKALHERRIA-EUSKALHERRIKO KARLISTA ALDERDIA - PARTIDO CARLISTA-EKA,0,0,Ministerio del Interior / portal oficial de datos abiertos,PRIMARY_OFFICIAL
2008,2008-03-09,51 - Ceuta,PARTIDO CENTRISTA - PCTR,0,0,Ministerio del Interior / portal oficial de datos abiertos,PRIMARY_OFFICIAL
2008,2008-03-09,51 - Ceuta,PARTIDO CENTRISTAS - Centristas PCTR,0,0,Ministerio del Interior / portal oficial de datos abiertos,PRIMARY_OFFICIAL
2008,2008-03-09,51 - Ceuta,PARTIDO CENTRISTAS - PCTR,0,0,Ministerio del Interior / portal oficial de datos abiertos,PRIMARY_OFFICIAL
2008,2008-03-09,51 - Ceuta,PARTIDO CIUDADANOS UNIDOS DE ARAGON - pCUA,0,0,Ministerio del Interior / portal oficial de datos abiertos,PRIMARY_OFFICIAL
2008,2008-03-09,51 - Ceuta,PARTIDO COMUNISTA DE LOS PUEBLOS DE ESPAÑA - P.C.P.E.,0,0,Ministerio del Interior / portal oficial de datos abiertos,PRIMARY_OFFICIAL
2008,2008-03-09,51 - Ceuta,PARTIDO COMUNISTA DE LOS PUEBLOS DE ESPAÑA - P.C.P.E.-E.K.,0,0,Ministerio del Interior / portal oficial de datos abiertos,PRIMARY_OFFICIAL
2008,2008-03-09,51 - Ceuta,PARTIDO COMUNISTA DE LOS PUEBLOS DE ESPAÑA - PCPE,0,0,Ministerio del Interior / portal oficial de datos abiertos,PRIMARY_OFFICIAL
2008,2008-03-09,51 - Ceuta,PARTIDO COMUNISTA DE LOS PUEBLOS DE ESPAÑA-EUSKAL KOMUNISTAK - PCPE - EK,0,0,Ministerio del Interior / portal oficial de datos abiertos,PRIMARY_OFFICIAL
2008,2008-03-09,51 - Ceuta,PARTIDO COMUNISTA DEL PUEBLO CANARIO - PCPE,0,0,Ministerio del Interior / portal oficial de datos abiertos,PRIMARY_OFFICIAL
2008,2008-03-09,51 - Ceuta,PARTIDO COMUNISTA DEL PUEBLO CASTELLANO - PCPE,0,0,Ministerio del Interior / portal oficial de datos abiertos,PRIMARY_OFFICIAL
2008,2008-03-09,51 - Ceuta,PARTIDO COMUNISTA DEL PUEBLO CASTELLANO-PCPE - PCPE,0,0,Ministerio del Interior / portal oficial de datos abiertos,PRIMARY_OFFICIAL
2008,2008-03-09,51 - Ceuta,PARTIDO COMUNISTA DEL PUEBLO DE CATALUNYA - PCPC,0,0,Ministerio del Interior / portal oficial de datos abiertos,PRIMARY_OFFICIAL
2008,2008-03-09,51 - Ceuta,PARTIDO COMUNISTA DEL PUEBLO DE CATALUÑA - PCPC,0,0,Ministerio del Interior / portal oficial de datos abiertos,PRIMARY_OFFICIAL
2008,2008-03-09,51 - Ceuta,PARTIDO COMUNISTA DO POBO GALEGO - PCPG,0,0,Ministerio del Interior / portal oficial de datos abiertos,PRIMARY_OFFICIAL
2008,2008-03-09,51 - Ceuta,PARTIDO COMUNISTA DO POVO GALEGO - P.C.P.G.,0,0,Ministerio del Interior / portal oficial de datos abiertos,PRIMARY_OFFICIAL
2008,2008-03-09,51 - Ceuta,PARTIDO COMUNISTA PUEBLOS DE ESPAÑA - PCPE,0,0,Ministerio del Interior / portal oficial de datos abiertos,PRIMARY_OFFICIAL
2008,2008-03-09,51 - Ceuta,PARTIDO DE ALIANZA IBEROAMERICANA EUROPEA - PAIE,0,0,Ministerio del Interior / portal oficial de datos abiertos,PRIMARY_OFFICIAL
2008,2008-03-09,51 - Ceuta,PARTIDO DE ALMERIA - PdeAL,0,0,Ministerio del Interior / portal oficial de datos abiertos,PRIMARY_OFFICIAL
2008,2008-03-09,51 - Ceuta,PARTIDO DE LAS LIBERTADES CIVILES - PLCI,0,0,Ministerio del Interior / portal oficial de datos abiertos,PRIMARY_OFFICIAL
2008,2008-03-09,51 - Ceuta,PARTIDO DE LOS NO-FUMADORES - PNF (NO-FUMADORES),0,0,Ministerio del Interior / portal oficial de datos abiertos,PRIMARY_OFFICIAL
2008,2008-03-09,51 - Ceuta,PARTIDO DE LOS PENSIONISTAS EN ACCION - PDLPEA,0,0,Ministerio del Interior / portal oficial de datos abiertos,PRIMARY_OFFICIAL
2008,2008-03-09,51 - Ceuta,PARTIDO DOS SOCIALISTAS DE GALICIA-PARTIDO SOCIALISTA OBRERO ESPAÑOL - PSdeG-PSOE,0,0,Ministerio del Interior / portal oficial de datos abiertos,PRIMARY_OFFICIAL
2008,2008-03-09,51 - Ceuta,PARTIDO DOS SOCIALISTAS DE GALICIA-PSOE - PSdeG-PSOE,0,0,Ministerio del Interior / portal oficial de datos abiertos,PRIMARY_OFFICIAL
2008,2008-03-09,51 - Ceuta,PARTIDO FAMILIA Y VIDA - PFyV,0,0,Ministerio del Interior / portal oficial de datos abiertos,PRIMARY_OFFICIAL
2008,2008-03-09,51 - Ceuta,PARTIDO HACHE - PHache,0,0,Ministerio del Interior / portal oficial de datos abiertos,PRIMARY_OFFICIAL
2008,2008-03-09,51 - Ceuta,PARTIDO HUMANISTA - P.H.,0,0,Ministerio del Interior / portal oficial de datos abiertos,PRIMARY_OFFICIAL
2008,2008-03-09,51 - Ceuta,PARTIDO HUMANISTA - PH,0,0,Ministerio del Interior / portal oficial de datos abiertos,PRIMARY_OFFICIAL
2008,2008-03-09,51 - Ceuta,PARTIDO IZQUIERDA REPUBLICANA-PARTIT REPUBLICA D'ESQUERRA - IR-PRE,0,0,Ministerio del Interior / portal oficial de datos abiertos,PRIMARY_OFFICIAL
2008,2008-03-09,51 - Ceuta,PARTIDO LIBERAL DEL EMPLEO Y LA VIVIENDA ESTATAL - P.L.E.V.E.,0,0,Ministerio del Interior / portal oficial de datos abiertos,PRIMARY_OFFICIAL
2008,2008-03-09,51 - Ceuta,PARTIDO LIBERTADES CIVILES - PLCI,0,0,Ministerio del Interior / portal oficial de datos abiertos,PRIMARY_OFFICIAL
2008,2008-03-09,51 - Ceuta,PARTIDO OBRERO SOCIALISTA INTERNACIONALISTA - P.O.S.I.,0,0,Ministerio del Interior / portal oficial de datos abiertos,PRIMARY_OFFICIAL
2008,2008-03-09,51 - Ceuta,PARTIDO OBRERO SOCIALISTA INTERNACIONALISTA - POSI,0,0,Ministerio del Interior / portal oficial de datos abiertos,PRIMARY_OFFICIAL
2008,2008-03-09,51 - Ceuta,PARTIDO POLITICO ARALAR - aralar,0,0,Ministerio del Interior / portal oficial de datos abiertos,PRIMARY_OFFICIAL
2008,2008-03-09,51 - Ceuta,PARTIDO POPULAR - P.P.,0,0,Ministerio del Interior / portal oficial de datos abiertos,PRIMARY_OFFICIAL
2008,2008-03-09,51 - Ceuta,PARTIDO POPULAR - PP,20040,1,Ministerio del Interior / portal oficial de datos abiertos,PRIMARY_OFFICIAL
2008,2008-03-09,51 - Ceuta,PARTIDO POPULAR/PARTIT POPULAR - PP,0,0,Ministerio del Interior / portal oficial de datos abiertos,PRIMARY_OFFICIAL
2008,2008-03-09,51 - Ceuta,PARTIDO POR UN MUNDO MAS JUSTO - PUM+J,0,0,Ministerio del Interior / portal oficial de datos abiertos,PRIMARY_OFFICIAL
2008,2008-03-09,51 - Ceuta,PARTIDO POSITIVISTA CRISTIANO - PPCr,0,0,Ministerio del Interior / portal oficial de datos abiertos,PRIMARY_OFFICIAL
2008,2008-03-09,51 - Ceuta,PARTIDO REGIONALISTA DE GUADALAJARA - P.R.GU.,0,0,Ministerio del Interior / portal oficial de datos abiertos,PRIMARY_OFFICIAL
2008,2008-03-09,51 - Ceuta,PARTIDO REGIONALISTA DEL PAIS LEONES - PREPAL,0,0,Ministerio del Interior / portal oficial de datos abiertos,PRIMARY_OFFICIAL
2008,2008-03-09,51 - Ceuta,PARTIDO RIOJANO - PARTIDO RIOJANO,0,0,Ministerio del Interior / portal oficial de datos abiertos,PRIMARY_OFFICIAL
2008,2008-03-09,51 - Ceuta,PARTIDO SOCIAL DEMOCRATA - P.S.D.,0,0,Ministerio del Interior / portal oficial de datos abiertos,PRIMARY_OFFICIAL
2008,2008-03-09,51 - Ceuta,PARTIDO SOCIAL DEMOCRATA - PSD,67,0,Ministerio del Interior / portal oficial de datos abiertos,PRIMARY_OFFICIAL
2008,2008-03-09,51 - Ceuta,PARTIDO SOCIAL DEMOCRATA-FEDERACION DE LOS INDEPENDIENTES DE ARAGON - PSD-FIA,0,0,Ministerio del Interior / portal oficial de datos abiertos,PRIMARY_OFFICIAL
2008,2008-03-09,51 - Ceuta,PARTIDO SOCIALISTA DE EUSKADI-EUSKADIKO EZKERRA (PSOE) - PSE-EE (PSOE),0,0,Ministerio del Interior / portal oficial de datos abiertos,PRIMARY_OFFICIAL
2008,2008-03-09,51 - Ceuta,PARTIDO SOCIALISTA DE EUSKADI-EUSKADIKO EZKERRA - PSE-EE (PSOE),0,0,Ministerio del Interior / portal oficial de datos abiertos,PRIMARY_OFFICIAL
2008,2008-03-09,51 - Ceuta,PARTIDO SOCIALISTA OBRERO ESPAÑOL - P.S.O.E.,0,0,Ministerio del Interior / portal oficial de datos abiertos,PRIMARY_OFFICIAL
2008,2008-03-09,51 - Ceuta,PARTIDO SOCIALISTA OBRERO ESPAÑOL - PSOE,14716,0,Ministerio del Interior / portal oficial de datos abiertos,PRIMARY_OFFICIAL
2008,2008-03-09,51 - Ceuta,PARTIDO SOCIALISTA OBRERO ESPAÑOL DE ANDALUCIA - PSOE-A,0,0,Ministerio del Interior / portal oficial de datos abiertos,PRIMARY_OFFICIAL
2008,2008-03-09,51 - Ceuta,PARTIDO SOLIDARIDAD Y AUTOGESTION INTERNACIONALISTA - SAIN,0,0,Ministerio del Interior / portal oficial de datos abiertos,PRIMARY_OFFICIAL
2008,2008-03-09,51 - Ceuta,PARTIDO UNIONISTA ESTADO DE ESPAÑA - P.U.E.D.E.,0,0,Ministerio del Interior / portal oficial de datos abiertos,PRIMARY_OFFICIAL
2008,2008-03-09,51 - Ceuta,PARTIDO UNIONISTA ESTADO DE ESPAÑA - PUEDE,0,0,Ministerio del Interior / portal oficial de datos abiertos,PRIMARY_OFFICIAL
2008,2008-03-09,51 - Ceuta,PARTIT ANTITAURI CONTRA EL MALTRACTAMENT ANIMAL - P.A.C.M.A.,0,0,Ministerio del Interior / portal oficial de datos abiertos,PRIMARY_OFFICIAL
2008,2008-03-09,51 - Ceuta,PARTIT ANTITAURI CONTRA EL MALTRACTAMENT ANIMAL - PACMA,0,0,Ministerio del Interior / portal oficial de datos abiertos,PRIMARY_OFFICIAL
2008,2008-03-09,51 - Ceuta,PARTIT CARLI DE CATALUNYA - P. C. de C.,0,0,Ministerio del Interior / portal oficial de datos abiertos,PRIMARY_OFFICIAL
2008,2008-03-09,51 - Ceuta,PARTIT CARLI DE CATALUNYA - PCaC,0,0,Ministerio del Interior / portal oficial de datos abiertos,PRIMARY_OFFICIAL
2008,2008-03-09,51 - Ceuta,PARTIT COMUNISTA DEL POBLE DE CATALUNYA - P.C.P.C.,0,0,Ministerio del Interior / portal oficial de datos abiertos,PRIMARY_OFFICIAL
2008,2008-03-09,51 - Ceuta,PARTIT COMUNISTA DELS POBLES D'ESPANYA - PCPE,0,0,Ministerio del Interior / portal oficial de datos abiertos,PRIMARY_OFFICIAL
2008,2008-03-09,51 - Ceuta,PARTIT DELS SOCIALISTES DE CATALUNYA - PSC (PSC-PSOE),0,0,Ministerio del Interior / portal oficial de datos abiertos,PRIMARY_OFFICIAL
2008,2008-03-09,51 - Ceuta,PARTIT DELS SOCIALISTES DE CATALUNYA - PSC-PSOE,0,0,Ministerio del Interior / portal oficial de datos abiertos,PRIMARY_OFFICIAL
2008,2008-03-09,51 - Ceuta,PARTIT FAMILIA I VIDA - PFiV,0,0,Ministerio del Interior / portal oficial de datos abiertos,PRIMARY_OFFICIAL
2008,2008-03-09,51 - Ceuta,PARTIT HUMANISTA - P.H.,0,0,Ministerio del Interior / portal oficial de datos abiertos,PRIMARY_OFFICIAL
2008,2008-03-09,51 - Ceuta,PARTIT HUMANISTA - PH,0,0,Ministerio del Interior / portal oficial de datos abiertos,PRIMARY_OFFICIAL
2008,2008-03-09,51 - Ceuta,PARTIT HUMANISTA DE CATALUNYA - PH,0,0,Ministerio del Interior / portal oficial de datos abiertos,PRIMARY_OFFICIAL
2008,2008-03-09,51 - Ceuta,PARTIT ILLENC DE SES ILLES BALEARS - PIIB,0,0,Ministerio del Interior / portal oficial de datos abiertos,PRIMARY_OFFICIAL
2008,2008-03-09,51 - Ceuta,PARTIT OBRER SOCIALISTA INTERNACIONALISTA - P.O.S.I.,0,0,Ministerio del Interior / portal oficial de datos abiertos,PRIMARY_OFFICIAL
2008,2008-03-09,51 - Ceuta,PARTIT OBRER SOCIALISTA INTERNACIONALISTA - POSI,0,0,Ministerio del Interior / portal oficial de datos abiertos,PRIMARY_OFFICIAL
2008,2008-03-09,51 - Ceuta,PARTIT PER CATALUNYA - PxCat,0,0,Ministerio del Interior / portal oficial de datos abiertos,PRIMARY_OFFICIAL
2008,2008-03-09,51 - Ceuta,PARTIT POPULAR/PARTIDO POPULAR - P.P.,0,0,Ministerio del Interior / portal oficial de datos abiertos,PRIMARY_OFFICIAL
2008,2008-03-09,51 - Ceuta,PARTIT REPUBLICA CATALA - RC,0,0,Ministerio del Interior / portal oficial de datos abiertos,PRIMARY_OFFICIAL
2008,2008-03-09,51 - Ceuta,PER LA REPUBLICA VALENCIANA - PLRV,0,0,Ministerio del Interior / portal oficial de datos abiertos,PRIMARY_OFFICIAL
2008,2008-03-09,51 - Ceuta,PER LA REPUBLICA VALENCIANA - plRV,0,0,Ministerio del Interior / portal oficial de datos abiertos,PRIMARY_OFFICIAL
2008,2008-03-09,51 - Ceuta,POR UN MUNDO MAS JUSTO - PUM+J,42,0,Ministerio del Interior / portal oficial de datos abiertos,PRIMARY_OFFICIAL
2008,2008-03-09,51 - Ceuta,REPRESENTACION CANNABICA NAVARRA - RCN-NOK,0,0,Ministerio del Interior / portal oficial de datos abiertos,PRIMARY_OFFICIAL
2008,2008-03-09,51 - Ceuta,SOLIDARIDAD Y AUTOGESTION INTERNACIONALISTA - SAIN,0,0,Ministerio del Interior / portal oficial de datos abiertos,PRIMARY_OFFICIAL
2008,2008-03-09,51 - Ceuta,SOLIDARIDAD Y AUTOGESTION INTERNACIONALISTA - SAIn,0,0,Ministerio del Interior / portal oficial de datos abiertos,PRIMARY_OFFICIAL
2008,2008-03-09,51 - Ceuta,TIERRA COMUNERA - TC,0,0,Ministerio del Interior / portal oficial de datos abiertos,PRIMARY_OFFICIAL
2008,2008-03-09,51 - Ceuta,UNIDA - UNIDA,0,0,Ministerio del Interior / portal oficial de datos abiertos,PRIMARY_OFFICIAL
2008,2008-03-09,51 - Ceuta,UNIDAD CASTELLANA - Ud. Ca.,0,0,Ministerio del Interior / portal oficial de datos abiertos,PRIMARY_OFFICIAL
2008,2008-03-09,51 - Ceuta,UNIDAD DEL PUEBLO - UNIDAD DEL PUEBLO,0,0,Ministerio del Interior / portal oficial de datos abiertos,PRIMARY_OFFICIAL
2008,2008-03-09,51 - Ceuta,UNIDAD REGIONALISTA DE CASTILLA Y LEON - U.R.C.L.,0,0,Ministerio del Interior / portal oficial de datos abiertos,PRIMARY_OFFICIAL
2008,2008-03-09,51 - Ceuta,UNION CENTRISTA LIBERAL - UCL,0,0,Ministerio del Interior / portal oficial de datos abiertos,PRIMARY_OFFICIAL
2008,2008-03-09,51 - Ceuta,UNION CIUDADANA PROGRESISTAS INDEPENDIENTES DE CANARIAS - UCPIC,0,0,Ministerio del Interior / portal oficial de datos abiertos,PRIMARY_OFFICIAL
2008,2008-03-09,51 - Ceuta,UNION DEL PUEBLO LEONES - UPL,0,0,Ministerio del Interior / portal oficial de datos abiertos,PRIMARY_OFFICIAL
2008,2008-03-09,51 - Ceuta,UNION DEL PUEBLO NAVARRO EN COALICION CON EL PARTIDO POPULAR - UPN-PP,0,0,Ministerio del Interior / portal oficial de datos abiertos,PRIMARY_OFFICIAL
2008,2008-03-09,51 - Ceuta,UNION POR LEGANES - ULEG,0,0,Ministerio del Interior / portal oficial de datos abiertos,PRIMARY_OFFICIAL
2008,2008-03-09,51 - Ceuta,UNION PROGRESO Y DEMOCRACIA - UPD,0,0,Ministerio del Interior / portal oficial de datos abiertos,PRIMARY_OFFICIAL
2008,2008-03-09,51 - Ceuta,UNION PROGRESO Y DEMOCRACIA - UPyD,0,0,Ministerio del Interior / portal oficial de datos abiertos,PRIMARY_OFFICIAL
2008,2008-03-09,51 - Ceuta,"UNION, PROGRESO Y DEMOCRACIA - UPyD",481,0,Ministerio del Interior / portal oficial de datos abiertos,PRIMARY_OFFICIAL
2008,2008-03-09,51 - Ceuta,UNITAT PER LES ILLES - UNITAT PER LES ILLES,0,0,Ministerio del Interior / portal oficial de datos abiertos,PRIMARY_OFFICIAL
2008,2008-03-09,52 - Melilla,AGRUPACION CIUDADANA - AGRUCI,0,0,Ministerio del Interior / portal oficial de datos abiertos,PRIMARY_OFFICIAL
2008,2008-03-09,52 - Melilla,ALIANZA NACIONAL - A.u.N.,0,0,Ministerio del Interior / portal oficial de datos abiertos,PRIMARY_OFFICIAL
2008,2008-03-09,52 - Melilla,ALIANZA NACIONAL - AN,0,0,Ministerio del Interior / portal oficial de datos abiertos,PRIMARY_OFFICIAL
2008,2008-03-09,52 - Melilla,ALIANZA NACIONAL - AUN,0,0,Ministerio del Interior / portal oficial de datos abiertos,PRIMARY_OFFICIAL
2008,2008-03-09,52 - Melilla,ALIANZA NACIONAL - AuN,0,0,Ministerio del Interior / portal oficial de datos abiertos,PRIMARY_OFFICIAL
2008,2008-03-09,52 - Melilla,ALIANZA POR BURGOS - AxB,0,0,Ministerio del Interior / portal oficial de datos abiertos,PRIMARY_OFFICIAL
2008,2008-03-09,52 - Melilla,ALIANÇA BALEAR - ABA,0,0,Ministerio del Interior / portal oficial de datos abiertos,PRIMARY_OFFICIAL
2008,2008-03-09,52 - Melilla,ALTERNATIVA EN BLANCO - ABLA,0,0,Ministerio del Interior / portal oficial de datos abiertos,PRIMARY_OFFICIAL
2008,2008-03-09,52 - Melilla,ALTERNATIVA EN BLANCO - aBla,0,0,Ministerio del Interior / portal oficial de datos abiertos,PRIMARY_OFFICIAL
2008,2008-03-09,52 - Melilla,ALTERNATIVA ESPAÑOLA - AES,0,0,Ministerio del Interior / portal oficial de datos abiertos,PRIMARY_OFFICIAL
2008,2008-03-09,52 - Melilla,ALTERNATIVA MOTOR Y DEPORTE - A.M.D.,0,0,Ministerio del Interior / portal oficial de datos abiertos,PRIMARY_OFFICIAL
2008,2008-03-09,52 - Melilla,ALTERNATIVA MOTOR Y DEPORTES - A.M.D.,0,0,Ministerio del Interior / portal oficial de datos abiertos,PRIMARY_OFFICIAL
2008,2008-03-09,52 - Melilla,ALTERNATIVA MOTOR Y DEPORTES - AMD,0,0,Ministerio del Interior / portal oficial de datos abiertos,PRIMARY_OFFICIAL
2008,2008-03-09,52 - Melilla,ALTERNATIVA NACIONALISTA CANARIA - ANC,0,0,Ministerio del Interior / portal oficial de datos abiertos,PRIMARY_OFFICIAL
2008,2008-03-09,52 - Melilla,ANDECHA ASTUR - AA,0,0,Ministerio del Interior / portal oficial de datos abiertos,PRIMARY_OFFICIAL
2008,2008-03-09,52 - Melilla,ARALAR - aralar,0,0,Ministerio del Interior / portal oficial de datos abiertos,PRIMARY_OFFICIAL
2008,2008-03-09,52 - Melilla,ASAMBLEA DE VOTACION ELECTRONICA - AVE,0,0,Ministerio del Interior / portal oficial de datos abiertos,PRIMARY_OFFICIAL
2008,2008-03-09,52 - Melilla,BERDEAK-LOS VERDES - B-LV,0,0,Ministerio del Interior / portal oficial de datos abiertos,PRIMARY_OFFICIAL
2008,2008-03-09,52 - Melilla,BLOC-INICIATIVA-VERDS - BLOC-IDPV-EV-EE,0,0,Ministerio del Interior / portal oficial de datos abiertos,PRIMARY_OFFICIAL
2008,2008-03-09,52 - Melilla,BLOC-INICIATIVA-VERDS - BLOC-IdPV-EV-EE,0,0,Ministerio del Interior / portal oficial de datos abiertos,PRIMARY_OFFICIAL
2008,2008-03-09,52 - Melilla,BLOQUE NACIONALISTA GALEGO - B.N.G.,0,0,Ministerio del Interior / portal oficial de datos abiertos,PRIMARY_OFFICIAL
2008,2008-03-09,52 - Melilla,BLOQUE NACIONALISTA GALEGO - BNG,0,0,Ministerio del Interior / portal oficial de datos abiertos,PRIMARY_OFFICIAL
2008,2008-03-09,52 - Melilla,CENTRO DEMOCRATICO ESPAÑOL - C.D.Es.,0,0,Ministerio del Interior / portal oficial de datos abiertos,PRIMARY_OFFICIAL
2008,2008-03-09,52 - Melilla,CENTRO DEMOCRATICO ESPAÑOL - CDEs,0,0,Ministerio del Interior / portal oficial de datos abiertos,PRIMARY_OFFICIAL
2008,2008-03-09,52 - Melilla,CENTRO DEMOCRATICO LIBERAL - C.D.L.,0,0,Ministerio del Interior / portal oficial de datos abiertos,PRIMARY_OFFICIAL
2008,2008-03-09,52 - Melilla,CENTRO DEMOCRATICO LIBERAL - CDL,0,0,Ministerio del Interior / portal oficial de datos abiertos,PRIMARY_OFFICIAL
2008,2008-03-09,52 - Melilla,CENTRO DEMOCRATICO SOCIAL - C.D.S.,0,0,Ministerio del Interior / portal oficial de datos abiertos,PRIMARY_OFFICIAL
2008,2008-03-09,52 - Melilla,CENTRO DEMOCRATICO Y SOCIAL - CDS,0,0,Ministerio del Interior / portal oficial de datos abiertos,PRIMARY_OFFICIAL
2008,2008-03-09,52 - Melilla,CHUNTA ARAGONESISTA - CHA,0,0,Ministerio del Interior / portal oficial de datos abiertos,PRIMARY_OFFICIAL
2008,2008-03-09,52 - Melilla,CIUDADANOS EN BLANCO - CENB,0,0,Ministerio del Interior / portal oficial de datos abiertos,PRIMARY_OFFICIAL
2008,2008-03-09,52 - Melilla,CIUDADANOS EN BLANCO - CNB,0,0,Ministerio del Interior / portal oficial de datos abiertos,PRIMARY_OFFICIAL
2008,2008-03-09,52 - Melilla,CIUDADANOS EN BLANCO - CenB,0,0,Ministerio del Interior / portal oficial de datos abiertos,PRIMARY_OFFICIAL
2008,2008-03-09,52 - Melilla,CIUDADANOS EN BLANCO - Cenb,0,0,Ministerio del Interior / portal oficial de datos abiertos,PRIMARY_OFFICIAL
2008,2008-03-09,52 - Melilla,CIUDADANOS PARTIDO DE LA CIUDADANIA - C's,0,0,Ministerio del Interior / portal oficial de datos abiertos,PRIMARY_OFFICIAL
2008,2008-03-09,52 - Melilla,CIUDADANOS-PARTIDO DE LA CIUDADANIA - C's,39,0,Ministerio del Interior / portal oficial de datos abiertos,PRIMARY_OFFICIAL
2008,2008-03-09,52 - Melilla,"CIUDADANOS-PARTIDO DE LA CIUDADANIA - C,S",0,0,Ministerio del Interior / portal oficial de datos abiertos,PRIMARY_OFFICIAL
2008,2008-03-09,52 - Melilla,CIUTADANS-PARTIDO DE LA CIUDADANIA - C's,0,0,Ministerio del Interior / portal oficial de datos abiertos,PRIMARY_OFFICIAL
2008,2008-03-09,52 - Melilla,COALICIO TREBALLADORS PER LA DEMOCRACIA - TD,0,0,Ministerio del Interior / portal oficial de datos abiertos,PRIMARY_OFFICIAL
2008,2008-03-09,52 - Melilla,COALICIO VALENCIANA - CVa,0,0,Ministerio del Interior / portal oficial de datos abiertos,PRIMARY_OFFICIAL
2008,2008-03-09,52 - Melilla,COALICION ANDALUCISTA - CA,0,0,Ministerio del Interior / portal oficial de datos abiertos,PRIMARY_OFFICIAL
2008,2008-03-09,52 - Melilla,COALICION CANARIA-PARTIDO NACIONALISTA CANARIO - CC-PNC,0,0,Ministerio del Interior / portal oficial de datos abiertos,PRIMARY_OFFICIAL
2008,2008-03-09,52 - Melilla,COALICION CANARIA-PARTIDO NACIONALISTA CANARIO-PARTIDO DE INDEPENDIENTES DE LANZAROTE - CC-PNC-PIL,0,0,Ministerio del Interior / portal oficial de datos abiertos,PRIMARY_OFFICIAL
2008,2008-03-09,52 - Melilla,COMUNION TRADICIONALISTA CARLISTA - C.T.C.,0,0,Ministerio del Interior / portal oficial de datos abiertos,PRIMARY_OFFICIAL
2008,2008-03-09,52 - Melilla,COMUNION TRADICIONALISTA CARLISTA - CTC,0,0,Ministerio del Interior / portal oficial de datos abiertos,PRIMARY_OFFICIAL
2008,2008-03-09,52 - Melilla,CONVERGENCIA DEMOCRATICA ASTURIANA - CDAS,0,0,Ministerio del Interior / portal oficial de datos abiertos,PRIMARY_OFFICIAL
2008,2008-03-09,52 - Melilla,CONVERGENCIA I UNIO - CIU,0,0,Ministerio del Interior / portal oficial de datos abiertos,PRIMARY_OFFICIAL
2008,2008-03-09,52 - Melilla,CONVERGENCIA I UNIO - CiU,0,0,Ministerio del Interior / portal oficial de datos abiertos,PRIMARY_OFFICIAL
2008,2008-03-09,52 - Melilla,DEMOCRACIA NACIONAL - D.N.,0,0,Ministerio del Interior / portal oficial de datos abiertos,PRIMARY_OFFICIAL
2008,2008-03-09,52 - Melilla,DEMOCRACIA NACIONAL - DN,0,0,Ministerio del Interior / portal oficial de datos abiertos,PRIMARY_OFFICIAL
2008,2008-03-09,52 - Melilla,EI ESCONS INSUBMISOS-ALTERNATIVA DELS DEMOCRATES DESCONTENTS - Ei,0,0,Ministerio del Interior / portal oficial de datos abiertos,PRIMARY_OFFICIAL
2008,2008-03-09,52 - Melilla,ELS VERDS - L'ALTERNATIVA ECOLOGISTA - EV-AE,0,0,Ministerio del Interior / portal oficial de datos abiertos,PRIMARY_OFFICIAL
2008,2008-03-09,52 - Melilla,ELS VERDS-ALTERNATIVA VERDA - E.V.-A.V.,0,0,Ministerio del Interior / portal oficial de datos abiertos,PRIMARY_OFFICIAL
2008,2008-03-09,52 - Melilla,ELS VERDS-LOS VERDES - EV-LV,0,0,Ministerio del Interior / portal oficial de datos abiertos,PRIMARY_OFFICIAL
2008,2008-03-09,52 - Melilla,ESCONS INSUBMISOS ALTERNATIVA DELS DEMOCRATES DESCONTENTS - EI-ADD,0,0,Ministerio del Interior / portal oficial de datos abiertos,PRIMARY_OFFICIAL
2008,2008-03-09,52 - Melilla,ESCONS INSUBMISOS-ALTERNATIVA DELS DEMOCRATES DESCONTENTS - Ei,0,0,Ministerio del Interior / portal oficial de datos abiertos,PRIMARY_OFFICIAL
2008,2008-03-09,52 - Melilla,ESPAÑA 2000 - E-2000,0,0,Ministerio del Interior / portal oficial de datos abiertos,PRIMARY_OFFICIAL
2008,2008-03-09,52 - Melilla,ESPAÑA-2000 - E-2000,0,0,Ministerio del Interior / portal oficial de datos abiertos,PRIMARY_OFFICIAL
2008,2008-03-09,52 - Melilla,ESQUERDA UNIDA-IZQUIERDA UNIDA-ALTERNATIVA - EU-IU,0,0,Ministerio del Interior / portal oficial de datos abiertos,PRIMARY_OFFICIAL
2008,2008-03-09,52 - Melilla,ESQUERRA REPUBLICANA DE CATALUNYA - ESQUERRA,0,0,Ministerio del Interior / portal oficial de datos abiertos,PRIMARY_OFFICIAL
2008,2008-03-09,52 - Melilla,ESQUERRA REPUBLICANA DE CATALUNYA - esquerra,0,0,Ministerio del Interior / portal oficial de datos abiertos,PRIMARY_OFFICIAL
2008,2008-03-09,52 - Melilla,ESQUERRA REPUBLICANA DEL PAIS VALENCIA-PAIS VALENCIA SI - ESQUERRA-PV,0,0,Ministerio del Interior / portal oficial de datos abiertos,PRIMARY_OFFICIAL
2008,2008-03-09,52 - Melilla,"ESQUERRA REPUBLICANA DEL PAIS VALENCIA-PAIS VALENCIA, SI - ESQUERRA-PV",0,0,Ministerio del Interior / portal oficial de datos abiertos,PRIMARY_OFFICIAL
2008,2008-03-09,52 - Melilla,ESQUERRA UNIDA - ELS VERDS - EU-EV,0,0,Ministerio del Interior / portal oficial de datos abiertos,PRIMARY_OFFICIAL
2008,2008-03-09,52 - Melilla,ESQUERRA UNIDA DEL PAIS VALENCIA-IZQUIERDA REPUBLICANA: ESQUERRA UNIDA I REPUBLICANA - EUPV-IR,0,0,Ministerio del Interior / portal oficial de datos abiertos,PRIMARY_OFFICIAL
2008,2008-03-09,52 - Melilla,ESQUERRA UNIDA DEL PAIS VALENCIA-IZQUIERDA REPUBLICANA:ESQUERRA UNIDA I REPUBLICANA - EUPV-IR,0,0,Ministerio del Interior / portal oficial de datos abiertos,PRIMARY_OFFICIAL
2008,2008-03-09,52 - Melilla,EUSKO ALKARTASUNA - EA,0,0,Ministerio del Interior / portal oficial de datos abiertos,PRIMARY_OFFICIAL
2008,2008-03-09,52 - Melilla,EUZKO ALDERDI JELTZALEA-PARTIDO NACIONALISTA VASCO - EAJ-PNV,0,0,Ministerio del Interior / portal oficial de datos abiertos,PRIMARY_OFFICIAL
2008,2008-03-09,52 - Melilla,EXTREMADURA UNIDA - EXTREMADURA UNIDA,0,0,Ministerio del Interior / portal oficial de datos abiertos,PRIMARY_OFFICIAL
2008,2008-03-09,52 - Melilla,EZKER BATUA-BERDEAK-ALTERNATIVA - EB-B,0,0,Ministerio del Interior / portal oficial de datos abiertos,PRIMARY_OFFICIAL
2008,2008-03-09,52 - Melilla,FALANGE AUTENTICA - F.A.,0,0,Ministerio del Interior / portal oficial de datos abiertos,PRIMARY_OFFICIAL
2008,2008-03-09,52 - Melilla,FALANGE AUTENTICA - FA,0,0,Ministerio del Interior / portal oficial de datos abiertos,PRIMARY_OFFICIAL
2008,2008-03-09,52 - Melilla,FALANGE ESPAÑOLA DE LA JONS - FE de las JONS,0,0,Ministerio del Interior / portal oficial de datos abiertos,PRIMARY_OFFICIAL
2008,2008-03-09,52 - Melilla,FALANGE ESPAÑOLA DE LAS J.O.N.S. - F.E. de las J.O.N.S.,0,0,Ministerio del Interior / portal oficial de datos abiertos,PRIMARY_OFFICIAL
2008,2008-03-09,52 - Melilla,FALANGE ESPAÑOLA DE LAS J.O.N.S. - FE de las JONS,44,0,Ministerio del Interior / portal oficial de datos abiertos,PRIMARY_OFFICIAL
2008,2008-03-09,52 - Melilla,FALANGE ESPAÑOLA DE LAS J.O.N.S. - FE-JONS,0,0,Ministerio del Interior / portal oficial de datos abiertos,PRIMARY_OFFICIAL
2008,2008-03-09,52 - Melilla,FALANGE ESPAÑOLA DE LAS JONS - F.E. de las J.O.N.S.,0,0,Ministerio del Interior / portal oficial de datos abiertos,PRIMARY_OFFICIAL
2008,2008-03-09,52 - Melilla,FALANGE ESPAÑOLA DE LAS JONS - FE DE LAS JONS,0,0,Ministerio del Interior / portal oficial de datos abiertos,PRIMARY_OFFICIAL
2008,2008-03-09,52 - Melilla,FALANGE ESPAÑOLA DE LAS JONS - FE de las JONS,0,0,Ministerio del Interior / portal oficial de datos abiertos,PRIMARY_OFFICIAL
2008,2008-03-09,52 - Melilla,FALANGE ESPAÑOLA DE LAS JONS - FE-JONS,0,0,Ministerio del Interior / portal oficial de datos abiertos,PRIMARY_OFFICIAL
2008,2008-03-09,52 - Melilla,FAMILIA I VIDA - PFiV,0,0,Ministerio del Interior / portal oficial de datos abiertos,PRIMARY_OFFICIAL
2008,2008-03-09,52 - Melilla,FAMILIA Y VIDA - PFyV,0,0,Ministerio del Interior / portal oficial de datos abiertos,PRIMARY_OFFICIAL
2008,2008-03-09,52 - Melilla,FRENTE ESPAÑOL - F.E,0,0,Ministerio del Interior / portal oficial de datos abiertos,PRIMARY_OFFICIAL
2008,2008-03-09,52 - Melilla,FRENTE ESPAÑOL - F.E.,0,0,Ministerio del Interior / portal oficial de datos abiertos,PRIMARY_OFFICIAL
2008,2008-03-09,52 - Melilla,FRENTE ESPAÑOL - FRENTE,0,0,Ministerio del Interior / portal oficial de datos abiertos,PRIMARY_OFFICIAL
2008,2008-03-09,52 - Melilla,GENTES DE EL BIERZO - PB-UB,0,0,Ministerio del Interior / portal oficial de datos abiertos,PRIMARY_OFFICIAL
2008,2008-03-09,52 - Melilla,IDENTITAT REGNE DE VALENCIA - IRV,0,0,Ministerio del Interior / portal oficial de datos abiertos,PRIMARY_OFFICIAL
2008,2008-03-09,52 - Melilla,INDEPENDIENTES POR CUENCA - ixC,0,0,Ministerio del Interior / portal oficial de datos abiertos,PRIMARY_OFFICIAL
2008,2008-03-09,52 - Melilla,INICIATIVA CIUDADANA BURGALESA - I.C.Bur,0,0,Ministerio del Interior / portal oficial de datos abiertos,PRIMARY_OFFICIAL
2008,2008-03-09,52 - Melilla,INICIATIVA MERINDADES DE CASTILLA - I.M.C.,0,0,Ministerio del Interior / portal oficial de datos abiertos,PRIMARY_OFFICIAL
2008,2008-03-09,52 - Melilla,INICIATIVA PER CATALUNYA VERDS - ESQUERRA UNIDA I ALTERNATIVA - ICV-EUiA,0,0,Ministerio del Interior / portal oficial de datos abiertos,PRIMARY_OFFICIAL
2008,2008-03-09,52 - Melilla,INICIATIVA PER CATALUNYA VERDS-ESQUERRA UNIDA I ALTERNATIVA - ICV-EUiA,0,0,Ministerio del Interior / portal oficial de datos abiertos,PRIMARY_OFFICIAL
2008,2008-03-09,52 - Melilla,IZQUIERDA REPUBLICANA - IR,0,0,Ministerio del Interior / portal oficial de datos abiertos,PRIMARY_OFFICIAL
2008,2008-03-09,52 - Melilla,IZQUIERDA REPUBLICANA-PARTIT REPUBLICA D'ESQUERRA - IR-PRE,0,0,Ministerio del Interior / portal oficial de datos abiertos,PRIMARY_OFFICIAL
2008,2008-03-09,52 - Melilla,IZQUIERDA UNIDA - BLOQUE POR ASTURIES - LOS VERDES - IU-B.A-LOS VERDES,0,0,Ministerio del Interior / portal oficial de datos abiertos,PRIMARY_OFFICIAL
2008,2008-03-09,52 - Melilla,IZQUIERDA UNIDA CANARIA-ALTERNATIVA - IUC,0,0,Ministerio del Interior / portal oficial de datos abiertos,PRIMARY_OFFICIAL
2008,2008-03-09,52 - Melilla,IZQUIERDA UNIDA COMUNIDAD DE MADRID-ALTERNATIVA - IU-CM.,0,0,Ministerio del Interior / portal oficial de datos abiertos,PRIMARY_OFFICIAL
2008,2008-03-09,52 - Melilla,IZQUIERDA UNIDA DE CEUTA - I.U.,0,0,Ministerio del Interior / portal oficial de datos abiertos,PRIMARY_OFFICIAL
2008,2008-03-09,52 - Melilla,IZQUIERDA UNIDA DE LA REGION DE MURCIA-ALTERNATIVA - I.U.R.M.,0,0,Ministerio del Interior / portal oficial de datos abiertos,PRIMARY_OFFICIAL
2008,2008-03-09,52 - Melilla,IZQUIERDA UNIDA DE NAVARRA - NAFARROAKO EZKER BATUA - ALTERNATIVA - IUN-NEB,0,0,Ministerio del Interior / portal oficial de datos abiertos,PRIMARY_OFFICIAL
2008,2008-03-09,52 - Melilla,IZQUIERDA UNIDA LOS VERDES CONVOCATORIA POR ANDALUCIA-ALTERNATIVA - IULV-CA,0,0,Ministerio del Interior / portal oficial de datos abiertos,PRIMARY_OFFICIAL
2008,2008-03-09,52 - Melilla,IZQUIERDA UNIDA LOS VERDES-CONVOCATORIA POR ANDALUCIA - ALTERNATIVA - IULV-CA,0,0,Ministerio del Interior / portal oficial de datos abiertos,PRIMARY_OFFICIAL
2008,2008-03-09,52 - Melilla,IZQUIERDA UNIDA LOS VERDES-CONVOCATORIA POR ANDALUCIA-ALTERNATIVA - IULV-CA,0,0,Ministerio del Interior / portal oficial de datos abiertos,PRIMARY_OFFICIAL
2008,2008-03-09,52 - Melilla,IZQUIERDA UNIDA-ALTERNATIVA - I.U.,0,0,Ministerio del Interior / portal oficial de datos abiertos,PRIMARY_OFFICIAL
2008,2008-03-09,52 - Melilla,IZQUIERDA UNIDA-ALTERNATIVA - IU,0,0,Ministerio del Interior / portal oficial de datos abiertos,PRIMARY_OFFICIAL
2008,2008-03-09,52 - Melilla,LLUITA INTERNACIONALISTA - (LI(LIT-CI)),0,0,Ministerio del Interior / portal oficial de datos abiertos,PRIMARY_OFFICIAL
2008,2008-03-09,52 - Melilla,LLUITA INTERNACIONALISTA - L.I.(LIT-CI),0,0,Ministerio del Interior / portal oficial de datos abiertos,PRIMARY_OFFICIAL
2008,2008-03-09,52 - Melilla,LLUITA INTERNACIONALISTA - LI-LITCI,0,0,Ministerio del Interior / portal oficial de datos abiertos,PRIMARY_OFFICIAL
2008,2008-03-09,52 - Melilla,LOS VERDES - LOS VERDES,0,0,Ministerio del Interior / portal oficial de datos abiertos,PRIMARY_OFFICIAL
2008,2008-03-09,52 - Melilla,LOS VERDES - LV,0,0,Ministerio del Interior / portal oficial de datos abiertos,PRIMARY_OFFICIAL
2008,2008-03-09,52 - Melilla,LOS VERDES - VERDES,0,0,Ministerio del Interior / portal oficial de datos abiertos,PRIMARY_OFFICIAL
2008,2008-03-09,52 - Melilla,LOS VERDES COMUNIDAD DE MADRID-LOS VERDES DE EUROPA - LVCM-LVE,0,0,Ministerio del Interior / portal oficial de datos abiertos,PRIMARY_OFFICIAL
2008,2008-03-09,52 - Melilla,LOS VERDES DE EUROPA - LOS VERDES DE EUROPA,0,0,Ministerio del Interior / portal oficial de datos abiertos,PRIMARY_OFFICIAL
2008,2008-03-09,52 - Melilla,LOS VERDES DE EUROPA - LVE,0,0,Ministerio del Interior / portal oficial de datos abiertos,PRIMARY_OFFICIAL
2008,2008-03-09,52 - Melilla,LOS VERDES DE EXTREMADURA - LV,0,0,Ministerio del Interior / portal oficial de datos abiertos,PRIMARY_OFFICIAL
2008,2008-03-09,52 - Melilla,LOS VERDES-ELS VERDS - LV-EV,0,0,Ministerio del Interior / portal oficial de datos abiertos,PRIMARY_OFFICIAL
2008,2008-03-09,52 - Melilla,LOS VERDES-GRUPO VERDE - L.V.,0,0,Ministerio del Interior / portal oficial de datos abiertos,PRIMARY_OFFICIAL
2008,2008-03-09,52 - Melilla,LOS VERDES-GRUPO VERDE - LV,0,0,Ministerio del Interior / portal oficial de datos abiertos,PRIMARY_OFFICIAL
2008,2008-03-09,52 - Melilla,LOS VERDES-GRUPO VERDE - LV-GV,77,0,Ministerio del Interior / portal oficial de datos abiertos,PRIMARY_OFFICIAL
2008,2008-03-09,52 - Melilla,LUCHA INTERNACIONALISTA - LI-LITCI,0,0,Ministerio del Interior / portal oficial de datos abiertos,PRIMARY_OFFICIAL
2008,2008-03-09,52 - Melilla,MOVIMIENTO FALANGISTA DE ESPAÑA - M.F.E.,0,0,Ministerio del Interior / portal oficial de datos abiertos,PRIMARY_OFFICIAL
2008,2008-03-09,52 - Melilla,MOVIMIENTO POR LA UNIDAD DEL PUEBLO CANARIO - MUPC,0,0,Ministerio del Interior / portal oficial de datos abiertos,PRIMARY_OFFICIAL
2008,2008-03-09,52 - Melilla,NAFARROA BAI - NA-BAI,0,0,Ministerio del Interior / portal oficial de datos abiertos,PRIMARY_OFFICIAL
2008,2008-03-09,52 - Melilla,NOSALTRES SOM - N som,0,0,Ministerio del Interior / portal oficial de datos abiertos,PRIMARY_OFFICIAL
2008,2008-03-09,52 - Melilla,NUEVA CANARIAS-CENTRO CANARIO - NC-CCN,0,0,Ministerio del Interior / portal oficial de datos abiertos,PRIMARY_OFFICIAL
2008,2008-03-09,52 - Melilla,OPCIO NACIONALISTA VALENCIANA - O.N.V.,0,0,Ministerio del Interior / portal oficial de datos abiertos,PRIMARY_OFFICIAL
2008,2008-03-09,52 - Melilla,OPCIO NACIONALISTA VALENCIANA - ONV,0,0,Ministerio del Interior / portal oficial de datos abiertos,PRIMARY_OFFICIAL
2008,2008-03-09,52 - Melilla,OS VERDES - GRUPO VERDE - OV,0,0,Ministerio del Interior / portal oficial de datos abiertos,PRIMARY_OFFICIAL
2008,2008-03-09,52 - Melilla,PARTIDO ALTERNATIVA MOTOR Y DEPORTES - A.M.D.,0,0,Ministerio del Interior / portal oficial de datos abiertos,PRIMARY_OFFICIAL
2008,2008-03-09,52 - Melilla,PARTIDO ANTITAURINO CONTRA EL MALTRATO ANIMAL - P.A.C.M.A,0,0,Ministerio del Interior / portal oficial de datos abiertos,PRIMARY_OFFICIAL
2008,2008-03-09,52 - Melilla,PARTIDO ANTITAURINO CONTRA EL MALTRATO ANIMAL - P.A.C.M.A.,0,0,Ministerio del Interior / portal oficial de datos abiertos,PRIMARY_OFFICIAL
2008,2008-03-09,52 - Melilla,PARTIDO ANTITAURINO CONTRA EL MALTRATO ANIMAL - PACMA,0,0,Ministerio del Interior / portal oficial de datos abiertos,PRIMARY_OFFICIAL
2008,2008-03-09,52 - Melilla,PARTIDO ARAGONES - PAR,0,0,Ministerio del Interior / portal oficial de datos abiertos,PRIMARY_OFFICIAL
2008,2008-03-09,52 - Melilla,PARTIDO CARLISTA - P.C.,0,0,Ministerio del Interior / portal oficial de datos abiertos,PRIMARY_OFFICIAL
2008,2008-03-09,52 - Melilla,PARTIDO CARLISTA - PARTIDO CARLISTA,0,0,Ministerio del Interior / portal oficial de datos abiertos,PRIMARY_OFFICIAL
2008,2008-03-09,52 - Melilla,PARTIDO CARLISTA - PC,0,0,Ministerio del Interior / portal oficial de datos abiertos,PRIMARY_OFFICIAL
2008,2008-03-09,52 - Melilla,PARTIDO CARLISTA DE EUSKALERRIA-PARTIDO CARLISTA - EKA-PC.,0,0,Ministerio del Interior / portal oficial de datos abiertos,PRIMARY_OFFICIAL
2008,2008-03-09,52 - Melilla,PARTIDO CARLISTA DE EUSKALHERRIA-EUSKALHERRIKO KARLISTA ALDERDIA - PARTIDO CARLISTA-EKA,0,0,Ministerio del Interior / portal oficial de datos abiertos,PRIMARY_OFFICIAL
2008,2008-03-09,52 - Melilla,PARTIDO CENTRISTA - PCTR,0,0,Ministerio del Interior / portal oficial de datos abiertos,PRIMARY_OFFICIAL
2008,2008-03-09,52 - Melilla,PARTIDO CENTRISTAS - Centristas PCTR,0,0,Ministerio del Interior / portal oficial de datos abiertos,PRIMARY_OFFICIAL
2008,2008-03-09,52 - Melilla,PARTIDO CENTRISTAS - PCTR,0,0,Ministerio del Interior / portal oficial de datos abiertos,PRIMARY_OFFICIAL
2008,2008-03-09,52 - Melilla,PARTIDO CIUDADANOS UNIDOS DE ARAGON - pCUA,0,0,Ministerio del Interior / portal oficial de datos abiertos,PRIMARY_OFFICIAL
2008,2008-03-09,52 - Melilla,PARTIDO COMUNISTA DE LOS PUEBLOS DE ESPAÑA - P.C.P.E.,0,0,Ministerio del Interior / portal oficial de datos abiertos,PRIMARY_OFFICIAL
2008,2008-03-09,52 - Melilla,PARTIDO COMUNISTA DE LOS PUEBLOS DE ESPAÑA - P.C.P.E.-E.K.,0,0,Ministerio del Interior / portal oficial de datos abiertos,PRIMARY_OFFICIAL
2008,2008-03-09,52 - Melilla,PARTIDO COMUNISTA DE LOS PUEBLOS DE ESPAÑA - PCPE,0,0,Ministerio del Interior / portal oficial de datos abiertos,PRIMARY_OFFICIAL
2008,2008-03-09,52 - Melilla,PARTIDO COMUNISTA DE LOS PUEBLOS DE ESPAÑA-EUSKAL KOMUNISTAK - PCPE - EK,0,0,Ministerio del Interior / portal oficial de datos abiertos,PRIMARY_OFFICIAL
2008,2008-03-09,52 - Melilla,PARTIDO COMUNISTA DEL PUEBLO CANARIO - PCPE,0,0,Ministerio del Interior / portal oficial de datos abiertos,PRIMARY_OFFICIAL
2008,2008-03-09,52 - Melilla,PARTIDO COMUNISTA DEL PUEBLO CASTELLANO - PCPE,0,0,Ministerio del Interior / portal oficial de datos abiertos,PRIMARY_OFFICIAL
2008,2008-03-09,52 - Melilla,PARTIDO COMUNISTA DEL PUEBLO CASTELLANO-PCPE - PCPE,0,0,Ministerio del Interior / portal oficial de datos abiertos,PRIMARY_OFFICIAL
2008,2008-03-09,52 - Melilla,PARTIDO COMUNISTA DEL PUEBLO DE CATALUNYA - PCPC,0,0,Ministerio del Interior / portal oficial de datos abiertos,PRIMARY_OFFICIAL
2008,2008-03-09,52 - Melilla,PARTIDO COMUNISTA DEL PUEBLO DE CATALUÑA - PCPC,0,0,Ministerio del Interior / portal oficial de datos abiertos,PRIMARY_OFFICIAL
2008,2008-03-09,52 - Melilla,PARTIDO COMUNISTA DO POBO GALEGO - PCPG,0,0,Ministerio del Interior / portal oficial de datos abiertos,PRIMARY_OFFICIAL
2008,2008-03-09,52 - Melilla,PARTIDO COMUNISTA DO POVO GALEGO - P.C.P.G.,0,0,Ministerio del Interior / portal oficial de datos abiertos,PRIMARY_OFFICIAL
2008,2008-03-09,52 - Melilla,PARTIDO COMUNISTA PUEBLOS DE ESPAÑA - PCPE,0,0,Ministerio del Interior / portal oficial de datos abiertos,PRIMARY_OFFICIAL
2008,2008-03-09,52 - Melilla,PARTIDO DE ALIANZA IBEROAMERICANA EUROPEA - PAIE,0,0,Ministerio del Interior / portal oficial de datos abiertos,PRIMARY_OFFICIAL
2008,2008-03-09,52 - Melilla,PARTIDO DE ALMERIA - PdeAL,0,0,Ministerio del Interior / portal oficial de datos abiertos,PRIMARY_OFFICIAL
2008,2008-03-09,52 - Melilla,PARTIDO DE LAS LIBERTADES CIVILES - PLCI,0,0,Ministerio del Interior / portal oficial de datos abiertos,PRIMARY_OFFICIAL
2008,2008-03-09,52 - Melilla,PARTIDO DE LOS NO-FUMADORES - PNF (NO-FUMADORES),0,0,Ministerio del Interior / portal oficial de datos abiertos,PRIMARY_OFFICIAL
2008,2008-03-09,52 - Melilla,PARTIDO DE LOS PENSIONISTAS EN ACCION - PDLPEA,0,0,Ministerio del Interior / portal oficial de datos abiertos,PRIMARY_OFFICIAL
2008,2008-03-09,52 - Melilla,PARTIDO DOS SOCIALISTAS DE GALICIA-PARTIDO SOCIALISTA OBRERO ESPAÑOL - PSdeG-PSOE,0,0,Ministerio del Interior / portal oficial de datos abiertos,PRIMARY_OFFICIAL
2008,2008-03-09,52 - Melilla,PARTIDO DOS SOCIALISTAS DE GALICIA-PSOE - PSdeG-PSOE,0,0,Ministerio del Interior / portal oficial de datos abiertos,PRIMARY_OFFICIAL
2008,2008-03-09,52 - Melilla,PARTIDO FAMILIA Y VIDA - PFyV,0,0,Ministerio del Interior / portal oficial de datos abiertos,PRIMARY_OFFICIAL
2008,2008-03-09,52 - Melilla,PARTIDO HACHE - PHache,0,0,Ministerio del Interior / portal oficial de datos abiertos,PRIMARY_OFFICIAL
2008,2008-03-09,52 - Melilla,PARTIDO HUMANISTA - P.H.,0,0,Ministerio del Interior / portal oficial de datos abiertos,PRIMARY_OFFICIAL
2008,2008-03-09,52 - Melilla,PARTIDO HUMANISTA - PH,0,0,Ministerio del Interior / portal oficial de datos abiertos,PRIMARY_OFFICIAL
2008,2008-03-09,52 - Melilla,PARTIDO IZQUIERDA REPUBLICANA-PARTIT REPUBLICA D'ESQUERRA - IR-PRE,0,0,Ministerio del Interior / portal oficial de datos abiertos,PRIMARY_OFFICIAL
2008,2008-03-09,52 - Melilla,PARTIDO LIBERAL DEL EMPLEO Y LA VIVIENDA ESTATAL - P.L.E.V.E.,0,0,Ministerio del Interior / portal oficial de datos abiertos,PRIMARY_OFFICIAL
2008,2008-03-09,52 - Melilla,PARTIDO LIBERTADES CIVILES - PLCI,0,0,Ministerio del Interior / portal oficial de datos abiertos,PRIMARY_OFFICIAL
2008,2008-03-09,52 - Melilla,PARTIDO OBRERO SOCIALISTA INTERNACIONALISTA - P.O.S.I.,0,0,Ministerio del Interior / portal oficial de datos abiertos,PRIMARY_OFFICIAL
2008,2008-03-09,52 - Melilla,PARTIDO OBRERO SOCIALISTA INTERNACIONALISTA - POSI,0,0,Ministerio del Interior / portal oficial de datos abiertos,PRIMARY_OFFICIAL
2008,2008-03-09,52 - Melilla,PARTIDO POLITICO ARALAR - aralar,0,0,Ministerio del Interior / portal oficial de datos abiertos,PRIMARY_OFFICIAL
2008,2008-03-09,52 - Melilla,PARTIDO POPULAR - P.P.,0,0,Ministerio del Interior / portal oficial de datos abiertos,PRIMARY_OFFICIAL
2008,2008-03-09,52 - Melilla,PARTIDO POPULAR - PP,15717,1,Ministerio del Interior / portal oficial de datos abiertos,PRIMARY_OFFICIAL
2008,2008-03-09,52 - Melilla,PARTIDO POPULAR/PARTIT POPULAR - PP,0,0,Ministerio del Interior / portal oficial de datos abiertos,PRIMARY_OFFICIAL
2008,2008-03-09,52 - Melilla,PARTIDO POR UN MUNDO MAS JUSTO - PUM+J,33,0,Ministerio del Interior / portal oficial de datos abiertos,PRIMARY_OFFICIAL
2008,2008-03-09,52 - Melilla,PARTIDO POSITIVISTA CRISTIANO - PPCr,0,0,Ministerio del Interior / portal oficial de datos abiertos,PRIMARY_OFFICIAL
2008,2008-03-09,52 - Melilla,PARTIDO REGIONALISTA DE GUADALAJARA - P.R.GU.,0,0,Ministerio del Interior / portal oficial de datos abiertos,PRIMARY_OFFICIAL
2008,2008-03-09,52 - Melilla,PARTIDO REGIONALISTA DEL PAIS LEONES - PREPAL,0,0,Ministerio del Interior / portal oficial de datos abiertos,PRIMARY_OFFICIAL
2008,2008-03-09,52 - Melilla,PARTIDO RIOJANO - PARTIDO RIOJANO,0,0,Ministerio del Interior / portal oficial de datos abiertos,PRIMARY_OFFICIAL
2008,2008-03-09,52 - Melilla,PARTIDO SOCIAL DEMOCRATA - P.S.D.,0,0,Ministerio del Interior / portal oficial de datos abiertos,PRIMARY_OFFICIAL
2008,2008-03-09,52 - Melilla,PARTIDO SOCIAL DEMOCRATA - PSD,73,0,Ministerio del Interior / portal oficial de datos abiertos,PRIMARY_OFFICIAL
2008,2008-03-09,52 - Melilla,PARTIDO SOCIAL DEMOCRATA-FEDERACION DE LOS INDEPENDIENTES DE ARAGON - PSD-FIA,0,0,Ministerio del Interior / portal oficial de datos abiertos,PRIMARY_OFFICIAL
2008,2008-03-09,52 - Melilla,PARTIDO SOCIALISTA DE EUSKADI-EUSKADIKO EZKERRA (PSOE) - PSE-EE (PSOE),0,0,Ministerio del Interior / portal oficial de datos abiertos,PRIMARY_OFFICIAL
2008,2008-03-09,52 - Melilla,PARTIDO SOCIALISTA DE EUSKADI-EUSKADIKO EZKERRA - PSE-EE (PSOE),0,0,Ministerio del Interior / portal oficial de datos abiertos,PRIMARY_OFFICIAL
2008,2008-03-09,52 - Melilla,PARTIDO SOCIALISTA OBRERO ESPAÑOL - P.S.O.E.,0,0,Ministerio del Interior / portal oficial de datos abiertos,PRIMARY_OFFICIAL
2008,2008-03-09,52 - Melilla,PARTIDO SOCIALISTA OBRERO ESPAÑOL - PSOE,15420,0,Ministerio del Interior / portal oficial de datos abiertos,PRIMARY_OFFICIAL
2008,2008-03-09,52 - Melilla,PARTIDO SOCIALISTA OBRERO ESPAÑOL DE ANDALUCIA - PSOE-A,0,0,Ministerio del Interior / portal oficial de datos abiertos,PRIMARY_OFFICIAL
2008,2008-03-09,52 - Melilla,PARTIDO SOLIDARIDAD Y AUTOGESTION INTERNACIONALISTA - SAIN,0,0,Ministerio del Interior / portal oficial de datos abiertos,PRIMARY_OFFICIAL
2008,2008-03-09,52 - Melilla,PARTIDO UNIONISTA ESTADO DE ESPAÑA - P.U.E.D.E.,0,0,Ministerio del Interior / portal oficial de datos abiertos,PRIMARY_OFFICIAL
2008,2008-03-09,52 - Melilla,PARTIDO UNIONISTA ESTADO DE ESPAÑA - PUEDE,0,0,Ministerio del Interior / portal oficial de datos abiertos,PRIMARY_OFFICIAL
2008,2008-03-09,52 - Melilla,PARTIT ANTITAURI CONTRA EL MALTRACTAMENT ANIMAL - P.A.C.M.A.,0,0,Ministerio del Interior / portal oficial de datos abiertos,PRIMARY_OFFICIAL
2008,2008-03-09,52 - Melilla,PARTIT ANTITAURI CONTRA EL MALTRACTAMENT ANIMAL - PACMA,0,0,Ministerio del Interior / portal oficial de datos abiertos,PRIMARY_OFFICIAL
2008,2008-03-09,52 - Melilla,PARTIT CARLI DE CATALUNYA - P. C. de C.,0,0,Ministerio del Interior / portal oficial de datos abiertos,PRIMARY_OFFICIAL
2008,2008-03-09,52 - Melilla,PARTIT CARLI DE CATALUNYA - PCaC,0,0,Ministerio del Interior / portal oficial de datos abiertos,PRIMARY_OFFICIAL
2008,2008-03-09,52 - Melilla,PARTIT COMUNISTA DEL POBLE DE CATALUNYA - P.C.P.C.,0,0,Ministerio del Interior / portal oficial de datos abiertos,PRIMARY_OFFICIAL
2008,2008-03-09,52 - Melilla,PARTIT COMUNISTA DELS POBLES D'ESPANYA - PCPE,0,0,Ministerio del Interior / portal oficial de datos abiertos,PRIMARY_OFFICIAL
2008,2008-03-09,52 - Melilla,PARTIT DELS SOCIALISTES DE CATALUNYA - PSC (PSC-PSOE),0,0,Ministerio del Interior / portal oficial de datos abiertos,PRIMARY_OFFICIAL
2008,2008-03-09,52 - Melilla,PARTIT DELS SOCIALISTES DE CATALUNYA - PSC-PSOE,0,0,Ministerio del Interior / portal oficial de datos abiertos,PRIMARY_OFFICIAL
2008,2008-03-09,52 - Melilla,PARTIT FAMILIA I VIDA - PFiV,0,0,Ministerio del Interior / portal oficial de datos abiertos,PRIMARY_OFFICIAL
2008,2008-03-09,52 - Melilla,PARTIT HUMANISTA - P.H.,0,0,Ministerio del Interior / portal oficial de datos abiertos,PRIMARY_OFFICIAL
2008,2008-03-09,52 - Melilla,PARTIT HUMANISTA - PH,0,0,Ministerio del Interior / portal oficial de datos abiertos,PRIMARY_OFFICIAL
2008,2008-03-09,52 - Melilla,PARTIT HUMANISTA DE CATALUNYA - PH,0,0,Ministerio del Interior / portal oficial de datos abiertos,PRIMARY_OFFICIAL
2008,2008-03-09,52 - Melilla,PARTIT ILLENC DE SES ILLES BALEARS - PIIB,0,0,Ministerio del Interior / portal oficial de datos abiertos,PRIMARY_OFFICIAL
2008,2008-03-09,52 - Melilla,PARTIT OBRER SOCIALISTA INTERNACIONALISTA - P.O.S.I.,0,0,Ministerio del Interior / portal oficial de datos abiertos,PRIMARY_OFFICIAL
2008,2008-03-09,52 - Melilla,PARTIT OBRER SOCIALISTA INTERNACIONALISTA - POSI,0,0,Ministerio del Interior / portal oficial de datos abiertos,PRIMARY_OFFICIAL
2008,2008-03-09,52 - Melilla,PARTIT PER CATALUNYA - PxCat,0,0,Ministerio del Interior / portal oficial de datos abiertos,PRIMARY_OFFICIAL
2008,2008-03-09,52 - Melilla,PARTIT POPULAR/PARTIDO POPULAR - P.P.,0,0,Ministerio del Interior / portal oficial de datos abiertos,PRIMARY_OFFICIAL
2008,2008-03-09,52 - Melilla,PARTIT REPUBLICA CATALA - RC,0,0,Ministerio del Interior / portal oficial de datos abiertos,PRIMARY_OFFICIAL
2008,2008-03-09,52 - Melilla,PER LA REPUBLICA VALENCIANA - PLRV,0,0,Ministerio del Interior / portal oficial de datos abiertos,PRIMARY_OFFICIAL
2008,2008-03-09,52 - Melilla,PER LA REPUBLICA VALENCIANA - plRV,0,0,Ministerio del Interior / portal oficial de datos abiertos,PRIMARY_OFFICIAL
2008,2008-03-09,52 - Melilla,POR UN MUNDO MAS JUSTO - PUM+J,0,0,Ministerio del Interior / portal oficial de datos abiertos,PRIMARY_OFFICIAL
2008,2008-03-09,52 - Melilla,REPRESENTACION CANNABICA NAVARRA - RCN-NOK,0,0,Ministerio del Interior / portal oficial de datos abiertos,PRIMARY_OFFICIAL
2008,2008-03-09,52 - Melilla,SOLIDARIDAD Y AUTOGESTION INTERNACIONALISTA - SAIN,0,0,Ministerio del Interior / portal oficial de datos abiertos,PRIMARY_OFFICIAL
2008,2008-03-09,52 - Melilla,SOLIDARIDAD Y AUTOGESTION INTERNACIONALISTA - SAIn,0,0,Ministerio del Interior / portal oficial de datos abiertos,PRIMARY_OFFICIAL
2008,2008-03-09,52 - Melilla,TIERRA COMUNERA - TC,0,0,Ministerio del Interior / portal oficial de datos abiertos,PRIMARY_OFFICIAL
2008,2008-03-09,52 - Melilla,UNIDA - UNIDA,0,0,Ministerio del Interior / portal oficial de datos abiertos,PRIMARY_OFFICIAL
2008,2008-03-09,52 - Melilla,UNIDAD CASTELLANA - Ud. Ca.,0,0,Ministerio del Interior / portal oficial de datos abiertos,PRIMARY_OFFICIAL
2008,2008-03-09,52 - Melilla,UNIDAD DEL PUEBLO - UNIDAD DEL PUEBLO,0,0,Ministerio del Interior / portal oficial de datos abiertos,PRIMARY_OFFICIAL
2008,2008-03-09,52 - Melilla,UNIDAD REGIONALISTA DE CASTILLA Y LEON - U.R.C.L.,0,0,Ministerio del Interior / portal oficial de datos abiertos,PRIMARY_OFFICIAL
2008,2008-03-09,52 - Melilla,UNION CENTRISTA LIBERAL - UCL,0,0,Ministerio del Interior / portal oficial de datos abiertos,PRIMARY_OFFICIAL
2008,2008-03-09,52 - Melilla,UNION CIUDADANA PROGRESISTAS INDEPENDIENTES DE CANARIAS - UCPIC,0,0,Ministerio del Interior / portal oficial de datos abiertos,PRIMARY_OFFICIAL
2008,2008-03-09,52 - Melilla,UNION DEL PUEBLO LEONES - UPL,0,0,Ministerio del Interior / portal oficial de datos abiertos,PRIMARY_OFFICIAL
2008,2008-03-09,52 - Melilla,UNION DEL PUEBLO NAVARRO EN COALICION CON EL PARTIDO POPULAR - UPN-PP,0,0,Ministerio del Interior / portal oficial de datos abiertos,PRIMARY_OFFICIAL
2008,2008-03-09,52 - Melilla,UNION POR LEGANES - ULEG,0,0,Ministerio del Interior / portal oficial de datos abiertos,PRIMARY_OFFICIAL
2008,2008-03-09,52 - Melilla,UNION PROGRESO Y DEMOCRACIA - UPD,0,0,Ministerio del Interior / portal oficial de datos abiertos,PRIMARY_OFFICIAL
2008,2008-03-09,52 - Melilla,UNION PROGRESO Y DEMOCRACIA - UPyD,367,0,Ministerio del Interior / portal oficial de datos abiertos,PRIMARY_OFFICIAL
2008,2008-03-09,52 - Melilla,"UNION, PROGRESO Y DEMOCRACIA - UPyD",0,0,Ministerio del Interior / portal oficial de datos abiertos,PRIMARY_OFFICIAL
2008,2008-03-09,52 - Melilla,UNITAT PER LES ILLES - UNITAT PER LES ILLES,0,0,Ministerio del Interior / portal oficial de datos abiertos,PRIMARY_OFFICIAL
2008,2008-03-09,6 - Badajoz,AGRUPACION CIUDADANA - AGRUCI,0,0,Ministerio del Interior / portal oficial de datos abiertos,PRIMARY_OFFICIAL
2008,2008-03-09,6 - Badajoz,ALIANZA NACIONAL - A.u.N.,0,0,Ministerio del Interior / portal oficial de datos abiertos,PRIMARY_OFFICIAL
2008,2008-03-09,6 - Badajoz,ALIANZA NACIONAL - AN,0,0,Ministerio del Interior / portal oficial de datos abiertos,PRIMARY_OFFICIAL
2008,2008-03-09,6 - Badajoz,ALIANZA NACIONAL - AUN,0,0,Ministerio del Interior / portal oficial de datos abiertos,PRIMARY_OFFICIAL
2008,2008-03-09,6 - Badajoz,ALIANZA NACIONAL - AuN,0,0,Ministerio del Interior / portal oficial de datos abiertos,PRIMARY_OFFICIAL
2008,2008-03-09,6 - Badajoz,ALIANZA POR BURGOS - AxB,0,0,Ministerio del Interior / portal oficial de datos abiertos,PRIMARY_OFFICIAL
2008,2008-03-09,6 - Badajoz,ALIANÇA BALEAR - ABA,0,0,Ministerio del Interior / portal oficial de datos abiertos,PRIMARY_OFFICIAL
2008,2008-03-09,6 - Badajoz,ALTERNATIVA EN BLANCO - ABLA,0,0,Ministerio del Interior / portal oficial de datos abiertos,PRIMARY_OFFICIAL
2008,2008-03-09,6 - Badajoz,ALTERNATIVA EN BLANCO - aBla,0,0,Ministerio del Interior / portal oficial de datos abiertos,PRIMARY_OFFICIAL
2008,2008-03-09,6 - Badajoz,ALTERNATIVA ESPAÑOLA - AES,91,0,Ministerio del Interior / portal oficial de datos abiertos,PRIMARY_OFFICIAL
2008,2008-03-09,6 - Badajoz,ALTERNATIVA MOTOR Y DEPORTE - A.M.D.,0,0,Ministerio del Interior / portal oficial de datos abiertos,PRIMARY_OFFICIAL
2008,2008-03-09,6 - Badajoz,ALTERNATIVA MOTOR Y DEPORTES - A.M.D.,0,0,Ministerio del Interior / portal oficial de datos abiertos,PRIMARY_OFFICIAL
2008,2008-03-09,6 - Badajoz,ALTERNATIVA MOTOR Y DEPORTES - AMD,0,0,Ministerio del Interior / portal oficial de datos abiertos,PRIMARY_OFFICIAL
2008,2008-03-09,6 - Badajoz,ALTERNATIVA NACIONALISTA CANARIA - ANC,0,0,Ministerio del Interior / portal oficial de datos abiertos,PRIMARY_OFFICIAL
2008,2008-03-09,6 - Badajoz,ANDECHA ASTUR - AA,0,0,Ministerio del Interior / portal oficial de datos abiertos,PRIMARY_OFFICIAL
2008,2008-03-09,6 - Badajoz,ARALAR - aralar,0,0,Ministerio del Interior / portal oficial de datos abiertos,PRIMARY_OFFICIAL
2008,2008-03-09,6 - Badajoz,ASAMBLEA DE VOTACION ELECTRONICA - AVE,0,0,Ministerio del Interior / portal oficial de datos abiertos,PRIMARY_OFFICIAL
2008,2008-03-09,6 - Badajoz,BERDEAK-LOS VERDES - B-LV,0,0,Ministerio del Interior / portal oficial de datos abiertos,PRIMARY_OFFICIAL
2008,2008-03-09,6 - Badajoz,BLOC-INICIATIVA-VERDS - BLOC-IDPV-EV-EE,0,0,Ministerio del Interior / portal oficial de datos abiertos,PRIMARY_OFFICIAL
2008,2008-03-09,6 - Badajoz,BLOC-INICIATIVA-VERDS - BLOC-IdPV-EV-EE,0,0,Ministerio del Interior / portal oficial de datos abiertos,PRIMARY_OFFICIAL
2008,2008-03-09,6 - Badajoz,BLOQUE NACIONALISTA GALEGO - B.N.G.,0,0,Ministerio del Interior / portal oficial de datos abiertos,PRIMARY_OFFICIAL
2008,2008-03-09,6 - Badajoz,BLOQUE NACIONALISTA GALEGO - BNG,0,0,Ministerio del Interior / portal oficial de datos abiertos,PRIMARY_OFFICIAL
2008,2008-03-09,6 - Badajoz,CENTRO DEMOCRATICO ESPAÑOL - C.D.Es.,0,0,Ministerio del Interior / portal oficial de datos abiertos,PRIMARY_OFFICIAL
2008,2008-03-09,6 - Badajoz,CENTRO DEMOCRATICO ESPAÑOL - CDEs,0,0,Ministerio del Interior / portal oficial de datos abiertos,PRIMARY_OFFICIAL
2008,2008-03-09,6 - Badajoz,CENTRO DEMOCRATICO LIBERAL - C.D.L.,0,0,Ministerio del Interior / portal oficial de datos abiertos,PRIMARY_OFFICIAL
2008,2008-03-09,6 - Badajoz,CENTRO DEMOCRATICO LIBERAL - CDL,0,0,Ministerio del Interior / portal oficial de datos abiertos,PRIMARY_OFFICIAL
2008,2008-03-09,6 - Badajoz,CENTRO DEMOCRATICO SOCIAL - C.D.S.,0,0,Ministerio del Interior / portal oficial de datos abiertos,PRIMARY_OFFICIAL
2008,2008-03-09,6 - Badajoz,CENTRO DEMOCRATICO Y SOCIAL - CDS,0,0,Ministerio del Interior / portal oficial de datos abiertos,PRIMARY_OFFICIAL
2008,2008-03-09,6 - Badajoz,CHUNTA ARAGONESISTA - CHA,0,0,Ministerio del Interior / portal oficial de datos abiertos,PRIMARY_OFFICIAL
2008,2008-03-09,6 - Badajoz,CIUDADANOS EN BLANCO - CENB,197,0,Ministerio del Interior / portal oficial de datos abiertos,PRIMARY_OFFICIAL
2008,2008-03-09,6 - Badajoz,CIUDADANOS EN BLANCO - CNB,0,0,Ministerio del Interior / portal oficial de datos abiertos,PRIMARY_OFFICIAL
2008,2008-03-09,6 - Badajoz,CIUDADANOS EN BLANCO - CenB,0,0,Ministerio del Interior / portal oficial de datos abiertos,PRIMARY_OFFICIAL
2008,2008-03-09,6 - Badajoz,CIUDADANOS EN BLANCO - Cenb,0,0,Ministerio del Interior / portal oficial de datos abiertos,PRIMARY_OFFICIAL
2008,2008-03-09,6 - Badajoz,CIUDADANOS PARTIDO DE LA CIUDADANIA - C's,0,0,Ministerio del Interior / portal oficial de datos abiertos,PRIMARY_OFFICIAL
2008,2008-03-09,6 - Badajoz,CIUDADANOS-PARTIDO DE LA CIUDADANIA - C's,226,0,Ministerio del Interior / portal oficial de datos abiertos,PRIMARY_OFFICIAL
2008,2008-03-09,6 - Badajoz,"CIUDADANOS-PARTIDO DE LA CIUDADANIA - C,S",0,0,Ministerio del Interior / portal oficial de datos abiertos,PRIMARY_OFFICIAL
2008,2008-03-09,6 - Badajoz,CIUTADANS-PARTIDO DE LA CIUDADANIA - C's,0,0,Ministerio del Interior / portal oficial de datos abiertos,PRIMARY_OFFICIAL
2008,2008-03-09,6 - Badajoz,COALICIO TREBALLADORS PER LA DEMOCRACIA - TD,0,0,Ministerio del Interior / portal oficial de datos abiertos,PRIMARY_OFFICIAL
2008,2008-03-09,6 - Badajoz,COALICIO VALENCIANA - CVa,0,0,Ministerio del Interior / portal oficial de datos abiertos,PRIMARY_OFFICIAL
2008,2008-03-09,6 - Badajoz,COALICION ANDALUCISTA - CA,0,0,Ministerio del Interior / portal oficial de datos abiertos,PRIMARY_OFFICIAL
2008,2008-03-09,6 - Badajoz,COALICION CANARIA-PARTIDO NACIONALISTA CANARIO - CC-PNC,0,0,Ministerio del Interior / portal oficial de datos abiertos,PRIMARY_OFFICIAL
2008,2008-03-09,6 - Badajoz,COALICION CANARIA-PARTIDO NACIONALISTA CANARIO-PARTIDO DE INDEPENDIENTES DE LANZAROTE - CC-PNC-PIL,0,0,Ministerio del Interior / portal oficial de datos abiertos,PRIMARY_OFFICIAL
2008,2008-03-09,6 - Badajoz,COMUNION TRADICIONALISTA CARLISTA - C.T.C.,0,0,Ministerio del Interior / portal oficial de datos abiertos,PRIMARY_OFFICIAL
2008,2008-03-09,6 - Badajoz,COMUNION TRADICIONALISTA CARLISTA - CTC,0,0,Ministerio del Interior / portal oficial de datos abiertos,PRIMARY_OFFICIAL
2008,2008-03-09,6 - Badajoz,CONVERGENCIA DEMOCRATICA ASTURIANA - CDAS,0,0,Ministerio del Interior / portal oficial de datos abiertos,PRIMARY_OFFICIAL
2008,2008-03-09,6 - Badajoz,CONVERGENCIA I UNIO - CIU,0,0,Ministerio del Interior / portal oficial de datos abiertos,PRIMARY_OFFICIAL
2008,2008-03-09,6 - Badajoz,CONVERGENCIA I UNIO - CiU,0,0,Ministerio del Interior / portal oficial de datos abiertos,PRIMARY_OFFICIAL
2008,2008-03-09,6 - Badajoz,DEMOCRACIA NACIONAL - D.N.,184,0,Ministerio del Interior / portal oficial de datos abiertos,PRIMARY_OFFICIAL
2008,2008-03-09,6 - Badajoz,DEMOCRACIA NACIONAL - DN,0,0,Ministerio del Interior / portal oficial de datos abiertos,PRIMARY_OFFICIAL
2008,2008-03-09,6 - Badajoz,EI ESCONS INSUBMISOS-ALTERNATIVA DELS DEMOCRATES DESCONTENTS - Ei,0,0,Ministerio del Interior / portal oficial de datos abiertos,PRIMARY_OFFICIAL
2008,2008-03-09,6 - Badajoz,ELS VERDS - L'ALTERNATIVA ECOLOGISTA - EV-AE,0,0,Ministerio del Interior / portal oficial de datos abiertos,PRIMARY_OFFICIAL
2008,2008-03-09,6 - Badajoz,ELS VERDS-ALTERNATIVA VERDA - E.V.-A.V.,0,0,Ministerio del Interior / portal oficial de datos abiertos,PRIMARY_OFFICIAL
2008,2008-03-09,6 - Badajoz,ELS VERDS-LOS VERDES - EV-LV,0,0,Ministerio del Interior / portal oficial de datos abiertos,PRIMARY_OFFICIAL
2008,2008-03-09,6 - Badajoz,ESCONS INSUBMISOS ALTERNATIVA DELS DEMOCRATES DESCONTENTS - EI-ADD,0,0,Ministerio del Interior / portal oficial de datos abiertos,PRIMARY_OFFICIAL
2008,2008-03-09,6 - Badajoz,ESCONS INSUBMISOS-ALTERNATIVA DELS DEMOCRATES DESCONTENTS - Ei,0,0,Ministerio del Interior / portal oficial de datos abiertos,PRIMARY_OFFICIAL
2008,2008-03-09,6 - Badajoz,ESPAÑA 2000 - E-2000,0,0,Ministerio del Interior / portal oficial de datos abiertos,PRIMARY_OFFICIAL
2008,2008-03-09,6 - Badajoz,ESPAÑA-2000 - E-2000,88,0,Ministerio del Interior / portal oficial de datos abiertos,PRIMARY_OFFICIAL
2008,2008-03-09,6 - Badajoz,ESQUERDA UNIDA-IZQUIERDA UNIDA-ALTERNATIVA - EU-IU,0,0,Ministerio del Interior / portal oficial de datos abiertos,PRIMARY_OFFICIAL
2008,2008-03-09,6 - Badajoz,ESQUERRA REPUBLICANA DE CATALUNYA - ESQUERRA,0,0,Ministerio del Interior / portal oficial de datos abiertos,PRIMARY_OFFICIAL
2008,2008-03-09,6 - Badajoz,ESQUERRA REPUBLICANA DE CATALUNYA - esquerra,0,0,Ministerio del Interior / portal oficial de datos abiertos,PRIMARY_OFFICIAL
2008,2008-03-09,6 - Badajoz,ESQUERRA REPUBLICANA DEL PAIS VALENCIA-PAIS VALENCIA SI - ESQUERRA-PV,0,0,Ministerio del Interior / portal oficial de datos abiertos,PRIMARY_OFFICIAL
2008,2008-03-09,6 - Badajoz,"ESQUERRA REPUBLICANA DEL PAIS VALENCIA-PAIS VALENCIA, SI - ESQUERRA-PV",0,0,Ministerio del Interior / portal oficial de datos abiertos,PRIMARY_OFFICIAL
2008,2008-03-09,6 - Badajoz,ESQUERRA UNIDA - ELS VERDS - EU-EV,0,0,Ministerio del Interior / portal oficial de datos abiertos,PRIMARY_OFFICIAL
2008,2008-03-09,6 - Badajoz,ESQUERRA UNIDA DEL PAIS VALENCIA-IZQUIERDA REPUBLICANA: ESQUERRA UNIDA I REPUBLICANA - EUPV-IR,0,0,Ministerio del Interior / portal oficial de datos abiertos,PRIMARY_OFFICIAL
2008,2008-03-09,6 - Badajoz,ESQUERRA UNIDA DEL PAIS VALENCIA-IZQUIERDA REPUBLICANA:ESQUERRA UNIDA I REPUBLICANA - EUPV-IR,0,0,Ministerio del Interior / portal oficial de datos abiertos,PRIMARY_OFFICIAL
2008,2008-03-09,6 - Badajoz,EUSKO ALKARTASUNA - EA,0,0,Ministerio del Interior / portal oficial de datos abiertos,PRIMARY_OFFICIAL
2008,2008-03-09,6 - Badajoz,EUZKO ALDERDI JELTZALEA-PARTIDO NACIONALISTA VASCO - EAJ-PNV,0,0,Ministerio del Interior / portal oficial de datos abiertos,PRIMARY_OFFICIAL
2008,2008-03-09,6 - Badajoz,EXTREMADURA UNIDA - EXTREMADURA UNIDA,1029,0,Ministerio del Interior / portal oficial de datos abiertos,PRIMARY_OFFICIAL
2008,2008-03-09,6 - Badajoz,EZKER BATUA-BERDEAK-ALTERNATIVA - EB-B,0,0,Ministerio del Interior / portal oficial de datos abiertos,PRIMARY_OFFICIAL
2008,2008-03-09,6 - Badajoz,FALANGE AUTENTICA - F.A.,106,0,Ministerio del Interior / portal oficial de datos abiertos,PRIMARY_OFFICIAL
2008,2008-03-09,6 - Badajoz,FALANGE AUTENTICA - FA,0,0,Ministerio del Interior / portal oficial de datos abiertos,PRIMARY_OFFICIAL
2008,2008-03-09,6 - Badajoz,FALANGE ESPAÑOLA DE LA JONS - FE de las JONS,0,0,Ministerio del Interior / portal oficial de datos abiertos,PRIMARY_OFFICIAL
2008,2008-03-09,6 - Badajoz,FALANGE ESPAÑOLA DE LAS J.O.N.S. - F.E. de las J.O.N.S.,0,0,Ministerio del Interior / portal oficial de datos abiertos,PRIMARY_OFFICIAL
2008,2008-03-09,6 - Badajoz,FALANGE ESPAÑOLA DE LAS J.O.N.S. - FE de las JONS,0,0,Ministerio del Interior / portal oficial de datos abiertos,PRIMARY_OFFICIAL
2008,2008-03-09,6 - Badajoz,FALANGE ESPAÑOLA DE LAS J.O.N.S. - FE-JONS,0,0,Ministerio del Interior / portal oficial de datos abiertos,PRIMARY_OFFICIAL
2008,2008-03-09,6 - Badajoz,FALANGE ESPAÑOLA DE LAS JONS - F.E. de las J.O.N.S.,0,0,Ministerio del Interior / portal oficial de datos abiertos,PRIMARY_OFFICIAL
2008,2008-03-09,6 - Badajoz,FALANGE ESPAÑOLA DE LAS JONS - FE DE LAS JONS,0,0,Ministerio del Interior / portal oficial de datos abiertos,PRIMARY_OFFICIAL
2008,2008-03-09,6 - Badajoz,FALANGE ESPAÑOLA DE LAS JONS - FE de las JONS,157,0,Ministerio del Interior / portal oficial de datos abiertos,PRIMARY_OFFICIAL
2008,2008-03-09,6 - Badajoz,FALANGE ESPAÑOLA DE LAS JONS - FE-JONS,0,0,Ministerio del Interior / portal oficial de datos abiertos,PRIMARY_OFFICIAL
2008,2008-03-09,6 - Badajoz,FAMILIA I VIDA - PFiV,0,0,Ministerio del Interior / portal oficial de datos abiertos,PRIMARY_OFFICIAL
2008,2008-03-09,6 - Badajoz,FAMILIA Y VIDA - PFyV,0,0,Ministerio del Interior / portal oficial de datos abiertos,PRIMARY_OFFICIAL
2008,2008-03-09,6 - Badajoz,FRENTE ESPAÑOL - F.E,0,0,Ministerio del Interior / portal oficial de datos abiertos,PRIMARY_OFFICIAL
2008,2008-03-09,6 - Badajoz,FRENTE ESPAÑOL - F.E.,0,0,Ministerio del Interior / portal oficial de datos abiertos,PRIMARY_OFFICIAL
2008,2008-03-09,6 - Badajoz,FRENTE ESPAÑOL - FRENTE,0,0,Ministerio del Interior / portal oficial de datos abiertos,PRIMARY_OFFICIAL
2008,2008-03-09,6 - Badajoz,GENTES DE EL BIERZO - PB-UB,0,0,Ministerio del Interior / portal oficial de datos abiertos,PRIMARY_OFFICIAL
2008,2008-03-09,6 - Badajoz,IDENTITAT REGNE DE VALENCIA - IRV,0,0,Ministerio del Interior / portal oficial de datos abiertos,PRIMARY_OFFICIAL
2008,2008-03-09,6 - Badajoz,INDEPENDIENTES POR CUENCA - ixC,0,0,Ministerio del Interior / portal oficial de datos abiertos,PRIMARY_OFFICIAL
2008,2008-03-09,6 - Badajoz,INICIATIVA CIUDADANA BURGALESA - I.C.Bur,0,0,Ministerio del Interior / portal oficial de datos abiertos,PRIMARY_OFFICIAL
2008,2008-03-09,6 - Badajoz,INICIATIVA MERINDADES DE CASTILLA - I.M.C.,0,0,Ministerio del Interior / portal oficial de datos abiertos,PRIMARY_OFFICIAL
2008,2008-03-09,6 - Badajoz,INICIATIVA PER CATALUNYA VERDS - ESQUERRA UNIDA I ALTERNATIVA - ICV-EUiA,0,0,Ministerio del Interior / portal oficial de datos abiertos,PRIMARY_OFFICIAL
2008,2008-03-09,6 - Badajoz,INICIATIVA PER CATALUNYA VERDS-ESQUERRA UNIDA I ALTERNATIVA - ICV-EUiA,0,0,Ministerio del Interior / portal oficial de datos abiertos,PRIMARY_OFFICIAL
2008,2008-03-09,6 - Badajoz,IZQUIERDA REPUBLICANA - IR,0,0,Ministerio del Interior / portal oficial de datos abiertos,PRIMARY_OFFICIAL
2008,2008-03-09,6 - Badajoz,IZQUIERDA REPUBLICANA-PARTIT REPUBLICA D'ESQUERRA - IR-PRE,0,0,Ministerio del Interior / portal oficial de datos abiertos,PRIMARY_OFFICIAL
2008,2008-03-09,6 - Badajoz,IZQUIERDA UNIDA - BLOQUE POR ASTURIES - LOS VERDES - IU-B.A-LOS VERDES,0,0,Ministerio del Interior / portal oficial de datos abiertos,PRIMARY_OFFICIAL
2008,2008-03-09,6 - Badajoz,IZQUIERDA UNIDA CANARIA-ALTERNATIVA - IUC,0,0,Ministerio del Interior / portal oficial de datos abiertos,PRIMARY_OFFICIAL
2008,2008-03-09,6 - Badajoz,IZQUIERDA UNIDA COMUNIDAD DE MADRID-ALTERNATIVA - IU-CM.,0,0,Ministerio del Interior / portal oficial de datos abiertos,PRIMARY_OFFICIAL
2008,2008-03-09,6 - Badajoz,IZQUIERDA UNIDA DE CEUTA - I.U.,0,0,Ministerio del Interior / portal oficial de datos abiertos,PRIMARY_OFFICIAL
2008,2008-03-09,6 - Badajoz,IZQUIERDA UNIDA DE LA REGION DE MURCIA-ALTERNATIVA - I.U.R.M.,0,0,Ministerio del Interior / portal oficial de datos abiertos,PRIMARY_OFFICIAL
2008,2008-03-09,6 - Badajoz,IZQUIERDA UNIDA DE NAVARRA - NAFARROAKO EZKER BATUA - ALTERNATIVA - IUN-NEB,0,0,Ministerio del Interior / portal oficial de datos abiertos,PRIMARY_OFFICIAL
2008,2008-03-09,6 - Badajoz,IZQUIERDA UNIDA LOS VERDES CONVOCATORIA POR ANDALUCIA-ALTERNATIVA - IULV-CA,0,0,Ministerio del Interior / portal oficial de datos abiertos,PRIMARY_OFFICIAL
2008,2008-03-09,6 - Badajoz,IZQUIERDA UNIDA LOS VERDES-CONVOCATORIA POR ANDALUCIA - ALTERNATIVA - IULV-CA,0,0,Ministerio del Interior / portal oficial de datos abiertos,PRIMARY_OFFICIAL
2008,2008-03-09,6 - Badajoz,IZQUIERDA UNIDA LOS VERDES-CONVOCATORIA POR ANDALUCIA-ALTERNATIVA - IULV-CA,0,0,Ministerio del Interior / portal oficial de datos abiertos,PRIMARY_OFFICIAL
2008,2008-03-09,6 - Badajoz,IZQUIERDA UNIDA-ALTERNATIVA - I.U.,0,0,Ministerio del Interior / portal oficial de datos abiertos,PRIMARY_OFFICIAL
2008,2008-03-09,6 - Badajoz,IZQUIERDA UNIDA-ALTERNATIVA - IU,13197,0,Ministerio del Interior / portal oficial de datos abiertos,PRIMARY_OFFICIAL
2008,2008-03-09,6 - Badajoz,LLUITA INTERNACIONALISTA - (LI(LIT-CI)),0,0,Ministerio del Interior / portal oficial de datos abiertos,PRIMARY_OFFICIAL
2008,2008-03-09,6 - Badajoz,LLUITA INTERNACIONALISTA - L.I.(LIT-CI),0,0,Ministerio del Interior / portal oficial de datos abiertos,PRIMARY_OFFICIAL
2008,2008-03-09,6 - Badajoz,LLUITA INTERNACIONALISTA - LI-LITCI,0,0,Ministerio del Interior / portal oficial de datos abiertos,PRIMARY_OFFICIAL
2008,2008-03-09,6 - Badajoz,LOS VERDES - LOS VERDES,0,0,Ministerio del Interior / portal oficial de datos abiertos,PRIMARY_OFFICIAL
2008,2008-03-09,6 - Badajoz,LOS VERDES - LV,1240,0,Ministerio del Interior / portal oficial de datos abiertos,PRIMARY_OFFICIAL
2008,2008-03-09,6 - Badajoz,LOS VERDES - VERDES,0,0,Ministerio del Interior / portal oficial de datos abiertos,PRIMARY_OFFICIAL
2008,2008-03-09,6 - Badajoz,LOS VERDES COMUNIDAD DE MADRID-LOS VERDES DE EUROPA - LVCM-LVE,0,0,Ministerio del Interior / portal oficial de datos abiertos,PRIMARY_OFFICIAL
2008,2008-03-09,6 - Badajoz,LOS VERDES DE EUROPA - LOS VERDES DE EUROPA,0,0,Ministerio del Interior / portal oficial de datos abiertos,PRIMARY_OFFICIAL
2008,2008-03-09,6 - Badajoz,LOS VERDES DE EUROPA - LVE,0,0,Ministerio del Interior / portal oficial de datos abiertos,PRIMARY_OFFICIAL
2008,2008-03-09,6 - Badajoz,LOS VERDES DE EXTREMADURA - LV,0,0,Ministerio del Interior / portal oficial de datos abiertos,PRIMARY_OFFICIAL
2008,2008-03-09,6 - Badajoz,LOS VERDES-ELS VERDS - LV-EV,0,0,Ministerio del Interior / portal oficial de datos abiertos,PRIMARY_OFFICIAL
2008,2008-03-09,6 - Badajoz,LOS VERDES-GRUPO VERDE - L.V.,0,0,Ministerio del Interior / portal oficial de datos abiertos,PRIMARY_OFFICIAL
2008,2008-03-09,6 - Badajoz,LOS VERDES-GRUPO VERDE - LV,0,0,Ministerio del Interior / portal oficial de datos abiertos,PRIMARY_OFFICIAL
2008,2008-03-09,6 - Badajoz,LOS VERDES-GRUPO VERDE - LV-GV,0,0,Ministerio del Interior / portal oficial de datos abiertos,PRIMARY_OFFICIAL
2008,2008-03-09,6 - Badajoz,LUCHA INTERNACIONALISTA - LI-LITCI,0,0,Ministerio del Interior / portal oficial de datos abiertos,PRIMARY_OFFICIAL
2008,2008-03-09,6 - Badajoz,MOVIMIENTO FALANGISTA DE ESPAÑA - M.F.E.,0,0,Ministerio del Interior / portal oficial de datos abiertos,PRIMARY_OFFICIAL
2008,2008-03-09,6 - Badajoz,MOVIMIENTO POR LA UNIDAD DEL PUEBLO CANARIO - MUPC,0,0,Ministerio del Interior / portal oficial de datos abiertos,PRIMARY_OFFICIAL
2008,2008-03-09,6 - Badajoz,NAFARROA BAI - NA-BAI,0,0,Ministerio del Interior / portal oficial de datos abiertos,PRIMARY_OFFICIAL
2008,2008-03-09,6 - Badajoz,NOSALTRES SOM - N som,0,0,Ministerio del Interior / portal oficial de datos abiertos,PRIMARY_OFFICIAL
2008,2008-03-09,6 - Badajoz,NUEVA CANARIAS-CENTRO CANARIO - NC-CCN,0,0,Ministerio del Interior / portal oficial de datos abiertos,PRIMARY_OFFICIAL
2008,2008-03-09,6 - Badajoz,OPCIO NACIONALISTA VALENCIANA - O.N.V.,0,0,Ministerio del Interior / portal oficial de datos abiertos,PRIMARY_OFFICIAL
2008,2008-03-09,6 - Badajoz,OPCIO NACIONALISTA VALENCIANA - ONV,0,0,Ministerio del Interior / portal oficial de datos abiertos,PRIMARY_OFFICIAL
2008,2008-03-09,6 - Badajoz,OS VERDES - GRUPO VERDE - OV,0,0,Ministerio del Interior / portal oficial de datos abiertos,PRIMARY_OFFICIAL
2008,2008-03-09,6 - Badajoz,PARTIDO ALTERNATIVA MOTOR Y DEPORTES - A.M.D.,0,0,Ministerio del Interior / portal oficial de datos abiertos,PRIMARY_OFFICIAL
2008,2008-03-09,6 - Badajoz,PARTIDO ANTITAURINO CONTRA EL MALTRATO ANIMAL - P.A.C.M.A,0,0,Ministerio del Interior / portal oficial de datos abiertos,PRIMARY_OFFICIAL
2008,2008-03-09,6 - Badajoz,PARTIDO ANTITAURINO CONTRA EL MALTRATO ANIMAL - P.A.C.M.A.,0,0,Ministerio del Interior / portal oficial de datos abiertos,PRIMARY_OFFICIAL
2008,2008-03-09,6 - Badajoz,PARTIDO ANTITAURINO CONTRA EL MALTRATO ANIMAL - PACMA,473,0,Ministerio del Interior / portal oficial de datos abiertos,PRIMARY_OFFICIAL
2008,2008-03-09,6 - Badajoz,PARTIDO ARAGONES - PAR,0,0,Ministerio del Interior / portal oficial de datos abiertos,PRIMARY_OFFICIAL
2008,2008-03-09,6 - Badajoz,PARTIDO CARLISTA - P.C.,0,0,Ministerio del Interior / portal oficial de datos abiertos,PRIMARY_OFFICIAL
2008,2008-03-09,6 - Badajoz,PARTIDO CARLISTA - PARTIDO CARLISTA,0,0,Ministerio del Interior / portal oficial de datos abiertos,PRIMARY_OFFICIAL
2008,2008-03-09,6 - Badajoz,PARTIDO CARLISTA - PC,0,0,Ministerio del Interior / portal oficial de datos abiertos,PRIMARY_OFFICIAL
2008,2008-03-09,6 - Badajoz,PARTIDO CARLISTA DE EUSKALERRIA-PARTIDO CARLISTA - EKA-PC.,0,0,Ministerio del Interior / portal oficial de datos abiertos,PRIMARY_OFFICIAL
2008,2008-03-09,6 - Badajoz,PARTIDO CARLISTA DE EUSKALHERRIA-EUSKALHERRIKO KARLISTA ALDERDIA - PARTIDO CARLISTA-EKA,0,0,Ministerio del Interior / portal oficial de datos abiertos,PRIMARY_OFFICIAL
2008,2008-03-09,6 - Badajoz,PARTIDO CENTRISTA - PCTR,0,0,Ministerio del Interior / portal oficial de datos abiertos,PRIMARY_OFFICIAL
2008,2008-03-09,6 - Badajoz,PARTIDO CENTRISTAS - Centristas PCTR,0,0,Ministerio del Interior / portal oficial de datos abiertos,PRIMARY_OFFICIAL
2008,2008-03-09,6 - Badajoz,PARTIDO CENTRISTAS - PCTR,0,0,Ministerio del Interior / portal oficial de datos abiertos,PRIMARY_OFFICIAL
2008,2008-03-09,6 - Badajoz,PARTIDO CIUDADANOS UNIDOS DE ARAGON - pCUA,0,0,Ministerio del Interior / portal oficial de datos abiertos,PRIMARY_OFFICIAL
2008,2008-03-09,6 - Badajoz,PARTIDO COMUNISTA DE LOS PUEBLOS DE ESPAÑA - P.C.P.E.,420,0,Ministerio del Interior / portal oficial de datos abiertos,PRIMARY_OFFICIAL
2008,2008-03-09,6 - Badajoz,PARTIDO COMUNISTA DE LOS PUEBLOS DE ESPAÑA - P.C.P.E.-E.K.,0,0,Ministerio del Interior / portal oficial de datos abiertos,PRIMARY_OFFICIAL
2008,2008-03-09,6 - Badajoz,PARTIDO COMUNISTA DE LOS PUEBLOS DE ESPAÑA - PCPE,0,0,Ministerio del Interior / portal oficial de datos abiertos,PRIMARY_OFFICIAL
2008,2008-03-09,6 - Badajoz,PARTIDO COMUNISTA DE LOS PUEBLOS DE ESPAÑA-EUSKAL KOMUNISTAK - PCPE - EK,0,0,Ministerio del Interior / portal oficial de datos abiertos,PRIMARY_OFFICIAL
2008,2008-03-09,6 - Badajoz,PARTIDO COMUNISTA DEL PUEBLO CANARIO - PCPE,0,0,Ministerio del Interior / portal oficial de datos abiertos,PRIMARY_OFFICIAL
2008,2008-03-09,6 - Badajoz,PARTIDO COMUNISTA DEL PUEBLO CASTELLANO - PCPE,0,0,Ministerio del Interior / portal oficial de datos abiertos,PRIMARY_OFFICIAL
2008,2008-03-09,6 - Badajoz,PARTIDO COMUNISTA DEL PUEBLO CASTELLANO-PCPE - PCPE,0,0,Ministerio del Interior / portal oficial de datos abiertos,PRIMARY_OFFICIAL
2008,2008-03-09,6 - Badajoz,PARTIDO COMUNISTA DEL PUEBLO DE CATALUNYA - PCPC,0,0,Ministerio del Interior / portal oficial de datos abiertos,PRIMARY_OFFICIAL
2008,2008-03-09,6 - Badajoz,PARTIDO COMUNISTA DEL PUEBLO DE CATALUÑA - PCPC,0,0,Ministerio del Interior / portal oficial de datos abiertos,PRIMARY_OFFICIAL
2008,2008-03-09,6 - Badajoz,PARTIDO COMUNISTA DO POBO GALEGO - PCPG,0,0,Ministerio del Interior / portal oficial de datos abiertos,PRIMARY_OFFICIAL
2008,2008-03-09,6 - Badajoz,PARTIDO COMUNISTA DO POVO GALEGO - P.C.P.G.,0,0,Ministerio del Interior / portal oficial de datos abiertos,PRIMARY_OFFICIAL
2008,2008-03-09,6 - Badajoz,PARTIDO COMUNISTA PUEBLOS DE ESPAÑA - PCPE,0,0,Ministerio del Interior / portal oficial de datos abiertos,PRIMARY_OFFICIAL
2008,2008-03-09,6 - Badajoz,PARTIDO DE ALIANZA IBEROAMERICANA EUROPEA - PAIE,0,0,Ministerio del Interior / portal oficial de datos abiertos,PRIMARY_OFFICIAL
2008,2008-03-09,6 - Badajoz,PARTIDO DE ALMERIA - PdeAL,0,0,Ministerio del Interior / portal oficial de datos abiertos,PRIMARY_OFFICIAL
2008,2008-03-09,6 - Badajoz,PARTIDO DE LAS LIBERTADES CIVILES - PLCI,0,0,Ministerio del Interior / portal oficial de datos abiertos,PRIMARY_OFFICIAL
2008,2008-03-09,6 - Badajoz,PARTIDO DE LOS NO-FUMADORES - PNF (NO-FUMADORES),0,0,Ministerio del Interior / portal oficial de datos abiertos,PRIMARY_OFFICIAL
2008,2008-03-09,6 - Badajoz,PARTIDO DE LOS PENSIONISTAS EN ACCION - PDLPEA,0,0,Ministerio del Interior / portal oficial de datos abiertos,PRIMARY_OFFICIAL
2008,2008-03-09,6 - Badajoz,PARTIDO DOS SOCIALISTAS DE GALICIA-PARTIDO SOCIALISTA OBRERO ESPAÑOL - PSdeG-PSOE,0,0,Ministerio del Interior / portal oficial de datos abiertos,PRIMARY_OFFICIAL
2008,2008-03-09,6 - Badajoz,PARTIDO DOS SOCIALISTAS DE GALICIA-PSOE - PSdeG-PSOE,0,0,Ministerio del Interior / portal oficial de datos abiertos,PRIMARY_OFFICIAL
2008,2008-03-09,6 - Badajoz,PARTIDO FAMILIA Y VIDA - PFyV,0,0,Ministerio del Interior / portal oficial de datos abiertos,PRIMARY_OFFICIAL
2008,2008-03-09,6 - Badajoz,PARTIDO HACHE - PHache,0,0,Ministerio del Interior / portal oficial de datos abiertos,PRIMARY_OFFICIAL
2008,2008-03-09,6 - Badajoz,PARTIDO HUMANISTA - P.H.,0,0,Ministerio del Interior / portal oficial de datos abiertos,PRIMARY_OFFICIAL
2008,2008-03-09,6 - Badajoz,PARTIDO HUMANISTA - PH,104,0,Ministerio del Interior / portal oficial de datos abiertos,PRIMARY_OFFICIAL
2008,2008-03-09,6 - Badajoz,PARTIDO IZQUIERDA REPUBLICANA-PARTIT REPUBLICA D'ESQUERRA - IR-PRE,0,0,Ministerio del Interior / portal oficial de datos abiertos,PRIMARY_OFFICIAL
2008,2008-03-09,6 - Badajoz,PARTIDO LIBERAL DEL EMPLEO Y LA VIVIENDA ESTATAL - P.L.E.V.E.,0,0,Ministerio del Interior / portal oficial de datos abiertos,PRIMARY_OFFICIAL
2008,2008-03-09,6 - Badajoz,PARTIDO LIBERTADES CIVILES - PLCI,0,0,Ministerio del Interior / portal oficial de datos abiertos,PRIMARY_OFFICIAL
2008,2008-03-09,6 - Badajoz,PARTIDO OBRERO SOCIALISTA INTERNACIONALISTA - P.O.S.I.,0,0,Ministerio del Interior / portal oficial de datos abiertos,PRIMARY_OFFICIAL
2008,2008-03-09,6 - Badajoz,PARTIDO OBRERO SOCIALISTA INTERNACIONALISTA - POSI,0,0,Ministerio del Interior / portal oficial de datos abiertos,PRIMARY_OFFICIAL
2008,2008-03-09,6 - Badajoz,PARTIDO POLITICO ARALAR - aralar,0,0,Ministerio del Interior / portal oficial de datos abiertos,PRIMARY_OFFICIAL
2008,2008-03-09,6 - Badajoz,PARTIDO POPULAR - P.P.,178634,3,Ministerio del Interior / portal oficial de datos abiertos,PRIMARY_OFFICIAL
2008,2008-03-09,6 - Badajoz,PARTIDO POPULAR - PP,0,0,Ministerio del Interior / portal oficial de datos abiertos,PRIMARY_OFFICIAL
2008,2008-03-09,6 - Badajoz,PARTIDO POPULAR/PARTIT POPULAR - PP,0,0,Ministerio del Interior / portal oficial de datos abiertos,PRIMARY_OFFICIAL
2008,2008-03-09,6 - Badajoz,PARTIDO POR UN MUNDO MAS JUSTO - PUM+J,0,0,Ministerio del Interior / portal oficial de datos abiertos,PRIMARY_OFFICIAL
2008,2008-03-09,6 - Badajoz,PARTIDO POSITIVISTA CRISTIANO - PPCr,0,0,Ministerio del Interior / portal oficial de datos abiertos,PRIMARY_OFFICIAL
2008,2008-03-09,6 - Badajoz,PARTIDO REGIONALISTA DE GUADALAJARA - P.R.GU.,0,0,Ministerio del Interior / portal oficial de datos abiertos,PRIMARY_OFFICIAL
2008,2008-03-09,6 - Badajoz,PARTIDO REGIONALISTA DEL PAIS LEONES - PREPAL,0,0,Ministerio del Interior / portal oficial de datos abiertos,PRIMARY_OFFICIAL
2008,2008-03-09,6 - Badajoz,PARTIDO RIOJANO - PARTIDO RIOJANO,0,0,Ministerio del Interior / portal oficial de datos abiertos,PRIMARY_OFFICIAL
2008,2008-03-09,6 - Badajoz,PARTIDO SOCIAL DEMOCRATA - P.S.D.,0,0,Ministerio del Interior / portal oficial de datos abiertos,PRIMARY_OFFICIAL
2008,2008-03-09,6 - Badajoz,PARTIDO SOCIAL DEMOCRATA - PSD,0,0,Ministerio del Interior / portal oficial de datos abiertos,PRIMARY_OFFICIAL
2008,2008-03-09,6 - Badajoz,PARTIDO SOCIAL DEMOCRATA-FEDERACION DE LOS INDEPENDIENTES DE ARAGON - PSD-FIA,0,0,Ministerio del Interior / portal oficial de datos abiertos,PRIMARY_OFFICIAL
2008,2008-03-09,6 - Badajoz,PARTIDO SOCIALISTA DE EUSKADI-EUSKADIKO EZKERRA (PSOE) - PSE-EE (PSOE),0,0,Ministerio del Interior / portal oficial de datos abiertos,PRIMARY_OFFICIAL
2008,2008-03-09,6 - Badajoz,PARTIDO SOCIALISTA DE EUSKADI-EUSKADIKO EZKERRA - PSE-EE (PSOE),0,0,Ministerio del Interior / portal oficial de datos abiertos,PRIMARY_OFFICIAL
2008,2008-03-09,6 - Badajoz,PARTIDO SOCIALISTA OBRERO ESPAÑOL - P.S.O.E.,223749,3,Ministerio del Interior / portal oficial de datos abiertos,PRIMARY_OFFICIAL
2008,2008-03-09,6 - Badajoz,PARTIDO SOCIALISTA OBRERO ESPAÑOL - PSOE,0,0,Ministerio del Interior / portal oficial de datos abiertos,PRIMARY_OFFICIAL
2008,2008-03-09,6 - Badajoz,PARTIDO SOCIALISTA OBRERO ESPAÑOL DE ANDALUCIA - PSOE-A,0,0,Ministerio del Interior / portal oficial de datos abiertos,PRIMARY_OFFICIAL
2008,2008-03-09,6 - Badajoz,PARTIDO SOLIDARIDAD Y AUTOGESTION INTERNACIONALISTA - SAIN,0,0,Ministerio del Interior / portal oficial de datos abiertos,PRIMARY_OFFICIAL
2008,2008-03-09,6 - Badajoz,PARTIDO UNIONISTA ESTADO DE ESPAÑA - P.U.E.D.E.,0,0,Ministerio del Interior / portal oficial de datos abiertos,PRIMARY_OFFICIAL
2008,2008-03-09,6 - Badajoz,PARTIDO UNIONISTA ESTADO DE ESPAÑA - PUEDE,0,0,Ministerio del Interior / portal oficial de datos abiertos,PRIMARY_OFFICIAL
2008,2008-03-09,6 - Badajoz,PARTIT ANTITAURI CONTRA EL MALTRACTAMENT ANIMAL - P.A.C.M.A.,0,0,Ministerio del Interior / portal oficial de datos abiertos,PRIMARY_OFFICIAL
2008,2008-03-09,6 - Badajoz,PARTIT ANTITAURI CONTRA EL MALTRACTAMENT ANIMAL - PACMA,0,0,Ministerio del Interior / portal oficial de datos abiertos,PRIMARY_OFFICIAL
2008,2008-03-09,6 - Badajoz,PARTIT CARLI DE CATALUNYA - P. C. de C.,0,0,Ministerio del Interior / portal oficial de datos abiertos,PRIMARY_OFFICIAL
2008,2008-03-09,6 - Badajoz,PARTIT CARLI DE CATALUNYA - PCaC,0,0,Ministerio del Interior / portal oficial de datos abiertos,PRIMARY_OFFICIAL
2008,2008-03-09,6 - Badajoz,PARTIT COMUNISTA DEL POBLE DE CATALUNYA - P.C.P.C.,0,0,Ministerio del Interior / portal oficial de datos abiertos,PRIMARY_OFFICIAL
2008,2008-03-09,6 - Badajoz,PARTIT COMUNISTA DELS POBLES D'ESPANYA - PCPE,0,0,Ministerio del Interior / portal oficial de datos abiertos,PRIMARY_OFFICIAL
2008,2008-03-09,6 - Badajoz,PARTIT DELS SOCIALISTES DE CATALUNYA - PSC (PSC-PSOE),0,0,Ministerio del Interior / portal oficial de datos abiertos,PRIMARY_OFFICIAL
2008,2008-03-09,6 - Badajoz,PARTIT DELS SOCIALISTES DE CATALUNYA - PSC-PSOE,0,0,Ministerio del Interior / portal oficial de datos abiertos,PRIMARY_OFFICIAL
2008,2008-03-09,6 - Badajoz,PARTIT FAMILIA I VIDA - PFiV,0,0,Ministerio del Interior / portal oficial de datos abiertos,PRIMARY_OFFICIAL
2008,2008-03-09,6 - Badajoz,PARTIT HUMANISTA - P.H.,0,0,Ministerio del Interior / portal oficial de datos abiertos,PRIMARY_OFFICIAL
2008,2008-03-09,6 - Badajoz,PARTIT HUMANISTA - PH,0,0,Ministerio del Interior / portal oficial de datos abiertos,PRIMARY_OFFICIAL
2008,2008-03-09,6 - Badajoz,PARTIT HUMANISTA DE CATALUNYA - PH,0,0,Ministerio del Interior / portal oficial de datos abiertos,PRIMARY_OFFICIAL
2008,2008-03-09,6 - Badajoz,PARTIT ILLENC DE SES ILLES BALEARS - PIIB,0,0,Ministerio del Interior / portal oficial de datos abiertos,PRIMARY_OFFICIAL
2008,2008-03-09,6 - Badajoz,PARTIT OBRER SOCIALISTA INTERNACIONALISTA - P.O.S.I.,0,0,Ministerio del Interior / portal oficial de datos abiertos,PRIMARY_OFFICIAL
2008,2008-03-09,6 - Badajoz,PARTIT OBRER SOCIALISTA INTERNACIONALISTA - POSI,0,0,Ministerio del Interior / portal oficial de datos abiertos,PRIMARY_OFFICIAL
2008,2008-03-09,6 - Badajoz,PARTIT PER CATALUNYA - PxCat,0,0,Ministerio del Interior / portal oficial de datos abiertos,PRIMARY_OFFICIAL
2008,2008-03-09,6 - Badajoz,PARTIT POPULAR/PARTIDO POPULAR - P.P.,0,0,Ministerio del Interior / portal oficial de datos abiertos,PRIMARY_OFFICIAL
2008,2008-03-09,6 - Badajoz,PARTIT REPUBLICA CATALA - RC,0,0,Ministerio del Interior / portal oficial de datos abiertos,PRIMARY_OFFICIAL
2008,2008-03-09,6 - Badajoz,PER LA REPUBLICA VALENCIANA - PLRV,0,0,Ministerio del Interior / portal oficial de datos abiertos,PRIMARY_OFFICIAL
2008,2008-03-09,6 - Badajoz,PER LA REPUBLICA VALENCIANA - plRV,0,0,Ministerio del Interior / portal oficial de datos abiertos,PRIMARY_OFFICIAL
2008,2008-03-09,6 - Badajoz,POR UN MUNDO MAS JUSTO - PUM+J,732,0,Ministerio del Interior / portal oficial de datos abiertos,PRIMARY_OFFICIAL
2008,2008-03-09,6 - Badajoz,REPRESENTACION CANNABICA NAVARRA - RCN-NOK,0,0,Ministerio del Interior / portal oficial de datos abiertos,PRIMARY_OFFICIAL
2008,2008-03-09,6 - Badajoz,SOLIDARIDAD Y AUTOGESTION INTERNACIONALISTA - SAIN,0,0,Ministerio del Interior / portal oficial de datos abiertos,PRIMARY_OFFICIAL
2008,2008-03-09,6 - Badajoz,SOLIDARIDAD Y AUTOGESTION INTERNACIONALISTA - SAIn,0,0,Ministerio del Interior / portal oficial de datos abiertos,PRIMARY_OFFICIAL
2008,2008-03-09,6 - Badajoz,TIERRA COMUNERA - TC,0,0,Ministerio del Interior / portal oficial de datos abiertos,PRIMARY_OFFICIAL
2008,2008-03-09,6 - Badajoz,UNIDA - UNIDA,0,0,Ministerio del Interior / portal oficial de datos abiertos,PRIMARY_OFFICIAL
2008,2008-03-09,6 - Badajoz,UNIDAD CASTELLANA - Ud. Ca.,0,0,Ministerio del Interior / portal oficial de datos abiertos,PRIMARY_OFFICIAL
2008,2008-03-09,6 - Badajoz,UNIDAD DEL PUEBLO - UNIDAD DEL PUEBLO,0,0,Ministerio del Interior / portal oficial de datos abiertos,PRIMARY_OFFICIAL
2008,2008-03-09,6 - Badajoz,UNIDAD REGIONALISTA DE CASTILLA Y LEON - U.R.C.L.,0,0,Ministerio del Interior / portal oficial de datos abiertos,PRIMARY_OFFICIAL
2008,2008-03-09,6 - Badajoz,UNION CENTRISTA LIBERAL - UCL,0,0,Ministerio del Interior / portal oficial de datos abiertos,PRIMARY_OFFICIAL
2008,2008-03-09,6 - Badajoz,UNION CIUDADANA PROGRESISTAS INDEPENDIENTES DE CANARIAS - UCPIC,0,0,Ministerio del Interior / portal oficial de datos abiertos,PRIMARY_OFFICIAL
2008,2008-03-09,6 - Badajoz,UNION DEL PUEBLO LEONES - UPL,0,0,Ministerio del Interior / portal oficial de datos abiertos,PRIMARY_OFFICIAL
2008,2008-03-09,6 - Badajoz,UNION DEL PUEBLO NAVARRO EN COALICION CON EL PARTIDO POPULAR - UPN-PP,0,0,Ministerio del Interior / portal oficial de datos abiertos,PRIMARY_OFFICIAL
2008,2008-03-09,6 - Badajoz,UNION POR LEGANES - ULEG,0,0,Ministerio del Interior / portal oficial de datos abiertos,PRIMARY_OFFICIAL
2008,2008-03-09,6 - Badajoz,UNION PROGRESO Y DEMOCRACIA - UPD,0,0,Ministerio del Interior / portal oficial de datos abiertos,PRIMARY_OFFICIAL
2008,2008-03-09,6 - Badajoz,UNION PROGRESO Y DEMOCRACIA - UPyD,3293,0,Ministerio del Interior / portal oficial de datos abiertos,PRIMARY_OFFICIAL
2008,2008-03-09,6 - Badajoz,"UNION, PROGRESO Y DEMOCRACIA - UPyD",0,0,Ministerio del Interior / portal oficial de datos abiertos,PRIMARY_OFFICIAL
2008,2008-03-09,6 - Badajoz,UNITAT PER LES ILLES - UNITAT PER LES ILLES,0,0,Ministerio del Interior / portal oficial de datos abiertos,PRIMARY_OFFICIAL
2008,2008-03-09,"7 - Balears, Illes",AGRUPACION CIUDADANA - AGRUCI,0,0,Ministerio del Interior / portal oficial de datos abiertos,PRIMARY_OFFICIAL
2008,2008-03-09,"7 - Balears, Illes",ALIANZA NACIONAL - A.u.N.,0,0,Ministerio del Interior / portal oficial de datos abiertos,PRIMARY_OFFICIAL
2008,2008-03-09,"7 - Balears, Illes",ALIANZA NACIONAL - AN,0,0,Ministerio del Interior / portal oficial de datos abiertos,PRIMARY_OFFICIAL
2008,2008-03-09,"7 - Balears, Illes",ALIANZA NACIONAL - AUN,0,0,Ministerio del Interior / portal oficial de datos abiertos,PRIMARY_OFFICIAL
2008,2008-03-09,"7 - Balears, Illes",ALIANZA NACIONAL - AuN,0,0,Ministerio del Interior / portal oficial de datos abiertos,PRIMARY_OFFICIAL
2008,2008-03-09,"7 - Balears, Illes",ALIANZA POR BURGOS - AxB,0,0,Ministerio del Interior / portal oficial de datos abiertos,PRIMARY_OFFICIAL
2008,2008-03-09,"7 - Balears, Illes",ALIANÇA BALEAR - ABA,145,0,Ministerio del Interior / portal oficial de datos abiertos,PRIMARY_OFFICIAL
2008,2008-03-09,"7 - Balears, Illes",ALTERNATIVA EN BLANCO - ABLA,0,0,Ministerio del Interior / portal oficial de datos abiertos,PRIMARY_OFFICIAL
2008,2008-03-09,"7 - Balears, Illes",ALTERNATIVA EN BLANCO - aBla,0,0,Ministerio del Interior / portal oficial de datos abiertos,PRIMARY_OFFICIAL
2008,2008-03-09,"7 - Balears, Illes",ALTERNATIVA ESPAÑOLA - AES,112,0,Ministerio del Interior / portal oficial de datos abiertos,PRIMARY_OFFICIAL
2008,2008-03-09,"7 - Balears, Illes",ALTERNATIVA MOTOR Y DEPORTE - A.M.D.,0,0,Ministerio del Interior / portal oficial de datos abiertos,PRIMARY_OFFICIAL
2008,2008-03-09,"7 - Balears, Illes",ALTERNATIVA MOTOR Y DEPORTES - A.M.D.,0,0,Ministerio del Interior / portal oficial de datos abiertos,PRIMARY_OFFICIAL
2008,2008-03-09,"7 - Balears, Illes",ALTERNATIVA MOTOR Y DEPORTES - AMD,0,0,Ministerio del Interior / portal oficial de datos abiertos,PRIMARY_OFFICIAL
2008,2008-03-09,"7 - Balears, Illes",ALTERNATIVA NACIONALISTA CANARIA - ANC,0,0,Ministerio del Interior / portal oficial de datos abiertos,PRIMARY_OFFICIAL
2008,2008-03-09,"7 - Balears, Illes",ANDECHA ASTUR - AA,0,0,Ministerio del Interior / portal oficial de datos abiertos,PRIMARY_OFFICIAL
2008,2008-03-09,"7 - Balears, Illes",ARALAR - aralar,0,0,Ministerio del Interior / portal oficial de datos abiertos,PRIMARY_OFFICIAL
2008,2008-03-09,"7 - Balears, Illes",ASAMBLEA DE VOTACION ELECTRONICA - AVE,0,0,Ministerio del Interior / portal oficial de datos abiertos,PRIMARY_OFFICIAL
2008,2008-03-09,"7 - Balears, Illes",BERDEAK-LOS VERDES - B-LV,0,0,Ministerio del Interior / portal oficial de datos abiertos,PRIMARY_OFFICIAL
2008,2008-03-09,"7 - Balears, Illes",BLOC-INICIATIVA-VERDS - BLOC-IDPV-EV-EE,0,0,Ministerio del Interior / portal oficial de datos abiertos,PRIMARY_OFFICIAL
2008,2008-03-09,"7 - Balears, Illes",BLOC-INICIATIVA-VERDS - BLOC-IdPV-EV-EE,0,0,Ministerio del Interior / portal oficial de datos abiertos,PRIMARY_OFFICIAL
2008,2008-03-09,"7 - Balears, Illes",BLOQUE NACIONALISTA GALEGO - B.N.G.,0,0,Ministerio del Interior / portal oficial de datos abiertos,PRIMARY_OFFICIAL
2008,2008-03-09,"7 - Balears, Illes",BLOQUE NACIONALISTA GALEGO - BNG,0,0,Ministerio del Interior / portal oficial de datos abiertos,PRIMARY_OFFICIAL
2008,2008-03-09,"7 - Balears, Illes",CENTRO DEMOCRATICO ESPAÑOL - C.D.Es.,0,0,Ministerio del Interior / portal oficial de datos abiertos,PRIMARY_OFFICIAL
2008,2008-03-09,"7 - Balears, Illes",CENTRO DEMOCRATICO ESPAÑOL - CDEs,0,0,Ministerio del Interior / portal oficial de datos abiertos,PRIMARY_OFFICIAL
2008,2008-03-09,"7 - Balears, Illes",CENTRO DEMOCRATICO LIBERAL - C.D.L.,0,0,Ministerio del Interior / portal oficial de datos abiertos,PRIMARY_OFFICIAL
2008,2008-03-09,"7 - Balears, Illes",CENTRO DEMOCRATICO LIBERAL - CDL,0,0,Ministerio del Interior / portal oficial de datos abiertos,PRIMARY_OFFICIAL
2008,2008-03-09,"7 - Balears, Illes",CENTRO DEMOCRATICO SOCIAL - C.D.S.,0,0,Ministerio del Interior / portal oficial de datos abiertos,PRIMARY_OFFICIAL
2008,2008-03-09,"7 - Balears, Illes",CENTRO DEMOCRATICO Y SOCIAL - CDS,0,0,Ministerio del Interior / portal oficial de datos abiertos,PRIMARY_OFFICIAL
2008,2008-03-09,"7 - Balears, Illes",CHUNTA ARAGONESISTA - CHA,0,0,Ministerio del Interior / portal oficial de datos abiertos,PRIMARY_OFFICIAL
2008,2008-03-09,"7 - Balears, Illes",CIUDADANOS EN BLANCO - CENB,0,0,Ministerio del Interior / portal oficial de datos abiertos,PRIMARY_OFFICIAL
2008,2008-03-09,"7 - Balears, Illes",CIUDADANOS EN BLANCO - CNB,0,0,Ministerio del Interior / portal oficial de datos abiertos,PRIMARY_OFFICIAL
2008,2008-03-09,"7 - Balears, Illes",CIUDADANOS EN BLANCO - CenB,1010,0,Ministerio del Interior / portal oficial de datos abiertos,PRIMARY_OFFICIAL
2008,2008-03-09,"7 - Balears, Illes",CIUDADANOS EN BLANCO - Cenb,0,0,Ministerio del Interior / portal oficial de datos abiertos,PRIMARY_OFFICIAL
2008,2008-03-09,"7 - Balears, Illes",CIUDADANOS PARTIDO DE LA CIUDADANIA - C's,0,0,Ministerio del Interior / portal oficial de datos abiertos,PRIMARY_OFFICIAL
2008,2008-03-09,"7 - Balears, Illes",CIUDADANOS-PARTIDO DE LA CIUDADANIA - C's,723,0,Ministerio del Interior / portal oficial de datos abiertos,PRIMARY_OFFICIAL
2008,2008-03-09,"7 - Balears, Illes","CIUDADANOS-PARTIDO DE LA CIUDADANIA - C,S",0,0,Ministerio del Interior / portal oficial de datos abiertos,PRIMARY_OFFICIAL
2008,2008-03-09,"7 - Balears, Illes",CIUTADANS-PARTIDO DE LA CIUDADANIA - C's,0,0,Ministerio del Interior / portal oficial de datos abiertos,PRIMARY_OFFICIAL
2008,2008-03-09,"7 - Balears, Illes",COALICIO TREBALLADORS PER LA DEMOCRACIA - TD,159,0,Ministerio del Interior / portal oficial de datos abiertos,PRIMARY_OFFICIAL
2008,2008-03-09,"7 - Balears, Illes",COALICIO VALENCIANA - CVa,0,0,Ministerio del Interior / portal oficial de datos abiertos,PRIMARY_OFFICIAL
2008,2008-03-09,"7 - Balears, Illes",COALICION ANDALUCISTA - CA,0,0,Ministerio del Interior / portal oficial de datos abiertos,PRIMARY_OFFICIAL
2008,2008-03-09,"7 - Balears, Illes",COALICION CANARIA-PARTIDO NACIONALISTA CANARIO - CC-PNC,0,0,Ministerio del Interior / portal oficial de datos abiertos,PRIMARY_OFFICIAL
2008,2008-03-09,"7 - Balears, Illes",COALICION CANARIA-PARTIDO NACIONALISTA CANARIO-PARTIDO DE INDEPENDIENTES DE LANZAROTE - CC-PNC-PIL,0,0,Ministerio del Interior / portal oficial de datos abiertos,PRIMARY_OFFICIAL
2008,2008-03-09,"7 - Balears, Illes",COMUNION TRADICIONALISTA CARLISTA - C.T.C.,0,0,Ministerio del Interior / portal oficial de datos abiertos,PRIMARY_OFFICIAL
2008,2008-03-09,"7 - Balears, Illes",COMUNION TRADICIONALISTA CARLISTA - CTC,0,0,Ministerio del Interior / portal oficial de datos abiertos,PRIMARY_OFFICIAL
2008,2008-03-09,"7 - Balears, Illes",CONVERGENCIA DEMOCRATICA ASTURIANA - CDAS,0,0,Ministerio del Interior / portal oficial de datos abiertos,PRIMARY_OFFICIAL
2008,2008-03-09,"7 - Balears, Illes",CONVERGENCIA I UNIO - CIU,0,0,Ministerio del Interior / portal oficial de datos abiertos,PRIMARY_OFFICIAL
2008,2008-03-09,"7 - Balears, Illes",CONVERGENCIA I UNIO - CiU,0,0,Ministerio del Interior / portal oficial de datos abiertos,PRIMARY_OFFICIAL
2008,2008-03-09,"7 - Balears, Illes",DEMOCRACIA NACIONAL - D.N.,0,0,Ministerio del Interior / portal oficial de datos abiertos,PRIMARY_OFFICIAL
2008,2008-03-09,"7 - Balears, Illes",DEMOCRACIA NACIONAL - DN,250,0,Ministerio del Interior / portal oficial de datos abiertos,PRIMARY_OFFICIAL
2008,2008-03-09,"7 - Balears, Illes",EI ESCONS INSUBMISOS-ALTERNATIVA DELS DEMOCRATES DESCONTENTS - Ei,0,0,Ministerio del Interior / portal oficial de datos abiertos,PRIMARY_OFFICIAL
2008,2008-03-09,"7 - Balears, Illes",ELS VERDS - L'ALTERNATIVA ECOLOGISTA - EV-AE,0,0,Ministerio del Interior / portal oficial de datos abiertos,PRIMARY_OFFICIAL
2008,2008-03-09,"7 - Balears, Illes",ELS VERDS-ALTERNATIVA VERDA - E.V.-A.V.,0,0,Ministerio del Interior / portal oficial de datos abiertos,PRIMARY_OFFICIAL
2008,2008-03-09,"7 - Balears, Illes",ELS VERDS-LOS VERDES - EV-LV,0,0,Ministerio del Interior / portal oficial de datos abiertos,PRIMARY_OFFICIAL
2008,2008-03-09,"7 - Balears, Illes",ESCONS INSUBMISOS ALTERNATIVA DELS DEMOCRATES DESCONTENTS - EI-ADD,0,0,Ministerio del Interior / portal oficial de datos abiertos,PRIMARY_OFFICIAL
2008,2008-03-09,"7 - Balears, Illes",ESCONS INSUBMISOS-ALTERNATIVA DELS DEMOCRATES DESCONTENTS - Ei,0,0,Ministerio del Interior / portal oficial de datos abiertos,PRIMARY_OFFICIAL
2008,2008-03-09,"7 - Balears, Illes",ESPAÑA 2000 - E-2000,0,0,Ministerio del Interior / portal oficial de datos abiertos,PRIMARY_OFFICIAL
2008,2008-03-09,"7 - Balears, Illes",ESPAÑA-2000 - E-2000,0,0,Ministerio del Interior / portal oficial de datos abiertos,PRIMARY_OFFICIAL
2008,2008-03-09,"7 - Balears, Illes",ESQUERDA UNIDA-IZQUIERDA UNIDA-ALTERNATIVA - EU-IU,0,0,Ministerio del Interior / portal oficial de datos abiertos,PRIMARY_OFFICIAL
2008,2008-03-09,"7 - Balears, Illes",ESQUERRA REPUBLICANA DE CATALUNYA - ESQUERRA,0,0,Ministerio del Interior / portal oficial de datos abiertos,PRIMARY_OFFICIAL
2008,2008-03-09,"7 - Balears, Illes",ESQUERRA REPUBLICANA DE CATALUNYA - esquerra,0,0,Ministerio del Interior / portal oficial de datos abiertos,PRIMARY_OFFICIAL
2008,2008-03-09,"7 - Balears, Illes",ESQUERRA REPUBLICANA DEL PAIS VALENCIA-PAIS VALENCIA SI - ESQUERRA-PV,0,0,Ministerio del Interior / portal oficial de datos abiertos,PRIMARY_OFFICIAL
2008,2008-03-09,"7 - Balears, Illes","ESQUERRA REPUBLICANA DEL PAIS VALENCIA-PAIS VALENCIA, SI - ESQUERRA-PV",0,0,Ministerio del Interior / portal oficial de datos abiertos,PRIMARY_OFFICIAL
2008,2008-03-09,"7 - Balears, Illes",ESQUERRA UNIDA - ELS VERDS - EU-EV,13447,0,Ministerio del Interior / portal oficial de datos abiertos,PRIMARY_OFFICIAL
2008,2008-03-09,"7 - Balears, Illes",ESQUERRA UNIDA DEL PAIS VALENCIA-IZQUIERDA REPUBLICANA: ESQUERRA UNIDA I REPUBLICANA - EUPV-IR,0,0,Ministerio del Interior / portal oficial de datos abiertos,PRIMARY_OFFICIAL
2008,2008-03-09,"7 - Balears, Illes",ESQUERRA UNIDA DEL PAIS VALENCIA-IZQUIERDA REPUBLICANA:ESQUERRA UNIDA I REPUBLICANA - EUPV-IR,0,0,Ministerio del Interior / portal oficial de datos abiertos,PRIMARY_OFFICIAL
2008,2008-03-09,"7 - Balears, Illes",EUSKO ALKARTASUNA - EA,0,0,Ministerio del Interior / portal oficial de datos abiertos,PRIMARY_OFFICIAL
2008,2008-03-09,"7 - Balears, Illes",EUZKO ALDERDI JELTZALEA-PARTIDO NACIONALISTA VASCO - EAJ-PNV,0,0,Ministerio del Interior / portal oficial de datos abiertos,PRIMARY_OFFICIAL
2008,2008-03-09,"7 - Balears, Illes",EXTREMADURA UNIDA - EXTREMADURA UNIDA,0,0,Ministerio del Interior / portal oficial de datos abiertos,PRIMARY_OFFICIAL
2008,2008-03-09,"7 - Balears, Illes",EZKER BATUA-BERDEAK-ALTERNATIVA - EB-B,0,0,Ministerio del Interior / portal oficial de datos abiertos,PRIMARY_OFFICIAL
2008,2008-03-09,"7 - Balears, Illes",FALANGE AUTENTICA - F.A.,158,0,Ministerio del Interior / portal oficial de datos abiertos,PRIMARY_OFFICIAL
2008,2008-03-09,"7 - Balears, Illes",FALANGE AUTENTICA - FA,0,0,Ministerio del Interior / portal oficial de datos abiertos,PRIMARY_OFFICIAL
2008,2008-03-09,"7 - Balears, Illes",FALANGE ESPAÑOLA DE LA JONS - FE de las JONS,0,0,Ministerio del Interior / portal oficial de datos abiertos,PRIMARY_OFFICIAL
2008,2008-03-09,"7 - Balears, Illes",FALANGE ESPAÑOLA DE LAS J.O.N.S. - F.E. de las J.O.N.S.,334,0,Ministerio del Interior / portal oficial de datos abiertos,PRIMARY_OFFICIAL
2008,2008-03-09,"7 - Balears, Illes",FALANGE ESPAÑOLA DE LAS J.O.N.S. - FE de las JONS,0,0,Ministerio del Interior / portal oficial de datos abiertos,PRIMARY_OFFICIAL
2008,2008-03-09,"7 - Balears, Illes",FALANGE ESPAÑOLA DE LAS J.O.N.S. - FE-JONS,0,0,Ministerio del Interior / portal oficial de datos abiertos,PRIMARY_OFFICIAL
2008,2008-03-09,"7 - Balears, Illes",FALANGE ESPAÑOLA DE LAS JONS - F.E. de las J.O.N.S.,0,0,Ministerio del Interior / portal oficial de datos abiertos,PRIMARY_OFFICIAL
2008,2008-03-09,"7 - Balears, Illes",FALANGE ESPAÑOLA DE LAS JONS - FE DE LAS JONS,0,0,Ministerio del Interior / portal oficial de datos abiertos,PRIMARY_OFFICIAL
2008,2008-03-09,"7 - Balears, Illes",FALANGE ESPAÑOLA DE LAS JONS - FE de las JONS,0,0,Ministerio del Interior / portal oficial de datos abiertos,PRIMARY_OFFICIAL
2008,2008-03-09,"7 - Balears, Illes",FALANGE ESPAÑOLA DE LAS JONS - FE-JONS,0,0,Ministerio del Interior / portal oficial de datos abiertos,PRIMARY_OFFICIAL
2008,2008-03-09,"7 - Balears, Illes",FAMILIA I VIDA - PFiV,0,0,Ministerio del Interior / portal oficial de datos abiertos,PRIMARY_OFFICIAL
2008,2008-03-09,"7 - Balears, Illes",FAMILIA Y VIDA - PFyV,0,0,Ministerio del Interior / portal oficial de datos abiertos,PRIMARY_OFFICIAL
2008,2008-03-09,"7 - Balears, Illes",FRENTE ESPAÑOL - F.E,0,0,Ministerio del Interior / portal oficial de datos abiertos,PRIMARY_OFFICIAL
2008,2008-03-09,"7 - Balears, Illes",FRENTE ESPAÑOL - F.E.,0,0,Ministerio del Interior / portal oficial de datos abiertos,PRIMARY_OFFICIAL
2008,2008-03-09,"7 - Balears, Illes",FRENTE ESPAÑOL - FRENTE,0,0,Ministerio del Interior / portal oficial de datos abiertos,PRIMARY_OFFICIAL
2008,2008-03-09,"7 - Balears, Illes",GENTES DE EL BIERZO - PB-UB,0,0,Ministerio del Interior / portal oficial de datos abiertos,PRIMARY_OFFICIAL
2008,2008-03-09,"7 - Balears, Illes",IDENTITAT REGNE DE VALENCIA - IRV,0,0,Ministerio del Interior / portal oficial de datos abiertos,PRIMARY_OFFICIAL
2008,2008-03-09,"7 - Balears, Illes",INDEPENDIENTES POR CUENCA - ixC,0,0,Ministerio del Interior / portal oficial de datos abiertos,PRIMARY_OFFICIAL
2008,2008-03-09,"7 - Balears, Illes",INICIATIVA CIUDADANA BURGALESA - I.C.Bur,0,0,Ministerio del Interior / portal oficial de datos abiertos,PRIMARY_OFFICIAL
2008,2008-03-09,"7 - Balears, Illes",INICIATIVA MERINDADES DE CASTILLA - I.M.C.,0,0,Ministerio del Interior / portal oficial de datos abiertos,PRIMARY_OFFICIAL
2008,2008-03-09,"7 - Balears, Illes",INICIATIVA PER CATALUNYA VERDS - ESQUERRA UNIDA I ALTERNATIVA - ICV-EUiA,0,0,Ministerio del Interior / portal oficial de datos abiertos,PRIMARY_OFFICIAL
2008,2008-03-09,"7 - Balears, Illes",INICIATIVA PER CATALUNYA VERDS-ESQUERRA UNIDA I ALTERNATIVA - ICV-EUiA,0,0,Ministerio del Interior / portal oficial de datos abiertos,PRIMARY_OFFICIAL
2008,2008-03-09,"7 - Balears, Illes",IZQUIERDA REPUBLICANA - IR,0,0,Ministerio del Interior / portal oficial de datos abiertos,PRIMARY_OFFICIAL
2008,2008-03-09,"7 - Balears, Illes",IZQUIERDA REPUBLICANA-PARTIT REPUBLICA D'ESQUERRA - IR-PRE,0,0,Ministerio del Interior / portal oficial de datos abiertos,PRIMARY_OFFICIAL
2008,2008-03-09,"7 - Balears, Illes",IZQUIERDA UNIDA - BLOQUE POR ASTURIES - LOS VERDES - IU-B.A-LOS VERDES,0,0,Ministerio del Interior / portal oficial de datos abiertos,PRIMARY_OFFICIAL
2008,2008-03-09,"7 - Balears, Illes",IZQUIERDA UNIDA CANARIA-ALTERNATIVA - IUC,0,0,Ministerio del Interior / portal oficial de datos abiertos,PRIMARY_OFFICIAL
2008,2008-03-09,"7 - Balears, Illes",IZQUIERDA UNIDA COMUNIDAD DE MADRID-ALTERNATIVA - IU-CM.,0,0,Ministerio del Interior / portal oficial de datos abiertos,PRIMARY_OFFICIAL
2008,2008-03-09,"7 - Balears, Illes",IZQUIERDA UNIDA DE CEUTA - I.U.,0,0,Ministerio del Interior / portal oficial de datos abiertos,PRIMARY_OFFICIAL
2008,2008-03-09,"7 - Balears, Illes",IZQUIERDA UNIDA DE LA REGION DE MURCIA-ALTERNATIVA - I.U.R.M.,0,0,Ministerio del Interior / portal oficial de datos abiertos,PRIMARY_OFFICIAL
2008,2008-03-09,"7 - Balears, Illes",IZQUIERDA UNIDA DE NAVARRA - NAFARROAKO EZKER BATUA - ALTERNATIVA - IUN-NEB,0,0,Ministerio del Interior / portal oficial de datos abiertos,PRIMARY_OFFICIAL
2008,2008-03-09,"7 - Balears, Illes",IZQUIERDA UNIDA LOS VERDES CONVOCATORIA POR ANDALUCIA-ALTERNATIVA - IULV-CA,0,0,Ministerio del Interior / portal oficial de datos abiertos,PRIMARY_OFFICIAL
2008,2008-03-09,"7 - Balears, Illes",IZQUIERDA UNIDA LOS VERDES-CONVOCATORIA POR ANDALUCIA - ALTERNATIVA - IULV-CA,0,0,Ministerio del Interior / portal oficial de datos abiertos,PRIMARY_OFFICIAL
2008,2008-03-09,"7 - Balears, Illes",IZQUIERDA UNIDA LOS VERDES-CONVOCATORIA POR ANDALUCIA-ALTERNATIVA - IULV-CA,0,0,Ministerio del Interior / portal oficial de datos abiertos,PRIMARY_OFFICIAL
2008,2008-03-09,"7 - Balears, Illes",IZQUIERDA UNIDA-ALTERNATIVA - I.U.,0,0,Ministerio del Interior / portal oficial de datos abiertos,PRIMARY_OFFICIAL
2008,2008-03-09,"7 - Balears, Illes",IZQUIERDA UNIDA-ALTERNATIVA - IU,0,0,Ministerio del Interior / portal oficial de datos abiertos,PRIMARY_OFFICIAL
2008,2008-03-09,"7 - Balears, Illes",LLUITA INTERNACIONALISTA - (LI(LIT-CI)),0,0,Ministerio del Interior / portal oficial de datos abiertos,PRIMARY_OFFICIAL
2008,2008-03-09,"7 - Balears, Illes",LLUITA INTERNACIONALISTA - L.I.(LIT-CI),0,0,Ministerio del Interior / portal oficial de datos abiertos,PRIMARY_OFFICIAL
2008,2008-03-09,"7 - Balears, Illes",LLUITA INTERNACIONALISTA - LI-LITCI,0,0,Ministerio del Interior / portal oficial de datos abiertos,PRIMARY_OFFICIAL
2008,2008-03-09,"7 - Balears, Illes",LOS VERDES - LOS VERDES,0,0,Ministerio del Interior / portal oficial de datos abiertos,PRIMARY_OFFICIAL
2008,2008-03-09,"7 - Balears, Illes",LOS VERDES - LV,0,0,Ministerio del Interior / portal oficial de datos abiertos,PRIMARY_OFFICIAL
2008,2008-03-09,"7 - Balears, Illes",LOS VERDES - VERDES,0,0,Ministerio del Interior / portal oficial de datos abiertos,PRIMARY_OFFICIAL
2008,2008-03-09,"7 - Balears, Illes",LOS VERDES COMUNIDAD DE MADRID-LOS VERDES DE EUROPA - LVCM-LVE,0,0,Ministerio del Interior / portal oficial de datos abiertos,PRIMARY_OFFICIAL
2008,2008-03-09,"7 - Balears, Illes",LOS VERDES DE EUROPA - LOS VERDES DE EUROPA,0,0,Ministerio del Interior / portal oficial de datos abiertos,PRIMARY_OFFICIAL
2008,2008-03-09,"7 - Balears, Illes",LOS VERDES DE EUROPA - LVE,0,0,Ministerio del Interior / portal oficial de datos abiertos,PRIMARY_OFFICIAL
2008,2008-03-09,"7 - Balears, Illes",LOS VERDES DE EXTREMADURA - LV,0,0,Ministerio del Interior / portal oficial de datos abiertos,PRIMARY_OFFICIAL
2008,2008-03-09,"7 - Balears, Illes",LOS VERDES-ELS VERDS - LV-EV,0,0,Ministerio del Interior / portal oficial de datos abiertos,PRIMARY_OFFICIAL
2008,2008-03-09,"7 - Balears, Illes",LOS VERDES-GRUPO VERDE - L.V.,0,0,Ministerio del Interior / portal oficial de datos abiertos,PRIMARY_OFFICIAL
2008,2008-03-09,"7 - Balears, Illes",LOS VERDES-GRUPO VERDE - LV,0,0,Ministerio del Interior / portal oficial de datos abiertos,PRIMARY_OFFICIAL
2008,2008-03-09,"7 - Balears, Illes",LOS VERDES-GRUPO VERDE - LV-GV,2098,0,Ministerio del Interior / portal oficial de datos abiertos,PRIMARY_OFFICIAL
2008,2008-03-09,"7 - Balears, Illes",LUCHA INTERNACIONALISTA - LI-LITCI,0,0,Ministerio del Interior / portal oficial de datos abiertos,PRIMARY_OFFICIAL
2008,2008-03-09,"7 - Balears, Illes",MOVIMIENTO FALANGISTA DE ESPAÑA - M.F.E.,0,0,Ministerio del Interior / portal oficial de datos abiertos,PRIMARY_OFFICIAL
2008,2008-03-09,"7 - Balears, Illes",MOVIMIENTO POR LA UNIDAD DEL PUEBLO CANARIO - MUPC,0,0,Ministerio del Interior / portal oficial de datos abiertos,PRIMARY_OFFICIAL
2008,2008-03-09,"7 - Balears, Illes",NAFARROA BAI - NA-BAI,0,0,Ministerio del Interior / portal oficial de datos abiertos,PRIMARY_OFFICIAL
2008,2008-03-09,"7 - Balears, Illes",NOSALTRES SOM - N som,0,0,Ministerio del Interior / portal oficial de datos abiertos,PRIMARY_OFFICIAL
2008,2008-03-09,"7 - Balears, Illes",NUEVA CANARIAS-CENTRO CANARIO - NC-CCN,0,0,Ministerio del Interior / portal oficial de datos abiertos,PRIMARY_OFFICIAL
2008,2008-03-09,"7 - Balears, Illes",OPCIO NACIONALISTA VALENCIANA - O.N.V.,0,0,Ministerio del Interior / portal oficial de datos abiertos,PRIMARY_OFFICIAL
2008,2008-03-09,"7 - Balears, Illes",OPCIO NACIONALISTA VALENCIANA - ONV,0,0,Ministerio del Interior / portal oficial de datos abiertos,PRIMARY_OFFICIAL
2008,2008-03-09,"7 - Balears, Illes",OS VERDES - GRUPO VERDE - OV,0,0,Ministerio del Interior / portal oficial de datos abiertos,PRIMARY_OFFICIAL
2008,2008-03-09,"7 - Balears, Illes",PARTIDO ALTERNATIVA MOTOR Y DEPORTES - A.M.D.,0,0,Ministerio del Interior / portal oficial de datos abiertos,PRIMARY_OFFICIAL
2008,2008-03-09,"7 - Balears, Illes",PARTIDO ANTITAURINO CONTRA EL MALTRATO ANIMAL - P.A.C.M.A,0,0,Ministerio del Interior / portal oficial de datos abiertos,PRIMARY_OFFICIAL
2008,2008-03-09,"7 - Balears, Illes",PARTIDO ANTITAURINO CONTRA EL MALTRATO ANIMAL - P.A.C.M.A.,1173,0,Ministerio del Interior / portal oficial de datos abiertos,PRIMARY_OFFICIAL
2008,2008-03-09,"7 - Balears, Illes",PARTIDO ANTITAURINO CONTRA EL MALTRATO ANIMAL - PACMA,0,0,Ministerio del Interior / portal oficial de datos abiertos,PRIMARY_OFFICIAL
2008,2008-03-09,"7 - Balears, Illes",PARTIDO ARAGONES - PAR,0,0,Ministerio del Interior / portal oficial de datos abiertos,PRIMARY_OFFICIAL
2008,2008-03-09,"7 - Balears, Illes",PARTIDO CARLISTA - P.C.,0,0,Ministerio del Interior / portal oficial de datos abiertos,PRIMARY_OFFICIAL
2008,2008-03-09,"7 - Balears, Illes",PARTIDO CARLISTA - PARTIDO CARLISTA,0,0,Ministerio del Interior / portal oficial de datos abiertos,PRIMARY_OFFICIAL
2008,2008-03-09,"7 - Balears, Illes",PARTIDO CARLISTA - PC,0,0,Ministerio del Interior / portal oficial de datos abiertos,PRIMARY_OFFICIAL
2008,2008-03-09,"7 - Balears, Illes",PARTIDO CARLISTA DE EUSKALERRIA-PARTIDO CARLISTA - EKA-PC.,0,0,Ministerio del Interior / portal oficial de datos abiertos,PRIMARY_OFFICIAL
2008,2008-03-09,"7 - Balears, Illes",PARTIDO CARLISTA DE EUSKALHERRIA-EUSKALHERRIKO KARLISTA ALDERDIA - PARTIDO CARLISTA-EKA,0,0,Ministerio del Interior / portal oficial de datos abiertos,PRIMARY_OFFICIAL
2008,2008-03-09,"7 - Balears, Illes",PARTIDO CENTRISTA - PCTR,0,0,Ministerio del Interior / portal oficial de datos abiertos,PRIMARY_OFFICIAL
2008,2008-03-09,"7 - Balears, Illes",PARTIDO CENTRISTAS - Centristas PCTR,0,0,Ministerio del Interior / portal oficial de datos abiertos,PRIMARY_OFFICIAL
2008,2008-03-09,"7 - Balears, Illes",PARTIDO CENTRISTAS - PCTR,0,0,Ministerio del Interior / portal oficial de datos abiertos,PRIMARY_OFFICIAL
2008,2008-03-09,"7 - Balears, Illes",PARTIDO CIUDADANOS UNIDOS DE ARAGON - pCUA,0,0,Ministerio del Interior / portal oficial de datos abiertos,PRIMARY_OFFICIAL
2008,2008-03-09,"7 - Balears, Illes",PARTIDO COMUNISTA DE LOS PUEBLOS DE ESPAÑA - P.C.P.E.,415,0,Ministerio del Interior / portal oficial de datos abiertos,PRIMARY_OFFICIAL
2008,2008-03-09,"7 - Balears, Illes",PARTIDO COMUNISTA DE LOS PUEBLOS DE ESPAÑA - P.C.P.E.-E.K.,0,0,Ministerio del Interior / portal oficial de datos abiertos,PRIMARY_OFFICIAL
2008,2008-03-09,"7 - Balears, Illes",PARTIDO COMUNISTA DE LOS PUEBLOS DE ESPAÑA - PCPE,0,0,Ministerio del Interior / portal oficial de datos abiertos,PRIMARY_OFFICIAL
2008,2008-03-09,"7 - Balears, Illes",PARTIDO COMUNISTA DE LOS PUEBLOS DE ESPAÑA-EUSKAL KOMUNISTAK - PCPE - EK,0,0,Ministerio del Interior / portal oficial de datos abiertos,PRIMARY_OFFICIAL
2008,2008-03-09,"7 - Balears, Illes",PARTIDO COMUNISTA DEL PUEBLO CANARIO - PCPE,0,0,Ministerio del Interior / portal oficial de datos abiertos,PRIMARY_OFFICIAL
2008,2008-03-09,"7 - Balears, Illes",PARTIDO COMUNISTA DEL PUEBLO CASTELLANO - PCPE,0,0,Ministerio del Interior / portal oficial de datos abiertos,PRIMARY_OFFICIAL
2008,2008-03-09,"7 - Balears, Illes",PARTIDO COMUNISTA DEL PUEBLO CASTELLANO-PCPE - PCPE,0,0,Ministerio del Interior / portal oficial de datos abiertos,PRIMARY_OFFICIAL
2008,2008-03-09,"7 - Balears, Illes",PARTIDO COMUNISTA DEL PUEBLO DE CATALUNYA - PCPC,0,0,Ministerio del Interior / portal oficial de datos abiertos,PRIMARY_OFFICIAL
2008,2008-03-09,"7 - Balears, Illes",PARTIDO COMUNISTA DEL PUEBLO DE CATALUÑA - PCPC,0,0,Ministerio del Interior / portal oficial de datos abiertos,PRIMARY_OFFICIAL
2008,2008-03-09,"7 - Balears, Illes",PARTIDO COMUNISTA DO POBO GALEGO - PCPG,0,0,Ministerio del Interior / portal oficial de datos abiertos,PRIMARY_OFFICIAL
2008,2008-03-09,"7 - Balears, Illes",PARTIDO COMUNISTA DO POVO GALEGO - P.C.P.G.,0,0,Ministerio del Interior / portal oficial de datos abiertos,PRIMARY_OFFICIAL
2008,2008-03-09,"7 - Balears, Illes",PARTIDO COMUNISTA PUEBLOS DE ESPAÑA - PCPE,0,0,Ministerio del Interior / portal oficial de datos abiertos,PRIMARY_OFFICIAL
2008,2008-03-09,"7 - Balears, Illes",PARTIDO DE ALIANZA IBEROAMERICANA EUROPEA - PAIE,0,0,Ministerio del Interior / portal oficial de datos abiertos,PRIMARY_OFFICIAL
2008,2008-03-09,"7 - Balears, Illes",PARTIDO DE ALMERIA - PdeAL,0,0,Ministerio del Interior / portal oficial de datos abiertos,PRIMARY_OFFICIAL
2008,2008-03-09,"7 - Balears, Illes",PARTIDO DE LAS LIBERTADES CIVILES - PLCI,0,0,Ministerio del Interior / portal oficial de datos abiertos,PRIMARY_OFFICIAL
2008,2008-03-09,"7 - Balears, Illes",PARTIDO DE LOS NO-FUMADORES - PNF (NO-FUMADORES),0,0,Ministerio del Interior / portal oficial de datos abiertos,PRIMARY_OFFICIAL
2008,2008-03-09,"7 - Balears, Illes",PARTIDO DE LOS PENSIONISTAS EN ACCION - PDLPEA,0,0,Ministerio del Interior / portal oficial de datos abiertos,PRIMARY_OFFICIAL
2008,2008-03-09,"7 - Balears, Illes",PARTIDO DOS SOCIALISTAS DE GALICIA-PARTIDO SOCIALISTA OBRERO ESPAÑOL - PSdeG-PSOE,0,0,Ministerio del Interior / portal oficial de datos abiertos,PRIMARY_OFFICIAL
2008,2008-03-09,"7 - Balears, Illes",PARTIDO DOS SOCIALISTAS DE GALICIA-PSOE - PSdeG-PSOE,0,0,Ministerio del Interior / portal oficial de datos abiertos,PRIMARY_OFFICIAL
2008,2008-03-09,"7 - Balears, Illes",PARTIDO FAMILIA Y VIDA - PFyV,284,0,Ministerio del Interior / portal oficial de datos abiertos,PRIMARY_OFFICIAL
2008,2008-03-09,"7 - Balears, Illes",PARTIDO HACHE - PHache,0,0,Ministerio del Interior / portal oficial de datos abiertos,PRIMARY_OFFICIAL
2008,2008-03-09,"7 - Balears, Illes",PARTIDO HUMANISTA - P.H.,0,0,Ministerio del Interior / portal oficial de datos abiertos,PRIMARY_OFFICIAL
2008,2008-03-09,"7 - Balears, Illes",PARTIDO HUMANISTA - PH,206,0,Ministerio del Interior / portal oficial de datos abiertos,PRIMARY_OFFICIAL
2008,2008-03-09,"7 - Balears, Illes",PARTIDO IZQUIERDA REPUBLICANA-PARTIT REPUBLICA D'ESQUERRA - IR-PRE,0,0,Ministerio del Interior / portal oficial de datos abiertos,PRIMARY_OFFICIAL
2008,2008-03-09,"7 - Balears, Illes",PARTIDO LIBERAL DEL EMPLEO Y LA VIVIENDA ESTATAL - P.L.E.V.E.,0,0,Ministerio del Interior / portal oficial de datos abiertos,PRIMARY_OFFICIAL
2008,2008-03-09,"7 - Balears, Illes",PARTIDO LIBERTADES CIVILES - PLCI,0,0,Ministerio del Interior / portal oficial de datos abiertos,PRIMARY_OFFICIAL
2008,2008-03-09,"7 - Balears, Illes",PARTIDO OBRERO SOCIALISTA INTERNACIONALISTA - P.O.S.I.,0,0,Ministerio del Interior / portal oficial de datos abiertos,PRIMARY_OFFICIAL
2008,2008-03-09,"7 - Balears, Illes",PARTIDO OBRERO SOCIALISTA INTERNACIONALISTA - POSI,0,0,Ministerio del Interior / portal oficial de datos abiertos,PRIMARY_OFFICIAL
2008,2008-03-09,"7 - Balears, Illes",PARTIDO POLITICO ARALAR - aralar,0,0,Ministerio del Interior / portal oficial de datos abiertos,PRIMARY_OFFICIAL
2008,2008-03-09,"7 - Balears, Illes",PARTIDO POPULAR - P.P.,208246,4,Ministerio del Interior / portal oficial de datos abiertos,PRIMARY_OFFICIAL
2008,2008-03-09,"7 - Balears, Illes",PARTIDO POPULAR - PP,0,0,Ministerio del Interior / portal oficial de datos abiertos,PRIMARY_OFFICIAL
2008,2008-03-09,"7 - Balears, Illes",PARTIDO POPULAR/PARTIT POPULAR - PP,0,0,Ministerio del Interior / portal oficial de datos abiertos,PRIMARY_OFFICIAL
2008,2008-03-09,"7 - Balears, Illes",PARTIDO POR UN MUNDO MAS JUSTO - PUM+J,0,0,Ministerio del Interior / portal oficial de datos abiertos,PRIMARY_OFFICIAL
2008,2008-03-09,"7 - Balears, Illes",PARTIDO POSITIVISTA CRISTIANO - PPCr,0,0,Ministerio del Interior / portal oficial de datos abiertos,PRIMARY_OFFICIAL
2008,2008-03-09,"7 - Balears, Illes",PARTIDO REGIONALISTA DE GUADALAJARA - P.R.GU.,0,0,Ministerio del Interior / portal oficial de datos abiertos,PRIMARY_OFFICIAL
2008,2008-03-09,"7 - Balears, Illes",PARTIDO REGIONALISTA DEL PAIS LEONES - PREPAL,0,0,Ministerio del Interior / portal oficial de datos abiertos,PRIMARY_OFFICIAL
2008,2008-03-09,"7 - Balears, Illes",PARTIDO RIOJANO - PARTIDO RIOJANO,0,0,Ministerio del Interior / portal oficial de datos abiertos,PRIMARY_OFFICIAL
2008,2008-03-09,"7 - Balears, Illes",PARTIDO SOCIAL DEMOCRATA - P.S.D.,0,0,Ministerio del Interior / portal oficial de datos abiertos,PRIMARY_OFFICIAL
2008,2008-03-09,"7 - Balears, Illes",PARTIDO SOCIAL DEMOCRATA - PSD,0,0,Ministerio del Interior / portal oficial de datos abiertos,PRIMARY_OFFICIAL
2008,2008-03-09,"7 - Balears, Illes",PARTIDO SOCIAL DEMOCRATA-FEDERACION DE LOS INDEPENDIENTES DE ARAGON - PSD-FIA,0,0,Ministerio del Interior / portal oficial de datos abiertos,PRIMARY_OFFICIAL
2008,2008-03-09,"7 - Balears, Illes",PARTIDO SOCIALISTA DE EUSKADI-EUSKADIKO EZKERRA (PSOE) - PSE-EE (PSOE),0,0,Ministerio del Interior / portal oficial de datos abiertos,PRIMARY_OFFICIAL
2008,2008-03-09,"7 - Balears, Illes",PARTIDO SOCIALISTA DE EUSKADI-EUSKADIKO EZKERRA - PSE-EE (PSOE),0,0,Ministerio del Interior / portal oficial de datos abiertos,PRIMARY_OFFICIAL
2008,2008-03-09,"7 - Balears, Illes",PARTIDO SOCIALISTA OBRERO ESPAÑOL - P.S.O.E.,0,0,Ministerio del Interior / portal oficial de datos abiertos,PRIMARY_OFFICIAL
2008,2008-03-09,"7 - Balears, Illes",PARTIDO SOCIALISTA OBRERO ESPAÑOL - PSOE,209451,4,Ministerio del Interior / portal oficial de datos abiertos,PRIMARY_OFFICIAL
2008,2008-03-09,"7 - Balears, Illes",PARTIDO SOCIALISTA OBRERO ESPAÑOL DE ANDALUCIA - PSOE-A,0,0,Ministerio del Interior / portal oficial de datos abiertos,PRIMARY_OFFICIAL
2008,2008-03-09,"7 - Balears, Illes",PARTIDO SOLIDARIDAD Y AUTOGESTION INTERNACIONALISTA - SAIN,0,0,Ministerio del Interior / portal oficial de datos abiertos,PRIMARY_OFFICIAL
2008,2008-03-09,"7 - Balears, Illes",PARTIDO UNIONISTA ESTADO DE ESPAÑA - P.U.E.D.E.,0,0,Ministerio del Interior / portal oficial de datos abiertos,PRIMARY_OFFICIAL
2008,2008-03-09,"7 - Balears, Illes",PARTIDO UNIONISTA ESTADO DE ESPAÑA - PUEDE,0,0,Ministerio del Interior / portal oficial de datos abiertos,PRIMARY_OFFICIAL
