2023J,2023-07-23,49 - Zamora,GRUPO INDEPENDIENTE PALENCIA TIERRA VIVA - GITV,0,0,Ministerio del Interior / fichero oficial aportado por el usuario,PRIMARY_INTERIOR
2023J,2023-07-23,49 - Zamora,JAÉN MERECE MÁS - JM+,0,0,Ministerio del Interior / fichero oficial aportado por el usuario,PRIMARY_INTERIOR
2023J,2023-07-23,49 - Zamora,JUNTOS POR GRANADA - JxG,0,0,Ministerio del Interior / fichero oficial aportado por el usuario,PRIMARY_INTERIOR
2023J,2023-07-23,49 - Zamora,JUNTS PER CATALUNYA - JUNTS - JxCAT - JUNTS,0,0,Ministerio del Interior / fichero oficial aportado por el usuario,PRIMARY_INTERIOR
2023J,2023-07-23,49 - Zamora,LIBRES - LB,0,0,Ministerio del Interior / fichero oficial aportado por el usuario,PRIMARY_INTERIOR
2023J,2023-07-23,49 - Zamora,NUEVA CANARIAS - BLOQUE CANARISTA - NC-bc,0,0,Ministerio del Interior / fichero oficial aportado por el usuario,PRIMARY_INTERIOR
2023J,2023-07-23,49 - Zamora,PARTIDO ANIMALISTA CON EL MEDIO AMBIENTE - PACMA,313,0,Ministerio del Interior / fichero oficial aportado por el usuario,PRIMARY_INTERIOR
2023J,2023-07-23,49 - Zamora,PARTIDO ARAGONÉS - PAR,0,0,Ministerio del Interior / fichero oficial aportado por el usuario,PRIMARY_INTERIOR
2023J,2023-07-23,49 - Zamora,PARTIDO AUTÓNOMOS - PARTIDO AUTÓNOMOS,0,0,Ministerio del Interior / fichero oficial aportado por el usuario,PRIMARY_INTERIOR
2023J,2023-07-23,49 - Zamora,PARTIDO COMUNISTA DE LOS TRABAJADORES DE ESPAÑA - PCTE,100,0,Ministerio del Interior / fichero oficial aportado por el usuario,PRIMARY_INTERIOR
2023J,2023-07-23,49 - Zamora,PARTIDO COMUNISTA DE LOS TRABAJADORES DE EUSKADI/EUSKADIKO LANGILEEN ALDERDI KOMUNISTA - PCTE/ELAK,0,0,Ministerio del Interior / fichero oficial aportado por el usuario,PRIMARY_INTERIOR
2023J,2023-07-23,49 - Zamora,PARTIDO COMUNISTA DOS TRABALLADORES DE GALIZA - PCTG,0,0,Ministerio del Interior / fichero oficial aportado por el usuario,PRIMARY_INTERIOR
2023J,2023-07-23,49 - Zamora,PARTIDO DOS SOCIALISTAS DE GALICIA-PSOE - PSdeG-PSOE,0,0,Ministerio del Interior / fichero oficial aportado por el usuario,PRIMARY_INTERIOR
2023J,2023-07-23,49 - Zamora,PARTIDO HUMANISTA - PH,0,0,Ministerio del Interior / fichero oficial aportado por el usuario,PRIMARY_INTERIOR
2023J,2023-07-23,49 - Zamora,PARTIDO POPULAR - PP,46196,2,Ministerio del Interior / fichero oficial aportado por el usuario,PRIMARY_INTERIOR
2023J,2023-07-23,49 - Zamora,PARTIDO POPULAR / PARTIT POPULAR - PP,0,0,Ministerio del Interior / fichero oficial aportado por el usuario,PRIMARY_INTERIOR
2023J,2023-07-23,49 - Zamora,PARTIDO REGIONALISTA DEL PAÍS LEONÉS - PREPAL,166,0,Ministerio del Interior / fichero oficial aportado por el usuario,PRIMARY_INTERIOR
2023J,2023-07-23,49 - Zamora,PARTIDO SOCIALISTA DE EUSKADI-EUSKADIKO EZKERRA (PSOE) - PSE-EE (PSOE),0,0,Ministerio del Interior / fichero oficial aportado por el usuario,PRIMARY_INTERIOR
2023J,2023-07-23,49 - Zamora,PARTIDO SOCIALISTA DE ISLAS BALEARES-PSOE - PSIB-PSOE,0,0,Ministerio del Interior / fichero oficial aportado por el usuario,PRIMARY_INTERIOR
2023J,2023-07-23,49 - Zamora,PARTIDO SOCIALISTA DE NAVARRA-PSOE - PSN-PSOE,0,0,Ministerio del Interior / fichero oficial aportado por el usuario,PRIMARY_INTERIOR
2023J,2023-07-23,49 - Zamora,PARTIDO SOCIALISTA OBRERO ESPAÑOL - PSOE,33601,1,Ministerio del Interior / fichero oficial aportado por el usuario,PRIMARY_INTERIOR
2023J,2023-07-23,49 - Zamora,PARTIDO UNIONISTA ESTADO DE ESPAÑA - PUEDE,0,0,Ministerio del Interior / fichero oficial aportado por el usuario,PRIMARY_INTERIOR
2023J,2023-07-23,49 - Zamora,PARTIT ANIMALISTA AMB EL MEDI AMBIENT - PACMA,0,0,Ministerio del Interior / fichero oficial aportado por el usuario,PRIMARY_INTERIOR
2023J,2023-07-23,49 - Zamora,PARTIT COMUNISTA DELS TREBALLADORS DE CATALUNYA - PCTC,0,0,Ministerio del Interior / fichero oficial aportado por el usuario,PRIMARY_INTERIOR
2023J,2023-07-23,49 - Zamora,PARTIT DELS SOCIALISTES DE CATALUNYA (PSC-PSOE) - PSC,0,0,Ministerio del Interior / fichero oficial aportado por el usuario,PRIMARY_INTERIOR
2023J,2023-07-23,49 - Zamora,PARTIT DEMÒCRATA EUROPEU CATALÀ-ESPAI CIU - PDeCAT-E-CiU,0,0,Ministerio del Interior / fichero oficial aportado por el usuario,PRIMARY_INTERIOR
2023J,2023-07-23,49 - Zamora,PARTIT POPULAR / PARTIDO POPULAR - PP,0,0,Ministerio del Interior / fichero oficial aportado por el usuario,PRIMARY_INTERIOR
2023J,2023-07-23,49 - Zamora,POR HUELVA - XH,0,0,Ministerio del Interior / fichero oficial aportado por el usuario,PRIMARY_INTERIOR
2023J,2023-07-23,49 - Zamora,POR MI REGIÓN - POR MI REGIÓN,0,0,Ministerio del Interior / fichero oficial aportado por el usuario,PRIMARY_INTERIOR
2023J,2023-07-23,49 - Zamora,POR UN MUNDO MAIS XUSTO - PUM+J,0,0,Ministerio del Interior / fichero oficial aportado por el usuario,PRIMARY_INTERIOR
2023J,2023-07-23,49 - Zamora,POR UN MUNDO MÁS JUSTO - PUM+J,81,0,Ministerio del Interior / fichero oficial aportado por el usuario,PRIMARY_INTERIOR
2023J,2023-07-23,49 - Zamora,POR ÁVILA - XAV,0,0,Ministerio del Interior / fichero oficial aportado por el usuario,PRIMARY_INTERIOR
2023J,2023-07-23,49 - Zamora,RECORTES CERO - RECORTES CERO,50,0,Ministerio del Interior / fichero oficial aportado por el usuario,PRIMARY_INTERIOR
2023J,2023-07-23,49 - Zamora,REFERÉNDUM SISTEMA DINERO - +RDS+,0,0,Ministerio del Interior / fichero oficial aportado por el usuario,PRIMARY_INTERIOR
2023J,2023-07-23,49 - Zamora,SOMOS CÁCERES - Somos Cc,0,0,Ministerio del Interior / fichero oficial aportado por el usuario,PRIMARY_INTERIOR
2023J,2023-07-23,49 - Zamora,SORIA ¡YA! - SY,0,0,Ministerio del Interior / fichero oficial aportado por el usuario,PRIMARY_INTERIOR
2023J,2023-07-23,49 - Zamora,SUMAR - EN COMÚ PODEM - SUMAR - ECP,0,0,Ministerio del Interior / fichero oficial aportado por el usuario,PRIMARY_INTERIOR
2023J,2023-07-23,49 - Zamora,SUMAR - SUMAR,5839,0,Ministerio del Interior / fichero oficial aportado por el usuario,PRIMARY_INTERIOR
2023J,2023-07-23,49 - Zamora,SUMAR ANDALUCÍA - SUMAR,0,0,Ministerio del Interior / fichero oficial aportado por el usuario,PRIMARY_INTERIOR
2023J,2023-07-23,49 - Zamora,SUMAR ARAGÓN - SUMAR ARAGÓN,0,0,Ministerio del Interior / fichero oficial aportado por el usuario,PRIMARY_INTERIOR
2023J,2023-07-23,49 - Zamora,SUMAR CANARIAS - SUMAR,0,0,Ministerio del Interior / fichero oficial aportado por el usuario,PRIMARY_INTERIOR
2023J,2023-07-23,49 - Zamora,SUMAR GALICIA - SUMAR,0,0,Ministerio del Interior / fichero oficial aportado por el usuario,PRIMARY_INTERIOR
2023J,2023-07-23,49 - Zamora,SUMAR MÉS - MÉS PER MALLORCA-MÉS PER MENORCA-SUMAR,0,0,Ministerio del Interior / fichero oficial aportado por el usuario,PRIMARY_INTERIOR
2023J,2023-07-23,49 - Zamora,TERCERA EDAD EN ACCIÓN - 3e,0,0,Ministerio del Interior / fichero oficial aportado por el usuario,PRIMARY_INTERIOR
2023J,2023-07-23,49 - Zamora,TERUEL EXISTE - COALICIÓN EXISTE - EXISTE,0,0,Ministerio del Interior / fichero oficial aportado por el usuario,PRIMARY_INTERIOR
2023J,2023-07-23,49 - Zamora,UNIDAD CASTELLANA - Ud.Ca,0,0,Ministerio del Interior / fichero oficial aportado por el usuario,PRIMARY_INTERIOR
2023J,2023-07-23,49 - Zamora,UNIDOS POR LA SOLIDARIDAD INTERNACIONAL - UNIDOS SI,0,0,Ministerio del Interior / fichero oficial aportado por el usuario,PRIMARY_INTERIOR
2023J,2023-07-23,49 - Zamora,UNION DEL PUEBLO NAVARRO - U.P.N.,0,0,Ministerio del Interior / fichero oficial aportado por el usuario,PRIMARY_INTERIOR
2023J,2023-07-23,49 - Zamora,UNIÓN DEL PUEBLO LEONÉS - U.P.L.,526,0,Ministerio del Interior / fichero oficial aportado por el usuario,PRIMARY_INTERIOR
2023J,2023-07-23,49 - Zamora,VAMOS PALENCIA - VP,0,0,Ministerio del Interior / fichero oficial aportado por el usuario,PRIMARY_INTERIOR
2023J,2023-07-23,49 - Zamora,VOX - VOX,13652,0,Ministerio del Interior / fichero oficial aportado por el usuario,PRIMARY_INTERIOR
2023J,2023-07-23,49 - Zamora,VÍA BURGALESA - VB,0,0,Ministerio del Interior / fichero oficial aportado por el usuario,PRIMARY_INTERIOR
2023J,2023-07-23,49 - Zamora,ZAMORA SÍ - Zsi,1843,0,Ministerio del Interior / fichero oficial aportado por el usuario,PRIMARY_INTERIOR
2023J,2023-07-23,5 - Ávila,ADELANTE ANDALUCÍA - ADELANTE ANDALUCÍA,0,0,Ministerio del Interior / fichero oficial aportado por el usuario,PRIMARY_INTERIOR
2023J,2023-07-23,5 - Ávila,AHORA CANARIAS-PARTIDO COMUNISTA DEL PUEBLO CANARIO - AHORA CANARIAS-PCPC,0,0,Ministerio del Interior / fichero oficial aportado por el usuario,PRIMARY_INTERIOR
2023J,2023-07-23,5 - Ávila,ALMERIENSES - REGIONALISTAS PRO ALMERÍA - ALM,0,0,Ministerio del Interior / fichero oficial aportado por el usuario,PRIMARY_INTERIOR
2023J,2023-07-23,5 - Ávila,ARAGÓN EXISTE - COALICIÓN EXISTE - EXISTE,0,0,Ministerio del Interior / fichero oficial aportado por el usuario,PRIMARY_INTERIOR
2023J,2023-07-23,5 - Ávila,ASTURIAS EXISTE-ESPAÑA VACIADA - ASTURIAS EXISTE EV,0,0,Ministerio del Interior / fichero oficial aportado por el usuario,PRIMARY_INTERIOR
2023J,2023-07-23,5 - Ávila,BIDEZKO MUNDURANTZ - PUM+J,0,0,Ministerio del Interior / fichero oficial aportado por el usuario,PRIMARY_INTERIOR
2023J,2023-07-23,5 - Ávila,BLOQUE EXTREMEÑO - BQEX,0,0,Ministerio del Interior / fichero oficial aportado por el usuario,PRIMARY_INTERIOR
2023J,2023-07-23,5 - Ávila,BLOQUE NACIONALISTA GALEGO - B.N.G.,0,0,Ministerio del Interior / fichero oficial aportado por el usuario,PRIMARY_INTERIOR
2023J,2023-07-23,5 - Ávila,CAMINANDO JUNTOS - CJ,0,0,Ministerio del Interior / fichero oficial aportado por el usuario,PRIMARY_INTERIOR
2023J,2023-07-23,5 - Ávila,CANDIDATURA D'UNITAT POPULAR-PER LA RUPTURA - CUP-PR,0,0,Ministerio del Interior / fichero oficial aportado por el usuario,PRIMARY_INTERIOR
2023J,2023-07-23,5 - Ávila,COALICIÓN CANARIA - CCa,0,0,Ministerio del Interior / fichero oficial aportado por el usuario,PRIMARY_INTERIOR
2023J,2023-07-23,5 - Ávila,COALICIÓN DE CENTRO DEMOCRÁTICO - CCD,0,0,Ministerio del Interior / fichero oficial aportado por el usuario,PRIMARY_INTERIOR
2023J,2023-07-23,5 - Ávila,COALICIÓN POR MELILLA - CpM,0,0,Ministerio del Interior / fichero oficial aportado por el usuario,PRIMARY_INTERIOR
2023J,2023-07-23,5 - Ávila,COMPROMÍS - SUMAR: SUMEM PER GUANYAR - SUMAR - COMPROMÍS,0,0,Ministerio del Interior / fichero oficial aportado por el usuario,PRIMARY_INTERIOR
2023J,2023-07-23,5 - Ávila,ENTRE VEÏNS CATALUNYA - EVC,0,0,Ministerio del Interior / fichero oficial aportado por el usuario,PRIMARY_INTERIOR
2023J,2023-07-23,5 - Ávila,ESCAÑOS EN BLANCO PARA DEJAR ESCAÑOS VACÍOS - ESCAÑOS EN BLANCO,0,0,Ministerio del Interior / fichero oficial aportado por el usuario,PRIMARY_INTERIOR
2023J,2023-07-23,5 - Ávila,ESCONS EN BLANC - ESCONS EN BLANC,0,0,Ministerio del Interior / fichero oficial aportado por el usuario,PRIMARY_INTERIOR
2023J,2023-07-23,5 - Ávila,ESPAÑA VACIADA - ESPAÑA VACIADA,0,0,Ministerio del Interior / fichero oficial aportado por el usuario,PRIMARY_INTERIOR
2023J,2023-07-23,5 - Ávila,ESPAÑA VACIADA-PARTIDO CASTELLANO-TIERRA COMUNERA - EV-PCAS-TC,0,0,Ministerio del Interior / fichero oficial aportado por el usuario,PRIMARY_INTERIOR
2023J,2023-07-23,5 - Ávila,ESQUERRA REPUBLICANA DE CATALUNYA - ERC,0,0,Ministerio del Interior / fichero oficial aportado por el usuario,PRIMARY_INTERIOR
2023J,2023-07-23,5 - Ávila,ESTAT VALENCIÀ DEL BENESTAR - EVB,0,0,Ministerio del Interior / fichero oficial aportado por el usuario,PRIMARY_INTERIOR
2023J,2023-07-23,5 - Ávila,EUSKAL HERRIA BILDU - EH Bildu,0,0,Ministerio del Interior / fichero oficial aportado por el usuario,PRIMARY_INTERIOR
2023J,2023-07-23,5 - Ávila,EUZKO ALDERDI JELTZALEA-PARTIDO NACIONALISTA VASCO - EAJ-PNV,0,0,Ministerio del Interior / fichero oficial aportado por el usuario,PRIMARY_INTERIOR
2023J,2023-07-23,5 - Ávila,FALANGE ESPAÑOLA DE LAS J.O.N.S. - FE de las JONS,77,0,Ministerio del Interior / fichero oficial aportado por el usuario,PRIMARY_INTERIOR
2023J,2023-07-23,5 - Ávila,FEDERACIÓN DE LOS INDEPENDIENTES DE ARAGÓN - F.I.A.,0,0,Ministerio del Interior / fichero oficial aportado por el usuario,PRIMARY_INTERIOR
2023J,2023-07-23,5 - Ávila,FRENTE OBRERO - FO,100,0,Ministerio del Interior / fichero oficial aportado por el usuario,PRIMARY_INTERIOR
2023J,2023-07-23,5 - Ávila,FUERZA CÍVICA - FUERZA CÍVICA,0,0,Ministerio del Interior / fichero oficial aportado por el usuario,PRIMARY_INTERIOR
2023J,2023-07-23,5 - Ávila,GEROA BAI - GBAI,0,0,Ministerio del Interior / fichero oficial aportado por el usuario,PRIMARY_INTERIOR
2023J,2023-07-23,5 - Ávila,GRUPO INDEPENDIENTE PALENCIA TIERRA VIVA - GITV,0,0,Ministerio del Interior / fichero oficial aportado por el usuario,PRIMARY_INTERIOR
2023J,2023-07-23,5 - Ávila,JAÉN MERECE MÁS - JM+,0,0,Ministerio del Interior / fichero oficial aportado por el usuario,PRIMARY_INTERIOR
2023J,2023-07-23,5 - Ávila,JUNTOS POR GRANADA - JxG,0,0,Ministerio del Interior / fichero oficial aportado por el usuario,PRIMARY_INTERIOR
2023J,2023-07-23,5 - Ávila,JUNTS PER CATALUNYA - JUNTS - JxCAT - JUNTS,0,0,Ministerio del Interior / fichero oficial aportado por el usuario,PRIMARY_INTERIOR
2023J,2023-07-23,5 - Ávila,LIBRES - LB,0,0,Ministerio del Interior / fichero oficial aportado por el usuario,PRIMARY_INTERIOR
2023J,2023-07-23,5 - Ávila,NUEVA CANARIAS - BLOQUE CANARISTA - NC-bc,0,0,Ministerio del Interior / fichero oficial aportado por el usuario,PRIMARY_INTERIOR
2023J,2023-07-23,5 - Ávila,PARTIDO ANIMALISTA CON EL MEDIO AMBIENTE - PACMA,275,0,Ministerio del Interior / fichero oficial aportado por el usuario,PRIMARY_INTERIOR
2023J,2023-07-23,5 - Ávila,PARTIDO ARAGONÉS - PAR,0,0,Ministerio del Interior / fichero oficial aportado por el usuario,PRIMARY_INTERIOR
2023J,2023-07-23,5 - Ávila,PARTIDO AUTÓNOMOS - PARTIDO AUTÓNOMOS,0,0,Ministerio del Interior / fichero oficial aportado por el usuario,PRIMARY_INTERIOR
2023J,2023-07-23,5 - Ávila,PARTIDO COMUNISTA DE LOS TRABAJADORES DE ESPAÑA - PCTE,85,0,Ministerio del Interior / fichero oficial aportado por el usuario,PRIMARY_INTERIOR
2023J,2023-07-23,5 - Ávila,PARTIDO COMUNISTA DE LOS TRABAJADORES DE EUSKADI/EUSKADIKO LANGILEEN ALDERDI KOMUNISTA - PCTE/ELAK,0,0,Ministerio del Interior / fichero oficial aportado por el usuario,PRIMARY_INTERIOR
2023J,2023-07-23,5 - Ávila,PARTIDO COMUNISTA DOS TRABALLADORES DE GALIZA - PCTG,0,0,Ministerio del Interior / fichero oficial aportado por el usuario,PRIMARY_INTERIOR
2023J,2023-07-23,5 - Ávila,PARTIDO DOS SOCIALISTAS DE GALICIA-PSOE - PSdeG-PSOE,0,0,Ministerio del Interior / fichero oficial aportado por el usuario,PRIMARY_INTERIOR
2023J,2023-07-23,5 - Ávila,PARTIDO HUMANISTA - PH,0,0,Ministerio del Interior / fichero oficial aportado por el usuario,PRIMARY_INTERIOR
2023J,2023-07-23,5 - Ávila,PARTIDO POPULAR - PP,42369,2,Ministerio del Interior / fichero oficial aportado por el usuario,PRIMARY_INTERIOR
2023J,2023-07-23,5 - Ávila,PARTIDO POPULAR / PARTIT POPULAR - PP,0,0,Ministerio del Interior / fichero oficial aportado por el usuario,PRIMARY_INTERIOR
2023J,2023-07-23,5 - Ávila,PARTIDO REGIONALISTA DEL PAÍS LEONÉS - PREPAL,0,0,Ministerio del Interior / fichero oficial aportado por el usuario,PRIMARY_INTERIOR
2023J,2023-07-23,5 - Ávila,PARTIDO SOCIALISTA DE EUSKADI-EUSKADIKO EZKERRA (PSOE) - PSE-EE (PSOE),0,0,Ministerio del Interior / fichero oficial aportado por el usuario,PRIMARY_INTERIOR
2023J,2023-07-23,5 - Ávila,PARTIDO SOCIALISTA DE ISLAS BALEARES-PSOE - PSIB-PSOE,0,0,Ministerio del Interior / fichero oficial aportado por el usuario,PRIMARY_INTERIOR
2023J,2023-07-23,5 - Ávila,PARTIDO SOCIALISTA DE NAVARRA-PSOE - PSN-PSOE,0,0,Ministerio del Interior / fichero oficial aportado por el usuario,PRIMARY_INTERIOR
2023J,2023-07-23,5 - Ávila,PARTIDO SOCIALISTA OBRERO ESPAÑOL - PSOE,26828,1,Ministerio del Interior / fichero oficial aportado por el usuario,PRIMARY_INTERIOR
2023J,2023-07-23,5 - Ávila,PARTIDO UNIONISTA ESTADO DE ESPAÑA - PUEDE,0,0,Ministerio del Interior / fichero oficial aportado por el usuario,PRIMARY_INTERIOR
2023J,2023-07-23,5 - Ávila,PARTIT ANIMALISTA AMB EL MEDI AMBIENT - PACMA,0,0,Ministerio del Interior / fichero oficial aportado por el usuario,PRIMARY_INTERIOR
2023J,2023-07-23,5 - Ávila,PARTIT COMUNISTA DELS TREBALLADORS DE CATALUNYA - PCTC,0,0,Ministerio del Interior / fichero oficial aportado por el usuario,PRIMARY_INTERIOR
2023J,2023-07-23,5 - Ávila,PARTIT DELS SOCIALISTES DE CATALUNYA (PSC-PSOE) - PSC,0,0,Ministerio del Interior / fichero oficial aportado por el usuario,PRIMARY_INTERIOR
2023J,2023-07-23,5 - Ávila,PARTIT DEMÒCRATA EUROPEU CATALÀ-ESPAI CIU - PDeCAT-E-CiU,0,0,Ministerio del Interior / fichero oficial aportado por el usuario,PRIMARY_INTERIOR
2023J,2023-07-23,5 - Ávila,PARTIT POPULAR / PARTIDO POPULAR - PP,0,0,Ministerio del Interior / fichero oficial aportado por el usuario,PRIMARY_INTERIOR
2023J,2023-07-23,5 - Ávila,POR HUELVA - XH,0,0,Ministerio del Interior / fichero oficial aportado por el usuario,PRIMARY_INTERIOR
2023J,2023-07-23,5 - Ávila,POR MI REGIÓN - POR MI REGIÓN,0,0,Ministerio del Interior / fichero oficial aportado por el usuario,PRIMARY_INTERIOR
2023J,2023-07-23,5 - Ávila,POR UN MUNDO MAIS XUSTO - PUM+J,0,0,Ministerio del Interior / fichero oficial aportado por el usuario,PRIMARY_INTERIOR
2023J,2023-07-23,5 - Ávila,POR UN MUNDO MÁS JUSTO - PUM+J,91,0,Ministerio del Interior / fichero oficial aportado por el usuario,PRIMARY_INTERIOR
2023J,2023-07-23,5 - Ávila,POR ÁVILA - XAV,7362,0,Ministerio del Interior / fichero oficial aportado por el usuario,PRIMARY_INTERIOR
2023J,2023-07-23,5 - Ávila,RECORTES CERO - RECORTES CERO,42,0,Ministerio del Interior / fichero oficial aportado por el usuario,PRIMARY_INTERIOR
2023J,2023-07-23,5 - Ávila,REFERÉNDUM SISTEMA DINERO - +RDS+,0,0,Ministerio del Interior / fichero oficial aportado por el usuario,PRIMARY_INTERIOR
2023J,2023-07-23,5 - Ávila,SOMOS CÁCERES - Somos Cc,0,0,Ministerio del Interior / fichero oficial aportado por el usuario,PRIMARY_INTERIOR
2023J,2023-07-23,5 - Ávila,SORIA ¡YA! - SY,0,0,Ministerio del Interior / fichero oficial aportado por el usuario,PRIMARY_INTERIOR
2023J,2023-07-23,5 - Ávila,SUMAR - EN COMÚ PODEM - SUMAR - ECP,0,0,Ministerio del Interior / fichero oficial aportado por el usuario,PRIMARY_INTERIOR
2023J,2023-07-23,5 - Ávila,SUMAR - SUMAR,5027,0,Ministerio del Interior / fichero oficial aportado por el usuario,PRIMARY_INTERIOR
2023J,2023-07-23,5 - Ávila,SUMAR ANDALUCÍA - SUMAR,0,0,Ministerio del Interior / fichero oficial aportado por el usuario,PRIMARY_INTERIOR
2023J,2023-07-23,5 - Ávila,SUMAR ARAGÓN - SUMAR ARAGÓN,0,0,Ministerio del Interior / fichero oficial aportado por el usuario,PRIMARY_INTERIOR
2023J,2023-07-23,5 - Ávila,SUMAR CANARIAS - SUMAR,0,0,Ministerio del Interior / fichero oficial aportado por el usuario,PRIMARY_INTERIOR
2023J,2023-07-23,5 - Ávila,SUMAR GALICIA - SUMAR,0,0,Ministerio del Interior / fichero oficial aportado por el usuario,PRIMARY_INTERIOR
2023J,2023-07-23,5 - Ávila,SUMAR MÉS - MÉS PER MALLORCA-MÉS PER MENORCA-SUMAR,0,0,Ministerio del Interior / fichero oficial aportado por el usuario,PRIMARY_INTERIOR
2023J,2023-07-23,5 - Ávila,TERCERA EDAD EN ACCIÓN - 3e,0,0,Ministerio del Interior / fichero oficial aportado por el usuario,PRIMARY_INTERIOR
2023J,2023-07-23,5 - Ávila,TERUEL EXISTE - COALICIÓN EXISTE - EXISTE,0,0,Ministerio del Interior / fichero oficial aportado por el usuario,PRIMARY_INTERIOR
2023J,2023-07-23,5 - Ávila,UNIDAD CASTELLANA - Ud.Ca,0,0,Ministerio del Interior / fichero oficial aportado por el usuario,PRIMARY_INTERIOR
2023J,2023-07-23,5 - Ávila,UNIDOS POR LA SOLIDARIDAD INTERNACIONAL - UNIDOS SI,0,0,Ministerio del Interior / fichero oficial aportado por el usuario,PRIMARY_INTERIOR
2023J,2023-07-23,5 - Ávila,UNION DEL PUEBLO NAVARRO - U.P.N.,0,0,Ministerio del Interior / fichero oficial aportado por el usuario,PRIMARY_INTERIOR
2023J,2023-07-23,5 - Ávila,UNIÓN DEL PUEBLO LEONÉS - U.P.L.,0,0,Ministerio del Interior / fichero oficial aportado por el usuario,PRIMARY_INTERIOR
2023J,2023-07-23,5 - Ávila,VAMOS PALENCIA - VP,0,0,Ministerio del Interior / fichero oficial aportado por el usuario,PRIMARY_INTERIOR
2023J,2023-07-23,5 - Ávila,VOX - VOX,15068,0,Ministerio del Interior / fichero oficial aportado por el usuario,PRIMARY_INTERIOR
2023J,2023-07-23,5 - Ávila,VÍA BURGALESA - VB,0,0,Ministerio del Interior / fichero oficial aportado por el usuario,PRIMARY_INTERIOR
2023J,2023-07-23,5 - Ávila,ZAMORA SÍ - Zsi,0,0,Ministerio del Interior / fichero oficial aportado por el usuario,PRIMARY_INTERIOR
2023J,2023-07-23,50 - Zaragoza,ADELANTE ANDALUCÍA - ADELANTE ANDALUCÍA,0,0,Ministerio del Interior / fichero oficial aportado por el usuario,PRIMARY_INTERIOR
2023J,2023-07-23,50 - Zaragoza,AHORA CANARIAS-PARTIDO COMUNISTA DEL PUEBLO CANARIO - AHORA CANARIAS-PCPC,0,0,Ministerio del Interior / fichero oficial aportado por el usuario,PRIMARY_INTERIOR
2023J,2023-07-23,50 - Zaragoza,ALMERIENSES - REGIONALISTAS PRO ALMERÍA - ALM,0,0,Ministerio del Interior / fichero oficial aportado por el usuario,PRIMARY_INTERIOR
2023J,2023-07-23,50 - Zaragoza,ARAGÓN EXISTE - COALICIÓN EXISTE - EXISTE,7780,0,Ministerio del Interior / fichero oficial aportado por el usuario,PRIMARY_INTERIOR
2023J,2023-07-23,50 - Zaragoza,ASTURIAS EXISTE-ESPAÑA VACIADA - ASTURIAS EXISTE EV,0,0,Ministerio del Interior / fichero oficial aportado por el usuario,PRIMARY_INTERIOR
2023J,2023-07-23,50 - Zaragoza,BIDEZKO MUNDURANTZ - PUM+J,0,0,Ministerio del Interior / fichero oficial aportado por el usuario,PRIMARY_INTERIOR
2023J,2023-07-23,50 - Zaragoza,BLOQUE EXTREMEÑO - BQEX,0,0,Ministerio del Interior / fichero oficial aportado por el usuario,PRIMARY_INTERIOR
2023J,2023-07-23,50 - Zaragoza,BLOQUE NACIONALISTA GALEGO - B.N.G.,0,0,Ministerio del Interior / fichero oficial aportado por el usuario,PRIMARY_INTERIOR
2023J,2023-07-23,50 - Zaragoza,CAMINANDO JUNTOS - CJ,0,0,Ministerio del Interior / fichero oficial aportado por el usuario,PRIMARY_INTERIOR
2023J,2023-07-23,50 - Zaragoza,CANDIDATURA D'UNITAT POPULAR-PER LA RUPTURA - CUP-PR,0,0,Ministerio del Interior / fichero oficial aportado por el usuario,PRIMARY_INTERIOR
2023J,2023-07-23,50 - Zaragoza,COALICIÓN CANARIA - CCa,0,0,Ministerio del Interior / fichero oficial aportado por el usuario,PRIMARY_INTERIOR
2023J,2023-07-23,50 - Zaragoza,COALICIÓN DE CENTRO DEMOCRÁTICO - CCD,0,0,Ministerio del Interior / fichero oficial aportado por el usuario,PRIMARY_INTERIOR
2023J,2023-07-23,50 - Zaragoza,COALICIÓN POR MELILLA - CpM,0,0,Ministerio del Interior / fichero oficial aportado por el usuario,PRIMARY_INTERIOR
2023J,2023-07-23,50 - Zaragoza,COMPROMÍS - SUMAR: SUMEM PER GUANYAR - SUMAR - COMPROMÍS,0,0,Ministerio del Interior / fichero oficial aportado por el usuario,PRIMARY_INTERIOR
2023J,2023-07-23,50 - Zaragoza,ENTRE VEÏNS CATALUNYA - EVC,0,0,Ministerio del Interior / fichero oficial aportado por el usuario,PRIMARY_INTERIOR
2023J,2023-07-23,50 - Zaragoza,ESCAÑOS EN BLANCO PARA DEJAR ESCAÑOS VACÍOS - ESCAÑOS EN BLANCO,2146,0,Ministerio del Interior / fichero oficial aportado por el usuario,PRIMARY_INTERIOR
2023J,2023-07-23,50 - Zaragoza,ESCONS EN BLANC - ESCONS EN BLANC,0,0,Ministerio del Interior / fichero oficial aportado por el usuario,PRIMARY_INTERIOR
2023J,2023-07-23,50 - Zaragoza,ESPAÑA VACIADA - ESPAÑA VACIADA,0,0,Ministerio del Interior / fichero oficial aportado por el usuario,PRIMARY_INTERIOR
2023J,2023-07-23,50 - Zaragoza,ESPAÑA VACIADA-PARTIDO CASTELLANO-TIERRA COMUNERA - EV-PCAS-TC,0,0,Ministerio del Interior / fichero oficial aportado por el usuario,PRIMARY_INTERIOR
2023J,2023-07-23,50 - Zaragoza,ESQUERRA REPUBLICANA DE CATALUNYA - ERC,0,0,Ministerio del Interior / fichero oficial aportado por el usuario,PRIMARY_INTERIOR
2023J,2023-07-23,50 - Zaragoza,ESTAT VALENCIÀ DEL BENESTAR - EVB,0,0,Ministerio del Interior / fichero oficial aportado por el usuario,PRIMARY_INTERIOR
2023J,2023-07-23,50 - Zaragoza,EUSKAL HERRIA BILDU - EH Bildu,0,0,Ministerio del Interior / fichero oficial aportado por el usuario,PRIMARY_INTERIOR
2023J,2023-07-23,50 - Zaragoza,EUZKO ALDERDI JELTZALEA-PARTIDO NACIONALISTA VASCO - EAJ-PNV,0,0,Ministerio del Interior / fichero oficial aportado por el usuario,PRIMARY_INTERIOR
2023J,2023-07-23,50 - Zaragoza,FALANGE ESPAÑOLA DE LAS J.O.N.S. - FE de las JONS,272,0,Ministerio del Interior / fichero oficial aportado por el usuario,PRIMARY_INTERIOR
2023J,2023-07-23,50 - Zaragoza,FEDERACIÓN DE LOS INDEPENDIENTES DE ARAGÓN - F.I.A.,394,0,Ministerio del Interior / fichero oficial aportado por el usuario,PRIMARY_INTERIOR
2023J,2023-07-23,50 - Zaragoza,FRENTE OBRERO - FO,1026,0,Ministerio del Interior / fichero oficial aportado por el usuario,PRIMARY_INTERIOR
2023J,2023-07-23,50 - Zaragoza,FUERZA CÍVICA - FUERZA CÍVICA,0,0,Ministerio del Interior / fichero oficial aportado por el usuario,PRIMARY_INTERIOR
2023J,2023-07-23,50 - Zaragoza,GEROA BAI - GBAI,0,0,Ministerio del Interior / fichero oficial aportado por el usuario,PRIMARY_INTERIOR
2023J,2023-07-23,50 - Zaragoza,GRUPO INDEPENDIENTE PALENCIA TIERRA VIVA - GITV,0,0,Ministerio del Interior / fichero oficial aportado por el usuario,PRIMARY_INTERIOR
2023J,2023-07-23,50 - Zaragoza,JAÉN MERECE MÁS - JM+,0,0,Ministerio del Interior / fichero oficial aportado por el usuario,PRIMARY_INTERIOR
2023J,2023-07-23,50 - Zaragoza,JUNTOS POR GRANADA - JxG,0,0,Ministerio del Interior / fichero oficial aportado por el usuario,PRIMARY_INTERIOR
2023J,2023-07-23,50 - Zaragoza,JUNTS PER CATALUNYA - JUNTS - JxCAT - JUNTS,0,0,Ministerio del Interior / fichero oficial aportado por el usuario,PRIMARY_INTERIOR
2023J,2023-07-23,50 - Zaragoza,LIBRES - LB,0,0,Ministerio del Interior / fichero oficial aportado por el usuario,PRIMARY_INTERIOR
2023J,2023-07-23,50 - Zaragoza,NUEVA CANARIAS - BLOQUE CANARISTA - NC-bc,0,0,Ministerio del Interior / fichero oficial aportado por el usuario,PRIMARY_INTERIOR
2023J,2023-07-23,50 - Zaragoza,PARTIDO ANIMALISTA CON EL MEDIO AMBIENTE - PACMA,2428,0,Ministerio del Interior / fichero oficial aportado por el usuario,PRIMARY_INTERIOR
2023J,2023-07-23,50 - Zaragoza,PARTIDO ARAGONÉS - PAR,2745,0,Ministerio del Interior / fichero oficial aportado por el usuario,PRIMARY_INTERIOR
2023J,2023-07-23,50 - Zaragoza,PARTIDO AUTÓNOMOS - PARTIDO AUTÓNOMOS,0,0,Ministerio del Interior / fichero oficial aportado por el usuario,PRIMARY_INTERIOR
2023J,2023-07-23,50 - Zaragoza,PARTIDO COMUNISTA DE LOS TRABAJADORES DE ESPAÑA - PCTE,561,0,Ministerio del Interior / fichero oficial aportado por el usuario,PRIMARY_INTERIOR
2023J,2023-07-23,50 - Zaragoza,PARTIDO COMUNISTA DE LOS TRABAJADORES DE EUSKADI/EUSKADIKO LANGILEEN ALDERDI KOMUNISTA - PCTE/ELAK,0,0,Ministerio del Interior / fichero oficial aportado por el usuario,PRIMARY_INTERIOR
2023J,2023-07-23,50 - Zaragoza,PARTIDO COMUNISTA DOS TRABALLADORES DE GALIZA - PCTG,0,0,Ministerio del Interior / fichero oficial aportado por el usuario,PRIMARY_INTERIOR
2023J,2023-07-23,50 - Zaragoza,PARTIDO DOS SOCIALISTAS DE GALICIA-PSOE - PSdeG-PSOE,0,0,Ministerio del Interior / fichero oficial aportado por el usuario,PRIMARY_INTERIOR
2023J,2023-07-23,50 - Zaragoza,PARTIDO HUMANISTA - PH,0,0,Ministerio del Interior / fichero oficial aportado por el usuario,PRIMARY_INTERIOR
2023J,2023-07-23,50 - Zaragoza,PARTIDO POPULAR - PP,186776,3,Ministerio del Interior / fichero oficial aportado por el usuario,PRIMARY_INTERIOR
2023J,2023-07-23,50 - Zaragoza,PARTIDO POPULAR / PARTIT POPULAR - PP,0,0,Ministerio del Interior / fichero oficial aportado por el usuario,PRIMARY_INTERIOR
2023J,2023-07-23,50 - Zaragoza,PARTIDO REGIONALISTA DEL PAÍS LEONÉS - PREPAL,0,0,Ministerio del Interior / fichero oficial aportado por el usuario,PRIMARY_INTERIOR
2023J,2023-07-23,50 - Zaragoza,PARTIDO SOCIALISTA DE EUSKADI-EUSKADIKO EZKERRA (PSOE) - PSE-EE (PSOE),0,0,Ministerio del Interior / fichero oficial aportado por el usuario,PRIMARY_INTERIOR
2023J,2023-07-23,50 - Zaragoza,PARTIDO SOCIALISTA DE ISLAS BALEARES-PSOE - PSIB-PSOE,0,0,Ministerio del Interior / fichero oficial aportado por el usuario,PRIMARY_INTERIOR
2023J,2023-07-23,50 - Zaragoza,PARTIDO SOCIALISTA DE NAVARRA-PSOE - PSN-PSOE,0,0,Ministerio del Interior / fichero oficial aportado por el usuario,PRIMARY_INTERIOR
2023J,2023-07-23,50 - Zaragoza,PARTIDO SOCIALISTA OBRERO ESPAÑOL - PSOE,159858,2,Ministerio del Interior / fichero oficial aportado por el usuario,PRIMARY_INTERIOR
2023J,2023-07-23,50 - Zaragoza,PARTIDO UNIONISTA ESTADO DE ESPAÑA - PUEDE,0,0,Ministerio del Interior / fichero oficial aportado por el usuario,PRIMARY_INTERIOR
2023J,2023-07-23,50 - Zaragoza,PARTIT ANIMALISTA AMB EL MEDI AMBIENT - PACMA,0,0,Ministerio del Interior / fichero oficial aportado por el usuario,PRIMARY_INTERIOR
2023J,2023-07-23,50 - Zaragoza,PARTIT COMUNISTA DELS TREBALLADORS DE CATALUNYA - PCTC,0,0,Ministerio del Interior / fichero oficial aportado por el usuario,PRIMARY_INTERIOR
2023J,2023-07-23,50 - Zaragoza,PARTIT DELS SOCIALISTES DE CATALUNYA (PSC-PSOE) - PSC,0,0,Ministerio del Interior / fichero oficial aportado por el usuario,PRIMARY_INTERIOR
2023J,2023-07-23,50 - Zaragoza,PARTIT DEMÒCRATA EUROPEU CATALÀ-ESPAI CIU - PDeCAT-E-CiU,0,0,Ministerio del Interior / fichero oficial aportado por el usuario,PRIMARY_INTERIOR
2023J,2023-07-23,50 - Zaragoza,PARTIT POPULAR / PARTIDO POPULAR - PP,0,0,Ministerio del Interior / fichero oficial aportado por el usuario,PRIMARY_INTERIOR
2023J,2023-07-23,50 - Zaragoza,POR HUELVA - XH,0,0,Ministerio del Interior / fichero oficial aportado por el usuario,PRIMARY_INTERIOR
2023J,2023-07-23,50 - Zaragoza,POR MI REGIÓN - POR MI REGIÓN,0,0,Ministerio del Interior / fichero oficial aportado por el usuario,PRIMARY_INTERIOR
2023J,2023-07-23,50 - Zaragoza,POR UN MUNDO MAIS XUSTO - PUM+J,0,0,Ministerio del Interior / fichero oficial aportado por el usuario,PRIMARY_INTERIOR
2023J,2023-07-23,50 - Zaragoza,POR UN MUNDO MÁS JUSTO - PUM+J,419,0,Ministerio del Interior / fichero oficial aportado por el usuario,PRIMARY_INTERIOR
2023J,2023-07-23,50 - Zaragoza,POR ÁVILA - XAV,0,0,Ministerio del Interior / fichero oficial aportado por el usuario,PRIMARY_INTERIOR
2023J,2023-07-23,50 - Zaragoza,RECORTES CERO - RECORTES CERO,306,0,Ministerio del Interior / fichero oficial aportado por el usuario,PRIMARY_INTERIOR
2023J,2023-07-23,50 - Zaragoza,REFERÉNDUM SISTEMA DINERO - +RDS+,0,0,Ministerio del Interior / fichero oficial aportado por el usuario,PRIMARY_INTERIOR
2023J,2023-07-23,50 - Zaragoza,SOMOS CÁCERES - Somos Cc,0,0,Ministerio del Interior / fichero oficial aportado por el usuario,PRIMARY_INTERIOR
2023J,2023-07-23,50 - Zaragoza,SORIA ¡YA! - SY,0,0,Ministerio del Interior / fichero oficial aportado por el usuario,PRIMARY_INTERIOR
2023J,2023-07-23,50 - Zaragoza,SUMAR - EN COMÚ PODEM - SUMAR - ECP,0,0,Ministerio del Interior / fichero oficial aportado por el usuario,PRIMARY_INTERIOR
2023J,2023-07-23,50 - Zaragoza,SUMAR - SUMAR,0,0,Ministerio del Interior / fichero oficial aportado por el usuario,PRIMARY_INTERIOR
2023J,2023-07-23,50 - Zaragoza,SUMAR ANDALUCÍA - SUMAR,0,0,Ministerio del Interior / fichero oficial aportado por el usuario,PRIMARY_INTERIOR
2023J,2023-07-23,50 - Zaragoza,SUMAR ARAGÓN - SUMAR ARAGÓN,69925,1,Ministerio del Interior / fichero oficial aportado por el usuario,PRIMARY_INTERIOR
2023J,2023-07-23,50 - Zaragoza,SUMAR CANARIAS - SUMAR,0,0,Ministerio del Interior / fichero oficial aportado por el usuario,PRIMARY_INTERIOR
2023J,2023-07-23,50 - Zaragoza,SUMAR GALICIA - SUMAR,0,0,Ministerio del Interior / fichero oficial aportado por el usuario,PRIMARY_INTERIOR
2023J,2023-07-23,50 - Zaragoza,SUMAR MÉS - MÉS PER MALLORCA-MÉS PER MENORCA-SUMAR,0,0,Ministerio del Interior / fichero oficial aportado por el usuario,PRIMARY_INTERIOR
2023J,2023-07-23,50 - Zaragoza,TERCERA EDAD EN ACCIÓN - 3e,0,0,Ministerio del Interior / fichero oficial aportado por el usuario,PRIMARY_INTERIOR
2023J,2023-07-23,50 - Zaragoza,TERUEL EXISTE - COALICIÓN EXISTE - EXISTE,0,0,Ministerio del Interior / fichero oficial aportado por el usuario,PRIMARY_INTERIOR
2023J,2023-07-23,50 - Zaragoza,UNIDAD CASTELLANA - Ud.Ca,0,0,Ministerio del Interior / fichero oficial aportado por el usuario,PRIMARY_INTERIOR
2023J,2023-07-23,50 - Zaragoza,UNIDOS POR LA SOLIDARIDAD INTERNACIONAL - UNIDOS SI,0,0,Ministerio del Interior / fichero oficial aportado por el usuario,PRIMARY_INTERIOR
2023J,2023-07-23,50 - Zaragoza,UNION DEL PUEBLO NAVARRO - U.P.N.,0,0,Ministerio del Interior / fichero oficial aportado por el usuario,PRIMARY_INTERIOR
2023J,2023-07-23,50 - Zaragoza,UNIÓN DEL PUEBLO LEONÉS - U.P.L.,0,0,Ministerio del Interior / fichero oficial aportado por el usuario,PRIMARY_INTERIOR
2023J,2023-07-23,50 - Zaragoza,VAMOS PALENCIA - VP,0,0,Ministerio del Interior / fichero oficial aportado por el usuario,PRIMARY_INTERIOR
2023J,2023-07-23,50 - Zaragoza,VOX - VOX,79376,1,Ministerio del Interior / fichero oficial aportado por el usuario,PRIMARY_INTERIOR
2023J,2023-07-23,50 - Zaragoza,VÍA BURGALESA - VB,0,0,Ministerio del Interior / fichero oficial aportado por el usuario,PRIMARY_INTERIOR
2023J,2023-07-23,50 - Zaragoza,ZAMORA SÍ - Zsi,0,0,Ministerio del Interior / fichero oficial aportado por el usuario,PRIMARY_INTERIOR
2023J,2023-07-23,51 - Ceuta,ADELANTE ANDALUCÍA - ADELANTE ANDALUCÍA,0,0,Ministerio del Interior / fichero oficial aportado por el usuario,PRIMARY_INTERIOR
2023J,2023-07-23,51 - Ceuta,AHORA CANARIAS-PARTIDO COMUNISTA DEL PUEBLO CANARIO - AHORA CANARIAS-PCPC,0,0,Ministerio del Interior / fichero oficial aportado por el usuario,PRIMARY_INTERIOR
2023J,2023-07-23,51 - Ceuta,ALMERIENSES - REGIONALISTAS PRO ALMERÍA - ALM,0,0,Ministerio del Interior / fichero oficial aportado por el usuario,PRIMARY_INTERIOR
2023J,2023-07-23,51 - Ceuta,ARAGÓN EXISTE - COALICIÓN EXISTE - EXISTE,0,0,Ministerio del Interior / fichero oficial aportado por el usuario,PRIMARY_INTERIOR
2023J,2023-07-23,51 - Ceuta,ASTURIAS EXISTE-ESPAÑA VACIADA - ASTURIAS EXISTE EV,0,0,Ministerio del Interior / fichero oficial aportado por el usuario,PRIMARY_INTERIOR
2023J,2023-07-23,51 - Ceuta,BIDEZKO MUNDURANTZ - PUM+J,0,0,Ministerio del Interior / fichero oficial aportado por el usuario,PRIMARY_INTERIOR
2023J,2023-07-23,51 - Ceuta,BLOQUE EXTREMEÑO - BQEX,0,0,Ministerio del Interior / fichero oficial aportado por el usuario,PRIMARY_INTERIOR
2023J,2023-07-23,51 - Ceuta,BLOQUE NACIONALISTA GALEGO - B.N.G.,0,0,Ministerio del Interior / fichero oficial aportado por el usuario,PRIMARY_INTERIOR
2023J,2023-07-23,51 - Ceuta,CAMINANDO JUNTOS - CJ,0,0,Ministerio del Interior / fichero oficial aportado por el usuario,PRIMARY_INTERIOR
2023J,2023-07-23,51 - Ceuta,CANDIDATURA D'UNITAT POPULAR-PER LA RUPTURA - CUP-PR,0,0,Ministerio del Interior / fichero oficial aportado por el usuario,PRIMARY_INTERIOR
2023J,2023-07-23,51 - Ceuta,COALICIÓN CANARIA - CCa,0,0,Ministerio del Interior / fichero oficial aportado por el usuario,PRIMARY_INTERIOR
2023J,2023-07-23,51 - Ceuta,COALICIÓN DE CENTRO DEMOCRÁTICO - CCD,0,0,Ministerio del Interior / fichero oficial aportado por el usuario,PRIMARY_INTERIOR
2023J,2023-07-23,51 - Ceuta,COALICIÓN POR MELILLA - CpM,0,0,Ministerio del Interior / fichero oficial aportado por el usuario,PRIMARY_INTERIOR
2023J,2023-07-23,51 - Ceuta,COMPROMÍS - SUMAR: SUMEM PER GUANYAR - SUMAR - COMPROMÍS,0,0,Ministerio del Interior / fichero oficial aportado por el usuario,PRIMARY_INTERIOR
2023J,2023-07-23,51 - Ceuta,ENTRE VEÏNS CATALUNYA - EVC,0,0,Ministerio del Interior / fichero oficial aportado por el usuario,PRIMARY_INTERIOR
2023J,2023-07-23,51 - Ceuta,ESCAÑOS EN BLANCO PARA DEJAR ESCAÑOS VACÍOS - ESCAÑOS EN BLANCO,0,0,Ministerio del Interior / fichero oficial aportado por el usuario,PRIMARY_INTERIOR
2023J,2023-07-23,51 - Ceuta,ESCONS EN BLANC - ESCONS EN BLANC,0,0,Ministerio del Interior / fichero oficial aportado por el usuario,PRIMARY_INTERIOR
2023J,2023-07-23,51 - Ceuta,ESPAÑA VACIADA - ESPAÑA VACIADA,0,0,Ministerio del Interior / fichero oficial aportado por el usuario,PRIMARY_INTERIOR
2023J,2023-07-23,51 - Ceuta,ESPAÑA VACIADA-PARTIDO CASTELLANO-TIERRA COMUNERA - EV-PCAS-TC,0,0,Ministerio del Interior / fichero oficial aportado por el usuario,PRIMARY_INTERIOR
2023J,2023-07-23,51 - Ceuta,ESQUERRA REPUBLICANA DE CATALUNYA - ERC,0,0,Ministerio del Interior / fichero oficial aportado por el usuario,PRIMARY_INTERIOR
2023J,2023-07-23,51 - Ceuta,ESTAT VALENCIÀ DEL BENESTAR - EVB,0,0,Ministerio del Interior / fichero oficial aportado por el usuario,PRIMARY_INTERIOR
2023J,2023-07-23,51 - Ceuta,EUSKAL HERRIA BILDU - EH Bildu,0,0,Ministerio del Interior / fichero oficial aportado por el usuario,PRIMARY_INTERIOR
2023J,2023-07-23,51 - Ceuta,EUZKO ALDERDI JELTZALEA-PARTIDO NACIONALISTA VASCO - EAJ-PNV,0,0,Ministerio del Interior / fichero oficial aportado por el usuario,PRIMARY_INTERIOR
2023J,2023-07-23,51 - Ceuta,FALANGE ESPAÑOLA DE LAS J.O.N.S. - FE de las JONS,0,0,Ministerio del Interior / fichero oficial aportado por el usuario,PRIMARY_INTERIOR
2023J,2023-07-23,51 - Ceuta,FEDERACIÓN DE LOS INDEPENDIENTES DE ARAGÓN - F.I.A.,0,0,Ministerio del Interior / fichero oficial aportado por el usuario,PRIMARY_INTERIOR
2023J,2023-07-23,51 - Ceuta,FRENTE OBRERO - FO,53,0,Ministerio del Interior / fichero oficial aportado por el usuario,PRIMARY_INTERIOR
2023J,2023-07-23,51 - Ceuta,FUERZA CÍVICA - FUERZA CÍVICA,0,0,Ministerio del Interior / fichero oficial aportado por el usuario,PRIMARY_INTERIOR
2023J,2023-07-23,51 - Ceuta,GEROA BAI - GBAI,0,0,Ministerio del Interior / fichero oficial aportado por el usuario,PRIMARY_INTERIOR
2023J,2023-07-23,51 - Ceuta,GRUPO INDEPENDIENTE PALENCIA TIERRA VIVA - GITV,0,0,Ministerio del Interior / fichero oficial aportado por el usuario,PRIMARY_INTERIOR
2023J,2023-07-23,51 - Ceuta,JAÉN MERECE MÁS - JM+,0,0,Ministerio del Interior / fichero oficial aportado por el usuario,PRIMARY_INTERIOR
2023J,2023-07-23,51 - Ceuta,JUNTOS POR GRANADA - JxG,0,0,Ministerio del Interior / fichero oficial aportado por el usuario,PRIMARY_INTERIOR
2023J,2023-07-23,51 - Ceuta,JUNTS PER CATALUNYA - JUNTS - JxCAT - JUNTS,0,0,Ministerio del Interior / fichero oficial aportado por el usuario,PRIMARY_INTERIOR
2023J,2023-07-23,51 - Ceuta,LIBRES - LB,53,0,Ministerio del Interior / fichero oficial aportado por el usuario,PRIMARY_INTERIOR
2023J,2023-07-23,51 - Ceuta,NUEVA CANARIAS - BLOQUE CANARISTA - NC-bc,0,0,Ministerio del Interior / fichero oficial aportado por el usuario,PRIMARY_INTERIOR
2023J,2023-07-23,51 - Ceuta,PARTIDO ANIMALISTA CON EL MEDIO AMBIENTE - PACMA,0,0,Ministerio del Interior / fichero oficial aportado por el usuario,PRIMARY_INTERIOR
2023J,2023-07-23,51 - Ceuta,PARTIDO ARAGONÉS - PAR,0,0,Ministerio del Interior / fichero oficial aportado por el usuario,PRIMARY_INTERIOR
2023J,2023-07-23,51 - Ceuta,PARTIDO AUTÓNOMOS - PARTIDO AUTÓNOMOS,0,0,Ministerio del Interior / fichero oficial aportado por el usuario,PRIMARY_INTERIOR
2023J,2023-07-23,51 - Ceuta,PARTIDO COMUNISTA DE LOS TRABAJADORES DE ESPAÑA - PCTE,0,0,Ministerio del Interior / fichero oficial aportado por el usuario,PRIMARY_INTERIOR
2023J,2023-07-23,51 - Ceuta,PARTIDO COMUNISTA DE LOS TRABAJADORES DE EUSKADI/EUSKADIKO LANGILEEN ALDERDI KOMUNISTA - PCTE/ELAK,0,0,Ministerio del Interior / fichero oficial aportado por el usuario,PRIMARY_INTERIOR
2023J,2023-07-23,51 - Ceuta,PARTIDO COMUNISTA DOS TRABALLADORES DE GALIZA - PCTG,0,0,Ministerio del Interior / fichero oficial aportado por el usuario,PRIMARY_INTERIOR
2023J,2023-07-23,51 - Ceuta,PARTIDO DOS SOCIALISTAS DE GALICIA-PSOE - PSdeG-PSOE,0,0,Ministerio del Interior / fichero oficial aportado por el usuario,PRIMARY_INTERIOR
2023J,2023-07-23,51 - Ceuta,PARTIDO HUMANISTA - PH,0,0,Ministerio del Interior / fichero oficial aportado por el usuario,PRIMARY_INTERIOR
2023J,2023-07-23,51 - Ceuta,PARTIDO POPULAR - PP,12918,1,Ministerio del Interior / fichero oficial aportado por el usuario,PRIMARY_INTERIOR
2023J,2023-07-23,51 - Ceuta,PARTIDO POPULAR / PARTIT POPULAR - PP,0,0,Ministerio del Interior / fichero oficial aportado por el usuario,PRIMARY_INTERIOR
2023J,2023-07-23,51 - Ceuta,PARTIDO REGIONALISTA DEL PAÍS LEONÉS - PREPAL,0,0,Ministerio del Interior / fichero oficial aportado por el usuario,PRIMARY_INTERIOR
2023J,2023-07-23,51 - Ceuta,PARTIDO SOCIALISTA DE EUSKADI-EUSKADIKO EZKERRA (PSOE) - PSE-EE (PSOE),0,0,Ministerio del Interior / fichero oficial aportado por el usuario,PRIMARY_INTERIOR
2023J,2023-07-23,51 - Ceuta,PARTIDO SOCIALISTA DE ISLAS BALEARES-PSOE - PSIB-PSOE,0,0,Ministerio del Interior / fichero oficial aportado por el usuario,PRIMARY_INTERIOR
2023J,2023-07-23,51 - Ceuta,PARTIDO SOCIALISTA DE NAVARRA-PSOE - PSN-PSOE,0,0,Ministerio del Interior / fichero oficial aportado por el usuario,PRIMARY_INTERIOR
2023J,2023-07-23,51 - Ceuta,PARTIDO SOCIALISTA OBRERO ESPAÑOL - PSOE,11332,0,Ministerio del Interior / fichero oficial aportado por el usuario,PRIMARY_INTERIOR
2023J,2023-07-23,51 - Ceuta,PARTIDO UNIONISTA ESTADO DE ESPAÑA - PUEDE,0,0,Ministerio del Interior / fichero oficial aportado por el usuario,PRIMARY_INTERIOR
2023J,2023-07-23,51 - Ceuta,PARTIT ANIMALISTA AMB EL MEDI AMBIENT - PACMA,0,0,Ministerio del Interior / fichero oficial aportado por el usuario,PRIMARY_INTERIOR
2023J,2023-07-23,51 - Ceuta,PARTIT COMUNISTA DELS TREBALLADORS DE CATALUNYA - PCTC,0,0,Ministerio del Interior / fichero oficial aportado por el usuario,PRIMARY_INTERIOR
2023J,2023-07-23,51 - Ceuta,PARTIT DELS SOCIALISTES DE CATALUNYA (PSC-PSOE) - PSC,0,0,Ministerio del Interior / fichero oficial aportado por el usuario,PRIMARY_INTERIOR
2023J,2023-07-23,51 - Ceuta,PARTIT DEMÒCRATA EUROPEU CATALÀ-ESPAI CIU - PDeCAT-E-CiU,0,0,Ministerio del Interior / fichero oficial aportado por el usuario,PRIMARY_INTERIOR
2023J,2023-07-23,51 - Ceuta,PARTIT POPULAR / PARTIDO POPULAR - PP,0,0,Ministerio del Interior / fichero oficial aportado por el usuario,PRIMARY_INTERIOR
2023J,2023-07-23,51 - Ceuta,POR HUELVA - XH,0,0,Ministerio del Interior / fichero oficial aportado por el usuario,PRIMARY_INTERIOR
2023J,2023-07-23,51 - Ceuta,POR MI REGIÓN - POR MI REGIÓN,0,0,Ministerio del Interior / fichero oficial aportado por el usuario,PRIMARY_INTERIOR
2023J,2023-07-23,51 - Ceuta,POR UN MUNDO MAIS XUSTO - PUM+J,0,0,Ministerio del Interior / fichero oficial aportado por el usuario,PRIMARY_INTERIOR
2023J,2023-07-23,51 - Ceuta,POR UN MUNDO MÁS JUSTO - PUM+J,31,0,Ministerio del Interior / fichero oficial aportado por el usuario,PRIMARY_INTERIOR
2023J,2023-07-23,51 - Ceuta,POR ÁVILA - XAV,0,0,Ministerio del Interior / fichero oficial aportado por el usuario,PRIMARY_INTERIOR
2023J,2023-07-23,51 - Ceuta,RECORTES CERO - RECORTES CERO,33,0,Ministerio del Interior / fichero oficial aportado por el usuario,PRIMARY_INTERIOR
2023J,2023-07-23,51 - Ceuta,REFERÉNDUM SISTEMA DINERO - +RDS+,0,0,Ministerio del Interior / fichero oficial aportado por el usuario,PRIMARY_INTERIOR
2023J,2023-07-23,51 - Ceuta,SOMOS CÁCERES - Somos Cc,0,0,Ministerio del Interior / fichero oficial aportado por el usuario,PRIMARY_INTERIOR
2023J,2023-07-23,51 - Ceuta,SORIA ¡YA! - SY,0,0,Ministerio del Interior / fichero oficial aportado por el usuario,PRIMARY_INTERIOR
2023J,2023-07-23,51 - Ceuta,SUMAR - EN COMÚ PODEM - SUMAR - ECP,0,0,Ministerio del Interior / fichero oficial aportado por el usuario,PRIMARY_INTERIOR
2023J,2023-07-23,51 - Ceuta,SUMAR - SUMAR,821,0,Ministerio del Interior / fichero oficial aportado por el usuario,PRIMARY_INTERIOR
2023J,2023-07-23,51 - Ceuta,SUMAR ANDALUCÍA - SUMAR,0,0,Ministerio del Interior / fichero oficial aportado por el usuario,PRIMARY_INTERIOR
2023J,2023-07-23,51 - Ceuta,SUMAR ARAGÓN - SUMAR ARAGÓN,0,0,Ministerio del Interior / fichero oficial aportado por el usuario,PRIMARY_INTERIOR
2023J,2023-07-23,51 - Ceuta,SUMAR CANARIAS - SUMAR,0,0,Ministerio del Interior / fichero oficial aportado por el usuario,PRIMARY_INTERIOR
2023J,2023-07-23,51 - Ceuta,SUMAR GALICIA - SUMAR,0,0,Ministerio del Interior / fichero oficial aportado por el usuario,PRIMARY_INTERIOR
2023J,2023-07-23,51 - Ceuta,SUMAR MÉS - MÉS PER MALLORCA-MÉS PER MENORCA-SUMAR,0,0,Ministerio del Interior / fichero oficial aportado por el usuario,PRIMARY_INTERIOR
2023J,2023-07-23,51 - Ceuta,TERCERA EDAD EN ACCIÓN - 3e,0,0,Ministerio del Interior / fichero oficial aportado por el usuario,PRIMARY_INTERIOR
2023J,2023-07-23,51 - Ceuta,TERUEL EXISTE - COALICIÓN EXISTE - EXISTE,0,0,Ministerio del Interior / fichero oficial aportado por el usuario,PRIMARY_INTERIOR
2023J,2023-07-23,51 - Ceuta,UNIDAD CASTELLANA - Ud.Ca,0,0,Ministerio del Interior / fichero oficial aportado por el usuario,PRIMARY_INTERIOR
2023J,2023-07-23,51 - Ceuta,UNIDOS POR LA SOLIDARIDAD INTERNACIONAL - UNIDOS SI,0,0,Ministerio del Interior / fichero oficial aportado por el usuario,PRIMARY_INTERIOR
2023J,2023-07-23,51 - Ceuta,UNION DEL PUEBLO NAVARRO - U.P.N.,0,0,Ministerio del Interior / fichero oficial aportado por el usuario,PRIMARY_INTERIOR
2023J,2023-07-23,51 - Ceuta,UNIÓN DEL PUEBLO LEONÉS - U.P.L.,0,0,Ministerio del Interior / fichero oficial aportado por el usuario,PRIMARY_INTERIOR
2023J,2023-07-23,51 - Ceuta,VAMOS PALENCIA - VP,0,0,Ministerio del Interior / fichero oficial aportado por el usuario,PRIMARY_INTERIOR
2023J,2023-07-23,51 - Ceuta,VOX - VOX,7752,0,Ministerio del Interior / fichero oficial aportado por el usuario,PRIMARY_INTERIOR
2023J,2023-07-23,51 - Ceuta,VÍA BURGALESA - VB,0,0,Ministerio del Interior / fichero oficial aportado por el usuario,PRIMARY_INTERIOR
2023J,2023-07-23,51 - Ceuta,ZAMORA SÍ - Zsi,0,0,Ministerio del Interior / fichero oficial aportado por el usuario,PRIMARY_INTERIOR
2023J,2023-07-23,52 - Melilla,ADELANTE ANDALUCÍA - ADELANTE ANDALUCÍA,0,0,Ministerio del Interior / fichero oficial aportado por el usuario,PRIMARY_INTERIOR
2023J,2023-07-23,52 - Melilla,AHORA CANARIAS-PARTIDO COMUNISTA DEL PUEBLO CANARIO - AHORA CANARIAS-PCPC,0,0,Ministerio del Interior / fichero oficial aportado por el usuario,PRIMARY_INTERIOR
2023J,2023-07-23,52 - Melilla,ALMERIENSES - REGIONALISTAS PRO ALMERÍA - ALM,0,0,Ministerio del Interior / fichero oficial aportado por el usuario,PRIMARY_INTERIOR
2023J,2023-07-23,52 - Melilla,ARAGÓN EXISTE - COALICIÓN EXISTE - EXISTE,0,0,Ministerio del Interior / fichero oficial aportado por el usuario,PRIMARY_INTERIOR
2023J,2023-07-23,52 - Melilla,ASTURIAS EXISTE-ESPAÑA VACIADA - ASTURIAS EXISTE EV,0,0,Ministerio del Interior / fichero oficial aportado por el usuario,PRIMARY_INTERIOR
2023J,2023-07-23,52 - Melilla,BIDEZKO MUNDURANTZ - PUM+J,0,0,Ministerio del Interior / fichero oficial aportado por el usuario,PRIMARY_INTERIOR
2023J,2023-07-23,52 - Melilla,BLOQUE EXTREMEÑO - BQEX,0,0,Ministerio del Interior / fichero oficial aportado por el usuario,PRIMARY_INTERIOR
2023J,2023-07-23,52 - Melilla,BLOQUE NACIONALISTA GALEGO - B.N.G.,0,0,Ministerio del Interior / fichero oficial aportado por el usuario,PRIMARY_INTERIOR
2023J,2023-07-23,52 - Melilla,CAMINANDO JUNTOS - CJ,0,0,Ministerio del Interior / fichero oficial aportado por el usuario,PRIMARY_INTERIOR
2023J,2023-07-23,52 - Melilla,CANDIDATURA D'UNITAT POPULAR-PER LA RUPTURA - CUP-PR,0,0,Ministerio del Interior / fichero oficial aportado por el usuario,PRIMARY_INTERIOR
2023J,2023-07-23,52 - Melilla,COALICIÓN CANARIA - CCa,0,0,Ministerio del Interior / fichero oficial aportado por el usuario,PRIMARY_INTERIOR
2023J,2023-07-23,52 - Melilla,COALICIÓN DE CENTRO DEMOCRÁTICO - CCD,0,0,Ministerio del Interior / fichero oficial aportado por el usuario,PRIMARY_INTERIOR
2023J,2023-07-23,52 - Melilla,COALICIÓN POR MELILLA - CpM,1298,0,Ministerio del Interior / fichero oficial aportado por el usuario,PRIMARY_INTERIOR
2023J,2023-07-23,52 - Melilla,COMPROMÍS - SUMAR: SUMEM PER GUANYAR - SUMAR - COMPROMÍS,0,0,Ministerio del Interior / fichero oficial aportado por el usuario,PRIMARY_INTERIOR
2023J,2023-07-23,52 - Melilla,ENTRE VEÏNS CATALUNYA - EVC,0,0,Ministerio del Interior / fichero oficial aportado por el usuario,PRIMARY_INTERIOR
2023J,2023-07-23,52 - Melilla,ESCAÑOS EN BLANCO PARA DEJAR ESCAÑOS VACÍOS - ESCAÑOS EN BLANCO,0,0,Ministerio del Interior / fichero oficial aportado por el usuario,PRIMARY_INTERIOR
2023J,2023-07-23,52 - Melilla,ESCONS EN BLANC - ESCONS EN BLANC,0,0,Ministerio del Interior / fichero oficial aportado por el usuario,PRIMARY_INTERIOR
2023J,2023-07-23,52 - Melilla,ESPAÑA VACIADA - ESPAÑA VACIADA,0,0,Ministerio del Interior / fichero oficial aportado por el usuario,PRIMARY_INTERIOR
2023J,2023-07-23,52 - Melilla,ESPAÑA VACIADA-PARTIDO CASTELLANO-TIERRA COMUNERA - EV-PCAS-TC,0,0,Ministerio del Interior / fichero oficial aportado por el usuario,PRIMARY_INTERIOR
2023J,2023-07-23,52 - Melilla,ESQUERRA REPUBLICANA DE CATALUNYA - ERC,0,0,Ministerio del Interior / fichero oficial aportado por el usuario,PRIMARY_INTERIOR
2023J,2023-07-23,52 - Melilla,ESTAT VALENCIÀ DEL BENESTAR - EVB,0,0,Ministerio del Interior / fichero oficial aportado por el usuario,PRIMARY_INTERIOR
2023J,2023-07-23,52 - Melilla,EUSKAL HERRIA BILDU - EH Bildu,0,0,Ministerio del Interior / fichero oficial aportado por el usuario,PRIMARY_INTERIOR
2023J,2023-07-23,52 - Melilla,EUZKO ALDERDI JELTZALEA-PARTIDO NACIONALISTA VASCO - EAJ-PNV,0,0,Ministerio del Interior / fichero oficial aportado por el usuario,PRIMARY_INTERIOR
2023J,2023-07-23,52 - Melilla,FALANGE ESPAÑOLA DE LAS J.O.N.S. - FE de las JONS,0,0,Ministerio del Interior / fichero oficial aportado por el usuario,PRIMARY_INTERIOR
2023J,2023-07-23,52 - Melilla,FEDERACIÓN DE LOS INDEPENDIENTES DE ARAGÓN - F.I.A.,0,0,Ministerio del Interior / fichero oficial aportado por el usuario,PRIMARY_INTERIOR
2023J,2023-07-23,52 - Melilla,FRENTE OBRERO - FO,0,0,Ministerio del Interior / fichero oficial aportado por el usuario,PRIMARY_INTERIOR
2023J,2023-07-23,52 - Melilla,FUERZA CÍVICA - FUERZA CÍVICA,0,0,Ministerio del Interior / fichero oficial aportado por el usuario,PRIMARY_INTERIOR
2023J,2023-07-23,52 - Melilla,GEROA BAI - GBAI,0,0,Ministerio del Interior / fichero oficial aportado por el usuario,PRIMARY_INTERIOR
2023J,2023-07-23,52 - Melilla,GRUPO INDEPENDIENTE PALENCIA TIERRA VIVA - GITV,0,0,Ministerio del Interior / fichero oficial aportado por el usuario,PRIMARY_INTERIOR
2023J,2023-07-23,52 - Melilla,JAÉN MERECE MÁS - JM+,0,0,Ministerio del Interior / fichero oficial aportado por el usuario,PRIMARY_INTERIOR
2023J,2023-07-23,52 - Melilla,JUNTOS POR GRANADA - JxG,0,0,Ministerio del Interior / fichero oficial aportado por el usuario,PRIMARY_INTERIOR
2023J,2023-07-23,52 - Melilla,JUNTS PER CATALUNYA - JUNTS - JxCAT - JUNTS,0,0,Ministerio del Interior / fichero oficial aportado por el usuario,PRIMARY_INTERIOR
2023J,2023-07-23,52 - Melilla,LIBRES - LB,0,0,Ministerio del Interior / fichero oficial aportado por el usuario,PRIMARY_INTERIOR
2023J,2023-07-23,52 - Melilla,NUEVA CANARIAS - BLOQUE CANARISTA - NC-bc,0,0,Ministerio del Interior / fichero oficial aportado por el usuario,PRIMARY_INTERIOR
2023J,2023-07-23,52 - Melilla,PARTIDO ANIMALISTA CON EL MEDIO AMBIENTE - PACMA,160,0,Ministerio del Interior / fichero oficial aportado por el usuario,PRIMARY_INTERIOR
2023J,2023-07-23,52 - Melilla,PARTIDO ARAGONÉS - PAR,0,0,Ministerio del Interior / fichero oficial aportado por el usuario,PRIMARY_INTERIOR
2023J,2023-07-23,52 - Melilla,PARTIDO AUTÓNOMOS - PARTIDO AUTÓNOMOS,0,0,Ministerio del Interior / fichero oficial aportado por el usuario,PRIMARY_INTERIOR
2023J,2023-07-23,52 - Melilla,PARTIDO COMUNISTA DE LOS TRABAJADORES DE ESPAÑA - PCTE,0,0,Ministerio del Interior / fichero oficial aportado por el usuario,PRIMARY_INTERIOR
2023J,2023-07-23,52 - Melilla,PARTIDO COMUNISTA DE LOS TRABAJADORES DE EUSKADI/EUSKADIKO LANGILEEN ALDERDI KOMUNISTA - PCTE/ELAK,0,0,Ministerio del Interior / fichero oficial aportado por el usuario,PRIMARY_INTERIOR
2023J,2023-07-23,52 - Melilla,PARTIDO COMUNISTA DOS TRABALLADORES DE GALIZA - PCTG,0,0,Ministerio del Interior / fichero oficial aportado por el usuario,PRIMARY_INTERIOR
2023J,2023-07-23,52 - Melilla,PARTIDO DOS SOCIALISTAS DE GALICIA-PSOE - PSdeG-PSOE,0,0,Ministerio del Interior / fichero oficial aportado por el usuario,PRIMARY_INTERIOR
2023J,2023-07-23,52 - Melilla,PARTIDO HUMANISTA - PH,0,0,Ministerio del Interior / fichero oficial aportado por el usuario,PRIMARY_INTERIOR
2023J,2023-07-23,52 - Melilla,PARTIDO POPULAR - PP,13446,1,Ministerio del Interior / fichero oficial aportado por el usuario,PRIMARY_INTERIOR
2023J,2023-07-23,52 - Melilla,PARTIDO POPULAR / PARTIT POPULAR - PP,0,0,Ministerio del Interior / fichero oficial aportado por el usuario,PRIMARY_INTERIOR
2023J,2023-07-23,52 - Melilla,PARTIDO REGIONALISTA DEL PAÍS LEONÉS - PREPAL,0,0,Ministerio del Interior / fichero oficial aportado por el usuario,PRIMARY_INTERIOR
2023J,2023-07-23,52 - Melilla,PARTIDO SOCIALISTA DE EUSKADI-EUSKADIKO EZKERRA (PSOE) - PSE-EE (PSOE),0,0,Ministerio del Interior / fichero oficial aportado por el usuario,PRIMARY_INTERIOR
2023J,2023-07-23,52 - Melilla,PARTIDO SOCIALISTA DE ISLAS BALEARES-PSOE - PSIB-PSOE,0,0,Ministerio del Interior / fichero oficial aportado por el usuario,PRIMARY_INTERIOR
2023J,2023-07-23,52 - Melilla,PARTIDO SOCIALISTA DE NAVARRA-PSOE - PSN-PSOE,0,0,Ministerio del Interior / fichero oficial aportado por el usuario,PRIMARY_INTERIOR
2023J,2023-07-23,52 - Melilla,PARTIDO SOCIALISTA OBRERO ESPAÑOL - PSOE,6943,0,Ministerio del Interior / fichero oficial aportado por el usuario,PRIMARY_INTERIOR
2023J,2023-07-23,52 - Melilla,PARTIDO UNIONISTA ESTADO DE ESPAÑA - PUEDE,0,0,Ministerio del Interior / fichero oficial aportado por el usuario,PRIMARY_INTERIOR
2023J,2023-07-23,52 - Melilla,PARTIT ANIMALISTA AMB EL MEDI AMBIENT - PACMA,0,0,Ministerio del Interior / fichero oficial aportado por el usuario,PRIMARY_INTERIOR
2023J,2023-07-23,52 - Melilla,PARTIT COMUNISTA DELS TREBALLADORS DE CATALUNYA - PCTC,0,0,Ministerio del Interior / fichero oficial aportado por el usuario,PRIMARY_INTERIOR
2023J,2023-07-23,52 - Melilla,PARTIT DELS SOCIALISTES DE CATALUNYA (PSC-PSOE) - PSC,0,0,Ministerio del Interior / fichero oficial aportado por el usuario,PRIMARY_INTERIOR
2023J,2023-07-23,52 - Melilla,PARTIT DEMÒCRATA EUROPEU CATALÀ-ESPAI CIU - PDeCAT-E-CiU,0,0,Ministerio del Interior / fichero oficial aportado por el usuario,PRIMARY_INTERIOR
2023J,2023-07-23,52 - Melilla,PARTIT POPULAR / PARTIDO POPULAR - PP,0,0,Ministerio del Interior / fichero oficial aportado por el usuario,PRIMARY_INTERIOR
2023J,2023-07-23,52 - Melilla,POR HUELVA - XH,0,0,Ministerio del Interior / fichero oficial aportado por el usuario,PRIMARY_INTERIOR
2023J,2023-07-23,52 - Melilla,POR MI REGIÓN - POR MI REGIÓN,0,0,Ministerio del Interior / fichero oficial aportado por el usuario,PRIMARY_INTERIOR
2023J,2023-07-23,52 - Melilla,POR UN MUNDO MAIS XUSTO - PUM+J,0,0,Ministerio del Interior / fichero oficial aportado por el usuario,PRIMARY_INTERIOR
2023J,2023-07-23,52 - Melilla,POR UN MUNDO MÁS JUSTO - PUM+J,40,0,Ministerio del Interior / fichero oficial aportado por el usuario,PRIMARY_INTERIOR
2023J,2023-07-23,52 - Melilla,POR ÁVILA - XAV,0,0,Ministerio del Interior / fichero oficial aportado por el usuario,PRIMARY_INTERIOR
2023J,2023-07-23,52 - Melilla,RECORTES CERO - RECORTES CERO,23,0,Ministerio del Interior / fichero oficial aportado por el usuario,PRIMARY_INTERIOR
2023J,2023-07-23,52 - Melilla,REFERÉNDUM SISTEMA DINERO - +RDS+,0,0,Ministerio del Interior / fichero oficial aportado por el usuario,PRIMARY_INTERIOR
2023J,2023-07-23,52 - Melilla,SOMOS CÁCERES - Somos Cc,0,0,Ministerio del Interior / fichero oficial aportado por el usuario,PRIMARY_INTERIOR
2023J,2023-07-23,52 - Melilla,SORIA ¡YA! - SY,0,0,Ministerio del Interior / fichero oficial aportado por el usuario,PRIMARY_INTERIOR
2023J,2023-07-23,52 - Melilla,SUMAR - EN COMÚ PODEM - SUMAR - ECP,0,0,Ministerio del Interior / fichero oficial aportado por el usuario,PRIMARY_INTERIOR
2023J,2023-07-23,52 - Melilla,SUMAR - SUMAR,827,0,Ministerio del Interior / fichero oficial aportado por el usuario,PRIMARY_INTERIOR
2023J,2023-07-23,52 - Melilla,SUMAR ANDALUCÍA - SUMAR,0,0,Ministerio del Interior / fichero oficial aportado por el usuario,PRIMARY_INTERIOR
2023J,2023-07-23,52 - Melilla,SUMAR ARAGÓN - SUMAR ARAGÓN,0,0,Ministerio del Interior / fichero oficial aportado por el usuario,PRIMARY_INTERIOR
2023J,2023-07-23,52 - Melilla,SUMAR CANARIAS - SUMAR,0,0,Ministerio del Interior / fichero oficial aportado por el usuario,PRIMARY_INTERIOR
2023J,2023-07-23,52 - Melilla,SUMAR GALICIA - SUMAR,0,0,Ministerio del Interior / fichero oficial aportado por el usuario,PRIMARY_INTERIOR
2023J,2023-07-23,52 - Melilla,SUMAR MÉS - MÉS PER MALLORCA-MÉS PER MENORCA-SUMAR,0,0,Ministerio del Interior / fichero oficial aportado por el usuario,PRIMARY_INTERIOR
2023J,2023-07-23,52 - Melilla,TERCERA EDAD EN ACCIÓN - 3e,0,0,Ministerio del Interior / fichero oficial aportado por el usuario,PRIMARY_INTERIOR
2023J,2023-07-23,52 - Melilla,TERUEL EXISTE - COALICIÓN EXISTE - EXISTE,0,0,Ministerio del Interior / fichero oficial aportado por el usuario,PRIMARY_INTERIOR
2023J,2023-07-23,52 - Melilla,UNIDAD CASTELLANA - Ud.Ca,0,0,Ministerio del Interior / fichero oficial aportado por el usuario,PRIMARY_INTERIOR
2023J,2023-07-23,52 - Melilla,UNIDOS POR LA SOLIDARIDAD INTERNACIONAL - UNIDOS SI,0,0,Ministerio del Interior / fichero oficial aportado por el usuario,PRIMARY_INTERIOR
2023J,2023-07-23,52 - Melilla,UNION DEL PUEBLO NAVARRO - U.P.N.,0,0,Ministerio del Interior / fichero oficial aportado por el usuario,PRIMARY_INTERIOR
2023J,2023-07-23,52 - Melilla,UNIÓN DEL PUEBLO LEONÉS - U.P.L.,0,0,Ministerio del Interior / fichero oficial aportado por el usuario,PRIMARY_INTERIOR
2023J,2023-07-23,52 - Melilla,VAMOS PALENCIA - VP,0,0,Ministerio del Interior / fichero oficial aportado por el usuario,PRIMARY_INTERIOR
2023J,2023-07-23,52 - Melilla,VOX - VOX,4359,0,Ministerio del Interior / fichero oficial aportado por el usuario,PRIMARY_INTERIOR
2023J,2023-07-23,52 - Melilla,VÍA BURGALESA - VB,0,0,Ministerio del Interior / fichero oficial aportado por el usuario,PRIMARY_INTERIOR
2023J,2023-07-23,52 - Melilla,ZAMORA SÍ - Zsi,0,0,Ministerio del Interior / fichero oficial aportado por el usuario,PRIMARY_INTERIOR
2023J,2023-07-23,6 - Badajoz,ADELANTE ANDALUCÍA - ADELANTE ANDALUCÍA,0,0,Ministerio del Interior / fichero oficial aportado por el usuario,PRIMARY_INTERIOR
2023J,2023-07-23,6 - Badajoz,AHORA CANARIAS-PARTIDO COMUNISTA DEL PUEBLO CANARIO - AHORA CANARIAS-PCPC,0,0,Ministerio del Interior / fichero oficial aportado por el usuario,PRIMARY_INTERIOR
2023J,2023-07-23,6 - Badajoz,ALMERIENSES - REGIONALISTAS PRO ALMERÍA - ALM,0,0,Ministerio del Interior / fichero oficial aportado por el usuario,PRIMARY_INTERIOR
2023J,2023-07-23,6 - Badajoz,ARAGÓN EXISTE - COALICIÓN EXISTE - EXISTE,0,0,Ministerio del Interior / fichero oficial aportado por el usuario,PRIMARY_INTERIOR
2023J,2023-07-23,6 - Badajoz,ASTURIAS EXISTE-ESPAÑA VACIADA - ASTURIAS EXISTE EV,0,0,Ministerio del Interior / fichero oficial aportado por el usuario,PRIMARY_INTERIOR
2023J,2023-07-23,6 - Badajoz,BIDEZKO MUNDURANTZ - PUM+J,0,0,Ministerio del Interior / fichero oficial aportado por el usuario,PRIMARY_INTERIOR
2023J,2023-07-23,6 - Badajoz,BLOQUE EXTREMEÑO - BQEX,3885,0,Ministerio del Interior / fichero oficial aportado por el usuario,PRIMARY_INTERIOR
2023J,2023-07-23,6 - Badajoz,BLOQUE NACIONALISTA GALEGO - B.N.G.,0,0,Ministerio del Interior / fichero oficial aportado por el usuario,PRIMARY_INTERIOR
2023J,2023-07-23,6 - Badajoz,CAMINANDO JUNTOS - CJ,0,0,Ministerio del Interior / fichero oficial aportado por el usuario,PRIMARY_INTERIOR
2023J,2023-07-23,6 - Badajoz,CANDIDATURA D'UNITAT POPULAR-PER LA RUPTURA - CUP-PR,0,0,Ministerio del Interior / fichero oficial aportado por el usuario,PRIMARY_INTERIOR
2023J,2023-07-23,6 - Badajoz,COALICIÓN CANARIA - CCa,0,0,Ministerio del Interior / fichero oficial aportado por el usuario,PRIMARY_INTERIOR
2023J,2023-07-23,6 - Badajoz,COALICIÓN DE CENTRO DEMOCRÁTICO - CCD,0,0,Ministerio del Interior / fichero oficial aportado por el usuario,PRIMARY_INTERIOR
2023J,2023-07-23,6 - Badajoz,COALICIÓN POR MELILLA - CpM,0,0,Ministerio del Interior / fichero oficial aportado por el usuario,PRIMARY_INTERIOR
2023J,2023-07-23,6 - Badajoz,COMPROMÍS - SUMAR: SUMEM PER GUANYAR - SUMAR - COMPROMÍS,0,0,Ministerio del Interior / fichero oficial aportado por el usuario,PRIMARY_INTERIOR
2023J,2023-07-23,6 - Badajoz,ENTRE VEÏNS CATALUNYA - EVC,0,0,Ministerio del Interior / fichero oficial aportado por el usuario,PRIMARY_INTERIOR
2023J,2023-07-23,6 - Badajoz,ESCAÑOS EN BLANCO PARA DEJAR ESCAÑOS VACÍOS - ESCAÑOS EN BLANCO,0,0,Ministerio del Interior / fichero oficial aportado por el usuario,PRIMARY_INTERIOR
2023J,2023-07-23,6 - Badajoz,ESCONS EN BLANC - ESCONS EN BLANC,0,0,Ministerio del Interior / fichero oficial aportado por el usuario,PRIMARY_INTERIOR
2023J,2023-07-23,6 - Badajoz,ESPAÑA VACIADA - ESPAÑA VACIADA,0,0,Ministerio del Interior / fichero oficial aportado por el usuario,PRIMARY_INTERIOR
2023J,2023-07-23,6 - Badajoz,ESPAÑA VACIADA-PARTIDO CASTELLANO-TIERRA COMUNERA - EV-PCAS-TC,0,0,Ministerio del Interior / fichero oficial aportado por el usuario,PRIMARY_INTERIOR
2023J,2023-07-23,6 - Badajoz,ESQUERRA REPUBLICANA DE CATALUNYA - ERC,0,0,Ministerio del Interior / fichero oficial aportado por el usuario,PRIMARY_INTERIOR
2023J,2023-07-23,6 - Badajoz,ESTAT VALENCIÀ DEL BENESTAR - EVB,0,0,Ministerio del Interior / fichero oficial aportado por el usuario,PRIMARY_INTERIOR
2023J,2023-07-23,6 - Badajoz,EUSKAL HERRIA BILDU - EH Bildu,0,0,Ministerio del Interior / fichero oficial aportado por el usuario,PRIMARY_INTERIOR
2023J,2023-07-23,6 - Badajoz,EUZKO ALDERDI JELTZALEA-PARTIDO NACIONALISTA VASCO - EAJ-PNV,0,0,Ministerio del Interior / fichero oficial aportado por el usuario,PRIMARY_INTERIOR
2023J,2023-07-23,6 - Badajoz,FALANGE ESPAÑOLA DE LAS J.O.N.S. - FE de las JONS,0,0,Ministerio del Interior / fichero oficial aportado por el usuario,PRIMARY_INTERIOR
2023J,2023-07-23,6 - Badajoz,FEDERACIÓN DE LOS INDEPENDIENTES DE ARAGÓN - F.I.A.,0,0,Ministerio del Interior / fichero oficial aportado por el usuario,PRIMARY_INTERIOR
2023J,2023-07-23,6 - Badajoz,FRENTE OBRERO - FO,477,0,Ministerio del Interior / fichero oficial aportado por el usuario,PRIMARY_INTERIOR
2023J,2023-07-23,6 - Badajoz,FUERZA CÍVICA - FUERZA CÍVICA,0,0,Ministerio del Interior / fichero oficial aportado por el usuario,PRIMARY_INTERIOR
2023J,2023-07-23,6 - Badajoz,GEROA BAI - GBAI,0,0,Ministerio del Interior / fichero oficial aportado por el usuario,PRIMARY_INTERIOR
2023J,2023-07-23,6 - Badajoz,GRUPO INDEPENDIENTE PALENCIA TIERRA VIVA - GITV,0,0,Ministerio del Interior / fichero oficial aportado por el usuario,PRIMARY_INTERIOR
2023J,2023-07-23,6 - Badajoz,JAÉN MERECE MÁS - JM+,0,0,Ministerio del Interior / fichero oficial aportado por el usuario,PRIMARY_INTERIOR
2023J,2023-07-23,6 - Badajoz,JUNTOS POR GRANADA - JxG,0,0,Ministerio del Interior / fichero oficial aportado por el usuario,PRIMARY_INTERIOR
2023J,2023-07-23,6 - Badajoz,JUNTS PER CATALUNYA - JUNTS - JxCAT - JUNTS,0,0,Ministerio del Interior / fichero oficial aportado por el usuario,PRIMARY_INTERIOR
2023J,2023-07-23,6 - Badajoz,LIBRES - LB,0,0,Ministerio del Interior / fichero oficial aportado por el usuario,PRIMARY_INTERIOR
2023J,2023-07-23,6 - Badajoz,NUEVA CANARIAS - BLOQUE CANARISTA - NC-bc,0,0,Ministerio del Interior / fichero oficial aportado por el usuario,PRIMARY_INTERIOR
2023J,2023-07-23,6 - Badajoz,PARTIDO ANIMALISTA CON EL MEDIO AMBIENTE - PACMA,1395,0,Ministerio del Interior / fichero oficial aportado por el usuario,PRIMARY_INTERIOR
2023J,2023-07-23,6 - Badajoz,PARTIDO ARAGONÉS - PAR,0,0,Ministerio del Interior / fichero oficial aportado por el usuario,PRIMARY_INTERIOR
2023J,2023-07-23,6 - Badajoz,PARTIDO AUTÓNOMOS - PARTIDO AUTÓNOMOS,0,0,Ministerio del Interior / fichero oficial aportado por el usuario,PRIMARY_INTERIOR
2023J,2023-07-23,6 - Badajoz,PARTIDO COMUNISTA DE LOS TRABAJADORES DE ESPAÑA - PCTE,0,0,Ministerio del Interior / fichero oficial aportado por el usuario,PRIMARY_INTERIOR
2023J,2023-07-23,6 - Badajoz,PARTIDO COMUNISTA DE LOS TRABAJADORES DE EUSKADI/EUSKADIKO LANGILEEN ALDERDI KOMUNISTA - PCTE/ELAK,0,0,Ministerio del Interior / fichero oficial aportado por el usuario,PRIMARY_INTERIOR
2023J,2023-07-23,6 - Badajoz,PARTIDO COMUNISTA DOS TRABALLADORES DE GALIZA - PCTG,0,0,Ministerio del Interior / fichero oficial aportado por el usuario,PRIMARY_INTERIOR
2023J,2023-07-23,6 - Badajoz,PARTIDO DOS SOCIALISTAS DE GALICIA-PSOE - PSdeG-PSOE,0,0,Ministerio del Interior / fichero oficial aportado por el usuario,PRIMARY_INTERIOR
2023J,2023-07-23,6 - Badajoz,PARTIDO HUMANISTA - PH,0,0,Ministerio del Interior / fichero oficial aportado por el usuario,PRIMARY_INTERIOR
2023J,2023-07-23,6 - Badajoz,PARTIDO POPULAR - PP,148068,2,Ministerio del Interior / fichero oficial aportado por el usuario,PRIMARY_INTERIOR
2023J,2023-07-23,6 - Badajoz,PARTIDO POPULAR / PARTIT POPULAR - PP,0,0,Ministerio del Interior / fichero oficial aportado por el usuario,PRIMARY_INTERIOR
2023J,2023-07-23,6 - Badajoz,PARTIDO REGIONALISTA DEL PAÍS LEONÉS - PREPAL,0,0,Ministerio del Interior / fichero oficial aportado por el usuario,PRIMARY_INTERIOR
2023J,2023-07-23,6 - Badajoz,PARTIDO SOCIALISTA DE EUSKADI-EUSKADIKO EZKERRA (PSOE) - PSE-EE (PSOE),0,0,Ministerio del Interior / fichero oficial aportado por el usuario,PRIMARY_INTERIOR
2023J,2023-07-23,6 - Badajoz,PARTIDO SOCIALISTA DE ISLAS BALEARES-PSOE - PSIB-PSOE,0,0,Ministerio del Interior / fichero oficial aportado por el usuario,PRIMARY_INTERIOR
2023J,2023-07-23,6 - Badajoz,PARTIDO SOCIALISTA DE NAVARRA-PSOE - PSN-PSOE,0,0,Ministerio del Interior / fichero oficial aportado por el usuario,PRIMARY_INTERIOR
2023J,2023-07-23,6 - Badajoz,PARTIDO SOCIALISTA OBRERO ESPAÑOL - PSOE,153473,2,Ministerio del Interior / fichero oficial aportado por el usuario,PRIMARY_INTERIOR
2023J,2023-07-23,6 - Badajoz,PARTIDO UNIONISTA ESTADO DE ESPAÑA - PUEDE,0,0,Ministerio del Interior / fichero oficial aportado por el usuario,PRIMARY_INTERIOR
2023J,2023-07-23,6 - Badajoz,PARTIT ANIMALISTA AMB EL MEDI AMBIENT - PACMA,0,0,Ministerio del Interior / fichero oficial aportado por el usuario,PRIMARY_INTERIOR
2023J,2023-07-23,6 - Badajoz,PARTIT COMUNISTA DELS TREBALLADORS DE CATALUNYA - PCTC,0,0,Ministerio del Interior / fichero oficial aportado por el usuario,PRIMARY_INTERIOR
2023J,2023-07-23,6 - Badajoz,PARTIT DELS SOCIALISTES DE CATALUNYA (PSC-PSOE) - PSC,0,0,Ministerio del Interior / fichero oficial aportado por el usuario,PRIMARY_INTERIOR
2023J,2023-07-23,6 - Badajoz,PARTIT DEMÒCRATA EUROPEU CATALÀ-ESPAI CIU - PDeCAT-E-CiU,0,0,Ministerio del Interior / fichero oficial aportado por el usuario,PRIMARY_INTERIOR
2023J,2023-07-23,6 - Badajoz,PARTIT POPULAR / PARTIDO POPULAR - PP,0,0,Ministerio del Interior / fichero oficial aportado por el usuario,PRIMARY_INTERIOR
2023J,2023-07-23,6 - Badajoz,POR HUELVA - XH,0,0,Ministerio del Interior / fichero oficial aportado por el usuario,PRIMARY_INTERIOR
2023J,2023-07-23,6 - Badajoz,POR MI REGIÓN - POR MI REGIÓN,0,0,Ministerio del Interior / fichero oficial aportado por el usuario,PRIMARY_INTERIOR
2023J,2023-07-23,6 - Badajoz,POR UN MUNDO MAIS XUSTO - PUM+J,0,0,Ministerio del Interior / fichero oficial aportado por el usuario,PRIMARY_INTERIOR
2023J,2023-07-23,6 - Badajoz,POR UN MUNDO MÁS JUSTO - PUM+J,464,0,Ministerio del Interior / fichero oficial aportado por el usuario,PRIMARY_INTERIOR
2023J,2023-07-23,6 - Badajoz,POR ÁVILA - XAV,0,0,Ministerio del Interior / fichero oficial aportado por el usuario,PRIMARY_INTERIOR
2023J,2023-07-23,6 - Badajoz,RECORTES CERO - RECORTES CERO,204,0,Ministerio del Interior / fichero oficial aportado por el usuario,PRIMARY_INTERIOR
2023J,2023-07-23,6 - Badajoz,REFERÉNDUM SISTEMA DINERO - +RDS+,0,0,Ministerio del Interior / fichero oficial aportado por el usuario,PRIMARY_INTERIOR
2023J,2023-07-23,6 - Badajoz,SOMOS CÁCERES - Somos Cc,0,0,Ministerio del Interior / fichero oficial aportado por el usuario,PRIMARY_INTERIOR
2023J,2023-07-23,6 - Badajoz,SORIA ¡YA! - SY,0,0,Ministerio del Interior / fichero oficial aportado por el usuario,PRIMARY_INTERIOR
2023J,2023-07-23,6 - Badajoz,SUMAR - EN COMÚ PODEM - SUMAR - ECP,0,0,Ministerio del Interior / fichero oficial aportado por el usuario,PRIMARY_INTERIOR
2023J,2023-07-23,6 - Badajoz,SUMAR - SUMAR,26778,0,Ministerio del Interior / fichero oficial aportado por el usuario,PRIMARY_INTERIOR
2023J,2023-07-23,6 - Badajoz,SUMAR ANDALUCÍA - SUMAR,0,0,Ministerio del Interior / fichero oficial aportado por el usuario,PRIMARY_INTERIOR
2023J,2023-07-23,6 - Badajoz,SUMAR ARAGÓN - SUMAR ARAGÓN,0,0,Ministerio del Interior / fichero oficial aportado por el usuario,PRIMARY_INTERIOR
2023J,2023-07-23,6 - Badajoz,SUMAR CANARIAS - SUMAR,0,0,Ministerio del Interior / fichero oficial aportado por el usuario,PRIMARY_INTERIOR
2023J,2023-07-23,6 - Badajoz,SUMAR GALICIA - SUMAR,0,0,Ministerio del Interior / fichero oficial aportado por el usuario,PRIMARY_INTERIOR
2023J,2023-07-23,6 - Badajoz,SUMAR MÉS - MÉS PER MALLORCA-MÉS PER MENORCA-SUMAR,0,0,Ministerio del Interior / fichero oficial aportado por el usuario,PRIMARY_INTERIOR
2023J,2023-07-23,6 - Badajoz,TERCERA EDAD EN ACCIÓN - 3e,0,0,Ministerio del Interior / fichero oficial aportado por el usuario,PRIMARY_INTERIOR
2023J,2023-07-23,6 - Badajoz,TERUEL EXISTE - COALICIÓN EXISTE - EXISTE,0,0,Ministerio del Interior / fichero oficial aportado por el usuario,PRIMARY_INTERIOR
2023J,2023-07-23,6 - Badajoz,UNIDAD CASTELLANA - Ud.Ca,0,0,Ministerio del Interior / fichero oficial aportado por el usuario,PRIMARY_INTERIOR
2023J,2023-07-23,6 - Badajoz,UNIDOS POR LA SOLIDARIDAD INTERNACIONAL - UNIDOS SI,0,0,Ministerio del Interior / fichero oficial aportado por el usuario,PRIMARY_INTERIOR
2023J,2023-07-23,6 - Badajoz,UNION DEL PUEBLO NAVARRO - U.P.N.,0,0,Ministerio del Interior / fichero oficial aportado por el usuario,PRIMARY_INTERIOR
2023J,2023-07-23,6 - Badajoz,UNIÓN DEL PUEBLO LEONÉS - U.P.L.,0,0,Ministerio del Interior / fichero oficial aportado por el usuario,PRIMARY_INTERIOR
2023J,2023-07-23,6 - Badajoz,VAMOS PALENCIA - VP,0,0,Ministerio del Interior / fichero oficial aportado por el usuario,PRIMARY_INTERIOR
2023J,2023-07-23,6 - Badajoz,VOX - VOX,53492,1,Ministerio del Interior / fichero oficial aportado por el usuario,PRIMARY_INTERIOR
2023J,2023-07-23,6 - Badajoz,VÍA BURGALESA - VB,0,0,Ministerio del Interior / fichero oficial aportado por el usuario,PRIMARY_INTERIOR
2023J,2023-07-23,6 - Badajoz,ZAMORA SÍ - Zsi,0,0,Ministerio del Interior / fichero oficial aportado por el usuario,PRIMARY_INTERIOR
2023J,2023-07-23,"7 - Balears, Illes",ADELANTE ANDALUCÍA - ADELANTE ANDALUCÍA,0,0,Ministerio del Interior / fichero oficial aportado por el usuario,PRIMARY_INTERIOR
2023J,2023-07-23,"7 - Balears, Illes",AHORA CANARIAS-PARTIDO COMUNISTA DEL PUEBLO CANARIO - AHORA CANARIAS-PCPC,0,0,Ministerio del Interior / fichero oficial aportado por el usuario,PRIMARY_INTERIOR
2023J,2023-07-23,"7 - Balears, Illes",ALMERIENSES - REGIONALISTAS PRO ALMERÍA - ALM,0,0,Ministerio del Interior / fichero oficial aportado por el usuario,PRIMARY_INTERIOR
2023J,2023-07-23,"7 - Balears, Illes",ARAGÓN EXISTE - COALICIÓN EXISTE - EXISTE,0,0,Ministerio del Interior / fichero oficial aportado por el usuario,PRIMARY_INTERIOR
2023J,2023-07-23,"7 - Balears, Illes",ASTURIAS EXISTE-ESPAÑA VACIADA - ASTURIAS EXISTE EV,0,0,Ministerio del Interior / fichero oficial aportado por el usuario,PRIMARY_INTERIOR
2023J,2023-07-23,"7 - Balears, Illes",BIDEZKO MUNDURANTZ - PUM+J,0,0,Ministerio del Interior / fichero oficial aportado por el usuario,PRIMARY_INTERIOR
2023J,2023-07-23,"7 - Balears, Illes",BLOQUE EXTREMEÑO - BQEX,0,0,Ministerio del Interior / fichero oficial aportado por el usuario,PRIMARY_INTERIOR
2023J,2023-07-23,"7 - Balears, Illes",BLOQUE NACIONALISTA GALEGO - B.N.G.,0,0,Ministerio del Interior / fichero oficial aportado por el usuario,PRIMARY_INTERIOR
2023J,2023-07-23,"7 - Balears, Illes",CAMINANDO JUNTOS - CJ,0,0,Ministerio del Interior / fichero oficial aportado por el usuario,PRIMARY_INTERIOR
2023J,2023-07-23,"7 - Balears, Illes",CANDIDATURA D'UNITAT POPULAR-PER LA RUPTURA - CUP-PR,0,0,Ministerio del Interior / fichero oficial aportado por el usuario,PRIMARY_INTERIOR
2023J,2023-07-23,"7 - Balears, Illes",COALICIÓN CANARIA - CCa,0,0,Ministerio del Interior / fichero oficial aportado por el usuario,PRIMARY_INTERIOR
2023J,2023-07-23,"7 - Balears, Illes",COALICIÓN DE CENTRO DEMOCRÁTICO - CCD,0,0,Ministerio del Interior / fichero oficial aportado por el usuario,PRIMARY_INTERIOR
2023J,2023-07-23,"7 - Balears, Illes",COALICIÓN POR MELILLA - CpM,0,0,Ministerio del Interior / fichero oficial aportado por el usuario,PRIMARY_INTERIOR
2023J,2023-07-23,"7 - Balears, Illes",COMPROMÍS - SUMAR: SUMEM PER GUANYAR - SUMAR - COMPROMÍS,0,0,Ministerio del Interior / fichero oficial aportado por el usuario,PRIMARY_INTERIOR
2023J,2023-07-23,"7 - Balears, Illes",ENTRE VEÏNS CATALUNYA - EVC,0,0,Ministerio del Interior / fichero oficial aportado por el usuario,PRIMARY_INTERIOR
2023J,2023-07-23,"7 - Balears, Illes",ESCAÑOS EN BLANCO PARA DEJAR ESCAÑOS VACÍOS - ESCAÑOS EN BLANCO,0,0,Ministerio del Interior / fichero oficial aportado por el usuario,PRIMARY_INTERIOR
2023J,2023-07-23,"7 - Balears, Illes",ESCONS EN BLANC - ESCONS EN BLANC,0,0,Ministerio del Interior / fichero oficial aportado por el usuario,PRIMARY_INTERIOR
2023J,2023-07-23,"7 - Balears, Illes",ESPAÑA VACIADA - ESPAÑA VACIADA,0,0,Ministerio del Interior / fichero oficial aportado por el usuario,PRIMARY_INTERIOR
2023J,2023-07-23,"7 - Balears, Illes",ESPAÑA VACIADA-PARTIDO CASTELLANO-TIERRA COMUNERA - EV-PCAS-TC,0,0,Ministerio del Interior / fichero oficial aportado por el usuario,PRIMARY_INTERIOR
2023J,2023-07-23,"7 - Balears, Illes",ESQUERRA REPUBLICANA DE CATALUNYA - ERC,0,0,Ministerio del Interior / fichero oficial aportado por el usuario,PRIMARY_INTERIOR
2023J,2023-07-23,"7 - Balears, Illes",ESTAT VALENCIÀ DEL BENESTAR - EVB,0,0,Ministerio del Interior / fichero oficial aportado por el usuario,PRIMARY_INTERIOR
2023J,2023-07-23,"7 - Balears, Illes",EUSKAL HERRIA BILDU - EH Bildu,0,0,Ministerio del Interior / fichero oficial aportado por el usuario,PRIMARY_INTERIOR
2023J,2023-07-23,"7 - Balears, Illes",EUZKO ALDERDI JELTZALEA-PARTIDO NACIONALISTA VASCO - EAJ-PNV,0,0,Ministerio del Interior / fichero oficial aportado por el usuario,PRIMARY_INTERIOR
2023J,2023-07-23,"7 - Balears, Illes",FALANGE ESPAÑOLA DE LAS J.O.N.S. - FE de las JONS,0,0,Ministerio del Interior / fichero oficial aportado por el usuario,PRIMARY_INTERIOR
2023J,2023-07-23,"7 - Balears, Illes",FEDERACIÓN DE LOS INDEPENDIENTES DE ARAGÓN - F.I.A.,0,0,Ministerio del Interior / fichero oficial aportado por el usuario,PRIMARY_INTERIOR
2023J,2023-07-23,"7 - Balears, Illes",FRENTE OBRERO - FO,1039,0,Ministerio del Interior / fichero oficial aportado por el usuario,PRIMARY_INTERIOR
2023J,2023-07-23,"7 - Balears, Illes",FUERZA CÍVICA - FUERZA CÍVICA,0,0,Ministerio del Interior / fichero oficial aportado por el usuario,PRIMARY_INTERIOR
2023J,2023-07-23,"7 - Balears, Illes",GEROA BAI - GBAI,0,0,Ministerio del Interior / fichero oficial aportado por el usuario,PRIMARY_INTERIOR
2023J,2023-07-23,"7 - Balears, Illes",GRUPO INDEPENDIENTE PALENCIA TIERRA VIVA - GITV,0,0,Ministerio del Interior / fichero oficial aportado por el usuario,PRIMARY_INTERIOR
2023J,2023-07-23,"7 - Balears, Illes",JAÉN MERECE MÁS - JM+,0,0,Ministerio del Interior / fichero oficial aportado por el usuario,PRIMARY_INTERIOR
2023J,2023-07-23,"7 - Balears, Illes",JUNTOS POR GRANADA - JxG,0,0,Ministerio del Interior / fichero oficial aportado por el usuario,PRIMARY_INTERIOR
2023J,2023-07-23,"7 - Balears, Illes",JUNTS PER CATALUNYA - JUNTS - JxCAT - JUNTS,0,0,Ministerio del Interior / fichero oficial aportado por el usuario,PRIMARY_INTERIOR
2023J,2023-07-23,"7 - Balears, Illes",LIBRES - LB,0,0,Ministerio del Interior / fichero oficial aportado por el usuario,PRIMARY_INTERIOR
2023J,2023-07-23,"7 - Balears, Illes",NUEVA CANARIAS - BLOQUE CANARISTA - NC-bc,0,0,Ministerio del Interior / fichero oficial aportado por el usuario,PRIMARY_INTERIOR
2023J,2023-07-23,"7 - Balears, Illes",PARTIDO ANIMALISTA CON EL MEDIO AMBIENTE - PACMA,4969,0,Ministerio del Interior / fichero oficial aportado por el usuario,PRIMARY_INTERIOR
2023J,2023-07-23,"7 - Balears, Illes",PARTIDO ARAGONÉS - PAR,0,0,Ministerio del Interior / fichero oficial aportado por el usuario,PRIMARY_INTERIOR
2023J,2023-07-23,"7 - Balears, Illes",PARTIDO AUTÓNOMOS - PARTIDO AUTÓNOMOS,0,0,Ministerio del Interior / fichero oficial aportado por el usuario,PRIMARY_INTERIOR
2023J,2023-07-23,"7 - Balears, Illes",PARTIDO COMUNISTA DE LOS TRABAJADORES DE ESPAÑA - PCTE,719,0,Ministerio del Interior / fichero oficial aportado por el usuario,PRIMARY_INTERIOR
2023J,2023-07-23,"7 - Balears, Illes",PARTIDO COMUNISTA DE LOS TRABAJADORES DE EUSKADI/EUSKADIKO LANGILEEN ALDERDI KOMUNISTA - PCTE/ELAK,0,0,Ministerio del Interior / fichero oficial aportado por el usuario,PRIMARY_INTERIOR
2023J,2023-07-23,"7 - Balears, Illes",PARTIDO COMUNISTA DOS TRABALLADORES DE GALIZA - PCTG,0,0,Ministerio del Interior / fichero oficial aportado por el usuario,PRIMARY_INTERIOR
2023J,2023-07-23,"7 - Balears, Illes",PARTIDO DOS SOCIALISTAS DE GALICIA-PSOE - PSdeG-PSOE,0,0,Ministerio del Interior / fichero oficial aportado por el usuario,PRIMARY_INTERIOR
2023J,2023-07-23,"7 - Balears, Illes",PARTIDO HUMANISTA - PH,0,0,Ministerio del Interior / fichero oficial aportado por el usuario,PRIMARY_INTERIOR
2023J,2023-07-23,"7 - Balears, Illes",PARTIDO POPULAR - PP,179303,3,Ministerio del Interior / fichero oficial aportado por el usuario,PRIMARY_INTERIOR
2023J,2023-07-23,"7 - Balears, Illes",PARTIDO POPULAR / PARTIT POPULAR - PP,0,0,Ministerio del Interior / fichero oficial aportado por el usuario,PRIMARY_INTERIOR
2023J,2023-07-23,"7 - Balears, Illes",PARTIDO REGIONALISTA DEL PAÍS LEONÉS - PREPAL,0,0,Ministerio del Interior / fichero oficial aportado por el usuario,PRIMARY_INTERIOR
2023J,2023-07-23,"7 - Balears, Illes",PARTIDO SOCIALISTA DE EUSKADI-EUSKADIKO EZKERRA (PSOE) - PSE-EE (PSOE),0,0,Ministerio del Interior / fichero oficial aportado por el usuario,PRIMARY_INTERIOR
2023J,2023-07-23,"7 - Balears, Illes",PARTIDO SOCIALISTA DE ISLAS BALEARES-PSOE - PSIB-PSOE,151786,3,Ministerio del Interior / fichero oficial aportado por el usuario,PRIMARY_INTERIOR
2023J,2023-07-23,"7 - Balears, Illes",PARTIDO SOCIALISTA DE NAVARRA-PSOE - PSN-PSOE,0,0,Ministerio del Interior / fichero oficial aportado por el usuario,PRIMARY_INTERIOR
2023J,2023-07-23,"7 - Balears, Illes",PARTIDO SOCIALISTA OBRERO ESPAÑOL - PSOE,0,0,Ministerio del Interior / fichero oficial aportado por el usuario,PRIMARY_INTERIOR
2023J,2023-07-23,"7 - Balears, Illes",PARTIDO UNIONISTA ESTADO DE ESPAÑA - PUEDE,0,0,Ministerio del Interior / fichero oficial aportado por el usuario,PRIMARY_INTERIOR
2023J,2023-07-23,"7 - Balears, Illes",PARTIT ANIMALISTA AMB EL MEDI AMBIENT - PACMA,0,0,Ministerio del Interior / fichero oficial aportado por el usuario,PRIMARY_INTERIOR
2023J,2023-07-23,"7 - Balears, Illes",PARTIT COMUNISTA DELS TREBALLADORS DE CATALUNYA - PCTC,0,0,Ministerio del Interior / fichero oficial aportado por el usuario,PRIMARY_INTERIOR
2023J,2023-07-23,"7 - Balears, Illes",PARTIT DELS SOCIALISTES DE CATALUNYA (PSC-PSOE) - PSC,0,0,Ministerio del Interior / fichero oficial aportado por el usuario,PRIMARY_INTERIOR
2023J,2023-07-23,"7 - Balears, Illes",PARTIT DEMÒCRATA EUROPEU CATALÀ-ESPAI CIU - PDeCAT-E-CiU,0,0,Ministerio del Interior / fichero oficial aportado por el usuario,PRIMARY_INTERIOR
2023J,2023-07-23,"7 - Balears, Illes",PARTIT POPULAR / PARTIDO POPULAR - PP,0,0,Ministerio del Interior / fichero oficial aportado por el usuario,PRIMARY_INTERIOR
2023J,2023-07-23,"7 - Balears, Illes",POR HUELVA - XH,0,0,Ministerio del Interior / fichero oficial aportado por el usuario,PRIMARY_INTERIOR
2023J,2023-07-23,"7 - Balears, Illes",POR MI REGIÓN - POR MI REGIÓN,0,0,Ministerio del Interior / fichero oficial aportado por el usuario,PRIMARY_INTERIOR
2023J,2023-07-23,"7 - Balears, Illes",POR UN MUNDO MAIS XUSTO - PUM+J,0,0,Ministerio del Interior / fichero oficial aportado por el usuario,PRIMARY_INTERIOR
2023J,2023-07-23,"7 - Balears, Illes",POR UN MUNDO MÁS JUSTO - PUM+J,0,0,Ministerio del Interior / fichero oficial aportado por el usuario,PRIMARY_INTERIOR
2023J,2023-07-23,"7 - Balears, Illes",POR ÁVILA - XAV,0,0,Ministerio del Interior / fichero oficial aportado por el usuario,PRIMARY_INTERIOR
2023J,2023-07-23,"7 - Balears, Illes",RECORTES CERO - RECORTES CERO,726,0,Ministerio del Interior / fichero oficial aportado por el usuario,PRIMARY_INTERIOR
2023J,2023-07-23,"7 - Balears, Illes",REFERÉNDUM SISTEMA DINERO - +RDS+,0,0,Ministerio del Interior / fichero oficial aportado por el usuario,PRIMARY_INTERIOR
2023J,2023-07-23,"7 - Balears, Illes",SOMOS CÁCERES - Somos Cc,0,0,Ministerio del Interior / fichero oficial aportado por el usuario,PRIMARY_INTERIOR
2023J,2023-07-23,"7 - Balears, Illes",SORIA ¡YA! - SY,0,0,Ministerio del Interior / fichero oficial aportado por el usuario,PRIMARY_INTERIOR
2023J,2023-07-23,"7 - Balears, Illes",SUMAR - EN COMÚ PODEM - SUMAR - ECP,0,0,Ministerio del Interior / fichero oficial aportado por el usuario,PRIMARY_INTERIOR
2023J,2023-07-23,"7 - Balears, Illes",SUMAR - SUMAR,0,0,Ministerio del Interior / fichero oficial aportado por el usuario,PRIMARY_INTERIOR
2023J,2023-07-23,"7 - Balears, Illes",SUMAR ANDALUCÍA - SUMAR,0,0,Ministerio del Interior / fichero oficial aportado por el usuario,PRIMARY_INTERIOR
2023J,2023-07-23,"7 - Balears, Illes",SUMAR ARAGÓN - SUMAR ARAGÓN,0,0,Ministerio del Interior / fichero oficial aportado por el usuario,PRIMARY_INTERIOR
2023J,2023-07-23,"7 - Balears, Illes",SUMAR CANARIAS - SUMAR,0,0,Ministerio del Interior / fichero oficial aportado por el usuario,PRIMARY_INTERIOR
2023J,2023-07-23,"7 - Balears, Illes",SUMAR GALICIA - SUMAR,0,0,Ministerio del Interior / fichero oficial aportado por el usuario,PRIMARY_INTERIOR
2023J,2023-07-23,"7 - Balears, Illes",SUMAR MÉS - MÉS PER MALLORCA-MÉS PER MENORCA-SUMAR,83487,1,Ministerio del Interior / fichero oficial aportado por el usuario,PRIMARY_INTERIOR
2023J,2023-07-23,"7 - Balears, Illes",TERCERA EDAD EN ACCIÓN - 3e,0,0,Ministerio del Interior / fichero oficial aportado por el usuario,PRIMARY_INTERIOR
2023J,2023-07-23,"7 - Balears, Illes",TERUEL EXISTE - COALICIÓN EXISTE - EXISTE,0,0,Ministerio del Interior / fichero oficial aportado por el usuario,PRIMARY_INTERIOR
2023J,2023-07-23,"7 - Balears, Illes",UNIDAD CASTELLANA - Ud.Ca,0,0,Ministerio del Interior / fichero oficial aportado por el usuario,PRIMARY_INTERIOR
2023J,2023-07-23,"7 - Balears, Illes",UNIDOS POR LA SOLIDARIDAD INTERNACIONAL - UNIDOS SI,0,0,Ministerio del Interior / fichero oficial aportado por el usuario,PRIMARY_INTERIOR
2023J,2023-07-23,"7 - Balears, Illes",UNION DEL PUEBLO NAVARRO - U.P.N.,0,0,Ministerio del Interior / fichero oficial aportado por el usuario,PRIMARY_INTERIOR
2023J,2023-07-23,"7 - Balears, Illes",UNIÓN DEL PUEBLO LEONÉS - U.P.L.,0,0,Ministerio del Interior / fichero oficial aportado por el usuario,PRIMARY_INTERIOR
2023J,2023-07-23,"7 - Balears, Illes",VAMOS PALENCIA - VP,0,0,Ministerio del Interior / fichero oficial aportado por el usuario,PRIMARY_INTERIOR
2023J,2023-07-23,"7 - Balears, Illes",VOX - VOX,76547,1,Ministerio del Interior / fichero oficial aportado por el usuario,PRIMARY_INTERIOR
2023J,2023-07-23,"7 - Balears, Illes",VÍA BURGALESA - VB,0,0,Ministerio del Interior / fichero oficial aportado por el usuario,PRIMARY_INTERIOR
2023J,2023-07-23,"7 - Balears, Illes",ZAMORA SÍ - Zsi,0,0,Ministerio del Interior / fichero oficial aportado por el usuario,PRIMARY_INTERIOR
2023J,2023-07-23,8 - Barcelona,ADELANTE ANDALUCÍA - ADELANTE ANDALUCÍA,0,0,Ministerio del Interior / fichero oficial aportado por el usuario,PRIMARY_INTERIOR
2023J,2023-07-23,8 - Barcelona,AHORA CANARIAS-PARTIDO COMUNISTA DEL PUEBLO CANARIO - AHORA CANARIAS-PCPC,0,0,Ministerio del Interior / fichero oficial aportado por el usuario,PRIMARY_INTERIOR
2023J,2023-07-23,8 - Barcelona,ALMERIENSES - REGIONALISTAS PRO ALMERÍA - ALM,0,0,Ministerio del Interior / fichero oficial aportado por el usuario,PRIMARY_INTERIOR
2023J,2023-07-23,8 - Barcelona,ARAGÓN EXISTE - COALICIÓN EXISTE - EXISTE,0,0,Ministerio del Interior / fichero oficial aportado por el usuario,PRIMARY_INTERIOR
2023J,2023-07-23,8 - Barcelona,ASTURIAS EXISTE-ESPAÑA VACIADA - ASTURIAS EXISTE EV,0,0,Ministerio del Interior / fichero oficial aportado por el usuario,PRIMARY_INTERIOR
2023J,2023-07-23,8 - Barcelona,BIDEZKO MUNDURANTZ - PUM+J,0,0,Ministerio del Interior / fichero oficial aportado por el usuario,PRIMARY_INTERIOR
2023J,2023-07-23,8 - Barcelona,BLOQUE EXTREMEÑO - BQEX,0,0,Ministerio del Interior / fichero oficial aportado por el usuario,PRIMARY_INTERIOR
2023J,2023-07-23,8 - Barcelona,BLOQUE NACIONALISTA GALEGO - B.N.G.,0,0,Ministerio del Interior / fichero oficial aportado por el usuario,PRIMARY_INTERIOR
2023J,2023-07-23,8 - Barcelona,CAMINANDO JUNTOS - CJ,0,0,Ministerio del Interior / fichero oficial aportado por el usuario,PRIMARY_INTERIOR
2023J,2023-07-23,8 - Barcelona,CANDIDATURA D'UNITAT POPULAR-PER LA RUPTURA - CUP-PR,67266,0,Ministerio del Interior / fichero oficial aportado por el usuario,PRIMARY_INTERIOR
2023J,2023-07-23,8 - Barcelona,COALICIÓN CANARIA - CCa,0,0,Ministerio del Interior / fichero oficial aportado por el usuario,PRIMARY_INTERIOR
2023J,2023-07-23,8 - Barcelona,COALICIÓN DE CENTRO DEMOCRÁTICO - CCD,0,0,Ministerio del Interior / fichero oficial aportado por el usuario,PRIMARY_INTERIOR
2023J,2023-07-23,8 - Barcelona,COALICIÓN POR MELILLA - CpM,0,0,Ministerio del Interior / fichero oficial aportado por el usuario,PRIMARY_INTERIOR
2023J,2023-07-23,8 - Barcelona,COMPROMÍS - SUMAR: SUMEM PER GUANYAR - SUMAR - COMPROMÍS,0,0,Ministerio del Interior / fichero oficial aportado por el usuario,PRIMARY_INTERIOR
2023J,2023-07-23,8 - Barcelona,ENTRE VEÏNS CATALUNYA - EVC,0,0,Ministerio del Interior / fichero oficial aportado por el usuario,PRIMARY_INTERIOR
2023J,2023-07-23,8 - Barcelona,ESCAÑOS EN BLANCO PARA DEJAR ESCAÑOS VACÍOS - ESCAÑOS EN BLANCO,0,0,Ministerio del Interior / fichero oficial aportado por el usuario,PRIMARY_INTERIOR
2023J,2023-07-23,8 - Barcelona,ESCONS EN BLANC - ESCONS EN BLANC,0,0,Ministerio del Interior / fichero oficial aportado por el usuario,PRIMARY_INTERIOR
2023J,2023-07-23,8 - Barcelona,ESPAÑA VACIADA - ESPAÑA VACIADA,0,0,Ministerio del Interior / fichero oficial aportado por el usuario,PRIMARY_INTERIOR
2023J,2023-07-23,8 - Barcelona,ESPAÑA VACIADA-PARTIDO CASTELLANO-TIERRA COMUNERA - EV-PCAS-TC,0,0,Ministerio del Interior / fichero oficial aportado por el usuario,PRIMARY_INTERIOR
2023J,2023-07-23,8 - Barcelona,ESQUERRA REPUBLICANA DE CATALUNYA - ERC,328697,4,Ministerio del Interior / fichero oficial aportado por el usuario,PRIMARY_INTERIOR
2023J,2023-07-23,8 - Barcelona,ESTAT VALENCIÀ DEL BENESTAR - EVB,0,0,Ministerio del Interior / fichero oficial aportado por el usuario,PRIMARY_INTERIOR
2023J,2023-07-23,8 - Barcelona,EUSKAL HERRIA BILDU - EH Bildu,0,0,Ministerio del Interior / fichero oficial aportado por el usuario,PRIMARY_INTERIOR
2023J,2023-07-23,8 - Barcelona,EUZKO ALDERDI JELTZALEA-PARTIDO NACIONALISTA VASCO - EAJ-PNV,0,0,Ministerio del Interior / fichero oficial aportado por el usuario,PRIMARY_INTERIOR
2023J,2023-07-23,8 - Barcelona,FALANGE ESPAÑOLA DE LAS J.O.N.S. - FE de las JONS,0,0,Ministerio del Interior / fichero oficial aportado por el usuario,PRIMARY_INTERIOR
2023J,2023-07-23,8 - Barcelona,FEDERACIÓN DE LOS INDEPENDIENTES DE ARAGÓN - F.I.A.,0,0,Ministerio del Interior / fichero oficial aportado por el usuario,PRIMARY_INTERIOR
2023J,2023-07-23,8 - Barcelona,FRENTE OBRERO - FO,6048,0,Ministerio del Interior / fichero oficial aportado por el usuario,PRIMARY_INTERIOR
2023J,2023-07-23,8 - Barcelona,FUERZA CÍVICA - FUERZA CÍVICA,0,0,Ministerio del Interior / fichero oficial aportado por el usuario,PRIMARY_INTERIOR
2023J,2023-07-23,8 - Barcelona,GEROA BAI - GBAI,0,0,Ministerio del Interior / fichero oficial aportado por el usuario,PRIMARY_INTERIOR
2023J,2023-07-23,8 - Barcelona,GRUPO INDEPENDIENTE PALENCIA TIERRA VIVA - GITV,0,0,Ministerio del Interior / fichero oficial aportado por el usuario,PRIMARY_INTERIOR
2023J,2023-07-23,8 - Barcelona,JAÉN MERECE MÁS - JM+,0,0,Ministerio del Interior / fichero oficial aportado por el usuario,PRIMARY_INTERIOR
2023J,2023-07-23,8 - Barcelona,JUNTOS POR GRANADA - JxG,0,0,Ministerio del Interior / fichero oficial aportado por el usuario,PRIMARY_INTERIOR
2023J,2023-07-23,8 - Barcelona,JUNTS PER CATALUNYA - JUNTS - JxCAT - JUNTS,258159,3,Ministerio del Interior / fichero oficial aportado por el usuario,PRIMARY_INTERIOR
2023J,2023-07-23,8 - Barcelona,LIBRES - LB,0,0,Ministerio del Interior / fichero oficial aportado por el usuario,PRIMARY_INTERIOR
2023J,2023-07-23,8 - Barcelona,NUEVA CANARIAS - BLOQUE CANARISTA - NC-bc,0,0,Ministerio del Interior / fichero oficial aportado por el usuario,PRIMARY_INTERIOR
2023J,2023-07-23,8 - Barcelona,PARTIDO ANIMALISTA CON EL MEDIO AMBIENTE - PACMA,0,0,Ministerio del Interior / fichero oficial aportado por el usuario,PRIMARY_INTERIOR
2023J,2023-07-23,8 - Barcelona,PARTIDO ARAGONÉS - PAR,0,0,Ministerio del Interior / fichero oficial aportado por el usuario,PRIMARY_INTERIOR
2023J,2023-07-23,8 - Barcelona,PARTIDO AUTÓNOMOS - PARTIDO AUTÓNOMOS,0,0,Ministerio del Interior / fichero oficial aportado por el usuario,PRIMARY_INTERIOR
2023J,2023-07-23,8 - Barcelona,PARTIDO COMUNISTA DE LOS TRABAJADORES DE ESPAÑA - PCTE,0,0,Ministerio del Interior / fichero oficial aportado por el usuario,PRIMARY_INTERIOR
2023J,2023-07-23,8 - Barcelona,PARTIDO COMUNISTA DE LOS TRABAJADORES DE EUSKADI/EUSKADIKO LANGILEEN ALDERDI KOMUNISTA - PCTE/ELAK,0,0,Ministerio del Interior / fichero oficial aportado por el usuario,PRIMARY_INTERIOR
2023J,2023-07-23,8 - Barcelona,PARTIDO COMUNISTA DOS TRABALLADORES DE GALIZA - PCTG,0,0,Ministerio del Interior / fichero oficial aportado por el usuario,PRIMARY_INTERIOR
2023J,2023-07-23,8 - Barcelona,PARTIDO DOS SOCIALISTAS DE GALICIA-PSOE - PSdeG-PSOE,0,0,Ministerio del Interior / fichero oficial aportado por el usuario,PRIMARY_INTERIOR
2023J,2023-07-23,8 - Barcelona,PARTIDO HUMANISTA - PH,0,0,Ministerio del Interior / fichero oficial aportado por el usuario,PRIMARY_INTERIOR
2023J,2023-07-23,8 - Barcelona,PARTIDO POPULAR - PP,0,0,Ministerio del Interior / fichero oficial aportado por el usuario,PRIMARY_INTERIOR
2023J,2023-07-23,8 - Barcelona,PARTIDO POPULAR / PARTIT POPULAR - PP,367519,5,Ministerio del Interior / fichero oficial aportado por el usuario,PRIMARY_INTERIOR
2023J,2023-07-23,8 - Barcelona,PARTIDO REGIONALISTA DEL PAÍS LEONÉS - PREPAL,0,0,Ministerio del Interior / fichero oficial aportado por el usuario,PRIMARY_INTERIOR
2023J,2023-07-23,8 - Barcelona,PARTIDO SOCIALISTA DE EUSKADI-EUSKADIKO EZKERRA (PSOE) - PSE-EE (PSOE),0,0,Ministerio del Interior / fichero oficial aportado por el usuario,PRIMARY_INTERIOR
2023J,2023-07-23,8 - Barcelona,PARTIDO SOCIALISTA DE ISLAS BALEARES-PSOE - PSIB-PSOE,0,0,Ministerio del Interior / fichero oficial aportado por el usuario,PRIMARY_INTERIOR
2023J,2023-07-23,8 - Barcelona,PARTIDO SOCIALISTA DE NAVARRA-PSOE - PSN-PSOE,0,0,Ministerio del Interior / fichero oficial aportado por el usuario,PRIMARY_INTERIOR
2023J,2023-07-23,8 - Barcelona,PARTIDO SOCIALISTA OBRERO ESPAÑOL - PSOE,0,0,Ministerio del Interior / fichero oficial aportado por el usuario,PRIMARY_INTERIOR
2023J,2023-07-23,8 - Barcelona,PARTIDO UNIONISTA ESTADO DE ESPAÑA - PUEDE,0,0,Ministerio del Interior / fichero oficial aportado por el usuario,PRIMARY_INTERIOR
2023J,2023-07-23,8 - Barcelona,PARTIT ANIMALISTA AMB EL MEDI AMBIENT - PACMA,28201,0,Ministerio del Interior / fichero oficial aportado por el usuario,PRIMARY_INTERIOR
2023J,2023-07-23,8 - Barcelona,PARTIT COMUNISTA DELS TREBALLADORS DE CATALUNYA - PCTC,2858,0,Ministerio del Interior / fichero oficial aportado por el usuario,PRIMARY_INTERIOR
2023J,2023-07-23,8 - Barcelona,PARTIT DELS SOCIALISTES DE CATALUNYA (PSC-PSOE) - PSC,952347,13,Ministerio del Interior / fichero oficial aportado por el usuario,PRIMARY_INTERIOR
2023J,2023-07-23,8 - Barcelona,PARTIT DEMÒCRATA EUROPEU CATALÀ-ESPAI CIU - PDeCAT-E-CiU,24452,0,Ministerio del Interior / fichero oficial aportado por el usuario,PRIMARY_INTERIOR
2023J,2023-07-23,8 - Barcelona,PARTIT POPULAR / PARTIDO POPULAR - PP,0,0,Ministerio del Interior / fichero oficial aportado por el usuario,PRIMARY_INTERIOR
2023J,2023-07-23,8 - Barcelona,POR HUELVA - XH,0,0,Ministerio del Interior / fichero oficial aportado por el usuario,PRIMARY_INTERIOR
2023J,2023-07-23,8 - Barcelona,POR MI REGIÓN - POR MI REGIÓN,0,0,Ministerio del Interior / fichero oficial aportado por el usuario,PRIMARY_INTERIOR
2023J,2023-07-23,8 - Barcelona,POR UN MUNDO MAIS XUSTO - PUM+J,0,0,Ministerio del Interior / fichero oficial aportado por el usuario,PRIMARY_INTERIOR
2023J,2023-07-23,8 - Barcelona,POR UN MUNDO MÁS JUSTO - PUM+J,0,0,Ministerio del Interior / fichero oficial aportado por el usuario,PRIMARY_INTERIOR
2023J,2023-07-23,8 - Barcelona,POR ÁVILA - XAV,0,0,Ministerio del Interior / fichero oficial aportado por el usuario,PRIMARY_INTERIOR
2023J,2023-07-23,8 - Barcelona,RECORTES CERO - RECORTES CERO,3104,0,Ministerio del Interior / fichero oficial aportado por el usuario,PRIMARY_INTERIOR
2023J,2023-07-23,8 - Barcelona,REFERÉNDUM SISTEMA DINERO - +RDS+,0,0,Ministerio del Interior / fichero oficial aportado por el usuario,PRIMARY_INTERIOR
2023J,2023-07-23,8 - Barcelona,SOMOS CÁCERES - Somos Cc,0,0,Ministerio del Interior / fichero oficial aportado por el usuario,PRIMARY_INTERIOR
2023J,2023-07-23,8 - Barcelona,SORIA ¡YA! - SY,0,0,Ministerio del Interior / fichero oficial aportado por el usuario,PRIMARY_INTERIOR
2023J,2023-07-23,8 - Barcelona,SUMAR - EN COMÚ PODEM - SUMAR - ECP,405993,5,Ministerio del Interior / fichero oficial aportado por el usuario,PRIMARY_INTERIOR
2023J,2023-07-23,8 - Barcelona,SUMAR - SUMAR,0,0,Ministerio del Interior / fichero oficial aportado por el usuario,PRIMARY_INTERIOR
2023J,2023-07-23,8 - Barcelona,SUMAR ANDALUCÍA - SUMAR,0,0,Ministerio del Interior / fichero oficial aportado por el usuario,PRIMARY_INTERIOR
2023J,2023-07-23,8 - Barcelona,SUMAR ARAGÓN - SUMAR ARAGÓN,0,0,Ministerio del Interior / fichero oficial aportado por el usuario,PRIMARY_INTERIOR
2023J,2023-07-23,8 - Barcelona,SUMAR CANARIAS - SUMAR,0,0,Ministerio del Interior / fichero oficial aportado por el usuario,PRIMARY_INTERIOR
2023J,2023-07-23,8 - Barcelona,SUMAR GALICIA - SUMAR,0,0,Ministerio del Interior / fichero oficial aportado por el usuario,PRIMARY_INTERIOR
2023J,2023-07-23,8 - Barcelona,SUMAR MÉS - MÉS PER MALLORCA-MÉS PER MENORCA-SUMAR,0,0,Ministerio del Interior / fichero oficial aportado por el usuario,PRIMARY_INTERIOR
2023J,2023-07-23,8 - Barcelona,TERCERA EDAD EN ACCIÓN - 3e,0,0,Ministerio del Interior / fichero oficial aportado por el usuario,PRIMARY_INTERIOR
2023J,2023-07-23,8 - Barcelona,TERUEL EXISTE - COALICIÓN EXISTE - EXISTE,0,0,Ministerio del Interior / fichero oficial aportado por el usuario,PRIMARY_INTERIOR
2023J,2023-07-23,8 - Barcelona,UNIDAD CASTELLANA - Ud.Ca,0,0,Ministerio del Interior / fichero oficial aportado por el usuario,PRIMARY_INTERIOR
2023J,2023-07-23,8 - Barcelona,UNIDOS POR LA SOLIDARIDAD INTERNACIONAL - UNIDOS SI,0,0,Ministerio del Interior / fichero oficial aportado por el usuario,PRIMARY_INTERIOR
2023J,2023-07-23,8 - Barcelona,UNION DEL PUEBLO NAVARRO - U.P.N.,0,0,Ministerio del Interior / fichero oficial aportado por el usuario,PRIMARY_INTERIOR
2023J,2023-07-23,8 - Barcelona,UNIÓN DEL PUEBLO LEONÉS - U.P.L.,0,0,Ministerio del Interior / fichero oficial aportado por el usuario,PRIMARY_INTERIOR
2023J,2023-07-23,8 - Barcelona,VAMOS PALENCIA - VP,0,0,Ministerio del Interior / fichero oficial aportado por el usuario,PRIMARY_INTERIOR
2023J,2023-07-23,8 - Barcelona,VOX - VOX,201775,2,Ministerio del Interior / fichero oficial aportado por el usuario,PRIMARY_INTERIOR
2023J,2023-07-23,8 - Barcelona,VÍA BURGALESA - VB,0,0,Ministerio del Interior / fichero oficial aportado por el usuario,PRIMARY_INTERIOR
2023J,2023-07-23,8 - Barcelona,ZAMORA SÍ - Zsi,0,0,Ministerio del Interior / fichero oficial aportado por el usuario,PRIMARY_INTERIOR
2023J,2023-07-23,9 - Burgos,ADELANTE ANDALUCÍA - ADELANTE ANDALUCÍA,0,0,Ministerio del Interior / fichero oficial aportado por el usuario,PRIMARY_INTERIOR
2023J,2023-07-23,9 - Burgos,AHORA CANARIAS-PARTIDO COMUNISTA DEL PUEBLO CANARIO - AHORA CANARIAS-PCPC,0,0,Ministerio del Interior / fichero oficial aportado por el usuario,PRIMARY_INTERIOR
2023J,2023-07-23,9 - Burgos,ALMERIENSES - REGIONALISTAS PRO ALMERÍA - ALM,0,0,Ministerio del Interior / fichero oficial aportado por el usuario,PRIMARY_INTERIOR
2023J,2023-07-23,9 - Burgos,ARAGÓN EXISTE - COALICIÓN EXISTE - EXISTE,0,0,Ministerio del Interior / fichero oficial aportado por el usuario,PRIMARY_INTERIOR
2023J,2023-07-23,9 - Burgos,ASTURIAS EXISTE-ESPAÑA VACIADA - ASTURIAS EXISTE EV,0,0,Ministerio del Interior / fichero oficial aportado por el usuario,PRIMARY_INTERIOR
2023J,2023-07-23,9 - Burgos,BIDEZKO MUNDURANTZ - PUM+J,0,0,Ministerio del Interior / fichero oficial aportado por el usuario,PRIMARY_INTERIOR
2023J,2023-07-23,9 - Burgos,BLOQUE EXTREMEÑO - BQEX,0,0,Ministerio del Interior / fichero oficial aportado por el usuario,PRIMARY_INTERIOR
2023J,2023-07-23,9 - Burgos,BLOQUE NACIONALISTA GALEGO - B.N.G.,0,0,Ministerio del Interior / fichero oficial aportado por el usuario,PRIMARY_INTERIOR
2023J,2023-07-23,9 - Burgos,CAMINANDO JUNTOS - CJ,0,0,Ministerio del Interior / fichero oficial aportado por el usuario,PRIMARY_INTERIOR
2023J,2023-07-23,9 - Burgos,CANDIDATURA D'UNITAT POPULAR-PER LA RUPTURA - CUP-PR,0,0,Ministerio del Interior / fichero oficial aportado por el usuario,PRIMARY_INTERIOR
2023J,2023-07-23,9 - Burgos,COALICIÓN CANARIA - CCa,0,0,Ministerio del Interior / fichero oficial aportado por el usuario,PRIMARY_INTERIOR
2023J,2023-07-23,9 - Burgos,COALICIÓN DE CENTRO DEMOCRÁTICO - CCD,0,0,Ministerio del Interior / fichero oficial aportado por el usuario,PRIMARY_INTERIOR
2023J,2023-07-23,9 - Burgos,COALICIÓN POR MELILLA - CpM,0,0,Ministerio del Interior / fichero oficial aportado por el usuario,PRIMARY_INTERIOR
2023J,2023-07-23,9 - Burgos,COMPROMÍS - SUMAR: SUMEM PER GUANYAR - SUMAR - COMPROMÍS,0,0,Ministerio del Interior / fichero oficial aportado por el usuario,PRIMARY_INTERIOR
2023J,2023-07-23,9 - Burgos,ENTRE VEÏNS CATALUNYA - EVC,0,0,Ministerio del Interior / fichero oficial aportado por el usuario,PRIMARY_INTERIOR
2023J,2023-07-23,9 - Burgos,ESCAÑOS EN BLANCO PARA DEJAR ESCAÑOS VACÍOS - ESCAÑOS EN BLANCO,0,0,Ministerio del Interior / fichero oficial aportado por el usuario,PRIMARY_INTERIOR
2023J,2023-07-23,9 - Burgos,ESCONS EN BLANC - ESCONS EN BLANC,0,0,Ministerio del Interior / fichero oficial aportado por el usuario,PRIMARY_INTERIOR
2023J,2023-07-23,9 - Burgos,ESPAÑA VACIADA - ESPAÑA VACIADA,0,0,Ministerio del Interior / fichero oficial aportado por el usuario,PRIMARY_INTERIOR
2023J,2023-07-23,9 - Burgos,ESPAÑA VACIADA-PARTIDO CASTELLANO-TIERRA COMUNERA - EV-PCAS-TC,1184,0,Ministerio del Interior / fichero oficial aportado por el usuario,PRIMARY_INTERIOR
2023J,2023-07-23,9 - Burgos,ESQUERRA REPUBLICANA DE CATALUNYA - ERC,0,0,Ministerio del Interior / fichero oficial aportado por el usuario,PRIMARY_INTERIOR
2023J,2023-07-23,9 - Burgos,ESTAT VALENCIÀ DEL BENESTAR - EVB,0,0,Ministerio del Interior / fichero oficial aportado por el usuario,PRIMARY_INTERIOR
2023J,2023-07-23,9 - Burgos,EUSKAL HERRIA BILDU - EH Bildu,0,0,Ministerio del Interior / fichero oficial aportado por el usuario,PRIMARY_INTERIOR
2023J,2023-07-23,9 - Burgos,EUZKO ALDERDI JELTZALEA-PARTIDO NACIONALISTA VASCO - EAJ-PNV,0,0,Ministerio del Interior / fichero oficial aportado por el usuario,PRIMARY_INTERIOR
2023J,2023-07-23,9 - Burgos,FALANGE ESPAÑOLA DE LAS J.O.N.S. - FE de las JONS,0,0,Ministerio del Interior / fichero oficial aportado por el usuario,PRIMARY_INTERIOR
2023J,2023-07-23,9 - Burgos,FEDERACIÓN DE LOS INDEPENDIENTES DE ARAGÓN - F.I.A.,0,0,Ministerio del Interior / fichero oficial aportado por el usuario,PRIMARY_INTERIOR
2023J,2023-07-23,9 - Burgos,FRENTE OBRERO - FO,490,0,Ministerio del Interior / fichero oficial aportado por el usuario,PRIMARY_INTERIOR
2023J,2023-07-23,9 - Burgos,FUERZA CÍVICA - FUERZA CÍVICA,0,0,Ministerio del Interior / fichero oficial aportado por el usuario,PRIMARY_INTERIOR
2023J,2023-07-23,9 - Burgos,GEROA BAI - GBAI,0,0,Ministerio del Interior / fichero oficial aportado por el usuario,PRIMARY_INTERIOR
2023J,2023-07-23,9 - Burgos,GRUPO INDEPENDIENTE PALENCIA TIERRA VIVA - GITV,0,0,Ministerio del Interior / fichero oficial aportado por el usuario,PRIMARY_INTERIOR
2023J,2023-07-23,9 - Burgos,JAÉN MERECE MÁS - JM+,0,0,Ministerio del Interior / fichero oficial aportado por el usuario,PRIMARY_INTERIOR
2023J,2023-07-23,9 - Burgos,JUNTOS POR GRANADA - JxG,0,0,Ministerio del Interior / fichero oficial aportado por el usuario,PRIMARY_INTERIOR
2023J,2023-07-23,9 - Burgos,JUNTS PER CATALUNYA - JUNTS - JxCAT - JUNTS,0,0,Ministerio del Interior / fichero oficial aportado por el usuario,PRIMARY_INTERIOR
2023J,2023-07-23,9 - Burgos,LIBRES - LB,0,0,Ministerio del Interior / fichero oficial aportado por el usuario,PRIMARY_INTERIOR
2023J,2023-07-23,9 - Burgos,NUEVA CANARIAS - BLOQUE CANARISTA - NC-bc,0,0,Ministerio del Interior / fichero oficial aportado por el usuario,PRIMARY_INTERIOR
2023J,2023-07-23,9 - Burgos,PARTIDO ANIMALISTA CON EL MEDIO AMBIENTE - PACMA,943,0,Ministerio del Interior / fichero oficial aportado por el usuario,PRIMARY_INTERIOR
2023J,2023-07-23,9 - Burgos,PARTIDO ARAGONÉS - PAR,0,0,Ministerio del Interior / fichero oficial aportado por el usuario,PRIMARY_INTERIOR
2023J,2023-07-23,9 - Burgos,PARTIDO AUTÓNOMOS - PARTIDO AUTÓNOMOS,0,0,Ministerio del Interior / fichero oficial aportado por el usuario,PRIMARY_INTERIOR
2023J,2023-07-23,9 - Burgos,PARTIDO COMUNISTA DE LOS TRABAJADORES DE ESPAÑA - PCTE,349,0,Ministerio del Interior / fichero oficial aportado por el usuario,PRIMARY_INTERIOR
2023J,2023-07-23,9 - Burgos,PARTIDO COMUNISTA DE LOS TRABAJADORES DE EUSKADI/EUSKADIKO LANGILEEN ALDERDI KOMUNISTA - PCTE/ELAK,0,0,Ministerio del Interior / fichero oficial aportado por el usuario,PRIMARY_INTERIOR
2023J,2023-07-23,9 - Burgos,PARTIDO COMUNISTA DOS TRABALLADORES DE GALIZA - PCTG,0,0,Ministerio del Interior / fichero oficial aportado por el usuario,PRIMARY_INTERIOR
2023J,2023-07-23,9 - Burgos,PARTIDO DOS SOCIALISTAS DE GALICIA-PSOE - PSdeG-PSOE,0,0,Ministerio del Interior / fichero oficial aportado por el usuario,PRIMARY_INTERIOR
2023J,2023-07-23,9 - Burgos,PARTIDO HUMANISTA - PH,0,0,Ministerio del Interior / fichero oficial aportado por el usuario,PRIMARY_INTERIOR
2023J,2023-07-23,9 - Burgos,PARTIDO POPULAR - PP,82329,2,Ministerio del Interior / fichero oficial aportado por el usuario,PRIMARY_INTERIOR
2023J,2023-07-23,9 - Burgos,PARTIDO POPULAR / PARTIT POPULAR - PP,0,0,Ministerio del Interior / fichero oficial aportado por el usuario,PRIMARY_INTERIOR
2023J,2023-07-23,9 - Burgos,PARTIDO REGIONALISTA DEL PAÍS LEONÉS - PREPAL,0,0,Ministerio del Interior / fichero oficial aportado por el usuario,PRIMARY_INTERIOR
2023J,2023-07-23,9 - Burgos,PARTIDO SOCIALISTA DE EUSKADI-EUSKADIKO EZKERRA (PSOE) - PSE-EE (PSOE),0,0,Ministerio del Interior / fichero oficial aportado por el usuario,PRIMARY_INTERIOR
2023J,2023-07-23,9 - Burgos,PARTIDO SOCIALISTA DE ISLAS BALEARES-PSOE - PSIB-PSOE,0,0,Ministerio del Interior / fichero oficial aportado por el usuario,PRIMARY_INTERIOR
2023J,2023-07-23,9 - Burgos,PARTIDO SOCIALISTA DE NAVARRA-PSOE - PSN-PSOE,0,0,Ministerio del Interior / fichero oficial aportado por el usuario,PRIMARY_INTERIOR
2023J,2023-07-23,9 - Burgos,PARTIDO SOCIALISTA OBRERO ESPAÑOL - PSOE,69775,2,Ministerio del Interior / fichero oficial aportado por el usuario,PRIMARY_INTERIOR
2023J,2023-07-23,9 - Burgos,PARTIDO UNIONISTA ESTADO DE ESPAÑA - PUEDE,0,0,Ministerio del Interior / fichero oficial aportado por el usuario,PRIMARY_INTERIOR
2023J,2023-07-23,9 - Burgos,PARTIT ANIMALISTA AMB EL MEDI AMBIENT - PACMA,0,0,Ministerio del Interior / fichero oficial aportado por el usuario,PRIMARY_INTERIOR
2023J,2023-07-23,9 - Burgos,PARTIT COMUNISTA DELS TREBALLADORS DE CATALUNYA - PCTC,0,0,Ministerio del Interior / fichero oficial aportado por el usuario,PRIMARY_INTERIOR
2023J,2023-07-23,9 - Burgos,PARTIT DELS SOCIALISTES DE CATALUNYA (PSC-PSOE) - PSC,0,0,Ministerio del Interior / fichero oficial aportado por el usuario,PRIMARY_INTERIOR
2023J,2023-07-23,9 - Burgos,PARTIT DEMÒCRATA EUROPEU CATALÀ-ESPAI CIU - PDeCAT-E-CiU,0,0,Ministerio del Interior / fichero oficial aportado por el usuario,PRIMARY_INTERIOR
2023J,2023-07-23,9 - Burgos,PARTIT POPULAR / PARTIDO POPULAR - PP,0,0,Ministerio del Interior / fichero oficial aportado por el usuario,PRIMARY_INTERIOR
2023J,2023-07-23,9 - Burgos,POR HUELVA - XH,0,0,Ministerio del Interior / fichero oficial aportado por el usuario,PRIMARY_INTERIOR
2023J,2023-07-23,9 - Burgos,POR MI REGIÓN - POR MI REGIÓN,0,0,Ministerio del Interior / fichero oficial aportado por el usuario,PRIMARY_INTERIOR
2023J,2023-07-23,9 - Burgos,POR UN MUNDO MAIS XUSTO - PUM+J,0,0,Ministerio del Interior / fichero oficial aportado por el usuario,PRIMARY_INTERIOR
2023J,2023-07-23,9 - Burgos,POR UN MUNDO MÁS JUSTO - PUM+J,354,0,Ministerio del Interior / fichero oficial aportado por el usuario,PRIMARY_INTERIOR
2023J,2023-07-23,9 - Burgos,POR ÁVILA - XAV,0,0,Ministerio del Interior / fichero oficial aportado por el usuario,PRIMARY_INTERIOR
2023J,2023-07-23,9 - Burgos,RECORTES CERO - RECORTES CERO,154,0,Ministerio del Interior / fichero oficial aportado por el usuario,PRIMARY_INTERIOR
2023J,2023-07-23,9 - Burgos,REFERÉNDUM SISTEMA DINERO - +RDS+,0,0,Ministerio del Interior / fichero oficial aportado por el usuario,PRIMARY_INTERIOR
2023J,2023-07-23,9 - Burgos,SOMOS CÁCERES - Somos Cc,0,0,Ministerio del Interior / fichero oficial aportado por el usuario,PRIMARY_INTERIOR
2023J,2023-07-23,9 - Burgos,SORIA ¡YA! - SY,0,0,Ministerio del Interior / fichero oficial aportado por el usuario,PRIMARY_INTERIOR
2023J,2023-07-23,9 - Burgos,SUMAR - EN COMÚ PODEM - SUMAR - ECP,0,0,Ministerio del Interior / fichero oficial aportado por el usuario,PRIMARY_INTERIOR
2023J,2023-07-23,9 - Burgos,SUMAR - SUMAR,17508,0,Ministerio del Interior / fichero oficial aportado por el usuario,PRIMARY_INTERIOR
2023J,2023-07-23,9 - Burgos,SUMAR ANDALUCÍA - SUMAR,0,0,Ministerio del Interior / fichero oficial aportado por el usuario,PRIMARY_INTERIOR
2023J,2023-07-23,9 - Burgos,SUMAR ARAGÓN - SUMAR ARAGÓN,0,0,Ministerio del Interior / fichero oficial aportado por el usuario,PRIMARY_INTERIOR
2023J,2023-07-23,9 - Burgos,SUMAR CANARIAS - SUMAR,0,0,Ministerio del Interior / fichero oficial aportado por el usuario,PRIMARY_INTERIOR
2023J,2023-07-23,9 - Burgos,SUMAR GALICIA - SUMAR,0,0,Ministerio del Interior / fichero oficial aportado por el usuario,PRIMARY_INTERIOR
2023J,2023-07-23,9 - Burgos,SUMAR MÉS - MÉS PER MALLORCA-MÉS PER MENORCA-SUMAR,0,0,Ministerio del Interior / fichero oficial aportado por el usuario,PRIMARY_INTERIOR
2023J,2023-07-23,9 - Burgos,TERCERA EDAD EN ACCIÓN - 3e,0,0,Ministerio del Interior / fichero oficial aportado por el usuario,PRIMARY_INTERIOR
2023J,2023-07-23,9 - Burgos,TERUEL EXISTE - COALICIÓN EXISTE - EXISTE,0,0,Ministerio del Interior / fichero oficial aportado por el usuario,PRIMARY_INTERIOR
2023J,2023-07-23,9 - Burgos,UNIDAD CASTELLANA - Ud.Ca,0,0,Ministerio del Interior / fichero oficial aportado por el usuario,PRIMARY_INTERIOR
2023J,2023-07-23,9 - Burgos,UNIDOS POR LA SOLIDARIDAD INTERNACIONAL - UNIDOS SI,0,0,Ministerio del Interior / fichero oficial aportado por el usuario,PRIMARY_INTERIOR
2023J,2023-07-23,9 - Burgos,UNION DEL PUEBLO NAVARRO - U.P.N.,0,0,Ministerio del Interior / fichero oficial aportado por el usuario,PRIMARY_INTERIOR
2023J,2023-07-23,9 - Burgos,UNIÓN DEL PUEBLO LEONÉS - U.P.L.,0,0,Ministerio del Interior / fichero oficial aportado por el usuario,PRIMARY_INTERIOR
2023J,2023-07-23,9 - Burgos,VAMOS PALENCIA - VP,0,0,Ministerio del Interior / fichero oficial aportado por el usuario,PRIMARY_INTERIOR
2023J,2023-07-23,9 - Burgos,VOX - VOX,25858,0,Ministerio del Interior / fichero oficial aportado por el usuario,PRIMARY_INTERIOR
2023J,2023-07-23,9 - Burgos,VÍA BURGALESA - VB,1774,0,Ministerio del Interior / fichero oficial aportado por el usuario,PRIMARY_INTERIOR
2023J,2023-07-23,9 - Burgos,ZAMORA SÍ - Zsi,0,0,Ministerio del Interior / fichero oficial aportado por el usuario,PRIMARY_INTERIOR