2019A,2019-04-28,17 - Girona,POR UN MUNDO MÁS JUSTO (BIDEZKO MUNDURANTZ) - PUM+J,0,0,Ministerio del Interior / portal oficial de datos abiertos,PRIMARY_OFFICIAL
2019A,2019-04-28,17 - Girona,POR UN MUNDO MÁS JUSTO - PUM+J,0,0,Ministerio del Interior / portal oficial de datos abiertos,PRIMARY_OFFICIAL
2019A,2019-04-28,17 - Girona,PUYALON - PYLN,0,0,Ministerio del Interior / portal oficial de datos abiertos,PRIMARY_OFFICIAL
2019A,2019-04-28,17 - Girona,RECORTES CERO-GRUPO VERDE - RECORTES CERO-GV,433,0,Ministerio del Interior / portal oficial de datos abiertos,PRIMARY_OFFICIAL
2019A,2019-04-28,17 - Girona,RECORTES CERO-GRUPO VERDE-PARTIDO CASTELLANO-TIERRA COMUNERA - RECORTES CERO-GV-PCAS-TC,0,0,Ministerio del Interior / portal oficial de datos abiertos,PRIMARY_OFFICIAL
2019A,2019-04-28,17 - Girona,SOM VALENCIANS EN MOVIMENT - UIG-SOM-CUIDES,0,0,Ministerio del Interior / portal oficial de datos abiertos,PRIMARY_OFFICIAL
2019A,2019-04-28,17 - Girona,SOMOS REGIÓN - SOMOS REGIÓ,0,0,Ministerio del Interior / portal oficial de datos abiertos,PRIMARY_OFFICIAL
2019A,2019-04-28,17 - Girona,UNIDAS PODEMOS - PODEMOS-EUPV,0,0,Ministerio del Interior / portal oficial de datos abiertos,PRIMARY_OFFICIAL
2019A,2019-04-28,17 - Girona,UNIDAS PODEMOS - PODEMOS-IU LV CA-EQUO,0,0,Ministerio del Interior / portal oficial de datos abiertos,PRIMARY_OFFICIAL
2019A,2019-04-28,17 - Girona,UNIDAS PODEMOS - PODEMOS-IU-EQUO,0,0,Ministerio del Interior / portal oficial de datos abiertos,PRIMARY_OFFICIAL
2019A,2019-04-28,17 - Girona,UNIDAS PODEMOS - PODEMOS-IU-EQUO-BATZARRE,0,0,Ministerio del Interior / portal oficial de datos abiertos,PRIMARY_OFFICIAL
2019A,2019-04-28,17 - Girona,UNIDAS PODEMOS-ALTOARAGÓN EN COMÚN - PODEMOS-IU-,0,0,Ministerio del Interior / portal oficial de datos abiertos,PRIMARY_OFFICIAL
2019A,2019-04-28,17 - Girona,UNIDAS PODEMOS-UNIDES PODEM - PODEMOS-EUIB,0,0,Ministerio del Interior / portal oficial de datos abiertos,PRIMARY_OFFICIAL
2019A,2019-04-28,17 - Girona,UNIDAS PODEMOS-XUNIES PODEMOS - PODEMOS-IX-EQUO,0,0,Ministerio del Interior / portal oficial de datos abiertos,PRIMARY_OFFICIAL
2019A,2019-04-28,17 - Girona,UNIÓN DE TODOS - UDT,0,0,Ministerio del Interior / portal oficial de datos abiertos,PRIMARY_OFFICIAL
2019A,2019-04-28,17 - Girona,UNIÓN REGIONALISTA DE CASTILLA Y LEÓN - UNIÓN REGIO,0,0,Ministerio del Interior / portal oficial de datos abiertos,PRIMARY_OFFICIAL
2019A,2019-04-28,17 - Girona,VIVIR OURENSE - VOU,0,0,Ministerio del Interior / portal oficial de datos abiertos,PRIMARY_OFFICIAL
2019A,2019-04-28,17 - Girona,VOX - VOX,10715,0,Ministerio del Interior / portal oficial de datos abiertos,PRIMARY_OFFICIAL
2019A,2019-04-28,17 - Girona,Veus PROGRESSISTES - ARA-MES-ESQUERRA,0,0,Ministerio del Interior / portal oficial de datos abiertos,PRIMARY_OFFICIAL
2019A,2019-04-28,18 - Granada,ACTÚA - PACT,0,0,Ministerio del Interior / portal oficial de datos abiertos,PRIMARY_OFFICIAL
2019A,2019-04-28,18 - Granada,AHORA CANARIAS: Alternativa Nacionalista Canaria ANC y Unidad del Pueblo - AHORA CANARIAS,0,0,Ministerio del Interior / portal oficial de datos abiertos,PRIMARY_OFFICIAL
2019A,2019-04-28,18 - Granada,ANDALUCÍA POR SÍ - AxSI,779,0,Ministerio del Interior / portal oficial de datos abiertos,PRIMARY_OFFICIAL
2019A,2019-04-28,18 - Granada,ANDECHA ASTUR - ANDECHA ASTUR,0,0,Ministerio del Interior / portal oficial de datos abiertos,PRIMARY_OFFICIAL
2019A,2019-04-28,18 - Granada,AVANT ADELANTE LOS VERDES - AVANT ADELANTE LOS VERDES,0,0,Ministerio del Interior / portal oficial de datos abiertos,PRIMARY_OFFICIAL
2019A,2019-04-28,18 - Granada,BLOQUE NACIONALISTA GALEGO - BNG,0,0,Ministerio del Interior / portal oficial de datos abiertos,PRIMARY_OFFICIAL
2019A,2019-04-28,18 - Granada,CENTRADOS - centrados,0,0,Ministerio del Interior / portal oficial de datos abiertos,PRIMARY_OFFICIAL
2019A,2019-04-28,18 - Granada,CIUDADANOS INDEPENDIENTES DE LINARES UNIDOS - CILU-LINARES,0,0,Ministerio del Interior / portal oficial de datos abiertos,PRIMARY_OFFICIAL
2019A,2019-04-28,18 - Granada,CIUDADANOS-PARTIDO DE LA CIUDADANÍA - Cs,90935,1,Ministerio del Interior / portal oficial de datos abiertos,PRIMARY_OFFICIAL
2019A,2019-04-28,18 - Granada,CIUTADANS-PARTIDO DE LA CIUDADANÍA - Cs,0,0,Ministerio del Interior / portal oficial de datos abiertos,PRIMARY_OFFICIAL
2019A,2019-04-28,18 - Granada,COALICION CANARIA-PARTIDO NACIONALISTA CANARIO - CCa-PNC,0,0,Ministerio del Interior / portal oficial de datos abiertos,PRIMARY_OFFICIAL
2019A,2019-04-28,18 - Granada,COALICION POR MELILLA - CpM,0,0,Ministerio del Interior / portal oficial de datos abiertos,PRIMARY_OFFICIAL
2019A,2019-04-28,18 - Granada,COMPROMISO POR GALICIA - CxG,0,0,Ministerio del Interior / portal oficial de datos abiertos,PRIMARY_OFFICIAL
2019A,2019-04-28,18 - Granada,COMPROMÍS: BLOC-INICIATIVA-VERDSEQUO - COMPROMÍS 2,0,0,Ministerio del Interior / portal oficial de datos abiertos,PRIMARY_OFFICIAL
2019A,2019-04-28,18 - Granada,CONVERGENTS - CNV,0,0,Ministerio del Interior / portal oficial de datos abiertos,PRIMARY_OFFICIAL
2019A,2019-04-28,18 - Granada,CONVERXENCIA 21 - C 21,0,0,Ministerio del Interior / portal oficial de datos abiertos,PRIMARY_OFFICIAL
2019A,2019-04-28,18 - Granada,DEFENSA DE LO PÚBLICO - DP,0,0,Ministerio del Interior / portal oficial de datos abiertos,PRIMARY_OFFICIAL
2019A,2019-04-28,18 - Granada,DEMOCRACIA PLURAL - DPL,0,0,Ministerio del Interior / portal oficial de datos abiertos,PRIMARY_OFFICIAL
2019A,2019-04-28,18 - Granada,EL PI - PROPOSTA PER LES ILLES BALEARS - EL PI,0,0,Ministerio del Interior / portal oficial de datos abiertos,PRIMARY_OFFICIAL
2019A,2019-04-28,18 - Granada,ELKARREKIN PODEMOS-UNIDAS PODEMOS - PODEMOS-IU-EQUO BERDEAK,0,0,Ministerio del Interior / portal oficial de datos abiertos,PRIMARY_OFFICIAL
2019A,2019-04-28,18 - Granada,EN COMÚ PODEM - GUANYEM EL CANVI - ECP-GUANYEM,0,0,Ministerio del Interior / portal oficial de datos abiertos,PRIMARY_OFFICIAL
2019A,2019-04-28,18 - Granada,EN COMÚN-UNIDAS PODEMOS - PODEMOS-EU-,0,0,Ministerio del Interior / portal oficial de datos abiertos,PRIMARY_OFFICIAL
2019A,2019-04-28,18 - Granada,EN MAREA - EN MAREA,0,0,Ministerio del Interior / portal oficial de datos abiertos,PRIMARY_OFFICIAL
2019A,2019-04-28,18 - Granada,ESCANOS EN BRANCO - EB,0,0,Ministerio del Interior / portal oficial de datos abiertos,PRIMARY_OFFICIAL
2019A,2019-04-28,18 - Granada,ESCAÑOS EN BLANCO - EB,0,0,Ministerio del Interior / portal oficial de datos abiertos,PRIMARY_OFFICIAL
2019A,2019-04-28,18 - Granada,ESCAÑOS EN BLANCO-AULKI ZURIAK - EB,0,0,Ministerio del Interior / portal oficial de datos abiertos,PRIMARY_OFFICIAL
2019A,2019-04-28,18 - Granada,ESQUERRA REPUBLICANA DE CATALUNYA-SOBIRANISTES - ERC-SOBIRANISTES,0,0,Ministerio del Interior / portal oficial de datos abiertos,PRIMARY_OFFICIAL
2019A,2019-04-28,18 - Granada,ESQUERRA REPUBLICANA DEL PAÍS VALENCIÀ - ERPV,0,0,Ministerio del Interior / portal oficial de datos abiertos,PRIMARY_OFFICIAL
2019A,2019-04-28,18 - Granada,EUSKADIKO LANGILEEN ALDERDI KOMUNISTA/PARTIDO COMUNISTA DE LOS TRABAJADORES DE EUSKADI - ELAK/PCTE,0,0,Ministerio del Interior / portal oficial de datos abiertos,PRIMARY_OFFICIAL
2019A,2019-04-28,18 - Granada,EUSKAL HERRIA BILDU - EH Bildu,0,0,Ministerio del Interior / portal oficial de datos abiertos,PRIMARY_OFFICIAL
2019A,2019-04-28,18 - Granada,EUZKO ALDERDI JELTZALEA-PARTIDO NACIONALISTA VASCO - EAJ-PNV,0,0,Ministerio del Interior / portal oficial de datos abiertos,PRIMARY_OFFICIAL
2019A,2019-04-28,18 - Granada,EXTREMEÑOS PREX CREX - C.Ex-C.R.Ex,0,0,Ministerio del Interior / portal oficial de datos abiertos,PRIMARY_OFFICIAL
2019A,2019-04-28,18 - Granada,FALANGE ESPAÑOLA DE LAS JONS - FE de las J,0,0,Ministerio del Interior / portal oficial de datos abiertos,PRIMARY_OFFICIAL
2019A,2019-04-28,18 - Granada,FEDERACION DE LOS INDEPENDIENTES DE ARAGON - FIA,0,0,Ministerio del Interior / portal oficial de datos abiertos,PRIMARY_OFFICIAL
2019A,2019-04-28,18 - Granada,FEMINISM8 - F8,0,0,Ministerio del Interior / portal oficial de datos abiertos,PRIMARY_OFFICIAL
2019A,2019-04-28,18 - Granada,GEROA BAI - GBAI,0,0,Ministerio del Interior / portal oficial de datos abiertos,PRIMARY_OFFICIAL
2019A,2019-04-28,18 - Granada,IZQUIERDA ANTICAPITALISTA REVOLUCIONARIA - IZAR,257,0,Ministerio del Interior / portal oficial de datos abiertos,PRIMARY_OFFICIAL
2019A,2019-04-28,18 - Granada,IZQUIERDA EN POSITIVO - IZQP,0,0,Ministerio del Interior / portal oficial de datos abiertos,PRIMARY_OFFICIAL
2019A,2019-04-28,18 - Granada,JUNTS PER CATALUNYA-JUNTS - JxCAT-JUNTS,0,0,Ministerio del Interior / portal oficial de datos abiertos,PRIMARY_OFFICIAL
2019A,2019-04-28,18 - Granada,LOS VERDES ECOPACIFISTAS ADELANTE - AVANT-LOS VERDES,0,0,Ministerio del Interior / portal oficial de datos abiertos,PRIMARY_OFFICIAL
2019A,2019-04-28,18 - Granada,MUERTE AL SISTEMA - +MAS+,0,0,Ministerio del Interior / portal oficial de datos abiertos,PRIMARY_OFFICIAL
2019A,2019-04-28,18 - Granada,NAVARRA SUMA - NA+,0,0,Ministerio del Interior / portal oficial de datos abiertos,PRIMARY_OFFICIAL
2019A,2019-04-28,18 - Granada,NUEVA CANARIAS - NCa,0,0,Ministerio del Interior / portal oficial de datos abiertos,PRIMARY_OFFICIAL
2019A,2019-04-28,18 - Granada,PARTIDO ANIMALISTA CONTRA EL MALTRATO ANIMAL - PACMA,5804,0,Ministerio del Interior / portal oficial de datos abiertos,PRIMARY_OFFICIAL
2019A,2019-04-28,18 - Granada,PARTIDO COMUNISTA DE LOS PUEBLOS DE ESPAÑA - PCPE,0,0,Ministerio del Interior / portal oficial de datos abiertos,PRIMARY_OFFICIAL
2019A,2019-04-28,18 - Granada,PARTIDO COMUNISTA DE LOS TRABAJADORES DE ESPAÑA - PCTE,391,0,Ministerio del Interior / portal oficial de datos abiertos,PRIMARY_OFFICIAL
2019A,2019-04-28,18 - Granada,PARTIDO COMUNISTA DE LOS TRABAJADORES DE EUSKADI/EUSKADIKO LANGILEEN ALDERDI KOMUNISTA - PCTE/ELAK,0,0,Ministerio del Interior / portal oficial de datos abiertos,PRIMARY_OFFICIAL
2019A,2019-04-28,18 - Granada,PARTIDO COMUNISTA DEL PUEBLO ANDALUZ - PCPA,373,0,Ministerio del Interior / portal oficial de datos abiertos,PRIMARY_OFFICIAL
2019A,2019-04-28,18 - Granada,PARTIDO COMUNISTA DEL PUEBLO CANARIO - PCPC,0,0,Ministerio del Interior / portal oficial de datos abiertos,PRIMARY_OFFICIAL
2019A,2019-04-28,18 - Granada,PARTIDO COMUNISTA DOS TRABALLADORES DE GALIZA - PCTG,0,0,Ministerio del Interior / portal oficial de datos abiertos,PRIMARY_OFFICIAL
2019A,2019-04-28,18 - Granada,PARTIDO COMUNISTA OBRERO ESPAÑOL - PCOE,0,0,Ministerio del Interior / portal oficial de datos abiertos,PRIMARY_OFFICIAL
2019A,2019-04-28,18 - Granada,PARTIDO DE ACCIÓN SOLIDARIA EUROPEA - SOLIDARIA,0,0,Ministerio del Interior / portal oficial de datos abiertos,PRIMARY_OFFICIAL
2019A,2019-04-28,18 - Granada,"PARTIDO DE JUBILADOS POR EL FUTURO. DIGNIDAD Y DEMOCRACIA - ""JF""",876,0,Ministerio del Interior / portal oficial de datos abiertos,PRIMARY_OFFICIAL
2019A,2019-04-28,18 - Granada,PARTIDO DEMÓCRATA SOCIAL JUBILADOS EUROPEOS - UNID - PDSJE-UDEC,0,0,Ministerio del Interior / portal oficial de datos abiertos,PRIMARY_OFFICIAL
2019A,2019-04-28,18 - Granada,PARTIDO DOS SOCIALISTAS DE GALICIA-PARTIDO SOCIALI - PSdeG-PSOE,0,0,Ministerio del Interior / portal oficial de datos abiertos,PRIMARY_OFFICIAL
2019A,2019-04-28,18 - Granada,PARTIDO HUMANISTA - PH,0,0,Ministerio del Interior / portal oficial de datos abiertos,PRIMARY_OFFICIAL
2019A,2019-04-28,18 - Granada,PARTIDO LIBERTARIO - P-LIB,0,0,Ministerio del Interior / portal oficial de datos abiertos,PRIMARY_OFFICIAL
2019A,2019-04-28,18 - Granada,PARTIDO POPULAR - FORO - PP-FORO,0,0,Ministerio del Interior / portal oficial de datos abiertos,PRIMARY_OFFICIAL
2019A,2019-04-28,18 - Granada,PARTIDO POPULAR - PP,96588,1,Ministerio del Interior / portal oficial de datos abiertos,PRIMARY_OFFICIAL
2019A,2019-04-28,18 - Granada,PARTIDO POPULAR/PARTIT POPULAR - PP,0,0,Ministerio del Interior / portal oficial de datos abiertos,PRIMARY_OFFICIAL
2019A,2019-04-28,18 - Granada,PARTIDO REGIONALISTA DE CANTABRIA - PRC,0,0,Ministerio del Interior / portal oficial de datos abiertos,PRIMARY_OFFICIAL
2019A,2019-04-28,18 - Granada,PARTIDO REGIONALISTA DEL PAIS LEONES - PREPAL,0,0,Ministerio del Interior / portal oficial de datos abiertos,PRIMARY_OFFICIAL
2019A,2019-04-28,18 - Granada,PARTIDO REPUBLICANO INDEPENDIENTE SOLIDARIO ANDALUZ - RISA,0,0,Ministerio del Interior / portal oficial de datos abiertos,PRIMARY_OFFICIAL
2019A,2019-04-28,18 - Granada,PARTIDO RIOJANO - PR+,0,0,Ministerio del Interior / portal oficial de datos abiertos,PRIMARY_OFFICIAL
2019A,2019-04-28,18 - Granada,PARTIDO SOCIALISTA DE EUSKADI-EUSKADIKO EZKERRA (PSOE) - PSE-EE (PSOE),0,0,Ministerio del Interior / portal oficial de datos abiertos,PRIMARY_OFFICIAL
2019A,2019-04-28,18 - Granada,PARTIDO SOCIALISTA OBRERO ESPAÑOL - PSOE,177478,3,Ministerio del Interior / portal oficial de datos abiertos,PRIMARY_OFFICIAL
2019A,2019-04-28,18 - Granada,PARTIT ANIMALISTA CONTRA EL MALTRACTAMENT ANIMAL - PACMA,0,0,Ministerio del Interior / portal oficial de datos abiertos,PRIMARY_OFFICIAL
2019A,2019-04-28,18 - Granada,PARTIT COMUNISTA DEL POBLE DE CATALUNYA - PCPC,0,0,Ministerio del Interior / portal oficial de datos abiertos,PRIMARY_OFFICIAL
2019A,2019-04-28,18 - Granada,PARTIT COMUNISTA DELS POBLES D'ESPANYA - PCPE,0,0,Ministerio del Interior / portal oficial de datos abiertos,PRIMARY_OFFICIAL
2019A,2019-04-28,18 - Granada,PARTIT COMUNISTA DELS TREBALLADORS DE CATALUNYA - PCTC,0,0,Ministerio del Interior / portal oficial de datos abiertos,PRIMARY_OFFICIAL
2019A,2019-04-28,18 - Granada,PARTIT DELS SOCIALISTES DE CATALUNYA (PSC-PSOE) - PSC,0,0,Ministerio del Interior / portal oficial de datos abiertos,PRIMARY_OFFICIAL
2019A,2019-04-28,18 - Granada,PARTIT POPULAR-PARTIDO POPULAR - PP,0,0,Ministerio del Interior / portal oficial de datos abiertos,PRIMARY_OFFICIAL
2019A,2019-04-28,18 - Granada,PARTIT SOCIALISTA OBRER ESPANYOL - PSOE,0,0,Ministerio del Interior / portal oficial de datos abiertos,PRIMARY_OFFICIAL
2019A,2019-04-28,18 - Granada,PER UN MÓN MÉS JUST - PUM+J,0,0,Ministerio del Interior / portal oficial de datos abiertos,PRIMARY_OFFICIAL
2019A,2019-04-28,18 - Granada,PLATAFORMA DEL PUEBLO SORIANO - PPSO,0,0,Ministerio del Interior / portal oficial de datos abiertos,PRIMARY_OFFICIAL
2019A,2019-04-28,18 - Granada,POBLE LLIURE - SOM ALTERNATIVA - PIRATES DE CATALU - FRONT REPUB,0,0,Ministerio del Interior / portal oficial de datos abiertos,PRIMARY_OFFICIAL
2019A,2019-04-28,18 - Granada,POR UN MUNDO MÁS JUSTO (BIDEZKO MUNDURANTZ) - PUM+J,0,0,Ministerio del Interior / portal oficial de datos abiertos,PRIMARY_OFFICIAL
2019A,2019-04-28,18 - Granada,POR UN MUNDO MÁS JUSTO - PUM+J,624,0,Ministerio del Interior / portal oficial de datos abiertos,PRIMARY_OFFICIAL
2019A,2019-04-28,18 - Granada,PUYALON - PYLN,0,0,Ministerio del Interior / portal oficial de datos abiertos,PRIMARY_OFFICIAL
2019A,2019-04-28,18 - Granada,RECORTES CERO-GRUPO VERDE - RECORTES CERO-GV,630,0,Ministerio del Interior / portal oficial de datos abiertos,PRIMARY_OFFICIAL
2019A,2019-04-28,18 - Granada,RECORTES CERO-GRUPO VERDE-PARTIDO CASTELLANO-TIERRA COMUNERA - RECORTES CERO-GV-PCAS-TC,0,0,Ministerio del Interior / portal oficial de datos abiertos,PRIMARY_OFFICIAL
2019A,2019-04-28,18 - Granada,SOM VALENCIANS EN MOVIMENT - UIG-SOM-CUIDES,0,0,Ministerio del Interior / portal oficial de datos abiertos,PRIMARY_OFFICIAL
2019A,2019-04-28,18 - Granada,SOMOS REGIÓN - SOMOS REGIÓ,0,0,Ministerio del Interior / portal oficial de datos abiertos,PRIMARY_OFFICIAL
2019A,2019-04-28,18 - Granada,UNIDAS PODEMOS - PODEMOS-EUPV,0,0,Ministerio del Interior / portal oficial de datos abiertos,PRIMARY_OFFICIAL
2019A,2019-04-28,18 - Granada,UNIDAS PODEMOS - PODEMOS-IU LV CA-EQUO,71466,1,Ministerio del Interior / portal oficial de datos abiertos,PRIMARY_OFFICIAL
2019A,2019-04-28,18 - Granada,UNIDAS PODEMOS - PODEMOS-IU-EQUO,0,0,Ministerio del Interior / portal oficial de datos abiertos,PRIMARY_OFFICIAL
2019A,2019-04-28,18 - Granada,UNIDAS PODEMOS - PODEMOS-IU-EQUO-BATZARRE,0,0,Ministerio del Interior / portal oficial de datos abiertos,PRIMARY_OFFICIAL
2019A,2019-04-28,18 - Granada,UNIDAS PODEMOS-ALTOARAGÓN EN COMÚN - PODEMOS-IU-,0,0,Ministerio del Interior / portal oficial de datos abiertos,PRIMARY_OFFICIAL
2019A,2019-04-28,18 - Granada,UNIDAS PODEMOS-UNIDES PODEM - PODEMOS-EUIB,0,0,Ministerio del Interior / portal oficial de datos abiertos,PRIMARY_OFFICIAL
2019A,2019-04-28,18 - Granada,UNIDAS PODEMOS-XUNIES PODEMOS - PODEMOS-IX-EQUO,0,0,Ministerio del Interior / portal oficial de datos abiertos,PRIMARY_OFFICIAL
2019A,2019-04-28,18 - Granada,UNIÓN DE TODOS - UDT,0,0,Ministerio del Interior / portal oficial de datos abiertos,PRIMARY_OFFICIAL
2019A,2019-04-28,18 - Granada,UNIÓN REGIONALISTA DE CASTILLA Y LEÓN - UNIÓN REGIO,0,0,Ministerio del Interior / portal oficial de datos abiertos,PRIMARY_OFFICIAL
2019A,2019-04-28,18 - Granada,VIVIR OURENSE - VOU,0,0,Ministerio del Interior / portal oficial de datos abiertos,PRIMARY_OFFICIAL
2019A,2019-04-28,18 - Granada,VOX - VOX,73914,1,Ministerio del Interior / portal oficial de datos abiertos,PRIMARY_OFFICIAL
2019A,2019-04-28,18 - Granada,Veus PROGRESSISTES - ARA-MES-ESQUERRA,0,0,Ministerio del Interior / portal oficial de datos abiertos,PRIMARY_OFFICIAL
2019A,2019-04-28,19 - Guadalajara,ACTÚA - PACT,0,0,Ministerio del Interior / portal oficial de datos abiertos,PRIMARY_OFFICIAL
2019A,2019-04-28,19 - Guadalajara,AHORA CANARIAS: Alternativa Nacionalista Canaria ANC y Unidad del Pueblo - AHORA CANARIAS,0,0,Ministerio del Interior / portal oficial de datos abiertos,PRIMARY_OFFICIAL
2019A,2019-04-28,19 - Guadalajara,ANDALUCÍA POR SÍ - AxSI,0,0,Ministerio del Interior / portal oficial de datos abiertos,PRIMARY_OFFICIAL
2019A,2019-04-28,19 - Guadalajara,ANDECHA ASTUR - ANDECHA ASTUR,0,0,Ministerio del Interior / portal oficial de datos abiertos,PRIMARY_OFFICIAL
2019A,2019-04-28,19 - Guadalajara,AVANT ADELANTE LOS VERDES - AVANT ADELANTE LOS VERDES,0,0,Ministerio del Interior / portal oficial de datos abiertos,PRIMARY_OFFICIAL
2019A,2019-04-28,19 - Guadalajara,BLOQUE NACIONALISTA GALEGO - BNG,0,0,Ministerio del Interior / portal oficial de datos abiertos,PRIMARY_OFFICIAL
2019A,2019-04-28,19 - Guadalajara,CENTRADOS - centrados,0,0,Ministerio del Interior / portal oficial de datos abiertos,PRIMARY_OFFICIAL
2019A,2019-04-28,19 - Guadalajara,CIUDADANOS INDEPENDIENTES DE LINARES UNIDOS - CILU-LINARES,0,0,Ministerio del Interior / portal oficial de datos abiertos,PRIMARY_OFFICIAL
2019A,2019-04-28,19 - Guadalajara,CIUDADANOS-PARTIDO DE LA CIUDADANÍA - Cs,26817,1,Ministerio del Interior / portal oficial de datos abiertos,PRIMARY_OFFICIAL
2019A,2019-04-28,19 - Guadalajara,CIUTADANS-PARTIDO DE LA CIUDADANÍA - Cs,0,0,Ministerio del Interior / portal oficial de datos abiertos,PRIMARY_OFFICIAL
2019A,2019-04-28,19 - Guadalajara,COALICION CANARIA-PARTIDO NACIONALISTA CANARIO - CCa-PNC,0,0,Ministerio del Interior / portal oficial de datos abiertos,PRIMARY_OFFICIAL
2019A,2019-04-28,19 - Guadalajara,COALICION POR MELILLA - CpM,0,0,Ministerio del Interior / portal oficial de datos abiertos,PRIMARY_OFFICIAL
2019A,2019-04-28,19 - Guadalajara,COMPROMISO POR GALICIA - CxG,0,0,Ministerio del Interior / portal oficial de datos abiertos,PRIMARY_OFFICIAL
2019A,2019-04-28,19 - Guadalajara,COMPROMÍS: BLOC-INICIATIVA-VERDSEQUO - COMPROMÍS 2,0,0,Ministerio del Interior / portal oficial de datos abiertos,PRIMARY_OFFICIAL
2019A,2019-04-28,19 - Guadalajara,CONVERGENTS - CNV,0,0,Ministerio del Interior / portal oficial de datos abiertos,PRIMARY_OFFICIAL
2019A,2019-04-28,19 - Guadalajara,CONVERXENCIA 21 - C 21,0,0,Ministerio del Interior / portal oficial de datos abiertos,PRIMARY_OFFICIAL
2019A,2019-04-28,19 - Guadalajara,DEFENSA DE LO PÚBLICO - DP,0,0,Ministerio del Interior / portal oficial de datos abiertos,PRIMARY_OFFICIAL
2019A,2019-04-28,19 - Guadalajara,DEMOCRACIA PLURAL - DPL,0,0,Ministerio del Interior / portal oficial de datos abiertos,PRIMARY_OFFICIAL
2019A,2019-04-28,19 - Guadalajara,EL PI - PROPOSTA PER LES ILLES BALEARS - EL PI,0,0,Ministerio del Interior / portal oficial de datos abiertos,PRIMARY_OFFICIAL
2019A,2019-04-28,19 - Guadalajara,ELKARREKIN PODEMOS-UNIDAS PODEMOS - PODEMOS-IU-EQUO BERDEAK,0,0,Ministerio del Interior / portal oficial de datos abiertos,PRIMARY_OFFICIAL
2019A,2019-04-28,19 - Guadalajara,EN COMÚ PODEM - GUANYEM EL CANVI - ECP-GUANYEM,0,0,Ministerio del Interior / portal oficial de datos abiertos,PRIMARY_OFFICIAL
2019A,2019-04-28,19 - Guadalajara,EN COMÚN-UNIDAS PODEMOS - PODEMOS-EU-,0,0,Ministerio del Interior / portal oficial de datos abiertos,PRIMARY_OFFICIAL
2019A,2019-04-28,19 - Guadalajara,EN MAREA - EN MAREA,0,0,Ministerio del Interior / portal oficial de datos abiertos,PRIMARY_OFFICIAL
2019A,2019-04-28,19 - Guadalajara,ESCANOS EN BRANCO - EB,0,0,Ministerio del Interior / portal oficial de datos abiertos,PRIMARY_OFFICIAL
2019A,2019-04-28,19 - Guadalajara,ESCAÑOS EN BLANCO - EB,0,0,Ministerio del Interior / portal oficial de datos abiertos,PRIMARY_OFFICIAL
2019A,2019-04-28,19 - Guadalajara,ESCAÑOS EN BLANCO-AULKI ZURIAK - EB,0,0,Ministerio del Interior / portal oficial de datos abiertos,PRIMARY_OFFICIAL
2019A,2019-04-28,19 - Guadalajara,ESQUERRA REPUBLICANA DE CATALUNYA-SOBIRANISTES - ERC-SOBIRANISTES,0,0,Ministerio del Interior / portal oficial de datos abiertos,PRIMARY_OFFICIAL
2019A,2019-04-28,19 - Guadalajara,ESQUERRA REPUBLICANA DEL PAÍS VALENCIÀ - ERPV,0,0,Ministerio del Interior / portal oficial de datos abiertos,PRIMARY_OFFICIAL
2019A,2019-04-28,19 - Guadalajara,EUSKADIKO LANGILEEN ALDERDI KOMUNISTA/PARTIDO COMUNISTA DE LOS TRABAJADORES DE EUSKADI - ELAK/PCTE,0,0,Ministerio del Interior / portal oficial de datos abiertos,PRIMARY_OFFICIAL
2019A,2019-04-28,19 - Guadalajara,EUSKAL HERRIA BILDU - EH Bildu,0,0,Ministerio del Interior / portal oficial de datos abiertos,PRIMARY_OFFICIAL
2019A,2019-04-28,19 - Guadalajara,EUZKO ALDERDI JELTZALEA-PARTIDO NACIONALISTA VASCO - EAJ-PNV,0,0,Ministerio del Interior / portal oficial de datos abiertos,PRIMARY_OFFICIAL
2019A,2019-04-28,19 - Guadalajara,EXTREMEÑOS PREX CREX - C.Ex-C.R.Ex,0,0,Ministerio del Interior / portal oficial de datos abiertos,PRIMARY_OFFICIAL
2019A,2019-04-28,19 - Guadalajara,FALANGE ESPAÑOLA DE LAS JONS - FE de las J,0,0,Ministerio del Interior / portal oficial de datos abiertos,PRIMARY_OFFICIAL
2019A,2019-04-28,19 - Guadalajara,FEDERACION DE LOS INDEPENDIENTES DE ARAGON - FIA,0,0,Ministerio del Interior / portal oficial de datos abiertos,PRIMARY_OFFICIAL
2019A,2019-04-28,19 - Guadalajara,FEMINISM8 - F8,0,0,Ministerio del Interior / portal oficial de datos abiertos,PRIMARY_OFFICIAL
2019A,2019-04-28,19 - Guadalajara,GEROA BAI - GBAI,0,0,Ministerio del Interior / portal oficial de datos abiertos,PRIMARY_OFFICIAL
2019A,2019-04-28,19 - Guadalajara,IZQUIERDA ANTICAPITALISTA REVOLUCIONARIA - IZAR,0,0,Ministerio del Interior / portal oficial de datos abiertos,PRIMARY_OFFICIAL
2019A,2019-04-28,19 - Guadalajara,IZQUIERDA EN POSITIVO - IZQP,0,0,Ministerio del Interior / portal oficial de datos abiertos,PRIMARY_OFFICIAL
2019A,2019-04-28,19 - Guadalajara,JUNTS PER CATALUNYA-JUNTS - JxCAT-JUNTS,0,0,Ministerio del Interior / portal oficial de datos abiertos,PRIMARY_OFFICIAL
2019A,2019-04-28,19 - Guadalajara,LOS VERDES ECOPACIFISTAS ADELANTE - AVANT-LOS VERDES,0,0,Ministerio del Interior / portal oficial de datos abiertos,PRIMARY_OFFICIAL
2019A,2019-04-28,19 - Guadalajara,MUERTE AL SISTEMA - +MAS+,0,0,Ministerio del Interior / portal oficial de datos abiertos,PRIMARY_OFFICIAL
2019A,2019-04-28,19 - Guadalajara,NAVARRA SUMA - NA+,0,0,Ministerio del Interior / portal oficial de datos abiertos,PRIMARY_OFFICIAL
2019A,2019-04-28,19 - Guadalajara,NUEVA CANARIAS - NCa,0,0,Ministerio del Interior / portal oficial de datos abiertos,PRIMARY_OFFICIAL
2019A,2019-04-28,19 - Guadalajara,PARTIDO ANIMALISTA CONTRA EL MALTRATO ANIMAL - PACMA,1816,0,Ministerio del Interior / portal oficial de datos abiertos,PRIMARY_OFFICIAL
2019A,2019-04-28,19 - Guadalajara,PARTIDO COMUNISTA DE LOS PUEBLOS DE ESPAÑA - PCPE,0,0,Ministerio del Interior / portal oficial de datos abiertos,PRIMARY_OFFICIAL
2019A,2019-04-28,19 - Guadalajara,PARTIDO COMUNISTA DE LOS TRABAJADORES DE ESPAÑA - PCTE,0,0,Ministerio del Interior / portal oficial de datos abiertos,PRIMARY_OFFICIAL
2019A,2019-04-28,19 - Guadalajara,PARTIDO COMUNISTA DE LOS TRABAJADORES DE EUSKADI/EUSKADIKO LANGILEEN ALDERDI KOMUNISTA - PCTE/ELAK,0,0,Ministerio del Interior / portal oficial de datos abiertos,PRIMARY_OFFICIAL
2019A,2019-04-28,19 - Guadalajara,PARTIDO COMUNISTA DEL PUEBLO ANDALUZ - PCPA,0,0,Ministerio del Interior / portal oficial de datos abiertos,PRIMARY_OFFICIAL
2019A,2019-04-28,19 - Guadalajara,PARTIDO COMUNISTA DEL PUEBLO CANARIO - PCPC,0,0,Ministerio del Interior / portal oficial de datos abiertos,PRIMARY_OFFICIAL
2019A,2019-04-28,19 - Guadalajara,PARTIDO COMUNISTA DOS TRABALLADORES DE GALIZA - PCTG,0,0,Ministerio del Interior / portal oficial de datos abiertos,PRIMARY_OFFICIAL
2019A,2019-04-28,19 - Guadalajara,PARTIDO COMUNISTA OBRERO ESPAÑOL - PCOE,325,0,Ministerio del Interior / portal oficial de datos abiertos,PRIMARY_OFFICIAL
2019A,2019-04-28,19 - Guadalajara,PARTIDO DE ACCIÓN SOLIDARIA EUROPEA - SOLIDARIA,0,0,Ministerio del Interior / portal oficial de datos abiertos,PRIMARY_OFFICIAL
2019A,2019-04-28,19 - Guadalajara,"PARTIDO DE JUBILADOS POR EL FUTURO. DIGNIDAD Y DEMOCRACIA - ""JF""",0,0,Ministerio del Interior / portal oficial de datos abiertos,PRIMARY_OFFICIAL
2019A,2019-04-28,19 - Guadalajara,PARTIDO DEMÓCRATA SOCIAL JUBILADOS EUROPEOS - UNID - PDSJE-UDEC,0,0,Ministerio del Interior / portal oficial de datos abiertos,PRIMARY_OFFICIAL
2019A,2019-04-28,19 - Guadalajara,PARTIDO DOS SOCIALISTAS DE GALICIA-PARTIDO SOCIALI - PSdeG-PSOE,0,0,Ministerio del Interior / portal oficial de datos abiertos,PRIMARY_OFFICIAL
2019A,2019-04-28,19 - Guadalajara,PARTIDO HUMANISTA - PH,0,0,Ministerio del Interior / portal oficial de datos abiertos,PRIMARY_OFFICIAL
2019A,2019-04-28,19 - Guadalajara,PARTIDO LIBERTARIO - P-LIB,0,0,Ministerio del Interior / portal oficial de datos abiertos,PRIMARY_OFFICIAL
2019A,2019-04-28,19 - Guadalajara,PARTIDO POPULAR - FORO - PP-FORO,0,0,Ministerio del Interior / portal oficial de datos abiertos,PRIMARY_OFFICIAL
2019A,2019-04-28,19 - Guadalajara,PARTIDO POPULAR - PP,28618,1,Ministerio del Interior / portal oficial de datos abiertos,PRIMARY_OFFICIAL
2019A,2019-04-28,19 - Guadalajara,PARTIDO POPULAR/PARTIT POPULAR - PP,0,0,Ministerio del Interior / portal oficial de datos abiertos,PRIMARY_OFFICIAL
2019A,2019-04-28,19 - Guadalajara,PARTIDO REGIONALISTA DE CANTABRIA - PRC,0,0,Ministerio del Interior / portal oficial de datos abiertos,PRIMARY_OFFICIAL
2019A,2019-04-28,19 - Guadalajara,PARTIDO REGIONALISTA DEL PAIS LEONES - PREPAL,0,0,Ministerio del Interior / portal oficial de datos abiertos,PRIMARY_OFFICIAL
2019A,2019-04-28,19 - Guadalajara,PARTIDO REPUBLICANO INDEPENDIENTE SOLIDARIO ANDALUZ - RISA,0,0,Ministerio del Interior / portal oficial de datos abiertos,PRIMARY_OFFICIAL
2019A,2019-04-28,19 - Guadalajara,PARTIDO RIOJANO - PR+,0,0,Ministerio del Interior / portal oficial de datos abiertos,PRIMARY_OFFICIAL
2019A,2019-04-28,19 - Guadalajara,PARTIDO SOCIALISTA DE EUSKADI-EUSKADIKO EZKERRA (PSOE) - PSE-EE (PSOE),0,0,Ministerio del Interior / portal oficial de datos abiertos,PRIMARY_OFFICIAL
2019A,2019-04-28,19 - Guadalajara,PARTIDO SOCIALISTA OBRERO ESPAÑOL - PSOE,42521,1,Ministerio del Interior / portal oficial de datos abiertos,PRIMARY_OFFICIAL
2019A,2019-04-28,19 - Guadalajara,PARTIT ANIMALISTA CONTRA EL MALTRACTAMENT ANIMAL - PACMA,0,0,Ministerio del Interior / portal oficial de datos abiertos,PRIMARY_OFFICIAL
2019A,2019-04-28,19 - Guadalajara,PARTIT COMUNISTA DEL POBLE DE CATALUNYA - PCPC,0,0,Ministerio del Interior / portal oficial de datos abiertos,PRIMARY_OFFICIAL
2019A,2019-04-28,19 - Guadalajara,PARTIT COMUNISTA DELS POBLES D'ESPANYA - PCPE,0,0,Ministerio del Interior / portal oficial de datos abiertos,PRIMARY_OFFICIAL
2019A,2019-04-28,19 - Guadalajara,PARTIT COMUNISTA DELS TREBALLADORS DE CATALUNYA - PCTC,0,0,Ministerio del Interior / portal oficial de datos abiertos,PRIMARY_OFFICIAL
2019A,2019-04-28,19 - Guadalajara,PARTIT DELS SOCIALISTES DE CATALUNYA (PSC-PSOE) - PSC,0,0,Ministerio del Interior / portal oficial de datos abiertos,PRIMARY_OFFICIAL
2019A,2019-04-28,19 - Guadalajara,PARTIT POPULAR-PARTIDO POPULAR - PP,0,0,Ministerio del Interior / portal oficial de datos abiertos,PRIMARY_OFFICIAL
2019A,2019-04-28,19 - Guadalajara,PARTIT SOCIALISTA OBRER ESPANYOL - PSOE,0,0,Ministerio del Interior / portal oficial de datos abiertos,PRIMARY_OFFICIAL
2019A,2019-04-28,19 - Guadalajara,PER UN MÓN MÉS JUST - PUM+J,0,0,Ministerio del Interior / portal oficial de datos abiertos,PRIMARY_OFFICIAL
2019A,2019-04-28,19 - Guadalajara,PLATAFORMA DEL PUEBLO SORIANO - PPSO,0,0,Ministerio del Interior / portal oficial de datos abiertos,PRIMARY_OFFICIAL
2019A,2019-04-28,19 - Guadalajara,POBLE LLIURE - SOM ALTERNATIVA - PIRATES DE CATALU - FRONT REPUB,0,0,Ministerio del Interior / portal oficial de datos abiertos,PRIMARY_OFFICIAL
2019A,2019-04-28,19 - Guadalajara,POR UN MUNDO MÁS JUSTO (BIDEZKO MUNDURANTZ) - PUM+J,0,0,Ministerio del Interior / portal oficial de datos abiertos,PRIMARY_OFFICIAL
2019A,2019-04-28,19 - Guadalajara,POR UN MUNDO MÁS JUSTO - PUM+J,254,0,Ministerio del Interior / portal oficial de datos abiertos,PRIMARY_OFFICIAL
2019A,2019-04-28,19 - Guadalajara,PUYALON - PYLN,0,0,Ministerio del Interior / portal oficial de datos abiertos,PRIMARY_OFFICIAL
2019A,2019-04-28,19 - Guadalajara,RECORTES CERO-GRUPO VERDE - RECORTES CERO-GV,0,0,Ministerio del Interior / portal oficial de datos abiertos,PRIMARY_OFFICIAL
2019A,2019-04-28,19 - Guadalajara,RECORTES CERO-GRUPO VERDE-PARTIDO CASTELLANO-TIERRA COMUNERA - RECORTES CERO-GV-PCAS-TC,335,0,Ministerio del Interior / portal oficial de datos abiertos,PRIMARY_OFFICIAL
2019A,2019-04-28,19 - Guadalajara,SOM VALENCIANS EN MOVIMENT - UIG-SOM-CUIDES,0,0,Ministerio del Interior / portal oficial de datos abiertos,PRIMARY_OFFICIAL
2019A,2019-04-28,19 - Guadalajara,SOMOS REGIÓN - SOMOS REGIÓ,0,0,Ministerio del Interior / portal oficial de datos abiertos,PRIMARY_OFFICIAL
2019A,2019-04-28,19 - Guadalajara,UNIDAS PODEMOS - PODEMOS-EUPV,0,0,Ministerio del Interior / portal oficial de datos abiertos,PRIMARY_OFFICIAL
2019A,2019-04-28,19 - Guadalajara,UNIDAS PODEMOS - PODEMOS-IU LV CA-EQUO,0,0,Ministerio del Interior / portal oficial de datos abiertos,PRIMARY_OFFICIAL
2019A,2019-04-28,19 - Guadalajara,UNIDAS PODEMOS - PODEMOS-IU-EQUO,17524,0,Ministerio del Interior / portal oficial de datos abiertos,PRIMARY_OFFICIAL
2019A,2019-04-28,19 - Guadalajara,UNIDAS PODEMOS - PODEMOS-IU-EQUO-BATZARRE,0,0,Ministerio del Interior / portal oficial de datos abiertos,PRIMARY_OFFICIAL
2019A,2019-04-28,19 - Guadalajara,UNIDAS PODEMOS-ALTOARAGÓN EN COMÚN - PODEMOS-IU-,0,0,Ministerio del Interior / portal oficial de datos abiertos,PRIMARY_OFFICIAL
2019A,2019-04-28,19 - Guadalajara,UNIDAS PODEMOS-UNIDES PODEM - PODEMOS-EUIB,0,0,Ministerio del Interior / portal oficial de datos abiertos,PRIMARY_OFFICIAL
2019A,2019-04-28,19 - Guadalajara,UNIDAS PODEMOS-XUNIES PODEMOS - PODEMOS-IX-EQUO,0,0,Ministerio del Interior / portal oficial de datos abiertos,PRIMARY_OFFICIAL
2019A,2019-04-28,19 - Guadalajara,UNIÓN DE TODOS - UDT,0,0,Ministerio del Interior / portal oficial de datos abiertos,PRIMARY_OFFICIAL
2019A,2019-04-28,19 - Guadalajara,UNIÓN REGIONALISTA DE CASTILLA Y LEÓN - UNIÓN REGIO,0,0,Ministerio del Interior / portal oficial de datos abiertos,PRIMARY_OFFICIAL
2019A,2019-04-28,19 - Guadalajara,VIVIR OURENSE - VOU,0,0,Ministerio del Interior / portal oficial de datos abiertos,PRIMARY_OFFICIAL
2019A,2019-04-28,19 - Guadalajara,VOX - VOX,23501,0,Ministerio del Interior / portal oficial de datos abiertos,PRIMARY_OFFICIAL
2019A,2019-04-28,19 - Guadalajara,Veus PROGRESSISTES - ARA-MES-ESQUERRA,0,0,Ministerio del Interior / portal oficial de datos abiertos,PRIMARY_OFFICIAL
2019A,2019-04-28,2 - Albacete,ACTÚA - PACT,0,0,Ministerio del Interior / portal oficial de datos abiertos,PRIMARY_OFFICIAL
2019A,2019-04-28,2 - Albacete,AHORA CANARIAS: Alternativa Nacionalista Canaria ANC y Unidad del Pueblo - AHORA CANARIAS,0,0,Ministerio del Interior / portal oficial de datos abiertos,PRIMARY_OFFICIAL
2019A,2019-04-28,2 - Albacete,ANDALUCÍA POR SÍ - AxSI,0,0,Ministerio del Interior / portal oficial de datos abiertos,PRIMARY_OFFICIAL
2019A,2019-04-28,2 - Albacete,ANDECHA ASTUR - ANDECHA ASTUR,0,0,Ministerio del Interior / portal oficial de datos abiertos,PRIMARY_OFFICIAL
2019A,2019-04-28,2 - Albacete,AVANT ADELANTE LOS VERDES - AVANT ADELANTE LOS VERDES,0,0,Ministerio del Interior / portal oficial de datos abiertos,PRIMARY_OFFICIAL
2019A,2019-04-28,2 - Albacete,BLOQUE NACIONALISTA GALEGO - BNG,0,0,Ministerio del Interior / portal oficial de datos abiertos,PRIMARY_OFFICIAL
2019A,2019-04-28,2 - Albacete,CENTRADOS - centrados,0,0,Ministerio del Interior / portal oficial de datos abiertos,PRIMARY_OFFICIAL
2019A,2019-04-28,2 - Albacete,CIUDADANOS INDEPENDIENTES DE LINARES UNIDOS - CILU-LINARES,0,0,Ministerio del Interior / portal oficial de datos abiertos,PRIMARY_OFFICIAL
2019A,2019-04-28,2 - Albacete,CIUDADANOS-PARTIDO DE LA CIUDADANÍA - Cs,43835,1,Ministerio del Interior / portal oficial de datos abiertos,PRIMARY_OFFICIAL
2019A,2019-04-28,2 - Albacete,CIUTADANS-PARTIDO DE LA CIUDADANÍA - Cs,0,0,Ministerio del Interior / portal oficial de datos abiertos,PRIMARY_OFFICIAL
2019A,2019-04-28,2 - Albacete,COALICION CANARIA-PARTIDO NACIONALISTA CANARIO - CCa-PNC,0,0,Ministerio del Interior / portal oficial de datos abiertos,PRIMARY_OFFICIAL
2019A,2019-04-28,2 - Albacete,COALICION POR MELILLA - CpM,0,0,Ministerio del Interior / portal oficial de datos abiertos,PRIMARY_OFFICIAL
2019A,2019-04-28,2 - Albacete,COMPROMISO POR GALICIA - CxG,0,0,Ministerio del Interior / portal oficial de datos abiertos,PRIMARY_OFFICIAL
2019A,2019-04-28,2 - Albacete,COMPROMÍS: BLOC-INICIATIVA-VERDSEQUO - COMPROMÍS 2,0,0,Ministerio del Interior / portal oficial de datos abiertos,PRIMARY_OFFICIAL
2019A,2019-04-28,2 - Albacete,CONVERGENTS - CNV,0,0,Ministerio del Interior / portal oficial de datos abiertos,PRIMARY_OFFICIAL
2019A,2019-04-28,2 - Albacete,CONVERXENCIA 21 - C 21,0,0,Ministerio del Interior / portal oficial de datos abiertos,PRIMARY_OFFICIAL
2019A,2019-04-28,2 - Albacete,DEFENSA DE LO PÚBLICO - DP,0,0,Ministerio del Interior / portal oficial de datos abiertos,PRIMARY_OFFICIAL
2019A,2019-04-28,2 - Albacete,DEMOCRACIA PLURAL - DPL,0,0,Ministerio del Interior / portal oficial de datos abiertos,PRIMARY_OFFICIAL
2019A,2019-04-28,2 - Albacete,EL PI - PROPOSTA PER LES ILLES BALEARS - EL PI,0,0,Ministerio del Interior / portal oficial de datos abiertos,PRIMARY_OFFICIAL
2019A,2019-04-28,2 - Albacete,ELKARREKIN PODEMOS-UNIDAS PODEMOS - PODEMOS-IU-EQUO BERDEAK,0,0,Ministerio del Interior / portal oficial de datos abiertos,PRIMARY_OFFICIAL
2019A,2019-04-28,2 - Albacete,EN COMÚ PODEM - GUANYEM EL CANVI - ECP-GUANYEM,0,0,Ministerio del Interior / portal oficial de datos abiertos,PRIMARY_OFFICIAL
2019A,2019-04-28,2 - Albacete,EN COMÚN-UNIDAS PODEMOS - PODEMOS-EU-,0,0,Ministerio del Interior / portal oficial de datos abiertos,PRIMARY_OFFICIAL
2019A,2019-04-28,2 - Albacete,EN MAREA - EN MAREA,0,0,Ministerio del Interior / portal oficial de datos abiertos,PRIMARY_OFFICIAL
2019A,2019-04-28,2 - Albacete,ESCANOS EN BRANCO - EB,0,0,Ministerio del Interior / portal oficial de datos abiertos,PRIMARY_OFFICIAL
2019A,2019-04-28,2 - Albacete,ESCAÑOS EN BLANCO - EB,0,0,Ministerio del Interior / portal oficial de datos abiertos,PRIMARY_OFFICIAL
2019A,2019-04-28,2 - Albacete,ESCAÑOS EN BLANCO-AULKI ZURIAK - EB,0,0,Ministerio del Interior / portal oficial de datos abiertos,PRIMARY_OFFICIAL
2019A,2019-04-28,2 - Albacete,ESQUERRA REPUBLICANA DE CATALUNYA-SOBIRANISTES - ERC-SOBIRANISTES,0,0,Ministerio del Interior / portal oficial de datos abiertos,PRIMARY_OFFICIAL
2019A,2019-04-28,2 - Albacete,ESQUERRA REPUBLICANA DEL PAÍS VALENCIÀ - ERPV,0,0,Ministerio del Interior / portal oficial de datos abiertos,PRIMARY_OFFICIAL
2019A,2019-04-28,2 - Albacete,EUSKADIKO LANGILEEN ALDERDI KOMUNISTA/PARTIDO COMUNISTA DE LOS TRABAJADORES DE EUSKADI - ELAK/PCTE,0,0,Ministerio del Interior / portal oficial de datos abiertos,PRIMARY_OFFICIAL
2019A,2019-04-28,2 - Albacete,EUSKAL HERRIA BILDU - EH Bildu,0,0,Ministerio del Interior / portal oficial de datos abiertos,PRIMARY_OFFICIAL
2019A,2019-04-28,2 - Albacete,EUZKO ALDERDI JELTZALEA-PARTIDO NACIONALISTA VASCO - EAJ-PNV,0,0,Ministerio del Interior / portal oficial de datos abiertos,PRIMARY_OFFICIAL
2019A,2019-04-28,2 - Albacete,EXTREMEÑOS PREX CREX - C.Ex-C.R.Ex,0,0,Ministerio del Interior / portal oficial de datos abiertos,PRIMARY_OFFICIAL
2019A,2019-04-28,2 - Albacete,FALANGE ESPAÑOLA DE LAS JONS - FE de las J,0,0,Ministerio del Interior / portal oficial de datos abiertos,PRIMARY_OFFICIAL
2019A,2019-04-28,2 - Albacete,FEDERACION DE LOS INDEPENDIENTES DE ARAGON - FIA,0,0,Ministerio del Interior / portal oficial de datos abiertos,PRIMARY_OFFICIAL
2019A,2019-04-28,2 - Albacete,FEMINISM8 - F8,0,0,Ministerio del Interior / portal oficial de datos abiertos,PRIMARY_OFFICIAL
2019A,2019-04-28,2 - Albacete,GEROA BAI - GBAI,0,0,Ministerio del Interior / portal oficial de datos abiertos,PRIMARY_OFFICIAL
2019A,2019-04-28,2 - Albacete,IZQUIERDA ANTICAPITALISTA REVOLUCIONARIA - IZAR,0,0,Ministerio del Interior / portal oficial de datos abiertos,PRIMARY_OFFICIAL
2019A,2019-04-28,2 - Albacete,IZQUIERDA EN POSITIVO - IZQP,0,0,Ministerio del Interior / portal oficial de datos abiertos,PRIMARY_OFFICIAL
2019A,2019-04-28,2 - Albacete,JUNTS PER CATALUNYA-JUNTS - JxCAT-JUNTS,0,0,Ministerio del Interior / portal oficial de datos abiertos,PRIMARY_OFFICIAL
2019A,2019-04-28,2 - Albacete,LOS VERDES ECOPACIFISTAS ADELANTE - AVANT-LOS VERDES,0,0,Ministerio del Interior / portal oficial de datos abiertos,PRIMARY_OFFICIAL
2019A,2019-04-28,2 - Albacete,MUERTE AL SISTEMA - +MAS+,0,0,Ministerio del Interior / portal oficial de datos abiertos,PRIMARY_OFFICIAL
2019A,2019-04-28,2 - Albacete,NAVARRA SUMA - NA+,0,0,Ministerio del Interior / portal oficial de datos abiertos,PRIMARY_OFFICIAL
2019A,2019-04-28,2 - Albacete,NUEVA CANARIAS - NCa,0,0,Ministerio del Interior / portal oficial de datos abiertos,PRIMARY_OFFICIAL
2019A,2019-04-28,2 - Albacete,PARTIDO ANIMALISTA CONTRA EL MALTRATO ANIMAL - PACMA,2205,0,Ministerio del Interior / portal oficial de datos abiertos,PRIMARY_OFFICIAL
2019A,2019-04-28,2 - Albacete,PARTIDO COMUNISTA DE LOS PUEBLOS DE ESPAÑA - PCPE,224,0,Ministerio del Interior / portal oficial de datos abiertos,PRIMARY_OFFICIAL
2019A,2019-04-28,2 - Albacete,PARTIDO COMUNISTA DE LOS TRABAJADORES DE ESPAÑA - PCTE,182,0,Ministerio del Interior / portal oficial de datos abiertos,PRIMARY_OFFICIAL
2019A,2019-04-28,2 - Albacete,PARTIDO COMUNISTA DE LOS TRABAJADORES DE EUSKADI/EUSKADIKO LANGILEEN ALDERDI KOMUNISTA - PCTE/ELAK,0,0,Ministerio del Interior / portal oficial de datos abiertos,PRIMARY_OFFICIAL
2019A,2019-04-28,2 - Albacete,PARTIDO COMUNISTA DEL PUEBLO ANDALUZ - PCPA,0,0,Ministerio del Interior / portal oficial de datos abiertos,PRIMARY_OFFICIAL
2019A,2019-04-28,2 - Albacete,PARTIDO COMUNISTA DEL PUEBLO CANARIO - PCPC,0,0,Ministerio del Interior / portal oficial de datos abiertos,PRIMARY_OFFICIAL
2019A,2019-04-28,2 - Albacete,PARTIDO COMUNISTA DOS TRABALLADORES DE GALIZA - PCTG,0,0,Ministerio del Interior / portal oficial de datos abiertos,PRIMARY_OFFICIAL
2019A,2019-04-28,2 - Albacete,PARTIDO COMUNISTA OBRERO ESPAÑOL - PCOE,0,0,Ministerio del Interior / portal oficial de datos abiertos,PRIMARY_OFFICIAL
2019A,2019-04-28,2 - Albacete,PARTIDO DE ACCIÓN SOLIDARIA EUROPEA - SOLIDARIA,0,0,Ministerio del Interior / portal oficial de datos abiertos,PRIMARY_OFFICIAL
2019A,2019-04-28,2 - Albacete,"PARTIDO DE JUBILADOS POR EL FUTURO. DIGNIDAD Y DEMOCRACIA - ""JF""",0,0,Ministerio del Interior / portal oficial de datos abiertos,PRIMARY_OFFICIAL
2019A,2019-04-28,2 - Albacete,PARTIDO DEMÓCRATA SOCIAL JUBILADOS EUROPEOS - UNID - PDSJE-UDEC,0,0,Ministerio del Interior / portal oficial de datos abiertos,PRIMARY_OFFICIAL
2019A,2019-04-28,2 - Albacete,PARTIDO DOS SOCIALISTAS DE GALICIA-PARTIDO SOCIALI - PSdeG-PSOE,0,0,Ministerio del Interior / portal oficial de datos abiertos,PRIMARY_OFFICIAL
2019A,2019-04-28,2 - Albacete,PARTIDO HUMANISTA - PH,0,0,Ministerio del Interior / portal oficial de datos abiertos,PRIMARY_OFFICIAL
2019A,2019-04-28,2 - Albacete,PARTIDO LIBERTARIO - P-LIB,0,0,Ministerio del Interior / portal oficial de datos abiertos,PRIMARY_OFFICIAL
2019A,2019-04-28,2 - Albacete,PARTIDO POPULAR - FORO - PP-FORO,0,0,Ministerio del Interior / portal oficial de datos abiertos,PRIMARY_OFFICIAL
2019A,2019-04-28,2 - Albacete,PARTIDO POPULAR - PP,51817,1,Ministerio del Interior / portal oficial de datos abiertos,PRIMARY_OFFICIAL
2019A,2019-04-28,2 - Albacete,PARTIDO POPULAR/PARTIT POPULAR - PP,0,0,Ministerio del Interior / portal oficial de datos abiertos,PRIMARY_OFFICIAL
2019A,2019-04-28,2 - Albacete,PARTIDO REGIONALISTA DE CANTABRIA - PRC,0,0,Ministerio del Interior / portal oficial de datos abiertos,PRIMARY_OFFICIAL
2019A,2019-04-28,2 - Albacete,PARTIDO REGIONALISTA DEL PAIS LEONES - PREPAL,0,0,Ministerio del Interior / portal oficial de datos abiertos,PRIMARY_OFFICIAL
2019A,2019-04-28,2 - Albacete,PARTIDO REPUBLICANO INDEPENDIENTE SOLIDARIO ANDALUZ - RISA,0,0,Ministerio del Interior / portal oficial de datos abiertos,PRIMARY_OFFICIAL
2019A,2019-04-28,2 - Albacete,PARTIDO RIOJANO - PR+,0,0,Ministerio del Interior / portal oficial de datos abiertos,PRIMARY_OFFICIAL
2019A,2019-04-28,2 - Albacete,PARTIDO SOCIALISTA DE EUSKADI-EUSKADIKO EZKERRA (PSOE) - PSE-EE (PSOE),0,0,Ministerio del Interior / portal oficial de datos abiertos,PRIMARY_OFFICIAL
2019A,2019-04-28,2 - Albacete,PARTIDO SOCIALISTA OBRERO ESPAÑOL - PSOE,75005,2,Ministerio del Interior / portal oficial de datos abiertos,PRIMARY_OFFICIAL
2019A,2019-04-28,2 - Albacete,PARTIT ANIMALISTA CONTRA EL MALTRACTAMENT ANIMAL - PACMA,0,0,Ministerio del Interior / portal oficial de datos abiertos,PRIMARY_OFFICIAL
2019A,2019-04-28,2 - Albacete,PARTIT COMUNISTA DEL POBLE DE CATALUNYA - PCPC,0,0,Ministerio del Interior / portal oficial de datos abiertos,PRIMARY_OFFICIAL
2019A,2019-04-28,2 - Albacete,PARTIT COMUNISTA DELS POBLES D'ESPANYA - PCPE,0,0,Ministerio del Interior / portal oficial de datos abiertos,PRIMARY_OFFICIAL
2019A,2019-04-28,2 - Albacete,PARTIT COMUNISTA DELS TREBALLADORS DE CATALUNYA - PCTC,0,0,Ministerio del Interior / portal oficial de datos abiertos,PRIMARY_OFFICIAL
2019A,2019-04-28,2 - Albacete,PARTIT DELS SOCIALISTES DE CATALUNYA (PSC-PSOE) - PSC,0,0,Ministerio del Interior / portal oficial de datos abiertos,PRIMARY_OFFICIAL
2019A,2019-04-28,2 - Albacete,PARTIT POPULAR-PARTIDO POPULAR - PP,0,0,Ministerio del Interior / portal oficial de datos abiertos,PRIMARY_OFFICIAL
2019A,2019-04-28,2 - Albacete,PARTIT SOCIALISTA OBRER ESPANYOL - PSOE,0,0,Ministerio del Interior / portal oficial de datos abiertos,PRIMARY_OFFICIAL
2019A,2019-04-28,2 - Albacete,PER UN MÓN MÉS JUST - PUM+J,0,0,Ministerio del Interior / portal oficial de datos abiertos,PRIMARY_OFFICIAL
2019A,2019-04-28,2 - Albacete,PLATAFORMA DEL PUEBLO SORIANO - PPSO,0,0,Ministerio del Interior / portal oficial de datos abiertos,PRIMARY_OFFICIAL
2019A,2019-04-28,2 - Albacete,POBLE LLIURE - SOM ALTERNATIVA - PIRATES DE CATALU - FRONT REPUB,0,0,Ministerio del Interior / portal oficial de datos abiertos,PRIMARY_OFFICIAL
2019A,2019-04-28,2 - Albacete,POR UN MUNDO MÁS JUSTO (BIDEZKO MUNDURANTZ) - PUM+J,0,0,Ministerio del Interior / portal oficial de datos abiertos,PRIMARY_OFFICIAL
2019A,2019-04-28,2 - Albacete,POR UN MUNDO MÁS JUSTO - PUM+J,304,0,Ministerio del Interior / portal oficial de datos abiertos,PRIMARY_OFFICIAL
2019A,2019-04-28,2 - Albacete,PUYALON - PYLN,0,0,Ministerio del Interior / portal oficial de datos abiertos,PRIMARY_OFFICIAL
2019A,2019-04-28,2 - Albacete,RECORTES CERO-GRUPO VERDE - RECORTES CERO-GV,0,0,Ministerio del Interior / portal oficial de datos abiertos,PRIMARY_OFFICIAL
2019A,2019-04-28,2 - Albacete,RECORTES CERO-GRUPO VERDE-PARTIDO CASTELLANO-TIERRA COMUNERA - RECORTES CERO-GV-PCAS-TC,324,0,Ministerio del Interior / portal oficial de datos abiertos,PRIMARY_OFFICIAL
2019A,2019-04-28,2 - Albacete,SOM VALENCIANS EN MOVIMENT - UIG-SOM-CUIDES,0,0,Ministerio del Interior / portal oficial de datos abiertos,PRIMARY_OFFICIAL
2019A,2019-04-28,2 - Albacete,SOMOS REGIÓN - SOMOS REGIÓ,0,0,Ministerio del Interior / portal oficial de datos abiertos,PRIMARY_OFFICIAL
2019A,2019-04-28,2 - Albacete,UNIDAS PODEMOS - PODEMOS-EUPV,0,0,Ministerio del Interior / portal oficial de datos abiertos,PRIMARY_OFFICIAL
2019A,2019-04-28,2 - Albacete,UNIDAS PODEMOS - PODEMOS-IU LV CA-EQUO,0,0,Ministerio del Interior / portal oficial de datos abiertos,PRIMARY_OFFICIAL
2019A,2019-04-28,2 - Albacete,UNIDAS PODEMOS - PODEMOS-IU-EQUO,24855,0,Ministerio del Interior / portal oficial de datos abiertos,PRIMARY_OFFICIAL
2019A,2019-04-28,2 - Albacete,UNIDAS PODEMOS - PODEMOS-IU-EQUO-BATZARRE,0,0,Ministerio del Interior / portal oficial de datos abiertos,PRIMARY_OFFICIAL
2019A,2019-04-28,2 - Albacete,UNIDAS PODEMOS-ALTOARAGÓN EN COMÚN - PODEMOS-IU-,0,0,Ministerio del Interior / portal oficial de datos abiertos,PRIMARY_OFFICIAL
2019A,2019-04-28,2 - Albacete,UNIDAS PODEMOS-UNIDES PODEM - PODEMOS-EUIB,0,0,Ministerio del Interior / portal oficial de datos abiertos,PRIMARY_OFFICIAL
2019A,2019-04-28,2 - Albacete,UNIDAS PODEMOS-XUNIES PODEMOS - PODEMOS-IX-EQUO,0,0,Ministerio del Interior / portal oficial de datos abiertos,PRIMARY_OFFICIAL
2019A,2019-04-28,2 - Albacete,UNIÓN DE TODOS - UDT,0,0,Ministerio del Interior / portal oficial de datos abiertos,PRIMARY_OFFICIAL
2019A,2019-04-28,2 - Albacete,UNIÓN REGIONALISTA DE CASTILLA Y LEÓN - UNIÓN REGIO,0,0,Ministerio del Interior / portal oficial de datos abiertos,PRIMARY_OFFICIAL
2019A,2019-04-28,2 - Albacete,VIVIR OURENSE - VOU,0,0,Ministerio del Interior / portal oficial de datos abiertos,PRIMARY_OFFICIAL
2019A,2019-04-28,2 - Albacete,VOX - VOX,33948,0,Ministerio del Interior / portal oficial de datos abiertos,PRIMARY_OFFICIAL
2019A,2019-04-28,2 - Albacete,Veus PROGRESSISTES - ARA-MES-ESQUERRA,0,0,Ministerio del Interior / portal oficial de datos abiertos,PRIMARY_OFFICIAL
2019A,2019-04-28,20 - Gipuzkoa,ACTÚA - PACT,0,0,Ministerio del Interior / portal oficial de datos abiertos,PRIMARY_OFFICIAL
2019A,2019-04-28,20 - Gipuzkoa,AHORA CANARIAS: Alternativa Nacionalista Canaria ANC y Unidad del Pueblo - AHORA CANARIAS,0,0,Ministerio del Interior / portal oficial de datos abiertos,PRIMARY_OFFICIAL
2019A,2019-04-28,20 - Gipuzkoa,ANDALUCÍA POR SÍ - AxSI,0,0,Ministerio del Interior / portal oficial de datos abiertos,PRIMARY_OFFICIAL
2019A,2019-04-28,20 - Gipuzkoa,ANDECHA ASTUR - ANDECHA ASTUR,0,0,Ministerio del Interior / portal oficial de datos abiertos,PRIMARY_OFFICIAL
2019A,2019-04-28,20 - Gipuzkoa,AVANT ADELANTE LOS VERDES - AVANT ADELANTE LOS VERDES,0,0,Ministerio del Interior / portal oficial de datos abiertos,PRIMARY_OFFICIAL
2019A,2019-04-28,20 - Gipuzkoa,BLOQUE NACIONALISTA GALEGO - BNG,0,0,Ministerio del Interior / portal oficial de datos abiertos,PRIMARY_OFFICIAL
2019A,2019-04-28,20 - Gipuzkoa,CENTRADOS - centrados,0,0,Ministerio del Interior / portal oficial de datos abiertos,PRIMARY_OFFICIAL
2019A,2019-04-28,20 - Gipuzkoa,CIUDADANOS INDEPENDIENTES DE LINARES UNIDOS - CILU-LINARES,0,0,Ministerio del Interior / portal oficial de datos abiertos,PRIMARY_OFFICIAL
2019A,2019-04-28,20 - Gipuzkoa,CIUDADANOS-PARTIDO DE LA CIUDADANÍA - Cs,11892,0,Ministerio del Interior / portal oficial de datos abiertos,PRIMARY_OFFICIAL
2019A,2019-04-28,20 - Gipuzkoa,CIUTADANS-PARTIDO DE LA CIUDADANÍA - Cs,0,0,Ministerio del Interior / portal oficial de datos abiertos,PRIMARY_OFFICIAL
2019A,2019-04-28,20 - Gipuzkoa,COALICION CANARIA-PARTIDO NACIONALISTA CANARIO - CCa-PNC,0,0,Ministerio del Interior / portal oficial de datos abiertos,PRIMARY_OFFICIAL
2019A,2019-04-28,20 - Gipuzkoa,COALICION POR MELILLA - CpM,0,0,Ministerio del Interior / portal oficial de datos abiertos,PRIMARY_OFFICIAL
2019A,2019-04-28,20 - Gipuzkoa,COMPROMISO POR GALICIA - CxG,0,0,Ministerio del Interior / portal oficial de datos abiertos,PRIMARY_OFFICIAL
2019A,2019-04-28,20 - Gipuzkoa,COMPROMÍS: BLOC-INICIATIVA-VERDSEQUO - COMPROMÍS 2,0,0,Ministerio del Interior / portal oficial de datos abiertos,PRIMARY_OFFICIAL
2019A,2019-04-28,20 - Gipuzkoa,CONVERGENTS - CNV,0,0,Ministerio del Interior / portal oficial de datos abiertos,PRIMARY_OFFICIAL
2019A,2019-04-28,20 - Gipuzkoa,CONVERXENCIA 21 - C 21,0,0,Ministerio del Interior / portal oficial de datos abiertos,PRIMARY_OFFICIAL
2019A,2019-04-28,20 - Gipuzkoa,DEFENSA DE LO PÚBLICO - DP,0,0,Ministerio del Interior / portal oficial de datos abiertos,PRIMARY_OFFICIAL
2019A,2019-04-28,20 - Gipuzkoa,DEMOCRACIA PLURAL - DPL,0,0,Ministerio del Interior / portal oficial de datos abiertos,PRIMARY_OFFICIAL
2019A,2019-04-28,20 - Gipuzkoa,EL PI - PROPOSTA PER LES ILLES BALEARS - EL PI,0,0,Ministerio del Interior / portal oficial de datos abiertos,PRIMARY_OFFICIAL
2019A,2019-04-28,20 - Gipuzkoa,ELKARREKIN PODEMOS-UNIDAS PODEMOS - PODEMOS-IU-EQUO BERDEAK,71296,1,Ministerio del Interior / portal oficial de datos abiertos,PRIMARY_OFFICIAL
2019A,2019-04-28,20 - Gipuzkoa,EN COMÚ PODEM - GUANYEM EL CANVI - ECP-GUANYEM,0,0,Ministerio del Interior / portal oficial de datos abiertos,PRIMARY_OFFICIAL
2019A,2019-04-28,20 - Gipuzkoa,EN COMÚN-UNIDAS PODEMOS - PODEMOS-EU-,0,0,Ministerio del Interior / portal oficial de datos abiertos,PRIMARY_OFFICIAL
2019A,2019-04-28,20 - Gipuzkoa,EN MAREA - EN MAREA,0,0,Ministerio del Interior / portal oficial de datos abiertos,PRIMARY_OFFICIAL
2019A,2019-04-28,20 - Gipuzkoa,ESCANOS EN BRANCO - EB,0,0,Ministerio del Interior / portal oficial de datos abiertos,PRIMARY_OFFICIAL
2019A,2019-04-28,20 - Gipuzkoa,ESCAÑOS EN BLANCO - EB,0,0,Ministerio del Interior / portal oficial de datos abiertos,PRIMARY_OFFICIAL
2019A,2019-04-28,20 - Gipuzkoa,ESCAÑOS EN BLANCO-AULKI ZURIAK - EB,678,0,Ministerio del Interior / portal oficial de datos abiertos,PRIMARY_OFFICIAL
2019A,2019-04-28,20 - Gipuzkoa,ESQUERRA REPUBLICANA DE CATALUNYA-SOBIRANISTES - ERC-SOBIRANISTES,0,0,Ministerio del Interior / portal oficial de datos abiertos,PRIMARY_OFFICIAL
2019A,2019-04-28,20 - Gipuzkoa,ESQUERRA REPUBLICANA DEL PAÍS VALENCIÀ - ERPV,0,0,Ministerio del Interior / portal oficial de datos abiertos,PRIMARY_OFFICIAL
2019A,2019-04-28,20 - Gipuzkoa,EUSKADIKO LANGILEEN ALDERDI KOMUNISTA/PARTIDO COMUNISTA DE LOS TRABAJADORES DE EUSKADI - ELAK/PCTE,313,0,Ministerio del Interior / portal oficial de datos abiertos,PRIMARY_OFFICIAL
2019A,2019-04-28,20 - Gipuzkoa,EUSKAL HERRIA BILDU - EH Bildu,96364,2,Ministerio del Interior / portal oficial de datos abiertos,PRIMARY_OFFICIAL
2019A,2019-04-28,20 - Gipuzkoa,EUZKO ALDERDI JELTZALEA-PARTIDO NACIONALISTA VASCO - EAJ-PNV,119668,2,Ministerio del Interior / portal oficial de datos abiertos,PRIMARY_OFFICIAL
2019A,2019-04-28,20 - Gipuzkoa,EXTREMEÑOS PREX CREX - C.Ex-C.R.Ex,0,0,Ministerio del Interior / portal oficial de datos abiertos,PRIMARY_OFFICIAL
2019A,2019-04-28,20 - Gipuzkoa,FALANGE ESPAÑOLA DE LAS JONS - FE de las J,0,0,Ministerio del Interior / portal oficial de datos abiertos,PRIMARY_OFFICIAL
2019A,2019-04-28,20 - Gipuzkoa,FEDERACION DE LOS INDEPENDIENTES DE ARAGON - FIA,0,0,Ministerio del Interior / portal oficial de datos abiertos,PRIMARY_OFFICIAL
2019A,2019-04-28,20 - Gipuzkoa,FEMINISM8 - F8,0,0,Ministerio del Interior / portal oficial de datos abiertos,PRIMARY_OFFICIAL
2019A,2019-04-28,20 - Gipuzkoa,GEROA BAI - GBAI,0,0,Ministerio del Interior / portal oficial de datos abiertos,PRIMARY_OFFICIAL
2019A,2019-04-28,20 - Gipuzkoa,IZQUIERDA ANTICAPITALISTA REVOLUCIONARIA - IZAR,0,0,Ministerio del Interior / portal oficial de datos abiertos,PRIMARY_OFFICIAL
2019A,2019-04-28,20 - Gipuzkoa,IZQUIERDA EN POSITIVO - IZQP,0,0,Ministerio del Interior / portal oficial de datos abiertos,PRIMARY_OFFICIAL
2019A,2019-04-28,20 - Gipuzkoa,JUNTS PER CATALUNYA-JUNTS - JxCAT-JUNTS,0,0,Ministerio del Interior / portal oficial de datos abiertos,PRIMARY_OFFICIAL
2019A,2019-04-28,20 - Gipuzkoa,LOS VERDES ECOPACIFISTAS ADELANTE - AVANT-LOS VERDES,0,0,Ministerio del Interior / portal oficial de datos abiertos,PRIMARY_OFFICIAL
2019A,2019-04-28,20 - Gipuzkoa,MUERTE AL SISTEMA - +MAS+,0,0,Ministerio del Interior / portal oficial de datos abiertos,PRIMARY_OFFICIAL
2019A,2019-04-28,20 - Gipuzkoa,NAVARRA SUMA - NA+,0,0,Ministerio del Interior / portal oficial de datos abiertos,PRIMARY_OFFICIAL
2019A,2019-04-28,20 - Gipuzkoa,NUEVA CANARIAS - NCa,0,0,Ministerio del Interior / portal oficial de datos abiertos,PRIMARY_OFFICIAL
2019A,2019-04-28,20 - Gipuzkoa,PARTIDO ANIMALISTA CONTRA EL MALTRATO ANIMAL - PACMA,3171,0,Ministerio del Interior / portal oficial de datos abiertos,PRIMARY_OFFICIAL
2019A,2019-04-28,20 - Gipuzkoa,PARTIDO COMUNISTA DE LOS PUEBLOS DE ESPAÑA - PCPE,0,0,Ministerio del Interior / portal oficial de datos abiertos,PRIMARY_OFFICIAL
2019A,2019-04-28,20 - Gipuzkoa,PARTIDO COMUNISTA DE LOS TRABAJADORES DE ESPAÑA - PCTE,0,0,Ministerio del Interior / portal oficial de datos abiertos,PRIMARY_OFFICIAL
2019A,2019-04-28,20 - Gipuzkoa,PARTIDO COMUNISTA DE LOS TRABAJADORES DE EUSKADI/EUSKADIKO LANGILEEN ALDERDI KOMUNISTA - PCTE/ELAK,0,0,Ministerio del Interior / portal oficial de datos abiertos,PRIMARY_OFFICIAL
2019A,2019-04-28,20 - Gipuzkoa,PARTIDO COMUNISTA DEL PUEBLO ANDALUZ - PCPA,0,0,Ministerio del Interior / portal oficial de datos abiertos,PRIMARY_OFFICIAL
2019A,2019-04-28,20 - Gipuzkoa,PARTIDO COMUNISTA DEL PUEBLO CANARIO - PCPC,0,0,Ministerio del Interior / portal oficial de datos abiertos,PRIMARY_OFFICIAL
2019A,2019-04-28,20 - Gipuzkoa,PARTIDO COMUNISTA DOS TRABALLADORES DE GALIZA - PCTG,0,0,Ministerio del Interior / portal oficial de datos abiertos,PRIMARY_OFFICIAL
2019A,2019-04-28,20 - Gipuzkoa,PARTIDO COMUNISTA OBRERO ESPAÑOL - PCOE,0,0,Ministerio del Interior / portal oficial de datos abiertos,PRIMARY_OFFICIAL
2019A,2019-04-28,20 - Gipuzkoa,PARTIDO DE ACCIÓN SOLIDARIA EUROPEA - SOLIDARIA,0,0,Ministerio del Interior / portal oficial de datos abiertos,PRIMARY_OFFICIAL
2019A,2019-04-28,20 - Gipuzkoa,"PARTIDO DE JUBILADOS POR EL FUTURO. DIGNIDAD Y DEMOCRACIA - ""JF""",0,0,Ministerio del Interior / portal oficial de datos abiertos,PRIMARY_OFFICIAL
2019A,2019-04-28,20 - Gipuzkoa,PARTIDO DEMÓCRATA SOCIAL JUBILADOS EUROPEOS - UNID - PDSJE-UDEC,0,0,Ministerio del Interior / portal oficial de datos abiertos,PRIMARY_OFFICIAL
2019A,2019-04-28,20 - Gipuzkoa,PARTIDO DOS SOCIALISTAS DE GALICIA-PARTIDO SOCIALI - PSdeG-PSOE,0,0,Ministerio del Interior / portal oficial de datos abiertos,PRIMARY_OFFICIAL
2019A,2019-04-28,20 - Gipuzkoa,PARTIDO HUMANISTA - PH,0,0,Ministerio del Interior / portal oficial de datos abiertos,PRIMARY_OFFICIAL
2019A,2019-04-28,20 - Gipuzkoa,PARTIDO LIBERTARIO - P-LIB,0,0,Ministerio del Interior / portal oficial de datos abiertos,PRIMARY_OFFICIAL
2019A,2019-04-28,20 - Gipuzkoa,PARTIDO POPULAR - FORO - PP-FORO,0,0,Ministerio del Interior / portal oficial de datos abiertos,PRIMARY_OFFICIAL
2019A,2019-04-28,20 - Gipuzkoa,PARTIDO POPULAR - PP,20797,0,Ministerio del Interior / portal oficial de datos abiertos,PRIMARY_OFFICIAL
2019A,2019-04-28,20 - Gipuzkoa,PARTIDO POPULAR/PARTIT POPULAR - PP,0,0,Ministerio del Interior / portal oficial de datos abiertos,PRIMARY_OFFICIAL
2019A,2019-04-28,20 - Gipuzkoa,PARTIDO REGIONALISTA DE CANTABRIA - PRC,0,0,Ministerio del Interior / portal oficial de datos abiertos,PRIMARY_OFFICIAL
2019A,2019-04-28,20 - Gipuzkoa,PARTIDO REGIONALISTA DEL PAIS LEONES - PREPAL,0,0,Ministerio del Interior / portal oficial de datos abiertos,PRIMARY_OFFICIAL
2019A,2019-04-28,20 - Gipuzkoa,PARTIDO REPUBLICANO INDEPENDIENTE SOLIDARIO ANDALUZ - RISA,0,0,Ministerio del Interior / portal oficial de datos abiertos,PRIMARY_OFFICIAL
2019A,2019-04-28,20 - Gipuzkoa,PARTIDO RIOJANO - PR+,0,0,Ministerio del Interior / portal oficial de datos abiertos,PRIMARY_OFFICIAL
2019A,2019-04-28,20 - Gipuzkoa,PARTIDO SOCIALISTA DE EUSKADI-EUSKADIKO EZKERRA (PSOE) - PSE-EE (PSOE),77720,1,Ministerio del Interior / portal oficial de datos abiertos,PRIMARY_OFFICIAL
2019A,2019-04-28,20 - Gipuzkoa,PARTIDO SOCIALISTA OBRERO ESPAÑOL - PSOE,0,0,Ministerio del Interior / portal oficial de datos abiertos,PRIMARY_OFFICIAL
2019A,2019-04-28,20 - Gipuzkoa,PARTIT ANIMALISTA CONTRA EL MALTRACTAMENT ANIMAL - PACMA,0,0,Ministerio del Interior / portal oficial de datos abiertos,PRIMARY_OFFICIAL
2019A,2019-04-28,20 - Gipuzkoa,PARTIT COMUNISTA DEL POBLE DE CATALUNYA - PCPC,0,0,Ministerio del Interior / portal oficial de datos abiertos,PRIMARY_OFFICIAL
2019A,2019-04-28,20 - Gipuzkoa,PARTIT COMUNISTA DELS POBLES D'ESPANYA - PCPE,0,0,Ministerio del Interior / portal oficial de datos abiertos,PRIMARY_OFFICIAL
2019A,2019-04-28,20 - Gipuzkoa,PARTIT COMUNISTA DELS TREBALLADORS DE CATALUNYA - PCTC,0,0,Ministerio del Interior / portal oficial de datos abiertos,PRIMARY_OFFICIAL
2019A,2019-04-28,20 - Gipuzkoa,PARTIT DELS SOCIALISTES DE CATALUNYA (PSC-PSOE) - PSC,0,0,Ministerio del Interior / portal oficial de datos abiertos,PRIMARY_OFFICIAL
2019A,2019-04-28,20 - Gipuzkoa,PARTIT POPULAR-PARTIDO POPULAR - PP,0,0,Ministerio del Interior / portal oficial de datos abiertos,PRIMARY_OFFICIAL
2019A,2019-04-28,20 - Gipuzkoa,PARTIT SOCIALISTA OBRER ESPANYOL - PSOE,0,0,Ministerio del Interior / portal oficial de datos abiertos,PRIMARY_OFFICIAL
2019A,2019-04-28,20 - Gipuzkoa,PER UN MÓN MÉS JUST - PUM+J,0,0,Ministerio del Interior / portal oficial de datos abiertos,PRIMARY_OFFICIAL
2019A,2019-04-28,20 - Gipuzkoa,PLATAFORMA DEL PUEBLO SORIANO - PPSO,0,0,Ministerio del Interior / portal oficial de datos abiertos,PRIMARY_OFFICIAL
2019A,2019-04-28,20 - Gipuzkoa,POBLE LLIURE - SOM ALTERNATIVA - PIRATES DE CATALU - FRONT REPUB,0,0,Ministerio del Interior / portal oficial de datos abiertos,PRIMARY_OFFICIAL
2019A,2019-04-28,20 - Gipuzkoa,POR UN MUNDO MÁS JUSTO (BIDEZKO MUNDURANTZ) - PUM+J,0,0,Ministerio del Interior / portal oficial de datos abiertos,PRIMARY_OFFICIAL
2019A,2019-04-28,20 - Gipuzkoa,POR UN MUNDO MÁS JUSTO - PUM+J,429,0,Ministerio del Interior / portal oficial de datos abiertos,PRIMARY_OFFICIAL
2019A,2019-04-28,20 - Gipuzkoa,PUYALON - PYLN,0,0,Ministerio del Interior / portal oficial de datos abiertos,PRIMARY_OFFICIAL
2019A,2019-04-28,20 - Gipuzkoa,RECORTES CERO-GRUPO VERDE - RECORTES CERO-GV,593,0,Ministerio del Interior / portal oficial de datos abiertos,PRIMARY_OFFICIAL
2019A,2019-04-28,20 - Gipuzkoa,RECORTES CERO-GRUPO VERDE-PARTIDO CASTELLANO-TIERRA COMUNERA - RECORTES CERO-GV-PCAS-TC,0,0,Ministerio del Interior / portal oficial de datos abiertos,PRIMARY_OFFICIAL
2019A,2019-04-28,20 - Gipuzkoa,SOM VALENCIANS EN MOVIMENT - UIG-SOM-CUIDES,0,0,Ministerio del Interior / portal oficial de datos abiertos,PRIMARY_OFFICIAL
2019A,2019-04-28,20 - Gipuzkoa,SOMOS REGIÓN - SOMOS REGIÓ,0,0,Ministerio del Interior / portal oficial de datos abiertos,PRIMARY_OFFICIAL
2019A,2019-04-28,20 - Gipuzkoa,UNIDAS PODEMOS - PODEMOS-EUPV,0,0,Ministerio del Interior / portal oficial de datos abiertos,PRIMARY_OFFICIAL
2019A,2019-04-28,20 - Gipuzkoa,UNIDAS PODEMOS - PODEMOS-IU LV CA-EQUO,0,0,Ministerio del Interior / portal oficial de datos abiertos,PRIMARY_OFFICIAL
2019A,2019-04-28,20 - Gipuzkoa,UNIDAS PODEMOS - PODEMOS-IU-EQUO,0,0,Ministerio del Interior / portal oficial de datos abiertos,PRIMARY_OFFICIAL
2019A,2019-04-28,20 - Gipuzkoa,UNIDAS PODEMOS - PODEMOS-IU-EQUO-BATZARRE,0,0,Ministerio del Interior / portal oficial de datos abiertos,PRIMARY_OFFICIAL
2019A,2019-04-28,20 - Gipuzkoa,UNIDAS PODEMOS-ALTOARAGÓN EN COMÚN - PODEMOS-IU-,0,0,Ministerio del Interior / portal oficial de datos abiertos,PRIMARY_OFFICIAL
2019A,2019-04-28,20 - Gipuzkoa,UNIDAS PODEMOS-UNIDES PODEM - PODEMOS-EUIB,0,0,Ministerio del Interior / portal oficial de datos abiertos,PRIMARY_OFFICIAL
2019A,2019-04-28,20 - Gipuzkoa,UNIDAS PODEMOS-XUNIES PODEMOS - PODEMOS-IX-EQUO,0,0,Ministerio del Interior / portal oficial de datos abiertos,PRIMARY_OFFICIAL
2019A,2019-04-28,20 - Gipuzkoa,UNIÓN DE TODOS - UDT,0,0,Ministerio del Interior / portal oficial de datos abiertos,PRIMARY_OFFICIAL
2019A,2019-04-28,20 - Gipuzkoa,UNIÓN REGIONALISTA DE CASTILLA Y LEÓN - UNIÓN REGIO,0,0,Ministerio del Interior / portal oficial de datos abiertos,PRIMARY_OFFICIAL
2019A,2019-04-28,20 - Gipuzkoa,VIVIR OURENSE - VOU,0,0,Ministerio del Interior / portal oficial de datos abiertos,PRIMARY_OFFICIAL
2019A,2019-04-28,20 - Gipuzkoa,VOX - VOX,6783,0,Ministerio del Interior / portal oficial de datos abiertos,PRIMARY_OFFICIAL
2019A,2019-04-28,20 - Gipuzkoa,Veus PROGRESSISTES - ARA-MES-ESQUERRA,0,0,Ministerio del Interior / portal oficial de datos abiertos,PRIMARY_OFFICIAL
2019A,2019-04-28,21 - Huelva,ACTÚA - PACT,0,0,Ministerio del Interior / portal oficial de datos abiertos,PRIMARY_OFFICIAL
2019A,2019-04-28,21 - Huelva,AHORA CANARIAS: Alternativa Nacionalista Canaria ANC y Unidad del Pueblo - AHORA CANARIAS,0,0,Ministerio del Interior / portal oficial de datos abiertos,PRIMARY_OFFICIAL
2019A,2019-04-28,21 - Huelva,ANDALUCÍA POR SÍ - AxSI,856,0,Ministerio del Interior / portal oficial de datos abiertos,PRIMARY_OFFICIAL
2019A,2019-04-28,21 - Huelva,ANDECHA ASTUR - ANDECHA ASTUR,0,0,Ministerio del Interior / portal oficial de datos abiertos,PRIMARY_OFFICIAL
2019A,2019-04-28,21 - Huelva,AVANT ADELANTE LOS VERDES - AVANT ADELANTE LOS VERDES,0,0,Ministerio del Interior / portal oficial de datos abiertos,PRIMARY_OFFICIAL
2019A,2019-04-28,21 - Huelva,BLOQUE NACIONALISTA GALEGO - BNG,0,0,Ministerio del Interior / portal oficial de datos abiertos,PRIMARY_OFFICIAL
2019A,2019-04-28,21 - Huelva,CENTRADOS - centrados,0,0,Ministerio del Interior / portal oficial de datos abiertos,PRIMARY_OFFICIAL
2019A,2019-04-28,21 - Huelva,CIUDADANOS INDEPENDIENTES DE LINARES UNIDOS - CILU-LINARES,0,0,Ministerio del Interior / portal oficial de datos abiertos,PRIMARY_OFFICIAL
2019A,2019-04-28,21 - Huelva,CIUDADANOS-PARTIDO DE LA CIUDADANÍA - Cs,44842,1,Ministerio del Interior / portal oficial de datos abiertos,PRIMARY_OFFICIAL
2019A,2019-04-28,21 - Huelva,CIUTADANS-PARTIDO DE LA CIUDADANÍA - Cs,0,0,Ministerio del Interior / portal oficial de datos abiertos,PRIMARY_OFFICIAL
2019A,2019-04-28,21 - Huelva,COALICION CANARIA-PARTIDO NACIONALISTA CANARIO - CCa-PNC,0,0,Ministerio del Interior / portal oficial de datos abiertos,PRIMARY_OFFICIAL
2019A,2019-04-28,21 - Huelva,COALICION POR MELILLA - CpM,0,0,Ministerio del Interior / portal oficial de datos abiertos,PRIMARY_OFFICIAL
2019A,2019-04-28,21 - Huelva,COMPROMISO POR GALICIA - CxG,0,0,Ministerio del Interior / portal oficial de datos abiertos,PRIMARY_OFFICIAL
2019A,2019-04-28,21 - Huelva,COMPROMÍS: BLOC-INICIATIVA-VERDSEQUO - COMPROMÍS 2,0,0,Ministerio del Interior / portal oficial de datos abiertos,PRIMARY_OFFICIAL
2019A,2019-04-28,21 - Huelva,CONVERGENTS - CNV,0,0,Ministerio del Interior / portal oficial de datos abiertos,PRIMARY_OFFICIAL
2019A,2019-04-28,21 - Huelva,CONVERXENCIA 21 - C 21,0,0,Ministerio del Interior / portal oficial de datos abiertos,PRIMARY_OFFICIAL
2019A,2019-04-28,21 - Huelva,DEFENSA DE LO PÚBLICO - DP,0,0,Ministerio del Interior / portal oficial de datos abiertos,PRIMARY_OFFICIAL
2019A,2019-04-28,21 - Huelva,DEMOCRACIA PLURAL - DPL,0,0,Ministerio del Interior / portal oficial de datos abiertos,PRIMARY_OFFICIAL
2019A,2019-04-28,21 - Huelva,EL PI - PROPOSTA PER LES ILLES BALEARS - EL PI,0,0,Ministerio del Interior / portal oficial de datos abiertos,PRIMARY_OFFICIAL
2019A,2019-04-28,21 - Huelva,ELKARREKIN PODEMOS-UNIDAS PODEMOS - PODEMOS-IU-EQUO BERDEAK,0,0,Ministerio del Interior / portal oficial de datos abiertos,PRIMARY_OFFICIAL
2019A,2019-04-28,21 - Huelva,EN COMÚ PODEM - GUANYEM EL CANVI - ECP-GUANYEM,0,0,Ministerio del Interior / portal oficial de datos abiertos,PRIMARY_OFFICIAL
2019A,2019-04-28,21 - Huelva,EN COMÚN-UNIDAS PODEMOS - PODEMOS-EU-,0,0,Ministerio del Interior / portal oficial de datos abiertos,PRIMARY_OFFICIAL
2019A,2019-04-28,21 - Huelva,EN MAREA - EN MAREA,0,0,Ministerio del Interior / portal oficial de datos abiertos,PRIMARY_OFFICIAL
2019A,2019-04-28,21 - Huelva,ESCANOS EN BRANCO - EB,0,0,Ministerio del Interior / portal oficial de datos abiertos,PRIMARY_OFFICIAL
2019A,2019-04-28,21 - Huelva,ESCAÑOS EN BLANCO - EB,0,0,Ministerio del Interior / portal oficial de datos abiertos,PRIMARY_OFFICIAL
2019A,2019-04-28,21 - Huelva,ESCAÑOS EN BLANCO-AULKI ZURIAK - EB,0,0,Ministerio del Interior / portal oficial de datos abiertos,PRIMARY_OFFICIAL
2019A,2019-04-28,21 - Huelva,ESQUERRA REPUBLICANA DE CATALUNYA-SOBIRANISTES - ERC-SOBIRANISTES,0,0,Ministerio del Interior / portal oficial de datos abiertos,PRIMARY_OFFICIAL
2019A,2019-04-28,21 - Huelva,ESQUERRA REPUBLICANA DEL PAÍS VALENCIÀ - ERPV,0,0,Ministerio del Interior / portal oficial de datos abiertos,PRIMARY_OFFICIAL
2019A,2019-04-28,21 - Huelva,EUSKADIKO LANGILEEN ALDERDI KOMUNISTA/PARTIDO COMUNISTA DE LOS TRABAJADORES DE EUSKADI - ELAK/PCTE,0,0,Ministerio del Interior / portal oficial de datos abiertos,PRIMARY_OFFICIAL
2019A,2019-04-28,21 - Huelva,EUSKAL HERRIA BILDU - EH Bildu,0,0,Ministerio del Interior / portal oficial de datos abiertos,PRIMARY_OFFICIAL
2019A,2019-04-28,21 - Huelva,EUZKO ALDERDI JELTZALEA-PARTIDO NACIONALISTA VASCO - EAJ-PNV,0,0,Ministerio del Interior / portal oficial de datos abiertos,PRIMARY_OFFICIAL
2019A,2019-04-28,21 - Huelva,EXTREMEÑOS PREX CREX - C.Ex-C.R.Ex,0,0,Ministerio del Interior / portal oficial de datos abiertos,PRIMARY_OFFICIAL
2019A,2019-04-28,21 - Huelva,FALANGE ESPAÑOLA DE LAS JONS - FE de las J,0,0,Ministerio del Interior / portal oficial de datos abiertos,PRIMARY_OFFICIAL
2019A,2019-04-28,21 - Huelva,FEDERACION DE LOS INDEPENDIENTES DE ARAGON - FIA,0,0,Ministerio del Interior / portal oficial de datos abiertos,PRIMARY_OFFICIAL
2019A,2019-04-28,21 - Huelva,FEMINISM8 - F8,0,0,Ministerio del Interior / portal oficial de datos abiertos,PRIMARY_OFFICIAL
2019A,2019-04-28,21 - Huelva,GEROA BAI - GBAI,0,0,Ministerio del Interior / portal oficial de datos abiertos,PRIMARY_OFFICIAL
2019A,2019-04-28,21 - Huelva,IZQUIERDA ANTICAPITALISTA REVOLUCIONARIA - IZAR,0,0,Ministerio del Interior / portal oficial de datos abiertos,PRIMARY_OFFICIAL
2019A,2019-04-28,21 - Huelva,IZQUIERDA EN POSITIVO - IZQP,0,0,Ministerio del Interior / portal oficial de datos abiertos,PRIMARY_OFFICIAL
2019A,2019-04-28,21 - Huelva,JUNTS PER CATALUNYA-JUNTS - JxCAT-JUNTS,0,0,Ministerio del Interior / portal oficial de datos abiertos,PRIMARY_OFFICIAL
2019A,2019-04-28,21 - Huelva,LOS VERDES ECOPACIFISTAS ADELANTE - AVANT-LOS VERDES,0,0,Ministerio del Interior / portal oficial de datos abiertos,PRIMARY_OFFICIAL
2019A,2019-04-28,21 - Huelva,MUERTE AL SISTEMA - +MAS+,0,0,Ministerio del Interior / portal oficial de datos abiertos,PRIMARY_OFFICIAL
2019A,2019-04-28,21 - Huelva,NAVARRA SUMA - NA+,0,0,Ministerio del Interior / portal oficial de datos abiertos,PRIMARY_OFFICIAL
2019A,2019-04-28,21 - Huelva,NUEVA CANARIAS - NCa,0,0,Ministerio del Interior / portal oficial de datos abiertos,PRIMARY_OFFICIAL
2019A,2019-04-28,21 - Huelva,PARTIDO ANIMALISTA CONTRA EL MALTRATO ANIMAL - PACMA,3182,0,Ministerio del Interior / portal oficial de datos abiertos,PRIMARY_OFFICIAL
2019A,2019-04-28,21 - Huelva,PARTIDO COMUNISTA DE LOS PUEBLOS DE ESPAÑA - PCPE,0,0,Ministerio del Interior / portal oficial de datos abiertos,PRIMARY_OFFICIAL
2019A,2019-04-28,21 - Huelva,PARTIDO COMUNISTA DE LOS TRABAJADORES DE ESPAÑA - PCTE,0,0,Ministerio del Interior / portal oficial de datos abiertos,PRIMARY_OFFICIAL
2019A,2019-04-28,21 - Huelva,PARTIDO COMUNISTA DE LOS TRABAJADORES DE EUSKADI/EUSKADIKO LANGILEEN ALDERDI KOMUNISTA - PCTE/ELAK,0,0,Ministerio del Interior / portal oficial de datos abiertos,PRIMARY_OFFICIAL
2019A,2019-04-28,21 - Huelva,PARTIDO COMUNISTA DEL PUEBLO ANDALUZ - PCPA,272,0,Ministerio del Interior / portal oficial de datos abiertos,PRIMARY_OFFICIAL
2019A,2019-04-28,21 - Huelva,PARTIDO COMUNISTA DEL PUEBLO CANARIO - PCPC,0,0,Ministerio del Interior / portal oficial de datos abiertos,PRIMARY_OFFICIAL
2019A,2019-04-28,21 - Huelva,PARTIDO COMUNISTA DOS TRABALLADORES DE GALIZA - PCTG,0,0,Ministerio del Interior / portal oficial de datos abiertos,PRIMARY_OFFICIAL
2019A,2019-04-28,21 - Huelva,PARTIDO COMUNISTA OBRERO ESPAÑOL - PCOE,871,0,Ministerio del Interior / portal oficial de datos abiertos,PRIMARY_OFFICIAL
2019A,2019-04-28,21 - Huelva,PARTIDO DE ACCIÓN SOLIDARIA EUROPEA - SOLIDARIA,0,0,Ministerio del Interior / portal oficial de datos abiertos,PRIMARY_OFFICIAL
2019A,2019-04-28,21 - Huelva,"PARTIDO DE JUBILADOS POR EL FUTURO. DIGNIDAD Y DEMOCRACIA - ""JF""",0,0,Ministerio del Interior / portal oficial de datos abiertos,PRIMARY_OFFICIAL
2019A,2019-04-28,21 - Huelva,PARTIDO DEMÓCRATA SOCIAL JUBILADOS EUROPEOS - UNID - PDSJE-UDEC,0,0,Ministerio del Interior / portal oficial de datos abiertos,PRIMARY_OFFICIAL
2019A,2019-04-28,21 - Huelva,PARTIDO DOS SOCIALISTAS DE GALICIA-PARTIDO SOCIALI - PSdeG-PSOE,0,0,Ministerio del Interior / portal oficial de datos abiertos,PRIMARY_OFFICIAL
2019A,2019-04-28,21 - Huelva,PARTIDO HUMANISTA - PH,0,0,Ministerio del Interior / portal oficial de datos abiertos,PRIMARY_OFFICIAL
2019A,2019-04-28,21 - Huelva,PARTIDO LIBERTARIO - P-LIB,0,0,Ministerio del Interior / portal oficial de datos abiertos,PRIMARY_OFFICIAL
2019A,2019-04-28,21 - Huelva,PARTIDO POPULAR - FORO - PP-FORO,0,0,Ministerio del Interior / portal oficial de datos abiertos,PRIMARY_OFFICIAL
2019A,2019-04-28,21 - Huelva,PARTIDO POPULAR - PP,44909,1,Ministerio del Interior / portal oficial de datos abiertos,PRIMARY_OFFICIAL
2019A,2019-04-28,21 - Huelva,PARTIDO POPULAR/PARTIT POPULAR - PP,0,0,Ministerio del Interior / portal oficial de datos abiertos,PRIMARY_OFFICIAL
2019A,2019-04-28,21 - Huelva,PARTIDO REGIONALISTA DE CANTABRIA - PRC,0,0,Ministerio del Interior / portal oficial de datos abiertos,PRIMARY_OFFICIAL
2019A,2019-04-28,21 - Huelva,PARTIDO REGIONALISTA DEL PAIS LEONES - PREPAL,0,0,Ministerio del Interior / portal oficial de datos abiertos,PRIMARY_OFFICIAL
2019A,2019-04-28,21 - Huelva,PARTIDO REPUBLICANO INDEPENDIENTE SOLIDARIO ANDALUZ - RISA,0,0,Ministerio del Interior / portal oficial de datos abiertos,PRIMARY_OFFICIAL
2019A,2019-04-28,21 - Huelva,PARTIDO RIOJANO - PR+,0,0,Ministerio del Interior / portal oficial de datos abiertos,PRIMARY_OFFICIAL
2019A,2019-04-28,21 - Huelva,PARTIDO SOCIALISTA DE EUSKADI-EUSKADIKO EZKERRA (PSOE) - PSE-EE (PSOE),0,0,Ministerio del Interior / portal oficial de datos abiertos,PRIMARY_OFFICIAL
2019A,2019-04-28,21 - Huelva,PARTIDO SOCIALISTA OBRERO ESPAÑOL - PSOE,97766,2,Ministerio del Interior / portal oficial de datos abiertos,PRIMARY_OFFICIAL
2019A,2019-04-28,21 - Huelva,PARTIT ANIMALISTA CONTRA EL MALTRACTAMENT ANIMAL - PACMA,0,0,Ministerio del Interior / portal oficial de datos abiertos,PRIMARY_OFFICIAL
2019A,2019-04-28,21 - Huelva,PARTIT COMUNISTA DEL POBLE DE CATALUNYA - PCPC,0,0,Ministerio del Interior / portal oficial de datos abiertos,PRIMARY_OFFICIAL
2019A,2019-04-28,21 - Huelva,PARTIT COMUNISTA DELS POBLES D'ESPANYA - PCPE,0,0,Ministerio del Interior / portal oficial de datos abiertos,PRIMARY_OFFICIAL
2019A,2019-04-28,21 - Huelva,PARTIT COMUNISTA DELS TREBALLADORS DE CATALUNYA - PCTC,0,0,Ministerio del Interior / portal oficial de datos abiertos,PRIMARY_OFFICIAL
2019A,2019-04-28,21 - Huelva,PARTIT DELS SOCIALISTES DE CATALUNYA (PSC-PSOE) - PSC,0,0,Ministerio del Interior / portal oficial de datos abiertos,PRIMARY_OFFICIAL
2019A,2019-04-28,21 - Huelva,PARTIT POPULAR-PARTIDO POPULAR - PP,0,0,Ministerio del Interior / portal oficial de datos abiertos,PRIMARY_OFFICIAL
2019A,2019-04-28,21 - Huelva,PARTIT SOCIALISTA OBRER ESPANYOL - PSOE,0,0,Ministerio del Interior / portal oficial de datos abiertos,PRIMARY_OFFICIAL
2019A,2019-04-28,21 - Huelva,PER UN MÓN MÉS JUST - PUM+J,0,0,Ministerio del Interior / portal oficial de datos abiertos,PRIMARY_OFFICIAL
2019A,2019-04-28,21 - Huelva,PLATAFORMA DEL PUEBLO SORIANO - PPSO,0,0,Ministerio del Interior / portal oficial de datos abiertos,PRIMARY_OFFICIAL
2019A,2019-04-28,21 - Huelva,POBLE LLIURE - SOM ALTERNATIVA - PIRATES DE CATALU - FRONT REPUB,0,0,Ministerio del Interior / portal oficial de datos abiertos,PRIMARY_OFFICIAL
2019A,2019-04-28,21 - Huelva,POR UN MUNDO MÁS JUSTO (BIDEZKO MUNDURANTZ) - PUM+J,0,0,Ministerio del Interior / portal oficial de datos abiertos,PRIMARY_OFFICIAL
2019A,2019-04-28,21 - Huelva,POR UN MUNDO MÁS JUSTO - PUM+J,0,0,Ministerio del Interior / portal oficial de datos abiertos,PRIMARY_OFFICIAL
2019A,2019-04-28,21 - Huelva,PUYALON - PYLN,0,0,Ministerio del Interior / portal oficial de datos abiertos,PRIMARY_OFFICIAL
2019A,2019-04-28,21 - Huelva,RECORTES CERO-GRUPO VERDE - RECORTES CERO-GV,646,0,Ministerio del Interior / portal oficial de datos abiertos,PRIMARY_OFFICIAL
2019A,2019-04-28,21 - Huelva,RECORTES CERO-GRUPO VERDE-PARTIDO CASTELLANO-TIERRA COMUNERA - RECORTES CERO-GV-PCAS-TC,0,0,Ministerio del Interior / portal oficial de datos abiertos,PRIMARY_OFFICIAL
2019A,2019-04-28,21 - Huelva,SOM VALENCIANS EN MOVIMENT - UIG-SOM-CUIDES,0,0,Ministerio del Interior / portal oficial de datos abiertos,PRIMARY_OFFICIAL
2019A,2019-04-28,21 - Huelva,SOMOS REGIÓN - SOMOS REGIÓ,0,0,Ministerio del Interior / portal oficial de datos abiertos,PRIMARY_OFFICIAL
2019A,2019-04-28,21 - Huelva,UNIDAS PODEMOS - PODEMOS-EUPV,0,0,Ministerio del Interior / portal oficial de datos abiertos,PRIMARY_OFFICIAL
2019A,2019-04-28,21 - Huelva,UNIDAS PODEMOS - PODEMOS-IU LV CA-EQUO,34396,1,Ministerio del Interior / portal oficial de datos abiertos,PRIMARY_OFFICIAL
2019A,2019-04-28,21 - Huelva,UNIDAS PODEMOS - PODEMOS-IU-EQUO,0,0,Ministerio del Interior / portal oficial de datos abiertos,PRIMARY_OFFICIAL
2019A,2019-04-28,21 - Huelva,UNIDAS PODEMOS - PODEMOS-IU-EQUO-BATZARRE,0,0,Ministerio del Interior / portal oficial de datos abiertos,PRIMARY_OFFICIAL
2019A,2019-04-28,21 - Huelva,UNIDAS PODEMOS-ALTOARAGÓN EN COMÚN - PODEMOS-IU-,0,0,Ministerio del Interior / portal oficial de datos abiertos,PRIMARY_OFFICIAL
2019A,2019-04-28,21 - Huelva,UNIDAS PODEMOS-UNIDES PODEM - PODEMOS-EUIB,0,0,Ministerio del Interior / portal oficial de datos abiertos,PRIMARY_OFFICIAL
2019A,2019-04-28,21 - Huelva,UNIDAS PODEMOS-XUNIES PODEMOS - PODEMOS-IX-EQUO,0,0,Ministerio del Interior / portal oficial de datos abiertos,PRIMARY_OFFICIAL
2019A,2019-04-28,21 - Huelva,UNIÓN DE TODOS - UDT,0,0,Ministerio del Interior / portal oficial de datos abiertos,PRIMARY_OFFICIAL
2019A,2019-04-28,21 - Huelva,UNIÓN REGIONALISTA DE CASTILLA Y LEÓN - UNIÓN REGIO,0,0,Ministerio del Interior / portal oficial de datos abiertos,PRIMARY_OFFICIAL
2019A,2019-04-28,21 - Huelva,VIVIR OURENSE - VOU,0,0,Ministerio del Interior / portal oficial de datos abiertos,PRIMARY_OFFICIAL
2019A,2019-04-28,21 - Huelva,VOX - VOX,33920,0,Ministerio del Interior / portal oficial de datos abiertos,PRIMARY_OFFICIAL
2019A,2019-04-28,21 - Huelva,Veus PROGRESSISTES - ARA-MES-ESQUERRA,0,0,Ministerio del Interior / portal oficial de datos abiertos,PRIMARY_OFFICIAL
2019A,2019-04-28,22 - Huesca,ACTÚA - PACT,0,0,Ministerio del Interior / portal oficial de datos abiertos,PRIMARY_OFFICIAL
2019A,2019-04-28,22 - Huesca,AHORA CANARIAS: Alternativa Nacionalista Canaria ANC y Unidad del Pueblo - AHORA CANARIAS,0,0,Ministerio del Interior / portal oficial de datos abiertos,PRIMARY_OFFICIAL
2019A,2019-04-28,22 - Huesca,ANDALUCÍA POR SÍ - AxSI,0,0,Ministerio del Interior / portal oficial de datos abiertos,PRIMARY_OFFICIAL
2019A,2019-04-28,22 - Huesca,ANDECHA ASTUR - ANDECHA ASTUR,0,0,Ministerio del Interior / portal oficial de datos abiertos,PRIMARY_OFFICIAL
2019A,2019-04-28,22 - Huesca,AVANT ADELANTE LOS VERDES - AVANT ADELANTE LOS VERDES,0,0,Ministerio del Interior / portal oficial de datos abiertos,PRIMARY_OFFICIAL
2019A,2019-04-28,22 - Huesca,BLOQUE NACIONALISTA GALEGO - BNG,0,0,Ministerio del Interior / portal oficial de datos abiertos,PRIMARY_OFFICIAL
2019A,2019-04-28,22 - Huesca,CENTRADOS - centrados,0,0,Ministerio del Interior / portal oficial de datos abiertos,PRIMARY_OFFICIAL
2019A,2019-04-28,22 - Huesca,CIUDADANOS INDEPENDIENTES DE LINARES UNIDOS - CILU-LINARES,0,0,Ministerio del Interior / portal oficial de datos abiertos,PRIMARY_OFFICIAL
2019A,2019-04-28,22 - Huesca,CIUDADANOS-PARTIDO DE LA CIUDADANÍA - Cs,24568,1,Ministerio del Interior / portal oficial de datos abiertos,PRIMARY_OFFICIAL
2019A,2019-04-28,22 - Huesca,CIUTADANS-PARTIDO DE LA CIUDADANÍA - Cs,0,0,Ministerio del Interior / portal oficial de datos abiertos,PRIMARY_OFFICIAL
2019A,2019-04-28,22 - Huesca,COALICION CANARIA-PARTIDO NACIONALISTA CANARIO - CCa-PNC,0,0,Ministerio del Interior / portal oficial de datos abiertos,PRIMARY_OFFICIAL
2019A,2019-04-28,22 - Huesca,COALICION POR MELILLA - CpM,0,0,Ministerio del Interior / portal oficial de datos abiertos,PRIMARY_OFFICIAL
2019A,2019-04-28,22 - Huesca,COMPROMISO POR GALICIA - CxG,0,0,Ministerio del Interior / portal oficial de datos abiertos,PRIMARY_OFFICIAL
2019A,2019-04-28,22 - Huesca,COMPROMÍS: BLOC-INICIATIVA-VERDSEQUO - COMPROMÍS 2,0,0,Ministerio del Interior / portal oficial de datos abiertos,PRIMARY_OFFICIAL
2019A,2019-04-28,22 - Huesca,CONVERGENTS - CNV,0,0,Ministerio del Interior / portal oficial de datos abiertos,PRIMARY_OFFICIAL
2019A,2019-04-28,22 - Huesca,CONVERXENCIA 21 - C 21,0,0,Ministerio del Interior / portal oficial de datos abiertos,PRIMARY_OFFICIAL
2019A,2019-04-28,22 - Huesca,DEFENSA DE LO PÚBLICO - DP,0,0,Ministerio del Interior / portal oficial de datos abiertos,PRIMARY_OFFICIAL
2019A,2019-04-28,22 - Huesca,DEMOCRACIA PLURAL - DPL,0,0,Ministerio del Interior / portal oficial de datos abiertos,PRIMARY_OFFICIAL
2019A,2019-04-28,22 - Huesca,EL PI - PROPOSTA PER LES ILLES BALEARS - EL PI,0,0,Ministerio del Interior / portal oficial de datos abiertos,PRIMARY_OFFICIAL
2019A,2019-04-28,22 - Huesca,ELKARREKIN PODEMOS-UNIDAS PODEMOS - PODEMOS-IU-EQUO BERDEAK,0,0,Ministerio del Interior / portal oficial de datos abiertos,PRIMARY_OFFICIAL
2019A,2019-04-28,22 - Huesca,EN COMÚ PODEM - GUANYEM EL CANVI - ECP-GUANYEM,0,0,Ministerio del Interior / portal oficial de datos abiertos,PRIMARY_OFFICIAL
2019A,2019-04-28,22 - Huesca,EN COMÚN-UNIDAS PODEMOS - PODEMOS-EU-,0,0,Ministerio del Interior / portal oficial de datos abiertos,PRIMARY_OFFICIAL
2019A,2019-04-28,22 - Huesca,EN MAREA - EN MAREA,0,0,Ministerio del Interior / portal oficial de datos abiertos,PRIMARY_OFFICIAL
2019A,2019-04-28,22 - Huesca,ESCANOS EN BRANCO - EB,0,0,Ministerio del Interior / portal oficial de datos abiertos,PRIMARY_OFFICIAL
2019A,2019-04-28,22 - Huesca,ESCAÑOS EN BLANCO - EB,474,0,Ministerio del Interior / portal oficial de datos abiertos,PRIMARY_OFFICIAL
2019A,2019-04-28,22 - Huesca,ESCAÑOS EN BLANCO-AULKI ZURIAK - EB,0,0,Ministerio del Interior / portal oficial de datos abiertos,PRIMARY_OFFICIAL
2019A,2019-04-28,22 - Huesca,ESQUERRA REPUBLICANA DE CATALUNYA-SOBIRANISTES - ERC-SOBIRANISTES,0,0,Ministerio del Interior / portal oficial de datos abiertos,PRIMARY_OFFICIAL
2019A,2019-04-28,22 - Huesca,ESQUERRA REPUBLICANA DEL PAÍS VALENCIÀ - ERPV,0,0,Ministerio del Interior / portal oficial de datos abiertos,PRIMARY_OFFICIAL
2019A,2019-04-28,22 - Huesca,EUSKADIKO LANGILEEN ALDERDI KOMUNISTA/PARTIDO COMUNISTA DE LOS TRABAJADORES DE EUSKADI - ELAK/PCTE,0,0,Ministerio del Interior / portal oficial de datos abiertos,PRIMARY_OFFICIAL
2019A,2019-04-28,22 - Huesca,EUSKAL HERRIA BILDU - EH Bildu,0,0,Ministerio del Interior / portal oficial de datos abiertos,PRIMARY_OFFICIAL
2019A,2019-04-28,22 - Huesca,EUZKO ALDERDI JELTZALEA-PARTIDO NACIONALISTA VASCO - EAJ-PNV,0,0,Ministerio del Interior / portal oficial de datos abiertos,PRIMARY_OFFICIAL
2019A,2019-04-28,22 - Huesca,EXTREMEÑOS PREX CREX - C.Ex-C.R.Ex,0,0,Ministerio del Interior / portal oficial de datos abiertos,PRIMARY_OFFICIAL
2019A,2019-04-28,22 - Huesca,FALANGE ESPAÑOLA DE LAS JONS - FE de las J,0,0,Ministerio del Interior / portal oficial de datos abiertos,PRIMARY_OFFICIAL
2019A,2019-04-28,22 - Huesca,FEDERACION DE LOS INDEPENDIENTES DE ARAGON - FIA,127,0,Ministerio del Interior / portal oficial de datos abiertos,PRIMARY_OFFICIAL
2019A,2019-04-28,22 - Huesca,FEMINISM8 - F8,0,0,Ministerio del Interior / portal oficial de datos abiertos,PRIMARY_OFFICIAL
2019A,2019-04-28,22 - Huesca,GEROA BAI - GBAI,0,0,Ministerio del Interior / portal oficial de datos abiertos,PRIMARY_OFFICIAL
2019A,2019-04-28,22 - Huesca,IZQUIERDA ANTICAPITALISTA REVOLUCIONARIA - IZAR,0,0,Ministerio del Interior / portal oficial de datos abiertos,PRIMARY_OFFICIAL
2019A,2019-04-28,22 - Huesca,IZQUIERDA EN POSITIVO - IZQP,0,0,Ministerio del Interior / portal oficial de datos abiertos,PRIMARY_OFFICIAL
2019A,2019-04-28,22 - Huesca,JUNTS PER CATALUNYA-JUNTS - JxCAT-JUNTS,0,0,Ministerio del Interior / portal oficial de datos abiertos,PRIMARY_OFFICIAL
2019A,2019-04-28,22 - Huesca,LOS VERDES ECOPACIFISTAS ADELANTE - AVANT-LOS VERDES,0,0,Ministerio del Interior / portal oficial de datos abiertos,PRIMARY_OFFICIAL
2019A,2019-04-28,22 - Huesca,MUERTE AL SISTEMA - +MAS+,0,0,Ministerio del Interior / portal oficial de datos abiertos,PRIMARY_OFFICIAL
2019A,2019-04-28,22 - Huesca,NAVARRA SUMA - NA+,0,0,Ministerio del Interior / portal oficial de datos abiertos,PRIMARY_OFFICIAL
2019A,2019-04-28,22 - Huesca,NUEVA CANARIAS - NCa,0,0,Ministerio del Interior / portal oficial de datos abiertos,PRIMARY_OFFICIAL
2019A,2019-04-28,22 - Huesca,PARTIDO ANIMALISTA CONTRA EL MALTRATO ANIMAL - PACMA,1013,0,Ministerio del Interior / portal oficial de datos abiertos,PRIMARY_OFFICIAL
2019A,2019-04-28,22 - Huesca,PARTIDO COMUNISTA DE LOS PUEBLOS DE ESPAÑA - PCPE,216,0,Ministerio del Interior / portal oficial de datos abiertos,PRIMARY_OFFICIAL
2019A,2019-04-28,22 - Huesca,PARTIDO COMUNISTA DE LOS TRABAJADORES DE ESPAÑA - PCTE,0,0,Ministerio del Interior / portal oficial de datos abiertos,PRIMARY_OFFICIAL
2019A,2019-04-28,22 - Huesca,PARTIDO COMUNISTA DE LOS TRABAJADORES DE EUSKADI/EUSKADIKO LANGILEEN ALDERDI KOMUNISTA - PCTE/ELAK,0,0,Ministerio del Interior / portal oficial de datos abiertos,PRIMARY_OFFICIAL
2019A,2019-04-28,22 - Huesca,PARTIDO COMUNISTA DEL PUEBLO ANDALUZ - PCPA,0,0,Ministerio del Interior / portal oficial de datos abiertos,PRIMARY_OFFICIAL
2019A,2019-04-28,22 - Huesca,PARTIDO COMUNISTA DEL PUEBLO CANARIO - PCPC,0,0,Ministerio del Interior / portal oficial de datos abiertos,PRIMARY_OFFICIAL
2019A,2019-04-28,22 - Huesca,PARTIDO COMUNISTA DOS TRABALLADORES DE GALIZA - PCTG,0,0,Ministerio del Interior / portal oficial de datos abiertos,PRIMARY_OFFICIAL
2019A,2019-04-28,22 - Huesca,PARTIDO COMUNISTA OBRERO ESPAÑOL - PCOE,0,0,Ministerio del Interior / portal oficial de datos abiertos,PRIMARY_OFFICIAL
2019A,2019-04-28,22 - Huesca,PARTIDO DE ACCIÓN SOLIDARIA EUROPEA - SOLIDARIA,0,0,Ministerio del Interior / portal oficial de datos abiertos,PRIMARY_OFFICIAL
2019A,2019-04-28,22 - Huesca,"PARTIDO DE JUBILADOS POR EL FUTURO. DIGNIDAD Y DEMOCRACIA - ""JF""",0,0,Ministerio del Interior / portal oficial de datos abiertos,PRIMARY_OFFICIAL
2019A,2019-04-28,22 - Huesca,PARTIDO DEMÓCRATA SOCIAL JUBILADOS EUROPEOS - UNID - PDSJE-UDEC,0,0,Ministerio del Interior / portal oficial de datos abiertos,PRIMARY_OFFICIAL
2019A,2019-04-28,22 - Huesca,PARTIDO DOS SOCIALISTAS DE GALICIA-PARTIDO SOCIALI - PSdeG-PSOE,0,0,Ministerio del Interior / portal oficial de datos abiertos,PRIMARY_OFFICIAL
2019A,2019-04-28,22 - Huesca,PARTIDO HUMANISTA - PH,0,0,Ministerio del Interior / portal oficial de datos abiertos,PRIMARY_OFFICIAL
2019A,2019-04-28,22 - Huesca,PARTIDO LIBERTARIO - P-LIB,0,0,Ministerio del Interior / portal oficial de datos abiertos,PRIMARY_OFFICIAL
2019A,2019-04-28,22 - Huesca,PARTIDO POPULAR - FORO - PP-FORO,0,0,Ministerio del Interior / portal oficial de datos abiertos,PRIMARY_OFFICIAL
2019A,2019-04-28,22 - Huesca,PARTIDO POPULAR - PP,25149,1,Ministerio del Interior / portal oficial de datos abiertos,PRIMARY_OFFICIAL
2019A,2019-04-28,22 - Huesca,PARTIDO POPULAR/PARTIT POPULAR - PP,0,0,Ministerio del Interior / portal oficial de datos abiertos,PRIMARY_OFFICIAL
2019A,2019-04-28,22 - Huesca,PARTIDO REGIONALISTA DE CANTABRIA - PRC,0,0,Ministerio del Interior / portal oficial de datos abiertos,PRIMARY_OFFICIAL
2019A,2019-04-28,22 - Huesca,PARTIDO REGIONALISTA DEL PAIS LEONES - PREPAL,0,0,Ministerio del Interior / portal oficial de datos abiertos,PRIMARY_OFFICIAL
2019A,2019-04-28,22 - Huesca,PARTIDO REPUBLICANO INDEPENDIENTE SOLIDARIO ANDALUZ - RISA,0,0,Ministerio del Interior / portal oficial de datos abiertos,PRIMARY_OFFICIAL
2019A,2019-04-28,22 - Huesca,PARTIDO RIOJANO - PR+,0,0,Ministerio del Interior / portal oficial de datos abiertos,PRIMARY_OFFICIAL
2019A,2019-04-28,22 - Huesca,PARTIDO SOCIALISTA DE EUSKADI-EUSKADIKO EZKERRA (PSOE) - PSE-EE (PSOE),0,0,Ministerio del Interior / portal oficial de datos abiertos,PRIMARY_OFFICIAL
2019A,2019-04-28,22 - Huesca,PARTIDO SOCIALISTA OBRERO ESPAÑOL - PSOE,41354,1,Ministerio del Interior / portal oficial de datos abiertos,PRIMARY_OFFICIAL
2019A,2019-04-28,22 - Huesca,PARTIT ANIMALISTA CONTRA EL MALTRACTAMENT ANIMAL - PACMA,0,0,Ministerio del Interior / portal oficial de datos abiertos,PRIMARY_OFFICIAL
2019A,2019-04-28,22 - Huesca,PARTIT COMUNISTA DEL POBLE DE CATALUNYA - PCPC,0,0,Ministerio del Interior / portal oficial de datos abiertos,PRIMARY_OFFICIAL
2019A,2019-04-28,22 - Huesca,PARTIT COMUNISTA DELS POBLES D'ESPANYA - PCPE,0,0,Ministerio del Interior / portal oficial de datos abiertos,PRIMARY_OFFICIAL
2019A,2019-04-28,22 - Huesca,PARTIT COMUNISTA DELS TREBALLADORS DE CATALUNYA - PCTC,0,0,Ministerio del Interior / portal oficial de datos abiertos,PRIMARY_OFFICIAL
2019A,2019-04-28,22 - Huesca,PARTIT DELS SOCIALISTES DE CATALUNYA (PSC-PSOE) - PSC,0,0,Ministerio del Interior / portal oficial de datos abiertos,PRIMARY_OFFICIAL
2019A,2019-04-28,22 - Huesca,PARTIT POPULAR-PARTIDO POPULAR - PP,0,0,Ministerio del Interior / portal oficial de datos abiertos,PRIMARY_OFFICIAL
2019A,2019-04-28,22 - Huesca,PARTIT SOCIALISTA OBRER ESPANYOL - PSOE,0,0,Ministerio del Interior / portal oficial de datos abiertos,PRIMARY_OFFICIAL
2019A,2019-04-28,22 - Huesca,PER UN MÓN MÉS JUST - PUM+J,0,0,Ministerio del Interior / portal oficial de datos abiertos,PRIMARY_OFFICIAL
2019A,2019-04-28,22 - Huesca,PLATAFORMA DEL PUEBLO SORIANO - PPSO,0,0,Ministerio del Interior / portal oficial de datos abiertos,PRIMARY_OFFICIAL
2019A,2019-04-28,22 - Huesca,POBLE LLIURE - SOM ALTERNATIVA - PIRATES DE CATALU - FRONT REPUB,0,0,Ministerio del Interior / portal oficial de datos abiertos,PRIMARY_OFFICIAL
2019A,2019-04-28,22 - Huesca,POR UN MUNDO MÁS JUSTO (BIDEZKO MUNDURANTZ) - PUM+J,0,0,Ministerio del Interior / portal oficial de datos abiertos,PRIMARY_OFFICIAL
2019A,2019-04-28,22 - Huesca,POR UN MUNDO MÁS JUSTO - PUM+J,170,0,Ministerio del Interior / portal oficial de datos abiertos,PRIMARY_OFFICIAL
2019A,2019-04-28,22 - Huesca,PUYALON - PYLN,148,0,Ministerio del Interior / portal oficial de datos abiertos,PRIMARY_OFFICIAL
2019A,2019-04-28,22 - Huesca,RECORTES CERO-GRUPO VERDE - RECORTES CERO-GV,284,0,Ministerio del Interior / portal oficial de datos abiertos,PRIMARY_OFFICIAL
2019A,2019-04-28,22 - Huesca,RECORTES CERO-GRUPO VERDE-PARTIDO CASTELLANO-TIERRA COMUNERA - RECORTES CERO-GV-PCAS-TC,0,0,Ministerio del Interior / portal oficial de datos abiertos,PRIMARY_OFFICIAL
2019A,2019-04-28,22 - Huesca,SOM VALENCIANS EN MOVIMENT - UIG-SOM-CUIDES,0,0,Ministerio del Interior / portal oficial de datos abiertos,PRIMARY_OFFICIAL
2019A,2019-04-28,22 - Huesca,SOMOS REGIÓN - SOMOS REGIÓ,0,0,Ministerio del Interior / portal oficial de datos abiertos,PRIMARY_OFFICIAL
2019A,2019-04-28,22 - Huesca,UNIDAS PODEMOS - PODEMOS-EUPV,0,0,Ministerio del Interior / portal oficial de datos abiertos,PRIMARY_OFFICIAL
2019A,2019-04-28,22 - Huesca,UNIDAS PODEMOS - PODEMOS-IU LV CA-EQUO,0,0,Ministerio del Interior / portal oficial de datos abiertos,PRIMARY_OFFICIAL
2019A,2019-04-28,22 - Huesca,UNIDAS PODEMOS - PODEMOS-IU-EQUO,0,0,Ministerio del Interior / portal oficial de datos abiertos,PRIMARY_OFFICIAL
2019A,2019-04-28,22 - Huesca,UNIDAS PODEMOS - PODEMOS-IU-EQUO-BATZARRE,0,0,Ministerio del Interior / portal oficial de datos abiertos,PRIMARY_OFFICIAL
2019A,2019-04-28,22 - Huesca,UNIDAS PODEMOS-ALTOARAGÓN EN COMÚN - PODEMOS-IU-,17151,0,Ministerio del Interior / portal oficial de datos abiertos,PRIMARY_OFFICIAL
2019A,2019-04-28,22 - Huesca,UNIDAS PODEMOS-UNIDES PODEM - PODEMOS-EUIB,0,0,Ministerio del Interior / portal oficial de datos abiertos,PRIMARY_OFFICIAL
2019A,2019-04-28,22 - Huesca,UNIDAS PODEMOS-XUNIES PODEMOS - PODEMOS-IX-EQUO,0,0,Ministerio del Interior / portal oficial de datos abiertos,PRIMARY_OFFICIAL
2019A,2019-04-28,22 - Huesca,UNIÓN DE TODOS - UDT,0,0,Ministerio del Interior / portal oficial de datos abiertos,PRIMARY_OFFICIAL
2019A,2019-04-28,22 - Huesca,UNIÓN REGIONALISTA DE CASTILLA Y LEÓN - UNIÓN REGIO,0,0,Ministerio del Interior / portal oficial de datos abiertos,PRIMARY_OFFICIAL
2019A,2019-04-28,22 - Huesca,VIVIR OURENSE - VOU,0,0,Ministerio del Interior / portal oficial de datos abiertos,PRIMARY_OFFICIAL
2019A,2019-04-28,22 - Huesca,VOX - VOX,13389,0,Ministerio del Interior / portal oficial de datos abiertos,PRIMARY_OFFICIAL
2019A,2019-04-28,22 - Huesca,Veus PROGRESSISTES - ARA-MES-ESQUERRA,0,0,Ministerio del Interior / portal oficial de datos abiertos,PRIMARY_OFFICIAL
2019A,2019-04-28,23 - Jaén,ACTÚA - PACT,0,0,Ministerio del Interior / portal oficial de datos abiertos,PRIMARY_OFFICIAL
2019A,2019-04-28,23 - Jaén,AHORA CANARIAS: Alternativa Nacionalista Canaria ANC y Unidad del Pueblo - AHORA CANARIAS,0,0,Ministerio del Interior / portal oficial de datos abiertos,PRIMARY_OFFICIAL
2019A,2019-04-28,23 - Jaén,ANDALUCÍA POR SÍ - AxSI,545,0,Ministerio del Interior / portal oficial de datos abiertos,PRIMARY_OFFICIAL
2019A,2019-04-28,23 - Jaén,ANDECHA ASTUR - ANDECHA ASTUR,0,0,Ministerio del Interior / portal oficial de datos abiertos,PRIMARY_OFFICIAL
2019A,2019-04-28,23 - Jaén,AVANT ADELANTE LOS VERDES - AVANT ADELANTE LOS VERDES,0,0,Ministerio del Interior / portal oficial de datos abiertos,PRIMARY_OFFICIAL
2019A,2019-04-28,23 - Jaén,BLOQUE NACIONALISTA GALEGO - BNG,0,0,Ministerio del Interior / portal oficial de datos abiertos,PRIMARY_OFFICIAL
2019A,2019-04-28,23 - Jaén,CENTRADOS - centrados,0,0,Ministerio del Interior / portal oficial de datos abiertos,PRIMARY_OFFICIAL
2019A,2019-04-28,23 - Jaén,CIUDADANOS INDEPENDIENTES DE LINARES UNIDOS - CILU-LINARES,1081,0,Ministerio del Interior / portal oficial de datos abiertos,PRIMARY_OFFICIAL
2019A,2019-04-28,23 - Jaén,CIUDADANOS-PARTIDO DE LA CIUDADANÍA - Cs,61413,1,Ministerio del Interior / portal oficial de datos abiertos,PRIMARY_OFFICIAL
2019A,2019-04-28,23 - Jaén,CIUTADANS-PARTIDO DE LA CIUDADANÍA - Cs,0,0,Ministerio del Interior / portal oficial de datos abiertos,PRIMARY_OFFICIAL
2019A,2019-04-28,23 - Jaén,COALICION CANARIA-PARTIDO NACIONALISTA CANARIO - CCa-PNC,0,0,Ministerio del Interior / portal oficial de datos abiertos,PRIMARY_OFFICIAL
2019A,2019-04-28,23 - Jaén,COALICION POR MELILLA - CpM,0,0,Ministerio del Interior / portal oficial de datos abiertos,PRIMARY_OFFICIAL
2019A,2019-04-28,23 - Jaén,COMPROMISO POR GALICIA - CxG,0,0,Ministerio del Interior / portal oficial de datos abiertos,PRIMARY_OFFICIAL
2019A,2019-04-28,23 - Jaén,COMPROMÍS: BLOC-INICIATIVA-VERDSEQUO - COMPROMÍS 2,0,0,Ministerio del Interior / portal oficial de datos abiertos,PRIMARY_OFFICIAL
2019A,2019-04-28,23 - Jaén,CONVERGENTS - CNV,0,0,Ministerio del Interior / portal oficial de datos abiertos,PRIMARY_OFFICIAL
2019A,2019-04-28,23 - Jaén,CONVERXENCIA 21 - C 21,0,0,Ministerio del Interior / portal oficial de datos abiertos,PRIMARY_OFFICIAL
2019A,2019-04-28,23 - Jaén,DEFENSA DE LO PÚBLICO - DP,0,0,Ministerio del Interior / portal oficial de datos abiertos,PRIMARY_OFFICIAL
2019A,2019-04-28,23 - Jaén,DEMOCRACIA PLURAL - DPL,0,0,Ministerio del Interior / portal oficial de datos abiertos,PRIMARY_OFFICIAL
2019A,2019-04-28,23 - Jaén,EL PI - PROPOSTA PER LES ILLES BALEARS - EL PI,0,0,Ministerio del Interior / portal oficial de datos abiertos,PRIMARY_OFFICIAL
2019A,2019-04-28,23 - Jaén,ELKARREKIN PODEMOS-UNIDAS PODEMOS - PODEMOS-IU-EQUO BERDEAK,0,0,Ministerio del Interior / portal oficial de datos abiertos,PRIMARY_OFFICIAL
2019A,2019-04-28,23 - Jaén,EN COMÚ PODEM - GUANYEM EL CANVI - ECP-GUANYEM,0,0,Ministerio del Interior / portal oficial de datos abiertos,PRIMARY_OFFICIAL
2019A,2019-04-28,23 - Jaén,EN COMÚN-UNIDAS PODEMOS - PODEMOS-EU-,0,0,Ministerio del Interior / portal oficial de datos abiertos,PRIMARY_OFFICIAL
2019A,2019-04-28,23 - Jaén,EN MAREA - EN MAREA,0,0,Ministerio del Interior / portal oficial de datos abiertos,PRIMARY_OFFICIAL
2019A,2019-04-28,23 - Jaén,ESCANOS EN BRANCO - EB,0,0,Ministerio del Interior / portal oficial de datos abiertos,PRIMARY_OFFICIAL
2019A,2019-04-28,23 - Jaén,ESCAÑOS EN BLANCO - EB,0,0,Ministerio del Interior / portal oficial de datos abiertos,PRIMARY_OFFICIAL
2019A,2019-04-28,23 - Jaén,ESCAÑOS EN BLANCO-AULKI ZURIAK - EB,0,0,Ministerio del Interior / portal oficial de datos abiertos,PRIMARY_OFFICIAL
2019A,2019-04-28,23 - Jaén,ESQUERRA REPUBLICANA DE CATALUNYA-SOBIRANISTES - ERC-SOBIRANISTES,0,0,Ministerio del Interior / portal oficial de datos abiertos,PRIMARY_OFFICIAL
2019A,2019-04-28,23 - Jaén,ESQUERRA REPUBLICANA DEL PAÍS VALENCIÀ - ERPV,0,0,Ministerio del Interior / portal oficial de datos abiertos,PRIMARY_OFFICIAL
2019A,2019-04-28,23 - Jaén,EUSKADIKO LANGILEEN ALDERDI KOMUNISTA/PARTIDO COMUNISTA DE LOS TRABAJADORES DE EUSKADI - ELAK/PCTE,0,0,Ministerio del Interior / portal oficial de datos abiertos,PRIMARY_OFFICIAL
2019A,2019-04-28,23 - Jaén,EUSKAL HERRIA BILDU - EH Bildu,0,0,Ministerio del Interior / portal oficial de datos abiertos,PRIMARY_OFFICIAL
2019A,2019-04-28,23 - Jaén,EUZKO ALDERDI JELTZALEA-PARTIDO NACIONALISTA VASCO - EAJ-PNV,0,0,Ministerio del Interior / portal oficial de datos abiertos,PRIMARY_OFFICIAL
2019A,2019-04-28,23 - Jaén,EXTREMEÑOS PREX CREX - C.Ex-C.R.Ex,0,0,Ministerio del Interior / portal oficial de datos abiertos,PRIMARY_OFFICIAL
2019A,2019-04-28,23 - Jaén,FALANGE ESPAÑOLA DE LAS JONS - FE de las J,0,0,Ministerio del Interior / portal oficial de datos abiertos,PRIMARY_OFFICIAL
2019A,2019-04-28,23 - Jaén,FEDERACION DE LOS INDEPENDIENTES DE ARAGON - FIA,0,0,Ministerio del Interior / portal oficial de datos abiertos,PRIMARY_OFFICIAL
2019A,2019-04-28,23 - Jaén,FEMINISM8 - F8,0,0,Ministerio del Interior / portal oficial de datos abiertos,PRIMARY_OFFICIAL
2019A,2019-04-28,23 - Jaén,GEROA BAI - GBAI,0,0,Ministerio del Interior / portal oficial de datos abiertos,PRIMARY_OFFICIAL
2019A,2019-04-28,23 - Jaén,IZQUIERDA ANTICAPITALISTA REVOLUCIONARIA - IZAR,0,0,Ministerio del Interior / portal oficial de datos abiertos,PRIMARY_OFFICIAL
2019A,2019-04-28,23 - Jaén,IZQUIERDA EN POSITIVO - IZQP,0,0,Ministerio del Interior / portal oficial de datos abiertos,PRIMARY_OFFICIAL
2019A,2019-04-28,23 - Jaén,JUNTS PER CATALUNYA-JUNTS - JxCAT-JUNTS,0,0,Ministerio del Interior / portal oficial de datos abiertos,PRIMARY_OFFICIAL
2019A,2019-04-28,23 - Jaén,LOS VERDES ECOPACIFISTAS ADELANTE - AVANT-LOS VERDES,0,0,Ministerio del Interior / portal oficial de datos abiertos,PRIMARY_OFFICIAL
2019A,2019-04-28,23 - Jaén,MUERTE AL SISTEMA - +MAS+,0,0,Ministerio del Interior / portal oficial de datos abiertos,PRIMARY_OFFICIAL
2019A,2019-04-28,23 - Jaén,NAVARRA SUMA - NA+,0,0,Ministerio del Interior / portal oficial de datos abiertos,PRIMARY_OFFICIAL
2019A,2019-04-28,23 - Jaén,NUEVA CANARIAS - NCa,0,0,Ministerio del Interior / portal oficial de datos abiertos,PRIMARY_OFFICIAL
2019A,2019-04-28,23 - Jaén,PARTIDO ANIMALISTA CONTRA EL MALTRATO ANIMAL - PACMA,3369,0,Ministerio del Interior / portal oficial de datos abiertos,PRIMARY_OFFICIAL
2019A,2019-04-28,23 - Jaén,PARTIDO COMUNISTA DE LOS PUEBLOS DE ESPAÑA - PCPE,0,0,Ministerio del Interior / portal oficial de datos abiertos,PRIMARY_OFFICIAL
2019A,2019-04-28,23 - Jaén,PARTIDO COMUNISTA DE LOS TRABAJADORES DE ESPAÑA - PCTE,0,0,Ministerio del Interior / portal oficial de datos abiertos,PRIMARY_OFFICIAL
2019A,2019-04-28,23 - Jaén,PARTIDO COMUNISTA DE LOS TRABAJADORES DE EUSKADI/EUSKADIKO LANGILEEN ALDERDI KOMUNISTA - PCTE/ELAK,0,0,Ministerio del Interior / portal oficial de datos abiertos,PRIMARY_OFFICIAL
2019A,2019-04-28,23 - Jaén,PARTIDO COMUNISTA DEL PUEBLO ANDALUZ - PCPA,437,0,Ministerio del Interior / portal oficial de datos abiertos,PRIMARY_OFFICIAL
2019A,2019-04-28,23 - Jaén,PARTIDO COMUNISTA DEL PUEBLO CANARIO - PCPC,0,0,Ministerio del Interior / portal oficial de datos abiertos,PRIMARY_OFFICIAL
2019A,2019-04-28,23 - Jaén,PARTIDO COMUNISTA DOS TRABALLADORES DE GALIZA - PCTG,0,0,Ministerio del Interior / portal oficial de datos abiertos,PRIMARY_OFFICIAL
2019A,2019-04-28,23 - Jaén,PARTIDO COMUNISTA OBRERO ESPAÑOL - PCOE,0,0,Ministerio del Interior / portal oficial de datos abiertos,PRIMARY_OFFICIAL
2019A,2019-04-28,23 - Jaén,PARTIDO DE ACCIÓN SOLIDARIA EUROPEA - SOLIDARIA,0,0,Ministerio del Interior / portal oficial de datos abiertos,PRIMARY_OFFICIAL
2019A,2019-04-28,23 - Jaén,"PARTIDO DE JUBILADOS POR EL FUTURO. DIGNIDAD Y DEMOCRACIA - ""JF""",0,0,Ministerio del Interior / portal oficial de datos abiertos,PRIMARY_OFFICIAL
2019A,2019-04-28,23 - Jaén,PARTIDO DEMÓCRATA SOCIAL JUBILADOS EUROPEOS - UNID - PDSJE-UDEC,0,0,Ministerio del Interior / portal oficial de datos abiertos,PRIMARY_OFFICIAL
2019A,2019-04-28,23 - Jaén,PARTIDO DOS SOCIALISTAS DE GALICIA-PARTIDO SOCIALI - PSdeG-PSOE,0,0,Ministerio del Interior / portal oficial de datos abiertos,PRIMARY_OFFICIAL
2019A,2019-04-28,23 - Jaén,PARTIDO HUMANISTA - PH,0,0,Ministerio del Interior / portal oficial de datos abiertos,PRIMARY_OFFICIAL
2019A,2019-04-28,23 - Jaén,PARTIDO LIBERTARIO - P-LIB,0,0,Ministerio del Interior / portal oficial de datos abiertos,PRIMARY_OFFICIAL
2019A,2019-04-28,23 - Jaén,PARTIDO POPULAR - FORO - PP-FORO,0,0,Ministerio del Interior / portal oficial de datos abiertos,PRIMARY_OFFICIAL
2019A,2019-04-28,23 - Jaén,PARTIDO POPULAR - PP,75885,1,Ministerio del Interior / portal oficial de datos abiertos,PRIMARY_OFFICIAL
2019A,2019-04-28,23 - Jaén,PARTIDO POPULAR/PARTIT POPULAR - PP,0,0,Ministerio del Interior / portal oficial de datos abiertos,PRIMARY_OFFICIAL
2019A,2019-04-28,23 - Jaén,PARTIDO REGIONALISTA DE CANTABRIA - PRC,0,0,Ministerio del Interior / portal oficial de datos abiertos,PRIMARY_OFFICIAL
2019A,2019-04-28,23 - Jaén,PARTIDO REGIONALISTA DEL PAIS LEONES - PREPAL,0,0,Ministerio del Interior / portal oficial de datos abiertos,PRIMARY_OFFICIAL
2019A,2019-04-28,23 - Jaén,PARTIDO REPUBLICANO INDEPENDIENTE SOLIDARIO ANDALUZ - RISA,190,0,Ministerio del Interior / portal oficial de datos abiertos,PRIMARY_OFFICIAL
2019A,2019-04-28,23 - Jaén,PARTIDO RIOJANO - PR+,0,0,Ministerio del Interior / portal oficial de datos abiertos,PRIMARY_OFFICIAL
2019A,2019-04-28,23 - Jaén,PARTIDO SOCIALISTA DE EUSKADI-EUSKADIKO EZKERRA (PSOE) - PSE-EE (PSOE),0,0,Ministerio del Interior / portal oficial de datos abiertos,PRIMARY_OFFICIAL
2019A,2019-04-28,23 - Jaén,PARTIDO SOCIALISTA OBRERO ESPAÑOL - PSOE,152932,3,Ministerio del Interior / portal oficial de datos abiertos,PRIMARY_OFFICIAL
2019A,2019-04-28,23 - Jaén,PARTIT ANIMALISTA CONTRA EL MALTRACTAMENT ANIMAL - PACMA,0,0,Ministerio del Interior / portal oficial de datos abiertos,PRIMARY_OFFICIAL
2019A,2019-04-28,23 - Jaén,PARTIT COMUNISTA DEL POBLE DE CATALUNYA - PCPC,0,0,Ministerio del Interior / portal oficial de datos abiertos,PRIMARY_OFFICIAL
2019A,2019-04-28,23 - Jaén,PARTIT COMUNISTA DELS POBLES D'ESPANYA - PCPE,0,0,Ministerio del Interior / portal oficial de datos abiertos,PRIMARY_OFFICIAL
2019A,2019-04-28,23 - Jaén,PARTIT COMUNISTA DELS TREBALLADORS DE CATALUNYA - PCTC,0,0,Ministerio del Interior / portal oficial de datos abiertos,PRIMARY_OFFICIAL
2019A,2019-04-28,23 - Jaén,PARTIT DELS SOCIALISTES DE CATALUNYA (PSC-PSOE) - PSC,0,0,Ministerio del Interior / portal oficial de datos abiertos,PRIMARY_OFFICIAL
2019A,2019-04-28,23 - Jaén,PARTIT POPULAR-PARTIDO POPULAR - PP,0,0,Ministerio del Interior / portal oficial de datos abiertos,PRIMARY_OFFICIAL
2019A,2019-04-28,23 - Jaén,PARTIT SOCIALISTA OBRER ESPANYOL - PSOE,0,0,Ministerio del Interior / portal oficial de datos abiertos,PRIMARY_OFFICIAL
2019A,2019-04-28,23 - Jaén,PER UN MÓN MÉS JUST - PUM+J,0,0,Ministerio del Interior / portal oficial de datos abiertos,PRIMARY_OFFICIAL
2019A,2019-04-28,23 - Jaén,PLATAFORMA DEL PUEBLO SORIANO - PPSO,0,0,Ministerio del Interior / portal oficial de datos abiertos,PRIMARY_OFFICIAL
2019A,2019-04-28,23 - Jaén,POBLE LLIURE - SOM ALTERNATIVA - PIRATES DE CATALU - FRONT REPUB,0,0,Ministerio del Interior / portal oficial de datos abiertos,PRIMARY_OFFICIAL
2019A,2019-04-28,23 - Jaén,POR UN MUNDO MÁS JUSTO (BIDEZKO MUNDURANTZ) - PUM+J,0,0,Ministerio del Interior / portal oficial de datos abiertos,PRIMARY_OFFICIAL
2019A,2019-04-28,23 - Jaén,POR UN MUNDO MÁS JUSTO - PUM+J,325,0,Ministerio del Interior / portal oficial de datos abiertos,PRIMARY_OFFICIAL
2019A,2019-04-28,23 - Jaén,PUYALON - PYLN,0,0,Ministerio del Interior / portal oficial de datos abiertos,PRIMARY_OFFICIAL
2019A,2019-04-28,23 - Jaén,RECORTES CERO-GRUPO VERDE - RECORTES CERO-GV,401,0,Ministerio del Interior / portal oficial de datos abiertos,PRIMARY_OFFICIAL
2019A,2019-04-28,23 - Jaén,RECORTES CERO-GRUPO VERDE-PARTIDO CASTELLANO-TIERRA COMUNERA - RECORTES CERO-GV-PCAS-TC,0,0,Ministerio del Interior / portal oficial de datos abiertos,PRIMARY_OFFICIAL
2019A,2019-04-28,23 - Jaén,SOM VALENCIANS EN MOVIMENT - UIG-SOM-CUIDES,0,0,Ministerio del Interior / portal oficial de datos abiertos,PRIMARY_OFFICIAL
2019A,2019-04-28,23 - Jaén,SOMOS REGIÓN - SOMOS REGIÓ,0,0,Ministerio del Interior / portal oficial de datos abiertos,PRIMARY_OFFICIAL
2019A,2019-04-28,23 - Jaén,UNIDAS PODEMOS - PODEMOS-EUPV,0,0,Ministerio del Interior / portal oficial de datos abiertos,PRIMARY_OFFICIAL
2019A,2019-04-28,23 - Jaén,UNIDAS PODEMOS - PODEMOS-IU LV CA-EQUO,40880,0,Ministerio del Interior / portal oficial de datos abiertos,PRIMARY_OFFICIAL
2019A,2019-04-28,23 - Jaén,UNIDAS PODEMOS - PODEMOS-IU-EQUO,0,0,Ministerio del Interior / portal oficial de datos abiertos,PRIMARY_OFFICIAL
2019A,2019-04-28,23 - Jaén,UNIDAS PODEMOS - PODEMOS-IU-EQUO-BATZARRE,0,0,Ministerio del Interior / portal oficial de datos abiertos,PRIMARY_OFFICIAL
2019A,2019-04-28,23 - Jaén,UNIDAS PODEMOS-ALTOARAGÓN EN COMÚN - PODEMOS-IU-,0,0,Ministerio del Interior / portal oficial de datos abiertos,PRIMARY_OFFICIAL
2019A,2019-04-28,23 - Jaén,UNIDAS PODEMOS-UNIDES PODEM - PODEMOS-EUIB,0,0,Ministerio del Interior / portal oficial de datos abiertos,PRIMARY_OFFICIAL
2019A,2019-04-28,23 - Jaén,UNIDAS PODEMOS-XUNIES PODEMOS - PODEMOS-IX-EQUO,0,0,Ministerio del Interior / portal oficial de datos abiertos,PRIMARY_OFFICIAL
2019A,2019-04-28,23 - Jaén,UNIÓN DE TODOS - UDT,0,0,Ministerio del Interior / portal oficial de datos abiertos,PRIMARY_OFFICIAL
2019A,2019-04-28,23 - Jaén,UNIÓN REGIONALISTA DE CASTILLA Y LEÓN - UNIÓN REGIO,0,0,Ministerio del Interior / portal oficial de datos abiertos,PRIMARY_OFFICIAL
2019A,2019-04-28,23 - Jaén,VIVIR OURENSE - VOU,0,0,Ministerio del Interior / portal oficial de datos abiertos,PRIMARY_OFFICIAL
2019A,2019-04-28,23 - Jaén,VOX - VOX,46934,0,Ministerio del Interior / portal oficial de datos abiertos,PRIMARY_OFFICIAL
2019A,2019-04-28,23 - Jaén,Veus PROGRESSISTES - ARA-MES-ESQUERRA,0,0,Ministerio del Interior / portal oficial de datos abiertos,PRIMARY_OFFICIAL
2019A,2019-04-28,24 - León,ACTÚA - PACT,0,0,Ministerio del Interior / portal oficial de datos abiertos,PRIMARY_OFFICIAL
2019A,2019-04-28,24 - León,AHORA CANARIAS: Alternativa Nacionalista Canaria ANC y Unidad del Pueblo - AHORA CANARIAS,0,0,Ministerio del Interior / portal oficial de datos abiertos,PRIMARY_OFFICIAL
2019A,2019-04-28,24 - León,ANDALUCÍA POR SÍ - AxSI,0,0,Ministerio del Interior / portal oficial de datos abiertos,PRIMARY_OFFICIAL
2019A,2019-04-28,24 - León,ANDECHA ASTUR - ANDECHA ASTUR,0,0,Ministerio del Interior / portal oficial de datos abiertos,PRIMARY_OFFICIAL
2019A,2019-04-28,24 - León,AVANT ADELANTE LOS VERDES - AVANT ADELANTE LOS VERDES,0,0,Ministerio del Interior / portal oficial de datos abiertos,PRIMARY_OFFICIAL
2019A,2019-04-28,24 - León,BLOQUE NACIONALISTA GALEGO - BNG,0,0,Ministerio del Interior / portal oficial de datos abiertos,PRIMARY_OFFICIAL
2019A,2019-04-28,24 - León,CENTRADOS - centrados,0,0,Ministerio del Interior / portal oficial de datos abiertos,PRIMARY_OFFICIAL
2019A,2019-04-28,24 - León,CIUDADANOS INDEPENDIENTES DE LINARES UNIDOS - CILU-LINARES,0,0,Ministerio del Interior / portal oficial de datos abiertos,PRIMARY_OFFICIAL
2019A,2019-04-28,24 - León,CIUDADANOS-PARTIDO DE LA CIUDADANÍA - Cs,50945,1,Ministerio del Interior / portal oficial de datos abiertos,PRIMARY_OFFICIAL
2019A,2019-04-28,24 - León,CIUTADANS-PARTIDO DE LA CIUDADANÍA - Cs,0,0,Ministerio del Interior / portal oficial de datos abiertos,PRIMARY_OFFICIAL
2019A,2019-04-28,24 - León,COALICION CANARIA-PARTIDO NACIONALISTA CANARIO - CCa-PNC,0,0,Ministerio del Interior / portal oficial de datos abiertos,PRIMARY_OFFICIAL
2019A,2019-04-28,24 - León,COALICION POR MELILLA - CpM,0,0,Ministerio del Interior / portal oficial de datos abiertos,PRIMARY_OFFICIAL
2019A,2019-04-28,24 - León,COMPROMISO POR GALICIA - CxG,0,0,Ministerio del Interior / portal oficial de datos abiertos,PRIMARY_OFFICIAL
2019A,2019-04-28,24 - León,COMPROMÍS: BLOC-INICIATIVA-VERDSEQUO - COMPROMÍS 2,0,0,Ministerio del Interior / portal oficial de datos abiertos,PRIMARY_OFFICIAL
2019A,2019-04-28,24 - León,CONVERGENTS - CNV,0,0,Ministerio del Interior / portal oficial de datos abiertos,PRIMARY_OFFICIAL
2019A,2019-04-28,24 - León,CONVERXENCIA 21 - C 21,0,0,Ministerio del Interior / portal oficial de datos abiertos,PRIMARY_OFFICIAL
2019A,2019-04-28,24 - León,DEFENSA DE LO PÚBLICO - DP,0,0,Ministerio del Interior / portal oficial de datos abiertos,PRIMARY_OFFICIAL
2019A,2019-04-28,24 - León,DEMOCRACIA PLURAL - DPL,0,0,Ministerio del Interior / portal oficial de datos abiertos,PRIMARY_OFFICIAL
2019A,2019-04-28,24 - León,EL PI - PROPOSTA PER LES ILLES BALEARS - EL PI,0,0,Ministerio del Interior / portal oficial de datos abiertos,PRIMARY_OFFICIAL
2019A,2019-04-28,24 - León,ELKARREKIN PODEMOS-UNIDAS PODEMOS - PODEMOS-IU-EQUO BERDEAK,0,0,Ministerio del Interior / portal oficial de datos abiertos,PRIMARY_OFFICIAL
2019A,2019-04-28,24 - León,EN COMÚ PODEM - GUANYEM EL CANVI - ECP-GUANYEM,0,0,Ministerio del Interior / portal oficial de datos abiertos,PRIMARY_OFFICIAL
2019A,2019-04-28,24 - León,EN COMÚN-UNIDAS PODEMOS - PODEMOS-EU-,0,0,Ministerio del Interior / portal oficial de datos abiertos,PRIMARY_OFFICIAL
2019A,2019-04-28,24 - León,EN MAREA - EN MAREA,0,0,Ministerio del Interior / portal oficial de datos abiertos,PRIMARY_OFFICIAL
2019A,2019-04-28,24 - León,ESCANOS EN BRANCO - EB,0,0,Ministerio del Interior / portal oficial de datos abiertos,PRIMARY_OFFICIAL
2019A,2019-04-28,24 - León,ESCAÑOS EN BLANCO - EB,0,0,Ministerio del Interior / portal oficial de datos abiertos,PRIMARY_OFFICIAL
2019A,2019-04-28,24 - León,ESCAÑOS EN BLANCO-AULKI ZURIAK - EB,0,0,Ministerio del Interior / portal oficial de datos abiertos,PRIMARY_OFFICIAL
2019A,2019-04-28,24 - León,ESQUERRA REPUBLICANA DE CATALUNYA-SOBIRANISTES - ERC-SOBIRANISTES,0,0,Ministerio del Interior / portal oficial de datos abiertos,PRIMARY_OFFICIAL
2019A,2019-04-28,24 - León,ESQUERRA REPUBLICANA DEL PAÍS VALENCIÀ - ERPV,0,0,Ministerio del Interior / portal oficial de datos abiertos,PRIMARY_OFFICIAL
2019A,2019-04-28,24 - León,EUSKADIKO LANGILEEN ALDERDI KOMUNISTA/PARTIDO COMUNISTA DE LOS TRABAJADORES DE EUSKADI - ELAK/PCTE,0,0,Ministerio del Interior / portal oficial de datos abiertos,PRIMARY_OFFICIAL
2019A,2019-04-28,24 - León,EUSKAL HERRIA BILDU - EH Bildu,0,0,Ministerio del Interior / portal oficial de datos abiertos,PRIMARY_OFFICIAL
2019A,2019-04-28,24 - León,EUZKO ALDERDI JELTZALEA-PARTIDO NACIONALISTA VASCO - EAJ-PNV,0,0,Ministerio del Interior / portal oficial de datos abiertos,PRIMARY_OFFICIAL
2019A,2019-04-28,24 - León,EXTREMEÑOS PREX CREX - C.Ex-C.R.Ex,0,0,Ministerio del Interior / portal oficial de datos abiertos,PRIMARY_OFFICIAL
2019A,2019-04-28,24 - León,FALANGE ESPAÑOLA DE LAS JONS - FE de las J,0,0,Ministerio del Interior / portal oficial de datos abiertos,PRIMARY_OFFICIAL
2019A,2019-04-28,24 - León,FEDERACION DE LOS INDEPENDIENTES DE ARAGON - FIA,0,0,Ministerio del Interior / portal oficial de datos abiertos,PRIMARY_OFFICIAL
2019A,2019-04-28,24 - León,FEMINISM8 - F8,0,0,Ministerio del Interior / portal oficial de datos abiertos,PRIMARY_OFFICIAL
2019A,2019-04-28,24 - León,GEROA BAI - GBAI,0,0,Ministerio del Interior / portal oficial de datos abiertos,PRIMARY_OFFICIAL
2019A,2019-04-28,24 - León,IZQUIERDA ANTICAPITALISTA REVOLUCIONARIA - IZAR,0,0,Ministerio del Interior / portal oficial de datos abiertos,PRIMARY_OFFICIAL
2019A,2019-04-28,24 - León,IZQUIERDA EN POSITIVO - IZQP,0,0,Ministerio del Interior / portal oficial de datos abiertos,PRIMARY_OFFICIAL
2019A,2019-04-28,24 - León,JUNTS PER CATALUNYA-JUNTS - JxCAT-JUNTS,0,0,Ministerio del Interior / portal oficial de datos abiertos,PRIMARY_OFFICIAL
2019A,2019-04-28,24 - León,LOS VERDES ECOPACIFISTAS ADELANTE - AVANT-LOS VERDES,0,0,Ministerio del Interior / portal oficial de datos abiertos,PRIMARY_OFFICIAL
2019A,2019-04-28,24 - León,MUERTE AL SISTEMA - +MAS+,0,0,Ministerio del Interior / portal oficial de datos abiertos,PRIMARY_OFFICIAL
2019A,2019-04-28,24 - León,NAVARRA SUMA - NA+,0,0,Ministerio del Interior / portal oficial de datos abiertos,PRIMARY_OFFICIAL
2019A,2019-04-28,24 - León,NUEVA CANARIAS - NCa,0,0,Ministerio del Interior / portal oficial de datos abiertos,PRIMARY_OFFICIAL
2019A,2019-04-28,24 - León,PARTIDO ANIMALISTA CONTRA EL MALTRATO ANIMAL - PACMA,2338,0,Ministerio del Interior / portal oficial de datos abiertos,PRIMARY_OFFICIAL
2019A,2019-04-28,24 - León,PARTIDO COMUNISTA DE LOS PUEBLOS DE ESPAÑA - PCPE,0,0,Ministerio del Interior / portal oficial de datos abiertos,PRIMARY_OFFICIAL
2019A,2019-04-28,24 - León,PARTIDO COMUNISTA DE LOS TRABAJADORES DE ESPAÑA - PCTE,402,0,Ministerio del Interior / portal oficial de datos abiertos,PRIMARY_OFFICIAL
2019A,2019-04-28,24 - León,PARTIDO COMUNISTA DE LOS TRABAJADORES DE EUSKADI/EUSKADIKO LANGILEEN ALDERDI KOMUNISTA - PCTE/ELAK,0,0,Ministerio del Interior / portal oficial de datos abiertos,PRIMARY_OFFICIAL
2019A,2019-04-28,24 - León,PARTIDO COMUNISTA DEL PUEBLO ANDALUZ - PCPA,0,0,Ministerio del Interior / portal oficial de datos abiertos,PRIMARY_OFFICIAL
2019A,2019-04-28,24 - León,PARTIDO COMUNISTA DEL PUEBLO CANARIO - PCPC,0,0,Ministerio del Interior / portal oficial de datos abiertos,PRIMARY_OFFICIAL
2019A,2019-04-28,24 - León,PARTIDO COMUNISTA DOS TRABALLADORES DE GALIZA - PCTG,0,0,Ministerio del Interior / portal oficial de datos abiertos,PRIMARY_OFFICIAL
2019A,2019-04-28,24 - León,PARTIDO COMUNISTA OBRERO ESPAÑOL - PCOE,0,0,Ministerio del Interior / portal oficial de datos abiertos,PRIMARY_OFFICIAL
2019A,2019-04-28,24 - León,PARTIDO DE ACCIÓN SOLIDARIA EUROPEA - SOLIDARIA,0,0,Ministerio del Interior / portal oficial de datos abiertos,PRIMARY_OFFICIAL
2019A,2019-04-28,24 - León,"PARTIDO DE JUBILADOS POR EL FUTURO. DIGNIDAD Y DEMOCRACIA - ""JF""",0,0,Ministerio del Interior / portal oficial de datos abiertos,PRIMARY_OFFICIAL
2019A,2019-04-28,24 - León,PARTIDO DEMÓCRATA SOCIAL JUBILADOS EUROPEOS - UNID - PDSJE-UDEC,0,0,Ministerio del Interior / portal oficial de datos abiertos,PRIMARY_OFFICIAL
2019A,2019-04-28,24 - León,PARTIDO DOS SOCIALISTAS DE GALICIA-PARTIDO SOCIALI - PSdeG-PSOE,0,0,Ministerio del Interior / portal oficial de datos abiertos,PRIMARY_OFFICIAL
2019A,2019-04-28,24 - León,PARTIDO HUMANISTA - PH,0,0,Ministerio del Interior / portal oficial de datos abiertos,PRIMARY_OFFICIAL
2019A,2019-04-28,24 - León,PARTIDO LIBERTARIO - P-LIB,0,0,Ministerio del Interior / portal oficial de datos abiertos,PRIMARY_OFFICIAL
2019A,2019-04-28,24 - León,PARTIDO POPULAR - FORO - PP-FORO,0,0,Ministerio del Interior / portal oficial de datos abiertos,PRIMARY_OFFICIAL
2019A,2019-04-28,24 - León,PARTIDO POPULAR - PP,68530,1,Ministerio del Interior / portal oficial de datos abiertos,PRIMARY_OFFICIAL
2019A,2019-04-28,24 - León,PARTIDO POPULAR/PARTIT POPULAR - PP,0,0,Ministerio del Interior / portal oficial de datos abiertos,PRIMARY_OFFICIAL
2019A,2019-04-28,24 - León,PARTIDO REGIONALISTA DE CANTABRIA - PRC,0,0,Ministerio del Interior / portal oficial de datos abiertos,PRIMARY_OFFICIAL
2019A,2019-04-28,24 - León,PARTIDO REGIONALISTA DEL PAIS LEONES - PREPAL,1476,0,Ministerio del Interior / portal oficial de datos abiertos,PRIMARY_OFFICIAL
2019A,2019-04-28,24 - León,PARTIDO REPUBLICANO INDEPENDIENTE SOLIDARIO ANDALUZ - RISA,0,0,Ministerio del Interior / portal oficial de datos abiertos,PRIMARY_OFFICIAL
2019A,2019-04-28,24 - León,PARTIDO RIOJANO - PR+,0,0,Ministerio del Interior / portal oficial de datos abiertos,PRIMARY_OFFICIAL
2019A,2019-04-28,24 - León,PARTIDO SOCIALISTA DE EUSKADI-EUSKADIKO EZKERRA (PSOE) - PSE-EE (PSOE),0,0,Ministerio del Interior / portal oficial de datos abiertos,PRIMARY_OFFICIAL
2019A,2019-04-28,24 - León,PARTIDO SOCIALISTA OBRERO ESPAÑOL - PSOE,95536,2,Ministerio del Interior / portal oficial de datos abiertos,PRIMARY_OFFICIAL
2019A,2019-04-28,24 - León,PARTIT ANIMALISTA CONTRA EL MALTRACTAMENT ANIMAL - PACMA,0,0,Ministerio del Interior / portal oficial de datos abiertos,PRIMARY_OFFICIAL
2019A,2019-04-28,24 - León,PARTIT COMUNISTA DEL POBLE DE CATALUNYA - PCPC,0,0,Ministerio del Interior / portal oficial de datos abiertos,PRIMARY_OFFICIAL
2019A,2019-04-28,24 - León,PARTIT COMUNISTA DELS POBLES D'ESPANYA - PCPE,0,0,Ministerio del Interior / portal oficial de datos abiertos,PRIMARY_OFFICIAL
2019A,2019-04-28,24 - León,PARTIT COMUNISTA DELS TREBALLADORS DE CATALUNYA - PCTC,0,0,Ministerio del Interior / portal oficial de datos abiertos,PRIMARY_OFFICIAL
2019A,2019-04-28,24 - León,PARTIT DELS SOCIALISTES DE CATALUNYA (PSC-PSOE) - PSC,0,0,Ministerio del Interior / portal oficial de datos abiertos,PRIMARY_OFFICIAL
2019A,2019-04-28,24 - León,PARTIT POPULAR-PARTIDO POPULAR - PP,0,0,Ministerio del Interior / portal oficial de datos abiertos,PRIMARY_OFFICIAL
2019A,2019-04-28,24 - León,PARTIT SOCIALISTA OBRER ESPANYOL - PSOE,0,0,Ministerio del Interior / portal oficial de datos abiertos,PRIMARY_OFFICIAL
2019A,2019-04-28,24 - León,PER UN MÓN MÉS JUST - PUM+J,0,0,Ministerio del Interior / portal oficial de datos abiertos,PRIMARY_OFFICIAL
2019A,2019-04-28,24 - León,PLATAFORMA DEL PUEBLO SORIANO - PPSO,0,0,Ministerio del Interior / portal oficial de datos abiertos,PRIMARY_OFFICIAL
2019A,2019-04-28,24 - León,POBLE LLIURE - SOM ALTERNATIVA - PIRATES DE CATALU - FRONT REPUB,0,0,Ministerio del Interior / portal oficial de datos abiertos,PRIMARY_OFFICIAL
2019A,2019-04-28,24 - León,POR UN MUNDO MÁS JUSTO (BIDEZKO MUNDURANTZ) - PUM+J,0,0,Ministerio del Interior / portal oficial de datos abiertos,PRIMARY_OFFICIAL
2019A,2019-04-28,24 - León,POR UN MUNDO MÁS JUSTO - PUM+J,419,0,Ministerio del Interior / portal oficial de datos abiertos,PRIMARY_OFFICIAL
2019A,2019-04-28,24 - León,PUYALON - PYLN,0,0,Ministerio del Interior / portal oficial de datos abiertos,PRIMARY_OFFICIAL
2019A,2019-04-28,24 - León,RECORTES CERO-GRUPO VERDE - RECORTES CERO-GV,0,0,Ministerio del Interior / portal oficial de datos abiertos,PRIMARY_OFFICIAL
2019A,2019-04-28,24 - León,RECORTES CERO-GRUPO VERDE-PARTIDO CASTELLANO-TIERRA COMUNERA - RECORTES CERO-GV-PCAS-TC,299,0,Ministerio del Interior / portal oficial de datos abiertos,PRIMARY_OFFICIAL
2019A,2019-04-28,24 - León,SOM VALENCIANS EN MOVIMENT - UIG-SOM-CUIDES,0,0,Ministerio del Interior / portal oficial de datos abiertos,PRIMARY_OFFICIAL
2019A,2019-04-28,24 - León,SOMOS REGIÓN - SOMOS REGIÓ,0,0,Ministerio del Interior / portal oficial de datos abiertos,PRIMARY_OFFICIAL
2019A,2019-04-28,24 - León,UNIDAS PODEMOS - PODEMOS-EUPV,0,0,Ministerio del Interior / portal oficial de datos abiertos,PRIMARY_OFFICIAL
2019A,2019-04-28,24 - León,UNIDAS PODEMOS - PODEMOS-IU LV CA-EQUO,0,0,Ministerio del Interior / portal oficial de datos abiertos,PRIMARY_OFFICIAL
2019A,2019-04-28,24 - León,UNIDAS PODEMOS - PODEMOS-IU-EQUO,35103,0,Ministerio del Interior / portal oficial de datos abiertos,PRIMARY_OFFICIAL
2019A,2019-04-28,24 - León,UNIDAS PODEMOS - PODEMOS-IU-EQUO-BATZARRE,0,0,Ministerio del Interior / portal oficial de datos abiertos,PRIMARY_OFFICIAL
2019A,2019-04-28,24 - León,UNIDAS PODEMOS-ALTOARAGÓN EN COMÚN - PODEMOS-IU-,0,0,Ministerio del Interior / portal oficial de datos abiertos,PRIMARY_OFFICIAL
2019A,2019-04-28,24 - León,UNIDAS PODEMOS-UNIDES PODEM - PODEMOS-EUIB,0,0,Ministerio del Interior / portal oficial de datos abiertos,PRIMARY_OFFICIAL
2019A,2019-04-28,24 - León,UNIDAS PODEMOS-XUNIES PODEMOS - PODEMOS-IX-EQUO,0,0,Ministerio del Interior / portal oficial de datos abiertos,PRIMARY_OFFICIAL
2019A,2019-04-28,24 - León,UNIÓN DE TODOS - UDT,0,0,Ministerio del Interior / portal oficial de datos abiertos,PRIMARY_OFFICIAL
2019A,2019-04-28,24 - León,UNIÓN REGIONALISTA DE CASTILLA Y LEÓN - UNIÓN REGIO,0,0,Ministerio del Interior / portal oficial de datos abiertos,PRIMARY_OFFICIAL
2019A,2019-04-28,24 - León,VIVIR OURENSE - VOU,0,0,Ministerio del Interior / portal oficial de datos abiertos,PRIMARY_OFFICIAL
2019A,2019-04-28,24 - León,VOX - VOX,33653,0,Ministerio del Interior / portal oficial de datos abiertos,PRIMARY_OFFICIAL
2019A,2019-04-28,24 - León,Veus PROGRESSISTES - ARA-MES-ESQUERRA,0,0,Ministerio del Interior / portal oficial de datos abiertos,PRIMARY_OFFICIAL
2019A,2019-04-28,25 - Lleida,ACTÚA - PACT,0,0,Ministerio del Interior / portal oficial de datos abiertos,PRIMARY_OFFICIAL
2019A,2019-04-28,25 - Lleida,AHORA CANARIAS: Alternativa Nacionalista Canaria ANC y Unidad del Pueblo - AHORA CANARIAS,0,0,Ministerio del Interior / portal oficial de datos abiertos,PRIMARY_OFFICIAL
2019A,2019-04-28,25 - Lleida,ANDALUCÍA POR SÍ - AxSI,0,0,Ministerio del Interior / portal oficial de datos abiertos,PRIMARY_OFFICIAL
2019A,2019-04-28,25 - Lleida,ANDECHA ASTUR - ANDECHA ASTUR,0,0,Ministerio del Interior / portal oficial de datos abiertos,PRIMARY_OFFICIAL
2019A,2019-04-28,25 - Lleida,AVANT ADELANTE LOS VERDES - AVANT ADELANTE LOS VERDES,0,0,Ministerio del Interior / portal oficial de datos abiertos,PRIMARY_OFFICIAL
2019A,2019-04-28,25 - Lleida,BLOQUE NACIONALISTA GALEGO - BNG,0,0,Ministerio del Interior / portal oficial de datos abiertos,PRIMARY_OFFICIAL
2019A,2019-04-28,25 - Lleida,CENTRADOS - centrados,0,0,Ministerio del Interior / portal oficial de datos abiertos,PRIMARY_OFFICIAL
2019A,2019-04-28,25 - Lleida,CIUDADANOS INDEPENDIENTES DE LINARES UNIDOS - CILU-LINARES,0,0,Ministerio del Interior / portal oficial de datos abiertos,PRIMARY_OFFICIAL
2019A,2019-04-28,25 - Lleida,CIUDADANOS-PARTIDO DE LA CIUDADANÍA - Cs,0,0,Ministerio del Interior / portal oficial de datos abiertos,PRIMARY_OFFICIAL
2019A,2019-04-28,25 - Lleida,CIUTADANS-PARTIDO DE LA CIUDADANÍA - Cs,19150,0,Ministerio del Interior / portal oficial de datos abiertos,PRIMARY_OFFICIAL
2019A,2019-04-28,25 - Lleida,COALICION CANARIA-PARTIDO NACIONALISTA CANARIO - CCa-PNC,0,0,Ministerio del Interior / portal oficial de datos abiertos,PRIMARY_OFFICIAL
2019A,2019-04-28,25 - Lleida,COALICION POR MELILLA - CpM,0,0,Ministerio del Interior / portal oficial de datos abiertos,PRIMARY_OFFICIAL
2019A,2019-04-28,25 - Lleida,COMPROMISO POR GALICIA - CxG,0,0,Ministerio del Interior / portal oficial de datos abiertos,PRIMARY_OFFICIAL
2019A,2019-04-28,25 - Lleida,COMPROMÍS: BLOC-INICIATIVA-VERDSEQUO - COMPROMÍS 2,0,0,Ministerio del Interior / portal oficial de datos abiertos,PRIMARY_OFFICIAL
2019A,2019-04-28,25 - Lleida,CONVERGENTS - CNV,0,0,Ministerio del Interior / portal oficial de datos abiertos,PRIMARY_OFFICIAL
2019A,2019-04-28,25 - Lleida,CONVERXENCIA 21 - C 21,0,0,Ministerio del Interior / portal oficial de datos abiertos,PRIMARY_OFFICIAL
2019A,2019-04-28,25 - Lleida,DEFENSA DE LO PÚBLICO - DP,0,0,Ministerio del Interior / portal oficial de datos abiertos,PRIMARY_OFFICIAL
2019A,2019-04-28,25 - Lleida,DEMOCRACIA PLURAL - DPL,0,0,Ministerio del Interior / portal oficial de datos abiertos,PRIMARY_OFFICIAL
2019A,2019-04-28,25 - Lleida,EL PI - PROPOSTA PER LES ILLES BALEARS - EL PI,0,0,Ministerio del Interior / portal oficial de datos abiertos,PRIMARY_OFFICIAL
2019A,2019-04-28,25 - Lleida,ELKARREKIN PODEMOS-UNIDAS PODEMOS - PODEMOS-IU-EQUO BERDEAK,0,0,Ministerio del Interior / portal oficial de datos abiertos,PRIMARY_OFFICIAL
2019A,2019-04-28,25 - Lleida,EN COMÚ PODEM - GUANYEM EL CANVI - ECP-GUANYEM,18723,0,Ministerio del Interior / portal oficial de datos abiertos,PRIMARY_OFFICIAL
2019A,2019-04-28,25 - Lleida,EN COMÚN-UNIDAS PODEMOS - PODEMOS-EU-,0,0,Ministerio del Interior / portal oficial de datos abiertos,PRIMARY_OFFICIAL
2019A,2019-04-28,25 - Lleida,EN MAREA - EN MAREA,0,0,Ministerio del Interior / portal oficial de datos abiertos,PRIMARY_OFFICIAL
2019A,2019-04-28,25 - Lleida,ESCANOS EN BRANCO - EB,0,0,Ministerio del Interior / portal oficial de datos abiertos,PRIMARY_OFFICIAL
2019A,2019-04-28,25 - Lleida,ESCAÑOS EN BLANCO - EB,0,0,Ministerio del Interior / portal oficial de datos abiertos,PRIMARY_OFFICIAL
2019A,2019-04-28,25 - Lleida,ESCAÑOS EN BLANCO-AULKI ZURIAK - EB,0,0,Ministerio del Interior / portal oficial de datos abiertos,PRIMARY_OFFICIAL
2019A,2019-04-28,25 - Lleida,ESQUERRA REPUBLICANA DE CATALUNYA-SOBIRANISTES - ERC-SOBIRANISTES,75760,2,Ministerio del Interior / portal oficial de datos abiertos,PRIMARY_OFFICIAL
2019A,2019-04-28,25 - Lleida,ESQUERRA REPUBLICANA DEL PAÍS VALENCIÀ - ERPV,0,0,Ministerio del Interior / portal oficial de datos abiertos,PRIMARY_OFFICIAL
2019A,2019-04-28,25 - Lleida,EUSKADIKO LANGILEEN ALDERDI KOMUNISTA/PARTIDO COMUNISTA DE LOS TRABAJADORES DE EUSKADI - ELAK/PCTE,0,0,Ministerio del Interior / portal oficial de datos abiertos,PRIMARY_OFFICIAL
2019A,2019-04-28,25 - Lleida,EUSKAL HERRIA BILDU - EH Bildu,0,0,Ministerio del Interior / portal oficial de datos abiertos,PRIMARY_OFFICIAL
2019A,2019-04-28,25 - Lleida,EUZKO ALDERDI JELTZALEA-PARTIDO NACIONALISTA VASCO - EAJ-PNV,0,0,Ministerio del Interior / portal oficial de datos abiertos,PRIMARY_OFFICIAL
2019A,2019-04-28,25 - Lleida,EXTREMEÑOS PREX CREX - C.Ex-C.R.Ex,0,0,Ministerio del Interior / portal oficial de datos abiertos,PRIMARY_OFFICIAL
2019A,2019-04-28,25 - Lleida,FALANGE ESPAÑOLA DE LAS JONS - FE de las J,0,0,Ministerio del Interior / portal oficial de datos abiertos,PRIMARY_OFFICIAL
2019A,2019-04-28,25 - Lleida,FEDERACION DE LOS INDEPENDIENTES DE ARAGON - FIA,0,0,Ministerio del Interior / portal oficial de datos abiertos,PRIMARY_OFFICIAL
2019A,2019-04-28,25 - Lleida,FEMINISM8 - F8,0,0,Ministerio del Interior / portal oficial de datos abiertos,PRIMARY_OFFICIAL
2019A,2019-04-28,25 - Lleida,GEROA BAI - GBAI,0,0,Ministerio del Interior / portal oficial de datos abiertos,PRIMARY_OFFICIAL
2019A,2019-04-28,25 - Lleida,IZQUIERDA ANTICAPITALISTA REVOLUCIONARIA - IZAR,0,0,Ministerio del Interior / portal oficial de datos abiertos,PRIMARY_OFFICIAL
2019A,2019-04-28,25 - Lleida,IZQUIERDA EN POSITIVO - IZQP,138,0,Ministerio del Interior / portal oficial de datos abiertos,PRIMARY_OFFICIAL
2019A,2019-04-28,25 - Lleida,JUNTS PER CATALUNYA-JUNTS - JxCAT-JUNTS,46781,1,Ministerio del Interior / portal oficial de datos abiertos,PRIMARY_OFFICIAL
2019A,2019-04-28,25 - Lleida,LOS VERDES ECOPACIFISTAS ADELANTE - AVANT-LOS VERDES,0,0,Ministerio del Interior / portal oficial de datos abiertos,PRIMARY_OFFICIAL
2019A,2019-04-28,25 - Lleida,MUERTE AL SISTEMA - +MAS+,0,0,Ministerio del Interior / portal oficial de datos abiertos,PRIMARY_OFFICIAL
2019A,2019-04-28,25 - Lleida,NAVARRA SUMA - NA+,0,0,Ministerio del Interior / portal oficial de datos abiertos,PRIMARY_OFFICIAL
2019A,2019-04-28,25 - Lleida,NUEVA CANARIAS - NCa,0,0,Ministerio del Interior / portal oficial de datos abiertos,PRIMARY_OFFICIAL
2019A,2019-04-28,25 - Lleida,PARTIDO ANIMALISTA CONTRA EL MALTRATO ANIMAL - PACMA,2089,0,Ministerio del Interior / portal oficial de datos abiertos,PRIMARY_OFFICIAL
2019A,2019-04-28,25 - Lleida,PARTIDO COMUNISTA DE LOS PUEBLOS DE ESPAÑA - PCPE,0,0,Ministerio del Interior / portal oficial de datos abiertos,PRIMARY_OFFICIAL
2019A,2019-04-28,25 - Lleida,PARTIDO COMUNISTA DE LOS TRABAJADORES DE ESPAÑA - PCTE,0,0,Ministerio del Interior / portal oficial de datos abiertos,PRIMARY_OFFICIAL
2019A,2019-04-28,25 - Lleida,PARTIDO COMUNISTA DE LOS TRABAJADORES DE EUSKADI/EUSKADIKO LANGILEEN ALDERDI KOMUNISTA - PCTE/ELAK,0,0,Ministerio del Interior / portal oficial de datos abiertos,PRIMARY_OFFICIAL
2019A,2019-04-28,25 - Lleida,PARTIDO COMUNISTA DEL PUEBLO ANDALUZ - PCPA,0,0,Ministerio del Interior / portal oficial de datos abiertos,PRIMARY_OFFICIAL
2019A,2019-04-28,25 - Lleida,PARTIDO COMUNISTA DEL PUEBLO CANARIO - PCPC,0,0,Ministerio del Interior / portal oficial de datos abiertos,PRIMARY_OFFICIAL
2019A,2019-04-28,25 - Lleida,PARTIDO COMUNISTA DOS TRABALLADORES DE GALIZA - PCTG,0,0,Ministerio del Interior / portal oficial de datos abiertos,PRIMARY_OFFICIAL
2019A,2019-04-28,25 - Lleida,PARTIDO COMUNISTA OBRERO ESPAÑOL - PCOE,0,0,Ministerio del Interior / portal oficial de datos abiertos,PRIMARY_OFFICIAL
2019A,2019-04-28,25 - Lleida,PARTIDO DE ACCIÓN SOLIDARIA EUROPEA - SOLIDARIA,0,0,Ministerio del Interior / portal oficial de datos abiertos,PRIMARY_OFFICIAL
2019A,2019-04-28,25 - Lleida,"PARTIDO DE JUBILADOS POR EL FUTURO. DIGNIDAD Y DEMOCRACIA - ""JF""",0,0,Ministerio del Interior / portal oficial de datos abiertos,PRIMARY_OFFICIAL
2019A,2019-04-28,25 - Lleida,PARTIDO DEMÓCRATA SOCIAL JUBILADOS EUROPEOS - UNID - PDSJE-UDEC,0,0,Ministerio del Interior / portal oficial de datos abiertos,PRIMARY_OFFICIAL
2019A,2019-04-28,25 - Lleida,PARTIDO DOS SOCIALISTAS DE GALICIA-PARTIDO SOCIALI - PSdeG-PSOE,0,0,Ministerio del Interior / portal oficial de datos abiertos,PRIMARY_OFFICIAL
2019A,2019-04-28,25 - Lleida,PARTIDO HUMANISTA - PH,0,0,Ministerio del Interior / portal oficial de datos abiertos,PRIMARY_OFFICIAL
2019A,2019-04-28,25 - Lleida,PARTIDO LIBERTARIO - P-LIB,0,0,Ministerio del Interior / portal oficial de datos abiertos,PRIMARY_OFFICIAL
2019A,2019-04-28,25 - Lleida,PARTIDO POPULAR - FORO - PP-FORO,0,0,Ministerio del Interior / portal oficial de datos abiertos,PRIMARY_OFFICIAL
2019A,2019-04-28,25 - Lleida,PARTIDO POPULAR - PP,0,0,Ministerio del Interior / portal oficial de datos abiertos,PRIMARY_OFFICIAL
2019A,2019-04-28,25 - Lleida,PARTIDO POPULAR/PARTIT POPULAR - PP,0,0,Ministerio del Interior / portal oficial de datos abiertos,PRIMARY_OFFICIAL
2019A,2019-04-28,25 - Lleida,PARTIDO REGIONALISTA DE CANTABRIA - PRC,0,0,Ministerio del Interior / portal oficial de datos abiertos,PRIMARY_OFFICIAL
2019A,2019-04-28,25 - Lleida,PARTIDO REGIONALISTA DEL PAIS LEONES - PREPAL,0,0,Ministerio del Interior / portal oficial de datos abiertos,PRIMARY_OFFICIAL
2019A,2019-04-28,25 - Lleida,PARTIDO REPUBLICANO INDEPENDIENTE SOLIDARIO ANDALUZ - RISA,0,0,Ministerio del Interior / portal oficial de datos abiertos,PRIMARY_OFFICIAL
2019A,2019-04-28,25 - Lleida,PARTIDO RIOJANO - PR+,0,0,Ministerio del Interior / portal oficial de datos abiertos,PRIMARY_OFFICIAL
2019A,2019-04-28,25 - Lleida,PARTIDO SOCIALISTA DE EUSKADI-EUSKADIKO EZKERRA (PSOE) - PSE-EE (PSOE),0,0,Ministerio del Interior / portal oficial de datos abiertos,PRIMARY_OFFICIAL
2019A,2019-04-28,25 - Lleida,PARTIDO SOCIALISTA OBRERO ESPAÑOL - PSOE,0,0,Ministerio del Interior / portal oficial de datos abiertos,PRIMARY_OFFICIAL
2019A,2019-04-28,25 - Lleida,PARTIT ANIMALISTA CONTRA EL MALTRACTAMENT ANIMAL - PACMA,0,0,Ministerio del Interior / portal oficial de datos abiertos,PRIMARY_OFFICIAL
2019A,2019-04-28,25 - Lleida,PARTIT COMUNISTA DEL POBLE DE CATALUNYA - PCPC,205,0,Ministerio del Interior / portal oficial de datos abiertos,PRIMARY_OFFICIAL
2019A,2019-04-28,25 - Lleida,PARTIT COMUNISTA DELS POBLES D'ESPANYA - PCPE,0,0,Ministerio del Interior / portal oficial de datos abiertos,PRIMARY_OFFICIAL
2019A,2019-04-28,25 - Lleida,PARTIT COMUNISTA DELS TREBALLADORS DE CATALUNYA - PCTC,0,0,Ministerio del Interior / portal oficial de datos abiertos,PRIMARY_OFFICIAL
2019A,2019-04-28,25 - Lleida,PARTIT DELS SOCIALISTES DE CATALUNYA (PSC-PSOE) - PSC,37637,1,Ministerio del Interior / portal oficial de datos abiertos,PRIMARY_OFFICIAL
2019A,2019-04-28,25 - Lleida,PARTIT POPULAR-PARTIDO POPULAR - PP,11153,0,Ministerio del Interior / portal oficial de datos abiertos,PRIMARY_OFFICIAL
2019A,2019-04-28,25 - Lleida,PARTIT SOCIALISTA OBRER ESPANYOL - PSOE,0,0,Ministerio del Interior / portal oficial de datos abiertos,PRIMARY_OFFICIAL
2019A,2019-04-28,25 - Lleida,PER UN MÓN MÉS JUST - PUM+J,137,0,Ministerio del Interior / portal oficial de datos abiertos,PRIMARY_OFFICIAL
2019A,2019-04-28,25 - Lleida,PLATAFORMA DEL PUEBLO SORIANO - PPSO,0,0,Ministerio del Interior / portal oficial de datos abiertos,PRIMARY_OFFICIAL
2019A,2019-04-28,25 - Lleida,POBLE LLIURE - SOM ALTERNATIVA - PIRATES DE CATALU - FRONT REPUB,6194,0,Ministerio del Interior / portal oficial de datos abiertos,PRIMARY_OFFICIAL
2019A,2019-04-28,25 - Lleida,POR UN MUNDO MÁS JUSTO (BIDEZKO MUNDURANTZ) - PUM+J,0,0,Ministerio del Interior / portal oficial de datos abiertos,PRIMARY_OFFICIAL
2019A,2019-04-28,25 - Lleida,POR UN MUNDO MÁS JUSTO - PUM+J,0,0,Ministerio del Interior / portal oficial de datos abiertos,PRIMARY_OFFICIAL
2019A,2019-04-28,25 - Lleida,PUYALON - PYLN,0,0,Ministerio del Interior / portal oficial de datos abiertos,PRIMARY_OFFICIAL
2019A,2019-04-28,25 - Lleida,RECORTES CERO-GRUPO VERDE - RECORTES CERO-GV,204,0,Ministerio del Interior / portal oficial de datos abiertos,PRIMARY_OFFICIAL
2019A,2019-04-28,25 - Lleida,RECORTES CERO-GRUPO VERDE-PARTIDO CASTELLANO-TIERRA COMUNERA - RECORTES CERO-GV-PCAS-TC,0,0,Ministerio del Interior / portal oficial de datos abiertos,PRIMARY_OFFICIAL
2019A,2019-04-28,25 - Lleida,SOM VALENCIANS EN MOVIMENT - UIG-SOM-CUIDES,0,0,Ministerio del Interior / portal oficial de datos abiertos,PRIMARY_OFFICIAL
2019A,2019-04-28,25 - Lleida,SOMOS REGIÓN - SOMOS REGIÓ,0,0,Ministerio del Interior / portal oficial de datos abiertos,PRIMARY_OFFICIAL
2019A,2019-04-28,25 - Lleida,UNIDAS PODEMOS - PODEMOS-EUPV,0,0,Ministerio del Interior / portal oficial de datos abiertos,PRIMARY_OFFICIAL
2019A,2019-04-28,25 - Lleida,UNIDAS PODEMOS - PODEMOS-IU LV CA-EQUO,0,0,Ministerio del Interior / portal oficial de datos abiertos,PRIMARY_OFFICIAL
2019A,2019-04-28,25 - Lleida,UNIDAS PODEMOS - PODEMOS-IU-EQUO,0,0,Ministerio del Interior / portal oficial de datos abiertos,PRIMARY_OFFICIAL
2019A,2019-04-28,25 - Lleida,UNIDAS PODEMOS - PODEMOS-IU-EQUO-BATZARRE,0,0,Ministerio del Interior / portal oficial de datos abiertos,PRIMARY_OFFICIAL
2019A,2019-04-28,25 - Lleida,UNIDAS PODEMOS-ALTOARAGÓN EN COMÚN - PODEMOS-IU-,0,0,Ministerio del Interior / portal oficial de datos abiertos,PRIMARY_OFFICIAL
2019A,2019-04-28,25 - Lleida,UNIDAS PODEMOS-UNIDES PODEM - PODEMOS-EUIB,0,0,Ministerio del Interior / portal oficial de datos abiertos,PRIMARY_OFFICIAL
2019A,2019-04-28,25 - Lleida,UNIDAS PODEMOS-XUNIES PODEMOS - PODEMOS-IX-EQUO,0,0,Ministerio del Interior / portal oficial de datos abiertos,PRIMARY_OFFICIAL
2019A,2019-04-28,25 - Lleida,UNIÓN DE TODOS - UDT,0,0,Ministerio del Interior / portal oficial de datos abiertos,PRIMARY_OFFICIAL
2019A,2019-04-28,25 - Lleida,UNIÓN REGIONALISTA DE CASTILLA Y LEÓN - UNIÓN REGIO,0,0,Ministerio del Interior / portal oficial de datos abiertos,PRIMARY_OFFICIAL
2019A,2019-04-28,25 - Lleida,VIVIR OURENSE - VOU,0,0,Ministerio del Interior / portal oficial de datos abiertos,PRIMARY_OFFICIAL
2019A,2019-04-28,25 - Lleida,VOX - VOX,6005,0,Ministerio del Interior / portal oficial de datos abiertos,PRIMARY_OFFICIAL
2019A,2019-04-28,25 - Lleida,Veus PROGRESSISTES - ARA-MES-ESQUERRA,0,0,Ministerio del Interior / portal oficial de datos abiertos,PRIMARY_OFFICIAL
2019A,2019-04-28,26 - La Rioja,ACTÚA - PACT,0,0,Ministerio del Interior / portal oficial de datos abiertos,PRIMARY_OFFICIAL
2019A,2019-04-28,26 - La Rioja,AHORA CANARIAS: Alternativa Nacionalista Canaria ANC y Unidad del Pueblo - AHORA CANARIAS,0,0,Ministerio del Interior / portal oficial de datos abiertos,PRIMARY_OFFICIAL
2019A,2019-04-28,26 - La Rioja,ANDALUCÍA POR SÍ - AxSI,0,0,Ministerio del Interior / portal oficial de datos abiertos,PRIMARY_OFFICIAL
2019A,2019-04-28,26 - La Rioja,ANDECHA ASTUR - ANDECHA ASTUR,0,0,Ministerio del Interior / portal oficial de datos abiertos,PRIMARY_OFFICIAL
2019A,2019-04-28,26 - La Rioja,AVANT ADELANTE LOS VERDES - AVANT ADELANTE LOS VERDES,0,0,Ministerio del Interior / portal oficial de datos abiertos,PRIMARY_OFFICIAL
2019A,2019-04-28,26 - La Rioja,BLOQUE NACIONALISTA GALEGO - BNG,0,0,Ministerio del Interior / portal oficial de datos abiertos,PRIMARY_OFFICIAL
2019A,2019-04-28,26 - La Rioja,CENTRADOS - centrados,0,0,Ministerio del Interior / portal oficial de datos abiertos,PRIMARY_OFFICIAL
2019A,2019-04-28,26 - La Rioja,CIUDADANOS INDEPENDIENTES DE LINARES UNIDOS - CILU-LINARES,0,0,Ministerio del Interior / portal oficial de datos abiertos,PRIMARY_OFFICIAL
2019A,2019-04-28,26 - La Rioja,CIUDADANOS-PARTIDO DE LA CIUDADANÍA - Cs,32181,1,Ministerio del Interior / portal oficial de datos abiertos,PRIMARY_OFFICIAL
2019A,2019-04-28,26 - La Rioja,CIUTADANS-PARTIDO DE LA CIUDADANÍA - Cs,0,0,Ministerio del Interior / portal oficial de datos abiertos,PRIMARY_OFFICIAL
2019A,2019-04-28,26 - La Rioja,COALICION CANARIA-PARTIDO NACIONALISTA CANARIO - CCa-PNC,0,0,Ministerio del Interior / portal oficial de datos abiertos,PRIMARY_OFFICIAL
2019A,2019-04-28,26 - La Rioja,COALICION POR MELILLA - CpM,0,0,Ministerio del Interior / portal oficial de datos abiertos,PRIMARY_OFFICIAL
2019A,2019-04-28,26 - La Rioja,COMPROMISO POR GALICIA - CxG,0,0,Ministerio del Interior / portal oficial de datos abiertos,PRIMARY_OFFICIAL
2019A,2019-04-28,26 - La Rioja,COMPROMÍS: BLOC-INICIATIVA-VERDSEQUO - COMPROMÍS 2,0,0,Ministerio del Interior / portal oficial de datos abiertos,PRIMARY_OFFICIAL
2019A,2019-04-28,26 - La Rioja,CONVERGENTS - CNV,0,0,Ministerio del Interior / portal oficial de datos abiertos,PRIMARY_OFFICIAL
2019A,2019-04-28,26 - La Rioja,CONVERXENCIA 21 - C 21,0,0,Ministerio del Interior / portal oficial de datos abiertos,PRIMARY_OFFICIAL
2019A,2019-04-28,26 - La Rioja,DEFENSA DE LO PÚBLICO - DP,0,0,Ministerio del Interior / portal oficial de datos abiertos,PRIMARY_OFFICIAL
2019A,2019-04-28,26 - La Rioja,DEMOCRACIA PLURAL - DPL,0,0,Ministerio del Interior / portal oficial de datos abiertos,PRIMARY_OFFICIAL
2019A,2019-04-28,26 - La Rioja,EL PI - PROPOSTA PER LES ILLES BALEARS - EL PI,0,0,Ministerio del Interior / portal oficial de datos abiertos,PRIMARY_OFFICIAL
2019A,2019-04-28,26 - La Rioja,ELKARREKIN PODEMOS-UNIDAS PODEMOS - PODEMOS-IU-EQUO BERDEAK,0,0,Ministerio del Interior / portal oficial de datos abiertos,PRIMARY_OFFICIAL
2019A,2019-04-28,26 - La Rioja,EN COMÚ PODEM - GUANYEM EL CANVI - ECP-GUANYEM,0,0,Ministerio del Interior / portal oficial de datos abiertos,PRIMARY_OFFICIAL
2019A,2019-04-28,26 - La Rioja,EN COMÚN-UNIDAS PODEMOS - PODEMOS-EU-,0,0,Ministerio del Interior / portal oficial de datos abiertos,PRIMARY_OFFICIAL
2019A,2019-04-28,26 - La Rioja,EN MAREA - EN MAREA,0,0,Ministerio del Interior / portal oficial de datos abiertos,PRIMARY_OFFICIAL
2019A,2019-04-28,26 - La Rioja,ESCANOS EN BRANCO - EB,0,0,Ministerio del Interior / portal oficial de datos abiertos,PRIMARY_OFFICIAL
2019A,2019-04-28,26 - La Rioja,ESCAÑOS EN BLANCO - EB,385,0,Ministerio del Interior / portal oficial de datos abiertos,PRIMARY_OFFICIAL
2019A,2019-04-28,26 - La Rioja,ESCAÑOS EN BLANCO-AULKI ZURIAK - EB,0,0,Ministerio del Interior / portal oficial de datos abiertos,PRIMARY_OFFICIAL
2019A,2019-04-28,26 - La Rioja,ESQUERRA REPUBLICANA DE CATALUNYA-SOBIRANISTES - ERC-SOBIRANISTES,0,0,Ministerio del Interior / portal oficial de datos abiertos,PRIMARY_OFFICIAL
2019A,2019-04-28,26 - La Rioja,ESQUERRA REPUBLICANA DEL PAÍS VALENCIÀ - ERPV,0,0,Ministerio del Interior / portal oficial de datos abiertos,PRIMARY_OFFICIAL
2019A,2019-04-28,26 - La Rioja,EUSKADIKO LANGILEEN ALDERDI KOMUNISTA/PARTIDO COMUNISTA DE LOS TRABAJADORES DE EUSKADI - ELAK/PCTE,0,0,Ministerio del Interior / portal oficial de datos abiertos,PRIMARY_OFFICIAL
2019A,2019-04-28,26 - La Rioja,EUSKAL HERRIA BILDU - EH Bildu,0,0,Ministerio del Interior / portal oficial de datos abiertos,PRIMARY_OFFICIAL
2019A,2019-04-28,26 - La Rioja,EUZKO ALDERDI JELTZALEA-PARTIDO NACIONALISTA VASCO - EAJ-PNV,0,0,Ministerio del Interior / portal oficial de datos abiertos,PRIMARY_OFFICIAL
2019A,2019-04-28,26 - La Rioja,EXTREMEÑOS PREX CREX - C.Ex-C.R.Ex,0,0,Ministerio del Interior / portal oficial de datos abiertos,PRIMARY_OFFICIAL
2019A,2019-04-28,26 - La Rioja,FALANGE ESPAÑOLA DE LAS JONS - FE de las J,0,0,Ministerio del Interior / portal oficial de datos abiertos,PRIMARY_OFFICIAL
2019A,2019-04-28,26 - La Rioja,FEDERACION DE LOS INDEPENDIENTES DE ARAGON - FIA,0,0,Ministerio del Interior / portal oficial de datos abiertos,PRIMARY_OFFICIAL
2019A,2019-04-28,26 - La Rioja,FEMINISM8 - F8,0,0,Ministerio del Interior / portal oficial de datos abiertos,PRIMARY_OFFICIAL
2019A,2019-04-28,26 - La Rioja,GEROA BAI - GBAI,0,0,Ministerio del Interior / portal oficial de datos abiertos,PRIMARY_OFFICIAL
2019A,2019-04-28,26 - La Rioja,IZQUIERDA ANTICAPITALISTA REVOLUCIONARIA - IZAR,0,0,Ministerio del Interior / portal oficial de datos abiertos,PRIMARY_OFFICIAL
2019A,2019-04-28,26 - La Rioja,IZQUIERDA EN POSITIVO - IZQP,0,0,Ministerio del Interior / portal oficial de datos abiertos,PRIMARY_OFFICIAL
2019A,2019-04-28,26 - La Rioja,JUNTS PER CATALUNYA-JUNTS - JxCAT-JUNTS,0,0,Ministerio del Interior / portal oficial de datos abiertos,PRIMARY_OFFICIAL
2019A,2019-04-28,26 - La Rioja,LOS VERDES ECOPACIFISTAS ADELANTE - AVANT-LOS VERDES,0,0,Ministerio del Interior / portal oficial de datos abiertos,PRIMARY_OFFICIAL
2019A,2019-04-28,26 - La Rioja,MUERTE AL SISTEMA - +MAS+,0,0,Ministerio del Interior / portal oficial de datos abiertos,PRIMARY_OFFICIAL
2019A,2019-04-28,26 - La Rioja,NAVARRA SUMA - NA+,0,0,Ministerio del Interior / portal oficial de datos abiertos,PRIMARY_OFFICIAL
2019A,2019-04-28,26 - La Rioja,NUEVA CANARIAS - NCa,0,0,Ministerio del Interior / portal oficial de datos abiertos,PRIMARY_OFFICIAL
2019A,2019-04-28,26 - La Rioja,PARTIDO ANIMALISTA CONTRA EL MALTRATO ANIMAL - PACMA,1394,0,Ministerio del Interior / portal oficial de datos abiertos,PRIMARY_OFFICIAL
2019A,2019-04-28,26 - La Rioja,PARTIDO COMUNISTA DE LOS PUEBLOS DE ESPAÑA - PCPE,0,0,Ministerio del Interior / portal oficial de datos abiertos,PRIMARY_OFFICIAL
2019A,2019-04-28,26 - La Rioja,PARTIDO COMUNISTA DE LOS TRABAJADORES DE ESPAÑA - PCTE,0,0,Ministerio del Interior / portal oficial de datos abiertos,PRIMARY_OFFICIAL
2019A,2019-04-28,26 - La Rioja,PARTIDO COMUNISTA DE LOS TRABAJADORES DE EUSKADI/EUSKADIKO LANGILEEN ALDERDI KOMUNISTA - PCTE/ELAK,0,0,Ministerio del Interior / portal oficial de datos abiertos,PRIMARY_OFFICIAL
2019A,2019-04-28,26 - La Rioja,PARTIDO COMUNISTA DEL PUEBLO ANDALUZ - PCPA,0,0,Ministerio del Interior / portal oficial de datos abiertos,PRIMARY_OFFICIAL
2019A,2019-04-28,26 - La Rioja,PARTIDO COMUNISTA DEL PUEBLO CANARIO - PCPC,0,0,Ministerio del Interior / portal oficial de datos abiertos,PRIMARY_OFFICIAL
2019A,2019-04-28,26 - La Rioja,PARTIDO COMUNISTA DOS TRABALLADORES DE GALIZA - PCTG,0,0,Ministerio del Interior / portal oficial de datos abiertos,PRIMARY_OFFICIAL
2019A,2019-04-28,26 - La Rioja,PARTIDO COMUNISTA OBRERO ESPAÑOL - PCOE,0,0,Ministerio del Interior / portal oficial de datos abiertos,PRIMARY_OFFICIAL
2019A,2019-04-28,26 - La Rioja,PARTIDO DE ACCIÓN SOLIDARIA EUROPEA - SOLIDARIA,0,0,Ministerio del Interior / portal oficial de datos abiertos,PRIMARY_OFFICIAL
2019A,2019-04-28,26 - La Rioja,"PARTIDO DE JUBILADOS POR EL FUTURO. DIGNIDAD Y DEMOCRACIA - ""JF""",0,0,Ministerio del Interior / portal oficial de datos abiertos,PRIMARY_OFFICIAL
2019A,2019-04-28,26 - La Rioja,PARTIDO DEMÓCRATA SOCIAL JUBILADOS EUROPEOS - UNID - PDSJE-UDEC,0,0,Ministerio del Interior / portal oficial de datos abiertos,PRIMARY_OFFICIAL
2019A,2019-04-28,26 - La Rioja,PARTIDO DOS SOCIALISTAS DE GALICIA-PARTIDO SOCIALI - PSdeG-PSOE,0,0,Ministerio del Interior / portal oficial de datos abiertos,PRIMARY_OFFICIAL
2019A,2019-04-28,26 - La Rioja,PARTIDO HUMANISTA - PH,0,0,Ministerio del Interior / portal oficial de datos abiertos,PRIMARY_OFFICIAL
2019A,2019-04-28,26 - La Rioja,PARTIDO LIBERTARIO - P-LIB,0,0,Ministerio del Interior / portal oficial de datos abiertos,PRIMARY_OFFICIAL
2019A,2019-04-28,26 - La Rioja,PARTIDO POPULAR - FORO - PP-FORO,0,0,Ministerio del Interior / portal oficial de datos abiertos,PRIMARY_OFFICIAL
2019A,2019-04-28,26 - La Rioja,PARTIDO POPULAR - PP,47947,1,Ministerio del Interior / portal oficial de datos abiertos,PRIMARY_OFFICIAL
2019A,2019-04-28,26 - La Rioja,PARTIDO POPULAR/PARTIT POPULAR - PP,0,0,Ministerio del Interior / portal oficial de datos abiertos,PRIMARY_OFFICIAL
2019A,2019-04-28,26 - La Rioja,PARTIDO REGIONALISTA DE CANTABRIA - PRC,0,0,Ministerio del Interior / portal oficial de datos abiertos,PRIMARY_OFFICIAL
2019A,2019-04-28,26 - La Rioja,PARTIDO REGIONALISTA DEL PAIS LEONES - PREPAL,0,0,Ministerio del Interior / portal oficial de datos abiertos,PRIMARY_OFFICIAL
2019A,2019-04-28,26 - La Rioja,PARTIDO REPUBLICANO INDEPENDIENTE SOLIDARIO ANDALUZ - RISA,0,0,Ministerio del Interior / portal oficial de datos abiertos,PRIMARY_OFFICIAL
2019A,2019-04-28,26 - La Rioja,PARTIDO RIOJANO - PR+,2098,0,Ministerio del Interior / portal oficial de datos abiertos,PRIMARY_OFFICIAL
2019A,2019-04-28,26 - La Rioja,PARTIDO SOCIALISTA DE EUSKADI-EUSKADIKO EZKERRA (PSOE) - PSE-EE (PSOE),0,0,Ministerio del Interior / portal oficial de datos abiertos,PRIMARY_OFFICIAL
2019A,2019-04-28,26 - La Rioja,PARTIDO SOCIALISTA OBRERO ESPAÑOL - PSOE,57307,2,Ministerio del Interior / portal oficial de datos abiertos,PRIMARY_OFFICIAL
2019A,2019-04-28,26 - La Rioja,PARTIT ANIMALISTA CONTRA EL MALTRACTAMENT ANIMAL - PACMA,0,0,Ministerio del Interior / portal oficial de datos abiertos,PRIMARY_OFFICIAL
2019A,2019-04-28,26 - La Rioja,PARTIT COMUNISTA DEL POBLE DE CATALUNYA - PCPC,0,0,Ministerio del Interior / portal oficial de datos abiertos,PRIMARY_OFFICIAL
2019A,2019-04-28,26 - La Rioja,PARTIT COMUNISTA DELS POBLES D'ESPANYA - PCPE,0,0,Ministerio del Interior / portal oficial de datos abiertos,PRIMARY_OFFICIAL
2019A,2019-04-28,26 - La Rioja,PARTIT COMUNISTA DELS TREBALLADORS DE CATALUNYA - PCTC,0,0,Ministerio del Interior / portal oficial de datos abiertos,PRIMARY_OFFICIAL
2019A,2019-04-28,26 - La Rioja,PARTIT DELS SOCIALISTES DE CATALUNYA (PSC-PSOE) - PSC,0,0,Ministerio del Interior / portal oficial de datos abiertos,PRIMARY_OFFICIAL
2019A,2019-04-28,26 - La Rioja,PARTIT POPULAR-PARTIDO POPULAR - PP,0,0,Ministerio del Interior / portal oficial de datos abiertos,PRIMARY_OFFICIAL
2019A,2019-04-28,26 - La Rioja,PARTIT SOCIALISTA OBRER ESPANYOL - PSOE,0,0,Ministerio del Interior / portal oficial de datos abiertos,PRIMARY_OFFICIAL
2019A,2019-04-28,26 - La Rioja,PER UN MÓN MÉS JUST - PUM+J,0,0,Ministerio del Interior / portal oficial de datos abiertos,PRIMARY_OFFICIAL
2019A,2019-04-28,26 - La Rioja,PLATAFORMA DEL PUEBLO SORIANO - PPSO,0,0,Ministerio del Interior / portal oficial de datos abiertos,PRIMARY_OFFICIAL
2019A,2019-04-28,26 - La Rioja,POBLE LLIURE - SOM ALTERNATIVA - PIRATES DE CATALU - FRONT REPUB,0,0,Ministerio del Interior / portal oficial de datos abiertos,PRIMARY_OFFICIAL
2019A,2019-04-28,26 - La Rioja,POR UN MUNDO MÁS JUSTO (BIDEZKO MUNDURANTZ) - PUM+J,0,0,Ministerio del Interior / portal oficial de datos abiertos,PRIMARY_OFFICIAL
2019A,2019-04-28,26 - La Rioja,POR UN MUNDO MÁS JUSTO - PUM+J,199,0,Ministerio del Interior / portal oficial de datos abiertos,PRIMARY_OFFICIAL
2019A,2019-04-28,26 - La Rioja,PUYALON - PYLN,0,0,Ministerio del Interior / portal oficial de datos abiertos,PRIMARY_OFFICIAL
2019A,2019-04-28,26 - La Rioja,RECORTES CERO-GRUPO VERDE - RECORTES CERO-GV,275,0,Ministerio del Interior / portal oficial de datos abiertos,PRIMARY_OFFICIAL
2019A,2019-04-28,26 - La Rioja,RECORTES CERO-GRUPO VERDE-PARTIDO CASTELLANO-TIERRA COMUNERA - RECORTES CERO-GV-PCAS-TC,0,0,Ministerio del Interior / portal oficial de datos abiertos,PRIMARY_OFFICIAL
2019A,2019-04-28,26 - La Rioja,SOM VALENCIANS EN MOVIMENT - UIG-SOM-CUIDES,0,0,Ministerio del Interior / portal oficial de datos abiertos,PRIMARY_OFFICIAL
2019A,2019-04-28,26 - La Rioja,SOMOS REGIÓN - SOMOS REGIÓ,0,0,Ministerio del Interior / portal oficial de datos abiertos,PRIMARY_OFFICIAL
2019A,2019-04-28,26 - La Rioja,UNIDAS PODEMOS - PODEMOS-EUPV,0,0,Ministerio del Interior / portal oficial de datos abiertos,PRIMARY_OFFICIAL
2019A,2019-04-28,26 - La Rioja,UNIDAS PODEMOS - PODEMOS-IU LV CA-EQUO,0,0,Ministerio del Interior / portal oficial de datos abiertos,PRIMARY_OFFICIAL
2019A,2019-04-28,26 - La Rioja,UNIDAS PODEMOS - PODEMOS-IU-EQUO,21331,0,Ministerio del Interior / portal oficial de datos abiertos,PRIMARY_OFFICIAL
2019A,2019-04-28,26 - La Rioja,UNIDAS PODEMOS - PODEMOS-IU-EQUO-BATZARRE,0,0,Ministerio del Interior / portal oficial de datos abiertos,PRIMARY_OFFICIAL
2019A,2019-04-28,26 - La Rioja,UNIDAS PODEMOS-ALTOARAGÓN EN COMÚN - PODEMOS-IU-,0,0,Ministerio del Interior / portal oficial de datos abiertos,PRIMARY_OFFICIAL
2019A,2019-04-28,26 - La Rioja,UNIDAS PODEMOS-UNIDES PODEM - PODEMOS-EUIB,0,0,Ministerio del Interior / portal oficial de datos abiertos,PRIMARY_OFFICIAL
2019A,2019-04-28,26 - La Rioja,UNIDAS PODEMOS-XUNIES PODEMOS - PODEMOS-IX-EQUO,0,0,Ministerio del Interior / portal oficial de datos abiertos,PRIMARY_OFFICIAL
2019A,2019-04-28,26 - La Rioja,UNIÓN DE TODOS - UDT,0,0,Ministerio del Interior / portal oficial de datos abiertos,PRIMARY_OFFICIAL
2019A,2019-04-28,26 - La Rioja,UNIÓN REGIONALISTA DE CASTILLA Y LEÓN - UNIÓN REGIO,0,0,Ministerio del Interior / portal oficial de datos abiertos,PRIMARY_OFFICIAL
2019A,2019-04-28,26 - La Rioja,VIVIR OURENSE - VOU,0,0,Ministerio del Interior / portal oficial de datos abiertos,PRIMARY_OFFICIAL
2019A,2019-04-28,26 - La Rioja,VOX - VOX,16255,0,Ministerio del Interior / portal oficial de datos abiertos,PRIMARY_OFFICIAL
2019A,2019-04-28,26 - La Rioja,Veus PROGRESSISTES - ARA-MES-ESQUERRA,0,0,Ministerio del Interior / portal oficial de datos abiertos,PRIMARY_OFFICIAL
2019A,2019-04-28,27 - Lugo,ACTÚA - PACT,0,0,Ministerio del Interior / portal oficial de datos abiertos,PRIMARY_OFFICIAL
2019A,2019-04-28,27 - Lugo,AHORA CANARIAS: Alternativa Nacionalista Canaria ANC y Unidad del Pueblo - AHORA CANARIAS,0,0,Ministerio del Interior / portal oficial de datos abiertos,PRIMARY_OFFICIAL
2019A,2019-04-28,27 - Lugo,ANDALUCÍA POR SÍ - AxSI,0,0,Ministerio del Interior / portal oficial de datos abiertos,PRIMARY_OFFICIAL
2019A,2019-04-28,27 - Lugo,ANDECHA ASTUR - ANDECHA ASTUR,0,0,Ministerio del Interior / portal oficial de datos abiertos,PRIMARY_OFFICIAL
2019A,2019-04-28,27 - Lugo,AVANT ADELANTE LOS VERDES - AVANT ADELANTE LOS VERDES,0,0,Ministerio del Interior / portal oficial de datos abiertos,PRIMARY_OFFICIAL
2019A,2019-04-28,27 - Lugo,BLOQUE NACIONALISTA GALEGO - BNG,9658,0,Ministerio del Interior / portal oficial de datos abiertos,PRIMARY_OFFICIAL
2019A,2019-04-28,27 - Lugo,CENTRADOS - centrados,0,0,Ministerio del Interior / portal oficial de datos abiertos,PRIMARY_OFFICIAL
2019A,2019-04-28,27 - Lugo,CIUDADANOS INDEPENDIENTES DE LINARES UNIDOS - CILU-LINARES,0,0,Ministerio del Interior / portal oficial de datos abiertos,PRIMARY_OFFICIAL
2019A,2019-04-28,27 - Lugo,CIUDADANOS-PARTIDO DE LA CIUDADANÍA - Cs,17812,0,Ministerio del Interior / portal oficial de datos abiertos,PRIMARY_OFFICIAL
2019A,2019-04-28,27 - Lugo,CIUTADANS-PARTIDO DE LA CIUDADANÍA - Cs,0,0,Ministerio del Interior / portal oficial de datos abiertos,PRIMARY_OFFICIAL
2019A,2019-04-28,27 - Lugo,COALICION CANARIA-PARTIDO NACIONALISTA CANARIO - CCa-PNC,0,0,Ministerio del Interior / portal oficial de datos abiertos,PRIMARY_OFFICIAL
2019A,2019-04-28,27 - Lugo,COALICION POR MELILLA - CpM,0,0,Ministerio del Interior / portal oficial de datos abiertos,PRIMARY_OFFICIAL
2019A,2019-04-28,27 - Lugo,COMPROMISO POR GALICIA - CxG,391,0,Ministerio del Interior / portal oficial de datos abiertos,PRIMARY_OFFICIAL
2019A,2019-04-28,27 - Lugo,COMPROMÍS: BLOC-INICIATIVA-VERDSEQUO - COMPROMÍS 2,0,0,Ministerio del Interior / portal oficial de datos abiertos,PRIMARY_OFFICIAL
2019A,2019-04-28,27 - Lugo,CONVERGENTS - CNV,0,0,Ministerio del Interior / portal oficial de datos abiertos,PRIMARY_OFFICIAL
2019A,2019-04-28,27 - Lugo,CONVERXENCIA 21 - C 21,73,0,Ministerio del Interior / portal oficial de datos abiertos,PRIMARY_OFFICIAL
2019A,2019-04-28,27 - Lugo,DEFENSA DE LO PÚBLICO - DP,0,0,Ministerio del Interior / portal oficial de datos abiertos,PRIMARY_OFFICIAL
2019A,2019-04-28,27 - Lugo,DEMOCRACIA PLURAL - DPL,0,0,Ministerio del Interior / portal oficial de datos abiertos,PRIMARY_OFFICIAL
2019A,2019-04-28,27 - Lugo,EL PI - PROPOSTA PER LES ILLES BALEARS - EL PI,0,0,Ministerio del Interior / portal oficial de datos abiertos,PRIMARY_OFFICIAL
2019A,2019-04-28,27 - Lugo,ELKARREKIN PODEMOS-UNIDAS PODEMOS - PODEMOS-IU-EQUO BERDEAK,0,0,Ministerio del Interior / portal oficial de datos abiertos,PRIMARY_OFFICIAL
2019A,2019-04-28,27 - Lugo,EN COMÚ PODEM - GUANYEM EL CANVI - ECP-GUANYEM,0,0,Ministerio del Interior / portal oficial de datos abiertos,PRIMARY_OFFICIAL
2019A,2019-04-28,27 - Lugo,EN COMÚN-UNIDAS PODEMOS - PODEMOS-EU-,20282,0,Ministerio del Interior / portal oficial de datos abiertos,PRIMARY_OFFICIAL
2019A,2019-04-28,27 - Lugo,EN MAREA - EN MAREA,2168,0,Ministerio del Interior / portal oficial de datos abiertos,PRIMARY_OFFICIAL
2019A,2019-04-28,27 - Lugo,ESCANOS EN BRANCO - EB,0,0,Ministerio del Interior / portal oficial de datos abiertos,PRIMARY_OFFICIAL
2019A,2019-04-28,27 - Lugo,ESCAÑOS EN BLANCO - EB,0,0,Ministerio del Interior / portal oficial de datos abiertos,PRIMARY_OFFICIAL
2019A,2019-04-28,27 - Lugo,ESCAÑOS EN BLANCO-AULKI ZURIAK - EB,0,0,Ministerio del Interior / portal oficial de datos abiertos,PRIMARY_OFFICIAL
2019A,2019-04-28,27 - Lugo,ESQUERRA REPUBLICANA DE CATALUNYA-SOBIRANISTES - ERC-SOBIRANISTES,0,0,Ministerio del Interior / portal oficial de datos abiertos,PRIMARY_OFFICIAL
2019A,2019-04-28,27 - Lugo,ESQUERRA REPUBLICANA DEL PAÍS VALENCIÀ - ERPV,0,0,Ministerio del Interior / portal oficial de datos abiertos,PRIMARY_OFFICIAL
2019A,2019-04-28,27 - Lugo,EUSKADIKO LANGILEEN ALDERDI KOMUNISTA/PARTIDO COMUNISTA DE LOS TRABAJADORES DE EUSKADI - ELAK/PCTE,0,0,Ministerio del Interior / portal oficial de datos abiertos,PRIMARY_OFFICIAL
2019A,2019-04-28,27 - Lugo,EUSKAL HERRIA BILDU - EH Bildu,0,0,Ministerio del Interior / portal oficial de datos abiertos,PRIMARY_OFFICIAL
2019A,2019-04-28,27 - Lugo,EUZKO ALDERDI JELTZALEA-PARTIDO NACIONALISTA VASCO - EAJ-PNV,0,0,Ministerio del Interior / portal oficial de datos abiertos,PRIMARY_OFFICIAL
2019A,2019-04-28,27 - Lugo,EXTREMEÑOS PREX CREX - C.Ex-C.R.Ex,0,0,Ministerio del Interior / portal oficial de datos abiertos,PRIMARY_OFFICIAL
2019A,2019-04-28,27 - Lugo,FALANGE ESPAÑOLA DE LAS JONS - FE de las J,0,0,Ministerio del Interior / portal oficial de datos abiertos,PRIMARY_OFFICIAL
2019A,2019-04-28,27 - Lugo,FEDERACION DE LOS INDEPENDIENTES DE ARAGON - FIA,0,0,Ministerio del Interior / portal oficial de datos abiertos,PRIMARY_OFFICIAL
2019A,2019-04-28,27 - Lugo,FEMINISM8 - F8,0,0,Ministerio del Interior / portal oficial de datos abiertos,PRIMARY_OFFICIAL
2019A,2019-04-28,27 - Lugo,GEROA BAI - GBAI,0,0,Ministerio del Interior / portal oficial de datos abiertos,PRIMARY_OFFICIAL
2019A,2019-04-28,27 - Lugo,IZQUIERDA ANTICAPITALISTA REVOLUCIONARIA - IZAR,0,0,Ministerio del Interior / portal oficial de datos abiertos,PRIMARY_OFFICIAL
2019A,2019-04-28,27 - Lugo,IZQUIERDA EN POSITIVO - IZQP,0,0,Ministerio del Interior / portal oficial de datos abiertos,PRIMARY_OFFICIAL
2019A,2019-04-28,27 - Lugo,JUNTS PER CATALUNYA-JUNTS - JxCAT-JUNTS,0,0,Ministerio del Interior / portal oficial de datos abiertos,PRIMARY_OFFICIAL
2019A,2019-04-28,27 - Lugo,LOS VERDES ECOPACIFISTAS ADELANTE - AVANT-LOS VERDES,0,0,Ministerio del Interior / portal oficial de datos abiertos,PRIMARY_OFFICIAL
2019A,2019-04-28,27 - Lugo,MUERTE AL SISTEMA - +MAS+,0,0,Ministerio del Interior / portal oficial de datos abiertos,PRIMARY_OFFICIAL
2019A,2019-04-28,27 - Lugo,NAVARRA SUMA - NA+,0,0,Ministerio del Interior / portal oficial de datos abiertos,PRIMARY_OFFICIAL
2019A,2019-04-28,27 - Lugo,NUEVA CANARIAS - NCa,0,0,Ministerio del Interior / portal oficial de datos abiertos,PRIMARY_OFFICIAL
2019A,2019-04-28,27 - Lugo,PARTIDO ANIMALISTA CONTRA EL MALTRATO ANIMAL - PACMA,1602,0,Ministerio del Interior / portal oficial de datos abiertos,PRIMARY_OFFICIAL
2019A,2019-04-28,27 - Lugo,PARTIDO COMUNISTA DE LOS PUEBLOS DE ESPAÑA - PCPE,0,0,Ministerio del Interior / portal oficial de datos abiertos,PRIMARY_OFFICIAL
2019A,2019-04-28,27 - Lugo,PARTIDO COMUNISTA DE LOS TRABAJADORES DE ESPAÑA - PCTE,0,0,Ministerio del Interior / portal oficial de datos abiertos,PRIMARY_OFFICIAL
2019A,2019-04-28,27 - Lugo,PARTIDO COMUNISTA DE LOS TRABAJADORES DE EUSKADI/EUSKADIKO LANGILEEN ALDERDI KOMUNISTA - PCTE/ELAK,0,0,Ministerio del Interior / portal oficial de datos abiertos,PRIMARY_OFFICIAL
2019A,2019-04-28,27 - Lugo,PARTIDO COMUNISTA DEL PUEBLO ANDALUZ - PCPA,0,0,Ministerio del Interior / portal oficial de datos abiertos,PRIMARY_OFFICIAL
2019A,2019-04-28,27 - Lugo,PARTIDO COMUNISTA DEL PUEBLO CANARIO - PCPC,0,0,Ministerio del Interior / portal oficial de datos abiertos,PRIMARY_OFFICIAL
2019A,2019-04-28,27 - Lugo,PARTIDO COMUNISTA DOS TRABALLADORES DE GALIZA - PCTG,304,0,Ministerio del Interior / portal oficial de datos abiertos,PRIMARY_OFFICIAL
2019A,2019-04-28,27 - Lugo,PARTIDO COMUNISTA OBRERO ESPAÑOL - PCOE,0,0,Ministerio del Interior / portal oficial de datos abiertos,PRIMARY_OFFICIAL
2019A,2019-04-28,27 - Lugo,PARTIDO DE ACCIÓN SOLIDARIA EUROPEA - SOLIDARIA,0,0,Ministerio del Interior / portal oficial de datos abiertos,PRIMARY_OFFICIAL
2019A,2019-04-28,27 - Lugo,"PARTIDO DE JUBILADOS POR EL FUTURO. DIGNIDAD Y DEMOCRACIA - ""JF""",0,0,Ministerio del Interior / portal oficial de datos abiertos,PRIMARY_OFFICIAL
2019A,2019-04-28,27 - Lugo,PARTIDO DEMÓCRATA SOCIAL JUBILADOS EUROPEOS - UNID - PDSJE-UDEC,0,0,Ministerio del Interior / portal oficial de datos abiertos,PRIMARY_OFFICIAL
2019A,2019-04-28,27 - Lugo,PARTIDO DOS SOCIALISTAS DE GALICIA-PARTIDO SOCIALI - PSdeG-PSOE,66441,2,Ministerio del Interior / portal oficial de datos abiertos,PRIMARY_OFFICIAL
2019A,2019-04-28,27 - Lugo,PARTIDO HUMANISTA - PH,0,0,Ministerio del Interior / portal oficial de datos abiertos,PRIMARY_OFFICIAL
2019A,2019-04-28,27 - Lugo,PARTIDO LIBERTARIO - P-LIB,0,0,Ministerio del Interior / portal oficial de datos abiertos,PRIMARY_OFFICIAL
2019A,2019-04-28,27 - Lugo,PARTIDO POPULAR - FORO - PP-FORO,0,0,Ministerio del Interior / portal oficial de datos abiertos,PRIMARY_OFFICIAL
2019A,2019-04-28,27 - Lugo,PARTIDO POPULAR - PP,67191,2,Ministerio del Interior / portal oficial de datos abiertos,PRIMARY_OFFICIAL
2019A,2019-04-28,27 - Lugo,PARTIDO POPULAR/PARTIT POPULAR - PP,0,0,Ministerio del Interior / portal oficial de datos abiertos,PRIMARY_OFFICIAL
2019A,2019-04-28,27 - Lugo,PARTIDO REGIONALISTA DE CANTABRIA - PRC,0,0,Ministerio del Interior / portal oficial de datos abiertos,PRIMARY_OFFICIAL
2019A,2019-04-28,27 - Lugo,PARTIDO REGIONALISTA DEL PAIS LEONES - PREPAL,0,0,Ministerio del Interior / portal oficial de datos abiertos,PRIMARY_OFFICIAL
2019A,2019-04-28,27 - Lugo,PARTIDO REPUBLICANO INDEPENDIENTE SOLIDARIO ANDALUZ - RISA,0,0,Ministerio del Interior / portal oficial de datos abiertos,PRIMARY_OFFICIAL
2019A,2019-04-28,27 - Lugo,PARTIDO RIOJANO - PR+,0,0,Ministerio del Interior / portal oficial de datos abiertos,PRIMARY_OFFICIAL
2019A,2019-04-28,27 - Lugo,PARTIDO SOCIALISTA DE EUSKADI-EUSKADIKO EZKERRA (PSOE) - PSE-EE (PSOE),0,0,Ministerio del Interior / portal oficial de datos abiertos,PRIMARY_OFFICIAL
2019A,2019-04-28,27 - Lugo,PARTIDO SOCIALISTA OBRERO ESPAÑOL - PSOE,0,0,Ministerio del Interior / portal oficial de datos abiertos,PRIMARY_OFFICIAL
2019A,2019-04-28,27 - Lugo,PARTIT ANIMALISTA CONTRA EL MALTRACTAMENT ANIMAL - PACMA,0,0,Ministerio del Interior / portal oficial de datos abiertos,PRIMARY_OFFICIAL
2019A,2019-04-28,27 - Lugo,PARTIT COMUNISTA DEL POBLE DE CATALUNYA - PCPC,0,0,Ministerio del Interior / portal oficial de datos abiertos,PRIMARY_OFFICIAL
2019A,2019-04-28,27 - Lugo,PARTIT COMUNISTA DELS POBLES D'ESPANYA - PCPE,0,0,Ministerio del Interior / portal oficial de datos abiertos,PRIMARY_OFFICIAL
2019A,2019-04-28,27 - Lugo,PARTIT COMUNISTA DELS TREBALLADORS DE CATALUNYA - PCTC,0,0,Ministerio del Interior / portal oficial de datos abiertos,PRIMARY_OFFICIAL
2019A,2019-04-28,27 - Lugo,PARTIT DELS SOCIALISTES DE CATALUNYA (PSC-PSOE) - PSC,0,0,Ministerio del Interior / portal oficial de datos abiertos,PRIMARY_OFFICIAL
2019A,2019-04-28,27 - Lugo,PARTIT POPULAR-PARTIDO POPULAR - PP,0,0,Ministerio del Interior / portal oficial de datos abiertos,PRIMARY_OFFICIAL
2019A,2019-04-28,27 - Lugo,PARTIT SOCIALISTA OBRER ESPANYOL - PSOE,0,0,Ministerio del Interior / portal oficial de datos abiertos,PRIMARY_OFFICIAL
2019A,2019-04-28,27 - Lugo,PER UN MÓN MÉS JUST - PUM+J,0,0,Ministerio del Interior / portal oficial de datos abiertos,PRIMARY_OFFICIAL
2019A,2019-04-28,27 - Lugo,PLATAFORMA DEL PUEBLO SORIANO - PPSO,0,0,Ministerio del Interior / portal oficial de datos abiertos,PRIMARY_OFFICIAL
2019A,2019-04-28,27 - Lugo,POBLE LLIURE - SOM ALTERNATIVA - PIRATES DE CATALU - FRONT REPUB,0,0,Ministerio del Interior / portal oficial de datos abiertos,PRIMARY_OFFICIAL
2019A,2019-04-28,27 - Lugo,POR UN MUNDO MÁS JUSTO (BIDEZKO MUNDURANTZ) - PUM+J,0,0,Ministerio del Interior / portal oficial de datos abiertos,PRIMARY_OFFICIAL
2019A,2019-04-28,27 - Lugo,POR UN MUNDO MÁS JUSTO - PUM+J,0,0,Ministerio del Interior / portal oficial de datos abiertos,PRIMARY_OFFICIAL
2019A,2019-04-28,27 - Lugo,PUYALON - PYLN,0,0,Ministerio del Interior / portal oficial de datos abiertos,PRIMARY_OFFICIAL
2019A,2019-04-28,27 - Lugo,RECORTES CERO-GRUPO VERDE - RECORTES CERO-GV,306,0,Ministerio del Interior / portal oficial de datos abiertos,PRIMARY_OFFICIAL
2019A,2019-04-28,27 - Lugo,RECORTES CERO-GRUPO VERDE-PARTIDO CASTELLANO-TIERRA COMUNERA - RECORTES CERO-GV-PCAS-TC,0,0,Ministerio del Interior / portal oficial de datos abiertos,PRIMARY_OFFICIAL
2019A,2019-04-28,27 - Lugo,SOM VALENCIANS EN MOVIMENT - UIG-SOM-CUIDES,0,0,Ministerio del Interior / portal oficial de datos abiertos,PRIMARY_OFFICIAL
2019A,2019-04-28,27 - Lugo,SOMOS REGIÓN - SOMOS REGIÓ,0,0,Ministerio del Interior / portal oficial de datos abiertos,PRIMARY_OFFICIAL
2019A,2019-04-28,27 - Lugo,UNIDAS PODEMOS - PODEMOS-EUPV,0,0,Ministerio del Interior / portal oficial de datos abiertos,PRIMARY_OFFICIAL
2019A,2019-04-28,27 - Lugo,UNIDAS PODEMOS - PODEMOS-IU LV CA-EQUO,0,0,Ministerio del Interior / portal oficial de datos abiertos,PRIMARY_OFFICIAL
2019A,2019-04-28,27 - Lugo,UNIDAS PODEMOS - PODEMOS-IU-EQUO,0,0,Ministerio del Interior / portal oficial de datos abiertos,PRIMARY_OFFICIAL
2019A,2019-04-28,27 - Lugo,UNIDAS PODEMOS - PODEMOS-IU-EQUO-BATZARRE,0,0,Ministerio del Interior / portal oficial de datos abiertos,PRIMARY_OFFICIAL
2019A,2019-04-28,27 - Lugo,UNIDAS PODEMOS-ALTOARAGÓN EN COMÚN - PODEMOS-IU-,0,0,Ministerio del Interior / portal oficial de datos abiertos,PRIMARY_OFFICIAL
2019A,2019-04-28,27 - Lugo,UNIDAS PODEMOS-UNIDES PODEM - PODEMOS-EUIB,0,0,Ministerio del Interior / portal oficial de datos abiertos,PRIMARY_OFFICIAL
2019A,2019-04-28,27 - Lugo,UNIDAS PODEMOS-XUNIES PODEMOS - PODEMOS-IX-EQUO,0,0,Ministerio del Interior / portal oficial de datos abiertos,PRIMARY_OFFICIAL
2019A,2019-04-28,27 - Lugo,UNIÓN DE TODOS - UDT,0,0,Ministerio del Interior / portal oficial de datos abiertos,PRIMARY_OFFICIAL
2019A,2019-04-28,27 - Lugo,UNIÓN REGIONALISTA DE CASTILLA Y LEÓN - UNIÓN REGIO,0,0,Ministerio del Interior / portal oficial de datos abiertos,PRIMARY_OFFICIAL
2019A,2019-04-28,27 - Lugo,VIVIR OURENSE - VOU,0,0,Ministerio del Interior / portal oficial de datos abiertos,PRIMARY_OFFICIAL
2019A,2019-04-28,27 - Lugo,VOX - VOX,11450,0,Ministerio del Interior / portal oficial de datos abiertos,PRIMARY_OFFICIAL
2019A,2019-04-28,27 - Lugo,Veus PROGRESSISTES - ARA-MES-ESQUERRA,0,0,Ministerio del Interior / portal oficial de datos abiertos,PRIMARY_OFFICIAL
2019A,2019-04-28,28 - Madrid,ACTÚA - PACT,19208,0,Ministerio del Interior / portal oficial de datos abiertos,PRIMARY_OFFICIAL
2019A,2019-04-28,28 - Madrid,AHORA CANARIAS: Alternativa Nacionalista Canaria ANC y Unidad del Pueblo - AHORA CANARIAS,0,0,Ministerio del Interior / portal oficial de datos abiertos,PRIMARY_OFFICIAL
2019A,2019-04-28,28 - Madrid,ANDALUCÍA POR SÍ - AxSI,0,0,Ministerio del Interior / portal oficial de datos abiertos,PRIMARY_OFFICIAL
2019A,2019-04-28,28 - Madrid,ANDECHA ASTUR - ANDECHA ASTUR,0,0,Ministerio del Interior / portal oficial de datos abiertos,PRIMARY_OFFICIAL
2019A,2019-04-28,28 - Madrid,AVANT ADELANTE LOS VERDES - AVANT ADELANTE LOS VERDES,0,0,Ministerio del Interior / portal oficial de datos abiertos,PRIMARY_OFFICIAL
2019A,2019-04-28,28 - Madrid,BLOQUE NACIONALISTA GALEGO - BNG,0,0,Ministerio del Interior / portal oficial de datos abiertos,PRIMARY_OFFICIAL
2019A,2019-04-28,28 - Madrid,CENTRADOS - centrados,0,0,Ministerio del Interior / portal oficial de datos abiertos,PRIMARY_OFFICIAL
2019A,2019-04-28,28 - Madrid,CIUDADANOS INDEPENDIENTES DE LINARES UNIDOS - CILU-LINARES,0,0,Ministerio del Interior / portal oficial de datos abiertos,PRIMARY_OFFICIAL
2019A,2019-04-28,28 - Madrid,CIUDADANOS-PARTIDO DE LA CIUDADANÍA - Cs,792203,8,Ministerio del Interior / portal oficial de datos abiertos,PRIMARY_OFFICIAL
2019A,2019-04-28,28 - Madrid,CIUTADANS-PARTIDO DE LA CIUDADANÍA - Cs,0,0,Ministerio del Interior / portal oficial de datos abiertos,PRIMARY_OFFICIAL
2019A,2019-04-28,28 - Madrid,COALICION CANARIA-PARTIDO NACIONALISTA CANARIO - CCa-PNC,0,0,Ministerio del Interior / portal oficial de datos abiertos,PRIMARY_OFFICIAL
2019A,2019-04-28,28 - Madrid,COALICION POR MELILLA - CpM,0,0,Ministerio del Interior / portal oficial de datos abiertos,PRIMARY_OFFICIAL
2019A,2019-04-28,28 - Madrid,COMPROMISO POR GALICIA - CxG,0,0,Ministerio del Interior / portal oficial de datos abiertos,PRIMARY_OFFICIAL
2019A,2019-04-28,28 - Madrid,COMPROMÍS: BLOC-INICIATIVA-VERDSEQUO - COMPROMÍS 2,0,0,Ministerio del Interior / portal oficial de datos abiertos,PRIMARY_OFFICIAL
2019A,2019-04-28,28 - Madrid,CONVERGENTS - CNV,0,0,Ministerio del Interior / portal oficial de datos abiertos,PRIMARY_OFFICIAL
2019A,2019-04-28,28 - Madrid,CONVERXENCIA 21 - C 21,0,0,Ministerio del Interior / portal oficial de datos abiertos,PRIMARY_OFFICIAL
2019A,2019-04-28,28 - Madrid,DEFENSA DE LO PÚBLICO - DP,0,0,Ministerio del Interior / portal oficial de datos abiertos,PRIMARY_OFFICIAL
2019A,2019-04-28,28 - Madrid,DEMOCRACIA PLURAL - DPL,0,0,Ministerio del Interior / portal oficial de datos abiertos,PRIMARY_OFFICIAL
2019A,2019-04-28,28 - Madrid,EL PI - PROPOSTA PER LES ILLES BALEARS - EL PI,0,0,Ministerio del Interior / portal oficial de datos abiertos,PRIMARY_OFFICIAL
2019A,2019-04-28,28 - Madrid,ELKARREKIN PODEMOS-UNIDAS PODEMOS - PODEMOS-IU-EQUO BERDEAK,0,0,Ministerio del Interior / portal oficial de datos abiertos,PRIMARY_OFFICIAL
2019A,2019-04-28,28 - Madrid,EN COMÚ PODEM - GUANYEM EL CANVI - ECP-GUANYEM,0,0,Ministerio del Interior / portal oficial de datos abiertos,PRIMARY_OFFICIAL
2019A,2019-04-28,28 - Madrid,EN COMÚN-UNIDAS PODEMOS - PODEMOS-EU-,0,0,Ministerio del Interior / portal oficial de datos abiertos,PRIMARY_OFFICIAL
2019A,2019-04-28,28 - Madrid,EN MAREA - EN MAREA,0,0,Ministerio del Interior / portal oficial de datos abiertos,PRIMARY_OFFICIAL
2019A,2019-04-28,28 - Madrid,ESCANOS EN BRANCO - EB,0,0,Ministerio del Interior / portal oficial de datos abiertos,PRIMARY_OFFICIAL
2019A,2019-04-28,28 - Madrid,ESCAÑOS EN BLANCO - EB,0,0,Ministerio del Interior / portal oficial de datos abiertos,PRIMARY_OFFICIAL
2019A,2019-04-28,28 - Madrid,ESCAÑOS EN BLANCO-AULKI ZURIAK - EB,0,0,Ministerio del Interior / portal oficial de datos abiertos,PRIMARY_OFFICIAL
2019A,2019-04-28,28 - Madrid,ESQUERRA REPUBLICANA DE CATALUNYA-SOBIRANISTES - ERC-SOBIRANISTES,0,0,Ministerio del Interior / portal oficial de datos abiertos,PRIMARY_OFFICIAL
2019A,2019-04-28,28 - Madrid,ESQUERRA REPUBLICANA DEL PAÍS VALENCIÀ - ERPV,0,0,Ministerio del Interior / portal oficial de datos abiertos,PRIMARY_OFFICIAL
2019A,2019-04-28,28 - Madrid,EUSKADIKO LANGILEEN ALDERDI KOMUNISTA/PARTIDO COMUNISTA DE LOS TRABAJADORES DE EUSKADI - ELAK/PCTE,0,0,Ministerio del Interior / portal oficial de datos abiertos,PRIMARY_OFFICIAL
2019A,2019-04-28,28 - Madrid,EUSKAL HERRIA BILDU - EH Bildu,0,0,Ministerio del Interior / portal oficial de datos abiertos,PRIMARY_OFFICIAL
2019A,2019-04-28,28 - Madrid,EUZKO ALDERDI JELTZALEA-PARTIDO NACIONALISTA VASCO - EAJ-PNV,0,0,Ministerio del Interior / portal oficial de datos abiertos,PRIMARY_OFFICIAL
2019A,2019-04-28,28 - Madrid,EXTREMEÑOS PREX CREX - C.Ex-C.R.Ex,0,0,Ministerio del Interior / portal oficial de datos abiertos,PRIMARY_OFFICIAL
2019A,2019-04-28,28 - Madrid,FALANGE ESPAÑOLA DE LAS JONS - FE de las J,0,0,Ministerio del Interior / portal oficial de datos abiertos,PRIMARY_OFFICIAL
2019A,2019-04-28,28 - Madrid,FEDERACION DE LOS INDEPENDIENTES DE ARAGON - FIA,0,0,Ministerio del Interior / portal oficial de datos abiertos,PRIMARY_OFFICIAL
2019A,2019-04-28,28 - Madrid,FEMINISM8 - F8,0,0,Ministerio del Interior / portal oficial de datos abiertos,PRIMARY_OFFICIAL
2019A,2019-04-28,28 - Madrid,GEROA BAI - GBAI,0,0,Ministerio del Interior / portal oficial de datos abiertos,PRIMARY_OFFICIAL
2019A,2019-04-28,28 - Madrid,IZQUIERDA ANTICAPITALISTA REVOLUCIONARIA - IZAR,0,0,Ministerio del Interior / portal oficial de datos abiertos,PRIMARY_OFFICIAL
2019A,2019-04-28,28 - Madrid,IZQUIERDA EN POSITIVO - IZQP,0,0,Ministerio del Interior / portal oficial de datos abiertos,PRIMARY_OFFICIAL
2019A,2019-04-28,28 - Madrid,JUNTS PER CATALUNYA-JUNTS - JxCAT-JUNTS,0,0,Ministerio del Interior / portal oficial de datos abiertos,PRIMARY_OFFICIAL
2019A,2019-04-28,28 - Madrid,LOS VERDES ECOPACIFISTAS ADELANTE - AVANT-LOS VERDES,0,0,Ministerio del Interior / portal oficial de datos abiertos,PRIMARY_OFFICIAL
2019A,2019-04-28,28 - Madrid,MUERTE AL SISTEMA - +MAS+,0,0,Ministerio del Interior / portal oficial de datos abiertos,PRIMARY_OFFICIAL
2019A,2019-04-28,28 - Madrid,NAVARRA SUMA - NA+,0,0,Ministerio del Interior / portal oficial de datos abiertos,PRIMARY_OFFICIAL
2019A,2019-04-28,28 - Madrid,NUEVA CANARIAS - NCa,0,0,Ministerio del Interior / portal oficial de datos abiertos,PRIMARY_OFFICIAL
2019A,2019-04-28,28 - Madrid,PARTIDO ANIMALISTA CONTRA EL MALTRATO ANIMAL - PACMA,50909,0,Ministerio del Interior / portal oficial de datos abiertos,PRIMARY_OFFICIAL
2019A,2019-04-28,28 - Madrid,PARTIDO COMUNISTA DE LOS PUEBLOS DE ESPAÑA - PCPE,2038,0,Ministerio del Interior / portal oficial de datos abiertos,PRIMARY_OFFICIAL
2019A,2019-04-28,28 - Madrid,PARTIDO COMUNISTA DE LOS TRABAJADORES DE ESPAÑA - PCTE,2329,0,Ministerio del Interior / portal oficial de datos abiertos,PRIMARY_OFFICIAL
2019A,2019-04-28,28 - Madrid,PARTIDO COMUNISTA DE LOS TRABAJADORES DE EUSKADI/EUSKADIKO LANGILEEN ALDERDI KOMUNISTA - PCTE/ELAK,0,0,Ministerio del Interior / portal oficial de datos abiertos,PRIMARY_OFFICIAL
2019A,2019-04-28,28 - Madrid,PARTIDO COMUNISTA DEL PUEBLO ANDALUZ - PCPA,0,0,Ministerio del Interior / portal oficial de datos abiertos,PRIMARY_OFFICIAL
2019A,2019-04-28,28 - Madrid,PARTIDO COMUNISTA DEL PUEBLO CANARIO - PCPC,0,0,Ministerio del Interior / portal oficial de datos abiertos,PRIMARY_OFFICIAL
2019A,2019-04-28,28 - Madrid,PARTIDO COMUNISTA DOS TRABALLADORES DE GALIZA - PCTG,0,0,Ministerio del Interior / portal oficial de datos abiertos,PRIMARY_OFFICIAL
2019A,2019-04-28,28 - Madrid,PARTIDO COMUNISTA OBRERO ESPAÑOL - PCOE,0,0,Ministerio del Interior / portal oficial de datos abiertos,PRIMARY_OFFICIAL
2019A,2019-04-28,28 - Madrid,PARTIDO DE ACCIÓN SOLIDARIA EUROPEA - SOLIDARIA,0,0,Ministerio del Interior / portal oficial de datos abiertos,PRIMARY_OFFICIAL
2019A,2019-04-28,28 - Madrid,"PARTIDO DE JUBILADOS POR EL FUTURO. DIGNIDAD Y DEMOCRACIA - ""JF""",0,0,Ministerio del Interior / portal oficial de datos abiertos,PRIMARY_OFFICIAL
2019A,2019-04-28,28 - Madrid,PARTIDO DEMÓCRATA SOCIAL JUBILADOS EUROPEOS - UNID - PDSJE-UDEC,0,0,Ministerio del Interior / portal oficial de datos abiertos,PRIMARY_OFFICIAL
2019A,2019-04-28,28 - Madrid,PARTIDO DOS SOCIALISTAS DE GALICIA-PARTIDO SOCIALI - PSdeG-PSOE,0,0,Ministerio del Interior / portal oficial de datos abiertos,PRIMARY_OFFICIAL
2019A,2019-04-28,28 - Madrid,PARTIDO HUMANISTA - PH,3456,0,Ministerio del Interior / portal oficial de datos abiertos,PRIMARY_OFFICIAL
2019A,2019-04-28,28 - Madrid,PARTIDO LIBERTARIO - P-LIB,0,0,Ministerio del Interior / portal oficial de datos abiertos,PRIMARY_OFFICIAL
2019A,2019-04-28,28 - Madrid,PARTIDO POPULAR - FORO - PP-FORO,0,0,Ministerio del Interior / portal oficial de datos abiertos,PRIMARY_OFFICIAL
2019A,2019-04-28,28 - Madrid,PARTIDO POPULAR - PP,705119,7,Ministerio del Interior / portal oficial de datos abiertos,PRIMARY_OFFICIAL
2019A,2019-04-28,28 - Madrid,PARTIDO POPULAR/PARTIT POPULAR - PP,0,0,Ministerio del Interior / portal oficial de datos abiertos,PRIMARY_OFFICIAL
2019A,2019-04-28,28 - Madrid,PARTIDO REGIONALISTA DE CANTABRIA - PRC,0,0,Ministerio del Interior / portal oficial de datos abiertos,PRIMARY_OFFICIAL
2019A,2019-04-28,28 - Madrid,PARTIDO REGIONALISTA DEL PAIS LEONES - PREPAL,0,0,Ministerio del Interior / portal oficial de datos abiertos,PRIMARY_OFFICIAL
2019A,2019-04-28,28 - Madrid,PARTIDO REPUBLICANO INDEPENDIENTE SOLIDARIO ANDALUZ - RISA,0,0,Ministerio del Interior / portal oficial de datos abiertos,PRIMARY_OFFICIAL
2019A,2019-04-28,28 - Madrid,PARTIDO RIOJANO - PR+,0,0,Ministerio del Interior / portal oficial de datos abiertos,PRIMARY_OFFICIAL
2019A,2019-04-28,28 - Madrid,PARTIDO SOCIALISTA DE EUSKADI-EUSKADIKO EZKERRA (PSOE) - PSE-EE (PSOE),0,0,Ministerio del Interior / portal oficial de datos abiertos,PRIMARY_OFFICIAL
2019A,2019-04-28,28 - Madrid,PARTIDO SOCIALISTA OBRERO ESPAÑOL - PSOE,1031534,11,Ministerio del Interior / portal oficial de datos abiertos,PRIMARY_OFFICIAL
2019A,2019-04-28,28 - Madrid,PARTIT ANIMALISTA CONTRA EL MALTRACTAMENT ANIMAL - PACMA,0,0,Ministerio del Interior / portal oficial de datos abiertos,PRIMARY_OFFICIAL
2019A,2019-04-28,28 - Madrid,PARTIT COMUNISTA DEL POBLE DE CATALUNYA - PCPC,0,0,Ministerio del Interior / portal oficial de datos abiertos,PRIMARY_OFFICIAL
2019A,2019-04-28,28 - Madrid,PARTIT COMUNISTA DELS POBLES D'ESPANYA - PCPE,0,0,Ministerio del Interior / portal oficial de datos abiertos,PRIMARY_OFFICIAL
2019A,2019-04-28,28 - Madrid,PARTIT COMUNISTA DELS TREBALLADORS DE CATALUNYA - PCTC,0,0,Ministerio del Interior / portal oficial de datos abiertos,PRIMARY_OFFICIAL
2019A,2019-04-28,28 - Madrid,PARTIT DELS SOCIALISTES DE CATALUNYA (PSC-PSOE) - PSC,0,0,Ministerio del Interior / portal oficial de datos abiertos,PRIMARY_OFFICIAL
2019A,2019-04-28,28 - Madrid,PARTIT POPULAR-PARTIDO POPULAR - PP,0,0,Ministerio del Interior / portal oficial de datos abiertos,PRIMARY_OFFICIAL
2019A,2019-04-28,28 - Madrid,PARTIT SOCIALISTA OBRER ESPANYOL - PSOE,0,0,Ministerio del Interior / portal oficial de datos abiertos,PRIMARY_OFFICIAL
2019A,2019-04-28,28 - Madrid,PER UN MÓN MÉS JUST - PUM+J,0,0,Ministerio del Interior / portal oficial de datos abiertos,PRIMARY_OFFICIAL
2019A,2019-04-28,28 - Madrid,PLATAFORMA DEL PUEBLO SORIANO - PPSO,0,0,Ministerio del Interior / portal oficial de datos abiertos,PRIMARY_OFFICIAL
2019A,2019-04-28,28 - Madrid,POBLE LLIURE - SOM ALTERNATIVA - PIRATES DE CATALU - FRONT REPUB,0,0,Ministerio del Interior / portal oficial de datos abiertos,PRIMARY_OFFICIAL
2019A,2019-04-28,28 - Madrid,POR UN MUNDO MÁS JUSTO (BIDEZKO MUNDURANTZ) - PUM+J,0,0,Ministerio del Interior / portal oficial de datos abiertos,PRIMARY_OFFICIAL
2019A,2019-04-28,28 - Madrid,POR UN MUNDO MÁS JUSTO - PUM+J,5221,0,Ministerio del Interior / portal oficial de datos abiertos,PRIMARY_OFFICIAL
2019A,2019-04-28,28 - Madrid,PUYALON - PYLN,0,0,Ministerio del Interior / portal oficial de datos abiertos,PRIMARY_OFFICIAL
2019A,2019-04-28,28 - Madrid,RECORTES CERO-GRUPO VERDE - RECORTES CERO-GV,0,0,Ministerio del Interior / portal oficial de datos abiertos,PRIMARY_OFFICIAL
2019A,2019-04-28,28 - Madrid,RECORTES CERO-GRUPO VERDE-PARTIDO CASTELLANO-TIERRA COMUNERA - RECORTES CERO-GV-PCAS-TC,7512,0,Ministerio del Interior / portal oficial de datos abiertos,PRIMARY_OFFICIAL
2019A,2019-04-28,28 - Madrid,SOM VALENCIANS EN MOVIMENT - UIG-SOM-CUIDES,0,0,Ministerio del Interior / portal oficial de datos abiertos,PRIMARY_OFFICIAL
2019A,2019-04-28,28 - Madrid,SOMOS REGIÓN - SOMOS REGIÓ,0,0,Ministerio del Interior / portal oficial de datos abiertos,PRIMARY_OFFICIAL
2019A,2019-04-28,28 - Madrid,UNIDAS PODEMOS - PODEMOS-EUPV,0,0,Ministerio del Interior / portal oficial de datos abiertos,PRIMARY_OFFICIAL
2019A,2019-04-28,28 - Madrid,UNIDAS PODEMOS - PODEMOS-IU LV CA-EQUO,0,0,Ministerio del Interior / portal oficial de datos abiertos,PRIMARY_OFFICIAL
2019A,2019-04-28,28 - Madrid,UNIDAS PODEMOS - PODEMOS-IU-EQUO,613911,6,Ministerio del Interior / portal oficial de datos abiertos,PRIMARY_OFFICIAL
2019A,2019-04-28,28 - Madrid,UNIDAS PODEMOS - PODEMOS-IU-EQUO-BATZARRE,0,0,Ministerio del Interior / portal oficial de datos abiertos,PRIMARY_OFFICIAL
2019A,2019-04-28,28 - Madrid,UNIDAS PODEMOS-ALTOARAGÓN EN COMÚN - PODEMOS-IU-,0,0,Ministerio del Interior / portal oficial de datos abiertos,PRIMARY_OFFICIAL
2019A,2019-04-28,28 - Madrid,UNIDAS PODEMOS-UNIDES PODEM - PODEMOS-EUIB,0,0,Ministerio del Interior / portal oficial de datos abiertos,PRIMARY_OFFICIAL
2019A,2019-04-28,28 - Madrid,UNIDAS PODEMOS-XUNIES PODEMOS - PODEMOS-IX-EQUO,0,0,Ministerio del Interior / portal oficial de datos abiertos,PRIMARY_OFFICIAL
2019A,2019-04-28,28 - Madrid,UNIÓN DE TODOS - UDT,0,0,Ministerio del Interior / portal oficial de datos abiertos,PRIMARY_OFFICIAL
2019A,2019-04-28,28 - Madrid,UNIÓN REGIONALISTA DE CASTILLA Y LEÓN - UNIÓN REGIO,0,0,Ministerio del Interior / portal oficial de datos abiertos,PRIMARY_OFFICIAL
2019A,2019-04-28,28 - Madrid,VIVIR OURENSE - VOU,0,0,Ministerio del Interior / portal oficial de datos abiertos,PRIMARY_OFFICIAL
2019A,2019-04-28,28 - Madrid,VOX - VOX,524176,5,Ministerio del Interior / portal oficial de datos abiertos,PRIMARY_OFFICIAL
2019A,2019-04-28,28 - Madrid,Veus PROGRESSISTES - ARA-MES-ESQUERRA,0,0,Ministerio del Interior / portal oficial de datos abiertos,PRIMARY_OFFICIAL
2019A,2019-04-28,29 - Málaga,ACTÚA - PACT,0,0,Ministerio del Interior / portal oficial de datos abiertos,PRIMARY_OFFICIAL
2019A,2019-04-28,29 - Málaga,AHORA CANARIAS: Alternativa Nacionalista Canaria ANC y Unidad del Pueblo - AHORA CANARIAS,0,0,Ministerio del Interior / portal oficial de datos abiertos,PRIMARY_OFFICIAL
2019A,2019-04-28,29 - Málaga,ANDALUCÍA POR SÍ - AxSI,1655,0,Ministerio del Interior / portal oficial de datos abiertos,PRIMARY_OFFICIAL
2019A,2019-04-28,29 - Málaga,ANDECHA ASTUR - ANDECHA ASTUR,0,0,Ministerio del Interior / portal oficial de datos abiertos,PRIMARY_OFFICIAL
2019A,2019-04-28,29 - Málaga,AVANT ADELANTE LOS VERDES - AVANT ADELANTE LOS VERDES,0,0,Ministerio del Interior / portal oficial de datos abiertos,PRIMARY_OFFICIAL
2019A,2019-04-28,29 - Málaga,BLOQUE NACIONALISTA GALEGO - BNG,0,0,Ministerio del Interior / portal oficial de datos abiertos,PRIMARY_OFFICIAL
2019A,2019-04-28,29 - Málaga,CENTRADOS - centrados,0,0,Ministerio del Interior / portal oficial de datos abiertos,PRIMARY_OFFICIAL
2019A,2019-04-28,29 - Málaga,CIUDADANOS INDEPENDIENTES DE LINARES UNIDOS - CILU-LINARES,0,0,Ministerio del Interior / portal oficial de datos abiertos,PRIMARY_OFFICIAL
2019A,2019-04-28,29 - Málaga,CIUDADANOS-PARTIDO DE LA CIUDADANÍA - Cs,159316,2,Ministerio del Interior / portal oficial de datos abiertos,PRIMARY_OFFICIAL
2019A,2019-04-28,29 - Málaga,CIUTADANS-PARTIDO DE LA CIUDADANÍA - Cs,0,0,Ministerio del Interior / portal oficial de datos abiertos,PRIMARY_OFFICIAL
2019A,2019-04-28,29 - Málaga,COALICION CANARIA-PARTIDO NACIONALISTA CANARIO - CCa-PNC,0,0,Ministerio del Interior / portal oficial de datos abiertos,PRIMARY_OFFICIAL
2019A,2019-04-28,29 - Málaga,COALICION POR MELILLA - CpM,0,0,Ministerio del Interior / portal oficial de datos abiertos,PRIMARY_OFFICIAL
2019A,2019-04-28,29 - Málaga,COMPROMISO POR GALICIA - CxG,0,0,Ministerio del Interior / portal oficial de datos abiertos,PRIMARY_OFFICIAL
2019A,2019-04-28,29 - Málaga,COMPROMÍS: BLOC-INICIATIVA-VERDSEQUO - COMPROMÍS 2,0,0,Ministerio del Interior / portal oficial de datos abiertos,PRIMARY_OFFICIAL
2019A,2019-04-28,29 - Málaga,CONVERGENTS - CNV,0,0,Ministerio del Interior / portal oficial de datos abiertos,PRIMARY_OFFICIAL
2019A,2019-04-28,29 - Málaga,CONVERXENCIA 21 - C 21,0,0,Ministerio del Interior / portal oficial de datos abiertos,PRIMARY_OFFICIAL
2019A,2019-04-28,29 - Málaga,DEFENSA DE LO PÚBLICO - DP,0,0,Ministerio del Interior / portal oficial de datos abiertos,PRIMARY_OFFICIAL
2019A,2019-04-28,29 - Málaga,DEMOCRACIA PLURAL - DPL,0,0,Ministerio del Interior / portal oficial de datos abiertos,PRIMARY_OFFICIAL
2019A,2019-04-28,29 - Málaga,EL PI - PROPOSTA PER LES ILLES BALEARS - EL PI,0,0,Ministerio del Interior / portal oficial de datos abiertos,PRIMARY_OFFICIAL
2019A,2019-04-28,29 - Málaga,ELKARREKIN PODEMOS-UNIDAS PODEMOS - PODEMOS-IU-EQUO BERDEAK,0,0,Ministerio del Interior / portal oficial de datos abiertos,PRIMARY_OFFICIAL
2019A,2019-04-28,29 - Málaga,EN COMÚ PODEM - GUANYEM EL CANVI - ECP-GUANYEM,0,0,Ministerio del Interior / portal oficial de datos abiertos,PRIMARY_OFFICIAL
2019A,2019-04-28,29 - Málaga,EN COMÚN-UNIDAS PODEMOS - PODEMOS-EU-,0,0,Ministerio del Interior / portal oficial de datos abiertos,PRIMARY_OFFICIAL
2019A,2019-04-28,29 - Málaga,EN MAREA - EN MAREA,0,0,Ministerio del Interior / portal oficial de datos abiertos,PRIMARY_OFFICIAL
2019A,2019-04-28,29 - Málaga,ESCANOS EN BRANCO - EB,0,0,Ministerio del Interior / portal oficial de datos abiertos,PRIMARY_OFFICIAL
2019A,2019-04-28,29 - Málaga,ESCAÑOS EN BLANCO - EB,0,0,Ministerio del Interior / portal oficial de datos abiertos,PRIMARY_OFFICIAL
2019A,2019-04-28,29 - Málaga,ESCAÑOS EN BLANCO-AULKI ZURIAK - EB,0,0,Ministerio del Interior / portal oficial de datos abiertos,PRIMARY_OFFICIAL
2019A,2019-04-28,29 - Málaga,ESQUERRA REPUBLICANA DE CATALUNYA-SOBIRANISTES - ERC-SOBIRANISTES,0,0,Ministerio del Interior / portal oficial de datos abiertos,PRIMARY_OFFICIAL
2019A,2019-04-28,29 - Málaga,ESQUERRA REPUBLICANA DEL PAÍS VALENCIÀ - ERPV,0,0,Ministerio del Interior / portal oficial de datos abiertos,PRIMARY_OFFICIAL
2019A,2019-04-28,29 - Málaga,EUSKADIKO LANGILEEN ALDERDI KOMUNISTA/PARTIDO COMUNISTA DE LOS TRABAJADORES DE EUSKADI - ELAK/PCTE,0,0,Ministerio del Interior / portal oficial de datos abiertos,PRIMARY_OFFICIAL
2019A,2019-04-28,29 - Málaga,EUSKAL HERRIA BILDU - EH Bildu,0,0,Ministerio del Interior / portal oficial de datos abiertos,PRIMARY_OFFICIAL
2019A,2019-04-28,29 - Málaga,EUZKO ALDERDI JELTZALEA-PARTIDO NACIONALISTA VASCO - EAJ-PNV,0,0,Ministerio del Interior / portal oficial de datos abiertos,PRIMARY_OFFICIAL
2019A,2019-04-28,29 - Málaga,EXTREMEÑOS PREX CREX - C.Ex-C.R.Ex,0,0,Ministerio del Interior / portal oficial de datos abiertos,PRIMARY_OFFICIAL
2019A,2019-04-28,29 - Málaga,FALANGE ESPAÑOLA DE LAS JONS - FE de las J,0,0,Ministerio del Interior / portal oficial de datos abiertos,PRIMARY_OFFICIAL
2019A,2019-04-28,29 - Málaga,FEDERACION DE LOS INDEPENDIENTES DE ARAGON - FIA,0,0,Ministerio del Interior / portal oficial de datos abiertos,PRIMARY_OFFICIAL
2019A,2019-04-28,29 - Málaga,FEMINISM8 - F8,0,0,Ministerio del Interior / portal oficial de datos abiertos,PRIMARY_OFFICIAL
2019A,2019-04-28,29 - Málaga,GEROA BAI - GBAI,0,0,Ministerio del Interior / portal oficial de datos abiertos,PRIMARY_OFFICIAL
2019A,2019-04-28,29 - Málaga,IZQUIERDA ANTICAPITALISTA REVOLUCIONARIA - IZAR,0,0,Ministerio del Interior / portal oficial de datos abiertos,PRIMARY_OFFICIAL
2019A,2019-04-28,29 - Málaga,IZQUIERDA EN POSITIVO - IZQP,0,0,Ministerio del Interior / portal oficial de datos abiertos,PRIMARY_OFFICIAL
2019A,2019-04-28,29 - Málaga,JUNTS PER CATALUNYA-JUNTS - JxCAT-JUNTS,0,0,Ministerio del Interior / portal oficial de datos abiertos,PRIMARY_OFFICIAL
2019A,2019-04-28,29 - Málaga,LOS VERDES ECOPACIFISTAS ADELANTE - AVANT-LOS VERDES,0,0,Ministerio del Interior / portal oficial de datos abiertos,PRIMARY_OFFICIAL
2019A,2019-04-28,29 - Málaga,MUERTE AL SISTEMA - +MAS+,0,0,Ministerio del Interior / portal oficial de datos abiertos,PRIMARY_OFFICIAL
2019A,2019-04-28,29 - Málaga,NAVARRA SUMA - NA+,0,0,Ministerio del Interior / portal oficial de datos abiertos,PRIMARY_OFFICIAL
2019A,2019-04-28,29 - Málaga,NUEVA CANARIAS - NCa,0,0,Ministerio del Interior / portal oficial de datos abiertos,PRIMARY_OFFICIAL
2019A,2019-04-28,29 - Málaga,PARTIDO ANIMALISTA CONTRA EL MALTRATO ANIMAL - PACMA,15122,0,Ministerio del Interior / portal oficial de datos abiertos,PRIMARY_OFFICIAL
2019A,2019-04-28,29 - Málaga,PARTIDO COMUNISTA DE LOS PUEBLOS DE ESPAÑA - PCPE,0,0,Ministerio del Interior / portal oficial de datos abiertos,PRIMARY_OFFICIAL
2019A,2019-04-28,29 - Málaga,PARTIDO COMUNISTA DE LOS TRABAJADORES DE ESPAÑA - PCTE,631,0,Ministerio del Interior / portal oficial de datos abiertos,PRIMARY_OFFICIAL
2019A,2019-04-28,29 - Málaga,PARTIDO COMUNISTA DE LOS TRABAJADORES DE EUSKADI/EUSKADIKO LANGILEEN ALDERDI KOMUNISTA - PCTE/ELAK,0,0,Ministerio del Interior / portal oficial de datos abiertos,PRIMARY_OFFICIAL
2019A,2019-04-28,29 - Málaga,PARTIDO COMUNISTA DEL PUEBLO ANDALUZ - PCPA,835,0,Ministerio del Interior / portal oficial de datos abiertos,PRIMARY_OFFICIAL
2019A,2019-04-28,29 - Málaga,PARTIDO COMUNISTA DEL PUEBLO CANARIO - PCPC,0,0,Ministerio del Interior / portal oficial de datos abiertos,PRIMARY_OFFICIAL
2019A,2019-04-28,29 - Málaga,PARTIDO COMUNISTA DOS TRABALLADORES DE GALIZA - PCTG,0,0,Ministerio del Interior / portal oficial de datos abiertos,PRIMARY_OFFICIAL
2019A,2019-04-28,29 - Málaga,PARTIDO COMUNISTA OBRERO ESPAÑOL - PCOE,0,0,Ministerio del Interior / portal oficial de datos abiertos,PRIMARY_OFFICIAL
2019A,2019-04-28,29 - Málaga,PARTIDO DE ACCIÓN SOLIDARIA EUROPEA - SOLIDARIA,0,0,Ministerio del Interior / portal oficial de datos abiertos,PRIMARY_OFFICIAL
2019A,2019-04-28,29 - Málaga,"PARTIDO DE JUBILADOS POR EL FUTURO. DIGNIDAD Y DEMOCRACIA - ""JF""",0,0,Ministerio del Interior / portal oficial de datos abiertos,PRIMARY_OFFICIAL
2019A,2019-04-28,29 - Málaga,PARTIDO DEMÓCRATA SOCIAL JUBILADOS EUROPEOS - UNID - PDSJE-UDEC,0,0,Ministerio del Interior / portal oficial de datos abiertos,PRIMARY_OFFICIAL
2019A,2019-04-28,29 - Málaga,PARTIDO DOS SOCIALISTAS DE GALICIA-PARTIDO SOCIALI - PSdeG-PSOE,0,0,Ministerio del Interior / portal oficial de datos abiertos,PRIMARY_OFFICIAL
2019A,2019-04-28,29 - Málaga,PARTIDO HUMANISTA - PH,0,0,Ministerio del Interior / portal oficial de datos abiertos,PRIMARY_OFFICIAL
2019A,2019-04-28,29 - Málaga,PARTIDO LIBERTARIO - P-LIB,0,0,Ministerio del Interior / portal oficial de datos abiertos,PRIMARY_OFFICIAL
2019A,2019-04-28,29 - Málaga,PARTIDO POPULAR - FORO - PP-FORO,0,0,Ministerio del Interior / portal oficial de datos abiertos,PRIMARY_OFFICIAL
2019A,2019-04-28,29 - Málaga,PARTIDO POPULAR - PP,144562,2,Ministerio del Interior / portal oficial de datos abiertos,PRIMARY_OFFICIAL
2019A,2019-04-28,29 - Málaga,PARTIDO POPULAR/PARTIT POPULAR - PP,0,0,Ministerio del Interior / portal oficial de datos abiertos,PRIMARY_OFFICIAL
2019A,2019-04-28,29 - Málaga,PARTIDO REGIONALISTA DE CANTABRIA - PRC,0,0,Ministerio del Interior / portal oficial de datos abiertos,PRIMARY_OFFICIAL
2019A,2019-04-28,29 - Málaga,PARTIDO REGIONALISTA DEL PAIS LEONES - PREPAL,0,0,Ministerio del Interior / portal oficial de datos abiertos,PRIMARY_OFFICIAL
2019A,2019-04-28,29 - Málaga,PARTIDO REPUBLICANO INDEPENDIENTE SOLIDARIO ANDALUZ - RISA,0,0,Ministerio del Interior / portal oficial de datos abiertos,PRIMARY_OFFICIAL
2019A,2019-04-28,29 - Málaga,PARTIDO RIOJANO - PR+,0,0,Ministerio del Interior / portal oficial de datos abiertos,PRIMARY_OFFICIAL
2019A,2019-04-28,29 - Málaga,PARTIDO SOCIALISTA DE EUSKADI-EUSKADIKO EZKERRA (PSOE) - PSE-EE (PSOE),0,0,Ministerio del Interior / portal oficial de datos abiertos,PRIMARY_OFFICIAL
2019A,2019-04-28,29 - Málaga,PARTIDO SOCIALISTA OBRERO ESPAÑOL - PSOE,251908,4,Ministerio del Interior / portal oficial de datos abiertos,PRIMARY_OFFICIAL
2019A,2019-04-28,29 - Málaga,PARTIT ANIMALISTA CONTRA EL MALTRACTAMENT ANIMAL - PACMA,0,0,Ministerio del Interior / portal oficial de datos abiertos,PRIMARY_OFFICIAL
2019A,2019-04-28,29 - Málaga,PARTIT COMUNISTA DEL POBLE DE CATALUNYA - PCPC,0,0,Ministerio del Interior / portal oficial de datos abiertos,PRIMARY_OFFICIAL
2019A,2019-04-28,29 - Málaga,PARTIT COMUNISTA DELS POBLES D'ESPANYA - PCPE,0,0,Ministerio del Interior / portal oficial de datos abiertos,PRIMARY_OFFICIAL
2019A,2019-04-28,29 - Málaga,PARTIT COMUNISTA DELS TREBALLADORS DE CATALUNYA - PCTC,0,0,Ministerio del Interior / portal oficial de datos abiertos,PRIMARY_OFFICIAL
2019A,2019-04-28,29 - Málaga,PARTIT DELS SOCIALISTES DE CATALUNYA (PSC-PSOE) - PSC,0,0,Ministerio del Interior / portal oficial de datos abiertos,PRIMARY_OFFICIAL
2019A,2019-04-28,29 - Málaga,PARTIT POPULAR-PARTIDO POPULAR - PP,0,0,Ministerio del Interior / portal oficial de datos abiertos,PRIMARY_OFFICIAL
2019A,2019-04-28,29 - Málaga,PARTIT SOCIALISTA OBRER ESPANYOL - PSOE,0,0,Ministerio del Interior / portal oficial de datos abiertos,PRIMARY_OFFICIAL
2019A,2019-04-28,29 - Málaga,PER UN MÓN MÉS JUST - PUM+J,0,0,Ministerio del Interior / portal oficial de datos abiertos,PRIMARY_OFFICIAL
2019A,2019-04-28,29 - Málaga,PLATAFORMA DEL PUEBLO SORIANO - PPSO,0,0,Ministerio del Interior / portal oficial de datos abiertos,PRIMARY_OFFICIAL
2019A,2019-04-28,29 - Málaga,POBLE LLIURE - SOM ALTERNATIVA - PIRATES DE CATALU - FRONT REPUB,0,0,Ministerio del Interior / portal oficial de datos abiertos,PRIMARY_OFFICIAL
2019A,2019-04-28,29 - Málaga,POR UN MUNDO MÁS JUSTO (BIDEZKO MUNDURANTZ) - PUM+J,0,0,Ministerio del Interior / portal oficial de datos abiertos,PRIMARY_OFFICIAL
2019A,2019-04-28,29 - Málaga,POR UN MUNDO MÁS JUSTO - PUM+J,1046,0,Ministerio del Interior / portal oficial de datos abiertos,PRIMARY_OFFICIAL
2019A,2019-04-28,29 - Málaga,PUYALON - PYLN,0,0,Ministerio del Interior / portal oficial de datos abiertos,PRIMARY_OFFICIAL
2019A,2019-04-28,29 - Málaga,RECORTES CERO-GRUPO VERDE - RECORTES CERO-GV,1769,0,Ministerio del Interior / portal oficial de datos abiertos,PRIMARY_OFFICIAL
2019A,2019-04-28,29 - Málaga,RECORTES CERO-GRUPO VERDE-PARTIDO CASTELLANO-TIERRA COMUNERA - RECORTES CERO-GV-PCAS-TC,0,0,Ministerio del Interior / portal oficial de datos abiertos,PRIMARY_OFFICIAL
2019A,2019-04-28,29 - Málaga,SOM VALENCIANS EN MOVIMENT - UIG-SOM-CUIDES,0,0,Ministerio del Interior / portal oficial de datos abiertos,PRIMARY_OFFICIAL
2019A,2019-04-28,29 - Málaga,SOMOS REGIÓN - SOMOS REGIÓ,0,0,Ministerio del Interior / portal oficial de datos abiertos,PRIMARY_OFFICIAL
2019A,2019-04-28,29 - Málaga,UNIDAS PODEMOS - PODEMOS-EUPV,0,0,Ministerio del Interior / portal oficial de datos abiertos,PRIMARY_OFFICIAL
2019A,2019-04-28,29 - Málaga,UNIDAS PODEMOS - PODEMOS-IU LV CA-EQUO,118537,2,Ministerio del Interior / portal oficial de datos abiertos,PRIMARY_OFFICIAL
2019A,2019-04-28,29 - Málaga,UNIDAS PODEMOS - PODEMOS-IU-EQUO,0,0,Ministerio del Interior / portal oficial de datos abiertos,PRIMARY_OFFICIAL
2019A,2019-04-28,29 - Málaga,UNIDAS PODEMOS - PODEMOS-IU-EQUO-BATZARRE,0,0,Ministerio del Interior / portal oficial de datos abiertos,PRIMARY_OFFICIAL
2019A,2019-04-28,29 - Málaga,UNIDAS PODEMOS-ALTOARAGÓN EN COMÚN - PODEMOS-IU-,0,0,Ministerio del Interior / portal oficial de datos abiertos,PRIMARY_OFFICIAL
2019A,2019-04-28,29 - Málaga,UNIDAS PODEMOS-UNIDES PODEM - PODEMOS-EUIB,0,0,Ministerio del Interior / portal oficial de datos abiertos,PRIMARY_OFFICIAL
2019A,2019-04-28,29 - Málaga,UNIDAS PODEMOS-XUNIES PODEMOS - PODEMOS-IX-EQUO,0,0,Ministerio del Interior / portal oficial de datos abiertos,PRIMARY_OFFICIAL
2019A,2019-04-28,29 - Málaga,UNIÓN DE TODOS - UDT,0,0,Ministerio del Interior / portal oficial de datos abiertos,PRIMARY_OFFICIAL
2019A,2019-04-28,29 - Málaga,UNIÓN REGIONALISTA DE CASTILLA Y LEÓN - UNIÓN REGIO,0,0,Ministerio del Interior / portal oficial de datos abiertos,PRIMARY_OFFICIAL
2019A,2019-04-28,29 - Málaga,VIVIR OURENSE - VOU,0,0,Ministerio del Interior / portal oficial de datos abiertos,PRIMARY_OFFICIAL
2019A,2019-04-28,29 - Málaga,VOX - VOX,114199,1,Ministerio del Interior / portal oficial de datos abiertos,PRIMARY_OFFICIAL
2019A,2019-04-28,29 - Málaga,Veus PROGRESSISTES - ARA-MES-ESQUERRA,0,0,Ministerio del Interior / portal oficial de datos abiertos,PRIMARY_OFFICIAL
2019A,2019-04-28,3 - Alicante/Alacant,ACTÚA - PACT,0,0,Ministerio del Interior / portal oficial de datos abiertos,PRIMARY_OFFICIAL
2019A,2019-04-28,3 - Alicante/Alacant,AHORA CANARIAS: Alternativa Nacionalista Canaria ANC y Unidad del Pueblo - AHORA CANARIAS,0,0,Ministerio del Interior / portal oficial de datos abiertos,PRIMARY_OFFICIAL
2019A,2019-04-28,3 - Alicante/Alacant,ANDALUCÍA POR SÍ - AxSI,0,0,Ministerio del Interior / portal oficial de datos abiertos,PRIMARY_OFFICIAL
2019A,2019-04-28,3 - Alicante/Alacant,ANDECHA ASTUR - ANDECHA ASTUR,0,0,Ministerio del Interior / portal oficial de datos abiertos,PRIMARY_OFFICIAL
2019A,2019-04-28,3 - Alicante/Alacant,AVANT ADELANTE LOS VERDES - AVANT ADELANTE LOS VERDES,0,0,Ministerio del Interior / portal oficial de datos abiertos,PRIMARY_OFFICIAL
2019A,2019-04-28,3 - Alicante/Alacant,BLOQUE NACIONALISTA GALEGO - BNG,0,0,Ministerio del Interior / portal oficial de datos abiertos,PRIMARY_OFFICIAL
2019A,2019-04-28,3 - Alicante/Alacant,CENTRADOS - centrados,0,0,Ministerio del Interior / portal oficial de datos abiertos,PRIMARY_OFFICIAL
2019A,2019-04-28,3 - Alicante/Alacant,CIUDADANOS INDEPENDIENTES DE LINARES UNIDOS - CILU-LINARES,0,0,Ministerio del Interior / portal oficial de datos abiertos,PRIMARY_OFFICIAL
2019A,2019-04-28,3 - Alicante/Alacant,CIUDADANOS-PARTIDO DE LA CIUDADANÍA - Cs,177691,2,Ministerio del Interior / portal oficial de datos abiertos,PRIMARY_OFFICIAL
2019A,2019-04-28,3 - Alicante/Alacant,CIUTADANS-PARTIDO DE LA CIUDADANÍA - Cs,0,0,Ministerio del Interior / portal oficial de datos abiertos,PRIMARY_OFFICIAL
2019A,2019-04-28,3 - Alicante/Alacant,COALICION CANARIA-PARTIDO NACIONALISTA CANARIO - CCa-PNC,0,0,Ministerio del Interior / portal oficial de datos abiertos,PRIMARY_OFFICIAL
2019A,2019-04-28,3 - Alicante/Alacant,COALICION POR MELILLA - CpM,0,0,Ministerio del Interior / portal oficial de datos abiertos,PRIMARY_OFFICIAL
2019A,2019-04-28,3 - Alicante/Alacant,COMPROMISO POR GALICIA - CxG,0,0,Ministerio del Interior / portal oficial de datos abiertos,PRIMARY_OFFICIAL
2019A,2019-04-28,3 - Alicante/Alacant,COMPROMÍS: BLOC-INICIATIVA-VERDSEQUO - COMPROMÍS 2,31030,0,Ministerio del Interior / portal oficial de datos abiertos,PRIMARY_OFFICIAL
2019A,2019-04-28,3 - Alicante/Alacant,CONVERGENTS - CNV,0,0,Ministerio del Interior / portal oficial de datos abiertos,PRIMARY_OFFICIAL
2019A,2019-04-28,3 - Alicante/Alacant,CONVERXENCIA 21 - C 21,0,0,Ministerio del Interior / portal oficial de datos abiertos,PRIMARY_OFFICIAL
2019A,2019-04-28,3 - Alicante/Alacant,DEFENSA DE LO PÚBLICO - DP,0,0,Ministerio del Interior / portal oficial de datos abiertos,PRIMARY_OFFICIAL
2019A,2019-04-28,3 - Alicante/Alacant,DEMOCRACIA PLURAL - DPL,0,0,Ministerio del Interior / portal oficial de datos abiertos,PRIMARY_OFFICIAL
2019A,2019-04-28,3 - Alicante/Alacant,EL PI - PROPOSTA PER LES ILLES BALEARS - EL PI,0,0,Ministerio del Interior / portal oficial de datos abiertos,PRIMARY_OFFICIAL
2019A,2019-04-28,3 - Alicante/Alacant,ELKARREKIN PODEMOS-UNIDAS PODEMOS - PODEMOS-IU-EQUO BERDEAK,0,0,Ministerio del Interior / portal oficial de datos abiertos,PRIMARY_OFFICIAL
2019A,2019-04-28,3 - Alicante/Alacant,EN COMÚ PODEM - GUANYEM EL CANVI - ECP-GUANYEM,0,0,Ministerio del Interior / portal oficial de datos abiertos,PRIMARY_OFFICIAL
2019A,2019-04-28,3 - Alicante/Alacant,EN COMÚN-UNIDAS PODEMOS - PODEMOS-EU-,0,0,Ministerio del Interior / portal oficial de datos abiertos,PRIMARY_OFFICIAL
2019A,2019-04-28,3 - Alicante/Alacant,EN MAREA - EN MAREA,0,0,Ministerio del Interior / portal oficial de datos abiertos,PRIMARY_OFFICIAL
2019A,2019-04-28,3 - Alicante/Alacant,ESCANOS EN BRANCO - EB,0,0,Ministerio del Interior / portal oficial de datos abiertos,PRIMARY_OFFICIAL
2019A,2019-04-28,3 - Alicante/Alacant,ESCAÑOS EN BLANCO - EB,0,0,Ministerio del Interior / portal oficial de datos abiertos,PRIMARY_OFFICIAL
2019A,2019-04-28,3 - Alicante/Alacant,ESCAÑOS EN BLANCO-AULKI ZURIAK - EB,0,0,Ministerio del Interior / portal oficial de datos abiertos,PRIMARY_OFFICIAL
2019A,2019-04-28,3 - Alicante/Alacant,ESQUERRA REPUBLICANA DE CATALUNYA-SOBIRANISTES - ERC-SOBIRANISTES,0,0,Ministerio del Interior / portal oficial de datos abiertos,PRIMARY_OFFICIAL
2019A,2019-04-28,3 - Alicante/Alacant,ESQUERRA REPUBLICANA DEL PAÍS VALENCIÀ - ERPV,1221,0,Ministerio del Interior / portal oficial de datos abiertos,PRIMARY_OFFICIAL
2019A,2019-04-28,3 - Alicante/Alacant,EUSKADIKO LANGILEEN ALDERDI KOMUNISTA/PARTIDO COMUNISTA DE LOS TRABAJADORES DE EUSKADI - ELAK/PCTE,0,0,Ministerio del Interior / portal oficial de datos abiertos,PRIMARY_OFFICIAL
2019A,2019-04-28,3 - Alicante/Alacant,EUSKAL HERRIA BILDU - EH Bildu,0,0,Ministerio del Interior / portal oficial de datos abiertos,PRIMARY_OFFICIAL
2019A,2019-04-28,3 - Alicante/Alacant,EUZKO ALDERDI JELTZALEA-PARTIDO NACIONALISTA VASCO - EAJ-PNV,0,0,Ministerio del Interior / portal oficial de datos abiertos,PRIMARY_OFFICIAL
2019A,2019-04-28,3 - Alicante/Alacant,EXTREMEÑOS PREX CREX - C.Ex-C.R.Ex,0,0,Ministerio del Interior / portal oficial de datos abiertos,PRIMARY_OFFICIAL
2019A,2019-04-28,3 - Alicante/Alacant,FALANGE ESPAÑOLA DE LAS JONS - FE de las J,0,0,Ministerio del Interior / portal oficial de datos abiertos,PRIMARY_OFFICIAL
2019A,2019-04-28,3 - Alicante/Alacant,FEDERACION DE LOS INDEPENDIENTES DE ARAGON - FIA,0,0,Ministerio del Interior / portal oficial de datos abiertos,PRIMARY_OFFICIAL
2019A,2019-04-28,3 - Alicante/Alacant,FEMINISM8 - F8,0,0,Ministerio del Interior / portal oficial de datos abiertos,PRIMARY_OFFICIAL
2019A,2019-04-28,3 - Alicante/Alacant,GEROA BAI - GBAI,0,0,Ministerio del Interior / portal oficial de datos abiertos,PRIMARY_OFFICIAL
2019A,2019-04-28,3 - Alicante/Alacant,IZQUIERDA ANTICAPITALISTA REVOLUCIONARIA - IZAR,0,0,Ministerio del Interior / portal oficial de datos abiertos,PRIMARY_OFFICIAL
2019A,2019-04-28,3 - Alicante/Alacant,IZQUIERDA EN POSITIVO - IZQP,0,0,Ministerio del Interior / portal oficial de datos abiertos,PRIMARY_OFFICIAL
2019A,2019-04-28,3 - Alicante/Alacant,JUNTS PER CATALUNYA-JUNTS - JxCAT-JUNTS,0,0,Ministerio del Interior / portal oficial de datos abiertos,PRIMARY_OFFICIAL
2019A,2019-04-28,3 - Alicante/Alacant,LOS VERDES ECOPACIFISTAS ADELANTE - AVANT-LOS VERDES,3183,0,Ministerio del Interior / portal oficial de datos abiertos,PRIMARY_OFFICIAL
2019A,2019-04-28,3 - Alicante/Alacant,MUERTE AL SISTEMA - +MAS+,0,0,Ministerio del Interior / portal oficial de datos abiertos,PRIMARY_OFFICIAL
2019A,2019-04-28,3 - Alicante/Alacant,NAVARRA SUMA - NA+,0,0,Ministerio del Interior / portal oficial de datos abiertos,PRIMARY_OFFICIAL
2019A,2019-04-28,3 - Alicante/Alacant,NUEVA CANARIAS - NCa,0,0,Ministerio del Interior / portal oficial de datos abiertos,PRIMARY_OFFICIAL
2019A,2019-04-28,3 - Alicante/Alacant,PARTIDO ANIMALISTA CONTRA EL MALTRATO ANIMAL - PACMA,12982,0,Ministerio del Interior / portal oficial de datos abiertos,PRIMARY_OFFICIAL
2019A,2019-04-28,3 - Alicante/Alacant,PARTIDO COMUNISTA DE LOS PUEBLOS DE ESPAÑA - PCPE,1345,0,Ministerio del Interior / portal oficial de datos abiertos,PRIMARY_OFFICIAL
2019A,2019-04-28,3 - Alicante/Alacant,PARTIDO COMUNISTA DE LOS TRABAJADORES DE ESPAÑA - PCTE,0,0,Ministerio del Interior / portal oficial de datos abiertos,PRIMARY_OFFICIAL
2019A,2019-04-28,3 - Alicante/Alacant,PARTIDO COMUNISTA DE LOS TRABAJADORES DE EUSKADI/EUSKADIKO LANGILEEN ALDERDI KOMUNISTA - PCTE/ELAK,0,0,Ministerio del Interior / portal oficial de datos abiertos,PRIMARY_OFFICIAL
2019A,2019-04-28,3 - Alicante/Alacant,PARTIDO COMUNISTA DEL PUEBLO ANDALUZ - PCPA,0,0,Ministerio del Interior / portal oficial de datos abiertos,PRIMARY_OFFICIAL
2019A,2019-04-28,3 - Alicante/Alacant,PARTIDO COMUNISTA DEL PUEBLO CANARIO - PCPC,0,0,Ministerio del Interior / portal oficial de datos abiertos,PRIMARY_OFFICIAL
2019A,2019-04-28,3 - Alicante/Alacant,PARTIDO COMUNISTA DOS TRABALLADORES DE GALIZA - PCTG,0,0,Ministerio del Interior / portal oficial de datos abiertos,PRIMARY_OFFICIAL
2019A,2019-04-28,3 - Alicante/Alacant,PARTIDO COMUNISTA OBRERO ESPAÑOL - PCOE,0,0,Ministerio del Interior / portal oficial de datos abiertos,PRIMARY_OFFICIAL
2019A,2019-04-28,3 - Alicante/Alacant,PARTIDO DE ACCIÓN SOLIDARIA EUROPEA - SOLIDARIA,0,0,Ministerio del Interior / portal oficial de datos abiertos,PRIMARY_OFFICIAL
2019A,2019-04-28,3 - Alicante/Alacant,"PARTIDO DE JUBILADOS POR EL FUTURO. DIGNIDAD Y DEMOCRACIA - ""JF""",0,0,Ministerio del Interior / portal oficial de datos abiertos,PRIMARY_OFFICIAL
2019A,2019-04-28,3 - Alicante/Alacant,PARTIDO DEMÓCRATA SOCIAL JUBILADOS EUROPEOS - UNID - PDSJE-UDEC,0,0,Ministerio del Interior / portal oficial de datos abiertos,PRIMARY_OFFICIAL
2019A,2019-04-28,3 - Alicante/Alacant,PARTIDO DOS SOCIALISTAS DE GALICIA-PARTIDO SOCIALI - PSdeG-PSOE,0,0,Ministerio del Interior / portal oficial de datos abiertos,PRIMARY_OFFICIAL
2019A,2019-04-28,3 - Alicante/Alacant,PARTIDO HUMANISTA - PH,0,0,Ministerio del Interior / portal oficial de datos abiertos,PRIMARY_OFFICIAL
2019A,2019-04-28,3 - Alicante/Alacant,PARTIDO LIBERTARIO - P-LIB,973,0,Ministerio del Interior / portal oficial de datos abiertos,PRIMARY_OFFICIAL
2019A,2019-04-28,3 - Alicante/Alacant,PARTIDO POPULAR - FORO - PP-FORO,0,0,Ministerio del Interior / portal oficial de datos abiertos,PRIMARY_OFFICIAL
2019A,2019-04-28,3 - Alicante/Alacant,PARTIDO POPULAR - PP,179056,3,Ministerio del Interior / portal oficial de datos abiertos,PRIMARY_OFFICIAL
2019A,2019-04-28,3 - Alicante/Alacant,PARTIDO POPULAR/PARTIT POPULAR - PP,0,0,Ministerio del Interior / portal oficial de datos abiertos,PRIMARY_OFFICIAL
2019A,2019-04-28,3 - Alicante/Alacant,PARTIDO REGIONALISTA DE CANTABRIA - PRC,0,0,Ministerio del Interior / portal oficial de datos abiertos,PRIMARY_OFFICIAL
2019A,2019-04-28,3 - Alicante/Alacant,PARTIDO REGIONALISTA DEL PAIS LEONES - PREPAL,0,0,Ministerio del Interior / portal oficial de datos abiertos,PRIMARY_OFFICIAL
2019A,2019-04-28,3 - Alicante/Alacant,PARTIDO REPUBLICANO INDEPENDIENTE SOLIDARIO ANDALUZ - RISA,0,0,Ministerio del Interior / portal oficial de datos abiertos,PRIMARY_OFFICIAL
2019A,2019-04-28,3 - Alicante/Alacant,PARTIDO RIOJANO - PR+,0,0,Ministerio del Interior / portal oficial de datos abiertos,PRIMARY_OFFICIAL
2019A,2019-04-28,3 - Alicante/Alacant,PARTIDO SOCIALISTA DE EUSKADI-EUSKADIKO EZKERRA (PSOE) - PSE-EE (PSOE),0,0,Ministerio del Interior / portal oficial de datos abiertos,PRIMARY_OFFICIAL
2019A,2019-04-28,3 - Alicante/Alacant,PARTIDO SOCIALISTA OBRERO ESPAÑOL - PSOE,259404,4,Ministerio del Interior / portal oficial de datos abiertos,PRIMARY_OFFICIAL
2019A,2019-04-28,3 - Alicante/Alacant,PARTIT ANIMALISTA CONTRA EL MALTRACTAMENT ANIMAL - PACMA,0,0,Ministerio del Interior / portal oficial de datos abiertos,PRIMARY_OFFICIAL
2019A,2019-04-28,3 - Alicante/Alacant,PARTIT COMUNISTA DEL POBLE DE CATALUNYA - PCPC,0,0,Ministerio del Interior / portal oficial de datos abiertos,PRIMARY_OFFICIAL
2019A,2019-04-28,3 - Alicante/Alacant,PARTIT COMUNISTA DELS POBLES D'ESPANYA - PCPE,0,0,Ministerio del Interior / portal oficial de datos abiertos,PRIMARY_OFFICIAL
2019A,2019-04-28,3 - Alicante/Alacant,PARTIT COMUNISTA DELS TREBALLADORS DE CATALUNYA - PCTC,0,0,Ministerio del Interior / portal oficial de datos abiertos,PRIMARY_OFFICIAL
2019A,2019-04-28,3 - Alicante/Alacant,PARTIT DELS SOCIALISTES DE CATALUNYA (PSC-PSOE) - PSC,0,0,Ministerio del Interior / portal oficial de datos abiertos,PRIMARY_OFFICIAL
2019A,2019-04-28,3 - Alicante/Alacant,PARTIT POPULAR-PARTIDO POPULAR - PP,0,0,Ministerio del Interior / portal oficial de datos abiertos,PRIMARY_OFFICIAL
2019A,2019-04-28,3 - Alicante/Alacant,PARTIT SOCIALISTA OBRER ESPANYOL - PSOE,0,0,Ministerio del Interior / portal oficial de datos abiertos,PRIMARY_OFFICIAL
2019A,2019-04-28,3 - Alicante/Alacant,PER UN MÓN MÉS JUST - PUM+J,0,0,Ministerio del Interior / portal oficial de datos abiertos,PRIMARY_OFFICIAL
2019A,2019-04-28,3 - Alicante/Alacant,PLATAFORMA DEL PUEBLO SORIANO - PPSO,0,0,Ministerio del Interior / portal oficial de datos abiertos,PRIMARY_OFFICIAL
2019A,2019-04-28,3 - Alicante/Alacant,POBLE LLIURE - SOM ALTERNATIVA - PIRATES DE CATALU - FRONT REPUB,0,0,Ministerio del Interior / portal oficial de datos abiertos,PRIMARY_OFFICIAL
2019A,2019-04-28,3 - Alicante/Alacant,POR UN MUNDO MÁS JUSTO (BIDEZKO MUNDURANTZ) - PUM+J,0,0,Ministerio del Interior / portal oficial de datos abiertos,PRIMARY_OFFICIAL
2019A,2019-04-28,3 - Alicante/Alacant,POR UN MUNDO MÁS JUSTO - PUM+J,0,0,Ministerio del Interior / portal oficial de datos abiertos,PRIMARY_OFFICIAL
2019A,2019-04-28,3 - Alicante/Alacant,PUYALON - PYLN,0,0,Ministerio del Interior / portal oficial de datos abiertos,PRIMARY_OFFICIAL
2019A,2019-04-28,3 - Alicante/Alacant,RECORTES CERO-GRUPO VERDE - RECORTES CERO-GV,1527,0,Ministerio del Interior / portal oficial de datos abiertos,PRIMARY_OFFICIAL
2019A,2019-04-28,3 - Alicante/Alacant,RECORTES CERO-GRUPO VERDE-PARTIDO CASTELLANO-TIERRA COMUNERA - RECORTES CERO-GV-PCAS-TC,0,0,Ministerio del Interior / portal oficial de datos abiertos,PRIMARY_OFFICIAL
2019A,2019-04-28,3 - Alicante/Alacant,SOM VALENCIANS EN MOVIMENT - UIG-SOM-CUIDES,0,0,Ministerio del Interior / portal oficial de datos abiertos,PRIMARY_OFFICIAL
2019A,2019-04-28,3 - Alicante/Alacant,SOMOS REGIÓN - SOMOS REGIÓ,0,0,Ministerio del Interior / portal oficial de datos abiertos,PRIMARY_OFFICIAL
2019A,2019-04-28,3 - Alicante/Alacant,UNIDAS PODEMOS - PODEMOS-EUPV,127615,2,Ministerio del Interior / portal oficial de datos abiertos,PRIMARY_OFFICIAL
2019A,2019-04-28,3 - Alicante/Alacant,UNIDAS PODEMOS - PODEMOS-IU LV CA-EQUO,0,0,Ministerio del Interior / portal oficial de datos abiertos,PRIMARY_OFFICIAL
2019A,2019-04-28,3 - Alicante/Alacant,UNIDAS PODEMOS - PODEMOS-IU-EQUO,0,0,Ministerio del Interior / portal oficial de datos abiertos,PRIMARY_OFFICIAL
2019A,2019-04-28,3 - Alicante/Alacant,UNIDAS PODEMOS - PODEMOS-IU-EQUO-BATZARRE,0,0,Ministerio del Interior / portal oficial de datos abiertos,PRIMARY_OFFICIAL
2019A,2019-04-28,3 - Alicante/Alacant,UNIDAS PODEMOS-ALTOARAGÓN EN COMÚN - PODEMOS-IU-,0,0,Ministerio del Interior / portal oficial de datos abiertos,PRIMARY_OFFICIAL
2019A,2019-04-28,3 - Alicante/Alacant,UNIDAS PODEMOS-UNIDES PODEM - PODEMOS-EUIB,0,0,Ministerio del Interior / portal oficial de datos abiertos,PRIMARY_OFFICIAL
2019A,2019-04-28,3 - Alicante/Alacant,UNIDAS PODEMOS-XUNIES PODEMOS - PODEMOS-IX-EQUO,0,0,Ministerio del Interior / portal oficial de datos abiertos,PRIMARY_OFFICIAL
2019A,2019-04-28,3 - Alicante/Alacant,UNIÓN DE TODOS - UDT,0,0,Ministerio del Interior / portal oficial de datos abiertos,PRIMARY_OFFICIAL
2019A,2019-04-28,3 - Alicante/Alacant,UNIÓN REGIONALISTA DE CASTILLA Y LEÓN - UNIÓN REGIO,0,0,Ministerio del Interior / portal oficial de datos abiertos,PRIMARY_OFFICIAL
2019A,2019-04-28,3 - Alicante/Alacant,VIVIR OURENSE - VOU,0,0,Ministerio del Interior / portal oficial de datos abiertos,PRIMARY_OFFICIAL
2019A,2019-04-28,3 - Alicante/Alacant,VOX - VOX,115249,1,Ministerio del Interior / portal oficial de datos abiertos,PRIMARY_OFFICIAL
2019A,2019-04-28,3 - Alicante/Alacant,Veus PROGRESSISTES - ARA-MES-ESQUERRA,0,0,Ministerio del Interior / portal oficial de datos abiertos,PRIMARY_OFFICIAL
2019A,2019-04-28,30 - Murcia,ACTÚA - PACT,0,0,Ministerio del Interior / portal oficial de datos abiertos,PRIMARY_OFFICIAL
2019A,2019-04-28,30 - Murcia,AHORA CANARIAS: Alternativa Nacionalista Canaria ANC y Unidad del Pueblo - AHORA CANARIAS,0,0,Ministerio del Interior / portal oficial de datos abiertos,PRIMARY_OFFICIAL
2019A,2019-04-28,30 - Murcia,ANDALUCÍA POR SÍ - AxSI,0,0,Ministerio del Interior / portal oficial de datos abiertos,PRIMARY_OFFICIAL
2019A,2019-04-28,30 - Murcia,ANDECHA ASTUR - ANDECHA ASTUR,0,0,Ministerio del Interior / portal oficial de datos abiertos,PRIMARY_OFFICIAL
2019A,2019-04-28,30 - Murcia,AVANT ADELANTE LOS VERDES - AVANT ADELANTE LOS VERDES,0,0,Ministerio del Interior / portal oficial de datos abiertos,PRIMARY_OFFICIAL
2019A,2019-04-28,30 - Murcia,BLOQUE NACIONALISTA GALEGO - BNG,0,0,Ministerio del Interior / portal oficial de datos abiertos,PRIMARY_OFFICIAL
2019A,2019-04-28,30 - Murcia,CENTRADOS - centrados,0,0,Ministerio del Interior / portal oficial de datos abiertos,PRIMARY_OFFICIAL
2019A,2019-04-28,30 - Murcia,CIUDADANOS INDEPENDIENTES DE LINARES UNIDOS - CILU-LINARES,0,0,Ministerio del Interior / portal oficial de datos abiertos,PRIMARY_OFFICIAL
2019A,2019-04-28,30 - Murcia,CIUDADANOS-PARTIDO DE LA CIUDADANÍA - Cs,150289,2,Ministerio del Interior / portal oficial de datos abiertos,PRIMARY_OFFICIAL
2019A,2019-04-28,30 - Murcia,CIUTADANS-PARTIDO DE LA CIUDADANÍA - Cs,0,0,Ministerio del Interior / portal oficial de datos abiertos,PRIMARY_OFFICIAL
2019A,2019-04-28,30 - Murcia,COALICION CANARIA-PARTIDO NACIONALISTA CANARIO - CCa-PNC,0,0,Ministerio del Interior / portal oficial de datos abiertos,PRIMARY_OFFICIAL
2019A,2019-04-28,30 - Murcia,COALICION POR MELILLA - CpM,0,0,Ministerio del Interior / portal oficial de datos abiertos,PRIMARY_OFFICIAL
2019A,2019-04-28,30 - Murcia,COMPROMISO POR GALICIA - CxG,0,0,Ministerio del Interior / portal oficial de datos abiertos,PRIMARY_OFFICIAL
2019A,2019-04-28,30 - Murcia,COMPROMÍS: BLOC-INICIATIVA-VERDSEQUO - COMPROMÍS 2,0,0,Ministerio del Interior / portal oficial de datos abiertos,PRIMARY_OFFICIAL
2019A,2019-04-28,30 - Murcia,CONVERGENTS - CNV,0,0,Ministerio del Interior / portal oficial de datos abiertos,PRIMARY_OFFICIAL
2019A,2019-04-28,30 - Murcia,CONVERXENCIA 21 - C 21,0,0,Ministerio del Interior / portal oficial de datos abiertos,PRIMARY_OFFICIAL
2019A,2019-04-28,30 - Murcia,DEFENSA DE LO PÚBLICO - DP,0,0,Ministerio del Interior / portal oficial de datos abiertos,PRIMARY_OFFICIAL
2019A,2019-04-28,30 - Murcia,DEMOCRACIA PLURAL - DPL,504,0,Ministerio del Interior / portal oficial de datos abiertos,PRIMARY_OFFICIAL
2019A,2019-04-28,30 - Murcia,EL PI - PROPOSTA PER LES ILLES BALEARS - EL PI,0,0,Ministerio del Interior / portal oficial de datos abiertos,PRIMARY_OFFICIAL
2019A,2019-04-28,30 - Murcia,ELKARREKIN PODEMOS-UNIDAS PODEMOS - PODEMOS-IU-EQUO BERDEAK,0,0,Ministerio del Interior / portal oficial de datos abiertos,PRIMARY_OFFICIAL
2019A,2019-04-28,30 - Murcia,EN COMÚ PODEM - GUANYEM EL CANVI - ECP-GUANYEM,0,0,Ministerio del Interior / portal oficial de datos abiertos,PRIMARY_OFFICIAL
2019A,2019-04-28,30 - Murcia,EN COMÚN-UNIDAS PODEMOS - PODEMOS-EU-,0,0,Ministerio del Interior / portal oficial de datos abiertos,PRIMARY_OFFICIAL
2019A,2019-04-28,30 - Murcia,EN MAREA - EN MAREA,0,0,Ministerio del Interior / portal oficial de datos abiertos,PRIMARY_OFFICIAL
2019A,2019-04-28,30 - Murcia,ESCANOS EN BRANCO - EB,0,0,Ministerio del Interior / portal oficial de datos abiertos,PRIMARY_OFFICIAL
2019A,2019-04-28,30 - Murcia,ESCAÑOS EN BLANCO - EB,0,0,Ministerio del Interior / portal oficial de datos abiertos,PRIMARY_OFFICIAL
2019A,2019-04-28,30 - Murcia,ESCAÑOS EN BLANCO-AULKI ZURIAK - EB,0,0,Ministerio del Interior / portal oficial de datos abiertos,PRIMARY_OFFICIAL
2019A,2019-04-28,30 - Murcia,ESQUERRA REPUBLICANA DE CATALUNYA-SOBIRANISTES - ERC-SOBIRANISTES,0,0,Ministerio del Interior / portal oficial de datos abiertos,PRIMARY_OFFICIAL
2019A,2019-04-28,30 - Murcia,ESQUERRA REPUBLICANA DEL PAÍS VALENCIÀ - ERPV,0,0,Ministerio del Interior / portal oficial de datos abiertos,PRIMARY_OFFICIAL
2019A,2019-04-28,30 - Murcia,EUSKADIKO LANGILEEN ALDERDI KOMUNISTA/PARTIDO COMUNISTA DE LOS TRABAJADORES DE EUSKADI - ELAK/PCTE,0,0,Ministerio del Interior / portal oficial de datos abiertos,PRIMARY_OFFICIAL
2019A,2019-04-28,30 - Murcia,EUSKAL HERRIA BILDU - EH Bildu,0,0,Ministerio del Interior / portal oficial de datos abiertos,PRIMARY_OFFICIAL
2019A,2019-04-28,30 - Murcia,EUZKO ALDERDI JELTZALEA-PARTIDO NACIONALISTA VASCO - EAJ-PNV,0,0,Ministerio del Interior / portal oficial de datos abiertos,PRIMARY_OFFICIAL
2019A,2019-04-28,30 - Murcia,EXTREMEÑOS PREX CREX - C.Ex-C.R.Ex,0,0,Ministerio del Interior / portal oficial de datos abiertos,PRIMARY_OFFICIAL
2019A,2019-04-28,30 - Murcia,FALANGE ESPAÑOLA DE LAS JONS - FE de las J,0,0,Ministerio del Interior / portal oficial de datos abiertos,PRIMARY_OFFICIAL
2019A,2019-04-28,30 - Murcia,FEDERACION DE LOS INDEPENDIENTES DE ARAGON - FIA,0,0,Ministerio del Interior / portal oficial de datos abiertos,PRIMARY_OFFICIAL
2019A,2019-04-28,30 - Murcia,FEMINISM8 - F8,0,0,Ministerio del Interior / portal oficial de datos abiertos,PRIMARY_OFFICIAL
2019A,2019-04-28,30 - Murcia,GEROA BAI - GBAI,0,0,Ministerio del Interior / portal oficial de datos abiertos,PRIMARY_OFFICIAL
2019A,2019-04-28,30 - Murcia,IZQUIERDA ANTICAPITALISTA REVOLUCIONARIA - IZAR,0,0,Ministerio del Interior / portal oficial de datos abiertos,PRIMARY_OFFICIAL
2019A,2019-04-28,30 - Murcia,IZQUIERDA EN POSITIVO - IZQP,712,0,Ministerio del Interior / portal oficial de datos abiertos,PRIMARY_OFFICIAL
2019A,2019-04-28,30 - Murcia,JUNTS PER CATALUNYA-JUNTS - JxCAT-JUNTS,0,0,Ministerio del Interior / portal oficial de datos abiertos,PRIMARY_OFFICIAL
2019A,2019-04-28,30 - Murcia,LOS VERDES ECOPACIFISTAS ADELANTE - AVANT-LOS VERDES,0,0,Ministerio del Interior / portal oficial de datos abiertos,PRIMARY_OFFICIAL
2019A,2019-04-28,30 - Murcia,MUERTE AL SISTEMA - +MAS+,0,0,Ministerio del Interior / portal oficial de datos abiertos,PRIMARY_OFFICIAL
2019A,2019-04-28,30 - Murcia,NAVARRA SUMA - NA+,0,0,Ministerio del Interior / portal oficial de datos abiertos,PRIMARY_OFFICIAL
2019A,2019-04-28,30 - Murcia,NUEVA CANARIAS - NCa,0,0,Ministerio del Interior / portal oficial de datos abiertos,PRIMARY_OFFICIAL
2019A,2019-04-28,30 - Murcia,PARTIDO ANIMALISTA CONTRA EL MALTRATO ANIMAL - PACMA,10611,0,Ministerio del Interior / portal oficial de datos abiertos,PRIMARY_OFFICIAL
2019A,2019-04-28,30 - Murcia,PARTIDO COMUNISTA DE LOS PUEBLOS DE ESPAÑA - PCPE,663,0,Ministerio del Interior / portal oficial de datos abiertos,PRIMARY_OFFICIAL
2019A,2019-04-28,30 - Murcia,PARTIDO COMUNISTA DE LOS TRABAJADORES DE ESPAÑA - PCTE,0,0,Ministerio del Interior / portal oficial de datos abiertos,PRIMARY_OFFICIAL
2019A,2019-04-28,30 - Murcia,PARTIDO COMUNISTA DE LOS TRABAJADORES DE EUSKADI/EUSKADIKO LANGILEEN ALDERDI KOMUNISTA - PCTE/ELAK,0,0,Ministerio del Interior / portal oficial de datos abiertos,PRIMARY_OFFICIAL
2019A,2019-04-28,30 - Murcia,PARTIDO COMUNISTA DEL PUEBLO ANDALUZ - PCPA,0,0,Ministerio del Interior / portal oficial de datos abiertos,PRIMARY_OFFICIAL
2019A,2019-04-28,30 - Murcia,PARTIDO COMUNISTA DEL PUEBLO CANARIO - PCPC,0,0,Ministerio del Interior / portal oficial de datos abiertos,PRIMARY_OFFICIAL
2019A,2019-04-28,30 - Murcia,PARTIDO COMUNISTA DOS TRABALLADORES DE GALIZA - PCTG,0,0,Ministerio del Interior / portal oficial de datos abiertos,PRIMARY_OFFICIAL
2019A,2019-04-28,30 - Murcia,PARTIDO COMUNISTA OBRERO ESPAÑOL - PCOE,1162,0,Ministerio del Interior / portal oficial de datos abiertos,PRIMARY_OFFICIAL
2019A,2019-04-28,30 - Murcia,PARTIDO DE ACCIÓN SOLIDARIA EUROPEA - SOLIDARIA,0,0,Ministerio del Interior / portal oficial de datos abiertos,PRIMARY_OFFICIAL
2019A,2019-04-28,30 - Murcia,"PARTIDO DE JUBILADOS POR EL FUTURO. DIGNIDAD Y DEMOCRACIA - ""JF""",0,0,Ministerio del Interior / portal oficial de datos abiertos,PRIMARY_OFFICIAL
2019A,2019-04-28,30 - Murcia,PARTIDO DEMÓCRATA SOCIAL JUBILADOS EUROPEOS - UNID - PDSJE-UDEC,0,0,Ministerio del Interior / portal oficial de datos abiertos,PRIMARY_OFFICIAL
2019A,2019-04-28,30 - Murcia,PARTIDO DOS SOCIALISTAS DE GALICIA-PARTIDO SOCIALI - PSdeG-PSOE,0,0,Ministerio del Interior / portal oficial de datos abiertos,PRIMARY_OFFICIAL
2019A,2019-04-28,30 - Murcia,PARTIDO HUMANISTA - PH,0,0,Ministerio del Interior / portal oficial de datos abiertos,PRIMARY_OFFICIAL
2019A,2019-04-28,30 - Murcia,PARTIDO LIBERTARIO - P-LIB,0,0,Ministerio del Interior / portal oficial de datos abiertos,PRIMARY_OFFICIAL
2019A,2019-04-28,30 - Murcia,PARTIDO POPULAR - FORO - PP-FORO,0,0,Ministerio del Interior / portal oficial de datos abiertos,PRIMARY_OFFICIAL
2019A,2019-04-28,30 - Murcia,PARTIDO POPULAR - PP,180163,2,Ministerio del Interior / portal oficial de datos abiertos,PRIMARY_OFFICIAL
2019A,2019-04-28,30 - Murcia,PARTIDO POPULAR/PARTIT POPULAR - PP,0,0,Ministerio del Interior / portal oficial de datos abiertos,PRIMARY_OFFICIAL
2019A,2019-04-28,30 - Murcia,PARTIDO REGIONALISTA DE CANTABRIA - PRC,0,0,Ministerio del Interior / portal oficial de datos abiertos,PRIMARY_OFFICIAL
2019A,2019-04-28,30 - Murcia,PARTIDO REGIONALISTA DEL PAIS LEONES - PREPAL,0,0,Ministerio del Interior / portal oficial de datos abiertos,PRIMARY_OFFICIAL
2019A,2019-04-28,30 - Murcia,PARTIDO REPUBLICANO INDEPENDIENTE SOLIDARIO ANDALUZ - RISA,0,0,Ministerio del Interior / portal oficial de datos abiertos,PRIMARY_OFFICIAL
2019A,2019-04-28,30 - Murcia,PARTIDO RIOJANO - PR+,0,0,Ministerio del Interior / portal oficial de datos abiertos,PRIMARY_OFFICIAL
2019A,2019-04-28,30 - Murcia,PARTIDO SOCIALISTA DE EUSKADI-EUSKADIKO EZKERRA (PSOE) - PSE-EE (PSOE),0,0,Ministerio del Interior / portal oficial de datos abiertos,PRIMARY_OFFICIAL
2019A,2019-04-28,30 - Murcia,PARTIDO SOCIALISTA OBRERO ESPAÑOL - PSOE,190540,3,Ministerio del Interior / portal oficial de datos abiertos,PRIMARY_OFFICIAL
2019A,2019-04-28,30 - Murcia,PARTIT ANIMALISTA CONTRA EL MALTRACTAMENT ANIMAL - PACMA,0,0,Ministerio del Interior / portal oficial de datos abiertos,PRIMARY_OFFICIAL
2019A,2019-04-28,30 - Murcia,PARTIT COMUNISTA DEL POBLE DE CATALUNYA - PCPC,0,0,Ministerio del Interior / portal oficial de datos abiertos,PRIMARY_OFFICIAL
2019A,2019-04-28,30 - Murcia,PARTIT COMUNISTA DELS POBLES D'ESPANYA - PCPE,0,0,Ministerio del Interior / portal oficial de datos abiertos,PRIMARY_OFFICIAL
2019A,2019-04-28,30 - Murcia,PARTIT COMUNISTA DELS TREBALLADORS DE CATALUNYA - PCTC,0,0,Ministerio del Interior / portal oficial de datos abiertos,PRIMARY_OFFICIAL
2019A,2019-04-28,30 - Murcia,PARTIT DELS SOCIALISTES DE CATALUNYA (PSC-PSOE) - PSC,0,0,Ministerio del Interior / portal oficial de datos abiertos,PRIMARY_OFFICIAL
2019A,2019-04-28,30 - Murcia,PARTIT POPULAR-PARTIDO POPULAR - PP,0,0,Ministerio del Interior / portal oficial de datos abiertos,PRIMARY_OFFICIAL
2019A,2019-04-28,30 - Murcia,PARTIT SOCIALISTA OBRER ESPANYOL - PSOE,0,0,Ministerio del Interior / portal oficial de datos abiertos,PRIMARY_OFFICIAL
2019A,2019-04-28,30 - Murcia,PER UN MÓN MÉS JUST - PUM+J,0,0,Ministerio del Interior / portal oficial de datos abiertos,PRIMARY_OFFICIAL
2019A,2019-04-28,30 - Murcia,PLATAFORMA DEL PUEBLO SORIANO - PPSO,0,0,Ministerio del Interior / portal oficial de datos abiertos,PRIMARY_OFFICIAL
2019A,2019-04-28,30 - Murcia,POBLE LLIURE - SOM ALTERNATIVA - PIRATES DE CATALU - FRONT REPUB,0,0,Ministerio del Interior / portal oficial de datos abiertos,PRIMARY_OFFICIAL
2019A,2019-04-28,30 - Murcia,POR UN MUNDO MÁS JUSTO (BIDEZKO MUNDURANTZ) - PUM+J,0,0,Ministerio del Interior / portal oficial de datos abiertos,PRIMARY_OFFICIAL
2019A,2019-04-28,30 - Murcia,POR UN MUNDO MÁS JUSTO - PUM+J,0,0,Ministerio del Interior / portal oficial de datos abiertos,PRIMARY_OFFICIAL
2019A,2019-04-28,30 - Murcia,PUYALON - PYLN,0,0,Ministerio del Interior / portal oficial de datos abiertos,PRIMARY_OFFICIAL
2019A,2019-04-28,30 - Murcia,RECORTES CERO-GRUPO VERDE - RECORTES CERO-GV,1406,0,Ministerio del Interior / portal oficial de datos abiertos,PRIMARY_OFFICIAL
2019A,2019-04-28,30 - Murcia,RECORTES CERO-GRUPO VERDE-PARTIDO CASTELLANO-TIERRA COMUNERA - RECORTES CERO-GV-PCAS-TC,0,0,Ministerio del Interior / portal oficial de datos abiertos,PRIMARY_OFFICIAL
2019A,2019-04-28,30 - Murcia,SOM VALENCIANS EN MOVIMENT - UIG-SOM-CUIDES,0,0,Ministerio del Interior / portal oficial de datos abiertos,PRIMARY_OFFICIAL
2019A,2019-04-28,30 - Murcia,SOMOS REGIÓN - SOMOS REGIÓ,4976,0,Ministerio del Interior / portal oficial de datos abiertos,PRIMARY_OFFICIAL
2019A,2019-04-28,30 - Murcia,UNIDAS PODEMOS - PODEMOS-EUPV,0,0,Ministerio del Interior / portal oficial de datos abiertos,PRIMARY_OFFICIAL
2019A,2019-04-28,30 - Murcia,UNIDAS PODEMOS - PODEMOS-IU LV CA-EQUO,0,0,Ministerio del Interior / portal oficial de datos abiertos,PRIMARY_OFFICIAL
2019A,2019-04-28,30 - Murcia,UNIDAS PODEMOS - PODEMOS-IU-EQUO,80053,1,Ministerio del Interior / portal oficial de datos abiertos,PRIMARY_OFFICIAL
2019A,2019-04-28,30 - Murcia,UNIDAS PODEMOS - PODEMOS-IU-EQUO-BATZARRE,0,0,Ministerio del Interior / portal oficial de datos abiertos,PRIMARY_OFFICIAL
2019A,2019-04-28,30 - Murcia,UNIDAS PODEMOS-ALTOARAGÓN EN COMÚN - PODEMOS-IU-,0,0,Ministerio del Interior / portal oficial de datos abiertos,PRIMARY_OFFICIAL
2019A,2019-04-28,30 - Murcia,UNIDAS PODEMOS-UNIDES PODEM - PODEMOS-EUIB,0,0,Ministerio del Interior / portal oficial de datos abiertos,PRIMARY_OFFICIAL
2019A,2019-04-28,30 - Murcia,UNIDAS PODEMOS-XUNIES PODEMOS - PODEMOS-IX-EQUO,0,0,Ministerio del Interior / portal oficial de datos abiertos,PRIMARY_OFFICIAL
2019A,2019-04-28,30 - Murcia,UNIÓN DE TODOS - UDT,0,0,Ministerio del Interior / portal oficial de datos abiertos,PRIMARY_OFFICIAL
2019A,2019-04-28,30 - Murcia,UNIÓN REGIONALISTA DE CASTILLA Y LEÓN - UNIÓN REGIO,0,0,Ministerio del Interior / portal oficial de datos abiertos,PRIMARY_OFFICIAL
2019A,2019-04-28,30 - Murcia,VIVIR OURENSE - VOU,0,0,Ministerio del Interior / portal oficial de datos abiertos,PRIMARY_OFFICIAL
2019A,2019-04-28,30 - Murcia,VOX - VOX,143234,2,Ministerio del Interior / portal oficial de datos abiertos,PRIMARY_OFFICIAL
2019A,2019-04-28,30 - Murcia,Veus PROGRESSISTES - ARA-MES-ESQUERRA,0,0,Ministerio del Interior / portal oficial de datos abiertos,PRIMARY_OFFICIAL
2019A,2019-04-28,31 - Navarra,ACTÚA - PACT,0,0,Ministerio del Interior / portal oficial de datos abiertos,PRIMARY_OFFICIAL
2019A,2019-04-28,31 - Navarra,AHORA CANARIAS: Alternativa Nacionalista Canaria ANC y Unidad del Pueblo - AHORA CANARIAS,0,0,Ministerio del Interior / portal oficial de datos abiertos,PRIMARY_OFFICIAL
2019A,2019-04-28,31 - Navarra,ANDALUCÍA POR SÍ - AxSI,0,0,Ministerio del Interior / portal oficial de datos abiertos,PRIMARY_OFFICIAL
2019A,2019-04-28,31 - Navarra,ANDECHA ASTUR - ANDECHA ASTUR,0,0,Ministerio del Interior / portal oficial de datos abiertos,PRIMARY_OFFICIAL
2019A,2019-04-28,31 - Navarra,AVANT ADELANTE LOS VERDES - AVANT ADELANTE LOS VERDES,0,0,Ministerio del Interior / portal oficial de datos abiertos,PRIMARY_OFFICIAL
2019A,2019-04-28,31 - Navarra,BLOQUE NACIONALISTA GALEGO - BNG,0,0,Ministerio del Interior / portal oficial de datos abiertos,PRIMARY_OFFICIAL
2019A,2019-04-28,31 - Navarra,CENTRADOS - centrados,0,0,Ministerio del Interior / portal oficial de datos abiertos,PRIMARY_OFFICIAL
2019A,2019-04-28,31 - Navarra,CIUDADANOS INDEPENDIENTES DE LINARES UNIDOS - CILU-LINARES,0,0,Ministerio del Interior / portal oficial de datos abiertos,PRIMARY_OFFICIAL
2019A,2019-04-28,31 - Navarra,CIUDADANOS-PARTIDO DE LA CIUDADANÍA - Cs,0,0,Ministerio del Interior / portal oficial de datos abiertos,PRIMARY_OFFICIAL
2019A,2019-04-28,31 - Navarra,CIUTADANS-PARTIDO DE LA CIUDADANÍA - Cs,0,0,Ministerio del Interior / portal oficial de datos abiertos,PRIMARY_OFFICIAL
2019A,2019-04-28,31 - Navarra,COALICION CANARIA-PARTIDO NACIONALISTA CANARIO - CCa-PNC,0,0,Ministerio del Interior / portal oficial de datos abiertos,PRIMARY_OFFICIAL
2019A,2019-04-28,31 - Navarra,COALICION POR MELILLA - CpM,0,0,Ministerio del Interior / portal oficial de datos abiertos,PRIMARY_OFFICIAL
2019A,2019-04-28,31 - Navarra,COMPROMISO POR GALICIA - CxG,0,0,Ministerio del Interior / portal oficial de datos abiertos,PRIMARY_OFFICIAL
2019A,2019-04-28,31 - Navarra,COMPROMÍS: BLOC-INICIATIVA-VERDSEQUO - COMPROMÍS 2,0,0,Ministerio del Interior / portal oficial de datos abiertos,PRIMARY_OFFICIAL
2019A,2019-04-28,31 - Navarra,CONVERGENTS - CNV,0,0,Ministerio del Interior / portal oficial de datos abiertos,PRIMARY_OFFICIAL
2019A,2019-04-28,31 - Navarra,CONVERXENCIA 21 - C 21,0,0,Ministerio del Interior / portal oficial de datos abiertos,PRIMARY_OFFICIAL
2019A,2019-04-28,31 - Navarra,DEFENSA DE LO PÚBLICO - DP,0,0,Ministerio del Interior / portal oficial de datos abiertos,PRIMARY_OFFICIAL
2019A,2019-04-28,31 - Navarra,DEMOCRACIA PLURAL - DPL,0,0,Ministerio del Interior / portal oficial de datos abiertos,PRIMARY_OFFICIAL
2019A,2019-04-28,31 - Navarra,EL PI - PROPOSTA PER LES ILLES BALEARS - EL PI,0,0,Ministerio del Interior / portal oficial de datos abiertos,PRIMARY_OFFICIAL
2019A,2019-04-28,31 - Navarra,ELKARREKIN PODEMOS-UNIDAS PODEMOS - PODEMOS-IU-EQUO BERDEAK,0,0,Ministerio del Interior / portal oficial de datos abiertos,PRIMARY_OFFICIAL
2019A,2019-04-28,31 - Navarra,EN COMÚ PODEM - GUANYEM EL CANVI - ECP-GUANYEM,0,0,Ministerio del Interior / portal oficial de datos abiertos,PRIMARY_OFFICIAL
2019A,2019-04-28,31 - Navarra,EN COMÚN-UNIDAS PODEMOS - PODEMOS-EU-,0,0,Ministerio del Interior / portal oficial de datos abiertos,PRIMARY_OFFICIAL
2019A,2019-04-28,31 - Navarra,EN MAREA - EN MAREA,0,0,Ministerio del Interior / portal oficial de datos abiertos,PRIMARY_OFFICIAL
2019A,2019-04-28,31 - Navarra,ESCANOS EN BRANCO - EB,0,0,Ministerio del Interior / portal oficial de datos abiertos,PRIMARY_OFFICIAL
2019A,2019-04-28,31 - Navarra,ESCAÑOS EN BLANCO - EB,0,0,Ministerio del Interior / portal oficial de datos abiertos,PRIMARY_OFFICIAL
2019A,2019-04-28,31 - Navarra,ESCAÑOS EN BLANCO-AULKI ZURIAK - EB,0,0,Ministerio del Interior / portal oficial de datos abiertos,PRIMARY_OFFICIAL
2019A,2019-04-28,31 - Navarra,ESQUERRA REPUBLICANA DE CATALUNYA-SOBIRANISTES - ERC-SOBIRANISTES,0,0,Ministerio del Interior / portal oficial de datos abiertos,PRIMARY_OFFICIAL
2019A,2019-04-28,31 - Navarra,ESQUERRA REPUBLICANA DEL PAÍS VALENCIÀ - ERPV,0,0,Ministerio del Interior / portal oficial de datos abiertos,PRIMARY_OFFICIAL
2019A,2019-04-28,31 - Navarra,EUSKADIKO LANGILEEN ALDERDI KOMUNISTA/PARTIDO COMUNISTA DE LOS TRABAJADORES DE EUSKADI - ELAK/PCTE,0,0,Ministerio del Interior / portal oficial de datos abiertos,PRIMARY_OFFICIAL
2019A,2019-04-28,31 - Navarra,EUSKAL HERRIA BILDU - EH Bildu,46765,0,Ministerio del Interior / portal oficial de datos abiertos,PRIMARY_OFFICIAL
2019A,2019-04-28,31 - Navarra,EUZKO ALDERDI JELTZALEA-PARTIDO NACIONALISTA VASCO - EAJ-PNV,0,0,Ministerio del Interior / portal oficial de datos abiertos,PRIMARY_OFFICIAL
2019A,2019-04-28,31 - Navarra,EXTREMEÑOS PREX CREX - C.Ex-C.R.Ex,0,0,Ministerio del Interior / portal oficial de datos abiertos,PRIMARY_OFFICIAL
2019A,2019-04-28,31 - Navarra,FALANGE ESPAÑOLA DE LAS JONS - FE de las J,0,0,Ministerio del Interior / portal oficial de datos abiertos,PRIMARY_OFFICIAL
2019A,2019-04-28,31 - Navarra,FEDERACION DE LOS INDEPENDIENTES DE ARAGON - FIA,0,0,Ministerio del Interior / portal oficial de datos abiertos,PRIMARY_OFFICIAL
2019A,2019-04-28,31 - Navarra,FEMINISM8 - F8,0,0,Ministerio del Interior / portal oficial de datos abiertos,PRIMARY_OFFICIAL
2019A,2019-04-28,31 - Navarra,GEROA BAI - GBAI,22309,0,Ministerio del Interior / portal oficial de datos abiertos,PRIMARY_OFFICIAL
2019A,2019-04-28,31 - Navarra,IZQUIERDA ANTICAPITALISTA REVOLUCIONARIA - IZAR,0,0,Ministerio del Interior / portal oficial de datos abiertos,PRIMARY_OFFICIAL
2019A,2019-04-28,31 - Navarra,IZQUIERDA EN POSITIVO - IZQP,0,0,Ministerio del Interior / portal oficial de datos abiertos,PRIMARY_OFFICIAL
2019A,2019-04-28,31 - Navarra,JUNTS PER CATALUNYA-JUNTS - JxCAT-JUNTS,0,0,Ministerio del Interior / portal oficial de datos abiertos,PRIMARY_OFFICIAL
2019A,2019-04-28,31 - Navarra,LOS VERDES ECOPACIFISTAS ADELANTE - AVANT-LOS VERDES,0,0,Ministerio del Interior / portal oficial de datos abiertos,PRIMARY_OFFICIAL
2019A,2019-04-28,31 - Navarra,MUERTE AL SISTEMA - +MAS+,0,0,Ministerio del Interior / portal oficial de datos abiertos,PRIMARY_OFFICIAL
2019A,2019-04-28,31 - Navarra,NAVARRA SUMA - NA+,107619,2,Ministerio del Interior / portal oficial de datos abiertos,PRIMARY_OFFICIAL
2019A,2019-04-28,31 - Navarra,NUEVA CANARIAS - NCa,0,0,Ministerio del Interior / portal oficial de datos abiertos,PRIMARY_OFFICIAL
2019A,2019-04-28,31 - Navarra,PARTIDO ANIMALISTA CONTRA EL MALTRATO ANIMAL - PACMA,3325,0,Ministerio del Interior / portal oficial de datos abiertos,PRIMARY_OFFICIAL
2019A,2019-04-28,31 - Navarra,PARTIDO COMUNISTA DE LOS PUEBLOS DE ESPAÑA - PCPE,0,0,Ministerio del Interior / portal oficial de datos abiertos,PRIMARY_OFFICIAL
2019A,2019-04-28,31 - Navarra,PARTIDO COMUNISTA DE LOS TRABAJADORES DE ESPAÑA - PCTE,0,0,Ministerio del Interior / portal oficial de datos abiertos,PRIMARY_OFFICIAL
2019A,2019-04-28,31 - Navarra,PARTIDO COMUNISTA DE LOS TRABAJADORES DE EUSKADI/EUSKADIKO LANGILEEN ALDERDI KOMUNISTA - PCTE/ELAK,0,0,Ministerio del Interior / portal oficial de datos abiertos,PRIMARY_OFFICIAL
2019A,2019-04-28,31 - Navarra,PARTIDO COMUNISTA DEL PUEBLO ANDALUZ - PCPA,0,0,Ministerio del Interior / portal oficial de datos abiertos,PRIMARY_OFFICIAL
2019A,2019-04-28,31 - Navarra,PARTIDO COMUNISTA DEL PUEBLO CANARIO - PCPC,0,0,Ministerio del Interior / portal oficial de datos abiertos,PRIMARY_OFFICIAL
2019A,2019-04-28,31 - Navarra,PARTIDO COMUNISTA DOS TRABALLADORES DE GALIZA - PCTG,0,0,Ministerio del Interior / portal oficial de datos abiertos,PRIMARY_OFFICIAL
2019A,2019-04-28,31 - Navarra,PARTIDO COMUNISTA OBRERO ESPAÑOL - PCOE,0,0,Ministerio del Interior / portal oficial de datos abiertos,PRIMARY_OFFICIAL
2019A,2019-04-28,31 - Navarra,PARTIDO DE ACCIÓN SOLIDARIA EUROPEA - SOLIDARIA,0,0,Ministerio del Interior / portal oficial de datos abiertos,PRIMARY_OFFICIAL
2019A,2019-04-28,31 - Navarra,"PARTIDO DE JUBILADOS POR EL FUTURO. DIGNIDAD Y DEMOCRACIA - ""JF""",0,0,Ministerio del Interior / portal oficial de datos abiertos,PRIMARY_OFFICIAL
2019A,2019-04-28,31 - Navarra,PARTIDO DEMÓCRATA SOCIAL JUBILADOS EUROPEOS - UNID - PDSJE-UDEC,0,0,Ministerio del Interior / portal oficial de datos abiertos,PRIMARY_OFFICIAL
2019A,2019-04-28,31 - Navarra,PARTIDO DOS SOCIALISTAS DE GALICIA-PARTIDO SOCIALI - PSdeG-PSOE,0,0,Ministerio del Interior / portal oficial de datos abiertos,PRIMARY_OFFICIAL
2019A,2019-04-28,31 - Navarra,PARTIDO HUMANISTA - PH,0,0,Ministerio del Interior / portal oficial de datos abiertos,PRIMARY_OFFICIAL
2019A,2019-04-28,31 - Navarra,PARTIDO LIBERTARIO - P-LIB,0,0,Ministerio del Interior / portal oficial de datos abiertos,PRIMARY_OFFICIAL
2019A,2019-04-28,31 - Navarra,PARTIDO POPULAR - FORO - PP-FORO,0,0,Ministerio del Interior / portal oficial de datos abiertos,PRIMARY_OFFICIAL
2019A,2019-04-28,31 - Navarra,PARTIDO POPULAR - PP,0,0,Ministerio del Interior / portal oficial de datos abiertos,PRIMARY_OFFICIAL
2019A,2019-04-28,31 - Navarra,PARTIDO POPULAR/PARTIT POPULAR - PP,0,0,Ministerio del Interior / portal oficial de datos abiertos,PRIMARY_OFFICIAL
2019A,2019-04-28,31 - Navarra,PARTIDO REGIONALISTA DE CANTABRIA - PRC,0,0,Ministerio del Interior / portal oficial de datos abiertos,PRIMARY_OFFICIAL
2019A,2019-04-28,31 - Navarra,PARTIDO REGIONALISTA DEL PAIS LEONES - PREPAL,0,0,Ministerio del Interior / portal oficial de datos abiertos,PRIMARY_OFFICIAL
2019A,2019-04-28,31 - Navarra,PARTIDO REPUBLICANO INDEPENDIENTE SOLIDARIO ANDALUZ - RISA,0,0,Ministerio del Interior / portal oficial de datos abiertos,PRIMARY_OFFICIAL
2019A,2019-04-28,31 - Navarra,PARTIDO RIOJANO - PR+,0,0,Ministerio del Interior / portal oficial de datos abiertos,PRIMARY_OFFICIAL
2019A,2019-04-28,31 - Navarra,PARTIDO SOCIALISTA DE EUSKADI-EUSKADIKO EZKERRA (PSOE) - PSE-EE (PSOE),0,0,Ministerio del Interior / portal oficial de datos abiertos,PRIMARY_OFFICIAL
2019A,2019-04-28,31 - Navarra,PARTIDO SOCIALISTA OBRERO ESPAÑOL - PSOE,94551,2,Ministerio del Interior / portal oficial de datos abiertos,PRIMARY_OFFICIAL
2019A,2019-04-28,31 - Navarra,PARTIT ANIMALISTA CONTRA EL MALTRACTAMENT ANIMAL - PACMA,0,0,Ministerio del Interior / portal oficial de datos abiertos,PRIMARY_OFFICIAL
2019A,2019-04-28,31 - Navarra,PARTIT COMUNISTA DEL POBLE DE CATALUNYA - PCPC,0,0,Ministerio del Interior / portal oficial de datos abiertos,PRIMARY_OFFICIAL
2019A,2019-04-28,31 - Navarra,PARTIT COMUNISTA DELS POBLES D'ESPANYA - PCPE,0,0,Ministerio del Interior / portal oficial de datos abiertos,PRIMARY_OFFICIAL
2019A,2019-04-28,31 - Navarra,PARTIT COMUNISTA DELS TREBALLADORS DE CATALUNYA - PCTC,0,0,Ministerio del Interior / portal oficial de datos abiertos,PRIMARY_OFFICIAL
2019A,2019-04-28,31 - Navarra,PARTIT DELS SOCIALISTES DE CATALUNYA (PSC-PSOE) - PSC,0,0,Ministerio del Interior / portal oficial de datos abiertos,PRIMARY_OFFICIAL
2019A,2019-04-28,31 - Navarra,PARTIT POPULAR-PARTIDO POPULAR - PP,0,0,Ministerio del Interior / portal oficial de datos abiertos,PRIMARY_OFFICIAL
2019A,2019-04-28,31 - Navarra,PARTIT SOCIALISTA OBRER ESPANYOL - PSOE,0,0,Ministerio del Interior / portal oficial de datos abiertos,PRIMARY_OFFICIAL
2019A,2019-04-28,31 - Navarra,PER UN MÓN MÉS JUST - PUM+J,0,0,Ministerio del Interior / portal oficial de datos abiertos,PRIMARY_OFFICIAL
2019A,2019-04-28,31 - Navarra,PLATAFORMA DEL PUEBLO SORIANO - PPSO,0,0,Ministerio del Interior / portal oficial de datos abiertos,PRIMARY_OFFICIAL
2019A,2019-04-28,31 - Navarra,POBLE LLIURE - SOM ALTERNATIVA - PIRATES DE CATALU - FRONT REPUB,0,0,Ministerio del Interior / portal oficial de datos abiertos,PRIMARY_OFFICIAL
2019A,2019-04-28,31 - Navarra,POR UN MUNDO MÁS JUSTO (BIDEZKO MUNDURANTZ) - PUM+J,0,0,Ministerio del Interior / portal oficial de datos abiertos,PRIMARY_OFFICIAL
2019A,2019-04-28,31 - Navarra,POR UN MUNDO MÁS JUSTO - PUM+J,1203,0,Ministerio del Interior / portal oficial de datos abiertos,PRIMARY_OFFICIAL
2019A,2019-04-28,31 - Navarra,PUYALON - PYLN,0,0,Ministerio del Interior / portal oficial de datos abiertos,PRIMARY_OFFICIAL
2019A,2019-04-28,31 - Navarra,RECORTES CERO-GRUPO VERDE - RECORTES CERO-GV,1295,0,Ministerio del Interior / portal oficial de datos abiertos,PRIMARY_OFFICIAL
2019A,2019-04-28,31 - Navarra,RECORTES CERO-GRUPO VERDE-PARTIDO CASTELLANO-TIERRA COMUNERA - RECORTES CERO-GV-PCAS-TC,0,0,Ministerio del Interior / portal oficial de datos abiertos,PRIMARY_OFFICIAL
2019A,2019-04-28,31 - Navarra,SOM VALENCIANS EN MOVIMENT - UIG-SOM-CUIDES,0,0,Ministerio del Interior / portal oficial de datos abiertos,PRIMARY_OFFICIAL
2019A,2019-04-28,31 - Navarra,SOMOS REGIÓN - SOMOS REGIÓ,0,0,Ministerio del Interior / portal oficial de datos abiertos,PRIMARY_OFFICIAL
2019A,2019-04-28,31 - Navarra,UNIDAS PODEMOS - PODEMOS-EUPV,0,0,Ministerio del Interior / portal oficial de datos abiertos,PRIMARY_OFFICIAL
2019A,2019-04-28,31 - Navarra,UNIDAS PODEMOS - PODEMOS-IU LV CA-EQUO,0,0,Ministerio del Interior / portal oficial de datos abiertos,PRIMARY_OFFICIAL
2019A,2019-04-28,31 - Navarra,UNIDAS PODEMOS - PODEMOS-IU-EQUO,0,0,Ministerio del Interior / portal oficial de datos abiertos,PRIMARY_OFFICIAL
2019A,2019-04-28,31 - Navarra,UNIDAS PODEMOS - PODEMOS-IU-EQUO-BATZARRE,68393,1,Ministerio del Interior / portal oficial de datos abiertos,PRIMARY_OFFICIAL
2019A,2019-04-28,31 - Navarra,UNIDAS PODEMOS-ALTOARAGÓN EN COMÚN - PODEMOS-IU-,0,0,Ministerio del Interior / portal oficial de datos abiertos,PRIMARY_OFFICIAL
2019A,2019-04-28,31 - Navarra,UNIDAS PODEMOS-UNIDES PODEM - PODEMOS-EUIB,0,0,Ministerio del Interior / portal oficial de datos abiertos,PRIMARY_OFFICIAL
2019A,2019-04-28,31 - Navarra,UNIDAS PODEMOS-XUNIES PODEMOS - PODEMOS-IX-EQUO,0,0,Ministerio del Interior / portal oficial de datos abiertos,PRIMARY_OFFICIAL
2019A,2019-04-28,31 - Navarra,UNIÓN DE TODOS - UDT,0,0,Ministerio del Interior / portal oficial de datos abiertos,PRIMARY_OFFICIAL
2019A,2019-04-28,31 - Navarra,UNIÓN REGIONALISTA DE CASTILLA Y LEÓN - UNIÓN REGIO,0,0,Ministerio del Interior / portal oficial de datos abiertos,PRIMARY_OFFICIAL
2019A,2019-04-28,31 - Navarra,VIVIR OURENSE - VOU,0,0,Ministerio del Interior / portal oficial de datos abiertos,PRIMARY_OFFICIAL
2019A,2019-04-28,31 - Navarra,VOX - VOX,17771,0,Ministerio del Interior / portal oficial de datos abiertos,PRIMARY_OFFICIAL
2019A,2019-04-28,31 - Navarra,Veus PROGRESSISTES - ARA-MES-ESQUERRA,0,0,Ministerio del Interior / portal oficial de datos abiertos,PRIMARY_OFFICIAL
2019A,2019-04-28,32 - Ourense,ACTÚA - PACT,0,0,Ministerio del Interior / portal oficial de datos abiertos,PRIMARY_OFFICIAL
2019A,2019-04-28,32 - Ourense,AHORA CANARIAS: Alternativa Nacionalista Canaria ANC y Unidad del Pueblo - AHORA CANARIAS,0,0,Ministerio del Interior / portal oficial de datos abiertos,PRIMARY_OFFICIAL
2019A,2019-04-28,32 - Ourense,ANDALUCÍA POR SÍ - AxSI,0,0,Ministerio del Interior / portal oficial de datos abiertos,PRIMARY_OFFICIAL
2019A,2019-04-28,32 - Ourense,ANDECHA ASTUR - ANDECHA ASTUR,0,0,Ministerio del Interior / portal oficial de datos abiertos,PRIMARY_OFFICIAL
2019A,2019-04-28,32 - Ourense,AVANT ADELANTE LOS VERDES - AVANT ADELANTE LOS VERDES,0,0,Ministerio del Interior / portal oficial de datos abiertos,PRIMARY_OFFICIAL
2019A,2019-04-28,32 - Ourense,BLOQUE NACIONALISTA GALEGO - BNG,7548,0,Ministerio del Interior / portal oficial de datos abiertos,PRIMARY_OFFICIAL
2019A,2019-04-28,32 - Ourense,CENTRADOS - centrados,0,0,Ministerio del Interior / portal oficial de datos abiertos,PRIMARY_OFFICIAL
2019A,2019-04-28,32 - Ourense,CIUDADANOS INDEPENDIENTES DE LINARES UNIDOS - CILU-LINARES,0,0,Ministerio del Interior / portal oficial de datos abiertos,PRIMARY_OFFICIAL
2019A,2019-04-28,32 - Ourense,CIUDADANOS-PARTIDO DE LA CIUDADANÍA - Cs,20689,0,Ministerio del Interior / portal oficial de datos abiertos,PRIMARY_OFFICIAL
2019A,2019-04-28,32 - Ourense,CIUTADANS-PARTIDO DE LA CIUDADANÍA - Cs,0,0,Ministerio del Interior / portal oficial de datos abiertos,PRIMARY_OFFICIAL
2019A,2019-04-28,32 - Ourense,COALICION CANARIA-PARTIDO NACIONALISTA CANARIO - CCa-PNC,0,0,Ministerio del Interior / portal oficial de datos abiertos,PRIMARY_OFFICIAL
2019A,2019-04-28,32 - Ourense,COALICION POR MELILLA - CpM,0,0,Ministerio del Interior / portal oficial de datos abiertos,PRIMARY_OFFICIAL
2019A,2019-04-28,32 - Ourense,COMPROMISO POR GALICIA - CxG,272,0,Ministerio del Interior / portal oficial de datos abiertos,PRIMARY_OFFICIAL
2019A,2019-04-28,32 - Ourense,COMPROMÍS: BLOC-INICIATIVA-VERDSEQUO - COMPROMÍS 2,0,0,Ministerio del Interior / portal oficial de datos abiertos,PRIMARY_OFFICIAL
2019A,2019-04-28,32 - Ourense,CONVERGENTS - CNV,0,0,Ministerio del Interior / portal oficial de datos abiertos,PRIMARY_OFFICIAL
2019A,2019-04-28,32 - Ourense,CONVERXENCIA 21 - C 21,0,0,Ministerio del Interior / portal oficial de datos abiertos,PRIMARY_OFFICIAL
2019A,2019-04-28,32 - Ourense,DEFENSA DE LO PÚBLICO - DP,0,0,Ministerio del Interior / portal oficial de datos abiertos,PRIMARY_OFFICIAL
2019A,2019-04-28,32 - Ourense,DEMOCRACIA PLURAL - DPL,0,0,Ministerio del Interior / portal oficial de datos abiertos,PRIMARY_OFFICIAL
2019A,2019-04-28,32 - Ourense,EL PI - PROPOSTA PER LES ILLES BALEARS - EL PI,0,0,Ministerio del Interior / portal oficial de datos abiertos,PRIMARY_OFFICIAL
2019A,2019-04-28,32 - Ourense,ELKARREKIN PODEMOS-UNIDAS PODEMOS - PODEMOS-IU-EQUO BERDEAK,0,0,Ministerio del Interior / portal oficial de datos abiertos,PRIMARY_OFFICIAL
2019A,2019-04-28,32 - Ourense,EN COMÚ PODEM - GUANYEM EL CANVI - ECP-GUANYEM,0,0,Ministerio del Interior / portal oficial de datos abiertos,PRIMARY_OFFICIAL
2019A,2019-04-28,32 - Ourense,EN COMÚN-UNIDAS PODEMOS - PODEMOS-EU-,17213,0,Ministerio del Interior / portal oficial de datos abiertos,PRIMARY_OFFICIAL
2019A,2019-04-28,32 - Ourense,EN MAREA - EN MAREA,2220,0,Ministerio del Interior / portal oficial de datos abiertos,PRIMARY_OFFICIAL
2019A,2019-04-28,32 - Ourense,ESCANOS EN BRANCO - EB,0,0,Ministerio del Interior / portal oficial de datos abiertos,PRIMARY_OFFICIAL
2019A,2019-04-28,32 - Ourense,ESCAÑOS EN BLANCO - EB,0,0,Ministerio del Interior / portal oficial de datos abiertos,PRIMARY_OFFICIAL
2019A,2019-04-28,32 - Ourense,ESCAÑOS EN BLANCO-AULKI ZURIAK - EB,0,0,Ministerio del Interior / portal oficial de datos abiertos,PRIMARY_OFFICIAL
2019A,2019-04-28,32 - Ourense,ESQUERRA REPUBLICANA DE CATALUNYA-SOBIRANISTES - ERC-SOBIRANISTES,0,0,Ministerio del Interior / portal oficial de datos abiertos,PRIMARY_OFFICIAL
2019A,2019-04-28,32 - Ourense,ESQUERRA REPUBLICANA DEL PAÍS VALENCIÀ - ERPV,0,0,Ministerio del Interior / portal oficial de datos abiertos,PRIMARY_OFFICIAL
2019A,2019-04-28,32 - Ourense,EUSKADIKO LANGILEEN ALDERDI KOMUNISTA/PARTIDO COMUNISTA DE LOS TRABAJADORES DE EUSKADI - ELAK/PCTE,0,0,Ministerio del Interior / portal oficial de datos abiertos,PRIMARY_OFFICIAL
2019A,2019-04-28,32 - Ourense,EUSKAL HERRIA BILDU - EH Bildu,0,0,Ministerio del Interior / portal oficial de datos abiertos,PRIMARY_OFFICIAL
2019A,2019-04-28,32 - Ourense,EUZKO ALDERDI JELTZALEA-PARTIDO NACIONALISTA VASCO - EAJ-PNV,0,0,Ministerio del Interior / portal oficial de datos abiertos,PRIMARY_OFFICIAL
2019A,2019-04-28,32 - Ourense,EXTREMEÑOS PREX CREX - C.Ex-C.R.Ex,0,0,Ministerio del Interior / portal oficial de datos abiertos,PRIMARY_OFFICIAL
2019A,2019-04-28,32 - Ourense,FALANGE ESPAÑOLA DE LAS JONS - FE de las J,0,0,Ministerio del Interior / portal oficial de datos abiertos,PRIMARY_OFFICIAL
2019A,2019-04-28,32 - Ourense,FEDERACION DE LOS INDEPENDIENTES DE ARAGON - FIA,0,0,Ministerio del Interior / portal oficial de datos abiertos,PRIMARY_OFFICIAL
2019A,2019-04-28,32 - Ourense,FEMINISM8 - F8,0,0,Ministerio del Interior / portal oficial de datos abiertos,PRIMARY_OFFICIAL
2019A,2019-04-28,32 - Ourense,GEROA BAI - GBAI,0,0,Ministerio del Interior / portal oficial de datos abiertos,PRIMARY_OFFICIAL
2019A,2019-04-28,32 - Ourense,IZQUIERDA ANTICAPITALISTA REVOLUCIONARIA - IZAR,0,0,Ministerio del Interior / portal oficial de datos abiertos,PRIMARY_OFFICIAL
2019A,2019-04-28,32 - Ourense,IZQUIERDA EN POSITIVO - IZQP,0,0,Ministerio del Interior / portal oficial de datos abiertos,PRIMARY_OFFICIAL
2019A,2019-04-28,32 - Ourense,JUNTS PER CATALUNYA-JUNTS - JxCAT-JUNTS,0,0,Ministerio del Interior / portal oficial de datos abiertos,PRIMARY_OFFICIAL
2019A,2019-04-28,32 - Ourense,LOS VERDES ECOPACIFISTAS ADELANTE - AVANT-LOS VERDES,0,0,Ministerio del Interior / portal oficial de datos abiertos,PRIMARY_OFFICIAL
2019A,2019-04-28,32 - Ourense,MUERTE AL SISTEMA - +MAS+,0,0,Ministerio del Interior / portal oficial de datos abiertos,PRIMARY_OFFICIAL
2019A,2019-04-28,32 - Ourense,NAVARRA SUMA - NA+,0,0,Ministerio del Interior / portal oficial de datos abiertos,PRIMARY_OFFICIAL
2019A,2019-04-28,32 - Ourense,NUEVA CANARIAS - NCa,0,0,Ministerio del Interior / portal oficial de datos abiertos,PRIMARY_OFFICIAL
2019A,2019-04-28,32 - Ourense,PARTIDO ANIMALISTA CONTRA EL MALTRATO ANIMAL - PACMA,1576,0,Ministerio del Interior / portal oficial de datos abiertos,PRIMARY_OFFICIAL
2019A,2019-04-28,32 - Ourense,PARTIDO COMUNISTA DE LOS PUEBLOS DE ESPAÑA - PCPE,0,0,Ministerio del Interior / portal oficial de datos abiertos,PRIMARY_OFFICIAL
2019A,2019-04-28,32 - Ourense,PARTIDO COMUNISTA DE LOS TRABAJADORES DE ESPAÑA - PCTE,0,0,Ministerio del Interior / portal oficial de datos abiertos,PRIMARY_OFFICIAL
2019A,2019-04-28,32 - Ourense,PARTIDO COMUNISTA DE LOS TRABAJADORES DE EUSKADI/EUSKADIKO LANGILEEN ALDERDI KOMUNISTA - PCTE/ELAK,0,0,Ministerio del Interior / portal oficial de datos abiertos,PRIMARY_OFFICIAL
2019A,2019-04-28,32 - Ourense,PARTIDO COMUNISTA DEL PUEBLO ANDALUZ - PCPA,0,0,Ministerio del Interior / portal oficial de datos abiertos,PRIMARY_OFFICIAL
2019A,2019-04-28,32 - Ourense,PARTIDO COMUNISTA DEL PUEBLO CANARIO - PCPC,0,0,Ministerio del Interior / portal oficial de datos abiertos,PRIMARY_OFFICIAL
2019A,2019-04-28,32 - Ourense,PARTIDO COMUNISTA DOS TRABALLADORES DE GALIZA - PCTG,143,0,Ministerio del Interior / portal oficial de datos abiertos,PRIMARY_OFFICIAL
2019A,2019-04-28,32 - Ourense,PARTIDO COMUNISTA OBRERO ESPAÑOL - PCOE,0,0,Ministerio del Interior / portal oficial de datos abiertos,PRIMARY_OFFICIAL
2019A,2019-04-28,32 - Ourense,PARTIDO DE ACCIÓN SOLIDARIA EUROPEA - SOLIDARIA,0,0,Ministerio del Interior / portal oficial de datos abiertos,PRIMARY_OFFICIAL
2019A,2019-04-28,32 - Ourense,"PARTIDO DE JUBILADOS POR EL FUTURO. DIGNIDAD Y DEMOCRACIA - ""JF""",0,0,Ministerio del Interior / portal oficial de datos abiertos,PRIMARY_OFFICIAL
2019A,2019-04-28,32 - Ourense,PARTIDO DEMÓCRATA SOCIAL JUBILADOS EUROPEOS - UNID - PDSJE-UDEC,0,0,Ministerio del Interior / portal oficial de datos abiertos,PRIMARY_OFFICIAL
2019A,2019-04-28,32 - Ourense,PARTIDO DOS SOCIALISTAS DE GALICIA-PARTIDO SOCIALI - PSdeG-PSOE,63304,2,Ministerio del Interior / portal oficial de datos abiertos,PRIMARY_OFFICIAL
2019A,2019-04-28,32 - Ourense,PARTIDO HUMANISTA - PH,0,0,Ministerio del Interior / portal oficial de datos abiertos,PRIMARY_OFFICIAL
2019A,2019-04-28,32 - Ourense,PARTIDO LIBERTARIO - P-LIB,0,0,Ministerio del Interior / portal oficial de datos abiertos,PRIMARY_OFFICIAL
2019A,2019-04-28,32 - Ourense,PARTIDO POPULAR - FORO - PP-FORO,0,0,Ministerio del Interior / portal oficial de datos abiertos,PRIMARY_OFFICIAL
2019A,2019-04-28,32 - Ourense,PARTIDO POPULAR - PP,67020,2,Ministerio del Interior / portal oficial de datos abiertos,PRIMARY_OFFICIAL
2019A,2019-04-28,32 - Ourense,PARTIDO POPULAR/PARTIT POPULAR - PP,0,0,Ministerio del Interior / portal oficial de datos abiertos,PRIMARY_OFFICIAL
2019A,2019-04-28,32 - Ourense,PARTIDO REGIONALISTA DE CANTABRIA - PRC,0,0,Ministerio del Interior / portal oficial de datos abiertos,PRIMARY_OFFICIAL
2019A,2019-04-28,32 - Ourense,PARTIDO REGIONALISTA DEL PAIS LEONES - PREPAL,0,0,Ministerio del Interior / portal oficial de datos abiertos,PRIMARY_OFFICIAL
2019A,2019-04-28,32 - Ourense,PARTIDO REPUBLICANO INDEPENDIENTE SOLIDARIO ANDALUZ - RISA,0,0,Ministerio del Interior / portal oficial de datos abiertos,PRIMARY_OFFICIAL
2019A,2019-04-28,32 - Ourense,PARTIDO RIOJANO - PR+,0,0,Ministerio del Interior / portal oficial de datos abiertos,PRIMARY_OFFICIAL
2019A,2019-04-28,32 - Ourense,PARTIDO SOCIALISTA DE EUSKADI-EUSKADIKO EZKERRA (PSOE) - PSE-EE (PSOE),0,0,Ministerio del Interior / portal oficial de datos abiertos,PRIMARY_OFFICIAL
2019A,2019-04-28,32 - Ourense,PARTIDO SOCIALISTA OBRERO ESPAÑOL - PSOE,0,0,Ministerio del Interior / portal oficial de datos abiertos,PRIMARY_OFFICIAL
2019A,2019-04-28,32 - Ourense,PARTIT ANIMALISTA CONTRA EL MALTRACTAMENT ANIMAL - PACMA,0,0,Ministerio del Interior / portal oficial de datos abiertos,PRIMARY_OFFICIAL
2019A,2019-04-28,32 - Ourense,PARTIT COMUNISTA DEL POBLE DE CATALUNYA - PCPC,0,0,Ministerio del Interior / portal oficial de datos abiertos,PRIMARY_OFFICIAL
2019A,2019-04-28,32 - Ourense,PARTIT COMUNISTA DELS POBLES D'ESPANYA - PCPE,0,0,Ministerio del Interior / portal oficial de datos abiertos,PRIMARY_OFFICIAL
2019A,2019-04-28,32 - Ourense,PARTIT COMUNISTA DELS TREBALLADORS DE CATALUNYA - PCTC,0,0,Ministerio del Interior / portal oficial de datos abiertos,PRIMARY_OFFICIAL
2019A,2019-04-28,32 - Ourense,PARTIT DELS SOCIALISTES DE CATALUNYA (PSC-PSOE) - PSC,0,0,Ministerio del Interior / portal oficial de datos abiertos,PRIMARY_OFFICIAL
2019A,2019-04-28,32 - Ourense,PARTIT POPULAR-PARTIDO POPULAR - PP,0,0,Ministerio del Interior / portal oficial de datos abiertos,PRIMARY_OFFICIAL
2019A,2019-04-28,32 - Ourense,PARTIT SOCIALISTA OBRER ESPANYOL - PSOE,0,0,Ministerio del Interior / portal oficial de datos abiertos,PRIMARY_OFFICIAL
2019A,2019-04-28,32 - Ourense,PER UN MÓN MÉS JUST - PUM+J,0,0,Ministerio del Interior / portal oficial de datos abiertos,PRIMARY_OFFICIAL
2019A,2019-04-28,32 - Ourense,PLATAFORMA DEL PUEBLO SORIANO - PPSO,0,0,Ministerio del Interior / portal oficial de datos abiertos,PRIMARY_OFFICIAL
2019A,2019-04-28,32 - Ourense,POBLE LLIURE - SOM ALTERNATIVA - PIRATES DE CATALU - FRONT REPUB,0,0,Ministerio del Interior / portal oficial de datos abiertos,PRIMARY_OFFICIAL
2019A,2019-04-28,32 - Ourense,POR UN MUNDO MÁS JUSTO (BIDEZKO MUNDURANTZ) - PUM+J,0,0,Ministerio del Interior / portal oficial de datos abiertos,PRIMARY_OFFICIAL
2019A,2019-04-28,32 - Ourense,POR UN MUNDO MÁS JUSTO - PUM+J,213,0,Ministerio del Interior / portal oficial de datos abiertos,PRIMARY_OFFICIAL
2019A,2019-04-28,32 - Ourense,PUYALON - PYLN,0,0,Ministerio del Interior / portal oficial de datos abiertos,PRIMARY_OFFICIAL
2019A,2019-04-28,32 - Ourense,RECORTES CERO-GRUPO VERDE - RECORTES CERO-GV,202,0,Ministerio del Interior / portal oficial de datos abiertos,PRIMARY_OFFICIAL
2019A,2019-04-28,32 - Ourense,RECORTES CERO-GRUPO VERDE-PARTIDO CASTELLANO-TIERRA COMUNERA - RECORTES CERO-GV-PCAS-TC,0,0,Ministerio del Interior / portal oficial de datos abiertos,PRIMARY_OFFICIAL
2019A,2019-04-28,32 - Ourense,SOM VALENCIANS EN MOVIMENT - UIG-SOM-CUIDES,0,0,Ministerio del Interior / portal oficial de datos abiertos,PRIMARY_OFFICIAL
2019A,2019-04-28,32 - Ourense,SOMOS REGIÓN - SOMOS REGIÓ,0,0,Ministerio del Interior / portal oficial de datos abiertos,PRIMARY_OFFICIAL
2019A,2019-04-28,32 - Ourense,UNIDAS PODEMOS - PODEMOS-EUPV,0,0,Ministerio del Interior / portal oficial de datos abiertos,PRIMARY_OFFICIAL
2019A,2019-04-28,32 - Ourense,UNIDAS PODEMOS - PODEMOS-IU LV CA-EQUO,0,0,Ministerio del Interior / portal oficial de datos abiertos,PRIMARY_OFFICIAL
2019A,2019-04-28,32 - Ourense,UNIDAS PODEMOS - PODEMOS-IU-EQUO,0,0,Ministerio del Interior / portal oficial de datos abiertos,PRIMARY_OFFICIAL
2019A,2019-04-28,32 - Ourense,UNIDAS PODEMOS - PODEMOS-IU-EQUO-BATZARRE,0,0,Ministerio del Interior / portal oficial de datos abiertos,PRIMARY_OFFICIAL
2019A,2019-04-28,32 - Ourense,UNIDAS PODEMOS-ALTOARAGÓN EN COMÚN - PODEMOS-IU-,0,0,Ministerio del Interior / portal oficial de datos abiertos,PRIMARY_OFFICIAL
2019A,2019-04-28,32 - Ourense,UNIDAS PODEMOS-UNIDES PODEM - PODEMOS-EUIB,0,0,Ministerio del Interior / portal oficial de datos abiertos,PRIMARY_OFFICIAL
2019A,2019-04-28,32 - Ourense,UNIDAS PODEMOS-XUNIES PODEMOS - PODEMOS-IX-EQUO,0,0,Ministerio del Interior / portal oficial de datos abiertos,PRIMARY_OFFICIAL
2019A,2019-04-28,32 - Ourense,UNIÓN DE TODOS - UDT,0,0,Ministerio del Interior / portal oficial de datos abiertos,PRIMARY_OFFICIAL
2019A,2019-04-28,32 - Ourense,UNIÓN REGIONALISTA DE CASTILLA Y LEÓN - UNIÓN REGIO,0,0,Ministerio del Interior / portal oficial de datos abiertos,PRIMARY_OFFICIAL
2019A,2019-04-28,32 - Ourense,VIVIR OURENSE - VOU,335,0,Ministerio del Interior / portal oficial de datos abiertos,PRIMARY_OFFICIAL
2019A,2019-04-28,32 - Ourense,VOX - VOX,9984,0,Ministerio del Interior / portal oficial de datos abiertos,PRIMARY_OFFICIAL
2019A,2019-04-28,32 - Ourense,Veus PROGRESSISTES - ARA-MES-ESQUERRA,0,0,Ministerio del Interior / portal oficial de datos abiertos,PRIMARY_OFFICIAL
2019A,2019-04-28,33 - Asturias,ACTÚA - PACT,4554,0,Ministerio del Interior / portal oficial de datos abiertos,PRIMARY_OFFICIAL
2019A,2019-04-28,33 - Asturias,AHORA CANARIAS: Alternativa Nacionalista Canaria ANC y Unidad del Pueblo - AHORA CANARIAS,0,0,Ministerio del Interior / portal oficial de datos abiertos,PRIMARY_OFFICIAL
2019A,2019-04-28,33 - Asturias,ANDALUCÍA POR SÍ - AxSI,0,0,Ministerio del Interior / portal oficial de datos abiertos,PRIMARY_OFFICIAL
2019A,2019-04-28,33 - Asturias,ANDECHA ASTUR - ANDECHA ASTUR,932,0,Ministerio del Interior / portal oficial de datos abiertos,PRIMARY_OFFICIAL
2019A,2019-04-28,33 - Asturias,AVANT ADELANTE LOS VERDES - AVANT ADELANTE LOS VERDES,0,0,Ministerio del Interior / portal oficial de datos abiertos,PRIMARY_OFFICIAL
2019A,2019-04-28,33 - Asturias,BLOQUE NACIONALISTA GALEGO - BNG,0,0,Ministerio del Interior / portal oficial de datos abiertos,PRIMARY_OFFICIAL
2019A,2019-04-28,33 - Asturias,CENTRADOS - centrados,0,0,Ministerio del Interior / portal oficial de datos abiertos,PRIMARY_OFFICIAL
2019A,2019-04-28,33 - Asturias,CIUDADANOS INDEPENDIENTES DE LINARES UNIDOS - CILU-LINARES,0,0,Ministerio del Interior / portal oficial de datos abiertos,PRIMARY_OFFICIAL
2019A,2019-04-28,33 - Asturias,CIUDADANOS-PARTIDO DE LA CIUDADANÍA - Cs,104688,1,Ministerio del Interior / portal oficial de datos abiertos,PRIMARY_OFFICIAL
2019A,2019-04-28,33 - Asturias,CIUTADANS-PARTIDO DE LA CIUDADANÍA - Cs,0,0,Ministerio del Interior / portal oficial de datos abiertos,PRIMARY_OFFICIAL
2019A,2019-04-28,33 - Asturias,COALICION CANARIA-PARTIDO NACIONALISTA CANARIO - CCa-PNC,0,0,Ministerio del Interior / portal oficial de datos abiertos,PRIMARY_OFFICIAL
2019A,2019-04-28,33 - Asturias,COALICION POR MELILLA - CpM,0,0,Ministerio del Interior / portal oficial de datos abiertos,PRIMARY_OFFICIAL
2019A,2019-04-28,33 - Asturias,COMPROMISO POR GALICIA - CxG,0,0,Ministerio del Interior / portal oficial de datos abiertos,PRIMARY_OFFICIAL
2019A,2019-04-28,33 - Asturias,COMPROMÍS: BLOC-INICIATIVA-VERDSEQUO - COMPROMÍS 2,0,0,Ministerio del Interior / portal oficial de datos abiertos,PRIMARY_OFFICIAL
2019A,2019-04-28,33 - Asturias,CONVERGENTS - CNV,0,0,Ministerio del Interior / portal oficial de datos abiertos,PRIMARY_OFFICIAL
2019A,2019-04-28,33 - Asturias,CONVERXENCIA 21 - C 21,0,0,Ministerio del Interior / portal oficial de datos abiertos,PRIMARY_OFFICIAL
2019A,2019-04-28,33 - Asturias,DEFENSA DE LO PÚBLICO - DP,0,0,Ministerio del Interior / portal oficial de datos abiertos,PRIMARY_OFFICIAL
2019A,2019-04-28,33 - Asturias,DEMOCRACIA PLURAL - DPL,0,0,Ministerio del Interior / portal oficial de datos abiertos,PRIMARY_OFFICIAL
2019A,2019-04-28,33 - Asturias,EL PI - PROPOSTA PER LES ILLES BALEARS - EL PI,0,0,Ministerio del Interior / portal oficial de datos abiertos,PRIMARY_OFFICIAL
2019A,2019-04-28,33 - Asturias,ELKARREKIN PODEMOS-UNIDAS PODEMOS - PODEMOS-IU-EQUO BERDEAK,0,0,Ministerio del Interior / portal oficial de datos abiertos,PRIMARY_OFFICIAL
2019A,2019-04-28,33 - Asturias,EN COMÚ PODEM - GUANYEM EL CANVI - ECP-GUANYEM,0,0,Ministerio del Interior / portal oficial de datos abiertos,PRIMARY_OFFICIAL
2019A,2019-04-28,33 - Asturias,EN COMÚN-UNIDAS PODEMOS - PODEMOS-EU-,0,0,Ministerio del Interior / portal oficial de datos abiertos,PRIMARY_OFFICIAL
2019A,2019-04-28,33 - Asturias,EN MAREA - EN MAREA,0,0,Ministerio del Interior / portal oficial de datos abiertos,PRIMARY_OFFICIAL
2019A,2019-04-28,33 - Asturias,ESCANOS EN BRANCO - EB,0,0,Ministerio del Interior / portal oficial de datos abiertos,PRIMARY_OFFICIAL
2019A,2019-04-28,33 - Asturias,ESCAÑOS EN BLANCO - EB,0,0,Ministerio del Interior / portal oficial de datos abiertos,PRIMARY_OFFICIAL
2019A,2019-04-28,33 - Asturias,ESCAÑOS EN BLANCO-AULKI ZURIAK - EB,0,0,Ministerio del Interior / portal oficial de datos abiertos,PRIMARY_OFFICIAL
2019A,2019-04-28,33 - Asturias,ESQUERRA REPUBLICANA DE CATALUNYA-SOBIRANISTES - ERC-SOBIRANISTES,0,0,Ministerio del Interior / portal oficial de datos abiertos,PRIMARY_OFFICIAL
2019A,2019-04-28,33 - Asturias,ESQUERRA REPUBLICANA DEL PAÍS VALENCIÀ - ERPV,0,0,Ministerio del Interior / portal oficial de datos abiertos,PRIMARY_OFFICIAL
2019A,2019-04-28,33 - Asturias,EUSKADIKO LANGILEEN ALDERDI KOMUNISTA/PARTIDO COMUNISTA DE LOS TRABAJADORES DE EUSKADI - ELAK/PCTE,0,0,Ministerio del Interior / portal oficial de datos abiertos,PRIMARY_OFFICIAL
2019A,2019-04-28,33 - Asturias,EUSKAL HERRIA BILDU - EH Bildu,0,0,Ministerio del Interior / portal oficial de datos abiertos,PRIMARY_OFFICIAL
2019A,2019-04-28,33 - Asturias,EUZKO ALDERDI JELTZALEA-PARTIDO NACIONALISTA VASCO - EAJ-PNV,0,0,Ministerio del Interior / portal oficial de datos abiertos,PRIMARY_OFFICIAL
2019A,2019-04-28,33 - Asturias,EXTREMEÑOS PREX CREX - C.Ex-C.R.Ex,0,0,Ministerio del Interior / portal oficial de datos abiertos,PRIMARY_OFFICIAL
2019A,2019-04-28,33 - Asturias,FALANGE ESPAÑOLA DE LAS JONS - FE de las J,0,0,Ministerio del Interior / portal oficial de datos abiertos,PRIMARY_OFFICIAL
2019A,2019-04-28,33 - Asturias,FEDERACION DE LOS INDEPENDIENTES DE ARAGON - FIA,0,0,Ministerio del Interior / portal oficial de datos abiertos,PRIMARY_OFFICIAL
2019A,2019-04-28,33 - Asturias,FEMINISM8 - F8,0,0,Ministerio del Interior / portal oficial de datos abiertos,PRIMARY_OFFICIAL
2019A,2019-04-28,33 - Asturias,GEROA BAI - GBAI,0,0,Ministerio del Interior / portal oficial de datos abiertos,PRIMARY_OFFICIAL
2019A,2019-04-28,33 - Asturias,IZQUIERDA ANTICAPITALISTA REVOLUCIONARIA - IZAR,0,0,Ministerio del Interior / portal oficial de datos abiertos,PRIMARY_OFFICIAL
2019A,2019-04-28,33 - Asturias,IZQUIERDA EN POSITIVO - IZQP,0,0,Ministerio del Interior / portal oficial de datos abiertos,PRIMARY_OFFICIAL
2019A,2019-04-28,33 - Asturias,JUNTS PER CATALUNYA-JUNTS - JxCAT-JUNTS,0,0,Ministerio del Interior / portal oficial de datos abiertos,PRIMARY_OFFICIAL
2019A,2019-04-28,33 - Asturias,LOS VERDES ECOPACIFISTAS ADELANTE - AVANT-LOS VERDES,0,0,Ministerio del Interior / portal oficial de datos abiertos,PRIMARY_OFFICIAL
2019A,2019-04-28,33 - Asturias,MUERTE AL SISTEMA - +MAS+,0,0,Ministerio del Interior / portal oficial de datos abiertos,PRIMARY_OFFICIAL
2019A,2019-04-28,33 - Asturias,NAVARRA SUMA - NA+,0,0,Ministerio del Interior / portal oficial de datos abiertos,PRIMARY_OFFICIAL
2019A,2019-04-28,33 - Asturias,NUEVA CANARIAS - NCa,0,0,Ministerio del Interior / portal oficial de datos abiertos,PRIMARY_OFFICIAL
2019A,2019-04-28,33 - Asturias,PARTIDO ANIMALISTA CONTRA EL MALTRATO ANIMAL - PACMA,6670,0,Ministerio del Interior / portal oficial de datos abiertos,PRIMARY_OFFICIAL
2019A,2019-04-28,33 - Asturias,PARTIDO COMUNISTA DE LOS PUEBLOS DE ESPAÑA - PCPE,0,0,Ministerio del Interior / portal oficial de datos abiertos,PRIMARY_OFFICIAL
2019A,2019-04-28,33 - Asturias,PARTIDO COMUNISTA DE LOS TRABAJADORES DE ESPAÑA - PCTE,1359,0,Ministerio del Interior / portal oficial de datos abiertos,PRIMARY_OFFICIAL
2019A,2019-04-28,33 - Asturias,PARTIDO COMUNISTA DE LOS TRABAJADORES DE EUSKADI/EUSKADIKO LANGILEEN ALDERDI KOMUNISTA - PCTE/ELAK,0,0,Ministerio del Interior / portal oficial de datos abiertos,PRIMARY_OFFICIAL
2019A,2019-04-28,33 - Asturias,PARTIDO COMUNISTA DEL PUEBLO ANDALUZ - PCPA,0,0,Ministerio del Interior / portal oficial de datos abiertos,PRIMARY_OFFICIAL
2019A,2019-04-28,33 - Asturias,PARTIDO COMUNISTA DEL PUEBLO CANARIO - PCPC,0,0,Ministerio del Interior / portal oficial de datos abiertos,PRIMARY_OFFICIAL
2019A,2019-04-28,33 - Asturias,PARTIDO COMUNISTA DOS TRABALLADORES DE GALIZA - PCTG,0,0,Ministerio del Interior / portal oficial de datos abiertos,PRIMARY_OFFICIAL
2019A,2019-04-28,33 - Asturias,PARTIDO COMUNISTA OBRERO ESPAÑOL - PCOE,0,0,Ministerio del Interior / portal oficial de datos abiertos,PRIMARY_OFFICIAL
2019A,2019-04-28,33 - Asturias,PARTIDO DE ACCIÓN SOLIDARIA EUROPEA - SOLIDARIA,0,0,Ministerio del Interior / portal oficial de datos abiertos,PRIMARY_OFFICIAL
2019A,2019-04-28,33 - Asturias,"PARTIDO DE JUBILADOS POR EL FUTURO. DIGNIDAD Y DEMOCRACIA - ""JF""",0,0,Ministerio del Interior / portal oficial de datos abiertos,PRIMARY_OFFICIAL
2019A,2019-04-28,33 - Asturias,PARTIDO DEMÓCRATA SOCIAL JUBILADOS EUROPEOS - UNID - PDSJE-UDEC,0,0,Ministerio del Interior / portal oficial de datos abiertos,PRIMARY_OFFICIAL
2019A,2019-04-28,33 - Asturias,PARTIDO DOS SOCIALISTAS DE GALICIA-PARTIDO SOCIALI - PSdeG-PSOE,0,0,Ministerio del Interior / portal oficial de datos abiertos,PRIMARY_OFFICIAL
2019A,2019-04-28,33 - Asturias,PARTIDO HUMANISTA - PH,480,0,Ministerio del Interior / portal oficial de datos abiertos,PRIMARY_OFFICIAL
2019A,2019-04-28,33 - Asturias,PARTIDO LIBERTARIO - P-LIB,0,0,Ministerio del Interior / portal oficial de datos abiertos,PRIMARY_OFFICIAL
2019A,2019-04-28,33 - Asturias,PARTIDO POPULAR - FORO - PP-FORO,112180,1,Ministerio del Interior / portal oficial de datos abiertos,PRIMARY_OFFICIAL
2019A,2019-04-28,33 - Asturias,PARTIDO POPULAR - PP,0,0,Ministerio del Interior / portal oficial de datos abiertos,PRIMARY_OFFICIAL
2019A,2019-04-28,33 - Asturias,PARTIDO POPULAR/PARTIT POPULAR - PP,0,0,Ministerio del Interior / portal oficial de datos abiertos,PRIMARY_OFFICIAL
2019A,2019-04-28,33 - Asturias,PARTIDO REGIONALISTA DE CANTABRIA - PRC,0,0,Ministerio del Interior / portal oficial de datos abiertos,PRIMARY_OFFICIAL
2019A,2019-04-28,33 - Asturias,PARTIDO REGIONALISTA DEL PAIS LEONES - PREPAL,0,0,Ministerio del Interior / portal oficial de datos abiertos,PRIMARY_OFFICIAL
2019A,2019-04-28,33 - Asturias,PARTIDO REPUBLICANO INDEPENDIENTE SOLIDARIO ANDALUZ - RISA,0,0,Ministerio del Interior / portal oficial de datos abiertos,PRIMARY_OFFICIAL
2019A,2019-04-28,33 - Asturias,PARTIDO RIOJANO - PR+,0,0,Ministerio del Interior / portal oficial de datos abiertos,PRIMARY_OFFICIAL
2019A,2019-04-28,33 - Asturias,PARTIDO SOCIALISTA DE EUSKADI-EUSKADIKO EZKERRA (PSOE) - PSE-EE (PSOE),0,0,Ministerio del Interior / portal oficial de datos abiertos,PRIMARY_OFFICIAL
2019A,2019-04-28,33 - Asturias,PARTIDO SOCIALISTA OBRERO ESPAÑOL - PSOE,207586,3,Ministerio del Interior / portal oficial de datos abiertos,PRIMARY_OFFICIAL
2019A,2019-04-28,33 - Asturias,PARTIT ANIMALISTA CONTRA EL MALTRACTAMENT ANIMAL - PACMA,0,0,Ministerio del Interior / portal oficial de datos abiertos,PRIMARY_OFFICIAL
2019A,2019-04-28,33 - Asturias,PARTIT COMUNISTA DEL POBLE DE CATALUNYA - PCPC,0,0,Ministerio del Interior / portal oficial de datos abiertos,PRIMARY_OFFICIAL
2019A,2019-04-28,33 - Asturias,PARTIT COMUNISTA DELS POBLES D'ESPANYA - PCPE,0,0,Ministerio del Interior / portal oficial de datos abiertos,PRIMARY_OFFICIAL
2019A,2019-04-28,33 - Asturias,PARTIT COMUNISTA DELS TREBALLADORS DE CATALUNYA - PCTC,0,0,Ministerio del Interior / portal oficial de datos abiertos,PRIMARY_OFFICIAL
2019A,2019-04-28,33 - Asturias,PARTIT DELS SOCIALISTES DE CATALUNYA (PSC-PSOE) - PSC,0,0,Ministerio del Interior / portal oficial de datos abiertos,PRIMARY_OFFICIAL
2019A,2019-04-28,33 - Asturias,PARTIT POPULAR-PARTIDO POPULAR - PP,0,0,Ministerio del Interior / portal oficial de datos abiertos,PRIMARY_OFFICIAL
2019A,2019-04-28,33 - Asturias,PARTIT SOCIALISTA OBRER ESPANYOL - PSOE,0,0,Ministerio del Interior / portal oficial de datos abiertos,PRIMARY_OFFICIAL
2019A,2019-04-28,33 - Asturias,PER UN MÓN MÉS JUST - PUM+J,0,0,Ministerio del Interior / portal oficial de datos abiertos,PRIMARY_OFFICIAL
2019A,2019-04-28,33 - Asturias,PLATAFORMA DEL PUEBLO SORIANO - PPSO,0,0,Ministerio del Interior / portal oficial de datos abiertos,PRIMARY_OFFICIAL
2019A,2019-04-28,33 - Asturias,POBLE LLIURE - SOM ALTERNATIVA - PIRATES DE CATALU - FRONT REPUB,0,0,Ministerio del Interior / portal oficial de datos abiertos,PRIMARY_OFFICIAL
2019A,2019-04-28,33 - Asturias,POR UN MUNDO MÁS JUSTO (BIDEZKO MUNDURANTZ) - PUM+J,0,0,Ministerio del Interior / portal oficial de datos abiertos,PRIMARY_OFFICIAL
2019A,2019-04-28,33 - Asturias,POR UN MUNDO MÁS JUSTO - PUM+J,777,0,Ministerio del Interior / portal oficial de datos abiertos,PRIMARY_OFFICIAL
2019A,2019-04-28,33 - Asturias,PUYALON - PYLN,0,0,Ministerio del Interior / portal oficial de datos abiertos,PRIMARY_OFFICIAL
2019A,2019-04-28,33 - Asturias,RECORTES CERO-GRUPO VERDE - RECORTES CERO-GV,1133,0,Ministerio del Interior / portal oficial de datos abiertos,PRIMARY_OFFICIAL
2019A,2019-04-28,33 - Asturias,RECORTES CERO-GRUPO VERDE-PARTIDO CASTELLANO-TIERRA COMUNERA - RECORTES CERO-GV-PCAS-TC,0,0,Ministerio del Interior / portal oficial de datos abiertos,PRIMARY_OFFICIAL
2019A,2019-04-28,33 - Asturias,SOM VALENCIANS EN MOVIMENT - UIG-SOM-CUIDES,0,0,Ministerio del Interior / portal oficial de datos abiertos,PRIMARY_OFFICIAL
2019A,2019-04-28,33 - Asturias,SOMOS REGIÓN - SOMOS REGIÓ,0,0,Ministerio del Interior / portal oficial de datos abiertos,PRIMARY_OFFICIAL
2019A,2019-04-28,33 - Asturias,UNIDAS PODEMOS - PODEMOS-EUPV,0,0,Ministerio del Interior / portal oficial de datos abiertos,PRIMARY_OFFICIAL
2019A,2019-04-28,33 - Asturias,UNIDAS PODEMOS - PODEMOS-IU LV CA-EQUO,0,0,Ministerio del Interior / portal oficial de datos abiertos,PRIMARY_OFFICIAL
2019A,2019-04-28,33 - Asturias,UNIDAS PODEMOS - PODEMOS-IU-EQUO,0,0,Ministerio del Interior / portal oficial de datos abiertos,PRIMARY_OFFICIAL
2019A,2019-04-28,33 - Asturias,UNIDAS PODEMOS - PODEMOS-IU-EQUO-BATZARRE,0,0,Ministerio del Interior / portal oficial de datos abiertos,PRIMARY_OFFICIAL
2019A,2019-04-28,33 - Asturias,UNIDAS PODEMOS-ALTOARAGÓN EN COMÚN - PODEMOS-IU-,0,0,Ministerio del Interior / portal oficial de datos abiertos,PRIMARY_OFFICIAL
2019A,2019-04-28,33 - Asturias,UNIDAS PODEMOS-UNIDES PODEM - PODEMOS-EUIB,0,0,Ministerio del Interior / portal oficial de datos abiertos,PRIMARY_OFFICIAL
2019A,2019-04-28,33 - Asturias,UNIDAS PODEMOS-XUNIES PODEMOS - PODEMOS-IX-EQUO,107426,1,Ministerio del Interior / portal oficial de datos abiertos,PRIMARY_OFFICIAL
2019A,2019-04-28,33 - Asturias,UNIÓN DE TODOS - UDT,0,0,Ministerio del Interior / portal oficial de datos abiertos,PRIMARY_OFFICIAL
2019A,2019-04-28,33 - Asturias,UNIÓN REGIONALISTA DE CASTILLA Y LEÓN - UNIÓN REGIO,0,0,Ministerio del Interior / portal oficial de datos abiertos,PRIMARY_OFFICIAL
2019A,2019-04-28,33 - Asturias,VIVIR OURENSE - VOU,0,0,Ministerio del Interior / portal oficial de datos abiertos,PRIMARY_OFFICIAL
2019A,2019-04-28,33 - Asturias,VOX - VOX,72018,1,Ministerio del Interior / portal oficial de datos abiertos,PRIMARY_OFFICIAL
2019A,2019-04-28,33 - Asturias,Veus PROGRESSISTES - ARA-MES-ESQUERRA,0,0,Ministerio del Interior / portal oficial de datos abiertos,PRIMARY_OFFICIAL
2019A,2019-04-28,34 - Palencia,ACTÚA - PACT,0,0,Ministerio del Interior / portal oficial de datos abiertos,PRIMARY_OFFICIAL
2019A,2019-04-28,34 - Palencia,AHORA CANARIAS: Alternativa Nacionalista Canaria ANC y Unidad del Pueblo - AHORA CANARIAS,0,0,Ministerio del Interior / portal oficial de datos abiertos,PRIMARY_OFFICIAL
2019A,2019-04-28,34 - Palencia,ANDALUCÍA POR SÍ - AxSI,0,0,Ministerio del Interior / portal oficial de datos abiertos,PRIMARY_OFFICIAL
2019A,2019-04-28,34 - Palencia,ANDECHA ASTUR - ANDECHA ASTUR,0,0,Ministerio del Interior / portal oficial de datos abiertos,PRIMARY_OFFICIAL
2019A,2019-04-28,34 - Palencia,AVANT ADELANTE LOS VERDES - AVANT ADELANTE LOS VERDES,0,0,Ministerio del Interior / portal oficial de datos abiertos,PRIMARY_OFFICIAL
2019A,2019-04-28,34 - Palencia,BLOQUE NACIONALISTA GALEGO - BNG,0,0,Ministerio del Interior / portal oficial de datos abiertos,PRIMARY_OFFICIAL
2019A,2019-04-28,34 - Palencia,CENTRADOS - centrados,0,0,Ministerio del Interior / portal oficial de datos abiertos,PRIMARY_OFFICIAL
2019A,2019-04-28,34 - Palencia,CIUDADANOS INDEPENDIENTES DE LINARES UNIDOS - CILU-LINARES,0,0,Ministerio del Interior / portal oficial de datos abiertos,PRIMARY_OFFICIAL
2019A,2019-04-28,34 - Palencia,CIUDADANOS-PARTIDO DE LA CIUDADANÍA - Cs,16843,1,Ministerio del Interior / portal oficial de datos abiertos,PRIMARY_OFFICIAL
2019A,2019-04-28,34 - Palencia,CIUTADANS-PARTIDO DE LA CIUDADANÍA - Cs,0,0,Ministerio del Interior / portal oficial de datos abiertos,PRIMARY_OFFICIAL
2019A,2019-04-28,34 - Palencia,COALICION CANARIA-PARTIDO NACIONALISTA CANARIO - CCa-PNC,0,0,Ministerio del Interior / portal oficial de datos abiertos,PRIMARY_OFFICIAL
2019A,2019-04-28,34 - Palencia,COALICION POR MELILLA - CpM,0,0,Ministerio del Interior / portal oficial de datos abiertos,PRIMARY_OFFICIAL
2019A,2019-04-28,34 - Palencia,COMPROMISO POR GALICIA - CxG,0,0,Ministerio del Interior / portal oficial de datos abiertos,PRIMARY_OFFICIAL
2019A,2019-04-28,34 - Palencia,COMPROMÍS: BLOC-INICIATIVA-VERDSEQUO - COMPROMÍS 2,0,0,Ministerio del Interior / portal oficial de datos abiertos,PRIMARY_OFFICIAL
2019A,2019-04-28,34 - Palencia,CONVERGENTS - CNV,0,0,Ministerio del Interior / portal oficial de datos abiertos,PRIMARY_OFFICIAL
2019A,2019-04-28,34 - Palencia,CONVERXENCIA 21 - C 21,0,0,Ministerio del Interior / portal oficial de datos abiertos,PRIMARY_OFFICIAL
2019A,2019-04-28,34 - Palencia,DEFENSA DE LO PÚBLICO - DP,0,0,Ministerio del Interior / portal oficial de datos abiertos,PRIMARY_OFFICIAL
2019A,2019-04-28,34 - Palencia,DEMOCRACIA PLURAL - DPL,0,0,Ministerio del Interior / portal oficial de datos abiertos,PRIMARY_OFFICIAL
2019A,2019-04-28,34 - Palencia,EL PI - PROPOSTA PER LES ILLES BALEARS - EL PI,0,0,Ministerio del Interior / portal oficial de datos abiertos,PRIMARY_OFFICIAL
2019A,2019-04-28,34 - Palencia,ELKARREKIN PODEMOS-UNIDAS PODEMOS - PODEMOS-IU-EQUO BERDEAK,0,0,Ministerio del Interior / portal oficial de datos abiertos,PRIMARY_OFFICIAL
2019A,2019-04-28,34 - Palencia,EN COMÚ PODEM - GUANYEM EL CANVI - ECP-GUANYEM,0,0,Ministerio del Interior / portal oficial de datos abiertos,PRIMARY_OFFICIAL
2019A,2019-04-28,34 - Palencia,EN COMÚN-UNIDAS PODEMOS - PODEMOS-EU-,0,0,Ministerio del Interior / portal oficial de datos abiertos,PRIMARY_OFFICIAL
2019A,2019-04-28,34 - Palencia,EN MAREA - EN MAREA,0,0,Ministerio del Interior / portal oficial de datos abiertos,PRIMARY_OFFICIAL
2019A,2019-04-28,34 - Palencia,ESCANOS EN BRANCO - EB,0,0,Ministerio del Interior / portal oficial de datos abiertos,PRIMARY_OFFICIAL
2019A,2019-04-28,34 - Palencia,ESCAÑOS EN BLANCO - EB,0,0,Ministerio del Interior / portal oficial de datos abiertos,PRIMARY_OFFICIAL
2019A,2019-04-28,34 - Palencia,ESCAÑOS EN BLANCO-AULKI ZURIAK - EB,0,0,Ministerio del Interior / portal oficial de datos abiertos,PRIMARY_OFFICIAL
2019A,2019-04-28,34 - Palencia,ESQUERRA REPUBLICANA DE CATALUNYA-SOBIRANISTES - ERC-SOBIRANISTES,0,0,Ministerio del Interior / portal oficial de datos abiertos,PRIMARY_OFFICIAL
2019A,2019-04-28,34 - Palencia,ESQUERRA REPUBLICANA DEL PAÍS VALENCIÀ - ERPV,0,0,Ministerio del Interior / portal oficial de datos abiertos,PRIMARY_OFFICIAL
2019A,2019-04-28,34 - Palencia,EUSKADIKO LANGILEEN ALDERDI KOMUNISTA/PARTIDO COMUNISTA DE LOS TRABAJADORES DE EUSKADI - ELAK/PCTE,0,0,Ministerio del Interior / portal oficial de datos abiertos,PRIMARY_OFFICIAL
2019A,2019-04-28,34 - Palencia,EUSKAL HERRIA BILDU - EH Bildu,0,0,Ministerio del Interior / portal oficial de datos abiertos,PRIMARY_OFFICIAL
2019A,2019-04-28,34 - Palencia,EUZKO ALDERDI JELTZALEA-PARTIDO NACIONALISTA VASCO - EAJ-PNV,0,0,Ministerio del Interior / portal oficial de datos abiertos,PRIMARY_OFFICIAL
2019A,2019-04-28,34 - Palencia,EXTREMEÑOS PREX CREX - C.Ex-C.R.Ex,0,0,Ministerio del Interior / portal oficial de datos abiertos,PRIMARY_OFFICIAL
2019A,2019-04-28,34 - Palencia,FALANGE ESPAÑOLA DE LAS JONS - FE de las J,99,0,Ministerio del Interior / portal oficial de datos abiertos,PRIMARY_OFFICIAL
2019A,2019-04-28,34 - Palencia,FEDERACION DE LOS INDEPENDIENTES DE ARAGON - FIA,0,0,Ministerio del Interior / portal oficial de datos abiertos,PRIMARY_OFFICIAL
2019A,2019-04-28,34 - Palencia,FEMINISM8 - F8,0,0,Ministerio del Interior / portal oficial de datos abiertos,PRIMARY_OFFICIAL
2019A,2019-04-28,34 - Palencia,GEROA BAI - GBAI,0,0,Ministerio del Interior / portal oficial de datos abiertos,PRIMARY_OFFICIAL
2019A,2019-04-28,34 - Palencia,IZQUIERDA ANTICAPITALISTA REVOLUCIONARIA - IZAR,0,0,Ministerio del Interior / portal oficial de datos abiertos,PRIMARY_OFFICIAL
2019A,2019-04-28,34 - Palencia,IZQUIERDA EN POSITIVO - IZQP,0,0,Ministerio del Interior / portal oficial de datos abiertos,PRIMARY_OFFICIAL
2019A,2019-04-28,34 - Palencia,JUNTS PER CATALUNYA-JUNTS - JxCAT-JUNTS,0,0,Ministerio del Interior / portal oficial de datos abiertos,PRIMARY_OFFICIAL
2019A,2019-04-28,34 - Palencia,LOS VERDES ECOPACIFISTAS ADELANTE - AVANT-LOS VERDES,0,0,Ministerio del Interior / portal oficial de datos abiertos,PRIMARY_OFFICIAL
2019A,2019-04-28,34 - Palencia,MUERTE AL SISTEMA - +MAS+,0,0,Ministerio del Interior / portal oficial de datos abiertos,PRIMARY_OFFICIAL
2019A,2019-04-28,34 - Palencia,NAVARRA SUMA - NA+,0,0,Ministerio del Interior / portal oficial de datos abiertos,PRIMARY_OFFICIAL
2019A,2019-04-28,34 - Palencia,NUEVA CANARIAS - NCa,0,0,Ministerio del Interior / portal oficial de datos abiertos,PRIMARY_OFFICIAL
2019A,2019-04-28,34 - Palencia,PARTIDO ANIMALISTA CONTRA EL MALTRATO ANIMAL - PACMA,799,0,Ministerio del Interior / portal oficial de datos abiertos,PRIMARY_OFFICIAL
2019A,2019-04-28,34 - Palencia,PARTIDO COMUNISTA DE LOS PUEBLOS DE ESPAÑA - PCPE,0,0,Ministerio del Interior / portal oficial de datos abiertos,PRIMARY_OFFICIAL
2019A,2019-04-28,34 - Palencia,PARTIDO COMUNISTA DE LOS TRABAJADORES DE ESPAÑA - PCTE,133,0,Ministerio del Interior / portal oficial de datos abiertos,PRIMARY_OFFICIAL
2019A,2019-04-28,34 - Palencia,PARTIDO COMUNISTA DE LOS TRABAJADORES DE EUSKADI/EUSKADIKO LANGILEEN ALDERDI KOMUNISTA - PCTE/ELAK,0,0,Ministerio del Interior / portal oficial de datos abiertos,PRIMARY_OFFICIAL
2019A,2019-04-28,34 - Palencia,PARTIDO COMUNISTA DEL PUEBLO ANDALUZ - PCPA,0,0,Ministerio del Interior / portal oficial de datos abiertos,PRIMARY_OFFICIAL
2019A,2019-04-28,34 - Palencia,PARTIDO COMUNISTA DEL PUEBLO CANARIO - PCPC,0,0,Ministerio del Interior / portal oficial de datos abiertos,PRIMARY_OFFICIAL
2019A,2019-04-28,34 - Palencia,PARTIDO COMUNISTA DOS TRABALLADORES DE GALIZA - PCTG,0,0,Ministerio del Interior / portal oficial de datos abiertos,PRIMARY_OFFICIAL
2019A,2019-04-28,34 - Palencia,PARTIDO COMUNISTA OBRERO ESPAÑOL - PCOE,0,0,Ministerio del Interior / portal oficial de datos abiertos,PRIMARY_OFFICIAL
2019A,2019-04-28,34 - Palencia,PARTIDO DE ACCIÓN SOLIDARIA EUROPEA - SOLIDARIA,0,0,Ministerio del Interior / portal oficial de datos abiertos,PRIMARY_OFFICIAL
2019A,2019-04-28,34 - Palencia,"PARTIDO DE JUBILADOS POR EL FUTURO. DIGNIDAD Y DEMOCRACIA - ""JF""",0,0,Ministerio del Interior / portal oficial de datos abiertos,PRIMARY_OFFICIAL
2019A,2019-04-28,34 - Palencia,PARTIDO DEMÓCRATA SOCIAL JUBILADOS EUROPEOS - UNID - PDSJE-UDEC,0,0,Ministerio del Interior / portal oficial de datos abiertos,PRIMARY_OFFICIAL
2019A,2019-04-28,34 - Palencia,PARTIDO DOS SOCIALISTAS DE GALICIA-PARTIDO SOCIALI - PSdeG-PSOE,0,0,Ministerio del Interior / portal oficial de datos abiertos,PRIMARY_OFFICIAL
2019A,2019-04-28,34 - Palencia,PARTIDO HUMANISTA - PH,0,0,Ministerio del Interior / portal oficial de datos abiertos,PRIMARY_OFFICIAL
2019A,2019-04-28,34 - Palencia,PARTIDO LIBERTARIO - P-LIB,0,0,Ministerio del Interior / portal oficial de datos abiertos,PRIMARY_OFFICIAL
2019A,2019-04-28,34 - Palencia,PARTIDO POPULAR - FORO - PP-FORO,0,0,Ministerio del Interior / portal oficial de datos abiertos,PRIMARY_OFFICIAL
2019A,2019-04-28,34 - Palencia,PARTIDO POPULAR - PP,31332,1,Ministerio del Interior / portal oficial de datos abiertos,PRIMARY_OFFICIAL
2019A,2019-04-28,34 - Palencia,PARTIDO POPULAR/PARTIT POPULAR - PP,0,0,Ministerio del Interior / portal oficial de datos abiertos,PRIMARY_OFFICIAL
2019A,2019-04-28,34 - Palencia,PARTIDO REGIONALISTA DE CANTABRIA - PRC,0,0,Ministerio del Interior / portal oficial de datos abiertos,PRIMARY_OFFICIAL
2019A,2019-04-28,34 - Palencia,PARTIDO REGIONALISTA DEL PAIS LEONES - PREPAL,0,0,Ministerio del Interior / portal oficial de datos abiertos,PRIMARY_OFFICIAL
2019A,2019-04-28,34 - Palencia,PARTIDO REPUBLICANO INDEPENDIENTE SOLIDARIO ANDALUZ - RISA,0,0,Ministerio del Interior / portal oficial de datos abiertos,PRIMARY_OFFICIAL
2019A,2019-04-28,34 - Palencia,PARTIDO RIOJANO - PR+,0,0,Ministerio del Interior / portal oficial de datos abiertos,PRIMARY_OFFICIAL
2019A,2019-04-28,34 - Palencia,PARTIDO SOCIALISTA DE EUSKADI-EUSKADIKO EZKERRA (PSOE) - PSE-EE (PSOE),0,0,Ministerio del Interior / portal oficial de datos abiertos,PRIMARY_OFFICIAL
2019A,2019-04-28,34 - Palencia,PARTIDO SOCIALISTA OBRERO ESPAÑOL - PSOE,33209,1,Ministerio del Interior / portal oficial de datos abiertos,PRIMARY_OFFICIAL
2019A,2019-04-28,34 - Palencia,PARTIT ANIMALISTA CONTRA EL MALTRACTAMENT ANIMAL - PACMA,0,0,Ministerio del Interior / portal oficial de datos abiertos,PRIMARY_OFFICIAL
2019A,2019-04-28,34 - Palencia,PARTIT COMUNISTA DEL POBLE DE CATALUNYA - PCPC,0,0,Ministerio del Interior / portal oficial de datos abiertos,PRIMARY_OFFICIAL
2019A,2019-04-28,34 - Palencia,PARTIT COMUNISTA DELS POBLES D'ESPANYA - PCPE,0,0,Ministerio del Interior / portal oficial de datos abiertos,PRIMARY_OFFICIAL
2019A,2019-04-28,34 - Palencia,PARTIT COMUNISTA DELS TREBALLADORS DE CATALUNYA - PCTC,0,0,Ministerio del Interior / portal oficial de datos abiertos,PRIMARY_OFFICIAL
2019A,2019-04-28,34 - Palencia,PARTIT DELS SOCIALISTES DE CATALUNYA (PSC-PSOE) - PSC,0,0,Ministerio del Interior / portal oficial de datos abiertos,PRIMARY_OFFICIAL
2019A,2019-04-28,34 - Palencia,PARTIT POPULAR-PARTIDO POPULAR - PP,0,0,Ministerio del Interior / portal oficial de datos abiertos,PRIMARY_OFFICIAL
2019A,2019-04-28,34 - Palencia,PARTIT SOCIALISTA OBRER ESPANYOL - PSOE,0,0,Ministerio del Interior / portal oficial de datos abiertos,PRIMARY_OFFICIAL
2019A,2019-04-28,34 - Palencia,PER UN MÓN MÉS JUST - PUM+J,0,0,Ministerio del Interior / portal oficial de datos abiertos,PRIMARY_OFFICIAL
2019A,2019-04-28,34 - Palencia,PLATAFORMA DEL PUEBLO SORIANO - PPSO,0,0,Ministerio del Interior / portal oficial de datos abiertos,PRIMARY_OFFICIAL
2019A,2019-04-28,34 - Palencia,POBLE LLIURE - SOM ALTERNATIVA - PIRATES DE CATALU - FRONT REPUB,0,0,Ministerio del Interior / portal oficial de datos abiertos,PRIMARY_OFFICIAL
2019A,2019-04-28,34 - Palencia,POR UN MUNDO MÁS JUSTO (BIDEZKO MUNDURANTZ) - PUM+J,0,0,Ministerio del Interior / portal oficial de datos abiertos,PRIMARY_OFFICIAL
2019A,2019-04-28,34 - Palencia,POR UN MUNDO MÁS JUSTO - PUM+J,159,0,Ministerio del Interior / portal oficial de datos abiertos,PRIMARY_OFFICIAL
2019A,2019-04-28,34 - Palencia,PUYALON - PYLN,0,0,Ministerio del Interior / portal oficial de datos abiertos,PRIMARY_OFFICIAL
2019A,2019-04-28,34 - Palencia,RECORTES CERO-GRUPO VERDE - RECORTES CERO-GV,0,0,Ministerio del Interior / portal oficial de datos abiertos,PRIMARY_OFFICIAL
2019A,2019-04-28,34 - Palencia,RECORTES CERO-GRUPO VERDE-PARTIDO CASTELLANO-TIERRA COMUNERA - RECORTES CERO-GV-PCAS-TC,265,0,Ministerio del Interior / portal oficial de datos abiertos,PRIMARY_OFFICIAL
2019A,2019-04-28,34 - Palencia,SOM VALENCIANS EN MOVIMENT - UIG-SOM-CUIDES,0,0,Ministerio del Interior / portal oficial de datos abiertos,PRIMARY_OFFICIAL
2019A,2019-04-28,34 - Palencia,SOMOS REGIÓN - SOMOS REGIÓ,0,0,Ministerio del Interior / portal oficial de datos abiertos,PRIMARY_OFFICIAL
2019A,2019-04-28,34 - Palencia,UNIDAS PODEMOS - PODEMOS-EUPV,0,0,Ministerio del Interior / portal oficial de datos abiertos,PRIMARY_OFFICIAL
2019A,2019-04-28,34 - Palencia,UNIDAS PODEMOS - PODEMOS-IU LV CA-EQUO,0,0,Ministerio del Interior / portal oficial de datos abiertos,PRIMARY_OFFICIAL
2019A,2019-04-28,34 - Palencia,UNIDAS PODEMOS - PODEMOS-IU-EQUO,9787,0,Ministerio del Interior / portal oficial de datos abiertos,PRIMARY_OFFICIAL
2019A,2019-04-28,34 - Palencia,UNIDAS PODEMOS - PODEMOS-IU-EQUO-BATZARRE,0,0,Ministerio del Interior / portal oficial de datos abiertos,PRIMARY_OFFICIAL
2019A,2019-04-28,34 - Palencia,UNIDAS PODEMOS-ALTOARAGÓN EN COMÚN - PODEMOS-IU-,0,0,Ministerio del Interior / portal oficial de datos abiertos,PRIMARY_OFFICIAL
2019A,2019-04-28,34 - Palencia,UNIDAS PODEMOS-UNIDES PODEM - PODEMOS-EUIB,0,0,Ministerio del Interior / portal oficial de datos abiertos,PRIMARY_OFFICIAL
2019A,2019-04-28,34 - Palencia,UNIDAS PODEMOS-XUNIES PODEMOS - PODEMOS-IX-EQUO,0,0,Ministerio del Interior / portal oficial de datos abiertos,PRIMARY_OFFICIAL
2019A,2019-04-28,34 - Palencia,UNIÓN DE TODOS - UDT,0,0,Ministerio del Interior / portal oficial de datos abiertos,PRIMARY_OFFICIAL
2019A,2019-04-28,34 - Palencia,UNIÓN REGIONALISTA DE CASTILLA Y LEÓN - UNIÓN REGIO,0,0,Ministerio del Interior / portal oficial de datos abiertos,PRIMARY_OFFICIAL
2019A,2019-04-28,34 - Palencia,VIVIR OURENSE - VOU,0,0,Ministerio del Interior / portal oficial de datos abiertos,PRIMARY_OFFICIAL
2019A,2019-04-28,34 - Palencia,VOX - VOX,12407,0,Ministerio del Interior / portal oficial de datos abiertos,PRIMARY_OFFICIAL
2019A,2019-04-28,34 - Palencia,Veus PROGRESSISTES - ARA-MES-ESQUERRA,0,0,Ministerio del Interior / portal oficial de datos abiertos,PRIMARY_OFFICIAL
2019A,2019-04-28,35 - Las Palmas,ACTÚA - PACT,0,0,Ministerio del Interior / portal oficial de datos abiertos,PRIMARY_OFFICIAL
2019A,2019-04-28,35 - Las Palmas,AHORA CANARIAS: Alternativa Nacionalista Canaria ANC y Unidad del Pueblo - AHORA CANARIAS,1263,0,Ministerio del Interior / portal oficial de datos abiertos,PRIMARY_OFFICIAL
2019A,2019-04-28,35 - Las Palmas,ANDALUCÍA POR SÍ - AxSI,0,0,Ministerio del Interior / portal oficial de datos abiertos,PRIMARY_OFFICIAL
2019A,2019-04-28,35 - Las Palmas,ANDECHA ASTUR - ANDECHA ASTUR,0,0,Ministerio del Interior / portal oficial de datos abiertos,PRIMARY_OFFICIAL
2019A,2019-04-28,35 - Las Palmas,AVANT ADELANTE LOS VERDES - AVANT ADELANTE LOS VERDES,0,0,Ministerio del Interior / portal oficial de datos abiertos,PRIMARY_OFFICIAL
2019A,2019-04-28,35 - Las Palmas,BLOQUE NACIONALISTA GALEGO - BNG,0,0,Ministerio del Interior / portal oficial de datos abiertos,PRIMARY_OFFICIAL
2019A,2019-04-28,35 - Las Palmas,CENTRADOS - centrados,0,0,Ministerio del Interior / portal oficial de datos abiertos,PRIMARY_OFFICIAL
2019A,2019-04-28,35 - Las Palmas,CIUDADANOS INDEPENDIENTES DE LINARES UNIDOS - CILU-LINARES,0,0,Ministerio del Interior / portal oficial de datos abiertos,PRIMARY_OFFICIAL
2019A,2019-04-28,35 - Las Palmas,CIUDADANOS-PARTIDO DE LA CIUDADANÍA - Cs,84015,1,Ministerio del Interior / portal oficial de datos abiertos,PRIMARY_OFFICIAL
2019A,2019-04-28,35 - Las Palmas,CIUTADANS-PARTIDO DE LA CIUDADANÍA - Cs,0,0,Ministerio del Interior / portal oficial de datos abiertos,PRIMARY_OFFICIAL
2019A,2019-04-28,35 - Las Palmas,COALICION CANARIA-PARTIDO NACIONALISTA CANARIO - CCa-PNC,34853,0,Ministerio del Interior / portal oficial de datos abiertos,PRIMARY_OFFICIAL
2019A,2019-04-28,35 - Las Palmas,COALICION POR MELILLA - CpM,0,0,Ministerio del Interior / portal oficial de datos abiertos,PRIMARY_OFFICIAL
2019A,2019-04-28,35 - Las Palmas,COMPROMISO POR GALICIA - CxG,0,0,Ministerio del Interior / portal oficial de datos abiertos,PRIMARY_OFFICIAL
2019A,2019-04-28,35 - Las Palmas,COMPROMÍS: BLOC-INICIATIVA-VERDSEQUO - COMPROMÍS 2,0,0,Ministerio del Interior / portal oficial de datos abiertos,PRIMARY_OFFICIAL
2019A,2019-04-28,35 - Las Palmas,CONVERGENTS - CNV,0,0,Ministerio del Interior / portal oficial de datos abiertos,PRIMARY_OFFICIAL
2019A,2019-04-28,35 - Las Palmas,CONVERXENCIA 21 - C 21,0,0,Ministerio del Interior / portal oficial de datos abiertos,PRIMARY_OFFICIAL
2019A,2019-04-28,35 - Las Palmas,DEFENSA DE LO PÚBLICO - DP,0,0,Ministerio del Interior / portal oficial de datos abiertos,PRIMARY_OFFICIAL
2019A,2019-04-28,35 - Las Palmas,DEMOCRACIA PLURAL - DPL,0,0,Ministerio del Interior / portal oficial de datos abiertos,PRIMARY_OFFICIAL
2019A,2019-04-28,35 - Las Palmas,EL PI - PROPOSTA PER LES ILLES BALEARS - EL PI,0,0,Ministerio del Interior / portal oficial de datos abiertos,PRIMARY_OFFICIAL
2019A,2019-04-28,35 - Las Palmas,ELKARREKIN PODEMOS-UNIDAS PODEMOS - PODEMOS-IU-EQUO BERDEAK,0,0,Ministerio del Interior / portal oficial de datos abiertos,PRIMARY_OFFICIAL
2019A,2019-04-28,35 - Las Palmas,EN COMÚ PODEM - GUANYEM EL CANVI - ECP-GUANYEM,0,0,Ministerio del Interior / portal oficial de datos abiertos,PRIMARY_OFFICIAL
2019A,2019-04-28,35 - Las Palmas,EN COMÚN-UNIDAS PODEMOS - PODEMOS-EU-,0,0,Ministerio del Interior / portal oficial de datos abiertos,PRIMARY_OFFICIAL
2019A,2019-04-28,35 - Las Palmas,EN MAREA - EN MAREA,0,0,Ministerio del Interior / portal oficial de datos abiertos,PRIMARY_OFFICIAL
2019A,2019-04-28,35 - Las Palmas,ESCANOS EN BRANCO - EB,0,0,Ministerio del Interior / portal oficial de datos abiertos,PRIMARY_OFFICIAL
2019A,2019-04-28,35 - Las Palmas,ESCAÑOS EN BLANCO - EB,0,0,Ministerio del Interior / portal oficial de datos abiertos,PRIMARY_OFFICIAL
2019A,2019-04-28,35 - Las Palmas,ESCAÑOS EN BLANCO-AULKI ZURIAK - EB,0,0,Ministerio del Interior / portal oficial de datos abiertos,PRIMARY_OFFICIAL
2019A,2019-04-28,35 - Las Palmas,ESQUERRA REPUBLICANA DE CATALUNYA-SOBIRANISTES - ERC-SOBIRANISTES,0,0,Ministerio del Interior / portal oficial de datos abiertos,PRIMARY_OFFICIAL
2019A,2019-04-28,35 - Las Palmas,ESQUERRA REPUBLICANA DEL PAÍS VALENCIÀ - ERPV,0,0,Ministerio del Interior / portal oficial de datos abiertos,PRIMARY_OFFICIAL
2019A,2019-04-28,35 - Las Palmas,EUSKADIKO LANGILEEN ALDERDI KOMUNISTA/PARTIDO COMUNISTA DE LOS TRABAJADORES DE EUSKADI - ELAK/PCTE,0,0,Ministerio del Interior / portal oficial de datos abiertos,PRIMARY_OFFICIAL
2019A,2019-04-28,35 - Las Palmas,EUSKAL HERRIA BILDU - EH Bildu,0,0,Ministerio del Interior / portal oficial de datos abiertos,PRIMARY_OFFICIAL
2019A,2019-04-28,35 - Las Palmas,EUZKO ALDERDI JELTZALEA-PARTIDO NACIONALISTA VASCO - EAJ-PNV,0,0,Ministerio del Interior / portal oficial de datos abiertos,PRIMARY_OFFICIAL
2019A,2019-04-28,35 - Las Palmas,EXTREMEÑOS PREX CREX - C.Ex-C.R.Ex,0,0,Ministerio del Interior / portal oficial de datos abiertos,PRIMARY_OFFICIAL
2019A,2019-04-28,35 - Las Palmas,FALANGE ESPAÑOLA DE LAS JONS - FE de las J,0,0,Ministerio del Interior / portal oficial de datos abiertos,PRIMARY_OFFICIAL
2019A,2019-04-28,35 - Las Palmas,FEDERACION DE LOS INDEPENDIENTES DE ARAGON - FIA,0,0,Ministerio del Interior / portal oficial de datos abiertos,PRIMARY_OFFICIAL
2019A,2019-04-28,35 - Las Palmas,FEMINISM8 - F8,0,0,Ministerio del Interior / portal oficial de datos abiertos,PRIMARY_OFFICIAL
2019A,2019-04-28,35 - Las Palmas,GEROA BAI - GBAI,0,0,Ministerio del Interior / portal oficial de datos abiertos,PRIMARY_OFFICIAL
2019A,2019-04-28,35 - Las Palmas,IZQUIERDA ANTICAPITALISTA REVOLUCIONARIA - IZAR,0,0,Ministerio del Interior / portal oficial de datos abiertos,PRIMARY_OFFICIAL
2019A,2019-04-28,35 - Las Palmas,IZQUIERDA EN POSITIVO - IZQP,0,0,Ministerio del Interior / portal oficial de datos abiertos,PRIMARY_OFFICIAL
2019A,2019-04-28,35 - Las Palmas,JUNTS PER CATALUNYA-JUNTS - JxCAT-JUNTS,0,0,Ministerio del Interior / portal oficial de datos abiertos,PRIMARY_OFFICIAL
2019A,2019-04-28,35 - Las Palmas,LOS VERDES ECOPACIFISTAS ADELANTE - AVANT-LOS VERDES,0,0,Ministerio del Interior / portal oficial de datos abiertos,PRIMARY_OFFICIAL
2019A,2019-04-28,35 - Las Palmas,MUERTE AL SISTEMA - +MAS+,0,0,Ministerio del Interior / portal oficial de datos abiertos,PRIMARY_OFFICIAL
2019A,2019-04-28,35 - Las Palmas,NAVARRA SUMA - NA+,0,0,Ministerio del Interior / portal oficial de datos abiertos,PRIMARY_OFFICIAL
2019A,2019-04-28,35 - Las Palmas,NUEVA CANARIAS - NCa,36225,0,Ministerio del Interior / portal oficial de datos abiertos,PRIMARY_OFFICIAL
2019A,2019-04-28,35 - Las Palmas,PARTIDO ANIMALISTA CONTRA EL MALTRATO ANIMAL - PACMA,8669,0,Ministerio del Interior / portal oficial de datos abiertos,PRIMARY_OFFICIAL
2019A,2019-04-28,35 - Las Palmas,PARTIDO COMUNISTA DE LOS PUEBLOS DE ESPAÑA - PCPE,0,0,Ministerio del Interior / portal oficial de datos abiertos,PRIMARY_OFFICIAL
2019A,2019-04-28,35 - Las Palmas,PARTIDO COMUNISTA DE LOS TRABAJADORES DE ESPAÑA - PCTE,0,0,Ministerio del Interior / portal oficial de datos abiertos,PRIMARY_OFFICIAL
2019A,2019-04-28,35 - Las Palmas,PARTIDO COMUNISTA DE LOS TRABAJADORES DE EUSKADI/EUSKADIKO LANGILEEN ALDERDI KOMUNISTA - PCTE/ELAK,0,0,Ministerio del Interior / portal oficial de datos abiertos,PRIMARY_OFFICIAL
2019A,2019-04-28,35 - Las Palmas,PARTIDO COMUNISTA DEL PUEBLO ANDALUZ - PCPA,0,0,Ministerio del Interior / portal oficial de datos abiertos,PRIMARY_OFFICIAL
2019A,2019-04-28,35 - Las Palmas,PARTIDO COMUNISTA DEL PUEBLO CANARIO - PCPC,831,0,Ministerio del Interior / portal oficial de datos abiertos,PRIMARY_OFFICIAL
2019A,2019-04-28,35 - Las Palmas,PARTIDO COMUNISTA DOS TRABALLADORES DE GALIZA - PCTG,0,0,Ministerio del Interior / portal oficial de datos abiertos,PRIMARY_OFFICIAL
2019A,2019-04-28,35 - Las Palmas,PARTIDO COMUNISTA OBRERO ESPAÑOL - PCOE,0,0,Ministerio del Interior / portal oficial de datos abiertos,PRIMARY_OFFICIAL
2019A,2019-04-28,35 - Las Palmas,PARTIDO DE ACCIÓN SOLIDARIA EUROPEA - SOLIDARIA,0,0,Ministerio del Interior / portal oficial de datos abiertos,PRIMARY_OFFICIAL
2019A,2019-04-28,35 - Las Palmas,"PARTIDO DE JUBILADOS POR EL FUTURO. DIGNIDAD Y DEMOCRACIA - ""JF""",0,0,Ministerio del Interior / portal oficial de datos abiertos,PRIMARY_OFFICIAL
2019A,2019-04-28,35 - Las Palmas,PARTIDO DEMÓCRATA SOCIAL JUBILADOS EUROPEOS - UNID - PDSJE-UDEC,0,0,Ministerio del Interior / portal oficial de datos abiertos,PRIMARY_OFFICIAL
2019A,2019-04-28,35 - Las Palmas,PARTIDO DOS SOCIALISTAS DE GALICIA-PARTIDO SOCIALI - PSdeG-PSOE,0,0,Ministerio del Interior / portal oficial de datos abiertos,PRIMARY_OFFICIAL
2019A,2019-04-28,35 - Las Palmas,PARTIDO HUMANISTA - PH,559,0,Ministerio del Interior / portal oficial de datos abiertos,PRIMARY_OFFICIAL
2019A,2019-04-28,35 - Las Palmas,PARTIDO LIBERTARIO - P-LIB,0,0,Ministerio del Interior / portal oficial de datos abiertos,PRIMARY_OFFICIAL
2019A,2019-04-28,35 - Las Palmas,PARTIDO POPULAR - FORO - PP-FORO,0,0,Ministerio del Interior / portal oficial de datos abiertos,PRIMARY_OFFICIAL
2019A,2019-04-28,35 - Las Palmas,PARTIDO POPULAR - PP,88313,2,Ministerio del Interior / portal oficial de datos abiertos,PRIMARY_OFFICIAL
2019A,2019-04-28,35 - Las Palmas,PARTIDO POPULAR/PARTIT POPULAR - PP,0,0,Ministerio del Interior / portal oficial de datos abiertos,PRIMARY_OFFICIAL
2019A,2019-04-28,35 - Las Palmas,PARTIDO REGIONALISTA DE CANTABRIA - PRC,0,0,Ministerio del Interior / portal oficial de datos abiertos,PRIMARY_OFFICIAL
2019A,2019-04-28,35 - Las Palmas,PARTIDO REGIONALISTA DEL PAIS LEONES - PREPAL,0,0,Ministerio del Interior / portal oficial de datos abiertos,PRIMARY_OFFICIAL
2019A,2019-04-28,35 - Las Palmas,PARTIDO REPUBLICANO INDEPENDIENTE SOLIDARIO ANDALUZ - RISA,0,0,Ministerio del Interior / portal oficial de datos abiertos,PRIMARY_OFFICIAL
2019A,2019-04-28,35 - Las Palmas,PARTIDO RIOJANO - PR+,0,0,Ministerio del Interior / portal oficial de datos abiertos,PRIMARY_OFFICIAL
2019A,2019-04-28,35 - Las Palmas,PARTIDO SOCIALISTA DE EUSKADI-EUSKADIKO EZKERRA (PSOE) - PSE-EE (PSOE),0,0,Ministerio del Interior / portal oficial de datos abiertos,PRIMARY_OFFICIAL
2019A,2019-04-28,35 - Las Palmas,PARTIDO SOCIALISTA OBRERO ESPAÑOL - PSOE,154342,3,Ministerio del Interior / portal oficial de datos abiertos,PRIMARY_OFFICIAL
2019A,2019-04-28,35 - Las Palmas,PARTIT ANIMALISTA CONTRA EL MALTRACTAMENT ANIMAL - PACMA,0,0,Ministerio del Interior / portal oficial de datos abiertos,PRIMARY_OFFICIAL
2019A,2019-04-28,35 - Las Palmas,PARTIT COMUNISTA DEL POBLE DE CATALUNYA - PCPC,0,0,Ministerio del Interior / portal oficial de datos abiertos,PRIMARY_OFFICIAL
2019A,2019-04-28,35 - Las Palmas,PARTIT COMUNISTA DELS POBLES D'ESPANYA - PCPE,0,0,Ministerio del Interior / portal oficial de datos abiertos,PRIMARY_OFFICIAL
2019A,2019-04-28,35 - Las Palmas,PARTIT COMUNISTA DELS TREBALLADORS DE CATALUNYA - PCTC,0,0,Ministerio del Interior / portal oficial de datos abiertos,PRIMARY_OFFICIAL
2019A,2019-04-28,35 - Las Palmas,PARTIT DELS SOCIALISTES DE CATALUNYA (PSC-PSOE) - PSC,0,0,Ministerio del Interior / portal oficial de datos abiertos,PRIMARY_OFFICIAL
2019A,2019-04-28,35 - Las Palmas,PARTIT POPULAR-PARTIDO POPULAR - PP,0,0,Ministerio del Interior / portal oficial de datos abiertos,PRIMARY_OFFICIAL
2019A,2019-04-28,35 - Las Palmas,PARTIT SOCIALISTA OBRER ESPANYOL - PSOE,0,0,Ministerio del Interior / portal oficial de datos abiertos,PRIMARY_OFFICIAL
2019A,2019-04-28,35 - Las Palmas,PER UN MÓN MÉS JUST - PUM+J,0,0,Ministerio del Interior / portal oficial de datos abiertos,PRIMARY_OFFICIAL
2019A,2019-04-28,35 - Las Palmas,PLATAFORMA DEL PUEBLO SORIANO - PPSO,0,0,Ministerio del Interior / portal oficial de datos abiertos,PRIMARY_OFFICIAL
2019A,2019-04-28,35 - Las Palmas,POBLE LLIURE - SOM ALTERNATIVA - PIRATES DE CATALU - FRONT REPUB,0,0,Ministerio del Interior / portal oficial de datos abiertos,PRIMARY_OFFICIAL
2019A,2019-04-28,35 - Las Palmas,POR UN MUNDO MÁS JUSTO (BIDEZKO MUNDURANTZ) - PUM+J,0,0,Ministerio del Interior / portal oficial de datos abiertos,PRIMARY_OFFICIAL
2019A,2019-04-28,35 - Las Palmas,POR UN MUNDO MÁS JUSTO - PUM+J,837,0,Ministerio del Interior / portal oficial de datos abiertos,PRIMARY_OFFICIAL
2019A,2019-04-28,35 - Las Palmas,PUYALON - PYLN,0,0,Ministerio del Interior / portal oficial de datos abiertos,PRIMARY_OFFICIAL
2019A,2019-04-28,35 - Las Palmas,RECORTES CERO-GRUPO VERDE - RECORTES CERO-GV,1439,0,Ministerio del Interior / portal oficial de datos abiertos,PRIMARY_OFFICIAL
2019A,2019-04-28,35 - Las Palmas,RECORTES CERO-GRUPO VERDE-PARTIDO CASTELLANO-TIERRA COMUNERA - RECORTES CERO-GV-PCAS-TC,0,0,Ministerio del Interior / portal oficial de datos abiertos,PRIMARY_OFFICIAL
2019A,2019-04-28,35 - Las Palmas,SOM VALENCIANS EN MOVIMENT - UIG-SOM-CUIDES,0,0,Ministerio del Interior / portal oficial de datos abiertos,PRIMARY_OFFICIAL
2019A,2019-04-28,35 - Las Palmas,SOMOS REGIÓN - SOMOS REGIÓ,0,0,Ministerio del Interior / portal oficial de datos abiertos,PRIMARY_OFFICIAL
2019A,2019-04-28,35 - Las Palmas,UNIDAS PODEMOS - PODEMOS-EUPV,0,0,Ministerio del Interior / portal oficial de datos abiertos,PRIMARY_OFFICIAL
2019A,2019-04-28,35 - Las Palmas,UNIDAS PODEMOS - PODEMOS-IU LV CA-EQUO,0,0,Ministerio del Interior / portal oficial de datos abiertos,PRIMARY_OFFICIAL
2019A,2019-04-28,35 - Las Palmas,UNIDAS PODEMOS - PODEMOS-IU-EQUO,91216,2,Ministerio del Interior / portal oficial de datos abiertos,PRIMARY_OFFICIAL
2019A,2019-04-28,35 - Las Palmas,UNIDAS PODEMOS - PODEMOS-IU-EQUO-BATZARRE,0,0,Ministerio del Interior / portal oficial de datos abiertos,PRIMARY_OFFICIAL
2019A,2019-04-28,35 - Las Palmas,UNIDAS PODEMOS-ALTOARAGÓN EN COMÚN - PODEMOS-IU-,0,0,Ministerio del Interior / portal oficial de datos abiertos,PRIMARY_OFFICIAL
2019A,2019-04-28,35 - Las Palmas,UNIDAS PODEMOS-UNIDES PODEM - PODEMOS-EUIB,0,0,Ministerio del Interior / portal oficial de datos abiertos,PRIMARY_OFFICIAL
2019A,2019-04-28,35 - Las Palmas,UNIDAS PODEMOS-XUNIES PODEMOS - PODEMOS-IX-EQUO,0,0,Ministerio del Interior / portal oficial de datos abiertos,PRIMARY_OFFICIAL
2019A,2019-04-28,35 - Las Palmas,UNIÓN DE TODOS - UDT,0,0,Ministerio del Interior / portal oficial de datos abiertos,PRIMARY_OFFICIAL
2019A,2019-04-28,35 - Las Palmas,UNIÓN REGIONALISTA DE CASTILLA Y LEÓN - UNIÓN REGIO,0,0,Ministerio del Interior / portal oficial de datos abiertos,PRIMARY_OFFICIAL
2019A,2019-04-28,35 - Las Palmas,VIVIR OURENSE - VOU,0,0,Ministerio del Interior / portal oficial de datos abiertos,PRIMARY_OFFICIAL
2019A,2019-04-28,35 - Las Palmas,VOX - VOX,38229,0,Ministerio del Interior / portal oficial de datos abiertos,PRIMARY_OFFICIAL
2019A,2019-04-28,35 - Las Palmas,Veus PROGRESSISTES - ARA-MES-ESQUERRA,0,0,Ministerio del Interior / portal oficial de datos abiertos,PRIMARY_OFFICIAL
2019A,2019-04-28,36 - Pontevedra,ACTÚA - PACT,0,0,Ministerio del Interior / portal oficial de datos abiertos,PRIMARY_OFFICIAL
2019A,2019-04-28,36 - Pontevedra,AHORA CANARIAS: Alternativa Nacionalista Canaria ANC y Unidad del Pueblo - AHORA CANARIAS,0,0,Ministerio del Interior / portal oficial de datos abiertos,PRIMARY_OFFICIAL
2019A,2019-04-28,36 - Pontevedra,ANDALUCÍA POR SÍ - AxSI,0,0,Ministerio del Interior / portal oficial de datos abiertos,PRIMARY_OFFICIAL
2019A,2019-04-28,36 - Pontevedra,ANDECHA ASTUR - ANDECHA ASTUR,0,0,Ministerio del Interior / portal oficial de datos abiertos,PRIMARY_OFFICIAL
2019A,2019-04-28,36 - Pontevedra,AVANT ADELANTE LOS VERDES - AVANT ADELANTE LOS VERDES,0,0,Ministerio del Interior / portal oficial de datos abiertos,PRIMARY_OFFICIAL
2019A,2019-04-28,36 - Pontevedra,BLOQUE NACIONALISTA GALEGO - BNG,32132,0,Ministerio del Interior / portal oficial de datos abiertos,PRIMARY_OFFICIAL
2019A,2019-04-28,36 - Pontevedra,CENTRADOS - centrados,0,0,Ministerio del Interior / portal oficial de datos abiertos,PRIMARY_OFFICIAL
2019A,2019-04-28,36 - Pontevedra,CIUDADANOS INDEPENDIENTES DE LINARES UNIDOS - CILU-LINARES,0,0,Ministerio del Interior / portal oficial de datos abiertos,PRIMARY_OFFICIAL
2019A,2019-04-28,36 - Pontevedra,CIUDADANOS-PARTIDO DE LA CIUDADANÍA - Cs,63867,1,Ministerio del Interior / portal oficial de datos abiertos,PRIMARY_OFFICIAL
2019A,2019-04-28,36 - Pontevedra,CIUTADANS-PARTIDO DE LA CIUDADANÍA - Cs,0,0,Ministerio del Interior / portal oficial de datos abiertos,PRIMARY_OFFICIAL
2019A,2019-04-28,36 - Pontevedra,COALICION CANARIA-PARTIDO NACIONALISTA CANARIO - CCa-PNC,0,0,Ministerio del Interior / portal oficial de datos abiertos,PRIMARY_OFFICIAL
2019A,2019-04-28,36 - Pontevedra,COALICION POR MELILLA - CpM,0,0,Ministerio del Interior / portal oficial de datos abiertos,PRIMARY_OFFICIAL
2019A,2019-04-28,36 - Pontevedra,COMPROMISO POR GALICIA - CxG,825,0,Ministerio del Interior / portal oficial de datos abiertos,PRIMARY_OFFICIAL
2019A,2019-04-28,36 - Pontevedra,COMPROMÍS: BLOC-INICIATIVA-VERDSEQUO - COMPROMÍS 2,0,0,Ministerio del Interior / portal oficial de datos abiertos,PRIMARY_OFFICIAL
2019A,2019-04-28,36 - Pontevedra,CONVERGENTS - CNV,0,0,Ministerio del Interior / portal oficial de datos abiertos,PRIMARY_OFFICIAL
2019A,2019-04-28,36 - Pontevedra,CONVERXENCIA 21 - C 21,0,0,Ministerio del Interior / portal oficial de datos abiertos,PRIMARY_OFFICIAL
2019A,2019-04-28,36 - Pontevedra,DEFENSA DE LO PÚBLICO - DP,0,0,Ministerio del Interior / portal oficial de datos abiertos,PRIMARY_OFFICIAL
2019A,2019-04-28,36 - Pontevedra,DEMOCRACIA PLURAL - DPL,0,0,Ministerio del Interior / portal oficial de datos abiertos,PRIMARY_OFFICIAL
2019A,2019-04-28,36 - Pontevedra,EL PI - PROPOSTA PER LES ILLES BALEARS - EL PI,0,0,Ministerio del Interior / portal oficial de datos abiertos,PRIMARY_OFFICIAL
2019A,2019-04-28,36 - Pontevedra,ELKARREKIN PODEMOS-UNIDAS PODEMOS - PODEMOS-IU-EQUO BERDEAK,0,0,Ministerio del Interior / portal oficial de datos abiertos,PRIMARY_OFFICIAL
2019A,2019-04-28,36 - Pontevedra,EN COMÚ PODEM - GUANYEM EL CANVI - ECP-GUANYEM,0,0,Ministerio del Interior / portal oficial de datos abiertos,PRIMARY_OFFICIAL
2019A,2019-04-28,36 - Pontevedra,EN COMÚN-UNIDAS PODEMOS - PODEMOS-EU-,100547,1,Ministerio del Interior / portal oficial de datos abiertos,PRIMARY_OFFICIAL
2019A,2019-04-28,36 - Pontevedra,EN MAREA - EN MAREA,6705,0,Ministerio del Interior / portal oficial de datos abiertos,PRIMARY_OFFICIAL
2019A,2019-04-28,36 - Pontevedra,ESCANOS EN BRANCO - EB,886,0,Ministerio del Interior / portal oficial de datos abiertos,PRIMARY_OFFICIAL
2019A,2019-04-28,36 - Pontevedra,ESCAÑOS EN BLANCO - EB,0,0,Ministerio del Interior / portal oficial de datos abiertos,PRIMARY_OFFICIAL
2019A,2019-04-28,36 - Pontevedra,ESCAÑOS EN BLANCO-AULKI ZURIAK - EB,0,0,Ministerio del Interior / portal oficial de datos abiertos,PRIMARY_OFFICIAL
2019A,2019-04-28,36 - Pontevedra,ESQUERRA REPUBLICANA DE CATALUNYA-SOBIRANISTES - ERC-SOBIRANISTES,0,0,Ministerio del Interior / portal oficial de datos abiertos,PRIMARY_OFFICIAL
2019A,2019-04-28,36 - Pontevedra,ESQUERRA REPUBLICANA DEL PAÍS VALENCIÀ - ERPV,0,0,Ministerio del Interior / portal oficial de datos abiertos,PRIMARY_OFFICIAL
2019A,2019-04-28,36 - Pontevedra,EUSKADIKO LANGILEEN ALDERDI KOMUNISTA/PARTIDO COMUNISTA DE LOS TRABAJADORES DE EUSKADI - ELAK/PCTE,0,0,Ministerio del Interior / portal oficial de datos abiertos,PRIMARY_OFFICIAL
2019A,2019-04-28,36 - Pontevedra,EUSKAL HERRIA BILDU - EH Bildu,0,0,Ministerio del Interior / portal oficial de datos abiertos,PRIMARY_OFFICIAL
2019A,2019-04-28,36 - Pontevedra,EUZKO ALDERDI JELTZALEA-PARTIDO NACIONALISTA VASCO - EAJ-PNV,0,0,Ministerio del Interior / portal oficial de datos abiertos,PRIMARY_OFFICIAL
2019A,2019-04-28,36 - Pontevedra,EXTREMEÑOS PREX CREX - C.Ex-C.R.Ex,0,0,Ministerio del Interior / portal oficial de datos abiertos,PRIMARY_OFFICIAL
2019A,2019-04-28,36 - Pontevedra,FALANGE ESPAÑOLA DE LAS JONS - FE de las J,0,0,Ministerio del Interior / portal oficial de datos abiertos,PRIMARY_OFFICIAL
2019A,2019-04-28,36 - Pontevedra,FEDERACION DE LOS INDEPENDIENTES DE ARAGON - FIA,0,0,Ministerio del Interior / portal oficial de datos abiertos,PRIMARY_OFFICIAL
2019A,2019-04-28,36 - Pontevedra,FEMINISM8 - F8,0,0,Ministerio del Interior / portal oficial de datos abiertos,PRIMARY_OFFICIAL
2019A,2019-04-28,36 - Pontevedra,GEROA BAI - GBAI,0,0,Ministerio del Interior / portal oficial de datos abiertos,PRIMARY_OFFICIAL
2019A,2019-04-28,36 - Pontevedra,IZQUIERDA ANTICAPITALISTA REVOLUCIONARIA - IZAR,0,0,Ministerio del Interior / portal oficial de datos abiertos,PRIMARY_OFFICIAL
2019A,2019-04-28,36 - Pontevedra,IZQUIERDA EN POSITIVO - IZQP,0,0,Ministerio del Interior / portal oficial de datos abiertos,PRIMARY_OFFICIAL
2019A,2019-04-28,36 - Pontevedra,JUNTS PER CATALUNYA-JUNTS - JxCAT-JUNTS,0,0,Ministerio del Interior / portal oficial de datos abiertos,PRIMARY_OFFICIAL
2019A,2019-04-28,36 - Pontevedra,LOS VERDES ECOPACIFISTAS ADELANTE - AVANT-LOS VERDES,0,0,Ministerio del Interior / portal oficial de datos abiertos,PRIMARY_OFFICIAL
2019A,2019-04-28,36 - Pontevedra,MUERTE AL SISTEMA - +MAS+,0,0,Ministerio del Interior / portal oficial de datos abiertos,PRIMARY_OFFICIAL
2019A,2019-04-28,36 - Pontevedra,NAVARRA SUMA - NA+,0,0,Ministerio del Interior / portal oficial de datos abiertos,PRIMARY_OFFICIAL
2019A,2019-04-28,36 - Pontevedra,NUEVA CANARIAS - NCa,0,0,Ministerio del Interior / portal oficial de datos abiertos,PRIMARY_OFFICIAL
2019A,2019-04-28,36 - Pontevedra,PARTIDO ANIMALISTA CONTRA EL MALTRATO ANIMAL - PACMA,6859,0,Ministerio del Interior / portal oficial de datos abiertos,PRIMARY_OFFICIAL
2019A,2019-04-28,36 - Pontevedra,PARTIDO COMUNISTA DE LOS PUEBLOS DE ESPAÑA - PCPE,0,0,Ministerio del Interior / portal oficial de datos abiertos,PRIMARY_OFFICIAL
2019A,2019-04-28,36 - Pontevedra,PARTIDO COMUNISTA DE LOS TRABAJADORES DE ESPAÑA - PCTE,0,0,Ministerio del Interior / portal oficial de datos abiertos,PRIMARY_OFFICIAL
2019A,2019-04-28,36 - Pontevedra,PARTIDO COMUNISTA DE LOS TRABAJADORES DE EUSKADI/EUSKADIKO LANGILEEN ALDERDI KOMUNISTA - PCTE/ELAK,0,0,Ministerio del Interior / portal oficial de datos abiertos,PRIMARY_OFFICIAL
2019A,2019-04-28,36 - Pontevedra,PARTIDO COMUNISTA DEL PUEBLO ANDALUZ - PCPA,0,0,Ministerio del Interior / portal oficial de datos abiertos,PRIMARY_OFFICIAL
2019A,2019-04-28,36 - Pontevedra,PARTIDO COMUNISTA DEL PUEBLO CANARIO - PCPC,0,0,Ministerio del Interior / portal oficial de datos abiertos,PRIMARY_OFFICIAL
2019A,2019-04-28,36 - Pontevedra,PARTIDO COMUNISTA DOS TRABALLADORES DE GALIZA - PCTG,601,0,Ministerio del Interior / portal oficial de datos abiertos,PRIMARY_OFFICIAL
2019A,2019-04-28,36 - Pontevedra,PARTIDO COMUNISTA OBRERO ESPAÑOL - PCOE,0,0,Ministerio del Interior / portal oficial de datos abiertos,PRIMARY_OFFICIAL
2019A,2019-04-28,36 - Pontevedra,PARTIDO DE ACCIÓN SOLIDARIA EUROPEA - SOLIDARIA,0,0,Ministerio del Interior / portal oficial de datos abiertos,PRIMARY_OFFICIAL
2019A,2019-04-28,36 - Pontevedra,"PARTIDO DE JUBILADOS POR EL FUTURO. DIGNIDAD Y DEMOCRACIA - ""JF""",0,0,Ministerio del Interior / portal oficial de datos abiertos,PRIMARY_OFFICIAL
2019A,2019-04-28,36 - Pontevedra,PARTIDO DEMÓCRATA SOCIAL JUBILADOS EUROPEOS - UNID - PDSJE-UDEC,0,0,Ministerio del Interior / portal oficial de datos abiertos,PRIMARY_OFFICIAL
2019A,2019-04-28,36 - Pontevedra,PARTIDO DOS SOCIALISTAS DE GALICIA-PARTIDO SOCIALI - PSdeG-PSOE,185785,3,Ministerio del Interior / portal oficial de datos abiertos,PRIMARY_OFFICIAL
2019A,2019-04-28,36 - Pontevedra,PARTIDO HUMANISTA - PH,0,0,Ministerio del Interior / portal oficial de datos abiertos,PRIMARY_OFFICIAL
2019A,2019-04-28,36 - Pontevedra,PARTIDO LIBERTARIO - P-LIB,0,0,Ministerio del Interior / portal oficial de datos abiertos,PRIMARY_OFFICIAL
2019A,2019-04-28,36 - Pontevedra,PARTIDO POPULAR - FORO - PP-FORO,0,0,Ministerio del Interior / portal oficial de datos abiertos,PRIMARY_OFFICIAL
2019A,2019-04-28,36 - Pontevedra,PARTIDO POPULAR - PP,144290,2,Ministerio del Interior / portal oficial de datos abiertos,PRIMARY_OFFICIAL
2019A,2019-04-28,36 - Pontevedra,PARTIDO POPULAR/PARTIT POPULAR - PP,0,0,Ministerio del Interior / portal oficial de datos abiertos,PRIMARY_OFFICIAL
2019A,2019-04-28,36 - Pontevedra,PARTIDO REGIONALISTA DE CANTABRIA - PRC,0,0,Ministerio del Interior / portal oficial de datos abiertos,PRIMARY_OFFICIAL
2019A,2019-04-28,36 - Pontevedra,PARTIDO REGIONALISTA DEL PAIS LEONES - PREPAL,0,0,Ministerio del Interior / portal oficial de datos abiertos,PRIMARY_OFFICIAL
2019A,2019-04-28,36 - Pontevedra,PARTIDO REPUBLICANO INDEPENDIENTE SOLIDARIO ANDALUZ - RISA,0,0,Ministerio del Interior / portal oficial de datos abiertos,PRIMARY_OFFICIAL
2019A,2019-04-28,36 - Pontevedra,PARTIDO RIOJANO - PR+,0,0,Ministerio del Interior / portal oficial de datos abiertos,PRIMARY_OFFICIAL
2019A,2019-04-28,36 - Pontevedra,PARTIDO SOCIALISTA DE EUSKADI-EUSKADIKO EZKERRA (PSOE) - PSE-EE (PSOE),0,0,Ministerio del Interior / portal oficial de datos abiertos,PRIMARY_OFFICIAL
2019A,2019-04-28,36 - Pontevedra,PARTIDO SOCIALISTA OBRERO ESPAÑOL - PSOE,0,0,Ministerio del Interior / portal oficial de datos abiertos,PRIMARY_OFFICIAL
2019A,2019-04-28,36 - Pontevedra,PARTIT ANIMALISTA CONTRA EL MALTRACTAMENT ANIMAL - PACMA,0,0,Ministerio del Interior / portal oficial de datos abiertos,PRIMARY_OFFICIAL
2019A,2019-04-28,36 - Pontevedra,PARTIT COMUNISTA DEL POBLE DE CATALUNYA - PCPC,0,0,Ministerio del Interior / portal oficial de datos abiertos,PRIMARY_OFFICIAL
2019A,2019-04-28,36 - Pontevedra,PARTIT COMUNISTA DELS POBLES D'ESPANYA - PCPE,0,0,Ministerio del Interior / portal oficial de datos abiertos,PRIMARY_OFFICIAL
2019A,2019-04-28,36 - Pontevedra,PARTIT COMUNISTA DELS TREBALLADORS DE CATALUNYA - PCTC,0,0,Ministerio del Interior / portal oficial de datos abiertos,PRIMARY_OFFICIAL
2019A,2019-04-28,36 - Pontevedra,PARTIT DELS SOCIALISTES DE CATALUNYA (PSC-PSOE) - PSC,0,0,Ministerio del Interior / portal oficial de datos abiertos,PRIMARY_OFFICIAL
2019A,2019-04-28,36 - Pontevedra,PARTIT POPULAR-PARTIDO POPULAR - PP,0,0,Ministerio del Interior / portal oficial de datos abiertos,PRIMARY_OFFICIAL
2019A,2019-04-28,36 - Pontevedra,PARTIT SOCIALISTA OBRER ESPANYOL - PSOE,0,0,Ministerio del Interior / portal oficial de datos abiertos,PRIMARY_OFFICIAL
2019A,2019-04-28,36 - Pontevedra,PER UN MÓN MÉS JUST - PUM+J,0,0,Ministerio del Interior / portal oficial de datos abiertos,PRIMARY_OFFICIAL
2019A,2019-04-28,36 - Pontevedra,PLATAFORMA DEL PUEBLO SORIANO - PPSO,0,0,Ministerio del Interior / portal oficial de datos abiertos,PRIMARY_OFFICIAL
2019A,2019-04-28,36 - Pontevedra,POBLE LLIURE - SOM ALTERNATIVA - PIRATES DE CATALU - FRONT REPUB,0,0,Ministerio del Interior / portal oficial de datos abiertos,PRIMARY_OFFICIAL
2019A,2019-04-28,36 - Pontevedra,POR UN MUNDO MÁS JUSTO (BIDEZKO MUNDURANTZ) - PUM+J,0,0,Ministerio del Interior / portal oficial de datos abiertos,PRIMARY_OFFICIAL
2019A,2019-04-28,36 - Pontevedra,POR UN MUNDO MÁS JUSTO - PUM+J,0,0,Ministerio del Interior / portal oficial de datos abiertos,PRIMARY_OFFICIAL
2019A,2019-04-28,36 - Pontevedra,PUYALON - PYLN,0,0,Ministerio del Interior / portal oficial de datos abiertos,PRIMARY_OFFICIAL
2019A,2019-04-28,36 - Pontevedra,RECORTES CERO-GRUPO VERDE - RECORTES CERO-GV,1007,0,Ministerio del Interior / portal oficial de datos abiertos,PRIMARY_OFFICIAL
2019A,2019-04-28,36 - Pontevedra,RECORTES CERO-GRUPO VERDE-PARTIDO CASTELLANO-TIERRA COMUNERA - RECORTES CERO-GV-PCAS-TC,0,0,Ministerio del Interior / portal oficial de datos abiertos,PRIMARY_OFFICIAL
2019A,2019-04-28,36 - Pontevedra,SOM VALENCIANS EN MOVIMENT - UIG-SOM-CUIDES,0,0,Ministerio del Interior / portal oficial de datos abiertos,PRIMARY_OFFICIAL
2019A,2019-04-28,36 - Pontevedra,SOMOS REGIÓN - SOMOS REGIÓ,0,0,Ministerio del Interior / portal oficial de datos abiertos,PRIMARY_OFFICIAL
2019A,2019-04-28,36 - Pontevedra,UNIDAS PODEMOS - PODEMOS-EUPV,0,0,Ministerio del Interior / portal oficial de datos abiertos,PRIMARY_OFFICIAL
2019A,2019-04-28,36 - Pontevedra,UNIDAS PODEMOS - PODEMOS-IU LV CA-EQUO,0,0,Ministerio del Interior / portal oficial de datos abiertos,PRIMARY_OFFICIAL
2019A,2019-04-28,36 - Pontevedra,UNIDAS PODEMOS - PODEMOS-IU-EQUO,0,0,Ministerio del Interior / portal oficial de datos abiertos,PRIMARY_OFFICIAL
2019A,2019-04-28,36 - Pontevedra,UNIDAS PODEMOS - PODEMOS-IU-EQUO-BATZARRE,0,0,Ministerio del Interior / portal oficial de datos abiertos,PRIMARY_OFFICIAL
2019A,2019-04-28,36 - Pontevedra,UNIDAS PODEMOS-ALTOARAGÓN EN COMÚN - PODEMOS-IU-,0,0,Ministerio del Interior / portal oficial de datos abiertos,PRIMARY_OFFICIAL
2019A,2019-04-28,36 - Pontevedra,UNIDAS PODEMOS-UNIDES PODEM - PODEMOS-EUIB,0,0,Ministerio del Interior / portal oficial de datos abiertos,PRIMARY_OFFICIAL
2019A,2019-04-28,36 - Pontevedra,UNIDAS PODEMOS-XUNIES PODEMOS - PODEMOS-IX-EQUO,0,0,Ministerio del Interior / portal oficial de datos abiertos,PRIMARY_OFFICIAL
2019A,2019-04-28,36 - Pontevedra,UNIÓN DE TODOS - UDT,0,0,Ministerio del Interior / portal oficial de datos abiertos,PRIMARY_OFFICIAL
2019A,2019-04-28,36 - Pontevedra,UNIÓN REGIONALISTA DE CASTILLA Y LEÓN - UNIÓN REGIO,0,0,Ministerio del Interior / portal oficial de datos abiertos,PRIMARY_OFFICIAL
2019A,2019-04-28,36 - Pontevedra,VIVIR OURENSE - VOU,0,0,Ministerio del Interior / portal oficial de datos abiertos,PRIMARY_OFFICIAL
2019A,2019-04-28,36 - Pontevedra,VOX - VOX,27426,0,Ministerio del Interior / portal oficial de datos abiertos,PRIMARY_OFFICIAL
2019A,2019-04-28,36 - Pontevedra,Veus PROGRESSISTES - ARA-MES-ESQUERRA,0,0,Ministerio del Interior / portal oficial de datos abiertos,PRIMARY_OFFICIAL
2019A,2019-04-28,37 - Salamanca,ACTÚA - PACT,0,0,Ministerio del Interior / portal oficial de datos abiertos,PRIMARY_OFFICIAL
2019A,2019-04-28,37 - Salamanca,AHORA CANARIAS: Alternativa Nacionalista Canaria ANC y Unidad del Pueblo - AHORA CANARIAS,0,0,Ministerio del Interior / portal oficial de datos abiertos,PRIMARY_OFFICIAL
2019A,2019-04-28,37 - Salamanca,ANDALUCÍA POR SÍ - AxSI,0,0,Ministerio del Interior / portal oficial de datos abiertos,PRIMARY_OFFICIAL
2019A,2019-04-28,37 - Salamanca,ANDECHA ASTUR - ANDECHA ASTUR,0,0,Ministerio del Interior / portal oficial de datos abiertos,PRIMARY_OFFICIAL
2019A,2019-04-28,37 - Salamanca,AVANT ADELANTE LOS VERDES - AVANT ADELANTE LOS VERDES,0,0,Ministerio del Interior / portal oficial de datos abiertos,PRIMARY_OFFICIAL
2019A,2019-04-28,37 - Salamanca,BLOQUE NACIONALISTA GALEGO - BNG,0,0,Ministerio del Interior / portal oficial de datos abiertos,PRIMARY_OFFICIAL
2019A,2019-04-28,37 - Salamanca,CENTRADOS - centrados,0,0,Ministerio del Interior / portal oficial de datos abiertos,PRIMARY_OFFICIAL
2019A,2019-04-28,37 - Salamanca,CIUDADANOS INDEPENDIENTES DE LINARES UNIDOS - CILU-LINARES,0,0,Ministerio del Interior / portal oficial de datos abiertos,PRIMARY_OFFICIAL
2019A,2019-04-28,37 - Salamanca,CIUDADANOS-PARTIDO DE LA CIUDADANÍA - Cs,43580,1,Ministerio del Interior / portal oficial de datos abiertos,PRIMARY_OFFICIAL
2019A,2019-04-28,37 - Salamanca,CIUTADANS-PARTIDO DE LA CIUDADANÍA - Cs,0,0,Ministerio del Interior / portal oficial de datos abiertos,PRIMARY_OFFICIAL
2019A,2019-04-28,37 - Salamanca,COALICION CANARIA-PARTIDO NACIONALISTA CANARIO - CCa-PNC,0,0,Ministerio del Interior / portal oficial de datos abiertos,PRIMARY_OFFICIAL
2019A,2019-04-28,37 - Salamanca,COALICION POR MELILLA - CpM,0,0,Ministerio del Interior / portal oficial de datos abiertos,PRIMARY_OFFICIAL
2019A,2019-04-28,37 - Salamanca,COMPROMISO POR GALICIA - CxG,0,0,Ministerio del Interior / portal oficial de datos abiertos,PRIMARY_OFFICIAL
2019A,2019-04-28,37 - Salamanca,COMPROMÍS: BLOC-INICIATIVA-VERDSEQUO - COMPROMÍS 2,0,0,Ministerio del Interior / portal oficial de datos abiertos,PRIMARY_OFFICIAL
2019A,2019-04-28,37 - Salamanca,CONVERGENTS - CNV,0,0,Ministerio del Interior / portal oficial de datos abiertos,PRIMARY_OFFICIAL
2019A,2019-04-28,37 - Salamanca,CONVERXENCIA 21 - C 21,0,0,Ministerio del Interior / portal oficial de datos abiertos,PRIMARY_OFFICIAL
2019A,2019-04-28,37 - Salamanca,DEFENSA DE LO PÚBLICO - DP,0,0,Ministerio del Interior / portal oficial de datos abiertos,PRIMARY_OFFICIAL
2019A,2019-04-28,37 - Salamanca,DEMOCRACIA PLURAL - DPL,0,0,Ministerio del Interior / portal oficial de datos abiertos,PRIMARY_OFFICIAL
2019A,2019-04-28,37 - Salamanca,EL PI - PROPOSTA PER LES ILLES BALEARS - EL PI,0,0,Ministerio del Interior / portal oficial de datos abiertos,PRIMARY_OFFICIAL
2019A,2019-04-28,37 - Salamanca,ELKARREKIN PODEMOS-UNIDAS PODEMOS - PODEMOS-IU-EQUO BERDEAK,0,0,Ministerio del Interior / portal oficial de datos abiertos,PRIMARY_OFFICIAL
2019A,2019-04-28,37 - Salamanca,EN COMÚ PODEM - GUANYEM EL CANVI - ECP-GUANYEM,0,0,Ministerio del Interior / portal oficial de datos abiertos,PRIMARY_OFFICIAL
2019A,2019-04-28,37 - Salamanca,EN COMÚN-UNIDAS PODEMOS - PODEMOS-EU-,0,0,Ministerio del Interior / portal oficial de datos abiertos,PRIMARY_OFFICIAL
2019A,2019-04-28,37 - Salamanca,EN MAREA - EN MAREA,0,0,Ministerio del Interior / portal oficial de datos abiertos,PRIMARY_OFFICIAL
2019A,2019-04-28,37 - Salamanca,ESCANOS EN BRANCO - EB,0,0,Ministerio del Interior / portal oficial de datos abiertos,PRIMARY_OFFICIAL
2019A,2019-04-28,37 - Salamanca,ESCAÑOS EN BLANCO - EB,0,0,Ministerio del Interior / portal oficial de datos abiertos,PRIMARY_OFFICIAL
2019A,2019-04-28,37 - Salamanca,ESCAÑOS EN BLANCO-AULKI ZURIAK - EB,0,0,Ministerio del Interior / portal oficial de datos abiertos,PRIMARY_OFFICIAL
2019A,2019-04-28,37 - Salamanca,ESQUERRA REPUBLICANA DE CATALUNYA-SOBIRANISTES - ERC-SOBIRANISTES,0,0,Ministerio del Interior / portal oficial de datos abiertos,PRIMARY_OFFICIAL
2019A,2019-04-28,37 - Salamanca,ESQUERRA REPUBLICANA DEL PAÍS VALENCIÀ - ERPV,0,0,Ministerio del Interior / portal oficial de datos abiertos,PRIMARY_OFFICIAL
2019A,2019-04-28,37 - Salamanca,EUSKADIKO LANGILEEN ALDERDI KOMUNISTA/PARTIDO COMUNISTA DE LOS TRABAJADORES DE EUSKADI - ELAK/PCTE,0,0,Ministerio del Interior / portal oficial de datos abiertos,PRIMARY_OFFICIAL
2019A,2019-04-28,37 - Salamanca,EUSKAL HERRIA BILDU - EH Bildu,0,0,Ministerio del Interior / portal oficial de datos abiertos,PRIMARY_OFFICIAL
2019A,2019-04-28,37 - Salamanca,EUZKO ALDERDI JELTZALEA-PARTIDO NACIONALISTA VASCO - EAJ-PNV,0,0,Ministerio del Interior / portal oficial de datos abiertos,PRIMARY_OFFICIAL
2019A,2019-04-28,37 - Salamanca,EXTREMEÑOS PREX CREX - C.Ex-C.R.Ex,0,0,Ministerio del Interior / portal oficial de datos abiertos,PRIMARY_OFFICIAL
2019A,2019-04-28,37 - Salamanca,FALANGE ESPAÑOLA DE LAS JONS - FE de las J,0,0,Ministerio del Interior / portal oficial de datos abiertos,PRIMARY_OFFICIAL
2019A,2019-04-28,37 - Salamanca,FEDERACION DE LOS INDEPENDIENTES DE ARAGON - FIA,0,0,Ministerio del Interior / portal oficial de datos abiertos,PRIMARY_OFFICIAL
2019A,2019-04-28,37 - Salamanca,FEMINISM8 - F8,0,0,Ministerio del Interior / portal oficial de datos abiertos,PRIMARY_OFFICIAL
2019A,2019-04-28,37 - Salamanca,GEROA BAI - GBAI,0,0,Ministerio del Interior / portal oficial de datos abiertos,PRIMARY_OFFICIAL
2019A,2019-04-28,37 - Salamanca,IZQUIERDA ANTICAPITALISTA REVOLUCIONARIA - IZAR,0,0,Ministerio del Interior / portal oficial de datos abiertos,PRIMARY_OFFICIAL
2019A,2019-04-28,37 - Salamanca,IZQUIERDA EN POSITIVO - IZQP,0,0,Ministerio del Interior / portal oficial de datos abiertos,PRIMARY_OFFICIAL
2019A,2019-04-28,37 - Salamanca,JUNTS PER CATALUNYA-JUNTS - JxCAT-JUNTS,0,0,Ministerio del Interior / portal oficial de datos abiertos,PRIMARY_OFFICIAL
2019A,2019-04-28,37 - Salamanca,LOS VERDES ECOPACIFISTAS ADELANTE - AVANT-LOS VERDES,0,0,Ministerio del Interior / portal oficial de datos abiertos,PRIMARY_OFFICIAL
2019A,2019-04-28,37 - Salamanca,MUERTE AL SISTEMA - +MAS+,0,0,Ministerio del Interior / portal oficial de datos abiertos,PRIMARY_OFFICIAL
2019A,2019-04-28,37 - Salamanca,NAVARRA SUMA - NA+,0,0,Ministerio del Interior / portal oficial de datos abiertos,PRIMARY_OFFICIAL
2019A,2019-04-28,37 - Salamanca,NUEVA CANARIAS - NCa,0,0,Ministerio del Interior / portal oficial de datos abiertos,PRIMARY_OFFICIAL
2019A,2019-04-28,37 - Salamanca,PARTIDO ANIMALISTA CONTRA EL MALTRATO ANIMAL - PACMA,1370,0,Ministerio del Interior / portal oficial de datos abiertos,PRIMARY_OFFICIAL
2019A,2019-04-28,37 - Salamanca,PARTIDO COMUNISTA DE LOS PUEBLOS DE ESPAÑA - PCPE,0,0,Ministerio del Interior / portal oficial de datos abiertos,PRIMARY_OFFICIAL
2019A,2019-04-28,37 - Salamanca,PARTIDO COMUNISTA DE LOS TRABAJADORES DE ESPAÑA - PCTE,265,0,Ministerio del Interior / portal oficial de datos abiertos,PRIMARY_OFFICIAL
2019A,2019-04-28,37 - Salamanca,PARTIDO COMUNISTA DE LOS TRABAJADORES DE EUSKADI/EUSKADIKO LANGILEEN ALDERDI KOMUNISTA - PCTE/ELAK,0,0,Ministerio del Interior / portal oficial de datos abiertos,PRIMARY_OFFICIAL
2019A,2019-04-28,37 - Salamanca,PARTIDO COMUNISTA DEL PUEBLO ANDALUZ - PCPA,0,0,Ministerio del Interior / portal oficial de datos abiertos,PRIMARY_OFFICIAL
2019A,2019-04-28,37 - Salamanca,PARTIDO COMUNISTA DEL PUEBLO CANARIO - PCPC,0,0,Ministerio del Interior / portal oficial de datos abiertos,PRIMARY_OFFICIAL
2019A,2019-04-28,37 - Salamanca,PARTIDO COMUNISTA DOS TRABALLADORES DE GALIZA - PCTG,0,0,Ministerio del Interior / portal oficial de datos abiertos,PRIMARY_OFFICIAL
2019A,2019-04-28,37 - Salamanca,PARTIDO COMUNISTA OBRERO ESPAÑOL - PCOE,0,0,Ministerio del Interior / portal oficial de datos abiertos,PRIMARY_OFFICIAL
2019A,2019-04-28,37 - Salamanca,PARTIDO DE ACCIÓN SOLIDARIA EUROPEA - SOLIDARIA,0,0,Ministerio del Interior / portal oficial de datos abiertos,PRIMARY_OFFICIAL
2019A,2019-04-28,37 - Salamanca,"PARTIDO DE JUBILADOS POR EL FUTURO. DIGNIDAD Y DEMOCRACIA - ""JF""",0,0,Ministerio del Interior / portal oficial de datos abiertos,PRIMARY_OFFICIAL
2019A,2019-04-28,37 - Salamanca,PARTIDO DEMÓCRATA SOCIAL JUBILADOS EUROPEOS - UNID - PDSJE-UDEC,0,0,Ministerio del Interior / portal oficial de datos abiertos,PRIMARY_OFFICIAL
2019A,2019-04-28,37 - Salamanca,PARTIDO DOS SOCIALISTAS DE GALICIA-PARTIDO SOCIALI - PSdeG-PSOE,0,0,Ministerio del Interior / portal oficial de datos abiertos,PRIMARY_OFFICIAL
2019A,2019-04-28,37 - Salamanca,PARTIDO HUMANISTA - PH,0,0,Ministerio del Interior / portal oficial de datos abiertos,PRIMARY_OFFICIAL
2019A,2019-04-28,37 - Salamanca,PARTIDO LIBERTARIO - P-LIB,0,0,Ministerio del Interior / portal oficial de datos abiertos,PRIMARY_OFFICIAL
2019A,2019-04-28,37 - Salamanca,PARTIDO POPULAR - FORO - PP-FORO,0,0,Ministerio del Interior / portal oficial de datos abiertos,PRIMARY_OFFICIAL
2019A,2019-04-28,37 - Salamanca,PARTIDO POPULAR - PP,60154,2,Ministerio del Interior / portal oficial de datos abiertos,PRIMARY_OFFICIAL
2019A,2019-04-28,37 - Salamanca,PARTIDO POPULAR/PARTIT POPULAR - PP,0,0,Ministerio del Interior / portal oficial de datos abiertos,PRIMARY_OFFICIAL
2019A,2019-04-28,37 - Salamanca,PARTIDO REGIONALISTA DE CANTABRIA - PRC,0,0,Ministerio del Interior / portal oficial de datos abiertos,PRIMARY_OFFICIAL
2019A,2019-04-28,37 - Salamanca,PARTIDO REGIONALISTA DEL PAIS LEONES - PREPAL,309,0,Ministerio del Interior / portal oficial de datos abiertos,PRIMARY_OFFICIAL
2019A,2019-04-28,37 - Salamanca,PARTIDO REPUBLICANO INDEPENDIENTE SOLIDARIO ANDALUZ - RISA,0,0,Ministerio del Interior / portal oficial de datos abiertos,PRIMARY_OFFICIAL
2019A,2019-04-28,37 - Salamanca,PARTIDO RIOJANO - PR+,0,0,Ministerio del Interior / portal oficial de datos abiertos,PRIMARY_OFFICIAL
2019A,2019-04-28,37 - Salamanca,PARTIDO SOCIALISTA DE EUSKADI-EUSKADIKO EZKERRA (PSOE) - PSE-EE (PSOE),0,0,Ministerio del Interior / portal oficial de datos abiertos,PRIMARY_OFFICIAL
2019A,2019-04-28,37 - Salamanca,PARTIDO SOCIALISTA OBRERO ESPAÑOL - PSOE,59331,1,Ministerio del Interior / portal oficial de datos abiertos,PRIMARY_OFFICIAL
2019A,2019-04-28,37 - Salamanca,PARTIT ANIMALISTA CONTRA EL MALTRACTAMENT ANIMAL - PACMA,0,0,Ministerio del Interior / portal oficial de datos abiertos,PRIMARY_OFFICIAL
2019A,2019-04-28,37 - Salamanca,PARTIT COMUNISTA DEL POBLE DE CATALUNYA - PCPC,0,0,Ministerio del Interior / portal oficial de datos abiertos,PRIMARY_OFFICIAL
2019A,2019-04-28,37 - Salamanca,PARTIT COMUNISTA DELS POBLES D'ESPANYA - PCPE,0,0,Ministerio del Interior / portal oficial de datos abiertos,PRIMARY_OFFICIAL
2019A,2019-04-28,37 - Salamanca,PARTIT COMUNISTA DELS TREBALLADORS DE CATALUNYA - PCTC,0,0,Ministerio del Interior / portal oficial de datos abiertos,PRIMARY_OFFICIAL
2019A,2019-04-28,37 - Salamanca,PARTIT DELS SOCIALISTES DE CATALUNYA (PSC-PSOE) - PSC,0,0,Ministerio del Interior / portal oficial de datos abiertos,PRIMARY_OFFICIAL
2019A,2019-04-28,37 - Salamanca,PARTIT POPULAR-PARTIDO POPULAR - PP,0,0,Ministerio del Interior / portal oficial de datos abiertos,PRIMARY_OFFICIAL
2019A,2019-04-28,37 - Salamanca,PARTIT SOCIALISTA OBRER ESPANYOL - PSOE,0,0,Ministerio del Interior / portal oficial de datos abiertos,PRIMARY_OFFICIAL
2019A,2019-04-28,37 - Salamanca,PER UN MÓN MÉS JUST - PUM+J,0,0,Ministerio del Interior / portal oficial de datos abiertos,PRIMARY_OFFICIAL
2019A,2019-04-28,37 - Salamanca,PLATAFORMA DEL PUEBLO SORIANO - PPSO,0,0,Ministerio del Interior / portal oficial de datos abiertos,PRIMARY_OFFICIAL
2019A,2019-04-28,37 - Salamanca,POBLE LLIURE - SOM ALTERNATIVA - PIRATES DE CATALU - FRONT REPUB,0,0,Ministerio del Interior / portal oficial de datos abiertos,PRIMARY_OFFICIAL
2019A,2019-04-28,37 - Salamanca,POR UN MUNDO MÁS JUSTO (BIDEZKO MUNDURANTZ) - PUM+J,0,0,Ministerio del Interior / portal oficial de datos abiertos,PRIMARY_OFFICIAL
2019A,2019-04-28,37 - Salamanca,POR UN MUNDO MÁS JUSTO - PUM+J,322,0,Ministerio del Interior / portal oficial de datos abiertos,PRIMARY_OFFICIAL
2019A,2019-04-28,37 - Salamanca,PUYALON - PYLN,0,0,Ministerio del Interior / portal oficial de datos abiertos,PRIMARY_OFFICIAL
2019A,2019-04-28,37 - Salamanca,RECORTES CERO-GRUPO VERDE - RECORTES CERO-GV,0,0,Ministerio del Interior / portal oficial de datos abiertos,PRIMARY_OFFICIAL
2019A,2019-04-28,37 - Salamanca,RECORTES CERO-GRUPO VERDE-PARTIDO CASTELLANO-TIERRA COMUNERA - RECORTES CERO-GV-PCAS-TC,275,0,Ministerio del Interior / portal oficial de datos abiertos,PRIMARY_OFFICIAL
2019A,2019-04-28,37 - Salamanca,SOM VALENCIANS EN MOVIMENT - UIG-SOM-CUIDES,0,0,Ministerio del Interior / portal oficial de datos abiertos,PRIMARY_OFFICIAL
2019A,2019-04-28,37 - Salamanca,SOMOS REGIÓN - SOMOS REGIÓ,0,0,Ministerio del Interior / portal oficial de datos abiertos,PRIMARY_OFFICIAL
2019A,2019-04-28,37 - Salamanca,UNIDAS PODEMOS - PODEMOS-EUPV,0,0,Ministerio del Interior / portal oficial de datos abiertos,PRIMARY_OFFICIAL
2019A,2019-04-28,37 - Salamanca,UNIDAS PODEMOS - PODEMOS-IU LV CA-EQUO,0,0,Ministerio del Interior / portal oficial de datos abiertos,PRIMARY_OFFICIAL
2019A,2019-04-28,37 - Salamanca,UNIDAS PODEMOS - PODEMOS-IU-EQUO,16575,0,Ministerio del Interior / portal oficial de datos abiertos,PRIMARY_OFFICIAL
2019A,2019-04-28,37 - Salamanca,UNIDAS PODEMOS - PODEMOS-IU-EQUO-BATZARRE,0,0,Ministerio del Interior / portal oficial de datos abiertos,PRIMARY_OFFICIAL
2019A,2019-04-28,37 - Salamanca,UNIDAS PODEMOS-ALTOARAGÓN EN COMÚN - PODEMOS-IU-,0,0,Ministerio del Interior / portal oficial de datos abiertos,PRIMARY_OFFICIAL
2019A,2019-04-28,37 - Salamanca,UNIDAS PODEMOS-UNIDES PODEM - PODEMOS-EUIB,0,0,Ministerio del Interior / portal oficial de datos abiertos,PRIMARY_OFFICIAL
2019A,2019-04-28,37 - Salamanca,UNIDAS PODEMOS-XUNIES PODEMOS - PODEMOS-IX-EQUO,0,0,Ministerio del Interior / portal oficial de datos abiertos,PRIMARY_OFFICIAL
2019A,2019-04-28,37 - Salamanca,UNIÓN DE TODOS - UDT,0,0,Ministerio del Interior / portal oficial de datos abiertos,PRIMARY_OFFICIAL
2019A,2019-04-28,37 - Salamanca,UNIÓN REGIONALISTA DE CASTILLA Y LEÓN - UNIÓN REGIO,0,0,Ministerio del Interior / portal oficial de datos abiertos,PRIMARY_OFFICIAL
2019A,2019-04-28,37 - Salamanca,VIVIR OURENSE - VOU,0,0,Ministerio del Interior / portal oficial de datos abiertos,PRIMARY_OFFICIAL
2019A,2019-04-28,37 - Salamanca,VOX - VOX,26631,0,Ministerio del Interior / portal oficial de datos abiertos,PRIMARY_OFFICIAL
2019A,2019-04-28,37 - Salamanca,Veus PROGRESSISTES - ARA-MES-ESQUERRA,0,0,Ministerio del Interior / portal oficial de datos abiertos,PRIMARY_OFFICIAL
2019A,2019-04-28,38 - Santa Cruz de Tenerife,ACTÚA - PACT,0,0,Ministerio del Interior / portal oficial de datos abiertos,PRIMARY_OFFICIAL
2019A,2019-04-28,38 - Santa Cruz de Tenerife,AHORA CANARIAS: Alternativa Nacionalista Canaria ANC y Unidad del Pueblo - AHORA CANARIAS,1774,0,Ministerio del Interior / portal oficial de datos abiertos,PRIMARY_OFFICIAL
2019A,2019-04-28,38 - Santa Cruz de Tenerife,ANDALUCÍA POR SÍ - AxSI,0,0,Ministerio del Interior / portal oficial de datos abiertos,PRIMARY_OFFICIAL
2019A,2019-04-28,38 - Santa Cruz de Tenerife,ANDECHA ASTUR - ANDECHA ASTUR,0,0,Ministerio del Interior / portal oficial de datos abiertos,PRIMARY_OFFICIAL
2019A,2019-04-28,38 - Santa Cruz de Tenerife,AVANT ADELANTE LOS VERDES - AVANT ADELANTE LOS VERDES,0,0,Ministerio del Interior / portal oficial de datos abiertos,PRIMARY_OFFICIAL
2019A,2019-04-28,38 - Santa Cruz de Tenerife,BLOQUE NACIONALISTA GALEGO - BNG,0,0,Ministerio del Interior / portal oficial de datos abiertos,PRIMARY_OFFICIAL
2019A,2019-04-28,38 - Santa Cruz de Tenerife,CENTRADOS - centrados,0,0,Ministerio del Interior / portal oficial de datos abiertos,PRIMARY_OFFICIAL
2019A,2019-04-28,38 - Santa Cruz de Tenerife,CIUDADANOS INDEPENDIENTES DE LINARES UNIDOS - CILU-LINARES,0,0,Ministerio del Interior / portal oficial de datos abiertos,PRIMARY_OFFICIAL
2019A,2019-04-28,38 - Santa Cruz de Tenerife,CIUDADANOS-PARTIDO DE LA CIUDADANÍA - Cs,71667,1,Ministerio del Interior / portal oficial de datos abiertos,PRIMARY_OFFICIAL
2019A,2019-04-28,38 - Santa Cruz de Tenerife,CIUTADANS-PARTIDO DE LA CIUDADANÍA - Cs,0,0,Ministerio del Interior / portal oficial de datos abiertos,PRIMARY_OFFICIAL
2019A,2019-04-28,38 - Santa Cruz de Tenerife,COALICION CANARIA-PARTIDO NACIONALISTA CANARIO - CCa-PNC,102811,2,Ministerio del Interior / portal oficial de datos abiertos,PRIMARY_OFFICIAL
2019A,2019-04-28,38 - Santa Cruz de Tenerife,COALICION POR MELILLA - CpM,0,0,Ministerio del Interior / portal oficial de datos abiertos,PRIMARY_OFFICIAL
2019A,2019-04-28,38 - Santa Cruz de Tenerife,COMPROMISO POR GALICIA - CxG,0,0,Ministerio del Interior / portal oficial de datos abiertos,PRIMARY_OFFICIAL
2019A,2019-04-28,38 - Santa Cruz de Tenerife,COMPROMÍS: BLOC-INICIATIVA-VERDSEQUO - COMPROMÍS 2,0,0,Ministerio del Interior / portal oficial de datos abiertos,PRIMARY_OFFICIAL
2019A,2019-04-28,38 - Santa Cruz de Tenerife,CONVERGENTS - CNV,0,0,Ministerio del Interior / portal oficial de datos abiertos,PRIMARY_OFFICIAL
2019A,2019-04-28,38 - Santa Cruz de Tenerife,CONVERXENCIA 21 - C 21,0,0,Ministerio del Interior / portal oficial de datos abiertos,PRIMARY_OFFICIAL
2019A,2019-04-28,38 - Santa Cruz de Tenerife,DEFENSA DE LO PÚBLICO - DP,0,0,Ministerio del Interior / portal oficial de datos abiertos,PRIMARY_OFFICIAL
2019A,2019-04-28,38 - Santa Cruz de Tenerife,DEMOCRACIA PLURAL - DPL,0,0,Ministerio del Interior / portal oficial de datos abiertos,PRIMARY_OFFICIAL
2019A,2019-04-28,38 - Santa Cruz de Tenerife,EL PI - PROPOSTA PER LES ILLES BALEARS - EL PI,0,0,Ministerio del Interior / portal oficial de datos abiertos,PRIMARY_OFFICIAL
2019A,2019-04-28,38 - Santa Cruz de Tenerife,ELKARREKIN PODEMOS-UNIDAS PODEMOS - PODEMOS-IU-EQUO BERDEAK,0,0,Ministerio del Interior / portal oficial de datos abiertos,PRIMARY_OFFICIAL
2019A,2019-04-28,38 - Santa Cruz de Tenerife,EN COMÚ PODEM - GUANYEM EL CANVI - ECP-GUANYEM,0,0,Ministerio del Interior / portal oficial de datos abiertos,PRIMARY_OFFICIAL
2019A,2019-04-28,38 - Santa Cruz de Tenerife,EN COMÚN-UNIDAS PODEMOS - PODEMOS-EU-,0,0,Ministerio del Interior / portal oficial de datos abiertos,PRIMARY_OFFICIAL
2019A,2019-04-28,38 - Santa Cruz de Tenerife,EN MAREA - EN MAREA,0,0,Ministerio del Interior / portal oficial de datos abiertos,PRIMARY_OFFICIAL
2019A,2019-04-28,38 - Santa Cruz de Tenerife,ESCANOS EN BRANCO - EB,0,0,Ministerio del Interior / portal oficial de datos abiertos,PRIMARY_OFFICIAL
2019A,2019-04-28,38 - Santa Cruz de Tenerife,ESCAÑOS EN BLANCO - EB,0,0,Ministerio del Interior / portal oficial de datos abiertos,PRIMARY_OFFICIAL
2019A,2019-04-28,38 - Santa Cruz de Tenerife,ESCAÑOS EN BLANCO-AULKI ZURIAK - EB,0,0,Ministerio del Interior / portal oficial de datos abiertos,PRIMARY_OFFICIAL
2019A,2019-04-28,38 - Santa Cruz de Tenerife,ESQUERRA REPUBLICANA DE CATALUNYA-SOBIRANISTES - ERC-SOBIRANISTES,0,0,Ministerio del Interior / portal oficial de datos abiertos,PRIMARY_OFFICIAL
2019A,2019-04-28,38 - Santa Cruz de Tenerife,ESQUERRA REPUBLICANA DEL PAÍS VALENCIÀ - ERPV,0,0,Ministerio del Interior / portal oficial de datos abiertos,PRIMARY_OFFICIAL
2019A,2019-04-28,38 - Santa Cruz de Tenerife,EUSKADIKO LANGILEEN ALDERDI KOMUNISTA/PARTIDO COMUNISTA DE LOS TRABAJADORES DE EUSKADI - ELAK/PCTE,0,0,Ministerio del Interior / portal oficial de datos abiertos,PRIMARY_OFFICIAL
2019A,2019-04-28,38 - Santa Cruz de Tenerife,EUSKAL HERRIA BILDU - EH Bildu,0,0,Ministerio del Interior / portal oficial de datos abiertos,PRIMARY_OFFICIAL
2019A,2019-04-28,38 - Santa Cruz de Tenerife,EUZKO ALDERDI JELTZALEA-PARTIDO NACIONALISTA VASCO - EAJ-PNV,0,0,Ministerio del Interior / portal oficial de datos abiertos,PRIMARY_OFFICIAL
2019A,2019-04-28,38 - Santa Cruz de Tenerife,EXTREMEÑOS PREX CREX - C.Ex-C.R.Ex,0,0,Ministerio del Interior / portal oficial de datos abiertos,PRIMARY_OFFICIAL
2019A,2019-04-28,38 - Santa Cruz de Tenerife,FALANGE ESPAÑOLA DE LAS JONS - FE de las J,0,0,Ministerio del Interior / portal oficial de datos abiertos,PRIMARY_OFFICIAL
2019A,2019-04-28,38 - Santa Cruz de Tenerife,FEDERACION DE LOS INDEPENDIENTES DE ARAGON - FIA,0,0,Ministerio del Interior / portal oficial de datos abiertos,PRIMARY_OFFICIAL
2019A,2019-04-28,38 - Santa Cruz de Tenerife,FEMINISM8 - F8,571,0,Ministerio del Interior / portal oficial de datos abiertos,PRIMARY_OFFICIAL
2019A,2019-04-28,38 - Santa Cruz de Tenerife,GEROA BAI - GBAI,0,0,Ministerio del Interior / portal oficial de datos abiertos,PRIMARY_OFFICIAL
2019A,2019-04-28,38 - Santa Cruz de Tenerife,IZQUIERDA ANTICAPITALISTA REVOLUCIONARIA - IZAR,0,0,Ministerio del Interior / portal oficial de datos abiertos,PRIMARY_OFFICIAL
2019A,2019-04-28,38 - Santa Cruz de Tenerife,IZQUIERDA EN POSITIVO - IZQP,0,0,Ministerio del Interior / portal oficial de datos abiertos,PRIMARY_OFFICIAL
2019A,2019-04-28,38 - Santa Cruz de Tenerife,JUNTS PER CATALUNYA-JUNTS - JxCAT-JUNTS,0,0,Ministerio del Interior / portal oficial de datos abiertos,PRIMARY_OFFICIAL
2019A,2019-04-28,38 - Santa Cruz de Tenerife,LOS VERDES ECOPACIFISTAS ADELANTE - AVANT-LOS VERDES,0,0,Ministerio del Interior / portal oficial de datos abiertos,PRIMARY_OFFICIAL
2019A,2019-04-28,38 - Santa Cruz de Tenerife,MUERTE AL SISTEMA - +MAS+,0,0,Ministerio del Interior / portal oficial de datos abiertos,PRIMARY_OFFICIAL
2019A,2019-04-28,38 - Santa Cruz de Tenerife,NAVARRA SUMA - NA+,0,0,Ministerio del Interior / portal oficial de datos abiertos,PRIMARY_OFFICIAL
2019A,2019-04-28,38 - Santa Cruz de Tenerife,NUEVA CANARIAS - NCa,0,0,Ministerio del Interior / portal oficial de datos abiertos,PRIMARY_OFFICIAL
2019A,2019-04-28,38 - Santa Cruz de Tenerife,PARTIDO ANIMALISTA CONTRA EL MALTRATO ANIMAL - PACMA,9157,0,Ministerio del Interior / portal oficial de datos abiertos,PRIMARY_OFFICIAL
2019A,2019-04-28,38 - Santa Cruz de Tenerife,PARTIDO COMUNISTA DE LOS PUEBLOS DE ESPAÑA - PCPE,0,0,Ministerio del Interior / portal oficial de datos abiertos,PRIMARY_OFFICIAL
2019A,2019-04-28,38 - Santa Cruz de Tenerife,PARTIDO COMUNISTA DE LOS TRABAJADORES DE ESPAÑA - PCTE,0,0,Ministerio del Interior / portal oficial de datos abiertos,PRIMARY_OFFICIAL
2019A,2019-04-28,38 - Santa Cruz de Tenerife,PARTIDO COMUNISTA DE LOS TRABAJADORES DE EUSKADI/EUSKADIKO LANGILEEN ALDERDI KOMUNISTA - PCTE/ELAK,0,0,Ministerio del Interior / portal oficial de datos abiertos,PRIMARY_OFFICIAL
2019A,2019-04-28,38 - Santa Cruz de Tenerife,PARTIDO COMUNISTA DEL PUEBLO ANDALUZ - PCPA,0,0,Ministerio del Interior / portal oficial de datos abiertos,PRIMARY_OFFICIAL
2019A,2019-04-28,38 - Santa Cruz de Tenerife,PARTIDO COMUNISTA DEL PUEBLO CANARIO - PCPC,655,0,Ministerio del Interior / portal oficial de datos abiertos,PRIMARY_OFFICIAL
2019A,2019-04-28,38 - Santa Cruz de Tenerife,PARTIDO COMUNISTA DOS TRABALLADORES DE GALIZA - PCTG,0,0,Ministerio del Interior / portal oficial de datos abiertos,PRIMARY_OFFICIAL
2019A,2019-04-28,38 - Santa Cruz de Tenerife,PARTIDO COMUNISTA OBRERO ESPAÑOL - PCOE,0,0,Ministerio del Interior / portal oficial de datos abiertos,PRIMARY_OFFICIAL
2019A,2019-04-28,38 - Santa Cruz de Tenerife,PARTIDO DE ACCIÓN SOLIDARIA EUROPEA - SOLIDARIA,0,0,Ministerio del Interior / portal oficial de datos abiertos,PRIMARY_OFFICIAL
2019A,2019-04-28,38 - Santa Cruz de Tenerife,"PARTIDO DE JUBILADOS POR EL FUTURO. DIGNIDAD Y DEMOCRACIA - ""JF""",0,0,Ministerio del Interior / portal oficial de datos abiertos,PRIMARY_OFFICIAL
2019A,2019-04-28,38 - Santa Cruz de Tenerife,PARTIDO DEMÓCRATA SOCIAL JUBILADOS EUROPEOS - UNID - PDSJE-UDEC,0,0,Ministerio del Interior / portal oficial de datos abiertos,PRIMARY_OFFICIAL
2019A,2019-04-28,38 - Santa Cruz de Tenerife,PARTIDO DOS SOCIALISTAS DE GALICIA-PARTIDO SOCIALI - PSdeG-PSOE,0,0,Ministerio del Interior / portal oficial de datos abiertos,PRIMARY_OFFICIAL
2019A,2019-04-28,38 - Santa Cruz de Tenerife,PARTIDO HUMANISTA - PH,0,0,Ministerio del Interior / portal oficial de datos abiertos,PRIMARY_OFFICIAL
2019A,2019-04-28,38 - Santa Cruz de Tenerife,PARTIDO LIBERTARIO - P-LIB,0,0,Ministerio del Interior / portal oficial de datos abiertos,PRIMARY_OFFICIAL
2019A,2019-04-28,38 - Santa Cruz de Tenerife,PARTIDO POPULAR - FORO - PP-FORO,0,0,Ministerio del Interior / portal oficial de datos abiertos,PRIMARY_OFFICIAL
2019A,2019-04-28,38 - Santa Cruz de Tenerife,PARTIDO POPULAR - PP,76491,1,Ministerio del Interior / portal oficial de datos abiertos,PRIMARY_OFFICIAL
2019A,2019-04-28,38 - Santa Cruz de Tenerife,PARTIDO POPULAR/PARTIT POPULAR - PP,0,0,Ministerio del Interior / portal oficial de datos abiertos,PRIMARY_OFFICIAL
2019A,2019-04-28,38 - Santa Cruz de Tenerife,PARTIDO REGIONALISTA DE CANTABRIA - PRC,0,0,Ministerio del Interior / portal oficial de datos abiertos,PRIMARY_OFFICIAL
2019A,2019-04-28,38 - Santa Cruz de Tenerife,PARTIDO REGIONALISTA DEL PAIS LEONES - PREPAL,0,0,Ministerio del Interior / portal oficial de datos abiertos,PRIMARY_OFFICIAL
2019A,2019-04-28,38 - Santa Cruz de Tenerife,PARTIDO REPUBLICANO INDEPENDIENTE SOLIDARIO ANDALUZ - RISA,0,0,Ministerio del Interior / portal oficial de datos abiertos,PRIMARY_OFFICIAL
2019A,2019-04-28,38 - Santa Cruz de Tenerife,PARTIDO RIOJANO - PR+,0,0,Ministerio del Interior / portal oficial de datos abiertos,PRIMARY_OFFICIAL
2019A,2019-04-28,38 - Santa Cruz de Tenerife,PARTIDO SOCIALISTA DE EUSKADI-EUSKADIKO EZKERRA (PSOE) - PSE-EE (PSOE),0,0,Ministerio del Interior / portal oficial de datos abiertos,PRIMARY_OFFICIAL
2019A,2019-04-28,38 - Santa Cruz de Tenerife,PARTIDO SOCIALISTA OBRERO ESPAÑOL - PSOE,141132,2,Ministerio del Interior / portal oficial de datos abiertos,PRIMARY_OFFICIAL
2019A,2019-04-28,38 - Santa Cruz de Tenerife,PARTIT ANIMALISTA CONTRA EL MALTRACTAMENT ANIMAL - PACMA,0,0,Ministerio del Interior / portal oficial de datos abiertos,PRIMARY_OFFICIAL
2019A,2019-04-28,38 - Santa Cruz de Tenerife,PARTIT COMUNISTA DEL POBLE DE CATALUNYA - PCPC,0,0,Ministerio del Interior / portal oficial de datos abiertos,PRIMARY_OFFICIAL
2019A,2019-04-28,38 - Santa Cruz de Tenerife,PARTIT COMUNISTA DELS POBLES D'ESPANYA - PCPE,0,0,Ministerio del Interior / portal oficial de datos abiertos,PRIMARY_OFFICIAL
2019A,2019-04-28,38 - Santa Cruz de Tenerife,PARTIT COMUNISTA DELS TREBALLADORS DE CATALUNYA - PCTC,0,0,Ministerio del Interior / portal oficial de datos abiertos,PRIMARY_OFFICIAL
2019A,2019-04-28,38 - Santa Cruz de Tenerife,PARTIT DELS SOCIALISTES DE CATALUNYA (PSC-PSOE) - PSC,0,0,Ministerio del Interior / portal oficial de datos abiertos,PRIMARY_OFFICIAL
2019A,2019-04-28,38 - Santa Cruz de Tenerife,PARTIT POPULAR-PARTIDO POPULAR - PP,0,0,Ministerio del Interior / portal oficial de datos abiertos,PRIMARY_OFFICIAL
2019A,2019-04-28,38 - Santa Cruz de Tenerife,PARTIT SOCIALISTA OBRER ESPANYOL - PSOE,0,0,Ministerio del Interior / portal oficial de datos abiertos,PRIMARY_OFFICIAL
2019A,2019-04-28,38 - Santa Cruz de Tenerife,PER UN MÓN MÉS JUST - PUM+J,0,0,Ministerio del Interior / portal oficial de datos abiertos,PRIMARY_OFFICIAL
2019A,2019-04-28,38 - Santa Cruz de Tenerife,PLATAFORMA DEL PUEBLO SORIANO - PPSO,0,0,Ministerio del Interior / portal oficial de datos abiertos,PRIMARY_OFFICIAL
2019A,2019-04-28,38 - Santa Cruz de Tenerife,POBLE LLIURE - SOM ALTERNATIVA - PIRATES DE CATALU - FRONT REPUB,0,0,Ministerio del Interior / portal oficial de datos abiertos,PRIMARY_OFFICIAL
2019A,2019-04-28,38 - Santa Cruz de Tenerife,POR UN MUNDO MÁS JUSTO (BIDEZKO MUNDURANTZ) - PUM+J,0,0,Ministerio del Interior / portal oficial de datos abiertos,PRIMARY_OFFICIAL
2019A,2019-04-28,38 - Santa Cruz de Tenerife,POR UN MUNDO MÁS JUSTO - PUM+J,582,0,Ministerio del Interior / portal oficial de datos abiertos,PRIMARY_OFFICIAL
2019A,2019-04-28,38 - Santa Cruz de Tenerife,PUYALON - PYLN,0,0,Ministerio del Interior / portal oficial de datos abiertos,PRIMARY_OFFICIAL
2019A,2019-04-28,38 - Santa Cruz de Tenerife,RECORTES CERO-GRUPO VERDE - RECORTES CERO-GV,1212,0,Ministerio del Interior / portal oficial de datos abiertos,PRIMARY_OFFICIAL
2019A,2019-04-28,38 - Santa Cruz de Tenerife,RECORTES CERO-GRUPO VERDE-PARTIDO CASTELLANO-TIERRA COMUNERA - RECORTES CERO-GV-PCAS-TC,0,0,Ministerio del Interior / portal oficial de datos abiertos,PRIMARY_OFFICIAL
2019A,2019-04-28,38 - Santa Cruz de Tenerife,SOM VALENCIANS EN MOVIMENT - UIG-SOM-CUIDES,0,0,Ministerio del Interior / portal oficial de datos abiertos,PRIMARY_OFFICIAL
2019A,2019-04-28,38 - Santa Cruz de Tenerife,SOMOS REGIÓN - SOMOS REGIÓ,0,0,Ministerio del Interior / portal oficial de datos abiertos,PRIMARY_OFFICIAL
2019A,2019-04-28,38 - Santa Cruz de Tenerife,UNIDAS PODEMOS - PODEMOS-EUPV,0,0,Ministerio del Interior / portal oficial de datos abiertos,PRIMARY_OFFICIAL
2019A,2019-04-28,38 - Santa Cruz de Tenerife,UNIDAS PODEMOS - PODEMOS-IU LV CA-EQUO,0,0,Ministerio del Interior / portal oficial de datos abiertos,PRIMARY_OFFICIAL
2019A,2019-04-28,38 - Santa Cruz de Tenerife,UNIDAS PODEMOS - PODEMOS-IU-EQUO,75695,1,Ministerio del Interior / portal oficial de datos abiertos,PRIMARY_OFFICIAL
2019A,2019-04-28,38 - Santa Cruz de Tenerife,UNIDAS PODEMOS - PODEMOS-IU-EQUO-BATZARRE,0,0,Ministerio del Interior / portal oficial de datos abiertos,PRIMARY_OFFICIAL
2019A,2019-04-28,38 - Santa Cruz de Tenerife,UNIDAS PODEMOS-ALTOARAGÓN EN COMÚN - PODEMOS-IU-,0,0,Ministerio del Interior / portal oficial de datos abiertos,PRIMARY_OFFICIAL
2019A,2019-04-28,38 - Santa Cruz de Tenerife,UNIDAS PODEMOS-UNIDES PODEM - PODEMOS-EUIB,0,0,Ministerio del Interior / portal oficial de datos abiertos,PRIMARY_OFFICIAL
2019A,2019-04-28,38 - Santa Cruz de Tenerife,UNIDAS PODEMOS-XUNIES PODEMOS - PODEMOS-IX-EQUO,0,0,Ministerio del Interior / portal oficial de datos abiertos,PRIMARY_OFFICIAL
2019A,2019-04-28,38 - Santa Cruz de Tenerife,UNIÓN DE TODOS - UDT,0,0,Ministerio del Interior / portal oficial de datos abiertos,PRIMARY_OFFICIAL
2019A,2019-04-28,38 - Santa Cruz de Tenerife,UNIÓN REGIONALISTA DE CASTILLA Y LEÓN - UNIÓN REGIO,0,0,Ministerio del Interior / portal oficial de datos abiertos,PRIMARY_OFFICIAL
2019A,2019-04-28,38 - Santa Cruz de Tenerife,VIVIR OURENSE - VOU,0,0,Ministerio del Interior / portal oficial de datos abiertos,PRIMARY_OFFICIAL
2019A,2019-04-28,38 - Santa Cruz de Tenerife,VOX - VOX,31385,0,Ministerio del Interior / portal oficial de datos abiertos,PRIMARY_OFFICIAL
2019A,2019-04-28,38 - Santa Cruz de Tenerife,Veus PROGRESSISTES - ARA-MES-ESQUERRA,0,0,Ministerio del Interior / portal oficial de datos abiertos,PRIMARY_OFFICIAL
2019A,2019-04-28,39 - Cantabria,ACTÚA - PACT,0,0,Ministerio del Interior / portal oficial de datos abiertos,PRIMARY_OFFICIAL
2019A,2019-04-28,39 - Cantabria,AHORA CANARIAS: Alternativa Nacionalista Canaria ANC y Unidad del Pueblo - AHORA CANARIAS,0,0,Ministerio del Interior / portal oficial de datos abiertos,PRIMARY_OFFICIAL
2019A,2019-04-28,39 - Cantabria,ANDALUCÍA POR SÍ - AxSI,0,0,Ministerio del Interior / portal oficial de datos abiertos,PRIMARY_OFFICIAL
2019A,2019-04-28,39 - Cantabria,ANDECHA ASTUR - ANDECHA ASTUR,0,0,Ministerio del Interior / portal oficial de datos abiertos,PRIMARY_OFFICIAL
2019A,2019-04-28,39 - Cantabria,AVANT ADELANTE LOS VERDES - AVANT ADELANTE LOS VERDES,0,0,Ministerio del Interior / portal oficial de datos abiertos,PRIMARY_OFFICIAL
2019A,2019-04-28,39 - Cantabria,BLOQUE NACIONALISTA GALEGO - BNG,0,0,Ministerio del Interior / portal oficial de datos abiertos,PRIMARY_OFFICIAL
2019A,2019-04-28,39 - Cantabria,CENTRADOS - centrados,0,0,Ministerio del Interior / portal oficial de datos abiertos,PRIMARY_OFFICIAL
2019A,2019-04-28,39 - Cantabria,CIUDADANOS INDEPENDIENTES DE LINARES UNIDOS - CILU-LINARES,0,0,Ministerio del Interior / portal oficial de datos abiertos,PRIMARY_OFFICIAL
2019A,2019-04-28,39 - Cantabria,CIUDADANOS-PARTIDO DE LA CIUDADANÍA - Cs,54361,1,Ministerio del Interior / portal oficial de datos abiertos,PRIMARY_OFFICIAL
2019A,2019-04-28,39 - Cantabria,CIUTADANS-PARTIDO DE LA CIUDADANÍA - Cs,0,0,Ministerio del Interior / portal oficial de datos abiertos,PRIMARY_OFFICIAL
2019A,2019-04-28,39 - Cantabria,COALICION CANARIA-PARTIDO NACIONALISTA CANARIO - CCa-PNC,0,0,Ministerio del Interior / portal oficial de datos abiertos,PRIMARY_OFFICIAL
2019A,2019-04-28,39 - Cantabria,COALICION POR MELILLA - CpM,0,0,Ministerio del Interior / portal oficial de datos abiertos,PRIMARY_OFFICIAL
2019A,2019-04-28,39 - Cantabria,COMPROMISO POR GALICIA - CxG,0,0,Ministerio del Interior / portal oficial de datos abiertos,PRIMARY_OFFICIAL
2019A,2019-04-28,39 - Cantabria,COMPROMÍS: BLOC-INICIATIVA-VERDSEQUO - COMPROMÍS 2,0,0,Ministerio del Interior / portal oficial de datos abiertos,PRIMARY_OFFICIAL
2019A,2019-04-28,39 - Cantabria,CONVERGENTS - CNV,0,0,Ministerio del Interior / portal oficial de datos abiertos,PRIMARY_OFFICIAL
2019A,2019-04-28,39 - Cantabria,CONVERXENCIA 21 - C 21,0,0,Ministerio del Interior / portal oficial de datos abiertos,PRIMARY_OFFICIAL
2019A,2019-04-28,39 - Cantabria,DEFENSA DE LO PÚBLICO - DP,0,0,Ministerio del Interior / portal oficial de datos abiertos,PRIMARY_OFFICIAL
2019A,2019-04-28,39 - Cantabria,DEMOCRACIA PLURAL - DPL,0,0,Ministerio del Interior / portal oficial de datos abiertos,PRIMARY_OFFICIAL
2019A,2019-04-28,39 - Cantabria,EL PI - PROPOSTA PER LES ILLES BALEARS - EL PI,0,0,Ministerio del Interior / portal oficial de datos abiertos,PRIMARY_OFFICIAL
2019A,2019-04-28,39 - Cantabria,ELKARREKIN PODEMOS-UNIDAS PODEMOS - PODEMOS-IU-EQUO BERDEAK,0,0,Ministerio del Interior / portal oficial de datos abiertos,PRIMARY_OFFICIAL
2019A,2019-04-28,39 - Cantabria,EN COMÚ PODEM - GUANYEM EL CANVI - ECP-GUANYEM,0,0,Ministerio del Interior / portal oficial de datos abiertos,PRIMARY_OFFICIAL
2019A,2019-04-28,39 - Cantabria,EN COMÚN-UNIDAS PODEMOS - PODEMOS-EU-,0,0,Ministerio del Interior / portal oficial de datos abiertos,PRIMARY_OFFICIAL
2019A,2019-04-28,39 - Cantabria,EN MAREA - EN MAREA,0,0,Ministerio del Interior / portal oficial de datos abiertos,PRIMARY_OFFICIAL
2019A,2019-04-28,39 - Cantabria,ESCANOS EN BRANCO - EB,0,0,Ministerio del Interior / portal oficial de datos abiertos,PRIMARY_OFFICIAL
2019A,2019-04-28,39 - Cantabria,ESCAÑOS EN BLANCO - EB,427,0,Ministerio del Interior / portal oficial de datos abiertos,PRIMARY_OFFICIAL
2019A,2019-04-28,39 - Cantabria,ESCAÑOS EN BLANCO-AULKI ZURIAK - EB,0,0,Ministerio del Interior / portal oficial de datos abiertos,PRIMARY_OFFICIAL
2019A,2019-04-28,39 - Cantabria,ESQUERRA REPUBLICANA DE CATALUNYA-SOBIRANISTES - ERC-SOBIRANISTES,0,0,Ministerio del Interior / portal oficial de datos abiertos,PRIMARY_OFFICIAL
2019A,2019-04-28,39 - Cantabria,ESQUERRA REPUBLICANA DEL PAÍS VALENCIÀ - ERPV,0,0,Ministerio del Interior / portal oficial de datos abiertos,PRIMARY_OFFICIAL
2019A,2019-04-28,39 - Cantabria,EUSKADIKO LANGILEEN ALDERDI KOMUNISTA/PARTIDO COMUNISTA DE LOS TRABAJADORES DE EUSKADI - ELAK/PCTE,0,0,Ministerio del Interior / portal oficial de datos abiertos,PRIMARY_OFFICIAL
2019A,2019-04-28,39 - Cantabria,EUSKAL HERRIA BILDU - EH Bildu,0,0,Ministerio del Interior / portal oficial de datos abiertos,PRIMARY_OFFICIAL
2019A,2019-04-28,39 - Cantabria,EUZKO ALDERDI JELTZALEA-PARTIDO NACIONALISTA VASCO - EAJ-PNV,0,0,Ministerio del Interior / portal oficial de datos abiertos,PRIMARY_OFFICIAL
2019A,2019-04-28,39 - Cantabria,EXTREMEÑOS PREX CREX - C.Ex-C.R.Ex,0,0,Ministerio del Interior / portal oficial de datos abiertos,PRIMARY_OFFICIAL
2019A,2019-04-28,39 - Cantabria,FALANGE ESPAÑOLA DE LAS JONS - FE de las J,0,0,Ministerio del Interior / portal oficial de datos abiertos,PRIMARY_OFFICIAL
2019A,2019-04-28,39 - Cantabria,FEDERACION DE LOS INDEPENDIENTES DE ARAGON - FIA,0,0,Ministerio del Interior / portal oficial de datos abiertos,PRIMARY_OFFICIAL
2019A,2019-04-28,39 - Cantabria,FEMINISM8 - F8,0,0,Ministerio del Interior / portal oficial de datos abiertos,PRIMARY_OFFICIAL
2019A,2019-04-28,39 - Cantabria,GEROA BAI - GBAI,0,0,Ministerio del Interior / portal oficial de datos abiertos,PRIMARY_OFFICIAL
2019A,2019-04-28,39 - Cantabria,IZQUIERDA ANTICAPITALISTA REVOLUCIONARIA - IZAR,0,0,Ministerio del Interior / portal oficial de datos abiertos,PRIMARY_OFFICIAL
2019A,2019-04-28,39 - Cantabria,IZQUIERDA EN POSITIVO - IZQP,0,0,Ministerio del Interior / portal oficial de datos abiertos,PRIMARY_OFFICIAL
2019A,2019-04-28,39 - Cantabria,JUNTS PER CATALUNYA-JUNTS - JxCAT-JUNTS,0,0,Ministerio del Interior / portal oficial de datos abiertos,PRIMARY_OFFICIAL
2019A,2019-04-28,39 - Cantabria,LOS VERDES ECOPACIFISTAS ADELANTE - AVANT-LOS VERDES,0,0,Ministerio del Interior / portal oficial de datos abiertos,PRIMARY_OFFICIAL
2019A,2019-04-28,39 - Cantabria,MUERTE AL SISTEMA - +MAS+,0,0,Ministerio del Interior / portal oficial de datos abiertos,PRIMARY_OFFICIAL
2019A,2019-04-28,39 - Cantabria,NAVARRA SUMA - NA+,0,0,Ministerio del Interior / portal oficial de datos abiertos,PRIMARY_OFFICIAL
2019A,2019-04-28,39 - Cantabria,NUEVA CANARIAS - NCa,0,0,Ministerio del Interior / portal oficial de datos abiertos,PRIMARY_OFFICIAL
2019A,2019-04-28,39 - Cantabria,PARTIDO ANIMALISTA CONTRA EL MALTRATO ANIMAL - PACMA,3049,0,Ministerio del Interior / portal oficial de datos abiertos,PRIMARY_OFFICIAL
2019A,2019-04-28,39 - Cantabria,PARTIDO COMUNISTA DE LOS PUEBLOS DE ESPAÑA - PCPE,286,0,Ministerio del Interior / portal oficial de datos abiertos,PRIMARY_OFFICIAL
2019A,2019-04-28,39 - Cantabria,PARTIDO COMUNISTA DE LOS TRABAJADORES DE ESPAÑA - PCTE,260,0,Ministerio del Interior / portal oficial de datos abiertos,PRIMARY_OFFICIAL
2019A,2019-04-28,39 - Cantabria,PARTIDO COMUNISTA DE LOS TRABAJADORES DE EUSKADI/EUSKADIKO LANGILEEN ALDERDI KOMUNISTA - PCTE/ELAK,0,0,Ministerio del Interior / portal oficial de datos abiertos,PRIMARY_OFFICIAL
2019A,2019-04-28,39 - Cantabria,PARTIDO COMUNISTA DEL PUEBLO ANDALUZ - PCPA,0,0,Ministerio del Interior / portal oficial de datos abiertos,PRIMARY_OFFICIAL
2019A,2019-04-28,39 - Cantabria,PARTIDO COMUNISTA DEL PUEBLO CANARIO - PCPC,0,0,Ministerio del Interior / portal oficial de datos abiertos,PRIMARY_OFFICIAL
2019A,2019-04-28,39 - Cantabria,PARTIDO COMUNISTA DOS TRABALLADORES DE GALIZA - PCTG,0,0,Ministerio del Interior / portal oficial de datos abiertos,PRIMARY_OFFICIAL
2019A,2019-04-28,39 - Cantabria,PARTIDO COMUNISTA OBRERO ESPAÑOL - PCOE,0,0,Ministerio del Interior / portal oficial de datos abiertos,PRIMARY_OFFICIAL
2019A,2019-04-28,39 - Cantabria,PARTIDO DE ACCIÓN SOLIDARIA EUROPEA - SOLIDARIA,0,0,Ministerio del Interior / portal oficial de datos abiertos,PRIMARY_OFFICIAL
2019A,2019-04-28,39 - Cantabria,"PARTIDO DE JUBILADOS POR EL FUTURO. DIGNIDAD Y DEMOCRACIA - ""JF""",0,0,Ministerio del Interior / portal oficial de datos abiertos,PRIMARY_OFFICIAL
2019A,2019-04-28,39 - Cantabria,PARTIDO DEMÓCRATA SOCIAL JUBILADOS EUROPEOS - UNID - PDSJE-UDEC,0,0,Ministerio del Interior / portal oficial de datos abiertos,PRIMARY_OFFICIAL
2019A,2019-04-28,39 - Cantabria,PARTIDO DOS SOCIALISTAS DE GALICIA-PARTIDO SOCIALI - PSdeG-PSOE,0,0,Ministerio del Interior / portal oficial de datos abiertos,PRIMARY_OFFICIAL
2019A,2019-04-28,39 - Cantabria,PARTIDO HUMANISTA - PH,0,0,Ministerio del Interior / portal oficial de datos abiertos,PRIMARY_OFFICIAL
2019A,2019-04-28,39 - Cantabria,PARTIDO LIBERTARIO - P-LIB,187,0,Ministerio del Interior / portal oficial de datos abiertos,PRIMARY_OFFICIAL
2019A,2019-04-28,39 - Cantabria,PARTIDO POPULAR - FORO - PP-FORO,0,0,Ministerio del Interior / portal oficial de datos abiertos,PRIMARY_OFFICIAL
2019A,2019-04-28,39 - Cantabria,PARTIDO POPULAR - PP,77902,1,Ministerio del Interior / portal oficial de datos abiertos,PRIMARY_OFFICIAL
2019A,2019-04-28,39 - Cantabria,PARTIDO POPULAR/PARTIT POPULAR - PP,0,0,Ministerio del Interior / portal oficial de datos abiertos,PRIMARY_OFFICIAL
2019A,2019-04-28,39 - Cantabria,PARTIDO REGIONALISTA DE CANTABRIA - PRC,52266,1,Ministerio del Interior / portal oficial de datos abiertos,PRIMARY_OFFICIAL
2019A,2019-04-28,39 - Cantabria,PARTIDO REGIONALISTA DEL PAIS LEONES - PREPAL,0,0,Ministerio del Interior / portal oficial de datos abiertos,PRIMARY_OFFICIAL
2019A,2019-04-28,39 - Cantabria,PARTIDO REPUBLICANO INDEPENDIENTE SOLIDARIO ANDALUZ - RISA,0,0,Ministerio del Interior / portal oficial de datos abiertos,PRIMARY_OFFICIAL
2019A,2019-04-28,39 - Cantabria,PARTIDO RIOJANO - PR+,0,0,Ministerio del Interior / portal oficial de datos abiertos,PRIMARY_OFFICIAL
2019A,2019-04-28,39 - Cantabria,PARTIDO SOCIALISTA DE EUSKADI-EUSKADIKO EZKERRA (PSOE) - PSE-EE (PSOE),0,0,Ministerio del Interior / portal oficial de datos abiertos,PRIMARY_OFFICIAL
2019A,2019-04-28,39 - Cantabria,PARTIDO SOCIALISTA OBRERO ESPAÑOL - PSOE,90534,2,Ministerio del Interior / portal oficial de datos abiertos,PRIMARY_OFFICIAL
2019A,2019-04-28,39 - Cantabria,PARTIT ANIMALISTA CONTRA EL MALTRACTAMENT ANIMAL - PACMA,0,0,Ministerio del Interior / portal oficial de datos abiertos,PRIMARY_OFFICIAL
2019A,2019-04-28,39 - Cantabria,PARTIT COMUNISTA DEL POBLE DE CATALUNYA - PCPC,0,0,Ministerio del Interior / portal oficial de datos abiertos,PRIMARY_OFFICIAL
2019A,2019-04-28,39 - Cantabria,PARTIT COMUNISTA DELS POBLES D'ESPANYA - PCPE,0,0,Ministerio del Interior / portal oficial de datos abiertos,PRIMARY_OFFICIAL
2019A,2019-04-28,39 - Cantabria,PARTIT COMUNISTA DELS TREBALLADORS DE CATALUNYA - PCTC,0,0,Ministerio del Interior / portal oficial de datos abiertos,PRIMARY_OFFICIAL
2019A,2019-04-28,39 - Cantabria,PARTIT DELS SOCIALISTES DE CATALUNYA (PSC-PSOE) - PSC,0,0,Ministerio del Interior / portal oficial de datos abiertos,PRIMARY_OFFICIAL
2019A,2019-04-28,39 - Cantabria,PARTIT POPULAR-PARTIDO POPULAR - PP,0,0,Ministerio del Interior / portal oficial de datos abiertos,PRIMARY_OFFICIAL
2019A,2019-04-28,39 - Cantabria,PARTIT SOCIALISTA OBRER ESPANYOL - PSOE,0,0,Ministerio del Interior / portal oficial de datos abiertos,PRIMARY_OFFICIAL
2019A,2019-04-28,39 - Cantabria,PER UN MÓN MÉS JUST - PUM+J,0,0,Ministerio del Interior / portal oficial de datos abiertos,PRIMARY_OFFICIAL
2019A,2019-04-28,39 - Cantabria,PLATAFORMA DEL PUEBLO SORIANO - PPSO,0,0,Ministerio del Interior / portal oficial de datos abiertos,PRIMARY_OFFICIAL
2019A,2019-04-28,39 - Cantabria,POBLE LLIURE - SOM ALTERNATIVA - PIRATES DE CATALU - FRONT REPUB,0,0,Ministerio del Interior / portal oficial de datos abiertos,PRIMARY_OFFICIAL
2019A,2019-04-28,39 - Cantabria,POR UN MUNDO MÁS JUSTO (BIDEZKO MUNDURANTZ) - PUM+J,0,0,Ministerio del Interior / portal oficial de datos abiertos,PRIMARY_OFFICIAL
2019A,2019-04-28,39 - Cantabria,POR UN MUNDO MÁS JUSTO - PUM+J,274,0,Ministerio del Interior / portal oficial de datos abiertos,PRIMARY_OFFICIAL
2019A,2019-04-28,39 - Cantabria,PUYALON - PYLN,0,0,Ministerio del Interior / portal oficial de datos abiertos,PRIMARY_OFFICIAL
2019A,2019-04-28,39 - Cantabria,RECORTES CERO-GRUPO VERDE - RECORTES CERO-GV,332,0,Ministerio del Interior / portal oficial de datos abiertos,PRIMARY_OFFICIAL
2019A,2019-04-28,39 - Cantabria,RECORTES CERO-GRUPO VERDE-PARTIDO CASTELLANO-TIERRA COMUNERA - RECORTES CERO-GV-PCAS-TC,0,0,Ministerio del Interior / portal oficial de datos abiertos,PRIMARY_OFFICIAL
2019A,2019-04-28,39 - Cantabria,SOM VALENCIANS EN MOVIMENT - UIG-SOM-CUIDES,0,0,Ministerio del Interior / portal oficial de datos abiertos,PRIMARY_OFFICIAL
2019A,2019-04-28,39 - Cantabria,SOMOS REGIÓN - SOMOS REGIÓ,0,0,Ministerio del Interior / portal oficial de datos abiertos,PRIMARY_OFFICIAL
2019A,2019-04-28,39 - Cantabria,UNIDAS PODEMOS - PODEMOS-EUPV,0,0,Ministerio del Interior / portal oficial de datos abiertos,PRIMARY_OFFICIAL
2019A,2019-04-28,39 - Cantabria,UNIDAS PODEMOS - PODEMOS-IU LV CA-EQUO,0,0,Ministerio del Interior / portal oficial de datos abiertos,PRIMARY_OFFICIAL
2019A,2019-04-28,39 - Cantabria,UNIDAS PODEMOS - PODEMOS-IU-EQUO,36784,0,Ministerio del Interior / portal oficial de datos abiertos,PRIMARY_OFFICIAL
2019A,2019-04-28,39 - Cantabria,UNIDAS PODEMOS - PODEMOS-IU-EQUO-BATZARRE,0,0,Ministerio del Interior / portal oficial de datos abiertos,PRIMARY_OFFICIAL
2019A,2019-04-28,39 - Cantabria,UNIDAS PODEMOS-ALTOARAGÓN EN COMÚN - PODEMOS-IU-,0,0,Ministerio del Interior / portal oficial de datos abiertos,PRIMARY_OFFICIAL
2019A,2019-04-28,39 - Cantabria,UNIDAS PODEMOS-UNIDES PODEM - PODEMOS-EUIB,0,0,Ministerio del Interior / portal oficial de datos abiertos,PRIMARY_OFFICIAL
2019A,2019-04-28,39 - Cantabria,UNIDAS PODEMOS-XUNIES PODEMOS - PODEMOS-IX-EQUO,0,0,Ministerio del Interior / portal oficial de datos abiertos,PRIMARY_OFFICIAL
2019A,2019-04-28,39 - Cantabria,UNIÓN DE TODOS - UDT,0,0,Ministerio del Interior / portal oficial de datos abiertos,PRIMARY_OFFICIAL
2019A,2019-04-28,39 - Cantabria,UNIÓN REGIONALISTA DE CASTILLA Y LEÓN - UNIÓN REGIO,0,0,Ministerio del Interior / portal oficial de datos abiertos,PRIMARY_OFFICIAL
2019A,2019-04-28,39 - Cantabria,VIVIR OURENSE - VOU,0,0,Ministerio del Interior / portal oficial de datos abiertos,PRIMARY_OFFICIAL
2019A,2019-04-28,39 - Cantabria,VOX - VOX,40139,0,Ministerio del Interior / portal oficial de datos abiertos,PRIMARY_OFFICIAL
2019A,2019-04-28,39 - Cantabria,Veus PROGRESSISTES - ARA-MES-ESQUERRA,0,0,Ministerio del Interior / portal oficial de datos abiertos,PRIMARY_OFFICIAL
2019A,2019-04-28,4 - Almería,ACTÚA - PACT,0,0,Ministerio del Interior / portal oficial de datos abiertos,PRIMARY_OFFICIAL
2019A,2019-04-28,4 - Almería,AHORA CANARIAS: Alternativa Nacionalista Canaria ANC y Unidad del Pueblo - AHORA CANARIAS,0,0,Ministerio del Interior / portal oficial de datos abiertos,PRIMARY_OFFICIAL
2019A,2019-04-28,4 - Almería,ANDALUCÍA POR SÍ - AxSI,0,0,Ministerio del Interior / portal oficial de datos abiertos,PRIMARY_OFFICIAL
2019A,2019-04-28,4 - Almería,ANDECHA ASTUR - ANDECHA ASTUR,0,0,Ministerio del Interior / portal oficial de datos abiertos,PRIMARY_OFFICIAL
2019A,2019-04-28,4 - Almería,AVANT ADELANTE LOS VERDES - AVANT ADELANTE LOS VERDES,0,0,Ministerio del Interior / portal oficial de datos abiertos,PRIMARY_OFFICIAL
2019A,2019-04-28,4 - Almería,BLOQUE NACIONALISTA GALEGO - BNG,0,0,Ministerio del Interior / portal oficial de datos abiertos,PRIMARY_OFFICIAL
2019A,2019-04-28,4 - Almería,CENTRADOS - centrados,0,0,Ministerio del Interior / portal oficial de datos abiertos,PRIMARY_OFFICIAL
2019A,2019-04-28,4 - Almería,CIUDADANOS INDEPENDIENTES DE LINARES UNIDOS - CILU-LINARES,0,0,Ministerio del Interior / portal oficial de datos abiertos,PRIMARY_OFFICIAL
2019A,2019-04-28,4 - Almería,CIUDADANOS-PARTIDO DE LA CIUDADANÍA - Cs,56268,1,Ministerio del Interior / portal oficial de datos abiertos,PRIMARY_OFFICIAL
2019A,2019-04-28,4 - Almería,CIUTADANS-PARTIDO DE LA CIUDADANÍA - Cs,0,0,Ministerio del Interior / portal oficial de datos abiertos,PRIMARY_OFFICIAL
2019A,2019-04-28,4 - Almería,COALICION CANARIA-PARTIDO NACIONALISTA CANARIO - CCa-PNC,0,0,Ministerio del Interior / portal oficial de datos abiertos,PRIMARY_OFFICIAL
2019A,2019-04-28,4 - Almería,COALICION POR MELILLA - CpM,0,0,Ministerio del Interior / portal oficial de datos abiertos,PRIMARY_OFFICIAL
2019A,2019-04-28,4 - Almería,COMPROMISO POR GALICIA - CxG,0,0,Ministerio del Interior / portal oficial de datos abiertos,PRIMARY_OFFICIAL
2019A,2019-04-28,4 - Almería,COMPROMÍS: BLOC-INICIATIVA-VERDSEQUO - COMPROMÍS 2,0,0,Ministerio del Interior / portal oficial de datos abiertos,PRIMARY_OFFICIAL
2019A,2019-04-28,4 - Almería,CONVERGENTS - CNV,0,0,Ministerio del Interior / portal oficial de datos abiertos,PRIMARY_OFFICIAL
2019A,2019-04-28,4 - Almería,CONVERXENCIA 21 - C 21,0,0,Ministerio del Interior / portal oficial de datos abiertos,PRIMARY_OFFICIAL
2019A,2019-04-28,4 - Almería,DEFENSA DE LO PÚBLICO - DP,0,0,Ministerio del Interior / portal oficial de datos abiertos,PRIMARY_OFFICIAL
2019A,2019-04-28,4 - Almería,DEMOCRACIA PLURAL - DPL,0,0,Ministerio del Interior / portal oficial de datos abiertos,PRIMARY_OFFICIAL
2019A,2019-04-28,4 - Almería,EL PI - PROPOSTA PER LES ILLES BALEARS - EL PI,0,0,Ministerio del Interior / portal oficial de datos abiertos,PRIMARY_OFFICIAL
2019A,2019-04-28,4 - Almería,ELKARREKIN PODEMOS-UNIDAS PODEMOS - PODEMOS-IU-EQUO BERDEAK,0,0,Ministerio del Interior / portal oficial de datos abiertos,PRIMARY_OFFICIAL
2019A,2019-04-28,4 - Almería,EN COMÚ PODEM - GUANYEM EL CANVI - ECP-GUANYEM,0,0,Ministerio del Interior / portal oficial de datos abiertos,PRIMARY_OFFICIAL
2019A,2019-04-28,4 - Almería,EN COMÚN-UNIDAS PODEMOS - PODEMOS-EU-,0,0,Ministerio del Interior / portal oficial de datos abiertos,PRIMARY_OFFICIAL
2019A,2019-04-28,4 - Almería,EN MAREA - EN MAREA,0,0,Ministerio del Interior / portal oficial de datos abiertos,PRIMARY_OFFICIAL
2019A,2019-04-28,4 - Almería,ESCANOS EN BRANCO - EB,0,0,Ministerio del Interior / portal oficial de datos abiertos,PRIMARY_OFFICIAL
2019A,2019-04-28,4 - Almería,ESCAÑOS EN BLANCO - EB,536,0,Ministerio del Interior / portal oficial de datos abiertos,PRIMARY_OFFICIAL
2019A,2019-04-28,4 - Almería,ESCAÑOS EN BLANCO-AULKI ZURIAK - EB,0,0,Ministerio del Interior / portal oficial de datos abiertos,PRIMARY_OFFICIAL
2019A,2019-04-28,4 - Almería,ESQUERRA REPUBLICANA DE CATALUNYA-SOBIRANISTES - ERC-SOBIRANISTES,0,0,Ministerio del Interior / portal oficial de datos abiertos,PRIMARY_OFFICIAL
2019A,2019-04-28,4 - Almería,ESQUERRA REPUBLICANA DEL PAÍS VALENCIÀ - ERPV,0,0,Ministerio del Interior / portal oficial de datos abiertos,PRIMARY_OFFICIAL
2019A,2019-04-28,4 - Almería,EUSKADIKO LANGILEEN ALDERDI KOMUNISTA/PARTIDO COMUNISTA DE LOS TRABAJADORES DE EUSKADI - ELAK/PCTE,0,0,Ministerio del Interior / portal oficial de datos abiertos,PRIMARY_OFFICIAL
2019A,2019-04-28,4 - Almería,EUSKAL HERRIA BILDU - EH Bildu,0,0,Ministerio del Interior / portal oficial de datos abiertos,PRIMARY_OFFICIAL
2019A,2019-04-28,4 - Almería,EUZKO ALDERDI JELTZALEA-PARTIDO NACIONALISTA VASCO - EAJ-PNV,0,0,Ministerio del Interior / portal oficial de datos abiertos,PRIMARY_OFFICIAL
2019A,2019-04-28,4 - Almería,EXTREMEÑOS PREX CREX - C.Ex-C.R.Ex,0,0,Ministerio del Interior / portal oficial de datos abiertos,PRIMARY_OFFICIAL
2019A,2019-04-28,4 - Almería,FALANGE ESPAÑOLA DE LAS JONS - FE de las J,0,0,Ministerio del Interior / portal oficial de datos abiertos,PRIMARY_OFFICIAL
2019A,2019-04-28,4 - Almería,FEDERACION DE LOS INDEPENDIENTES DE ARAGON - FIA,0,0,Ministerio del Interior / portal oficial de datos abiertos,PRIMARY_OFFICIAL
2019A,2019-04-28,4 - Almería,FEMINISM8 - F8,0,0,Ministerio del Interior / portal oficial de datos abiertos,PRIMARY_OFFICIAL
2019A,2019-04-28,4 - Almería,GEROA BAI - GBAI,0,0,Ministerio del Interior / portal oficial de datos abiertos,PRIMARY_OFFICIAL
2019A,2019-04-28,4 - Almería,IZQUIERDA ANTICAPITALISTA REVOLUCIONARIA - IZAR,0,0,Ministerio del Interior / portal oficial de datos abiertos,PRIMARY_OFFICIAL
2019A,2019-04-28,4 - Almería,IZQUIERDA EN POSITIVO - IZQP,0,0,Ministerio del Interior / portal oficial de datos abiertos,PRIMARY_OFFICIAL
2019A,2019-04-28,4 - Almería,JUNTS PER CATALUNYA-JUNTS - JxCAT-JUNTS,0,0,Ministerio del Interior / portal oficial de datos abiertos,PRIMARY_OFFICIAL
2019A,2019-04-28,4 - Almería,LOS VERDES ECOPACIFISTAS ADELANTE - AVANT-LOS VERDES,0,0,Ministerio del Interior / portal oficial de datos abiertos,PRIMARY_OFFICIAL
2019A,2019-04-28,4 - Almería,MUERTE AL SISTEMA - +MAS+,0,0,Ministerio del Interior / portal oficial de datos abiertos,PRIMARY_OFFICIAL
2019A,2019-04-28,4 - Almería,NAVARRA SUMA - NA+,0,0,Ministerio del Interior / portal oficial de datos abiertos,PRIMARY_OFFICIAL
2019A,2019-04-28,4 - Almería,NUEVA CANARIAS - NCa,0,0,Ministerio del Interior / portal oficial de datos abiertos,PRIMARY_OFFICIAL
2019A,2019-04-28,4 - Almería,PARTIDO ANIMALISTA CONTRA EL MALTRATO ANIMAL - PACMA,3452,0,Ministerio del Interior / portal oficial de datos abiertos,PRIMARY_OFFICIAL
2019A,2019-04-28,4 - Almería,PARTIDO COMUNISTA DE LOS PUEBLOS DE ESPAÑA - PCPE,0,0,Ministerio del Interior / portal oficial de datos abiertos,PRIMARY_OFFICIAL
2019A,2019-04-28,4 - Almería,PARTIDO COMUNISTA DE LOS TRABAJADORES DE ESPAÑA - PCTE,0,0,Ministerio del Interior / portal oficial de datos abiertos,PRIMARY_OFFICIAL
2019A,2019-04-28,4 - Almería,PARTIDO COMUNISTA DE LOS TRABAJADORES DE EUSKADI/EUSKADIKO LANGILEEN ALDERDI KOMUNISTA - PCTE/ELAK,0,0,Ministerio del Interior / portal oficial de datos abiertos,PRIMARY_OFFICIAL
2019A,2019-04-28,4 - Almería,PARTIDO COMUNISTA DEL PUEBLO ANDALUZ - PCPA,353,0,Ministerio del Interior / portal oficial de datos abiertos,PRIMARY_OFFICIAL
2019A,2019-04-28,4 - Almería,PARTIDO COMUNISTA DEL PUEBLO CANARIO - PCPC,0,0,Ministerio del Interior / portal oficial de datos abiertos,PRIMARY_OFFICIAL
2019A,2019-04-28,4 - Almería,PARTIDO COMUNISTA DOS TRABALLADORES DE GALIZA - PCTG,0,0,Ministerio del Interior / portal oficial de datos abiertos,PRIMARY_OFFICIAL
2019A,2019-04-28,4 - Almería,PARTIDO COMUNISTA OBRERO ESPAÑOL - PCOE,0,0,Ministerio del Interior / portal oficial de datos abiertos,PRIMARY_OFFICIAL
2019A,2019-04-28,4 - Almería,PARTIDO DE ACCIÓN SOLIDARIA EUROPEA - SOLIDARIA,0,0,Ministerio del Interior / portal oficial de datos abiertos,PRIMARY_OFFICIAL
2019A,2019-04-28,4 - Almería,"PARTIDO DE JUBILADOS POR EL FUTURO. DIGNIDAD Y DEMOCRACIA - ""JF""",0,0,Ministerio del Interior / portal oficial de datos abiertos,PRIMARY_OFFICIAL
2019A,2019-04-28,4 - Almería,PARTIDO DEMÓCRATA SOCIAL JUBILADOS EUROPEOS - UNID - PDSJE-UDEC,0,0,Ministerio del Interior / portal oficial de datos abiertos,PRIMARY_OFFICIAL
2019A,2019-04-28,4 - Almería,PARTIDO DOS SOCIALISTAS DE GALICIA-PARTIDO SOCIALI - PSdeG-PSOE,0,0,Ministerio del Interior / portal oficial de datos abiertos,PRIMARY_OFFICIAL
2019A,2019-04-28,4 - Almería,PARTIDO HUMANISTA - PH,0,0,Ministerio del Interior / portal oficial de datos abiertos,PRIMARY_OFFICIAL
2019A,2019-04-28,4 - Almería,PARTIDO LIBERTARIO - P-LIB,0,0,Ministerio del Interior / portal oficial de datos abiertos,PRIMARY_OFFICIAL
2019A,2019-04-28,4 - Almería,PARTIDO POPULAR - FORO - PP-FORO,0,0,Ministerio del Interior / portal oficial de datos abiertos,PRIMARY_OFFICIAL
2019A,2019-04-28,4 - Almería,PARTIDO POPULAR - PP,73952,2,Ministerio del Interior / portal oficial de datos abiertos,PRIMARY_OFFICIAL
2019A,2019-04-28,4 - Almería,PARTIDO POPULAR/PARTIT POPULAR - PP,0,0,Ministerio del Interior / portal oficial de datos abiertos,PRIMARY_OFFICIAL
2019A,2019-04-28,4 - Almería,PARTIDO REGIONALISTA DE CANTABRIA - PRC,0,0,Ministerio del Interior / portal oficial de datos abiertos,PRIMARY_OFFICIAL
2019A,2019-04-28,4 - Almería,PARTIDO REGIONALISTA DEL PAIS LEONES - PREPAL,0,0,Ministerio del Interior / portal oficial de datos abiertos,PRIMARY_OFFICIAL
2019A,2019-04-28,4 - Almería,PARTIDO REPUBLICANO INDEPENDIENTE SOLIDARIO ANDALUZ - RISA,0,0,Ministerio del Interior / portal oficial de datos abiertos,PRIMARY_OFFICIAL
2019A,2019-04-28,4 - Almería,PARTIDO RIOJANO - PR+,0,0,Ministerio del Interior / portal oficial de datos abiertos,PRIMARY_OFFICIAL
2019A,2019-04-28,4 - Almería,PARTIDO SOCIALISTA DE EUSKADI-EUSKADIKO EZKERRA (PSOE) - PSE-EE (PSOE),0,0,Ministerio del Interior / portal oficial de datos abiertos,PRIMARY_OFFICIAL
2019A,2019-04-28,4 - Almería,PARTIDO SOCIALISTA OBRERO ESPAÑOL - PSOE,98924,2,Ministerio del Interior / portal oficial de datos abiertos,PRIMARY_OFFICIAL
2019A,2019-04-28,4 - Almería,PARTIT ANIMALISTA CONTRA EL MALTRACTAMENT ANIMAL - PACMA,0,0,Ministerio del Interior / portal oficial de datos abiertos,PRIMARY_OFFICIAL
2019A,2019-04-28,4 - Almería,PARTIT COMUNISTA DEL POBLE DE CATALUNYA - PCPC,0,0,Ministerio del Interior / portal oficial de datos abiertos,PRIMARY_OFFICIAL
2019A,2019-04-28,4 - Almería,PARTIT COMUNISTA DELS POBLES D'ESPANYA - PCPE,0,0,Ministerio del Interior / portal oficial de datos abiertos,PRIMARY_OFFICIAL
2019A,2019-04-28,4 - Almería,PARTIT COMUNISTA DELS TREBALLADORS DE CATALUNYA - PCTC,0,0,Ministerio del Interior / portal oficial de datos abiertos,PRIMARY_OFFICIAL
2019A,2019-04-28,4 - Almería,PARTIT DELS SOCIALISTES DE CATALUNYA (PSC-PSOE) - PSC,0,0,Ministerio del Interior / portal oficial de datos abiertos,PRIMARY_OFFICIAL
2019A,2019-04-28,4 - Almería,PARTIT POPULAR-PARTIDO POPULAR - PP,0,0,Ministerio del Interior / portal oficial de datos abiertos,PRIMARY_OFFICIAL
2019A,2019-04-28,4 - Almería,PARTIT SOCIALISTA OBRER ESPANYOL - PSOE,0,0,Ministerio del Interior / portal oficial de datos abiertos,PRIMARY_OFFICIAL
2019A,2019-04-28,4 - Almería,PER UN MÓN MÉS JUST - PUM+J,0,0,Ministerio del Interior / portal oficial de datos abiertos,PRIMARY_OFFICIAL
2019A,2019-04-28,4 - Almería,PLATAFORMA DEL PUEBLO SORIANO - PPSO,0,0,Ministerio del Interior / portal oficial de datos abiertos,PRIMARY_OFFICIAL
2019A,2019-04-28,4 - Almería,POBLE LLIURE - SOM ALTERNATIVA - PIRATES DE CATALU - FRONT REPUB,0,0,Ministerio del Interior / portal oficial de datos abiertos,PRIMARY_OFFICIAL
2019A,2019-04-28,4 - Almería,POR UN MUNDO MÁS JUSTO (BIDEZKO MUNDURANTZ) - PUM+J,0,0,Ministerio del Interior / portal oficial de datos abiertos,PRIMARY_OFFICIAL
2019A,2019-04-28,4 - Almería,POR UN MUNDO MÁS JUSTO - PUM+J,335,0,Ministerio del Interior / portal oficial de datos abiertos,PRIMARY_OFFICIAL
2019A,2019-04-28,4 - Almería,PUYALON - PYLN,0,0,Ministerio del Interior / portal oficial de datos abiertos,PRIMARY_OFFICIAL
2019A,2019-04-28,4 - Almería,RECORTES CERO-GRUPO VERDE - RECORTES CERO-GV,412,0,Ministerio del Interior / portal oficial de datos abiertos,PRIMARY_OFFICIAL
2019A,2019-04-28,4 - Almería,RECORTES CERO-GRUPO VERDE-PARTIDO CASTELLANO-TIERRA COMUNERA - RECORTES CERO-GV-PCAS-TC,0,0,Ministerio del Interior / portal oficial de datos abiertos,PRIMARY_OFFICIAL
2019A,2019-04-28,4 - Almería,SOM VALENCIANS EN MOVIMENT - UIG-SOM-CUIDES,0,0,Ministerio del Interior / portal oficial de datos abiertos,PRIMARY_OFFICIAL
2019A,2019-04-28,4 - Almería,SOMOS REGIÓN - SOMOS REGIÓ,0,0,Ministerio del Interior / portal oficial de datos abiertos,PRIMARY_OFFICIAL
2019A,2019-04-28,4 - Almería,UNIDAS PODEMOS - PODEMOS-EUPV,0,0,Ministerio del Interior / portal oficial de datos abiertos,PRIMARY_OFFICIAL
2019A,2019-04-28,4 - Almería,UNIDAS PODEMOS - PODEMOS-IU LV CA-EQUO,28934,0,Ministerio del Interior / portal oficial de datos abiertos,PRIMARY_OFFICIAL
2019A,2019-04-28,4 - Almería,UNIDAS PODEMOS - PODEMOS-IU-EQUO,0,0,Ministerio del Interior / portal oficial de datos abiertos,PRIMARY_OFFICIAL
2019A,2019-04-28,4 - Almería,UNIDAS PODEMOS - PODEMOS-IU-EQUO-BATZARRE,0,0,Ministerio del Interior / portal oficial de datos abiertos,PRIMARY_OFFICIAL
2019A,2019-04-28,4 - Almería,UNIDAS PODEMOS-ALTOARAGÓN EN COMÚN - PODEMOS-IU-,0,0,Ministerio del Interior / portal oficial de datos abiertos,PRIMARY_OFFICIAL
2019A,2019-04-28,4 - Almería,UNIDAS PODEMOS-UNIDES PODEM - PODEMOS-EUIB,0,0,Ministerio del Interior / portal oficial de datos abiertos,PRIMARY_OFFICIAL
2019A,2019-04-28,4 - Almería,UNIDAS PODEMOS-XUNIES PODEMOS - PODEMOS-IX-EQUO,0,0,Ministerio del Interior / portal oficial de datos abiertos,PRIMARY_OFFICIAL
2019A,2019-04-28,4 - Almería,UNIÓN DE TODOS - UDT,0,0,Ministerio del Interior / portal oficial de datos abiertos,PRIMARY_OFFICIAL
2019A,2019-04-28,4 - Almería,UNIÓN REGIONALISTA DE CASTILLA Y LEÓN - UNIÓN REGIO,0,0,Ministerio del Interior / portal oficial de datos abiertos,PRIMARY_OFFICIAL
2019A,2019-04-28,4 - Almería,VIVIR OURENSE - VOU,0,0,Ministerio del Interior / portal oficial de datos abiertos,PRIMARY_OFFICIAL
2019A,2019-04-28,4 - Almería,VOX - VOX,62648,1,Ministerio del Interior / portal oficial de datos abiertos,PRIMARY_OFFICIAL
2019A,2019-04-28,4 - Almería,Veus PROGRESSISTES - ARA-MES-ESQUERRA,0,0,Ministerio del Interior / portal oficial de datos abiertos,PRIMARY_OFFICIAL
2019A,2019-04-28,40 - Segovia,ACTÚA - PACT,276,0,Ministerio del Interior / portal oficial de datos abiertos,PRIMARY_OFFICIAL
2019A,2019-04-28,40 - Segovia,AHORA CANARIAS: Alternativa Nacionalista Canaria ANC y Unidad del Pueblo - AHORA CANARIAS,0,0,Ministerio del Interior / portal oficial de datos abiertos,PRIMARY_OFFICIAL
2019A,2019-04-28,40 - Segovia,ANDALUCÍA POR SÍ - AxSI,0,0,Ministerio del Interior / portal oficial de datos abiertos,PRIMARY_OFFICIAL
2019A,2019-04-28,40 - Segovia,ANDECHA ASTUR - ANDECHA ASTUR,0,0,Ministerio del Interior / portal oficial de datos abiertos,PRIMARY_OFFICIAL
2019A,2019-04-28,40 - Segovia,AVANT ADELANTE LOS VERDES - AVANT ADELANTE LOS VERDES,0,0,Ministerio del Interior / portal oficial de datos abiertos,PRIMARY_OFFICIAL
2019A,2019-04-28,40 - Segovia,BLOQUE NACIONALISTA GALEGO - BNG,0,0,Ministerio del Interior / portal oficial de datos abiertos,PRIMARY_OFFICIAL
2019A,2019-04-28,40 - Segovia,CENTRADOS - centrados,459,0,Ministerio del Interior / portal oficial de datos abiertos,PRIMARY_OFFICIAL
2019A,2019-04-28,40 - Segovia,CIUDADANOS INDEPENDIENTES DE LINARES UNIDOS - CILU-LINARES,0,0,Ministerio del Interior / portal oficial de datos abiertos,PRIMARY_OFFICIAL
2019A,2019-04-28,40 - Segovia,CIUDADANOS-PARTIDO DE LA CIUDADANÍA - Cs,18460,1,Ministerio del Interior / portal oficial de datos abiertos,PRIMARY_OFFICIAL
2019A,2019-04-28,40 - Segovia,CIUTADANS-PARTIDO DE LA CIUDADANÍA - Cs,0,0,Ministerio del Interior / portal oficial de datos abiertos,PRIMARY_OFFICIAL
2019A,2019-04-28,40 - Segovia,COALICION CANARIA-PARTIDO NACIONALISTA CANARIO - CCa-PNC,0,0,Ministerio del Interior / portal oficial de datos abiertos,PRIMARY_OFFICIAL
2019A,2019-04-28,40 - Segovia,COALICION POR MELILLA - CpM,0,0,Ministerio del Interior / portal oficial de datos abiertos,PRIMARY_OFFICIAL
2019A,2019-04-28,40 - Segovia,COMPROMISO POR GALICIA - CxG,0,0,Ministerio del Interior / portal oficial de datos abiertos,PRIMARY_OFFICIAL
2019A,2019-04-28,40 - Segovia,COMPROMÍS: BLOC-INICIATIVA-VERDSEQUO - COMPROMÍS 2,0,0,Ministerio del Interior / portal oficial de datos abiertos,PRIMARY_OFFICIAL
2019A,2019-04-28,40 - Segovia,CONVERGENTS - CNV,0,0,Ministerio del Interior / portal oficial de datos abiertos,PRIMARY_OFFICIAL
2019A,2019-04-28,40 - Segovia,CONVERXENCIA 21 - C 21,0,0,Ministerio del Interior / portal oficial de datos abiertos,PRIMARY_OFFICIAL
2019A,2019-04-28,40 - Segovia,DEFENSA DE LO PÚBLICO - DP,0,0,Ministerio del Interior / portal oficial de datos abiertos,PRIMARY_OFFICIAL
2019A,2019-04-28,40 - Segovia,DEMOCRACIA PLURAL - DPL,0,0,Ministerio del Interior / portal oficial de datos abiertos,PRIMARY_OFFICIAL
2019A,2019-04-28,40 - Segovia,EL PI - PROPOSTA PER LES ILLES BALEARS - EL PI,0,0,Ministerio del Interior / portal oficial de datos abiertos,PRIMARY_OFFICIAL
2019A,2019-04-28,40 - Segovia,ELKARREKIN PODEMOS-UNIDAS PODEMOS - PODEMOS-IU-EQUO BERDEAK,0,0,Ministerio del Interior / portal oficial de datos abiertos,PRIMARY_OFFICIAL
2019A,2019-04-28,40 - Segovia,EN COMÚ PODEM - GUANYEM EL CANVI - ECP-GUANYEM,0,0,Ministerio del Interior / portal oficial de datos abiertos,PRIMARY_OFFICIAL
2019A,2019-04-28,40 - Segovia,EN COMÚN-UNIDAS PODEMOS - PODEMOS-EU-,0,0,Ministerio del Interior / portal oficial de datos abiertos,PRIMARY_OFFICIAL
2019A,2019-04-28,40 - Segovia,EN MAREA - EN MAREA,0,0,Ministerio del Interior / portal oficial de datos abiertos,PRIMARY_OFFICIAL
2019A,2019-04-28,40 - Segovia,ESCANOS EN BRANCO - EB,0,0,Ministerio del Interior / portal oficial de datos abiertos,PRIMARY_OFFICIAL
2019A,2019-04-28,40 - Segovia,ESCAÑOS EN BLANCO - EB,0,0,Ministerio del Interior / portal oficial de datos abiertos,PRIMARY_OFFICIAL
2019A,2019-04-28,40 - Segovia,ESCAÑOS EN BLANCO-AULKI ZURIAK - EB,0,0,Ministerio del Interior / portal oficial de datos abiertos,PRIMARY_OFFICIAL
2019A,2019-04-28,40 - Segovia,ESQUERRA REPUBLICANA DE CATALUNYA-SOBIRANISTES - ERC-SOBIRANISTES,0,0,Ministerio del Interior / portal oficial de datos abiertos,PRIMARY_OFFICIAL
2019A,2019-04-28,40 - Segovia,ESQUERRA REPUBLICANA DEL PAÍS VALENCIÀ - ERPV,0,0,Ministerio del Interior / portal oficial de datos abiertos,PRIMARY_OFFICIAL
2019A,2019-04-28,40 - Segovia,EUSKADIKO LANGILEEN ALDERDI KOMUNISTA/PARTIDO COMUNISTA DE LOS TRABAJADORES DE EUSKADI - ELAK/PCTE,0,0,Ministerio del Interior / portal oficial de datos abiertos,PRIMARY_OFFICIAL
2019A,2019-04-28,40 - Segovia,EUSKAL HERRIA BILDU - EH Bildu,0,0,Ministerio del Interior / portal oficial de datos abiertos,PRIMARY_OFFICIAL
2019A,2019-04-28,40 - Segovia,EUZKO ALDERDI JELTZALEA-PARTIDO NACIONALISTA VASCO - EAJ-PNV,0,0,Ministerio del Interior / portal oficial de datos abiertos,PRIMARY_OFFICIAL
2019A,2019-04-28,40 - Segovia,EXTREMEÑOS PREX CREX - C.Ex-C.R.Ex,0,0,Ministerio del Interior / portal oficial de datos abiertos,PRIMARY_OFFICIAL
2019A,2019-04-28,40 - Segovia,FALANGE ESPAÑOLA DE LAS JONS - FE de las J,0,0,Ministerio del Interior / portal oficial de datos abiertos,PRIMARY_OFFICIAL
2019A,2019-04-28,40 - Segovia,FEDERACION DE LOS INDEPENDIENTES DE ARAGON - FIA,0,0,Ministerio del Interior / portal oficial de datos abiertos,PRIMARY_OFFICIAL
2019A,2019-04-28,40 - Segovia,FEMINISM8 - F8,0,0,Ministerio del Interior / portal oficial de datos abiertos,PRIMARY_OFFICIAL
2019A,2019-04-28,40 - Segovia,GEROA BAI - GBAI,0,0,Ministerio del Interior / portal oficial de datos abiertos,PRIMARY_OFFICIAL
2019A,2019-04-28,40 - Segovia,IZQUIERDA ANTICAPITALISTA REVOLUCIONARIA - IZAR,0,0,Ministerio del Interior / portal oficial de datos abiertos,PRIMARY_OFFICIAL
2019A,2019-04-28,40 - Segovia,IZQUIERDA EN POSITIVO - IZQP,0,0,Ministerio del Interior / portal oficial de datos abiertos,PRIMARY_OFFICIAL
2019A,2019-04-28,40 - Segovia,JUNTS PER CATALUNYA-JUNTS - JxCAT-JUNTS,0,0,Ministerio del Interior / portal oficial de datos abiertos,PRIMARY_OFFICIAL
2019A,2019-04-28,40 - Segovia,LOS VERDES ECOPACIFISTAS ADELANTE - AVANT-LOS VERDES,0,0,Ministerio del Interior / portal oficial de datos abiertos,PRIMARY_OFFICIAL
2019A,2019-04-28,40 - Segovia,MUERTE AL SISTEMA - +MAS+,0,0,Ministerio del Interior / portal oficial de datos abiertos,PRIMARY_OFFICIAL
2019A,2019-04-28,40 - Segovia,NAVARRA SUMA - NA+,0,0,Ministerio del Interior / portal oficial de datos abiertos,PRIMARY_OFFICIAL
2019A,2019-04-28,40 - Segovia,NUEVA CANARIAS - NCa,0,0,Ministerio del Interior / portal oficial de datos abiertos,PRIMARY_OFFICIAL
2019A,2019-04-28,40 - Segovia,PARTIDO ANIMALISTA CONTRA EL MALTRATO ANIMAL - PACMA,611,0,Ministerio del Interior / portal oficial de datos abiertos,PRIMARY_OFFICIAL
2019A,2019-04-28,40 - Segovia,PARTIDO COMUNISTA DE LOS PUEBLOS DE ESPAÑA - PCPE,0,0,Ministerio del Interior / portal oficial de datos abiertos,PRIMARY_OFFICIAL
2019A,2019-04-28,40 - Segovia,PARTIDO COMUNISTA DE LOS TRABAJADORES DE ESPAÑA - PCTE,89,0,Ministerio del Interior / portal oficial de datos abiertos,PRIMARY_OFFICIAL
2019A,2019-04-28,40 - Segovia,PARTIDO COMUNISTA DE LOS TRABAJADORES DE EUSKADI/EUSKADIKO LANGILEEN ALDERDI KOMUNISTA - PCTE/ELAK,0,0,Ministerio del Interior / portal oficial de datos abiertos,PRIMARY_OFFICIAL
2019A,2019-04-28,40 - Segovia,PARTIDO COMUNISTA DEL PUEBLO ANDALUZ - PCPA,0,0,Ministerio del Interior / portal oficial de datos abiertos,PRIMARY_OFFICIAL
2019A,2019-04-28,40 - Segovia,PARTIDO COMUNISTA DEL PUEBLO CANARIO - PCPC,0,0,Ministerio del Interior / portal oficial de datos abiertos,PRIMARY_OFFICIAL
2019A,2019-04-28,40 - Segovia,PARTIDO COMUNISTA DOS TRABALLADORES DE GALIZA - PCTG,0,0,Ministerio del Interior / portal oficial de datos abiertos,PRIMARY_OFFICIAL
2019A,2019-04-28,40 - Segovia,PARTIDO COMUNISTA OBRERO ESPAÑOL - PCOE,184,0,Ministerio del Interior / portal oficial de datos abiertos,PRIMARY_OFFICIAL
2019A,2019-04-28,40 - Segovia,PARTIDO DE ACCIÓN SOLIDARIA EUROPEA - SOLIDARIA,0,0,Ministerio del Interior / portal oficial de datos abiertos,PRIMARY_OFFICIAL
2019A,2019-04-28,40 - Segovia,"PARTIDO DE JUBILADOS POR EL FUTURO. DIGNIDAD Y DEMOCRACIA - ""JF""",0,0,Ministerio del Interior / portal oficial de datos abiertos,PRIMARY_OFFICIAL
2019A,2019-04-28,40 - Segovia,PARTIDO DEMÓCRATA SOCIAL JUBILADOS EUROPEOS - UNID - PDSJE-UDEC,0,0,Ministerio del Interior / portal oficial de datos abiertos,PRIMARY_OFFICIAL
2019A,2019-04-28,40 - Segovia,PARTIDO DOS SOCIALISTAS DE GALICIA-PARTIDO SOCIALI - PSdeG-PSOE,0,0,Ministerio del Interior / portal oficial de datos abiertos,PRIMARY_OFFICIAL
2019A,2019-04-28,40 - Segovia,PARTIDO HUMANISTA - PH,0,0,Ministerio del Interior / portal oficial de datos abiertos,PRIMARY_OFFICIAL
2019A,2019-04-28,40 - Segovia,PARTIDO LIBERTARIO - P-LIB,0,0,Ministerio del Interior / portal oficial de datos abiertos,PRIMARY_OFFICIAL
2019A,2019-04-28,40 - Segovia,PARTIDO POPULAR - FORO - PP-FORO,0,0,Ministerio del Interior / portal oficial de datos abiertos,PRIMARY_OFFICIAL
2019A,2019-04-28,40 - Segovia,PARTIDO POPULAR - PP,24853,1,Ministerio del Interior / portal oficial de datos abiertos,PRIMARY_OFFICIAL
2019A,2019-04-28,40 - Segovia,PARTIDO POPULAR/PARTIT POPULAR - PP,0,0,Ministerio del Interior / portal oficial de datos abiertos,PRIMARY_OFFICIAL
2019A,2019-04-28,40 - Segovia,PARTIDO REGIONALISTA DE CANTABRIA - PRC,0,0,Ministerio del Interior / portal oficial de datos abiertos,PRIMARY_OFFICIAL
2019A,2019-04-28,40 - Segovia,PARTIDO REGIONALISTA DEL PAIS LEONES - PREPAL,0,0,Ministerio del Interior / portal oficial de datos abiertos,PRIMARY_OFFICIAL
2019A,2019-04-28,40 - Segovia,PARTIDO REPUBLICANO INDEPENDIENTE SOLIDARIO ANDALUZ - RISA,0,0,Ministerio del Interior / portal oficial de datos abiertos,PRIMARY_OFFICIAL
2019A,2019-04-28,40 - Segovia,PARTIDO RIOJANO - PR+,0,0,Ministerio del Interior / portal oficial de datos abiertos,PRIMARY_OFFICIAL
2019A,2019-04-28,40 - Segovia,PARTIDO SOCIALISTA DE EUSKADI-EUSKADIKO EZKERRA (PSOE) - PSE-EE (PSOE),0,0,Ministerio del Interior / portal oficial de datos abiertos,PRIMARY_OFFICIAL
2019A,2019-04-28,40 - Segovia,PARTIDO SOCIALISTA OBRERO ESPAÑOL - PSOE,26088,1,Ministerio del Interior / portal oficial de datos abiertos,PRIMARY_OFFICIAL
2019A,2019-04-28,40 - Segovia,PARTIT ANIMALISTA CONTRA EL MALTRACTAMENT ANIMAL - PACMA,0,0,Ministerio del Interior / portal oficial de datos abiertos,PRIMARY_OFFICIAL
2019A,2019-04-28,40 - Segovia,PARTIT COMUNISTA DEL POBLE DE CATALUNYA - PCPC,0,0,Ministerio del Interior / portal oficial de datos abiertos,PRIMARY_OFFICIAL
2019A,2019-04-28,40 - Segovia,PARTIT COMUNISTA DELS POBLES D'ESPANYA - PCPE,0,0,Ministerio del Interior / portal oficial de datos abiertos,PRIMARY_OFFICIAL
2019A,2019-04-28,40 - Segovia,PARTIT COMUNISTA DELS TREBALLADORS DE CATALUNYA - PCTC,0,0,Ministerio del Interior / portal oficial de datos abiertos,PRIMARY_OFFICIAL
2019A,2019-04-28,40 - Segovia,PARTIT DELS SOCIALISTES DE CATALUNYA (PSC-PSOE) - PSC,0,0,Ministerio del Interior / portal oficial de datos abiertos,PRIMARY_OFFICIAL
2019A,2019-04-28,40 - Segovia,PARTIT POPULAR-PARTIDO POPULAR - PP,0,0,Ministerio del Interior / portal oficial de datos abiertos,PRIMARY_OFFICIAL
2019A,2019-04-28,40 - Segovia,PARTIT SOCIALISTA OBRER ESPANYOL - PSOE,0,0,Ministerio del Interior / portal oficial de datos abiertos,PRIMARY_OFFICIAL
2019A,2019-04-28,40 - Segovia,PER UN MÓN MÉS JUST - PUM+J,0,0,Ministerio del Interior / portal oficial de datos abiertos,PRIMARY_OFFICIAL
2019A,2019-04-28,40 - Segovia,PLATAFORMA DEL PUEBLO SORIANO - PPSO,0,0,Ministerio del Interior / portal oficial de datos abiertos,PRIMARY_OFFICIAL
2019A,2019-04-28,40 - Segovia,POBLE LLIURE - SOM ALTERNATIVA - PIRATES DE CATALU - FRONT REPUB,0,0,Ministerio del Interior / portal oficial de datos abiertos,PRIMARY_OFFICIAL
2019A,2019-04-28,40 - Segovia,POR UN MUNDO MÁS JUSTO (BIDEZKO MUNDURANTZ) - PUM+J,0,0,Ministerio del Interior / portal oficial de datos abiertos,PRIMARY_OFFICIAL
2019A,2019-04-28,40 - Segovia,POR UN MUNDO MÁS JUSTO - PUM+J,127,0,Ministerio del Interior / portal oficial de datos abiertos,PRIMARY_OFFICIAL
2019A,2019-04-28,40 - Segovia,PUYALON - PYLN,0,0,Ministerio del Interior / portal oficial de datos abiertos,PRIMARY_OFFICIAL
2019A,2019-04-28,40 - Segovia,RECORTES CERO-GRUPO VERDE - RECORTES CERO-GV,0,0,Ministerio del Interior / portal oficial de datos abiertos,PRIMARY_OFFICIAL
2019A,2019-04-28,40 - Segovia,RECORTES CERO-GRUPO VERDE-PARTIDO CASTELLANO-TIERRA COMUNERA - RECORTES CERO-GV-PCAS-TC,183,0,Ministerio del Interior / portal oficial de datos abiertos,PRIMARY_OFFICIAL
2019A,2019-04-28,40 - Segovia,SOM VALENCIANS EN MOVIMENT - UIG-SOM-CUIDES,0,0,Ministerio del Interior / portal oficial de datos abiertos,PRIMARY_OFFICIAL
2019A,2019-04-28,40 - Segovia,SOMOS REGIÓN - SOMOS REGIÓ,0,0,Ministerio del Interior / portal oficial de datos abiertos,PRIMARY_OFFICIAL
2019A,2019-04-28,40 - Segovia,UNIDAS PODEMOS - PODEMOS-EUPV,0,0,Ministerio del Interior / portal oficial de datos abiertos,PRIMARY_OFFICIAL
2019A,2019-04-28,40 - Segovia,UNIDAS PODEMOS - PODEMOS-IU LV CA-EQUO,0,0,Ministerio del Interior / portal oficial de datos abiertos,PRIMARY_OFFICIAL
2019A,2019-04-28,40 - Segovia,UNIDAS PODEMOS - PODEMOS-IU-EQUO,8931,0,Ministerio del Interior / portal oficial de datos abiertos,PRIMARY_OFFICIAL
2019A,2019-04-28,40 - Segovia,UNIDAS PODEMOS - PODEMOS-IU-EQUO-BATZARRE,0,0,Ministerio del Interior / portal oficial de datos abiertos,PRIMARY_OFFICIAL
2019A,2019-04-28,40 - Segovia,UNIDAS PODEMOS-ALTOARAGÓN EN COMÚN - PODEMOS-IU-,0,0,Ministerio del Interior / portal oficial de datos abiertos,PRIMARY_OFFICIAL
2019A,2019-04-28,40 - Segovia,UNIDAS PODEMOS-UNIDES PODEM - PODEMOS-EUIB,0,0,Ministerio del Interior / portal oficial de datos abiertos,PRIMARY_OFFICIAL
2019A,2019-04-28,40 - Segovia,UNIDAS PODEMOS-XUNIES PODEMOS - PODEMOS-IX-EQUO,0,0,Ministerio del Interior / portal oficial de datos abiertos,PRIMARY_OFFICIAL
2019A,2019-04-28,40 - Segovia,UNIÓN DE TODOS - UDT,0,0,Ministerio del Interior / portal oficial de datos abiertos,PRIMARY_OFFICIAL
2019A,2019-04-28,40 - Segovia,UNIÓN REGIONALISTA DE CASTILLA Y LEÓN - UNIÓN REGIO,0,0,Ministerio del Interior / portal oficial de datos abiertos,PRIMARY_OFFICIAL
2019A,2019-04-28,40 - Segovia,VIVIR OURENSE - VOU,0,0,Ministerio del Interior / portal oficial de datos abiertos,PRIMARY_OFFICIAL
2019A,2019-04-28,40 - Segovia,VOX - VOX,11468,0,Ministerio del Interior / portal oficial de datos abiertos,PRIMARY_OFFICIAL
2019A,2019-04-28,40 - Segovia,Veus PROGRESSISTES - ARA-MES-ESQUERRA,0,0,Ministerio del Interior / portal oficial de datos abiertos,PRIMARY_OFFICIAL
2019A,2019-04-28,41 - Sevilla,ACTÚA - PACT,3567,0,Ministerio del Interior / portal oficial de datos abiertos,PRIMARY_OFFICIAL
2019A,2019-04-28,41 - Sevilla,AHORA CANARIAS: Alternativa Nacionalista Canaria ANC y Unidad del Pueblo - AHORA CANARIAS,0,0,Ministerio del Interior / portal oficial de datos abiertos,PRIMARY_OFFICIAL
2019A,2019-04-28,41 - Sevilla,ANDALUCÍA POR SÍ - AxSI,3288,0,Ministerio del Interior / portal oficial de datos abiertos,PRIMARY_OFFICIAL
2019A,2019-04-28,41 - Sevilla,ANDECHA ASTUR - ANDECHA ASTUR,0,0,Ministerio del Interior / portal oficial de datos abiertos,PRIMARY_OFFICIAL
2019A,2019-04-28,41 - Sevilla,AVANT ADELANTE LOS VERDES - AVANT ADELANTE LOS VERDES,0,0,Ministerio del Interior / portal oficial de datos abiertos,PRIMARY_OFFICIAL
2019A,2019-04-28,41 - Sevilla,BLOQUE NACIONALISTA GALEGO - BNG,0,0,Ministerio del Interior / portal oficial de datos abiertos,PRIMARY_OFFICIAL
2019A,2019-04-28,41 - Sevilla,CENTRADOS - centrados,0,0,Ministerio del Interior / portal oficial de datos abiertos,PRIMARY_OFFICIAL
2019A,2019-04-28,41 - Sevilla,CIUDADANOS INDEPENDIENTES DE LINARES UNIDOS - CILU-LINARES,0,0,Ministerio del Interior / portal oficial de datos abiertos,PRIMARY_OFFICIAL
2019A,2019-04-28,41 - Sevilla,CIUDADANOS-PARTIDO DE LA CIUDADANÍA - Cs,187243,2,Ministerio del Interior / portal oficial de datos abiertos,PRIMARY_OFFICIAL
2019A,2019-04-28,41 - Sevilla,CIUTADANS-PARTIDO DE LA CIUDADANÍA - Cs,0,0,Ministerio del Interior / portal oficial de datos abiertos,PRIMARY_OFFICIAL
2019A,2019-04-28,41 - Sevilla,COALICION CANARIA-PARTIDO NACIONALISTA CANARIO - CCa-PNC,0,0,Ministerio del Interior / portal oficial de datos abiertos,PRIMARY_OFFICIAL
2019A,2019-04-28,41 - Sevilla,COALICION POR MELILLA - CpM,0,0,Ministerio del Interior / portal oficial de datos abiertos,PRIMARY_OFFICIAL
2019A,2019-04-28,41 - Sevilla,COMPROMISO POR GALICIA - CxG,0,0,Ministerio del Interior / portal oficial de datos abiertos,PRIMARY_OFFICIAL
2019A,2019-04-28,41 - Sevilla,COMPROMÍS: BLOC-INICIATIVA-VERDSEQUO - COMPROMÍS 2,0,0,Ministerio del Interior / portal oficial de datos abiertos,PRIMARY_OFFICIAL
2019A,2019-04-28,41 - Sevilla,CONVERGENTS - CNV,0,0,Ministerio del Interior / portal oficial de datos abiertos,PRIMARY_OFFICIAL
2019A,2019-04-28,41 - Sevilla,CONVERXENCIA 21 - C 21,0,0,Ministerio del Interior / portal oficial de datos abiertos,PRIMARY_OFFICIAL
2019A,2019-04-28,41 - Sevilla,DEFENSA DE LO PÚBLICO - DP,0,0,Ministerio del Interior / portal oficial de datos abiertos,PRIMARY_OFFICIAL
2019A,2019-04-28,41 - Sevilla,DEMOCRACIA PLURAL - DPL,0,0,Ministerio del Interior / portal oficial de datos abiertos,PRIMARY_OFFICIAL
2019A,2019-04-28,41 - Sevilla,EL PI - PROPOSTA PER LES ILLES BALEARS - EL PI,0,0,Ministerio del Interior / portal oficial de datos abiertos,PRIMARY_OFFICIAL
2019A,2019-04-28,41 - Sevilla,ELKARREKIN PODEMOS-UNIDAS PODEMOS - PODEMOS-IU-EQUO BERDEAK,0,0,Ministerio del Interior / portal oficial de datos abiertos,PRIMARY_OFFICIAL
2019A,2019-04-28,41 - Sevilla,EN COMÚ PODEM - GUANYEM EL CANVI - ECP-GUANYEM,0,0,Ministerio del Interior / portal oficial de datos abiertos,PRIMARY_OFFICIAL
2019A,2019-04-28,41 - Sevilla,EN COMÚN-UNIDAS PODEMOS - PODEMOS-EU-,0,0,Ministerio del Interior / portal oficial de datos abiertos,PRIMARY_OFFICIAL
2019A,2019-04-28,41 - Sevilla,EN MAREA - EN MAREA,0,0,Ministerio del Interior / portal oficial de datos abiertos,PRIMARY_OFFICIAL
2019A,2019-04-28,41 - Sevilla,ESCANOS EN BRANCO - EB,0,0,Ministerio del Interior / portal oficial de datos abiertos,PRIMARY_OFFICIAL
2019A,2019-04-28,41 - Sevilla,ESCAÑOS EN BLANCO - EB,0,0,Ministerio del Interior / portal oficial de datos abiertos,PRIMARY_OFFICIAL
2019A,2019-04-28,41 - Sevilla,ESCAÑOS EN BLANCO-AULKI ZURIAK - EB,0,0,Ministerio del Interior / portal oficial de datos abiertos,PRIMARY_OFFICIAL
2019A,2019-04-28,41 - Sevilla,ESQUERRA REPUBLICANA DE CATALUNYA-SOBIRANISTES - ERC-SOBIRANISTES,0,0,Ministerio del Interior / portal oficial de datos abiertos,PRIMARY_OFFICIAL
2019A,2019-04-28,41 - Sevilla,ESQUERRA REPUBLICANA DEL PAÍS VALENCIÀ - ERPV,0,0,Ministerio del Interior / portal oficial de datos abiertos,PRIMARY_OFFICIAL
2019A,2019-04-28,41 - Sevilla,EUSKADIKO LANGILEEN ALDERDI KOMUNISTA/PARTIDO COMUNISTA DE LOS TRABAJADORES DE EUSKADI - ELAK/PCTE,0,0,Ministerio del Interior / portal oficial de datos abiertos,PRIMARY_OFFICIAL
2019A,2019-04-28,41 - Sevilla,EUSKAL HERRIA BILDU - EH Bildu,0,0,Ministerio del Interior / portal oficial de datos abiertos,PRIMARY_OFFICIAL
2019A,2019-04-28,41 - Sevilla,EUZKO ALDERDI JELTZALEA-PARTIDO NACIONALISTA VASCO - EAJ-PNV,0,0,Ministerio del Interior / portal oficial de datos abiertos,PRIMARY_OFFICIAL
2019A,2019-04-28,41 - Sevilla,EXTREMEÑOS PREX CREX - C.Ex-C.R.Ex,0,0,Ministerio del Interior / portal oficial de datos abiertos,PRIMARY_OFFICIAL
2019A,2019-04-28,41 - Sevilla,FALANGE ESPAÑOLA DE LAS JONS - FE de las J,0,0,Ministerio del Interior / portal oficial de datos abiertos,PRIMARY_OFFICIAL
2019A,2019-04-28,41 - Sevilla,FEDERACION DE LOS INDEPENDIENTES DE ARAGON - FIA,0,0,Ministerio del Interior / portal oficial de datos abiertos,PRIMARY_OFFICIAL
2019A,2019-04-28,41 - Sevilla,FEMINISM8 - F8,0,0,Ministerio del Interior / portal oficial de datos abiertos,PRIMARY_OFFICIAL
2019A,2019-04-28,41 - Sevilla,GEROA BAI - GBAI,0,0,Ministerio del Interior / portal oficial de datos abiertos,PRIMARY_OFFICIAL
2019A,2019-04-28,41 - Sevilla,IZQUIERDA ANTICAPITALISTA REVOLUCIONARIA - IZAR,0,0,Ministerio del Interior / portal oficial de datos abiertos,PRIMARY_OFFICIAL
2019A,2019-04-28,41 - Sevilla,IZQUIERDA EN POSITIVO - IZQP,0,0,Ministerio del Interior / portal oficial de datos abiertos,PRIMARY_OFFICIAL
2019A,2019-04-28,41 - Sevilla,JUNTS PER CATALUNYA-JUNTS - JxCAT-JUNTS,0,0,Ministerio del Interior / portal oficial de datos abiertos,PRIMARY_OFFICIAL
2019A,2019-04-28,41 - Sevilla,LOS VERDES ECOPACIFISTAS ADELANTE - AVANT-LOS VERDES,0,0,Ministerio del Interior / portal oficial de datos abiertos,PRIMARY_OFFICIAL
2019A,2019-04-28,41 - Sevilla,MUERTE AL SISTEMA - +MAS+,0,0,Ministerio del Interior / portal oficial de datos abiertos,PRIMARY_OFFICIAL
2019A,2019-04-28,41 - Sevilla,NAVARRA SUMA - NA+,0,0,Ministerio del Interior / portal oficial de datos abiertos,PRIMARY_OFFICIAL
2019A,2019-04-28,41 - Sevilla,NUEVA CANARIAS - NCa,0,0,Ministerio del Interior / portal oficial de datos abiertos,PRIMARY_OFFICIAL
2019A,2019-04-28,41 - Sevilla,PARTIDO ANIMALISTA CONTRA EL MALTRATO ANIMAL - PACMA,15073,0,Ministerio del Interior / portal oficial de datos abiertos,PRIMARY_OFFICIAL
2019A,2019-04-28,41 - Sevilla,PARTIDO COMUNISTA DE LOS PUEBLOS DE ESPAÑA - PCPE,0,0,Ministerio del Interior / portal oficial de datos abiertos,PRIMARY_OFFICIAL
2019A,2019-04-28,41 - Sevilla,PARTIDO COMUNISTA DE LOS TRABAJADORES DE ESPAÑA - PCTE,830,0,Ministerio del Interior / portal oficial de datos abiertos,PRIMARY_OFFICIAL
2019A,2019-04-28,41 - Sevilla,PARTIDO COMUNISTA DE LOS TRABAJADORES DE EUSKADI/EUSKADIKO LANGILEEN ALDERDI KOMUNISTA - PCTE/ELAK,0,0,Ministerio del Interior / portal oficial de datos abiertos,PRIMARY_OFFICIAL
2019A,2019-04-28,41 - Sevilla,PARTIDO COMUNISTA DEL PUEBLO ANDALUZ - PCPA,799,0,Ministerio del Interior / portal oficial de datos abiertos,PRIMARY_OFFICIAL
2019A,2019-04-28,41 - Sevilla,PARTIDO COMUNISTA DEL PUEBLO CANARIO - PCPC,0,0,Ministerio del Interior / portal oficial de datos abiertos,PRIMARY_OFFICIAL
2019A,2019-04-28,41 - Sevilla,PARTIDO COMUNISTA DOS TRABALLADORES DE GALIZA - PCTG,0,0,Ministerio del Interior / portal oficial de datos abiertos,PRIMARY_OFFICIAL
2019A,2019-04-28,41 - Sevilla,PARTIDO COMUNISTA OBRERO ESPAÑOL - PCOE,1317,0,Ministerio del Interior / portal oficial de datos abiertos,PRIMARY_OFFICIAL
2019A,2019-04-28,41 - Sevilla,PARTIDO DE ACCIÓN SOLIDARIA EUROPEA - SOLIDARIA,0,0,Ministerio del Interior / portal oficial de datos abiertos,PRIMARY_OFFICIAL
2019A,2019-04-28,41 - Sevilla,"PARTIDO DE JUBILADOS POR EL FUTURO. DIGNIDAD Y DEMOCRACIA - ""JF""",0,0,Ministerio del Interior / portal oficial de datos abiertos,PRIMARY_OFFICIAL
2019A,2019-04-28,41 - Sevilla,PARTIDO DEMÓCRATA SOCIAL JUBILADOS EUROPEOS - UNID - PDSJE-UDEC,0,0,Ministerio del Interior / portal oficial de datos abiertos,PRIMARY_OFFICIAL
2019A,2019-04-28,41 - Sevilla,PARTIDO DOS SOCIALISTAS DE GALICIA-PARTIDO SOCIALI - PSdeG-PSOE,0,0,Ministerio del Interior / portal oficial de datos abiertos,PRIMARY_OFFICIAL
2019A,2019-04-28,41 - Sevilla,PARTIDO HUMANISTA - PH,0,0,Ministerio del Interior / portal oficial de datos abiertos,PRIMARY_OFFICIAL
2019A,2019-04-28,41 - Sevilla,PARTIDO LIBERTARIO - P-LIB,0,0,Ministerio del Interior / portal oficial de datos abiertos,PRIMARY_OFFICIAL
2019A,2019-04-28,41 - Sevilla,PARTIDO POPULAR - FORO - PP-FORO,0,0,Ministerio del Interior / portal oficial de datos abiertos,PRIMARY_OFFICIAL
2019A,2019-04-28,41 - Sevilla,PARTIDO POPULAR - PP,162891,2,Ministerio del Interior / portal oficial de datos abiertos,PRIMARY_OFFICIAL
2019A,2019-04-28,41 - Sevilla,PARTIDO POPULAR/PARTIT POPULAR - PP,0,0,Ministerio del Interior / portal oficial de datos abiertos,PRIMARY_OFFICIAL
2019A,2019-04-28,41 - Sevilla,PARTIDO REGIONALISTA DE CANTABRIA - PRC,0,0,Ministerio del Interior / portal oficial de datos abiertos,PRIMARY_OFFICIAL
2019A,2019-04-28,41 - Sevilla,PARTIDO REGIONALISTA DEL PAIS LEONES - PREPAL,0,0,Ministerio del Interior / portal oficial de datos abiertos,PRIMARY_OFFICIAL
2019A,2019-04-28,41 - Sevilla,PARTIDO REPUBLICANO INDEPENDIENTE SOLIDARIO ANDALUZ - RISA,0,0,Ministerio del Interior / portal oficial de datos abiertos,PRIMARY_OFFICIAL
2019A,2019-04-28,41 - Sevilla,PARTIDO RIOJANO - PR+,0,0,Ministerio del Interior / portal oficial de datos abiertos,PRIMARY_OFFICIAL
2019A,2019-04-28,41 - Sevilla,PARTIDO SOCIALISTA DE EUSKADI-EUSKADIKO EZKERRA (PSOE) - PSE-EE (PSOE),0,0,Ministerio del Interior / portal oficial de datos abiertos,PRIMARY_OFFICIAL
2019A,2019-04-28,41 - Sevilla,PARTIDO SOCIALISTA OBRERO ESPAÑOL - PSOE,416543,5,Ministerio del Interior / portal oficial de datos abiertos,PRIMARY_OFFICIAL
2019A,2019-04-28,41 - Sevilla,PARTIT ANIMALISTA CONTRA EL MALTRACTAMENT ANIMAL - PACMA,0,0,Ministerio del Interior / portal oficial de datos abiertos,PRIMARY_OFFICIAL
2019A,2019-04-28,41 - Sevilla,PARTIT COMUNISTA DEL POBLE DE CATALUNYA - PCPC,0,0,Ministerio del Interior / portal oficial de datos abiertos,PRIMARY_OFFICIAL
2019A,2019-04-28,41 - Sevilla,PARTIT COMUNISTA DELS POBLES D'ESPANYA - PCPE,0,0,Ministerio del Interior / portal oficial de datos abiertos,PRIMARY_OFFICIAL
2019A,2019-04-28,41 - Sevilla,PARTIT COMUNISTA DELS TREBALLADORS DE CATALUNYA - PCTC,0,0,Ministerio del Interior / portal oficial de datos abiertos,PRIMARY_OFFICIAL
2019A,2019-04-28,41 - Sevilla,PARTIT DELS SOCIALISTES DE CATALUNYA (PSC-PSOE) - PSC,0,0,Ministerio del Interior / portal oficial de datos abiertos,PRIMARY_OFFICIAL
2019A,2019-04-28,41 - Sevilla,PARTIT POPULAR-PARTIDO POPULAR - PP,0,0,Ministerio del Interior / portal oficial de datos abiertos,PRIMARY_OFFICIAL
2019A,2019-04-28,41 - Sevilla,PARTIT SOCIALISTA OBRER ESPANYOL - PSOE,0,0,Ministerio del Interior / portal oficial de datos abiertos,PRIMARY_OFFICIAL
2019A,2019-04-28,41 - Sevilla,PER UN MÓN MÉS JUST - PUM+J,0,0,Ministerio del Interior / portal oficial de datos abiertos,PRIMARY_OFFICIAL
2019A,2019-04-28,41 - Sevilla,PLATAFORMA DEL PUEBLO SORIANO - PPSO,0,0,Ministerio del Interior / portal oficial de datos abiertos,PRIMARY_OFFICIAL
2019A,2019-04-28,41 - Sevilla,POBLE LLIURE - SOM ALTERNATIVA - PIRATES DE CATALU - FRONT REPUB,0,0,Ministerio del Interior / portal oficial de datos abiertos,PRIMARY_OFFICIAL
2019A,2019-04-28,41 - Sevilla,POR UN MUNDO MÁS JUSTO (BIDEZKO MUNDURANTZ) - PUM+J,0,0,Ministerio del Interior / portal oficial de datos abiertos,PRIMARY_OFFICIAL
2019A,2019-04-28,41 - Sevilla,POR UN MUNDO MÁS JUSTO - PUM+J,1527,0,Ministerio del Interior / portal oficial de datos abiertos,PRIMARY_OFFICIAL
2019A,2019-04-28,41 - Sevilla,PUYALON - PYLN,0,0,Ministerio del Interior / portal oficial de datos abiertos,PRIMARY_OFFICIAL
2019A,2019-04-28,41 - Sevilla,RECORTES CERO-GRUPO VERDE - RECORTES CERO-GV,1592,0,Ministerio del Interior / portal oficial de datos abiertos,PRIMARY_OFFICIAL
2019A,2019-04-28,41 - Sevilla,RECORTES CERO-GRUPO VERDE-PARTIDO CASTELLANO-TIERRA COMUNERA - RECORTES CERO-GV-PCAS-TC,0,0,Ministerio del Interior / portal oficial de datos abiertos,PRIMARY_OFFICIAL
2019A,2019-04-28,41 - Sevilla,SOM VALENCIANS EN MOVIMENT - UIG-SOM-CUIDES,0,0,Ministerio del Interior / portal oficial de datos abiertos,PRIMARY_OFFICIAL
2019A,2019-04-28,41 - Sevilla,SOMOS REGIÓN - SOMOS REGIÓ,0,0,Ministerio del Interior / portal oficial de datos abiertos,PRIMARY_OFFICIAL
2019A,2019-04-28,41 - Sevilla,UNIDAS PODEMOS - PODEMOS-EUPV,0,0,Ministerio del Interior / portal oficial de datos abiertos,PRIMARY_OFFICIAL
2019A,2019-04-28,41 - Sevilla,UNIDAS PODEMOS - PODEMOS-IU LV CA-EQUO,179497,2,Ministerio del Interior / portal oficial de datos abiertos,PRIMARY_OFFICIAL
2019A,2019-04-28,41 - Sevilla,UNIDAS PODEMOS - PODEMOS-IU-EQUO,0,0,Ministerio del Interior / portal oficial de datos abiertos,PRIMARY_OFFICIAL
2019A,2019-04-28,41 - Sevilla,UNIDAS PODEMOS - PODEMOS-IU-EQUO-BATZARRE,0,0,Ministerio del Interior / portal oficial de datos abiertos,PRIMARY_OFFICIAL
2019A,2019-04-28,41 - Sevilla,UNIDAS PODEMOS-ALTOARAGÓN EN COMÚN - PODEMOS-IU-,0,0,Ministerio del Interior / portal oficial de datos abiertos,PRIMARY_OFFICIAL
2019A,2019-04-28,41 - Sevilla,UNIDAS PODEMOS-UNIDES PODEM - PODEMOS-EUIB,0,0,Ministerio del Interior / portal oficial de datos abiertos,PRIMARY_OFFICIAL
2019A,2019-04-28,41 - Sevilla,UNIDAS PODEMOS-XUNIES PODEMOS - PODEMOS-IX-EQUO,0,0,Ministerio del Interior / portal oficial de datos abiertos,PRIMARY_OFFICIAL
2019A,2019-04-28,41 - Sevilla,UNIÓN DE TODOS - UDT,0,0,Ministerio del Interior / portal oficial de datos abiertos,PRIMARY_OFFICIAL
2019A,2019-04-28,41 - Sevilla,UNIÓN REGIONALISTA DE CASTILLA Y LEÓN - UNIÓN REGIO,0,0,Ministerio del Interior / portal oficial de datos abiertos,PRIMARY_OFFICIAL
2019A,2019-04-28,41 - Sevilla,VIVIR OURENSE - VOU,0,0,Ministerio del Interior / portal oficial de datos abiertos,PRIMARY_OFFICIAL
2019A,2019-04-28,41 - Sevilla,VOX - VOX,136949,1,Ministerio del Interior / portal oficial de datos abiertos,PRIMARY_OFFICIAL
2019A,2019-04-28,41 - Sevilla,Veus PROGRESSISTES - ARA-MES-ESQUERRA,0,0,Ministerio del Interior / portal oficial de datos abiertos,PRIMARY_OFFICIAL
2019A,2019-04-28,42 - Soria,ACTÚA - PACT,0,0,Ministerio del Interior / portal oficial de datos abiertos,PRIMARY_OFFICIAL
2019A,2019-04-28,42 - Soria,AHORA CANARIAS: Alternativa Nacionalista Canaria ANC y Unidad del Pueblo - AHORA CANARIAS,0,0,Ministerio del Interior / portal oficial de datos abiertos,PRIMARY_OFFICIAL
2019A,2019-04-28,42 - Soria,ANDALUCÍA POR SÍ - AxSI,0,0,Ministerio del Interior / portal oficial de datos abiertos,PRIMARY_OFFICIAL
2019A,2019-04-28,42 - Soria,ANDECHA ASTUR - ANDECHA ASTUR,0,0,Ministerio del Interior / portal oficial de datos abiertos,PRIMARY_OFFICIAL
2019A,2019-04-28,42 - Soria,AVANT ADELANTE LOS VERDES - AVANT ADELANTE LOS VERDES,0,0,Ministerio del Interior / portal oficial de datos abiertos,PRIMARY_OFFICIAL
2019A,2019-04-28,42 - Soria,BLOQUE NACIONALISTA GALEGO - BNG,0,0,Ministerio del Interior / portal oficial de datos abiertos,PRIMARY_OFFICIAL
2019A,2019-04-28,42 - Soria,CENTRADOS - centrados,0,0,Ministerio del Interior / portal oficial de datos abiertos,PRIMARY_OFFICIAL
2019A,2019-04-28,42 - Soria,CIUDADANOS INDEPENDIENTES DE LINARES UNIDOS - CILU-LINARES,0,0,Ministerio del Interior / portal oficial de datos abiertos,PRIMARY_OFFICIAL
2019A,2019-04-28,42 - Soria,CIUDADANOS-PARTIDO DE LA CIUDADANÍA - Cs,8501,0,Ministerio del Interior / portal oficial de datos abiertos,PRIMARY_OFFICIAL
2019A,2019-04-28,42 - Soria,CIUTADANS-PARTIDO DE LA CIUDADANÍA - Cs,0,0,Ministerio del Interior / portal oficial de datos abiertos,PRIMARY_OFFICIAL
2019A,2019-04-28,42 - Soria,COALICION CANARIA-PARTIDO NACIONALISTA CANARIO - CCa-PNC,0,0,Ministerio del Interior / portal oficial de datos abiertos,PRIMARY_OFFICIAL
2019A,2019-04-28,42 - Soria,COALICION POR MELILLA - CpM,0,0,Ministerio del Interior / portal oficial de datos abiertos,PRIMARY_OFFICIAL
2019A,2019-04-28,42 - Soria,COMPROMISO POR GALICIA - CxG,0,0,Ministerio del Interior / portal oficial de datos abiertos,PRIMARY_OFFICIAL
2019A,2019-04-28,42 - Soria,COMPROMÍS: BLOC-INICIATIVA-VERDSEQUO - COMPROMÍS 2,0,0,Ministerio del Interior / portal oficial de datos abiertos,PRIMARY_OFFICIAL
2019A,2019-04-28,42 - Soria,CONVERGENTS - CNV,0,0,Ministerio del Interior / portal oficial de datos abiertos,PRIMARY_OFFICIAL
2019A,2019-04-28,42 - Soria,CONVERXENCIA 21 - C 21,0,0,Ministerio del Interior / portal oficial de datos abiertos,PRIMARY_OFFICIAL
2019A,2019-04-28,42 - Soria,DEFENSA DE LO PÚBLICO - DP,0,0,Ministerio del Interior / portal oficial de datos abiertos,PRIMARY_OFFICIAL
2019A,2019-04-28,42 - Soria,DEMOCRACIA PLURAL - DPL,0,0,Ministerio del Interior / portal oficial de datos abiertos,PRIMARY_OFFICIAL
2019A,2019-04-28,42 - Soria,EL PI - PROPOSTA PER LES ILLES BALEARS - EL PI,0,0,Ministerio del Interior / portal oficial de datos abiertos,PRIMARY_OFFICIAL
2019A,2019-04-28,42 - Soria,ELKARREKIN PODEMOS-UNIDAS PODEMOS - PODEMOS-IU-EQUO BERDEAK,0,0,Ministerio del Interior / portal oficial de datos abiertos,PRIMARY_OFFICIAL
2019A,2019-04-28,42 - Soria,EN COMÚ PODEM - GUANYEM EL CANVI - ECP-GUANYEM,0,0,Ministerio del Interior / portal oficial de datos abiertos,PRIMARY_OFFICIAL
2019A,2019-04-28,42 - Soria,EN COMÚN-UNIDAS PODEMOS - PODEMOS-EU-,0,0,Ministerio del Interior / portal oficial de datos abiertos,PRIMARY_OFFICIAL
2019A,2019-04-28,42 - Soria,EN MAREA - EN MAREA,0,0,Ministerio del Interior / portal oficial de datos abiertos,PRIMARY_OFFICIAL
2019A,2019-04-28,42 - Soria,ESCANOS EN BRANCO - EB,0,0,Ministerio del Interior / portal oficial de datos abiertos,PRIMARY_OFFICIAL
2019A,2019-04-28,42 - Soria,ESCAÑOS EN BLANCO - EB,0,0,Ministerio del Interior / portal oficial de datos abiertos,PRIMARY_OFFICIAL
2019A,2019-04-28,42 - Soria,ESCAÑOS EN BLANCO-AULKI ZURIAK - EB,0,0,Ministerio del Interior / portal oficial de datos abiertos,PRIMARY_OFFICIAL
2019A,2019-04-28,42 - Soria,ESQUERRA REPUBLICANA DE CATALUNYA-SOBIRANISTES - ERC-SOBIRANISTES,0,0,Ministerio del Interior / portal oficial de datos abiertos,PRIMARY_OFFICIAL
2019A,2019-04-28,42 - Soria,ESQUERRA REPUBLICANA DEL PAÍS VALENCIÀ - ERPV,0,0,Ministerio del Interior / portal oficial de datos abiertos,PRIMARY_OFFICIAL
2019A,2019-04-28,42 - Soria,EUSKADIKO LANGILEEN ALDERDI KOMUNISTA/PARTIDO COMUNISTA DE LOS TRABAJADORES DE EUSKADI - ELAK/PCTE,0,0,Ministerio del Interior / portal oficial de datos abiertos,PRIMARY_OFFICIAL
2019A,2019-04-28,42 - Soria,EUSKAL HERRIA BILDU - EH Bildu,0,0,Ministerio del Interior / portal oficial de datos abiertos,PRIMARY_OFFICIAL
2019A,2019-04-28,42 - Soria,EUZKO ALDERDI JELTZALEA-PARTIDO NACIONALISTA VASCO - EAJ-PNV,0,0,Ministerio del Interior / portal oficial de datos abiertos,PRIMARY_OFFICIAL
2019A,2019-04-28,42 - Soria,EXTREMEÑOS PREX CREX - C.Ex-C.R.Ex,0,0,Ministerio del Interior / portal oficial de datos abiertos,PRIMARY_OFFICIAL
2019A,2019-04-28,42 - Soria,FALANGE ESPAÑOLA DE LAS JONS - FE de las J,0,0,Ministerio del Interior / portal oficial de datos abiertos,PRIMARY_OFFICIAL
2019A,2019-04-28,42 - Soria,FEDERACION DE LOS INDEPENDIENTES DE ARAGON - FIA,0,0,Ministerio del Interior / portal oficial de datos abiertos,PRIMARY_OFFICIAL
2019A,2019-04-28,42 - Soria,FEMINISM8 - F8,0,0,Ministerio del Interior / portal oficial de datos abiertos,PRIMARY_OFFICIAL
2019A,2019-04-28,42 - Soria,GEROA BAI - GBAI,0,0,Ministerio del Interior / portal oficial de datos abiertos,PRIMARY_OFFICIAL
2019A,2019-04-28,42 - Soria,IZQUIERDA ANTICAPITALISTA REVOLUCIONARIA - IZAR,0,0,Ministerio del Interior / portal oficial de datos abiertos,PRIMARY_OFFICIAL
2019A,2019-04-28,42 - Soria,IZQUIERDA EN POSITIVO - IZQP,0,0,Ministerio del Interior / portal oficial de datos abiertos,PRIMARY_OFFICIAL
2019A,2019-04-28,42 - Soria,JUNTS PER CATALUNYA-JUNTS - JxCAT-JUNTS,0,0,Ministerio del Interior / portal oficial de datos abiertos,PRIMARY_OFFICIAL
2019A,2019-04-28,42 - Soria,LOS VERDES ECOPACIFISTAS ADELANTE - AVANT-LOS VERDES,0,0,Ministerio del Interior / portal oficial de datos abiertos,PRIMARY_OFFICIAL
2019A,2019-04-28,42 - Soria,MUERTE AL SISTEMA - +MAS+,0,0,Ministerio del Interior / portal oficial de datos abiertos,PRIMARY_OFFICIAL
2019A,2019-04-28,42 - Soria,NAVARRA SUMA - NA+,0,0,Ministerio del Interior / portal oficial de datos abiertos,PRIMARY_OFFICIAL
2019A,2019-04-28,42 - Soria,NUEVA CANARIAS - NCa,0,0,Ministerio del Interior / portal oficial de datos abiertos,PRIMARY_OFFICIAL
2019A,2019-04-28,42 - Soria,PARTIDO ANIMALISTA CONTRA EL MALTRATO ANIMAL - PACMA,263,0,Ministerio del Interior / portal oficial de datos abiertos,PRIMARY_OFFICIAL
2019A,2019-04-28,42 - Soria,PARTIDO COMUNISTA DE LOS PUEBLOS DE ESPAÑA - PCPE,0,0,Ministerio del Interior / portal oficial de datos abiertos,PRIMARY_OFFICIAL
2019A,2019-04-28,42 - Soria,PARTIDO COMUNISTA DE LOS TRABAJADORES DE ESPAÑA - PCTE,81,0,Ministerio del Interior / portal oficial de datos abiertos,PRIMARY_OFFICIAL
2019A,2019-04-28,42 - Soria,PARTIDO COMUNISTA DE LOS TRABAJADORES DE EUSKADI/EUSKADIKO LANGILEEN ALDERDI KOMUNISTA - PCTE/ELAK,0,0,Ministerio del Interior / portal oficial de datos abiertos,PRIMARY_OFFICIAL
2019A,2019-04-28,42 - Soria,PARTIDO COMUNISTA DEL PUEBLO ANDALUZ - PCPA,0,0,Ministerio del Interior / portal oficial de datos abiertos,PRIMARY_OFFICIAL
2019A,2019-04-28,42 - Soria,PARTIDO COMUNISTA DEL PUEBLO CANARIO - PCPC,0,0,Ministerio del Interior / portal oficial de datos abiertos,PRIMARY_OFFICIAL
2019A,2019-04-28,42 - Soria,PARTIDO COMUNISTA DOS TRABALLADORES DE GALIZA - PCTG,0,0,Ministerio del Interior / portal oficial de datos abiertos,PRIMARY_OFFICIAL
2019A,2019-04-28,42 - Soria,PARTIDO COMUNISTA OBRERO ESPAÑOL - PCOE,0,0,Ministerio del Interior / portal oficial de datos abiertos,PRIMARY_OFFICIAL
2019A,2019-04-28,42 - Soria,PARTIDO DE ACCIÓN SOLIDARIA EUROPEA - SOLIDARIA,0,0,Ministerio del Interior / portal oficial de datos abiertos,PRIMARY_OFFICIAL
2019A,2019-04-28,42 - Soria,"PARTIDO DE JUBILADOS POR EL FUTURO. DIGNIDAD Y DEMOCRACIA - ""JF""",0,0,Ministerio del Interior / portal oficial de datos abiertos,PRIMARY_OFFICIAL
2019A,2019-04-28,42 - Soria,PARTIDO DEMÓCRATA SOCIAL JUBILADOS EUROPEOS - UNID - PDSJE-UDEC,0,0,Ministerio del Interior / portal oficial de datos abiertos,PRIMARY_OFFICIAL
2019A,2019-04-28,42 - Soria,PARTIDO DOS SOCIALISTAS DE GALICIA-PARTIDO SOCIALI - PSdeG-PSOE,0,0,Ministerio del Interior / portal oficial de datos abiertos,PRIMARY_OFFICIAL
2019A,2019-04-28,42 - Soria,PARTIDO HUMANISTA - PH,0,0,Ministerio del Interior / portal oficial de datos abiertos,PRIMARY_OFFICIAL
2019A,2019-04-28,42 - Soria,PARTIDO LIBERTARIO - P-LIB,0,0,Ministerio del Interior / portal oficial de datos abiertos,PRIMARY_OFFICIAL
2019A,2019-04-28,42 - Soria,PARTIDO POPULAR - FORO - PP-FORO,0,0,Ministerio del Interior / portal oficial de datos abiertos,PRIMARY_OFFICIAL
2019A,2019-04-28,42 - Soria,PARTIDO POPULAR - PP,13887,1,Ministerio del Interior / portal oficial de datos abiertos,PRIMARY_OFFICIAL
2019A,2019-04-28,42 - Soria,PARTIDO POPULAR/PARTIT POPULAR - PP,0,0,Ministerio del Interior / portal oficial de datos abiertos,PRIMARY_OFFICIAL
2019A,2019-04-28,42 - Soria,PARTIDO REGIONALISTA DE CANTABRIA - PRC,0,0,Ministerio del Interior / portal oficial de datos abiertos,PRIMARY_OFFICIAL
2019A,2019-04-28,42 - Soria,PARTIDO REGIONALISTA DEL PAIS LEONES - PREPAL,0,0,Ministerio del Interior / portal oficial de datos abiertos,PRIMARY_OFFICIAL
2019A,2019-04-28,42 - Soria,PARTIDO REPUBLICANO INDEPENDIENTE SOLIDARIO ANDALUZ - RISA,0,0,Ministerio del Interior / portal oficial de datos abiertos,PRIMARY_OFFICIAL
2019A,2019-04-28,42 - Soria,PARTIDO RIOJANO - PR+,0,0,Ministerio del Interior / portal oficial de datos abiertos,PRIMARY_OFFICIAL
2019A,2019-04-28,42 - Soria,PARTIDO SOCIALISTA DE EUSKADI-EUSKADIKO EZKERRA (PSOE) - PSE-EE (PSOE),0,0,Ministerio del Interior / portal oficial de datos abiertos,PRIMARY_OFFICIAL
2019A,2019-04-28,42 - Soria,PARTIDO SOCIALISTA OBRERO ESPAÑOL - PSOE,16513,1,Ministerio del Interior / portal oficial de datos abiertos,PRIMARY_OFFICIAL
2019A,2019-04-28,42 - Soria,PARTIT ANIMALISTA CONTRA EL MALTRACTAMENT ANIMAL - PACMA,0,0,Ministerio del Interior / portal oficial de datos abiertos,PRIMARY_OFFICIAL
2019A,2019-04-28,42 - Soria,PARTIT COMUNISTA DEL POBLE DE CATALUNYA - PCPC,0,0,Ministerio del Interior / portal oficial de datos abiertos,PRIMARY_OFFICIAL
2019A,2019-04-28,42 - Soria,PARTIT COMUNISTA DELS POBLES D'ESPANYA - PCPE,0,0,Ministerio del Interior / portal oficial de datos abiertos,PRIMARY_OFFICIAL
2019A,2019-04-28,42 - Soria,PARTIT COMUNISTA DELS TREBALLADORS DE CATALUNYA - PCTC,0,0,Ministerio del Interior / portal oficial de datos abiertos,PRIMARY_OFFICIAL
2019A,2019-04-28,42 - Soria,PARTIT DELS SOCIALISTES DE CATALUNYA (PSC-PSOE) - PSC,0,0,Ministerio del Interior / portal oficial de datos abiertos,PRIMARY_OFFICIAL
2019A,2019-04-28,42 - Soria,PARTIT POPULAR-PARTIDO POPULAR - PP,0,0,Ministerio del Interior / portal oficial de datos abiertos,PRIMARY_OFFICIAL
2019A,2019-04-28,42 - Soria,PARTIT SOCIALISTA OBRER ESPANYOL - PSOE,0,0,Ministerio del Interior / portal oficial de datos abiertos,PRIMARY_OFFICIAL
2019A,2019-04-28,42 - Soria,PER UN MÓN MÉS JUST - PUM+J,0,0,Ministerio del Interior / portal oficial de datos abiertos,PRIMARY_OFFICIAL
2019A,2019-04-28,42 - Soria,PLATAFORMA DEL PUEBLO SORIANO - PPSO,2663,0,Ministerio del Interior / portal oficial de datos abiertos,PRIMARY_OFFICIAL
2019A,2019-04-28,42 - Soria,POBLE LLIURE - SOM ALTERNATIVA - PIRATES DE CATALU - FRONT REPUB,0,0,Ministerio del Interior / portal oficial de datos abiertos,PRIMARY_OFFICIAL
2019A,2019-04-28,42 - Soria,POR UN MUNDO MÁS JUSTO (BIDEZKO MUNDURANTZ) - PUM+J,0,0,Ministerio del Interior / portal oficial de datos abiertos,PRIMARY_OFFICIAL
2019A,2019-04-28,42 - Soria,POR UN MUNDO MÁS JUSTO - PUM+J,77,0,Ministerio del Interior / portal oficial de datos abiertos,PRIMARY_OFFICIAL
2019A,2019-04-28,42 - Soria,PUYALON - PYLN,0,0,Ministerio del Interior / portal oficial de datos abiertos,PRIMARY_OFFICIAL
2019A,2019-04-28,42 - Soria,RECORTES CERO-GRUPO VERDE - RECORTES CERO-GV,0,0,Ministerio del Interior / portal oficial de datos abiertos,PRIMARY_OFFICIAL
2019A,2019-04-28,42 - Soria,RECORTES CERO-GRUPO VERDE-PARTIDO CASTELLANO-TIERRA COMUNERA - RECORTES CERO-GV-PCAS-TC,103,0,Ministerio del Interior / portal oficial de datos abiertos,PRIMARY_OFFICIAL
2019A,2019-04-28,42 - Soria,SOM VALENCIANS EN MOVIMENT - UIG-SOM-CUIDES,0,0,Ministerio del Interior / portal oficial de datos abiertos,PRIMARY_OFFICIAL
2019A,2019-04-28,42 - Soria,SOMOS REGIÓN - SOMOS REGIÓ,0,0,Ministerio del Interior / portal oficial de datos abiertos,PRIMARY_OFFICIAL
2019A,2019-04-28,42 - Soria,UNIDAS PODEMOS - PODEMOS-EUPV,0,0,Ministerio del Interior / portal oficial de datos abiertos,PRIMARY_OFFICIAL
2019A,2019-04-28,42 - Soria,UNIDAS PODEMOS - PODEMOS-IU LV CA-EQUO,0,0,Ministerio del Interior / portal oficial de datos abiertos,PRIMARY_OFFICIAL
2019A,2019-04-28,42 - Soria,UNIDAS PODEMOS - PODEMOS-IU-EQUO,4481,0,Ministerio del Interior / portal oficial de datos abiertos,PRIMARY_OFFICIAL
2019A,2019-04-28,42 - Soria,UNIDAS PODEMOS - PODEMOS-IU-EQUO-BATZARRE,0,0,Ministerio del Interior / portal oficial de datos abiertos,PRIMARY_OFFICIAL
2019A,2019-04-28,42 - Soria,UNIDAS PODEMOS-ALTOARAGÓN EN COMÚN - PODEMOS-IU-,0,0,Ministerio del Interior / portal oficial de datos abiertos,PRIMARY_OFFICIAL
2019A,2019-04-28,42 - Soria,UNIDAS PODEMOS-UNIDES PODEM - PODEMOS-EUIB,0,0,Ministerio del Interior / portal oficial de datos abiertos,PRIMARY_OFFICIAL
2019A,2019-04-28,42 - Soria,UNIDAS PODEMOS-XUNIES PODEMOS - PODEMOS-IX-EQUO,0,0,Ministerio del Interior / portal oficial de datos abiertos,PRIMARY_OFFICIAL
2019A,2019-04-28,42 - Soria,UNIÓN DE TODOS - UDT,0,0,Ministerio del Interior / portal oficial de datos abiertos,PRIMARY_OFFICIAL
2019A,2019-04-28,42 - Soria,UNIÓN REGIONALISTA DE CASTILLA Y LEÓN - UNIÓN REGIO,0,0,Ministerio del Interior / portal oficial de datos abiertos,PRIMARY_OFFICIAL
2019A,2019-04-28,42 - Soria,VIVIR OURENSE - VOU,0,0,Ministerio del Interior / portal oficial de datos abiertos,PRIMARY_OFFICIAL
2019A,2019-04-28,42 - Soria,VOX - VOX,4866,0,Ministerio del Interior / portal oficial de datos abiertos,PRIMARY_OFFICIAL
2019A,2019-04-28,42 - Soria,Veus PROGRESSISTES - ARA-MES-ESQUERRA,0,0,Ministerio del Interior / portal oficial de datos abiertos,PRIMARY_OFFICIAL
2019A,2019-04-28,43 - Tarragona,ACTÚA - PACT,0,0,Ministerio del Interior / portal oficial de datos abiertos,PRIMARY_OFFICIAL
2019A,2019-04-28,43 - Tarragona,AHORA CANARIAS: Alternativa Nacionalista Canaria ANC y Unidad del Pueblo - AHORA CANARIAS,0,0,Ministerio del Interior / portal oficial de datos abiertos,PRIMARY_OFFICIAL
2019A,2019-04-28,43 - Tarragona,ANDALUCÍA POR SÍ - AxSI,0,0,Ministerio del Interior / portal oficial de datos abiertos,PRIMARY_OFFICIAL
2019A,2019-04-28,43 - Tarragona,ANDECHA ASTUR - ANDECHA ASTUR,0,0,Ministerio del Interior / portal oficial de datos abiertos,PRIMARY_OFFICIAL
2019A,2019-04-28,43 - Tarragona,AVANT ADELANTE LOS VERDES - AVANT ADELANTE LOS VERDES,0,0,Ministerio del Interior / portal oficial de datos abiertos,PRIMARY_OFFICIAL
2019A,2019-04-28,43 - Tarragona,BLOQUE NACIONALISTA GALEGO - BNG,0,0,Ministerio del Interior / portal oficial de datos abiertos,PRIMARY_OFFICIAL
2019A,2019-04-28,43 - Tarragona,CENTRADOS - centrados,0,0,Ministerio del Interior / portal oficial de datos abiertos,PRIMARY_OFFICIAL
2019A,2019-04-28,43 - Tarragona,CIUDADANOS INDEPENDIENTES DE LINARES UNIDOS - CILU-LINARES,0,0,Ministerio del Interior / portal oficial de datos abiertos,PRIMARY_OFFICIAL
2019A,2019-04-28,43 - Tarragona,CIUDADANOS-PARTIDO DE LA CIUDADANÍA - Cs,0,0,Ministerio del Interior / portal oficial de datos abiertos,PRIMARY_OFFICIAL
2019A,2019-04-28,43 - Tarragona,CIUTADANS-PARTIDO DE LA CIUDADANÍA - Cs,52395,1,Ministerio del Interior / portal oficial de datos abiertos,PRIMARY_OFFICIAL
2019A,2019-04-28,43 - Tarragona,COALICION CANARIA-PARTIDO NACIONALISTA CANARIO - CCa-PNC,0,0,Ministerio del Interior / portal oficial de datos abiertos,PRIMARY_OFFICIAL
2019A,2019-04-28,43 - Tarragona,COALICION POR MELILLA - CpM,0,0,Ministerio del Interior / portal oficial de datos abiertos,PRIMARY_OFFICIAL
2019A,2019-04-28,43 - Tarragona,COMPROMISO POR GALICIA - CxG,0,0,Ministerio del Interior / portal oficial de datos abiertos,PRIMARY_OFFICIAL
2019A,2019-04-28,43 - Tarragona,COMPROMÍS: BLOC-INICIATIVA-VERDSEQUO - COMPROMÍS 2,0,0,Ministerio del Interior / portal oficial de datos abiertos,PRIMARY_OFFICIAL
2019A,2019-04-28,43 - Tarragona,CONVERGENTS - CNV,263,0,Ministerio del Interior / portal oficial de datos abiertos,PRIMARY_OFFICIAL
2019A,2019-04-28,43 - Tarragona,CONVERXENCIA 21 - C 21,0,0,Ministerio del Interior / portal oficial de datos abiertos,PRIMARY_OFFICIAL
2019A,2019-04-28,43 - Tarragona,DEFENSA DE LO PÚBLICO - DP,0,0,Ministerio del Interior / portal oficial de datos abiertos,PRIMARY_OFFICIAL
2019A,2019-04-28,43 - Tarragona,DEMOCRACIA PLURAL - DPL,0,0,Ministerio del Interior / portal oficial de datos abiertos,PRIMARY_OFFICIAL
2019A,2019-04-28,43 - Tarragona,EL PI - PROPOSTA PER LES ILLES BALEARS - EL PI,0,0,Ministerio del Interior / portal oficial de datos abiertos,PRIMARY_OFFICIAL
2019A,2019-04-28,43 - Tarragona,ELKARREKIN PODEMOS-UNIDAS PODEMOS - PODEMOS-IU-EQUO BERDEAK,0,0,Ministerio del Interior / portal oficial de datos abiertos,PRIMARY_OFFICIAL
2019A,2019-04-28,43 - Tarragona,EN COMÚ PODEM - GUANYEM EL CANVI - ECP-GUANYEM,50979,1,Ministerio del Interior / portal oficial de datos abiertos,PRIMARY_OFFICIAL
2019A,2019-04-28,43 - Tarragona,EN COMÚN-UNIDAS PODEMOS - PODEMOS-EU-,0,0,Ministerio del Interior / portal oficial de datos abiertos,PRIMARY_OFFICIAL
2019A,2019-04-28,43 - Tarragona,EN MAREA - EN MAREA,0,0,Ministerio del Interior / portal oficial de datos abiertos,PRIMARY_OFFICIAL
2019A,2019-04-28,43 - Tarragona,ESCANOS EN BRANCO - EB,0,0,Ministerio del Interior / portal oficial de datos abiertos,PRIMARY_OFFICIAL
2019A,2019-04-28,43 - Tarragona,ESCAÑOS EN BLANCO - EB,0,0,Ministerio del Interior / portal oficial de datos abiertos,PRIMARY_OFFICIAL
2019A,2019-04-28,43 - Tarragona,ESCAÑOS EN BLANCO-AULKI ZURIAK - EB,0,0,Ministerio del Interior / portal oficial de datos abiertos,PRIMARY_OFFICIAL
2019A,2019-04-28,43 - Tarragona,ESQUERRA REPUBLICANA DE CATALUNYA-SOBIRANISTES - ERC-SOBIRANISTES,113887,2,Ministerio del Interior / portal oficial de datos abiertos,PRIMARY_OFFICIAL
2019A,2019-04-28,43 - Tarragona,ESQUERRA REPUBLICANA DEL PAÍS VALENCIÀ - ERPV,0,0,Ministerio del Interior / portal oficial de datos abiertos,PRIMARY_OFFICIAL
2019A,2019-04-28,43 - Tarragona,EUSKADIKO LANGILEEN ALDERDI KOMUNISTA/PARTIDO COMUNISTA DE LOS TRABAJADORES DE EUSKADI - ELAK/PCTE,0,0,Ministerio del Interior / portal oficial de datos abiertos,PRIMARY_OFFICIAL
2019A,2019-04-28,43 - Tarragona,EUSKAL HERRIA BILDU - EH Bildu,0,0,Ministerio del Interior / portal oficial de datos abiertos,PRIMARY_OFFICIAL
2019A,2019-04-28,43 - Tarragona,EUZKO ALDERDI JELTZALEA-PARTIDO NACIONALISTA VASCO - EAJ-PNV,0,0,Ministerio del Interior / portal oficial de datos abiertos,PRIMARY_OFFICIAL
2019A,2019-04-28,43 - Tarragona,EXTREMEÑOS PREX CREX - C.Ex-C.R.Ex,0,0,Ministerio del Interior / portal oficial de datos abiertos,PRIMARY_OFFICIAL
2019A,2019-04-28,43 - Tarragona,FALANGE ESPAÑOLA DE LAS JONS - FE de las J,0,0,Ministerio del Interior / portal oficial de datos abiertos,PRIMARY_OFFICIAL
2019A,2019-04-28,43 - Tarragona,FEDERACION DE LOS INDEPENDIENTES DE ARAGON - FIA,0,0,Ministerio del Interior / portal oficial de datos abiertos,PRIMARY_OFFICIAL
2019A,2019-04-28,43 - Tarragona,FEMINISM8 - F8,0,0,Ministerio del Interior / portal oficial de datos abiertos,PRIMARY_OFFICIAL
2019A,2019-04-28,43 - Tarragona,GEROA BAI - GBAI,0,0,Ministerio del Interior / portal oficial de datos abiertos,PRIMARY_OFFICIAL
2019A,2019-04-28,43 - Tarragona,IZQUIERDA ANTICAPITALISTA REVOLUCIONARIA - IZAR,0,0,Ministerio del Interior / portal oficial de datos abiertos,PRIMARY_OFFICIAL
2019A,2019-04-28,43 - Tarragona,IZQUIERDA EN POSITIVO - IZQP,200,0,Ministerio del Interior / portal oficial de datos abiertos,PRIMARY_OFFICIAL
2019A,2019-04-28,43 - Tarragona,JUNTS PER CATALUNYA-JUNTS - JxCAT-JUNTS,51239,1,Ministerio del Interior / portal oficial de datos abiertos,PRIMARY_OFFICIAL
2019A,2019-04-28,43 - Tarragona,LOS VERDES ECOPACIFISTAS ADELANTE - AVANT-LOS VERDES,0,0,Ministerio del Interior / portal oficial de datos abiertos,PRIMARY_OFFICIAL
2019A,2019-04-28,43 - Tarragona,MUERTE AL SISTEMA - +MAS+,0,0,Ministerio del Interior / portal oficial de datos abiertos,PRIMARY_OFFICIAL
2019A,2019-04-28,43 - Tarragona,NAVARRA SUMA - NA+,0,0,Ministerio del Interior / portal oficial de datos abiertos,PRIMARY_OFFICIAL
2019A,2019-04-28,43 - Tarragona,NUEVA CANARIAS - NCa,0,0,Ministerio del Interior / portal oficial de datos abiertos,PRIMARY_OFFICIAL
2019A,2019-04-28,43 - Tarragona,PARTIDO ANIMALISTA CONTRA EL MALTRATO ANIMAL - PACMA,6189,0,Ministerio del Interior / portal oficial de datos abiertos,PRIMARY_OFFICIAL
2019A,2019-04-28,43 - Tarragona,PARTIDO COMUNISTA DE LOS PUEBLOS DE ESPAÑA - PCPE,0,0,Ministerio del Interior / portal oficial de datos abiertos,PRIMARY_OFFICIAL
2019A,2019-04-28,43 - Tarragona,PARTIDO COMUNISTA DE LOS TRABAJADORES DE ESPAÑA - PCTE,0,0,Ministerio del Interior / portal oficial de datos abiertos,PRIMARY_OFFICIAL
2019A,2019-04-28,43 - Tarragona,PARTIDO COMUNISTA DE LOS TRABAJADORES DE EUSKADI/EUSKADIKO LANGILEEN ALDERDI KOMUNISTA - PCTE/ELAK,0,0,Ministerio del Interior / portal oficial de datos abiertos,PRIMARY_OFFICIAL
2019A,2019-04-28,43 - Tarragona,PARTIDO COMUNISTA DEL PUEBLO ANDALUZ - PCPA,0,0,Ministerio del Interior / portal oficial de datos abiertos,PRIMARY_OFFICIAL
2019A,2019-04-28,43 - Tarragona,PARTIDO COMUNISTA DEL PUEBLO CANARIO - PCPC,0,0,Ministerio del Interior / portal oficial de datos abiertos,PRIMARY_OFFICIAL
2019A,2019-04-28,43 - Tarragona,PARTIDO COMUNISTA DOS TRABALLADORES DE GALIZA - PCTG,0,0,Ministerio del Interior / portal oficial de datos abiertos,PRIMARY_OFFICIAL
2019A,2019-04-28,43 - Tarragona,PARTIDO COMUNISTA OBRERO ESPAÑOL - PCOE,0,0,Ministerio del Interior / portal oficial de datos abiertos,PRIMARY_OFFICIAL
2019A,2019-04-28,43 - Tarragona,PARTIDO DE ACCIÓN SOLIDARIA EUROPEA - SOLIDARIA,0,0,Ministerio del Interior / portal oficial de datos abiertos,PRIMARY_OFFICIAL
2019A,2019-04-28,43 - Tarragona,"PARTIDO DE JUBILADOS POR EL FUTURO. DIGNIDAD Y DEMOCRACIA - ""JF""",0,0,Ministerio del Interior / portal oficial de datos abiertos,PRIMARY_OFFICIAL
2019A,2019-04-28,43 - Tarragona,PARTIDO DEMÓCRATA SOCIAL JUBILADOS EUROPEOS - UNID - PDSJE-UDEC,0,0,Ministerio del Interior / portal oficial de datos abiertos,PRIMARY_OFFICIAL
2019A,2019-04-28,43 - Tarragona,PARTIDO DOS SOCIALISTAS DE GALICIA-PARTIDO SOCIALI - PSdeG-PSOE,0,0,Ministerio del Interior / portal oficial de datos abiertos,PRIMARY_OFFICIAL
2019A,2019-04-28,43 - Tarragona,PARTIDO HUMANISTA - PH,0,0,Ministerio del Interior / portal oficial de datos abiertos,PRIMARY_OFFICIAL
2019A,2019-04-28,43 - Tarragona,PARTIDO LIBERTARIO - P-LIB,0,0,Ministerio del Interior / portal oficial de datos abiertos,PRIMARY_OFFICIAL
2019A,2019-04-28,43 - Tarragona,PARTIDO POPULAR - FORO - PP-FORO,0,0,Ministerio del Interior / portal oficial de datos abiertos,PRIMARY_OFFICIAL
2019A,2019-04-28,43 - Tarragona,PARTIDO POPULAR - PP,21376,0,Ministerio del Interior / portal oficial de datos abiertos,PRIMARY_OFFICIAL
2019A,2019-04-28,43 - Tarragona,PARTIDO POPULAR/PARTIT POPULAR - PP,0,0,Ministerio del Interior / portal oficial de datos abiertos,PRIMARY_OFFICIAL
2019A,2019-04-28,43 - Tarragona,PARTIDO REGIONALISTA DE CANTABRIA - PRC,0,0,Ministerio del Interior / portal oficial de datos abiertos,PRIMARY_OFFICIAL
2019A,2019-04-28,43 - Tarragona,PARTIDO REGIONALISTA DEL PAIS LEONES - PREPAL,0,0,Ministerio del Interior / portal oficial de datos abiertos,PRIMARY_OFFICIAL
2019A,2019-04-28,43 - Tarragona,PARTIDO REPUBLICANO INDEPENDIENTE SOLIDARIO ANDALUZ - RISA,0,0,Ministerio del Interior / portal oficial de datos abiertos,PRIMARY_OFFICIAL
2019A,2019-04-28,43 - Tarragona,PARTIDO RIOJANO - PR+,0,0,Ministerio del Interior / portal oficial de datos abiertos,PRIMARY_OFFICIAL
2019A,2019-04-28,43 - Tarragona,PARTIDO SOCIALISTA DE EUSKADI-EUSKADIKO EZKERRA (PSOE) - PSE-EE (PSOE),0,0,Ministerio del Interior / portal oficial de datos abiertos,PRIMARY_OFFICIAL
2019A,2019-04-28,43 - Tarragona,PARTIDO SOCIALISTA OBRERO ESPAÑOL - PSOE,0,0,Ministerio del Interior / portal oficial de datos abiertos,PRIMARY_OFFICIAL
2019A,2019-04-28,43 - Tarragona,PARTIT ANIMALISTA CONTRA EL MALTRACTAMENT ANIMAL - PACMA,0,0,Ministerio del Interior / portal oficial de datos abiertos,PRIMARY_OFFICIAL
2019A,2019-04-28,43 - Tarragona,PARTIT COMUNISTA DEL POBLE DE CATALUNYA - PCPC,260,0,Ministerio del Interior / portal oficial de datos abiertos,PRIMARY_OFFICIAL
2019A,2019-04-28,43 - Tarragona,PARTIT COMUNISTA DELS POBLES D'ESPANYA - PCPE,0,0,Ministerio del Interior / portal oficial de datos abiertos,PRIMARY_OFFICIAL
2019A,2019-04-28,43 - Tarragona,PARTIT COMUNISTA DELS TREBALLADORS DE CATALUNYA - PCTC,471,0,Ministerio del Interior / portal oficial de datos abiertos,PRIMARY_OFFICIAL
2019A,2019-04-28,43 - Tarragona,PARTIT DELS SOCIALISTES DE CATALUNYA (PSC-PSOE) - PSC,89650,1,Ministerio del Interior / portal oficial de datos abiertos,PRIMARY_OFFICIAL
2019A,2019-04-28,43 - Tarragona,PARTIT POPULAR-PARTIDO POPULAR - PP,0,0,Ministerio del Interior / portal oficial de datos abiertos,PRIMARY_OFFICIAL
2019A,2019-04-28,43 - Tarragona,PARTIT SOCIALISTA OBRER ESPANYOL - PSOE,0,0,Ministerio del Interior / portal oficial de datos abiertos,PRIMARY_OFFICIAL
2019A,2019-04-28,43 - Tarragona,PER UN MÓN MÉS JUST - PUM+J,280,0,Ministerio del Interior / portal oficial de datos abiertos,PRIMARY_OFFICIAL
2019A,2019-04-28,43 - Tarragona,PLATAFORMA DEL PUEBLO SORIANO - PPSO,0,0,Ministerio del Interior / portal oficial de datos abiertos,PRIMARY_OFFICIAL
2019A,2019-04-28,43 - Tarragona,POBLE LLIURE - SOM ALTERNATIVA - PIRATES DE CATALU - FRONT REPUB,8234,0,Ministerio del Interior / portal oficial de datos abiertos,PRIMARY_OFFICIAL
2019A,2019-04-28,43 - Tarragona,POR UN MUNDO MÁS JUSTO (BIDEZKO MUNDURANTZ) - PUM+J,0,0,Ministerio del Interior / portal oficial de datos abiertos,PRIMARY_OFFICIAL
2019A,2019-04-28,43 - Tarragona,POR UN MUNDO MÁS JUSTO - PUM+J,0,0,Ministerio del Interior / portal oficial de datos abiertos,PRIMARY_OFFICIAL
2019A,2019-04-28,43 - Tarragona,PUYALON - PYLN,0,0,Ministerio del Interior / portal oficial de datos abiertos,PRIMARY_OFFICIAL
2019A,2019-04-28,43 - Tarragona,RECORTES CERO-GRUPO VERDE - RECORTES CERO-GV,462,0,Ministerio del Interior / portal oficial de datos abiertos,PRIMARY_OFFICIAL
2019A,2019-04-28,43 - Tarragona,RECORTES CERO-GRUPO VERDE-PARTIDO CASTELLANO-TIERRA COMUNERA - RECORTES CERO-GV-PCAS-TC,0,0,Ministerio del Interior / portal oficial de datos abiertos,PRIMARY_OFFICIAL
2019A,2019-04-28,43 - Tarragona,SOM VALENCIANS EN MOVIMENT - UIG-SOM-CUIDES,0,0,Ministerio del Interior / portal oficial de datos abiertos,PRIMARY_OFFICIAL
2019A,2019-04-28,43 - Tarragona,SOMOS REGIÓN - SOMOS REGIÓ,0,0,Ministerio del Interior / portal oficial de datos abiertos,PRIMARY_OFFICIAL
2019A,2019-04-28,43 - Tarragona,UNIDAS PODEMOS - PODEMOS-EUPV,0,0,Ministerio del Interior / portal oficial de datos abiertos,PRIMARY_OFFICIAL
2019A,2019-04-28,43 - Tarragona,UNIDAS PODEMOS - PODEMOS-IU LV CA-EQUO,0,0,Ministerio del Interior / portal oficial de datos abiertos,PRIMARY_OFFICIAL
2019A,2019-04-28,43 - Tarragona,UNIDAS PODEMOS - PODEMOS-IU-EQUO,0,0,Ministerio del Interior / portal oficial de datos abiertos,PRIMARY_OFFICIAL
2019A,2019-04-28,43 - Tarragona,UNIDAS PODEMOS - PODEMOS-IU-EQUO-BATZARRE,0,0,Ministerio del Interior / portal oficial de datos abiertos,PRIMARY_OFFICIAL
2019A,2019-04-28,43 - Tarragona,UNIDAS PODEMOS-ALTOARAGÓN EN COMÚN - PODEMOS-IU-,0,0,Ministerio del Interior / portal oficial de datos abiertos,PRIMARY_OFFICIAL
2019A,2019-04-28,43 - Tarragona,UNIDAS PODEMOS-UNIDES PODEM - PODEMOS-EUIB,0,0,Ministerio del Interior / portal oficial de datos abiertos,PRIMARY_OFFICIAL
2019A,2019-04-28,43 - Tarragona,UNIDAS PODEMOS-XUNIES PODEMOS - PODEMOS-IX-EQUO,0,0,Ministerio del Interior / portal oficial de datos abiertos,PRIMARY_OFFICIAL
2019A,2019-04-28,43 - Tarragona,UNIÓN DE TODOS - UDT,0,0,Ministerio del Interior / portal oficial de datos abiertos,PRIMARY_OFFICIAL
2019A,2019-04-28,43 - Tarragona,UNIÓN REGIONALISTA DE CASTILLA Y LEÓN - UNIÓN REGIO,0,0,Ministerio del Interior / portal oficial de datos abiertos,PRIMARY_OFFICIAL
2019A,2019-04-28,43 - Tarragona,VIVIR OURENSE - VOU,0,0,Ministerio del Interior / portal oficial de datos abiertos,PRIMARY_OFFICIAL
2019A,2019-04-28,43 - Tarragona,VOX - VOX,20105,0,Ministerio del Interior / portal oficial de datos abiertos,PRIMARY_OFFICIAL
2019A,2019-04-28,43 - Tarragona,Veus PROGRESSISTES - ARA-MES-ESQUERRA,0,0,Ministerio del Interior / portal oficial de datos abiertos,PRIMARY_OFFICIAL
2019A,2019-04-28,44 - Teruel,ACTÚA - PACT,0,0,Ministerio del Interior / portal oficial de datos abiertos,PRIMARY_OFFICIAL
2019A,2019-04-28,44 - Teruel,AHORA CANARIAS: Alternativa Nacionalista Canaria ANC y Unidad del Pueblo - AHORA CANARIAS,0,0,Ministerio del Interior / portal oficial de datos abiertos,PRIMARY_OFFICIAL
2019A,2019-04-28,44 - Teruel,ANDALUCÍA POR SÍ - AxSI,0,0,Ministerio del Interior / portal oficial de datos abiertos,PRIMARY_OFFICIAL
2019A,2019-04-28,44 - Teruel,ANDECHA ASTUR - ANDECHA ASTUR,0,0,Ministerio del Interior / portal oficial de datos abiertos,PRIMARY_OFFICIAL
2019A,2019-04-28,44 - Teruel,AVANT ADELANTE LOS VERDES - AVANT ADELANTE LOS VERDES,0,0,Ministerio del Interior / portal oficial de datos abiertos,PRIMARY_OFFICIAL
2019A,2019-04-28,44 - Teruel,BLOQUE NACIONALISTA GALEGO - BNG,0,0,Ministerio del Interior / portal oficial de datos abiertos,PRIMARY_OFFICIAL
2019A,2019-04-28,44 - Teruel,CENTRADOS - centrados,0,0,Ministerio del Interior / portal oficial de datos abiertos,PRIMARY_OFFICIAL
2019A,2019-04-28,44 - Teruel,CIUDADANOS INDEPENDIENTES DE LINARES UNIDOS - CILU-LINARES,0,0,Ministerio del Interior / portal oficial de datos abiertos,PRIMARY_OFFICIAL
2019A,2019-04-28,44 - Teruel,CIUDADANOS-PARTIDO DE LA CIUDADANÍA - Cs,15357,1,Ministerio del Interior / portal oficial de datos abiertos,PRIMARY_OFFICIAL
2019A,2019-04-28,44 - Teruel,CIUTADANS-PARTIDO DE LA CIUDADANÍA - Cs,0,0,Ministerio del Interior / portal oficial de datos abiertos,PRIMARY_OFFICIAL
2019A,2019-04-28,44 - Teruel,COALICION CANARIA-PARTIDO NACIONALISTA CANARIO - CCa-PNC,0,0,Ministerio del Interior / portal oficial de datos abiertos,PRIMARY_OFFICIAL
2019A,2019-04-28,44 - Teruel,COALICION POR MELILLA - CpM,0,0,Ministerio del Interior / portal oficial de datos abiertos,PRIMARY_OFFICIAL
2019A,2019-04-28,44 - Teruel,COMPROMISO POR GALICIA - CxG,0,0,Ministerio del Interior / portal oficial de datos abiertos,PRIMARY_OFFICIAL
2019A,2019-04-28,44 - Teruel,COMPROMÍS: BLOC-INICIATIVA-VERDSEQUO - COMPROMÍS 2,0,0,Ministerio del Interior / portal oficial de datos abiertos,PRIMARY_OFFICIAL
2019A,2019-04-28,44 - Teruel,CONVERGENTS - CNV,0,0,Ministerio del Interior / portal oficial de datos abiertos,PRIMARY_OFFICIAL
2019A,2019-04-28,44 - Teruel,CONVERXENCIA 21 - C 21,0,0,Ministerio del Interior / portal oficial de datos abiertos,PRIMARY_OFFICIAL
2019A,2019-04-28,44 - Teruel,DEFENSA DE LO PÚBLICO - DP,0,0,Ministerio del Interior / portal oficial de datos abiertos,PRIMARY_OFFICIAL
2019A,2019-04-28,44 - Teruel,DEMOCRACIA PLURAL - DPL,0,0,Ministerio del Interior / portal oficial de datos abiertos,PRIMARY_OFFICIAL
2019A,2019-04-28,44 - Teruel,EL PI - PROPOSTA PER LES ILLES BALEARS - EL PI,0,0,Ministerio del Interior / portal oficial de datos abiertos,PRIMARY_OFFICIAL
2019A,2019-04-28,44 - Teruel,ELKARREKIN PODEMOS-UNIDAS PODEMOS - PODEMOS-IU-EQUO BERDEAK,0,0,Ministerio del Interior / portal oficial de datos abiertos,PRIMARY_OFFICIAL
2019A,2019-04-28,44 - Teruel,EN COMÚ PODEM - GUANYEM EL CANVI - ECP-GUANYEM,0,0,Ministerio del Interior / portal oficial de datos abiertos,PRIMARY_OFFICIAL
2019A,2019-04-28,44 - Teruel,EN COMÚN-UNIDAS PODEMOS - PODEMOS-EU-,0,0,Ministerio del Interior / portal oficial de datos abiertos,PRIMARY_OFFICIAL
2019A,2019-04-28,44 - Teruel,EN MAREA - EN MAREA,0,0,Ministerio del Interior / portal oficial de datos abiertos,PRIMARY_OFFICIAL
2019A,2019-04-28,44 - Teruel,ESCANOS EN BRANCO - EB,0,0,Ministerio del Interior / portal oficial de datos abiertos,PRIMARY_OFFICIAL
2019A,2019-04-28,44 - Teruel,ESCAÑOS EN BLANCO - EB,272,0,Ministerio del Interior / portal oficial de datos abiertos,PRIMARY_OFFICIAL
2019A,2019-04-28,44 - Teruel,ESCAÑOS EN BLANCO-AULKI ZURIAK - EB,0,0,Ministerio del Interior / portal oficial de datos abiertos,PRIMARY_OFFICIAL
2019A,2019-04-28,44 - Teruel,ESQUERRA REPUBLICANA DE CATALUNYA-SOBIRANISTES - ERC-SOBIRANISTES,0,0,Ministerio del Interior / portal oficial de datos abiertos,PRIMARY_OFFICIAL
2019A,2019-04-28,44 - Teruel,ESQUERRA REPUBLICANA DEL PAÍS VALENCIÀ - ERPV,0,0,Ministerio del Interior / portal oficial de datos abiertos,PRIMARY_OFFICIAL
2019A,2019-04-28,44 - Teruel,EUSKADIKO LANGILEEN ALDERDI KOMUNISTA/PARTIDO COMUNISTA DE LOS TRABAJADORES DE EUSKADI - ELAK/PCTE,0,0,Ministerio del Interior / portal oficial de datos abiertos,PRIMARY_OFFICIAL
2019A,2019-04-28,44 - Teruel,EUSKAL HERRIA BILDU - EH Bildu,0,0,Ministerio del Interior / portal oficial de datos abiertos,PRIMARY_OFFICIAL
2019A,2019-04-28,44 - Teruel,EUZKO ALDERDI JELTZALEA-PARTIDO NACIONALISTA VASCO - EAJ-PNV,0,0,Ministerio del Interior / portal oficial de datos abiertos,PRIMARY_OFFICIAL
2019A,2019-04-28,44 - Teruel,EXTREMEÑOS PREX CREX - C.Ex-C.R.Ex,0,0,Ministerio del Interior / portal oficial de datos abiertos,PRIMARY_OFFICIAL
2019A,2019-04-28,44 - Teruel,FALANGE ESPAÑOLA DE LAS JONS - FE de las J,0,0,Ministerio del Interior / portal oficial de datos abiertos,PRIMARY_OFFICIAL
2019A,2019-04-28,44 - Teruel,FEDERACION DE LOS INDEPENDIENTES DE ARAGON - FIA,0,0,Ministerio del Interior / portal oficial de datos abiertos,PRIMARY_OFFICIAL
2019A,2019-04-28,44 - Teruel,FEMINISM8 - F8,0,0,Ministerio del Interior / portal oficial de datos abiertos,PRIMARY_OFFICIAL
2019A,2019-04-28,44 - Teruel,GEROA BAI - GBAI,0,0,Ministerio del Interior / portal oficial de datos abiertos,PRIMARY_OFFICIAL
2019A,2019-04-28,44 - Teruel,IZQUIERDA ANTICAPITALISTA REVOLUCIONARIA - IZAR,0,0,Ministerio del Interior / portal oficial de datos abiertos,PRIMARY_OFFICIAL
2019A,2019-04-28,44 - Teruel,IZQUIERDA EN POSITIVO - IZQP,0,0,Ministerio del Interior / portal oficial de datos abiertos,PRIMARY_OFFICIAL
2019A,2019-04-28,44 - Teruel,JUNTS PER CATALUNYA-JUNTS - JxCAT-JUNTS,0,0,Ministerio del Interior / portal oficial de datos abiertos,PRIMARY_OFFICIAL
2019A,2019-04-28,44 - Teruel,LOS VERDES ECOPACIFISTAS ADELANTE - AVANT-LOS VERDES,0,0,Ministerio del Interior / portal oficial de datos abiertos,PRIMARY_OFFICIAL
2019A,2019-04-28,44 - Teruel,MUERTE AL SISTEMA - +MAS+,47,0,Ministerio del Interior / portal oficial de datos abiertos,PRIMARY_OFFICIAL
2019A,2019-04-28,44 - Teruel,NAVARRA SUMA - NA+,0,0,Ministerio del Interior / portal oficial de datos abiertos,PRIMARY_OFFICIAL
2019A,2019-04-28,44 - Teruel,NUEVA CANARIAS - NCa,0,0,Ministerio del Interior / portal oficial de datos abiertos,PRIMARY_OFFICIAL
2019A,2019-04-28,44 - Teruel,PARTIDO ANIMALISTA CONTRA EL MALTRATO ANIMAL - PACMA,452,0,Ministerio del Interior / portal oficial de datos abiertos,PRIMARY_OFFICIAL
2019A,2019-04-28,44 - Teruel,PARTIDO COMUNISTA DE LOS PUEBLOS DE ESPAÑA - PCPE,96,0,Ministerio del Interior / portal oficial de datos abiertos,PRIMARY_OFFICIAL
2019A,2019-04-28,44 - Teruel,PARTIDO COMUNISTA DE LOS TRABAJADORES DE ESPAÑA - PCTE,0,0,Ministerio del Interior / portal oficial de datos abiertos,PRIMARY_OFFICIAL
2019A,2019-04-28,44 - Teruel,PARTIDO COMUNISTA DE LOS TRABAJADORES DE EUSKADI/EUSKADIKO LANGILEEN ALDERDI KOMUNISTA - PCTE/ELAK,0,0,Ministerio del Interior / portal oficial de datos abiertos,PRIMARY_OFFICIAL
2019A,2019-04-28,44 - Teruel,PARTIDO COMUNISTA DEL PUEBLO ANDALUZ - PCPA,0,0,Ministerio del Interior / portal oficial de datos abiertos,PRIMARY_OFFICIAL
2019A,2019-04-28,44 - Teruel,PARTIDO COMUNISTA DEL PUEBLO CANARIO - PCPC,0,0,Ministerio del Interior / portal oficial de datos abiertos,PRIMARY_OFFICIAL
2019A,2019-04-28,44 - Teruel,PARTIDO COMUNISTA DOS TRABALLADORES DE GALIZA - PCTG,0,0,Ministerio del Interior / portal oficial de datos abiertos,PRIMARY_OFFICIAL
2019A,2019-04-28,44 - Teruel,PARTIDO COMUNISTA OBRERO ESPAÑOL - PCOE,0,0,Ministerio del Interior / portal oficial de datos abiertos,PRIMARY_OFFICIAL
2019A,2019-04-28,44 - Teruel,PARTIDO DE ACCIÓN SOLIDARIA EUROPEA - SOLIDARIA,0,0,Ministerio del Interior / portal oficial de datos abiertos,PRIMARY_OFFICIAL
2019A,2019-04-28,44 - Teruel,"PARTIDO DE JUBILADOS POR EL FUTURO. DIGNIDAD Y DEMOCRACIA - ""JF""",0,0,Ministerio del Interior / portal oficial de datos abiertos,PRIMARY_OFFICIAL
2019A,2019-04-28,44 - Teruel,PARTIDO DEMÓCRATA SOCIAL JUBILADOS EUROPEOS - UNID - PDSJE-UDEC,0,0,Ministerio del Interior / portal oficial de datos abiertos,PRIMARY_OFFICIAL
2019A,2019-04-28,44 - Teruel,PARTIDO DOS SOCIALISTAS DE GALICIA-PARTIDO SOCIALI - PSdeG-PSOE,0,0,Ministerio del Interior / portal oficial de datos abiertos,PRIMARY_OFFICIAL
2019A,2019-04-28,44 - Teruel,PARTIDO HUMANISTA - PH,0,0,Ministerio del Interior / portal oficial de datos abiertos,PRIMARY_OFFICIAL
2019A,2019-04-28,44 - Teruel,PARTIDO LIBERTARIO - P-LIB,0,0,Ministerio del Interior / portal oficial de datos abiertos,PRIMARY_OFFICIAL
2019A,2019-04-28,44 - Teruel,PARTIDO POPULAR - FORO - PP-FORO,0,0,Ministerio del Interior / portal oficial de datos abiertos,PRIMARY_OFFICIAL
2019A,2019-04-28,44 - Teruel,PARTIDO POPULAR - PP,18566,1,Ministerio del Interior / portal oficial de datos abiertos,PRIMARY_OFFICIAL
2019A,2019-04-28,44 - Teruel,PARTIDO POPULAR/PARTIT POPULAR - PP,0,0,Ministerio del Interior / portal oficial de datos abiertos,PRIMARY_OFFICIAL
2019A,2019-04-28,44 - Teruel,PARTIDO REGIONALISTA DE CANTABRIA - PRC,0,0,Ministerio del Interior / portal oficial de datos abiertos,PRIMARY_OFFICIAL
2019A,2019-04-28,44 - Teruel,PARTIDO REGIONALISTA DEL PAIS LEONES - PREPAL,0,0,Ministerio del Interior / portal oficial de datos abiertos,PRIMARY_OFFICIAL
2019A,2019-04-28,44 - Teruel,PARTIDO REPUBLICANO INDEPENDIENTE SOLIDARIO ANDALUZ - RISA,0,0,Ministerio del Interior / portal oficial de datos abiertos,PRIMARY_OFFICIAL
2019A,2019-04-28,44 - Teruel,PARTIDO RIOJANO - PR+,0,0,Ministerio del Interior / portal oficial de datos abiertos,PRIMARY_OFFICIAL
2019A,2019-04-28,44 - Teruel,PARTIDO SOCIALISTA DE EUSKADI-EUSKADIKO EZKERRA (PSOE) - PSE-EE (PSOE),0,0,Ministerio del Interior / portal oficial de datos abiertos,PRIMARY_OFFICIAL
2019A,2019-04-28,44 - Teruel,PARTIDO SOCIALISTA OBRERO ESPAÑOL - PSOE,25629,1,Ministerio del Interior / portal oficial de datos abiertos,PRIMARY_OFFICIAL
2019A,2019-04-28,44 - Teruel,PARTIT ANIMALISTA CONTRA EL MALTRACTAMENT ANIMAL - PACMA,0,0,Ministerio del Interior / portal oficial de datos abiertos,PRIMARY_OFFICIAL
2019A,2019-04-28,44 - Teruel,PARTIT COMUNISTA DEL POBLE DE CATALUNYA - PCPC,0,0,Ministerio del Interior / portal oficial de datos abiertos,PRIMARY_OFFICIAL
2019A,2019-04-28,44 - Teruel,PARTIT COMUNISTA DELS POBLES D'ESPANYA - PCPE,0,0,Ministerio del Interior / portal oficial de datos abiertos,PRIMARY_OFFICIAL
2019A,2019-04-28,44 - Teruel,PARTIT COMUNISTA DELS TREBALLADORS DE CATALUNYA - PCTC,0,0,Ministerio del Interior / portal oficial de datos abiertos,PRIMARY_OFFICIAL
2019A,2019-04-28,44 - Teruel,PARTIT DELS SOCIALISTES DE CATALUNYA (PSC-PSOE) - PSC,0,0,Ministerio del Interior / portal oficial de datos abiertos,PRIMARY_OFFICIAL
2019A,2019-04-28,44 - Teruel,PARTIT POPULAR-PARTIDO POPULAR - PP,0,0,Ministerio del Interior / portal oficial de datos abiertos,PRIMARY_OFFICIAL
2019A,2019-04-28,44 - Teruel,PARTIT SOCIALISTA OBRER ESPANYOL - PSOE,0,0,Ministerio del Interior / portal oficial de datos abiertos,PRIMARY_OFFICIAL
2019A,2019-04-28,44 - Teruel,PER UN MÓN MÉS JUST - PUM+J,0,0,Ministerio del Interior / portal oficial de datos abiertos,PRIMARY_OFFICIAL
2019A,2019-04-28,44 - Teruel,PLATAFORMA DEL PUEBLO SORIANO - PPSO,0,0,Ministerio del Interior / portal oficial de datos abiertos,PRIMARY_OFFICIAL
2019A,2019-04-28,44 - Teruel,POBLE LLIURE - SOM ALTERNATIVA - PIRATES DE CATALU - FRONT REPUB,0,0,Ministerio del Interior / portal oficial de datos abiertos,PRIMARY_OFFICIAL
2019A,2019-04-28,44 - Teruel,POR UN MUNDO MÁS JUSTO (BIDEZKO MUNDURANTZ) - PUM+J,0,0,Ministerio del Interior / portal oficial de datos abiertos,PRIMARY_OFFICIAL
2019A,2019-04-28,44 - Teruel,POR UN MUNDO MÁS JUSTO - PUM+J,74,0,Ministerio del Interior / portal oficial de datos abiertos,PRIMARY_OFFICIAL
2019A,2019-04-28,44 - Teruel,PUYALON - PYLN,66,0,Ministerio del Interior / portal oficial de datos abiertos,PRIMARY_OFFICIAL
2019A,2019-04-28,44 - Teruel,RECORTES CERO-GRUPO VERDE - RECORTES CERO-GV,113,0,Ministerio del Interior / portal oficial de datos abiertos,PRIMARY_OFFICIAL
2019A,2019-04-28,44 - Teruel,RECORTES CERO-GRUPO VERDE-PARTIDO CASTELLANO-TIERRA COMUNERA - RECORTES CERO-GV-PCAS-TC,0,0,Ministerio del Interior / portal oficial de datos abiertos,PRIMARY_OFFICIAL
2019A,2019-04-28,44 - Teruel,SOM VALENCIANS EN MOVIMENT - UIG-SOM-CUIDES,0,0,Ministerio del Interior / portal oficial de datos abiertos,PRIMARY_OFFICIAL
2019A,2019-04-28,44 - Teruel,SOMOS REGIÓN - SOMOS REGIÓ,0,0,Ministerio del Interior / portal oficial de datos abiertos,PRIMARY_OFFICIAL
2019A,2019-04-28,44 - Teruel,UNIDAS PODEMOS - PODEMOS-EUPV,0,0,Ministerio del Interior / portal oficial de datos abiertos,PRIMARY_OFFICIAL
2019A,2019-04-28,44 - Teruel,UNIDAS PODEMOS - PODEMOS-IU LV CA-EQUO,0,0,Ministerio del Interior / portal oficial de datos abiertos,PRIMARY_OFFICIAL
2019A,2019-04-28,44 - Teruel,UNIDAS PODEMOS - PODEMOS-IU-EQUO,8224,0,Ministerio del Interior / portal oficial de datos abiertos,PRIMARY_OFFICIAL
2019A,2019-04-28,44 - Teruel,UNIDAS PODEMOS - PODEMOS-IU-EQUO-BATZARRE,0,0,Ministerio del Interior / portal oficial de datos abiertos,PRIMARY_OFFICIAL
2019A,2019-04-28,44 - Teruel,UNIDAS PODEMOS-ALTOARAGÓN EN COMÚN - PODEMOS-IU-,0,0,Ministerio del Interior / portal oficial de datos abiertos,PRIMARY_OFFICIAL
2019A,2019-04-28,44 - Teruel,UNIDAS PODEMOS-UNIDES PODEM - PODEMOS-EUIB,0,0,Ministerio del Interior / portal oficial de datos abiertos,PRIMARY_OFFICIAL
2019A,2019-04-28,44 - Teruel,UNIDAS PODEMOS-XUNIES PODEMOS - PODEMOS-IX-EQUO,0,0,Ministerio del Interior / portal oficial de datos abiertos,PRIMARY_OFFICIAL
2019A,2019-04-28,44 - Teruel,UNIÓN DE TODOS - UDT,28,0,Ministerio del Interior / portal oficial de datos abiertos,PRIMARY_OFFICIAL
2019A,2019-04-28,44 - Teruel,UNIÓN REGIONALISTA DE CASTILLA Y LEÓN - UNIÓN REGIO,0,0,Ministerio del Interior / portal oficial de datos abiertos,PRIMARY_OFFICIAL
2019A,2019-04-28,44 - Teruel,VIVIR OURENSE - VOU,0,0,Ministerio del Interior / portal oficial de datos abiertos,PRIMARY_OFFICIAL
2019A,2019-04-28,44 - Teruel,VOX - VOX,8336,0,Ministerio del Interior / portal oficial de datos abiertos,PRIMARY_OFFICIAL
2019A,2019-04-28,44 - Teruel,Veus PROGRESSISTES - ARA-MES-ESQUERRA,0,0,Ministerio del Interior / portal oficial de datos abiertos,PRIMARY_OFFICIAL
2019A,2019-04-28,45 - Toledo,ACTÚA - PACT,0,0,Ministerio del Interior / portal oficial de datos abiertos,PRIMARY_OFFICIAL
2019A,2019-04-28,45 - Toledo,AHORA CANARIAS: Alternativa Nacionalista Canaria ANC y Unidad del Pueblo - AHORA CANARIAS,0,0,Ministerio del Interior / portal oficial de datos abiertos,PRIMARY_OFFICIAL
2019A,2019-04-28,45 - Toledo,ANDALUCÍA POR SÍ - AxSI,0,0,Ministerio del Interior / portal oficial de datos abiertos,PRIMARY_OFFICIAL
2019A,2019-04-28,45 - Toledo,ANDECHA ASTUR - ANDECHA ASTUR,0,0,Ministerio del Interior / portal oficial de datos abiertos,PRIMARY_OFFICIAL
2019A,2019-04-28,45 - Toledo,AVANT ADELANTE LOS VERDES - AVANT ADELANTE LOS VERDES,0,0,Ministerio del Interior / portal oficial de datos abiertos,PRIMARY_OFFICIAL
2019A,2019-04-28,45 - Toledo,BLOQUE NACIONALISTA GALEGO - BNG,0,0,Ministerio del Interior / portal oficial de datos abiertos,PRIMARY_OFFICIAL
2019A,2019-04-28,45 - Toledo,CENTRADOS - centrados,0,0,Ministerio del Interior / portal oficial de datos abiertos,PRIMARY_OFFICIAL
2019A,2019-04-28,45 - Toledo,CIUDADANOS INDEPENDIENTES DE LINARES UNIDOS - CILU-LINARES,0,0,Ministerio del Interior / portal oficial de datos abiertos,PRIMARY_OFFICIAL
2019A,2019-04-28,45 - Toledo,CIUDADANOS-PARTIDO DE LA CIUDADANÍA - Cs,69678,1,Ministerio del Interior / portal oficial de datos abiertos,PRIMARY_OFFICIAL
2019A,2019-04-28,45 - Toledo,CIUTADANS-PARTIDO DE LA CIUDADANÍA - Cs,0,0,Ministerio del Interior / portal oficial de datos abiertos,PRIMARY_OFFICIAL
2019A,2019-04-28,45 - Toledo,COALICION CANARIA-PARTIDO NACIONALISTA CANARIO - CCa-PNC,0,0,Ministerio del Interior / portal oficial de datos abiertos,PRIMARY_OFFICIAL
2019A,2019-04-28,45 - Toledo,COALICION POR MELILLA - CpM,0,0,Ministerio del Interior / portal oficial de datos abiertos,PRIMARY_OFFICIAL
2019A,2019-04-28,45 - Toledo,COMPROMISO POR GALICIA - CxG,0,0,Ministerio del Interior / portal oficial de datos abiertos,PRIMARY_OFFICIAL
2019A,2019-04-28,45 - Toledo,COMPROMÍS: BLOC-INICIATIVA-VERDSEQUO - COMPROMÍS 2,0,0,Ministerio del Interior / portal oficial de datos abiertos,PRIMARY_OFFICIAL
2019A,2019-04-28,45 - Toledo,CONVERGENTS - CNV,0,0,Ministerio del Interior / portal oficial de datos abiertos,PRIMARY_OFFICIAL
2019A,2019-04-28,45 - Toledo,CONVERXENCIA 21 - C 21,0,0,Ministerio del Interior / portal oficial de datos abiertos,PRIMARY_OFFICIAL
2019A,2019-04-28,45 - Toledo,DEFENSA DE LO PÚBLICO - DP,0,0,Ministerio del Interior / portal oficial de datos abiertos,PRIMARY_OFFICIAL
2019A,2019-04-28,45 - Toledo,DEMOCRACIA PLURAL - DPL,0,0,Ministerio del Interior / portal oficial de datos abiertos,PRIMARY_OFFICIAL
2019A,2019-04-28,45 - Toledo,EL PI - PROPOSTA PER LES ILLES BALEARS - EL PI,0,0,Ministerio del Interior / portal oficial de datos abiertos,PRIMARY_OFFICIAL
2019A,2019-04-28,45 - Toledo,ELKARREKIN PODEMOS-UNIDAS PODEMOS - PODEMOS-IU-EQUO BERDEAK,0,0,Ministerio del Interior / portal oficial de datos abiertos,PRIMARY_OFFICIAL
2019A,2019-04-28,45 - Toledo,EN COMÚ PODEM - GUANYEM EL CANVI - ECP-GUANYEM,0,0,Ministerio del Interior / portal oficial de datos abiertos,PRIMARY_OFFICIAL
2019A,2019-04-28,45 - Toledo,EN COMÚN-UNIDAS PODEMOS - PODEMOS-EU-,0,0,Ministerio del Interior / portal oficial de datos abiertos,PRIMARY_OFFICIAL
2019A,2019-04-28,45 - Toledo,EN MAREA - EN MAREA,0,0,Ministerio del Interior / portal oficial de datos abiertos,PRIMARY_OFFICIAL
2019A,2019-04-28,45 - Toledo,ESCANOS EN BRANCO - EB,0,0,Ministerio del Interior / portal oficial de datos abiertos,PRIMARY_OFFICIAL
2019A,2019-04-28,45 - Toledo,ESCAÑOS EN BLANCO - EB,0,0,Ministerio del Interior / portal oficial de datos abiertos,PRIMARY_OFFICIAL
2019A,2019-04-28,45 - Toledo,ESCAÑOS EN BLANCO-AULKI ZURIAK - EB,0,0,Ministerio del Interior / portal oficial de datos abiertos,PRIMARY_OFFICIAL
2019A,2019-04-28,45 - Toledo,ESQUERRA REPUBLICANA DE CATALUNYA-SOBIRANISTES - ERC-SOBIRANISTES,0,0,Ministerio del Interior / portal oficial de datos abiertos,PRIMARY_OFFICIAL
2019A,2019-04-28,45 - Toledo,ESQUERRA REPUBLICANA DEL PAÍS VALENCIÀ - ERPV,0,0,Ministerio del Interior / portal oficial de datos abiertos,PRIMARY_OFFICIAL
2019A,2019-04-28,45 - Toledo,EUSKADIKO LANGILEEN ALDERDI KOMUNISTA/PARTIDO COMUNISTA DE LOS TRABAJADORES DE EUSKADI - ELAK/PCTE,0,0,Ministerio del Interior / portal oficial de datos abiertos,PRIMARY_OFFICIAL
2019A,2019-04-28,45 - Toledo,EUSKAL HERRIA BILDU - EH Bildu,0,0,Ministerio del Interior / portal oficial de datos abiertos,PRIMARY_OFFICIAL
2019A,2019-04-28,45 - Toledo,EUZKO ALDERDI JELTZALEA-PARTIDO NACIONALISTA VASCO - EAJ-PNV,0,0,Ministerio del Interior / portal oficial de datos abiertos,PRIMARY_OFFICIAL
2019A,2019-04-28,45 - Toledo,EXTREMEÑOS PREX CREX - C.Ex-C.R.Ex,0,0,Ministerio del Interior / portal oficial de datos abiertos,PRIMARY_OFFICIAL
2019A,2019-04-28,45 - Toledo,FALANGE ESPAÑOLA DE LAS JONS - FE de las J,0,0,Ministerio del Interior / portal oficial de datos abiertos,PRIMARY_OFFICIAL
2019A,2019-04-28,45 - Toledo,FEDERACION DE LOS INDEPENDIENTES DE ARAGON - FIA,0,0,Ministerio del Interior / portal oficial de datos abiertos,PRIMARY_OFFICIAL
2019A,2019-04-28,45 - Toledo,FEMINISM8 - F8,0,0,Ministerio del Interior / portal oficial de datos abiertos,PRIMARY_OFFICIAL
2019A,2019-04-28,45 - Toledo,GEROA BAI - GBAI,0,0,Ministerio del Interior / portal oficial de datos abiertos,PRIMARY_OFFICIAL
2019A,2019-04-28,45 - Toledo,IZQUIERDA ANTICAPITALISTA REVOLUCIONARIA - IZAR,0,0,Ministerio del Interior / portal oficial de datos abiertos,PRIMARY_OFFICIAL
2019A,2019-04-28,45 - Toledo,IZQUIERDA EN POSITIVO - IZQP,0,0,Ministerio del Interior / portal oficial de datos abiertos,PRIMARY_OFFICIAL
2019A,2019-04-28,45 - Toledo,JUNTS PER CATALUNYA-JUNTS - JxCAT-JUNTS,0,0,Ministerio del Interior / portal oficial de datos abiertos,PRIMARY_OFFICIAL
2019A,2019-04-28,45 - Toledo,LOS VERDES ECOPACIFISTAS ADELANTE - AVANT-LOS VERDES,0,0,Ministerio del Interior / portal oficial de datos abiertos,PRIMARY_OFFICIAL
2019A,2019-04-28,45 - Toledo,MUERTE AL SISTEMA - +MAS+,0,0,Ministerio del Interior / portal oficial de datos abiertos,PRIMARY_OFFICIAL
2019A,2019-04-28,45 - Toledo,NAVARRA SUMA - NA+,0,0,Ministerio del Interior / portal oficial de datos abiertos,PRIMARY_OFFICIAL
2019A,2019-04-28,45 - Toledo,NUEVA CANARIAS - NCa,0,0,Ministerio del Interior / portal oficial de datos abiertos,PRIMARY_OFFICIAL
2019A,2019-04-28,45 - Toledo,PARTIDO ANIMALISTA CONTRA EL MALTRATO ANIMAL - PACMA,3931,0,Ministerio del Interior / portal oficial de datos abiertos,PRIMARY_OFFICIAL
2019A,2019-04-28,45 - Toledo,PARTIDO COMUNISTA DE LOS PUEBLOS DE ESPAÑA - PCPE,0,0,Ministerio del Interior / portal oficial de datos abiertos,PRIMARY_OFFICIAL
2019A,2019-04-28,45 - Toledo,PARTIDO COMUNISTA DE LOS TRABAJADORES DE ESPAÑA - PCTE,0,0,Ministerio del Interior / portal oficial de datos abiertos,PRIMARY_OFFICIAL
2019A,2019-04-28,45 - Toledo,PARTIDO COMUNISTA DE LOS TRABAJADORES DE EUSKADI/EUSKADIKO LANGILEEN ALDERDI KOMUNISTA - PCTE/ELAK,0,0,Ministerio del Interior / portal oficial de datos abiertos,PRIMARY_OFFICIAL
2019A,2019-04-28,45 - Toledo,PARTIDO COMUNISTA DEL PUEBLO ANDALUZ - PCPA,0,0,Ministerio del Interior / portal oficial de datos abiertos,PRIMARY_OFFICIAL
2019A,2019-04-28,45 - Toledo,PARTIDO COMUNISTA DEL PUEBLO CANARIO - PCPC,0,0,Ministerio del Interior / portal oficial de datos abiertos,PRIMARY_OFFICIAL
2019A,2019-04-28,45 - Toledo,PARTIDO COMUNISTA DOS TRABALLADORES DE GALIZA - PCTG,0,0,Ministerio del Interior / portal oficial de datos abiertos,PRIMARY_OFFICIAL
2019A,2019-04-28,45 - Toledo,PARTIDO COMUNISTA OBRERO ESPAÑOL - PCOE,0,0,Ministerio del Interior / portal oficial de datos abiertos,PRIMARY_OFFICIAL
2019A,2019-04-28,45 - Toledo,PARTIDO DE ACCIÓN SOLIDARIA EUROPEA - SOLIDARIA,0,0,Ministerio del Interior / portal oficial de datos abiertos,PRIMARY_OFFICIAL
2019A,2019-04-28,45 - Toledo,"PARTIDO DE JUBILADOS POR EL FUTURO. DIGNIDAD Y DEMOCRACIA - ""JF""",0,0,Ministerio del Interior / portal oficial de datos abiertos,PRIMARY_OFFICIAL
2019A,2019-04-28,45 - Toledo,PARTIDO DEMÓCRATA SOCIAL JUBILADOS EUROPEOS - UNID - PDSJE-UDEC,0,0,Ministerio del Interior / portal oficial de datos abiertos,PRIMARY_OFFICIAL
2019A,2019-04-28,45 - Toledo,PARTIDO DOS SOCIALISTAS DE GALICIA-PARTIDO SOCIALI - PSdeG-PSOE,0,0,Ministerio del Interior / portal oficial de datos abiertos,PRIMARY_OFFICIAL
2019A,2019-04-28,45 - Toledo,PARTIDO HUMANISTA - PH,0,0,Ministerio del Interior / portal oficial de datos abiertos,PRIMARY_OFFICIAL
2019A,2019-04-28,45 - Toledo,PARTIDO LIBERTARIO - P-LIB,0,0,Ministerio del Interior / portal oficial de datos abiertos,PRIMARY_OFFICIAL
2019A,2019-04-28,45 - Toledo,PARTIDO POPULAR - FORO - PP-FORO,0,0,Ministerio del Interior / portal oficial de datos abiertos,PRIMARY_OFFICIAL
2019A,2019-04-28,45 - Toledo,PARTIDO POPULAR - PP,87134,2,Ministerio del Interior / portal oficial de datos abiertos,PRIMARY_OFFICIAL
2019A,2019-04-28,45 - Toledo,PARTIDO POPULAR/PARTIT POPULAR - PP,0,0,Ministerio del Interior / portal oficial de datos abiertos,PRIMARY_OFFICIAL
2019A,2019-04-28,45 - Toledo,PARTIDO REGIONALISTA DE CANTABRIA - PRC,0,0,Ministerio del Interior / portal oficial de datos abiertos,PRIMARY_OFFICIAL
2019A,2019-04-28,45 - Toledo,PARTIDO REGIONALISTA DEL PAIS LEONES - PREPAL,0,0,Ministerio del Interior / portal oficial de datos abiertos,PRIMARY_OFFICIAL
2019A,2019-04-28,45 - Toledo,PARTIDO REPUBLICANO INDEPENDIENTE SOLIDARIO ANDALUZ - RISA,0,0,Ministerio del Interior / portal oficial de datos abiertos,PRIMARY_OFFICIAL
2019A,2019-04-28,45 - Toledo,PARTIDO RIOJANO - PR+,0,0,Ministerio del Interior / portal oficial de datos abiertos,PRIMARY_OFFICIAL
2019A,2019-04-28,45 - Toledo,PARTIDO SOCIALISTA DE EUSKADI-EUSKADIKO EZKERRA (PSOE) - PSE-EE (PSOE),0,0,Ministerio del Interior / portal oficial de datos abiertos,PRIMARY_OFFICIAL
2019A,2019-04-28,45 - Toledo,PARTIDO SOCIALISTA OBRERO ESPAÑOL - PSOE,123561,2,Ministerio del Interior / portal oficial de datos abiertos,PRIMARY_OFFICIAL
2019A,2019-04-28,45 - Toledo,PARTIT ANIMALISTA CONTRA EL MALTRACTAMENT ANIMAL - PACMA,0,0,Ministerio del Interior / portal oficial de datos abiertos,PRIMARY_OFFICIAL
2019A,2019-04-28,45 - Toledo,PARTIT COMUNISTA DEL POBLE DE CATALUNYA - PCPC,0,0,Ministerio del Interior / portal oficial de datos abiertos,PRIMARY_OFFICIAL
2019A,2019-04-28,45 - Toledo,PARTIT COMUNISTA DELS POBLES D'ESPANYA - PCPE,0,0,Ministerio del Interior / portal oficial de datos abiertos,PRIMARY_OFFICIAL
2019A,2019-04-28,45 - Toledo,PARTIT COMUNISTA DELS TREBALLADORS DE CATALUNYA - PCTC,0,0,Ministerio del Interior / portal oficial de datos abiertos,PRIMARY_OFFICIAL
2019A,2019-04-28,45 - Toledo,PARTIT DELS SOCIALISTES DE CATALUNYA (PSC-PSOE) - PSC,0,0,Ministerio del Interior / portal oficial de datos abiertos,PRIMARY_OFFICIAL
2019A,2019-04-28,45 - Toledo,PARTIT POPULAR-PARTIDO POPULAR - PP,0,0,Ministerio del Interior / portal oficial de datos abiertos,PRIMARY_OFFICIAL
2019A,2019-04-28,45 - Toledo,PARTIT SOCIALISTA OBRER ESPANYOL - PSOE,0,0,Ministerio del Interior / portal oficial de datos abiertos,PRIMARY_OFFICIAL
2019A,2019-04-28,45 - Toledo,PER UN MÓN MÉS JUST - PUM+J,0,0,Ministerio del Interior / portal oficial de datos abiertos,PRIMARY_OFFICIAL
2019A,2019-04-28,45 - Toledo,PLATAFORMA DEL PUEBLO SORIANO - PPSO,0,0,Ministerio del Interior / portal oficial de datos abiertos,PRIMARY_OFFICIAL
2019A,2019-04-28,45 - Toledo,POBLE LLIURE - SOM ALTERNATIVA - PIRATES DE CATALU - FRONT REPUB,0,0,Ministerio del Interior / portal oficial de datos abiertos,PRIMARY_OFFICIAL
2019A,2019-04-28,45 - Toledo,POR UN MUNDO MÁS JUSTO (BIDEZKO MUNDURANTZ) - PUM+J,0,0,Ministerio del Interior / portal oficial de datos abiertos,PRIMARY_OFFICIAL
2019A,2019-04-28,45 - Toledo,POR UN MUNDO MÁS JUSTO - PUM+J,559,0,Ministerio del Interior / portal oficial de datos abiertos,PRIMARY_OFFICIAL
2019A,2019-04-28,45 - Toledo,PUYALON - PYLN,0,0,Ministerio del Interior / portal oficial de datos abiertos,PRIMARY_OFFICIAL
2019A,2019-04-28,45 - Toledo,RECORTES CERO-GRUPO VERDE - RECORTES CERO-GV,0,0,Ministerio del Interior / portal oficial de datos abiertos,PRIMARY_OFFICIAL
2019A,2019-04-28,45 - Toledo,RECORTES CERO-GRUPO VERDE-PARTIDO CASTELLANO-TIERRA COMUNERA - RECORTES CERO-GV-PCAS-TC,703,0,Ministerio del Interior / portal oficial de datos abiertos,PRIMARY_OFFICIAL
2019A,2019-04-28,45 - Toledo,SOM VALENCIANS EN MOVIMENT - UIG-SOM-CUIDES,0,0,Ministerio del Interior / portal oficial de datos abiertos,PRIMARY_OFFICIAL
2019A,2019-04-28,45 - Toledo,SOMOS REGIÓN - SOMOS REGIÓ,0,0,Ministerio del Interior / portal oficial de datos abiertos,PRIMARY_OFFICIAL
2019A,2019-04-28,45 - Toledo,UNIDAS PODEMOS - PODEMOS-EUPV,0,0,Ministerio del Interior / portal oficial de datos abiertos,PRIMARY_OFFICIAL
2019A,2019-04-28,45 - Toledo,UNIDAS PODEMOS - PODEMOS-IU LV CA-EQUO,0,0,Ministerio del Interior / portal oficial de datos abiertos,PRIMARY_OFFICIAL
2019A,2019-04-28,45 - Toledo,UNIDAS PODEMOS - PODEMOS-IU-EQUO,41934,0,Ministerio del Interior / portal oficial de datos abiertos,PRIMARY_OFFICIAL
2019A,2019-04-28,45 - Toledo,UNIDAS PODEMOS - PODEMOS-IU-EQUO-BATZARRE,0,0,Ministerio del Interior / portal oficial de datos abiertos,PRIMARY_OFFICIAL
2019A,2019-04-28,45 - Toledo,UNIDAS PODEMOS-ALTOARAGÓN EN COMÚN - PODEMOS-IU-,0,0,Ministerio del Interior / portal oficial de datos abiertos,PRIMARY_OFFICIAL
2019A,2019-04-28,45 - Toledo,UNIDAS PODEMOS-UNIDES PODEM - PODEMOS-EUIB,0,0,Ministerio del Interior / portal oficial de datos abiertos,PRIMARY_OFFICIAL
2019A,2019-04-28,45 - Toledo,UNIDAS PODEMOS-XUNIES PODEMOS - PODEMOS-IX-EQUO,0,0,Ministerio del Interior / portal oficial de datos abiertos,PRIMARY_OFFICIAL
2019A,2019-04-28,45 - Toledo,UNIÓN DE TODOS - UDT,0,0,Ministerio del Interior / portal oficial de datos abiertos,PRIMARY_OFFICIAL
2019A,2019-04-28,45 - Toledo,UNIÓN REGIONALISTA DE CASTILLA Y LEÓN - UNIÓN REGIO,0,0,Ministerio del Interior / portal oficial de datos abiertos,PRIMARY_OFFICIAL
2019A,2019-04-28,45 - Toledo,VIVIR OURENSE - VOU,0,0,Ministerio del Interior / portal oficial de datos abiertos,PRIMARY_OFFICIAL
2019A,2019-04-28,45 - Toledo,VOX - VOX,66927,1,Ministerio del Interior / portal oficial de datos abiertos,PRIMARY_OFFICIAL
2019A,2019-04-28,45 - Toledo,Veus PROGRESSISTES - ARA-MES-ESQUERRA,0,0,Ministerio del Interior / portal oficial de datos abiertos,PRIMARY_OFFICIAL
2019A,2019-04-28,46 - Valencia/València,ACTÚA - PACT,0,0,Ministerio del Interior / portal oficial de datos abiertos,PRIMARY_OFFICIAL
2019A,2019-04-28,46 - Valencia/València,AHORA CANARIAS: Alternativa Nacionalista Canaria ANC y Unidad del Pueblo - AHORA CANARIAS,0,0,Ministerio del Interior / portal oficial de datos abiertos,PRIMARY_OFFICIAL
2019A,2019-04-28,46 - Valencia/València,ANDALUCÍA POR SÍ - AxSI,0,0,Ministerio del Interior / portal oficial de datos abiertos,PRIMARY_OFFICIAL
2019A,2019-04-28,46 - Valencia/València,ANDECHA ASTUR - ANDECHA ASTUR,0,0,Ministerio del Interior / portal oficial de datos abiertos,PRIMARY_OFFICIAL
2019A,2019-04-28,46 - Valencia/València,AVANT ADELANTE LOS VERDES - AVANT ADELANTE LOS VERDES,3563,0,Ministerio del Interior / portal oficial de datos abiertos,PRIMARY_OFFICIAL
2019A,2019-04-28,46 - Valencia/València,BLOQUE NACIONALISTA GALEGO - BNG,0,0,Ministerio del Interior / portal oficial de datos abiertos,PRIMARY_OFFICIAL
2019A,2019-04-28,46 - Valencia/València,CENTRADOS - centrados,0,0,Ministerio del Interior / portal oficial de datos abiertos,PRIMARY_OFFICIAL
2019A,2019-04-28,46 - Valencia/València,CIUDADANOS INDEPENDIENTES DE LINARES UNIDOS - CILU-LINARES,0,0,Ministerio del Interior / portal oficial de datos abiertos,PRIMARY_OFFICIAL
2019A,2019-04-28,46 - Valencia/València,CIUDADANOS-PARTIDO DE LA CIUDADANÍA - Cs,254360,3,Ministerio del Interior / portal oficial de datos abiertos,PRIMARY_OFFICIAL
2019A,2019-04-28,46 - Valencia/València,CIUTADANS-PARTIDO DE LA CIUDADANÍA - Cs,0,0,Ministerio del Interior / portal oficial de datos abiertos,PRIMARY_OFFICIAL
2019A,2019-04-28,46 - Valencia/València,COALICION CANARIA-PARTIDO NACIONALISTA CANARIO - CCa-PNC,0,0,Ministerio del Interior / portal oficial de datos abiertos,PRIMARY_OFFICIAL
2019A,2019-04-28,46 - Valencia/València,COALICION POR MELILLA - CpM,0,0,Ministerio del Interior / portal oficial de datos abiertos,PRIMARY_OFFICIAL
2019A,2019-04-28,46 - Valencia/València,COMPROMISO POR GALICIA - CxG,0,0,Ministerio del Interior / portal oficial de datos abiertos,PRIMARY_OFFICIAL
2019A,2019-04-28,46 - Valencia/València,COMPROMÍS: BLOC-INICIATIVA-VERDSEQUO - COMPROMÍS 2,126078,1,Ministerio del Interior / portal oficial de datos abiertos,PRIMARY_OFFICIAL
2019A,2019-04-28,46 - Valencia/València,CONVERGENTS - CNV,0,0,Ministerio del Interior / portal oficial de datos abiertos,PRIMARY_OFFICIAL
2019A,2019-04-28,46 - Valencia/València,CONVERXENCIA 21 - C 21,0,0,Ministerio del Interior / portal oficial de datos abiertos,PRIMARY_OFFICIAL
2019A,2019-04-28,46 - Valencia/València,DEFENSA DE LO PÚBLICO - DP,0,0,Ministerio del Interior / portal oficial de datos abiertos,PRIMARY_OFFICIAL
2019A,2019-04-28,46 - Valencia/València,DEMOCRACIA PLURAL - DPL,0,0,Ministerio del Interior / portal oficial de datos abiertos,PRIMARY_OFFICIAL
2019A,2019-04-28,46 - Valencia/València,EL PI - PROPOSTA PER LES ILLES BALEARS - EL PI,0,0,Ministerio del Interior / portal oficial de datos abiertos,PRIMARY_OFFICIAL
2019A,2019-04-28,46 - Valencia/València,ELKARREKIN PODEMOS-UNIDAS PODEMOS - PODEMOS-IU-EQUO BERDEAK,0,0,Ministerio del Interior / portal oficial de datos abiertos,PRIMARY_OFFICIAL
2019A,2019-04-28,46 - Valencia/València,EN COMÚ PODEM - GUANYEM EL CANVI - ECP-GUANYEM,0,0,Ministerio del Interior / portal oficial de datos abiertos,PRIMARY_OFFICIAL
2019A,2019-04-28,46 - Valencia/València,EN COMÚN-UNIDAS PODEMOS - PODEMOS-EU-,0,0,Ministerio del Interior / portal oficial de datos abiertos,PRIMARY_OFFICIAL
2019A,2019-04-28,46 - Valencia/València,EN MAREA - EN MAREA,0,0,Ministerio del Interior / portal oficial de datos abiertos,PRIMARY_OFFICIAL
2019A,2019-04-28,46 - Valencia/València,ESCANOS EN BRANCO - EB,0,0,Ministerio del Interior / portal oficial de datos abiertos,PRIMARY_OFFICIAL
2019A,2019-04-28,46 - Valencia/València,ESCAÑOS EN BLANCO - EB,0,0,Ministerio del Interior / portal oficial de datos abiertos,PRIMARY_OFFICIAL
2019A,2019-04-28,46 - Valencia/València,ESCAÑOS EN BLANCO-AULKI ZURIAK - EB,0,0,Ministerio del Interior / portal oficial de datos abiertos,PRIMARY_OFFICIAL
2019A,2019-04-28,46 - Valencia/València,ESQUERRA REPUBLICANA DE CATALUNYA-SOBIRANISTES - ERC-SOBIRANISTES,0,0,Ministerio del Interior / portal oficial de datos abiertos,PRIMARY_OFFICIAL
2019A,2019-04-28,46 - Valencia/València,ESQUERRA REPUBLICANA DEL PAÍS VALENCIÀ - ERPV,2156,0,Ministerio del Interior / portal oficial de datos abiertos,PRIMARY_OFFICIAL
2019A,2019-04-28,46 - Valencia/València,EUSKADIKO LANGILEEN ALDERDI KOMUNISTA/PARTIDO COMUNISTA DE LOS TRABAJADORES DE EUSKADI - ELAK/PCTE,0,0,Ministerio del Interior / portal oficial de datos abiertos,PRIMARY_OFFICIAL
2019A,2019-04-28,46 - Valencia/València,EUSKAL HERRIA BILDU - EH Bildu,0,0,Ministerio del Interior / portal oficial de datos abiertos,PRIMARY_OFFICIAL
2019A,2019-04-28,46 - Valencia/València,EUZKO ALDERDI JELTZALEA-PARTIDO NACIONALISTA VASCO - EAJ-PNV,0,0,Ministerio del Interior / portal oficial de datos abiertos,PRIMARY_OFFICIAL
2019A,2019-04-28,46 - Valencia/València,EXTREMEÑOS PREX CREX - C.Ex-C.R.Ex,0,0,Ministerio del Interior / portal oficial de datos abiertos,PRIMARY_OFFICIAL
2019A,2019-04-28,46 - Valencia/València,FALANGE ESPAÑOLA DE LAS JONS - FE de las J,0,0,Ministerio del Interior / portal oficial de datos abiertos,PRIMARY_OFFICIAL
2019A,2019-04-28,46 - Valencia/València,FEDERACION DE LOS INDEPENDIENTES DE ARAGON - FIA,0,0,Ministerio del Interior / portal oficial de datos abiertos,PRIMARY_OFFICIAL
2019A,2019-04-28,46 - Valencia/València,FEMINISM8 - F8,0,0,Ministerio del Interior / portal oficial de datos abiertos,PRIMARY_OFFICIAL
2019A,2019-04-28,46 - Valencia/València,GEROA BAI - GBAI,0,0,Ministerio del Interior / portal oficial de datos abiertos,PRIMARY_OFFICIAL
2019A,2019-04-28,46 - Valencia/València,IZQUIERDA ANTICAPITALISTA REVOLUCIONARIA - IZAR,0,0,Ministerio del Interior / portal oficial de datos abiertos,PRIMARY_OFFICIAL
2019A,2019-04-28,46 - Valencia/València,IZQUIERDA EN POSITIVO - IZQP,0,0,Ministerio del Interior / portal oficial de datos abiertos,PRIMARY_OFFICIAL
2019A,2019-04-28,46 - Valencia/València,JUNTS PER CATALUNYA-JUNTS - JxCAT-JUNTS,0,0,Ministerio del Interior / portal oficial de datos abiertos,PRIMARY_OFFICIAL
2019A,2019-04-28,46 - Valencia/València,LOS VERDES ECOPACIFISTAS ADELANTE - AVANT-LOS VERDES,0,0,Ministerio del Interior / portal oficial de datos abiertos,PRIMARY_OFFICIAL
2019A,2019-04-28,46 - Valencia/València,MUERTE AL SISTEMA - +MAS+,0,0,Ministerio del Interior / portal oficial de datos abiertos,PRIMARY_OFFICIAL
2019A,2019-04-28,46 - Valencia/València,NAVARRA SUMA - NA+,0,0,Ministerio del Interior / portal oficial de datos abiertos,PRIMARY_OFFICIAL
2019A,2019-04-28,46 - Valencia/València,NUEVA CANARIAS - NCa,0,0,Ministerio del Interior / portal oficial de datos abiertos,PRIMARY_OFFICIAL
2019A,2019-04-28,46 - Valencia/València,PARTIDO ANIMALISTA CONTRA EL MALTRATO ANIMAL - PACMA,20923,0,Ministerio del Interior / portal oficial de datos abiertos,PRIMARY_OFFICIAL
2019A,2019-04-28,46 - Valencia/València,PARTIDO COMUNISTA DE LOS PUEBLOS DE ESPAÑA - PCPE,1542,0,Ministerio del Interior / portal oficial de datos abiertos,PRIMARY_OFFICIAL
2019A,2019-04-28,46 - Valencia/València,PARTIDO COMUNISTA DE LOS TRABAJADORES DE ESPAÑA - PCTE,0,0,Ministerio del Interior / portal oficial de datos abiertos,PRIMARY_OFFICIAL
2019A,2019-04-28,46 - Valencia/València,PARTIDO COMUNISTA DE LOS TRABAJADORES DE EUSKADI/EUSKADIKO LANGILEEN ALDERDI KOMUNISTA - PCTE/ELAK,0,0,Ministerio del Interior / portal oficial de datos abiertos,PRIMARY_OFFICIAL
2019A,2019-04-28,46 - Valencia/València,PARTIDO COMUNISTA DEL PUEBLO ANDALUZ - PCPA,0,0,Ministerio del Interior / portal oficial de datos abiertos,PRIMARY_OFFICIAL
2019A,2019-04-28,46 - Valencia/València,PARTIDO COMUNISTA DEL PUEBLO CANARIO - PCPC,0,0,Ministerio del Interior / portal oficial de datos abiertos,PRIMARY_OFFICIAL
2019A,2019-04-28,46 - Valencia/València,PARTIDO COMUNISTA DOS TRABALLADORES DE GALIZA - PCTG,0,0,Ministerio del Interior / portal oficial de datos abiertos,PRIMARY_OFFICIAL
2019A,2019-04-28,46 - Valencia/València,PARTIDO COMUNISTA OBRERO ESPAÑOL - PCOE,0,0,Ministerio del Interior / portal oficial de datos abiertos,PRIMARY_OFFICIAL
2019A,2019-04-28,46 - Valencia/València,PARTIDO DE ACCIÓN SOLIDARIA EUROPEA - SOLIDARIA,0,0,Ministerio del Interior / portal oficial de datos abiertos,PRIMARY_OFFICIAL
2019A,2019-04-28,46 - Valencia/València,"PARTIDO DE JUBILADOS POR EL FUTURO. DIGNIDAD Y DEMOCRACIA - ""JF""",0,0,Ministerio del Interior / portal oficial de datos abiertos,PRIMARY_OFFICIAL
2019A,2019-04-28,46 - Valencia/València,PARTIDO DEMÓCRATA SOCIAL JUBILADOS EUROPEOS - UNID - PDSJE-UDEC,0,0,Ministerio del Interior / portal oficial de datos abiertos,PRIMARY_OFFICIAL
2019A,2019-04-28,46 - Valencia/València,PARTIDO DOS SOCIALISTAS DE GALICIA-PARTIDO SOCIALI - PSdeG-PSOE,0,0,Ministerio del Interior / portal oficial de datos abiertos,PRIMARY_OFFICIAL
2019A,2019-04-28,46 - Valencia/València,PARTIDO HUMANISTA - PH,0,0,Ministerio del Interior / portal oficial de datos abiertos,PRIMARY_OFFICIAL
2019A,2019-04-28,46 - Valencia/València,PARTIDO LIBERTARIO - P-LIB,0,0,Ministerio del Interior / portal oficial de datos abiertos,PRIMARY_OFFICIAL
2019A,2019-04-28,46 - Valencia/València,PARTIDO POPULAR - FORO - PP-FORO,0,0,Ministerio del Interior / portal oficial de datos abiertos,PRIMARY_OFFICIAL
2019A,2019-04-28,46 - Valencia/València,PARTIDO POPULAR - PP,255868,3,Ministerio del Interior / portal oficial de datos abiertos,PRIMARY_OFFICIAL
2019A,2019-04-28,46 - Valencia/València,PARTIDO POPULAR/PARTIT POPULAR - PP,0,0,Ministerio del Interior / portal oficial de datos abiertos,PRIMARY_OFFICIAL
2019A,2019-04-28,46 - Valencia/València,PARTIDO REGIONALISTA DE CANTABRIA - PRC,0,0,Ministerio del Interior / portal oficial de datos abiertos,PRIMARY_OFFICIAL
2019A,2019-04-28,46 - Valencia/València,PARTIDO REGIONALISTA DEL PAIS LEONES - PREPAL,0,0,Ministerio del Interior / portal oficial de datos abiertos,PRIMARY_OFFICIAL
2019A,2019-04-28,46 - Valencia/València,PARTIDO REPUBLICANO INDEPENDIENTE SOLIDARIO ANDALUZ - RISA,0,0,Ministerio del Interior / portal oficial de datos abiertos,PRIMARY_OFFICIAL
2019A,2019-04-28,46 - Valencia/València,PARTIDO RIOJANO - PR+,0,0,Ministerio del Interior / portal oficial de datos abiertos,PRIMARY_OFFICIAL
2019A,2019-04-28,46 - Valencia/València,PARTIDO SOCIALISTA DE EUSKADI-EUSKADIKO EZKERRA (PSOE) - PSE-EE (PSOE),0,0,Ministerio del Interior / portal oficial de datos abiertos,PRIMARY_OFFICIAL
2019A,2019-04-28,46 - Valencia/València,PARTIDO SOCIALISTA OBRERO ESPAÑOL - PSOE,394703,4,Ministerio del Interior / portal oficial de datos abiertos,PRIMARY_OFFICIAL
2019A,2019-04-28,46 - Valencia/València,PARTIT ANIMALISTA CONTRA EL MALTRACTAMENT ANIMAL - PACMA,0,0,Ministerio del Interior / portal oficial de datos abiertos,PRIMARY_OFFICIAL
2019A,2019-04-28,46 - Valencia/València,PARTIT COMUNISTA DEL POBLE DE CATALUNYA - PCPC,0,0,Ministerio del Interior / portal oficial de datos abiertos,PRIMARY_OFFICIAL
2019A,2019-04-28,46 - Valencia/València,PARTIT COMUNISTA DELS POBLES D'ESPANYA - PCPE,0,0,Ministerio del Interior / portal oficial de datos abiertos,PRIMARY_OFFICIAL
2019A,2019-04-28,46 - Valencia/València,PARTIT COMUNISTA DELS TREBALLADORS DE CATALUNYA - PCTC,0,0,Ministerio del Interior / portal oficial de datos abiertos,PRIMARY_OFFICIAL
2019A,2019-04-28,46 - Valencia/València,PARTIT DELS SOCIALISTES DE CATALUNYA (PSC-PSOE) - PSC,0,0,Ministerio del Interior / portal oficial de datos abiertos,PRIMARY_OFFICIAL
2019A,2019-04-28,46 - Valencia/València,PARTIT POPULAR-PARTIDO POPULAR - PP,0,0,Ministerio del Interior / portal oficial de datos abiertos,PRIMARY_OFFICIAL
2019A,2019-04-28,46 - Valencia/València,PARTIT SOCIALISTA OBRER ESPANYOL - PSOE,0,0,Ministerio del Interior / portal oficial de datos abiertos,PRIMARY_OFFICIAL
2019A,2019-04-28,46 - Valencia/València,PER UN MÓN MÉS JUST - PUM+J,0,0,Ministerio del Interior / portal oficial de datos abiertos,PRIMARY_OFFICIAL
2019A,2019-04-28,46 - Valencia/València,PLATAFORMA DEL PUEBLO SORIANO - PPSO,0,0,Ministerio del Interior / portal oficial de datos abiertos,PRIMARY_OFFICIAL
2019A,2019-04-28,46 - Valencia/València,POBLE LLIURE - SOM ALTERNATIVA - PIRATES DE CATALU - FRONT REPUB,0,0,Ministerio del Interior / portal oficial de datos abiertos,PRIMARY_OFFICIAL
2019A,2019-04-28,46 - Valencia/València,POR UN MUNDO MÁS JUSTO (BIDEZKO MUNDURANTZ) - PUM+J,0,0,Ministerio del Interior / portal oficial de datos abiertos,PRIMARY_OFFICIAL
2019A,2019-04-28,46 - Valencia/València,POR UN MUNDO MÁS JUSTO - PUM+J,0,0,Ministerio del Interior / portal oficial de datos abiertos,PRIMARY_OFFICIAL
2019A,2019-04-28,46 - Valencia/València,PUYALON - PYLN,0,0,Ministerio del Interior / portal oficial de datos abiertos,PRIMARY_OFFICIAL
2019A,2019-04-28,46 - Valencia/València,RECORTES CERO-GRUPO VERDE - RECORTES CERO-GV,2108,0,Ministerio del Interior / portal oficial de datos abiertos,PRIMARY_OFFICIAL
2019A,2019-04-28,46 - Valencia/València,RECORTES CERO-GRUPO VERDE-PARTIDO CASTELLANO-TIERRA COMUNERA - RECORTES CERO-GV-PCAS-TC,0,0,Ministerio del Interior / portal oficial de datos abiertos,PRIMARY_OFFICIAL
2019A,2019-04-28,46 - Valencia/València,SOM VALENCIANS EN MOVIMENT - UIG-SOM-CUIDES,4473,0,Ministerio del Interior / portal oficial de datos abiertos,PRIMARY_OFFICIAL
2019A,2019-04-28,46 - Valencia/València,SOMOS REGIÓN - SOMOS REGIÓ,0,0,Ministerio del Interior / portal oficial de datos abiertos,PRIMARY_OFFICIAL
2019A,2019-04-28,46 - Valencia/València,UNIDAS PODEMOS - PODEMOS-EUPV,211527,2,Ministerio del Interior / portal oficial de datos abiertos,PRIMARY_OFFICIAL
2019A,2019-04-28,46 - Valencia/València,UNIDAS PODEMOS - PODEMOS-IU LV CA-EQUO,0,0,Ministerio del Interior / portal oficial de datos abiertos,PRIMARY_OFFICIAL
2019A,2019-04-28,46 - Valencia/València,UNIDAS PODEMOS - PODEMOS-IU-EQUO,0,0,Ministerio del Interior / portal oficial de datos abiertos,PRIMARY_OFFICIAL
2019A,2019-04-28,46 - Valencia/València,UNIDAS PODEMOS - PODEMOS-IU-EQUO-BATZARRE,0,0,Ministerio del Interior / portal oficial de datos abiertos,PRIMARY_OFFICIAL
2019A,2019-04-28,46 - Valencia/València,UNIDAS PODEMOS-ALTOARAGÓN EN COMÚN - PODEMOS-IU-,0,0,Ministerio del Interior / portal oficial de datos abiertos,PRIMARY_OFFICIAL
2019A,2019-04-28,46 - Valencia/València,UNIDAS PODEMOS-UNIDES PODEM - PODEMOS-EUIB,0,0,Ministerio del Interior / portal oficial de datos abiertos,PRIMARY_OFFICIAL
2019A,2019-04-28,46 - Valencia/València,UNIDAS PODEMOS-XUNIES PODEMOS - PODEMOS-IX-EQUO,0,0,Ministerio del Interior / portal oficial de datos abiertos,PRIMARY_OFFICIAL
2019A,2019-04-28,46 - Valencia/València,UNIÓN DE TODOS - UDT,0,0,Ministerio del Interior / portal oficial de datos abiertos,PRIMARY_OFFICIAL
2019A,2019-04-28,46 - Valencia/València,UNIÓN REGIONALISTA DE CASTILLA Y LEÓN - UNIÓN REGIO,0,0,Ministerio del Interior / portal oficial de datos abiertos,PRIMARY_OFFICIAL
2019A,2019-04-28,46 - Valencia/València,VIVIR OURENSE - VOU,0,0,Ministerio del Interior / portal oficial de datos abiertos,PRIMARY_OFFICIAL
2019A,2019-04-28,46 - Valencia/València,VOX - VOX,170070,2,Ministerio del Interior / portal oficial de datos abiertos,PRIMARY_OFFICIAL
2019A,2019-04-28,46 - Valencia/València,Veus PROGRESSISTES - ARA-MES-ESQUERRA,0,0,Ministerio del Interior / portal oficial de datos abiertos,PRIMARY_OFFICIAL
2019A,2019-04-28,47 - Valladolid,ACTÚA - PACT,0,0,Ministerio del Interior / portal oficial de datos abiertos,PRIMARY_OFFICIAL
2019A,2019-04-28,47 - Valladolid,AHORA CANARIAS: Alternativa Nacionalista Canaria ANC y Unidad del Pueblo - AHORA CANARIAS,0,0,Ministerio del Interior / portal oficial de datos abiertos,PRIMARY_OFFICIAL
2019A,2019-04-28,47 - Valladolid,ANDALUCÍA POR SÍ - AxSI,0,0,Ministerio del Interior / portal oficial de datos abiertos,PRIMARY_OFFICIAL
2019A,2019-04-28,47 - Valladolid,ANDECHA ASTUR - ANDECHA ASTUR,0,0,Ministerio del Interior / portal oficial de datos abiertos,PRIMARY_OFFICIAL
2019A,2019-04-28,47 - Valladolid,AVANT ADELANTE LOS VERDES - AVANT ADELANTE LOS VERDES,0,0,Ministerio del Interior / portal oficial de datos abiertos,PRIMARY_OFFICIAL
2019A,2019-04-28,47 - Valladolid,BLOQUE NACIONALISTA GALEGO - BNG,0,0,Ministerio del Interior / portal oficial de datos abiertos,PRIMARY_OFFICIAL
2019A,2019-04-28,47 - Valladolid,CENTRADOS - centrados,0,0,Ministerio del Interior / portal oficial de datos abiertos,PRIMARY_OFFICIAL
2019A,2019-04-28,47 - Valladolid,CIUDADANOS INDEPENDIENTES DE LINARES UNIDOS - CILU-LINARES,0,0,Ministerio del Interior / portal oficial de datos abiertos,PRIMARY_OFFICIAL
2019A,2019-04-28,47 - Valladolid,CIUDADANOS-PARTIDO DE LA CIUDADANÍA - Cs,67775,1,Ministerio del Interior / portal oficial de datos abiertos,PRIMARY_OFFICIAL
2019A,2019-04-28,47 - Valladolid,CIUTADANS-PARTIDO DE LA CIUDADANÍA - Cs,0,0,Ministerio del Interior / portal oficial de datos abiertos,PRIMARY_OFFICIAL
2019A,2019-04-28,47 - Valladolid,COALICION CANARIA-PARTIDO NACIONALISTA CANARIO - CCa-PNC,0,0,Ministerio del Interior / portal oficial de datos abiertos,PRIMARY_OFFICIAL
2019A,2019-04-28,47 - Valladolid,COALICION POR MELILLA - CpM,0,0,Ministerio del Interior / portal oficial de datos abiertos,PRIMARY_OFFICIAL
2019A,2019-04-28,47 - Valladolid,COMPROMISO POR GALICIA - CxG,0,0,Ministerio del Interior / portal oficial de datos abiertos,PRIMARY_OFFICIAL
2019A,2019-04-28,47 - Valladolid,COMPROMÍS: BLOC-INICIATIVA-VERDSEQUO - COMPROMÍS 2,0,0,Ministerio del Interior / portal oficial de datos abiertos,PRIMARY_OFFICIAL
2019A,2019-04-28,47 - Valladolid,CONVERGENTS - CNV,0,0,Ministerio del Interior / portal oficial de datos abiertos,PRIMARY_OFFICIAL
2019A,2019-04-28,47 - Valladolid,CONVERXENCIA 21 - C 21,0,0,Ministerio del Interior / portal oficial de datos abiertos,PRIMARY_OFFICIAL
2019A,2019-04-28,47 - Valladolid,DEFENSA DE LO PÚBLICO - DP,0,0,Ministerio del Interior / portal oficial de datos abiertos,PRIMARY_OFFICIAL
2019A,2019-04-28,47 - Valladolid,DEMOCRACIA PLURAL - DPL,0,0,Ministerio del Interior / portal oficial de datos abiertos,PRIMARY_OFFICIAL
2019A,2019-04-28,47 - Valladolid,EL PI - PROPOSTA PER LES ILLES BALEARS - EL PI,0,0,Ministerio del Interior / portal oficial de datos abiertos,PRIMARY_OFFICIAL
2019A,2019-04-28,47 - Valladolid,ELKARREKIN PODEMOS-UNIDAS PODEMOS - PODEMOS-IU-EQUO BERDEAK,0,0,Ministerio del Interior / portal oficial de datos abiertos,PRIMARY_OFFICIAL
2019A,2019-04-28,47 - Valladolid,EN COMÚ PODEM - GUANYEM EL CANVI - ECP-GUANYEM,0,0,Ministerio del Interior / portal oficial de datos abiertos,PRIMARY_OFFICIAL
2019A,2019-04-28,47 - Valladolid,EN COMÚN-UNIDAS PODEMOS - PODEMOS-EU-,0,0,Ministerio del Interior / portal oficial de datos abiertos,PRIMARY_OFFICIAL
2019A,2019-04-28,47 - Valladolid,EN MAREA - EN MAREA,0,0,Ministerio del Interior / portal oficial de datos abiertos,PRIMARY_OFFICIAL
2019A,2019-04-28,47 - Valladolid,ESCANOS EN BRANCO - EB,0,0,Ministerio del Interior / portal oficial de datos abiertos,PRIMARY_OFFICIAL
2019A,2019-04-28,47 - Valladolid,ESCAÑOS EN BLANCO - EB,0,0,Ministerio del Interior / portal oficial de datos abiertos,PRIMARY_OFFICIAL
2019A,2019-04-28,47 - Valladolid,ESCAÑOS EN BLANCO-AULKI ZURIAK - EB,0,0,Ministerio del Interior / portal oficial de datos abiertos,PRIMARY_OFFICIAL
2019A,2019-04-28,47 - Valladolid,ESQUERRA REPUBLICANA DE CATALUNYA-SOBIRANISTES - ERC-SOBIRANISTES,0,0,Ministerio del Interior / portal oficial de datos abiertos,PRIMARY_OFFICIAL
2019A,2019-04-28,47 - Valladolid,ESQUERRA REPUBLICANA DEL PAÍS VALENCIÀ - ERPV,0,0,Ministerio del Interior / portal oficial de datos abiertos,PRIMARY_OFFICIAL
2019A,2019-04-28,47 - Valladolid,EUSKADIKO LANGILEEN ALDERDI KOMUNISTA/PARTIDO COMUNISTA DE LOS TRABAJADORES DE EUSKADI - ELAK/PCTE,0,0,Ministerio del Interior / portal oficial de datos abiertos,PRIMARY_OFFICIAL
2019A,2019-04-28,47 - Valladolid,EUSKAL HERRIA BILDU - EH Bildu,0,0,Ministerio del Interior / portal oficial de datos abiertos,PRIMARY_OFFICIAL
2019A,2019-04-28,47 - Valladolid,EUZKO ALDERDI JELTZALEA-PARTIDO NACIONALISTA VASCO - EAJ-PNV,0,0,Ministerio del Interior / portal oficial de datos abiertos,PRIMARY_OFFICIAL
2019A,2019-04-28,47 - Valladolid,EXTREMEÑOS PREX CREX - C.Ex-C.R.Ex,0,0,Ministerio del Interior / portal oficial de datos abiertos,PRIMARY_OFFICIAL
2019A,2019-04-28,47 - Valladolid,FALANGE ESPAÑOLA DE LAS JONS - FE de las J,229,0,Ministerio del Interior / portal oficial de datos abiertos,PRIMARY_OFFICIAL
2019A,2019-04-28,47 - Valladolid,FEDERACION DE LOS INDEPENDIENTES DE ARAGON - FIA,0,0,Ministerio del Interior / portal oficial de datos abiertos,PRIMARY_OFFICIAL
2019A,2019-04-28,47 - Valladolid,FEMINISM8 - F8,0,0,Ministerio del Interior / portal oficial de datos abiertos,PRIMARY_OFFICIAL
2019A,2019-04-28,47 - Valladolid,GEROA BAI - GBAI,0,0,Ministerio del Interior / portal oficial de datos abiertos,PRIMARY_OFFICIAL
2019A,2019-04-28,47 - Valladolid,IZQUIERDA ANTICAPITALISTA REVOLUCIONARIA - IZAR,0,0,Ministerio del Interior / portal oficial de datos abiertos,PRIMARY_OFFICIAL
2019A,2019-04-28,47 - Valladolid,IZQUIERDA EN POSITIVO - IZQP,0,0,Ministerio del Interior / portal oficial de datos abiertos,PRIMARY_OFFICIAL
2019A,2019-04-28,47 - Valladolid,JUNTS PER CATALUNYA-JUNTS - JxCAT-JUNTS,0,0,Ministerio del Interior / portal oficial de datos abiertos,PRIMARY_OFFICIAL
2019A,2019-04-28,47 - Valladolid,LOS VERDES ECOPACIFISTAS ADELANTE - AVANT-LOS VERDES,0,0,Ministerio del Interior / portal oficial de datos abiertos,PRIMARY_OFFICIAL
2019A,2019-04-28,47 - Valladolid,MUERTE AL SISTEMA - +MAS+,0,0,Ministerio del Interior / portal oficial de datos abiertos,PRIMARY_OFFICIAL
2019A,2019-04-28,47 - Valladolid,NAVARRA SUMA - NA+,0,0,Ministerio del Interior / portal oficial de datos abiertos,PRIMARY_OFFICIAL
2019A,2019-04-28,47 - Valladolid,NUEVA CANARIAS - NCa,0,0,Ministerio del Interior / portal oficial de datos abiertos,PRIMARY_OFFICIAL
2019A,2019-04-28,47 - Valladolid,PARTIDO ANIMALISTA CONTRA EL MALTRATO ANIMAL - PACMA,2699,0,Ministerio del Interior / portal oficial de datos abiertos,PRIMARY_OFFICIAL
2019A,2019-04-28,47 - Valladolid,PARTIDO COMUNISTA DE LOS PUEBLOS DE ESPAÑA - PCPE,313,0,Ministerio del Interior / portal oficial de datos abiertos,PRIMARY_OFFICIAL
2019A,2019-04-28,47 - Valladolid,PARTIDO COMUNISTA DE LOS TRABAJADORES DE ESPAÑA - PCTE,282,0,Ministerio del Interior / portal oficial de datos abiertos,PRIMARY_OFFICIAL
2019A,2019-04-28,47 - Valladolid,PARTIDO COMUNISTA DE LOS TRABAJADORES DE EUSKADI/EUSKADIKO LANGILEEN ALDERDI KOMUNISTA - PCTE/ELAK,0,0,Ministerio del Interior / portal oficial de datos abiertos,PRIMARY_OFFICIAL
2019A,2019-04-28,47 - Valladolid,PARTIDO COMUNISTA DEL PUEBLO ANDALUZ - PCPA,0,0,Ministerio del Interior / portal oficial de datos abiertos,PRIMARY_OFFICIAL
2019A,2019-04-28,47 - Valladolid,PARTIDO COMUNISTA DEL PUEBLO CANARIO - PCPC,0,0,Ministerio del Interior / portal oficial de datos abiertos,PRIMARY_OFFICIAL
2019A,2019-04-28,47 - Valladolid,PARTIDO COMUNISTA DOS TRABALLADORES DE GALIZA - PCTG,0,0,Ministerio del Interior / portal oficial de datos abiertos,PRIMARY_OFFICIAL
2019A,2019-04-28,47 - Valladolid,PARTIDO COMUNISTA OBRERO ESPAÑOL - PCOE,0,0,Ministerio del Interior / portal oficial de datos abiertos,PRIMARY_OFFICIAL
2019A,2019-04-28,47 - Valladolid,PARTIDO DE ACCIÓN SOLIDARIA EUROPEA - SOLIDARIA,0,0,Ministerio del Interior / portal oficial de datos abiertos,PRIMARY_OFFICIAL
2019A,2019-04-28,47 - Valladolid,"PARTIDO DE JUBILADOS POR EL FUTURO. DIGNIDAD Y DEMOCRACIA - ""JF""",0,0,Ministerio del Interior / portal oficial de datos abiertos,PRIMARY_OFFICIAL
2019A,2019-04-28,47 - Valladolid,PARTIDO DEMÓCRATA SOCIAL JUBILADOS EUROPEOS - UNID - PDSJE-UDEC,0,0,Ministerio del Interior / portal oficial de datos abiertos,PRIMARY_OFFICIAL
2019A,2019-04-28,47 - Valladolid,PARTIDO DOS SOCIALISTAS DE GALICIA-PARTIDO SOCIALI - PSdeG-PSOE,0,0,Ministerio del Interior / portal oficial de datos abiertos,PRIMARY_OFFICIAL
2019A,2019-04-28,47 - Valladolid,PARTIDO HUMANISTA - PH,0,0,Ministerio del Interior / portal oficial de datos abiertos,PRIMARY_OFFICIAL
2019A,2019-04-28,47 - Valladolid,PARTIDO LIBERTARIO - P-LIB,0,0,Ministerio del Interior / portal oficial de datos abiertos,PRIMARY_OFFICIAL
2019A,2019-04-28,47 - Valladolid,PARTIDO POPULAR - FORO - PP-FORO,0,0,Ministerio del Interior / portal oficial de datos abiertos,PRIMARY_OFFICIAL
2019A,2019-04-28,47 - Valladolid,PARTIDO POPULAR - PP,78433,1,Ministerio del Interior / portal oficial de datos abiertos,PRIMARY_OFFICIAL
2019A,2019-04-28,47 - Valladolid,PARTIDO POPULAR/PARTIT POPULAR - PP,0,0,Ministerio del Interior / portal oficial de datos abiertos,PRIMARY_OFFICIAL
2019A,2019-04-28,47 - Valladolid,PARTIDO REGIONALISTA DE CANTABRIA - PRC,0,0,Ministerio del Interior / portal oficial de datos abiertos,PRIMARY_OFFICIAL
2019A,2019-04-28,47 - Valladolid,PARTIDO REGIONALISTA DEL PAIS LEONES - PREPAL,0,0,Ministerio del Interior / portal oficial de datos abiertos,PRIMARY_OFFICIAL
2019A,2019-04-28,47 - Valladolid,PARTIDO REPUBLICANO INDEPENDIENTE SOLIDARIO ANDALUZ - RISA,0,0,Ministerio del Interior / portal oficial de datos abiertos,PRIMARY_OFFICIAL
2019A,2019-04-28,47 - Valladolid,PARTIDO RIOJANO - PR+,0,0,Ministerio del Interior / portal oficial de datos abiertos,PRIMARY_OFFICIAL
2019A,2019-04-28,47 - Valladolid,PARTIDO SOCIALISTA DE EUSKADI-EUSKADIKO EZKERRA (PSOE) - PSE-EE (PSOE),0,0,Ministerio del Interior / portal oficial de datos abiertos,PRIMARY_OFFICIAL
2019A,2019-04-28,47 - Valladolid,PARTIDO SOCIALISTA OBRERO ESPAÑOL - PSOE,97244,2,Ministerio del Interior / portal oficial de datos abiertos,PRIMARY_OFFICIAL
2019A,2019-04-28,47 - Valladolid,PARTIT ANIMALISTA CONTRA EL MALTRACTAMENT ANIMAL - PACMA,0,0,Ministerio del Interior / portal oficial de datos abiertos,PRIMARY_OFFICIAL
2019A,2019-04-28,47 - Valladolid,PARTIT COMUNISTA DEL POBLE DE CATALUNYA - PCPC,0,0,Ministerio del Interior / portal oficial de datos abiertos,PRIMARY_OFFICIAL
2019A,2019-04-28,47 - Valladolid,PARTIT COMUNISTA DELS POBLES D'ESPANYA - PCPE,0,0,Ministerio del Interior / portal oficial de datos abiertos,PRIMARY_OFFICIAL
2019A,2019-04-28,47 - Valladolid,PARTIT COMUNISTA DELS TREBALLADORS DE CATALUNYA - PCTC,0,0,Ministerio del Interior / portal oficial de datos abiertos,PRIMARY_OFFICIAL
2019A,2019-04-28,47 - Valladolid,PARTIT DELS SOCIALISTES DE CATALUNYA (PSC-PSOE) - PSC,0,0,Ministerio del Interior / portal oficial de datos abiertos,PRIMARY_OFFICIAL
2019A,2019-04-28,47 - Valladolid,PARTIT POPULAR-PARTIDO POPULAR - PP,0,0,Ministerio del Interior / portal oficial de datos abiertos,PRIMARY_OFFICIAL
2019A,2019-04-28,47 - Valladolid,PARTIT SOCIALISTA OBRER ESPANYOL - PSOE,0,0,Ministerio del Interior / portal oficial de datos abiertos,PRIMARY_OFFICIAL
2019A,2019-04-28,47 - Valladolid,PER UN MÓN MÉS JUST - PUM+J,0,0,Ministerio del Interior / portal oficial de datos abiertos,PRIMARY_OFFICIAL
2019A,2019-04-28,47 - Valladolid,PLATAFORMA DEL PUEBLO SORIANO - PPSO,0,0,Ministerio del Interior / portal oficial de datos abiertos,PRIMARY_OFFICIAL
2019A,2019-04-28,47 - Valladolid,POBLE LLIURE - SOM ALTERNATIVA - PIRATES DE CATALU - FRONT REPUB,0,0,Ministerio del Interior / portal oficial de datos abiertos,PRIMARY_OFFICIAL
2019A,2019-04-28,47 - Valladolid,POR UN MUNDO MÁS JUSTO (BIDEZKO MUNDURANTZ) - PUM+J,0,0,Ministerio del Interior / portal oficial de datos abiertos,PRIMARY_OFFICIAL
2019A,2019-04-28,47 - Valladolid,POR UN MUNDO MÁS JUSTO - PUM+J,473,0,Ministerio del Interior / portal oficial de datos abiertos,PRIMARY_OFFICIAL
2019A,2019-04-28,47 - Valladolid,PUYALON - PYLN,0,0,Ministerio del Interior / portal oficial de datos abiertos,PRIMARY_OFFICIAL
2019A,2019-04-28,47 - Valladolid,RECORTES CERO-GRUPO VERDE - RECORTES CERO-GV,0,0,Ministerio del Interior / portal oficial de datos abiertos,PRIMARY_OFFICIAL
2019A,2019-04-28,47 - Valladolid,RECORTES CERO-GRUPO VERDE-PARTIDO CASTELLANO-TIERRA COMUNERA - RECORTES CERO-GV-PCAS-TC,545,0,Ministerio del Interior / portal oficial de datos abiertos,PRIMARY_OFFICIAL
2019A,2019-04-28,47 - Valladolid,SOM VALENCIANS EN MOVIMENT - UIG-SOM-CUIDES,0,0,Ministerio del Interior / portal oficial de datos abiertos,PRIMARY_OFFICIAL
2019A,2019-04-28,47 - Valladolid,SOMOS REGIÓN - SOMOS REGIÓ,0,0,Ministerio del Interior / portal oficial de datos abiertos,PRIMARY_OFFICIAL
2019A,2019-04-28,47 - Valladolid,UNIDAS PODEMOS - PODEMOS-EUPV,0,0,Ministerio del Interior / portal oficial de datos abiertos,PRIMARY_OFFICIAL
2019A,2019-04-28,47 - Valladolid,UNIDAS PODEMOS - PODEMOS-IU LV CA-EQUO,0,0,Ministerio del Interior / portal oficial de datos abiertos,PRIMARY_OFFICIAL
2019A,2019-04-28,47 - Valladolid,UNIDAS PODEMOS - PODEMOS-IU-EQUO,39305,0,Ministerio del Interior / portal oficial de datos abiertos,PRIMARY_OFFICIAL
2019A,2019-04-28,47 - Valladolid,UNIDAS PODEMOS - PODEMOS-IU-EQUO-BATZARRE,0,0,Ministerio del Interior / portal oficial de datos abiertos,PRIMARY_OFFICIAL
2019A,2019-04-28,47 - Valladolid,UNIDAS PODEMOS-ALTOARAGÓN EN COMÚN - PODEMOS-IU-,0,0,Ministerio del Interior / portal oficial de datos abiertos,PRIMARY_OFFICIAL
2019A,2019-04-28,47 - Valladolid,UNIDAS PODEMOS-UNIDES PODEM - PODEMOS-EUIB,0,0,Ministerio del Interior / portal oficial de datos abiertos,PRIMARY_OFFICIAL
2019A,2019-04-28,47 - Valladolid,UNIDAS PODEMOS-XUNIES PODEMOS - PODEMOS-IX-EQUO,0,0,Ministerio del Interior / portal oficial de datos abiertos,PRIMARY_OFFICIAL
2019A,2019-04-28,47 - Valladolid,UNIÓN DE TODOS - UDT,0,0,Ministerio del Interior / portal oficial de datos abiertos,PRIMARY_OFFICIAL
2019A,2019-04-28,47 - Valladolid,UNIÓN REGIONALISTA DE CASTILLA Y LEÓN - UNIÓN REGIO,490,0,Ministerio del Interior / portal oficial de datos abiertos,PRIMARY_OFFICIAL
2019A,2019-04-28,47 - Valladolid,VIVIR OURENSE - VOU,0,0,Ministerio del Interior / portal oficial de datos abiertos,PRIMARY_OFFICIAL
2019A,2019-04-28,47 - Valladolid,VOX - VOX,45965,1,Ministerio del Interior / portal oficial de datos abiertos,PRIMARY_OFFICIAL
2019A,2019-04-28,47 - Valladolid,Veus PROGRESSISTES - ARA-MES-ESQUERRA,0,0,Ministerio del Interior / portal oficial de datos abiertos,PRIMARY_OFFICIAL
2019A,2019-04-28,48 - Bizkaia,ACTÚA - PACT,0,0,Ministerio del Interior / portal oficial de datos abiertos,PRIMARY_OFFICIAL
2019A,2019-04-28,48 - Bizkaia,AHORA CANARIAS: Alternativa Nacionalista Canaria ANC y Unidad del Pueblo - AHORA CANARIAS,0,0,Ministerio del Interior / portal oficial de datos abiertos,PRIMARY_OFFICIAL
2019A,2019-04-28,48 - Bizkaia,ANDALUCÍA POR SÍ - AxSI,0,0,Ministerio del Interior / portal oficial de datos abiertos,PRIMARY_OFFICIAL
2019A,2019-04-28,48 - Bizkaia,ANDECHA ASTUR - ANDECHA ASTUR,0,0,Ministerio del Interior / portal oficial de datos abiertos,PRIMARY_OFFICIAL
2019A,2019-04-28,48 - Bizkaia,AVANT ADELANTE LOS VERDES - AVANT ADELANTE LOS VERDES,0,0,Ministerio del Interior / portal oficial de datos abiertos,PRIMARY_OFFICIAL
2019A,2019-04-28,48 - Bizkaia,BLOQUE NACIONALISTA GALEGO - BNG,0,0,Ministerio del Interior / portal oficial de datos abiertos,PRIMARY_OFFICIAL
2019A,2019-04-28,48 - Bizkaia,CENTRADOS - centrados,0,0,Ministerio del Interior / portal oficial de datos abiertos,PRIMARY_OFFICIAL
2019A,2019-04-28,48 - Bizkaia,CIUDADANOS INDEPENDIENTES DE LINARES UNIDOS - CILU-LINARES,0,0,Ministerio del Interior / portal oficial de datos abiertos,PRIMARY_OFFICIAL
2019A,2019-04-28,48 - Bizkaia,CIUDADANOS-PARTIDO DE LA CIUDADANÍA - Cs,21392,0,Ministerio del Interior / portal oficial de datos abiertos,PRIMARY_OFFICIAL
2019A,2019-04-28,48 - Bizkaia,CIUTADANS-PARTIDO DE LA CIUDADANÍA - Cs,0,0,Ministerio del Interior / portal oficial de datos abiertos,PRIMARY_OFFICIAL
2019A,2019-04-28,48 - Bizkaia,COALICION CANARIA-PARTIDO NACIONALISTA CANARIO - CCa-PNC,0,0,Ministerio del Interior / portal oficial de datos abiertos,PRIMARY_OFFICIAL
2019A,2019-04-28,48 - Bizkaia,COALICION POR MELILLA - CpM,0,0,Ministerio del Interior / portal oficial de datos abiertos,PRIMARY_OFFICIAL
2019A,2019-04-28,48 - Bizkaia,COMPROMISO POR GALICIA - CxG,0,0,Ministerio del Interior / portal oficial de datos abiertos,PRIMARY_OFFICIAL
2019A,2019-04-28,48 - Bizkaia,COMPROMÍS: BLOC-INICIATIVA-VERDSEQUO - COMPROMÍS 2,0,0,Ministerio del Interior / portal oficial de datos abiertos,PRIMARY_OFFICIAL
2019A,2019-04-28,48 - Bizkaia,CONVERGENTS - CNV,0,0,Ministerio del Interior / portal oficial de datos abiertos,PRIMARY_OFFICIAL
2019A,2019-04-28,48 - Bizkaia,CONVERXENCIA 21 - C 21,0,0,Ministerio del Interior / portal oficial de datos abiertos,PRIMARY_OFFICIAL
2019A,2019-04-28,48 - Bizkaia,DEFENSA DE LO PÚBLICO - DP,0,0,Ministerio del Interior / portal oficial de datos abiertos,PRIMARY_OFFICIAL
2019A,2019-04-28,48 - Bizkaia,DEMOCRACIA PLURAL - DPL,0,0,Ministerio del Interior / portal oficial de datos abiertos,PRIMARY_OFFICIAL
2019A,2019-04-28,48 - Bizkaia,EL PI - PROPOSTA PER LES ILLES BALEARS - EL PI,0,0,Ministerio del Interior / portal oficial de datos abiertos,PRIMARY_OFFICIAL
2019A,2019-04-28,48 - Bizkaia,ELKARREKIN PODEMOS-UNIDAS PODEMOS - PODEMOS-IU-EQUO BERDEAK,121740,2,Ministerio del Interior / portal oficial de datos abiertos,PRIMARY_OFFICIAL
2019A,2019-04-28,48 - Bizkaia,EN COMÚ PODEM - GUANYEM EL CANVI - ECP-GUANYEM,0,0,Ministerio del Interior / portal oficial de datos abiertos,PRIMARY_OFFICIAL
2019A,2019-04-28,48 - Bizkaia,EN COMÚN-UNIDAS PODEMOS - PODEMOS-EU-,0,0,Ministerio del Interior / portal oficial de datos abiertos,PRIMARY_OFFICIAL
2019A,2019-04-28,48 - Bizkaia,EN MAREA - EN MAREA,0,0,Ministerio del Interior / portal oficial de datos abiertos,PRIMARY_OFFICIAL
2019A,2019-04-28,48 - Bizkaia,ESCANOS EN BRANCO - EB,0,0,Ministerio del Interior / portal oficial de datos abiertos,PRIMARY_OFFICIAL
2019A,2019-04-28,48 - Bizkaia,ESCAÑOS EN BLANCO - EB,0,0,Ministerio del Interior / portal oficial de datos abiertos,PRIMARY_OFFICIAL
2019A,2019-04-28,48 - Bizkaia,ESCAÑOS EN BLANCO-AULKI ZURIAK - EB,0,0,Ministerio del Interior / portal oficial de datos abiertos,PRIMARY_OFFICIAL
2019A,2019-04-28,48 - Bizkaia,ESQUERRA REPUBLICANA DE CATALUNYA-SOBIRANISTES - ERC-SOBIRANISTES,0,0,Ministerio del Interior / portal oficial de datos abiertos,PRIMARY_OFFICIAL
2019A,2019-04-28,48 - Bizkaia,ESQUERRA REPUBLICANA DEL PAÍS VALENCIÀ - ERPV,0,0,Ministerio del Interior / portal oficial de datos abiertos,PRIMARY_OFFICIAL
2019A,2019-04-28,48 - Bizkaia,EUSKADIKO LANGILEEN ALDERDI KOMUNISTA/PARTIDO COMUNISTA DE LOS TRABAJADORES DE EUSKADI - ELAK/PCTE,0,0,Ministerio del Interior / portal oficial de datos abiertos,PRIMARY_OFFICIAL
2019A,2019-04-28,48 - Bizkaia,EUSKAL HERRIA BILDU - EH Bildu,91771,1,Ministerio del Interior / portal oficial de datos abiertos,PRIMARY_OFFICIAL
2019A,2019-04-28,48 - Bizkaia,EUZKO ALDERDI JELTZALEA-PARTIDO NACIONALISTA VASCO - EAJ-PNV,235916,3,Ministerio del Interior / portal oficial de datos abiertos,PRIMARY_OFFICIAL
2019A,2019-04-28,48 - Bizkaia,EXTREMEÑOS PREX CREX - C.Ex-C.R.Ex,0,0,Ministerio del Interior / portal oficial de datos abiertos,PRIMARY_OFFICIAL
2019A,2019-04-28,48 - Bizkaia,FALANGE ESPAÑOLA DE LAS JONS - FE de las J,0,0,Ministerio del Interior / portal oficial de datos abiertos,PRIMARY_OFFICIAL
2019A,2019-04-28,48 - Bizkaia,FEDERACION DE LOS INDEPENDIENTES DE ARAGON - FIA,0,0,Ministerio del Interior / portal oficial de datos abiertos,PRIMARY_OFFICIAL
2019A,2019-04-28,48 - Bizkaia,FEMINISM8 - F8,0,0,Ministerio del Interior / portal oficial de datos abiertos,PRIMARY_OFFICIAL
2019A,2019-04-28,48 - Bizkaia,GEROA BAI - GBAI,0,0,Ministerio del Interior / portal oficial de datos abiertos,PRIMARY_OFFICIAL
2019A,2019-04-28,48 - Bizkaia,IZQUIERDA ANTICAPITALISTA REVOLUCIONARIA - IZAR,0,0,Ministerio del Interior / portal oficial de datos abiertos,PRIMARY_OFFICIAL
2019A,2019-04-28,48 - Bizkaia,IZQUIERDA EN POSITIVO - IZQP,0,0,Ministerio del Interior / portal oficial de datos abiertos,PRIMARY_OFFICIAL
2019A,2019-04-28,48 - Bizkaia,JUNTS PER CATALUNYA-JUNTS - JxCAT-JUNTS,0,0,Ministerio del Interior / portal oficial de datos abiertos,PRIMARY_OFFICIAL
2019A,2019-04-28,48 - Bizkaia,LOS VERDES ECOPACIFISTAS ADELANTE - AVANT-LOS VERDES,0,0,Ministerio del Interior / portal oficial de datos abiertos,PRIMARY_OFFICIAL
2019A,2019-04-28,48 - Bizkaia,MUERTE AL SISTEMA - +MAS+,0,0,Ministerio del Interior / portal oficial de datos abiertos,PRIMARY_OFFICIAL
2019A,2019-04-28,48 - Bizkaia,NAVARRA SUMA - NA+,0,0,Ministerio del Interior / portal oficial de datos abiertos,PRIMARY_OFFICIAL
2019A,2019-04-28,48 - Bizkaia,NUEVA CANARIAS - NCa,0,0,Ministerio del Interior / portal oficial de datos abiertos,PRIMARY_OFFICIAL
2019A,2019-04-28,48 - Bizkaia,PARTIDO ANIMALISTA CONTRA EL MALTRATO ANIMAL - PACMA,6187,0,Ministerio del Interior / portal oficial de datos abiertos,PRIMARY_OFFICIAL
2019A,2019-04-28,48 - Bizkaia,PARTIDO COMUNISTA DE LOS PUEBLOS DE ESPAÑA - PCPE,0,0,Ministerio del Interior / portal oficial de datos abiertos,PRIMARY_OFFICIAL
2019A,2019-04-28,48 - Bizkaia,PARTIDO COMUNISTA DE LOS TRABAJADORES DE ESPAÑA - PCTE,0,0,Ministerio del Interior / portal oficial de datos abiertos,PRIMARY_OFFICIAL
2019A,2019-04-28,48 - Bizkaia,PARTIDO COMUNISTA DE LOS TRABAJADORES DE EUSKADI/EUSKADIKO LANGILEEN ALDERDI KOMUNISTA - PCTE/ELAK,603,0,Ministerio del Interior / portal oficial de datos abiertos,PRIMARY_OFFICIAL
2019A,2019-04-28,48 - Bizkaia,PARTIDO COMUNISTA DEL PUEBLO ANDALUZ - PCPA,0,0,Ministerio del Interior / portal oficial de datos abiertos,PRIMARY_OFFICIAL
2019A,2019-04-28,48 - Bizkaia,PARTIDO COMUNISTA DEL PUEBLO CANARIO - PCPC,0,0,Ministerio del Interior / portal oficial de datos abiertos,PRIMARY_OFFICIAL
2019A,2019-04-28,48 - Bizkaia,PARTIDO COMUNISTA DOS TRABALLADORES DE GALIZA - PCTG,0,0,Ministerio del Interior / portal oficial de datos abiertos,PRIMARY_OFFICIAL
2019A,2019-04-28,48 - Bizkaia,PARTIDO COMUNISTA OBRERO ESPAÑOL - PCOE,0,0,Ministerio del Interior / portal oficial de datos abiertos,PRIMARY_OFFICIAL
2019A,2019-04-28,48 - Bizkaia,PARTIDO DE ACCIÓN SOLIDARIA EUROPEA - SOLIDARIA,528,0,Ministerio del Interior / portal oficial de datos abiertos,PRIMARY_OFFICIAL
2019A,2019-04-28,48 - Bizkaia,"PARTIDO DE JUBILADOS POR EL FUTURO. DIGNIDAD Y DEMOCRACIA - ""JF""",0,0,Ministerio del Interior / portal oficial de datos abiertos,PRIMARY_OFFICIAL
2019A,2019-04-28,48 - Bizkaia,PARTIDO DEMÓCRATA SOCIAL JUBILADOS EUROPEOS - UNID - PDSJE-UDEC,0,0,Ministerio del Interior / portal oficial de datos abiertos,PRIMARY_OFFICIAL
2019A,2019-04-28,48 - Bizkaia,PARTIDO DOS SOCIALISTAS DE GALICIA-PARTIDO SOCIALI - PSdeG-PSOE,0,0,Ministerio del Interior / portal oficial de datos abiertos,PRIMARY_OFFICIAL
2019A,2019-04-28,48 - Bizkaia,PARTIDO HUMANISTA - PH,0,0,Ministerio del Interior / portal oficial de datos abiertos,PRIMARY_OFFICIAL
2019A,2019-04-28,48 - Bizkaia,PARTIDO LIBERTARIO - P-LIB,0,0,Ministerio del Interior / portal oficial de datos abiertos,PRIMARY_OFFICIAL
2019A,2019-04-28,48 - Bizkaia,PARTIDO POPULAR - FORO - PP-FORO,0,0,Ministerio del Interior / portal oficial de datos abiertos,PRIMARY_OFFICIAL
2019A,2019-04-28,48 - Bizkaia,PARTIDO POPULAR - PP,49859,0,Ministerio del Interior / portal oficial de datos abiertos,PRIMARY_OFFICIAL
2019A,2019-04-28,48 - Bizkaia,PARTIDO POPULAR/PARTIT POPULAR - PP,0,0,Ministerio del Interior / portal oficial de datos abiertos,PRIMARY_OFFICIAL
2019A,2019-04-28,48 - Bizkaia,PARTIDO REGIONALISTA DE CANTABRIA - PRC,0,0,Ministerio del Interior / portal oficial de datos abiertos,PRIMARY_OFFICIAL
2019A,2019-04-28,48 - Bizkaia,PARTIDO REGIONALISTA DEL PAIS LEONES - PREPAL,0,0,Ministerio del Interior / portal oficial de datos abiertos,PRIMARY_OFFICIAL
2019A,2019-04-28,48 - Bizkaia,PARTIDO REPUBLICANO INDEPENDIENTE SOLIDARIO ANDALUZ - RISA,0,0,Ministerio del Interior / portal oficial de datos abiertos,PRIMARY_OFFICIAL
2019A,2019-04-28,48 - Bizkaia,PARTIDO RIOJANO - PR+,0,0,Ministerio del Interior / portal oficial de datos abiertos,PRIMARY_OFFICIAL
2019A,2019-04-28,48 - Bizkaia,PARTIDO SOCIALISTA DE EUSKADI-EUSKADIKO EZKERRA (PSOE) - PSE-EE (PSOE),136547,2,Ministerio del Interior / portal oficial de datos abiertos,PRIMARY_OFFICIAL
2019A,2019-04-28,48 - Bizkaia,PARTIDO SOCIALISTA OBRERO ESPAÑOL - PSOE,0,0,Ministerio del Interior / portal oficial de datos abiertos,PRIMARY_OFFICIAL
2019A,2019-04-28,48 - Bizkaia,PARTIT ANIMALISTA CONTRA EL MALTRACTAMENT ANIMAL - PACMA,0,0,Ministerio del Interior / portal oficial de datos abiertos,PRIMARY_OFFICIAL
2019A,2019-04-28,48 - Bizkaia,PARTIT COMUNISTA DEL POBLE DE CATALUNYA - PCPC,0,0,Ministerio del Interior / portal oficial de datos abiertos,PRIMARY_OFFICIAL
2019A,2019-04-28,48 - Bizkaia,PARTIT COMUNISTA DELS POBLES D'ESPANYA - PCPE,0,0,Ministerio del Interior / portal oficial de datos abiertos,PRIMARY_OFFICIAL
2019A,2019-04-28,48 - Bizkaia,PARTIT COMUNISTA DELS TREBALLADORS DE CATALUNYA - PCTC,0,0,Ministerio del Interior / portal oficial de datos abiertos,PRIMARY_OFFICIAL
2019A,2019-04-28,48 - Bizkaia,PARTIT DELS SOCIALISTES DE CATALUNYA (PSC-PSOE) - PSC,0,0,Ministerio del Interior / portal oficial de datos abiertos,PRIMARY_OFFICIAL
2019A,2019-04-28,48 - Bizkaia,PARTIT POPULAR-PARTIDO POPULAR - PP,0,0,Ministerio del Interior / portal oficial de datos abiertos,PRIMARY_OFFICIAL
2019A,2019-04-28,48 - Bizkaia,PARTIT SOCIALISTA OBRER ESPANYOL - PSOE,0,0,Ministerio del Interior / portal oficial de datos abiertos,PRIMARY_OFFICIAL
2019A,2019-04-28,48 - Bizkaia,PER UN MÓN MÉS JUST - PUM+J,0,0,Ministerio del Interior / portal oficial de datos abiertos,PRIMARY_OFFICIAL
2019A,2019-04-28,48 - Bizkaia,PLATAFORMA DEL PUEBLO SORIANO - PPSO,0,0,Ministerio del Interior / portal oficial de datos abiertos,PRIMARY_OFFICIAL
2019A,2019-04-28,48 - Bizkaia,POBLE LLIURE - SOM ALTERNATIVA - PIRATES DE CATALU - FRONT REPUB,0,0,Ministerio del Interior / portal oficial de datos abiertos,PRIMARY_OFFICIAL
2019A,2019-04-28,48 - Bizkaia,POR UN MUNDO MÁS JUSTO (BIDEZKO MUNDURANTZ) - PUM+J,0,0,Ministerio del Interior / portal oficial de datos abiertos,PRIMARY_OFFICIAL
2019A,2019-04-28,48 - Bizkaia,POR UN MUNDO MÁS JUSTO - PUM+J,844,0,Ministerio del Interior / portal oficial de datos abiertos,PRIMARY_OFFICIAL
2019A,2019-04-28,48 - Bizkaia,PUYALON - PYLN,0,0,Ministerio del Interior / portal oficial de datos abiertos,PRIMARY_OFFICIAL
2019A,2019-04-28,48 - Bizkaia,RECORTES CERO-GRUPO VERDE - RECORTES CERO-GV,1177,0,Ministerio del Interior / portal oficial de datos abiertos,PRIMARY_OFFICIAL
2019A,2019-04-28,48 - Bizkaia,RECORTES CERO-GRUPO VERDE-PARTIDO CASTELLANO-TIERRA COMUNERA - RECORTES CERO-GV-PCAS-TC,0,0,Ministerio del Interior / portal oficial de datos abiertos,PRIMARY_OFFICIAL
2019A,2019-04-28,48 - Bizkaia,SOM VALENCIANS EN MOVIMENT - UIG-SOM-CUIDES,0,0,Ministerio del Interior / portal oficial de datos abiertos,PRIMARY_OFFICIAL
2019A,2019-04-28,48 - Bizkaia,SOMOS REGIÓN - SOMOS REGIÓ,0,0,Ministerio del Interior / portal oficial de datos abiertos,PRIMARY_OFFICIAL
2019A,2019-04-28,48 - Bizkaia,UNIDAS PODEMOS - PODEMOS-EUPV,0,0,Ministerio del Interior / portal oficial de datos abiertos,PRIMARY_OFFICIAL
2019A,2019-04-28,48 - Bizkaia,UNIDAS PODEMOS - PODEMOS-IU LV CA-EQUO,0,0,Ministerio del Interior / portal oficial de datos abiertos,PRIMARY_OFFICIAL
2019A,2019-04-28,48 - Bizkaia,UNIDAS PODEMOS - PODEMOS-IU-EQUO,0,0,Ministerio del Interior / portal oficial de datos abiertos,PRIMARY_OFFICIAL
2019A,2019-04-28,48 - Bizkaia,UNIDAS PODEMOS - PODEMOS-IU-EQUO-BATZARRE,0,0,Ministerio del Interior / portal oficial de datos abiertos,PRIMARY_OFFICIAL
2019A,2019-04-28,48 - Bizkaia,UNIDAS PODEMOS-ALTOARAGÓN EN COMÚN - PODEMOS-IU-,0,0,Ministerio del Interior / portal oficial de datos abiertos,PRIMARY_OFFICIAL
2019A,2019-04-28,48 - Bizkaia,UNIDAS PODEMOS-UNIDES PODEM - PODEMOS-EUIB,0,0,Ministerio del Interior / portal oficial de datos abiertos,PRIMARY_OFFICIAL
2019A,2019-04-28,48 - Bizkaia,UNIDAS PODEMOS-XUNIES PODEMOS - PODEMOS-IX-EQUO,0,0,Ministerio del Interior / portal oficial de datos abiertos,PRIMARY_OFFICIAL
2019A,2019-04-28,48 - Bizkaia,UNIÓN DE TODOS - UDT,0,0,Ministerio del Interior / portal oficial de datos abiertos,PRIMARY_OFFICIAL
2019A,2019-04-28,48 - Bizkaia,UNIÓN REGIONALISTA DE CASTILLA Y LEÓN - UNIÓN REGIO,0,0,Ministerio del Interior / portal oficial de datos abiertos,PRIMARY_OFFICIAL
2019A,2019-04-28,48 - Bizkaia,VIVIR OURENSE - VOU,0,0,Ministerio del Interior / portal oficial de datos abiertos,PRIMARY_OFFICIAL
2019A,2019-04-28,48 - Bizkaia,VOX - VOX,15839,0,Ministerio del Interior / portal oficial de datos abiertos,PRIMARY_OFFICIAL
2019A,2019-04-28,48 - Bizkaia,Veus PROGRESSISTES - ARA-MES-ESQUERRA,0,0,Ministerio del Interior / portal oficial de datos abiertos,PRIMARY_OFFICIAL
2019A,2019-04-28,49 - Zamora,ACTÚA - PACT,0,0,Ministerio del Interior / portal oficial de datos abiertos,PRIMARY_OFFICIAL
2019A,2019-04-28,49 - Zamora,AHORA CANARIAS: Alternativa Nacionalista Canaria ANC y Unidad del Pueblo - AHORA CANARIAS,0,0,Ministerio del Interior / portal oficial de datos abiertos,PRIMARY_OFFICIAL
2019A,2019-04-28,49 - Zamora,ANDALUCÍA POR SÍ - AxSI,0,0,Ministerio del Interior / portal oficial de datos abiertos,PRIMARY_OFFICIAL
2019A,2019-04-28,49 - Zamora,ANDECHA ASTUR - ANDECHA ASTUR,0,0,Ministerio del Interior / portal oficial de datos abiertos,PRIMARY_OFFICIAL
2019A,2019-04-28,49 - Zamora,AVANT ADELANTE LOS VERDES - AVANT ADELANTE LOS VERDES,0,0,Ministerio del Interior / portal oficial de datos abiertos,PRIMARY_OFFICIAL
2019A,2019-04-28,49 - Zamora,BLOQUE NACIONALISTA GALEGO - BNG,0,0,Ministerio del Interior / portal oficial de datos abiertos,PRIMARY_OFFICIAL
2019A,2019-04-28,49 - Zamora,CENTRADOS - centrados,0,0,Ministerio del Interior / portal oficial de datos abiertos,PRIMARY_OFFICIAL
2019A,2019-04-28,49 - Zamora,CIUDADANOS INDEPENDIENTES DE LINARES UNIDOS - CILU-LINARES,0,0,Ministerio del Interior / portal oficial de datos abiertos,PRIMARY_OFFICIAL
2019A,2019-04-28,49 - Zamora,CIUDADANOS-PARTIDO DE LA CIUDADANÍA - Cs,18729,1,Ministerio del Interior / portal oficial de datos abiertos,PRIMARY_OFFICIAL
2019A,2019-04-28,49 - Zamora,CIUTADANS-PARTIDO DE LA CIUDADANÍA - Cs,0,0,Ministerio del Interior / portal oficial de datos abiertos,PRIMARY_OFFICIAL
2019A,2019-04-28,49 - Zamora,COALICION CANARIA-PARTIDO NACIONALISTA CANARIO - CCa-PNC,0,0,Ministerio del Interior / portal oficial de datos abiertos,PRIMARY_OFFICIAL
2019A,2019-04-28,49 - Zamora,COALICION POR MELILLA - CpM,0,0,Ministerio del Interior / portal oficial de datos abiertos,PRIMARY_OFFICIAL
2019A,2019-04-28,49 - Zamora,COMPROMISO POR GALICIA - CxG,0,0,Ministerio del Interior / portal oficial de datos abiertos,PRIMARY_OFFICIAL
2019A,2019-04-28,49 - Zamora,COMPROMÍS: BLOC-INICIATIVA-VERDSEQUO - COMPROMÍS 2,0,0,Ministerio del Interior / portal oficial de datos abiertos,PRIMARY_OFFICIAL
2019A,2019-04-28,49 - Zamora,CONVERGENTS - CNV,0,0,Ministerio del Interior / portal oficial de datos abiertos,PRIMARY_OFFICIAL
2019A,2019-04-28,49 - Zamora,CONVERXENCIA 21 - C 21,0,0,Ministerio del Interior / portal oficial de datos abiertos,PRIMARY_OFFICIAL
2019A,2019-04-28,49 - Zamora,DEFENSA DE LO PÚBLICO - DP,0,0,Ministerio del Interior / portal oficial de datos abiertos,PRIMARY_OFFICIAL
2019A,2019-04-28,49 - Zamora,DEMOCRACIA PLURAL - DPL,0,0,Ministerio del Interior / portal oficial de datos abiertos,PRIMARY_OFFICIAL
2019A,2019-04-28,49 - Zamora,EL PI - PROPOSTA PER LES ILLES BALEARS - EL PI,0,0,Ministerio del Interior / portal oficial de datos abiertos,PRIMARY_OFFICIAL
2019A,2019-04-28,49 - Zamora,ELKARREKIN PODEMOS-UNIDAS PODEMOS - PODEMOS-IU-EQUO BERDEAK,0,0,Ministerio del Interior / portal oficial de datos abiertos,PRIMARY_OFFICIAL
2019A,2019-04-28,49 - Zamora,EN COMÚ PODEM - GUANYEM EL CANVI - ECP-GUANYEM,0,0,Ministerio del Interior / portal oficial de datos abiertos,PRIMARY_OFFICIAL
2019A,2019-04-28,49 - Zamora,EN COMÚN-UNIDAS PODEMOS - PODEMOS-EU-,0,0,Ministerio del Interior / portal oficial de datos abiertos,PRIMARY_OFFICIAL
2019A,2019-04-28,49 - Zamora,EN MAREA - EN MAREA,0,0,Ministerio del Interior / portal oficial de datos abiertos,PRIMARY_OFFICIAL
2019A,2019-04-28,49 - Zamora,ESCANOS EN BRANCO - EB,0,0,Ministerio del Interior / portal oficial de datos abiertos,PRIMARY_OFFICIAL
2019A,2019-04-28,49 - Zamora,ESCAÑOS EN BLANCO - EB,0,0,Ministerio del Interior / portal oficial de datos abiertos,PRIMARY_OFFICIAL
2019A,2019-04-28,49 - Zamora,ESCAÑOS EN BLANCO-AULKI ZURIAK - EB,0,0,Ministerio del Interior / portal oficial de datos abiertos,PRIMARY_OFFICIAL
2019A,2019-04-28,49 - Zamora,ESQUERRA REPUBLICANA DE CATALUNYA-SOBIRANISTES - ERC-SOBIRANISTES,0,0,Ministerio del Interior / portal oficial de datos abiertos,PRIMARY_OFFICIAL
2019A,2019-04-28,49 - Zamora,ESQUERRA REPUBLICANA DEL PAÍS VALENCIÀ - ERPV,0,0,Ministerio del Interior / portal oficial de datos abiertos,PRIMARY_OFFICIAL
2019A,2019-04-28,49 - Zamora,EUSKADIKO LANGILEEN ALDERDI KOMUNISTA/PARTIDO COMUNISTA DE LOS TRABAJADORES DE EUSKADI - ELAK/PCTE,0,0,Ministerio del Interior / portal oficial de datos abiertos,PRIMARY_OFFICIAL
2019A,2019-04-28,49 - Zamora,EUSKAL HERRIA BILDU - EH Bildu,0,0,Ministerio del Interior / portal oficial de datos abiertos,PRIMARY_OFFICIAL
2019A,2019-04-28,49 - Zamora,EUZKO ALDERDI JELTZALEA-PARTIDO NACIONALISTA VASCO - EAJ-PNV,0,0,Ministerio del Interior / portal oficial de datos abiertos,PRIMARY_OFFICIAL
2019A,2019-04-28,49 - Zamora,EXTREMEÑOS PREX CREX - C.Ex-C.R.Ex,0,0,Ministerio del Interior / portal oficial de datos abiertos,PRIMARY_OFFICIAL
2019A,2019-04-28,49 - Zamora,FALANGE ESPAÑOLA DE LAS JONS - FE de las J,0,0,Ministerio del Interior / portal oficial de datos abiertos,PRIMARY_OFFICIAL
2019A,2019-04-28,49 - Zamora,FEDERACION DE LOS INDEPENDIENTES DE ARAGON - FIA,0,0,Ministerio del Interior / portal oficial de datos abiertos,PRIMARY_OFFICIAL
2019A,2019-04-28,49 - Zamora,FEMINISM8 - F8,0,0,Ministerio del Interior / portal oficial de datos abiertos,PRIMARY_OFFICIAL
2019A,2019-04-28,49 - Zamora,GEROA BAI - GBAI,0,0,Ministerio del Interior / portal oficial de datos abiertos,PRIMARY_OFFICIAL
2019A,2019-04-28,49 - Zamora,IZQUIERDA ANTICAPITALISTA REVOLUCIONARIA - IZAR,0,0,Ministerio del Interior / portal oficial de datos abiertos,PRIMARY_OFFICIAL
2019A,2019-04-28,49 - Zamora,IZQUIERDA EN POSITIVO - IZQP,0,0,Ministerio del Interior / portal oficial de datos abiertos,PRIMARY_OFFICIAL
2019A,2019-04-28,49 - Zamora,JUNTS PER CATALUNYA-JUNTS - JxCAT-JUNTS,0,0,Ministerio del Interior / portal oficial de datos abiertos,PRIMARY_OFFICIAL
2019A,2019-04-28,49 - Zamora,LOS VERDES ECOPACIFISTAS ADELANTE - AVANT-LOS VERDES,0,0,Ministerio del Interior / portal oficial de datos abiertos,PRIMARY_OFFICIAL
2019A,2019-04-28,49 - Zamora,MUERTE AL SISTEMA - +MAS+,0,0,Ministerio del Interior / portal oficial de datos abiertos,PRIMARY_OFFICIAL
2019A,2019-04-28,49 - Zamora,NAVARRA SUMA - NA+,0,0,Ministerio del Interior / portal oficial de datos abiertos,PRIMARY_OFFICIAL
2019A,2019-04-28,49 - Zamora,NUEVA CANARIAS - NCa,0,0,Ministerio del Interior / portal oficial de datos abiertos,PRIMARY_OFFICIAL
2019A,2019-04-28,49 - Zamora,PARTIDO ANIMALISTA CONTRA EL MALTRATO ANIMAL - PACMA,585,0,Ministerio del Interior / portal oficial de datos abiertos,PRIMARY_OFFICIAL
2019A,2019-04-28,49 - Zamora,PARTIDO COMUNISTA DE LOS PUEBLOS DE ESPAÑA - PCPE,0,0,Ministerio del Interior / portal oficial de datos abiertos,PRIMARY_OFFICIAL
2019A,2019-04-28,49 - Zamora,PARTIDO COMUNISTA DE LOS TRABAJADORES DE ESPAÑA - PCTE,116,0,Ministerio del Interior / portal oficial de datos abiertos,PRIMARY_OFFICIAL
2019A,2019-04-28,49 - Zamora,PARTIDO COMUNISTA DE LOS TRABAJADORES DE EUSKADI/EUSKADIKO LANGILEEN ALDERDI KOMUNISTA - PCTE/ELAK,0,0,Ministerio del Interior / portal oficial de datos abiertos,PRIMARY_OFFICIAL
2019A,2019-04-28,49 - Zamora,PARTIDO COMUNISTA DEL PUEBLO ANDALUZ - PCPA,0,0,Ministerio del Interior / portal oficial de datos abiertos,PRIMARY_OFFICIAL
2019A,2019-04-28,49 - Zamora,PARTIDO COMUNISTA DEL PUEBLO CANARIO - PCPC,0,0,Ministerio del Interior / portal oficial de datos abiertos,PRIMARY_OFFICIAL
2019A,2019-04-28,49 - Zamora,PARTIDO COMUNISTA DOS TRABALLADORES DE GALIZA - PCTG,0,0,Ministerio del Interior / portal oficial de datos abiertos,PRIMARY_OFFICIAL
2019A,2019-04-28,49 - Zamora,PARTIDO COMUNISTA OBRERO ESPAÑOL - PCOE,0,0,Ministerio del Interior / portal oficial de datos abiertos,PRIMARY_OFFICIAL
2019A,2019-04-28,49 - Zamora,PARTIDO DE ACCIÓN SOLIDARIA EUROPEA - SOLIDARIA,0,0,Ministerio del Interior / portal oficial de datos abiertos,PRIMARY_OFFICIAL
2019A,2019-04-28,49 - Zamora,"PARTIDO DE JUBILADOS POR EL FUTURO. DIGNIDAD Y DEMOCRACIA - ""JF""",0,0,Ministerio del Interior / portal oficial de datos abiertos,PRIMARY_OFFICIAL
2019A,2019-04-28,49 - Zamora,PARTIDO DEMÓCRATA SOCIAL JUBILADOS EUROPEOS - UNID - PDSJE-UDEC,0,0,Ministerio del Interior / portal oficial de datos abiertos,PRIMARY_OFFICIAL
2019A,2019-04-28,49 - Zamora,PARTIDO DOS SOCIALISTAS DE GALICIA-PARTIDO SOCIALI - PSdeG-PSOE,0,0,Ministerio del Interior / portal oficial de datos abiertos,PRIMARY_OFFICIAL
2019A,2019-04-28,49 - Zamora,PARTIDO HUMANISTA - PH,0,0,Ministerio del Interior / portal oficial de datos abiertos,PRIMARY_OFFICIAL
2019A,2019-04-28,49 - Zamora,PARTIDO LIBERTARIO - P-LIB,0,0,Ministerio del Interior / portal oficial de datos abiertos,PRIMARY_OFFICIAL
2019A,2019-04-28,49 - Zamora,PARTIDO POPULAR - FORO - PP-FORO,0,0,Ministerio del Interior / portal oficial de datos abiertos,PRIMARY_OFFICIAL
2019A,2019-04-28,49 - Zamora,PARTIDO POPULAR - PP,32750,1,Ministerio del Interior / portal oficial de datos abiertos,PRIMARY_OFFICIAL
2019A,2019-04-28,49 - Zamora,PARTIDO POPULAR/PARTIT POPULAR - PP,0,0,Ministerio del Interior / portal oficial de datos abiertos,PRIMARY_OFFICIAL
2019A,2019-04-28,49 - Zamora,PARTIDO REGIONALISTA DE CANTABRIA - PRC,0,0,Ministerio del Interior / portal oficial de datos abiertos,PRIMARY_OFFICIAL
2019A,2019-04-28,49 - Zamora,PARTIDO REGIONALISTA DEL PAIS LEONES - PREPAL,405,0,Ministerio del Interior / portal oficial de datos abiertos,PRIMARY_OFFICIAL
2019A,2019-04-28,49 - Zamora,PARTIDO REPUBLICANO INDEPENDIENTE SOLIDARIO ANDALUZ - RISA,0,0,Ministerio del Interior / portal oficial de datos abiertos,PRIMARY_OFFICIAL
2019A,2019-04-28,49 - Zamora,PARTIDO RIOJANO - PR+,0,0,Ministerio del Interior / portal oficial de datos abiertos,PRIMARY_OFFICIAL
2019A,2019-04-28,49 - Zamora,PARTIDO SOCIALISTA DE EUSKADI-EUSKADIKO EZKERRA (PSOE) - PSE-EE (PSOE),0,0,Ministerio del Interior / portal oficial de datos abiertos,PRIMARY_OFFICIAL
2019A,2019-04-28,49 - Zamora,PARTIDO SOCIALISTA OBRERO ESPAÑOL - PSOE,34628,1,Ministerio del Interior / portal oficial de datos abiertos,PRIMARY_OFFICIAL
2019A,2019-04-28,49 - Zamora,PARTIT ANIMALISTA CONTRA EL MALTRACTAMENT ANIMAL - PACMA,0,0,Ministerio del Interior / portal oficial de datos abiertos,PRIMARY_OFFICIAL
2019A,2019-04-28,49 - Zamora,PARTIT COMUNISTA DEL POBLE DE CATALUNYA - PCPC,0,0,Ministerio del Interior / portal oficial de datos abiertos,PRIMARY_OFFICIAL
2019A,2019-04-28,49 - Zamora,PARTIT COMUNISTA DELS POBLES D'ESPANYA - PCPE,0,0,Ministerio del Interior / portal oficial de datos abiertos,PRIMARY_OFFICIAL
2019A,2019-04-28,49 - Zamora,PARTIT COMUNISTA DELS TREBALLADORS DE CATALUNYA - PCTC,0,0,Ministerio del Interior / portal oficial de datos abiertos,PRIMARY_OFFICIAL
2019A,2019-04-28,49 - Zamora,PARTIT DELS SOCIALISTES DE CATALUNYA (PSC-PSOE) - PSC,0,0,Ministerio del Interior / portal oficial de datos abiertos,PRIMARY_OFFICIAL
2019A,2019-04-28,49 - Zamora,PARTIT POPULAR-PARTIDO POPULAR - PP,0,0,Ministerio del Interior / portal oficial de datos abiertos,PRIMARY_OFFICIAL
2019A,2019-04-28,49 - Zamora,PARTIT SOCIALISTA OBRER ESPANYOL - PSOE,0,0,Ministerio del Interior / portal oficial de datos abiertos,PRIMARY_OFFICIAL
2019A,2019-04-28,49 - Zamora,PER UN MÓN MÉS JUST - PUM+J,0,0,Ministerio del Interior / portal oficial de datos abiertos,PRIMARY_OFFICIAL
2019A,2019-04-28,49 - Zamora,PLATAFORMA DEL PUEBLO SORIANO - PPSO,0,0,Ministerio del Interior / portal oficial de datos abiertos,PRIMARY_OFFICIAL
2019A,2019-04-28,49 - Zamora,POBLE LLIURE - SOM ALTERNATIVA - PIRATES DE CATALU - FRONT REPUB,0,0,Ministerio del Interior / portal oficial de datos abiertos,PRIMARY_OFFICIAL
2019A,2019-04-28,49 - Zamora,POR UN MUNDO MÁS JUSTO (BIDEZKO MUNDURANTZ) - PUM+J,0,0,Ministerio del Interior / portal oficial de datos abiertos,PRIMARY_OFFICIAL
2019A,2019-04-28,49 - Zamora,POR UN MUNDO MÁS JUSTO - PUM+J,141,0,Ministerio del Interior / portal oficial de datos abiertos,PRIMARY_OFFICIAL
2019A,2019-04-28,49 - Zamora,PUYALON - PYLN,0,0,Ministerio del Interior / portal oficial de datos abiertos,PRIMARY_OFFICIAL
2019A,2019-04-28,49 - Zamora,RECORTES CERO-GRUPO VERDE - RECORTES CERO-GV,0,0,Ministerio del Interior / portal oficial de datos abiertos,PRIMARY_OFFICIAL
2019A,2019-04-28,49 - Zamora,RECORTES CERO-GRUPO VERDE-PARTIDO CASTELLANO-TIERRA COMUNERA - RECORTES CERO-GV-PCAS-TC,147,0,Ministerio del Interior / portal oficial de datos abiertos,PRIMARY_OFFICIAL
2019A,2019-04-28,49 - Zamora,SOM VALENCIANS EN MOVIMENT - UIG-SOM-CUIDES,0,0,Ministerio del Interior / portal oficial de datos abiertos,PRIMARY_OFFICIAL
2019A,2019-04-28,49 - Zamora,SOMOS REGIÓN - SOMOS REGIÓ,0,0,Ministerio del Interior / portal oficial de datos abiertos,PRIMARY_OFFICIAL
2019A,2019-04-28,49 - Zamora,UNIDAS PODEMOS - PODEMOS-EUPV,0,0,Ministerio del Interior / portal oficial de datos abiertos,PRIMARY_OFFICIAL
2019A,2019-04-28,49 - Zamora,UNIDAS PODEMOS - PODEMOS-IU LV CA-EQUO,0,0,Ministerio del Interior / portal oficial de datos abiertos,PRIMARY_OFFICIAL
2019A,2019-04-28,49 - Zamora,UNIDAS PODEMOS - PODEMOS-IU-EQUO,9187,0,Ministerio del Interior / portal oficial de datos abiertos,PRIMARY_OFFICIAL
2019A,2019-04-28,49 - Zamora,UNIDAS PODEMOS - PODEMOS-IU-EQUO-BATZARRE,0,0,Ministerio del Interior / portal oficial de datos abiertos,PRIMARY_OFFICIAL
2019A,2019-04-28,49 - Zamora,UNIDAS PODEMOS-ALTOARAGÓN EN COMÚN - PODEMOS-IU-,0,0,Ministerio del Interior / portal oficial de datos abiertos,PRIMARY_OFFICIAL
2019A,2019-04-28,49 - Zamora,UNIDAS PODEMOS-UNIDES PODEM - PODEMOS-EUIB,0,0,Ministerio del Interior / portal oficial de datos abiertos,PRIMARY_OFFICIAL
2019A,2019-04-28,49 - Zamora,UNIDAS PODEMOS-XUNIES PODEMOS - PODEMOS-IX-EQUO,0,0,Ministerio del Interior / portal oficial de datos abiertos,PRIMARY_OFFICIAL
2019A,2019-04-28,49 - Zamora,UNIÓN DE TODOS - UDT,0,0,Ministerio del Interior / portal oficial de datos abiertos,PRIMARY_OFFICIAL
2019A,2019-04-28,49 - Zamora,UNIÓN REGIONALISTA DE CASTILLA Y LEÓN - UNIÓN REGIO,0,0,Ministerio del Interior / portal oficial de datos abiertos,PRIMARY_OFFICIAL
2019A,2019-04-28,49 - Zamora,VIVIR OURENSE - VOU,0,0,Ministerio del Interior / portal oficial de datos abiertos,PRIMARY_OFFICIAL
2019A,2019-04-28,49 - Zamora,VOX - VOX,12887,0,Ministerio del Interior / portal oficial de datos abiertos,PRIMARY_OFFICIAL
2019A,2019-04-28,49 - Zamora,Veus PROGRESSISTES - ARA-MES-ESQUERRA,0,0,Ministerio del Interior / portal oficial de datos abiertos,PRIMARY_OFFICIAL
2019A,2019-04-28,5 - Ávila,ACTÚA - PACT,347,0,Ministerio del Interior / portal oficial de datos abiertos,PRIMARY_OFFICIAL
2019A,2019-04-28,5 - Ávila,AHORA CANARIAS: Alternativa Nacionalista Canaria ANC y Unidad del Pueblo - AHORA CANARIAS,0,0,Ministerio del Interior / portal oficial de datos abiertos,PRIMARY_OFFICIAL
2019A,2019-04-28,5 - Ávila,ANDALUCÍA POR SÍ - AxSI,0,0,Ministerio del Interior / portal oficial de datos abiertos,PRIMARY_OFFICIAL
2019A,2019-04-28,5 - Ávila,ANDECHA ASTUR - ANDECHA ASTUR,0,0,Ministerio del Interior / portal oficial de datos abiertos,PRIMARY_OFFICIAL
2019A,2019-04-28,5 - Ávila,AVANT ADELANTE LOS VERDES - AVANT ADELANTE LOS VERDES,0,0,Ministerio del Interior / portal oficial de datos abiertos,PRIMARY_OFFICIAL
2019A,2019-04-28,5 - Ávila,BLOQUE NACIONALISTA GALEGO - BNG,0,0,Ministerio del Interior / portal oficial de datos abiertos,PRIMARY_OFFICIAL
2019A,2019-04-28,5 - Ávila,CENTRADOS - centrados,0,0,Ministerio del Interior / portal oficial de datos abiertos,PRIMARY_OFFICIAL
2019A,2019-04-28,5 - Ávila,CIUDADANOS INDEPENDIENTES DE LINARES UNIDOS - CILU-LINARES,0,0,Ministerio del Interior / portal oficial de datos abiertos,PRIMARY_OFFICIAL
2019A,2019-04-28,5 - Ávila,CIUDADANOS-PARTIDO DE LA CIUDADANÍA - Cs,19102,1,Ministerio del Interior / portal oficial de datos abiertos,PRIMARY_OFFICIAL
2019A,2019-04-28,5 - Ávila,CIUTADANS-PARTIDO DE LA CIUDADANÍA - Cs,0,0,Ministerio del Interior / portal oficial de datos abiertos,PRIMARY_OFFICIAL
2019A,2019-04-28,5 - Ávila,COALICION CANARIA-PARTIDO NACIONALISTA CANARIO - CCa-PNC,0,0,Ministerio del Interior / portal oficial de datos abiertos,PRIMARY_OFFICIAL
2019A,2019-04-28,5 - Ávila,COALICION POR MELILLA - CpM,0,0,Ministerio del Interior / portal oficial de datos abiertos,PRIMARY_OFFICIAL
2019A,2019-04-28,5 - Ávila,COMPROMISO POR GALICIA - CxG,0,0,Ministerio del Interior / portal oficial de datos abiertos,PRIMARY_OFFICIAL
2019A,2019-04-28,5 - Ávila,COMPROMÍS: BLOC-INICIATIVA-VERDSEQUO - COMPROMÍS 2,0,0,Ministerio del Interior / portal oficial de datos abiertos,PRIMARY_OFFICIAL
2019A,2019-04-28,5 - Ávila,CONVERGENTS - CNV,0,0,Ministerio del Interior / portal oficial de datos abiertos,PRIMARY_OFFICIAL
2019A,2019-04-28,5 - Ávila,CONVERXENCIA 21 - C 21,0,0,Ministerio del Interior / portal oficial de datos abiertos,PRIMARY_OFFICIAL
2019A,2019-04-28,5 - Ávila,DEFENSA DE LO PÚBLICO - DP,0,0,Ministerio del Interior / portal oficial de datos abiertos,PRIMARY_OFFICIAL
2019A,2019-04-28,5 - Ávila,DEMOCRACIA PLURAL - DPL,0,0,Ministerio del Interior / portal oficial de datos abiertos,PRIMARY_OFFICIAL
2019A,2019-04-28,5 - Ávila,EL PI - PROPOSTA PER LES ILLES BALEARS - EL PI,0,0,Ministerio del Interior / portal oficial de datos abiertos,PRIMARY_OFFICIAL
2019A,2019-04-28,5 - Ávila,ELKARREKIN PODEMOS-UNIDAS PODEMOS - PODEMOS-IU-EQUO BERDEAK,0,0,Ministerio del Interior / portal oficial de datos abiertos,PRIMARY_OFFICIAL
2019A,2019-04-28,5 - Ávila,EN COMÚ PODEM - GUANYEM EL CANVI - ECP-GUANYEM,0,0,Ministerio del Interior / portal oficial de datos abiertos,PRIMARY_OFFICIAL
2019A,2019-04-28,5 - Ávila,EN COMÚN-UNIDAS PODEMOS - PODEMOS-EU-,0,0,Ministerio del Interior / portal oficial de datos abiertos,PRIMARY_OFFICIAL
2019A,2019-04-28,5 - Ávila,EN MAREA - EN MAREA,0,0,Ministerio del Interior / portal oficial de datos abiertos,PRIMARY_OFFICIAL
2019A,2019-04-28,5 - Ávila,ESCANOS EN BRANCO - EB,0,0,Ministerio del Interior / portal oficial de datos abiertos,PRIMARY_OFFICIAL
2019A,2019-04-28,5 - Ávila,ESCAÑOS EN BLANCO - EB,0,0,Ministerio del Interior / portal oficial de datos abiertos,PRIMARY_OFFICIAL
2019A,2019-04-28,5 - Ávila,ESCAÑOS EN BLANCO-AULKI ZURIAK - EB,0,0,Ministerio del Interior / portal oficial de datos abiertos,PRIMARY_OFFICIAL
2019A,2019-04-28,5 - Ávila,ESQUERRA REPUBLICANA DE CATALUNYA-SOBIRANISTES - ERC-SOBIRANISTES,0,0,Ministerio del Interior / portal oficial de datos abiertos,PRIMARY_OFFICIAL
2019A,2019-04-28,5 - Ávila,ESQUERRA REPUBLICANA DEL PAÍS VALENCIÀ - ERPV,0,0,Ministerio del Interior / portal oficial de datos abiertos,PRIMARY_OFFICIAL
2019A,2019-04-28,5 - Ávila,EUSKADIKO LANGILEEN ALDERDI KOMUNISTA/PARTIDO COMUNISTA DE LOS TRABAJADORES DE EUSKADI - ELAK/PCTE,0,0,Ministerio del Interior / portal oficial de datos abiertos,PRIMARY_OFFICIAL
2019A,2019-04-28,5 - Ávila,EUSKAL HERRIA BILDU - EH Bildu,0,0,Ministerio del Interior / portal oficial de datos abiertos,PRIMARY_OFFICIAL
2019A,2019-04-28,5 - Ávila,EUZKO ALDERDI JELTZALEA-PARTIDO NACIONALISTA VASCO - EAJ-PNV,0,0,Ministerio del Interior / portal oficial de datos abiertos,PRIMARY_OFFICIAL
2019A,2019-04-28,5 - Ávila,EXTREMEÑOS PREX CREX - C.Ex-C.R.Ex,0,0,Ministerio del Interior / portal oficial de datos abiertos,PRIMARY_OFFICIAL
2019A,2019-04-28,5 - Ávila,FALANGE ESPAÑOLA DE LAS JONS - FE de las J,96,0,Ministerio del Interior / portal oficial de datos abiertos,PRIMARY_OFFICIAL
2019A,2019-04-28,5 - Ávila,FEDERACION DE LOS INDEPENDIENTES DE ARAGON - FIA,0,0,Ministerio del Interior / portal oficial de datos abiertos,PRIMARY_OFFICIAL
2019A,2019-04-28,5 - Ávila,FEMINISM8 - F8,0,0,Ministerio del Interior / portal oficial de datos abiertos,PRIMARY_OFFICIAL
2019A,2019-04-28,5 - Ávila,GEROA BAI - GBAI,0,0,Ministerio del Interior / portal oficial de datos abiertos,PRIMARY_OFFICIAL
2019A,2019-04-28,5 - Ávila,IZQUIERDA ANTICAPITALISTA REVOLUCIONARIA - IZAR,0,0,Ministerio del Interior / portal oficial de datos abiertos,PRIMARY_OFFICIAL
2019A,2019-04-28,5 - Ávila,IZQUIERDA EN POSITIVO - IZQP,0,0,Ministerio del Interior / portal oficial de datos abiertos,PRIMARY_OFFICIAL
2019A,2019-04-28,5 - Ávila,JUNTS PER CATALUNYA-JUNTS - JxCAT-JUNTS,0,0,Ministerio del Interior / portal oficial de datos abiertos,PRIMARY_OFFICIAL
2019A,2019-04-28,5 - Ávila,LOS VERDES ECOPACIFISTAS ADELANTE - AVANT-LOS VERDES,0,0,Ministerio del Interior / portal oficial de datos abiertos,PRIMARY_OFFICIAL
2019A,2019-04-28,5 - Ávila,MUERTE AL SISTEMA - +MAS+,0,0,Ministerio del Interior / portal oficial de datos abiertos,PRIMARY_OFFICIAL
2019A,2019-04-28,5 - Ávila,NAVARRA SUMA - NA+,0,0,Ministerio del Interior / portal oficial de datos abiertos,PRIMARY_OFFICIAL
2019A,2019-04-28,5 - Ávila,NUEVA CANARIAS - NCa,0,0,Ministerio del Interior / portal oficial de datos abiertos,PRIMARY_OFFICIAL
2019A,2019-04-28,5 - Ávila,PARTIDO ANIMALISTA CONTRA EL MALTRATO ANIMAL - PACMA,673,0,Ministerio del Interior / portal oficial de datos abiertos,PRIMARY_OFFICIAL
2019A,2019-04-28,5 - Ávila,PARTIDO COMUNISTA DE LOS PUEBLOS DE ESPAÑA - PCPE,0,0,Ministerio del Interior / portal oficial de datos abiertos,PRIMARY_OFFICIAL
2019A,2019-04-28,5 - Ávila,PARTIDO COMUNISTA DE LOS TRABAJADORES DE ESPAÑA - PCTE,0,0,Ministerio del Interior / portal oficial de datos abiertos,PRIMARY_OFFICIAL
2019A,2019-04-28,5 - Ávila,PARTIDO COMUNISTA DE LOS TRABAJADORES DE EUSKADI/EUSKADIKO LANGILEEN ALDERDI KOMUNISTA - PCTE/ELAK,0,0,Ministerio del Interior / portal oficial de datos abiertos,PRIMARY_OFFICIAL
2019A,2019-04-28,5 - Ávila,PARTIDO COMUNISTA DEL PUEBLO ANDALUZ - PCPA,0,0,Ministerio del Interior / portal oficial de datos abiertos,PRIMARY_OFFICIAL
2019A,2019-04-28,5 - Ávila,PARTIDO COMUNISTA DEL PUEBLO CANARIO - PCPC,0,0,Ministerio del Interior / portal oficial de datos abiertos,PRIMARY_OFFICIAL
2019A,2019-04-28,5 - Ávila,PARTIDO COMUNISTA DOS TRABALLADORES DE GALIZA - PCTG,0,0,Ministerio del Interior / portal oficial de datos abiertos,PRIMARY_OFFICIAL
2019A,2019-04-28,5 - Ávila,PARTIDO COMUNISTA OBRERO ESPAÑOL - PCOE,0,0,Ministerio del Interior / portal oficial de datos abiertos,PRIMARY_OFFICIAL
2019A,2019-04-28,5 - Ávila,PARTIDO DE ACCIÓN SOLIDARIA EUROPEA - SOLIDARIA,0,0,Ministerio del Interior / portal oficial de datos abiertos,PRIMARY_OFFICIAL
2019A,2019-04-28,5 - Ávila,"PARTIDO DE JUBILADOS POR EL FUTURO. DIGNIDAD Y DEMOCRACIA - ""JF""",0,0,Ministerio del Interior / portal oficial de datos abiertos,PRIMARY_OFFICIAL
2019A,2019-04-28,5 - Ávila,PARTIDO DEMÓCRATA SOCIAL JUBILADOS EUROPEOS - UNID - PDSJE-UDEC,0,0,Ministerio del Interior / portal oficial de datos abiertos,PRIMARY_OFFICIAL
2019A,2019-04-28,5 - Ávila,PARTIDO DOS SOCIALISTAS DE GALICIA-PARTIDO SOCIALI - PSdeG-PSOE,0,0,Ministerio del Interior / portal oficial de datos abiertos,PRIMARY_OFFICIAL
2019A,2019-04-28,5 - Ávila,PARTIDO HUMANISTA - PH,0,0,Ministerio del Interior / portal oficial de datos abiertos,PRIMARY_OFFICIAL
2019A,2019-04-28,5 - Ávila,PARTIDO LIBERTARIO - P-LIB,0,0,Ministerio del Interior / portal oficial de datos abiertos,PRIMARY_OFFICIAL
2019A,2019-04-28,5 - Ávila,PARTIDO POPULAR - FORO - PP-FORO,0,0,Ministerio del Interior / portal oficial de datos abiertos,PRIMARY_OFFICIAL
2019A,2019-04-28,5 - Ávila,PARTIDO POPULAR - PP,32001,1,Ministerio del Interior / portal oficial de datos abiertos,PRIMARY_OFFICIAL
2019A,2019-04-28,5 - Ávila,PARTIDO POPULAR/PARTIT POPULAR - PP,0,0,Ministerio del Interior / portal oficial de datos abiertos,PRIMARY_OFFICIAL
2019A,2019-04-28,5 - Ávila,PARTIDO REGIONALISTA DE CANTABRIA - PRC,0,0,Ministerio del Interior / portal oficial de datos abiertos,PRIMARY_OFFICIAL
2019A,2019-04-28,5 - Ávila,PARTIDO REGIONALISTA DEL PAIS LEONES - PREPAL,0,0,Ministerio del Interior / portal oficial de datos abiertos,PRIMARY_OFFICIAL
2019A,2019-04-28,5 - Ávila,PARTIDO REPUBLICANO INDEPENDIENTE SOLIDARIO ANDALUZ - RISA,0,0,Ministerio del Interior / portal oficial de datos abiertos,PRIMARY_OFFICIAL
2019A,2019-04-28,5 - Ávila,PARTIDO RIOJANO - PR+,0,0,Ministerio del Interior / portal oficial de datos abiertos,PRIMARY_OFFICIAL
2019A,2019-04-28,5 - Ávila,PARTIDO SOCIALISTA DE EUSKADI-EUSKADIKO EZKERRA (PSOE) - PSE-EE (PSOE),0,0,Ministerio del Interior / portal oficial de datos abiertos,PRIMARY_OFFICIAL
2019A,2019-04-28,5 - Ávila,PARTIDO SOCIALISTA OBRERO ESPAÑOL - PSOE,26503,1,Ministerio del Interior / portal oficial de datos abiertos,PRIMARY_OFFICIAL
2019A,2019-04-28,5 - Ávila,PARTIT ANIMALISTA CONTRA EL MALTRACTAMENT ANIMAL - PACMA,0,0,Ministerio del Interior / portal oficial de datos abiertos,PRIMARY_OFFICIAL
2019A,2019-04-28,5 - Ávila,PARTIT COMUNISTA DEL POBLE DE CATALUNYA - PCPC,0,0,Ministerio del Interior / portal oficial de datos abiertos,PRIMARY_OFFICIAL
2019A,2019-04-28,5 - Ávila,PARTIT COMUNISTA DELS POBLES D'ESPANYA - PCPE,0,0,Ministerio del Interior / portal oficial de datos abiertos,PRIMARY_OFFICIAL
2019A,2019-04-28,5 - Ávila,PARTIT COMUNISTA DELS TREBALLADORS DE CATALUNYA - PCTC,0,0,Ministerio del Interior / portal oficial de datos abiertos,PRIMARY_OFFICIAL
2019A,2019-04-28,5 - Ávila,PARTIT DELS SOCIALISTES DE CATALUNYA (PSC-PSOE) - PSC,0,0,Ministerio del Interior / portal oficial de datos abiertos,PRIMARY_OFFICIAL
2019A,2019-04-28,5 - Ávila,PARTIT POPULAR-PARTIDO POPULAR - PP,0,0,Ministerio del Interior / portal oficial de datos abiertos,PRIMARY_OFFICIAL
2019A,2019-04-28,5 - Ávila,PARTIT SOCIALISTA OBRER ESPANYOL - PSOE,0,0,Ministerio del Interior / portal oficial de datos abiertos,PRIMARY_OFFICIAL
2019A,2019-04-28,5 - Ávila,PER UN MÓN MÉS JUST - PUM+J,0,0,Ministerio del Interior / portal oficial de datos abiertos,PRIMARY_OFFICIAL
2019A,2019-04-28,5 - Ávila,PLATAFORMA DEL PUEBLO SORIANO - PPSO,0,0,Ministerio del Interior / portal oficial de datos abiertos,PRIMARY_OFFICIAL
2019A,2019-04-28,5 - Ávila,POBLE LLIURE - SOM ALTERNATIVA - PIRATES DE CATALU - FRONT REPUB,0,0,Ministerio del Interior / portal oficial de datos abiertos,PRIMARY_OFFICIAL
2019A,2019-04-28,5 - Ávila,POR UN MUNDO MÁS JUSTO (BIDEZKO MUNDURANTZ) - PUM+J,0,0,Ministerio del Interior / portal oficial de datos abiertos,PRIMARY_OFFICIAL
2019A,2019-04-28,5 - Ávila,POR UN MUNDO MÁS JUSTO - PUM+J,113,0,Ministerio del Interior / portal oficial de datos abiertos,PRIMARY_OFFICIAL
2019A,2019-04-28,5 - Ávila,PUYALON - PYLN,0,0,Ministerio del Interior / portal oficial de datos abiertos,PRIMARY_OFFICIAL
2019A,2019-04-28,5 - Ávila,RECORTES CERO-GRUPO VERDE - RECORTES CERO-GV,0,0,Ministerio del Interior / portal oficial de datos abiertos,PRIMARY_OFFICIAL
2019A,2019-04-28,5 - Ávila,RECORTES CERO-GRUPO VERDE-PARTIDO CASTELLANO-TIERRA COMUNERA - RECORTES CERO-GV-PCAS-TC,169,0,Ministerio del Interior / portal oficial de datos abiertos,PRIMARY_OFFICIAL
2019A,2019-04-28,5 - Ávila,SOM VALENCIANS EN MOVIMENT - UIG-SOM-CUIDES,0,0,Ministerio del Interior / portal oficial de datos abiertos,PRIMARY_OFFICIAL
2019A,2019-04-28,5 - Ávila,SOMOS REGIÓN - SOMOS REGIÓ,0,0,Ministerio del Interior / portal oficial de datos abiertos,PRIMARY_OFFICIAL
2019A,2019-04-28,5 - Ávila,UNIDAS PODEMOS - PODEMOS-EUPV,0,0,Ministerio del Interior / portal oficial de datos abiertos,PRIMARY_OFFICIAL
2019A,2019-04-28,5 - Ávila,UNIDAS PODEMOS - PODEMOS-IU LV CA-EQUO,0,0,Ministerio del Interior / portal oficial de datos abiertos,PRIMARY_OFFICIAL
2019A,2019-04-28,5 - Ávila,UNIDAS PODEMOS - PODEMOS-IU-EQUO,7730,0,Ministerio del Interior / portal oficial de datos abiertos,PRIMARY_OFFICIAL
2019A,2019-04-28,5 - Ávila,UNIDAS PODEMOS - PODEMOS-IU-EQUO-BATZARRE,0,0,Ministerio del Interior / portal oficial de datos abiertos,PRIMARY_OFFICIAL
2019A,2019-04-28,5 - Ávila,UNIDAS PODEMOS-ALTOARAGÓN EN COMÚN - PODEMOS-IU-,0,0,Ministerio del Interior / portal oficial de datos abiertos,PRIMARY_OFFICIAL
2019A,2019-04-28,5 - Ávila,UNIDAS PODEMOS-UNIDES PODEM - PODEMOS-EUIB,0,0,Ministerio del Interior / portal oficial de datos abiertos,PRIMARY_OFFICIAL
2019A,2019-04-28,5 - Ávila,UNIDAS PODEMOS-XUNIES PODEMOS - PODEMOS-IX-EQUO,0,0,Ministerio del Interior / portal oficial de datos abiertos,PRIMARY_OFFICIAL
2019A,2019-04-28,5 - Ávila,UNIÓN DE TODOS - UDT,0,0,Ministerio del Interior / portal oficial de datos abiertos,PRIMARY_OFFICIAL
2019A,2019-04-28,5 - Ávila,UNIÓN REGIONALISTA DE CASTILLA Y LEÓN - UNIÓN REGIO,0,0,Ministerio del Interior / portal oficial de datos abiertos,PRIMARY_OFFICIAL
2019A,2019-04-28,5 - Ávila,VIVIR OURENSE - VOU,0,0,Ministerio del Interior / portal oficial de datos abiertos,PRIMARY_OFFICIAL
2019A,2019-04-28,5 - Ávila,VOX - VOX,14623,0,Ministerio del Interior / portal oficial de datos abiertos,PRIMARY_OFFICIAL
2019A,2019-04-28,5 - Ávila,Veus PROGRESSISTES - ARA-MES-ESQUERRA,0,0,Ministerio del Interior / portal oficial de datos abiertos,PRIMARY_OFFICIAL
2019A,2019-04-28,50 - Zaragoza,ACTÚA - PACT,0,0,Ministerio del Interior / portal oficial de datos abiertos,PRIMARY_OFFICIAL
2019A,2019-04-28,50 - Zaragoza,AHORA CANARIAS: Alternativa Nacionalista Canaria ANC y Unidad del Pueblo - AHORA CANARIAS,0,0,Ministerio del Interior / portal oficial de datos abiertos,PRIMARY_OFFICIAL
2019A,2019-04-28,50 - Zaragoza,ANDALUCÍA POR SÍ - AxSI,0,0,Ministerio del Interior / portal oficial de datos abiertos,PRIMARY_OFFICIAL
2019A,2019-04-28,50 - Zaragoza,ANDECHA ASTUR - ANDECHA ASTUR,0,0,Ministerio del Interior / portal oficial de datos abiertos,PRIMARY_OFFICIAL
2019A,2019-04-28,50 - Zaragoza,AVANT ADELANTE LOS VERDES - AVANT ADELANTE LOS VERDES,0,0,Ministerio del Interior / portal oficial de datos abiertos,PRIMARY_OFFICIAL
2019A,2019-04-28,50 - Zaragoza,BLOQUE NACIONALISTA GALEGO - BNG,0,0,Ministerio del Interior / portal oficial de datos abiertos,PRIMARY_OFFICIAL
2019A,2019-04-28,50 - Zaragoza,CENTRADOS - centrados,0,0,Ministerio del Interior / portal oficial de datos abiertos,PRIMARY_OFFICIAL
2019A,2019-04-28,50 - Zaragoza,CIUDADANOS INDEPENDIENTES DE LINARES UNIDOS - CILU-LINARES,0,0,Ministerio del Interior / portal oficial de datos abiertos,PRIMARY_OFFICIAL
2019A,2019-04-28,50 - Zaragoza,CIUDADANOS-PARTIDO DE LA CIUDADANÍA - Cs,115651,1,Ministerio del Interior / portal oficial de datos abiertos,PRIMARY_OFFICIAL
2019A,2019-04-28,50 - Zaragoza,CIUTADANS-PARTIDO DE LA CIUDADANÍA - Cs,0,0,Ministerio del Interior / portal oficial de datos abiertos,PRIMARY_OFFICIAL
2019A,2019-04-28,50 - Zaragoza,COALICION CANARIA-PARTIDO NACIONALISTA CANARIO - CCa-PNC,0,0,Ministerio del Interior / portal oficial de datos abiertos,PRIMARY_OFFICIAL
2019A,2019-04-28,50 - Zaragoza,COALICION POR MELILLA - CpM,0,0,Ministerio del Interior / portal oficial de datos abiertos,PRIMARY_OFFICIAL
2019A,2019-04-28,50 - Zaragoza,COMPROMISO POR GALICIA - CxG,0,0,Ministerio del Interior / portal oficial de datos abiertos,PRIMARY_OFFICIAL
2019A,2019-04-28,50 - Zaragoza,COMPROMÍS: BLOC-INICIATIVA-VERDSEQUO - COMPROMÍS 2,0,0,Ministerio del Interior / portal oficial de datos abiertos,PRIMARY_OFFICIAL
2019A,2019-04-28,50 - Zaragoza,CONVERGENTS - CNV,0,0,Ministerio del Interior / portal oficial de datos abiertos,PRIMARY_OFFICIAL
2019A,2019-04-28,50 - Zaragoza,CONVERXENCIA 21 - C 21,0,0,Ministerio del Interior / portal oficial de datos abiertos,PRIMARY_OFFICIAL
2019A,2019-04-28,50 - Zaragoza,DEFENSA DE LO PÚBLICO - DP,0,0,Ministerio del Interior / portal oficial de datos abiertos,PRIMARY_OFFICIAL
2019A,2019-04-28,50 - Zaragoza,DEMOCRACIA PLURAL - DPL,0,0,Ministerio del Interior / portal oficial de datos abiertos,PRIMARY_OFFICIAL
2019A,2019-04-28,50 - Zaragoza,EL PI - PROPOSTA PER LES ILLES BALEARS - EL PI,0,0,Ministerio del Interior / portal oficial de datos abiertos,PRIMARY_OFFICIAL
2019A,2019-04-28,50 - Zaragoza,ELKARREKIN PODEMOS-UNIDAS PODEMOS - PODEMOS-IU-EQUO BERDEAK,0,0,Ministerio del Interior / portal oficial de datos abiertos,PRIMARY_OFFICIAL
2019A,2019-04-28,50 - Zaragoza,EN COMÚ PODEM - GUANYEM EL CANVI - ECP-GUANYEM,0,0,Ministerio del Interior / portal oficial de datos abiertos,PRIMARY_OFFICIAL
2019A,2019-04-28,50 - Zaragoza,EN COMÚN-UNIDAS PODEMOS - PODEMOS-EU-,0,0,Ministerio del Interior / portal oficial de datos abiertos,PRIMARY_OFFICIAL
2019A,2019-04-28,50 - Zaragoza,EN MAREA - EN MAREA,0,0,Ministerio del Interior / portal oficial de datos abiertos,PRIMARY_OFFICIAL
2019A,2019-04-28,50 - Zaragoza,ESCANOS EN BRANCO - EB,0,0,Ministerio del Interior / portal oficial de datos abiertos,PRIMARY_OFFICIAL
2019A,2019-04-28,50 - Zaragoza,ESCAÑOS EN BLANCO - EB,2626,0,Ministerio del Interior / portal oficial de datos abiertos,PRIMARY_OFFICIAL
2019A,2019-04-28,50 - Zaragoza,ESCAÑOS EN BLANCO-AULKI ZURIAK - EB,0,0,Ministerio del Interior / portal oficial de datos abiertos,PRIMARY_OFFICIAL
2019A,2019-04-28,50 - Zaragoza,ESQUERRA REPUBLICANA DE CATALUNYA-SOBIRANISTES - ERC-SOBIRANISTES,0,0,Ministerio del Interior / portal oficial de datos abiertos,PRIMARY_OFFICIAL
2019A,2019-04-28,50 - Zaragoza,ESQUERRA REPUBLICANA DEL PAÍS VALENCIÀ - ERPV,0,0,Ministerio del Interior / portal oficial de datos abiertos,PRIMARY_OFFICIAL
2019A,2019-04-28,50 - Zaragoza,EUSKADIKO LANGILEEN ALDERDI KOMUNISTA/PARTIDO COMUNISTA DE LOS TRABAJADORES DE EUSKADI - ELAK/PCTE,0,0,Ministerio del Interior / portal oficial de datos abiertos,PRIMARY_OFFICIAL
2019A,2019-04-28,50 - Zaragoza,EUSKAL HERRIA BILDU - EH Bildu,0,0,Ministerio del Interior / portal oficial de datos abiertos,PRIMARY_OFFICIAL
2019A,2019-04-28,50 - Zaragoza,EUZKO ALDERDI JELTZALEA-PARTIDO NACIONALISTA VASCO - EAJ-PNV,0,0,Ministerio del Interior / portal oficial de datos abiertos,PRIMARY_OFFICIAL
2019A,2019-04-28,50 - Zaragoza,EXTREMEÑOS PREX CREX - C.Ex-C.R.Ex,0,0,Ministerio del Interior / portal oficial de datos abiertos,PRIMARY_OFFICIAL
2019A,2019-04-28,50 - Zaragoza,FALANGE ESPAÑOLA DE LAS JONS - FE de las J,0,0,Ministerio del Interior / portal oficial de datos abiertos,PRIMARY_OFFICIAL
2019A,2019-04-28,50 - Zaragoza,FEDERACION DE LOS INDEPENDIENTES DE ARAGON - FIA,658,0,Ministerio del Interior / portal oficial de datos abiertos,PRIMARY_OFFICIAL
2019A,2019-04-28,50 - Zaragoza,FEMINISM8 - F8,0,0,Ministerio del Interior / portal oficial de datos abiertos,PRIMARY_OFFICIAL
2019A,2019-04-28,50 - Zaragoza,GEROA BAI - GBAI,0,0,Ministerio del Interior / portal oficial de datos abiertos,PRIMARY_OFFICIAL
2019A,2019-04-28,50 - Zaragoza,IZQUIERDA ANTICAPITALISTA REVOLUCIONARIA - IZAR,0,0,Ministerio del Interior / portal oficial de datos abiertos,PRIMARY_OFFICIAL
2019A,2019-04-28,50 - Zaragoza,IZQUIERDA EN POSITIVO - IZQP,0,0,Ministerio del Interior / portal oficial de datos abiertos,PRIMARY_OFFICIAL
2019A,2019-04-28,50 - Zaragoza,JUNTS PER CATALUNYA-JUNTS - JxCAT-JUNTS,0,0,Ministerio del Interior / portal oficial de datos abiertos,PRIMARY_OFFICIAL
2019A,2019-04-28,50 - Zaragoza,LOS VERDES ECOPACIFISTAS ADELANTE - AVANT-LOS VERDES,0,0,Ministerio del Interior / portal oficial de datos abiertos,PRIMARY_OFFICIAL
2019A,2019-04-28,50 - Zaragoza,MUERTE AL SISTEMA - +MAS+,0,0,Ministerio del Interior / portal oficial de datos abiertos,PRIMARY_OFFICIAL
2019A,2019-04-28,50 - Zaragoza,NAVARRA SUMA - NA+,0,0,Ministerio del Interior / portal oficial de datos abiertos,PRIMARY_OFFICIAL
2019A,2019-04-28,50 - Zaragoza,NUEVA CANARIAS - NCa,0,0,Ministerio del Interior / portal oficial de datos abiertos,PRIMARY_OFFICIAL
2019A,2019-04-28,50 - Zaragoza,PARTIDO ANIMALISTA CONTRA EL MALTRATO ANIMAL - PACMA,5469,0,Ministerio del Interior / portal oficial de datos abiertos,PRIMARY_OFFICIAL
2019A,2019-04-28,50 - Zaragoza,PARTIDO COMUNISTA DE LOS PUEBLOS DE ESPAÑA - PCPE,453,0,Ministerio del Interior / portal oficial de datos abiertos,PRIMARY_OFFICIAL
2019A,2019-04-28,50 - Zaragoza,PARTIDO COMUNISTA DE LOS TRABAJADORES DE ESPAÑA - PCTE,589,0,Ministerio del Interior / portal oficial de datos abiertos,PRIMARY_OFFICIAL
2019A,2019-04-28,50 - Zaragoza,PARTIDO COMUNISTA DE LOS TRABAJADORES DE EUSKADI/EUSKADIKO LANGILEEN ALDERDI KOMUNISTA - PCTE/ELAK,0,0,Ministerio del Interior / portal oficial de datos abiertos,PRIMARY_OFFICIAL
2019A,2019-04-28,50 - Zaragoza,PARTIDO COMUNISTA DEL PUEBLO ANDALUZ - PCPA,0,0,Ministerio del Interior / portal oficial de datos abiertos,PRIMARY_OFFICIAL
2019A,2019-04-28,50 - Zaragoza,PARTIDO COMUNISTA DEL PUEBLO CANARIO - PCPC,0,0,Ministerio del Interior / portal oficial de datos abiertos,PRIMARY_OFFICIAL
2019A,2019-04-28,50 - Zaragoza,PARTIDO COMUNISTA DOS TRABALLADORES DE GALIZA - PCTG,0,0,Ministerio del Interior / portal oficial de datos abiertos,PRIMARY_OFFICIAL
2019A,2019-04-28,50 - Zaragoza,PARTIDO COMUNISTA OBRERO ESPAÑOL - PCOE,0,0,Ministerio del Interior / portal oficial de datos abiertos,PRIMARY_OFFICIAL
2019A,2019-04-28,50 - Zaragoza,PARTIDO DE ACCIÓN SOLIDARIA EUROPEA - SOLIDARIA,0,0,Ministerio del Interior / portal oficial de datos abiertos,PRIMARY_OFFICIAL
2019A,2019-04-28,50 - Zaragoza,"PARTIDO DE JUBILADOS POR EL FUTURO. DIGNIDAD Y DEMOCRACIA - ""JF""",0,0,Ministerio del Interior / portal oficial de datos abiertos,PRIMARY_OFFICIAL
2019A,2019-04-28,50 - Zaragoza,PARTIDO DEMÓCRATA SOCIAL JUBILADOS EUROPEOS - UNID - PDSJE-UDEC,0,0,Ministerio del Interior / portal oficial de datos abiertos,PRIMARY_OFFICIAL
2019A,2019-04-28,50 - Zaragoza,PARTIDO DOS SOCIALISTAS DE GALICIA-PARTIDO SOCIALI - PSdeG-PSOE,0,0,Ministerio del Interior / portal oficial de datos abiertos,PRIMARY_OFFICIAL
2019A,2019-04-28,50 - Zaragoza,PARTIDO HUMANISTA - PH,0,0,Ministerio del Interior / portal oficial de datos abiertos,PRIMARY_OFFICIAL
2019A,2019-04-28,50 - Zaragoza,PARTIDO LIBERTARIO - P-LIB,0,0,Ministerio del Interior / portal oficial de datos abiertos,PRIMARY_OFFICIAL
2019A,2019-04-28,50 - Zaragoza,PARTIDO POPULAR - FORO - PP-FORO,0,0,Ministerio del Interior / portal oficial de datos abiertos,PRIMARY_OFFICIAL
2019A,2019-04-28,50 - Zaragoza,PARTIDO POPULAR - PP,99527,1,Ministerio del Interior / portal oficial de datos abiertos,PRIMARY_OFFICIAL
2019A,2019-04-28,50 - Zaragoza,PARTIDO POPULAR/PARTIT POPULAR - PP,0,0,Ministerio del Interior / portal oficial de datos abiertos,PRIMARY_OFFICIAL
2019A,2019-04-28,50 - Zaragoza,PARTIDO REGIONALISTA DE CANTABRIA - PRC,0,0,Ministerio del Interior / portal oficial de datos abiertos,PRIMARY_OFFICIAL
2019A,2019-04-28,50 - Zaragoza,PARTIDO REGIONALISTA DEL PAIS LEONES - PREPAL,0,0,Ministerio del Interior / portal oficial de datos abiertos,PRIMARY_OFFICIAL
2019A,2019-04-28,50 - Zaragoza,PARTIDO REPUBLICANO INDEPENDIENTE SOLIDARIO ANDALUZ - RISA,0,0,Ministerio del Interior / portal oficial de datos abiertos,PRIMARY_OFFICIAL
2019A,2019-04-28,50 - Zaragoza,PARTIDO RIOJANO - PR+,0,0,Ministerio del Interior / portal oficial de datos abiertos,PRIMARY_OFFICIAL
2019A,2019-04-28,50 - Zaragoza,PARTIDO SOCIALISTA DE EUSKADI-EUSKADIKO EZKERRA (PSOE) - PSE-EE (PSOE),0,0,Ministerio del Interior / portal oficial de datos abiertos,PRIMARY_OFFICIAL
2019A,2019-04-28,50 - Zaragoza,PARTIDO SOCIALISTA OBRERO ESPAÑOL - PSOE,173557,3,Ministerio del Interior / portal oficial de datos abiertos,PRIMARY_OFFICIAL
2019A,2019-04-28,50 - Zaragoza,PARTIT ANIMALISTA CONTRA EL MALTRACTAMENT ANIMAL - PACMA,0,0,Ministerio del Interior / portal oficial de datos abiertos,PRIMARY_OFFICIAL
2019A,2019-04-28,50 - Zaragoza,PARTIT COMUNISTA DEL POBLE DE CATALUNYA - PCPC,0,0,Ministerio del Interior / portal oficial de datos abiertos,PRIMARY_OFFICIAL
2019A,2019-04-28,50 - Zaragoza,PARTIT COMUNISTA DELS POBLES D'ESPANYA - PCPE,0,0,Ministerio del Interior / portal oficial de datos abiertos,PRIMARY_OFFICIAL
2019A,2019-04-28,50 - Zaragoza,PARTIT COMUNISTA DELS TREBALLADORS DE CATALUNYA - PCTC,0,0,Ministerio del Interior / portal oficial de datos abiertos,PRIMARY_OFFICIAL
2019A,2019-04-28,50 - Zaragoza,PARTIT DELS SOCIALISTES DE CATALUNYA (PSC-PSOE) - PSC,0,0,Ministerio del Interior / portal oficial de datos abiertos,PRIMARY_OFFICIAL
2019A,2019-04-28,50 - Zaragoza,PARTIT POPULAR-PARTIDO POPULAR - PP,0,0,Ministerio del Interior / portal oficial de datos abiertos,PRIMARY_OFFICIAL
2019A,2019-04-28,50 - Zaragoza,PARTIT SOCIALISTA OBRER ESPANYOL - PSOE,0,0,Ministerio del Interior / portal oficial de datos abiertos,PRIMARY_OFFICIAL
2019A,2019-04-28,50 - Zaragoza,PER UN MÓN MÉS JUST - PUM+J,0,0,Ministerio del Interior / portal oficial de datos abiertos,PRIMARY_OFFICIAL
2019A,2019-04-28,50 - Zaragoza,PLATAFORMA DEL PUEBLO SORIANO - PPSO,0,0,Ministerio del Interior / portal oficial de datos abiertos,PRIMARY_OFFICIAL
2019A,2019-04-28,50 - Zaragoza,POBLE LLIURE - SOM ALTERNATIVA - PIRATES DE CATALU - FRONT REPUB,0,0,Ministerio del Interior / portal oficial de datos abiertos,PRIMARY_OFFICIAL
2019A,2019-04-28,50 - Zaragoza,POR UN MUNDO MÁS JUSTO (BIDEZKO MUNDURANTZ) - PUM+J,0,0,Ministerio del Interior / portal oficial de datos abiertos,PRIMARY_OFFICIAL
2019A,2019-04-28,50 - Zaragoza,POR UN MUNDO MÁS JUSTO - PUM+J,749,0,Ministerio del Interior / portal oficial de datos abiertos,PRIMARY_OFFICIAL
2019A,2019-04-28,50 - Zaragoza,PUYALON - PYLN,621,0,Ministerio del Interior / portal oficial de datos abiertos,PRIMARY_OFFICIAL
2019A,2019-04-28,50 - Zaragoza,RECORTES CERO-GRUPO VERDE - RECORTES CERO-GV,1428,0,Ministerio del Interior / portal oficial de datos abiertos,PRIMARY_OFFICIAL
2019A,2019-04-28,50 - Zaragoza,RECORTES CERO-GRUPO VERDE-PARTIDO CASTELLANO-TIERRA COMUNERA - RECORTES CERO-GV-PCAS-TC,0,0,Ministerio del Interior / portal oficial de datos abiertos,PRIMARY_OFFICIAL
2019A,2019-04-28,50 - Zaragoza,SOM VALENCIANS EN MOVIMENT - UIG-SOM-CUIDES,0,0,Ministerio del Interior / portal oficial de datos abiertos,PRIMARY_OFFICIAL
2019A,2019-04-28,50 - Zaragoza,SOMOS REGIÓN - SOMOS REGIÓ,0,0,Ministerio del Interior / portal oficial de datos abiertos,PRIMARY_OFFICIAL
2019A,2019-04-28,50 - Zaragoza,UNIDAS PODEMOS - PODEMOS-EUPV,0,0,Ministerio del Interior / portal oficial de datos abiertos,PRIMARY_OFFICIAL
2019A,2019-04-28,50 - Zaragoza,UNIDAS PODEMOS - PODEMOS-IU LV CA-EQUO,0,0,Ministerio del Interior / portal oficial de datos abiertos,PRIMARY_OFFICIAL
2019A,2019-04-28,50 - Zaragoza,UNIDAS PODEMOS - PODEMOS-IU-EQUO,77555,1,Ministerio del Interior / portal oficial de datos abiertos,PRIMARY_OFFICIAL
2019A,2019-04-28,50 - Zaragoza,UNIDAS PODEMOS - PODEMOS-IU-EQUO-BATZARRE,0,0,Ministerio del Interior / portal oficial de datos abiertos,PRIMARY_OFFICIAL
2019A,2019-04-28,50 - Zaragoza,UNIDAS PODEMOS-ALTOARAGÓN EN COMÚN - PODEMOS-IU-,0,0,Ministerio del Interior / portal oficial de datos abiertos,PRIMARY_OFFICIAL
2019A,2019-04-28,50 - Zaragoza,UNIDAS PODEMOS-UNIDES PODEM - PODEMOS-EUIB,0,0,Ministerio del Interior / portal oficial de datos abiertos,PRIMARY_OFFICIAL
2019A,2019-04-28,50 - Zaragoza,UNIDAS PODEMOS-XUNIES PODEMOS - PODEMOS-IX-EQUO,0,0,Ministerio del Interior / portal oficial de datos abiertos,PRIMARY_OFFICIAL
2019A,2019-04-28,50 - Zaragoza,UNIÓN DE TODOS - UDT,0,0,Ministerio del Interior / portal oficial de datos abiertos,PRIMARY_OFFICIAL
2019A,2019-04-28,50 - Zaragoza,UNIÓN REGIONALISTA DE CASTILLA Y LEÓN - UNIÓN REGIO,0,0,Ministerio del Interior / portal oficial de datos abiertos,PRIMARY_OFFICIAL
2019A,2019-04-28,50 - Zaragoza,VIVIR OURENSE - VOU,0,0,Ministerio del Interior / portal oficial de datos abiertos,PRIMARY_OFFICIAL
2019A,2019-04-28,50 - Zaragoza,VOX - VOX,70663,1,Ministerio del Interior / portal oficial de datos abiertos,PRIMARY_OFFICIAL
2019A,2019-04-28,50 - Zaragoza,Veus PROGRESSISTES - ARA-MES-ESQUERRA,0,0,Ministerio del Interior / portal oficial de datos abiertos,PRIMARY_OFFICIAL
2019A,2019-04-28,51 - Ceuta,ACTÚA - PACT,0,0,Ministerio del Interior / portal oficial de datos abiertos,PRIMARY_OFFICIAL
2019A,2019-04-28,51 - Ceuta,AHORA CANARIAS: Alternativa Nacionalista Canaria ANC y Unidad del Pueblo - AHORA CANARIAS,0,0,Ministerio del Interior / portal oficial de datos abiertos,PRIMARY_OFFICIAL
2019A,2019-04-28,51 - Ceuta,ANDALUCÍA POR SÍ - AxSI,0,0,Ministerio del Interior / portal oficial de datos abiertos,PRIMARY_OFFICIAL
2019A,2019-04-28,51 - Ceuta,ANDECHA ASTUR - ANDECHA ASTUR,0,0,Ministerio del Interior / portal oficial de datos abiertos,PRIMARY_OFFICIAL
2019A,2019-04-28,51 - Ceuta,AVANT ADELANTE LOS VERDES - AVANT ADELANTE LOS VERDES,0,0,Ministerio del Interior / portal oficial de datos abiertos,PRIMARY_OFFICIAL
2019A,2019-04-28,51 - Ceuta,BLOQUE NACIONALISTA GALEGO - BNG,0,0,Ministerio del Interior / portal oficial de datos abiertos,PRIMARY_OFFICIAL
2019A,2019-04-28,51 - Ceuta,CENTRADOS - centrados,0,0,Ministerio del Interior / portal oficial de datos abiertos,PRIMARY_OFFICIAL
2019A,2019-04-28,51 - Ceuta,CIUDADANOS INDEPENDIENTES DE LINARES UNIDOS - CILU-LINARES,0,0,Ministerio del Interior / portal oficial de datos abiertos,PRIMARY_OFFICIAL
2019A,2019-04-28,51 - Ceuta,CIUDADANOS-PARTIDO DE LA CIUDADANÍA - Cs,4546,0,Ministerio del Interior / portal oficial de datos abiertos,PRIMARY_OFFICIAL
2019A,2019-04-28,51 - Ceuta,CIUTADANS-PARTIDO DE LA CIUDADANÍA - Cs,0,0,Ministerio del Interior / portal oficial de datos abiertos,PRIMARY_OFFICIAL
2019A,2019-04-28,51 - Ceuta,COALICION CANARIA-PARTIDO NACIONALISTA CANARIO - CCa-PNC,0,0,Ministerio del Interior / portal oficial de datos abiertos,PRIMARY_OFFICIAL
2019A,2019-04-28,51 - Ceuta,COALICION POR MELILLA - CpM,0,0,Ministerio del Interior / portal oficial de datos abiertos,PRIMARY_OFFICIAL
2019A,2019-04-28,51 - Ceuta,COMPROMISO POR GALICIA - CxG,0,0,Ministerio del Interior / portal oficial de datos abiertos,PRIMARY_OFFICIAL
2019A,2019-04-28,51 - Ceuta,COMPROMÍS: BLOC-INICIATIVA-VERDSEQUO - COMPROMÍS 2,0,0,Ministerio del Interior / portal oficial de datos abiertos,PRIMARY_OFFICIAL
2019A,2019-04-28,51 - Ceuta,CONVERGENTS - CNV,0,0,Ministerio del Interior / portal oficial de datos abiertos,PRIMARY_OFFICIAL
2019A,2019-04-28,51 - Ceuta,CONVERXENCIA 21 - C 21,0,0,Ministerio del Interior / portal oficial de datos abiertos,PRIMARY_OFFICIAL
2019A,2019-04-28,51 - Ceuta,DEFENSA DE LO PÚBLICO - DP,0,0,Ministerio del Interior / portal oficial de datos abiertos,PRIMARY_OFFICIAL
2019A,2019-04-28,51 - Ceuta,DEMOCRACIA PLURAL - DPL,0,0,Ministerio del Interior / portal oficial de datos abiertos,PRIMARY_OFFICIAL
2019A,2019-04-28,51 - Ceuta,EL PI - PROPOSTA PER LES ILLES BALEARS - EL PI,0,0,Ministerio del Interior / portal oficial de datos abiertos,PRIMARY_OFFICIAL
2019A,2019-04-28,51 - Ceuta,ELKARREKIN PODEMOS-UNIDAS PODEMOS - PODEMOS-IU-EQUO BERDEAK,0,0,Ministerio del Interior / portal oficial de datos abiertos,PRIMARY_OFFICIAL
2019A,2019-04-28,51 - Ceuta,EN COMÚ PODEM - GUANYEM EL CANVI - ECP-GUANYEM,0,0,Ministerio del Interior / portal oficial de datos abiertos,PRIMARY_OFFICIAL
2019A,2019-04-28,51 - Ceuta,EN COMÚN-UNIDAS PODEMOS - PODEMOS-EU-,0,0,Ministerio del Interior / portal oficial de datos abiertos,PRIMARY_OFFICIAL
2019A,2019-04-28,51 - Ceuta,EN MAREA - EN MAREA,0,0,Ministerio del Interior / portal oficial de datos abiertos,PRIMARY_OFFICIAL
2019A,2019-04-28,51 - Ceuta,ESCANOS EN BRANCO - EB,0,0,Ministerio del Interior / portal oficial de datos abiertos,PRIMARY_OFFICIAL
2019A,2019-04-28,51 - Ceuta,ESCAÑOS EN BLANCO - EB,0,0,Ministerio del Interior / portal oficial de datos abiertos,PRIMARY_OFFICIAL
2019A,2019-04-28,51 - Ceuta,ESCAÑOS EN BLANCO-AULKI ZURIAK - EB,0,0,Ministerio del Interior / portal oficial de datos abiertos,PRIMARY_OFFICIAL
2019A,2019-04-28,51 - Ceuta,ESQUERRA REPUBLICANA DE CATALUNYA-SOBIRANISTES - ERC-SOBIRANISTES,0,0,Ministerio del Interior / portal oficial de datos abiertos,PRIMARY_OFFICIAL
2019A,2019-04-28,51 - Ceuta,ESQUERRA REPUBLICANA DEL PAÍS VALENCIÀ - ERPV,0,0,Ministerio del Interior / portal oficial de datos abiertos,PRIMARY_OFFICIAL
2019A,2019-04-28,51 - Ceuta,EUSKADIKO LANGILEEN ALDERDI KOMUNISTA/PARTIDO COMUNISTA DE LOS TRABAJADORES DE EUSKADI - ELAK/PCTE,0,0,Ministerio del Interior / portal oficial de datos abiertos,PRIMARY_OFFICIAL
2019A,2019-04-28,51 - Ceuta,EUSKAL HERRIA BILDU - EH Bildu,0,0,Ministerio del Interior / portal oficial de datos abiertos,PRIMARY_OFFICIAL
2019A,2019-04-28,51 - Ceuta,EUZKO ALDERDI JELTZALEA-PARTIDO NACIONALISTA VASCO - EAJ-PNV,0,0,Ministerio del Interior / portal oficial de datos abiertos,PRIMARY_OFFICIAL
2019A,2019-04-28,51 - Ceuta,EXTREMEÑOS PREX CREX - C.Ex-C.R.Ex,0,0,Ministerio del Interior / portal oficial de datos abiertos,PRIMARY_OFFICIAL
2019A,2019-04-28,51 - Ceuta,FALANGE ESPAÑOLA DE LAS JONS - FE de las J,0,0,Ministerio del Interior / portal oficial de datos abiertos,PRIMARY_OFFICIAL
2019A,2019-04-28,51 - Ceuta,FEDERACION DE LOS INDEPENDIENTES DE ARAGON - FIA,0,0,Ministerio del Interior / portal oficial de datos abiertos,PRIMARY_OFFICIAL
2019A,2019-04-28,51 - Ceuta,FEMINISM8 - F8,0,0,Ministerio del Interior / portal oficial de datos abiertos,PRIMARY_OFFICIAL
2019A,2019-04-28,51 - Ceuta,GEROA BAI - GBAI,0,0,Ministerio del Interior / portal oficial de datos abiertos,PRIMARY_OFFICIAL
2019A,2019-04-28,51 - Ceuta,IZQUIERDA ANTICAPITALISTA REVOLUCIONARIA - IZAR,0,0,Ministerio del Interior / portal oficial de datos abiertos,PRIMARY_OFFICIAL
2019A,2019-04-28,51 - Ceuta,IZQUIERDA EN POSITIVO - IZQP,0,0,Ministerio del Interior / portal oficial de datos abiertos,PRIMARY_OFFICIAL
2019A,2019-04-28,51 - Ceuta,JUNTS PER CATALUNYA-JUNTS - JxCAT-JUNTS,0,0,Ministerio del Interior / portal oficial de datos abiertos,PRIMARY_OFFICIAL
2019A,2019-04-28,51 - Ceuta,LOS VERDES ECOPACIFISTAS ADELANTE - AVANT-LOS VERDES,0,0,Ministerio del Interior / portal oficial de datos abiertos,PRIMARY_OFFICIAL
2019A,2019-04-28,51 - Ceuta,MUERTE AL SISTEMA - +MAS+,0,0,Ministerio del Interior / portal oficial de datos abiertos,PRIMARY_OFFICIAL
2019A,2019-04-28,51 - Ceuta,NAVARRA SUMA - NA+,0,0,Ministerio del Interior / portal oficial de datos abiertos,PRIMARY_OFFICIAL
2019A,2019-04-28,51 - Ceuta,NUEVA CANARIAS - NCa,0,0,Ministerio del Interior / portal oficial de datos abiertos,PRIMARY_OFFICIAL
2019A,2019-04-28,51 - Ceuta,PARTIDO ANIMALISTA CONTRA EL MALTRATO ANIMAL - PACMA,0,0,Ministerio del Interior / portal oficial de datos abiertos,PRIMARY_OFFICIAL
2019A,2019-04-28,51 - Ceuta,PARTIDO COMUNISTA DE LOS PUEBLOS DE ESPAÑA - PCPE,0,0,Ministerio del Interior / portal oficial de datos abiertos,PRIMARY_OFFICIAL
2019A,2019-04-28,51 - Ceuta,PARTIDO COMUNISTA DE LOS TRABAJADORES DE ESPAÑA - PCTE,0,0,Ministerio del Interior / portal oficial de datos abiertos,PRIMARY_OFFICIAL
2019A,2019-04-28,51 - Ceuta,PARTIDO COMUNISTA DE LOS TRABAJADORES DE EUSKADI/EUSKADIKO LANGILEEN ALDERDI KOMUNISTA - PCTE/ELAK,0,0,Ministerio del Interior / portal oficial de datos abiertos,PRIMARY_OFFICIAL
2019A,2019-04-28,51 - Ceuta,PARTIDO COMUNISTA DEL PUEBLO ANDALUZ - PCPA,0,0,Ministerio del Interior / portal oficial de datos abiertos,PRIMARY_OFFICIAL
2019A,2019-04-28,51 - Ceuta,PARTIDO COMUNISTA DEL PUEBLO CANARIO - PCPC,0,0,Ministerio del Interior / portal oficial de datos abiertos,PRIMARY_OFFICIAL
2019A,2019-04-28,51 - Ceuta,PARTIDO COMUNISTA DOS TRABALLADORES DE GALIZA - PCTG,0,0,Ministerio del Interior / portal oficial de datos abiertos,PRIMARY_OFFICIAL
2019A,2019-04-28,51 - Ceuta,PARTIDO COMUNISTA OBRERO ESPAÑOL - PCOE,0,0,Ministerio del Interior / portal oficial de datos abiertos,PRIMARY_OFFICIAL
2019A,2019-04-28,51 - Ceuta,PARTIDO DE ACCIÓN SOLIDARIA EUROPEA - SOLIDARIA,0,0,Ministerio del Interior / portal oficial de datos abiertos,PRIMARY_OFFICIAL
2019A,2019-04-28,51 - Ceuta,"PARTIDO DE JUBILADOS POR EL FUTURO. DIGNIDAD Y DEMOCRACIA - ""JF""",0,0,Ministerio del Interior / portal oficial de datos abiertos,PRIMARY_OFFICIAL
2019A,2019-04-28,51 - Ceuta,PARTIDO DEMÓCRATA SOCIAL JUBILADOS EUROPEOS - UNID - PDSJE-UDEC,0,0,Ministerio del Interior / portal oficial de datos abiertos,PRIMARY_OFFICIAL
2019A,2019-04-28,51 - Ceuta,PARTIDO DOS SOCIALISTAS DE GALICIA-PARTIDO SOCIALI - PSdeG-PSOE,0,0,Ministerio del Interior / portal oficial de datos abiertos,PRIMARY_OFFICIAL
2019A,2019-04-28,51 - Ceuta,PARTIDO HUMANISTA - PH,0,0,Ministerio del Interior / portal oficial de datos abiertos,PRIMARY_OFFICIAL
2019A,2019-04-28,51 - Ceuta,PARTIDO LIBERTARIO - P-LIB,0,0,Ministerio del Interior / portal oficial de datos abiertos,PRIMARY_OFFICIAL
2019A,2019-04-28,51 - Ceuta,PARTIDO POPULAR - FORO - PP-FORO,0,0,Ministerio del Interior / portal oficial de datos abiertos,PRIMARY_OFFICIAL
2019A,2019-04-28,51 - Ceuta,PARTIDO POPULAR - PP,8147,0,Ministerio del Interior / portal oficial de datos abiertos,PRIMARY_OFFICIAL
2019A,2019-04-28,51 - Ceuta,PARTIDO POPULAR/PARTIT POPULAR - PP,0,0,Ministerio del Interior / portal oficial de datos abiertos,PRIMARY_OFFICIAL
2019A,2019-04-28,51 - Ceuta,PARTIDO REGIONALISTA DE CANTABRIA - PRC,0,0,Ministerio del Interior / portal oficial de datos abiertos,PRIMARY_OFFICIAL
2019A,2019-04-28,51 - Ceuta,PARTIDO REGIONALISTA DEL PAIS LEONES - PREPAL,0,0,Ministerio del Interior / portal oficial de datos abiertos,PRIMARY_OFFICIAL
2019A,2019-04-28,51 - Ceuta,PARTIDO REPUBLICANO INDEPENDIENTE SOLIDARIO ANDALUZ - RISA,0,0,Ministerio del Interior / portal oficial de datos abiertos,PRIMARY_OFFICIAL
2019A,2019-04-28,51 - Ceuta,PARTIDO RIOJANO - PR+,0,0,Ministerio del Interior / portal oficial de datos abiertos,PRIMARY_OFFICIAL
2019A,2019-04-28,51 - Ceuta,PARTIDO SOCIALISTA DE EUSKADI-EUSKADIKO EZKERRA (PSOE) - PSE-EE (PSOE),0,0,Ministerio del Interior / portal oficial de datos abiertos,PRIMARY_OFFICIAL
2019A,2019-04-28,51 - Ceuta,PARTIDO SOCIALISTA OBRERO ESPAÑOL - PSOE,13800,1,Ministerio del Interior / portal oficial de datos abiertos,PRIMARY_OFFICIAL
2019A,2019-04-28,51 - Ceuta,PARTIT ANIMALISTA CONTRA EL MALTRACTAMENT ANIMAL - PACMA,0,0,Ministerio del Interior / portal oficial de datos abiertos,PRIMARY_OFFICIAL
2019A,2019-04-28,51 - Ceuta,PARTIT COMUNISTA DEL POBLE DE CATALUNYA - PCPC,0,0,Ministerio del Interior / portal oficial de datos abiertos,PRIMARY_OFFICIAL
2019A,2019-04-28,51 - Ceuta,PARTIT COMUNISTA DELS POBLES D'ESPANYA - PCPE,0,0,Ministerio del Interior / portal oficial de datos abiertos,PRIMARY_OFFICIAL
2019A,2019-04-28,51 - Ceuta,PARTIT COMUNISTA DELS TREBALLADORS DE CATALUNYA - PCTC,0,0,Ministerio del Interior / portal oficial de datos abiertos,PRIMARY_OFFICIAL
2019A,2019-04-28,51 - Ceuta,PARTIT DELS SOCIALISTES DE CATALUNYA (PSC-PSOE) - PSC,0,0,Ministerio del Interior / portal oficial de datos abiertos,PRIMARY_OFFICIAL
2019A,2019-04-28,51 - Ceuta,PARTIT POPULAR-PARTIDO POPULAR - PP,0,0,Ministerio del Interior / portal oficial de datos abiertos,PRIMARY_OFFICIAL
2019A,2019-04-28,51 - Ceuta,PARTIT SOCIALISTA OBRER ESPANYOL - PSOE,0,0,Ministerio del Interior / portal oficial de datos abiertos,PRIMARY_OFFICIAL
2019A,2019-04-28,51 - Ceuta,PER UN MÓN MÉS JUST - PUM+J,0,0,Ministerio del Interior / portal oficial de datos abiertos,PRIMARY_OFFICIAL
2019A,2019-04-28,51 - Ceuta,PLATAFORMA DEL PUEBLO SORIANO - PPSO,0,0,Ministerio del Interior / portal oficial de datos abiertos,PRIMARY_OFFICIAL
2019A,2019-04-28,51 - Ceuta,POBLE LLIURE - SOM ALTERNATIVA - PIRATES DE CATALU - FRONT REPUB,0,0,Ministerio del Interior / portal oficial de datos abiertos,PRIMARY_OFFICIAL
2019A,2019-04-28,51 - Ceuta,POR UN MUNDO MÁS JUSTO (BIDEZKO MUNDURANTZ) - PUM+J,0,0,Ministerio del Interior / portal oficial de datos abiertos,PRIMARY_OFFICIAL
2019A,2019-04-28,51 - Ceuta,POR UN MUNDO MÁS JUSTO - PUM+J,87,0,Ministerio del Interior / portal oficial de datos abiertos,PRIMARY_OFFICIAL
2019A,2019-04-28,51 - Ceuta,PUYALON - PYLN,0,0,Ministerio del Interior / portal oficial de datos abiertos,PRIMARY_OFFICIAL
2019A,2019-04-28,51 - Ceuta,RECORTES CERO-GRUPO VERDE - RECORTES CERO-GV,157,0,Ministerio del Interior / portal oficial de datos abiertos,PRIMARY_OFFICIAL
2019A,2019-04-28,51 - Ceuta,RECORTES CERO-GRUPO VERDE-PARTIDO CASTELLANO-TIERRA COMUNERA - RECORTES CERO-GV-PCAS-TC,0,0,Ministerio del Interior / portal oficial de datos abiertos,PRIMARY_OFFICIAL
2019A,2019-04-28,51 - Ceuta,SOM VALENCIANS EN MOVIMENT - UIG-SOM-CUIDES,0,0,Ministerio del Interior / portal oficial de datos abiertos,PRIMARY_OFFICIAL
2019A,2019-04-28,51 - Ceuta,SOMOS REGIÓN - SOMOS REGIÓ,0,0,Ministerio del Interior / portal oficial de datos abiertos,PRIMARY_OFFICIAL
2019A,2019-04-28,51 - Ceuta,UNIDAS PODEMOS - PODEMOS-EUPV,0,0,Ministerio del Interior / portal oficial de datos abiertos,PRIMARY_OFFICIAL
2019A,2019-04-28,51 - Ceuta,UNIDAS PODEMOS - PODEMOS-IU LV CA-EQUO,0,0,Ministerio del Interior / portal oficial de datos abiertos,PRIMARY_OFFICIAL
2019A,2019-04-28,51 - Ceuta,UNIDAS PODEMOS - PODEMOS-IU-EQUO,1838,0,Ministerio del Interior / portal oficial de datos abiertos,PRIMARY_OFFICIAL
2019A,2019-04-28,51 - Ceuta,UNIDAS PODEMOS - PODEMOS-IU-EQUO-BATZARRE,0,0,Ministerio del Interior / portal oficial de datos abiertos,PRIMARY_OFFICIAL
2019A,2019-04-28,51 - Ceuta,UNIDAS PODEMOS-ALTOARAGÓN EN COMÚN - PODEMOS-IU-,0,0,Ministerio del Interior / portal oficial de datos abiertos,PRIMARY_OFFICIAL
2019A,2019-04-28,51 - Ceuta,UNIDAS PODEMOS-UNIDES PODEM - PODEMOS-EUIB,0,0,Ministerio del Interior / portal oficial de datos abiertos,PRIMARY_OFFICIAL
2019A,2019-04-28,51 - Ceuta,UNIDAS PODEMOS-XUNIES PODEMOS - PODEMOS-IX-EQUO,0,0,Ministerio del Interior / portal oficial de datos abiertos,PRIMARY_OFFICIAL
2019A,2019-04-28,51 - Ceuta,UNIÓN DE TODOS - UDT,0,0,Ministerio del Interior / portal oficial de datos abiertos,PRIMARY_OFFICIAL
2019A,2019-04-28,51 - Ceuta,UNIÓN REGIONALISTA DE CASTILLA Y LEÓN - UNIÓN REGIO,0,0,Ministerio del Interior / portal oficial de datos abiertos,PRIMARY_OFFICIAL
2019A,2019-04-28,51 - Ceuta,VIVIR OURENSE - VOU,0,0,Ministerio del Interior / portal oficial de datos abiertos,PRIMARY_OFFICIAL
2019A,2019-04-28,51 - Ceuta,VOX - VOX,9092,0,Ministerio del Interior / portal oficial de datos abiertos,PRIMARY_OFFICIAL
2019A,2019-04-28,51 - Ceuta,Veus PROGRESSISTES - ARA-MES-ESQUERRA,0,0,Ministerio del Interior / portal oficial de datos abiertos,PRIMARY_OFFICIAL
2019A,2019-04-28,52 - Melilla,ACTÚA - PACT,0,0,Ministerio del Interior / portal oficial de datos abiertos,PRIMARY_OFFICIAL
2019A,2019-04-28,52 - Melilla,AHORA CANARIAS: Alternativa Nacionalista Canaria ANC y Unidad del Pueblo - AHORA CANARIAS,0,0,Ministerio del Interior / portal oficial de datos abiertos,PRIMARY_OFFICIAL
2019A,2019-04-28,52 - Melilla,ANDALUCÍA POR SÍ - AxSI,0,0,Ministerio del Interior / portal oficial de datos abiertos,PRIMARY_OFFICIAL
2019A,2019-04-28,52 - Melilla,ANDECHA ASTUR - ANDECHA ASTUR,0,0,Ministerio del Interior / portal oficial de datos abiertos,PRIMARY_OFFICIAL
2019A,2019-04-28,52 - Melilla,AVANT ADELANTE LOS VERDES - AVANT ADELANTE LOS VERDES,0,0,Ministerio del Interior / portal oficial de datos abiertos,PRIMARY_OFFICIAL
2019A,2019-04-28,52 - Melilla,BLOQUE NACIONALISTA GALEGO - BNG,0,0,Ministerio del Interior / portal oficial de datos abiertos,PRIMARY_OFFICIAL
2019A,2019-04-28,52 - Melilla,CENTRADOS - centrados,0,0,Ministerio del Interior / portal oficial de datos abiertos,PRIMARY_OFFICIAL
2019A,2019-04-28,52 - Melilla,CIUDADANOS INDEPENDIENTES DE LINARES UNIDOS - CILU-LINARES,0,0,Ministerio del Interior / portal oficial de datos abiertos,PRIMARY_OFFICIAL
2019A,2019-04-28,52 - Melilla,CIUDADANOS-PARTIDO DE LA CIUDADANÍA - Cs,4351,0,Ministerio del Interior / portal oficial de datos abiertos,PRIMARY_OFFICIAL
2019A,2019-04-28,52 - Melilla,CIUTADANS-PARTIDO DE LA CIUDADANÍA - Cs,0,0,Ministerio del Interior / portal oficial de datos abiertos,PRIMARY_OFFICIAL
2019A,2019-04-28,52 - Melilla,COALICION CANARIA-PARTIDO NACIONALISTA CANARIO - CCa-PNC,0,0,Ministerio del Interior / portal oficial de datos abiertos,PRIMARY_OFFICIAL
2019A,2019-04-28,52 - Melilla,COALICION POR MELILLA - CpM,6857,0,Ministerio del Interior / portal oficial de datos abiertos,PRIMARY_OFFICIAL
2019A,2019-04-28,52 - Melilla,COMPROMISO POR GALICIA - CxG,0,0,Ministerio del Interior / portal oficial de datos abiertos,PRIMARY_OFFICIAL
2019A,2019-04-28,52 - Melilla,COMPROMÍS: BLOC-INICIATIVA-VERDSEQUO - COMPROMÍS 2,0,0,Ministerio del Interior / portal oficial de datos abiertos,PRIMARY_OFFICIAL
2019A,2019-04-28,52 - Melilla,CONVERGENTS - CNV,0,0,Ministerio del Interior / portal oficial de datos abiertos,PRIMARY_OFFICIAL
2019A,2019-04-28,52 - Melilla,CONVERXENCIA 21 - C 21,0,0,Ministerio del Interior / portal oficial de datos abiertos,PRIMARY_OFFICIAL
2019A,2019-04-28,52 - Melilla,DEFENSA DE LO PÚBLICO - DP,0,0,Ministerio del Interior / portal oficial de datos abiertos,PRIMARY_OFFICIAL
2019A,2019-04-28,52 - Melilla,DEMOCRACIA PLURAL - DPL,0,0,Ministerio del Interior / portal oficial de datos abiertos,PRIMARY_OFFICIAL
2019A,2019-04-28,52 - Melilla,EL PI - PROPOSTA PER LES ILLES BALEARS - EL PI,0,0,Ministerio del Interior / portal oficial de datos abiertos,PRIMARY_OFFICIAL
2019A,2019-04-28,52 - Melilla,ELKARREKIN PODEMOS-UNIDAS PODEMOS - PODEMOS-IU-EQUO BERDEAK,0,0,Ministerio del Interior / portal oficial de datos abiertos,PRIMARY_OFFICIAL
2019A,2019-04-28,52 - Melilla,EN COMÚ PODEM - GUANYEM EL CANVI - ECP-GUANYEM,0,0,Ministerio del Interior / portal oficial de datos abiertos,PRIMARY_OFFICIAL
2019A,2019-04-28,52 - Melilla,EN COMÚN-UNIDAS PODEMOS - PODEMOS-EU-,0,0,Ministerio del Interior / portal oficial de datos abiertos,PRIMARY_OFFICIAL
2019A,2019-04-28,52 - Melilla,EN MAREA - EN MAREA,0,0,Ministerio del Interior / portal oficial de datos abiertos,PRIMARY_OFFICIAL
2019A,2019-04-28,52 - Melilla,ESCANOS EN BRANCO - EB,0,0,Ministerio del Interior / portal oficial de datos abiertos,PRIMARY_OFFICIAL
2019A,2019-04-28,52 - Melilla,ESCAÑOS EN BLANCO - EB,0,0,Ministerio del Interior / portal oficial de datos abiertos,PRIMARY_OFFICIAL
2019A,2019-04-28,52 - Melilla,ESCAÑOS EN BLANCO-AULKI ZURIAK - EB,0,0,Ministerio del Interior / portal oficial de datos abiertos,PRIMARY_OFFICIAL
2019A,2019-04-28,52 - Melilla,ESQUERRA REPUBLICANA DE CATALUNYA-SOBIRANISTES - ERC-SOBIRANISTES,0,0,Ministerio del Interior / portal oficial de datos abiertos,PRIMARY_OFFICIAL
2019A,2019-04-28,52 - Melilla,ESQUERRA REPUBLICANA DEL PAÍS VALENCIÀ - ERPV,0,0,Ministerio del Interior / portal oficial de datos abiertos,PRIMARY_OFFICIAL
2019A,2019-04-28,52 - Melilla,EUSKADIKO LANGILEEN ALDERDI KOMUNISTA/PARTIDO COMUNISTA DE LOS TRABAJADORES DE EUSKADI - ELAK/PCTE,0,0,Ministerio del Interior / portal oficial de datos abiertos,PRIMARY_OFFICIAL
2019A,2019-04-28,52 - Melilla,EUSKAL HERRIA BILDU - EH Bildu,0,0,Ministerio del Interior / portal oficial de datos abiertos,PRIMARY_OFFICIAL
2019A,2019-04-28,52 - Melilla,EUZKO ALDERDI JELTZALEA-PARTIDO NACIONALISTA VASCO - EAJ-PNV,0,0,Ministerio del Interior / portal oficial de datos abiertos,PRIMARY_OFFICIAL
2019A,2019-04-28,52 - Melilla,EXTREMEÑOS PREX CREX - C.Ex-C.R.Ex,0,0,Ministerio del Interior / portal oficial de datos abiertos,PRIMARY_OFFICIAL
2019A,2019-04-28,52 - Melilla,FALANGE ESPAÑOLA DE LAS JONS - FE de las J,0,0,Ministerio del Interior / portal oficial de datos abiertos,PRIMARY_OFFICIAL
2019A,2019-04-28,52 - Melilla,FEDERACION DE LOS INDEPENDIENTES DE ARAGON - FIA,0,0,Ministerio del Interior / portal oficial de datos abiertos,PRIMARY_OFFICIAL
2019A,2019-04-28,52 - Melilla,FEMINISM8 - F8,0,0,Ministerio del Interior / portal oficial de datos abiertos,PRIMARY_OFFICIAL
2019A,2019-04-28,52 - Melilla,GEROA BAI - GBAI,0,0,Ministerio del Interior / portal oficial de datos abiertos,PRIMARY_OFFICIAL
2019A,2019-04-28,52 - Melilla,IZQUIERDA ANTICAPITALISTA REVOLUCIONARIA - IZAR,0,0,Ministerio del Interior / portal oficial de datos abiertos,PRIMARY_OFFICIAL
2019A,2019-04-28,52 - Melilla,IZQUIERDA EN POSITIVO - IZQP,0,0,Ministerio del Interior / portal oficial de datos abiertos,PRIMARY_OFFICIAL
2019A,2019-04-28,52 - Melilla,JUNTS PER CATALUNYA-JUNTS - JxCAT-JUNTS,0,0,Ministerio del Interior / portal oficial de datos abiertos,PRIMARY_OFFICIAL
2019A,2019-04-28,52 - Melilla,LOS VERDES ECOPACIFISTAS ADELANTE - AVANT-LOS VERDES,0,0,Ministerio del Interior / portal oficial de datos abiertos,PRIMARY_OFFICIAL
2019A,2019-04-28,52 - Melilla,MUERTE AL SISTEMA - +MAS+,0,0,Ministerio del Interior / portal oficial de datos abiertos,PRIMARY_OFFICIAL
2019A,2019-04-28,52 - Melilla,NAVARRA SUMA - NA+,0,0,Ministerio del Interior / portal oficial de datos abiertos,PRIMARY_OFFICIAL
2019A,2019-04-28,52 - Melilla,NUEVA CANARIAS - NCa,0,0,Ministerio del Interior / portal oficial de datos abiertos,PRIMARY_OFFICIAL
2019A,2019-04-28,52 - Melilla,PARTIDO ANIMALISTA CONTRA EL MALTRATO ANIMAL - PACMA,0,0,Ministerio del Interior / portal oficial de datos abiertos,PRIMARY_OFFICIAL
2019A,2019-04-28,52 - Melilla,PARTIDO COMUNISTA DE LOS PUEBLOS DE ESPAÑA - PCPE,0,0,Ministerio del Interior / portal oficial de datos abiertos,PRIMARY_OFFICIAL
2019A,2019-04-28,52 - Melilla,PARTIDO COMUNISTA DE LOS TRABAJADORES DE ESPAÑA - PCTE,0,0,Ministerio del Interior / portal oficial de datos abiertos,PRIMARY_OFFICIAL
2019A,2019-04-28,52 - Melilla,PARTIDO COMUNISTA DE LOS TRABAJADORES DE EUSKADI/EUSKADIKO LANGILEEN ALDERDI KOMUNISTA - PCTE/ELAK,0,0,Ministerio del Interior / portal oficial de datos abiertos,PRIMARY_OFFICIAL
2019A,2019-04-28,52 - Melilla,PARTIDO COMUNISTA DEL PUEBLO ANDALUZ - PCPA,0,0,Ministerio del Interior / portal oficial de datos abiertos,PRIMARY_OFFICIAL
2019A,2019-04-28,52 - Melilla,PARTIDO COMUNISTA DEL PUEBLO CANARIO - PCPC,0,0,Ministerio del Interior / portal oficial de datos abiertos,PRIMARY_OFFICIAL
2019A,2019-04-28,52 - Melilla,PARTIDO COMUNISTA DOS TRABALLADORES DE GALIZA - PCTG,0,0,Ministerio del Interior / portal oficial de datos abiertos,PRIMARY_OFFICIAL
2019A,2019-04-28,52 - Melilla,PARTIDO COMUNISTA OBRERO ESPAÑOL - PCOE,0,0,Ministerio del Interior / portal oficial de datos abiertos,PRIMARY_OFFICIAL
2019A,2019-04-28,52 - Melilla,PARTIDO DE ACCIÓN SOLIDARIA EUROPEA - SOLIDARIA,0,0,Ministerio del Interior / portal oficial de datos abiertos,PRIMARY_OFFICIAL
2019A,2019-04-28,52 - Melilla,"PARTIDO DE JUBILADOS POR EL FUTURO. DIGNIDAD Y DEMOCRACIA - ""JF""",0,0,Ministerio del Interior / portal oficial de datos abiertos,PRIMARY_OFFICIAL
2019A,2019-04-28,52 - Melilla,PARTIDO DEMÓCRATA SOCIAL JUBILADOS EUROPEOS - UNID - PDSJE-UDEC,0,0,Ministerio del Interior / portal oficial de datos abiertos,PRIMARY_OFFICIAL
2019A,2019-04-28,52 - Melilla,PARTIDO DOS SOCIALISTAS DE GALICIA-PARTIDO SOCIALI - PSdeG-PSOE,0,0,Ministerio del Interior / portal oficial de datos abiertos,PRIMARY_OFFICIAL
2019A,2019-04-28,52 - Melilla,PARTIDO HUMANISTA - PH,0,0,Ministerio del Interior / portal oficial de datos abiertos,PRIMARY_OFFICIAL
2019A,2019-04-28,52 - Melilla,PARTIDO LIBERTARIO - P-LIB,0,0,Ministerio del Interior / portal oficial de datos abiertos,PRIMARY_OFFICIAL
2019A,2019-04-28,52 - Melilla,PARTIDO POPULAR - FORO - PP-FORO,0,0,Ministerio del Interior / portal oficial de datos abiertos,PRIMARY_OFFICIAL
2019A,2019-04-28,52 - Melilla,PARTIDO POPULAR - PP,8087,1,Ministerio del Interior / portal oficial de datos abiertos,PRIMARY_OFFICIAL
2019A,2019-04-28,52 - Melilla,PARTIDO POPULAR/PARTIT POPULAR - PP,0,0,Ministerio del Interior / portal oficial de datos abiertos,PRIMARY_OFFICIAL
2019A,2019-04-28,52 - Melilla,PARTIDO REGIONALISTA DE CANTABRIA - PRC,0,0,Ministerio del Interior / portal oficial de datos abiertos,PRIMARY_OFFICIAL
2019A,2019-04-28,52 - Melilla,PARTIDO REGIONALISTA DEL PAIS LEONES - PREPAL,0,0,Ministerio del Interior / portal oficial de datos abiertos,PRIMARY_OFFICIAL
2019A,2019-04-28,52 - Melilla,PARTIDO REPUBLICANO INDEPENDIENTE SOLIDARIO ANDALUZ - RISA,0,0,Ministerio del Interior / portal oficial de datos abiertos,PRIMARY_OFFICIAL
2019A,2019-04-28,52 - Melilla,PARTIDO RIOJANO - PR+,0,0,Ministerio del Interior / portal oficial de datos abiertos,PRIMARY_OFFICIAL
2019A,2019-04-28,52 - Melilla,PARTIDO SOCIALISTA DE EUSKADI-EUSKADIKO EZKERRA (PSOE) - PSE-EE (PSOE),0,0,Ministerio del Interior / portal oficial de datos abiertos,PRIMARY_OFFICIAL
2019A,2019-04-28,52 - Melilla,PARTIDO SOCIALISTA OBRERO ESPAÑOL - PSOE,6989,0,Ministerio del Interior / portal oficial de datos abiertos,PRIMARY_OFFICIAL
2019A,2019-04-28,52 - Melilla,PARTIT ANIMALISTA CONTRA EL MALTRACTAMENT ANIMAL - PACMA,0,0,Ministerio del Interior / portal oficial de datos abiertos,PRIMARY_OFFICIAL
2019A,2019-04-28,52 - Melilla,PARTIT COMUNISTA DEL POBLE DE CATALUNYA - PCPC,0,0,Ministerio del Interior / portal oficial de datos abiertos,PRIMARY_OFFICIAL
2019A,2019-04-28,52 - Melilla,PARTIT COMUNISTA DELS POBLES D'ESPANYA - PCPE,0,0,Ministerio del Interior / portal oficial de datos abiertos,PRIMARY_OFFICIAL
2019A,2019-04-28,52 - Melilla,PARTIT COMUNISTA DELS TREBALLADORS DE CATALUNYA - PCTC,0,0,Ministerio del Interior / portal oficial de datos abiertos,PRIMARY_OFFICIAL
2019A,2019-04-28,52 - Melilla,PARTIT DELS SOCIALISTES DE CATALUNYA (PSC-PSOE) - PSC,0,0,Ministerio del Interior / portal oficial de datos abiertos,PRIMARY_OFFICIAL
2019A,2019-04-28,52 - Melilla,PARTIT POPULAR-PARTIDO POPULAR - PP,0,0,Ministerio del Interior / portal oficial de datos abiertos,PRIMARY_OFFICIAL
2019A,2019-04-28,52 - Melilla,PARTIT SOCIALISTA OBRER ESPANYOL - PSOE,0,0,Ministerio del Interior / portal oficial de datos abiertos,PRIMARY_OFFICIAL
2019A,2019-04-28,52 - Melilla,PER UN MÓN MÉS JUST - PUM+J,0,0,Ministerio del Interior / portal oficial de datos abiertos,PRIMARY_OFFICIAL
2019A,2019-04-28,52 - Melilla,PLATAFORMA DEL PUEBLO SORIANO - PPSO,0,0,Ministerio del Interior / portal oficial de datos abiertos,PRIMARY_OFFICIAL
2019A,2019-04-28,52 - Melilla,POBLE LLIURE - SOM ALTERNATIVA - PIRATES DE CATALU - FRONT REPUB,0,0,Ministerio del Interior / portal oficial de datos abiertos,PRIMARY_OFFICIAL
2019A,2019-04-28,52 - Melilla,POR UN MUNDO MÁS JUSTO (BIDEZKO MUNDURANTZ) - PUM+J,0,0,Ministerio del Interior / portal oficial de datos abiertos,PRIMARY_OFFICIAL
2019A,2019-04-28,52 - Melilla,POR UN MUNDO MÁS JUSTO - PUM+J,39,0,Ministerio del Interior / portal oficial de datos abiertos,PRIMARY_OFFICIAL
2019A,2019-04-28,52 - Melilla,PUYALON - PYLN,0,0,Ministerio del Interior / portal oficial de datos abiertos,PRIMARY_OFFICIAL
2019A,2019-04-28,52 - Melilla,RECORTES CERO-GRUPO VERDE - RECORTES CERO-GV,99,0,Ministerio del Interior / portal oficial de datos abiertos,PRIMARY_OFFICIAL
2019A,2019-04-28,52 - Melilla,RECORTES CERO-GRUPO VERDE-PARTIDO CASTELLANO-TIERRA COMUNERA - RECORTES CERO-GV-PCAS-TC,0,0,Ministerio del Interior / portal oficial de datos abiertos,PRIMARY_OFFICIAL
2019A,2019-04-28,52 - Melilla,SOM VALENCIANS EN MOVIMENT - UIG-SOM-CUIDES,0,0,Ministerio del Interior / portal oficial de datos abiertos,PRIMARY_OFFICIAL
2019A,2019-04-28,52 - Melilla,SOMOS REGIÓN - SOMOS REGIÓ,0,0,Ministerio del Interior / portal oficial de datos abiertos,PRIMARY_OFFICIAL
2019A,2019-04-28,52 - Melilla,UNIDAS PODEMOS - PODEMOS-EUPV,0,0,Ministerio del Interior / portal oficial de datos abiertos,PRIMARY_OFFICIAL
2019A,2019-04-28,52 - Melilla,UNIDAS PODEMOS - PODEMOS-IU LV CA-EQUO,0,0,Ministerio del Interior / portal oficial de datos abiertos,PRIMARY_OFFICIAL
2019A,2019-04-28,52 - Melilla,UNIDAS PODEMOS - PODEMOS-IU-EQUO,1292,0,Ministerio del Interior / portal oficial de datos abiertos,PRIMARY_OFFICIAL
2019A,2019-04-28,52 - Melilla,UNIDAS PODEMOS - PODEMOS-IU-EQUO-BATZARRE,0,0,Ministerio del Interior / portal oficial de datos abiertos,PRIMARY_OFFICIAL
2019A,2019-04-28,52 - Melilla,UNIDAS PODEMOS-ALTOARAGÓN EN COMÚN - PODEMOS-IU-,0,0,Ministerio del Interior / portal oficial de datos abiertos,PRIMARY_OFFICIAL
2019A,2019-04-28,52 - Melilla,UNIDAS PODEMOS-UNIDES PODEM - PODEMOS-EUIB,0,0,Ministerio del Interior / portal oficial de datos abiertos,PRIMARY_OFFICIAL
2019A,2019-04-28,52 - Melilla,UNIDAS PODEMOS-XUNIES PODEMOS - PODEMOS-IX-EQUO,0,0,Ministerio del Interior / portal oficial de datos abiertos,PRIMARY_OFFICIAL
2019A,2019-04-28,52 - Melilla,UNIÓN DE TODOS - UDT,0,0,Ministerio del Interior / portal oficial de datos abiertos,PRIMARY_OFFICIAL
2019A,2019-04-28,52 - Melilla,UNIÓN REGIONALISTA DE CASTILLA Y LEÓN - UNIÓN REGIO,0,0,Ministerio del Interior / portal oficial de datos abiertos,PRIMARY_OFFICIAL
2019A,2019-04-28,52 - Melilla,VIVIR OURENSE - VOU,0,0,Ministerio del Interior / portal oficial de datos abiertos,PRIMARY_OFFICIAL
2019A,2019-04-28,52 - Melilla,VOX - VOX,5807,0,Ministerio del Interior / portal oficial de datos abiertos,PRIMARY_OFFICIAL
2019A,2019-04-28,52 - Melilla,Veus PROGRESSISTES - ARA-MES-ESQUERRA,0,0,Ministerio del Interior / portal oficial de datos abiertos,PRIMARY_OFFICIAL
2019A,2019-04-28,6 - Badajoz,ACTÚA - PACT,745,0,Ministerio del Interior / portal oficial de datos abiertos,PRIMARY_OFFICIAL
2019A,2019-04-28,6 - Badajoz,AHORA CANARIAS: Alternativa Nacionalista Canaria ANC y Unidad del Pueblo - AHORA CANARIAS,0,0,Ministerio del Interior / portal oficial de datos abiertos,PRIMARY_OFFICIAL
2019A,2019-04-28,6 - Badajoz,ANDALUCÍA POR SÍ - AxSI,0,0,Ministerio del Interior / portal oficial de datos abiertos,PRIMARY_OFFICIAL
2019A,2019-04-28,6 - Badajoz,ANDECHA ASTUR - ANDECHA ASTUR,0,0,Ministerio del Interior / portal oficial de datos abiertos,PRIMARY_OFFICIAL
2019A,2019-04-28,6 - Badajoz,AVANT ADELANTE LOS VERDES - AVANT ADELANTE LOS VERDES,0,0,Ministerio del Interior / portal oficial de datos abiertos,PRIMARY_OFFICIAL
2019A,2019-04-28,6 - Badajoz,BLOQUE NACIONALISTA GALEGO - BNG,0,0,Ministerio del Interior / portal oficial de datos abiertos,PRIMARY_OFFICIAL
2019A,2019-04-28,6 - Badajoz,CENTRADOS - centrados,0,0,Ministerio del Interior / portal oficial de datos abiertos,PRIMARY_OFFICIAL
2019A,2019-04-28,6 - Badajoz,CIUDADANOS INDEPENDIENTES DE LINARES UNIDOS - CILU-LINARES,0,0,Ministerio del Interior / portal oficial de datos abiertos,PRIMARY_OFFICIAL
2019A,2019-04-28,6 - Badajoz,CIUDADANOS-PARTIDO DE LA CIUDADANÍA - Cs,75583,1,Ministerio del Interior / portal oficial de datos abiertos,PRIMARY_OFFICIAL
2019A,2019-04-28,6 - Badajoz,CIUTADANS-PARTIDO DE LA CIUDADANÍA - Cs,0,0,Ministerio del Interior / portal oficial de datos abiertos,PRIMARY_OFFICIAL
2019A,2019-04-28,6 - Badajoz,COALICION CANARIA-PARTIDO NACIONALISTA CANARIO - CCa-PNC,0,0,Ministerio del Interior / portal oficial de datos abiertos,PRIMARY_OFFICIAL
2019A,2019-04-28,6 - Badajoz,COALICION POR MELILLA - CpM,0,0,Ministerio del Interior / portal oficial de datos abiertos,PRIMARY_OFFICIAL
2019A,2019-04-28,6 - Badajoz,COMPROMISO POR GALICIA - CxG,0,0,Ministerio del Interior / portal oficial de datos abiertos,PRIMARY_OFFICIAL
2019A,2019-04-28,6 - Badajoz,COMPROMÍS: BLOC-INICIATIVA-VERDSEQUO - COMPROMÍS 2,0,0,Ministerio del Interior / portal oficial de datos abiertos,PRIMARY_OFFICIAL
2019A,2019-04-28,6 - Badajoz,CONVERGENTS - CNV,0,0,Ministerio del Interior / portal oficial de datos abiertos,PRIMARY_OFFICIAL
2019A,2019-04-28,6 - Badajoz,CONVERXENCIA 21 - C 21,0,0,Ministerio del Interior / portal oficial de datos abiertos,PRIMARY_OFFICIAL
2019A,2019-04-28,6 - Badajoz,DEFENSA DE LO PÚBLICO - DP,308,0,Ministerio del Interior / portal oficial de datos abiertos,PRIMARY_OFFICIAL
2019A,2019-04-28,6 - Badajoz,DEMOCRACIA PLURAL - DPL,0,0,Ministerio del Interior / portal oficial de datos abiertos,PRIMARY_OFFICIAL
2019A,2019-04-28,6 - Badajoz,EL PI - PROPOSTA PER LES ILLES BALEARS - EL PI,0,0,Ministerio del Interior / portal oficial de datos abiertos,PRIMARY_OFFICIAL
2019A,2019-04-28,6 - Badajoz,ELKARREKIN PODEMOS-UNIDAS PODEMOS - PODEMOS-IU-EQUO BERDEAK,0,0,Ministerio del Interior / portal oficial de datos abiertos,PRIMARY_OFFICIAL
2019A,2019-04-28,6 - Badajoz,EN COMÚ PODEM - GUANYEM EL CANVI - ECP-GUANYEM,0,0,Ministerio del Interior / portal oficial de datos abiertos,PRIMARY_OFFICIAL
2019A,2019-04-28,6 - Badajoz,EN COMÚN-UNIDAS PODEMOS - PODEMOS-EU-,0,0,Ministerio del Interior / portal oficial de datos abiertos,PRIMARY_OFFICIAL
2019A,2019-04-28,6 - Badajoz,EN MAREA - EN MAREA,0,0,Ministerio del Interior / portal oficial de datos abiertos,PRIMARY_OFFICIAL
2019A,2019-04-28,6 - Badajoz,ESCANOS EN BRANCO - EB,0,0,Ministerio del Interior / portal oficial de datos abiertos,PRIMARY_OFFICIAL
2019A,2019-04-28,6 - Badajoz,ESCAÑOS EN BLANCO - EB,0,0,Ministerio del Interior / portal oficial de datos abiertos,PRIMARY_OFFICIAL
2019A,2019-04-28,6 - Badajoz,ESCAÑOS EN BLANCO-AULKI ZURIAK - EB,0,0,Ministerio del Interior / portal oficial de datos abiertos,PRIMARY_OFFICIAL
2019A,2019-04-28,6 - Badajoz,ESQUERRA REPUBLICANA DE CATALUNYA-SOBIRANISTES - ERC-SOBIRANISTES,0,0,Ministerio del Interior / portal oficial de datos abiertos,PRIMARY_OFFICIAL
2019A,2019-04-28,6 - Badajoz,ESQUERRA REPUBLICANA DEL PAÍS VALENCIÀ - ERPV,0,0,Ministerio del Interior / portal oficial de datos abiertos,PRIMARY_OFFICIAL
2019A,2019-04-28,6 - Badajoz,EUSKADIKO LANGILEEN ALDERDI KOMUNISTA/PARTIDO COMUNISTA DE LOS TRABAJADORES DE EUSKADI - ELAK/PCTE,0,0,Ministerio del Interior / portal oficial de datos abiertos,PRIMARY_OFFICIAL
2019A,2019-04-28,6 - Badajoz,EUSKAL HERRIA BILDU - EH Bildu,0,0,Ministerio del Interior / portal oficial de datos abiertos,PRIMARY_OFFICIAL
2019A,2019-04-28,6 - Badajoz,EUZKO ALDERDI JELTZALEA-PARTIDO NACIONALISTA VASCO - EAJ-PNV,0,0,Ministerio del Interior / portal oficial de datos abiertos,PRIMARY_OFFICIAL
2019A,2019-04-28,6 - Badajoz,EXTREMEÑOS PREX CREX - C.Ex-C.R.Ex,920,0,Ministerio del Interior / portal oficial de datos abiertos,PRIMARY_OFFICIAL
2019A,2019-04-28,6 - Badajoz,FALANGE ESPAÑOLA DE LAS JONS - FE de las J,0,0,Ministerio del Interior / portal oficial de datos abiertos,PRIMARY_OFFICIAL
2019A,2019-04-28,6 - Badajoz,FEDERACION DE LOS INDEPENDIENTES DE ARAGON - FIA,0,0,Ministerio del Interior / portal oficial de datos abiertos,PRIMARY_OFFICIAL
2019A,2019-04-28,6 - Badajoz,FEMINISM8 - F8,0,0,Ministerio del Interior / portal oficial de datos abiertos,PRIMARY_OFFICIAL
2019A,2019-04-28,6 - Badajoz,GEROA BAI - GBAI,0,0,Ministerio del Interior / portal oficial de datos abiertos,PRIMARY_OFFICIAL
2019A,2019-04-28,6 - Badajoz,IZQUIERDA ANTICAPITALISTA REVOLUCIONARIA - IZAR,0,0,Ministerio del Interior / portal oficial de datos abiertos,PRIMARY_OFFICIAL
2019A,2019-04-28,6 - Badajoz,IZQUIERDA EN POSITIVO - IZQP,0,0,Ministerio del Interior / portal oficial de datos abiertos,PRIMARY_OFFICIAL
2019A,2019-04-28,6 - Badajoz,JUNTS PER CATALUNYA-JUNTS - JxCAT-JUNTS,0,0,Ministerio del Interior / portal oficial de datos abiertos,PRIMARY_OFFICIAL
2019A,2019-04-28,6 - Badajoz,LOS VERDES ECOPACIFISTAS ADELANTE - AVANT-LOS VERDES,0,0,Ministerio del Interior / portal oficial de datos abiertos,PRIMARY_OFFICIAL
2019A,2019-04-28,6 - Badajoz,MUERTE AL SISTEMA - +MAS+,0,0,Ministerio del Interior / portal oficial de datos abiertos,PRIMARY_OFFICIAL
2019A,2019-04-28,6 - Badajoz,NAVARRA SUMA - NA+,0,0,Ministerio del Interior / portal oficial de datos abiertos,PRIMARY_OFFICIAL
2019A,2019-04-28,6 - Badajoz,NUEVA CANARIAS - NCa,0,0,Ministerio del Interior / portal oficial de datos abiertos,PRIMARY_OFFICIAL
2019A,2019-04-28,6 - Badajoz,PARTIDO ANIMALISTA CONTRA EL MALTRATO ANIMAL - PACMA,2938,0,Ministerio del Interior / portal oficial de datos abiertos,PRIMARY_OFFICIAL
2019A,2019-04-28,6 - Badajoz,PARTIDO COMUNISTA DE LOS PUEBLOS DE ESPAÑA - PCPE,0,0,Ministerio del Interior / portal oficial de datos abiertos,PRIMARY_OFFICIAL
2019A,2019-04-28,6 - Badajoz,PARTIDO COMUNISTA DE LOS TRABAJADORES DE ESPAÑA - PCTE,0,0,Ministerio del Interior / portal oficial de datos abiertos,PRIMARY_OFFICIAL
2019A,2019-04-28,6 - Badajoz,PARTIDO COMUNISTA DE LOS TRABAJADORES DE EUSKADI/EUSKADIKO LANGILEEN ALDERDI KOMUNISTA - PCTE/ELAK,0,0,Ministerio del Interior / portal oficial de datos abiertos,PRIMARY_OFFICIAL
2019A,2019-04-28,6 - Badajoz,PARTIDO COMUNISTA DEL PUEBLO ANDALUZ - PCPA,0,0,Ministerio del Interior / portal oficial de datos abiertos,PRIMARY_OFFICIAL
2019A,2019-04-28,6 - Badajoz,PARTIDO COMUNISTA DEL PUEBLO CANARIO - PCPC,0,0,Ministerio del Interior / portal oficial de datos abiertos,PRIMARY_OFFICIAL
2019A,2019-04-28,6 - Badajoz,PARTIDO COMUNISTA DOS TRABALLADORES DE GALIZA - PCTG,0,0,Ministerio del Interior / portal oficial de datos abiertos,PRIMARY_OFFICIAL
2019A,2019-04-28,6 - Badajoz,PARTIDO COMUNISTA OBRERO ESPAÑOL - PCOE,0,0,Ministerio del Interior / portal oficial de datos abiertos,PRIMARY_OFFICIAL
2019A,2019-04-28,6 - Badajoz,PARTIDO DE ACCIÓN SOLIDARIA EUROPEA - SOLIDARIA,0,0,Ministerio del Interior / portal oficial de datos abiertos,PRIMARY_OFFICIAL
2019A,2019-04-28,6 - Badajoz,"PARTIDO DE JUBILADOS POR EL FUTURO. DIGNIDAD Y DEMOCRACIA - ""JF""",0,0,Ministerio del Interior / portal oficial de datos abiertos,PRIMARY_OFFICIAL
2019A,2019-04-28,6 - Badajoz,PARTIDO DEMÓCRATA SOCIAL JUBILADOS EUROPEOS - UNID - PDSJE-UDEC,0,0,Ministerio del Interior / portal oficial de datos abiertos,PRIMARY_OFFICIAL
2019A,2019-04-28,6 - Badajoz,PARTIDO DOS SOCIALISTAS DE GALICIA-PARTIDO SOCIALI - PSdeG-PSOE,0,0,Ministerio del Interior / portal oficial de datos abiertos,PRIMARY_OFFICIAL
2019A,2019-04-28,6 - Badajoz,PARTIDO HUMANISTA - PH,0,0,Ministerio del Interior / portal oficial de datos abiertos,PRIMARY_OFFICIAL
2019A,2019-04-28,6 - Badajoz,PARTIDO LIBERTARIO - P-LIB,0,0,Ministerio del Interior / portal oficial de datos abiertos,PRIMARY_OFFICIAL
2019A,2019-04-28,6 - Badajoz,PARTIDO POPULAR - FORO - PP-FORO,0,0,Ministerio del Interior / portal oficial de datos abiertos,PRIMARY_OFFICIAL
2019A,2019-04-28,6 - Badajoz,PARTIDO POPULAR - PP,83278,1,Ministerio del Interior / portal oficial de datos abiertos,PRIMARY_OFFICIAL
2019A,2019-04-28,6 - Badajoz,PARTIDO POPULAR/PARTIT POPULAR - PP,0,0,Ministerio del Interior / portal oficial de datos abiertos,PRIMARY_OFFICIAL
2019A,2019-04-28,6 - Badajoz,PARTIDO REGIONALISTA DE CANTABRIA - PRC,0,0,Ministerio del Interior / portal oficial de datos abiertos,PRIMARY_OFFICIAL
2019A,2019-04-28,6 - Badajoz,PARTIDO REGIONALISTA DEL PAIS LEONES - PREPAL,0,0,Ministerio del Interior / portal oficial de datos abiertos,PRIMARY_OFFICIAL
2019A,2019-04-28,6 - Badajoz,PARTIDO REPUBLICANO INDEPENDIENTE SOLIDARIO ANDALUZ - RISA,0,0,Ministerio del Interior / portal oficial de datos abiertos,PRIMARY_OFFICIAL
2019A,2019-04-28,6 - Badajoz,PARTIDO RIOJANO - PR+,0,0,Ministerio del Interior / portal oficial de datos abiertos,PRIMARY_OFFICIAL
2019A,2019-04-28,6 - Badajoz,PARTIDO SOCIALISTA DE EUSKADI-EUSKADIKO EZKERRA (PSOE) - PSE-EE (PSOE),0,0,Ministerio del Interior / portal oficial de datos abiertos,PRIMARY_OFFICIAL
2019A,2019-04-28,6 - Badajoz,PARTIDO SOCIALISTA OBRERO ESPAÑOL - PSOE,157164,3,Ministerio del Interior / portal oficial de datos abiertos,PRIMARY_OFFICIAL
2019A,2019-04-28,6 - Badajoz,PARTIT ANIMALISTA CONTRA EL MALTRACTAMENT ANIMAL - PACMA,0,0,Ministerio del Interior / portal oficial de datos abiertos,PRIMARY_OFFICIAL
2019A,2019-04-28,6 - Badajoz,PARTIT COMUNISTA DEL POBLE DE CATALUNYA - PCPC,0,0,Ministerio del Interior / portal oficial de datos abiertos,PRIMARY_OFFICIAL
2019A,2019-04-28,6 - Badajoz,PARTIT COMUNISTA DELS POBLES D'ESPANYA - PCPE,0,0,Ministerio del Interior / portal oficial de datos abiertos,PRIMARY_OFFICIAL
2019A,2019-04-28,6 - Badajoz,PARTIT COMUNISTA DELS TREBALLADORS DE CATALUNYA - PCTC,0,0,Ministerio del Interior / portal oficial de datos abiertos,PRIMARY_OFFICIAL
2019A,2019-04-28,6 - Badajoz,PARTIT DELS SOCIALISTES DE CATALUNYA (PSC-PSOE) - PSC,0,0,Ministerio del Interior / portal oficial de datos abiertos,PRIMARY_OFFICIAL
2019A,2019-04-28,6 - Badajoz,PARTIT POPULAR-PARTIDO POPULAR - PP,0,0,Ministerio del Interior / portal oficial de datos abiertos,PRIMARY_OFFICIAL
2019A,2019-04-28,6 - Badajoz,PARTIT SOCIALISTA OBRER ESPANYOL - PSOE,0,0,Ministerio del Interior / portal oficial de datos abiertos,PRIMARY_OFFICIAL
2019A,2019-04-28,6 - Badajoz,PER UN MÓN MÉS JUST - PUM+J,0,0,Ministerio del Interior / portal oficial de datos abiertos,PRIMARY_OFFICIAL
2019A,2019-04-28,6 - Badajoz,PLATAFORMA DEL PUEBLO SORIANO - PPSO,0,0,Ministerio del Interior / portal oficial de datos abiertos,PRIMARY_OFFICIAL
2019A,2019-04-28,6 - Badajoz,POBLE LLIURE - SOM ALTERNATIVA - PIRATES DE CATALU - FRONT REPUB,0,0,Ministerio del Interior / portal oficial de datos abiertos,PRIMARY_OFFICIAL
2019A,2019-04-28,6 - Badajoz,POR UN MUNDO MÁS JUSTO (BIDEZKO MUNDURANTZ) - PUM+J,0,0,Ministerio del Interior / portal oficial de datos abiertos,PRIMARY_OFFICIAL
2019A,2019-04-28,6 - Badajoz,POR UN MUNDO MÁS JUSTO - PUM+J,442,0,Ministerio del Interior / portal oficial de datos abiertos,PRIMARY_OFFICIAL
2019A,2019-04-28,6 - Badajoz,PUYALON - PYLN,0,0,Ministerio del Interior / portal oficial de datos abiertos,PRIMARY_OFFICIAL
2019A,2019-04-28,6 - Badajoz,RECORTES CERO-GRUPO VERDE - RECORTES CERO-GV,449,0,Ministerio del Interior / portal oficial de datos abiertos,PRIMARY_OFFICIAL
2019A,2019-04-28,6 - Badajoz,RECORTES CERO-GRUPO VERDE-PARTIDO CASTELLANO-TIERRA COMUNERA - RECORTES CERO-GV-PCAS-TC,0,0,Ministerio del Interior / portal oficial de datos abiertos,PRIMARY_OFFICIAL
2019A,2019-04-28,6 - Badajoz,SOM VALENCIANS EN MOVIMENT - UIG-SOM-CUIDES,0,0,Ministerio del Interior / portal oficial de datos abiertos,PRIMARY_OFFICIAL
2019A,2019-04-28,6 - Badajoz,SOMOS REGIÓN - SOMOS REGIÓ,0,0,Ministerio del Interior / portal oficial de datos abiertos,PRIMARY_OFFICIAL
2019A,2019-04-28,6 - Badajoz,UNIDAS PODEMOS - PODEMOS-EUPV,0,0,Ministerio del Interior / portal oficial de datos abiertos,PRIMARY_OFFICIAL
2019A,2019-04-28,6 - Badajoz,UNIDAS PODEMOS - PODEMOS-IU LV CA-EQUO,0,0,Ministerio del Interior / portal oficial de datos abiertos,PRIMARY_OFFICIAL
2019A,2019-04-28,6 - Badajoz,UNIDAS PODEMOS - PODEMOS-IU-EQUO,38252,0,Ministerio del Interior / portal oficial de datos abiertos,PRIMARY_OFFICIAL
2019A,2019-04-28,6 - Badajoz,UNIDAS PODEMOS - PODEMOS-IU-EQUO-BATZARRE,0,0,Ministerio del Interior / portal oficial de datos abiertos,PRIMARY_OFFICIAL
2019A,2019-04-28,6 - Badajoz,UNIDAS PODEMOS-ALTOARAGÓN EN COMÚN - PODEMOS-IU-,0,0,Ministerio del Interior / portal oficial de datos abiertos,PRIMARY_OFFICIAL
2019A,2019-04-28,6 - Badajoz,UNIDAS PODEMOS-UNIDES PODEM - PODEMOS-EUIB,0,0,Ministerio del Interior / portal oficial de datos abiertos,PRIMARY_OFFICIAL
2019A,2019-04-28,6 - Badajoz,UNIDAS PODEMOS-XUNIES PODEMOS - PODEMOS-IX-EQUO,0,0,Ministerio del Interior / portal oficial de datos abiertos,PRIMARY_OFFICIAL
2019A,2019-04-28,6 - Badajoz,UNIÓN DE TODOS - UDT,0,0,Ministerio del Interior / portal oficial de datos abiertos,PRIMARY_OFFICIAL
2019A,2019-04-28,6 - Badajoz,UNIÓN REGIONALISTA DE CASTILLA Y LEÓN - UNIÓN REGIO,0,0,Ministerio del Interior / portal oficial de datos abiertos,PRIMARY_OFFICIAL
2019A,2019-04-28,6 - Badajoz,VIVIR OURENSE - VOU,0,0,Ministerio del Interior / portal oficial de datos abiertos,PRIMARY_OFFICIAL
2019A,2019-04-28,6 - Badajoz,VOX - VOX,44890,1,Ministerio del Interior / portal oficial de datos abiertos,PRIMARY_OFFICIAL
2019A,2019-04-28,6 - Badajoz,Veus PROGRESSISTES - ARA-MES-ESQUERRA,0,0,Ministerio del Interior / portal oficial de datos abiertos,PRIMARY_OFFICIAL
2019A,2019-04-28,"7 - Balears, Illes",ACTÚA - PACT,796,0,Ministerio del Interior / portal oficial de datos abiertos,PRIMARY_OFFICIAL
2019A,2019-04-28,"7 - Balears, Illes",AHORA CANARIAS: Alternativa Nacionalista Canaria ANC y Unidad del Pueblo - AHORA CANARIAS,0,0,Ministerio del Interior / portal oficial de datos abiertos,PRIMARY_OFFICIAL
2019A,2019-04-28,"7 - Balears, Illes",ANDALUCÍA POR SÍ - AxSI,0,0,Ministerio del Interior / portal oficial de datos abiertos,PRIMARY_OFFICIAL
2019A,2019-04-28,"7 - Balears, Illes",ANDECHA ASTUR - ANDECHA ASTUR,0,0,Ministerio del Interior / portal oficial de datos abiertos,PRIMARY_OFFICIAL
2019A,2019-04-28,"7 - Balears, Illes",AVANT ADELANTE LOS VERDES - AVANT ADELANTE LOS VERDES,0,0,Ministerio del Interior / portal oficial de datos abiertos,PRIMARY_OFFICIAL
2019A,2019-04-28,"7 - Balears, Illes",BLOQUE NACIONALISTA GALEGO - BNG,0,0,Ministerio del Interior / portal oficial de datos abiertos,PRIMARY_OFFICIAL
2019A,2019-04-28,"7 - Balears, Illes",CENTRADOS - centrados,0,0,Ministerio del Interior / portal oficial de datos abiertos,PRIMARY_OFFICIAL
2019A,2019-04-28,"7 - Balears, Illes",CIUDADANOS INDEPENDIENTES DE LINARES UNIDOS - CILU-LINARES,0,0,Ministerio del Interior / portal oficial de datos abiertos,PRIMARY_OFFICIAL
2019A,2019-04-28,"7 - Balears, Illes",CIUDADANOS-PARTIDO DE LA CIUDADANÍA - Cs,90340,1,Ministerio del Interior / portal oficial de datos abiertos,PRIMARY_OFFICIAL
2019A,2019-04-28,"7 - Balears, Illes",CIUTADANS-PARTIDO DE LA CIUDADANÍA - Cs,0,0,Ministerio del Interior / portal oficial de datos abiertos,PRIMARY_OFFICIAL
2019A,2019-04-28,"7 - Balears, Illes",COALICION CANARIA-PARTIDO NACIONALISTA CANARIO - CCa-PNC,0,0,Ministerio del Interior / portal oficial de datos abiertos,PRIMARY_OFFICIAL
2019A,2019-04-28,"7 - Balears, Illes",COALICION POR MELILLA - CpM,0,0,Ministerio del Interior / portal oficial de datos abiertos,PRIMARY_OFFICIAL
2019A,2019-04-28,"7 - Balears, Illes",COMPROMISO POR GALICIA - CxG,0,0,Ministerio del Interior / portal oficial de datos abiertos,PRIMARY_OFFICIAL
2019A,2019-04-28,"7 - Balears, Illes",COMPROMÍS: BLOC-INICIATIVA-VERDSEQUO - COMPROMÍS 2,0,0,Ministerio del Interior / portal oficial de datos abiertos,PRIMARY_OFFICIAL
2019A,2019-04-28,"7 - Balears, Illes",CONVERGENTS - CNV,0,0,Ministerio del Interior / portal oficial de datos abiertos,PRIMARY_OFFICIAL
2019A,2019-04-28,"7 - Balears, Illes",CONVERXENCIA 21 - C 21,0,0,Ministerio del Interior / portal oficial de datos abiertos,PRIMARY_OFFICIAL
2019A,2019-04-28,"7 - Balears, Illes",DEFENSA DE LO PÚBLICO - DP,0,0,Ministerio del Interior / portal oficial de datos abiertos,PRIMARY_OFFICIAL
2019A,2019-04-28,"7 - Balears, Illes",DEMOCRACIA PLURAL - DPL,0,0,Ministerio del Interior / portal oficial de datos abiertos,PRIMARY_OFFICIAL
2019A,2019-04-28,"7 - Balears, Illes",EL PI - PROPOSTA PER LES ILLES BALEARS - EL PI,11692,0,Ministerio del Interior / portal oficial de datos abiertos,PRIMARY_OFFICIAL
2019A,2019-04-28,"7 - Balears, Illes",ELKARREKIN PODEMOS-UNIDAS PODEMOS - PODEMOS-IU-EQUO BERDEAK,0,0,Ministerio del Interior / portal oficial de datos abiertos,PRIMARY_OFFICIAL
2019A,2019-04-28,"7 - Balears, Illes",EN COMÚ PODEM - GUANYEM EL CANVI - ECP-GUANYEM,0,0,Ministerio del Interior / portal oficial de datos abiertos,PRIMARY_OFFICIAL
2019A,2019-04-28,"7 - Balears, Illes",EN COMÚN-UNIDAS PODEMOS - PODEMOS-EU-,0,0,Ministerio del Interior / portal oficial de datos abiertos,PRIMARY_OFFICIAL
2019A,2019-04-28,"7 - Balears, Illes",EN MAREA - EN MAREA,0,0,Ministerio del Interior / portal oficial de datos abiertos,PRIMARY_OFFICIAL
2019A,2019-04-28,"7 - Balears, Illes",ESCANOS EN BRANCO - EB,0,0,Ministerio del Interior / portal oficial de datos abiertos,PRIMARY_OFFICIAL
2019A,2019-04-28,"7 - Balears, Illes",ESCAÑOS EN BLANCO - EB,0,0,Ministerio del Interior / portal oficial de datos abiertos,PRIMARY_OFFICIAL
2019A,2019-04-28,"7 - Balears, Illes",ESCAÑOS EN BLANCO-AULKI ZURIAK - EB,0,0,Ministerio del Interior / portal oficial de datos abiertos,PRIMARY_OFFICIAL
2019A,2019-04-28,"7 - Balears, Illes",ESQUERRA REPUBLICANA DE CATALUNYA-SOBIRANISTES - ERC-SOBIRANISTES,0,0,Ministerio del Interior / portal oficial de datos abiertos,PRIMARY_OFFICIAL
2019A,2019-04-28,"7 - Balears, Illes",ESQUERRA REPUBLICANA DEL PAÍS VALENCIÀ - ERPV,0,0,Ministerio del Interior / portal oficial de datos abiertos,PRIMARY_OFFICIAL
2019A,2019-04-28,"7 - Balears, Illes",EUSKADIKO LANGILEEN ALDERDI KOMUNISTA/PARTIDO COMUNISTA DE LOS TRABAJADORES DE EUSKADI - ELAK/PCTE,0,0,Ministerio del Interior / portal oficial de datos abiertos,PRIMARY_OFFICIAL
2019A,2019-04-28,"7 - Balears, Illes",EUSKAL HERRIA BILDU - EH Bildu,0,0,Ministerio del Interior / portal oficial de datos abiertos,PRIMARY_OFFICIAL
2019A,2019-04-28,"7 - Balears, Illes",EUZKO ALDERDI JELTZALEA-PARTIDO NACIONALISTA VASCO - EAJ-PNV,0,0,Ministerio del Interior / portal oficial de datos abiertos,PRIMARY_OFFICIAL
2019A,2019-04-28,"7 - Balears, Illes",EXTREMEÑOS PREX CREX - C.Ex-C.R.Ex,0,0,Ministerio del Interior / portal oficial de datos abiertos,PRIMARY_OFFICIAL
2019A,2019-04-28,"7 - Balears, Illes",FALANGE ESPAÑOLA DE LAS JONS - FE de las J,0,0,Ministerio del Interior / portal oficial de datos abiertos,PRIMARY_OFFICIAL
2019A,2019-04-28,"7 - Balears, Illes",FEDERACION DE LOS INDEPENDIENTES DE ARAGON - FIA,0,0,Ministerio del Interior / portal oficial de datos abiertos,PRIMARY_OFFICIAL
2019A,2019-04-28,"7 - Balears, Illes",FEMINISM8 - F8,0,0,Ministerio del Interior / portal oficial de datos abiertos,PRIMARY_OFFICIAL
2019A,2019-04-28,"7 - Balears, Illes",GEROA BAI - GBAI,0,0,Ministerio del Interior / portal oficial de datos abiertos,PRIMARY_OFFICIAL
2019A,2019-04-28,"7 - Balears, Illes",IZQUIERDA ANTICAPITALISTA REVOLUCIONARIA - IZAR,0,0,Ministerio del Interior / portal oficial de datos abiertos,PRIMARY_OFFICIAL
2019A,2019-04-28,"7 - Balears, Illes",IZQUIERDA EN POSITIVO - IZQP,0,0,Ministerio del Interior / portal oficial de datos abiertos,PRIMARY_OFFICIAL
2019A,2019-04-28,"7 - Balears, Illes",JUNTS PER CATALUNYA-JUNTS - JxCAT-JUNTS,0,0,Ministerio del Interior / portal oficial de datos abiertos,PRIMARY_OFFICIAL
2019A,2019-04-28,"7 - Balears, Illes",LOS VERDES ECOPACIFISTAS ADELANTE - AVANT-LOS VERDES,0,0,Ministerio del Interior / portal oficial de datos abiertos,PRIMARY_OFFICIAL
2019A,2019-04-28,"7 - Balears, Illes",MUERTE AL SISTEMA - +MAS+,0,0,Ministerio del Interior / portal oficial de datos abiertos,PRIMARY_OFFICIAL
2019A,2019-04-28,"7 - Balears, Illes",NAVARRA SUMA - NA+,0,0,Ministerio del Interior / portal oficial de datos abiertos,PRIMARY_OFFICIAL
2019A,2019-04-28,"7 - Balears, Illes",NUEVA CANARIAS - NCa,0,0,Ministerio del Interior / portal oficial de datos abiertos,PRIMARY_OFFICIAL
2019A,2019-04-28,"7 - Balears, Illes",PARTIDO ANIMALISTA CONTRA EL MALTRATO ANIMAL - PACMA,8864,0,Ministerio del Interior / portal oficial de datos abiertos,PRIMARY_OFFICIAL
2019A,2019-04-28,"7 - Balears, Illes",PARTIDO COMUNISTA DE LOS PUEBLOS DE ESPAÑA - PCPE,0,0,Ministerio del Interior / portal oficial de datos abiertos,PRIMARY_OFFICIAL
2019A,2019-04-28,"7 - Balears, Illes",PARTIDO COMUNISTA DE LOS TRABAJADORES DE ESPAÑA - PCTE,0,0,Ministerio del Interior / portal oficial de datos abiertos,PRIMARY_OFFICIAL
2019A,2019-04-28,"7 - Balears, Illes",PARTIDO COMUNISTA DE LOS TRABAJADORES DE EUSKADI/EUSKADIKO LANGILEEN ALDERDI KOMUNISTA - PCTE/ELAK,0,0,Ministerio del Interior / portal oficial de datos abiertos,PRIMARY_OFFICIAL
2019A,2019-04-28,"7 - Balears, Illes",PARTIDO COMUNISTA DEL PUEBLO ANDALUZ - PCPA,0,0,Ministerio del Interior / portal oficial de datos abiertos,PRIMARY_OFFICIAL
2019A,2019-04-28,"7 - Balears, Illes",PARTIDO COMUNISTA DEL PUEBLO CANARIO - PCPC,0,0,Ministerio del Interior / portal oficial de datos abiertos,PRIMARY_OFFICIAL
2019A,2019-04-28,"7 - Balears, Illes",PARTIDO COMUNISTA DOS TRABALLADORES DE GALIZA - PCTG,0,0,Ministerio del Interior / portal oficial de datos abiertos,PRIMARY_OFFICIAL
2019A,2019-04-28,"7 - Balears, Illes",PARTIDO COMUNISTA OBRERO ESPAÑOL - PCOE,0,0,Ministerio del Interior / portal oficial de datos abiertos,PRIMARY_OFFICIAL
2019A,2019-04-28,"7 - Balears, Illes",PARTIDO DE ACCIÓN SOLIDARIA EUROPEA - SOLIDARIA,0,0,Ministerio del Interior / portal oficial de datos abiertos,PRIMARY_OFFICIAL
2019A,2019-04-28,"7 - Balears, Illes","PARTIDO DE JUBILADOS POR EL FUTURO. DIGNIDAD Y DEMOCRACIA - ""JF""",0,0,Ministerio del Interior / portal oficial de datos abiertos,PRIMARY_OFFICIAL
2019A,2019-04-28,"7 - Balears, Illes",PARTIDO DEMÓCRATA SOCIAL JUBILADOS EUROPEOS - UNID - PDSJE-UDEC,0,0,Ministerio del Interior / portal oficial de datos abiertos,PRIMARY_OFFICIAL
2019A,2019-04-28,"7 - Balears, Illes",PARTIDO DOS SOCIALISTAS DE GALICIA-PARTIDO SOCIALI - PSdeG-PSOE,0,0,Ministerio del Interior / portal oficial de datos abiertos,PRIMARY_OFFICIAL
2019A,2019-04-28,"7 - Balears, Illes",PARTIDO HUMANISTA - PH,0,0,Ministerio del Interior / portal oficial de datos abiertos,PRIMARY_OFFICIAL
2019A,2019-04-28,"7 - Balears, Illes",PARTIDO LIBERTARIO - P-LIB,0,0,Ministerio del Interior / portal oficial de datos abiertos,PRIMARY_OFFICIAL
2019A,2019-04-28,"7 - Balears, Illes",PARTIDO POPULAR - FORO - PP-FORO,0,0,Ministerio del Interior / portal oficial de datos abiertos,PRIMARY_OFFICIAL
2019A,2019-04-28,"7 - Balears, Illes",PARTIDO POPULAR - PP,87352,1,Ministerio del Interior / portal oficial de datos abiertos,PRIMARY_OFFICIAL
2019A,2019-04-28,"7 - Balears, Illes",PARTIDO POPULAR/PARTIT POPULAR - PP,0,0,Ministerio del Interior / portal oficial de datos abiertos,PRIMARY_OFFICIAL
2019A,2019-04-28,"7 - Balears, Illes",PARTIDO REGIONALISTA DE CANTABRIA - PRC,0,0,Ministerio del Interior / portal oficial de datos abiertos,PRIMARY_OFFICIAL
2019A,2019-04-28,"7 - Balears, Illes",PARTIDO REGIONALISTA DEL PAIS LEONES - PREPAL,0,0,Ministerio del Interior / portal oficial de datos abiertos,PRIMARY_OFFICIAL
2019A,2019-04-28,"7 - Balears, Illes",PARTIDO REPUBLICANO INDEPENDIENTE SOLIDARIO ANDALUZ - RISA,0,0,Ministerio del Interior / portal oficial de datos abiertos,PRIMARY_OFFICIAL
2019A,2019-04-28,"7 - Balears, Illes",PARTIDO RIOJANO - PR+,0,0,Ministerio del Interior / portal oficial de datos abiertos,PRIMARY_OFFICIAL
2019A,2019-04-28,"7 - Balears, Illes",PARTIDO SOCIALISTA DE EUSKADI-EUSKADIKO EZKERRA (PSOE) - PSE-EE (PSOE),0,0,Ministerio del Interior / portal oficial de datos abiertos,PRIMARY_OFFICIAL
2019A,2019-04-28,"7 - Balears, Illes",PARTIDO SOCIALISTA OBRERO ESPAÑOL - PSOE,0,0,Ministerio del Interior / portal oficial de datos abiertos,PRIMARY_OFFICIAL
2019A,2019-04-28,"7 - Balears, Illes",PARTIT ANIMALISTA CONTRA EL MALTRACTAMENT ANIMAL - PACMA,0,0,Ministerio del Interior / portal oficial de datos abiertos,PRIMARY_OFFICIAL
2019A,2019-04-28,"7 - Balears, Illes",PARTIT COMUNISTA DEL POBLE DE CATALUNYA - PCPC,0,0,Ministerio del Interior / portal oficial de datos abiertos,PRIMARY_OFFICIAL
2019A,2019-04-28,"7 - Balears, Illes",PARTIT COMUNISTA DELS POBLES D'ESPANYA - PCPE,0,0,Ministerio del Interior / portal oficial de datos abiertos,PRIMARY_OFFICIAL
2019A,2019-04-28,"7 - Balears, Illes",PARTIT COMUNISTA DELS TREBALLADORS DE CATALUNYA - PCTC,0,0,Ministerio del Interior / portal oficial de datos abiertos,PRIMARY_OFFICIAL
2019A,2019-04-28,"7 - Balears, Illes",PARTIT DELS SOCIALISTES DE CATALUNYA (PSC-PSOE) - PSC,0,0,Ministerio del Interior / portal oficial de datos abiertos,PRIMARY_OFFICIAL
2019A,2019-04-28,"7 - Balears, Illes",PARTIT POPULAR-PARTIDO POPULAR - PP,0,0,Ministerio del Interior / portal oficial de datos abiertos,PRIMARY_OFFICIAL
2019A,2019-04-28,"7 - Balears, Illes",PARTIT SOCIALISTA OBRER ESPANYOL - PSOE,136698,3,Ministerio del Interior / portal oficial de datos abiertos,PRIMARY_OFFICIAL
2019A,2019-04-28,"7 - Balears, Illes",PER UN MÓN MÉS JUST - PUM+J,0,0,Ministerio del Interior / portal oficial de datos abiertos,PRIMARY_OFFICIAL
2019A,2019-04-28,"7 - Balears, Illes",PLATAFORMA DEL PUEBLO SORIANO - PPSO,0,0,Ministerio del Interior / portal oficial de datos abiertos,PRIMARY_OFFICIAL
2019A,2019-04-28,"7 - Balears, Illes",POBLE LLIURE - SOM ALTERNATIVA - PIRATES DE CATALU - FRONT REPUB,0,0,Ministerio del Interior / portal oficial de datos abiertos,PRIMARY_OFFICIAL
2019A,2019-04-28,"7 - Balears, Illes",POR UN MUNDO MÁS JUSTO (BIDEZKO MUNDURANTZ) - PUM+J,0,0,Ministerio del Interior / portal oficial de datos abiertos,PRIMARY_OFFICIAL
2019A,2019-04-28,"7 - Balears, Illes",POR UN MUNDO MÁS JUSTO - PUM+J,686,0,Ministerio del Interior / portal oficial de datos abiertos,PRIMARY_OFFICIAL
2019A,2019-04-28,"7 - Balears, Illes",PUYALON - PYLN,0,0,Ministerio del Interior / portal oficial de datos abiertos,PRIMARY_OFFICIAL
2019A,2019-04-28,"7 - Balears, Illes",RECORTES CERO-GRUPO VERDE - RECORTES CERO-GV,1197,0,Ministerio del Interior / portal oficial de datos abiertos,PRIMARY_OFFICIAL
2019A,2019-04-28,"7 - Balears, Illes",RECORTES CERO-GRUPO VERDE-PARTIDO CASTELLANO-TIERRA COMUNERA - RECORTES CERO-GV-PCAS-TC,0,0,Ministerio del Interior / portal oficial de datos abiertos,PRIMARY_OFFICIAL
2019A,2019-04-28,"7 - Balears, Illes",SOM VALENCIANS EN MOVIMENT - UIG-SOM-CUIDES,0,0,Ministerio del Interior / portal oficial de datos abiertos,PRIMARY_OFFICIAL
2019A,2019-04-28,"7 - Balears, Illes",SOMOS REGIÓN - SOMOS REGIÓ,0,0,Ministerio del Interior / portal oficial de datos abiertos,PRIMARY_OFFICIAL
2019A,2019-04-28,"7 - Balears, Illes",UNIDAS PODEMOS - PODEMOS-EUPV,0,0,Ministerio del Interior / portal oficial de datos abiertos,PRIMARY_OFFICIAL
2019A,2019-04-28,"7 - Balears, Illes",UNIDAS PODEMOS - PODEMOS-IU LV CA-EQUO,0,0,Ministerio del Interior / portal oficial de datos abiertos,PRIMARY_OFFICIAL
2019A,2019-04-28,"7 - Balears, Illes",UNIDAS PODEMOS - PODEMOS-IU-EQUO,0,0,Ministerio del Interior / portal oficial de datos abiertos,PRIMARY_OFFICIAL
2019A,2019-04-28,"7 - Balears, Illes",UNIDAS PODEMOS - PODEMOS-IU-EQUO-BATZARRE,0,0,Ministerio del Interior / portal oficial de datos abiertos,PRIMARY_OFFICIAL
2019A,2019-04-28,"7 - Balears, Illes",UNIDAS PODEMOS-ALTOARAGÓN EN COMÚN - PODEMOS-IU-,0,0,Ministerio del Interior / portal oficial de datos abiertos,PRIMARY_OFFICIAL
2019A,2019-04-28,"7 - Balears, Illes",UNIDAS PODEMOS-UNIDES PODEM - PODEMOS-EUIB,92477,2,Ministerio del Interior / portal oficial de datos abiertos,PRIMARY_OFFICIAL
2019A,2019-04-28,"7 - Balears, Illes",UNIDAS PODEMOS-XUNIES PODEMOS - PODEMOS-IX-EQUO,0,0,Ministerio del Interior / portal oficial de datos abiertos,PRIMARY_OFFICIAL
2019A,2019-04-28,"7 - Balears, Illes",UNIÓN DE TODOS - UDT,0,0,Ministerio del Interior / portal oficial de datos abiertos,PRIMARY_OFFICIAL
2019A,2019-04-28,"7 - Balears, Illes",UNIÓN REGIONALISTA DE CASTILLA Y LEÓN - UNIÓN REGIO,0,0,Ministerio del Interior / portal oficial de datos abiertos,PRIMARY_OFFICIAL
2019A,2019-04-28,"7 - Balears, Illes",VIVIR OURENSE - VOU,0,0,Ministerio del Interior / portal oficial de datos abiertos,PRIMARY_OFFICIAL
2019A,2019-04-28,"7 - Balears, Illes",VOX - VOX,58567,1,Ministerio del Interior / portal oficial de datos abiertos,PRIMARY_OFFICIAL
2019A,2019-04-28,"7 - Balears, Illes",Veus PROGRESSISTES - ARA-MES-ESQUERRA,25191,0,Ministerio del Interior / portal oficial de datos abiertos,PRIMARY_OFFICIAL
2019A,2019-04-28,8 - Barcelona,ACTÚA - PACT,0,0,Ministerio del Interior / portal oficial de datos abiertos,PRIMARY_OFFICIAL
2019A,2019-04-28,8 - Barcelona,AHORA CANARIAS: Alternativa Nacionalista Canaria ANC y Unidad del Pueblo - AHORA CANARIAS,0,0,Ministerio del Interior / portal oficial de datos abiertos,PRIMARY_OFFICIAL
2019A,2019-04-28,8 - Barcelona,ANDALUCÍA POR SÍ - AxSI,0,0,Ministerio del Interior / portal oficial de datos abiertos,PRIMARY_OFFICIAL
2019A,2019-04-28,8 - Barcelona,ANDECHA ASTUR - ANDECHA ASTUR,0,0,Ministerio del Interior / portal oficial de datos abiertos,PRIMARY_OFFICIAL
2019A,2019-04-28,8 - Barcelona,AVANT ADELANTE LOS VERDES - AVANT ADELANTE LOS VERDES,0,0,Ministerio del Interior / portal oficial de datos abiertos,PRIMARY_OFFICIAL
2019A,2019-04-28,8 - Barcelona,BLOQUE NACIONALISTA GALEGO - BNG,0,0,Ministerio del Interior / portal oficial de datos abiertos,PRIMARY_OFFICIAL
2019A,2019-04-28,8 - Barcelona,CENTRADOS - centrados,0,0,Ministerio del Interior / portal oficial de datos abiertos,PRIMARY_OFFICIAL
2019A,2019-04-28,8 - Barcelona,CIUDADANOS INDEPENDIENTES DE LINARES UNIDOS - CILU-LINARES,0,0,Ministerio del Interior / portal oficial de datos abiertos,PRIMARY_OFFICIAL
2019A,2019-04-28,8 - Barcelona,CIUDADANOS-PARTIDO DE LA CIUDADANÍA - Cs,373820,4,Ministerio del Interior / portal oficial de datos abiertos,PRIMARY_OFFICIAL
2019A,2019-04-28,8 - Barcelona,CIUTADANS-PARTIDO DE LA CIUDADANÍA - Cs,0,0,Ministerio del Interior / portal oficial de datos abiertos,PRIMARY_OFFICIAL
2019A,2019-04-28,8 - Barcelona,COALICION CANARIA-PARTIDO NACIONALISTA CANARIO - CCa-PNC,0,0,Ministerio del Interior / portal oficial de datos abiertos,PRIMARY_OFFICIAL
2019A,2019-04-28,8 - Barcelona,COALICION POR MELILLA - CpM,0,0,Ministerio del Interior / portal oficial de datos abiertos,PRIMARY_OFFICIAL
2019A,2019-04-28,8 - Barcelona,COMPROMISO POR GALICIA - CxG,0,0,Ministerio del Interior / portal oficial de datos abiertos,PRIMARY_OFFICIAL
2019A,2019-04-28,8 - Barcelona,COMPROMÍS: BLOC-INICIATIVA-VERDSEQUO - COMPROMÍS 2,0,0,Ministerio del Interior / portal oficial de datos abiertos,PRIMARY_OFFICIAL
2019A,2019-04-28,8 - Barcelona,CONVERGENTS - CNV,1793,0,Ministerio del Interior / portal oficial de datos abiertos,PRIMARY_OFFICIAL
2019A,2019-04-28,8 - Barcelona,CONVERXENCIA 21 - C 21,0,0,Ministerio del Interior / portal oficial de datos abiertos,PRIMARY_OFFICIAL
2019A,2019-04-28,8 - Barcelona,DEFENSA DE LO PÚBLICO - DP,0,0,Ministerio del Interior / portal oficial de datos abiertos,PRIMARY_OFFICIAL
2019A,2019-04-28,8 - Barcelona,DEMOCRACIA PLURAL - DPL,0,0,Ministerio del Interior / portal oficial de datos abiertos,PRIMARY_OFFICIAL
2019A,2019-04-28,8 - Barcelona,EL PI - PROPOSTA PER LES ILLES BALEARS - EL PI,0,0,Ministerio del Interior / portal oficial de datos abiertos,PRIMARY_OFFICIAL
2019A,2019-04-28,8 - Barcelona,ELKARREKIN PODEMOS-UNIDAS PODEMOS - PODEMOS-IU-EQUO BERDEAK,0,0,Ministerio del Interior / portal oficial de datos abiertos,PRIMARY_OFFICIAL
2019A,2019-04-28,8 - Barcelona,EN COMÚ PODEM - GUANYEM EL CANVI - ECP-GUANYEM,509016,6,Ministerio del Interior / portal oficial de datos abiertos,PRIMARY_OFFICIAL
2019A,2019-04-28,8 - Barcelona,EN COMÚN-UNIDAS PODEMOS - PODEMOS-EU-,0,0,Ministerio del Interior / portal oficial de datos abiertos,PRIMARY_OFFICIAL
2019A,2019-04-28,8 - Barcelona,EN MAREA - EN MAREA,0,0,Ministerio del Interior / portal oficial de datos abiertos,PRIMARY_OFFICIAL
2019A,2019-04-28,8 - Barcelona,ESCANOS EN BRANCO - EB,0,0,Ministerio del Interior / portal oficial de datos abiertos,PRIMARY_OFFICIAL
2019A,2019-04-28,8 - Barcelona,ESCAÑOS EN BLANCO - EB,0,0,Ministerio del Interior / portal oficial de datos abiertos,PRIMARY_OFFICIAL
2019A,2019-04-28,8 - Barcelona,ESCAÑOS EN BLANCO-AULKI ZURIAK - EB,0,0,Ministerio del Interior / portal oficial de datos abiertos,PRIMARY_OFFICIAL
2019A,2019-04-28,8 - Barcelona,ESQUERRA REPUBLICANA DE CATALUNYA-SOBIRANISTES - ERC-SOBIRANISTES,716714,8,Ministerio del Interior / portal oficial de datos abiertos,PRIMARY_OFFICIAL
2019A,2019-04-28,8 - Barcelona,ESQUERRA REPUBLICANA DEL PAÍS VALENCIÀ - ERPV,0,0,Ministerio del Interior / portal oficial de datos abiertos,PRIMARY_OFFICIAL
2019A,2019-04-28,8 - Barcelona,EUSKADIKO LANGILEEN ALDERDI KOMUNISTA/PARTIDO COMUNISTA DE LOS TRABAJADORES DE EUSKADI - ELAK/PCTE,0,0,Ministerio del Interior / portal oficial de datos abiertos,PRIMARY_OFFICIAL
2019A,2019-04-28,8 - Barcelona,EUSKAL HERRIA BILDU - EH Bildu,0,0,Ministerio del Interior / portal oficial de datos abiertos,PRIMARY_OFFICIAL
2019A,2019-04-28,8 - Barcelona,EUZKO ALDERDI JELTZALEA-PARTIDO NACIONALISTA VASCO - EAJ-PNV,0,0,Ministerio del Interior / portal oficial de datos abiertos,PRIMARY_OFFICIAL
2019A,2019-04-28,8 - Barcelona,EXTREMEÑOS PREX CREX - C.Ex-C.R.Ex,0,0,Ministerio del Interior / portal oficial de datos abiertos,PRIMARY_OFFICIAL
2019A,2019-04-28,8 - Barcelona,FALANGE ESPAÑOLA DE LAS JONS - FE de las J,0,0,Ministerio del Interior / portal oficial de datos abiertos,PRIMARY_OFFICIAL
2019A,2019-04-28,8 - Barcelona,FEDERACION DE LOS INDEPENDIENTES DE ARAGON - FIA,0,0,Ministerio del Interior / portal oficial de datos abiertos,PRIMARY_OFFICIAL
2019A,2019-04-28,8 - Barcelona,FEMINISM8 - F8,0,0,Ministerio del Interior / portal oficial de datos abiertos,PRIMARY_OFFICIAL
2019A,2019-04-28,8 - Barcelona,GEROA BAI - GBAI,0,0,Ministerio del Interior / portal oficial de datos abiertos,PRIMARY_OFFICIAL
2019A,2019-04-28,8 - Barcelona,IZQUIERDA ANTICAPITALISTA REVOLUCIONARIA - IZAR,0,0,Ministerio del Interior / portal oficial de datos abiertos,PRIMARY_OFFICIAL
2019A,2019-04-28,8 - Barcelona,IZQUIERDA EN POSITIVO - IZQP,2213,0,Ministerio del Interior / portal oficial de datos abiertos,PRIMARY_OFFICIAL
2019A,2019-04-28,8 - Barcelona,JUNTS PER CATALUNYA-JUNTS - JxCAT-JUNTS,316904,3,Ministerio del Interior / portal oficial de datos abiertos,PRIMARY_OFFICIAL
2019A,2019-04-28,8 - Barcelona,LOS VERDES ECOPACIFISTAS ADELANTE - AVANT-LOS VERDES,0,0,Ministerio del Interior / portal oficial de datos abiertos,PRIMARY_OFFICIAL
2019A,2019-04-28,8 - Barcelona,MUERTE AL SISTEMA - +MAS+,0,0,Ministerio del Interior / portal oficial de datos abiertos,PRIMARY_OFFICIAL
2019A,2019-04-28,8 - Barcelona,NAVARRA SUMA - NA+,0,0,Ministerio del Interior / portal oficial de datos abiertos,PRIMARY_OFFICIAL
2019A,2019-04-28,8 - Barcelona,NUEVA CANARIAS - NCa,0,0,Ministerio del Interior / portal oficial de datos abiertos,PRIMARY_OFFICIAL
2019A,2019-04-28,8 - Barcelona,PARTIDO ANIMALISTA CONTRA EL MALTRATO ANIMAL - PACMA,0,0,Ministerio del Interior / portal oficial de datos abiertos,PRIMARY_OFFICIAL
2019A,2019-04-28,8 - Barcelona,PARTIDO COMUNISTA DE LOS PUEBLOS DE ESPAÑA - PCPE,0,0,Ministerio del Interior / portal oficial de datos abiertos,PRIMARY_OFFICIAL
2019A,2019-04-28,8 - Barcelona,PARTIDO COMUNISTA DE LOS TRABAJADORES DE ESPAÑA - PCTE,0,0,Ministerio del Interior / portal oficial de datos abiertos,PRIMARY_OFFICIAL
2019A,2019-04-28,8 - Barcelona,PARTIDO COMUNISTA DE LOS TRABAJADORES DE EUSKADI/EUSKADIKO LANGILEEN ALDERDI KOMUNISTA - PCTE/ELAK,0,0,Ministerio del Interior / portal oficial de datos abiertos,PRIMARY_OFFICIAL
2019A,2019-04-28,8 - Barcelona,PARTIDO COMUNISTA DEL PUEBLO ANDALUZ - PCPA,0,0,Ministerio del Interior / portal oficial de datos abiertos,PRIMARY_OFFICIAL
2019A,2019-04-28,8 - Barcelona,PARTIDO COMUNISTA DEL PUEBLO CANARIO - PCPC,0,0,Ministerio del Interior / portal oficial de datos abiertos,PRIMARY_OFFICIAL
2019A,2019-04-28,8 - Barcelona,PARTIDO COMUNISTA DOS TRABALLADORES DE GALIZA - PCTG,0,0,Ministerio del Interior / portal oficial de datos abiertos,PRIMARY_OFFICIAL
2019A,2019-04-28,8 - Barcelona,PARTIDO COMUNISTA OBRERO ESPAÑOL - PCOE,0,0,Ministerio del Interior / portal oficial de datos abiertos,PRIMARY_OFFICIAL
2019A,2019-04-28,8 - Barcelona,PARTIDO DE ACCIÓN SOLIDARIA EUROPEA - SOLIDARIA,0,0,Ministerio del Interior / portal oficial de datos abiertos,PRIMARY_OFFICIAL
2019A,2019-04-28,8 - Barcelona,"PARTIDO DE JUBILADOS POR EL FUTURO. DIGNIDAD Y DEMOCRACIA - ""JF""",0,0,Ministerio del Interior / portal oficial de datos abiertos,PRIMARY_OFFICIAL
2019A,2019-04-28,8 - Barcelona,PARTIDO DEMÓCRATA SOCIAL JUBILADOS EUROPEOS - UNID - PDSJE-UDEC,0,0,Ministerio del Interior / portal oficial de datos abiertos,PRIMARY_OFFICIAL
2019A,2019-04-28,8 - Barcelona,PARTIDO DOS SOCIALISTAS DE GALICIA-PARTIDO SOCIALI - PSdeG-PSOE,0,0,Ministerio del Interior / portal oficial de datos abiertos,PRIMARY_OFFICIAL
2019A,2019-04-28,8 - Barcelona,PARTIDO HUMANISTA - PH,0,0,Ministerio del Interior / portal oficial de datos abiertos,PRIMARY_OFFICIAL
2019A,2019-04-28,8 - Barcelona,PARTIDO LIBERTARIO - P-LIB,0,0,Ministerio del Interior / portal oficial de datos abiertos,PRIMARY_OFFICIAL
2019A,2019-04-28,8 - Barcelona,PARTIDO POPULAR - FORO - PP-FORO,0,0,Ministerio del Interior / portal oficial de datos abiertos,PRIMARY_OFFICIAL
2019A,2019-04-28,8 - Barcelona,PARTIDO POPULAR - PP,0,0,Ministerio del Interior / portal oficial de datos abiertos,PRIMARY_OFFICIAL
2019A,2019-04-28,8 - Barcelona,PARTIDO POPULAR/PARTIT POPULAR - PP,155935,1,Ministerio del Interior / portal oficial de datos abiertos,PRIMARY_OFFICIAL
2019A,2019-04-28,8 - Barcelona,PARTIDO REGIONALISTA DE CANTABRIA - PRC,0,0,Ministerio del Interior / portal oficial de datos abiertos,PRIMARY_OFFICIAL
2019A,2019-04-28,8 - Barcelona,PARTIDO REGIONALISTA DEL PAIS LEONES - PREPAL,0,0,Ministerio del Interior / portal oficial de datos abiertos,PRIMARY_OFFICIAL
2019A,2019-04-28,8 - Barcelona,PARTIDO REPUBLICANO INDEPENDIENTE SOLIDARIO ANDALUZ - RISA,0,0,Ministerio del Interior / portal oficial de datos abiertos,PRIMARY_OFFICIAL
2019A,2019-04-28,8 - Barcelona,PARTIDO RIOJANO - PR+,0,0,Ministerio del Interior / portal oficial de datos abiertos,PRIMARY_OFFICIAL
2019A,2019-04-28,8 - Barcelona,PARTIDO SOCIALISTA DE EUSKADI-EUSKADIKO EZKERRA (PSOE) - PSE-EE (PSOE),0,0,Ministerio del Interior / portal oficial de datos abiertos,PRIMARY_OFFICIAL
2019A,2019-04-28,8 - Barcelona,PARTIDO SOCIALISTA OBRERO ESPAÑOL - PSOE,0,0,Ministerio del Interior / portal oficial de datos abiertos,PRIMARY_OFFICIAL
2019A,2019-04-28,8 - Barcelona,PARTIT ANIMALISTA CONTRA EL MALTRACTAMENT ANIMAL - PACMA,50505,0,Ministerio del Interior / portal oficial de datos abiertos,PRIMARY_OFFICIAL
2019A,2019-04-28,8 - Barcelona,PARTIT COMUNISTA DEL POBLE DE CATALUNYA - PCPC,2555,0,Ministerio del Interior / portal oficial de datos abiertos,PRIMARY_OFFICIAL
2019A,2019-04-28,8 - Barcelona,PARTIT COMUNISTA DELS POBLES D'ESPANYA - PCPE,0,0,Ministerio del Interior / portal oficial de datos abiertos,PRIMARY_OFFICIAL
2019A,2019-04-28,8 - Barcelona,PARTIT COMUNISTA DELS TREBALLADORS DE CATALUNYA - PCTC,1882,0,Ministerio del Interior / portal oficial de datos abiertos,PRIMARY_OFFICIAL
2019A,2019-04-28,8 - Barcelona,PARTIT DELS SOCIALISTES DE CATALUNYA (PSC-PSOE) - PSC,769548,9,Ministerio del Interior / portal oficial de datos abiertos,PRIMARY_OFFICIAL
2019A,2019-04-28,8 - Barcelona,PARTIT POPULAR-PARTIDO POPULAR - PP,0,0,Ministerio del Interior / portal oficial de datos abiertos,PRIMARY_OFFICIAL
2019A,2019-04-28,8 - Barcelona,PARTIT SOCIALISTA OBRER ESPANYOL - PSOE,0,0,Ministerio del Interior / portal oficial de datos abiertos,PRIMARY_OFFICIAL
2019A,2019-04-28,8 - Barcelona,PER UN MÓN MÉS JUST - PUM+J,0,0,Ministerio del Interior / portal oficial de datos abiertos,PRIMARY_OFFICIAL
2019A,2019-04-28,8 - Barcelona,PLATAFORMA DEL PUEBLO SORIANO - PPSO,0,0,Ministerio del Interior / portal oficial de datos abiertos,PRIMARY_OFFICIAL
2019A,2019-04-28,8 - Barcelona,POBLE LLIURE - SOM ALTERNATIVA - PIRATES DE CATALU - FRONT REPUB,84945,0,Ministerio del Interior / portal oficial de datos abiertos,PRIMARY_OFFICIAL
2019A,2019-04-28,8 - Barcelona,POR UN MUNDO MÁS JUSTO (BIDEZKO MUNDURANTZ) - PUM+J,0,0,Ministerio del Interior / portal oficial de datos abiertos,PRIMARY_OFFICIAL
2019A,2019-04-28,8 - Barcelona,POR UN MUNDO MÁS JUSTO - PUM+J,0,0,Ministerio del Interior / portal oficial de datos abiertos,PRIMARY_OFFICIAL
2019A,2019-04-28,8 - Barcelona,PUYALON - PYLN,0,0,Ministerio del Interior / portal oficial de datos abiertos,PRIMARY_OFFICIAL
2019A,2019-04-28,8 - Barcelona,RECORTES CERO-GRUPO VERDE - RECORTES CERO-GV,5845,0,Ministerio del Interior / portal oficial de datos abiertos,PRIMARY_OFFICIAL
2019A,2019-04-28,8 - Barcelona,RECORTES CERO-GRUPO VERDE-PARTIDO CASTELLANO-TIERRA COMUNERA - RECORTES CERO-GV-PCAS-TC,0,0,Ministerio del Interior / portal oficial de datos abiertos,PRIMARY_OFFICIAL
2019A,2019-04-28,8 - Barcelona,SOM VALENCIANS EN MOVIMENT - UIG-SOM-CUIDES,0,0,Ministerio del Interior / portal oficial de datos abiertos,PRIMARY_OFFICIAL
2019A,2019-04-28,8 - Barcelona,SOMOS REGIÓN - SOMOS REGIÓ,0,0,Ministerio del Interior / portal oficial de datos abiertos,PRIMARY_OFFICIAL
2019A,2019-04-28,8 - Barcelona,UNIDAS PODEMOS - PODEMOS-EUPV,0,0,Ministerio del Interior / portal oficial de datos abiertos,PRIMARY_OFFICIAL
2019A,2019-04-28,8 - Barcelona,UNIDAS PODEMOS - PODEMOS-IU LV CA-EQUO,0,0,Ministerio del Interior / portal oficial de datos abiertos,PRIMARY_OFFICIAL
2019A,2019-04-28,8 - Barcelona,UNIDAS PODEMOS - PODEMOS-IU-EQUO,0,0,Ministerio del Interior / portal oficial de datos abiertos,PRIMARY_OFFICIAL
2019A,2019-04-28,8 - Barcelona,UNIDAS PODEMOS - PODEMOS-IU-EQUO-BATZARRE,0,0,Ministerio del Interior / portal oficial de datos abiertos,PRIMARY_OFFICIAL
2019A,2019-04-28,8 - Barcelona,UNIDAS PODEMOS-ALTOARAGÓN EN COMÚN - PODEMOS-IU-,0,0,Ministerio del Interior / portal oficial de datos abiertos,PRIMARY_OFFICIAL
2019A,2019-04-28,8 - Barcelona,UNIDAS PODEMOS-UNIDES PODEM - PODEMOS-EUIB,0,0,Ministerio del Interior / portal oficial de datos abiertos,PRIMARY_OFFICIAL
2019A,2019-04-28,8 - Barcelona,UNIDAS PODEMOS-XUNIES PODEMOS - PODEMOS-IX-EQUO,0,0,Ministerio del Interior / portal oficial de datos abiertos,PRIMARY_OFFICIAL
2019A,2019-04-28,8 - Barcelona,UNIÓN DE TODOS - UDT,0,0,Ministerio del Interior / portal oficial de datos abiertos,PRIMARY_OFFICIAL
2019A,2019-04-28,8 - Barcelona,UNIÓN REGIONALISTA DE CASTILLA Y LEÓN - UNIÓN REGIO,0,0,Ministerio del Interior / portal oficial de datos abiertos,PRIMARY_OFFICIAL
2019A,2019-04-28,8 - Barcelona,VIVIR OURENSE - VOU,0,0,Ministerio del Interior / portal oficial de datos abiertos,PRIMARY_OFFICIAL
2019A,2019-04-28,8 - Barcelona,VOX - VOX,112019,1,Ministerio del Interior / portal oficial de datos abiertos,PRIMARY_OFFICIAL
2019A,2019-04-28,8 - Barcelona,Veus PROGRESSISTES - ARA-MES-ESQUERRA,0,0,Ministerio del Interior / portal oficial de datos abiertos,PRIMARY_OFFICIAL
2019A,2019-04-28,9 - Burgos,ACTÚA - PACT,0,0,Ministerio del Interior / portal oficial de datos abiertos,PRIMARY_OFFICIAL
2019A,2019-04-28,9 - Burgos,AHORA CANARIAS: Alternativa Nacionalista Canaria ANC y Unidad del Pueblo - AHORA CANARIAS,0,0,Ministerio del Interior / portal oficial de datos abiertos,PRIMARY_OFFICIAL
2019A,2019-04-28,9 - Burgos,ANDALUCÍA POR SÍ - AxSI,0,0,Ministerio del Interior / portal oficial de datos abiertos,PRIMARY_OFFICIAL
2019A,2019-04-28,9 - Burgos,ANDECHA ASTUR - ANDECHA ASTUR,0,0,Ministerio del Interior / portal oficial de datos abiertos,PRIMARY_OFFICIAL
2019A,2019-04-28,9 - Burgos,AVANT ADELANTE LOS VERDES - AVANT ADELANTE LOS VERDES,0,0,Ministerio del Interior / portal oficial de datos abiertos,PRIMARY_OFFICIAL
2019A,2019-04-28,9 - Burgos,BLOQUE NACIONALISTA GALEGO - BNG,0,0,Ministerio del Interior / portal oficial de datos abiertos,PRIMARY_OFFICIAL
2019A,2019-04-28,9 - Burgos,CENTRADOS - centrados,0,0,Ministerio del Interior / portal oficial de datos abiertos,PRIMARY_OFFICIAL
2019A,2019-04-28,9 - Burgos,CIUDADANOS INDEPENDIENTES DE LINARES UNIDOS - CILU-LINARES,0,0,Ministerio del Interior / portal oficial de datos abiertos,PRIMARY_OFFICIAL
2019A,2019-04-28,9 - Burgos,CIUDADANOS-PARTIDO DE LA CIUDADANÍA - Cs,43533,1,Ministerio del Interior / portal oficial de datos abiertos,PRIMARY_OFFICIAL
2019A,2019-04-28,9 - Burgos,CIUTADANS-PARTIDO DE LA CIUDADANÍA - Cs,0,0,Ministerio del Interior / portal oficial de datos abiertos,PRIMARY_OFFICIAL
2019A,2019-04-28,9 - Burgos,COALICION CANARIA-PARTIDO NACIONALISTA CANARIO - CCa-PNC,0,0,Ministerio del Interior / portal oficial de datos abiertos,PRIMARY_OFFICIAL
2019A,2019-04-28,9 - Burgos,COALICION POR MELILLA - CpM,0,0,Ministerio del Interior / portal oficial de datos abiertos,PRIMARY_OFFICIAL
2019A,2019-04-28,9 - Burgos,COMPROMISO POR GALICIA - CxG,0,0,Ministerio del Interior / portal oficial de datos abiertos,PRIMARY_OFFICIAL
2019A,2019-04-28,9 - Burgos,COMPROMÍS: BLOC-INICIATIVA-VERDSEQUO - COMPROMÍS 2,0,0,Ministerio del Interior / portal oficial de datos abiertos,PRIMARY_OFFICIAL
2019A,2019-04-28,9 - Burgos,CONVERGENTS - CNV,0,0,Ministerio del Interior / portal oficial de datos abiertos,PRIMARY_OFFICIAL
2019A,2019-04-28,9 - Burgos,CONVERXENCIA 21 - C 21,0,0,Ministerio del Interior / portal oficial de datos abiertos,PRIMARY_OFFICIAL
2019A,2019-04-28,9 - Burgos,DEFENSA DE LO PÚBLICO - DP,0,0,Ministerio del Interior / portal oficial de datos abiertos,PRIMARY_OFFICIAL
2019A,2019-04-28,9 - Burgos,DEMOCRACIA PLURAL - DPL,0,0,Ministerio del Interior / portal oficial de datos abiertos,PRIMARY_OFFICIAL
2019A,2019-04-28,9 - Burgos,EL PI - PROPOSTA PER LES ILLES BALEARS - EL PI,0,0,Ministerio del Interior / portal oficial de datos abiertos,PRIMARY_OFFICIAL
2019A,2019-04-28,9 - Burgos,ELKARREKIN PODEMOS-UNIDAS PODEMOS - PODEMOS-IU-EQUO BERDEAK,0,0,Ministerio del Interior / portal oficial de datos abiertos,PRIMARY_OFFICIAL
2019A,2019-04-28,9 - Burgos,EN COMÚ PODEM - GUANYEM EL CANVI - ECP-GUANYEM,0,0,Ministerio del Interior / portal oficial de datos abiertos,PRIMARY_OFFICIAL
2019A,2019-04-28,9 - Burgos,EN COMÚN-UNIDAS PODEMOS - PODEMOS-EU-,0,0,Ministerio del Interior / portal oficial de datos abiertos,PRIMARY_OFFICIAL
2019A,2019-04-28,9 - Burgos,EN MAREA - EN MAREA,0,0,Ministerio del Interior / portal oficial de datos abiertos,PRIMARY_OFFICIAL
2019A,2019-04-28,9 - Burgos,ESCANOS EN BRANCO - EB,0,0,Ministerio del Interior / portal oficial de datos abiertos,PRIMARY_OFFICIAL
2019A,2019-04-28,9 - Burgos,ESCAÑOS EN BLANCO - EB,0,0,Ministerio del Interior / portal oficial de datos abiertos,PRIMARY_OFFICIAL
2019A,2019-04-28,9 - Burgos,ESCAÑOS EN BLANCO-AULKI ZURIAK - EB,0,0,Ministerio del Interior / portal oficial de datos abiertos,PRIMARY_OFFICIAL
2019A,2019-04-28,9 - Burgos,ESQUERRA REPUBLICANA DE CATALUNYA-SOBIRANISTES - ERC-SOBIRANISTES,0,0,Ministerio del Interior / portal oficial de datos abiertos,PRIMARY_OFFICIAL
2019A,2019-04-28,9 - Burgos,ESQUERRA REPUBLICANA DEL PAÍS VALENCIÀ - ERPV,0,0,Ministerio del Interior / portal oficial de datos abiertos,PRIMARY_OFFICIAL
2019A,2019-04-28,9 - Burgos,EUSKADIKO LANGILEEN ALDERDI KOMUNISTA/PARTIDO COMUNISTA DE LOS TRABAJADORES DE EUSKADI - ELAK/PCTE,0,0,Ministerio del Interior / portal oficial de datos abiertos,PRIMARY_OFFICIAL
2019A,2019-04-28,9 - Burgos,EUSKAL HERRIA BILDU - EH Bildu,0,0,Ministerio del Interior / portal oficial de datos abiertos,PRIMARY_OFFICIAL
2019A,2019-04-28,9 - Burgos,EUZKO ALDERDI JELTZALEA-PARTIDO NACIONALISTA VASCO - EAJ-PNV,0,0,Ministerio del Interior / portal oficial de datos abiertos,PRIMARY_OFFICIAL
2019A,2019-04-28,9 - Burgos,EXTREMEÑOS PREX CREX - C.Ex-C.R.Ex,0,0,Ministerio del Interior / portal oficial de datos abiertos,PRIMARY_OFFICIAL
2019A,2019-04-28,9 - Burgos,FALANGE ESPAÑOLA DE LAS JONS - FE de las J,0,0,Ministerio del Interior / portal oficial de datos abiertos,PRIMARY_OFFICIAL
2019A,2019-04-28,9 - Burgos,FEDERACION DE LOS INDEPENDIENTES DE ARAGON - FIA,0,0,Ministerio del Interior / portal oficial de datos abiertos,PRIMARY_OFFICIAL
2019A,2019-04-28,9 - Burgos,FEMINISM8 - F8,0,0,Ministerio del Interior / portal oficial de datos abiertos,PRIMARY_OFFICIAL
2019A,2019-04-28,9 - Burgos,GEROA BAI - GBAI,0,0,Ministerio del Interior / portal oficial de datos abiertos,PRIMARY_OFFICIAL
2019A,2019-04-28,9 - Burgos,IZQUIERDA ANTICAPITALISTA REVOLUCIONARIA - IZAR,0,0,Ministerio del Interior / portal oficial de datos abiertos,PRIMARY_OFFICIAL
2019A,2019-04-28,9 - Burgos,IZQUIERDA EN POSITIVO - IZQP,0,0,Ministerio del Interior / portal oficial de datos abiertos,PRIMARY_OFFICIAL
2019A,2019-04-28,9 - Burgos,JUNTS PER CATALUNYA-JUNTS - JxCAT-JUNTS,0,0,Ministerio del Interior / portal oficial de datos abiertos,PRIMARY_OFFICIAL
2019A,2019-04-28,9 - Burgos,LOS VERDES ECOPACIFISTAS ADELANTE - AVANT-LOS VERDES,0,0,Ministerio del Interior / portal oficial de datos abiertos,PRIMARY_OFFICIAL
2019A,2019-04-28,9 - Burgos,MUERTE AL SISTEMA - +MAS+,0,0,Ministerio del Interior / portal oficial de datos abiertos,PRIMARY_OFFICIAL
2019A,2019-04-28,9 - Burgos,NAVARRA SUMA - NA+,0,0,Ministerio del Interior / portal oficial de datos abiertos,PRIMARY_OFFICIAL
2019A,2019-04-28,9 - Burgos,NUEVA CANARIAS - NCa,0,0,Ministerio del Interior / portal oficial de datos abiertos,PRIMARY_OFFICIAL
2019A,2019-04-28,9 - Burgos,PARTIDO ANIMALISTA CONTRA EL MALTRATO ANIMAL - PACMA,1981,0,Ministerio del Interior / portal oficial de datos abiertos,PRIMARY_OFFICIAL
2019A,2019-04-28,9 - Burgos,PARTIDO COMUNISTA DE LOS PUEBLOS DE ESPAÑA - PCPE,0,0,Ministerio del Interior / portal oficial de datos abiertos,PRIMARY_OFFICIAL
2019A,2019-04-28,9 - Burgos,PARTIDO COMUNISTA DE LOS TRABAJADORES DE ESPAÑA - PCTE,421,0,Ministerio del Interior / portal oficial de datos abiertos,PRIMARY_OFFICIAL
2019A,2019-04-28,9 - Burgos,PARTIDO COMUNISTA DE LOS TRABAJADORES DE EUSKADI/EUSKADIKO LANGILEEN ALDERDI KOMUNISTA - PCTE/ELAK,0,0,Ministerio del Interior / portal oficial de datos abiertos,PRIMARY_OFFICIAL
2019A,2019-04-28,9 - Burgos,PARTIDO COMUNISTA DEL PUEBLO ANDALUZ - PCPA,0,0,Ministerio del Interior / portal oficial de datos abiertos,PRIMARY_OFFICIAL
2019A,2019-04-28,9 - Burgos,PARTIDO COMUNISTA DEL PUEBLO CANARIO - PCPC,0,0,Ministerio del Interior / portal oficial de datos abiertos,PRIMARY_OFFICIAL
2019A,2019-04-28,9 - Burgos,PARTIDO COMUNISTA DOS TRABALLADORES DE GALIZA - PCTG,0,0,Ministerio del Interior / portal oficial de datos abiertos,PRIMARY_OFFICIAL
2019A,2019-04-28,9 - Burgos,PARTIDO COMUNISTA OBRERO ESPAÑOL - PCOE,0,0,Ministerio del Interior / portal oficial de datos abiertos,PRIMARY_OFFICIAL
2019A,2019-04-28,9 - Burgos,PARTIDO DE ACCIÓN SOLIDARIA EUROPEA - SOLIDARIA,0,0,Ministerio del Interior / portal oficial de datos abiertos,PRIMARY_OFFICIAL
2019A,2019-04-28,9 - Burgos,"PARTIDO DE JUBILADOS POR EL FUTURO. DIGNIDAD Y DEMOCRACIA - ""JF""",0,0,Ministerio del Interior / portal oficial de datos abiertos,PRIMARY_OFFICIAL
2019A,2019-04-28,9 - Burgos,PARTIDO DEMÓCRATA SOCIAL JUBILADOS EUROPEOS - UNID - PDSJE-UDEC,0,0,Ministerio del Interior / portal oficial de datos abiertos,PRIMARY_OFFICIAL
2019A,2019-04-28,9 - Burgos,PARTIDO DOS SOCIALISTAS DE GALICIA-PARTIDO SOCIALI - PSdeG-PSOE,0,0,Ministerio del Interior / portal oficial de datos abiertos,PRIMARY_OFFICIAL
2019A,2019-04-28,9 - Burgos,PARTIDO HUMANISTA - PH,0,0,Ministerio del Interior / portal oficial de datos abiertos,PRIMARY_OFFICIAL
2019A,2019-04-28,9 - Burgos,PARTIDO LIBERTARIO - P-LIB,0,0,Ministerio del Interior / portal oficial de datos abiertos,PRIMARY_OFFICIAL
2019A,2019-04-28,9 - Burgos,PARTIDO POPULAR - FORO - PP-FORO,0,0,Ministerio del Interior / portal oficial de datos abiertos,PRIMARY_OFFICIAL
2019A,2019-04-28,9 - Burgos,PARTIDO POPULAR - PP,53926,1,Ministerio del Interior / portal oficial de datos abiertos,PRIMARY_OFFICIAL
2019A,2019-04-28,9 - Burgos,PARTIDO POPULAR/PARTIT POPULAR - PP,0,0,Ministerio del Interior / portal oficial de datos abiertos,PRIMARY_OFFICIAL
2019A,2019-04-28,9 - Burgos,PARTIDO REGIONALISTA DE CANTABRIA - PRC,0,0,Ministerio del Interior / portal oficial de datos abiertos,PRIMARY_OFFICIAL
2019A,2019-04-28,9 - Burgos,PARTIDO REGIONALISTA DEL PAIS LEONES - PREPAL,0,0,Ministerio del Interior / portal oficial de datos abiertos,PRIMARY_OFFICIAL
2019A,2019-04-28,9 - Burgos,PARTIDO REPUBLICANO INDEPENDIENTE SOLIDARIO ANDALUZ - RISA,0,0,Ministerio del Interior / portal oficial de datos abiertos,PRIMARY_OFFICIAL
2019A,2019-04-28,9 - Burgos,PARTIDO RIOJANO - PR+,0,0,Ministerio del Interior / portal oficial de datos abiertos,PRIMARY_OFFICIAL
2019A,2019-04-28,9 - Burgos,PARTIDO SOCIALISTA DE EUSKADI-EUSKADIKO EZKERRA (PSOE) - PSE-EE (PSOE),0,0,Ministerio del Interior / portal oficial de datos abiertos,PRIMARY_OFFICIAL
2019A,2019-04-28,9 - Burgos,PARTIDO SOCIALISTA OBRERO ESPAÑOL - PSOE,64287,2,Ministerio del Interior / portal oficial de datos abiertos,PRIMARY_OFFICIAL
2019A,2019-04-28,9 - Burgos,PARTIT ANIMALISTA CONTRA EL MALTRACTAMENT ANIMAL - PACMA,0,0,Ministerio del Interior / portal oficial de datos abiertos,PRIMARY_OFFICIAL
2019A,2019-04-28,9 - Burgos,PARTIT COMUNISTA DEL POBLE DE CATALUNYA - PCPC,0,0,Ministerio del Interior / portal oficial de datos abiertos,PRIMARY_OFFICIAL
2019A,2019-04-28,9 - Burgos,PARTIT COMUNISTA DELS POBLES D'ESPANYA - PCPE,0,0,Ministerio del Interior / portal oficial de datos abiertos,PRIMARY_OFFICIAL
2019A,2019-04-28,9 - Burgos,PARTIT COMUNISTA DELS TREBALLADORS DE CATALUNYA - PCTC,0,0,Ministerio del Interior / portal oficial de datos abiertos,PRIMARY_OFFICIAL
2019A,2019-04-28,9 - Burgos,PARTIT DELS SOCIALISTES DE CATALUNYA (PSC-PSOE) - PSC,0,0,Ministerio del Interior / portal oficial de datos abiertos,PRIMARY_OFFICIAL
2019A,2019-04-28,9 - Burgos,PARTIT POPULAR-PARTIDO POPULAR - PP,0,0,Ministerio del Interior / portal oficial de datos abiertos,PRIMARY_OFFICIAL
2019A,2019-04-28,9 - Burgos,PARTIT SOCIALISTA OBRER ESPANYOL - PSOE,0,0,Ministerio del Interior / portal oficial de datos abiertos,PRIMARY_OFFICIAL
2019A,2019-04-28,9 - Burgos,PER UN MÓN MÉS JUST - PUM+J,0,0,Ministerio del Interior / portal oficial de datos abiertos,PRIMARY_OFFICIAL
2019A,2019-04-28,9 - Burgos,PLATAFORMA DEL PUEBLO SORIANO - PPSO,0,0,Ministerio del Interior / portal oficial de datos abiertos,PRIMARY_OFFICIAL
2019A,2019-04-28,9 - Burgos,POBLE LLIURE - SOM ALTERNATIVA - PIRATES DE CATALU - FRONT REPUB,0,0,Ministerio del Interior / portal oficial de datos abiertos,PRIMARY_OFFICIAL
2019A,2019-04-28,9 - Burgos,POR UN MUNDO MÁS JUSTO (BIDEZKO MUNDURANTZ) - PUM+J,0,0,Ministerio del Interior / portal oficial de datos abiertos,PRIMARY_OFFICIAL
2019A,2019-04-28,9 - Burgos,POR UN MUNDO MÁS JUSTO - PUM+J,597,0,Ministerio del Interior / portal oficial de datos abiertos,PRIMARY_OFFICIAL
2019A,2019-04-28,9 - Burgos,PUYALON - PYLN,0,0,Ministerio del Interior / portal oficial de datos abiertos,PRIMARY_OFFICIAL
2019A,2019-04-28,9 - Burgos,RECORTES CERO-GRUPO VERDE - RECORTES CERO-GV,0,0,Ministerio del Interior / portal oficial de datos abiertos,PRIMARY_OFFICIAL
2019A,2019-04-28,9 - Burgos,RECORTES CERO-GRUPO VERDE-PARTIDO CASTELLANO-TIERRA COMUNERA - RECORTES CERO-GV-PCAS-TC,715,0,Ministerio del Interior / portal oficial de datos abiertos,PRIMARY_OFFICIAL
2019A,2019-04-28,9 - Burgos,SOM VALENCIANS EN MOVIMENT - UIG-SOM-CUIDES,0,0,Ministerio del Interior / portal oficial de datos abiertos,PRIMARY_OFFICIAL
2019A,2019-04-28,9 - Burgos,SOMOS REGIÓN - SOMOS REGIÓ,0,0,Ministerio del Interior / portal oficial de datos abiertos,PRIMARY_OFFICIAL
2019A,2019-04-28,9 - Burgos,UNIDAS PODEMOS - PODEMOS-EUPV,0,0,Ministerio del Interior / portal oficial de datos abiertos,PRIMARY_OFFICIAL
2019A,2019-04-28,9 - Burgos,UNIDAS PODEMOS - PODEMOS-IU LV CA-EQUO,0,0,Ministerio del Interior / portal oficial de datos abiertos,PRIMARY_OFFICIAL
2019A,2019-04-28,9 - Burgos,UNIDAS PODEMOS - PODEMOS-IU-EQUO,27436,0,Ministerio del Interior / portal oficial de datos abiertos,PRIMARY_OFFICIAL
2019A,2019-04-28,9 - Burgos,UNIDAS PODEMOS - PODEMOS-IU-EQUO-BATZARRE,0,0,Ministerio del Interior / portal oficial de datos abiertos,PRIMARY_OFFICIAL
2019A,2019-04-28,9 - Burgos,UNIDAS PODEMOS-ALTOARAGÓN EN COMÚN - PODEMOS-IU-,0,0,Ministerio del Interior / portal oficial de datos abiertos,PRIMARY_OFFICIAL
2019A,2019-04-28,9 - Burgos,UNIDAS PODEMOS-UNIDES PODEM - PODEMOS-EUIB,0,0,Ministerio del Interior / portal oficial de datos abiertos,PRIMARY_OFFICIAL
2019A,2019-04-28,9 - Burgos,UNIDAS PODEMOS-XUNIES PODEMOS - PODEMOS-IX-EQUO,0,0,Ministerio del Interior / portal oficial de datos abiertos,PRIMARY_OFFICIAL
2019A,2019-04-28,9 - Burgos,UNIÓN DE TODOS - UDT,0,0,Ministerio del Interior / portal oficial de datos abiertos,PRIMARY_OFFICIAL
2019A,2019-04-28,9 - Burgos,UNIÓN REGIONALISTA DE CASTILLA Y LEÓN - UNIÓN REGIO,0,0,Ministerio del Interior / portal oficial de datos abiertos,PRIMARY_OFFICIAL
2019A,2019-04-28,9 - Burgos,VIVIR OURENSE - VOU,0,0,Ministerio del Interior / portal oficial de datos abiertos,PRIMARY_OFFICIAL
2019A,2019-04-28,9 - Burgos,VOX - VOX,24382,0,Ministerio del Interior / portal oficial de datos abiertos,PRIMARY_OFFICIAL
2019A,2019-04-28,9 - Burgos,Veus PROGRESSISTES - ARA-MES-ESQUERRA,0,0,Ministerio del Interior / portal oficial de datos abiertos,PRIMARY_OFFICIAL
2019N,2019-11-10,1 - Araba/Álava,"AGRUPACIÓN DE ELECTORES ""TERUEL EXISTE"" - ¡TERUEL EXISTE!",0,0,Ministerio del Interior / portal oficial de datos abiertos,PRIMARY_OFFICIAL
2019N,2019-11-10,1 - Araba/Álava,AHORA CANARIAS: Alternativa Nacionalista Canaria (ANC) y Unidad del Pueblo - AHORA CANARIAS,0,0,Ministerio del Interior / portal oficial de datos abiertos,PRIMARY_OFFICIAL
2019N,2019-11-10,1 - Araba/Álava,ANDALUCÍA POR SÍ - AxSÍ,0,0,Ministerio del Interior / portal oficial de datos abiertos,PRIMARY_OFFICIAL
2019N,2019-11-10,1 - Araba/Álava,ANDECHA ASTUR - ANDECHA,0,0,Ministerio del Interior / portal oficial de datos abiertos,PRIMARY_OFFICIAL
2019N,2019-11-10,1 - Araba/Álava,AUNA COMUNITAT VALENCIANA - AUNACV,0,0,Ministerio del Interior / portal oficial de datos abiertos,PRIMARY_OFFICIAL
2019N,2019-11-10,1 - Araba/Álava,AVANT ADELANTE LOS VERDES - AVANT ADELANTE LOS VERDES,0,0,Ministerio del Interior / portal oficial de datos abiertos,PRIMARY_OFFICIAL
2019N,2019-11-10,1 - Araba/Álava,AVANT ADELANTE LOS VERDES - AVANT LOS VERDES,0,0,Ministerio del Interior / portal oficial de datos abiertos,PRIMARY_OFFICIAL
2019N,2019-11-10,1 - Araba/Álava,BIDEZKO MUNDURANTZ-POR UN MUNDO MÁS JUSTO - PUM+J,326,0,Ministerio del Interior / portal oficial de datos abiertos,PRIMARY_OFFICIAL
2019N,2019-11-10,1 - Araba/Álava,BLOQUE NACIONALISTA GALEGO - BNG,0,0,Ministerio del Interior / portal oficial de datos abiertos,PRIMARY_OFFICIAL
2019N,2019-11-10,1 - Araba/Álava,CANDIDATURA D'UNITAT POPULAR-PER LA RUPTURA - CUP-PR,0,0,Ministerio del Interior / portal oficial de datos abiertos,PRIMARY_OFFICIAL
2019N,2019-11-10,1 - Araba/Álava,CENTRADOS - centrados,0,0,Ministerio del Interior / portal oficial de datos abiertos,PRIMARY_OFFICIAL
2019N,2019-11-10,1 - Araba/Álava,CHUNTA ARAGONESISTA - CHA,0,0,Ministerio del Interior / portal oficial de datos abiertos,PRIMARY_OFFICIAL
2019N,2019-11-10,1 - Araba/Álava,CIUDADANOS-PARTIDO DE LA CIUDADANÍA - Cs,2526,0,Ministerio del Interior / portal oficial de datos abiertos,PRIMARY_OFFICIAL
2019N,2019-11-10,1 - Araba/Álava,CIUTADANS-PARTIDO DE LA CIUDADANÍA - Cs,0,0,Ministerio del Interior / portal oficial de datos abiertos,PRIMARY_OFFICIAL
2019N,2019-11-10,1 - Araba/Álava,COALICIÓN CANARIA-NUEVA CANARIAS - CCa-PNC-NC,0,0,Ministerio del Interior / portal oficial de datos abiertos,PRIMARY_OFFICIAL
2019N,2019-11-10,1 - Araba/Álava,COALICIÓN POR MELILLA - CpM,0,0,Ministerio del Interior / portal oficial de datos abiertos,PRIMARY_OFFICIAL
2019N,2019-11-10,1 - Araba/Álava,CONTIGO SOMOS DEMOCRACIA - CONTIGO,0,0,Ministerio del Interior / portal oficial de datos abiertos,PRIMARY_OFFICIAL
2019N,2019-11-10,1 - Araba/Álava,CONVERGENCIA ANDALUZA - CAnda,0,0,Ministerio del Interior / portal oficial de datos abiertos,PRIMARY_OFFICIAL
2019N,2019-11-10,1 - Araba/Álava,CONVERXENCIA 21 - C 21,0,0,Ministerio del Interior / portal oficial de datos abiertos,PRIMARY_OFFICIAL
2019N,2019-11-10,1 - Araba/Álava,DEMOCRACIA PLURAL - DPL,0,0,Ministerio del Interior / portal oficial de datos abiertos,PRIMARY_OFFICIAL
2019N,2019-11-10,1 - Araba/Álava,ELKARREKIN PODEMOS-UNIDAS PODEMOS - PODEMOS-IU,28186,1,Ministerio del Interior / portal oficial de datos abiertos,PRIMARY_OFFICIAL
2019N,2019-11-10,1 - Araba/Álava,EN COMÚ PODEM-GUANYEM EL CANVI - ECP-GUANYEM EL CANVI,0,0,Ministerio del Interior / portal oficial de datos abiertos,PRIMARY_OFFICIAL
2019N,2019-11-10,1 - Araba/Álava,EN COMÚN-UNIDAS PODEMOS - PODEMOS-EU,0,0,Ministerio del Interior / portal oficial de datos abiertos,PRIMARY_OFFICIAL
2019N,2019-11-10,1 - Araba/Álava,ESCANOS EN BRANCO - EB,0,0,Ministerio del Interior / portal oficial de datos abiertos,PRIMARY_OFFICIAL
2019N,2019-11-10,1 - Araba/Álava,ESCAÑOS EN BLANCO - EB,0,0,Ministerio del Interior / portal oficial de datos abiertos,PRIMARY_OFFICIAL
2019N,2019-11-10,1 - Araba/Álava,ESCAÑOS EN BLANCO-AULKI ZURIAK - EB,0,0,Ministerio del Interior / portal oficial de datos abiertos,PRIMARY_OFFICIAL
2019N,2019-11-10,1 - Araba/Álava,ESQUERRA REPUBLICANA DE CATALUNYA-SOBIRANISTES - ERC-SOBIRANISTES,0,0,Ministerio del Interior / portal oficial de datos abiertos,PRIMARY_OFFICIAL
2019N,2019-11-10,1 - Araba/Álava,ESQUERRA REPUBLICANA DEL PAÍS VALENCIÀ - ERPV,0,0,Ministerio del Interior / portal oficial de datos abiertos,PRIMARY_OFFICIAL
2019N,2019-11-10,1 - Araba/Álava,EUSKADIKO LANGILEEN ALDERDI KOMUNISTA/PARTIDO COMUNISTA DE LOS TRABAJADORES DE EUSKADI - ELAK/PCTE,0,0,Ministerio del Interior / portal oficial de datos abiertos,PRIMARY_OFFICIAL
2019N,2019-11-10,1 - Araba/Álava,EUSKAL HERRIA BILDU - EH Bildu,27453,1,Ministerio del Interior / portal oficial de datos abiertos,PRIMARY_OFFICIAL
2019N,2019-11-10,1 - Araba/Álava,EUZKO ALDERDI JELTZALEA-PARTIDO NACIONALISTA VASCO - EAJ-PNV,40262,1,Ministerio del Interior / portal oficial de datos abiertos,PRIMARY_OFFICIAL
2019N,2019-11-10,1 - Araba/Álava,EXTREMADURA UNIDA - EXTREMADURA UNIDA,0,0,Ministerio del Interior / portal oficial de datos abiertos,PRIMARY_OFFICIAL
2019N,2019-11-10,1 - Araba/Álava,FALANGE ESPAÑOLA DE LAS JONS - FE de las JONS,0,0,Ministerio del Interior / portal oficial de datos abiertos,PRIMARY_OFFICIAL
2019N,2019-11-10,1 - Araba/Álava,FEDERACIÓN DE LOS INDEPENDIENTES DE ARAGÓN - FIA,0,0,Ministerio del Interior / portal oficial de datos abiertos,PRIMARY_OFFICIAL
2019N,2019-11-10,1 - Araba/Álava,GEROA BAI - GBAI,0,0,Ministerio del Interior / portal oficial de datos abiertos,PRIMARY_OFFICIAL
2019N,2019-11-10,1 - Araba/Álava,INICIATIVA FEMINISTA - I.Fem,0,0,Ministerio del Interior / portal oficial de datos abiertos,PRIMARY_OFFICIAL
2019N,2019-11-10,1 - Araba/Álava,IZQUIERDA ANTICAPITALISTA REVOLUCIONARIA - IZAR,0,0,Ministerio del Interior / portal oficial de datos abiertos,PRIMARY_OFFICIAL
2019N,2019-11-10,1 - Araba/Álava,IZQUIERDA EN POSITIVO - IZQP,0,0,Ministerio del Interior / portal oficial de datos abiertos,PRIMARY_OFFICIAL
2019N,2019-11-10,1 - Araba/Álava,JUNTS PER CATALUNYA-JUNTS - JxCAT-JUNTS,0,0,Ministerio del Interior / portal oficial de datos abiertos,PRIMARY_OFFICIAL
2019N,2019-11-10,1 - Araba/Álava,LOS VERDES - LOS VERDES,0,0,Ministerio del Interior / portal oficial de datos abiertos,PRIMARY_OFFICIAL
2019N,2019-11-10,1 - Araba/Álava,LOS VERDES - VERDES,0,0,Ministerio del Interior / portal oficial de datos abiertos,PRIMARY_OFFICIAL
2019N,2019-11-10,1 - Araba/Álava,LOS VERDES ECOPACIFISTAS ADELANTE - AVANT ADELANTE LOS VERDES,0,0,Ministerio del Interior / portal oficial de datos abiertos,PRIMARY_OFFICIAL
2019N,2019-11-10,1 - Araba/Álava,MOVIMIENTO ARAGONES SOCIAL - MAS,0,0,Ministerio del Interior / portal oficial de datos abiertos,PRIMARY_OFFICIAL
2019N,2019-11-10,1 - Araba/Álava,MOVIMIENTO POR LA DIGNIDAD Y LA CIUDADANÍA DE CEUTA - MDyC,0,0,Ministerio del Interior / portal oficial de datos abiertos,PRIMARY_OFFICIAL
2019N,2019-11-10,1 - Araba/Álava,MÁS PAÍS - M PAÍS,0,0,Ministerio del Interior / portal oficial de datos abiertos,PRIMARY_OFFICIAL
2019N,2019-11-10,1 - Araba/Álava,MÁS PAÍS - MÁS PAÍS,0,0,Ministerio del Interior / portal oficial de datos abiertos,PRIMARY_OFFICIAL
2019N,2019-11-10,1 - Araba/Álava,MÁS PAÍS-ANDALUCÍA - MÁS PAÍS-ANDALUCÍA,0,0,Ministerio del Interior / portal oficial de datos abiertos,PRIMARY_OFFICIAL
2019N,2019-11-10,1 - Araba/Álava,MÁS PAÍS-CANDIDATURA ECOLOGISTA - MÁS PAÍS-CANDIDATURA ECOLOGISTA,0,0,Ministerio del Interior / portal oficial de datos abiertos,PRIMARY_OFFICIAL
2019N,2019-11-10,1 - Araba/Álava,MÁS PAÍS-CHUNTA ARAGONESISTA-EQUO - M PAÍS-CHA-EQUO,0,0,Ministerio del Interior / portal oficial de datos abiertos,PRIMARY_OFFICIAL
2019N,2019-11-10,1 - Araba/Álava,MÁS PAÍS-EQUO - MÁS PAÍS-EQUO,0,0,Ministerio del Interior / portal oficial de datos abiertos,PRIMARY_OFFICIAL
2019N,2019-11-10,1 - Araba/Álava,MÉS COMPROMÍS - MÉS COMPROMÍS,0,0,Ministerio del Interior / portal oficial de datos abiertos,PRIMARY_OFFICIAL
2019N,2019-11-10,1 - Araba/Álava,MÉS ESQUERRA - MÉS-ESQUERRA,0,0,Ministerio del Interior / portal oficial de datos abiertos,PRIMARY_OFFICIAL
2019N,2019-11-10,1 - Araba/Álava,NAVARRA SUMA - NA+,0,0,Ministerio del Interior / portal oficial de datos abiertos,PRIMARY_OFFICIAL
2019N,2019-11-10,1 - Araba/Álava,NUEVA CANARIAS-COALICIÓN CANARIA - NC-CCa-PNC,0,0,Ministerio del Interior / portal oficial de datos abiertos,PRIMARY_OFFICIAL
2019N,2019-11-10,1 - Araba/Álava,PARTIDO ANIMALISTA CONTRA EL MALTRATO ANIMAL - PACMA,1152,0,Ministerio del Interior / portal oficial de datos abiertos,PRIMARY_OFFICIAL
2019N,2019-11-10,1 - Araba/Álava,PARTIDO COMUNISTA DE LOS PUEBLOS DE ESPAÑA - PCPE,0,0,Ministerio del Interior / portal oficial de datos abiertos,PRIMARY_OFFICIAL
2019N,2019-11-10,1 - Araba/Álava,PARTIDO COMUNISTA DE LOS TRABAJADORES DE ESPAÑA - PCTE,0,0,Ministerio del Interior / portal oficial de datos abiertos,PRIMARY_OFFICIAL
2019N,2019-11-10,1 - Araba/Álava,PARTIDO COMUNISTA DE LOS TRABAJADORES DE ESPAÑA/ESPANIAKO LANGILEEN ALDERDI KOMUNISTA - PCTE/ELAK,0,0,Ministerio del Interior / portal oficial de datos abiertos,PRIMARY_OFFICIAL
2019N,2019-11-10,1 - Araba/Álava,PARTIDO COMUNISTA DE LOS TRABAJADORES DE EUSKADI/EUSKADIKO LANGILEEN ALDERDI KOMUNISTA - PCTE/ELAK,215,0,Ministerio del Interior / portal oficial de datos abiertos,PRIMARY_OFFICIAL
2019N,2019-11-10,1 - Araba/Álava,PARTIDO COMUNISTA DEL PUEBLO ANDALUZ - PCPA,0,0,Ministerio del Interior / portal oficial de datos abiertos,PRIMARY_OFFICIAL
2019N,2019-11-10,1 - Araba/Álava,PARTIDO COMUNISTA DEL PUEBLO CANARIO - PCPC,0,0,Ministerio del Interior / portal oficial de datos abiertos,PRIMARY_OFFICIAL
2019N,2019-11-10,1 - Araba/Álava,PARTIDO COMUNISTA DOS TRABALLADORES DE GALIZA - PCTG,0,0,Ministerio del Interior / portal oficial de datos abiertos,PRIMARY_OFFICIAL
2019N,2019-11-10,1 - Araba/Álava,PARTIDO COMUNISTA OBRERO ESPAÑOL - PCOE,0,0,Ministerio del Interior / portal oficial de datos abiertos,PRIMARY_OFFICIAL
2019N,2019-11-10,1 - Araba/Álava,PARTIDO DE ACCIÓN SOLIDARIA EUROPEA - SOLIDARIA,0,0,Ministerio del Interior / portal oficial de datos abiertos,PRIMARY_OFFICIAL
2019N,2019-11-10,1 - Araba/Álava,PARTIDO DEMÓCRATA SOCIAL JUBILADOS EUROPEOS - PDSJE,0,0,Ministerio del Interior / portal oficial de datos abiertos,PRIMARY_OFFICIAL
2019N,2019-11-10,1 - Araba/Álava,PARTIDO DOS SOCIALISTAS DE GALICIA-PSOE - PSOE,0,0,Ministerio del Interior / portal oficial de datos abiertos,PRIMARY_OFFICIAL
2019N,2019-11-10,1 - Araba/Álava,PARTIDO DOS SOCIALISTAS DE GALICIA-PSOE - PSdeG-PSOE,0,0,Ministerio del Interior / portal oficial de datos abiertos,PRIMARY_OFFICIAL
2019N,2019-11-10,1 - Araba/Álava,PARTIDO HUMANISTA - PH,0,0,Ministerio del Interior / portal oficial de datos abiertos,PRIMARY_OFFICIAL
2019N,2019-11-10,1 - Araba/Álava,PARTIDO LIBERTARIO - P-LIB,0,0,Ministerio del Interior / portal oficial de datos abiertos,PRIMARY_OFFICIAL
2019N,2019-11-10,1 - Araba/Álava,PARTIDO POPULAR - PP,25506,0,Ministerio del Interior / portal oficial de datos abiertos,PRIMARY_OFFICIAL
2019N,2019-11-10,1 - Araba/Álava,PARTIDO POPULAR / PARTIT POPULAR - PP,0,0,Ministerio del Interior / portal oficial de datos abiertos,PRIMARY_OFFICIAL
2019N,2019-11-10,1 - Araba/Álava,PARTIDO POPULAR-FORO - PP-FORO,0,0,Ministerio del Interior / portal oficial de datos abiertos,PRIMARY_OFFICIAL
2019N,2019-11-10,1 - Araba/Álava,PARTIDO REGIONALISTA DE CANTABRIA - PRC,0,0,Ministerio del Interior / portal oficial de datos abiertos,PRIMARY_OFFICIAL
2019N,2019-11-10,1 - Araba/Álava,PARTIDO REGIONALISTA DEL PAÍS LEONÉS - PREPAL,0,0,Ministerio del Interior / portal oficial de datos abiertos,PRIMARY_OFFICIAL
2019N,2019-11-10,1 - Araba/Álava,PARTIDO REPUBLICANO INDEPENDIENTE SOLIDARIO ANDALUZ - RISA,0,0,Ministerio del Interior / portal oficial de datos abiertos,PRIMARY_OFFICIAL
2019N,2019-11-10,1 - Araba/Álava,PARTIDO SOCIALISTA DE EUSKADI-EUSKADIKO EZKERRA (PSOE) - PSE-EE (PSOE),37488,1,Ministerio del Interior / portal oficial de datos abiertos,PRIMARY_OFFICIAL
2019N,2019-11-10,1 - Araba/Álava,PARTIDO SOCIALISTA OBRERO ESPAÑOL - PSOE,0,0,Ministerio del Interior / portal oficial de datos abiertos,PRIMARY_OFFICIAL
2019N,2019-11-10,1 - Araba/Álava,PARTIT ANIMALISTA CONTRA EL MALTRACTAMENT ANIMAL - PACMA,0,0,Ministerio del Interior / portal oficial de datos abiertos,PRIMARY_OFFICIAL
2019N,2019-11-10,1 - Araba/Álava,PARTIT COMUNISTA DEL POBLE DE CATALUNYA - PCPC,0,0,Ministerio del Interior / portal oficial de datos abiertos,PRIMARY_OFFICIAL
2019N,2019-11-10,1 - Araba/Álava,PARTIT COMUNISTA DELS POBLES D'ESPANYA - PCPE,0,0,Ministerio del Interior / portal oficial de datos abiertos,PRIMARY_OFFICIAL
2019N,2019-11-10,1 - Araba/Álava,PARTIT COMUNISTA DELS TREBALLADORS DE CATALUNYA - PCTC,0,0,Ministerio del Interior / portal oficial de datos abiertos,PRIMARY_OFFICIAL
2019N,2019-11-10,1 - Araba/Álava,PARTIT DELS SOCIALISTES DE CATALUNYA - PSC-PSOE,0,0,Ministerio del Interior / portal oficial de datos abiertos,PRIMARY_OFFICIAL
2019N,2019-11-10,1 - Araba/Álava,PARTIT POPULAR/PARTIDO POPULAR - PP,0,0,Ministerio del Interior / portal oficial de datos abiertos,PRIMARY_OFFICIAL
2019N,2019-11-10,1 - Araba/Álava,PER UN MÓN MÉS JUST - PUM+J,0,0,Ministerio del Interior / portal oficial de datos abiertos,PRIMARY_OFFICIAL
2019N,2019-11-10,1 - Araba/Álava,PLATAFORMA DEL PUEBLO SORIANO - PPSO,0,0,Ministerio del Interior / portal oficial de datos abiertos,PRIMARY_OFFICIAL
2019N,2019-11-10,1 - Araba/Álava,POR UN MUNDO MÁIS XUSTO/POR UN MUNDO MÁS JUSTO - PUM+J,0,0,Ministerio del Interior / portal oficial de datos abiertos,PRIMARY_OFFICIAL
2019N,2019-11-10,1 - Araba/Álava,POR UN MUNDO MÁS JUSTO - PUM+J,0,0,Ministerio del Interior / portal oficial de datos abiertos,PRIMARY_OFFICIAL
2019N,2019-11-10,1 - Araba/Álava,POR UN MUNDO MÁS JUSTO/BIDEZKO MUNDURANTZ - PUM+J,0,0,Ministerio del Interior / portal oficial de datos abiertos,PRIMARY_OFFICIAL
2019N,2019-11-10,1 - Araba/Álava,POR ÁVILA - XAV,0,0,Ministerio del Interior / portal oficial de datos abiertos,PRIMARY_OFFICIAL
2019N,2019-11-10,1 - Araba/Álava,PUYALON - PYLN,0,0,Ministerio del Interior / portal oficial de datos abiertos,PRIMARY_OFFICIAL
2019N,2019-11-10,1 - Araba/Álava,RECORTES CERO-GRUPO VERDE - RECORTES CERO-GV,409,0,Ministerio del Interior / portal oficial de datos abiertos,PRIMARY_OFFICIAL
2019N,2019-11-10,1 - Araba/Álava,RECORTES CERO-GRUPO VERDE-PARTIDO CASTELLANO-TIERRA COMUNERA - RECORTES CERO-GV-PCAS-TC,0,0,Ministerio del Interior / portal oficial de datos abiertos,PRIMARY_OFFICIAL
2019N,2019-11-10,1 - Araba/Álava,SOM VALENCIANS EN MOVIMENT - UIG-SOM-CUIDES,0,0,Ministerio del Interior / portal oficial de datos abiertos,PRIMARY_OFFICIAL
2019N,2019-11-10,1 - Araba/Álava,SOMOS REGIÓN - SOMOS REGIÓN,0,0,Ministerio del Interior / portal oficial de datos abiertos,PRIMARY_OFFICIAL
2019N,2019-11-10,1 - Araba/Álava,UNIDAS PODEMOS - PODEMOS-IU,0,0,Ministerio del Interior / portal oficial de datos abiertos,PRIMARY_OFFICIAL
2019N,2019-11-10,1 - Araba/Álava,UNIDAS PODEMOS - PODEMOS-IU LV CA,0,0,Ministerio del Interior / portal oficial de datos abiertos,PRIMARY_OFFICIAL
2019N,2019-11-10,1 - Araba/Álava,UNIDAS PODEMOS - PODEMOS-IU-BATZARRE,0,0,Ministerio del Interior / portal oficial de datos abiertos,PRIMARY_OFFICIAL
2019N,2019-11-10,1 - Araba/Álava,UNIDAS PODEMOS-ALTOARAGÓN EN COMÚN - PODEMOS-IU-Alto Aragón en Común,0,0,Ministerio del Interior / portal oficial de datos abiertos,PRIMARY_OFFICIAL
2019N,2019-11-10,1 - Araba/Álava,UNIDAS PODEMOS-UNIDES PODEM - PODEMOS-EUIB,0,0,Ministerio del Interior / portal oficial de datos abiertos,PRIMARY_OFFICIAL
2019N,2019-11-10,1 - Araba/Álava,UNIDAS PODEMOS-UNIDES PODEM - PODEMOS-EUPV,0,0,Ministerio del Interior / portal oficial de datos abiertos,PRIMARY_OFFICIAL
2019N,2019-11-10,1 - Araba/Álava,UNIDAS PODEMOS-XUNÍES PODEMOS - PODEMOS-IX,0,0,Ministerio del Interior / portal oficial de datos abiertos,PRIMARY_OFFICIAL
2019N,2019-11-10,1 - Araba/Álava,UNIDOS Actuando por la Democracia - UNIDOS SÍ-ACPS-DEf,0,0,Ministerio del Interior / portal oficial de datos abiertos,PRIMARY_OFFICIAL
2019N,2019-11-10,1 - Araba/Álava,UNIÓN DE TODOS - UDT,0,0,Ministerio del Interior / portal oficial de datos abiertos,PRIMARY_OFFICIAL
2019N,2019-11-10,1 - Araba/Álava,UNIÓN DEL PUEBLO LEONÉS - UPL,0,0,Ministerio del Interior / portal oficial de datos abiertos,PRIMARY_OFFICIAL
2019N,2019-11-10,1 - Araba/Álava,UNIÓN REGIONALISTA DE CASTILLA Y LEÓN - UNIÓN REGIONALISTA,0,0,Ministerio del Interior / portal oficial de datos abiertos,PRIMARY_OFFICIAL
2019N,2019-11-10,1 - Araba/Álava,VOX - VOX,6421,0,Ministerio del Interior / portal oficial de datos abiertos,PRIMARY_OFFICIAL
2019N,2019-11-10,10 - Cáceres,"AGRUPACIÓN DE ELECTORES ""TERUEL EXISTE"" - ¡TERUEL EXISTE!",0,0,Ministerio del Interior / portal oficial de datos abiertos,PRIMARY_OFFICIAL
2019N,2019-11-10,10 - Cáceres,AHORA CANARIAS: Alternativa Nacionalista Canaria (ANC) y Unidad del Pueblo - AHORA CANARIAS,0,0,Ministerio del Interior / portal oficial de datos abiertos,PRIMARY_OFFICIAL
2019N,2019-11-10,10 - Cáceres,ANDALUCÍA POR SÍ - AxSÍ,0,0,Ministerio del Interior / portal oficial de datos abiertos,PRIMARY_OFFICIAL
2019N,2019-11-10,10 - Cáceres,ANDECHA ASTUR - ANDECHA,0,0,Ministerio del Interior / portal oficial de datos abiertos,PRIMARY_OFFICIAL
2019N,2019-11-10,10 - Cáceres,AUNA COMUNITAT VALENCIANA - AUNACV,0,0,Ministerio del Interior / portal oficial de datos abiertos,PRIMARY_OFFICIAL
2019N,2019-11-10,10 - Cáceres,AVANT ADELANTE LOS VERDES - AVANT ADELANTE LOS VERDES,0,0,Ministerio del Interior / portal oficial de datos abiertos,PRIMARY_OFFICIAL
2019N,2019-11-10,10 - Cáceres,AVANT ADELANTE LOS VERDES - AVANT LOS VERDES,0,0,Ministerio del Interior / portal oficial de datos abiertos,PRIMARY_OFFICIAL
2019N,2019-11-10,10 - Cáceres,BIDEZKO MUNDURANTZ-POR UN MUNDO MÁS JUSTO - PUM+J,0,0,Ministerio del Interior / portal oficial de datos abiertos,PRIMARY_OFFICIAL
2019N,2019-11-10,10 - Cáceres,BLOQUE NACIONALISTA GALEGO - BNG,0,0,Ministerio del Interior / portal oficial de datos abiertos,PRIMARY_OFFICIAL
2019N,2019-11-10,10 - Cáceres,CANDIDATURA D'UNITAT POPULAR-PER LA RUPTURA - CUP-PR,0,0,Ministerio del Interior / portal oficial de datos abiertos,PRIMARY_OFFICIAL
2019N,2019-11-10,10 - Cáceres,CENTRADOS - centrados,0,0,Ministerio del Interior / portal oficial de datos abiertos,PRIMARY_OFFICIAL
2019N,2019-11-10,10 - Cáceres,CHUNTA ARAGONESISTA - CHA,0,0,Ministerio del Interior / portal oficial de datos abiertos,PRIMARY_OFFICIAL
2019N,2019-11-10,10 - Cáceres,CIUDADANOS-PARTIDO DE LA CIUDADANÍA - Cs,15533,0,Ministerio del Interior / portal oficial de datos abiertos,PRIMARY_OFFICIAL
2019N,2019-11-10,10 - Cáceres,CIUTADANS-PARTIDO DE LA CIUDADANÍA - Cs,0,0,Ministerio del Interior / portal oficial de datos abiertos,PRIMARY_OFFICIAL
2019N,2019-11-10,10 - Cáceres,COALICIÓN CANARIA-NUEVA CANARIAS - CCa-PNC-NC,0,0,Ministerio del Interior / portal oficial de datos abiertos,PRIMARY_OFFICIAL
2019N,2019-11-10,10 - Cáceres,COALICIÓN POR MELILLA - CpM,0,0,Ministerio del Interior / portal oficial de datos abiertos,PRIMARY_OFFICIAL
2019N,2019-11-10,10 - Cáceres,CONTIGO SOMOS DEMOCRACIA - CONTIGO,0,0,Ministerio del Interior / portal oficial de datos abiertos,PRIMARY_OFFICIAL
2019N,2019-11-10,10 - Cáceres,CONVERGENCIA ANDALUZA - CAnda,0,0,Ministerio del Interior / portal oficial de datos abiertos,PRIMARY_OFFICIAL
2019N,2019-11-10,10 - Cáceres,CONVERXENCIA 21 - C 21,0,0,Ministerio del Interior / portal oficial de datos abiertos,PRIMARY_OFFICIAL
2019N,2019-11-10,10 - Cáceres,DEMOCRACIA PLURAL - DPL,0,0,Ministerio del Interior / portal oficial de datos abiertos,PRIMARY_OFFICIAL
2019N,2019-11-10,10 - Cáceres,ELKARREKIN PODEMOS-UNIDAS PODEMOS - PODEMOS-IU,0,0,Ministerio del Interior / portal oficial de datos abiertos,PRIMARY_OFFICIAL
2019N,2019-11-10,10 - Cáceres,EN COMÚ PODEM-GUANYEM EL CANVI - ECP-GUANYEM EL CANVI,0,0,Ministerio del Interior / portal oficial de datos abiertos,PRIMARY_OFFICIAL
2019N,2019-11-10,10 - Cáceres,EN COMÚN-UNIDAS PODEMOS - PODEMOS-EU,0,0,Ministerio del Interior / portal oficial de datos abiertos,PRIMARY_OFFICIAL
2019N,2019-11-10,10 - Cáceres,ESCANOS EN BRANCO - EB,0,0,Ministerio del Interior / portal oficial de datos abiertos,PRIMARY_OFFICIAL
2019N,2019-11-10,10 - Cáceres,ESCAÑOS EN BLANCO - EB,0,0,Ministerio del Interior / portal oficial de datos abiertos,PRIMARY_OFFICIAL
2019N,2019-11-10,10 - Cáceres,ESCAÑOS EN BLANCO-AULKI ZURIAK - EB,0,0,Ministerio del Interior / portal oficial de datos abiertos,PRIMARY_OFFICIAL
2019N,2019-11-10,10 - Cáceres,ESQUERRA REPUBLICANA DE CATALUNYA-SOBIRANISTES - ERC-SOBIRANISTES,0,0,Ministerio del Interior / portal oficial de datos abiertos,PRIMARY_OFFICIAL
2019N,2019-11-10,10 - Cáceres,ESQUERRA REPUBLICANA DEL PAÍS VALENCIÀ - ERPV,0,0,Ministerio del Interior / portal oficial de datos abiertos,PRIMARY_OFFICIAL
2019N,2019-11-10,10 - Cáceres,EUSKADIKO LANGILEEN ALDERDI KOMUNISTA/PARTIDO COMUNISTA DE LOS TRABAJADORES DE EUSKADI - ELAK/PCTE,0,0,Ministerio del Interior / portal oficial de datos abiertos,PRIMARY_OFFICIAL
2019N,2019-11-10,10 - Cáceres,EUSKAL HERRIA BILDU - EH Bildu,0,0,Ministerio del Interior / portal oficial de datos abiertos,PRIMARY_OFFICIAL
2019N,2019-11-10,10 - Cáceres,EUZKO ALDERDI JELTZALEA-PARTIDO NACIONALISTA VASCO - EAJ-PNV,0,0,Ministerio del Interior / portal oficial de datos abiertos,PRIMARY_OFFICIAL
2019N,2019-11-10,10 - Cáceres,EXTREMADURA UNIDA - EXTREMADURA UNIDA,1347,0,Ministerio del Interior / portal oficial de datos abiertos,PRIMARY_OFFICIAL
2019N,2019-11-10,10 - Cáceres,FALANGE ESPAÑOLA DE LAS JONS - FE de las JONS,0,0,Ministerio del Interior / portal oficial de datos abiertos,PRIMARY_OFFICIAL
2019N,2019-11-10,10 - Cáceres,FEDERACIÓN DE LOS INDEPENDIENTES DE ARAGÓN - FIA,0,0,Ministerio del Interior / portal oficial de datos abiertos,PRIMARY_OFFICIAL
2019N,2019-11-10,10 - Cáceres,GEROA BAI - GBAI,0,0,Ministerio del Interior / portal oficial de datos abiertos,PRIMARY_OFFICIAL
2019N,2019-11-10,10 - Cáceres,INICIATIVA FEMINISTA - I.Fem,0,0,Ministerio del Interior / portal oficial de datos abiertos,PRIMARY_OFFICIAL
2019N,2019-11-10,10 - Cáceres,IZQUIERDA ANTICAPITALISTA REVOLUCIONARIA - IZAR,0,0,Ministerio del Interior / portal oficial de datos abiertos,PRIMARY_OFFICIAL
2019N,2019-11-10,10 - Cáceres,IZQUIERDA EN POSITIVO - IZQP,0,0,Ministerio del Interior / portal oficial de datos abiertos,PRIMARY_OFFICIAL
2019N,2019-11-10,10 - Cáceres,JUNTS PER CATALUNYA-JUNTS - JxCAT-JUNTS,0,0,Ministerio del Interior / portal oficial de datos abiertos,PRIMARY_OFFICIAL
2019N,2019-11-10,10 - Cáceres,LOS VERDES - LOS VERDES,0,0,Ministerio del Interior / portal oficial de datos abiertos,PRIMARY_OFFICIAL
2019N,2019-11-10,10 - Cáceres,LOS VERDES - VERDES,0,0,Ministerio del Interior / portal oficial de datos abiertos,PRIMARY_OFFICIAL
2019N,2019-11-10,10 - Cáceres,LOS VERDES ECOPACIFISTAS ADELANTE - AVANT ADELANTE LOS VERDES,0,0,Ministerio del Interior / portal oficial de datos abiertos,PRIMARY_OFFICIAL
2019N,2019-11-10,10 - Cáceres,MOVIMIENTO ARAGONES SOCIAL - MAS,0,0,Ministerio del Interior / portal oficial de datos abiertos,PRIMARY_OFFICIAL
2019N,2019-11-10,10 - Cáceres,MOVIMIENTO POR LA DIGNIDAD Y LA CIUDADANÍA DE CEUTA - MDyC,0,0,Ministerio del Interior / portal oficial de datos abiertos,PRIMARY_OFFICIAL
2019N,2019-11-10,10 - Cáceres,MÁS PAÍS - M PAÍS,0,0,Ministerio del Interior / portal oficial de datos abiertos,PRIMARY_OFFICIAL
2019N,2019-11-10,10 - Cáceres,MÁS PAÍS - MÁS PAÍS,0,0,Ministerio del Interior / portal oficial de datos abiertos,PRIMARY_OFFICIAL
2019N,2019-11-10,10 - Cáceres,MÁS PAÍS-ANDALUCÍA - MÁS PAÍS-ANDALUCÍA,0,0,Ministerio del Interior / portal oficial de datos abiertos,PRIMARY_OFFICIAL
2019N,2019-11-10,10 - Cáceres,MÁS PAÍS-CANDIDATURA ECOLOGISTA - MÁS PAÍS-CANDIDATURA ECOLOGISTA,0,0,Ministerio del Interior / portal oficial de datos abiertos,PRIMARY_OFFICIAL
2019N,2019-11-10,10 - Cáceres,MÁS PAÍS-CHUNTA ARAGONESISTA-EQUO - M PAÍS-CHA-EQUO,0,0,Ministerio del Interior / portal oficial de datos abiertos,PRIMARY_OFFICIAL
2019N,2019-11-10,10 - Cáceres,MÁS PAÍS-EQUO - MÁS PAÍS-EQUO,0,0,Ministerio del Interior / portal oficial de datos abiertos,PRIMARY_OFFICIAL
2019N,2019-11-10,10 - Cáceres,MÉS COMPROMÍS - MÉS COMPROMÍS,0,0,Ministerio del Interior / portal oficial de datos abiertos,PRIMARY_OFFICIAL
2019N,2019-11-10,10 - Cáceres,MÉS ESQUERRA - MÉS-ESQUERRA,0,0,Ministerio del Interior / portal oficial de datos abiertos,PRIMARY_OFFICIAL
2019N,2019-11-10,10 - Cáceres,NAVARRA SUMA - NA+,0,0,Ministerio del Interior / portal oficial de datos abiertos,PRIMARY_OFFICIAL
2019N,2019-11-10,10 - Cáceres,NUEVA CANARIAS-COALICIÓN CANARIA - NC-CCa-PNC,0,0,Ministerio del Interior / portal oficial de datos abiertos,PRIMARY_OFFICIAL
2019N,2019-11-10,10 - Cáceres,PARTIDO ANIMALISTA CONTRA EL MALTRATO ANIMAL - PACMA,1276,0,Ministerio del Interior / portal oficial de datos abiertos,PRIMARY_OFFICIAL
2019N,2019-11-10,10 - Cáceres,PARTIDO COMUNISTA DE LOS PUEBLOS DE ESPAÑA - PCPE,0,0,Ministerio del Interior / portal oficial de datos abiertos,PRIMARY_OFFICIAL
2019N,2019-11-10,10 - Cáceres,PARTIDO COMUNISTA DE LOS TRABAJADORES DE ESPAÑA - PCTE,0,0,Ministerio del Interior / portal oficial de datos abiertos,PRIMARY_OFFICIAL
2019N,2019-11-10,10 - Cáceres,PARTIDO COMUNISTA DE LOS TRABAJADORES DE ESPAÑA/ESPANIAKO LANGILEEN ALDERDI KOMUNISTA - PCTE/ELAK,0,0,Ministerio del Interior / portal oficial de datos abiertos,PRIMARY_OFFICIAL
2019N,2019-11-10,10 - Cáceres,PARTIDO COMUNISTA DE LOS TRABAJADORES DE EUSKADI/EUSKADIKO LANGILEEN ALDERDI KOMUNISTA - PCTE/ELAK,0,0,Ministerio del Interior / portal oficial de datos abiertos,PRIMARY_OFFICIAL
2019N,2019-11-10,10 - Cáceres,PARTIDO COMUNISTA DEL PUEBLO ANDALUZ - PCPA,0,0,Ministerio del Interior / portal oficial de datos abiertos,PRIMARY_OFFICIAL
2019N,2019-11-10,10 - Cáceres,PARTIDO COMUNISTA DEL PUEBLO CANARIO - PCPC,0,0,Ministerio del Interior / portal oficial de datos abiertos,PRIMARY_OFFICIAL
2019N,2019-11-10,10 - Cáceres,PARTIDO COMUNISTA DOS TRABALLADORES DE GALIZA - PCTG,0,0,Ministerio del Interior / portal oficial de datos abiertos,PRIMARY_OFFICIAL
2019N,2019-11-10,10 - Cáceres,PARTIDO COMUNISTA OBRERO ESPAÑOL - PCOE,0,0,Ministerio del Interior / portal oficial de datos abiertos,PRIMARY_OFFICIAL
2019N,2019-11-10,10 - Cáceres,PARTIDO DE ACCIÓN SOLIDARIA EUROPEA - SOLIDARIA,0,0,Ministerio del Interior / portal oficial de datos abiertos,PRIMARY_OFFICIAL
2019N,2019-11-10,10 - Cáceres,PARTIDO DEMÓCRATA SOCIAL JUBILADOS EUROPEOS - PDSJE,0,0,Ministerio del Interior / portal oficial de datos abiertos,PRIMARY_OFFICIAL
2019N,2019-11-10,10 - Cáceres,PARTIDO DOS SOCIALISTAS DE GALICIA-PSOE - PSOE,0,0,Ministerio del Interior / portal oficial de datos abiertos,PRIMARY_OFFICIAL
2019N,2019-11-10,10 - Cáceres,PARTIDO DOS SOCIALISTAS DE GALICIA-PSOE - PSdeG-PSOE,0,0,Ministerio del Interior / portal oficial de datos abiertos,PRIMARY_OFFICIAL
2019N,2019-11-10,10 - Cáceres,PARTIDO HUMANISTA - PH,0,0,Ministerio del Interior / portal oficial de datos abiertos,PRIMARY_OFFICIAL
2019N,2019-11-10,10 - Cáceres,PARTIDO LIBERTARIO - P-LIB,0,0,Ministerio del Interior / portal oficial de datos abiertos,PRIMARY_OFFICIAL
2019N,2019-11-10,10 - Cáceres,PARTIDO POPULAR - PP,61527,1,Ministerio del Interior / portal oficial de datos abiertos,PRIMARY_OFFICIAL
2019N,2019-11-10,10 - Cáceres,PARTIDO POPULAR / PARTIT POPULAR - PP,0,0,Ministerio del Interior / portal oficial de datos abiertos,PRIMARY_OFFICIAL
2019N,2019-11-10,10 - Cáceres,PARTIDO POPULAR-FORO - PP-FORO,0,0,Ministerio del Interior / portal oficial de datos abiertos,PRIMARY_OFFICIAL
2019N,2019-11-10,10 - Cáceres,PARTIDO REGIONALISTA DE CANTABRIA - PRC,0,0,Ministerio del Interior / portal oficial de datos abiertos,PRIMARY_OFFICIAL
2019N,2019-11-10,10 - Cáceres,PARTIDO REGIONALISTA DEL PAÍS LEONÉS - PREPAL,0,0,Ministerio del Interior / portal oficial de datos abiertos,PRIMARY_OFFICIAL
2019N,2019-11-10,10 - Cáceres,PARTIDO REPUBLICANO INDEPENDIENTE SOLIDARIO ANDALUZ - RISA,0,0,Ministerio del Interior / portal oficial de datos abiertos,PRIMARY_OFFICIAL
2019N,2019-11-10,10 - Cáceres,PARTIDO SOCIALISTA DE EUSKADI-EUSKADIKO EZKERRA (PSOE) - PSE-EE (PSOE),0,0,Ministerio del Interior / portal oficial de datos abiertos,PRIMARY_OFFICIAL
2019N,2019-11-10,10 - Cáceres,PARTIDO SOCIALISTA OBRERO ESPAÑOL - PSOE,85135,2,Ministerio del Interior / portal oficial de datos abiertos,PRIMARY_OFFICIAL
2019N,2019-11-10,10 - Cáceres,PARTIT ANIMALISTA CONTRA EL MALTRACTAMENT ANIMAL - PACMA,0,0,Ministerio del Interior / portal oficial de datos abiertos,PRIMARY_OFFICIAL
2019N,2019-11-10,10 - Cáceres,PARTIT COMUNISTA DEL POBLE DE CATALUNYA - PCPC,0,0,Ministerio del Interior / portal oficial de datos abiertos,PRIMARY_OFFICIAL
2019N,2019-11-10,10 - Cáceres,PARTIT COMUNISTA DELS POBLES D'ESPANYA - PCPE,0,0,Ministerio del Interior / portal oficial de datos abiertos,PRIMARY_OFFICIAL
2019N,2019-11-10,10 - Cáceres,PARTIT COMUNISTA DELS TREBALLADORS DE CATALUNYA - PCTC,0,0,Ministerio del Interior / portal oficial de datos abiertos,PRIMARY_OFFICIAL
2019N,2019-11-10,10 - Cáceres,PARTIT DELS SOCIALISTES DE CATALUNYA - PSC-PSOE,0,0,Ministerio del Interior / portal oficial de datos abiertos,PRIMARY_OFFICIAL
2019N,2019-11-10,10 - Cáceres,PARTIT POPULAR/PARTIDO POPULAR - PP,0,0,Ministerio del Interior / portal oficial de datos abiertos,PRIMARY_OFFICIAL
2019N,2019-11-10,10 - Cáceres,PER UN MÓN MÉS JUST - PUM+J,0,0,Ministerio del Interior / portal oficial de datos abiertos,PRIMARY_OFFICIAL
2019N,2019-11-10,10 - Cáceres,PLATAFORMA DEL PUEBLO SORIANO - PPSO,0,0,Ministerio del Interior / portal oficial de datos abiertos,PRIMARY_OFFICIAL
2019N,2019-11-10,10 - Cáceres,POR UN MUNDO MÁIS XUSTO/POR UN MUNDO MÁS JUSTO - PUM+J,0,0,Ministerio del Interior / portal oficial de datos abiertos,PRIMARY_OFFICIAL
2019N,2019-11-10,10 - Cáceres,POR UN MUNDO MÁS JUSTO - PUM+J,295,0,Ministerio del Interior / portal oficial de datos abiertos,PRIMARY_OFFICIAL
2019N,2019-11-10,10 - Cáceres,POR UN MUNDO MÁS JUSTO/BIDEZKO MUNDURANTZ - PUM+J,0,0,Ministerio del Interior / portal oficial de datos abiertos,PRIMARY_OFFICIAL
2019N,2019-11-10,10 - Cáceres,POR ÁVILA - XAV,0,0,Ministerio del Interior / portal oficial de datos abiertos,PRIMARY_OFFICIAL
2019N,2019-11-10,10 - Cáceres,PUYALON - PYLN,0,0,Ministerio del Interior / portal oficial de datos abiertos,PRIMARY_OFFICIAL
2019N,2019-11-10,10 - Cáceres,RECORTES CERO-GRUPO VERDE - RECORTES CERO-GV,342,0,Ministerio del Interior / portal oficial de datos abiertos,PRIMARY_OFFICIAL
2019N,2019-11-10,10 - Cáceres,RECORTES CERO-GRUPO VERDE-PARTIDO CASTELLANO-TIERRA COMUNERA - RECORTES CERO-GV-PCAS-TC,0,0,Ministerio del Interior / portal oficial de datos abiertos,PRIMARY_OFFICIAL
2019N,2019-11-10,10 - Cáceres,SOM VALENCIANS EN MOVIMENT - UIG-SOM-CUIDES,0,0,Ministerio del Interior / portal oficial de datos abiertos,PRIMARY_OFFICIAL
2019N,2019-11-10,10 - Cáceres,SOMOS REGIÓN - SOMOS REGIÓN,0,0,Ministerio del Interior / portal oficial de datos abiertos,PRIMARY_OFFICIAL
2019N,2019-11-10,10 - Cáceres,UNIDAS PODEMOS - PODEMOS-IU,20101,0,Ministerio del Interior / portal oficial de datos abiertos,PRIMARY_OFFICIAL
2019N,2019-11-10,10 - Cáceres,UNIDAS PODEMOS - PODEMOS-IU LV CA,0,0,Ministerio del Interior / portal oficial de datos abiertos,PRIMARY_OFFICIAL
2019N,2019-11-10,10 - Cáceres,UNIDAS PODEMOS - PODEMOS-IU-BATZARRE,0,0,Ministerio del Interior / portal oficial de datos abiertos,PRIMARY_OFFICIAL
2019N,2019-11-10,10 - Cáceres,UNIDAS PODEMOS-ALTOARAGÓN EN COMÚN - PODEMOS-IU-Alto Aragón en Común,0,0,Ministerio del Interior / portal oficial de datos abiertos,PRIMARY_OFFICIAL
2019N,2019-11-10,10 - Cáceres,UNIDAS PODEMOS-UNIDES PODEM - PODEMOS-EUIB,0,0,Ministerio del Interior / portal oficial de datos abiertos,PRIMARY_OFFICIAL
2019N,2019-11-10,10 - Cáceres,UNIDAS PODEMOS-UNIDES PODEM - PODEMOS-EUPV,0,0,Ministerio del Interior / portal oficial de datos abiertos,PRIMARY_OFFICIAL
2019N,2019-11-10,10 - Cáceres,UNIDAS PODEMOS-XUNÍES PODEMOS - PODEMOS-IX,0,0,Ministerio del Interior / portal oficial de datos abiertos,PRIMARY_OFFICIAL
2019N,2019-11-10,10 - Cáceres,UNIDOS Actuando por la Democracia - UNIDOS SÍ-ACPS-DEf,0,0,Ministerio del Interior / portal oficial de datos abiertos,PRIMARY_OFFICIAL
2019N,2019-11-10,10 - Cáceres,UNIÓN DE TODOS - UDT,0,0,Ministerio del Interior / portal oficial de datos abiertos,PRIMARY_OFFICIAL
2019N,2019-11-10,10 - Cáceres,UNIÓN DEL PUEBLO LEONÉS - UPL,0,0,Ministerio del Interior / portal oficial de datos abiertos,PRIMARY_OFFICIAL
2019N,2019-11-10,10 - Cáceres,UNIÓN REGIONALISTA DE CASTILLA Y LEÓN - UNIÓN REGIONALISTA,0,0,Ministerio del Interior / portal oficial de datos abiertos,PRIMARY_OFFICIAL
2019N,2019-11-10,10 - Cáceres,VOX - VOX,35807,1,Ministerio del Interior / portal oficial de datos abiertos,PRIMARY_OFFICIAL
2019N,2019-11-10,11 - Cádiz,"AGRUPACIÓN DE ELECTORES ""TERUEL EXISTE"" - ¡TERUEL EXISTE!",0,0,Ministerio del Interior / portal oficial de datos abiertos,PRIMARY_OFFICIAL
2019N,2019-11-10,11 - Cádiz,AHORA CANARIAS: Alternativa Nacionalista Canaria (ANC) y Unidad del Pueblo - AHORA CANARIAS,0,0,Ministerio del Interior / portal oficial de datos abiertos,PRIMARY_OFFICIAL
2019N,2019-11-10,11 - Cádiz,ANDALUCÍA POR SÍ - AxSÍ,3509,0,Ministerio del Interior / portal oficial de datos abiertos,PRIMARY_OFFICIAL
2019N,2019-11-10,11 - Cádiz,ANDECHA ASTUR - ANDECHA,0,0,Ministerio del Interior / portal oficial de datos abiertos,PRIMARY_OFFICIAL
2019N,2019-11-10,11 - Cádiz,AUNA COMUNITAT VALENCIANA - AUNACV,0,0,Ministerio del Interior / portal oficial de datos abiertos,PRIMARY_OFFICIAL
2019N,2019-11-10,11 - Cádiz,AVANT ADELANTE LOS VERDES - AVANT ADELANTE LOS VERDES,0,0,Ministerio del Interior / portal oficial de datos abiertos,PRIMARY_OFFICIAL
2019N,2019-11-10,11 - Cádiz,AVANT ADELANTE LOS VERDES - AVANT LOS VERDES,0,0,Ministerio del Interior / portal oficial de datos abiertos,PRIMARY_OFFICIAL
2019N,2019-11-10,11 - Cádiz,BIDEZKO MUNDURANTZ-POR UN MUNDO MÁS JUSTO - PUM+J,0,0,Ministerio del Interior / portal oficial de datos abiertos,PRIMARY_OFFICIAL
2019N,2019-11-10,11 - Cádiz,BLOQUE NACIONALISTA GALEGO - BNG,0,0,Ministerio del Interior / portal oficial de datos abiertos,PRIMARY_OFFICIAL
2019N,2019-11-10,11 - Cádiz,CANDIDATURA D'UNITAT POPULAR-PER LA RUPTURA - CUP-PR,0,0,Ministerio del Interior / portal oficial de datos abiertos,PRIMARY_OFFICIAL
2019N,2019-11-10,11 - Cádiz,CENTRADOS - centrados,0,0,Ministerio del Interior / portal oficial de datos abiertos,PRIMARY_OFFICIAL
2019N,2019-11-10,11 - Cádiz,CHUNTA ARAGONESISTA - CHA,0,0,Ministerio del Interior / portal oficial de datos abiertos,PRIMARY_OFFICIAL
2019N,2019-11-10,11 - Cádiz,CIUDADANOS-PARTIDO DE LA CIUDADANÍA - Cs,55490,1,Ministerio del Interior / portal oficial de datos abiertos,PRIMARY_OFFICIAL
2019N,2019-11-10,11 - Cádiz,CIUTADANS-PARTIDO DE LA CIUDADANÍA - Cs,0,0,Ministerio del Interior / portal oficial de datos abiertos,PRIMARY_OFFICIAL
2019N,2019-11-10,11 - Cádiz,COALICIÓN CANARIA-NUEVA CANARIAS - CCa-PNC-NC,0,0,Ministerio del Interior / portal oficial de datos abiertos,PRIMARY_OFFICIAL
2019N,2019-11-10,11 - Cádiz,COALICIÓN POR MELILLA - CpM,0,0,Ministerio del Interior / portal oficial de datos abiertos,PRIMARY_OFFICIAL
2019N,2019-11-10,11 - Cádiz,CONTIGO SOMOS DEMOCRACIA - CONTIGO,0,0,Ministerio del Interior / portal oficial de datos abiertos,PRIMARY_OFFICIAL
2019N,2019-11-10,11 - Cádiz,CONVERGENCIA ANDALUZA - CAnda,0,0,Ministerio del Interior / portal oficial de datos abiertos,PRIMARY_OFFICIAL
2019N,2019-11-10,11 - Cádiz,CONVERXENCIA 21 - C 21,0,0,Ministerio del Interior / portal oficial de datos abiertos,PRIMARY_OFFICIAL
2019N,2019-11-10,11 - Cádiz,DEMOCRACIA PLURAL - DPL,0,0,Ministerio del Interior / portal oficial de datos abiertos,PRIMARY_OFFICIAL
2019N,2019-11-10,11 - Cádiz,ELKARREKIN PODEMOS-UNIDAS PODEMOS - PODEMOS-IU,0,0,Ministerio del Interior / portal oficial de datos abiertos,PRIMARY_OFFICIAL
2019N,2019-11-10,11 - Cádiz,EN COMÚ PODEM-GUANYEM EL CANVI - ECP-GUANYEM EL CANVI,0,0,Ministerio del Interior / portal oficial de datos abiertos,PRIMARY_OFFICIAL
2019N,2019-11-10,11 - Cádiz,EN COMÚN-UNIDAS PODEMOS - PODEMOS-EU,0,0,Ministerio del Interior / portal oficial de datos abiertos,PRIMARY_OFFICIAL
2019N,2019-11-10,11 - Cádiz,ESCANOS EN BRANCO - EB,0,0,Ministerio del Interior / portal oficial de datos abiertos,PRIMARY_OFFICIAL
2019N,2019-11-10,11 - Cádiz,ESCAÑOS EN BLANCO - EB,0,0,Ministerio del Interior / portal oficial de datos abiertos,PRIMARY_OFFICIAL
2019N,2019-11-10,11 - Cádiz,ESCAÑOS EN BLANCO-AULKI ZURIAK - EB,0,0,Ministerio del Interior / portal oficial de datos abiertos,PRIMARY_OFFICIAL
2019N,2019-11-10,11 - Cádiz,ESQUERRA REPUBLICANA DE CATALUNYA-SOBIRANISTES - ERC-SOBIRANISTES,0,0,Ministerio del Interior / portal oficial de datos abiertos,PRIMARY_OFFICIAL
2019N,2019-11-10,11 - Cádiz,ESQUERRA REPUBLICANA DEL PAÍS VALENCIÀ - ERPV,0,0,Ministerio del Interior / portal oficial de datos abiertos,PRIMARY_OFFICIAL
2019N,2019-11-10,11 - Cádiz,EUSKADIKO LANGILEEN ALDERDI KOMUNISTA/PARTIDO COMUNISTA DE LOS TRABAJADORES DE EUSKADI - ELAK/PCTE,0,0,Ministerio del Interior / portal oficial de datos abiertos,PRIMARY_OFFICIAL
2019N,2019-11-10,11 - Cádiz,EUSKAL HERRIA BILDU - EH Bildu,0,0,Ministerio del Interior / portal oficial de datos abiertos,PRIMARY_OFFICIAL
2019N,2019-11-10,11 - Cádiz,EUZKO ALDERDI JELTZALEA-PARTIDO NACIONALISTA VASCO - EAJ-PNV,0,0,Ministerio del Interior / portal oficial de datos abiertos,PRIMARY_OFFICIAL
2019N,2019-11-10,11 - Cádiz,EXTREMADURA UNIDA - EXTREMADURA UNIDA,0,0,Ministerio del Interior / portal oficial de datos abiertos,PRIMARY_OFFICIAL
2019N,2019-11-10,11 - Cádiz,FALANGE ESPAÑOLA DE LAS JONS - FE de las JONS,0,0,Ministerio del Interior / portal oficial de datos abiertos,PRIMARY_OFFICIAL
2019N,2019-11-10,11 - Cádiz,FEDERACIÓN DE LOS INDEPENDIENTES DE ARAGÓN - FIA,0,0,Ministerio del Interior / portal oficial de datos abiertos,PRIMARY_OFFICIAL
2019N,2019-11-10,11 - Cádiz,GEROA BAI - GBAI,0,0,Ministerio del Interior / portal oficial de datos abiertos,PRIMARY_OFFICIAL
2019N,2019-11-10,11 - Cádiz,INICIATIVA FEMINISTA - I.Fem,0,0,Ministerio del Interior / portal oficial de datos abiertos,PRIMARY_OFFICIAL
2019N,2019-11-10,11 - Cádiz,IZQUIERDA ANTICAPITALISTA REVOLUCIONARIA - IZAR,0,0,Ministerio del Interior / portal oficial de datos abiertos,PRIMARY_OFFICIAL
2019N,2019-11-10,11 - Cádiz,IZQUIERDA EN POSITIVO - IZQP,0,0,Ministerio del Interior / portal oficial de datos abiertos,PRIMARY_OFFICIAL
2019N,2019-11-10,11 - Cádiz,JUNTS PER CATALUNYA-JUNTS - JxCAT-JUNTS,0,0,Ministerio del Interior / portal oficial de datos abiertos,PRIMARY_OFFICIAL
2019N,2019-11-10,11 - Cádiz,LOS VERDES - LOS VERDES,0,0,Ministerio del Interior / portal oficial de datos abiertos,PRIMARY_OFFICIAL
2019N,2019-11-10,11 - Cádiz,LOS VERDES - VERDES,0,0,Ministerio del Interior / portal oficial de datos abiertos,PRIMARY_OFFICIAL
2019N,2019-11-10,11 - Cádiz,LOS VERDES ECOPACIFISTAS ADELANTE - AVANT ADELANTE LOS VERDES,0,0,Ministerio del Interior / portal oficial de datos abiertos,PRIMARY_OFFICIAL
2019N,2019-11-10,11 - Cádiz,MOVIMIENTO ARAGONES SOCIAL - MAS,0,0,Ministerio del Interior / portal oficial de datos abiertos,PRIMARY_OFFICIAL
2019N,2019-11-10,11 - Cádiz,MOVIMIENTO POR LA DIGNIDAD Y LA CIUDADANÍA DE CEUTA - MDyC,0,0,Ministerio del Interior / portal oficial de datos abiertos,PRIMARY_OFFICIAL
2019N,2019-11-10,11 - Cádiz,MÁS PAÍS - M PAÍS,0,0,Ministerio del Interior / portal oficial de datos abiertos,PRIMARY_OFFICIAL
2019N,2019-11-10,11 - Cádiz,MÁS PAÍS - MÁS PAÍS,0,0,Ministerio del Interior / portal oficial de datos abiertos,PRIMARY_OFFICIAL
2019N,2019-11-10,11 - Cádiz,MÁS PAÍS-ANDALUCÍA - MÁS PAÍS-ANDALUCÍA,11316,0,Ministerio del Interior / portal oficial de datos abiertos,PRIMARY_OFFICIAL
2019N,2019-11-10,11 - Cádiz,MÁS PAÍS-CANDIDATURA ECOLOGISTA - MÁS PAÍS-CANDIDATURA ECOLOGISTA,0,0,Ministerio del Interior / portal oficial de datos abiertos,PRIMARY_OFFICIAL
2019N,2019-11-10,11 - Cádiz,MÁS PAÍS-CHUNTA ARAGONESISTA-EQUO - M PAÍS-CHA-EQUO,0,0,Ministerio del Interior / portal oficial de datos abiertos,PRIMARY_OFFICIAL
2019N,2019-11-10,11 - Cádiz,MÁS PAÍS-EQUO - MÁS PAÍS-EQUO,0,0,Ministerio del Interior / portal oficial de datos abiertos,PRIMARY_OFFICIAL
2019N,2019-11-10,11 - Cádiz,MÉS COMPROMÍS - MÉS COMPROMÍS,0,0,Ministerio del Interior / portal oficial de datos abiertos,PRIMARY_OFFICIAL
2019N,2019-11-10,11 - Cádiz,MÉS ESQUERRA - MÉS-ESQUERRA,0,0,Ministerio del Interior / portal oficial de datos abiertos,PRIMARY_OFFICIAL
2019N,2019-11-10,11 - Cádiz,NAVARRA SUMA - NA+,0,0,Ministerio del Interior / portal oficial de datos abiertos,PRIMARY_OFFICIAL
2019N,2019-11-10,11 - Cádiz,NUEVA CANARIAS-COALICIÓN CANARIA - NC-CCa-PNC,0,0,Ministerio del Interior / portal oficial de datos abiertos,PRIMARY_OFFICIAL
2019N,2019-11-10,11 - Cádiz,PARTIDO ANIMALISTA CONTRA EL MALTRATO ANIMAL - PACMA,8437,0,Ministerio del Interior / portal oficial de datos abiertos,PRIMARY_OFFICIAL
2019N,2019-11-10,11 - Cádiz,PARTIDO COMUNISTA DE LOS PUEBLOS DE ESPAÑA - PCPE,0,0,Ministerio del Interior / portal oficial de datos abiertos,PRIMARY_OFFICIAL
2019N,2019-11-10,11 - Cádiz,PARTIDO COMUNISTA DE LOS TRABAJADORES DE ESPAÑA - PCTE,0,0,Ministerio del Interior / portal oficial de datos abiertos,PRIMARY_OFFICIAL
2019N,2019-11-10,11 - Cádiz,PARTIDO COMUNISTA DE LOS TRABAJADORES DE ESPAÑA/ESPANIAKO LANGILEEN ALDERDI KOMUNISTA - PCTE/ELAK,0,0,Ministerio del Interior / portal oficial de datos abiertos,PRIMARY_OFFICIAL
2019N,2019-11-10,11 - Cádiz,PARTIDO COMUNISTA DE LOS TRABAJADORES DE EUSKADI/EUSKADIKO LANGILEEN ALDERDI KOMUNISTA - PCTE/ELAK,0,0,Ministerio del Interior / portal oficial de datos abiertos,PRIMARY_OFFICIAL
2019N,2019-11-10,11 - Cádiz,PARTIDO COMUNISTA DEL PUEBLO ANDALUZ - PCPA,639,0,Ministerio del Interior / portal oficial de datos abiertos,PRIMARY_OFFICIAL
2019N,2019-11-10,11 - Cádiz,PARTIDO COMUNISTA DEL PUEBLO CANARIO - PCPC,0,0,Ministerio del Interior / portal oficial de datos abiertos,PRIMARY_OFFICIAL
2019N,2019-11-10,11 - Cádiz,PARTIDO COMUNISTA DOS TRABALLADORES DE GALIZA - PCTG,0,0,Ministerio del Interior / portal oficial de datos abiertos,PRIMARY_OFFICIAL
2019N,2019-11-10,11 - Cádiz,PARTIDO COMUNISTA OBRERO ESPAÑOL - PCOE,1739,0,Ministerio del Interior / portal oficial de datos abiertos,PRIMARY_OFFICIAL
2019N,2019-11-10,11 - Cádiz,PARTIDO DE ACCIÓN SOLIDARIA EUROPEA - SOLIDARIA,0,0,Ministerio del Interior / portal oficial de datos abiertos,PRIMARY_OFFICIAL
2019N,2019-11-10,11 - Cádiz,PARTIDO DEMÓCRATA SOCIAL JUBILADOS EUROPEOS - PDSJE,0,0,Ministerio del Interior / portal oficial de datos abiertos,PRIMARY_OFFICIAL
2019N,2019-11-10,11 - Cádiz,PARTIDO DOS SOCIALISTAS DE GALICIA-PSOE - PSOE,0,0,Ministerio del Interior / portal oficial de datos abiertos,PRIMARY_OFFICIAL
2019N,2019-11-10,11 - Cádiz,PARTIDO DOS SOCIALISTAS DE GALICIA-PSOE - PSdeG-PSOE,0,0,Ministerio del Interior / portal oficial de datos abiertos,PRIMARY_OFFICIAL
2019N,2019-11-10,11 - Cádiz,PARTIDO HUMANISTA - PH,0,0,Ministerio del Interior / portal oficial de datos abiertos,PRIMARY_OFFICIAL
2019N,2019-11-10,11 - Cádiz,PARTIDO LIBERTARIO - P-LIB,0,0,Ministerio del Interior / portal oficial de datos abiertos,PRIMARY_OFFICIAL
2019N,2019-11-10,11 - Cádiz,PARTIDO POPULAR - PP,111089,2,Ministerio del Interior / portal oficial de datos abiertos,PRIMARY_OFFICIAL
2019N,2019-11-10,11 - Cádiz,PARTIDO POPULAR / PARTIT POPULAR - PP,0,0,Ministerio del Interior / portal oficial de datos abiertos,PRIMARY_OFFICIAL
2019N,2019-11-10,11 - Cádiz,PARTIDO POPULAR-FORO - PP-FORO,0,0,Ministerio del Interior / portal oficial de datos abiertos,PRIMARY_OFFICIAL
2019N,2019-11-10,11 - Cádiz,PARTIDO REGIONALISTA DE CANTABRIA - PRC,0,0,Ministerio del Interior / portal oficial de datos abiertos,PRIMARY_OFFICIAL
2019N,2019-11-10,11 - Cádiz,PARTIDO REGIONALISTA DEL PAÍS LEONÉS - PREPAL,0,0,Ministerio del Interior / portal oficial de datos abiertos,PRIMARY_OFFICIAL
2019N,2019-11-10,11 - Cádiz,PARTIDO REPUBLICANO INDEPENDIENTE SOLIDARIO ANDALUZ - RISA,0,0,Ministerio del Interior / portal oficial de datos abiertos,PRIMARY_OFFICIAL
2019N,2019-11-10,11 - Cádiz,PARTIDO SOCIALISTA DE EUSKADI-EUSKADIKO EZKERRA (PSOE) - PSE-EE (PSOE),0,0,Ministerio del Interior / portal oficial de datos abiertos,PRIMARY_OFFICIAL
2019N,2019-11-10,11 - Cádiz,PARTIDO SOCIALISTA OBRERO ESPAÑOL - PSOE,188271,3,Ministerio del Interior / portal oficial de datos abiertos,PRIMARY_OFFICIAL
2019N,2019-11-10,11 - Cádiz,PARTIT ANIMALISTA CONTRA EL MALTRACTAMENT ANIMAL - PACMA,0,0,Ministerio del Interior / portal oficial de datos abiertos,PRIMARY_OFFICIAL
2019N,2019-11-10,11 - Cádiz,PARTIT COMUNISTA DEL POBLE DE CATALUNYA - PCPC,0,0,Ministerio del Interior / portal oficial de datos abiertos,PRIMARY_OFFICIAL
2019N,2019-11-10,11 - Cádiz,PARTIT COMUNISTA DELS POBLES D'ESPANYA - PCPE,0,0,Ministerio del Interior / portal oficial de datos abiertos,PRIMARY_OFFICIAL
2019N,2019-11-10,11 - Cádiz,PARTIT COMUNISTA DELS TREBALLADORS DE CATALUNYA - PCTC,0,0,Ministerio del Interior / portal oficial de datos abiertos,PRIMARY_OFFICIAL
2019N,2019-11-10,11 - Cádiz,PARTIT DELS SOCIALISTES DE CATALUNYA - PSC-PSOE,0,0,Ministerio del Interior / portal oficial de datos abiertos,PRIMARY_OFFICIAL
2019N,2019-11-10,11 - Cádiz,PARTIT POPULAR/PARTIDO POPULAR - PP,0,0,Ministerio del Interior / portal oficial de datos abiertos,PRIMARY_OFFICIAL
2019N,2019-11-10,11 - Cádiz,PER UN MÓN MÉS JUST - PUM+J,0,0,Ministerio del Interior / portal oficial de datos abiertos,PRIMARY_OFFICIAL
2019N,2019-11-10,11 - Cádiz,PLATAFORMA DEL PUEBLO SORIANO - PPSO,0,0,Ministerio del Interior / portal oficial de datos abiertos,PRIMARY_OFFICIAL
2019N,2019-11-10,11 - Cádiz,POR UN MUNDO MÁIS XUSTO/POR UN MUNDO MÁS JUSTO - PUM+J,0,0,Ministerio del Interior / portal oficial de datos abiertos,PRIMARY_OFFICIAL
2019N,2019-11-10,11 - Cádiz,POR UN MUNDO MÁS JUSTO - PUM+J,707,0,Ministerio del Interior / portal oficial de datos abiertos,PRIMARY_OFFICIAL
2019N,2019-11-10,11 - Cádiz,POR UN MUNDO MÁS JUSTO/BIDEZKO MUNDURANTZ - PUM+J,0,0,Ministerio del Interior / portal oficial de datos abiertos,PRIMARY_OFFICIAL
2019N,2019-11-10,11 - Cádiz,POR ÁVILA - XAV,0,0,Ministerio del Interior / portal oficial de datos abiertos,PRIMARY_OFFICIAL
2019N,2019-11-10,11 - Cádiz,PUYALON - PYLN,0,0,Ministerio del Interior / portal oficial de datos abiertos,PRIMARY_OFFICIAL
2019N,2019-11-10,11 - Cádiz,RECORTES CERO-GRUPO VERDE - RECORTES CERO-GV,915,0,Ministerio del Interior / portal oficial de datos abiertos,PRIMARY_OFFICIAL
2019N,2019-11-10,11 - Cádiz,RECORTES CERO-GRUPO VERDE-PARTIDO CASTELLANO-TIERRA COMUNERA - RECORTES CERO-GV-PCAS-TC,0,0,Ministerio del Interior / portal oficial de datos abiertos,PRIMARY_OFFICIAL
2019N,2019-11-10,11 - Cádiz,SOM VALENCIANS EN MOVIMENT - UIG-SOM-CUIDES,0,0,Ministerio del Interior / portal oficial de datos abiertos,PRIMARY_OFFICIAL
2019N,2019-11-10,11 - Cádiz,SOMOS REGIÓN - SOMOS REGIÓN,0,0,Ministerio del Interior / portal oficial de datos abiertos,PRIMARY_OFFICIAL
2019N,2019-11-10,11 - Cádiz,UNIDAS PODEMOS - PODEMOS-IU,0,0,Ministerio del Interior / portal oficial de datos abiertos,PRIMARY_OFFICIAL
2019N,2019-11-10,11 - Cádiz,UNIDAS PODEMOS - PODEMOS-IU LV CA,93541,1,Ministerio del Interior / portal oficial de datos abiertos,PRIMARY_OFFICIAL
2019N,2019-11-10,11 - Cádiz,UNIDAS PODEMOS - PODEMOS-IU-BATZARRE,0,0,Ministerio del Interior / portal oficial de datos abiertos,PRIMARY_OFFICIAL
2019N,2019-11-10,11 - Cádiz,UNIDAS PODEMOS-ALTOARAGÓN EN COMÚN - PODEMOS-IU-Alto Aragón en Común,0,0,Ministerio del Interior / portal oficial de datos abiertos,PRIMARY_OFFICIAL
2019N,2019-11-10,11 - Cádiz,UNIDAS PODEMOS-UNIDES PODEM - PODEMOS-EUIB,0,0,Ministerio del Interior / portal oficial de datos abiertos,PRIMARY_OFFICIAL
2019N,2019-11-10,11 - Cádiz,UNIDAS PODEMOS-UNIDES PODEM - PODEMOS-EUPV,0,0,Ministerio del Interior / portal oficial de datos abiertos,PRIMARY_OFFICIAL
2019N,2019-11-10,11 - Cádiz,UNIDAS PODEMOS-XUNÍES PODEMOS - PODEMOS-IX,0,0,Ministerio del Interior / portal oficial de datos abiertos,PRIMARY_OFFICIAL
2019N,2019-11-10,11 - Cádiz,UNIDOS Actuando por la Democracia - UNIDOS SÍ-ACPS-DEf,0,0,Ministerio del Interior / portal oficial de datos abiertos,PRIMARY_OFFICIAL
2019N,2019-11-10,11 - Cádiz,UNIÓN DE TODOS - UDT,0,0,Ministerio del Interior / portal oficial de datos abiertos,PRIMARY_OFFICIAL
2019N,2019-11-10,11 - Cádiz,UNIÓN DEL PUEBLO LEONÉS - UPL,0,0,Ministerio del Interior / portal oficial de datos abiertos,PRIMARY_OFFICIAL
2019N,2019-11-10,11 - Cádiz,UNIÓN REGIONALISTA DE CASTILLA Y LEÓN - UNIÓN REGIONALISTA,0,0,Ministerio del Interior / portal oficial de datos abiertos,PRIMARY_OFFICIAL
2019N,2019-11-10,11 - Cádiz,VOX - VOX,131205,2,Ministerio del Interior / portal oficial de datos abiertos,PRIMARY_OFFICIAL
2019N,2019-11-10,12 - Castellón/Castelló,"AGRUPACIÓN DE ELECTORES ""TERUEL EXISTE"" - ¡TERUEL EXISTE!",0,0,Ministerio del Interior / portal oficial de datos abiertos,PRIMARY_OFFICIAL
2019N,2019-11-10,12 - Castellón/Castelló,AHORA CANARIAS: Alternativa Nacionalista Canaria (ANC) y Unidad del Pueblo - AHORA CANARIAS,0,0,Ministerio del Interior / portal oficial de datos abiertos,PRIMARY_OFFICIAL
2019N,2019-11-10,12 - Castellón/Castelló,ANDALUCÍA POR SÍ - AxSÍ,0,0,Ministerio del Interior / portal oficial de datos abiertos,PRIMARY_OFFICIAL
2019N,2019-11-10,12 - Castellón/Castelló,ANDECHA ASTUR - ANDECHA,0,0,Ministerio del Interior / portal oficial de datos abiertos,PRIMARY_OFFICIAL
2019N,2019-11-10,12 - Castellón/Castelló,AUNA COMUNITAT VALENCIANA - AUNACV,104,0,Ministerio del Interior / portal oficial de datos abiertos,PRIMARY_OFFICIAL
2019N,2019-11-10,12 - Castellón/Castelló,AVANT ADELANTE LOS VERDES - AVANT ADELANTE LOS VERDES,0,0,Ministerio del Interior / portal oficial de datos abiertos,PRIMARY_OFFICIAL
2019N,2019-11-10,12 - Castellón/Castelló,AVANT ADELANTE LOS VERDES - AVANT LOS VERDES,405,0,Ministerio del Interior / portal oficial de datos abiertos,PRIMARY_OFFICIAL
2019N,2019-11-10,12 - Castellón/Castelló,BIDEZKO MUNDURANTZ-POR UN MUNDO MÁS JUSTO - PUM+J,0,0,Ministerio del Interior / portal oficial de datos abiertos,PRIMARY_OFFICIAL
2019N,2019-11-10,12 - Castellón/Castelló,BLOQUE NACIONALISTA GALEGO - BNG,0,0,Ministerio del Interior / portal oficial de datos abiertos,PRIMARY_OFFICIAL
2019N,2019-11-10,12 - Castellón/Castelló,CANDIDATURA D'UNITAT POPULAR-PER LA RUPTURA - CUP-PR,0,0,Ministerio del Interior / portal oficial de datos abiertos,PRIMARY_OFFICIAL
2019N,2019-11-10,12 - Castellón/Castelló,CENTRADOS - centrados,0,0,Ministerio del Interior / portal oficial de datos abiertos,PRIMARY_OFFICIAL
2019N,2019-11-10,12 - Castellón/Castelló,CHUNTA ARAGONESISTA - CHA,0,0,Ministerio del Interior / portal oficial de datos abiertos,PRIMARY_OFFICIAL
2019N,2019-11-10,12 - Castellón/Castelló,CIUDADANOS-PARTIDO DE LA CIUDADANÍA - Cs,20302,0,Ministerio del Interior / portal oficial de datos abiertos,PRIMARY_OFFICIAL
2019N,2019-11-10,12 - Castellón/Castelló,CIUTADANS-PARTIDO DE LA CIUDADANÍA - Cs,0,0,Ministerio del Interior / portal oficial de datos abiertos,PRIMARY_OFFICIAL
2019N,2019-11-10,12 - Castellón/Castelló,COALICIÓN CANARIA-NUEVA CANARIAS - CCa-PNC-NC,0,0,Ministerio del Interior / portal oficial de datos abiertos,PRIMARY_OFFICIAL
2019N,2019-11-10,12 - Castellón/Castelló,COALICIÓN POR MELILLA - CpM,0,0,Ministerio del Interior / portal oficial de datos abiertos,PRIMARY_OFFICIAL
2019N,2019-11-10,12 - Castellón/Castelló,CONTIGO SOMOS DEMOCRACIA - CONTIGO,0,0,Ministerio del Interior / portal oficial de datos abiertos,PRIMARY_OFFICIAL
2019N,2019-11-10,12 - Castellón/Castelló,CONVERGENCIA ANDALUZA - CAnda,0,0,Ministerio del Interior / portal oficial de datos abiertos,PRIMARY_OFFICIAL
2019N,2019-11-10,12 - Castellón/Castelló,CONVERXENCIA 21 - C 21,0,0,Ministerio del Interior / portal oficial de datos abiertos,PRIMARY_OFFICIAL
2019N,2019-11-10,12 - Castellón/Castelló,DEMOCRACIA PLURAL - DPL,0,0,Ministerio del Interior / portal oficial de datos abiertos,PRIMARY_OFFICIAL
2019N,2019-11-10,12 - Castellón/Castelló,ELKARREKIN PODEMOS-UNIDAS PODEMOS - PODEMOS-IU,0,0,Ministerio del Interior / portal oficial de datos abiertos,PRIMARY_OFFICIAL
2019N,2019-11-10,12 - Castellón/Castelló,EN COMÚ PODEM-GUANYEM EL CANVI - ECP-GUANYEM EL CANVI,0,0,Ministerio del Interior / portal oficial de datos abiertos,PRIMARY_OFFICIAL
2019N,2019-11-10,12 - Castellón/Castelló,EN COMÚN-UNIDAS PODEMOS - PODEMOS-EU,0,0,Ministerio del Interior / portal oficial de datos abiertos,PRIMARY_OFFICIAL
2019N,2019-11-10,12 - Castellón/Castelló,ESCANOS EN BRANCO - EB,0,0,Ministerio del Interior / portal oficial de datos abiertos,PRIMARY_OFFICIAL
2019N,2019-11-10,12 - Castellón/Castelló,ESCAÑOS EN BLANCO - EB,0,0,Ministerio del Interior / portal oficial de datos abiertos,PRIMARY_OFFICIAL
2019N,2019-11-10,12 - Castellón/Castelló,ESCAÑOS EN BLANCO-AULKI ZURIAK - EB,0,0,Ministerio del Interior / portal oficial de datos abiertos,PRIMARY_OFFICIAL
2019N,2019-11-10,12 - Castellón/Castelló,ESQUERRA REPUBLICANA DE CATALUNYA-SOBIRANISTES - ERC-SOBIRANISTES,0,0,Ministerio del Interior / portal oficial de datos abiertos,PRIMARY_OFFICIAL
2019N,2019-11-10,12 - Castellón/Castelló,ESQUERRA REPUBLICANA DEL PAÍS VALENCIÀ - ERPV,1106,0,Ministerio del Interior / portal oficial de datos abiertos,PRIMARY_OFFICIAL
2019N,2019-11-10,12 - Castellón/Castelló,EUSKADIKO LANGILEEN ALDERDI KOMUNISTA/PARTIDO COMUNISTA DE LOS TRABAJADORES DE EUSKADI - ELAK/PCTE,0,0,Ministerio del Interior / portal oficial de datos abiertos,PRIMARY_OFFICIAL
2019N,2019-11-10,12 - Castellón/Castelló,EUSKAL HERRIA BILDU - EH Bildu,0,0,Ministerio del Interior / portal oficial de datos abiertos,PRIMARY_OFFICIAL
2019N,2019-11-10,12 - Castellón/Castelló,EUZKO ALDERDI JELTZALEA-PARTIDO NACIONALISTA VASCO - EAJ-PNV,0,0,Ministerio del Interior / portal oficial de datos abiertos,PRIMARY_OFFICIAL
2019N,2019-11-10,12 - Castellón/Castelló,EXTREMADURA UNIDA - EXTREMADURA UNIDA,0,0,Ministerio del Interior / portal oficial de datos abiertos,PRIMARY_OFFICIAL
2019N,2019-11-10,12 - Castellón/Castelló,FALANGE ESPAÑOLA DE LAS JONS - FE de las JONS,137,0,Ministerio del Interior / portal oficial de datos abiertos,PRIMARY_OFFICIAL
2019N,2019-11-10,12 - Castellón/Castelló,FEDERACIÓN DE LOS INDEPENDIENTES DE ARAGÓN - FIA,0,0,Ministerio del Interior / portal oficial de datos abiertos,PRIMARY_OFFICIAL
2019N,2019-11-10,12 - Castellón/Castelló,GEROA BAI - GBAI,0,0,Ministerio del Interior / portal oficial de datos abiertos,PRIMARY_OFFICIAL
2019N,2019-11-10,12 - Castellón/Castelló,INICIATIVA FEMINISTA - I.Fem,0,0,Ministerio del Interior / portal oficial de datos abiertos,PRIMARY_OFFICIAL
2019N,2019-11-10,12 - Castellón/Castelló,IZQUIERDA ANTICAPITALISTA REVOLUCIONARIA - IZAR,0,0,Ministerio del Interior / portal oficial de datos abiertos,PRIMARY_OFFICIAL
2019N,2019-11-10,12 - Castellón/Castelló,IZQUIERDA EN POSITIVO - IZQP,0,0,Ministerio del Interior / portal oficial de datos abiertos,PRIMARY_OFFICIAL
2019N,2019-11-10,12 - Castellón/Castelló,JUNTS PER CATALUNYA-JUNTS - JxCAT-JUNTS,0,0,Ministerio del Interior / portal oficial de datos abiertos,PRIMARY_OFFICIAL
2019N,2019-11-10,12 - Castellón/Castelló,LOS VERDES - LOS VERDES,0,0,Ministerio del Interior / portal oficial de datos abiertos,PRIMARY_OFFICIAL
2019N,2019-11-10,12 - Castellón/Castelló,LOS VERDES - VERDES,0,0,Ministerio del Interior / portal oficial de datos abiertos,PRIMARY_OFFICIAL
2019N,2019-11-10,12 - Castellón/Castelló,LOS VERDES ECOPACIFISTAS ADELANTE - AVANT ADELANTE LOS VERDES,0,0,Ministerio del Interior / portal oficial de datos abiertos,PRIMARY_OFFICIAL
2019N,2019-11-10,12 - Castellón/Castelló,MOVIMIENTO ARAGONES SOCIAL - MAS,0,0,Ministerio del Interior / portal oficial de datos abiertos,PRIMARY_OFFICIAL
2019N,2019-11-10,12 - Castellón/Castelló,MOVIMIENTO POR LA DIGNIDAD Y LA CIUDADANÍA DE CEUTA - MDyC,0,0,Ministerio del Interior / portal oficial de datos abiertos,PRIMARY_OFFICIAL
2019N,2019-11-10,12 - Castellón/Castelló,MÁS PAÍS - M PAÍS,0,0,Ministerio del Interior / portal oficial de datos abiertos,PRIMARY_OFFICIAL
2019N,2019-11-10,12 - Castellón/Castelló,MÁS PAÍS - MÁS PAÍS,0,0,Ministerio del Interior / portal oficial de datos abiertos,PRIMARY_OFFICIAL
2019N,2019-11-10,12 - Castellón/Castelló,MÁS PAÍS-ANDALUCÍA - MÁS PAÍS-ANDALUCÍA,0,0,Ministerio del Interior / portal oficial de datos abiertos,PRIMARY_OFFICIAL
2019N,2019-11-10,12 - Castellón/Castelló,MÁS PAÍS-CANDIDATURA ECOLOGISTA - MÁS PAÍS-CANDIDATURA ECOLOGISTA,0,0,Ministerio del Interior / portal oficial de datos abiertos,PRIMARY_OFFICIAL
2019N,2019-11-10,12 - Castellón/Castelló,MÁS PAÍS-CHUNTA ARAGONESISTA-EQUO - M PAÍS-CHA-EQUO,0,0,Ministerio del Interior / portal oficial de datos abiertos,PRIMARY_OFFICIAL
2019N,2019-11-10,12 - Castellón/Castelló,MÁS PAÍS-EQUO - MÁS PAÍS-EQUO,0,0,Ministerio del Interior / portal oficial de datos abiertos,PRIMARY_OFFICIAL
2019N,2019-11-10,12 - Castellón/Castelló,MÉS COMPROMÍS - MÉS COMPROMÍS,18140,0,Ministerio del Interior / portal oficial de datos abiertos,PRIMARY_OFFICIAL
2019N,2019-11-10,12 - Castellón/Castelló,MÉS ESQUERRA - MÉS-ESQUERRA,0,0,Ministerio del Interior / portal oficial de datos abiertos,PRIMARY_OFFICIAL
2019N,2019-11-10,12 - Castellón/Castelló,NAVARRA SUMA - NA+,0,0,Ministerio del Interior / portal oficial de datos abiertos,PRIMARY_OFFICIAL
2019N,2019-11-10,12 - Castellón/Castelló,NUEVA CANARIAS-COALICIÓN CANARIA - NC-CCa-PNC,0,0,Ministerio del Interior / portal oficial de datos abiertos,PRIMARY_OFFICIAL
2019N,2019-11-10,12 - Castellón/Castelló,PARTIDO ANIMALISTA CONTRA EL MALTRATO ANIMAL - PACMA,2483,0,Ministerio del Interior / portal oficial de datos abiertos,PRIMARY_OFFICIAL
2019N,2019-11-10,12 - Castellón/Castelló,PARTIDO COMUNISTA DE LOS PUEBLOS DE ESPAÑA - PCPE,0,0,Ministerio del Interior / portal oficial de datos abiertos,PRIMARY_OFFICIAL
2019N,2019-11-10,12 - Castellón/Castelló,PARTIDO COMUNISTA DE LOS TRABAJADORES DE ESPAÑA - PCTE,0,0,Ministerio del Interior / portal oficial de datos abiertos,PRIMARY_OFFICIAL
2019N,2019-11-10,12 - Castellón/Castelló,PARTIDO COMUNISTA DE LOS TRABAJADORES DE ESPAÑA/ESPANIAKO LANGILEEN ALDERDI KOMUNISTA - PCTE/ELAK,0,0,Ministerio del Interior / portal oficial de datos abiertos,PRIMARY_OFFICIAL
2019N,2019-11-10,12 - Castellón/Castelló,PARTIDO COMUNISTA DE LOS TRABAJADORES DE EUSKADI/EUSKADIKO LANGILEEN ALDERDI KOMUNISTA - PCTE/ELAK,0,0,Ministerio del Interior / portal oficial de datos abiertos,PRIMARY_OFFICIAL
2019N,2019-11-10,12 - Castellón/Castelló,PARTIDO COMUNISTA DEL PUEBLO ANDALUZ - PCPA,0,0,Ministerio del Interior / portal oficial de datos abiertos,PRIMARY_OFFICIAL
2019N,2019-11-10,12 - Castellón/Castelló,PARTIDO COMUNISTA DEL PUEBLO CANARIO - PCPC,0,0,Ministerio del Interior / portal oficial de datos abiertos,PRIMARY_OFFICIAL
2019N,2019-11-10,12 - Castellón/Castelló,PARTIDO COMUNISTA DOS TRABALLADORES DE GALIZA - PCTG,0,0,Ministerio del Interior / portal oficial de datos abiertos,PRIMARY_OFFICIAL
2019N,2019-11-10,12 - Castellón/Castelló,PARTIDO COMUNISTA OBRERO ESPAÑOL - PCOE,379,0,Ministerio del Interior / portal oficial de datos abiertos,PRIMARY_OFFICIAL
2019N,2019-11-10,12 - Castellón/Castelló,PARTIDO DE ACCIÓN SOLIDARIA EUROPEA - SOLIDARIA,0,0,Ministerio del Interior / portal oficial de datos abiertos,PRIMARY_OFFICIAL
2019N,2019-11-10,12 - Castellón/Castelló,PARTIDO DEMÓCRATA SOCIAL JUBILADOS EUROPEOS - PDSJE,0,0,Ministerio del Interior / portal oficial de datos abiertos,PRIMARY_OFFICIAL
2019N,2019-11-10,12 - Castellón/Castelló,PARTIDO DOS SOCIALISTAS DE GALICIA-PSOE - PSOE,0,0,Ministerio del Interior / portal oficial de datos abiertos,PRIMARY_OFFICIAL
2019N,2019-11-10,12 - Castellón/Castelló,PARTIDO DOS SOCIALISTAS DE GALICIA-PSOE - PSdeG-PSOE,0,0,Ministerio del Interior / portal oficial de datos abiertos,PRIMARY_OFFICIAL
2019N,2019-11-10,12 - Castellón/Castelló,PARTIDO HUMANISTA - PH,0,0,Ministerio del Interior / portal oficial de datos abiertos,PRIMARY_OFFICIAL
2019N,2019-11-10,12 - Castellón/Castelló,PARTIDO LIBERTARIO - P-LIB,0,0,Ministerio del Interior / portal oficial de datos abiertos,PRIMARY_OFFICIAL
2019N,2019-11-10,12 - Castellón/Castelló,PARTIDO POPULAR - PP,70176,1,Ministerio del Interior / portal oficial de datos abiertos,PRIMARY_OFFICIAL
2019N,2019-11-10,12 - Castellón/Castelló,PARTIDO POPULAR / PARTIT POPULAR - PP,0,0,Ministerio del Interior / portal oficial de datos abiertos,PRIMARY_OFFICIAL
2019N,2019-11-10,12 - Castellón/Castelló,PARTIDO POPULAR-FORO - PP-FORO,0,0,Ministerio del Interior / portal oficial de datos abiertos,PRIMARY_OFFICIAL
2019N,2019-11-10,12 - Castellón/Castelló,PARTIDO REGIONALISTA DE CANTABRIA - PRC,0,0,Ministerio del Interior / portal oficial de datos abiertos,PRIMARY_OFFICIAL
2019N,2019-11-10,12 - Castellón/Castelló,PARTIDO REGIONALISTA DEL PAÍS LEONÉS - PREPAL,0,0,Ministerio del Interior / portal oficial de datos abiertos,PRIMARY_OFFICIAL
2019N,2019-11-10,12 - Castellón/Castelló,PARTIDO REPUBLICANO INDEPENDIENTE SOLIDARIO ANDALUZ - RISA,0,0,Ministerio del Interior / portal oficial de datos abiertos,PRIMARY_OFFICIAL
2019N,2019-11-10,12 - Castellón/Castelló,PARTIDO SOCIALISTA DE EUSKADI-EUSKADIKO EZKERRA (PSOE) - PSE-EE (PSOE),0,0,Ministerio del Interior / portal oficial de datos abiertos,PRIMARY_OFFICIAL
2019N,2019-11-10,12 - Castellón/Castelló,PARTIDO SOCIALISTA OBRERO ESPAÑOL - PSOE,84078,2,Ministerio del Interior / portal oficial de datos abiertos,PRIMARY_OFFICIAL
2019N,2019-11-10,12 - Castellón/Castelló,PARTIT ANIMALISTA CONTRA EL MALTRACTAMENT ANIMAL - PACMA,0,0,Ministerio del Interior / portal oficial de datos abiertos,PRIMARY_OFFICIAL
2019N,2019-11-10,12 - Castellón/Castelló,PARTIT COMUNISTA DEL POBLE DE CATALUNYA - PCPC,0,0,Ministerio del Interior / portal oficial de datos abiertos,PRIMARY_OFFICIAL
2019N,2019-11-10,12 - Castellón/Castelló,PARTIT COMUNISTA DELS POBLES D'ESPANYA - PCPE,194,0,Ministerio del Interior / portal oficial de datos abiertos,PRIMARY_OFFICIAL
2019N,2019-11-10,12 - Castellón/Castelló,PARTIT COMUNISTA DELS TREBALLADORS DE CATALUNYA - PCTC,0,0,Ministerio del Interior / portal oficial de datos abiertos,PRIMARY_OFFICIAL
2019N,2019-11-10,12 - Castellón/Castelló,PARTIT DELS SOCIALISTES DE CATALUNYA - PSC-PSOE,0,0,Ministerio del Interior / portal oficial de datos abiertos,PRIMARY_OFFICIAL
2019N,2019-11-10,12 - Castellón/Castelló,PARTIT POPULAR/PARTIDO POPULAR - PP,0,0,Ministerio del Interior / portal oficial de datos abiertos,PRIMARY_OFFICIAL
2019N,2019-11-10,12 - Castellón/Castelló,PER UN MÓN MÉS JUST - PUM+J,0,0,Ministerio del Interior / portal oficial de datos abiertos,PRIMARY_OFFICIAL
2019N,2019-11-10,12 - Castellón/Castelló,PLATAFORMA DEL PUEBLO SORIANO - PPSO,0,0,Ministerio del Interior / portal oficial de datos abiertos,PRIMARY_OFFICIAL
2019N,2019-11-10,12 - Castellón/Castelló,POR UN MUNDO MÁIS XUSTO/POR UN MUNDO MÁS JUSTO - PUM+J,0,0,Ministerio del Interior / portal oficial de datos abiertos,PRIMARY_OFFICIAL
2019N,2019-11-10,12 - Castellón/Castelló,POR UN MUNDO MÁS JUSTO - PUM+J,370,0,Ministerio del Interior / portal oficial de datos abiertos,PRIMARY_OFFICIAL
2019N,2019-11-10,12 - Castellón/Castelló,POR UN MUNDO MÁS JUSTO/BIDEZKO MUNDURANTZ - PUM+J,0,0,Ministerio del Interior / portal oficial de datos abiertos,PRIMARY_OFFICIAL
2019N,2019-11-10,12 - Castellón/Castelló,POR ÁVILA - XAV,0,0,Ministerio del Interior / portal oficial de datos abiertos,PRIMARY_OFFICIAL
2019N,2019-11-10,12 - Castellón/Castelló,PUYALON - PYLN,0,0,Ministerio del Interior / portal oficial de datos abiertos,PRIMARY_OFFICIAL
2019N,2019-11-10,12 - Castellón/Castelló,RECORTES CERO-GRUPO VERDE - RECORTES CERO-GV,257,0,Ministerio del Interior / portal oficial de datos abiertos,PRIMARY_OFFICIAL
2019N,2019-11-10,12 - Castellón/Castelló,RECORTES CERO-GRUPO VERDE-PARTIDO CASTELLANO-TIERRA COMUNERA - RECORTES CERO-GV-PCAS-TC,0,0,Ministerio del Interior / portal oficial de datos abiertos,PRIMARY_OFFICIAL
2019N,2019-11-10,12 - Castellón/Castelló,SOM VALENCIANS EN MOVIMENT - UIG-SOM-CUIDES,0,0,Ministerio del Interior / portal oficial de datos abiertos,PRIMARY_OFFICIAL
2019N,2019-11-10,12 - Castellón/Castelló,SOMOS REGIÓN - SOMOS REGIÓN,0,0,Ministerio del Interior / portal oficial de datos abiertos,PRIMARY_OFFICIAL
2019N,2019-11-10,12 - Castellón/Castelló,UNIDAS PODEMOS - PODEMOS-IU,0,0,Ministerio del Interior / portal oficial de datos abiertos,PRIMARY_OFFICIAL
2019N,2019-11-10,12 - Castellón/Castelló,UNIDAS PODEMOS - PODEMOS-IU LV CA,0,0,Ministerio del Interior / portal oficial de datos abiertos,PRIMARY_OFFICIAL
2019N,2019-11-10,12 - Castellón/Castelló,UNIDAS PODEMOS - PODEMOS-IU-BATZARRE,0,0,Ministerio del Interior / portal oficial de datos abiertos,PRIMARY_OFFICIAL
2019N,2019-11-10,12 - Castellón/Castelló,UNIDAS PODEMOS-ALTOARAGÓN EN COMÚN - PODEMOS-IU-Alto Aragón en Común,0,0,Ministerio del Interior / portal oficial de datos abiertos,PRIMARY_OFFICIAL
2019N,2019-11-10,12 - Castellón/Castelló,UNIDAS PODEMOS-UNIDES PODEM - PODEMOS-EUIB,0,0,Ministerio del Interior / portal oficial de datos abiertos,PRIMARY_OFFICIAL
2019N,2019-11-10,12 - Castellón/Castelló,UNIDAS PODEMOS-UNIDES PODEM - PODEMOS-EUPV,39251,1,Ministerio del Interior / portal oficial de datos abiertos,PRIMARY_OFFICIAL
2019N,2019-11-10,12 - Castellón/Castelló,UNIDAS PODEMOS-XUNÍES PODEMOS - PODEMOS-IX,0,0,Ministerio del Interior / portal oficial de datos abiertos,PRIMARY_OFFICIAL
2019N,2019-11-10,12 - Castellón/Castelló,UNIDOS Actuando por la Democracia - UNIDOS SÍ-ACPS-DEf,0,0,Ministerio del Interior / portal oficial de datos abiertos,PRIMARY_OFFICIAL
2019N,2019-11-10,12 - Castellón/Castelló,UNIÓN DE TODOS - UDT,0,0,Ministerio del Interior / portal oficial de datos abiertos,PRIMARY_OFFICIAL
2019N,2019-11-10,12 - Castellón/Castelló,UNIÓN DEL PUEBLO LEONÉS - UPL,0,0,Ministerio del Interior / portal oficial de datos abiertos,PRIMARY_OFFICIAL
2019N,2019-11-10,12 - Castellón/Castelló,UNIÓN REGIONALISTA DE CASTILLA Y LEÓN - UNIÓN REGIONALISTA,0,0,Ministerio del Interior / portal oficial de datos abiertos,PRIMARY_OFFICIAL
2019N,2019-11-10,12 - Castellón/Castelló,VOX - VOX,54849,1,Ministerio del Interior / portal oficial de datos abiertos,PRIMARY_OFFICIAL
2019N,2019-11-10,13 - Ciudad Real,"AGRUPACIÓN DE ELECTORES ""TERUEL EXISTE"" - ¡TERUEL EXISTE!",0,0,Ministerio del Interior / portal oficial de datos abiertos,PRIMARY_OFFICIAL
2019N,2019-11-10,13 - Ciudad Real,AHORA CANARIAS: Alternativa Nacionalista Canaria (ANC) y Unidad del Pueblo - AHORA CANARIAS,0,0,Ministerio del Interior / portal oficial de datos abiertos,PRIMARY_OFFICIAL
2019N,2019-11-10,13 - Ciudad Real,ANDALUCÍA POR SÍ - AxSÍ,0,0,Ministerio del Interior / portal oficial de datos abiertos,PRIMARY_OFFICIAL
2019N,2019-11-10,13 - Ciudad Real,ANDECHA ASTUR - ANDECHA,0,0,Ministerio del Interior / portal oficial de datos abiertos,PRIMARY_OFFICIAL
2019N,2019-11-10,13 - Ciudad Real,AUNA COMUNITAT VALENCIANA - AUNACV,0,0,Ministerio del Interior / portal oficial de datos abiertos,PRIMARY_OFFICIAL
2019N,2019-11-10,13 - Ciudad Real,AVANT ADELANTE LOS VERDES - AVANT ADELANTE LOS VERDES,0,0,Ministerio del Interior / portal oficial de datos abiertos,PRIMARY_OFFICIAL
2019N,2019-11-10,13 - Ciudad Real,AVANT ADELANTE LOS VERDES - AVANT LOS VERDES,0,0,Ministerio del Interior / portal oficial de datos abiertos,PRIMARY_OFFICIAL
2019N,2019-11-10,13 - Ciudad Real,BIDEZKO MUNDURANTZ-POR UN MUNDO MÁS JUSTO - PUM+J,0,0,Ministerio del Interior / portal oficial de datos abiertos,PRIMARY_OFFICIAL
2019N,2019-11-10,13 - Ciudad Real,BLOQUE NACIONALISTA GALEGO - BNG,0,0,Ministerio del Interior / portal oficial de datos abiertos,PRIMARY_OFFICIAL
2019N,2019-11-10,13 - Ciudad Real,CANDIDATURA D'UNITAT POPULAR-PER LA RUPTURA - CUP-PR,0,0,Ministerio del Interior / portal oficial de datos abiertos,PRIMARY_OFFICIAL
2019N,2019-11-10,13 - Ciudad Real,CENTRADOS - centrados,0,0,Ministerio del Interior / portal oficial de datos abiertos,PRIMARY_OFFICIAL
2019N,2019-11-10,13 - Ciudad Real,CHUNTA ARAGONESISTA - CHA,0,0,Ministerio del Interior / portal oficial de datos abiertos,PRIMARY_OFFICIAL
2019N,2019-11-10,13 - Ciudad Real,CIUDADANOS-PARTIDO DE LA CIUDADANÍA - Cs,18337,0,Ministerio del Interior / portal oficial de datos abiertos,PRIMARY_OFFICIAL
2019N,2019-11-10,13 - Ciudad Real,CIUTADANS-PARTIDO DE LA CIUDADANÍA - Cs,0,0,Ministerio del Interior / portal oficial de datos abiertos,PRIMARY_OFFICIAL
2019N,2019-11-10,13 - Ciudad Real,COALICIÓN CANARIA-NUEVA CANARIAS - CCa-PNC-NC,0,0,Ministerio del Interior / portal oficial de datos abiertos,PRIMARY_OFFICIAL
2019N,2019-11-10,13 - Ciudad Real,COALICIÓN POR MELILLA - CpM,0,0,Ministerio del Interior / portal oficial de datos abiertos,PRIMARY_OFFICIAL
2019N,2019-11-10,13 - Ciudad Real,CONTIGO SOMOS DEMOCRACIA - CONTIGO,0,0,Ministerio del Interior / portal oficial de datos abiertos,PRIMARY_OFFICIAL
2019N,2019-11-10,13 - Ciudad Real,CONVERGENCIA ANDALUZA - CAnda,0,0,Ministerio del Interior / portal oficial de datos abiertos,PRIMARY_OFFICIAL
2019N,2019-11-10,13 - Ciudad Real,CONVERXENCIA 21 - C 21,0,0,Ministerio del Interior / portal oficial de datos abiertos,PRIMARY_OFFICIAL
2019N,2019-11-10,13 - Ciudad Real,DEMOCRACIA PLURAL - DPL,0,0,Ministerio del Interior / portal oficial de datos abiertos,PRIMARY_OFFICIAL
2019N,2019-11-10,13 - Ciudad Real,ELKARREKIN PODEMOS-UNIDAS PODEMOS - PODEMOS-IU,0,0,Ministerio del Interior / portal oficial de datos abiertos,PRIMARY_OFFICIAL
2019N,2019-11-10,13 - Ciudad Real,EN COMÚ PODEM-GUANYEM EL CANVI - ECP-GUANYEM EL CANVI,0,0,Ministerio del Interior / portal oficial de datos abiertos,PRIMARY_OFFICIAL
2019N,2019-11-10,13 - Ciudad Real,EN COMÚN-UNIDAS PODEMOS - PODEMOS-EU,0,0,Ministerio del Interior / portal oficial de datos abiertos,PRIMARY_OFFICIAL
2019N,2019-11-10,13 - Ciudad Real,ESCANOS EN BRANCO - EB,0,0,Ministerio del Interior / portal oficial de datos abiertos,PRIMARY_OFFICIAL
2019N,2019-11-10,13 - Ciudad Real,ESCAÑOS EN BLANCO - EB,0,0,Ministerio del Interior / portal oficial de datos abiertos,PRIMARY_OFFICIAL
2019N,2019-11-10,13 - Ciudad Real,ESCAÑOS EN BLANCO-AULKI ZURIAK - EB,0,0,Ministerio del Interior / portal oficial de datos abiertos,PRIMARY_OFFICIAL
2019N,2019-11-10,13 - Ciudad Real,ESQUERRA REPUBLICANA DE CATALUNYA-SOBIRANISTES - ERC-SOBIRANISTES,0,0,Ministerio del Interior / portal oficial de datos abiertos,PRIMARY_OFFICIAL
2019N,2019-11-10,13 - Ciudad Real,ESQUERRA REPUBLICANA DEL PAÍS VALENCIÀ - ERPV,0,0,Ministerio del Interior / portal oficial de datos abiertos,PRIMARY_OFFICIAL
2019N,2019-11-10,13 - Ciudad Real,EUSKADIKO LANGILEEN ALDERDI KOMUNISTA/PARTIDO COMUNISTA DE LOS TRABAJADORES DE EUSKADI - ELAK/PCTE,0,0,Ministerio del Interior / portal oficial de datos abiertos,PRIMARY_OFFICIAL
2019N,2019-11-10,13 - Ciudad Real,EUSKAL HERRIA BILDU - EH Bildu,0,0,Ministerio del Interior / portal oficial de datos abiertos,PRIMARY_OFFICIAL
2019N,2019-11-10,13 - Ciudad Real,EUZKO ALDERDI JELTZALEA-PARTIDO NACIONALISTA VASCO - EAJ-PNV,0,0,Ministerio del Interior / portal oficial de datos abiertos,PRIMARY_OFFICIAL
2019N,2019-11-10,13 - Ciudad Real,EXTREMADURA UNIDA - EXTREMADURA UNIDA,0,0,Ministerio del Interior / portal oficial de datos abiertos,PRIMARY_OFFICIAL
2019N,2019-11-10,13 - Ciudad Real,FALANGE ESPAÑOLA DE LAS JONS - FE de las JONS,0,0,Ministerio del Interior / portal oficial de datos abiertos,PRIMARY_OFFICIAL
2019N,2019-11-10,13 - Ciudad Real,FEDERACIÓN DE LOS INDEPENDIENTES DE ARAGÓN - FIA,0,0,Ministerio del Interior / portal oficial de datos abiertos,PRIMARY_OFFICIAL
2019N,2019-11-10,13 - Ciudad Real,GEROA BAI - GBAI,0,0,Ministerio del Interior / portal oficial de datos abiertos,PRIMARY_OFFICIAL
2019N,2019-11-10,13 - Ciudad Real,INICIATIVA FEMINISTA - I.Fem,0,0,Ministerio del Interior / portal oficial de datos abiertos,PRIMARY_OFFICIAL
2019N,2019-11-10,13 - Ciudad Real,IZQUIERDA ANTICAPITALISTA REVOLUCIONARIA - IZAR,0,0,Ministerio del Interior / portal oficial de datos abiertos,PRIMARY_OFFICIAL
2019N,2019-11-10,13 - Ciudad Real,IZQUIERDA EN POSITIVO - IZQP,0,0,Ministerio del Interior / portal oficial de datos abiertos,PRIMARY_OFFICIAL
2019N,2019-11-10,13 - Ciudad Real,JUNTS PER CATALUNYA-JUNTS - JxCAT-JUNTS,0,0,Ministerio del Interior / portal oficial de datos abiertos,PRIMARY_OFFICIAL
2019N,2019-11-10,13 - Ciudad Real,LOS VERDES - LOS VERDES,0,0,Ministerio del Interior / portal oficial de datos abiertos,PRIMARY_OFFICIAL
2019N,2019-11-10,13 - Ciudad Real,LOS VERDES - VERDES,0,0,Ministerio del Interior / portal oficial de datos abiertos,PRIMARY_OFFICIAL
2019N,2019-11-10,13 - Ciudad Real,LOS VERDES ECOPACIFISTAS ADELANTE - AVANT ADELANTE LOS VERDES,0,0,Ministerio del Interior / portal oficial de datos abiertos,PRIMARY_OFFICIAL
2019N,2019-11-10,13 - Ciudad Real,MOVIMIENTO ARAGONES SOCIAL - MAS,0,0,Ministerio del Interior / portal oficial de datos abiertos,PRIMARY_OFFICIAL
2019N,2019-11-10,13 - Ciudad Real,MOVIMIENTO POR LA DIGNIDAD Y LA CIUDADANÍA DE CEUTA - MDyC,0,0,Ministerio del Interior / portal oficial de datos abiertos,PRIMARY_OFFICIAL
2019N,2019-11-10,13 - Ciudad Real,MÁS PAÍS - M PAÍS,0,0,Ministerio del Interior / portal oficial de datos abiertos,PRIMARY_OFFICIAL
2019N,2019-11-10,13 - Ciudad Real,MÁS PAÍS - MÁS PAÍS,0,0,Ministerio del Interior / portal oficial de datos abiertos,PRIMARY_OFFICIAL
2019N,2019-11-10,13 - Ciudad Real,MÁS PAÍS-ANDALUCÍA - MÁS PAÍS-ANDALUCÍA,0,0,Ministerio del Interior / portal oficial de datos abiertos,PRIMARY_OFFICIAL
2019N,2019-11-10,13 - Ciudad Real,MÁS PAÍS-CANDIDATURA ECOLOGISTA - MÁS PAÍS-CANDIDATURA ECOLOGISTA,0,0,Ministerio del Interior / portal oficial de datos abiertos,PRIMARY_OFFICIAL
2019N,2019-11-10,13 - Ciudad Real,MÁS PAÍS-CHUNTA ARAGONESISTA-EQUO - M PAÍS-CHA-EQUO,0,0,Ministerio del Interior / portal oficial de datos abiertos,PRIMARY_OFFICIAL
2019N,2019-11-10,13 - Ciudad Real,MÁS PAÍS-EQUO - MÁS PAÍS-EQUO,0,0,Ministerio del Interior / portal oficial de datos abiertos,PRIMARY_OFFICIAL
2019N,2019-11-10,13 - Ciudad Real,MÉS COMPROMÍS - MÉS COMPROMÍS,0,0,Ministerio del Interior / portal oficial de datos abiertos,PRIMARY_OFFICIAL
2019N,2019-11-10,13 - Ciudad Real,MÉS ESQUERRA - MÉS-ESQUERRA,0,0,Ministerio del Interior / portal oficial de datos abiertos,PRIMARY_OFFICIAL
2019N,2019-11-10,13 - Ciudad Real,NAVARRA SUMA - NA+,0,0,Ministerio del Interior / portal oficial de datos abiertos,PRIMARY_OFFICIAL
2019N,2019-11-10,13 - Ciudad Real,NUEVA CANARIAS-COALICIÓN CANARIA - NC-CCa-PNC,0,0,Ministerio del Interior / portal oficial de datos abiertos,PRIMARY_OFFICIAL
2019N,2019-11-10,13 - Ciudad Real,PARTIDO ANIMALISTA CONTRA EL MALTRATO ANIMAL - PACMA,1788,0,Ministerio del Interior / portal oficial de datos abiertos,PRIMARY_OFFICIAL
2019N,2019-11-10,13 - Ciudad Real,PARTIDO COMUNISTA DE LOS PUEBLOS DE ESPAÑA - PCPE,0,0,Ministerio del Interior / portal oficial de datos abiertos,PRIMARY_OFFICIAL
2019N,2019-11-10,13 - Ciudad Real,PARTIDO COMUNISTA DE LOS TRABAJADORES DE ESPAÑA - PCTE,0,0,Ministerio del Interior / portal oficial de datos abiertos,PRIMARY_OFFICIAL
2019N,2019-11-10,13 - Ciudad Real,PARTIDO COMUNISTA DE LOS TRABAJADORES DE ESPAÑA/ESPANIAKO LANGILEEN ALDERDI KOMUNISTA - PCTE/ELAK,0,0,Ministerio del Interior / portal oficial de datos abiertos,PRIMARY_OFFICIAL
2019N,2019-11-10,13 - Ciudad Real,PARTIDO COMUNISTA DE LOS TRABAJADORES DE EUSKADI/EUSKADIKO LANGILEEN ALDERDI KOMUNISTA - PCTE/ELAK,0,0,Ministerio del Interior / portal oficial de datos abiertos,PRIMARY_OFFICIAL
2019N,2019-11-10,13 - Ciudad Real,PARTIDO COMUNISTA DEL PUEBLO ANDALUZ - PCPA,0,0,Ministerio del Interior / portal oficial de datos abiertos,PRIMARY_OFFICIAL
2019N,2019-11-10,13 - Ciudad Real,PARTIDO COMUNISTA DEL PUEBLO CANARIO - PCPC,0,0,Ministerio del Interior / portal oficial de datos abiertos,PRIMARY_OFFICIAL
2019N,2019-11-10,13 - Ciudad Real,PARTIDO COMUNISTA DOS TRABALLADORES DE GALIZA - PCTG,0,0,Ministerio del Interior / portal oficial de datos abiertos,PRIMARY_OFFICIAL
2019N,2019-11-10,13 - Ciudad Real,PARTIDO COMUNISTA OBRERO ESPAÑOL - PCOE,0,0,Ministerio del Interior / portal oficial de datos abiertos,PRIMARY_OFFICIAL
2019N,2019-11-10,13 - Ciudad Real,PARTIDO DE ACCIÓN SOLIDARIA EUROPEA - SOLIDARIA,0,0,Ministerio del Interior / portal oficial de datos abiertos,PRIMARY_OFFICIAL
2019N,2019-11-10,13 - Ciudad Real,PARTIDO DEMÓCRATA SOCIAL JUBILADOS EUROPEOS - PDSJE,0,0,Ministerio del Interior / portal oficial de datos abiertos,PRIMARY_OFFICIAL
2019N,2019-11-10,13 - Ciudad Real,PARTIDO DOS SOCIALISTAS DE GALICIA-PSOE - PSOE,0,0,Ministerio del Interior / portal oficial de datos abiertos,PRIMARY_OFFICIAL
2019N,2019-11-10,13 - Ciudad Real,PARTIDO DOS SOCIALISTAS DE GALICIA-PSOE - PSdeG-PSOE,0,0,Ministerio del Interior / portal oficial de datos abiertos,PRIMARY_OFFICIAL
2019N,2019-11-10,13 - Ciudad Real,PARTIDO HUMANISTA - PH,0,0,Ministerio del Interior / portal oficial de datos abiertos,PRIMARY_OFFICIAL
2019N,2019-11-10,13 - Ciudad Real,PARTIDO LIBERTARIO - P-LIB,0,0,Ministerio del Interior / portal oficial de datos abiertos,PRIMARY_OFFICIAL
2019N,2019-11-10,13 - Ciudad Real,PARTIDO POPULAR - PP,74835,2,Ministerio del Interior / portal oficial de datos abiertos,PRIMARY_OFFICIAL
2019N,2019-11-10,13 - Ciudad Real,PARTIDO POPULAR / PARTIT POPULAR - PP,0,0,Ministerio del Interior / portal oficial de datos abiertos,PRIMARY_OFFICIAL
2019N,2019-11-10,13 - Ciudad Real,PARTIDO POPULAR-FORO - PP-FORO,0,0,Ministerio del Interior / portal oficial de datos abiertos,PRIMARY_OFFICIAL
2019N,2019-11-10,13 - Ciudad Real,PARTIDO REGIONALISTA DE CANTABRIA - PRC,0,0,Ministerio del Interior / portal oficial de datos abiertos,PRIMARY_OFFICIAL
2019N,2019-11-10,13 - Ciudad Real,PARTIDO REGIONALISTA DEL PAÍS LEONÉS - PREPAL,0,0,Ministerio del Interior / portal oficial de datos abiertos,PRIMARY_OFFICIAL
2019N,2019-11-10,13 - Ciudad Real,PARTIDO REPUBLICANO INDEPENDIENTE SOLIDARIO ANDALUZ - RISA,0,0,Ministerio del Interior / portal oficial de datos abiertos,PRIMARY_OFFICIAL
2019N,2019-11-10,13 - Ciudad Real,PARTIDO SOCIALISTA DE EUSKADI-EUSKADIKO EZKERRA (PSOE) - PSE-EE (PSOE),0,0,Ministerio del Interior / portal oficial de datos abiertos,PRIMARY_OFFICIAL
2019N,2019-11-10,13 - Ciudad Real,PARTIDO SOCIALISTA OBRERO ESPAÑOL - PSOE,92046,2,Ministerio del Interior / portal oficial de datos abiertos,PRIMARY_OFFICIAL
2019N,2019-11-10,13 - Ciudad Real,PARTIT ANIMALISTA CONTRA EL MALTRACTAMENT ANIMAL - PACMA,0,0,Ministerio del Interior / portal oficial de datos abiertos,PRIMARY_OFFICIAL
2019N,2019-11-10,13 - Ciudad Real,PARTIT COMUNISTA DEL POBLE DE CATALUNYA - PCPC,0,0,Ministerio del Interior / portal oficial de datos abiertos,PRIMARY_OFFICIAL
2019N,2019-11-10,13 - Ciudad Real,PARTIT COMUNISTA DELS POBLES D'ESPANYA - PCPE,0,0,Ministerio del Interior / portal oficial de datos abiertos,PRIMARY_OFFICIAL
2019N,2019-11-10,13 - Ciudad Real,PARTIT COMUNISTA DELS TREBALLADORS DE CATALUNYA - PCTC,0,0,Ministerio del Interior / portal oficial de datos abiertos,PRIMARY_OFFICIAL
2019N,2019-11-10,13 - Ciudad Real,PARTIT DELS SOCIALISTES DE CATALUNYA - PSC-PSOE,0,0,Ministerio del Interior / portal oficial de datos abiertos,PRIMARY_OFFICIAL