2008,2008-03-09,18 - Granada,ELS VERDS - L'ALTERNATIVA ECOLOGISTA - EV-AE,0,0,Ministerio del Interior / portal oficial de datos abiertos,PRIMARY_OFFICIAL
2008,2008-03-09,18 - Granada,ELS VERDS-ALTERNATIVA VERDA - E.V.-A.V.,0,0,Ministerio del Interior / portal oficial de datos abiertos,PRIMARY_OFFICIAL
2008,2008-03-09,18 - Granada,ELS VERDS-LOS VERDES - EV-LV,0,0,Ministerio del Interior / portal oficial de datos abiertos,PRIMARY_OFFICIAL
2008,2008-03-09,18 - Granada,ESCONS INSUBMISOS ALTERNATIVA DELS DEMOCRATES DESCONTENTS - EI-ADD,0,0,Ministerio del Interior / portal oficial de datos abiertos,PRIMARY_OFFICIAL
2008,2008-03-09,18 - Granada,ESCONS INSUBMISOS-ALTERNATIVA DELS DEMOCRATES DESCONTENTS - Ei,0,0,Ministerio del Interior / portal oficial de datos abiertos,PRIMARY_OFFICIAL
2008,2008-03-09,18 - Granada,ESPAÑA 2000 - E-2000,0,0,Ministerio del Interior / portal oficial de datos abiertos,PRIMARY_OFFICIAL
2008,2008-03-09,18 - Granada,ESPAÑA-2000 - E-2000,127,0,Ministerio del Interior / portal oficial de datos abiertos,PRIMARY_OFFICIAL
2008,2008-03-09,18 - Granada,ESQUERDA UNIDA-IZQUIERDA UNIDA-ALTERNATIVA - EU-IU,0,0,Ministerio del Interior / portal oficial de datos abiertos,PRIMARY_OFFICIAL
2008,2008-03-09,18 - Granada,ESQUERRA REPUBLICANA DE CATALUNYA - ESQUERRA,0,0,Ministerio del Interior / portal oficial de datos abiertos,PRIMARY_OFFICIAL
2008,2008-03-09,18 - Granada,ESQUERRA REPUBLICANA DE CATALUNYA - esquerra,0,0,Ministerio del Interior / portal oficial de datos abiertos,PRIMARY_OFFICIAL
2008,2008-03-09,18 - Granada,ESQUERRA REPUBLICANA DEL PAIS VALENCIA-PAIS VALENCIA SI - ESQUERRA-PV,0,0,Ministerio del Interior / portal oficial de datos abiertos,PRIMARY_OFFICIAL
2008,2008-03-09,18 - Granada,"ESQUERRA REPUBLICANA DEL PAIS VALENCIA-PAIS VALENCIA, SI - ESQUERRA-PV",0,0,Ministerio del Interior / portal oficial de datos abiertos,PRIMARY_OFFICIAL
2008,2008-03-09,18 - Granada,ESQUERRA UNIDA - ELS VERDS - EU-EV,0,0,Ministerio del Interior / portal oficial de datos abiertos,PRIMARY_OFFICIAL
2008,2008-03-09,18 - Granada,ESQUERRA UNIDA DEL PAIS VALENCIA-IZQUIERDA REPUBLICANA: ESQUERRA UNIDA I REPUBLICANA - EUPV-IR,0,0,Ministerio del Interior / portal oficial de datos abiertos,PRIMARY_OFFICIAL
2008,2008-03-09,18 - Granada,ESQUERRA UNIDA DEL PAIS VALENCIA-IZQUIERDA REPUBLICANA:ESQUERRA UNIDA I REPUBLICANA - EUPV-IR,0,0,Ministerio del Interior / portal oficial de datos abiertos,PRIMARY_OFFICIAL
2008,2008-03-09,18 - Granada,EUSKO ALKARTASUNA - EA,0,0,Ministerio del Interior / portal oficial de datos abiertos,PRIMARY_OFFICIAL
2008,2008-03-09,18 - Granada,EUZKO ALDERDI JELTZALEA-PARTIDO NACIONALISTA VASCO - EAJ-PNV,0,0,Ministerio del Interior / portal oficial de datos abiertos,PRIMARY_OFFICIAL
2008,2008-03-09,18 - Granada,EXTREMADURA UNIDA - EXTREMADURA UNIDA,0,0,Ministerio del Interior / portal oficial de datos abiertos,PRIMARY_OFFICIAL
2008,2008-03-09,18 - Granada,EZKER BATUA-BERDEAK-ALTERNATIVA - EB-B,0,0,Ministerio del Interior / portal oficial de datos abiertos,PRIMARY_OFFICIAL
2008,2008-03-09,18 - Granada,FALANGE AUTENTICA - F.A.,0,0,Ministerio del Interior / portal oficial de datos abiertos,PRIMARY_OFFICIAL
2008,2008-03-09,18 - Granada,FALANGE AUTENTICA - FA,161,0,Ministerio del Interior / portal oficial de datos abiertos,PRIMARY_OFFICIAL
2008,2008-03-09,18 - Granada,FALANGE ESPAÑOLA DE LA JONS - FE de las JONS,0,0,Ministerio del Interior / portal oficial de datos abiertos,PRIMARY_OFFICIAL
2008,2008-03-09,18 - Granada,FALANGE ESPAÑOLA DE LAS J.O.N.S. - F.E. de las J.O.N.S.,0,0,Ministerio del Interior / portal oficial de datos abiertos,PRIMARY_OFFICIAL
2008,2008-03-09,18 - Granada,FALANGE ESPAÑOLA DE LAS J.O.N.S. - FE de las JONS,205,0,Ministerio del Interior / portal oficial de datos abiertos,PRIMARY_OFFICIAL
2008,2008-03-09,18 - Granada,FALANGE ESPAÑOLA DE LAS J.O.N.S. - FE-JONS,0,0,Ministerio del Interior / portal oficial de datos abiertos,PRIMARY_OFFICIAL
2008,2008-03-09,18 - Granada,FALANGE ESPAÑOLA DE LAS JONS - F.E. de las J.O.N.S.,0,0,Ministerio del Interior / portal oficial de datos abiertos,PRIMARY_OFFICIAL
2008,2008-03-09,18 - Granada,FALANGE ESPAÑOLA DE LAS JONS - FE DE LAS JONS,0,0,Ministerio del Interior / portal oficial de datos abiertos,PRIMARY_OFFICIAL
2008,2008-03-09,18 - Granada,FALANGE ESPAÑOLA DE LAS JONS - FE de las JONS,0,0,Ministerio del Interior / portal oficial de datos abiertos,PRIMARY_OFFICIAL
2008,2008-03-09,18 - Granada,FALANGE ESPAÑOLA DE LAS JONS - FE-JONS,0,0,Ministerio del Interior / portal oficial de datos abiertos,PRIMARY_OFFICIAL
2008,2008-03-09,18 - Granada,FAMILIA I VIDA - PFiV,0,0,Ministerio del Interior / portal oficial de datos abiertos,PRIMARY_OFFICIAL
2008,2008-03-09,18 - Granada,FAMILIA Y VIDA - PFyV,0,0,Ministerio del Interior / portal oficial de datos abiertos,PRIMARY_OFFICIAL
2008,2008-03-09,18 - Granada,FRENTE ESPAÑOL - F.E,0,0,Ministerio del Interior / portal oficial de datos abiertos,PRIMARY_OFFICIAL
2008,2008-03-09,18 - Granada,FRENTE ESPAÑOL - F.E.,0,0,Ministerio del Interior / portal oficial de datos abiertos,PRIMARY_OFFICIAL
2008,2008-03-09,18 - Granada,FRENTE ESPAÑOL - FRENTE,64,0,Ministerio del Interior / portal oficial de datos abiertos,PRIMARY_OFFICIAL
2008,2008-03-09,18 - Granada,GENTES DE EL BIERZO - PB-UB,0,0,Ministerio del Interior / portal oficial de datos abiertos,PRIMARY_OFFICIAL
2008,2008-03-09,18 - Granada,IDENTITAT REGNE DE VALENCIA - IRV,0,0,Ministerio del Interior / portal oficial de datos abiertos,PRIMARY_OFFICIAL
2008,2008-03-09,18 - Granada,INDEPENDIENTES POR CUENCA - ixC,0,0,Ministerio del Interior / portal oficial de datos abiertos,PRIMARY_OFFICIAL
2008,2008-03-09,18 - Granada,INICIATIVA CIUDADANA BURGALESA - I.C.Bur,0,0,Ministerio del Interior / portal oficial de datos abiertos,PRIMARY_OFFICIAL
2008,2008-03-09,18 - Granada,INICIATIVA MERINDADES DE CASTILLA - I.M.C.,0,0,Ministerio del Interior / portal oficial de datos abiertos,PRIMARY_OFFICIAL
2008,2008-03-09,18 - Granada,INICIATIVA PER CATALUNYA VERDS - ESQUERRA UNIDA I ALTERNATIVA - ICV-EUiA,0,0,Ministerio del Interior / portal oficial de datos abiertos,PRIMARY_OFFICIAL
2008,2008-03-09,18 - Granada,INICIATIVA PER CATALUNYA VERDS-ESQUERRA UNIDA I ALTERNATIVA - ICV-EUiA,0,0,Ministerio del Interior / portal oficial de datos abiertos,PRIMARY_OFFICIAL
2008,2008-03-09,18 - Granada,IZQUIERDA REPUBLICANA - IR,0,0,Ministerio del Interior / portal oficial de datos abiertos,PRIMARY_OFFICIAL
2008,2008-03-09,18 - Granada,IZQUIERDA REPUBLICANA-PARTIT REPUBLICA D'ESQUERRA - IR-PRE,0,0,Ministerio del Interior / portal oficial de datos abiertos,PRIMARY_OFFICIAL
2008,2008-03-09,18 - Granada,IZQUIERDA UNIDA - BLOQUE POR ASTURIES - LOS VERDES - IU-B.A-LOS VERDES,0,0,Ministerio del Interior / portal oficial de datos abiertos,PRIMARY_OFFICIAL
2008,2008-03-09,18 - Granada,IZQUIERDA UNIDA CANARIA-ALTERNATIVA - IUC,0,0,Ministerio del Interior / portal oficial de datos abiertos,PRIMARY_OFFICIAL
2008,2008-03-09,18 - Granada,IZQUIERDA UNIDA COMUNIDAD DE MADRID-ALTERNATIVA - IU-CM.,0,0,Ministerio del Interior / portal oficial de datos abiertos,PRIMARY_OFFICIAL
2008,2008-03-09,18 - Granada,IZQUIERDA UNIDA DE CEUTA - I.U.,0,0,Ministerio del Interior / portal oficial de datos abiertos,PRIMARY_OFFICIAL
2008,2008-03-09,18 - Granada,IZQUIERDA UNIDA DE LA REGION DE MURCIA-ALTERNATIVA - I.U.R.M.,0,0,Ministerio del Interior / portal oficial de datos abiertos,PRIMARY_OFFICIAL
2008,2008-03-09,18 - Granada,IZQUIERDA UNIDA DE NAVARRA - NAFARROAKO EZKER BATUA - ALTERNATIVA - IUN-NEB,0,0,Ministerio del Interior / portal oficial de datos abiertos,PRIMARY_OFFICIAL
2008,2008-03-09,18 - Granada,IZQUIERDA UNIDA LOS VERDES CONVOCATORIA POR ANDALUCIA-ALTERNATIVA - IULV-CA,0,0,Ministerio del Interior / portal oficial de datos abiertos,PRIMARY_OFFICIAL
2008,2008-03-09,18 - Granada,IZQUIERDA UNIDA LOS VERDES-CONVOCATORIA POR ANDALUCIA - ALTERNATIVA - IULV-CA,0,0,Ministerio del Interior / portal oficial de datos abiertos,PRIMARY_OFFICIAL
2008,2008-03-09,18 - Granada,IZQUIERDA UNIDA LOS VERDES-CONVOCATORIA POR ANDALUCIA-ALTERNATIVA - IULV-CA,26615,0,Ministerio del Interior / portal oficial de datos abiertos,PRIMARY_OFFICIAL
2008,2008-03-09,18 - Granada,IZQUIERDA UNIDA-ALTERNATIVA - I.U.,0,0,Ministerio del Interior / portal oficial de datos abiertos,PRIMARY_OFFICIAL
2008,2008-03-09,18 - Granada,IZQUIERDA UNIDA-ALTERNATIVA - IU,0,0,Ministerio del Interior / portal oficial de datos abiertos,PRIMARY_OFFICIAL
2008,2008-03-09,18 - Granada,LLUITA INTERNACIONALISTA - (LI(LIT-CI)),0,0,Ministerio del Interior / portal oficial de datos abiertos,PRIMARY_OFFICIAL
2008,2008-03-09,18 - Granada,LLUITA INTERNACIONALISTA - L.I.(LIT-CI),0,0,Ministerio del Interior / portal oficial de datos abiertos,PRIMARY_OFFICIAL
2008,2008-03-09,18 - Granada,LLUITA INTERNACIONALISTA - LI-LITCI,0,0,Ministerio del Interior / portal oficial de datos abiertos,PRIMARY_OFFICIAL
2008,2008-03-09,18 - Granada,LOS VERDES - LOS VERDES,0,0,Ministerio del Interior / portal oficial de datos abiertos,PRIMARY_OFFICIAL
2008,2008-03-09,18 - Granada,LOS VERDES - LV,0,0,Ministerio del Interior / portal oficial de datos abiertos,PRIMARY_OFFICIAL
2008,2008-03-09,18 - Granada,LOS VERDES - VERDES,2010,0,Ministerio del Interior / portal oficial de datos abiertos,PRIMARY_OFFICIAL
2008,2008-03-09,18 - Granada,LOS VERDES COMUNIDAD DE MADRID-LOS VERDES DE EUROPA - LVCM-LVE,0,0,Ministerio del Interior / portal oficial de datos abiertos,PRIMARY_OFFICIAL
2008,2008-03-09,18 - Granada,LOS VERDES DE EUROPA - LOS VERDES DE EUROPA,0,0,Ministerio del Interior / portal oficial de datos abiertos,PRIMARY_OFFICIAL
2008,2008-03-09,18 - Granada,LOS VERDES DE EUROPA - LVE,0,0,Ministerio del Interior / portal oficial de datos abiertos,PRIMARY_OFFICIAL
2008,2008-03-09,18 - Granada,LOS VERDES DE EXTREMADURA - LV,0,0,Ministerio del Interior / portal oficial de datos abiertos,PRIMARY_OFFICIAL
2008,2008-03-09,18 - Granada,LOS VERDES-ELS VERDS - LV-EV,0,0,Ministerio del Interior / portal oficial de datos abiertos,PRIMARY_OFFICIAL
2008,2008-03-09,18 - Granada,LOS VERDES-GRUPO VERDE - L.V.,0,0,Ministerio del Interior / portal oficial de datos abiertos,PRIMARY_OFFICIAL
2008,2008-03-09,18 - Granada,LOS VERDES-GRUPO VERDE - LV,0,0,Ministerio del Interior / portal oficial de datos abiertos,PRIMARY_OFFICIAL
2008,2008-03-09,18 - Granada,LOS VERDES-GRUPO VERDE - LV-GV,0,0,Ministerio del Interior / portal oficial de datos abiertos,PRIMARY_OFFICIAL
2008,2008-03-09,18 - Granada,LUCHA INTERNACIONALISTA - LI-LITCI,0,0,Ministerio del Interior / portal oficial de datos abiertos,PRIMARY_OFFICIAL
2008,2008-03-09,18 - Granada,MOVIMIENTO FALANGISTA DE ESPAÑA - M.F.E.,0,0,Ministerio del Interior / portal oficial de datos abiertos,PRIMARY_OFFICIAL
2008,2008-03-09,18 - Granada,MOVIMIENTO POR LA UNIDAD DEL PUEBLO CANARIO - MUPC,0,0,Ministerio del Interior / portal oficial de datos abiertos,PRIMARY_OFFICIAL
2008,2008-03-09,18 - Granada,NAFARROA BAI - NA-BAI,0,0,Ministerio del Interior / portal oficial de datos abiertos,PRIMARY_OFFICIAL
2008,2008-03-09,18 - Granada,NOSALTRES SOM - N som,0,0,Ministerio del Interior / portal oficial de datos abiertos,PRIMARY_OFFICIAL
2008,2008-03-09,18 - Granada,NUEVA CANARIAS-CENTRO CANARIO - NC-CCN,0,0,Ministerio del Interior / portal oficial de datos abiertos,PRIMARY_OFFICIAL
2008,2008-03-09,18 - Granada,OPCIO NACIONALISTA VALENCIANA - O.N.V.,0,0,Ministerio del Interior / portal oficial de datos abiertos,PRIMARY_OFFICIAL
2008,2008-03-09,18 - Granada,OPCIO NACIONALISTA VALENCIANA - ONV,0,0,Ministerio del Interior / portal oficial de datos abiertos,PRIMARY_OFFICIAL
2008,2008-03-09,18 - Granada,OS VERDES - GRUPO VERDE - OV,0,0,Ministerio del Interior / portal oficial de datos abiertos,PRIMARY_OFFICIAL
2008,2008-03-09,18 - Granada,PARTIDO ALTERNATIVA MOTOR Y DEPORTES - A.M.D.,0,0,Ministerio del Interior / portal oficial de datos abiertos,PRIMARY_OFFICIAL
2008,2008-03-09,18 - Granada,PARTIDO ANTITAURINO CONTRA EL MALTRATO ANIMAL - P.A.C.M.A,0,0,Ministerio del Interior / portal oficial de datos abiertos,PRIMARY_OFFICIAL
2008,2008-03-09,18 - Granada,PARTIDO ANTITAURINO CONTRA EL MALTRATO ANIMAL - P.A.C.M.A.,0,0,Ministerio del Interior / portal oficial de datos abiertos,PRIMARY_OFFICIAL
2008,2008-03-09,18 - Granada,PARTIDO ANTITAURINO CONTRA EL MALTRATO ANIMAL - PACMA,748,0,Ministerio del Interior / portal oficial de datos abiertos,PRIMARY_OFFICIAL
2008,2008-03-09,18 - Granada,PARTIDO ARAGONES - PAR,0,0,Ministerio del Interior / portal oficial de datos abiertos,PRIMARY_OFFICIAL
2008,2008-03-09,18 - Granada,PARTIDO CARLISTA - P.C.,0,0,Ministerio del Interior / portal oficial de datos abiertos,PRIMARY_OFFICIAL
2008,2008-03-09,18 - Granada,PARTIDO CARLISTA - PARTIDO CARLISTA,0,0,Ministerio del Interior / portal oficial de datos abiertos,PRIMARY_OFFICIAL
2008,2008-03-09,18 - Granada,PARTIDO CARLISTA - PC,0,0,Ministerio del Interior / portal oficial de datos abiertos,PRIMARY_OFFICIAL
2008,2008-03-09,18 - Granada,PARTIDO CARLISTA DE EUSKALERRIA-PARTIDO CARLISTA - EKA-PC.,0,0,Ministerio del Interior / portal oficial de datos abiertos,PRIMARY_OFFICIAL
2008,2008-03-09,18 - Granada,PARTIDO CARLISTA DE EUSKALHERRIA-EUSKALHERRIKO KARLISTA ALDERDIA - PARTIDO CARLISTA-EKA,0,0,Ministerio del Interior / portal oficial de datos abiertos,PRIMARY_OFFICIAL
2008,2008-03-09,18 - Granada,PARTIDO CENTRISTA - PCTR,0,0,Ministerio del Interior / portal oficial de datos abiertos,PRIMARY_OFFICIAL
2008,2008-03-09,18 - Granada,PARTIDO CENTRISTAS - Centristas PCTR,0,0,Ministerio del Interior / portal oficial de datos abiertos,PRIMARY_OFFICIAL
2008,2008-03-09,18 - Granada,PARTIDO CENTRISTAS - PCTR,0,0,Ministerio del Interior / portal oficial de datos abiertos,PRIMARY_OFFICIAL
2008,2008-03-09,18 - Granada,PARTIDO CIUDADANOS UNIDOS DE ARAGON - pCUA,0,0,Ministerio del Interior / portal oficial de datos abiertos,PRIMARY_OFFICIAL
2008,2008-03-09,18 - Granada,PARTIDO COMUNISTA DE LOS PUEBLOS DE ESPAÑA - P.C.P.E.,238,0,Ministerio del Interior / portal oficial de datos abiertos,PRIMARY_OFFICIAL
2008,2008-03-09,18 - Granada,PARTIDO COMUNISTA DE LOS PUEBLOS DE ESPAÑA - P.C.P.E.-E.K.,0,0,Ministerio del Interior / portal oficial de datos abiertos,PRIMARY_OFFICIAL
2008,2008-03-09,18 - Granada,PARTIDO COMUNISTA DE LOS PUEBLOS DE ESPAÑA - PCPE,0,0,Ministerio del Interior / portal oficial de datos abiertos,PRIMARY_OFFICIAL
2008,2008-03-09,18 - Granada,PARTIDO COMUNISTA DE LOS PUEBLOS DE ESPAÑA-EUSKAL KOMUNISTAK - PCPE - EK,0,0,Ministerio del Interior / portal oficial de datos abiertos,PRIMARY_OFFICIAL
2008,2008-03-09,18 - Granada,PARTIDO COMUNISTA DEL PUEBLO CANARIO - PCPE,0,0,Ministerio del Interior / portal oficial de datos abiertos,PRIMARY_OFFICIAL
2008,2008-03-09,18 - Granada,PARTIDO COMUNISTA DEL PUEBLO CASTELLANO - PCPE,0,0,Ministerio del Interior / portal oficial de datos abiertos,PRIMARY_OFFICIAL
2008,2008-03-09,18 - Granada,PARTIDO COMUNISTA DEL PUEBLO CASTELLANO-PCPE - PCPE,0,0,Ministerio del Interior / portal oficial de datos abiertos,PRIMARY_OFFICIAL
2008,2008-03-09,18 - Granada,PARTIDO COMUNISTA DEL PUEBLO DE CATALUNYA - PCPC,0,0,Ministerio del Interior / portal oficial de datos abiertos,PRIMARY_OFFICIAL
2008,2008-03-09,18 - Granada,PARTIDO COMUNISTA DEL PUEBLO DE CATALUÑA - PCPC,0,0,Ministerio del Interior / portal oficial de datos abiertos,PRIMARY_OFFICIAL
2008,2008-03-09,18 - Granada,PARTIDO COMUNISTA DO POBO GALEGO - PCPG,0,0,Ministerio del Interior / portal oficial de datos abiertos,PRIMARY_OFFICIAL
2008,2008-03-09,18 - Granada,PARTIDO COMUNISTA DO POVO GALEGO - P.C.P.G.,0,0,Ministerio del Interior / portal oficial de datos abiertos,PRIMARY_OFFICIAL
2008,2008-03-09,18 - Granada,PARTIDO COMUNISTA PUEBLOS DE ESPAÑA - PCPE,0,0,Ministerio del Interior / portal oficial de datos abiertos,PRIMARY_OFFICIAL
2008,2008-03-09,18 - Granada,PARTIDO DE ALIANZA IBEROAMERICANA EUROPEA - PAIE,0,0,Ministerio del Interior / portal oficial de datos abiertos,PRIMARY_OFFICIAL
2008,2008-03-09,18 - Granada,PARTIDO DE ALMERIA - PdeAL,0,0,Ministerio del Interior / portal oficial de datos abiertos,PRIMARY_OFFICIAL
2008,2008-03-09,18 - Granada,PARTIDO DE LAS LIBERTADES CIVILES - PLCI,0,0,Ministerio del Interior / portal oficial de datos abiertos,PRIMARY_OFFICIAL
2008,2008-03-09,18 - Granada,PARTIDO DE LOS NO-FUMADORES - PNF (NO-FUMADORES),0,0,Ministerio del Interior / portal oficial de datos abiertos,PRIMARY_OFFICIAL
2008,2008-03-09,18 - Granada,PARTIDO DE LOS PENSIONISTAS EN ACCION - PDLPEA,0,0,Ministerio del Interior / portal oficial de datos abiertos,PRIMARY_OFFICIAL
2008,2008-03-09,18 - Granada,PARTIDO DOS SOCIALISTAS DE GALICIA-PARTIDO SOCIALISTA OBRERO ESPAÑOL - PSdeG-PSOE,0,0,Ministerio del Interior / portal oficial de datos abiertos,PRIMARY_OFFICIAL
2008,2008-03-09,18 - Granada,PARTIDO DOS SOCIALISTAS DE GALICIA-PSOE - PSdeG-PSOE,0,0,Ministerio del Interior / portal oficial de datos abiertos,PRIMARY_OFFICIAL
2008,2008-03-09,18 - Granada,PARTIDO FAMILIA Y VIDA - PFyV,217,0,Ministerio del Interior / portal oficial de datos abiertos,PRIMARY_OFFICIAL
2008,2008-03-09,18 - Granada,PARTIDO HACHE - PHache,0,0,Ministerio del Interior / portal oficial de datos abiertos,PRIMARY_OFFICIAL
2008,2008-03-09,18 - Granada,PARTIDO HUMANISTA - P.H.,0,0,Ministerio del Interior / portal oficial de datos abiertos,PRIMARY_OFFICIAL
2008,2008-03-09,18 - Granada,PARTIDO HUMANISTA - PH,133,0,Ministerio del Interior / portal oficial de datos abiertos,PRIMARY_OFFICIAL
2008,2008-03-09,18 - Granada,PARTIDO IZQUIERDA REPUBLICANA-PARTIT REPUBLICA D'ESQUERRA - IR-PRE,0,0,Ministerio del Interior / portal oficial de datos abiertos,PRIMARY_OFFICIAL
2008,2008-03-09,18 - Granada,PARTIDO LIBERAL DEL EMPLEO Y LA VIVIENDA ESTATAL - P.L.E.V.E.,0,0,Ministerio del Interior / portal oficial de datos abiertos,PRIMARY_OFFICIAL
2008,2008-03-09,18 - Granada,PARTIDO LIBERTADES CIVILES - PLCI,0,0,Ministerio del Interior / portal oficial de datos abiertos,PRIMARY_OFFICIAL
2008,2008-03-09,18 - Granada,PARTIDO OBRERO SOCIALISTA INTERNACIONALISTA - P.O.S.I.,0,0,Ministerio del Interior / portal oficial de datos abiertos,PRIMARY_OFFICIAL
2008,2008-03-09,18 - Granada,PARTIDO OBRERO SOCIALISTA INTERNACIONALISTA - POSI,0,0,Ministerio del Interior / portal oficial de datos abiertos,PRIMARY_OFFICIAL
2008,2008-03-09,18 - Granada,PARTIDO POLITICO ARALAR - aralar,0,0,Ministerio del Interior / portal oficial de datos abiertos,PRIMARY_OFFICIAL
2008,2008-03-09,18 - Granada,PARTIDO POPULAR - P.P.,217874,3,Ministerio del Interior / portal oficial de datos abiertos,PRIMARY_OFFICIAL
2008,2008-03-09,18 - Granada,PARTIDO POPULAR - PP,0,0,Ministerio del Interior / portal oficial de datos abiertos,PRIMARY_OFFICIAL
2008,2008-03-09,18 - Granada,PARTIDO POPULAR/PARTIT POPULAR - PP,0,0,Ministerio del Interior / portal oficial de datos abiertos,PRIMARY_OFFICIAL
2008,2008-03-09,18 - Granada,PARTIDO POR UN MUNDO MAS JUSTO - PUM+J,0,0,Ministerio del Interior / portal oficial de datos abiertos,PRIMARY_OFFICIAL
2008,2008-03-09,18 - Granada,PARTIDO POSITIVISTA CRISTIANO - PPCr,0,0,Ministerio del Interior / portal oficial de datos abiertos,PRIMARY_OFFICIAL
2008,2008-03-09,18 - Granada,PARTIDO REGIONALISTA DE GUADALAJARA - P.R.GU.,0,0,Ministerio del Interior / portal oficial de datos abiertos,PRIMARY_OFFICIAL
2008,2008-03-09,18 - Granada,PARTIDO REGIONALISTA DEL PAIS LEONES - PREPAL,0,0,Ministerio del Interior / portal oficial de datos abiertos,PRIMARY_OFFICIAL
2008,2008-03-09,18 - Granada,PARTIDO RIOJANO - PARTIDO RIOJANO,0,0,Ministerio del Interior / portal oficial de datos abiertos,PRIMARY_OFFICIAL
2008,2008-03-09,18 - Granada,PARTIDO SOCIAL DEMOCRATA - P.S.D.,484,0,Ministerio del Interior / portal oficial de datos abiertos,PRIMARY_OFFICIAL
2008,2008-03-09,18 - Granada,PARTIDO SOCIAL DEMOCRATA - PSD,0,0,Ministerio del Interior / portal oficial de datos abiertos,PRIMARY_OFFICIAL
2008,2008-03-09,18 - Granada,PARTIDO SOCIAL DEMOCRATA-FEDERACION DE LOS INDEPENDIENTES DE ARAGON - PSD-FIA,0,0,Ministerio del Interior / portal oficial de datos abiertos,PRIMARY_OFFICIAL
2008,2008-03-09,18 - Granada,PARTIDO SOCIALISTA DE EUSKADI-EUSKADIKO EZKERRA (PSOE) - PSE-EE (PSOE),0,0,Ministerio del Interior / portal oficial de datos abiertos,PRIMARY_OFFICIAL
2008,2008-03-09,18 - Granada,PARTIDO SOCIALISTA DE EUSKADI-EUSKADIKO EZKERRA - PSE-EE (PSOE),0,0,Ministerio del Interior / portal oficial de datos abiertos,PRIMARY_OFFICIAL
2008,2008-03-09,18 - Granada,PARTIDO SOCIALISTA OBRERO ESPAÑOL - P.S.O.E.,264974,4,Ministerio del Interior / portal oficial de datos abiertos,PRIMARY_OFFICIAL
2008,2008-03-09,18 - Granada,PARTIDO SOCIALISTA OBRERO ESPAÑOL - PSOE,0,0,Ministerio del Interior / portal oficial de datos abiertos,PRIMARY_OFFICIAL
2008,2008-03-09,18 - Granada,PARTIDO SOCIALISTA OBRERO ESPAÑOL DE ANDALUCIA - PSOE-A,0,0,Ministerio del Interior / portal oficial de datos abiertos,PRIMARY_OFFICIAL
2008,2008-03-09,18 - Granada,PARTIDO SOLIDARIDAD Y AUTOGESTION INTERNACIONALISTA - SAIN,0,0,Ministerio del Interior / portal oficial de datos abiertos,PRIMARY_OFFICIAL
2008,2008-03-09,18 - Granada,PARTIDO UNIONISTA ESTADO DE ESPAÑA - P.U.E.D.E.,0,0,Ministerio del Interior / portal oficial de datos abiertos,PRIMARY_OFFICIAL
2008,2008-03-09,18 - Granada,PARTIDO UNIONISTA ESTADO DE ESPAÑA - PUEDE,0,0,Ministerio del Interior / portal oficial de datos abiertos,PRIMARY_OFFICIAL
2008,2008-03-09,18 - Granada,PARTIT ANTITAURI CONTRA EL MALTRACTAMENT ANIMAL - P.A.C.M.A.,0,0,Ministerio del Interior / portal oficial de datos abiertos,PRIMARY_OFFICIAL
2008,2008-03-09,18 - Granada,PARTIT ANTITAURI CONTRA EL MALTRACTAMENT ANIMAL - PACMA,0,0,Ministerio del Interior / portal oficial de datos abiertos,PRIMARY_OFFICIAL
2008,2008-03-09,18 - Granada,PARTIT CARLI DE CATALUNYA - P. C. de C.,0,0,Ministerio del Interior / portal oficial de datos abiertos,PRIMARY_OFFICIAL
2008,2008-03-09,18 - Granada,PARTIT CARLI DE CATALUNYA - PCaC,0,0,Ministerio del Interior / portal oficial de datos abiertos,PRIMARY_OFFICIAL
2008,2008-03-09,18 - Granada,PARTIT COMUNISTA DEL POBLE DE CATALUNYA - P.C.P.C.,0,0,Ministerio del Interior / portal oficial de datos abiertos,PRIMARY_OFFICIAL
2008,2008-03-09,18 - Granada,PARTIT COMUNISTA DELS POBLES D'ESPANYA - PCPE,0,0,Ministerio del Interior / portal oficial de datos abiertos,PRIMARY_OFFICIAL
2008,2008-03-09,18 - Granada,PARTIT DELS SOCIALISTES DE CATALUNYA - PSC (PSC-PSOE),0,0,Ministerio del Interior / portal oficial de datos abiertos,PRIMARY_OFFICIAL
2008,2008-03-09,18 - Granada,PARTIT DELS SOCIALISTES DE CATALUNYA - PSC-PSOE,0,0,Ministerio del Interior / portal oficial de datos abiertos,PRIMARY_OFFICIAL
2008,2008-03-09,18 - Granada,PARTIT FAMILIA I VIDA - PFiV,0,0,Ministerio del Interior / portal oficial de datos abiertos,PRIMARY_OFFICIAL
2008,2008-03-09,18 - Granada,PARTIT HUMANISTA - P.H.,0,0,Ministerio del Interior / portal oficial de datos abiertos,PRIMARY_OFFICIAL
2008,2008-03-09,18 - Granada,PARTIT HUMANISTA - PH,0,0,Ministerio del Interior / portal oficial de datos abiertos,PRIMARY_OFFICIAL
2008,2008-03-09,18 - Granada,PARTIT HUMANISTA DE CATALUNYA - PH,0,0,Ministerio del Interior / portal oficial de datos abiertos,PRIMARY_OFFICIAL
2008,2008-03-09,18 - Granada,PARTIT ILLENC DE SES ILLES BALEARS - PIIB,0,0,Ministerio del Interior / portal oficial de datos abiertos,PRIMARY_OFFICIAL
2008,2008-03-09,18 - Granada,PARTIT OBRER SOCIALISTA INTERNACIONALISTA - P.O.S.I.,0,0,Ministerio del Interior / portal oficial de datos abiertos,PRIMARY_OFFICIAL
2008,2008-03-09,18 - Granada,PARTIT OBRER SOCIALISTA INTERNACIONALISTA - POSI,0,0,Ministerio del Interior / portal oficial de datos abiertos,PRIMARY_OFFICIAL
2008,2008-03-09,18 - Granada,PARTIT PER CATALUNYA - PxCat,0,0,Ministerio del Interior / portal oficial de datos abiertos,PRIMARY_OFFICIAL
2008,2008-03-09,18 - Granada,PARTIT POPULAR/PARTIDO POPULAR - P.P.,0,0,Ministerio del Interior / portal oficial de datos abiertos,PRIMARY_OFFICIAL
2008,2008-03-09,18 - Granada,PARTIT REPUBLICA CATALA - RC,0,0,Ministerio del Interior / portal oficial de datos abiertos,PRIMARY_OFFICIAL
2008,2008-03-09,18 - Granada,PER LA REPUBLICA VALENCIANA - PLRV,0,0,Ministerio del Interior / portal oficial de datos abiertos,PRIMARY_OFFICIAL
2008,2008-03-09,18 - Granada,PER LA REPUBLICA VALENCIANA - plRV,0,0,Ministerio del Interior / portal oficial de datos abiertos,PRIMARY_OFFICIAL
2008,2008-03-09,18 - Granada,POR UN MUNDO MAS JUSTO - PUM+J,591,0,Ministerio del Interior / portal oficial de datos abiertos,PRIMARY_OFFICIAL
2008,2008-03-09,18 - Granada,REPRESENTACION CANNABICA NAVARRA - RCN-NOK,0,0,Ministerio del Interior / portal oficial de datos abiertos,PRIMARY_OFFICIAL
2008,2008-03-09,18 - Granada,SOLIDARIDAD Y AUTOGESTION INTERNACIONALISTA - SAIN,0,0,Ministerio del Interior / portal oficial de datos abiertos,PRIMARY_OFFICIAL
2008,2008-03-09,18 - Granada,SOLIDARIDAD Y AUTOGESTION INTERNACIONALISTA - SAIn,162,0,Ministerio del Interior / portal oficial de datos abiertos,PRIMARY_OFFICIAL
2008,2008-03-09,18 - Granada,TIERRA COMUNERA - TC,0,0,Ministerio del Interior / portal oficial de datos abiertos,PRIMARY_OFFICIAL
2008,2008-03-09,18 - Granada,UNIDA - UNIDA,0,0,Ministerio del Interior / portal oficial de datos abiertos,PRIMARY_OFFICIAL
2008,2008-03-09,18 - Granada,UNIDAD CASTELLANA - Ud. Ca.,0,0,Ministerio del Interior / portal oficial de datos abiertos,PRIMARY_OFFICIAL
2008,2008-03-09,18 - Granada,UNIDAD DEL PUEBLO - UNIDAD DEL PUEBLO,0,0,Ministerio del Interior / portal oficial de datos abiertos,PRIMARY_OFFICIAL
2008,2008-03-09,18 - Granada,UNIDAD REGIONALISTA DE CASTILLA Y LEON - U.R.C.L.,0,0,Ministerio del Interior / portal oficial de datos abiertos,PRIMARY_OFFICIAL
2008,2008-03-09,18 - Granada,UNION CENTRISTA LIBERAL - UCL,0,0,Ministerio del Interior / portal oficial de datos abiertos,PRIMARY_OFFICIAL
2008,2008-03-09,18 - Granada,UNION CIUDADANA PROGRESISTAS INDEPENDIENTES DE CANARIAS - UCPIC,0,0,Ministerio del Interior / portal oficial de datos abiertos,PRIMARY_OFFICIAL
2008,2008-03-09,18 - Granada,UNION DEL PUEBLO LEONES - UPL,0,0,Ministerio del Interior / portal oficial de datos abiertos,PRIMARY_OFFICIAL
2008,2008-03-09,18 - Granada,UNION DEL PUEBLO NAVARRO EN COALICION CON EL PARTIDO POPULAR - UPN-PP,0,0,Ministerio del Interior / portal oficial de datos abiertos,PRIMARY_OFFICIAL
2008,2008-03-09,18 - Granada,UNION POR LEGANES - ULEG,0,0,Ministerio del Interior / portal oficial de datos abiertos,PRIMARY_OFFICIAL
2008,2008-03-09,18 - Granada,UNION PROGRESO Y DEMOCRACIA - UPD,0,0,Ministerio del Interior / portal oficial de datos abiertos,PRIMARY_OFFICIAL
2008,2008-03-09,18 - Granada,UNION PROGRESO Y DEMOCRACIA - UPyD,5308,0,Ministerio del Interior / portal oficial de datos abiertos,PRIMARY_OFFICIAL
2008,2008-03-09,18 - Granada,"UNION, PROGRESO Y DEMOCRACIA - UPyD",0,0,Ministerio del Interior / portal oficial de datos abiertos,PRIMARY_OFFICIAL
2008,2008-03-09,18 - Granada,UNITAT PER LES ILLES - UNITAT PER LES ILLES,0,0,Ministerio del Interior / portal oficial de datos abiertos,PRIMARY_OFFICIAL
2008,2008-03-09,19 - Guadalajara,AGRUPACION CIUDADANA - AGRUCI,0,0,Ministerio del Interior / portal oficial de datos abiertos,PRIMARY_OFFICIAL
2008,2008-03-09,19 - Guadalajara,ALIANZA NACIONAL - A.u.N.,0,0,Ministerio del Interior / portal oficial de datos abiertos,PRIMARY_OFFICIAL
2008,2008-03-09,19 - Guadalajara,ALIANZA NACIONAL - AN,0,0,Ministerio del Interior / portal oficial de datos abiertos,PRIMARY_OFFICIAL
2008,2008-03-09,19 - Guadalajara,ALIANZA NACIONAL - AUN,0,0,Ministerio del Interior / portal oficial de datos abiertos,PRIMARY_OFFICIAL
2008,2008-03-09,19 - Guadalajara,ALIANZA NACIONAL - AuN,0,0,Ministerio del Interior / portal oficial de datos abiertos,PRIMARY_OFFICIAL
2008,2008-03-09,19 - Guadalajara,ALIANZA POR BURGOS - AxB,0,0,Ministerio del Interior / portal oficial de datos abiertos,PRIMARY_OFFICIAL
2008,2008-03-09,19 - Guadalajara,ALIANÇA BALEAR - ABA,0,0,Ministerio del Interior / portal oficial de datos abiertos,PRIMARY_OFFICIAL
2008,2008-03-09,19 - Guadalajara,ALTERNATIVA EN BLANCO - ABLA,0,0,Ministerio del Interior / portal oficial de datos abiertos,PRIMARY_OFFICIAL
2008,2008-03-09,19 - Guadalajara,ALTERNATIVA EN BLANCO - aBla,0,0,Ministerio del Interior / portal oficial de datos abiertos,PRIMARY_OFFICIAL
2008,2008-03-09,19 - Guadalajara,ALTERNATIVA ESPAÑOLA - AES,60,0,Ministerio del Interior / portal oficial de datos abiertos,PRIMARY_OFFICIAL
2008,2008-03-09,19 - Guadalajara,ALTERNATIVA MOTOR Y DEPORTE - A.M.D.,0,0,Ministerio del Interior / portal oficial de datos abiertos,PRIMARY_OFFICIAL
2008,2008-03-09,19 - Guadalajara,ALTERNATIVA MOTOR Y DEPORTES - A.M.D.,0,0,Ministerio del Interior / portal oficial de datos abiertos,PRIMARY_OFFICIAL
2008,2008-03-09,19 - Guadalajara,ALTERNATIVA MOTOR Y DEPORTES - AMD,0,0,Ministerio del Interior / portal oficial de datos abiertos,PRIMARY_OFFICIAL
2008,2008-03-09,19 - Guadalajara,ALTERNATIVA NACIONALISTA CANARIA - ANC,0,0,Ministerio del Interior / portal oficial de datos abiertos,PRIMARY_OFFICIAL
2008,2008-03-09,19 - Guadalajara,ANDECHA ASTUR - AA,0,0,Ministerio del Interior / portal oficial de datos abiertos,PRIMARY_OFFICIAL
2008,2008-03-09,19 - Guadalajara,ARALAR - aralar,0,0,Ministerio del Interior / portal oficial de datos abiertos,PRIMARY_OFFICIAL
2008,2008-03-09,19 - Guadalajara,ASAMBLEA DE VOTACION ELECTRONICA - AVE,0,0,Ministerio del Interior / portal oficial de datos abiertos,PRIMARY_OFFICIAL
2008,2008-03-09,19 - Guadalajara,BERDEAK-LOS VERDES - B-LV,0,0,Ministerio del Interior / portal oficial de datos abiertos,PRIMARY_OFFICIAL
2008,2008-03-09,19 - Guadalajara,BLOC-INICIATIVA-VERDS - BLOC-IDPV-EV-EE,0,0,Ministerio del Interior / portal oficial de datos abiertos,PRIMARY_OFFICIAL
2008,2008-03-09,19 - Guadalajara,BLOC-INICIATIVA-VERDS - BLOC-IdPV-EV-EE,0,0,Ministerio del Interior / portal oficial de datos abiertos,PRIMARY_OFFICIAL
2008,2008-03-09,19 - Guadalajara,BLOQUE NACIONALISTA GALEGO - B.N.G.,0,0,Ministerio del Interior / portal oficial de datos abiertos,PRIMARY_OFFICIAL
2008,2008-03-09,19 - Guadalajara,BLOQUE NACIONALISTA GALEGO - BNG,0,0,Ministerio del Interior / portal oficial de datos abiertos,PRIMARY_OFFICIAL
2008,2008-03-09,19 - Guadalajara,CENTRO DEMOCRATICO ESPAÑOL - C.D.Es.,57,0,Ministerio del Interior / portal oficial de datos abiertos,PRIMARY_OFFICIAL
2008,2008-03-09,19 - Guadalajara,CENTRO DEMOCRATICO ESPAÑOL - CDEs,0,0,Ministerio del Interior / portal oficial de datos abiertos,PRIMARY_OFFICIAL
2008,2008-03-09,19 - Guadalajara,CENTRO DEMOCRATICO LIBERAL - C.D.L.,0,0,Ministerio del Interior / portal oficial de datos abiertos,PRIMARY_OFFICIAL
2008,2008-03-09,19 - Guadalajara,CENTRO DEMOCRATICO LIBERAL - CDL,0,0,Ministerio del Interior / portal oficial de datos abiertos,PRIMARY_OFFICIAL
2008,2008-03-09,19 - Guadalajara,CENTRO DEMOCRATICO SOCIAL - C.D.S.,0,0,Ministerio del Interior / portal oficial de datos abiertos,PRIMARY_OFFICIAL
2008,2008-03-09,19 - Guadalajara,CENTRO DEMOCRATICO Y SOCIAL - CDS,0,0,Ministerio del Interior / portal oficial de datos abiertos,PRIMARY_OFFICIAL
2008,2008-03-09,19 - Guadalajara,CHUNTA ARAGONESISTA - CHA,0,0,Ministerio del Interior / portal oficial de datos abiertos,PRIMARY_OFFICIAL
2008,2008-03-09,19 - Guadalajara,CIUDADANOS EN BLANCO - CENB,163,0,Ministerio del Interior / portal oficial de datos abiertos,PRIMARY_OFFICIAL
2008,2008-03-09,19 - Guadalajara,CIUDADANOS EN BLANCO - CNB,0,0,Ministerio del Interior / portal oficial de datos abiertos,PRIMARY_OFFICIAL
2008,2008-03-09,19 - Guadalajara,CIUDADANOS EN BLANCO - CenB,0,0,Ministerio del Interior / portal oficial de datos abiertos,PRIMARY_OFFICIAL
2008,2008-03-09,19 - Guadalajara,CIUDADANOS EN BLANCO - Cenb,0,0,Ministerio del Interior / portal oficial de datos abiertos,PRIMARY_OFFICIAL
2008,2008-03-09,19 - Guadalajara,CIUDADANOS PARTIDO DE LA CIUDADANIA - C's,0,0,Ministerio del Interior / portal oficial de datos abiertos,PRIMARY_OFFICIAL
2008,2008-03-09,19 - Guadalajara,CIUDADANOS-PARTIDO DE LA CIUDADANIA - C's,126,0,Ministerio del Interior / portal oficial de datos abiertos,PRIMARY_OFFICIAL
2008,2008-03-09,19 - Guadalajara,"CIUDADANOS-PARTIDO DE LA CIUDADANIA - C,S",0,0,Ministerio del Interior / portal oficial de datos abiertos,PRIMARY_OFFICIAL
2008,2008-03-09,19 - Guadalajara,CIUTADANS-PARTIDO DE LA CIUDADANIA - C's,0,0,Ministerio del Interior / portal oficial de datos abiertos,PRIMARY_OFFICIAL
2008,2008-03-09,19 - Guadalajara,COALICIO TREBALLADORS PER LA DEMOCRACIA - TD,0,0,Ministerio del Interior / portal oficial de datos abiertos,PRIMARY_OFFICIAL
2008,2008-03-09,19 - Guadalajara,COALICIO VALENCIANA - CVa,0,0,Ministerio del Interior / portal oficial de datos abiertos,PRIMARY_OFFICIAL
2008,2008-03-09,19 - Guadalajara,COALICION ANDALUCISTA - CA,0,0,Ministerio del Interior / portal oficial de datos abiertos,PRIMARY_OFFICIAL
2008,2008-03-09,19 - Guadalajara,COALICION CANARIA-PARTIDO NACIONALISTA CANARIO - CC-PNC,0,0,Ministerio del Interior / portal oficial de datos abiertos,PRIMARY_OFFICIAL
2008,2008-03-09,19 - Guadalajara,COALICION CANARIA-PARTIDO NACIONALISTA CANARIO-PARTIDO DE INDEPENDIENTES DE LANZAROTE - CC-PNC-PIL,0,0,Ministerio del Interior / portal oficial de datos abiertos,PRIMARY_OFFICIAL
2008,2008-03-09,19 - Guadalajara,COMUNION TRADICIONALISTA CARLISTA - C.T.C.,9,0,Ministerio del Interior / portal oficial de datos abiertos,PRIMARY_OFFICIAL
2008,2008-03-09,19 - Guadalajara,COMUNION TRADICIONALISTA CARLISTA - CTC,0,0,Ministerio del Interior / portal oficial de datos abiertos,PRIMARY_OFFICIAL
2008,2008-03-09,19 - Guadalajara,CONVERGENCIA DEMOCRATICA ASTURIANA - CDAS,0,0,Ministerio del Interior / portal oficial de datos abiertos,PRIMARY_OFFICIAL
2008,2008-03-09,19 - Guadalajara,CONVERGENCIA I UNIO - CIU,0,0,Ministerio del Interior / portal oficial de datos abiertos,PRIMARY_OFFICIAL
2008,2008-03-09,19 - Guadalajara,CONVERGENCIA I UNIO - CiU,0,0,Ministerio del Interior / portal oficial de datos abiertos,PRIMARY_OFFICIAL
2008,2008-03-09,19 - Guadalajara,DEMOCRACIA NACIONAL - D.N.,146,0,Ministerio del Interior / portal oficial de datos abiertos,PRIMARY_OFFICIAL
2008,2008-03-09,19 - Guadalajara,DEMOCRACIA NACIONAL - DN,0,0,Ministerio del Interior / portal oficial de datos abiertos,PRIMARY_OFFICIAL
2008,2008-03-09,19 - Guadalajara,EI ESCONS INSUBMISOS-ALTERNATIVA DELS DEMOCRATES DESCONTENTS - Ei,0,0,Ministerio del Interior / portal oficial de datos abiertos,PRIMARY_OFFICIAL
2008,2008-03-09,19 - Guadalajara,ELS VERDS - L'ALTERNATIVA ECOLOGISTA - EV-AE,0,0,Ministerio del Interior / portal oficial de datos abiertos,PRIMARY_OFFICIAL
2008,2008-03-09,19 - Guadalajara,ELS VERDS-ALTERNATIVA VERDA - E.V.-A.V.,0,0,Ministerio del Interior / portal oficial de datos abiertos,PRIMARY_OFFICIAL
2008,2008-03-09,19 - Guadalajara,ELS VERDS-LOS VERDES - EV-LV,0,0,Ministerio del Interior / portal oficial de datos abiertos,PRIMARY_OFFICIAL
2008,2008-03-09,19 - Guadalajara,ESCONS INSUBMISOS ALTERNATIVA DELS DEMOCRATES DESCONTENTS - EI-ADD,0,0,Ministerio del Interior / portal oficial de datos abiertos,PRIMARY_OFFICIAL
2008,2008-03-09,19 - Guadalajara,ESCONS INSUBMISOS-ALTERNATIVA DELS DEMOCRATES DESCONTENTS - Ei,0,0,Ministerio del Interior / portal oficial de datos abiertos,PRIMARY_OFFICIAL
2008,2008-03-09,19 - Guadalajara,ESPAÑA 2000 - E-2000,36,0,Ministerio del Interior / portal oficial de datos abiertos,PRIMARY_OFFICIAL
2008,2008-03-09,19 - Guadalajara,ESPAÑA-2000 - E-2000,0,0,Ministerio del Interior / portal oficial de datos abiertos,PRIMARY_OFFICIAL
2008,2008-03-09,19 - Guadalajara,ESQUERDA UNIDA-IZQUIERDA UNIDA-ALTERNATIVA - EU-IU,0,0,Ministerio del Interior / portal oficial de datos abiertos,PRIMARY_OFFICIAL
2008,2008-03-09,19 - Guadalajara,ESQUERRA REPUBLICANA DE CATALUNYA - ESQUERRA,0,0,Ministerio del Interior / portal oficial de datos abiertos,PRIMARY_OFFICIAL
2008,2008-03-09,19 - Guadalajara,ESQUERRA REPUBLICANA DE CATALUNYA - esquerra,0,0,Ministerio del Interior / portal oficial de datos abiertos,PRIMARY_OFFICIAL
2008,2008-03-09,19 - Guadalajara,ESQUERRA REPUBLICANA DEL PAIS VALENCIA-PAIS VALENCIA SI - ESQUERRA-PV,0,0,Ministerio del Interior / portal oficial de datos abiertos,PRIMARY_OFFICIAL
2008,2008-03-09,19 - Guadalajara,"ESQUERRA REPUBLICANA DEL PAIS VALENCIA-PAIS VALENCIA, SI - ESQUERRA-PV",0,0,Ministerio del Interior / portal oficial de datos abiertos,PRIMARY_OFFICIAL
2008,2008-03-09,19 - Guadalajara,ESQUERRA UNIDA - ELS VERDS - EU-EV,0,0,Ministerio del Interior / portal oficial de datos abiertos,PRIMARY_OFFICIAL
2008,2008-03-09,19 - Guadalajara,ESQUERRA UNIDA DEL PAIS VALENCIA-IZQUIERDA REPUBLICANA: ESQUERRA UNIDA I REPUBLICANA - EUPV-IR,0,0,Ministerio del Interior / portal oficial de datos abiertos,PRIMARY_OFFICIAL
2008,2008-03-09,19 - Guadalajara,ESQUERRA UNIDA DEL PAIS VALENCIA-IZQUIERDA REPUBLICANA:ESQUERRA UNIDA I REPUBLICANA - EUPV-IR,0,0,Ministerio del Interior / portal oficial de datos abiertos,PRIMARY_OFFICIAL
2008,2008-03-09,19 - Guadalajara,EUSKO ALKARTASUNA - EA,0,0,Ministerio del Interior / portal oficial de datos abiertos,PRIMARY_OFFICIAL
2008,2008-03-09,19 - Guadalajara,EUZKO ALDERDI JELTZALEA-PARTIDO NACIONALISTA VASCO - EAJ-PNV,0,0,Ministerio del Interior / portal oficial de datos abiertos,PRIMARY_OFFICIAL
2008,2008-03-09,19 - Guadalajara,EXTREMADURA UNIDA - EXTREMADURA UNIDA,0,0,Ministerio del Interior / portal oficial de datos abiertos,PRIMARY_OFFICIAL
2008,2008-03-09,19 - Guadalajara,EZKER BATUA-BERDEAK-ALTERNATIVA - EB-B,0,0,Ministerio del Interior / portal oficial de datos abiertos,PRIMARY_OFFICIAL
2008,2008-03-09,19 - Guadalajara,FALANGE AUTENTICA - F.A.,0,0,Ministerio del Interior / portal oficial de datos abiertos,PRIMARY_OFFICIAL
2008,2008-03-09,19 - Guadalajara,FALANGE AUTENTICA - FA,56,0,Ministerio del Interior / portal oficial de datos abiertos,PRIMARY_OFFICIAL
2008,2008-03-09,19 - Guadalajara,FALANGE ESPAÑOLA DE LA JONS - FE de las JONS,0,0,Ministerio del Interior / portal oficial de datos abiertos,PRIMARY_OFFICIAL
2008,2008-03-09,19 - Guadalajara,FALANGE ESPAÑOLA DE LAS J.O.N.S. - F.E. de las J.O.N.S.,0,0,Ministerio del Interior / portal oficial de datos abiertos,PRIMARY_OFFICIAL
2008,2008-03-09,19 - Guadalajara,FALANGE ESPAÑOLA DE LAS J.O.N.S. - FE de las JONS,0,0,Ministerio del Interior / portal oficial de datos abiertos,PRIMARY_OFFICIAL
2008,2008-03-09,19 - Guadalajara,FALANGE ESPAÑOLA DE LAS J.O.N.S. - FE-JONS,0,0,Ministerio del Interior / portal oficial de datos abiertos,PRIMARY_OFFICIAL
2008,2008-03-09,19 - Guadalajara,FALANGE ESPAÑOLA DE LAS JONS - F.E. de las J.O.N.S.,0,0,Ministerio del Interior / portal oficial de datos abiertos,PRIMARY_OFFICIAL
2008,2008-03-09,19 - Guadalajara,FALANGE ESPAÑOLA DE LAS JONS - FE DE LAS JONS,0,0,Ministerio del Interior / portal oficial de datos abiertos,PRIMARY_OFFICIAL
2008,2008-03-09,19 - Guadalajara,FALANGE ESPAÑOLA DE LAS JONS - FE de las JONS,91,0,Ministerio del Interior / portal oficial de datos abiertos,PRIMARY_OFFICIAL
2008,2008-03-09,19 - Guadalajara,FALANGE ESPAÑOLA DE LAS JONS - FE-JONS,0,0,Ministerio del Interior / portal oficial de datos abiertos,PRIMARY_OFFICIAL
2008,2008-03-09,19 - Guadalajara,FAMILIA I VIDA - PFiV,0,0,Ministerio del Interior / portal oficial de datos abiertos,PRIMARY_OFFICIAL
2008,2008-03-09,19 - Guadalajara,FAMILIA Y VIDA - PFyV,0,0,Ministerio del Interior / portal oficial de datos abiertos,PRIMARY_OFFICIAL
2008,2008-03-09,19 - Guadalajara,FRENTE ESPAÑOL - F.E,0,0,Ministerio del Interior / portal oficial de datos abiertos,PRIMARY_OFFICIAL
2008,2008-03-09,19 - Guadalajara,FRENTE ESPAÑOL - F.E.,0,0,Ministerio del Interior / portal oficial de datos abiertos,PRIMARY_OFFICIAL
2008,2008-03-09,19 - Guadalajara,FRENTE ESPAÑOL - FRENTE,39,0,Ministerio del Interior / portal oficial de datos abiertos,PRIMARY_OFFICIAL
2008,2008-03-09,19 - Guadalajara,GENTES DE EL BIERZO - PB-UB,0,0,Ministerio del Interior / portal oficial de datos abiertos,PRIMARY_OFFICIAL
2008,2008-03-09,19 - Guadalajara,IDENTITAT REGNE DE VALENCIA - IRV,0,0,Ministerio del Interior / portal oficial de datos abiertos,PRIMARY_OFFICIAL
2008,2008-03-09,19 - Guadalajara,INDEPENDIENTES POR CUENCA - ixC,0,0,Ministerio del Interior / portal oficial de datos abiertos,PRIMARY_OFFICIAL
2008,2008-03-09,19 - Guadalajara,INICIATIVA CIUDADANA BURGALESA - I.C.Bur,0,0,Ministerio del Interior / portal oficial de datos abiertos,PRIMARY_OFFICIAL
2008,2008-03-09,19 - Guadalajara,INICIATIVA MERINDADES DE CASTILLA - I.M.C.,0,0,Ministerio del Interior / portal oficial de datos abiertos,PRIMARY_OFFICIAL
2008,2008-03-09,19 - Guadalajara,INICIATIVA PER CATALUNYA VERDS - ESQUERRA UNIDA I ALTERNATIVA - ICV-EUiA,0,0,Ministerio del Interior / portal oficial de datos abiertos,PRIMARY_OFFICIAL
2008,2008-03-09,19 - Guadalajara,INICIATIVA PER CATALUNYA VERDS-ESQUERRA UNIDA I ALTERNATIVA - ICV-EUiA,0,0,Ministerio del Interior / portal oficial de datos abiertos,PRIMARY_OFFICIAL
2008,2008-03-09,19 - Guadalajara,IZQUIERDA REPUBLICANA - IR,0,0,Ministerio del Interior / portal oficial de datos abiertos,PRIMARY_OFFICIAL
2008,2008-03-09,19 - Guadalajara,IZQUIERDA REPUBLICANA-PARTIT REPUBLICA D'ESQUERRA - IR-PRE,0,0,Ministerio del Interior / portal oficial de datos abiertos,PRIMARY_OFFICIAL
2008,2008-03-09,19 - Guadalajara,IZQUIERDA UNIDA - BLOQUE POR ASTURIES - LOS VERDES - IU-B.A-LOS VERDES,0,0,Ministerio del Interior / portal oficial de datos abiertos,PRIMARY_OFFICIAL
2008,2008-03-09,19 - Guadalajara,IZQUIERDA UNIDA CANARIA-ALTERNATIVA - IUC,0,0,Ministerio del Interior / portal oficial de datos abiertos,PRIMARY_OFFICIAL
2008,2008-03-09,19 - Guadalajara,IZQUIERDA UNIDA COMUNIDAD DE MADRID-ALTERNATIVA - IU-CM.,0,0,Ministerio del Interior / portal oficial de datos abiertos,PRIMARY_OFFICIAL
2008,2008-03-09,19 - Guadalajara,IZQUIERDA UNIDA DE CEUTA - I.U.,0,0,Ministerio del Interior / portal oficial de datos abiertos,PRIMARY_OFFICIAL
2008,2008-03-09,19 - Guadalajara,IZQUIERDA UNIDA DE LA REGION DE MURCIA-ALTERNATIVA - I.U.R.M.,0,0,Ministerio del Interior / portal oficial de datos abiertos,PRIMARY_OFFICIAL
2008,2008-03-09,19 - Guadalajara,IZQUIERDA UNIDA DE NAVARRA - NAFARROAKO EZKER BATUA - ALTERNATIVA - IUN-NEB,0,0,Ministerio del Interior / portal oficial de datos abiertos,PRIMARY_OFFICIAL
2008,2008-03-09,19 - Guadalajara,IZQUIERDA UNIDA LOS VERDES CONVOCATORIA POR ANDALUCIA-ALTERNATIVA - IULV-CA,0,0,Ministerio del Interior / portal oficial de datos abiertos,PRIMARY_OFFICIAL
2008,2008-03-09,19 - Guadalajara,IZQUIERDA UNIDA LOS VERDES-CONVOCATORIA POR ANDALUCIA - ALTERNATIVA - IULV-CA,0,0,Ministerio del Interior / portal oficial de datos abiertos,PRIMARY_OFFICIAL
2008,2008-03-09,19 - Guadalajara,IZQUIERDA UNIDA LOS VERDES-CONVOCATORIA POR ANDALUCIA-ALTERNATIVA - IULV-CA,0,0,Ministerio del Interior / portal oficial de datos abiertos,PRIMARY_OFFICIAL
2008,2008-03-09,19 - Guadalajara,IZQUIERDA UNIDA-ALTERNATIVA - I.U.,4390,0,Ministerio del Interior / portal oficial de datos abiertos,PRIMARY_OFFICIAL
2008,2008-03-09,19 - Guadalajara,IZQUIERDA UNIDA-ALTERNATIVA - IU,0,0,Ministerio del Interior / portal oficial de datos abiertos,PRIMARY_OFFICIAL
2008,2008-03-09,19 - Guadalajara,LLUITA INTERNACIONALISTA - (LI(LIT-CI)),0,0,Ministerio del Interior / portal oficial de datos abiertos,PRIMARY_OFFICIAL
2008,2008-03-09,19 - Guadalajara,LLUITA INTERNACIONALISTA - L.I.(LIT-CI),0,0,Ministerio del Interior / portal oficial de datos abiertos,PRIMARY_OFFICIAL
2008,2008-03-09,19 - Guadalajara,LLUITA INTERNACIONALISTA - LI-LITCI,0,0,Ministerio del Interior / portal oficial de datos abiertos,PRIMARY_OFFICIAL
2008,2008-03-09,19 - Guadalajara,LOS VERDES - LOS VERDES,0,0,Ministerio del Interior / portal oficial de datos abiertos,PRIMARY_OFFICIAL
2008,2008-03-09,19 - Guadalajara,LOS VERDES - LV,0,0,Ministerio del Interior / portal oficial de datos abiertos,PRIMARY_OFFICIAL
2008,2008-03-09,19 - Guadalajara,LOS VERDES - VERDES,0,0,Ministerio del Interior / portal oficial de datos abiertos,PRIMARY_OFFICIAL
2008,2008-03-09,19 - Guadalajara,LOS VERDES COMUNIDAD DE MADRID-LOS VERDES DE EUROPA - LVCM-LVE,0,0,Ministerio del Interior / portal oficial de datos abiertos,PRIMARY_OFFICIAL
2008,2008-03-09,19 - Guadalajara,LOS VERDES DE EUROPA - LOS VERDES DE EUROPA,0,0,Ministerio del Interior / portal oficial de datos abiertos,PRIMARY_OFFICIAL
2008,2008-03-09,19 - Guadalajara,LOS VERDES DE EUROPA - LVE,563,0,Ministerio del Interior / portal oficial de datos abiertos,PRIMARY_OFFICIAL
2008,2008-03-09,19 - Guadalajara,LOS VERDES DE EXTREMADURA - LV,0,0,Ministerio del Interior / portal oficial de datos abiertos,PRIMARY_OFFICIAL
2008,2008-03-09,19 - Guadalajara,LOS VERDES-ELS VERDS - LV-EV,0,0,Ministerio del Interior / portal oficial de datos abiertos,PRIMARY_OFFICIAL
2008,2008-03-09,19 - Guadalajara,LOS VERDES-GRUPO VERDE - L.V.,0,0,Ministerio del Interior / portal oficial de datos abiertos,PRIMARY_OFFICIAL
2008,2008-03-09,19 - Guadalajara,LOS VERDES-GRUPO VERDE - LV,0,0,Ministerio del Interior / portal oficial de datos abiertos,PRIMARY_OFFICIAL
2008,2008-03-09,19 - Guadalajara,LOS VERDES-GRUPO VERDE - LV-GV,0,0,Ministerio del Interior / portal oficial de datos abiertos,PRIMARY_OFFICIAL
2008,2008-03-09,19 - Guadalajara,LUCHA INTERNACIONALISTA - LI-LITCI,0,0,Ministerio del Interior / portal oficial de datos abiertos,PRIMARY_OFFICIAL
2008,2008-03-09,19 - Guadalajara,MOVIMIENTO FALANGISTA DE ESPAÑA - M.F.E.,0,0,Ministerio del Interior / portal oficial de datos abiertos,PRIMARY_OFFICIAL
2008,2008-03-09,19 - Guadalajara,MOVIMIENTO POR LA UNIDAD DEL PUEBLO CANARIO - MUPC,0,0,Ministerio del Interior / portal oficial de datos abiertos,PRIMARY_OFFICIAL
2008,2008-03-09,19 - Guadalajara,NAFARROA BAI - NA-BAI,0,0,Ministerio del Interior / portal oficial de datos abiertos,PRIMARY_OFFICIAL
2008,2008-03-09,19 - Guadalajara,NOSALTRES SOM - N som,0,0,Ministerio del Interior / portal oficial de datos abiertos,PRIMARY_OFFICIAL
2008,2008-03-09,19 - Guadalajara,NUEVA CANARIAS-CENTRO CANARIO - NC-CCN,0,0,Ministerio del Interior / portal oficial de datos abiertos,PRIMARY_OFFICIAL
2008,2008-03-09,19 - Guadalajara,OPCIO NACIONALISTA VALENCIANA - O.N.V.,0,0,Ministerio del Interior / portal oficial de datos abiertos,PRIMARY_OFFICIAL
2008,2008-03-09,19 - Guadalajara,OPCIO NACIONALISTA VALENCIANA - ONV,0,0,Ministerio del Interior / portal oficial de datos abiertos,PRIMARY_OFFICIAL
2008,2008-03-09,19 - Guadalajara,OS VERDES - GRUPO VERDE - OV,0,0,Ministerio del Interior / portal oficial de datos abiertos,PRIMARY_OFFICIAL
2008,2008-03-09,19 - Guadalajara,PARTIDO ALTERNATIVA MOTOR Y DEPORTES - A.M.D.,0,0,Ministerio del Interior / portal oficial de datos abiertos,PRIMARY_OFFICIAL
2008,2008-03-09,19 - Guadalajara,PARTIDO ANTITAURINO CONTRA EL MALTRATO ANIMAL - P.A.C.M.A,0,0,Ministerio del Interior / portal oficial de datos abiertos,PRIMARY_OFFICIAL
2008,2008-03-09,19 - Guadalajara,PARTIDO ANTITAURINO CONTRA EL MALTRATO ANIMAL - P.A.C.M.A.,0,0,Ministerio del Interior / portal oficial de datos abiertos,PRIMARY_OFFICIAL
2008,2008-03-09,19 - Guadalajara,PARTIDO ANTITAURINO CONTRA EL MALTRATO ANIMAL - PACMA,308,0,Ministerio del Interior / portal oficial de datos abiertos,PRIMARY_OFFICIAL
2008,2008-03-09,19 - Guadalajara,PARTIDO ARAGONES - PAR,0,0,Ministerio del Interior / portal oficial de datos abiertos,PRIMARY_OFFICIAL
2008,2008-03-09,19 - Guadalajara,PARTIDO CARLISTA - P.C.,0,0,Ministerio del Interior / portal oficial de datos abiertos,PRIMARY_OFFICIAL
2008,2008-03-09,19 - Guadalajara,PARTIDO CARLISTA - PARTIDO CARLISTA,0,0,Ministerio del Interior / portal oficial de datos abiertos,PRIMARY_OFFICIAL
2008,2008-03-09,19 - Guadalajara,PARTIDO CARLISTA - PC,0,0,Ministerio del Interior / portal oficial de datos abiertos,PRIMARY_OFFICIAL
2008,2008-03-09,19 - Guadalajara,PARTIDO CARLISTA DE EUSKALERRIA-PARTIDO CARLISTA - EKA-PC.,0,0,Ministerio del Interior / portal oficial de datos abiertos,PRIMARY_OFFICIAL
2008,2008-03-09,19 - Guadalajara,PARTIDO CARLISTA DE EUSKALHERRIA-EUSKALHERRIKO KARLISTA ALDERDIA - PARTIDO CARLISTA-EKA,0,0,Ministerio del Interior / portal oficial de datos abiertos,PRIMARY_OFFICIAL
2008,2008-03-09,19 - Guadalajara,PARTIDO CENTRISTA - PCTR,0,0,Ministerio del Interior / portal oficial de datos abiertos,PRIMARY_OFFICIAL
2008,2008-03-09,19 - Guadalajara,PARTIDO CENTRISTAS - Centristas PCTR,0,0,Ministerio del Interior / portal oficial de datos abiertos,PRIMARY_OFFICIAL
2008,2008-03-09,19 - Guadalajara,PARTIDO CENTRISTAS - PCTR,0,0,Ministerio del Interior / portal oficial de datos abiertos,PRIMARY_OFFICIAL
2008,2008-03-09,19 - Guadalajara,PARTIDO CIUDADANOS UNIDOS DE ARAGON - pCUA,0,0,Ministerio del Interior / portal oficial de datos abiertos,PRIMARY_OFFICIAL
2008,2008-03-09,19 - Guadalajara,PARTIDO COMUNISTA DE LOS PUEBLOS DE ESPAÑA - P.C.P.E.,106,0,Ministerio del Interior / portal oficial de datos abiertos,PRIMARY_OFFICIAL
2008,2008-03-09,19 - Guadalajara,PARTIDO COMUNISTA DE LOS PUEBLOS DE ESPAÑA - P.C.P.E.-E.K.,0,0,Ministerio del Interior / portal oficial de datos abiertos,PRIMARY_OFFICIAL
2008,2008-03-09,19 - Guadalajara,PARTIDO COMUNISTA DE LOS PUEBLOS DE ESPAÑA - PCPE,0,0,Ministerio del Interior / portal oficial de datos abiertos,PRIMARY_OFFICIAL
2008,2008-03-09,19 - Guadalajara,PARTIDO COMUNISTA DE LOS PUEBLOS DE ESPAÑA-EUSKAL KOMUNISTAK - PCPE - EK,0,0,Ministerio del Interior / portal oficial de datos abiertos,PRIMARY_OFFICIAL
2008,2008-03-09,19 - Guadalajara,PARTIDO COMUNISTA DEL PUEBLO CANARIO - PCPE,0,0,Ministerio del Interior / portal oficial de datos abiertos,PRIMARY_OFFICIAL
2008,2008-03-09,19 - Guadalajara,PARTIDO COMUNISTA DEL PUEBLO CASTELLANO - PCPE,0,0,Ministerio del Interior / portal oficial de datos abiertos,PRIMARY_OFFICIAL
2008,2008-03-09,19 - Guadalajara,PARTIDO COMUNISTA DEL PUEBLO CASTELLANO-PCPE - PCPE,0,0,Ministerio del Interior / portal oficial de datos abiertos,PRIMARY_OFFICIAL
2008,2008-03-09,19 - Guadalajara,PARTIDO COMUNISTA DEL PUEBLO DE CATALUNYA - PCPC,0,0,Ministerio del Interior / portal oficial de datos abiertos,PRIMARY_OFFICIAL
2008,2008-03-09,19 - Guadalajara,PARTIDO COMUNISTA DEL PUEBLO DE CATALUÑA - PCPC,0,0,Ministerio del Interior / portal oficial de datos abiertos,PRIMARY_OFFICIAL
2008,2008-03-09,19 - Guadalajara,PARTIDO COMUNISTA DO POBO GALEGO - PCPG,0,0,Ministerio del Interior / portal oficial de datos abiertos,PRIMARY_OFFICIAL
2008,2008-03-09,19 - Guadalajara,PARTIDO COMUNISTA DO POVO GALEGO - P.C.P.G.,0,0,Ministerio del Interior / portal oficial de datos abiertos,PRIMARY_OFFICIAL
2008,2008-03-09,19 - Guadalajara,PARTIDO COMUNISTA PUEBLOS DE ESPAÑA - PCPE,0,0,Ministerio del Interior / portal oficial de datos abiertos,PRIMARY_OFFICIAL
2008,2008-03-09,19 - Guadalajara,PARTIDO DE ALIANZA IBEROAMERICANA EUROPEA - PAIE,0,0,Ministerio del Interior / portal oficial de datos abiertos,PRIMARY_OFFICIAL
2008,2008-03-09,19 - Guadalajara,PARTIDO DE ALMERIA - PdeAL,0,0,Ministerio del Interior / portal oficial de datos abiertos,PRIMARY_OFFICIAL
2008,2008-03-09,19 - Guadalajara,PARTIDO DE LAS LIBERTADES CIVILES - PLCI,0,0,Ministerio del Interior / portal oficial de datos abiertos,PRIMARY_OFFICIAL
2008,2008-03-09,19 - Guadalajara,PARTIDO DE LOS NO-FUMADORES - PNF (NO-FUMADORES),0,0,Ministerio del Interior / portal oficial de datos abiertos,PRIMARY_OFFICIAL
2008,2008-03-09,19 - Guadalajara,PARTIDO DE LOS PENSIONISTAS EN ACCION - PDLPEA,0,0,Ministerio del Interior / portal oficial de datos abiertos,PRIMARY_OFFICIAL
2008,2008-03-09,19 - Guadalajara,PARTIDO DOS SOCIALISTAS DE GALICIA-PARTIDO SOCIALISTA OBRERO ESPAÑOL - PSdeG-PSOE,0,0,Ministerio del Interior / portal oficial de datos abiertos,PRIMARY_OFFICIAL
2008,2008-03-09,19 - Guadalajara,PARTIDO DOS SOCIALISTAS DE GALICIA-PSOE - PSdeG-PSOE,0,0,Ministerio del Interior / portal oficial de datos abiertos,PRIMARY_OFFICIAL
2008,2008-03-09,19 - Guadalajara,PARTIDO FAMILIA Y VIDA - PFyV,32,0,Ministerio del Interior / portal oficial de datos abiertos,PRIMARY_OFFICIAL
2008,2008-03-09,19 - Guadalajara,PARTIDO HACHE - PHache,0,0,Ministerio del Interior / portal oficial de datos abiertos,PRIMARY_OFFICIAL
2008,2008-03-09,19 - Guadalajara,PARTIDO HUMANISTA - P.H.,0,0,Ministerio del Interior / portal oficial de datos abiertos,PRIMARY_OFFICIAL
2008,2008-03-09,19 - Guadalajara,PARTIDO HUMANISTA - PH,243,0,Ministerio del Interior / portal oficial de datos abiertos,PRIMARY_OFFICIAL
2008,2008-03-09,19 - Guadalajara,PARTIDO IZQUIERDA REPUBLICANA-PARTIT REPUBLICA D'ESQUERRA - IR-PRE,0,0,Ministerio del Interior / portal oficial de datos abiertos,PRIMARY_OFFICIAL
2008,2008-03-09,19 - Guadalajara,PARTIDO LIBERAL DEL EMPLEO Y LA VIVIENDA ESTATAL - P.L.E.V.E.,0,0,Ministerio del Interior / portal oficial de datos abiertos,PRIMARY_OFFICIAL
2008,2008-03-09,19 - Guadalajara,PARTIDO LIBERTADES CIVILES - PLCI,0,0,Ministerio del Interior / portal oficial de datos abiertos,PRIMARY_OFFICIAL
2008,2008-03-09,19 - Guadalajara,PARTIDO OBRERO SOCIALISTA INTERNACIONALISTA - P.O.S.I.,0,0,Ministerio del Interior / portal oficial de datos abiertos,PRIMARY_OFFICIAL
2008,2008-03-09,19 - Guadalajara,PARTIDO OBRERO SOCIALISTA INTERNACIONALISTA - POSI,0,0,Ministerio del Interior / portal oficial de datos abiertos,PRIMARY_OFFICIAL
2008,2008-03-09,19 - Guadalajara,PARTIDO POLITICO ARALAR - aralar,0,0,Ministerio del Interior / portal oficial de datos abiertos,PRIMARY_OFFICIAL
2008,2008-03-09,19 - Guadalajara,PARTIDO POPULAR - P.P.,67668,2,Ministerio del Interior / portal oficial de datos abiertos,PRIMARY_OFFICIAL
2008,2008-03-09,19 - Guadalajara,PARTIDO POPULAR - PP,0,0,Ministerio del Interior / portal oficial de datos abiertos,PRIMARY_OFFICIAL
2008,2008-03-09,19 - Guadalajara,PARTIDO POPULAR/PARTIT POPULAR - PP,0,0,Ministerio del Interior / portal oficial de datos abiertos,PRIMARY_OFFICIAL
2008,2008-03-09,19 - Guadalajara,PARTIDO POR UN MUNDO MAS JUSTO - PUM+J,0,0,Ministerio del Interior / portal oficial de datos abiertos,PRIMARY_OFFICIAL
2008,2008-03-09,19 - Guadalajara,PARTIDO POSITIVISTA CRISTIANO - PPCr,0,0,Ministerio del Interior / portal oficial de datos abiertos,PRIMARY_OFFICIAL
2008,2008-03-09,19 - Guadalajara,PARTIDO REGIONALISTA DE GUADALAJARA - P.R.GU.,152,0,Ministerio del Interior / portal oficial de datos abiertos,PRIMARY_OFFICIAL
2008,2008-03-09,19 - Guadalajara,PARTIDO REGIONALISTA DEL PAIS LEONES - PREPAL,0,0,Ministerio del Interior / portal oficial de datos abiertos,PRIMARY_OFFICIAL
2008,2008-03-09,19 - Guadalajara,PARTIDO RIOJANO - PARTIDO RIOJANO,0,0,Ministerio del Interior / portal oficial de datos abiertos,PRIMARY_OFFICIAL
2008,2008-03-09,19 - Guadalajara,PARTIDO SOCIAL DEMOCRATA - P.S.D.,172,0,Ministerio del Interior / portal oficial de datos abiertos,PRIMARY_OFFICIAL
2008,2008-03-09,19 - Guadalajara,PARTIDO SOCIAL DEMOCRATA - PSD,0,0,Ministerio del Interior / portal oficial de datos abiertos,PRIMARY_OFFICIAL
2008,2008-03-09,19 - Guadalajara,PARTIDO SOCIAL DEMOCRATA-FEDERACION DE LOS INDEPENDIENTES DE ARAGON - PSD-FIA,0,0,Ministerio del Interior / portal oficial de datos abiertos,PRIMARY_OFFICIAL
2008,2008-03-09,19 - Guadalajara,PARTIDO SOCIALISTA DE EUSKADI-EUSKADIKO EZKERRA (PSOE) - PSE-EE (PSOE),0,0,Ministerio del Interior / portal oficial de datos abiertos,PRIMARY_OFFICIAL
2008,2008-03-09,19 - Guadalajara,PARTIDO SOCIALISTA DE EUSKADI-EUSKADIKO EZKERRA - PSE-EE (PSOE),0,0,Ministerio del Interior / portal oficial de datos abiertos,PRIMARY_OFFICIAL
2008,2008-03-09,19 - Guadalajara,PARTIDO SOCIALISTA OBRERO ESPAÑOL - P.S.O.E.,54738,1,Ministerio del Interior / portal oficial de datos abiertos,PRIMARY_OFFICIAL
2008,2008-03-09,19 - Guadalajara,PARTIDO SOCIALISTA OBRERO ESPAÑOL - PSOE,0,0,Ministerio del Interior / portal oficial de datos abiertos,PRIMARY_OFFICIAL
2008,2008-03-09,19 - Guadalajara,PARTIDO SOCIALISTA OBRERO ESPAÑOL DE ANDALUCIA - PSOE-A,0,0,Ministerio del Interior / portal oficial de datos abiertos,PRIMARY_OFFICIAL
2008,2008-03-09,19 - Guadalajara,PARTIDO SOLIDARIDAD Y AUTOGESTION INTERNACIONALISTA - SAIN,0,0,Ministerio del Interior / portal oficial de datos abiertos,PRIMARY_OFFICIAL
2008,2008-03-09,19 - Guadalajara,PARTIDO UNIONISTA ESTADO DE ESPAÑA - P.U.E.D.E.,0,0,Ministerio del Interior / portal oficial de datos abiertos,PRIMARY_OFFICIAL
2008,2008-03-09,19 - Guadalajara,PARTIDO UNIONISTA ESTADO DE ESPAÑA - PUEDE,0,0,Ministerio del Interior / portal oficial de datos abiertos,PRIMARY_OFFICIAL
2008,2008-03-09,19 - Guadalajara,PARTIT ANTITAURI CONTRA EL MALTRACTAMENT ANIMAL - P.A.C.M.A.,0,0,Ministerio del Interior / portal oficial de datos abiertos,PRIMARY_OFFICIAL
2008,2008-03-09,19 - Guadalajara,PARTIT ANTITAURI CONTRA EL MALTRACTAMENT ANIMAL - PACMA,0,0,Ministerio del Interior / portal oficial de datos abiertos,PRIMARY_OFFICIAL
2008,2008-03-09,19 - Guadalajara,PARTIT CARLI DE CATALUNYA - P. C. de C.,0,0,Ministerio del Interior / portal oficial de datos abiertos,PRIMARY_OFFICIAL
2008,2008-03-09,19 - Guadalajara,PARTIT CARLI DE CATALUNYA - PCaC,0,0,Ministerio del Interior / portal oficial de datos abiertos,PRIMARY_OFFICIAL
2008,2008-03-09,19 - Guadalajara,PARTIT COMUNISTA DEL POBLE DE CATALUNYA - P.C.P.C.,0,0,Ministerio del Interior / portal oficial de datos abiertos,PRIMARY_OFFICIAL
2008,2008-03-09,19 - Guadalajara,PARTIT COMUNISTA DELS POBLES D'ESPANYA - PCPE,0,0,Ministerio del Interior / portal oficial de datos abiertos,PRIMARY_OFFICIAL
2008,2008-03-09,19 - Guadalajara,PARTIT DELS SOCIALISTES DE CATALUNYA - PSC (PSC-PSOE),0,0,Ministerio del Interior / portal oficial de datos abiertos,PRIMARY_OFFICIAL
2008,2008-03-09,19 - Guadalajara,PARTIT DELS SOCIALISTES DE CATALUNYA - PSC-PSOE,0,0,Ministerio del Interior / portal oficial de datos abiertos,PRIMARY_OFFICIAL
2008,2008-03-09,19 - Guadalajara,PARTIT FAMILIA I VIDA - PFiV,0,0,Ministerio del Interior / portal oficial de datos abiertos,PRIMARY_OFFICIAL
2008,2008-03-09,19 - Guadalajara,PARTIT HUMANISTA - P.H.,0,0,Ministerio del Interior / portal oficial de datos abiertos,PRIMARY_OFFICIAL
2008,2008-03-09,19 - Guadalajara,PARTIT HUMANISTA - PH,0,0,Ministerio del Interior / portal oficial de datos abiertos,PRIMARY_OFFICIAL
2008,2008-03-09,19 - Guadalajara,PARTIT HUMANISTA DE CATALUNYA - PH,0,0,Ministerio del Interior / portal oficial de datos abiertos,PRIMARY_OFFICIAL
2008,2008-03-09,19 - Guadalajara,PARTIT ILLENC DE SES ILLES BALEARS - PIIB,0,0,Ministerio del Interior / portal oficial de datos abiertos,PRIMARY_OFFICIAL
2008,2008-03-09,19 - Guadalajara,PARTIT OBRER SOCIALISTA INTERNACIONALISTA - P.O.S.I.,0,0,Ministerio del Interior / portal oficial de datos abiertos,PRIMARY_OFFICIAL
2008,2008-03-09,19 - Guadalajara,PARTIT OBRER SOCIALISTA INTERNACIONALISTA - POSI,0,0,Ministerio del Interior / portal oficial de datos abiertos,PRIMARY_OFFICIAL
2008,2008-03-09,19 - Guadalajara,PARTIT PER CATALUNYA - PxCat,0,0,Ministerio del Interior / portal oficial de datos abiertos,PRIMARY_OFFICIAL
2008,2008-03-09,19 - Guadalajara,PARTIT POPULAR/PARTIDO POPULAR - P.P.,0,0,Ministerio del Interior / portal oficial de datos abiertos,PRIMARY_OFFICIAL
2008,2008-03-09,19 - Guadalajara,PARTIT REPUBLICA CATALA - RC,0,0,Ministerio del Interior / portal oficial de datos abiertos,PRIMARY_OFFICIAL
2008,2008-03-09,19 - Guadalajara,PER LA REPUBLICA VALENCIANA - PLRV,0,0,Ministerio del Interior / portal oficial de datos abiertos,PRIMARY_OFFICIAL
2008,2008-03-09,19 - Guadalajara,PER LA REPUBLICA VALENCIANA - plRV,0,0,Ministerio del Interior / portal oficial de datos abiertos,PRIMARY_OFFICIAL
2008,2008-03-09,19 - Guadalajara,POR UN MUNDO MAS JUSTO - PUM+J,104,0,Ministerio del Interior / portal oficial de datos abiertos,PRIMARY_OFFICIAL
2008,2008-03-09,19 - Guadalajara,REPRESENTACION CANNABICA NAVARRA - RCN-NOK,0,0,Ministerio del Interior / portal oficial de datos abiertos,PRIMARY_OFFICIAL
2008,2008-03-09,19 - Guadalajara,SOLIDARIDAD Y AUTOGESTION INTERNACIONALISTA - SAIN,0,0,Ministerio del Interior / portal oficial de datos abiertos,PRIMARY_OFFICIAL
2008,2008-03-09,19 - Guadalajara,SOLIDARIDAD Y AUTOGESTION INTERNACIONALISTA - SAIn,0,0,Ministerio del Interior / portal oficial de datos abiertos,PRIMARY_OFFICIAL
2008,2008-03-09,19 - Guadalajara,TIERRA COMUNERA - TC,123,0,Ministerio del Interior / portal oficial de datos abiertos,PRIMARY_OFFICIAL
2008,2008-03-09,19 - Guadalajara,UNIDA - UNIDA,0,0,Ministerio del Interior / portal oficial de datos abiertos,PRIMARY_OFFICIAL
2008,2008-03-09,19 - Guadalajara,UNIDAD CASTELLANA - Ud. Ca.,0,0,Ministerio del Interior / portal oficial de datos abiertos,PRIMARY_OFFICIAL
2008,2008-03-09,19 - Guadalajara,UNIDAD DEL PUEBLO - UNIDAD DEL PUEBLO,0,0,Ministerio del Interior / portal oficial de datos abiertos,PRIMARY_OFFICIAL
2008,2008-03-09,19 - Guadalajara,UNIDAD REGIONALISTA DE CASTILLA Y LEON - U.R.C.L.,0,0,Ministerio del Interior / portal oficial de datos abiertos,PRIMARY_OFFICIAL
2008,2008-03-09,19 - Guadalajara,UNION CENTRISTA LIBERAL - UCL,0,0,Ministerio del Interior / portal oficial de datos abiertos,PRIMARY_OFFICIAL
2008,2008-03-09,19 - Guadalajara,UNION CIUDADANA PROGRESISTAS INDEPENDIENTES DE CANARIAS - UCPIC,0,0,Ministerio del Interior / portal oficial de datos abiertos,PRIMARY_OFFICIAL
2008,2008-03-09,19 - Guadalajara,UNION DEL PUEBLO LEONES - UPL,0,0,Ministerio del Interior / portal oficial de datos abiertos,PRIMARY_OFFICIAL
2008,2008-03-09,19 - Guadalajara,UNION DEL PUEBLO NAVARRO EN COALICION CON EL PARTIDO POPULAR - UPN-PP,0,0,Ministerio del Interior / portal oficial de datos abiertos,PRIMARY_OFFICIAL
2008,2008-03-09,19 - Guadalajara,UNION POR LEGANES - ULEG,0,0,Ministerio del Interior / portal oficial de datos abiertos,PRIMARY_OFFICIAL
2008,2008-03-09,19 - Guadalajara,UNION PROGRESO Y DEMOCRACIA - UPD,0,0,Ministerio del Interior / portal oficial de datos abiertos,PRIMARY_OFFICIAL
2008,2008-03-09,19 - Guadalajara,UNION PROGRESO Y DEMOCRACIA - UPyD,2820,0,Ministerio del Interior / portal oficial de datos abiertos,PRIMARY_OFFICIAL
2008,2008-03-09,19 - Guadalajara,"UNION, PROGRESO Y DEMOCRACIA - UPyD",0,0,Ministerio del Interior / portal oficial de datos abiertos,PRIMARY_OFFICIAL
2008,2008-03-09,19 - Guadalajara,UNITAT PER LES ILLES - UNITAT PER LES ILLES,0,0,Ministerio del Interior / portal oficial de datos abiertos,PRIMARY_OFFICIAL
2008,2008-03-09,2 - Albacete,AGRUPACION CIUDADANA - AGRUCI,0,0,Ministerio del Interior / portal oficial de datos abiertos,PRIMARY_OFFICIAL
2008,2008-03-09,2 - Albacete,ALIANZA NACIONAL - A.u.N.,0,0,Ministerio del Interior / portal oficial de datos abiertos,PRIMARY_OFFICIAL
2008,2008-03-09,2 - Albacete,ALIANZA NACIONAL - AN,0,0,Ministerio del Interior / portal oficial de datos abiertos,PRIMARY_OFFICIAL
2008,2008-03-09,2 - Albacete,ALIANZA NACIONAL - AUN,0,0,Ministerio del Interior / portal oficial de datos abiertos,PRIMARY_OFFICIAL
2008,2008-03-09,2 - Albacete,ALIANZA NACIONAL - AuN,0,0,Ministerio del Interior / portal oficial de datos abiertos,PRIMARY_OFFICIAL
2008,2008-03-09,2 - Albacete,ALIANZA POR BURGOS - AxB,0,0,Ministerio del Interior / portal oficial de datos abiertos,PRIMARY_OFFICIAL
2008,2008-03-09,2 - Albacete,ALIANÇA BALEAR - ABA,0,0,Ministerio del Interior / portal oficial de datos abiertos,PRIMARY_OFFICIAL
2008,2008-03-09,2 - Albacete,ALTERNATIVA EN BLANCO - ABLA,0,0,Ministerio del Interior / portal oficial de datos abiertos,PRIMARY_OFFICIAL
2008,2008-03-09,2 - Albacete,ALTERNATIVA EN BLANCO - aBla,0,0,Ministerio del Interior / portal oficial de datos abiertos,PRIMARY_OFFICIAL
2008,2008-03-09,2 - Albacete,ALTERNATIVA ESPAÑOLA - AES,48,0,Ministerio del Interior / portal oficial de datos abiertos,PRIMARY_OFFICIAL
2008,2008-03-09,2 - Albacete,ALTERNATIVA MOTOR Y DEPORTE - A.M.D.,0,0,Ministerio del Interior / portal oficial de datos abiertos,PRIMARY_OFFICIAL
2008,2008-03-09,2 - Albacete,ALTERNATIVA MOTOR Y DEPORTES - A.M.D.,0,0,Ministerio del Interior / portal oficial de datos abiertos,PRIMARY_OFFICIAL
2008,2008-03-09,2 - Albacete,ALTERNATIVA MOTOR Y DEPORTES - AMD,0,0,Ministerio del Interior / portal oficial de datos abiertos,PRIMARY_OFFICIAL
2008,2008-03-09,2 - Albacete,ALTERNATIVA NACIONALISTA CANARIA - ANC,0,0,Ministerio del Interior / portal oficial de datos abiertos,PRIMARY_OFFICIAL
2008,2008-03-09,2 - Albacete,ANDECHA ASTUR - AA,0,0,Ministerio del Interior / portal oficial de datos abiertos,PRIMARY_OFFICIAL
2008,2008-03-09,2 - Albacete,ARALAR - aralar,0,0,Ministerio del Interior / portal oficial de datos abiertos,PRIMARY_OFFICIAL
2008,2008-03-09,2 - Albacete,ASAMBLEA DE VOTACION ELECTRONICA - AVE,0,0,Ministerio del Interior / portal oficial de datos abiertos,PRIMARY_OFFICIAL
2008,2008-03-09,2 - Albacete,BERDEAK-LOS VERDES - B-LV,0,0,Ministerio del Interior / portal oficial de datos abiertos,PRIMARY_OFFICIAL
2008,2008-03-09,2 - Albacete,BLOC-INICIATIVA-VERDS - BLOC-IDPV-EV-EE,0,0,Ministerio del Interior / portal oficial de datos abiertos,PRIMARY_OFFICIAL
2008,2008-03-09,2 - Albacete,BLOC-INICIATIVA-VERDS - BLOC-IdPV-EV-EE,0,0,Ministerio del Interior / portal oficial de datos abiertos,PRIMARY_OFFICIAL
2008,2008-03-09,2 - Albacete,BLOQUE NACIONALISTA GALEGO - B.N.G.,0,0,Ministerio del Interior / portal oficial de datos abiertos,PRIMARY_OFFICIAL
2008,2008-03-09,2 - Albacete,BLOQUE NACIONALISTA GALEGO - BNG,0,0,Ministerio del Interior / portal oficial de datos abiertos,PRIMARY_OFFICIAL
2008,2008-03-09,2 - Albacete,CENTRO DEMOCRATICO ESPAÑOL - C.D.Es.,0,0,Ministerio del Interior / portal oficial de datos abiertos,PRIMARY_OFFICIAL
2008,2008-03-09,2 - Albacete,CENTRO DEMOCRATICO ESPAÑOL - CDEs,0,0,Ministerio del Interior / portal oficial de datos abiertos,PRIMARY_OFFICIAL
2008,2008-03-09,2 - Albacete,CENTRO DEMOCRATICO LIBERAL - C.D.L.,0,0,Ministerio del Interior / portal oficial de datos abiertos,PRIMARY_OFFICIAL
2008,2008-03-09,2 - Albacete,CENTRO DEMOCRATICO LIBERAL - CDL,0,0,Ministerio del Interior / portal oficial de datos abiertos,PRIMARY_OFFICIAL
2008,2008-03-09,2 - Albacete,CENTRO DEMOCRATICO SOCIAL - C.D.S.,0,0,Ministerio del Interior / portal oficial de datos abiertos,PRIMARY_OFFICIAL
2008,2008-03-09,2 - Albacete,CENTRO DEMOCRATICO Y SOCIAL - CDS,0,0,Ministerio del Interior / portal oficial de datos abiertos,PRIMARY_OFFICIAL
2008,2008-03-09,2 - Albacete,CHUNTA ARAGONESISTA - CHA,0,0,Ministerio del Interior / portal oficial de datos abiertos,PRIMARY_OFFICIAL
2008,2008-03-09,2 - Albacete,CIUDADANOS EN BLANCO - CENB,0,0,Ministerio del Interior / portal oficial de datos abiertos,PRIMARY_OFFICIAL
2008,2008-03-09,2 - Albacete,CIUDADANOS EN BLANCO - CNB,0,0,Ministerio del Interior / portal oficial de datos abiertos,PRIMARY_OFFICIAL
2008,2008-03-09,2 - Albacete,CIUDADANOS EN BLANCO - CenB,0,0,Ministerio del Interior / portal oficial de datos abiertos,PRIMARY_OFFICIAL
2008,2008-03-09,2 - Albacete,CIUDADANOS EN BLANCO - Cenb,327,0,Ministerio del Interior / portal oficial de datos abiertos,PRIMARY_OFFICIAL
2008,2008-03-09,2 - Albacete,CIUDADANOS PARTIDO DE LA CIUDADANIA - C's,0,0,Ministerio del Interior / portal oficial de datos abiertos,PRIMARY_OFFICIAL
2008,2008-03-09,2 - Albacete,CIUDADANOS-PARTIDO DE LA CIUDADANIA - C's,151,0,Ministerio del Interior / portal oficial de datos abiertos,PRIMARY_OFFICIAL
2008,2008-03-09,2 - Albacete,"CIUDADANOS-PARTIDO DE LA CIUDADANIA - C,S",0,0,Ministerio del Interior / portal oficial de datos abiertos,PRIMARY_OFFICIAL
2008,2008-03-09,2 - Albacete,CIUTADANS-PARTIDO DE LA CIUDADANIA - C's,0,0,Ministerio del Interior / portal oficial de datos abiertos,PRIMARY_OFFICIAL
2008,2008-03-09,2 - Albacete,COALICIO TREBALLADORS PER LA DEMOCRACIA - TD,0,0,Ministerio del Interior / portal oficial de datos abiertos,PRIMARY_OFFICIAL
2008,2008-03-09,2 - Albacete,COALICIO VALENCIANA - CVa,0,0,Ministerio del Interior / portal oficial de datos abiertos,PRIMARY_OFFICIAL
2008,2008-03-09,2 - Albacete,COALICION ANDALUCISTA - CA,0,0,Ministerio del Interior / portal oficial de datos abiertos,PRIMARY_OFFICIAL
2008,2008-03-09,2 - Albacete,COALICION CANARIA-PARTIDO NACIONALISTA CANARIO - CC-PNC,0,0,Ministerio del Interior / portal oficial de datos abiertos,PRIMARY_OFFICIAL
2008,2008-03-09,2 - Albacete,COALICION CANARIA-PARTIDO NACIONALISTA CANARIO-PARTIDO DE INDEPENDIENTES DE LANZAROTE - CC-PNC-PIL,0,0,Ministerio del Interior / portal oficial de datos abiertos,PRIMARY_OFFICIAL
2008,2008-03-09,2 - Albacete,COMUNION TRADICIONALISTA CARLISTA - C.T.C.,0,0,Ministerio del Interior / portal oficial de datos abiertos,PRIMARY_OFFICIAL
2008,2008-03-09,2 - Albacete,COMUNION TRADICIONALISTA CARLISTA - CTC,0,0,Ministerio del Interior / portal oficial de datos abiertos,PRIMARY_OFFICIAL
2008,2008-03-09,2 - Albacete,CONVERGENCIA DEMOCRATICA ASTURIANA - CDAS,0,0,Ministerio del Interior / portal oficial de datos abiertos,PRIMARY_OFFICIAL
2008,2008-03-09,2 - Albacete,CONVERGENCIA I UNIO - CIU,0,0,Ministerio del Interior / portal oficial de datos abiertos,PRIMARY_OFFICIAL
2008,2008-03-09,2 - Albacete,CONVERGENCIA I UNIO - CiU,0,0,Ministerio del Interior / portal oficial de datos abiertos,PRIMARY_OFFICIAL
2008,2008-03-09,2 - Albacete,DEMOCRACIA NACIONAL - D.N.,0,0,Ministerio del Interior / portal oficial de datos abiertos,PRIMARY_OFFICIAL
2008,2008-03-09,2 - Albacete,DEMOCRACIA NACIONAL - DN,114,0,Ministerio del Interior / portal oficial de datos abiertos,PRIMARY_OFFICIAL
2008,2008-03-09,2 - Albacete,EI ESCONS INSUBMISOS-ALTERNATIVA DELS DEMOCRATES DESCONTENTS - Ei,0,0,Ministerio del Interior / portal oficial de datos abiertos,PRIMARY_OFFICIAL
2008,2008-03-09,2 - Albacete,ELS VERDS - L'ALTERNATIVA ECOLOGISTA - EV-AE,0,0,Ministerio del Interior / portal oficial de datos abiertos,PRIMARY_OFFICIAL
2008,2008-03-09,2 - Albacete,ELS VERDS-ALTERNATIVA VERDA - E.V.-A.V.,0,0,Ministerio del Interior / portal oficial de datos abiertos,PRIMARY_OFFICIAL
2008,2008-03-09,2 - Albacete,ELS VERDS-LOS VERDES - EV-LV,0,0,Ministerio del Interior / portal oficial de datos abiertos,PRIMARY_OFFICIAL
2008,2008-03-09,2 - Albacete,ESCONS INSUBMISOS ALTERNATIVA DELS DEMOCRATES DESCONTENTS - EI-ADD,0,0,Ministerio del Interior / portal oficial de datos abiertos,PRIMARY_OFFICIAL
2008,2008-03-09,2 - Albacete,ESCONS INSUBMISOS-ALTERNATIVA DELS DEMOCRATES DESCONTENTS - Ei,0,0,Ministerio del Interior / portal oficial de datos abiertos,PRIMARY_OFFICIAL
2008,2008-03-09,2 - Albacete,ESPAÑA 2000 - E-2000,117,0,Ministerio del Interior / portal oficial de datos abiertos,PRIMARY_OFFICIAL
2008,2008-03-09,2 - Albacete,ESPAÑA-2000 - E-2000,0,0,Ministerio del Interior / portal oficial de datos abiertos,PRIMARY_OFFICIAL
2008,2008-03-09,2 - Albacete,ESQUERDA UNIDA-IZQUIERDA UNIDA-ALTERNATIVA - EU-IU,0,0,Ministerio del Interior / portal oficial de datos abiertos,PRIMARY_OFFICIAL
2008,2008-03-09,2 - Albacete,ESQUERRA REPUBLICANA DE CATALUNYA - ESQUERRA,0,0,Ministerio del Interior / portal oficial de datos abiertos,PRIMARY_OFFICIAL
2008,2008-03-09,2 - Albacete,ESQUERRA REPUBLICANA DE CATALUNYA - esquerra,0,0,Ministerio del Interior / portal oficial de datos abiertos,PRIMARY_OFFICIAL
2008,2008-03-09,2 - Albacete,ESQUERRA REPUBLICANA DEL PAIS VALENCIA-PAIS VALENCIA SI - ESQUERRA-PV,0,0,Ministerio del Interior / portal oficial de datos abiertos,PRIMARY_OFFICIAL
2008,2008-03-09,2 - Albacete,"ESQUERRA REPUBLICANA DEL PAIS VALENCIA-PAIS VALENCIA, SI - ESQUERRA-PV",0,0,Ministerio del Interior / portal oficial de datos abiertos,PRIMARY_OFFICIAL
2008,2008-03-09,2 - Albacete,ESQUERRA UNIDA - ELS VERDS - EU-EV,0,0,Ministerio del Interior / portal oficial de datos abiertos,PRIMARY_OFFICIAL
2008,2008-03-09,2 - Albacete,ESQUERRA UNIDA DEL PAIS VALENCIA-IZQUIERDA REPUBLICANA: ESQUERRA UNIDA I REPUBLICANA - EUPV-IR,0,0,Ministerio del Interior / portal oficial de datos abiertos,PRIMARY_OFFICIAL
2008,2008-03-09,2 - Albacete,ESQUERRA UNIDA DEL PAIS VALENCIA-IZQUIERDA REPUBLICANA:ESQUERRA UNIDA I REPUBLICANA - EUPV-IR,0,0,Ministerio del Interior / portal oficial de datos abiertos,PRIMARY_OFFICIAL
2008,2008-03-09,2 - Albacete,EUSKO ALKARTASUNA - EA,0,0,Ministerio del Interior / portal oficial de datos abiertos,PRIMARY_OFFICIAL
2008,2008-03-09,2 - Albacete,EUZKO ALDERDI JELTZALEA-PARTIDO NACIONALISTA VASCO - EAJ-PNV,0,0,Ministerio del Interior / portal oficial de datos abiertos,PRIMARY_OFFICIAL
2008,2008-03-09,2 - Albacete,EXTREMADURA UNIDA - EXTREMADURA UNIDA,0,0,Ministerio del Interior / portal oficial de datos abiertos,PRIMARY_OFFICIAL
2008,2008-03-09,2 - Albacete,EZKER BATUA-BERDEAK-ALTERNATIVA - EB-B,0,0,Ministerio del Interior / portal oficial de datos abiertos,PRIMARY_OFFICIAL
2008,2008-03-09,2 - Albacete,FALANGE AUTENTICA - F.A.,51,0,Ministerio del Interior / portal oficial de datos abiertos,PRIMARY_OFFICIAL
2008,2008-03-09,2 - Albacete,FALANGE AUTENTICA - FA,0,0,Ministerio del Interior / portal oficial de datos abiertos,PRIMARY_OFFICIAL
2008,2008-03-09,2 - Albacete,FALANGE ESPAÑOLA DE LA JONS - FE de las JONS,137,0,Ministerio del Interior / portal oficial de datos abiertos,PRIMARY_OFFICIAL
2008,2008-03-09,2 - Albacete,FALANGE ESPAÑOLA DE LAS J.O.N.S. - F.E. de las J.O.N.S.,0,0,Ministerio del Interior / portal oficial de datos abiertos,PRIMARY_OFFICIAL
2008,2008-03-09,2 - Albacete,FALANGE ESPAÑOLA DE LAS J.O.N.S. - FE de las JONS,0,0,Ministerio del Interior / portal oficial de datos abiertos,PRIMARY_OFFICIAL
2008,2008-03-09,2 - Albacete,FALANGE ESPAÑOLA DE LAS J.O.N.S. - FE-JONS,0,0,Ministerio del Interior / portal oficial de datos abiertos,PRIMARY_OFFICIAL
2008,2008-03-09,2 - Albacete,FALANGE ESPAÑOLA DE LAS JONS - F.E. de las J.O.N.S.,0,0,Ministerio del Interior / portal oficial de datos abiertos,PRIMARY_OFFICIAL
2008,2008-03-09,2 - Albacete,FALANGE ESPAÑOLA DE LAS JONS - FE DE LAS JONS,0,0,Ministerio del Interior / portal oficial de datos abiertos,PRIMARY_OFFICIAL
2008,2008-03-09,2 - Albacete,FALANGE ESPAÑOLA DE LAS JONS - FE de las JONS,0,0,Ministerio del Interior / portal oficial de datos abiertos,PRIMARY_OFFICIAL
2008,2008-03-09,2 - Albacete,FALANGE ESPAÑOLA DE LAS JONS - FE-JONS,0,0,Ministerio del Interior / portal oficial de datos abiertos,PRIMARY_OFFICIAL
2008,2008-03-09,2 - Albacete,FAMILIA I VIDA - PFiV,0,0,Ministerio del Interior / portal oficial de datos abiertos,PRIMARY_OFFICIAL
2008,2008-03-09,2 - Albacete,FAMILIA Y VIDA - PFyV,0,0,Ministerio del Interior / portal oficial de datos abiertos,PRIMARY_OFFICIAL
2008,2008-03-09,2 - Albacete,FRENTE ESPAÑOL - F.E,0,0,Ministerio del Interior / portal oficial de datos abiertos,PRIMARY_OFFICIAL
2008,2008-03-09,2 - Albacete,FRENTE ESPAÑOL - F.E.,0,0,Ministerio del Interior / portal oficial de datos abiertos,PRIMARY_OFFICIAL
2008,2008-03-09,2 - Albacete,FRENTE ESPAÑOL - FRENTE,0,0,Ministerio del Interior / portal oficial de datos abiertos,PRIMARY_OFFICIAL
2008,2008-03-09,2 - Albacete,GENTES DE EL BIERZO - PB-UB,0,0,Ministerio del Interior / portal oficial de datos abiertos,PRIMARY_OFFICIAL
2008,2008-03-09,2 - Albacete,IDENTITAT REGNE DE VALENCIA - IRV,0,0,Ministerio del Interior / portal oficial de datos abiertos,PRIMARY_OFFICIAL
2008,2008-03-09,2 - Albacete,INDEPENDIENTES POR CUENCA - ixC,0,0,Ministerio del Interior / portal oficial de datos abiertos,PRIMARY_OFFICIAL
2008,2008-03-09,2 - Albacete,INICIATIVA CIUDADANA BURGALESA - I.C.Bur,0,0,Ministerio del Interior / portal oficial de datos abiertos,PRIMARY_OFFICIAL
2008,2008-03-09,2 - Albacete,INICIATIVA MERINDADES DE CASTILLA - I.M.C.,0,0,Ministerio del Interior / portal oficial de datos abiertos,PRIMARY_OFFICIAL
2008,2008-03-09,2 - Albacete,INICIATIVA PER CATALUNYA VERDS - ESQUERRA UNIDA I ALTERNATIVA - ICV-EUiA,0,0,Ministerio del Interior / portal oficial de datos abiertos,PRIMARY_OFFICIAL
2008,2008-03-09,2 - Albacete,INICIATIVA PER CATALUNYA VERDS-ESQUERRA UNIDA I ALTERNATIVA - ICV-EUiA,0,0,Ministerio del Interior / portal oficial de datos abiertos,PRIMARY_OFFICIAL
2008,2008-03-09,2 - Albacete,IZQUIERDA REPUBLICANA - IR,0,0,Ministerio del Interior / portal oficial de datos abiertos,PRIMARY_OFFICIAL
2008,2008-03-09,2 - Albacete,IZQUIERDA REPUBLICANA-PARTIT REPUBLICA D'ESQUERRA - IR-PRE,0,0,Ministerio del Interior / portal oficial de datos abiertos,PRIMARY_OFFICIAL
2008,2008-03-09,2 - Albacete,IZQUIERDA UNIDA - BLOQUE POR ASTURIES - LOS VERDES - IU-B.A-LOS VERDES,0,0,Ministerio del Interior / portal oficial de datos abiertos,PRIMARY_OFFICIAL
2008,2008-03-09,2 - Albacete,IZQUIERDA UNIDA CANARIA-ALTERNATIVA - IUC,0,0,Ministerio del Interior / portal oficial de datos abiertos,PRIMARY_OFFICIAL
2008,2008-03-09,2 - Albacete,IZQUIERDA UNIDA COMUNIDAD DE MADRID-ALTERNATIVA - IU-CM.,0,0,Ministerio del Interior / portal oficial de datos abiertos,PRIMARY_OFFICIAL
2008,2008-03-09,2 - Albacete,IZQUIERDA UNIDA DE CEUTA - I.U.,0,0,Ministerio del Interior / portal oficial de datos abiertos,PRIMARY_OFFICIAL
2008,2008-03-09,2 - Albacete,IZQUIERDA UNIDA DE LA REGION DE MURCIA-ALTERNATIVA - I.U.R.M.,0,0,Ministerio del Interior / portal oficial de datos abiertos,PRIMARY_OFFICIAL
2008,2008-03-09,2 - Albacete,IZQUIERDA UNIDA DE NAVARRA - NAFARROAKO EZKER BATUA - ALTERNATIVA - IUN-NEB,0,0,Ministerio del Interior / portal oficial de datos abiertos,PRIMARY_OFFICIAL
2008,2008-03-09,2 - Albacete,IZQUIERDA UNIDA LOS VERDES CONVOCATORIA POR ANDALUCIA-ALTERNATIVA - IULV-CA,0,0,Ministerio del Interior / portal oficial de datos abiertos,PRIMARY_OFFICIAL
2008,2008-03-09,2 - Albacete,IZQUIERDA UNIDA LOS VERDES-CONVOCATORIA POR ANDALUCIA - ALTERNATIVA - IULV-CA,0,0,Ministerio del Interior / portal oficial de datos abiertos,PRIMARY_OFFICIAL
2008,2008-03-09,2 - Albacete,IZQUIERDA UNIDA LOS VERDES-CONVOCATORIA POR ANDALUCIA-ALTERNATIVA - IULV-CA,0,0,Ministerio del Interior / portal oficial de datos abiertos,PRIMARY_OFFICIAL
2008,2008-03-09,2 - Albacete,IZQUIERDA UNIDA-ALTERNATIVA - I.U.,0,0,Ministerio del Interior / portal oficial de datos abiertos,PRIMARY_OFFICIAL
2008,2008-03-09,2 - Albacete,IZQUIERDA UNIDA-ALTERNATIVA - IU,8104,0,Ministerio del Interior / portal oficial de datos abiertos,PRIMARY_OFFICIAL
2008,2008-03-09,2 - Albacete,LLUITA INTERNACIONALISTA - (LI(LIT-CI)),0,0,Ministerio del Interior / portal oficial de datos abiertos,PRIMARY_OFFICIAL
2008,2008-03-09,2 - Albacete,LLUITA INTERNACIONALISTA - L.I.(LIT-CI),0,0,Ministerio del Interior / portal oficial de datos abiertos,PRIMARY_OFFICIAL
2008,2008-03-09,2 - Albacete,LLUITA INTERNACIONALISTA - LI-LITCI,0,0,Ministerio del Interior / portal oficial de datos abiertos,PRIMARY_OFFICIAL
2008,2008-03-09,2 - Albacete,LOS VERDES - LOS VERDES,0,0,Ministerio del Interior / portal oficial de datos abiertos,PRIMARY_OFFICIAL
2008,2008-03-09,2 - Albacete,LOS VERDES - LV,0,0,Ministerio del Interior / portal oficial de datos abiertos,PRIMARY_OFFICIAL
2008,2008-03-09,2 - Albacete,LOS VERDES - VERDES,0,0,Ministerio del Interior / portal oficial de datos abiertos,PRIMARY_OFFICIAL
2008,2008-03-09,2 - Albacete,LOS VERDES COMUNIDAD DE MADRID-LOS VERDES DE EUROPA - LVCM-LVE,0,0,Ministerio del Interior / portal oficial de datos abiertos,PRIMARY_OFFICIAL
2008,2008-03-09,2 - Albacete,LOS VERDES DE EUROPA - LOS VERDES DE EUROPA,0,0,Ministerio del Interior / portal oficial de datos abiertos,PRIMARY_OFFICIAL
2008,2008-03-09,2 - Albacete,LOS VERDES DE EUROPA - LVE,0,0,Ministerio del Interior / portal oficial de datos abiertos,PRIMARY_OFFICIAL
2008,2008-03-09,2 - Albacete,LOS VERDES DE EXTREMADURA - LV,0,0,Ministerio del Interior / portal oficial de datos abiertos,PRIMARY_OFFICIAL
2008,2008-03-09,2 - Albacete,LOS VERDES-ELS VERDS - LV-EV,0,0,Ministerio del Interior / portal oficial de datos abiertos,PRIMARY_OFFICIAL
2008,2008-03-09,2 - Albacete,LOS VERDES-GRUPO VERDE - L.V.,0,0,Ministerio del Interior / portal oficial de datos abiertos,PRIMARY_OFFICIAL
2008,2008-03-09,2 - Albacete,LOS VERDES-GRUPO VERDE - LV,0,0,Ministerio del Interior / portal oficial de datos abiertos,PRIMARY_OFFICIAL
2008,2008-03-09,2 - Albacete,LOS VERDES-GRUPO VERDE - LV-GV,0,0,Ministerio del Interior / portal oficial de datos abiertos,PRIMARY_OFFICIAL
2008,2008-03-09,2 - Albacete,LUCHA INTERNACIONALISTA - LI-LITCI,0,0,Ministerio del Interior / portal oficial de datos abiertos,PRIMARY_OFFICIAL
2008,2008-03-09,2 - Albacete,MOVIMIENTO FALANGISTA DE ESPAÑA - M.F.E.,0,0,Ministerio del Interior / portal oficial de datos abiertos,PRIMARY_OFFICIAL
2008,2008-03-09,2 - Albacete,MOVIMIENTO POR LA UNIDAD DEL PUEBLO CANARIO - MUPC,0,0,Ministerio del Interior / portal oficial de datos abiertos,PRIMARY_OFFICIAL
2008,2008-03-09,2 - Albacete,NAFARROA BAI - NA-BAI,0,0,Ministerio del Interior / portal oficial de datos abiertos,PRIMARY_OFFICIAL
2008,2008-03-09,2 - Albacete,NOSALTRES SOM - N som,0,0,Ministerio del Interior / portal oficial de datos abiertos,PRIMARY_OFFICIAL
2008,2008-03-09,2 - Albacete,NUEVA CANARIAS-CENTRO CANARIO - NC-CCN,0,0,Ministerio del Interior / portal oficial de datos abiertos,PRIMARY_OFFICIAL
2008,2008-03-09,2 - Albacete,OPCIO NACIONALISTA VALENCIANA - O.N.V.,0,0,Ministerio del Interior / portal oficial de datos abiertos,PRIMARY_OFFICIAL
2008,2008-03-09,2 - Albacete,OPCIO NACIONALISTA VALENCIANA - ONV,0,0,Ministerio del Interior / portal oficial de datos abiertos,PRIMARY_OFFICIAL
2008,2008-03-09,2 - Albacete,OS VERDES - GRUPO VERDE - OV,0,0,Ministerio del Interior / portal oficial de datos abiertos,PRIMARY_OFFICIAL
2008,2008-03-09,2 - Albacete,PARTIDO ALTERNATIVA MOTOR Y DEPORTES - A.M.D.,0,0,Ministerio del Interior / portal oficial de datos abiertos,PRIMARY_OFFICIAL
2008,2008-03-09,2 - Albacete,PARTIDO ANTITAURINO CONTRA EL MALTRATO ANIMAL - P.A.C.M.A,0,0,Ministerio del Interior / portal oficial de datos abiertos,PRIMARY_OFFICIAL
2008,2008-03-09,2 - Albacete,PARTIDO ANTITAURINO CONTRA EL MALTRATO ANIMAL - P.A.C.M.A.,443,0,Ministerio del Interior / portal oficial de datos abiertos,PRIMARY_OFFICIAL
2008,2008-03-09,2 - Albacete,PARTIDO ANTITAURINO CONTRA EL MALTRATO ANIMAL - PACMA,0,0,Ministerio del Interior / portal oficial de datos abiertos,PRIMARY_OFFICIAL
2008,2008-03-09,2 - Albacete,PARTIDO ARAGONES - PAR,0,0,Ministerio del Interior / portal oficial de datos abiertos,PRIMARY_OFFICIAL
2008,2008-03-09,2 - Albacete,PARTIDO CARLISTA - P.C.,0,0,Ministerio del Interior / portal oficial de datos abiertos,PRIMARY_OFFICIAL
2008,2008-03-09,2 - Albacete,PARTIDO CARLISTA - PARTIDO CARLISTA,0,0,Ministerio del Interior / portal oficial de datos abiertos,PRIMARY_OFFICIAL
2008,2008-03-09,2 - Albacete,PARTIDO CARLISTA - PC,0,0,Ministerio del Interior / portal oficial de datos abiertos,PRIMARY_OFFICIAL
2008,2008-03-09,2 - Albacete,PARTIDO CARLISTA DE EUSKALERRIA-PARTIDO CARLISTA - EKA-PC.,0,0,Ministerio del Interior / portal oficial de datos abiertos,PRIMARY_OFFICIAL
2008,2008-03-09,2 - Albacete,PARTIDO CARLISTA DE EUSKALHERRIA-EUSKALHERRIKO KARLISTA ALDERDIA - PARTIDO CARLISTA-EKA,0,0,Ministerio del Interior / portal oficial de datos abiertos,PRIMARY_OFFICIAL
2008,2008-03-09,2 - Albacete,PARTIDO CENTRISTA - PCTR,0,0,Ministerio del Interior / portal oficial de datos abiertos,PRIMARY_OFFICIAL
2008,2008-03-09,2 - Albacete,PARTIDO CENTRISTAS - Centristas PCTR,0,0,Ministerio del Interior / portal oficial de datos abiertos,PRIMARY_OFFICIAL
2008,2008-03-09,2 - Albacete,PARTIDO CENTRISTAS - PCTR,0,0,Ministerio del Interior / portal oficial de datos abiertos,PRIMARY_OFFICIAL
2008,2008-03-09,2 - Albacete,PARTIDO CIUDADANOS UNIDOS DE ARAGON - pCUA,0,0,Ministerio del Interior / portal oficial de datos abiertos,PRIMARY_OFFICIAL
2008,2008-03-09,2 - Albacete,PARTIDO COMUNISTA DE LOS PUEBLOS DE ESPAÑA - P.C.P.E.,0,0,Ministerio del Interior / portal oficial de datos abiertos,PRIMARY_OFFICIAL
2008,2008-03-09,2 - Albacete,PARTIDO COMUNISTA DE LOS PUEBLOS DE ESPAÑA - P.C.P.E.-E.K.,0,0,Ministerio del Interior / portal oficial de datos abiertos,PRIMARY_OFFICIAL
2008,2008-03-09,2 - Albacete,PARTIDO COMUNISTA DE LOS PUEBLOS DE ESPAÑA - PCPE,153,0,Ministerio del Interior / portal oficial de datos abiertos,PRIMARY_OFFICIAL
2008,2008-03-09,2 - Albacete,PARTIDO COMUNISTA DE LOS PUEBLOS DE ESPAÑA-EUSKAL KOMUNISTAK - PCPE - EK,0,0,Ministerio del Interior / portal oficial de datos abiertos,PRIMARY_OFFICIAL
2008,2008-03-09,2 - Albacete,PARTIDO COMUNISTA DEL PUEBLO CANARIO - PCPE,0,0,Ministerio del Interior / portal oficial de datos abiertos,PRIMARY_OFFICIAL
2008,2008-03-09,2 - Albacete,PARTIDO COMUNISTA DEL PUEBLO CASTELLANO - PCPE,0,0,Ministerio del Interior / portal oficial de datos abiertos,PRIMARY_OFFICIAL
2008,2008-03-09,2 - Albacete,PARTIDO COMUNISTA DEL PUEBLO CASTELLANO-PCPE - PCPE,0,0,Ministerio del Interior / portal oficial de datos abiertos,PRIMARY_OFFICIAL
2008,2008-03-09,2 - Albacete,PARTIDO COMUNISTA DEL PUEBLO DE CATALUNYA - PCPC,0,0,Ministerio del Interior / portal oficial de datos abiertos,PRIMARY_OFFICIAL
2008,2008-03-09,2 - Albacete,PARTIDO COMUNISTA DEL PUEBLO DE CATALUÑA - PCPC,0,0,Ministerio del Interior / portal oficial de datos abiertos,PRIMARY_OFFICIAL
2008,2008-03-09,2 - Albacete,PARTIDO COMUNISTA DO POBO GALEGO - PCPG,0,0,Ministerio del Interior / portal oficial de datos abiertos,PRIMARY_OFFICIAL
2008,2008-03-09,2 - Albacete,PARTIDO COMUNISTA DO POVO GALEGO - P.C.P.G.,0,0,Ministerio del Interior / portal oficial de datos abiertos,PRIMARY_OFFICIAL
2008,2008-03-09,2 - Albacete,PARTIDO COMUNISTA PUEBLOS DE ESPAÑA - PCPE,0,0,Ministerio del Interior / portal oficial de datos abiertos,PRIMARY_OFFICIAL
2008,2008-03-09,2 - Albacete,PARTIDO DE ALIANZA IBEROAMERICANA EUROPEA - PAIE,0,0,Ministerio del Interior / portal oficial de datos abiertos,PRIMARY_OFFICIAL
2008,2008-03-09,2 - Albacete,PARTIDO DE ALMERIA - PdeAL,0,0,Ministerio del Interior / portal oficial de datos abiertos,PRIMARY_OFFICIAL
2008,2008-03-09,2 - Albacete,PARTIDO DE LAS LIBERTADES CIVILES - PLCI,0,0,Ministerio del Interior / portal oficial de datos abiertos,PRIMARY_OFFICIAL
2008,2008-03-09,2 - Albacete,PARTIDO DE LOS NO-FUMADORES - PNF (NO-FUMADORES),0,0,Ministerio del Interior / portal oficial de datos abiertos,PRIMARY_OFFICIAL
2008,2008-03-09,2 - Albacete,PARTIDO DE LOS PENSIONISTAS EN ACCION - PDLPEA,0,0,Ministerio del Interior / portal oficial de datos abiertos,PRIMARY_OFFICIAL
2008,2008-03-09,2 - Albacete,PARTIDO DOS SOCIALISTAS DE GALICIA-PARTIDO SOCIALISTA OBRERO ESPAÑOL - PSdeG-PSOE,0,0,Ministerio del Interior / portal oficial de datos abiertos,PRIMARY_OFFICIAL
2008,2008-03-09,2 - Albacete,PARTIDO DOS SOCIALISTAS DE GALICIA-PSOE - PSdeG-PSOE,0,0,Ministerio del Interior / portal oficial de datos abiertos,PRIMARY_OFFICIAL
2008,2008-03-09,2 - Albacete,PARTIDO FAMILIA Y VIDA - PFyV,130,0,Ministerio del Interior / portal oficial de datos abiertos,PRIMARY_OFFICIAL
2008,2008-03-09,2 - Albacete,PARTIDO HACHE - PHache,0,0,Ministerio del Interior / portal oficial de datos abiertos,PRIMARY_OFFICIAL
2008,2008-03-09,2 - Albacete,PARTIDO HUMANISTA - P.H.,0,0,Ministerio del Interior / portal oficial de datos abiertos,PRIMARY_OFFICIAL
2008,2008-03-09,2 - Albacete,PARTIDO HUMANISTA - PH,120,0,Ministerio del Interior / portal oficial de datos abiertos,PRIMARY_OFFICIAL
2008,2008-03-09,2 - Albacete,PARTIDO IZQUIERDA REPUBLICANA-PARTIT REPUBLICA D'ESQUERRA - IR-PRE,0,0,Ministerio del Interior / portal oficial de datos abiertos,PRIMARY_OFFICIAL
2008,2008-03-09,2 - Albacete,PARTIDO LIBERAL DEL EMPLEO Y LA VIVIENDA ESTATAL - P.L.E.V.E.,0,0,Ministerio del Interior / portal oficial de datos abiertos,PRIMARY_OFFICIAL
2008,2008-03-09,2 - Albacete,PARTIDO LIBERTADES CIVILES - PLCI,0,0,Ministerio del Interior / portal oficial de datos abiertos,PRIMARY_OFFICIAL
2008,2008-03-09,2 - Albacete,PARTIDO OBRERO SOCIALISTA INTERNACIONALISTA - P.O.S.I.,0,0,Ministerio del Interior / portal oficial de datos abiertos,PRIMARY_OFFICIAL
2008,2008-03-09,2 - Albacete,PARTIDO OBRERO SOCIALISTA INTERNACIONALISTA - POSI,0,0,Ministerio del Interior / portal oficial de datos abiertos,PRIMARY_OFFICIAL
2008,2008-03-09,2 - Albacete,PARTIDO POLITICO ARALAR - aralar,0,0,Ministerio del Interior / portal oficial de datos abiertos,PRIMARY_OFFICIAL
2008,2008-03-09,2 - Albacete,PARTIDO POPULAR - P.P.,113609,2,Ministerio del Interior / portal oficial de datos abiertos,PRIMARY_OFFICIAL
2008,2008-03-09,2 - Albacete,PARTIDO POPULAR - PP,0,0,Ministerio del Interior / portal oficial de datos abiertos,PRIMARY_OFFICIAL
2008,2008-03-09,2 - Albacete,PARTIDO POPULAR/PARTIT POPULAR - PP,0,0,Ministerio del Interior / portal oficial de datos abiertos,PRIMARY_OFFICIAL
2008,2008-03-09,2 - Albacete,PARTIDO POR UN MUNDO MAS JUSTO - PUM+J,0,0,Ministerio del Interior / portal oficial de datos abiertos,PRIMARY_OFFICIAL
2008,2008-03-09,2 - Albacete,PARTIDO POSITIVISTA CRISTIANO - PPCr,0,0,Ministerio del Interior / portal oficial de datos abiertos,PRIMARY_OFFICIAL
2008,2008-03-09,2 - Albacete,PARTIDO REGIONALISTA DE GUADALAJARA - P.R.GU.,0,0,Ministerio del Interior / portal oficial de datos abiertos,PRIMARY_OFFICIAL
2008,2008-03-09,2 - Albacete,PARTIDO REGIONALISTA DEL PAIS LEONES - PREPAL,0,0,Ministerio del Interior / portal oficial de datos abiertos,PRIMARY_OFFICIAL
2008,2008-03-09,2 - Albacete,PARTIDO RIOJANO - PARTIDO RIOJANO,0,0,Ministerio del Interior / portal oficial de datos abiertos,PRIMARY_OFFICIAL
2008,2008-03-09,2 - Albacete,PARTIDO SOCIAL DEMOCRATA - P.S.D.,0,0,Ministerio del Interior / portal oficial de datos abiertos,PRIMARY_OFFICIAL
2008,2008-03-09,2 - Albacete,PARTIDO SOCIAL DEMOCRATA - PSD,377,0,Ministerio del Interior / portal oficial de datos abiertos,PRIMARY_OFFICIAL
2008,2008-03-09,2 - Albacete,PARTIDO SOCIAL DEMOCRATA-FEDERACION DE LOS INDEPENDIENTES DE ARAGON - PSD-FIA,0,0,Ministerio del Interior / portal oficial de datos abiertos,PRIMARY_OFFICIAL
2008,2008-03-09,2 - Albacete,PARTIDO SOCIALISTA DE EUSKADI-EUSKADIKO EZKERRA (PSOE) - PSE-EE (PSOE),0,0,Ministerio del Interior / portal oficial de datos abiertos,PRIMARY_OFFICIAL
2008,2008-03-09,2 - Albacete,PARTIDO SOCIALISTA DE EUSKADI-EUSKADIKO EZKERRA - PSE-EE (PSOE),0,0,Ministerio del Interior / portal oficial de datos abiertos,PRIMARY_OFFICIAL
2008,2008-03-09,2 - Albacete,PARTIDO SOCIALISTA OBRERO ESPAÑOL - P.S.O.E.,0,0,Ministerio del Interior / portal oficial de datos abiertos,PRIMARY_OFFICIAL
2008,2008-03-09,2 - Albacete,PARTIDO SOCIALISTA OBRERO ESPAÑOL - PSOE,109682,2,Ministerio del Interior / portal oficial de datos abiertos,PRIMARY_OFFICIAL
2008,2008-03-09,2 - Albacete,PARTIDO SOCIALISTA OBRERO ESPAÑOL DE ANDALUCIA - PSOE-A,0,0,Ministerio del Interior / portal oficial de datos abiertos,PRIMARY_OFFICIAL
2008,2008-03-09,2 - Albacete,PARTIDO SOLIDARIDAD Y AUTOGESTION INTERNACIONALISTA - SAIN,0,0,Ministerio del Interior / portal oficial de datos abiertos,PRIMARY_OFFICIAL
2008,2008-03-09,2 - Albacete,PARTIDO UNIONISTA ESTADO DE ESPAÑA - P.U.E.D.E.,0,0,Ministerio del Interior / portal oficial de datos abiertos,PRIMARY_OFFICIAL
2008,2008-03-09,2 - Albacete,PARTIDO UNIONISTA ESTADO DE ESPAÑA - PUEDE,0,0,Ministerio del Interior / portal oficial de datos abiertos,PRIMARY_OFFICIAL
2008,2008-03-09,2 - Albacete,PARTIT ANTITAURI CONTRA EL MALTRACTAMENT ANIMAL - P.A.C.M.A.,0,0,Ministerio del Interior / portal oficial de datos abiertos,PRIMARY_OFFICIAL
2008,2008-03-09,2 - Albacete,PARTIT ANTITAURI CONTRA EL MALTRACTAMENT ANIMAL - PACMA,0,0,Ministerio del Interior / portal oficial de datos abiertos,PRIMARY_OFFICIAL
2008,2008-03-09,2 - Albacete,PARTIT CARLI DE CATALUNYA - P. C. de C.,0,0,Ministerio del Interior / portal oficial de datos abiertos,PRIMARY_OFFICIAL
2008,2008-03-09,2 - Albacete,PARTIT CARLI DE CATALUNYA - PCaC,0,0,Ministerio del Interior / portal oficial de datos abiertos,PRIMARY_OFFICIAL
2008,2008-03-09,2 - Albacete,PARTIT COMUNISTA DEL POBLE DE CATALUNYA - P.C.P.C.,0,0,Ministerio del Interior / portal oficial de datos abiertos,PRIMARY_OFFICIAL
2008,2008-03-09,2 - Albacete,PARTIT COMUNISTA DELS POBLES D'ESPANYA - PCPE,0,0,Ministerio del Interior / portal oficial de datos abiertos,PRIMARY_OFFICIAL
2008,2008-03-09,2 - Albacete,PARTIT DELS SOCIALISTES DE CATALUNYA - PSC (PSC-PSOE),0,0,Ministerio del Interior / portal oficial de datos abiertos,PRIMARY_OFFICIAL
2008,2008-03-09,2 - Albacete,PARTIT DELS SOCIALISTES DE CATALUNYA - PSC-PSOE,0,0,Ministerio del Interior / portal oficial de datos abiertos,PRIMARY_OFFICIAL
2008,2008-03-09,2 - Albacete,PARTIT FAMILIA I VIDA - PFiV,0,0,Ministerio del Interior / portal oficial de datos abiertos,PRIMARY_OFFICIAL
2008,2008-03-09,2 - Albacete,PARTIT HUMANISTA - P.H.,0,0,Ministerio del Interior / portal oficial de datos abiertos,PRIMARY_OFFICIAL
2008,2008-03-09,2 - Albacete,PARTIT HUMANISTA - PH,0,0,Ministerio del Interior / portal oficial de datos abiertos,PRIMARY_OFFICIAL
2008,2008-03-09,2 - Albacete,PARTIT HUMANISTA DE CATALUNYA - PH,0,0,Ministerio del Interior / portal oficial de datos abiertos,PRIMARY_OFFICIAL
2008,2008-03-09,2 - Albacete,PARTIT ILLENC DE SES ILLES BALEARS - PIIB,0,0,Ministerio del Interior / portal oficial de datos abiertos,PRIMARY_OFFICIAL
2008,2008-03-09,2 - Albacete,PARTIT OBRER SOCIALISTA INTERNACIONALISTA - P.O.S.I.,0,0,Ministerio del Interior / portal oficial de datos abiertos,PRIMARY_OFFICIAL
2008,2008-03-09,2 - Albacete,PARTIT OBRER SOCIALISTA INTERNACIONALISTA - POSI,0,0,Ministerio del Interior / portal oficial de datos abiertos,PRIMARY_OFFICIAL
2008,2008-03-09,2 - Albacete,PARTIT PER CATALUNYA - PxCat,0,0,Ministerio del Interior / portal oficial de datos abiertos,PRIMARY_OFFICIAL
2008,2008-03-09,2 - Albacete,PARTIT POPULAR/PARTIDO POPULAR - P.P.,0,0,Ministerio del Interior / portal oficial de datos abiertos,PRIMARY_OFFICIAL
2008,2008-03-09,2 - Albacete,PARTIT REPUBLICA CATALA - RC,0,0,Ministerio del Interior / portal oficial de datos abiertos,PRIMARY_OFFICIAL
2008,2008-03-09,2 - Albacete,PER LA REPUBLICA VALENCIANA - PLRV,0,0,Ministerio del Interior / portal oficial de datos abiertos,PRIMARY_OFFICIAL
2008,2008-03-09,2 - Albacete,PER LA REPUBLICA VALENCIANA - plRV,0,0,Ministerio del Interior / portal oficial de datos abiertos,PRIMARY_OFFICIAL
2008,2008-03-09,2 - Albacete,POR UN MUNDO MAS JUSTO - PUM+J,372,0,Ministerio del Interior / portal oficial de datos abiertos,PRIMARY_OFFICIAL
2008,2008-03-09,2 - Albacete,REPRESENTACION CANNABICA NAVARRA - RCN-NOK,0,0,Ministerio del Interior / portal oficial de datos abiertos,PRIMARY_OFFICIAL
2008,2008-03-09,2 - Albacete,SOLIDARIDAD Y AUTOGESTION INTERNACIONALISTA - SAIN,0,0,Ministerio del Interior / portal oficial de datos abiertos,PRIMARY_OFFICIAL
2008,2008-03-09,2 - Albacete,SOLIDARIDAD Y AUTOGESTION INTERNACIONALISTA - SAIn,0,0,Ministerio del Interior / portal oficial de datos abiertos,PRIMARY_OFFICIAL
2008,2008-03-09,2 - Albacete,TIERRA COMUNERA - TC,79,0,Ministerio del Interior / portal oficial de datos abiertos,PRIMARY_OFFICIAL
2008,2008-03-09,2 - Albacete,UNIDA - UNIDA,0,0,Ministerio del Interior / portal oficial de datos abiertos,PRIMARY_OFFICIAL
2008,2008-03-09,2 - Albacete,UNIDAD CASTELLANA - Ud. Ca.,0,0,Ministerio del Interior / portal oficial de datos abiertos,PRIMARY_OFFICIAL
2008,2008-03-09,2 - Albacete,UNIDAD DEL PUEBLO - UNIDAD DEL PUEBLO,0,0,Ministerio del Interior / portal oficial de datos abiertos,PRIMARY_OFFICIAL
2008,2008-03-09,2 - Albacete,UNIDAD REGIONALISTA DE CASTILLA Y LEON - U.R.C.L.,0,0,Ministerio del Interior / portal oficial de datos abiertos,PRIMARY_OFFICIAL
2008,2008-03-09,2 - Albacete,UNION CENTRISTA LIBERAL - UCL,0,0,Ministerio del Interior / portal oficial de datos abiertos,PRIMARY_OFFICIAL
2008,2008-03-09,2 - Albacete,UNION CIUDADANA PROGRESISTAS INDEPENDIENTES DE CANARIAS - UCPIC,0,0,Ministerio del Interior / portal oficial de datos abiertos,PRIMARY_OFFICIAL
2008,2008-03-09,2 - Albacete,UNION DEL PUEBLO LEONES - UPL,0,0,Ministerio del Interior / portal oficial de datos abiertos,PRIMARY_OFFICIAL
2008,2008-03-09,2 - Albacete,UNION DEL PUEBLO NAVARRO EN COALICION CON EL PARTIDO POPULAR - UPN-PP,0,0,Ministerio del Interior / portal oficial de datos abiertos,PRIMARY_OFFICIAL
2008,2008-03-09,2 - Albacete,UNION POR LEGANES - ULEG,0,0,Ministerio del Interior / portal oficial de datos abiertos,PRIMARY_OFFICIAL
2008,2008-03-09,2 - Albacete,UNION PROGRESO Y DEMOCRACIA - UPD,3078,0,Ministerio del Interior / portal oficial de datos abiertos,PRIMARY_OFFICIAL
2008,2008-03-09,2 - Albacete,UNION PROGRESO Y DEMOCRACIA - UPyD,0,0,Ministerio del Interior / portal oficial de datos abiertos,PRIMARY_OFFICIAL
2008,2008-03-09,2 - Albacete,"UNION, PROGRESO Y DEMOCRACIA - UPyD",0,0,Ministerio del Interior / portal oficial de datos abiertos,PRIMARY_OFFICIAL
2008,2008-03-09,2 - Albacete,UNITAT PER LES ILLES - UNITAT PER LES ILLES,0,0,Ministerio del Interior / portal oficial de datos abiertos,PRIMARY_OFFICIAL
2008,2008-03-09,20 - Gipuzkoa,AGRUPACION CIUDADANA - AGRUCI,0,0,Ministerio del Interior / portal oficial de datos abiertos,PRIMARY_OFFICIAL
2008,2008-03-09,20 - Gipuzkoa,ALIANZA NACIONAL - A.u.N.,0,0,Ministerio del Interior / portal oficial de datos abiertos,PRIMARY_OFFICIAL
2008,2008-03-09,20 - Gipuzkoa,ALIANZA NACIONAL - AN,0,0,Ministerio del Interior / portal oficial de datos abiertos,PRIMARY_OFFICIAL
2008,2008-03-09,20 - Gipuzkoa,ALIANZA NACIONAL - AUN,0,0,Ministerio del Interior / portal oficial de datos abiertos,PRIMARY_OFFICIAL
2008,2008-03-09,20 - Gipuzkoa,ALIANZA NACIONAL - AuN,0,0,Ministerio del Interior / portal oficial de datos abiertos,PRIMARY_OFFICIAL
2008,2008-03-09,20 - Gipuzkoa,ALIANZA POR BURGOS - AxB,0,0,Ministerio del Interior / portal oficial de datos abiertos,PRIMARY_OFFICIAL
2008,2008-03-09,20 - Gipuzkoa,ALIANÇA BALEAR - ABA,0,0,Ministerio del Interior / portal oficial de datos abiertos,PRIMARY_OFFICIAL
2008,2008-03-09,20 - Gipuzkoa,ALTERNATIVA EN BLANCO - ABLA,0,0,Ministerio del Interior / portal oficial de datos abiertos,PRIMARY_OFFICIAL
2008,2008-03-09,20 - Gipuzkoa,ALTERNATIVA EN BLANCO - aBla,0,0,Ministerio del Interior / portal oficial de datos abiertos,PRIMARY_OFFICIAL
2008,2008-03-09,20 - Gipuzkoa,ALTERNATIVA ESPAÑOLA - AES,63,0,Ministerio del Interior / portal oficial de datos abiertos,PRIMARY_OFFICIAL
2008,2008-03-09,20 - Gipuzkoa,ALTERNATIVA MOTOR Y DEPORTE - A.M.D.,0,0,Ministerio del Interior / portal oficial de datos abiertos,PRIMARY_OFFICIAL
2008,2008-03-09,20 - Gipuzkoa,ALTERNATIVA MOTOR Y DEPORTES - A.M.D.,375,0,Ministerio del Interior / portal oficial de datos abiertos,PRIMARY_OFFICIAL
2008,2008-03-09,20 - Gipuzkoa,ALTERNATIVA MOTOR Y DEPORTES - AMD,0,0,Ministerio del Interior / portal oficial de datos abiertos,PRIMARY_OFFICIAL
2008,2008-03-09,20 - Gipuzkoa,ALTERNATIVA NACIONALISTA CANARIA - ANC,0,0,Ministerio del Interior / portal oficial de datos abiertos,PRIMARY_OFFICIAL
2008,2008-03-09,20 - Gipuzkoa,ANDECHA ASTUR - AA,0,0,Ministerio del Interior / portal oficial de datos abiertos,PRIMARY_OFFICIAL
2008,2008-03-09,20 - Gipuzkoa,ARALAR - aralar,0,0,Ministerio del Interior / portal oficial de datos abiertos,PRIMARY_OFFICIAL
2008,2008-03-09,20 - Gipuzkoa,ASAMBLEA DE VOTACION ELECTRONICA - AVE,0,0,Ministerio del Interior / portal oficial de datos abiertos,PRIMARY_OFFICIAL
2008,2008-03-09,20 - Gipuzkoa,BERDEAK-LOS VERDES - B-LV,2003,0,Ministerio del Interior / portal oficial de datos abiertos,PRIMARY_OFFICIAL
2008,2008-03-09,20 - Gipuzkoa,BLOC-INICIATIVA-VERDS - BLOC-IDPV-EV-EE,0,0,Ministerio del Interior / portal oficial de datos abiertos,PRIMARY_OFFICIAL
2008,2008-03-09,20 - Gipuzkoa,BLOC-INICIATIVA-VERDS - BLOC-IdPV-EV-EE,0,0,Ministerio del Interior / portal oficial de datos abiertos,PRIMARY_OFFICIAL
2008,2008-03-09,20 - Gipuzkoa,BLOQUE NACIONALISTA GALEGO - B.N.G.,0,0,Ministerio del Interior / portal oficial de datos abiertos,PRIMARY_OFFICIAL
2008,2008-03-09,20 - Gipuzkoa,BLOQUE NACIONALISTA GALEGO - BNG,0,0,Ministerio del Interior / portal oficial de datos abiertos,PRIMARY_OFFICIAL
2008,2008-03-09,20 - Gipuzkoa,CENTRO DEMOCRATICO ESPAÑOL - C.D.Es.,0,0,Ministerio del Interior / portal oficial de datos abiertos,PRIMARY_OFFICIAL
2008,2008-03-09,20 - Gipuzkoa,CENTRO DEMOCRATICO ESPAÑOL - CDEs,0,0,Ministerio del Interior / portal oficial de datos abiertos,PRIMARY_OFFICIAL
2008,2008-03-09,20 - Gipuzkoa,CENTRO DEMOCRATICO LIBERAL - C.D.L.,0,0,Ministerio del Interior / portal oficial de datos abiertos,PRIMARY_OFFICIAL
2008,2008-03-09,20 - Gipuzkoa,CENTRO DEMOCRATICO LIBERAL - CDL,0,0,Ministerio del Interior / portal oficial de datos abiertos,PRIMARY_OFFICIAL
2008,2008-03-09,20 - Gipuzkoa,CENTRO DEMOCRATICO SOCIAL - C.D.S.,0,0,Ministerio del Interior / portal oficial de datos abiertos,PRIMARY_OFFICIAL
2008,2008-03-09,20 - Gipuzkoa,CENTRO DEMOCRATICO Y SOCIAL - CDS,0,0,Ministerio del Interior / portal oficial de datos abiertos,PRIMARY_OFFICIAL
2008,2008-03-09,20 - Gipuzkoa,CHUNTA ARAGONESISTA - CHA,0,0,Ministerio del Interior / portal oficial de datos abiertos,PRIMARY_OFFICIAL
2008,2008-03-09,20 - Gipuzkoa,CIUDADANOS EN BLANCO - CENB,0,0,Ministerio del Interior / portal oficial de datos abiertos,PRIMARY_OFFICIAL
2008,2008-03-09,20 - Gipuzkoa,CIUDADANOS EN BLANCO - CNB,0,0,Ministerio del Interior / portal oficial de datos abiertos,PRIMARY_OFFICIAL
2008,2008-03-09,20 - Gipuzkoa,CIUDADANOS EN BLANCO - CenB,0,0,Ministerio del Interior / portal oficial de datos abiertos,PRIMARY_OFFICIAL
2008,2008-03-09,20 - Gipuzkoa,CIUDADANOS EN BLANCO - Cenb,0,0,Ministerio del Interior / portal oficial de datos abiertos,PRIMARY_OFFICIAL
2008,2008-03-09,20 - Gipuzkoa,CIUDADANOS PARTIDO DE LA CIUDADANIA - C's,0,0,Ministerio del Interior / portal oficial de datos abiertos,PRIMARY_OFFICIAL
2008,2008-03-09,20 - Gipuzkoa,CIUDADANOS-PARTIDO DE LA CIUDADANIA - C's,185,0,Ministerio del Interior / portal oficial de datos abiertos,PRIMARY_OFFICIAL
2008,2008-03-09,20 - Gipuzkoa,"CIUDADANOS-PARTIDO DE LA CIUDADANIA - C,S",0,0,Ministerio del Interior / portal oficial de datos abiertos,PRIMARY_OFFICIAL
2008,2008-03-09,20 - Gipuzkoa,CIUTADANS-PARTIDO DE LA CIUDADANIA - C's,0,0,Ministerio del Interior / portal oficial de datos abiertos,PRIMARY_OFFICIAL
2008,2008-03-09,20 - Gipuzkoa,COALICIO TREBALLADORS PER LA DEMOCRACIA - TD,0,0,Ministerio del Interior / portal oficial de datos abiertos,PRIMARY_OFFICIAL
2008,2008-03-09,20 - Gipuzkoa,COALICIO VALENCIANA - CVa,0,0,Ministerio del Interior / portal oficial de datos abiertos,PRIMARY_OFFICIAL
2008,2008-03-09,20 - Gipuzkoa,COALICION ANDALUCISTA - CA,0,0,Ministerio del Interior / portal oficial de datos abiertos,PRIMARY_OFFICIAL
2008,2008-03-09,20 - Gipuzkoa,COALICION CANARIA-PARTIDO NACIONALISTA CANARIO - CC-PNC,0,0,Ministerio del Interior / portal oficial de datos abiertos,PRIMARY_OFFICIAL
2008,2008-03-09,20 - Gipuzkoa,COALICION CANARIA-PARTIDO NACIONALISTA CANARIO-PARTIDO DE INDEPENDIENTES DE LANZAROTE - CC-PNC-PIL,0,0,Ministerio del Interior / portal oficial de datos abiertos,PRIMARY_OFFICIAL
2008,2008-03-09,20 - Gipuzkoa,COMUNION TRADICIONALISTA CARLISTA - C.T.C.,0,0,Ministerio del Interior / portal oficial de datos abiertos,PRIMARY_OFFICIAL
2008,2008-03-09,20 - Gipuzkoa,COMUNION TRADICIONALISTA CARLISTA - CTC,0,0,Ministerio del Interior / portal oficial de datos abiertos,PRIMARY_OFFICIAL
2008,2008-03-09,20 - Gipuzkoa,CONVERGENCIA DEMOCRATICA ASTURIANA - CDAS,0,0,Ministerio del Interior / portal oficial de datos abiertos,PRIMARY_OFFICIAL
2008,2008-03-09,20 - Gipuzkoa,CONVERGENCIA I UNIO - CIU,0,0,Ministerio del Interior / portal oficial de datos abiertos,PRIMARY_OFFICIAL
2008,2008-03-09,20 - Gipuzkoa,CONVERGENCIA I UNIO - CiU,0,0,Ministerio del Interior / portal oficial de datos abiertos,PRIMARY_OFFICIAL
2008,2008-03-09,20 - Gipuzkoa,DEMOCRACIA NACIONAL - D.N.,0,0,Ministerio del Interior / portal oficial de datos abiertos,PRIMARY_OFFICIAL
2008,2008-03-09,20 - Gipuzkoa,DEMOCRACIA NACIONAL - DN,131,0,Ministerio del Interior / portal oficial de datos abiertos,PRIMARY_OFFICIAL
2008,2008-03-09,20 - Gipuzkoa,EI ESCONS INSUBMISOS-ALTERNATIVA DELS DEMOCRATES DESCONTENTS - Ei,0,0,Ministerio del Interior / portal oficial de datos abiertos,PRIMARY_OFFICIAL
2008,2008-03-09,20 - Gipuzkoa,ELS VERDS - L'ALTERNATIVA ECOLOGISTA - EV-AE,0,0,Ministerio del Interior / portal oficial de datos abiertos,PRIMARY_OFFICIAL
2008,2008-03-09,20 - Gipuzkoa,ELS VERDS-ALTERNATIVA VERDA - E.V.-A.V.,0,0,Ministerio del Interior / portal oficial de datos abiertos,PRIMARY_OFFICIAL
2008,2008-03-09,20 - Gipuzkoa,ELS VERDS-LOS VERDES - EV-LV,0,0,Ministerio del Interior / portal oficial de datos abiertos,PRIMARY_OFFICIAL
2008,2008-03-09,20 - Gipuzkoa,ESCONS INSUBMISOS ALTERNATIVA DELS DEMOCRATES DESCONTENTS - EI-ADD,0,0,Ministerio del Interior / portal oficial de datos abiertos,PRIMARY_OFFICIAL
2008,2008-03-09,20 - Gipuzkoa,ESCONS INSUBMISOS-ALTERNATIVA DELS DEMOCRATES DESCONTENTS - Ei,0,0,Ministerio del Interior / portal oficial de datos abiertos,PRIMARY_OFFICIAL
2008,2008-03-09,20 - Gipuzkoa,ESPAÑA 2000 - E-2000,0,0,Ministerio del Interior / portal oficial de datos abiertos,PRIMARY_OFFICIAL
2008,2008-03-09,20 - Gipuzkoa,ESPAÑA-2000 - E-2000,0,0,Ministerio del Interior / portal oficial de datos abiertos,PRIMARY_OFFICIAL
2008,2008-03-09,20 - Gipuzkoa,ESQUERDA UNIDA-IZQUIERDA UNIDA-ALTERNATIVA - EU-IU,0,0,Ministerio del Interior / portal oficial de datos abiertos,PRIMARY_OFFICIAL
2008,2008-03-09,20 - Gipuzkoa,ESQUERRA REPUBLICANA DE CATALUNYA - ESQUERRA,0,0,Ministerio del Interior / portal oficial de datos abiertos,PRIMARY_OFFICIAL
2008,2008-03-09,20 - Gipuzkoa,ESQUERRA REPUBLICANA DE CATALUNYA - esquerra,0,0,Ministerio del Interior / portal oficial de datos abiertos,PRIMARY_OFFICIAL
2008,2008-03-09,20 - Gipuzkoa,ESQUERRA REPUBLICANA DEL PAIS VALENCIA-PAIS VALENCIA SI - ESQUERRA-PV,0,0,Ministerio del Interior / portal oficial de datos abiertos,PRIMARY_OFFICIAL
2008,2008-03-09,20 - Gipuzkoa,"ESQUERRA REPUBLICANA DEL PAIS VALENCIA-PAIS VALENCIA, SI - ESQUERRA-PV",0,0,Ministerio del Interior / portal oficial de datos abiertos,PRIMARY_OFFICIAL
2008,2008-03-09,20 - Gipuzkoa,ESQUERRA UNIDA - ELS VERDS - EU-EV,0,0,Ministerio del Interior / portal oficial de datos abiertos,PRIMARY_OFFICIAL
2008,2008-03-09,20 - Gipuzkoa,ESQUERRA UNIDA DEL PAIS VALENCIA-IZQUIERDA REPUBLICANA: ESQUERRA UNIDA I REPUBLICANA - EUPV-IR,0,0,Ministerio del Interior / portal oficial de datos abiertos,PRIMARY_OFFICIAL
2008,2008-03-09,20 - Gipuzkoa,ESQUERRA UNIDA DEL PAIS VALENCIA-IZQUIERDA REPUBLICANA:ESQUERRA UNIDA I REPUBLICANA - EUPV-IR,0,0,Ministerio del Interior / portal oficial de datos abiertos,PRIMARY_OFFICIAL
2008,2008-03-09,20 - Gipuzkoa,EUSKO ALKARTASUNA - EA,25455,0,Ministerio del Interior / portal oficial de datos abiertos,PRIMARY_OFFICIAL
2008,2008-03-09,20 - Gipuzkoa,EUZKO ALDERDI JELTZALEA-PARTIDO NACIONALISTA VASCO - EAJ-PNV,77903,2,Ministerio del Interior / portal oficial de datos abiertos,PRIMARY_OFFICIAL
2008,2008-03-09,20 - Gipuzkoa,EXTREMADURA UNIDA - EXTREMADURA UNIDA,0,0,Ministerio del Interior / portal oficial de datos abiertos,PRIMARY_OFFICIAL
2008,2008-03-09,20 - Gipuzkoa,EZKER BATUA-BERDEAK-ALTERNATIVA - EB-B,15812,0,Ministerio del Interior / portal oficial de datos abiertos,PRIMARY_OFFICIAL
2008,2008-03-09,20 - Gipuzkoa,FALANGE AUTENTICA - F.A.,0,0,Ministerio del Interior / portal oficial de datos abiertos,PRIMARY_OFFICIAL
2008,2008-03-09,20 - Gipuzkoa,FALANGE AUTENTICA - FA,0,0,Ministerio del Interior / portal oficial de datos abiertos,PRIMARY_OFFICIAL
2008,2008-03-09,20 - Gipuzkoa,FALANGE ESPAÑOLA DE LA JONS - FE de las JONS,0,0,Ministerio del Interior / portal oficial de datos abiertos,PRIMARY_OFFICIAL
2008,2008-03-09,20 - Gipuzkoa,FALANGE ESPAÑOLA DE LAS J.O.N.S. - F.E. de las J.O.N.S.,0,0,Ministerio del Interior / portal oficial de datos abiertos,PRIMARY_OFFICIAL
2008,2008-03-09,20 - Gipuzkoa,FALANGE ESPAÑOLA DE LAS J.O.N.S. - FE de las JONS,0,0,Ministerio del Interior / portal oficial de datos abiertos,PRIMARY_OFFICIAL
2008,2008-03-09,20 - Gipuzkoa,FALANGE ESPAÑOLA DE LAS J.O.N.S. - FE-JONS,0,0,Ministerio del Interior / portal oficial de datos abiertos,PRIMARY_OFFICIAL
2008,2008-03-09,20 - Gipuzkoa,FALANGE ESPAÑOLA DE LAS JONS - F.E. de las J.O.N.S.,0,0,Ministerio del Interior / portal oficial de datos abiertos,PRIMARY_OFFICIAL
2008,2008-03-09,20 - Gipuzkoa,FALANGE ESPAÑOLA DE LAS JONS - FE DE LAS JONS,0,0,Ministerio del Interior / portal oficial de datos abiertos,PRIMARY_OFFICIAL
2008,2008-03-09,20 - Gipuzkoa,FALANGE ESPAÑOLA DE LAS JONS - FE de las JONS,85,0,Ministerio del Interior / portal oficial de datos abiertos,PRIMARY_OFFICIAL
2008,2008-03-09,20 - Gipuzkoa,FALANGE ESPAÑOLA DE LAS JONS - FE-JONS,0,0,Ministerio del Interior / portal oficial de datos abiertos,PRIMARY_OFFICIAL
2008,2008-03-09,20 - Gipuzkoa,FAMILIA I VIDA - PFiV,0,0,Ministerio del Interior / portal oficial de datos abiertos,PRIMARY_OFFICIAL
2008,2008-03-09,20 - Gipuzkoa,FAMILIA Y VIDA - PFyV,0,0,Ministerio del Interior / portal oficial de datos abiertos,PRIMARY_OFFICIAL
2008,2008-03-09,20 - Gipuzkoa,FRENTE ESPAÑOL - F.E,0,0,Ministerio del Interior / portal oficial de datos abiertos,PRIMARY_OFFICIAL
2008,2008-03-09,20 - Gipuzkoa,FRENTE ESPAÑOL - F.E.,0,0,Ministerio del Interior / portal oficial de datos abiertos,PRIMARY_OFFICIAL
2008,2008-03-09,20 - Gipuzkoa,FRENTE ESPAÑOL - FRENTE,0,0,Ministerio del Interior / portal oficial de datos abiertos,PRIMARY_OFFICIAL
2008,2008-03-09,20 - Gipuzkoa,GENTES DE EL BIERZO - PB-UB,0,0,Ministerio del Interior / portal oficial de datos abiertos,PRIMARY_OFFICIAL
2008,2008-03-09,20 - Gipuzkoa,IDENTITAT REGNE DE VALENCIA - IRV,0,0,Ministerio del Interior / portal oficial de datos abiertos,PRIMARY_OFFICIAL
2008,2008-03-09,20 - Gipuzkoa,INDEPENDIENTES POR CUENCA - ixC,0,0,Ministerio del Interior / portal oficial de datos abiertos,PRIMARY_OFFICIAL
2008,2008-03-09,20 - Gipuzkoa,INICIATIVA CIUDADANA BURGALESA - I.C.Bur,0,0,Ministerio del Interior / portal oficial de datos abiertos,PRIMARY_OFFICIAL
2008,2008-03-09,20 - Gipuzkoa,INICIATIVA MERINDADES DE CASTILLA - I.M.C.,0,0,Ministerio del Interior / portal oficial de datos abiertos,PRIMARY_OFFICIAL
2008,2008-03-09,20 - Gipuzkoa,INICIATIVA PER CATALUNYA VERDS - ESQUERRA UNIDA I ALTERNATIVA - ICV-EUiA,0,0,Ministerio del Interior / portal oficial de datos abiertos,PRIMARY_OFFICIAL
2008,2008-03-09,20 - Gipuzkoa,INICIATIVA PER CATALUNYA VERDS-ESQUERRA UNIDA I ALTERNATIVA - ICV-EUiA,0,0,Ministerio del Interior / portal oficial de datos abiertos,PRIMARY_OFFICIAL
2008,2008-03-09,20 - Gipuzkoa,IZQUIERDA REPUBLICANA - IR,0,0,Ministerio del Interior / portal oficial de datos abiertos,PRIMARY_OFFICIAL
2008,2008-03-09,20 - Gipuzkoa,IZQUIERDA REPUBLICANA-PARTIT REPUBLICA D'ESQUERRA - IR-PRE,0,0,Ministerio del Interior / portal oficial de datos abiertos,PRIMARY_OFFICIAL
2008,2008-03-09,20 - Gipuzkoa,IZQUIERDA UNIDA - BLOQUE POR ASTURIES - LOS VERDES - IU-B.A-LOS VERDES,0,0,Ministerio del Interior / portal oficial de datos abiertos,PRIMARY_OFFICIAL
2008,2008-03-09,20 - Gipuzkoa,IZQUIERDA UNIDA CANARIA-ALTERNATIVA - IUC,0,0,Ministerio del Interior / portal oficial de datos abiertos,PRIMARY_OFFICIAL
2008,2008-03-09,20 - Gipuzkoa,IZQUIERDA UNIDA COMUNIDAD DE MADRID-ALTERNATIVA - IU-CM.,0,0,Ministerio del Interior / portal oficial de datos abiertos,PRIMARY_OFFICIAL
2008,2008-03-09,20 - Gipuzkoa,IZQUIERDA UNIDA DE CEUTA - I.U.,0,0,Ministerio del Interior / portal oficial de datos abiertos,PRIMARY_OFFICIAL
2008,2008-03-09,20 - Gipuzkoa,IZQUIERDA UNIDA DE LA REGION DE MURCIA-ALTERNATIVA - I.U.R.M.,0,0,Ministerio del Interior / portal oficial de datos abiertos,PRIMARY_OFFICIAL
2008,2008-03-09,20 - Gipuzkoa,IZQUIERDA UNIDA DE NAVARRA - NAFARROAKO EZKER BATUA - ALTERNATIVA - IUN-NEB,0,0,Ministerio del Interior / portal oficial de datos abiertos,PRIMARY_OFFICIAL
2008,2008-03-09,20 - Gipuzkoa,IZQUIERDA UNIDA LOS VERDES CONVOCATORIA POR ANDALUCIA-ALTERNATIVA - IULV-CA,0,0,Ministerio del Interior / portal oficial de datos abiertos,PRIMARY_OFFICIAL
2008,2008-03-09,20 - Gipuzkoa,IZQUIERDA UNIDA LOS VERDES-CONVOCATORIA POR ANDALUCIA - ALTERNATIVA - IULV-CA,0,0,Ministerio del Interior / portal oficial de datos abiertos,PRIMARY_OFFICIAL
2008,2008-03-09,20 - Gipuzkoa,IZQUIERDA UNIDA LOS VERDES-CONVOCATORIA POR ANDALUCIA-ALTERNATIVA - IULV-CA,0,0,Ministerio del Interior / portal oficial de datos abiertos,PRIMARY_OFFICIAL
2008,2008-03-09,20 - Gipuzkoa,IZQUIERDA UNIDA-ALTERNATIVA - I.U.,0,0,Ministerio del Interior / portal oficial de datos abiertos,PRIMARY_OFFICIAL
2008,2008-03-09,20 - Gipuzkoa,IZQUIERDA UNIDA-ALTERNATIVA - IU,0,0,Ministerio del Interior / portal oficial de datos abiertos,PRIMARY_OFFICIAL
2008,2008-03-09,20 - Gipuzkoa,LLUITA INTERNACIONALISTA - (LI(LIT-CI)),0,0,Ministerio del Interior / portal oficial de datos abiertos,PRIMARY_OFFICIAL
2008,2008-03-09,20 - Gipuzkoa,LLUITA INTERNACIONALISTA - L.I.(LIT-CI),0,0,Ministerio del Interior / portal oficial de datos abiertos,PRIMARY_OFFICIAL
2008,2008-03-09,20 - Gipuzkoa,LLUITA INTERNACIONALISTA - LI-LITCI,0,0,Ministerio del Interior / portal oficial de datos abiertos,PRIMARY_OFFICIAL
2008,2008-03-09,20 - Gipuzkoa,LOS VERDES - LOS VERDES,0,0,Ministerio del Interior / portal oficial de datos abiertos,PRIMARY_OFFICIAL
2008,2008-03-09,20 - Gipuzkoa,LOS VERDES - LV,0,0,Ministerio del Interior / portal oficial de datos abiertos,PRIMARY_OFFICIAL
2008,2008-03-09,20 - Gipuzkoa,LOS VERDES - VERDES,0,0,Ministerio del Interior / portal oficial de datos abiertos,PRIMARY_OFFICIAL
2008,2008-03-09,20 - Gipuzkoa,LOS VERDES COMUNIDAD DE MADRID-LOS VERDES DE EUROPA - LVCM-LVE,0,0,Ministerio del Interior / portal oficial de datos abiertos,PRIMARY_OFFICIAL
2008,2008-03-09,20 - Gipuzkoa,LOS VERDES DE EUROPA - LOS VERDES DE EUROPA,0,0,Ministerio del Interior / portal oficial de datos abiertos,PRIMARY_OFFICIAL
2008,2008-03-09,20 - Gipuzkoa,LOS VERDES DE EUROPA - LVE,0,0,Ministerio del Interior / portal oficial de datos abiertos,PRIMARY_OFFICIAL
2008,2008-03-09,20 - Gipuzkoa,LOS VERDES DE EXTREMADURA - LV,0,0,Ministerio del Interior / portal oficial de datos abiertos,PRIMARY_OFFICIAL
2008,2008-03-09,20 - Gipuzkoa,LOS VERDES-ELS VERDS - LV-EV,0,0,Ministerio del Interior / portal oficial de datos abiertos,PRIMARY_OFFICIAL
2008,2008-03-09,20 - Gipuzkoa,LOS VERDES-GRUPO VERDE - L.V.,0,0,Ministerio del Interior / portal oficial de datos abiertos,PRIMARY_OFFICIAL
2008,2008-03-09,20 - Gipuzkoa,LOS VERDES-GRUPO VERDE - LV,0,0,Ministerio del Interior / portal oficial de datos abiertos,PRIMARY_OFFICIAL
2008,2008-03-09,20 - Gipuzkoa,LOS VERDES-GRUPO VERDE - LV-GV,0,0,Ministerio del Interior / portal oficial de datos abiertos,PRIMARY_OFFICIAL
2008,2008-03-09,20 - Gipuzkoa,LUCHA INTERNACIONALISTA - LI-LITCI,0,0,Ministerio del Interior / portal oficial de datos abiertos,PRIMARY_OFFICIAL
2008,2008-03-09,20 - Gipuzkoa,MOVIMIENTO FALANGISTA DE ESPAÑA - M.F.E.,0,0,Ministerio del Interior / portal oficial de datos abiertos,PRIMARY_OFFICIAL
2008,2008-03-09,20 - Gipuzkoa,MOVIMIENTO POR LA UNIDAD DEL PUEBLO CANARIO - MUPC,0,0,Ministerio del Interior / portal oficial de datos abiertos,PRIMARY_OFFICIAL
2008,2008-03-09,20 - Gipuzkoa,NAFARROA BAI - NA-BAI,0,0,Ministerio del Interior / portal oficial de datos abiertos,PRIMARY_OFFICIAL
2008,2008-03-09,20 - Gipuzkoa,NOSALTRES SOM - N som,0,0,Ministerio del Interior / portal oficial de datos abiertos,PRIMARY_OFFICIAL
2008,2008-03-09,20 - Gipuzkoa,NUEVA CANARIAS-CENTRO CANARIO - NC-CCN,0,0,Ministerio del Interior / portal oficial de datos abiertos,PRIMARY_OFFICIAL
2008,2008-03-09,20 - Gipuzkoa,OPCIO NACIONALISTA VALENCIANA - O.N.V.,0,0,Ministerio del Interior / portal oficial de datos abiertos,PRIMARY_OFFICIAL
2008,2008-03-09,20 - Gipuzkoa,OPCIO NACIONALISTA VALENCIANA - ONV,0,0,Ministerio del Interior / portal oficial de datos abiertos,PRIMARY_OFFICIAL
2008,2008-03-09,20 - Gipuzkoa,OS VERDES - GRUPO VERDE - OV,0,0,Ministerio del Interior / portal oficial de datos abiertos,PRIMARY_OFFICIAL
2008,2008-03-09,20 - Gipuzkoa,PARTIDO ALTERNATIVA MOTOR Y DEPORTES - A.M.D.,0,0,Ministerio del Interior / portal oficial de datos abiertos,PRIMARY_OFFICIAL
2008,2008-03-09,20 - Gipuzkoa,PARTIDO ANTITAURINO CONTRA EL MALTRATO ANIMAL - P.A.C.M.A,0,0,Ministerio del Interior / portal oficial de datos abiertos,PRIMARY_OFFICIAL
2008,2008-03-09,20 - Gipuzkoa,PARTIDO ANTITAURINO CONTRA EL MALTRATO ANIMAL - P.A.C.M.A.,1089,0,Ministerio del Interior / portal oficial de datos abiertos,PRIMARY_OFFICIAL
2008,2008-03-09,20 - Gipuzkoa,PARTIDO ANTITAURINO CONTRA EL MALTRATO ANIMAL - PACMA,0,0,Ministerio del Interior / portal oficial de datos abiertos,PRIMARY_OFFICIAL
2008,2008-03-09,20 - Gipuzkoa,PARTIDO ARAGONES - PAR,0,0,Ministerio del Interior / portal oficial de datos abiertos,PRIMARY_OFFICIAL
2008,2008-03-09,20 - Gipuzkoa,PARTIDO CARLISTA - P.C.,240,0,Ministerio del Interior / portal oficial de datos abiertos,PRIMARY_OFFICIAL
2008,2008-03-09,20 - Gipuzkoa,PARTIDO CARLISTA - PARTIDO CARLISTA,0,0,Ministerio del Interior / portal oficial de datos abiertos,PRIMARY_OFFICIAL
2008,2008-03-09,20 - Gipuzkoa,PARTIDO CARLISTA - PC,0,0,Ministerio del Interior / portal oficial de datos abiertos,PRIMARY_OFFICIAL
2008,2008-03-09,20 - Gipuzkoa,PARTIDO CARLISTA DE EUSKALERRIA-PARTIDO CARLISTA - EKA-PC.,0,0,Ministerio del Interior / portal oficial de datos abiertos,PRIMARY_OFFICIAL
2008,2008-03-09,20 - Gipuzkoa,PARTIDO CARLISTA DE EUSKALHERRIA-EUSKALHERRIKO KARLISTA ALDERDIA - PARTIDO CARLISTA-EKA,0,0,Ministerio del Interior / portal oficial de datos abiertos,PRIMARY_OFFICIAL
2008,2008-03-09,20 - Gipuzkoa,PARTIDO CENTRISTA - PCTR,0,0,Ministerio del Interior / portal oficial de datos abiertos,PRIMARY_OFFICIAL
2008,2008-03-09,20 - Gipuzkoa,PARTIDO CENTRISTAS - Centristas PCTR,0,0,Ministerio del Interior / portal oficial de datos abiertos,PRIMARY_OFFICIAL
2008,2008-03-09,20 - Gipuzkoa,PARTIDO CENTRISTAS - PCTR,0,0,Ministerio del Interior / portal oficial de datos abiertos,PRIMARY_OFFICIAL
2008,2008-03-09,20 - Gipuzkoa,PARTIDO CIUDADANOS UNIDOS DE ARAGON - pCUA,0,0,Ministerio del Interior / portal oficial de datos abiertos,PRIMARY_OFFICIAL
2008,2008-03-09,20 - Gipuzkoa,PARTIDO COMUNISTA DE LOS PUEBLOS DE ESPAÑA - P.C.P.E.,0,0,Ministerio del Interior / portal oficial de datos abiertos,PRIMARY_OFFICIAL
2008,2008-03-09,20 - Gipuzkoa,PARTIDO COMUNISTA DE LOS PUEBLOS DE ESPAÑA - P.C.P.E.-E.K.,0,0,Ministerio del Interior / portal oficial de datos abiertos,PRIMARY_OFFICIAL
2008,2008-03-09,20 - Gipuzkoa,PARTIDO COMUNISTA DE LOS PUEBLOS DE ESPAÑA - PCPE,0,0,Ministerio del Interior / portal oficial de datos abiertos,PRIMARY_OFFICIAL
2008,2008-03-09,20 - Gipuzkoa,PARTIDO COMUNISTA DE LOS PUEBLOS DE ESPAÑA-EUSKAL KOMUNISTAK - PCPE - EK,0,0,Ministerio del Interior / portal oficial de datos abiertos,PRIMARY_OFFICIAL
2008,2008-03-09,20 - Gipuzkoa,PARTIDO COMUNISTA DEL PUEBLO CANARIO - PCPE,0,0,Ministerio del Interior / portal oficial de datos abiertos,PRIMARY_OFFICIAL
2008,2008-03-09,20 - Gipuzkoa,PARTIDO COMUNISTA DEL PUEBLO CASTELLANO - PCPE,0,0,Ministerio del Interior / portal oficial de datos abiertos,PRIMARY_OFFICIAL
2008,2008-03-09,20 - Gipuzkoa,PARTIDO COMUNISTA DEL PUEBLO CASTELLANO-PCPE - PCPE,0,0,Ministerio del Interior / portal oficial de datos abiertos,PRIMARY_OFFICIAL
2008,2008-03-09,20 - Gipuzkoa,PARTIDO COMUNISTA DEL PUEBLO DE CATALUNYA - PCPC,0,0,Ministerio del Interior / portal oficial de datos abiertos,PRIMARY_OFFICIAL
2008,2008-03-09,20 - Gipuzkoa,PARTIDO COMUNISTA DEL PUEBLO DE CATALUÑA - PCPC,0,0,Ministerio del Interior / portal oficial de datos abiertos,PRIMARY_OFFICIAL
2008,2008-03-09,20 - Gipuzkoa,PARTIDO COMUNISTA DO POBO GALEGO - PCPG,0,0,Ministerio del Interior / portal oficial de datos abiertos,PRIMARY_OFFICIAL
2008,2008-03-09,20 - Gipuzkoa,PARTIDO COMUNISTA DO POVO GALEGO - P.C.P.G.,0,0,Ministerio del Interior / portal oficial de datos abiertos,PRIMARY_OFFICIAL
2008,2008-03-09,20 - Gipuzkoa,PARTIDO COMUNISTA PUEBLOS DE ESPAÑA - PCPE,0,0,Ministerio del Interior / portal oficial de datos abiertos,PRIMARY_OFFICIAL
2008,2008-03-09,20 - Gipuzkoa,PARTIDO DE ALIANZA IBEROAMERICANA EUROPEA - PAIE,0,0,Ministerio del Interior / portal oficial de datos abiertos,PRIMARY_OFFICIAL
2008,2008-03-09,20 - Gipuzkoa,PARTIDO DE ALMERIA - PdeAL,0,0,Ministerio del Interior / portal oficial de datos abiertos,PRIMARY_OFFICIAL
2008,2008-03-09,20 - Gipuzkoa,PARTIDO DE LAS LIBERTADES CIVILES - PLCI,0,0,Ministerio del Interior / portal oficial de datos abiertos,PRIMARY_OFFICIAL
2008,2008-03-09,20 - Gipuzkoa,PARTIDO DE LOS NO-FUMADORES - PNF (NO-FUMADORES),0,0,Ministerio del Interior / portal oficial de datos abiertos,PRIMARY_OFFICIAL
2008,2008-03-09,20 - Gipuzkoa,PARTIDO DE LOS PENSIONISTAS EN ACCION - PDLPEA,0,0,Ministerio del Interior / portal oficial de datos abiertos,PRIMARY_OFFICIAL
2008,2008-03-09,20 - Gipuzkoa,PARTIDO DOS SOCIALISTAS DE GALICIA-PARTIDO SOCIALISTA OBRERO ESPAÑOL - PSdeG-PSOE,0,0,Ministerio del Interior / portal oficial de datos abiertos,PRIMARY_OFFICIAL
2008,2008-03-09,20 - Gipuzkoa,PARTIDO DOS SOCIALISTAS DE GALICIA-PSOE - PSdeG-PSOE,0,0,Ministerio del Interior / portal oficial de datos abiertos,PRIMARY_OFFICIAL
2008,2008-03-09,20 - Gipuzkoa,PARTIDO FAMILIA Y VIDA - PFyV,422,0,Ministerio del Interior / portal oficial de datos abiertos,PRIMARY_OFFICIAL
2008,2008-03-09,20 - Gipuzkoa,PARTIDO HACHE - PHache,0,0,Ministerio del Interior / portal oficial de datos abiertos,PRIMARY_OFFICIAL
2008,2008-03-09,20 - Gipuzkoa,PARTIDO HUMANISTA - P.H.,0,0,Ministerio del Interior / portal oficial de datos abiertos,PRIMARY_OFFICIAL
2008,2008-03-09,20 - Gipuzkoa,PARTIDO HUMANISTA - PH,203,0,Ministerio del Interior / portal oficial de datos abiertos,PRIMARY_OFFICIAL
2008,2008-03-09,20 - Gipuzkoa,PARTIDO IZQUIERDA REPUBLICANA-PARTIT REPUBLICA D'ESQUERRA - IR-PRE,0,0,Ministerio del Interior / portal oficial de datos abiertos,PRIMARY_OFFICIAL
2008,2008-03-09,20 - Gipuzkoa,PARTIDO LIBERAL DEL EMPLEO Y LA VIVIENDA ESTATAL - P.L.E.V.E.,0,0,Ministerio del Interior / portal oficial de datos abiertos,PRIMARY_OFFICIAL
2008,2008-03-09,20 - Gipuzkoa,PARTIDO LIBERTADES CIVILES - PLCI,0,0,Ministerio del Interior / portal oficial de datos abiertos,PRIMARY_OFFICIAL
2008,2008-03-09,20 - Gipuzkoa,PARTIDO OBRERO SOCIALISTA INTERNACIONALISTA - P.O.S.I.,0,0,Ministerio del Interior / portal oficial de datos abiertos,PRIMARY_OFFICIAL
2008,2008-03-09,20 - Gipuzkoa,PARTIDO OBRERO SOCIALISTA INTERNACIONALISTA - POSI,0,0,Ministerio del Interior / portal oficial de datos abiertos,PRIMARY_OFFICIAL
2008,2008-03-09,20 - Gipuzkoa,PARTIDO POLITICO ARALAR - aralar,17332,0,Ministerio del Interior / portal oficial de datos abiertos,PRIMARY_OFFICIAL
2008,2008-03-09,20 - Gipuzkoa,PARTIDO POPULAR - P.P.,0,0,Ministerio del Interior / portal oficial de datos abiertos,PRIMARY_OFFICIAL
2008,2008-03-09,20 - Gipuzkoa,PARTIDO POPULAR - PP,47858,1,Ministerio del Interior / portal oficial de datos abiertos,PRIMARY_OFFICIAL
2008,2008-03-09,20 - Gipuzkoa,PARTIDO POPULAR/PARTIT POPULAR - PP,0,0,Ministerio del Interior / portal oficial de datos abiertos,PRIMARY_OFFICIAL
2008,2008-03-09,20 - Gipuzkoa,PARTIDO POR UN MUNDO MAS JUSTO - PUM+J,0,0,Ministerio del Interior / portal oficial de datos abiertos,PRIMARY_OFFICIAL
2008,2008-03-09,20 - Gipuzkoa,PARTIDO POSITIVISTA CRISTIANO - PPCr,0,0,Ministerio del Interior / portal oficial de datos abiertos,PRIMARY_OFFICIAL
2008,2008-03-09,20 - Gipuzkoa,PARTIDO REGIONALISTA DE GUADALAJARA - P.R.GU.,0,0,Ministerio del Interior / portal oficial de datos abiertos,PRIMARY_OFFICIAL
2008,2008-03-09,20 - Gipuzkoa,PARTIDO REGIONALISTA DEL PAIS LEONES - PREPAL,0,0,Ministerio del Interior / portal oficial de datos abiertos,PRIMARY_OFFICIAL
2008,2008-03-09,20 - Gipuzkoa,PARTIDO RIOJANO - PARTIDO RIOJANO,0,0,Ministerio del Interior / portal oficial de datos abiertos,PRIMARY_OFFICIAL
2008,2008-03-09,20 - Gipuzkoa,PARTIDO SOCIAL DEMOCRATA - P.S.D.,0,0,Ministerio del Interior / portal oficial de datos abiertos,PRIMARY_OFFICIAL
2008,2008-03-09,20 - Gipuzkoa,PARTIDO SOCIAL DEMOCRATA - PSD,0,0,Ministerio del Interior / portal oficial de datos abiertos,PRIMARY_OFFICIAL
2008,2008-03-09,20 - Gipuzkoa,PARTIDO SOCIAL DEMOCRATA-FEDERACION DE LOS INDEPENDIENTES DE ARAGON - PSD-FIA,0,0,Ministerio del Interior / portal oficial de datos abiertos,PRIMARY_OFFICIAL
2008,2008-03-09,20 - Gipuzkoa,PARTIDO SOCIALISTA DE EUSKADI-EUSKADIKO EZKERRA (PSOE) - PSE-EE (PSOE),127840,3,Ministerio del Interior / portal oficial de datos abiertos,PRIMARY_OFFICIAL
2008,2008-03-09,20 - Gipuzkoa,PARTIDO SOCIALISTA DE EUSKADI-EUSKADIKO EZKERRA - PSE-EE (PSOE),0,0,Ministerio del Interior / portal oficial de datos abiertos,PRIMARY_OFFICIAL
2008,2008-03-09,20 - Gipuzkoa,PARTIDO SOCIALISTA OBRERO ESPAÑOL - P.S.O.E.,0,0,Ministerio del Interior / portal oficial de datos abiertos,PRIMARY_OFFICIAL
2008,2008-03-09,20 - Gipuzkoa,PARTIDO SOCIALISTA OBRERO ESPAÑOL - PSOE,0,0,Ministerio del Interior / portal oficial de datos abiertos,PRIMARY_OFFICIAL
2008,2008-03-09,20 - Gipuzkoa,PARTIDO SOCIALISTA OBRERO ESPAÑOL DE ANDALUCIA - PSOE-A,0,0,Ministerio del Interior / portal oficial de datos abiertos,PRIMARY_OFFICIAL
2008,2008-03-09,20 - Gipuzkoa,PARTIDO SOLIDARIDAD Y AUTOGESTION INTERNACIONALISTA - SAIN,0,0,Ministerio del Interior / portal oficial de datos abiertos,PRIMARY_OFFICIAL
2008,2008-03-09,20 - Gipuzkoa,PARTIDO UNIONISTA ESTADO DE ESPAÑA - P.U.E.D.E.,0,0,Ministerio del Interior / portal oficial de datos abiertos,PRIMARY_OFFICIAL
2008,2008-03-09,20 - Gipuzkoa,PARTIDO UNIONISTA ESTADO DE ESPAÑA - PUEDE,0,0,Ministerio del Interior / portal oficial de datos abiertos,PRIMARY_OFFICIAL
2008,2008-03-09,20 - Gipuzkoa,PARTIT ANTITAURI CONTRA EL MALTRACTAMENT ANIMAL - P.A.C.M.A.,0,0,Ministerio del Interior / portal oficial de datos abiertos,PRIMARY_OFFICIAL
2008,2008-03-09,20 - Gipuzkoa,PARTIT ANTITAURI CONTRA EL MALTRACTAMENT ANIMAL - PACMA,0,0,Ministerio del Interior / portal oficial de datos abiertos,PRIMARY_OFFICIAL
2008,2008-03-09,20 - Gipuzkoa,PARTIT CARLI DE CATALUNYA - P. C. de C.,0,0,Ministerio del Interior / portal oficial de datos abiertos,PRIMARY_OFFICIAL
2008,2008-03-09,20 - Gipuzkoa,PARTIT CARLI DE CATALUNYA - PCaC,0,0,Ministerio del Interior / portal oficial de datos abiertos,PRIMARY_OFFICIAL
2008,2008-03-09,20 - Gipuzkoa,PARTIT COMUNISTA DEL POBLE DE CATALUNYA - P.C.P.C.,0,0,Ministerio del Interior / portal oficial de datos abiertos,PRIMARY_OFFICIAL
2008,2008-03-09,20 - Gipuzkoa,PARTIT COMUNISTA DELS POBLES D'ESPANYA - PCPE,0,0,Ministerio del Interior / portal oficial de datos abiertos,PRIMARY_OFFICIAL
2008,2008-03-09,20 - Gipuzkoa,PARTIT DELS SOCIALISTES DE CATALUNYA - PSC (PSC-PSOE),0,0,Ministerio del Interior / portal oficial de datos abiertos,PRIMARY_OFFICIAL
2008,2008-03-09,20 - Gipuzkoa,PARTIT DELS SOCIALISTES DE CATALUNYA - PSC-PSOE,0,0,Ministerio del Interior / portal oficial de datos abiertos,PRIMARY_OFFICIAL
2008,2008-03-09,20 - Gipuzkoa,PARTIT FAMILIA I VIDA - PFiV,0,0,Ministerio del Interior / portal oficial de datos abiertos,PRIMARY_OFFICIAL
2008,2008-03-09,20 - Gipuzkoa,PARTIT HUMANISTA - P.H.,0,0,Ministerio del Interior / portal oficial de datos abiertos,PRIMARY_OFFICIAL
2008,2008-03-09,20 - Gipuzkoa,PARTIT HUMANISTA - PH,0,0,Ministerio del Interior / portal oficial de datos abiertos,PRIMARY_OFFICIAL
2008,2008-03-09,20 - Gipuzkoa,PARTIT HUMANISTA DE CATALUNYA - PH,0,0,Ministerio del Interior / portal oficial de datos abiertos,PRIMARY_OFFICIAL
2008,2008-03-09,20 - Gipuzkoa,PARTIT ILLENC DE SES ILLES BALEARS - PIIB,0,0,Ministerio del Interior / portal oficial de datos abiertos,PRIMARY_OFFICIAL
2008,2008-03-09,20 - Gipuzkoa,PARTIT OBRER SOCIALISTA INTERNACIONALISTA - P.O.S.I.,0,0,Ministerio del Interior / portal oficial de datos abiertos,PRIMARY_OFFICIAL
2008,2008-03-09,20 - Gipuzkoa,PARTIT OBRER SOCIALISTA INTERNACIONALISTA - POSI,0,0,Ministerio del Interior / portal oficial de datos abiertos,PRIMARY_OFFICIAL
2008,2008-03-09,20 - Gipuzkoa,PARTIT PER CATALUNYA - PxCat,0,0,Ministerio del Interior / portal oficial de datos abiertos,PRIMARY_OFFICIAL
2008,2008-03-09,20 - Gipuzkoa,PARTIT POPULAR/PARTIDO POPULAR - P.P.,0,0,Ministerio del Interior / portal oficial de datos abiertos,PRIMARY_OFFICIAL
2008,2008-03-09,20 - Gipuzkoa,PARTIT REPUBLICA CATALA - RC,0,0,Ministerio del Interior / portal oficial de datos abiertos,PRIMARY_OFFICIAL
2008,2008-03-09,20 - Gipuzkoa,PER LA REPUBLICA VALENCIANA - PLRV,0,0,Ministerio del Interior / portal oficial de datos abiertos,PRIMARY_OFFICIAL
2008,2008-03-09,20 - Gipuzkoa,PER LA REPUBLICA VALENCIANA - plRV,0,0,Ministerio del Interior / portal oficial de datos abiertos,PRIMARY_OFFICIAL
2008,2008-03-09,20 - Gipuzkoa,POR UN MUNDO MAS JUSTO - PUM+J,642,0,Ministerio del Interior / portal oficial de datos abiertos,PRIMARY_OFFICIAL
2008,2008-03-09,20 - Gipuzkoa,REPRESENTACION CANNABICA NAVARRA - RCN-NOK,0,0,Ministerio del Interior / portal oficial de datos abiertos,PRIMARY_OFFICIAL
2008,2008-03-09,20 - Gipuzkoa,SOLIDARIDAD Y AUTOGESTION INTERNACIONALISTA - SAIN,0,0,Ministerio del Interior / portal oficial de datos abiertos,PRIMARY_OFFICIAL
2008,2008-03-09,20 - Gipuzkoa,SOLIDARIDAD Y AUTOGESTION INTERNACIONALISTA - SAIn,0,0,Ministerio del Interior / portal oficial de datos abiertos,PRIMARY_OFFICIAL
2008,2008-03-09,20 - Gipuzkoa,TIERRA COMUNERA - TC,0,0,Ministerio del Interior / portal oficial de datos abiertos,PRIMARY_OFFICIAL
2008,2008-03-09,20 - Gipuzkoa,UNIDA - UNIDA,0,0,Ministerio del Interior / portal oficial de datos abiertos,PRIMARY_OFFICIAL
2008,2008-03-09,20 - Gipuzkoa,UNIDAD CASTELLANA - Ud. Ca.,0,0,Ministerio del Interior / portal oficial de datos abiertos,PRIMARY_OFFICIAL
2008,2008-03-09,20 - Gipuzkoa,UNIDAD DEL PUEBLO - UNIDAD DEL PUEBLO,0,0,Ministerio del Interior / portal oficial de datos abiertos,PRIMARY_OFFICIAL
2008,2008-03-09,20 - Gipuzkoa,UNIDAD REGIONALISTA DE CASTILLA Y LEON - U.R.C.L.,0,0,Ministerio del Interior / portal oficial de datos abiertos,PRIMARY_OFFICIAL
2008,2008-03-09,20 - Gipuzkoa,UNION CENTRISTA LIBERAL - UCL,44,0,Ministerio del Interior / portal oficial de datos abiertos,PRIMARY_OFFICIAL
2008,2008-03-09,20 - Gipuzkoa,UNION CIUDADANA PROGRESISTAS INDEPENDIENTES DE CANARIAS - UCPIC,0,0,Ministerio del Interior / portal oficial de datos abiertos,PRIMARY_OFFICIAL
2008,2008-03-09,20 - Gipuzkoa,UNION DEL PUEBLO LEONES - UPL,0,0,Ministerio del Interior / portal oficial de datos abiertos,PRIMARY_OFFICIAL
2008,2008-03-09,20 - Gipuzkoa,UNION DEL PUEBLO NAVARRO EN COALICION CON EL PARTIDO POPULAR - UPN-PP,0,0,Ministerio del Interior / portal oficial de datos abiertos,PRIMARY_OFFICIAL
2008,2008-03-09,20 - Gipuzkoa,UNION POR LEGANES - ULEG,0,0,Ministerio del Interior / portal oficial de datos abiertos,PRIMARY_OFFICIAL
2008,2008-03-09,20 - Gipuzkoa,UNION PROGRESO Y DEMOCRACIA - UPD,0,0,Ministerio del Interior / portal oficial de datos abiertos,PRIMARY_OFFICIAL
2008,2008-03-09,20 - Gipuzkoa,UNION PROGRESO Y DEMOCRACIA - UPyD,2620,0,Ministerio del Interior / portal oficial de datos abiertos,PRIMARY_OFFICIAL
2008,2008-03-09,20 - Gipuzkoa,"UNION, PROGRESO Y DEMOCRACIA - UPyD",0,0,Ministerio del Interior / portal oficial de datos abiertos,PRIMARY_OFFICIAL
2008,2008-03-09,20 - Gipuzkoa,UNITAT PER LES ILLES - UNITAT PER LES ILLES,0,0,Ministerio del Interior / portal oficial de datos abiertos,PRIMARY_OFFICIAL
2008,2008-03-09,21 - Huelva,AGRUPACION CIUDADANA - AGRUCI,0,0,Ministerio del Interior / portal oficial de datos abiertos,PRIMARY_OFFICIAL
2008,2008-03-09,21 - Huelva,ALIANZA NACIONAL - A.u.N.,0,0,Ministerio del Interior / portal oficial de datos abiertos,PRIMARY_OFFICIAL
2008,2008-03-09,21 - Huelva,ALIANZA NACIONAL - AN,0,0,Ministerio del Interior / portal oficial de datos abiertos,PRIMARY_OFFICIAL
2008,2008-03-09,21 - Huelva,ALIANZA NACIONAL - AUN,0,0,Ministerio del Interior / portal oficial de datos abiertos,PRIMARY_OFFICIAL
2008,2008-03-09,21 - Huelva,ALIANZA NACIONAL - AuN,0,0,Ministerio del Interior / portal oficial de datos abiertos,PRIMARY_OFFICIAL
2008,2008-03-09,21 - Huelva,ALIANZA POR BURGOS - AxB,0,0,Ministerio del Interior / portal oficial de datos abiertos,PRIMARY_OFFICIAL
2008,2008-03-09,21 - Huelva,ALIANÇA BALEAR - ABA,0,0,Ministerio del Interior / portal oficial de datos abiertos,PRIMARY_OFFICIAL
2008,2008-03-09,21 - Huelva,ALTERNATIVA EN BLANCO - ABLA,0,0,Ministerio del Interior / portal oficial de datos abiertos,PRIMARY_OFFICIAL
2008,2008-03-09,21 - Huelva,ALTERNATIVA EN BLANCO - aBla,0,0,Ministerio del Interior / portal oficial de datos abiertos,PRIMARY_OFFICIAL
2008,2008-03-09,21 - Huelva,ALTERNATIVA ESPAÑOLA - AES,81,0,Ministerio del Interior / portal oficial de datos abiertos,PRIMARY_OFFICIAL
2008,2008-03-09,21 - Huelva,ALTERNATIVA MOTOR Y DEPORTE - A.M.D.,0,0,Ministerio del Interior / portal oficial de datos abiertos,PRIMARY_OFFICIAL
2008,2008-03-09,21 - Huelva,ALTERNATIVA MOTOR Y DEPORTES - A.M.D.,0,0,Ministerio del Interior / portal oficial de datos abiertos,PRIMARY_OFFICIAL
2008,2008-03-09,21 - Huelva,ALTERNATIVA MOTOR Y DEPORTES - AMD,0,0,Ministerio del Interior / portal oficial de datos abiertos,PRIMARY_OFFICIAL
2008,2008-03-09,21 - Huelva,ALTERNATIVA NACIONALISTA CANARIA - ANC,0,0,Ministerio del Interior / portal oficial de datos abiertos,PRIMARY_OFFICIAL
2008,2008-03-09,21 - Huelva,ANDECHA ASTUR - AA,0,0,Ministerio del Interior / portal oficial de datos abiertos,PRIMARY_OFFICIAL
2008,2008-03-09,21 - Huelva,ARALAR - aralar,0,0,Ministerio del Interior / portal oficial de datos abiertos,PRIMARY_OFFICIAL
2008,2008-03-09,21 - Huelva,ASAMBLEA DE VOTACION ELECTRONICA - AVE,0,0,Ministerio del Interior / portal oficial de datos abiertos,PRIMARY_OFFICIAL
2008,2008-03-09,21 - Huelva,BERDEAK-LOS VERDES - B-LV,0,0,Ministerio del Interior / portal oficial de datos abiertos,PRIMARY_OFFICIAL
2008,2008-03-09,21 - Huelva,BLOC-INICIATIVA-VERDS - BLOC-IDPV-EV-EE,0,0,Ministerio del Interior / portal oficial de datos abiertos,PRIMARY_OFFICIAL
2008,2008-03-09,21 - Huelva,BLOC-INICIATIVA-VERDS - BLOC-IdPV-EV-EE,0,0,Ministerio del Interior / portal oficial de datos abiertos,PRIMARY_OFFICIAL
2008,2008-03-09,21 - Huelva,BLOQUE NACIONALISTA GALEGO - B.N.G.,0,0,Ministerio del Interior / portal oficial de datos abiertos,PRIMARY_OFFICIAL
2008,2008-03-09,21 - Huelva,BLOQUE NACIONALISTA GALEGO - BNG,0,0,Ministerio del Interior / portal oficial de datos abiertos,PRIMARY_OFFICIAL
2008,2008-03-09,21 - Huelva,CENTRO DEMOCRATICO ESPAÑOL - C.D.Es.,0,0,Ministerio del Interior / portal oficial de datos abiertos,PRIMARY_OFFICIAL
2008,2008-03-09,21 - Huelva,CENTRO DEMOCRATICO ESPAÑOL - CDEs,0,0,Ministerio del Interior / portal oficial de datos abiertos,PRIMARY_OFFICIAL
2008,2008-03-09,21 - Huelva,CENTRO DEMOCRATICO LIBERAL - C.D.L.,0,0,Ministerio del Interior / portal oficial de datos abiertos,PRIMARY_OFFICIAL
2008,2008-03-09,21 - Huelva,CENTRO DEMOCRATICO LIBERAL - CDL,0,0,Ministerio del Interior / portal oficial de datos abiertos,PRIMARY_OFFICIAL
2008,2008-03-09,21 - Huelva,CENTRO DEMOCRATICO SOCIAL - C.D.S.,0,0,Ministerio del Interior / portal oficial de datos abiertos,PRIMARY_OFFICIAL
2008,2008-03-09,21 - Huelva,CENTRO DEMOCRATICO Y SOCIAL - CDS,0,0,Ministerio del Interior / portal oficial de datos abiertos,PRIMARY_OFFICIAL
2008,2008-03-09,21 - Huelva,CHUNTA ARAGONESISTA - CHA,0,0,Ministerio del Interior / portal oficial de datos abiertos,PRIMARY_OFFICIAL
2008,2008-03-09,21 - Huelva,CIUDADANOS EN BLANCO - CENB,0,0,Ministerio del Interior / portal oficial de datos abiertos,PRIMARY_OFFICIAL
2008,2008-03-09,21 - Huelva,CIUDADANOS EN BLANCO - CNB,0,0,Ministerio del Interior / portal oficial de datos abiertos,PRIMARY_OFFICIAL
2008,2008-03-09,21 - Huelva,CIUDADANOS EN BLANCO - CenB,0,0,Ministerio del Interior / portal oficial de datos abiertos,PRIMARY_OFFICIAL
2008,2008-03-09,21 - Huelva,CIUDADANOS EN BLANCO - Cenb,0,0,Ministerio del Interior / portal oficial de datos abiertos,PRIMARY_OFFICIAL
2008,2008-03-09,21 - Huelva,CIUDADANOS PARTIDO DE LA CIUDADANIA - C's,0,0,Ministerio del Interior / portal oficial de datos abiertos,PRIMARY_OFFICIAL
2008,2008-03-09,21 - Huelva,CIUDADANOS-PARTIDO DE LA CIUDADANIA - C's,167,0,Ministerio del Interior / portal oficial de datos abiertos,PRIMARY_OFFICIAL
2008,2008-03-09,21 - Huelva,"CIUDADANOS-PARTIDO DE LA CIUDADANIA - C,S",0,0,Ministerio del Interior / portal oficial de datos abiertos,PRIMARY_OFFICIAL
2008,2008-03-09,21 - Huelva,CIUTADANS-PARTIDO DE LA CIUDADANIA - C's,0,0,Ministerio del Interior / portal oficial de datos abiertos,PRIMARY_OFFICIAL
2008,2008-03-09,21 - Huelva,COALICIO TREBALLADORS PER LA DEMOCRACIA - TD,0,0,Ministerio del Interior / portal oficial de datos abiertos,PRIMARY_OFFICIAL
2008,2008-03-09,21 - Huelva,COALICIO VALENCIANA - CVa,0,0,Ministerio del Interior / portal oficial de datos abiertos,PRIMARY_OFFICIAL
2008,2008-03-09,21 - Huelva,COALICION ANDALUCISTA - CA,4110,0,Ministerio del Interior / portal oficial de datos abiertos,PRIMARY_OFFICIAL
2008,2008-03-09,21 - Huelva,COALICION CANARIA-PARTIDO NACIONALISTA CANARIO - CC-PNC,0,0,Ministerio del Interior / portal oficial de datos abiertos,PRIMARY_OFFICIAL
2008,2008-03-09,21 - Huelva,COALICION CANARIA-PARTIDO NACIONALISTA CANARIO-PARTIDO DE INDEPENDIENTES DE LANZAROTE - CC-PNC-PIL,0,0,Ministerio del Interior / portal oficial de datos abiertos,PRIMARY_OFFICIAL
2008,2008-03-09,21 - Huelva,COMUNION TRADICIONALISTA CARLISTA - C.T.C.,0,0,Ministerio del Interior / portal oficial de datos abiertos,PRIMARY_OFFICIAL
2008,2008-03-09,21 - Huelva,COMUNION TRADICIONALISTA CARLISTA - CTC,0,0,Ministerio del Interior / portal oficial de datos abiertos,PRIMARY_OFFICIAL
2008,2008-03-09,21 - Huelva,CONVERGENCIA DEMOCRATICA ASTURIANA - CDAS,0,0,Ministerio del Interior / portal oficial de datos abiertos,PRIMARY_OFFICIAL
2008,2008-03-09,21 - Huelva,CONVERGENCIA I UNIO - CIU,0,0,Ministerio del Interior / portal oficial de datos abiertos,PRIMARY_OFFICIAL
2008,2008-03-09,21 - Huelva,CONVERGENCIA I UNIO - CiU,0,0,Ministerio del Interior / portal oficial de datos abiertos,PRIMARY_OFFICIAL
2008,2008-03-09,21 - Huelva,DEMOCRACIA NACIONAL - D.N.,0,0,Ministerio del Interior / portal oficial de datos abiertos,PRIMARY_OFFICIAL
2008,2008-03-09,21 - Huelva,DEMOCRACIA NACIONAL - DN,200,0,Ministerio del Interior / portal oficial de datos abiertos,PRIMARY_OFFICIAL
2008,2008-03-09,21 - Huelva,EI ESCONS INSUBMISOS-ALTERNATIVA DELS DEMOCRATES DESCONTENTS - Ei,0,0,Ministerio del Interior / portal oficial de datos abiertos,PRIMARY_OFFICIAL
2008,2008-03-09,21 - Huelva,ELS VERDS - L'ALTERNATIVA ECOLOGISTA - EV-AE,0,0,Ministerio del Interior / portal oficial de datos abiertos,PRIMARY_OFFICIAL
2008,2008-03-09,21 - Huelva,ELS VERDS-ALTERNATIVA VERDA - E.V.-A.V.,0,0,Ministerio del Interior / portal oficial de datos abiertos,PRIMARY_OFFICIAL
2008,2008-03-09,21 - Huelva,ELS VERDS-LOS VERDES - EV-LV,0,0,Ministerio del Interior / portal oficial de datos abiertos,PRIMARY_OFFICIAL
2008,2008-03-09,21 - Huelva,ESCONS INSUBMISOS ALTERNATIVA DELS DEMOCRATES DESCONTENTS - EI-ADD,0,0,Ministerio del Interior / portal oficial de datos abiertos,PRIMARY_OFFICIAL
2008,2008-03-09,21 - Huelva,ESCONS INSUBMISOS-ALTERNATIVA DELS DEMOCRATES DESCONTENTS - Ei,0,0,Ministerio del Interior / portal oficial de datos abiertos,PRIMARY_OFFICIAL
2008,2008-03-09,21 - Huelva,ESPAÑA 2000 - E-2000,99,0,Ministerio del Interior / portal oficial de datos abiertos,PRIMARY_OFFICIAL
2008,2008-03-09,21 - Huelva,ESPAÑA-2000 - E-2000,0,0,Ministerio del Interior / portal oficial de datos abiertos,PRIMARY_OFFICIAL
2008,2008-03-09,21 - Huelva,ESQUERDA UNIDA-IZQUIERDA UNIDA-ALTERNATIVA - EU-IU,0,0,Ministerio del Interior / portal oficial de datos abiertos,PRIMARY_OFFICIAL
2008,2008-03-09,21 - Huelva,ESQUERRA REPUBLICANA DE CATALUNYA - ESQUERRA,0,0,Ministerio del Interior / portal oficial de datos abiertos,PRIMARY_OFFICIAL
2008,2008-03-09,21 - Huelva,ESQUERRA REPUBLICANA DE CATALUNYA - esquerra,0,0,Ministerio del Interior / portal oficial de datos abiertos,PRIMARY_OFFICIAL
2008,2008-03-09,21 - Huelva,ESQUERRA REPUBLICANA DEL PAIS VALENCIA-PAIS VALENCIA SI - ESQUERRA-PV,0,0,Ministerio del Interior / portal oficial de datos abiertos,PRIMARY_OFFICIAL
2008,2008-03-09,21 - Huelva,"ESQUERRA REPUBLICANA DEL PAIS VALENCIA-PAIS VALENCIA, SI - ESQUERRA-PV",0,0,Ministerio del Interior / portal oficial de datos abiertos,PRIMARY_OFFICIAL
2008,2008-03-09,21 - Huelva,ESQUERRA UNIDA - ELS VERDS - EU-EV,0,0,Ministerio del Interior / portal oficial de datos abiertos,PRIMARY_OFFICIAL
2008,2008-03-09,21 - Huelva,ESQUERRA UNIDA DEL PAIS VALENCIA-IZQUIERDA REPUBLICANA: ESQUERRA UNIDA I REPUBLICANA - EUPV-IR,0,0,Ministerio del Interior / portal oficial de datos abiertos,PRIMARY_OFFICIAL
2008,2008-03-09,21 - Huelva,ESQUERRA UNIDA DEL PAIS VALENCIA-IZQUIERDA REPUBLICANA:ESQUERRA UNIDA I REPUBLICANA - EUPV-IR,0,0,Ministerio del Interior / portal oficial de datos abiertos,PRIMARY_OFFICIAL
2008,2008-03-09,21 - Huelva,EUSKO ALKARTASUNA - EA,0,0,Ministerio del Interior / portal oficial de datos abiertos,PRIMARY_OFFICIAL
2008,2008-03-09,21 - Huelva,EUZKO ALDERDI JELTZALEA-PARTIDO NACIONALISTA VASCO - EAJ-PNV,0,0,Ministerio del Interior / portal oficial de datos abiertos,PRIMARY_OFFICIAL
2008,2008-03-09,21 - Huelva,EXTREMADURA UNIDA - EXTREMADURA UNIDA,0,0,Ministerio del Interior / portal oficial de datos abiertos,PRIMARY_OFFICIAL
2008,2008-03-09,21 - Huelva,EZKER BATUA-BERDEAK-ALTERNATIVA - EB-B,0,0,Ministerio del Interior / portal oficial de datos abiertos,PRIMARY_OFFICIAL
2008,2008-03-09,21 - Huelva,FALANGE AUTENTICA - F.A.,0,0,Ministerio del Interior / portal oficial de datos abiertos,PRIMARY_OFFICIAL
2008,2008-03-09,21 - Huelva,FALANGE AUTENTICA - FA,0,0,Ministerio del Interior / portal oficial de datos abiertos,PRIMARY_OFFICIAL
2008,2008-03-09,21 - Huelva,FALANGE ESPAÑOLA DE LA JONS - FE de las JONS,0,0,Ministerio del Interior / portal oficial de datos abiertos,PRIMARY_OFFICIAL
2008,2008-03-09,21 - Huelva,FALANGE ESPAÑOLA DE LAS J.O.N.S. - F.E. de las J.O.N.S.,0,0,Ministerio del Interior / portal oficial de datos abiertos,PRIMARY_OFFICIAL
2008,2008-03-09,21 - Huelva,FALANGE ESPAÑOLA DE LAS J.O.N.S. - FE de las JONS,0,0,Ministerio del Interior / portal oficial de datos abiertos,PRIMARY_OFFICIAL
2008,2008-03-09,21 - Huelva,FALANGE ESPAÑOLA DE LAS J.O.N.S. - FE-JONS,0,0,Ministerio del Interior / portal oficial de datos abiertos,PRIMARY_OFFICIAL
2008,2008-03-09,21 - Huelva,FALANGE ESPAÑOLA DE LAS JONS - F.E. de las J.O.N.S.,0,0,Ministerio del Interior / portal oficial de datos abiertos,PRIMARY_OFFICIAL
2008,2008-03-09,21 - Huelva,FALANGE ESPAÑOLA DE LAS JONS - FE DE LAS JONS,0,0,Ministerio del Interior / portal oficial de datos abiertos,PRIMARY_OFFICIAL
2008,2008-03-09,21 - Huelva,FALANGE ESPAÑOLA DE LAS JONS - FE de las JONS,113,0,Ministerio del Interior / portal oficial de datos abiertos,PRIMARY_OFFICIAL
2008,2008-03-09,21 - Huelva,FALANGE ESPAÑOLA DE LAS JONS - FE-JONS,0,0,Ministerio del Interior / portal oficial de datos abiertos,PRIMARY_OFFICIAL
2008,2008-03-09,21 - Huelva,FAMILIA I VIDA - PFiV,0,0,Ministerio del Interior / portal oficial de datos abiertos,PRIMARY_OFFICIAL
2008,2008-03-09,21 - Huelva,FAMILIA Y VIDA - PFyV,0,0,Ministerio del Interior / portal oficial de datos abiertos,PRIMARY_OFFICIAL
2008,2008-03-09,21 - Huelva,FRENTE ESPAÑOL - F.E,0,0,Ministerio del Interior / portal oficial de datos abiertos,PRIMARY_OFFICIAL
2008,2008-03-09,21 - Huelva,FRENTE ESPAÑOL - F.E.,0,0,Ministerio del Interior / portal oficial de datos abiertos,PRIMARY_OFFICIAL
2008,2008-03-09,21 - Huelva,FRENTE ESPAÑOL - FRENTE,0,0,Ministerio del Interior / portal oficial de datos abiertos,PRIMARY_OFFICIAL
2008,2008-03-09,21 - Huelva,GENTES DE EL BIERZO - PB-UB,0,0,Ministerio del Interior / portal oficial de datos abiertos,PRIMARY_OFFICIAL
2008,2008-03-09,21 - Huelva,IDENTITAT REGNE DE VALENCIA - IRV,0,0,Ministerio del Interior / portal oficial de datos abiertos,PRIMARY_OFFICIAL
2008,2008-03-09,21 - Huelva,INDEPENDIENTES POR CUENCA - ixC,0,0,Ministerio del Interior / portal oficial de datos abiertos,PRIMARY_OFFICIAL
2008,2008-03-09,21 - Huelva,INICIATIVA CIUDADANA BURGALESA - I.C.Bur,0,0,Ministerio del Interior / portal oficial de datos abiertos,PRIMARY_OFFICIAL
2008,2008-03-09,21 - Huelva,INICIATIVA MERINDADES DE CASTILLA - I.M.C.,0,0,Ministerio del Interior / portal oficial de datos abiertos,PRIMARY_OFFICIAL
2008,2008-03-09,21 - Huelva,INICIATIVA PER CATALUNYA VERDS - ESQUERRA UNIDA I ALTERNATIVA - ICV-EUiA,0,0,Ministerio del Interior / portal oficial de datos abiertos,PRIMARY_OFFICIAL
2008,2008-03-09,21 - Huelva,INICIATIVA PER CATALUNYA VERDS-ESQUERRA UNIDA I ALTERNATIVA - ICV-EUiA,0,0,Ministerio del Interior / portal oficial de datos abiertos,PRIMARY_OFFICIAL
2008,2008-03-09,21 - Huelva,IZQUIERDA REPUBLICANA - IR,0,0,Ministerio del Interior / portal oficial de datos abiertos,PRIMARY_OFFICIAL
2008,2008-03-09,21 - Huelva,IZQUIERDA REPUBLICANA-PARTIT REPUBLICA D'ESQUERRA - IR-PRE,0,0,Ministerio del Interior / portal oficial de datos abiertos,PRIMARY_OFFICIAL
2008,2008-03-09,21 - Huelva,IZQUIERDA UNIDA - BLOQUE POR ASTURIES - LOS VERDES - IU-B.A-LOS VERDES,0,0,Ministerio del Interior / portal oficial de datos abiertos,PRIMARY_OFFICIAL
2008,2008-03-09,21 - Huelva,IZQUIERDA UNIDA CANARIA-ALTERNATIVA - IUC,0,0,Ministerio del Interior / portal oficial de datos abiertos,PRIMARY_OFFICIAL
2008,2008-03-09,21 - Huelva,IZQUIERDA UNIDA COMUNIDAD DE MADRID-ALTERNATIVA - IU-CM.,0,0,Ministerio del Interior / portal oficial de datos abiertos,PRIMARY_OFFICIAL
2008,2008-03-09,21 - Huelva,IZQUIERDA UNIDA DE CEUTA - I.U.,0,0,Ministerio del Interior / portal oficial de datos abiertos,PRIMARY_OFFICIAL
2008,2008-03-09,21 - Huelva,IZQUIERDA UNIDA DE LA REGION DE MURCIA-ALTERNATIVA - I.U.R.M.,0,0,Ministerio del Interior / portal oficial de datos abiertos,PRIMARY_OFFICIAL
2008,2008-03-09,21 - Huelva,IZQUIERDA UNIDA DE NAVARRA - NAFARROAKO EZKER BATUA - ALTERNATIVA - IUN-NEB,0,0,Ministerio del Interior / portal oficial de datos abiertos,PRIMARY_OFFICIAL
2008,2008-03-09,21 - Huelva,IZQUIERDA UNIDA LOS VERDES CONVOCATORIA POR ANDALUCIA-ALTERNATIVA - IULV-CA,0,0,Ministerio del Interior / portal oficial de datos abiertos,PRIMARY_OFFICIAL
2008,2008-03-09,21 - Huelva,IZQUIERDA UNIDA LOS VERDES-CONVOCATORIA POR ANDALUCIA - ALTERNATIVA - IULV-CA,0,0,Ministerio del Interior / portal oficial de datos abiertos,PRIMARY_OFFICIAL
2008,2008-03-09,21 - Huelva,IZQUIERDA UNIDA LOS VERDES-CONVOCATORIA POR ANDALUCIA-ALTERNATIVA - IULV-CA,13210,0,Ministerio del Interior / portal oficial de datos abiertos,PRIMARY_OFFICIAL
2008,2008-03-09,21 - Huelva,IZQUIERDA UNIDA-ALTERNATIVA - I.U.,0,0,Ministerio del Interior / portal oficial de datos abiertos,PRIMARY_OFFICIAL
2008,2008-03-09,21 - Huelva,IZQUIERDA UNIDA-ALTERNATIVA - IU,0,0,Ministerio del Interior / portal oficial de datos abiertos,PRIMARY_OFFICIAL
2008,2008-03-09,21 - Huelva,LLUITA INTERNACIONALISTA - (LI(LIT-CI)),0,0,Ministerio del Interior / portal oficial de datos abiertos,PRIMARY_OFFICIAL
2008,2008-03-09,21 - Huelva,LLUITA INTERNACIONALISTA - L.I.(LIT-CI),0,0,Ministerio del Interior / portal oficial de datos abiertos,PRIMARY_OFFICIAL
2008,2008-03-09,21 - Huelva,LLUITA INTERNACIONALISTA - LI-LITCI,0,0,Ministerio del Interior / portal oficial de datos abiertos,PRIMARY_OFFICIAL
2008,2008-03-09,21 - Huelva,LOS VERDES - LOS VERDES,0,0,Ministerio del Interior / portal oficial de datos abiertos,PRIMARY_OFFICIAL
2008,2008-03-09,21 - Huelva,LOS VERDES - LV,0,0,Ministerio del Interior / portal oficial de datos abiertos,PRIMARY_OFFICIAL
2008,2008-03-09,21 - Huelva,LOS VERDES - VERDES,721,0,Ministerio del Interior / portal oficial de datos abiertos,PRIMARY_OFFICIAL
2008,2008-03-09,21 - Huelva,LOS VERDES COMUNIDAD DE MADRID-LOS VERDES DE EUROPA - LVCM-LVE,0,0,Ministerio del Interior / portal oficial de datos abiertos,PRIMARY_OFFICIAL
2008,2008-03-09,21 - Huelva,LOS VERDES DE EUROPA - LOS VERDES DE EUROPA,0,0,Ministerio del Interior / portal oficial de datos abiertos,PRIMARY_OFFICIAL
2008,2008-03-09,21 - Huelva,LOS VERDES DE EUROPA - LVE,0,0,Ministerio del Interior / portal oficial de datos abiertos,PRIMARY_OFFICIAL
2008,2008-03-09,21 - Huelva,LOS VERDES DE EXTREMADURA - LV,0,0,Ministerio del Interior / portal oficial de datos abiertos,PRIMARY_OFFICIAL
2008,2008-03-09,21 - Huelva,LOS VERDES-ELS VERDS - LV-EV,0,0,Ministerio del Interior / portal oficial de datos abiertos,PRIMARY_OFFICIAL
2008,2008-03-09,21 - Huelva,LOS VERDES-GRUPO VERDE - L.V.,0,0,Ministerio del Interior / portal oficial de datos abiertos,PRIMARY_OFFICIAL
2008,2008-03-09,21 - Huelva,LOS VERDES-GRUPO VERDE - LV,0,0,Ministerio del Interior / portal oficial de datos abiertos,PRIMARY_OFFICIAL
2008,2008-03-09,21 - Huelva,LOS VERDES-GRUPO VERDE - LV-GV,0,0,Ministerio del Interior / portal oficial de datos abiertos,PRIMARY_OFFICIAL
2008,2008-03-09,21 - Huelva,LUCHA INTERNACIONALISTA - LI-LITCI,0,0,Ministerio del Interior / portal oficial de datos abiertos,PRIMARY_OFFICIAL
2008,2008-03-09,21 - Huelva,MOVIMIENTO FALANGISTA DE ESPAÑA - M.F.E.,0,0,Ministerio del Interior / portal oficial de datos abiertos,PRIMARY_OFFICIAL
2008,2008-03-09,21 - Huelva,MOVIMIENTO POR LA UNIDAD DEL PUEBLO CANARIO - MUPC,0,0,Ministerio del Interior / portal oficial de datos abiertos,PRIMARY_OFFICIAL
2008,2008-03-09,21 - Huelva,NAFARROA BAI - NA-BAI,0,0,Ministerio del Interior / portal oficial de datos abiertos,PRIMARY_OFFICIAL
2008,2008-03-09,21 - Huelva,NOSALTRES SOM - N som,0,0,Ministerio del Interior / portal oficial de datos abiertos,PRIMARY_OFFICIAL
2008,2008-03-09,21 - Huelva,NUEVA CANARIAS-CENTRO CANARIO - NC-CCN,0,0,Ministerio del Interior / portal oficial de datos abiertos,PRIMARY_OFFICIAL
2008,2008-03-09,21 - Huelva,OPCIO NACIONALISTA VALENCIANA - O.N.V.,0,0,Ministerio del Interior / portal oficial de datos abiertos,PRIMARY_OFFICIAL
2008,2008-03-09,21 - Huelva,OPCIO NACIONALISTA VALENCIANA - ONV,0,0,Ministerio del Interior / portal oficial de datos abiertos,PRIMARY_OFFICIAL
2008,2008-03-09,21 - Huelva,OS VERDES - GRUPO VERDE - OV,0,0,Ministerio del Interior / portal oficial de datos abiertos,PRIMARY_OFFICIAL
2008,2008-03-09,21 - Huelva,PARTIDO ALTERNATIVA MOTOR Y DEPORTES - A.M.D.,0,0,Ministerio del Interior / portal oficial de datos abiertos,PRIMARY_OFFICIAL
2008,2008-03-09,21 - Huelva,PARTIDO ANTITAURINO CONTRA EL MALTRATO ANIMAL - P.A.C.M.A,0,0,Ministerio del Interior / portal oficial de datos abiertos,PRIMARY_OFFICIAL
2008,2008-03-09,21 - Huelva,PARTIDO ANTITAURINO CONTRA EL MALTRATO ANIMAL - P.A.C.M.A.,350,0,Ministerio del Interior / portal oficial de datos abiertos,PRIMARY_OFFICIAL
2008,2008-03-09,21 - Huelva,PARTIDO ANTITAURINO CONTRA EL MALTRATO ANIMAL - PACMA,0,0,Ministerio del Interior / portal oficial de datos abiertos,PRIMARY_OFFICIAL
2008,2008-03-09,21 - Huelva,PARTIDO ARAGONES - PAR,0,0,Ministerio del Interior / portal oficial de datos abiertos,PRIMARY_OFFICIAL
2008,2008-03-09,21 - Huelva,PARTIDO CARLISTA - P.C.,0,0,Ministerio del Interior / portal oficial de datos abiertos,PRIMARY_OFFICIAL
2008,2008-03-09,21 - Huelva,PARTIDO CARLISTA - PARTIDO CARLISTA,0,0,Ministerio del Interior / portal oficial de datos abiertos,PRIMARY_OFFICIAL
2008,2008-03-09,21 - Huelva,PARTIDO CARLISTA - PC,0,0,Ministerio del Interior / portal oficial de datos abiertos,PRIMARY_OFFICIAL
2008,2008-03-09,21 - Huelva,PARTIDO CARLISTA DE EUSKALERRIA-PARTIDO CARLISTA - EKA-PC.,0,0,Ministerio del Interior / portal oficial de datos abiertos,PRIMARY_OFFICIAL
2008,2008-03-09,21 - Huelva,PARTIDO CARLISTA DE EUSKALHERRIA-EUSKALHERRIKO KARLISTA ALDERDIA - PARTIDO CARLISTA-EKA,0,0,Ministerio del Interior / portal oficial de datos abiertos,PRIMARY_OFFICIAL
2008,2008-03-09,21 - Huelva,PARTIDO CENTRISTA - PCTR,0,0,Ministerio del Interior / portal oficial de datos abiertos,PRIMARY_OFFICIAL
2008,2008-03-09,21 - Huelva,PARTIDO CENTRISTAS - Centristas PCTR,0,0,Ministerio del Interior / portal oficial de datos abiertos,PRIMARY_OFFICIAL
2008,2008-03-09,21 - Huelva,PARTIDO CENTRISTAS - PCTR,0,0,Ministerio del Interior / portal oficial de datos abiertos,PRIMARY_OFFICIAL
2008,2008-03-09,21 - Huelva,PARTIDO CIUDADANOS UNIDOS DE ARAGON - pCUA,0,0,Ministerio del Interior / portal oficial de datos abiertos,PRIMARY_OFFICIAL
2008,2008-03-09,21 - Huelva,PARTIDO COMUNISTA DE LOS PUEBLOS DE ESPAÑA - P.C.P.E.,0,0,Ministerio del Interior / portal oficial de datos abiertos,PRIMARY_OFFICIAL