2004,2004-03-14,4 - Almería,PARTIDO DE LA GENTE - LG,0,0,Ministerio del Interior / portal oficial de datos abiertos,PRIMARY_OFFICIAL
2004,2004-03-14,4 - Almería,PARTIDO DE LOS AUTONOMOS JUBILADOS Y VIUDAS - PAE,0,0,Ministerio del Interior / portal oficial de datos abiertos,PRIMARY_OFFICIAL
2004,2004-03-14,4 - Almería,PARTIDO DE LOS AUTONOMOS Y PROFESIONALES - AU.TO.NO.MO,0,0,Ministerio del Interior / portal oficial de datos abiertos,PRIMARY_OFFICIAL
2004,2004-03-14,4 - Almería,PARTIDO DE LOS TRABAJADORES EN PRECARIO - PTPRE,122,0,Ministerio del Interior / portal oficial de datos abiertos,PRIMARY_OFFICIAL
2004,2004-03-14,4 - Almería,PARTIDO DEL KARMA DEMOCRATICO - PKD,0,0,Ministerio del Interior / portal oficial de datos abiertos,PRIMARY_OFFICIAL
2004,2004-03-14,4 - Almería,PARTIDO DEL MUTUO APOYO ROMANTICO - PMAR,0,0,Ministerio del Interior / portal oficial de datos abiertos,PRIMARY_OFFICIAL
2004,2004-03-14,4 - Almería,PARTIDO DEMOCRATA ESPAÑOL - PADE,135,0,Ministerio del Interior / portal oficial de datos abiertos,PRIMARY_OFFICIAL
2004,2004-03-14,4 - Almería,PARTIDO DEMOCRATA NACIONAL DE ESPAÑA - PDN,0,0,Ministerio del Interior / portal oficial de datos abiertos,PRIMARY_OFFICIAL
2004,2004-03-14,4 - Almería,PARTIDO DOS SOCIALISTAS DE GALICIA-PSOE - PSdeG-PSOE,0,0,Ministerio del Interior / portal oficial de datos abiertos,PRIMARY_OFFICIAL
2004,2004-03-14,4 - Almería,PARTIDO FAMILIA I VIDA - PFiV,0,0,Ministerio del Interior / portal oficial de datos abiertos,PRIMARY_OFFICIAL
2004,2004-03-14,4 - Almería,PARTIDO FAMILIA Y VIDA - FyV,0,0,Ministerio del Interior / portal oficial de datos abiertos,PRIMARY_OFFICIAL
2004,2004-03-14,4 - Almería,PARTIDO FAMILIA Y VIDA - PFyV,172,0,Ministerio del Interior / portal oficial de datos abiertos,PRIMARY_OFFICIAL
2004,2004-03-14,4 - Almería,PARTIDO HUMANISTA - PH,205,0,Ministerio del Interior / portal oficial de datos abiertos,PRIMARY_OFFICIAL
2004,2004-03-14,4 - Almería,PARTIDO NACIONAL DE LOS TRABAJADORES - PNT,0,0,Ministerio del Interior / portal oficial de datos abiertos,PRIMARY_OFFICIAL
2004,2004-03-14,4 - Almería,PARTIDO NACIONALISTA CALO - PNCA,0,0,Ministerio del Interior / portal oficial de datos abiertos,PRIMARY_OFFICIAL
2004,2004-03-14,4 - Almería,PARTIDO NACIONALISTA CANARIO - PNC,0,0,Ministerio del Interior / portal oficial de datos abiertos,PRIMARY_OFFICIAL
2004,2004-03-14,4 - Almería,PARTIDO OBRERO SOCIALISTA INTERNACIONALISTA - POSI,0,0,Ministerio del Interior / portal oficial de datos abiertos,PRIMARY_OFFICIAL
2004,2004-03-14,4 - Almería,PARTIDO POPULAR - PP,135434,2,Ministerio del Interior / portal oficial de datos abiertos,PRIMARY_OFFICIAL
2004,2004-03-14,4 - Almería,PARTIDO POSITIVISTA CRISTIANO - PPCr,0,0,Ministerio del Interior / portal oficial de datos abiertos,PRIMARY_OFFICIAL
2004,2004-03-14,4 - Almería,PARTIDO REGIONALISTA DE GUADALAJARA - PRGU,0,0,Ministerio del Interior / portal oficial de datos abiertos,PRIMARY_OFFICIAL
2004,2004-03-14,4 - Almería,PARTIDO REPUBLICANO - PRF,0,0,Ministerio del Interior / portal oficial de datos abiertos,PRIMARY_OFFICIAL
2004,2004-03-14,4 - Almería,PARTIDO SOCIAL-DEMOCRATA ANDALUZ - PSDA,0,0,Ministerio del Interior / portal oficial de datos abiertos,PRIMARY_OFFICIAL
2004,2004-03-14,4 - Almería,PARTIDO SOCIALISTA DE ANDALUCIA - PSA,773,0,Ministerio del Interior / portal oficial de datos abiertos,PRIMARY_OFFICIAL
2004,2004-03-14,4 - Almería,PARTIDO SOCIALISTA DE EUSKADI-EUSKADIKO EZKERRA - PSE-EE(PSOE),0,0,Ministerio del Interior / portal oficial de datos abiertos,PRIMARY_OFFICIAL
2004,2004-03-14,4 - Almería,PARTIDO SOCIALISTA DEL PUEBLO DE CEUTA - PSPC,0,0,Ministerio del Interior / portal oficial de datos abiertos,PRIMARY_OFFICIAL
2004,2004-03-14,4 - Almería,PARTIDO SOCIALISTA OBRERO ESPAÑOL - PSOE,145868,3,Ministerio del Interior / portal oficial de datos abiertos,PRIMARY_OFFICIAL
2004,2004-03-14,4 - Almería,PARTIDO SOCIALISTA OBRERO ESPAÑOL DE ANDALUCIA - PSOE de A,0,0,Ministerio del Interior / portal oficial de datos abiertos,PRIMARY_OFFICIAL
2004,2004-03-14,4 - Almería,PARTIT CARLI DE CATALUNYA - PCdeC,0,0,Ministerio del Interior / portal oficial de datos abiertos,PRIMARY_OFFICIAL
2004,2004-03-14,4 - Almería,PARTIT COMUNISTA DEL POBLE DE CATALUNYA - PCPC,0,0,Ministerio del Interior / portal oficial de datos abiertos,PRIMARY_OFFICIAL
2004,2004-03-14,4 - Almería,PARTIT COMUNISTA DELS POBLES D'ESPANYA - PCPE,0,0,Ministerio del Interior / portal oficial de datos abiertos,PRIMARY_OFFICIAL
2004,2004-03-14,4 - Almería,PARTIT DELS SOCIALISTES DE CATALUNYA - PSC-PSOE,0,0,Ministerio del Interior / portal oficial de datos abiertos,PRIMARY_OFFICIAL
2004,2004-03-14,4 - Almería,PARTIT FAMILIA I VIDA - PFiV,0,0,Ministerio del Interior / portal oficial de datos abiertos,PRIMARY_OFFICIAL
2004,2004-03-14,4 - Almería,PARTIT HUMANISTA DE CATALUNYA - PHC,0,0,Ministerio del Interior / portal oficial de datos abiertos,PRIMARY_OFFICIAL
2004,2004-03-14,4 - Almería,PARTIT OBRER SOCIALISTA INTERNACIONALISTA - POSI,0,0,Ministerio del Interior / portal oficial de datos abiertos,PRIMARY_OFFICIAL
2004,2004-03-14,4 - Almería,PARTIT POPULAR - PP,0,0,Ministerio del Interior / portal oficial de datos abiertos,PRIMARY_OFFICIAL
2004,2004-03-14,4 - Almería,PARTIT POPULAR DE CATANLUNYA - PP,0,0,Ministerio del Interior / portal oficial de datos abiertos,PRIMARY_OFFICIAL
2004,2004-03-14,4 - Almería,PARTIU ASTURIANISTA - PAS,0,0,Ministerio del Interior / portal oficial de datos abiertos,PRIMARY_OFFICIAL
2004,2004-03-14,4 - Almería,"PSM-ENTESA NACIONALISTA,ESQUERRA UNIDA,E.VERDS,ERC - PSM-EN,EU,EV,ER",0,0,Ministerio del Interior / portal oficial de datos abiertos,PRIMARY_OFFICIAL
2004,2004-03-14,4 - Almería,"SALAMANCA, ZAMORA, LEON PREPAL - PREPAL",0,0,Ministerio del Interior / portal oficial de datos abiertos,PRIMARY_OFFICIAL
2004,2004-03-14,4 - Almería,TIERRA COMUNERA-PARTIDO NACIONALISTA CASTELLANO - TC-PNC,0,0,Ministerio del Interior / portal oficial de datos abiertos,PRIMARY_OFFICIAL
2004,2004-03-14,4 - Almería,UNIDAD CASTELLANA - Ud Ca,0,0,Ministerio del Interior / portal oficial de datos abiertos,PRIMARY_OFFICIAL
2004,2004-03-14,4 - Almería,UNIO CENTRISTES DE MENORCA - UCM,0,0,Ministerio del Interior / portal oficial de datos abiertos,PRIMARY_OFFICIAL
2004,2004-03-14,4 - Almería,UNIO MALLORQUINA - UM,0,0,Ministerio del Interior / portal oficial de datos abiertos,PRIMARY_OFFICIAL
2004,2004-03-14,4 - Almería,UNION CENTRISTA LIBERAL - UCL,0,0,Ministerio del Interior / portal oficial de datos abiertos,PRIMARY_OFFICIAL
2004,2004-03-14,4 - Almería,UNION DEL PUEBLO BALEAR - UPB,0,0,Ministerio del Interior / portal oficial de datos abiertos,PRIMARY_OFFICIAL
2004,2004-03-14,4 - Almería,UNION DEL PUEBLO LEONES - UPL,0,0,Ministerio del Interior / portal oficial de datos abiertos,PRIMARY_OFFICIAL
2004,2004-03-14,4 - Almería,UNION DEL PUEBLO NAVARRO EN COALICION CON EL PP - UPN-PP,0,0,Ministerio del Interior / portal oficial de datos abiertos,PRIMARY_OFFICIAL
2004,2004-03-14,4 - Almería,UNION DEL PUEBLO SALMANTINO - UPSa,0,0,Ministerio del Interior / portal oficial de datos abiertos,PRIMARY_OFFICIAL
2004,2004-03-14,4 - Almería,UNION NACIONAL - UN,0,0,Ministerio del Interior / portal oficial de datos abiertos,PRIMARY_OFFICIAL
2004,2004-03-14,4 - Almería,ZAMORA UNIDA - ZU,0,0,Ministerio del Interior / portal oficial de datos abiertos,PRIMARY_OFFICIAL
2004,2004-03-14,40 - Segovia,AGRUPACION SOCIAL INDEPENDIENTE - ASI,0,0,Ministerio del Interior / portal oficial de datos abiertos,PRIMARY_OFFICIAL
2004,2004-03-14,40 - Segovia,ALIANZA PARA EL DESARROLLO Y LA NATURALEZA - ADN,0,0,Ministerio del Interior / portal oficial de datos abiertos,PRIMARY_OFFICIAL
2004,2004-03-14,40 - Segovia,ALIANZA POR LA UNIDAD NACIONAL - AUN,0,0,Ministerio del Interior / portal oficial de datos abiertos,PRIMARY_OFFICIAL
2004,2004-03-14,40 - Segovia,ALTERNATIVA MAGA NACIONALISTA - AMAGA,0,0,Ministerio del Interior / portal oficial de datos abiertos,PRIMARY_OFFICIAL
2004,2004-03-14,40 - Segovia,ALTERNATIVA POPULAR CANARIA - APCa,0,0,Ministerio del Interior / portal oficial de datos abiertos,PRIMARY_OFFICIAL
2004,2004-03-14,40 - Segovia,ALTERNATIVA POR GRAN CANARIA - AxGC,0,0,Ministerio del Interior / portal oficial de datos abiertos,PRIMARY_OFFICIAL
2004,2004-03-14,40 - Segovia,ANDECHA ASTUR - AA,0,0,Ministerio del Interior / portal oficial de datos abiertos,PRIMARY_OFFICIAL
2004,2004-03-14,40 - Segovia,ARALAR-ZUTIK - ARALAR-ZUTIK,0,0,Ministerio del Interior / portal oficial de datos abiertos,PRIMARY_OFFICIAL
2004,2004-03-14,40 - Segovia,ASAMBLEA DE ANDALUCIA - A,0,0,Ministerio del Interior / portal oficial de datos abiertos,PRIMARY_OFFICIAL
2004,2004-03-14,40 - Segovia,ASAMBLEA DE IZQUIERDAS-INICIATIVA POR ANDALUCIA - A-IZ,0,0,Ministerio del Interior / portal oficial de datos abiertos,PRIMARY_OFFICIAL
2004,2004-03-14,40 - Segovia,BLOC NACIONALISTA VALENCIA-ESQUERRA VERDA - BLOC-EV,0,0,Ministerio del Interior / portal oficial de datos abiertos,PRIMARY_OFFICIAL
2004,2004-03-14,40 - Segovia,BLOQUE NACIONALISTA GALEGO - BNG,0,0,Ministerio del Interior / portal oficial de datos abiertos,PRIMARY_OFFICIAL
2004,2004-03-14,40 - Segovia,C. IZQUIERDA UNIDA-SOCIALISTAS IND. DE EXTREMADURA - IU-SIEX,0,0,Ministerio del Interior / portal oficial de datos abiertos,PRIMARY_OFFICIAL
2004,2004-03-14,40 - Segovia,CAND. INDEPENDIENTE-EL PARTIDO DE CASTILLA Y LEON - CI,0,0,Ministerio del Interior / portal oficial de datos abiertos,PRIMARY_OFFICIAL
2004,2004-03-14,40 - Segovia,CENTRE DEMOCRATIC I SOCIAL - CDS,0,0,Ministerio del Interior / portal oficial de datos abiertos,PRIMARY_OFFICIAL
2004,2004-03-14,40 - Segovia,CENTRO DEMOCRATICO Y SOCIAL - CDS,241,0,Ministerio del Interior / portal oficial de datos abiertos,PRIMARY_OFFICIAL
2004,2004-03-14,40 - Segovia,CHUNTA ARAGONESISTA - CHA,0,0,Ministerio del Interior / portal oficial de datos abiertos,PRIMARY_OFFICIAL
2004,2004-03-14,40 - Segovia,CIUDADANOS EN BLANCO - CENB,433,0,Ministerio del Interior / portal oficial de datos abiertos,PRIMARY_OFFICIAL
2004,2004-03-14,40 - Segovia,COALICIO TREBALLADORS PER LA DEMOCRACIA - TD,0,0,Ministerio del Interior / portal oficial de datos abiertos,PRIMARY_OFFICIAL
2004,2004-03-14,40 - Segovia,COALICION CANARIA - CC,0,0,Ministerio del Interior / portal oficial de datos abiertos,PRIMARY_OFFICIAL
2004,2004-03-14,40 - Segovia,COALICION GALEGA - CG,0,0,Ministerio del Interior / portal oficial de datos abiertos,PRIMARY_OFFICIAL
2004,2004-03-14,40 - Segovia,CONCEJU NACIONALIEGU CANTABRU - CNC,0,0,Ministerio del Interior / portal oficial de datos abiertos,PRIMARY_OFFICIAL
2004,2004-03-14,40 - Segovia,CONVERGENCIA CIUDADANA DEL SURESTE - CCSE,0,0,Ministerio del Interior / portal oficial de datos abiertos,PRIMARY_OFFICIAL
2004,2004-03-14,40 - Segovia,CONVERGENCIA DE DEMOCRATAS DE NAVARRA - CDN,0,0,Ministerio del Interior / portal oficial de datos abiertos,PRIMARY_OFFICIAL
2004,2004-03-14,40 - Segovia,CONVERGENCIA DEMOCRATICA ASTURIANA Y CDS - CDAS CDS,0,0,Ministerio del Interior / portal oficial de datos abiertos,PRIMARY_OFFICIAL
2004,2004-03-14,40 - Segovia,CONVERGENCIA i UNIO - CiU,0,0,Ministerio del Interior / portal oficial de datos abiertos,PRIMARY_OFFICIAL
2004,2004-03-14,40 - Segovia,DEMOCRACIA NACIONAL - DN,49,0,Ministerio del Interior / portal oficial de datos abiertos,PRIMARY_OFFICIAL
2004,2004-03-14,40 - Segovia,EKA-PARTIDO CARLISTA - EKA,0,0,Ministerio del Interior / portal oficial de datos abiertos,PRIMARY_OFFICIAL
2004,2004-03-14,40 - Segovia,ELS VERDS-ALTERNATIVA VERDA - EV-AV,0,0,Ministerio del Interior / portal oficial de datos abiertos,PRIMARY_OFFICIAL
2004,2004-03-14,40 - Segovia,ELS VERDS-L'ALTERNATIVA ECOLOGISTA - EV-AE,0,0,Ministerio del Interior / portal oficial de datos abiertos,PRIMARY_OFFICIAL
2004,2004-03-14,40 - Segovia,ESCONS INSUBMISOS-ALT. DELS DEMOCRATES DESCONTENTS - Ei,0,0,Ministerio del Interior / portal oficial de datos abiertos,PRIMARY_OFFICIAL
2004,2004-03-14,40 - Segovia,ESPAÑA 2000 - ESPAÑA 2000,0,0,Ministerio del Interior / portal oficial de datos abiertos,PRIMARY_OFFICIAL
2004,2004-03-14,40 - Segovia,ESQUERDA UNIDA-IZQUIERDA UNIDA - EU-IU,0,0,Ministerio del Interior / portal oficial de datos abiertos,PRIMARY_OFFICIAL
2004,2004-03-14,40 - Segovia,ESQUERRA REPUBLICANA DE CATALUNYA - ERC,0,0,Ministerio del Interior / portal oficial de datos abiertos,PRIMARY_OFFICIAL
2004,2004-03-14,40 - Segovia,ESQUERRA REPUBLICANA DEL PAIS VALENCIA - ERPV,0,0,Ministerio del Interior / portal oficial de datos abiertos,PRIMARY_OFFICIAL
2004,2004-03-14,40 - Segovia,ESQUERRA UNIDA PAIS VALENCIA+I.REPUBLICANA:ENTESA - ENTESA,0,0,Ministerio del Interior / portal oficial de datos abiertos,PRIMARY_OFFICIAL
2004,2004-03-14,40 - Segovia,ESTADO NACIONAL EUROPEO - N,0,0,Ministerio del Interior / portal oficial de datos abiertos,PRIMARY_OFFICIAL
2004,2004-03-14,40 - Segovia,EUSKO ALDERDI JELTZALEA-PARTIDO NACIONALISTA VASCO - EAJ-PNV,0,0,Ministerio del Interior / portal oficial de datos abiertos,PRIMARY_OFFICIAL
2004,2004-03-14,40 - Segovia,EUSKO ALKARTASUNA - EA,0,0,Ministerio del Interior / portal oficial de datos abiertos,PRIMARY_OFFICIAL
2004,2004-03-14,40 - Segovia,EXTREMADURA UNIDA - EU,0,0,Ministerio del Interior / portal oficial de datos abiertos,PRIMARY_OFFICIAL
2004,2004-03-14,40 - Segovia,EZKER BATUA-IZQUIERDA UNIDA - EB-IU,0,0,Ministerio del Interior / portal oficial de datos abiertos,PRIMARY_OFFICIAL
2004,2004-03-14,40 - Segovia,FALANGE AUTENTICA - FA,34,0,Ministerio del Interior / portal oficial de datos abiertos,PRIMARY_OFFICIAL
2004,2004-03-14,40 - Segovia,FALANGE ESPAÑOLA DE LAS JONS - FE de las JONS,67,0,Ministerio del Interior / portal oficial de datos abiertos,PRIMARY_OFFICIAL
2004,2004-03-14,40 - Segovia,FRENTE DEMOCRATICO ESPAÑOL - FDE,0,0,Ministerio del Interior / portal oficial de datos abiertos,PRIMARY_OFFICIAL
2004,2004-03-14,40 - Segovia,FRENTE POPULAR GALEGA - FPG,0,0,Ministerio del Interior / portal oficial de datos abiertos,PRIMARY_OFFICIAL
2004,2004-03-14,40 - Segovia,GRUPO POLITICO HONRADEZ ABSOLUTA ESPAÑOLA - GPHAE,0,0,Ministerio del Interior / portal oficial de datos abiertos,PRIMARY_OFFICIAL
2004,2004-03-14,40 - Segovia,GRUPO VERDE EUROPEO - GVE,0,0,Ministerio del Interior / portal oficial de datos abiertos,PRIMARY_OFFICIAL
2004,2004-03-14,40 - Segovia,IDENTIDAD REINO DE VALENCIA - IRV,0,0,Ministerio del Interior / portal oficial de datos abiertos,PRIMARY_OFFICIAL
2004,2004-03-14,40 - Segovia,INIC. PER CATALUNYA VERDS-ESQUERRA UNIDA I ALTERN. - ICV-EUiA,0,0,Ministerio del Interior / portal oficial de datos abiertos,PRIMARY_OFFICIAL
2004,2004-03-14,40 - Segovia,INICIATIVA LOS VERDES-IZQUIERDA UNIDA-AL.CIUDADANA - VERDES-IUC-AC25,0,0,Ministerio del Interior / portal oficial de datos abiertos,PRIMARY_OFFICIAL
2004,2004-03-14,40 - Segovia,INICIATIVA POR EL DESARROLLO DE SORIA - I.DE.S.,0,0,Ministerio del Interior / portal oficial de datos abiertos,PRIMARY_OFFICIAL
2004,2004-03-14,40 - Segovia,IZQUIERDA ASTURIANA - IAS,0,0,Ministerio del Interior / portal oficial de datos abiertos,PRIMARY_OFFICIAL
2004,2004-03-14,40 - Segovia,IZQUIERDA REPUBLICANA - IR,104,0,Ministerio del Interior / portal oficial de datos abiertos,PRIMARY_OFFICIAL
2004,2004-03-14,40 - Segovia,IZQUIERDA REPUBLICANA-ESQUERDA REPUBLICANA GALEGA - IR-ERG,0,0,Ministerio del Interior / portal oficial de datos abiertos,PRIMARY_OFFICIAL
2004,2004-03-14,40 - Segovia,IZQUIERDA REPUBLICANA-PARTIT REPUBLICA D'ESQUERRA - IR-PRE,0,0,Ministerio del Interior / portal oficial de datos abiertos,PRIMARY_OFFICIAL
2004,2004-03-14,40 - Segovia,IZQUIERDA UNIDA - IU,3470,0,Ministerio del Interior / portal oficial de datos abiertos,PRIMARY_OFFICIAL
2004,2004-03-14,40 - Segovia,IZQUIERDA UNIDA BLOQUE POR ASTURIES - IU-BA,0,0,Ministerio del Interior / portal oficial de datos abiertos,PRIMARY_OFFICIAL
2004,2004-03-14,40 - Segovia,IZQUIERDA UNIDA DE LA COMUNIDAD DE MADRID - IU,0,0,Ministerio del Interior / portal oficial de datos abiertos,PRIMARY_OFFICIAL
2004,2004-03-14,40 - Segovia,IZQUIERDA UNIDA DE NAVARRA-NAFARROAKO EZKER BATUA - IUN-NEB,0,0,Ministerio del Interior / portal oficial de datos abiertos,PRIMARY_OFFICIAL
2004,2004-03-14,40 - Segovia,IZQUIERDA UNIDA-IZQUIERDA DE CASTILLA-LA MANCHA - IU,0,0,Ministerio del Interior / portal oficial de datos abiertos,PRIMARY_OFFICIAL
2004,2004-03-14,40 - Segovia,IZQUIERDA UNIDA-LOS VERDES - IU-LV,0,0,Ministerio del Interior / portal oficial de datos abiertos,PRIMARY_OFFICIAL
2004,2004-03-14,40 - Segovia,IZQUIERDA UNIDA-VERDES-CONVOCATORIA POR ANDALUCIA - IULV-CA,0,0,Ministerio del Interior / portal oficial de datos abiertos,PRIMARY_OFFICIAL
2004,2004-03-14,40 - Segovia,LA FALANGE - FE,48,0,Ministerio del Interior / portal oficial de datos abiertos,PRIMARY_OFFICIAL
2004,2004-03-14,40 - Segovia,LLUITA INTERNACIONALISTA - L.I. (LIT-CI),0,0,Ministerio del Interior / portal oficial de datos abiertos,PRIMARY_OFFICIAL
2004,2004-03-14,40 - Segovia,LOS VERDES - LVRM,0,0,Ministerio del Interior / portal oficial de datos abiertos,PRIMARY_OFFICIAL
2004,2004-03-14,40 - Segovia,LOS VERDES DE ASTURIES - VERDES,0,0,Ministerio del Interior / portal oficial de datos abiertos,PRIMARY_OFFICIAL
2004,2004-03-14,40 - Segovia,LOS VERDES DE EXTREMADURA - LV,0,0,Ministerio del Interior / portal oficial de datos abiertos,PRIMARY_OFFICIAL
2004,2004-03-14,40 - Segovia,LOS VERDES DE LA COMUNIDAD DE MADRID - LVCM,0,0,Ministerio del Interior / portal oficial de datos abiertos,PRIMARY_OFFICIAL
2004,2004-03-14,40 - Segovia,LOS VERDES-ECOPACIFISTAS - LV-E,0,0,Ministerio del Interior / portal oficial de datos abiertos,PRIMARY_OFFICIAL
2004,2004-03-14,40 - Segovia,"LOS VERDES-ECOPACIFISTAS, ELS VERDS-ECOPACIFISTES - LV-E",0,0,Ministerio del Interior / portal oficial de datos abiertos,PRIMARY_OFFICIAL
2004,2004-03-14,40 - Segovia,LOS VERDES-GRUPO VERDE - LV-GV,0,0,Ministerio del Interior / portal oficial de datos abiertos,PRIMARY_OFFICIAL
2004,2004-03-14,40 - Segovia,LUCHA INTERNACIONALISTA - L.I. (LIT-CI),0,0,Ministerio del Interior / portal oficial de datos abiertos,PRIMARY_OFFICIAL
2004,2004-03-14,40 - Segovia,MOVIMENT SOCIAL REPUBLICA - MSR,0,0,Ministerio del Interior / portal oficial de datos abiertos,PRIMARY_OFFICIAL
2004,2004-03-14,40 - Segovia,MOVIMIENTO SOCIAL REPUBLICANO - MSR,33,0,Ministerio del Interior / portal oficial de datos abiertos,PRIMARY_OFFICIAL
2004,2004-03-14,40 - Segovia,NAFARROA BAI - Na-Bai,0,0,Ministerio del Interior / portal oficial de datos abiertos,PRIMARY_OFFICIAL
2004,2004-03-14,40 - Segovia,OTRA DEMOCRACIA ES POSIBLE - OtraDem,0,0,Ministerio del Interior / portal oficial de datos abiertos,PRIMARY_OFFICIAL
2004,2004-03-14,40 - Segovia,P.SOCIALDEMOCRATA IND. DE LA COMUNITAT VALENCIANA - PSICV,0,0,Ministerio del Interior / portal oficial de datos abiertos,PRIMARY_OFFICIAL
2004,2004-03-14,40 - Segovia,PART. CANNABIS POR LA LEGALIZACION Y NORMALIZACION - P.CANNABIS,0,0,Ministerio del Interior / portal oficial de datos abiertos,PRIMARY_OFFICIAL
2004,2004-03-14,40 - Segovia,PARTIDO ANDALUCISTA - PA,0,0,Ministerio del Interior / portal oficial de datos abiertos,PRIMARY_OFFICIAL
2004,2004-03-14,40 - Segovia,PARTIDO ARAGONES - PAR,0,0,Ministerio del Interior / portal oficial de datos abiertos,PRIMARY_OFFICIAL
2004,2004-03-14,40 - Segovia,PARTIDO CARLISTA - PC,0,0,Ministerio del Interior / portal oficial de datos abiertos,PRIMARY_OFFICIAL
2004,2004-03-14,40 - Segovia,PARTIDO CARLISTA - PCA,0,0,Ministerio del Interior / portal oficial de datos abiertos,PRIMARY_OFFICIAL
2004,2004-03-14,40 - Segovia,PARTIDO COMUNISTA DE LOS PUEBLOS DE ESPAÑA - PCPE,0,0,Ministerio del Interior / portal oficial de datos abiertos,PRIMARY_OFFICIAL
2004,2004-03-14,40 - Segovia,PARTIDO COMUNISTA DEL PUEBLO CANARIO - PCPC,0,0,Ministerio del Interior / portal oficial de datos abiertos,PRIMARY_OFFICIAL
2004,2004-03-14,40 - Segovia,PARTIDO COMUNISTA DEL PUEBLO CASTELLANO - PCPC,0,0,Ministerio del Interior / portal oficial de datos abiertos,PRIMARY_OFFICIAL
2004,2004-03-14,40 - Segovia,PARTIDO COMUNISTA DEL PUEBLO CASTELLANO - PCPC-PCPE,89,0,Ministerio del Interior / portal oficial de datos abiertos,PRIMARY_OFFICIAL
2004,2004-03-14,40 - Segovia,PARTIDO COMUNISTA DEL PUEBLO CASTELLANO-PCPE - PCPC-PCPE,0,0,Ministerio del Interior / portal oficial de datos abiertos,PRIMARY_OFFICIAL
2004,2004-03-14,40 - Segovia,PARTIDO DE LA GENTE - LG,0,0,Ministerio del Interior / portal oficial de datos abiertos,PRIMARY_OFFICIAL
2004,2004-03-14,40 - Segovia,PARTIDO DE LOS AUTONOMOS JUBILADOS Y VIUDAS - PAE,0,0,Ministerio del Interior / portal oficial de datos abiertos,PRIMARY_OFFICIAL
2004,2004-03-14,40 - Segovia,PARTIDO DE LOS AUTONOMOS Y PROFESIONALES - AU.TO.NO.MO,0,0,Ministerio del Interior / portal oficial de datos abiertos,PRIMARY_OFFICIAL
2004,2004-03-14,40 - Segovia,PARTIDO DE LOS TRABAJADORES EN PRECARIO - PTPRE,0,0,Ministerio del Interior / portal oficial de datos abiertos,PRIMARY_OFFICIAL
2004,2004-03-14,40 - Segovia,PARTIDO DEL KARMA DEMOCRATICO - PKD,0,0,Ministerio del Interior / portal oficial de datos abiertos,PRIMARY_OFFICIAL
2004,2004-03-14,40 - Segovia,PARTIDO DEL MUTUO APOYO ROMANTICO - PMAR,0,0,Ministerio del Interior / portal oficial de datos abiertos,PRIMARY_OFFICIAL
2004,2004-03-14,40 - Segovia,PARTIDO DEMOCRATA ESPAÑOL - PADE,95,0,Ministerio del Interior / portal oficial de datos abiertos,PRIMARY_OFFICIAL
2004,2004-03-14,40 - Segovia,PARTIDO DEMOCRATA NACIONAL DE ESPAÑA - PDN,0,0,Ministerio del Interior / portal oficial de datos abiertos,PRIMARY_OFFICIAL
2004,2004-03-14,40 - Segovia,PARTIDO DOS SOCIALISTAS DE GALICIA-PSOE - PSdeG-PSOE,0,0,Ministerio del Interior / portal oficial de datos abiertos,PRIMARY_OFFICIAL
2004,2004-03-14,40 - Segovia,PARTIDO FAMILIA I VIDA - PFiV,0,0,Ministerio del Interior / portal oficial de datos abiertos,PRIMARY_OFFICIAL
2004,2004-03-14,40 - Segovia,PARTIDO FAMILIA Y VIDA - FyV,0,0,Ministerio del Interior / portal oficial de datos abiertos,PRIMARY_OFFICIAL
2004,2004-03-14,40 - Segovia,PARTIDO FAMILIA Y VIDA - PFyV,191,0,Ministerio del Interior / portal oficial de datos abiertos,PRIMARY_OFFICIAL
2004,2004-03-14,40 - Segovia,PARTIDO HUMANISTA - PH,119,0,Ministerio del Interior / portal oficial de datos abiertos,PRIMARY_OFFICIAL
2004,2004-03-14,40 - Segovia,PARTIDO NACIONAL DE LOS TRABAJADORES - PNT,0,0,Ministerio del Interior / portal oficial de datos abiertos,PRIMARY_OFFICIAL
2004,2004-03-14,40 - Segovia,PARTIDO NACIONALISTA CALO - PNCA,0,0,Ministerio del Interior / portal oficial de datos abiertos,PRIMARY_OFFICIAL
2004,2004-03-14,40 - Segovia,PARTIDO NACIONALISTA CANARIO - PNC,0,0,Ministerio del Interior / portal oficial de datos abiertos,PRIMARY_OFFICIAL
2004,2004-03-14,40 - Segovia,PARTIDO OBRERO SOCIALISTA INTERNACIONALISTA - POSI,0,0,Ministerio del Interior / portal oficial de datos abiertos,PRIMARY_OFFICIAL
2004,2004-03-14,40 - Segovia,PARTIDO POPULAR - PP,52500,2,Ministerio del Interior / portal oficial de datos abiertos,PRIMARY_OFFICIAL
2004,2004-03-14,40 - Segovia,PARTIDO POSITIVISTA CRISTIANO - PPCr,0,0,Ministerio del Interior / portal oficial de datos abiertos,PRIMARY_OFFICIAL
2004,2004-03-14,40 - Segovia,PARTIDO REGIONALISTA DE GUADALAJARA - PRGU,0,0,Ministerio del Interior / portal oficial de datos abiertos,PRIMARY_OFFICIAL
2004,2004-03-14,40 - Segovia,PARTIDO REPUBLICANO - PRF,0,0,Ministerio del Interior / portal oficial de datos abiertos,PRIMARY_OFFICIAL
2004,2004-03-14,40 - Segovia,PARTIDO SOCIAL-DEMOCRATA ANDALUZ - PSDA,0,0,Ministerio del Interior / portal oficial de datos abiertos,PRIMARY_OFFICIAL
2004,2004-03-14,40 - Segovia,PARTIDO SOCIALISTA DE ANDALUCIA - PSA,0,0,Ministerio del Interior / portal oficial de datos abiertos,PRIMARY_OFFICIAL
2004,2004-03-14,40 - Segovia,PARTIDO SOCIALISTA DE EUSKADI-EUSKADIKO EZKERRA - PSE-EE(PSOE),0,0,Ministerio del Interior / portal oficial de datos abiertos,PRIMARY_OFFICIAL
2004,2004-03-14,40 - Segovia,PARTIDO SOCIALISTA DEL PUEBLO DE CEUTA - PSPC,0,0,Ministerio del Interior / portal oficial de datos abiertos,PRIMARY_OFFICIAL
2004,2004-03-14,40 - Segovia,PARTIDO SOCIALISTA OBRERO ESPAÑOL - PSOE,39976,1,Ministerio del Interior / portal oficial de datos abiertos,PRIMARY_OFFICIAL
2004,2004-03-14,40 - Segovia,PARTIDO SOCIALISTA OBRERO ESPAÑOL DE ANDALUCIA - PSOE de A,0,0,Ministerio del Interior / portal oficial de datos abiertos,PRIMARY_OFFICIAL
2004,2004-03-14,40 - Segovia,PARTIT CARLI DE CATALUNYA - PCdeC,0,0,Ministerio del Interior / portal oficial de datos abiertos,PRIMARY_OFFICIAL
2004,2004-03-14,40 - Segovia,PARTIT COMUNISTA DEL POBLE DE CATALUNYA - PCPC,0,0,Ministerio del Interior / portal oficial de datos abiertos,PRIMARY_OFFICIAL
2004,2004-03-14,40 - Segovia,PARTIT COMUNISTA DELS POBLES D'ESPANYA - PCPE,0,0,Ministerio del Interior / portal oficial de datos abiertos,PRIMARY_OFFICIAL
2004,2004-03-14,40 - Segovia,PARTIT DELS SOCIALISTES DE CATALUNYA - PSC-PSOE,0,0,Ministerio del Interior / portal oficial de datos abiertos,PRIMARY_OFFICIAL
2004,2004-03-14,40 - Segovia,PARTIT FAMILIA I VIDA - PFiV,0,0,Ministerio del Interior / portal oficial de datos abiertos,PRIMARY_OFFICIAL
2004,2004-03-14,40 - Segovia,PARTIT HUMANISTA DE CATALUNYA - PHC,0,0,Ministerio del Interior / portal oficial de datos abiertos,PRIMARY_OFFICIAL
2004,2004-03-14,40 - Segovia,PARTIT OBRER SOCIALISTA INTERNACIONALISTA - POSI,0,0,Ministerio del Interior / portal oficial de datos abiertos,PRIMARY_OFFICIAL
2004,2004-03-14,40 - Segovia,PARTIT POPULAR - PP,0,0,Ministerio del Interior / portal oficial de datos abiertos,PRIMARY_OFFICIAL
2004,2004-03-14,40 - Segovia,PARTIT POPULAR DE CATANLUNYA - PP,0,0,Ministerio del Interior / portal oficial de datos abiertos,PRIMARY_OFFICIAL
2004,2004-03-14,40 - Segovia,PARTIU ASTURIANISTA - PAS,0,0,Ministerio del Interior / portal oficial de datos abiertos,PRIMARY_OFFICIAL
2004,2004-03-14,40 - Segovia,"PSM-ENTESA NACIONALISTA,ESQUERRA UNIDA,E.VERDS,ERC - PSM-EN,EU,EV,ER",0,0,Ministerio del Interior / portal oficial de datos abiertos,PRIMARY_OFFICIAL
2004,2004-03-14,40 - Segovia,"SALAMANCA, ZAMORA, LEON PREPAL - PREPAL",0,0,Ministerio del Interior / portal oficial de datos abiertos,PRIMARY_OFFICIAL
2004,2004-03-14,40 - Segovia,TIERRA COMUNERA-PARTIDO NACIONALISTA CASTELLANO - TC-PNC,464,0,Ministerio del Interior / portal oficial de datos abiertos,PRIMARY_OFFICIAL
2004,2004-03-14,40 - Segovia,UNIDAD CASTELLANA - Ud Ca,0,0,Ministerio del Interior / portal oficial de datos abiertos,PRIMARY_OFFICIAL
2004,2004-03-14,40 - Segovia,UNIO CENTRISTES DE MENORCA - UCM,0,0,Ministerio del Interior / portal oficial de datos abiertos,PRIMARY_OFFICIAL
2004,2004-03-14,40 - Segovia,UNIO MALLORQUINA - UM,0,0,Ministerio del Interior / portal oficial de datos abiertos,PRIMARY_OFFICIAL
2004,2004-03-14,40 - Segovia,UNION CENTRISTA LIBERAL - UCL,0,0,Ministerio del Interior / portal oficial de datos abiertos,PRIMARY_OFFICIAL
2004,2004-03-14,40 - Segovia,UNION DEL PUEBLO BALEAR - UPB,0,0,Ministerio del Interior / portal oficial de datos abiertos,PRIMARY_OFFICIAL
2004,2004-03-14,40 - Segovia,UNION DEL PUEBLO LEONES - UPL,0,0,Ministerio del Interior / portal oficial de datos abiertos,PRIMARY_OFFICIAL
2004,2004-03-14,40 - Segovia,UNION DEL PUEBLO NAVARRO EN COALICION CON EL PP - UPN-PP,0,0,Ministerio del Interior / portal oficial de datos abiertos,PRIMARY_OFFICIAL
2004,2004-03-14,40 - Segovia,UNION DEL PUEBLO SALMANTINO - UPSa,0,0,Ministerio del Interior / portal oficial de datos abiertos,PRIMARY_OFFICIAL
2004,2004-03-14,40 - Segovia,UNION NACIONAL - UN,0,0,Ministerio del Interior / portal oficial de datos abiertos,PRIMARY_OFFICIAL
2004,2004-03-14,40 - Segovia,ZAMORA UNIDA - ZU,0,0,Ministerio del Interior / portal oficial de datos abiertos,PRIMARY_OFFICIAL
2004,2004-03-14,41 - Sevilla,AGRUPACION SOCIAL INDEPENDIENTE - ASI,0,0,Ministerio del Interior / portal oficial de datos abiertos,PRIMARY_OFFICIAL
2004,2004-03-14,41 - Sevilla,ALIANZA PARA EL DESARROLLO Y LA NATURALEZA - ADN,0,0,Ministerio del Interior / portal oficial de datos abiertos,PRIMARY_OFFICIAL
2004,2004-03-14,41 - Sevilla,ALIANZA POR LA UNIDAD NACIONAL - AUN,0,0,Ministerio del Interior / portal oficial de datos abiertos,PRIMARY_OFFICIAL
2004,2004-03-14,41 - Sevilla,ALTERNATIVA MAGA NACIONALISTA - AMAGA,0,0,Ministerio del Interior / portal oficial de datos abiertos,PRIMARY_OFFICIAL
2004,2004-03-14,41 - Sevilla,ALTERNATIVA POPULAR CANARIA - APCa,0,0,Ministerio del Interior / portal oficial de datos abiertos,PRIMARY_OFFICIAL
2004,2004-03-14,41 - Sevilla,ALTERNATIVA POR GRAN CANARIA - AxGC,0,0,Ministerio del Interior / portal oficial de datos abiertos,PRIMARY_OFFICIAL
2004,2004-03-14,41 - Sevilla,ANDECHA ASTUR - AA,0,0,Ministerio del Interior / portal oficial de datos abiertos,PRIMARY_OFFICIAL
2004,2004-03-14,41 - Sevilla,ARALAR-ZUTIK - ARALAR-ZUTIK,0,0,Ministerio del Interior / portal oficial de datos abiertos,PRIMARY_OFFICIAL
2004,2004-03-14,41 - Sevilla,ASAMBLEA DE ANDALUCIA - A,655,0,Ministerio del Interior / portal oficial de datos abiertos,PRIMARY_OFFICIAL
2004,2004-03-14,41 - Sevilla,ASAMBLEA DE IZQUIERDAS-INICIATIVA POR ANDALUCIA - A-IZ,0,0,Ministerio del Interior / portal oficial de datos abiertos,PRIMARY_OFFICIAL
2004,2004-03-14,41 - Sevilla,BLOC NACIONALISTA VALENCIA-ESQUERRA VERDA - BLOC-EV,0,0,Ministerio del Interior / portal oficial de datos abiertos,PRIMARY_OFFICIAL
2004,2004-03-14,41 - Sevilla,BLOQUE NACIONALISTA GALEGO - BNG,0,0,Ministerio del Interior / portal oficial de datos abiertos,PRIMARY_OFFICIAL
2004,2004-03-14,41 - Sevilla,C. IZQUIERDA UNIDA-SOCIALISTAS IND. DE EXTREMADURA - IU-SIEX,0,0,Ministerio del Interior / portal oficial de datos abiertos,PRIMARY_OFFICIAL
2004,2004-03-14,41 - Sevilla,CAND. INDEPENDIENTE-EL PARTIDO DE CASTILLA Y LEON - CI,0,0,Ministerio del Interior / portal oficial de datos abiertos,PRIMARY_OFFICIAL
2004,2004-03-14,41 - Sevilla,CENTRE DEMOCRATIC I SOCIAL - CDS,0,0,Ministerio del Interior / portal oficial de datos abiertos,PRIMARY_OFFICIAL
2004,2004-03-14,41 - Sevilla,CENTRO DEMOCRATICO Y SOCIAL - CDS,700,0,Ministerio del Interior / portal oficial de datos abiertos,PRIMARY_OFFICIAL
2004,2004-03-14,41 - Sevilla,CHUNTA ARAGONESISTA - CHA,0,0,Ministerio del Interior / portal oficial de datos abiertos,PRIMARY_OFFICIAL
2004,2004-03-14,41 - Sevilla,CIUDADANOS EN BLANCO - CENB,2237,0,Ministerio del Interior / portal oficial de datos abiertos,PRIMARY_OFFICIAL
2004,2004-03-14,41 - Sevilla,COALICIO TREBALLADORS PER LA DEMOCRACIA - TD,0,0,Ministerio del Interior / portal oficial de datos abiertos,PRIMARY_OFFICIAL
2004,2004-03-14,41 - Sevilla,COALICION CANARIA - CC,0,0,Ministerio del Interior / portal oficial de datos abiertos,PRIMARY_OFFICIAL
2004,2004-03-14,41 - Sevilla,COALICION GALEGA - CG,0,0,Ministerio del Interior / portal oficial de datos abiertos,PRIMARY_OFFICIAL
2004,2004-03-14,41 - Sevilla,CONCEJU NACIONALIEGU CANTABRU - CNC,0,0,Ministerio del Interior / portal oficial de datos abiertos,PRIMARY_OFFICIAL
2004,2004-03-14,41 - Sevilla,CONVERGENCIA CIUDADANA DEL SURESTE - CCSE,0,0,Ministerio del Interior / portal oficial de datos abiertos,PRIMARY_OFFICIAL
2004,2004-03-14,41 - Sevilla,CONVERGENCIA DE DEMOCRATAS DE NAVARRA - CDN,0,0,Ministerio del Interior / portal oficial de datos abiertos,PRIMARY_OFFICIAL
2004,2004-03-14,41 - Sevilla,CONVERGENCIA DEMOCRATICA ASTURIANA Y CDS - CDAS CDS,0,0,Ministerio del Interior / portal oficial de datos abiertos,PRIMARY_OFFICIAL
2004,2004-03-14,41 - Sevilla,CONVERGENCIA i UNIO - CiU,0,0,Ministerio del Interior / portal oficial de datos abiertos,PRIMARY_OFFICIAL
2004,2004-03-14,41 - Sevilla,DEMOCRACIA NACIONAL - DN,389,0,Ministerio del Interior / portal oficial de datos abiertos,PRIMARY_OFFICIAL
2004,2004-03-14,41 - Sevilla,EKA-PARTIDO CARLISTA - EKA,0,0,Ministerio del Interior / portal oficial de datos abiertos,PRIMARY_OFFICIAL
2004,2004-03-14,41 - Sevilla,ELS VERDS-ALTERNATIVA VERDA - EV-AV,0,0,Ministerio del Interior / portal oficial de datos abiertos,PRIMARY_OFFICIAL
2004,2004-03-14,41 - Sevilla,ELS VERDS-L'ALTERNATIVA ECOLOGISTA - EV-AE,0,0,Ministerio del Interior / portal oficial de datos abiertos,PRIMARY_OFFICIAL
2004,2004-03-14,41 - Sevilla,ESCONS INSUBMISOS-ALT. DELS DEMOCRATES DESCONTENTS - Ei,0,0,Ministerio del Interior / portal oficial de datos abiertos,PRIMARY_OFFICIAL
2004,2004-03-14,41 - Sevilla,ESPAÑA 2000 - ESPAÑA 2000,0,0,Ministerio del Interior / portal oficial de datos abiertos,PRIMARY_OFFICIAL
2004,2004-03-14,41 - Sevilla,ESQUERDA UNIDA-IZQUIERDA UNIDA - EU-IU,0,0,Ministerio del Interior / portal oficial de datos abiertos,PRIMARY_OFFICIAL
2004,2004-03-14,41 - Sevilla,ESQUERRA REPUBLICANA DE CATALUNYA - ERC,0,0,Ministerio del Interior / portal oficial de datos abiertos,PRIMARY_OFFICIAL
2004,2004-03-14,41 - Sevilla,ESQUERRA REPUBLICANA DEL PAIS VALENCIA - ERPV,0,0,Ministerio del Interior / portal oficial de datos abiertos,PRIMARY_OFFICIAL
2004,2004-03-14,41 - Sevilla,ESQUERRA UNIDA PAIS VALENCIA+I.REPUBLICANA:ENTESA - ENTESA,0,0,Ministerio del Interior / portal oficial de datos abiertos,PRIMARY_OFFICIAL
2004,2004-03-14,41 - Sevilla,ESTADO NACIONAL EUROPEO - N,0,0,Ministerio del Interior / portal oficial de datos abiertos,PRIMARY_OFFICIAL
2004,2004-03-14,41 - Sevilla,EUSKO ALDERDI JELTZALEA-PARTIDO NACIONALISTA VASCO - EAJ-PNV,0,0,Ministerio del Interior / portal oficial de datos abiertos,PRIMARY_OFFICIAL
2004,2004-03-14,41 - Sevilla,EUSKO ALKARTASUNA - EA,0,0,Ministerio del Interior / portal oficial de datos abiertos,PRIMARY_OFFICIAL
2004,2004-03-14,41 - Sevilla,EXTREMADURA UNIDA - EU,0,0,Ministerio del Interior / portal oficial de datos abiertos,PRIMARY_OFFICIAL
2004,2004-03-14,41 - Sevilla,EZKER BATUA-IZQUIERDA UNIDA - EB-IU,0,0,Ministerio del Interior / portal oficial de datos abiertos,PRIMARY_OFFICIAL
2004,2004-03-14,41 - Sevilla,FALANGE AUTENTICA - FA,0,0,Ministerio del Interior / portal oficial de datos abiertos,PRIMARY_OFFICIAL
2004,2004-03-14,41 - Sevilla,FALANGE ESPAÑOLA DE LAS JONS - FE de las JONS,591,0,Ministerio del Interior / portal oficial de datos abiertos,PRIMARY_OFFICIAL
2004,2004-03-14,41 - Sevilla,FRENTE DEMOCRATICO ESPAÑOL - FDE,0,0,Ministerio del Interior / portal oficial de datos abiertos,PRIMARY_OFFICIAL
2004,2004-03-14,41 - Sevilla,FRENTE POPULAR GALEGA - FPG,0,0,Ministerio del Interior / portal oficial de datos abiertos,PRIMARY_OFFICIAL
2004,2004-03-14,41 - Sevilla,GRUPO POLITICO HONRADEZ ABSOLUTA ESPAÑOLA - GPHAE,0,0,Ministerio del Interior / portal oficial de datos abiertos,PRIMARY_OFFICIAL
2004,2004-03-14,41 - Sevilla,GRUPO VERDE EUROPEO - GVE,0,0,Ministerio del Interior / portal oficial de datos abiertos,PRIMARY_OFFICIAL
2004,2004-03-14,41 - Sevilla,IDENTIDAD REINO DE VALENCIA - IRV,0,0,Ministerio del Interior / portal oficial de datos abiertos,PRIMARY_OFFICIAL
2004,2004-03-14,41 - Sevilla,INIC. PER CATALUNYA VERDS-ESQUERRA UNIDA I ALTERN. - ICV-EUiA,0,0,Ministerio del Interior / portal oficial de datos abiertos,PRIMARY_OFFICIAL
2004,2004-03-14,41 - Sevilla,INICIATIVA LOS VERDES-IZQUIERDA UNIDA-AL.CIUDADANA - VERDES-IUC-AC25,0,0,Ministerio del Interior / portal oficial de datos abiertos,PRIMARY_OFFICIAL
2004,2004-03-14,41 - Sevilla,INICIATIVA POR EL DESARROLLO DE SORIA - I.DE.S.,0,0,Ministerio del Interior / portal oficial de datos abiertos,PRIMARY_OFFICIAL
2004,2004-03-14,41 - Sevilla,IZQUIERDA ASTURIANA - IAS,0,0,Ministerio del Interior / portal oficial de datos abiertos,PRIMARY_OFFICIAL
2004,2004-03-14,41 - Sevilla,IZQUIERDA REPUBLICANA - IR,1111,0,Ministerio del Interior / portal oficial de datos abiertos,PRIMARY_OFFICIAL
2004,2004-03-14,41 - Sevilla,IZQUIERDA REPUBLICANA-ESQUERDA REPUBLICANA GALEGA - IR-ERG,0,0,Ministerio del Interior / portal oficial de datos abiertos,PRIMARY_OFFICIAL
2004,2004-03-14,41 - Sevilla,IZQUIERDA REPUBLICANA-PARTIT REPUBLICA D'ESQUERRA - IR-PRE,0,0,Ministerio del Interior / portal oficial de datos abiertos,PRIMARY_OFFICIAL
2004,2004-03-14,41 - Sevilla,IZQUIERDA UNIDA - IU,0,0,Ministerio del Interior / portal oficial de datos abiertos,PRIMARY_OFFICIAL
2004,2004-03-14,41 - Sevilla,IZQUIERDA UNIDA BLOQUE POR ASTURIES - IU-BA,0,0,Ministerio del Interior / portal oficial de datos abiertos,PRIMARY_OFFICIAL
2004,2004-03-14,41 - Sevilla,IZQUIERDA UNIDA DE LA COMUNIDAD DE MADRID - IU,0,0,Ministerio del Interior / portal oficial de datos abiertos,PRIMARY_OFFICIAL
2004,2004-03-14,41 - Sevilla,IZQUIERDA UNIDA DE NAVARRA-NAFARROAKO EZKER BATUA - IUN-NEB,0,0,Ministerio del Interior / portal oficial de datos abiertos,PRIMARY_OFFICIAL
2004,2004-03-14,41 - Sevilla,IZQUIERDA UNIDA-IZQUIERDA DE CASTILLA-LA MANCHA - IU,0,0,Ministerio del Interior / portal oficial de datos abiertos,PRIMARY_OFFICIAL
2004,2004-03-14,41 - Sevilla,IZQUIERDA UNIDA-LOS VERDES - IU-LV,0,0,Ministerio del Interior / portal oficial de datos abiertos,PRIMARY_OFFICIAL
2004,2004-03-14,41 - Sevilla,IZQUIERDA UNIDA-VERDES-CONVOCATORIA POR ANDALUCIA - IULV-CA,73344,0,Ministerio del Interior / portal oficial de datos abiertos,PRIMARY_OFFICIAL
2004,2004-03-14,41 - Sevilla,LA FALANGE - FE,394,0,Ministerio del Interior / portal oficial de datos abiertos,PRIMARY_OFFICIAL
2004,2004-03-14,41 - Sevilla,LLUITA INTERNACIONALISTA - L.I. (LIT-CI),0,0,Ministerio del Interior / portal oficial de datos abiertos,PRIMARY_OFFICIAL
2004,2004-03-14,41 - Sevilla,LOS VERDES - LVRM,0,0,Ministerio del Interior / portal oficial de datos abiertos,PRIMARY_OFFICIAL
2004,2004-03-14,41 - Sevilla,LOS VERDES DE ASTURIES - VERDES,0,0,Ministerio del Interior / portal oficial de datos abiertos,PRIMARY_OFFICIAL
2004,2004-03-14,41 - Sevilla,LOS VERDES DE EXTREMADURA - LV,0,0,Ministerio del Interior / portal oficial de datos abiertos,PRIMARY_OFFICIAL
2004,2004-03-14,41 - Sevilla,LOS VERDES DE LA COMUNIDAD DE MADRID - LVCM,0,0,Ministerio del Interior / portal oficial de datos abiertos,PRIMARY_OFFICIAL
2004,2004-03-14,41 - Sevilla,LOS VERDES-ECOPACIFISTAS - LV-E,0,0,Ministerio del Interior / portal oficial de datos abiertos,PRIMARY_OFFICIAL
2004,2004-03-14,41 - Sevilla,"LOS VERDES-ECOPACIFISTAS, ELS VERDS-ECOPACIFISTES - LV-E",0,0,Ministerio del Interior / portal oficial de datos abiertos,PRIMARY_OFFICIAL
2004,2004-03-14,41 - Sevilla,LOS VERDES-GRUPO VERDE - LV-GV,0,0,Ministerio del Interior / portal oficial de datos abiertos,PRIMARY_OFFICIAL
2004,2004-03-14,41 - Sevilla,LUCHA INTERNACIONALISTA - L.I. (LIT-CI),0,0,Ministerio del Interior / portal oficial de datos abiertos,PRIMARY_OFFICIAL
2004,2004-03-14,41 - Sevilla,MOVIMENT SOCIAL REPUBLICA - MSR,0,0,Ministerio del Interior / portal oficial de datos abiertos,PRIMARY_OFFICIAL
2004,2004-03-14,41 - Sevilla,MOVIMIENTO SOCIAL REPUBLICANO - MSR,292,0,Ministerio del Interior / portal oficial de datos abiertos,PRIMARY_OFFICIAL
2004,2004-03-14,41 - Sevilla,NAFARROA BAI - Na-Bai,0,0,Ministerio del Interior / portal oficial de datos abiertos,PRIMARY_OFFICIAL
2004,2004-03-14,41 - Sevilla,OTRA DEMOCRACIA ES POSIBLE - OtraDem,0,0,Ministerio del Interior / portal oficial de datos abiertos,PRIMARY_OFFICIAL
2004,2004-03-14,41 - Sevilla,P.SOCIALDEMOCRATA IND. DE LA COMUNITAT VALENCIANA - PSICV,0,0,Ministerio del Interior / portal oficial de datos abiertos,PRIMARY_OFFICIAL
2004,2004-03-14,41 - Sevilla,PART. CANNABIS POR LA LEGALIZACION Y NORMALIZACION - P.CANNABIS,0,0,Ministerio del Interior / portal oficial de datos abiertos,PRIMARY_OFFICIAL
2004,2004-03-14,41 - Sevilla,PARTIDO ANDALUCISTA - PA,45005,0,Ministerio del Interior / portal oficial de datos abiertos,PRIMARY_OFFICIAL
2004,2004-03-14,41 - Sevilla,PARTIDO ARAGONES - PAR,0,0,Ministerio del Interior / portal oficial de datos abiertos,PRIMARY_OFFICIAL
2004,2004-03-14,41 - Sevilla,PARTIDO CARLISTA - PC,0,0,Ministerio del Interior / portal oficial de datos abiertos,PRIMARY_OFFICIAL
2004,2004-03-14,41 - Sevilla,PARTIDO CARLISTA - PCA,0,0,Ministerio del Interior / portal oficial de datos abiertos,PRIMARY_OFFICIAL
2004,2004-03-14,41 - Sevilla,PARTIDO COMUNISTA DE LOS PUEBLOS DE ESPAÑA - PCPE,0,0,Ministerio del Interior / portal oficial de datos abiertos,PRIMARY_OFFICIAL
2004,2004-03-14,41 - Sevilla,PARTIDO COMUNISTA DEL PUEBLO CANARIO - PCPC,0,0,Ministerio del Interior / portal oficial de datos abiertos,PRIMARY_OFFICIAL
2004,2004-03-14,41 - Sevilla,PARTIDO COMUNISTA DEL PUEBLO CASTELLANO - PCPC,0,0,Ministerio del Interior / portal oficial de datos abiertos,PRIMARY_OFFICIAL
2004,2004-03-14,41 - Sevilla,PARTIDO COMUNISTA DEL PUEBLO CASTELLANO - PCPC-PCPE,0,0,Ministerio del Interior / portal oficial de datos abiertos,PRIMARY_OFFICIAL
2004,2004-03-14,41 - Sevilla,PARTIDO COMUNISTA DEL PUEBLO CASTELLANO-PCPE - PCPC-PCPE,0,0,Ministerio del Interior / portal oficial de datos abiertos,PRIMARY_OFFICIAL
2004,2004-03-14,41 - Sevilla,PARTIDO DE LA GENTE - LG,0,0,Ministerio del Interior / portal oficial de datos abiertos,PRIMARY_OFFICIAL
2004,2004-03-14,41 - Sevilla,PARTIDO DE LOS AUTONOMOS JUBILADOS Y VIUDAS - PAE,0,0,Ministerio del Interior / portal oficial de datos abiertos,PRIMARY_OFFICIAL
2004,2004-03-14,41 - Sevilla,PARTIDO DE LOS AUTONOMOS Y PROFESIONALES - AU.TO.NO.MO,0,0,Ministerio del Interior / portal oficial de datos abiertos,PRIMARY_OFFICIAL
2004,2004-03-14,41 - Sevilla,PARTIDO DE LOS TRABAJADORES EN PRECARIO - PTPRE,0,0,Ministerio del Interior / portal oficial de datos abiertos,PRIMARY_OFFICIAL
2004,2004-03-14,41 - Sevilla,PARTIDO DEL KARMA DEMOCRATICO - PKD,0,0,Ministerio del Interior / portal oficial de datos abiertos,PRIMARY_OFFICIAL
2004,2004-03-14,41 - Sevilla,PARTIDO DEL MUTUO APOYO ROMANTICO - PMAR,0,0,Ministerio del Interior / portal oficial de datos abiertos,PRIMARY_OFFICIAL
2004,2004-03-14,41 - Sevilla,PARTIDO DEMOCRATA ESPAÑOL - PADE,0,0,Ministerio del Interior / portal oficial de datos abiertos,PRIMARY_OFFICIAL
2004,2004-03-14,41 - Sevilla,PARTIDO DEMOCRATA NACIONAL DE ESPAÑA - PDN,0,0,Ministerio del Interior / portal oficial de datos abiertos,PRIMARY_OFFICIAL
2004,2004-03-14,41 - Sevilla,PARTIDO DOS SOCIALISTAS DE GALICIA-PSOE - PSdeG-PSOE,0,0,Ministerio del Interior / portal oficial de datos abiertos,PRIMARY_OFFICIAL
2004,2004-03-14,41 - Sevilla,PARTIDO FAMILIA I VIDA - PFiV,0,0,Ministerio del Interior / portal oficial de datos abiertos,PRIMARY_OFFICIAL
2004,2004-03-14,41 - Sevilla,PARTIDO FAMILIA Y VIDA - FyV,0,0,Ministerio del Interior / portal oficial de datos abiertos,PRIMARY_OFFICIAL
2004,2004-03-14,41 - Sevilla,PARTIDO FAMILIA Y VIDA - PFyV,865,0,Ministerio del Interior / portal oficial de datos abiertos,PRIMARY_OFFICIAL
2004,2004-03-14,41 - Sevilla,PARTIDO HUMANISTA - PH,858,0,Ministerio del Interior / portal oficial de datos abiertos,PRIMARY_OFFICIAL
2004,2004-03-14,41 - Sevilla,PARTIDO NACIONAL DE LOS TRABAJADORES - PNT,0,0,Ministerio del Interior / portal oficial de datos abiertos,PRIMARY_OFFICIAL
2004,2004-03-14,41 - Sevilla,PARTIDO NACIONALISTA CALO - PNCA,0,0,Ministerio del Interior / portal oficial de datos abiertos,PRIMARY_OFFICIAL
2004,2004-03-14,41 - Sevilla,PARTIDO NACIONALISTA CANARIO - PNC,0,0,Ministerio del Interior / portal oficial de datos abiertos,PRIMARY_OFFICIAL
2004,2004-03-14,41 - Sevilla,PARTIDO OBRERO SOCIALISTA INTERNACIONALISTA - POSI,0,0,Ministerio del Interior / portal oficial de datos abiertos,PRIMARY_OFFICIAL
2004,2004-03-14,41 - Sevilla,PARTIDO POPULAR - PP,306464,4,Ministerio del Interior / portal oficial de datos abiertos,PRIMARY_OFFICIAL
2004,2004-03-14,41 - Sevilla,PARTIDO POSITIVISTA CRISTIANO - PPCr,0,0,Ministerio del Interior / portal oficial de datos abiertos,PRIMARY_OFFICIAL
2004,2004-03-14,41 - Sevilla,PARTIDO REGIONALISTA DE GUADALAJARA - PRGU,0,0,Ministerio del Interior / portal oficial de datos abiertos,PRIMARY_OFFICIAL
2004,2004-03-14,41 - Sevilla,PARTIDO REPUBLICANO - PRF,0,0,Ministerio del Interior / portal oficial de datos abiertos,PRIMARY_OFFICIAL
2004,2004-03-14,41 - Sevilla,PARTIDO SOCIAL-DEMOCRATA ANDALUZ - PSDA,583,0,Ministerio del Interior / portal oficial de datos abiertos,PRIMARY_OFFICIAL
2004,2004-03-14,41 - Sevilla,PARTIDO SOCIALISTA DE ANDALUCIA - PSA,4415,0,Ministerio del Interior / portal oficial de datos abiertos,PRIMARY_OFFICIAL
2004,2004-03-14,41 - Sevilla,PARTIDO SOCIALISTA DE EUSKADI-EUSKADIKO EZKERRA - PSE-EE(PSOE),0,0,Ministerio del Interior / portal oficial de datos abiertos,PRIMARY_OFFICIAL
2004,2004-03-14,41 - Sevilla,PARTIDO SOCIALISTA DEL PUEBLO DE CEUTA - PSPC,0,0,Ministerio del Interior / portal oficial de datos abiertos,PRIMARY_OFFICIAL
2004,2004-03-14,41 - Sevilla,PARTIDO SOCIALISTA OBRERO ESPAÑOL - PSOE,0,0,Ministerio del Interior / portal oficial de datos abiertos,PRIMARY_OFFICIAL
2004,2004-03-14,41 - Sevilla,PARTIDO SOCIALISTA OBRERO ESPAÑOL DE ANDALUCIA - PSOE de A,639293,8,Ministerio del Interior / portal oficial de datos abiertos,PRIMARY_OFFICIAL
2004,2004-03-14,41 - Sevilla,PARTIT CARLI DE CATALUNYA - PCdeC,0,0,Ministerio del Interior / portal oficial de datos abiertos,PRIMARY_OFFICIAL
2004,2004-03-14,41 - Sevilla,PARTIT COMUNISTA DEL POBLE DE CATALUNYA - PCPC,0,0,Ministerio del Interior / portal oficial de datos abiertos,PRIMARY_OFFICIAL
2004,2004-03-14,41 - Sevilla,PARTIT COMUNISTA DELS POBLES D'ESPANYA - PCPE,0,0,Ministerio del Interior / portal oficial de datos abiertos,PRIMARY_OFFICIAL
2004,2004-03-14,41 - Sevilla,PARTIT DELS SOCIALISTES DE CATALUNYA - PSC-PSOE,0,0,Ministerio del Interior / portal oficial de datos abiertos,PRIMARY_OFFICIAL
2004,2004-03-14,41 - Sevilla,PARTIT FAMILIA I VIDA - PFiV,0,0,Ministerio del Interior / portal oficial de datos abiertos,PRIMARY_OFFICIAL
2004,2004-03-14,41 - Sevilla,PARTIT HUMANISTA DE CATALUNYA - PHC,0,0,Ministerio del Interior / portal oficial de datos abiertos,PRIMARY_OFFICIAL
2004,2004-03-14,41 - Sevilla,PARTIT OBRER SOCIALISTA INTERNACIONALISTA - POSI,0,0,Ministerio del Interior / portal oficial de datos abiertos,PRIMARY_OFFICIAL
2004,2004-03-14,41 - Sevilla,PARTIT POPULAR - PP,0,0,Ministerio del Interior / portal oficial de datos abiertos,PRIMARY_OFFICIAL
2004,2004-03-14,41 - Sevilla,PARTIT POPULAR DE CATANLUNYA - PP,0,0,Ministerio del Interior / portal oficial de datos abiertos,PRIMARY_OFFICIAL
2004,2004-03-14,41 - Sevilla,PARTIU ASTURIANISTA - PAS,0,0,Ministerio del Interior / portal oficial de datos abiertos,PRIMARY_OFFICIAL
2004,2004-03-14,41 - Sevilla,"PSM-ENTESA NACIONALISTA,ESQUERRA UNIDA,E.VERDS,ERC - PSM-EN,EU,EV,ER",0,0,Ministerio del Interior / portal oficial de datos abiertos,PRIMARY_OFFICIAL
2004,2004-03-14,41 - Sevilla,"SALAMANCA, ZAMORA, LEON PREPAL - PREPAL",0,0,Ministerio del Interior / portal oficial de datos abiertos,PRIMARY_OFFICIAL
2004,2004-03-14,41 - Sevilla,TIERRA COMUNERA-PARTIDO NACIONALISTA CASTELLANO - TC-PNC,0,0,Ministerio del Interior / portal oficial de datos abiertos,PRIMARY_OFFICIAL
2004,2004-03-14,41 - Sevilla,UNIDAD CASTELLANA - Ud Ca,0,0,Ministerio del Interior / portal oficial de datos abiertos,PRIMARY_OFFICIAL
2004,2004-03-14,41 - Sevilla,UNIO CENTRISTES DE MENORCA - UCM,0,0,Ministerio del Interior / portal oficial de datos abiertos,PRIMARY_OFFICIAL
2004,2004-03-14,41 - Sevilla,UNIO MALLORQUINA - UM,0,0,Ministerio del Interior / portal oficial de datos abiertos,PRIMARY_OFFICIAL
2004,2004-03-14,41 - Sevilla,UNION CENTRISTA LIBERAL - UCL,0,0,Ministerio del Interior / portal oficial de datos abiertos,PRIMARY_OFFICIAL
2004,2004-03-14,41 - Sevilla,UNION DEL PUEBLO BALEAR - UPB,0,0,Ministerio del Interior / portal oficial de datos abiertos,PRIMARY_OFFICIAL
2004,2004-03-14,41 - Sevilla,UNION DEL PUEBLO LEONES - UPL,0,0,Ministerio del Interior / portal oficial de datos abiertos,PRIMARY_OFFICIAL
2004,2004-03-14,41 - Sevilla,UNION DEL PUEBLO NAVARRO EN COALICION CON EL PP - UPN-PP,0,0,Ministerio del Interior / portal oficial de datos abiertos,PRIMARY_OFFICIAL
2004,2004-03-14,41 - Sevilla,UNION DEL PUEBLO SALMANTINO - UPSa,0,0,Ministerio del Interior / portal oficial de datos abiertos,PRIMARY_OFFICIAL
2004,2004-03-14,41 - Sevilla,UNION NACIONAL - UN,0,0,Ministerio del Interior / portal oficial de datos abiertos,PRIMARY_OFFICIAL
2004,2004-03-14,41 - Sevilla,ZAMORA UNIDA - ZU,0,0,Ministerio del Interior / portal oficial de datos abiertos,PRIMARY_OFFICIAL
2004,2004-03-14,42 - Soria,AGRUPACION SOCIAL INDEPENDIENTE - ASI,0,0,Ministerio del Interior / portal oficial de datos abiertos,PRIMARY_OFFICIAL
2004,2004-03-14,42 - Soria,ALIANZA PARA EL DESARROLLO Y LA NATURALEZA - ADN,0,0,Ministerio del Interior / portal oficial de datos abiertos,PRIMARY_OFFICIAL
2004,2004-03-14,42 - Soria,ALIANZA POR LA UNIDAD NACIONAL - AUN,0,0,Ministerio del Interior / portal oficial de datos abiertos,PRIMARY_OFFICIAL
2004,2004-03-14,42 - Soria,ALTERNATIVA MAGA NACIONALISTA - AMAGA,0,0,Ministerio del Interior / portal oficial de datos abiertos,PRIMARY_OFFICIAL
2004,2004-03-14,42 - Soria,ALTERNATIVA POPULAR CANARIA - APCa,0,0,Ministerio del Interior / portal oficial de datos abiertos,PRIMARY_OFFICIAL
2004,2004-03-14,42 - Soria,ALTERNATIVA POR GRAN CANARIA - AxGC,0,0,Ministerio del Interior / portal oficial de datos abiertos,PRIMARY_OFFICIAL
2004,2004-03-14,42 - Soria,ANDECHA ASTUR - AA,0,0,Ministerio del Interior / portal oficial de datos abiertos,PRIMARY_OFFICIAL
2004,2004-03-14,42 - Soria,ARALAR-ZUTIK - ARALAR-ZUTIK,0,0,Ministerio del Interior / portal oficial de datos abiertos,PRIMARY_OFFICIAL
2004,2004-03-14,42 - Soria,ASAMBLEA DE ANDALUCIA - A,0,0,Ministerio del Interior / portal oficial de datos abiertos,PRIMARY_OFFICIAL
2004,2004-03-14,42 - Soria,ASAMBLEA DE IZQUIERDAS-INICIATIVA POR ANDALUCIA - A-IZ,0,0,Ministerio del Interior / portal oficial de datos abiertos,PRIMARY_OFFICIAL
2004,2004-03-14,42 - Soria,BLOC NACIONALISTA VALENCIA-ESQUERRA VERDA - BLOC-EV,0,0,Ministerio del Interior / portal oficial de datos abiertos,PRIMARY_OFFICIAL
2004,2004-03-14,42 - Soria,BLOQUE NACIONALISTA GALEGO - BNG,0,0,Ministerio del Interior / portal oficial de datos abiertos,PRIMARY_OFFICIAL
2004,2004-03-14,42 - Soria,C. IZQUIERDA UNIDA-SOCIALISTAS IND. DE EXTREMADURA - IU-SIEX,0,0,Ministerio del Interior / portal oficial de datos abiertos,PRIMARY_OFFICIAL
2004,2004-03-14,42 - Soria,CAND. INDEPENDIENTE-EL PARTIDO DE CASTILLA Y LEON - CI,0,0,Ministerio del Interior / portal oficial de datos abiertos,PRIMARY_OFFICIAL
2004,2004-03-14,42 - Soria,CENTRE DEMOCRATIC I SOCIAL - CDS,0,0,Ministerio del Interior / portal oficial de datos abiertos,PRIMARY_OFFICIAL
2004,2004-03-14,42 - Soria,CENTRO DEMOCRATICO Y SOCIAL - CDS,89,0,Ministerio del Interior / portal oficial de datos abiertos,PRIMARY_OFFICIAL
2004,2004-03-14,42 - Soria,CHUNTA ARAGONESISTA - CHA,0,0,Ministerio del Interior / portal oficial de datos abiertos,PRIMARY_OFFICIAL
2004,2004-03-14,42 - Soria,CIUDADANOS EN BLANCO - CENB,100,0,Ministerio del Interior / portal oficial de datos abiertos,PRIMARY_OFFICIAL
2004,2004-03-14,42 - Soria,COALICIO TREBALLADORS PER LA DEMOCRACIA - TD,0,0,Ministerio del Interior / portal oficial de datos abiertos,PRIMARY_OFFICIAL
2004,2004-03-14,42 - Soria,COALICION CANARIA - CC,0,0,Ministerio del Interior / portal oficial de datos abiertos,PRIMARY_OFFICIAL
2004,2004-03-14,42 - Soria,COALICION GALEGA - CG,0,0,Ministerio del Interior / portal oficial de datos abiertos,PRIMARY_OFFICIAL
2004,2004-03-14,42 - Soria,CONCEJU NACIONALIEGU CANTABRU - CNC,0,0,Ministerio del Interior / portal oficial de datos abiertos,PRIMARY_OFFICIAL
2004,2004-03-14,42 - Soria,CONVERGENCIA CIUDADANA DEL SURESTE - CCSE,0,0,Ministerio del Interior / portal oficial de datos abiertos,PRIMARY_OFFICIAL
2004,2004-03-14,42 - Soria,CONVERGENCIA DE DEMOCRATAS DE NAVARRA - CDN,0,0,Ministerio del Interior / portal oficial de datos abiertos,PRIMARY_OFFICIAL
2004,2004-03-14,42 - Soria,CONVERGENCIA DEMOCRATICA ASTURIANA Y CDS - CDAS CDS,0,0,Ministerio del Interior / portal oficial de datos abiertos,PRIMARY_OFFICIAL
2004,2004-03-14,42 - Soria,CONVERGENCIA i UNIO - CiU,0,0,Ministerio del Interior / portal oficial de datos abiertos,PRIMARY_OFFICIAL
2004,2004-03-14,42 - Soria,DEMOCRACIA NACIONAL - DN,23,0,Ministerio del Interior / portal oficial de datos abiertos,PRIMARY_OFFICIAL
2004,2004-03-14,42 - Soria,EKA-PARTIDO CARLISTA - EKA,0,0,Ministerio del Interior / portal oficial de datos abiertos,PRIMARY_OFFICIAL
2004,2004-03-14,42 - Soria,ELS VERDS-ALTERNATIVA VERDA - EV-AV,0,0,Ministerio del Interior / portal oficial de datos abiertos,PRIMARY_OFFICIAL
2004,2004-03-14,42 - Soria,ELS VERDS-L'ALTERNATIVA ECOLOGISTA - EV-AE,0,0,Ministerio del Interior / portal oficial de datos abiertos,PRIMARY_OFFICIAL
2004,2004-03-14,42 - Soria,ESCONS INSUBMISOS-ALT. DELS DEMOCRATES DESCONTENTS - Ei,0,0,Ministerio del Interior / portal oficial de datos abiertos,PRIMARY_OFFICIAL
2004,2004-03-14,42 - Soria,ESPAÑA 2000 - ESPAÑA 2000,0,0,Ministerio del Interior / portal oficial de datos abiertos,PRIMARY_OFFICIAL
2004,2004-03-14,42 - Soria,ESQUERDA UNIDA-IZQUIERDA UNIDA - EU-IU,0,0,Ministerio del Interior / portal oficial de datos abiertos,PRIMARY_OFFICIAL
2004,2004-03-14,42 - Soria,ESQUERRA REPUBLICANA DE CATALUNYA - ERC,0,0,Ministerio del Interior / portal oficial de datos abiertos,PRIMARY_OFFICIAL
2004,2004-03-14,42 - Soria,ESQUERRA REPUBLICANA DEL PAIS VALENCIA - ERPV,0,0,Ministerio del Interior / portal oficial de datos abiertos,PRIMARY_OFFICIAL
2004,2004-03-14,42 - Soria,ESQUERRA UNIDA PAIS VALENCIA+I.REPUBLICANA:ENTESA - ENTESA,0,0,Ministerio del Interior / portal oficial de datos abiertos,PRIMARY_OFFICIAL
2004,2004-03-14,42 - Soria,ESTADO NACIONAL EUROPEO - N,0,0,Ministerio del Interior / portal oficial de datos abiertos,PRIMARY_OFFICIAL
2004,2004-03-14,42 - Soria,EUSKO ALDERDI JELTZALEA-PARTIDO NACIONALISTA VASCO - EAJ-PNV,0,0,Ministerio del Interior / portal oficial de datos abiertos,PRIMARY_OFFICIAL
2004,2004-03-14,42 - Soria,EUSKO ALKARTASUNA - EA,0,0,Ministerio del Interior / portal oficial de datos abiertos,PRIMARY_OFFICIAL
2004,2004-03-14,42 - Soria,EXTREMADURA UNIDA - EU,0,0,Ministerio del Interior / portal oficial de datos abiertos,PRIMARY_OFFICIAL
2004,2004-03-14,42 - Soria,EZKER BATUA-IZQUIERDA UNIDA - EB-IU,0,0,Ministerio del Interior / portal oficial de datos abiertos,PRIMARY_OFFICIAL
2004,2004-03-14,42 - Soria,FALANGE AUTENTICA - FA,17,0,Ministerio del Interior / portal oficial de datos abiertos,PRIMARY_OFFICIAL
2004,2004-03-14,42 - Soria,FALANGE ESPAÑOLA DE LAS JONS - FE de las JONS,32,0,Ministerio del Interior / portal oficial de datos abiertos,PRIMARY_OFFICIAL
2004,2004-03-14,42 - Soria,FRENTE DEMOCRATICO ESPAÑOL - FDE,0,0,Ministerio del Interior / portal oficial de datos abiertos,PRIMARY_OFFICIAL
2004,2004-03-14,42 - Soria,FRENTE POPULAR GALEGA - FPG,0,0,Ministerio del Interior / portal oficial de datos abiertos,PRIMARY_OFFICIAL
2004,2004-03-14,42 - Soria,GRUPO POLITICO HONRADEZ ABSOLUTA ESPAÑOLA - GPHAE,17,0,Ministerio del Interior / portal oficial de datos abiertos,PRIMARY_OFFICIAL
2004,2004-03-14,42 - Soria,GRUPO VERDE EUROPEO - GVE,0,0,Ministerio del Interior / portal oficial de datos abiertos,PRIMARY_OFFICIAL
2004,2004-03-14,42 - Soria,IDENTIDAD REINO DE VALENCIA - IRV,0,0,Ministerio del Interior / portal oficial de datos abiertos,PRIMARY_OFFICIAL
2004,2004-03-14,42 - Soria,INIC. PER CATALUNYA VERDS-ESQUERRA UNIDA I ALTERN. - ICV-EUiA,0,0,Ministerio del Interior / portal oficial de datos abiertos,PRIMARY_OFFICIAL
2004,2004-03-14,42 - Soria,INICIATIVA LOS VERDES-IZQUIERDA UNIDA-AL.CIUDADANA - VERDES-IUC-AC25,0,0,Ministerio del Interior / portal oficial de datos abiertos,PRIMARY_OFFICIAL
2004,2004-03-14,42 - Soria,INICIATIVA POR EL DESARROLLO DE SORIA - I.DE.S.,2934,0,Ministerio del Interior / portal oficial de datos abiertos,PRIMARY_OFFICIAL
2004,2004-03-14,42 - Soria,IZQUIERDA ASTURIANA - IAS,0,0,Ministerio del Interior / portal oficial de datos abiertos,PRIMARY_OFFICIAL
2004,2004-03-14,42 - Soria,IZQUIERDA REPUBLICANA - IR,34,0,Ministerio del Interior / portal oficial de datos abiertos,PRIMARY_OFFICIAL
2004,2004-03-14,42 - Soria,IZQUIERDA REPUBLICANA-ESQUERDA REPUBLICANA GALEGA - IR-ERG,0,0,Ministerio del Interior / portal oficial de datos abiertos,PRIMARY_OFFICIAL
2004,2004-03-14,42 - Soria,IZQUIERDA REPUBLICANA-PARTIT REPUBLICA D'ESQUERRA - IR-PRE,0,0,Ministerio del Interior / portal oficial de datos abiertos,PRIMARY_OFFICIAL
2004,2004-03-14,42 - Soria,IZQUIERDA UNIDA - IU,1230,0,Ministerio del Interior / portal oficial de datos abiertos,PRIMARY_OFFICIAL
2004,2004-03-14,42 - Soria,IZQUIERDA UNIDA BLOQUE POR ASTURIES - IU-BA,0,0,Ministerio del Interior / portal oficial de datos abiertos,PRIMARY_OFFICIAL
2004,2004-03-14,42 - Soria,IZQUIERDA UNIDA DE LA COMUNIDAD DE MADRID - IU,0,0,Ministerio del Interior / portal oficial de datos abiertos,PRIMARY_OFFICIAL
2004,2004-03-14,42 - Soria,IZQUIERDA UNIDA DE NAVARRA-NAFARROAKO EZKER BATUA - IUN-NEB,0,0,Ministerio del Interior / portal oficial de datos abiertos,PRIMARY_OFFICIAL
2004,2004-03-14,42 - Soria,IZQUIERDA UNIDA-IZQUIERDA DE CASTILLA-LA MANCHA - IU,0,0,Ministerio del Interior / portal oficial de datos abiertos,PRIMARY_OFFICIAL
2004,2004-03-14,42 - Soria,IZQUIERDA UNIDA-LOS VERDES - IU-LV,0,0,Ministerio del Interior / portal oficial de datos abiertos,PRIMARY_OFFICIAL
2004,2004-03-14,42 - Soria,IZQUIERDA UNIDA-VERDES-CONVOCATORIA POR ANDALUCIA - IULV-CA,0,0,Ministerio del Interior / portal oficial de datos abiertos,PRIMARY_OFFICIAL
2004,2004-03-14,42 - Soria,LA FALANGE - FE,20,0,Ministerio del Interior / portal oficial de datos abiertos,PRIMARY_OFFICIAL
2004,2004-03-14,42 - Soria,LLUITA INTERNACIONALISTA - L.I. (LIT-CI),0,0,Ministerio del Interior / portal oficial de datos abiertos,PRIMARY_OFFICIAL
2004,2004-03-14,42 - Soria,LOS VERDES - LVRM,0,0,Ministerio del Interior / portal oficial de datos abiertos,PRIMARY_OFFICIAL
2004,2004-03-14,42 - Soria,LOS VERDES DE ASTURIES - VERDES,0,0,Ministerio del Interior / portal oficial de datos abiertos,PRIMARY_OFFICIAL
2004,2004-03-14,42 - Soria,LOS VERDES DE EXTREMADURA - LV,0,0,Ministerio del Interior / portal oficial de datos abiertos,PRIMARY_OFFICIAL
2004,2004-03-14,42 - Soria,LOS VERDES DE LA COMUNIDAD DE MADRID - LVCM,0,0,Ministerio del Interior / portal oficial de datos abiertos,PRIMARY_OFFICIAL
2004,2004-03-14,42 - Soria,LOS VERDES-ECOPACIFISTAS - LV-E,0,0,Ministerio del Interior / portal oficial de datos abiertos,PRIMARY_OFFICIAL
2004,2004-03-14,42 - Soria,"LOS VERDES-ECOPACIFISTAS, ELS VERDS-ECOPACIFISTES - LV-E",0,0,Ministerio del Interior / portal oficial de datos abiertos,PRIMARY_OFFICIAL
2004,2004-03-14,42 - Soria,LOS VERDES-GRUPO VERDE - LV-GV,0,0,Ministerio del Interior / portal oficial de datos abiertos,PRIMARY_OFFICIAL
2004,2004-03-14,42 - Soria,LUCHA INTERNACIONALISTA - L.I. (LIT-CI),0,0,Ministerio del Interior / portal oficial de datos abiertos,PRIMARY_OFFICIAL
2004,2004-03-14,42 - Soria,MOVIMENT SOCIAL REPUBLICA - MSR,0,0,Ministerio del Interior / portal oficial de datos abiertos,PRIMARY_OFFICIAL
2004,2004-03-14,42 - Soria,MOVIMIENTO SOCIAL REPUBLICANO - MSR,8,0,Ministerio del Interior / portal oficial de datos abiertos,PRIMARY_OFFICIAL
2004,2004-03-14,42 - Soria,NAFARROA BAI - Na-Bai,0,0,Ministerio del Interior / portal oficial de datos abiertos,PRIMARY_OFFICIAL
2004,2004-03-14,42 - Soria,OTRA DEMOCRACIA ES POSIBLE - OtraDem,0,0,Ministerio del Interior / portal oficial de datos abiertos,PRIMARY_OFFICIAL
2004,2004-03-14,42 - Soria,P.SOCIALDEMOCRATA IND. DE LA COMUNITAT VALENCIANA - PSICV,0,0,Ministerio del Interior / portal oficial de datos abiertos,PRIMARY_OFFICIAL
2004,2004-03-14,42 - Soria,PART. CANNABIS POR LA LEGALIZACION Y NORMALIZACION - P.CANNABIS,0,0,Ministerio del Interior / portal oficial de datos abiertos,PRIMARY_OFFICIAL
2004,2004-03-14,42 - Soria,PARTIDO ANDALUCISTA - PA,0,0,Ministerio del Interior / portal oficial de datos abiertos,PRIMARY_OFFICIAL
2004,2004-03-14,42 - Soria,PARTIDO ARAGONES - PAR,0,0,Ministerio del Interior / portal oficial de datos abiertos,PRIMARY_OFFICIAL
2004,2004-03-14,42 - Soria,PARTIDO CARLISTA - PC,28,0,Ministerio del Interior / portal oficial de datos abiertos,PRIMARY_OFFICIAL
2004,2004-03-14,42 - Soria,PARTIDO CARLISTA - PCA,0,0,Ministerio del Interior / portal oficial de datos abiertos,PRIMARY_OFFICIAL
2004,2004-03-14,42 - Soria,PARTIDO COMUNISTA DE LOS PUEBLOS DE ESPAÑA - PCPE,0,0,Ministerio del Interior / portal oficial de datos abiertos,PRIMARY_OFFICIAL
2004,2004-03-14,42 - Soria,PARTIDO COMUNISTA DEL PUEBLO CANARIO - PCPC,0,0,Ministerio del Interior / portal oficial de datos abiertos,PRIMARY_OFFICIAL
2004,2004-03-14,42 - Soria,PARTIDO COMUNISTA DEL PUEBLO CASTELLANO - PCPC,0,0,Ministerio del Interior / portal oficial de datos abiertos,PRIMARY_OFFICIAL
2004,2004-03-14,42 - Soria,PARTIDO COMUNISTA DEL PUEBLO CASTELLANO - PCPC-PCPE,28,0,Ministerio del Interior / portal oficial de datos abiertos,PRIMARY_OFFICIAL
2004,2004-03-14,42 - Soria,PARTIDO COMUNISTA DEL PUEBLO CASTELLANO-PCPE - PCPC-PCPE,0,0,Ministerio del Interior / portal oficial de datos abiertos,PRIMARY_OFFICIAL
2004,2004-03-14,42 - Soria,PARTIDO DE LA GENTE - LG,0,0,Ministerio del Interior / portal oficial de datos abiertos,PRIMARY_OFFICIAL
2004,2004-03-14,42 - Soria,PARTIDO DE LOS AUTONOMOS JUBILADOS Y VIUDAS - PAE,0,0,Ministerio del Interior / portal oficial de datos abiertos,PRIMARY_OFFICIAL
2004,2004-03-14,42 - Soria,PARTIDO DE LOS AUTONOMOS Y PROFESIONALES - AU.TO.NO.MO,0,0,Ministerio del Interior / portal oficial de datos abiertos,PRIMARY_OFFICIAL
2004,2004-03-14,42 - Soria,PARTIDO DE LOS TRABAJADORES EN PRECARIO - PTPRE,0,0,Ministerio del Interior / portal oficial de datos abiertos,PRIMARY_OFFICIAL
2004,2004-03-14,42 - Soria,PARTIDO DEL KARMA DEMOCRATICO - PKD,0,0,Ministerio del Interior / portal oficial de datos abiertos,PRIMARY_OFFICIAL
2004,2004-03-14,42 - Soria,PARTIDO DEL MUTUO APOYO ROMANTICO - PMAR,0,0,Ministerio del Interior / portal oficial de datos abiertos,PRIMARY_OFFICIAL
2004,2004-03-14,42 - Soria,PARTIDO DEMOCRATA ESPAÑOL - PADE,25,0,Ministerio del Interior / portal oficial de datos abiertos,PRIMARY_OFFICIAL
2004,2004-03-14,42 - Soria,PARTIDO DEMOCRATA NACIONAL DE ESPAÑA - PDN,0,0,Ministerio del Interior / portal oficial de datos abiertos,PRIMARY_OFFICIAL
2004,2004-03-14,42 - Soria,PARTIDO DOS SOCIALISTAS DE GALICIA-PSOE - PSdeG-PSOE,0,0,Ministerio del Interior / portal oficial de datos abiertos,PRIMARY_OFFICIAL
2004,2004-03-14,42 - Soria,PARTIDO FAMILIA I VIDA - PFiV,0,0,Ministerio del Interior / portal oficial de datos abiertos,PRIMARY_OFFICIAL
2004,2004-03-14,42 - Soria,PARTIDO FAMILIA Y VIDA - FyV,0,0,Ministerio del Interior / portal oficial de datos abiertos,PRIMARY_OFFICIAL
2004,2004-03-14,42 - Soria,PARTIDO FAMILIA Y VIDA - PFyV,39,0,Ministerio del Interior / portal oficial de datos abiertos,PRIMARY_OFFICIAL
2004,2004-03-14,42 - Soria,PARTIDO HUMANISTA - PH,35,0,Ministerio del Interior / portal oficial de datos abiertos,PRIMARY_OFFICIAL
2004,2004-03-14,42 - Soria,PARTIDO NACIONAL DE LOS TRABAJADORES - PNT,0,0,Ministerio del Interior / portal oficial de datos abiertos,PRIMARY_OFFICIAL
2004,2004-03-14,42 - Soria,PARTIDO NACIONALISTA CALO - PNCA,0,0,Ministerio del Interior / portal oficial de datos abiertos,PRIMARY_OFFICIAL
2004,2004-03-14,42 - Soria,PARTIDO NACIONALISTA CANARIO - PNC,0,0,Ministerio del Interior / portal oficial de datos abiertos,PRIMARY_OFFICIAL
2004,2004-03-14,42 - Soria,PARTIDO OBRERO SOCIALISTA INTERNACIONALISTA - POSI,0,0,Ministerio del Interior / portal oficial de datos abiertos,PRIMARY_OFFICIAL
2004,2004-03-14,42 - Soria,PARTIDO POPULAR - PP,29187,2,Ministerio del Interior / portal oficial de datos abiertos,PRIMARY_OFFICIAL
2004,2004-03-14,42 - Soria,PARTIDO POSITIVISTA CRISTIANO - PPCr,0,0,Ministerio del Interior / portal oficial de datos abiertos,PRIMARY_OFFICIAL
2004,2004-03-14,42 - Soria,PARTIDO REGIONALISTA DE GUADALAJARA - PRGU,0,0,Ministerio del Interior / portal oficial de datos abiertos,PRIMARY_OFFICIAL
2004,2004-03-14,42 - Soria,PARTIDO REPUBLICANO - PRF,0,0,Ministerio del Interior / portal oficial de datos abiertos,PRIMARY_OFFICIAL
2004,2004-03-14,42 - Soria,PARTIDO SOCIAL-DEMOCRATA ANDALUZ - PSDA,0,0,Ministerio del Interior / portal oficial de datos abiertos,PRIMARY_OFFICIAL
2004,2004-03-14,42 - Soria,PARTIDO SOCIALISTA DE ANDALUCIA - PSA,0,0,Ministerio del Interior / portal oficial de datos abiertos,PRIMARY_OFFICIAL
2004,2004-03-14,42 - Soria,PARTIDO SOCIALISTA DE EUSKADI-EUSKADIKO EZKERRA - PSE-EE(PSOE),0,0,Ministerio del Interior / portal oficial de datos abiertos,PRIMARY_OFFICIAL
2004,2004-03-14,42 - Soria,PARTIDO SOCIALISTA DEL PUEBLO DE CEUTA - PSPC,0,0,Ministerio del Interior / portal oficial de datos abiertos,PRIMARY_OFFICIAL
2004,2004-03-14,42 - Soria,PARTIDO SOCIALISTA OBRERO ESPAÑOL - PSOE,22287,1,Ministerio del Interior / portal oficial de datos abiertos,PRIMARY_OFFICIAL
2004,2004-03-14,42 - Soria,PARTIDO SOCIALISTA OBRERO ESPAÑOL DE ANDALUCIA - PSOE de A,0,0,Ministerio del Interior / portal oficial de datos abiertos,PRIMARY_OFFICIAL
2004,2004-03-14,42 - Soria,PARTIT CARLI DE CATALUNYA - PCdeC,0,0,Ministerio del Interior / portal oficial de datos abiertos,PRIMARY_OFFICIAL
2004,2004-03-14,42 - Soria,PARTIT COMUNISTA DEL POBLE DE CATALUNYA - PCPC,0,0,Ministerio del Interior / portal oficial de datos abiertos,PRIMARY_OFFICIAL
2004,2004-03-14,42 - Soria,PARTIT COMUNISTA DELS POBLES D'ESPANYA - PCPE,0,0,Ministerio del Interior / portal oficial de datos abiertos,PRIMARY_OFFICIAL
2004,2004-03-14,42 - Soria,PARTIT DELS SOCIALISTES DE CATALUNYA - PSC-PSOE,0,0,Ministerio del Interior / portal oficial de datos abiertos,PRIMARY_OFFICIAL
2004,2004-03-14,42 - Soria,PARTIT FAMILIA I VIDA - PFiV,0,0,Ministerio del Interior / portal oficial de datos abiertos,PRIMARY_OFFICIAL
2004,2004-03-14,42 - Soria,PARTIT HUMANISTA DE CATALUNYA - PHC,0,0,Ministerio del Interior / portal oficial de datos abiertos,PRIMARY_OFFICIAL
2004,2004-03-14,42 - Soria,PARTIT OBRER SOCIALISTA INTERNACIONALISTA - POSI,0,0,Ministerio del Interior / portal oficial de datos abiertos,PRIMARY_OFFICIAL
2004,2004-03-14,42 - Soria,PARTIT POPULAR - PP,0,0,Ministerio del Interior / portal oficial de datos abiertos,PRIMARY_OFFICIAL
2004,2004-03-14,42 - Soria,PARTIT POPULAR DE CATANLUNYA - PP,0,0,Ministerio del Interior / portal oficial de datos abiertos,PRIMARY_OFFICIAL
2004,2004-03-14,42 - Soria,PARTIU ASTURIANISTA - PAS,0,0,Ministerio del Interior / portal oficial de datos abiertos,PRIMARY_OFFICIAL
2004,2004-03-14,42 - Soria,"PSM-ENTESA NACIONALISTA,ESQUERRA UNIDA,E.VERDS,ERC - PSM-EN,EU,EV,ER",0,0,Ministerio del Interior / portal oficial de datos abiertos,PRIMARY_OFFICIAL
2004,2004-03-14,42 - Soria,"SALAMANCA, ZAMORA, LEON PREPAL - PREPAL",0,0,Ministerio del Interior / portal oficial de datos abiertos,PRIMARY_OFFICIAL
2004,2004-03-14,42 - Soria,TIERRA COMUNERA-PARTIDO NACIONALISTA CASTELLANO - TC-PNC,71,0,Ministerio del Interior / portal oficial de datos abiertos,PRIMARY_OFFICIAL
2004,2004-03-14,42 - Soria,UNIDAD CASTELLANA - Ud Ca,0,0,Ministerio del Interior / portal oficial de datos abiertos,PRIMARY_OFFICIAL
2004,2004-03-14,42 - Soria,UNIO CENTRISTES DE MENORCA - UCM,0,0,Ministerio del Interior / portal oficial de datos abiertos,PRIMARY_OFFICIAL
2004,2004-03-14,42 - Soria,UNIO MALLORQUINA - UM,0,0,Ministerio del Interior / portal oficial de datos abiertos,PRIMARY_OFFICIAL
2004,2004-03-14,42 - Soria,UNION CENTRISTA LIBERAL - UCL,0,0,Ministerio del Interior / portal oficial de datos abiertos,PRIMARY_OFFICIAL
2004,2004-03-14,42 - Soria,UNION DEL PUEBLO BALEAR - UPB,0,0,Ministerio del Interior / portal oficial de datos abiertos,PRIMARY_OFFICIAL
2004,2004-03-14,42 - Soria,UNION DEL PUEBLO LEONES - UPL,0,0,Ministerio del Interior / portal oficial de datos abiertos,PRIMARY_OFFICIAL
2004,2004-03-14,42 - Soria,UNION DEL PUEBLO NAVARRO EN COALICION CON EL PP - UPN-PP,0,0,Ministerio del Interior / portal oficial de datos abiertos,PRIMARY_OFFICIAL
2004,2004-03-14,42 - Soria,UNION DEL PUEBLO SALMANTINO - UPSa,0,0,Ministerio del Interior / portal oficial de datos abiertos,PRIMARY_OFFICIAL
2004,2004-03-14,42 - Soria,UNION NACIONAL - UN,0,0,Ministerio del Interior / portal oficial de datos abiertos,PRIMARY_OFFICIAL
2004,2004-03-14,42 - Soria,ZAMORA UNIDA - ZU,0,0,Ministerio del Interior / portal oficial de datos abiertos,PRIMARY_OFFICIAL
2004,2004-03-14,43 - Tarragona,AGRUPACION SOCIAL INDEPENDIENTE - ASI,0,0,Ministerio del Interior / portal oficial de datos abiertos,PRIMARY_OFFICIAL
2004,2004-03-14,43 - Tarragona,ALIANZA PARA EL DESARROLLO Y LA NATURALEZA - ADN,0,0,Ministerio del Interior / portal oficial de datos abiertos,PRIMARY_OFFICIAL
2004,2004-03-14,43 - Tarragona,ALIANZA POR LA UNIDAD NACIONAL - AUN,0,0,Ministerio del Interior / portal oficial de datos abiertos,PRIMARY_OFFICIAL
2004,2004-03-14,43 - Tarragona,ALTERNATIVA MAGA NACIONALISTA - AMAGA,0,0,Ministerio del Interior / portal oficial de datos abiertos,PRIMARY_OFFICIAL
2004,2004-03-14,43 - Tarragona,ALTERNATIVA POPULAR CANARIA - APCa,0,0,Ministerio del Interior / portal oficial de datos abiertos,PRIMARY_OFFICIAL
2004,2004-03-14,43 - Tarragona,ALTERNATIVA POR GRAN CANARIA - AxGC,0,0,Ministerio del Interior / portal oficial de datos abiertos,PRIMARY_OFFICIAL
2004,2004-03-14,43 - Tarragona,ANDECHA ASTUR - AA,0,0,Ministerio del Interior / portal oficial de datos abiertos,PRIMARY_OFFICIAL
2004,2004-03-14,43 - Tarragona,ARALAR-ZUTIK - ARALAR-ZUTIK,0,0,Ministerio del Interior / portal oficial de datos abiertos,PRIMARY_OFFICIAL
2004,2004-03-14,43 - Tarragona,ASAMBLEA DE ANDALUCIA - A,0,0,Ministerio del Interior / portal oficial de datos abiertos,PRIMARY_OFFICIAL
2004,2004-03-14,43 - Tarragona,ASAMBLEA DE IZQUIERDAS-INICIATIVA POR ANDALUCIA - A-IZ,0,0,Ministerio del Interior / portal oficial de datos abiertos,PRIMARY_OFFICIAL
2004,2004-03-14,43 - Tarragona,BLOC NACIONALISTA VALENCIA-ESQUERRA VERDA - BLOC-EV,0,0,Ministerio del Interior / portal oficial de datos abiertos,PRIMARY_OFFICIAL
2004,2004-03-14,43 - Tarragona,BLOQUE NACIONALISTA GALEGO - BNG,0,0,Ministerio del Interior / portal oficial de datos abiertos,PRIMARY_OFFICIAL
2004,2004-03-14,43 - Tarragona,C. IZQUIERDA UNIDA-SOCIALISTAS IND. DE EXTREMADURA - IU-SIEX,0,0,Ministerio del Interior / portal oficial de datos abiertos,PRIMARY_OFFICIAL
2004,2004-03-14,43 - Tarragona,CAND. INDEPENDIENTE-EL PARTIDO DE CASTILLA Y LEON - CI,0,0,Ministerio del Interior / portal oficial de datos abiertos,PRIMARY_OFFICIAL
2004,2004-03-14,43 - Tarragona,CENTRE DEMOCRATIC I SOCIAL - CDS,0,0,Ministerio del Interior / portal oficial de datos abiertos,PRIMARY_OFFICIAL
2004,2004-03-14,43 - Tarragona,CENTRO DEMOCRATICO Y SOCIAL - CDS,200,0,Ministerio del Interior / portal oficial de datos abiertos,PRIMARY_OFFICIAL
2004,2004-03-14,43 - Tarragona,CHUNTA ARAGONESISTA - CHA,0,0,Ministerio del Interior / portal oficial de datos abiertos,PRIMARY_OFFICIAL
2004,2004-03-14,43 - Tarragona,CIUDADANOS EN BLANCO - CENB,350,0,Ministerio del Interior / portal oficial de datos abiertos,PRIMARY_OFFICIAL
2004,2004-03-14,43 - Tarragona,COALICIO TREBALLADORS PER LA DEMOCRACIA - TD,0,0,Ministerio del Interior / portal oficial de datos abiertos,PRIMARY_OFFICIAL
2004,2004-03-14,43 - Tarragona,COALICION CANARIA - CC,0,0,Ministerio del Interior / portal oficial de datos abiertos,PRIMARY_OFFICIAL
2004,2004-03-14,43 - Tarragona,COALICION GALEGA - CG,0,0,Ministerio del Interior / portal oficial de datos abiertos,PRIMARY_OFFICIAL
2004,2004-03-14,43 - Tarragona,CONCEJU NACIONALIEGU CANTABRU - CNC,0,0,Ministerio del Interior / portal oficial de datos abiertos,PRIMARY_OFFICIAL
2004,2004-03-14,43 - Tarragona,CONVERGENCIA CIUDADANA DEL SURESTE - CCSE,0,0,Ministerio del Interior / portal oficial de datos abiertos,PRIMARY_OFFICIAL
2004,2004-03-14,43 - Tarragona,CONVERGENCIA DE DEMOCRATAS DE NAVARRA - CDN,0,0,Ministerio del Interior / portal oficial de datos abiertos,PRIMARY_OFFICIAL
2004,2004-03-14,43 - Tarragona,CONVERGENCIA DEMOCRATICA ASTURIANA Y CDS - CDAS CDS,0,0,Ministerio del Interior / portal oficial de datos abiertos,PRIMARY_OFFICIAL
2004,2004-03-14,43 - Tarragona,CONVERGENCIA i UNIO - CiU,82954,1,Ministerio del Interior / portal oficial de datos abiertos,PRIMARY_OFFICIAL
2004,2004-03-14,43 - Tarragona,DEMOCRACIA NACIONAL - DN,151,0,Ministerio del Interior / portal oficial de datos abiertos,PRIMARY_OFFICIAL
2004,2004-03-14,43 - Tarragona,EKA-PARTIDO CARLISTA - EKA,0,0,Ministerio del Interior / portal oficial de datos abiertos,PRIMARY_OFFICIAL
2004,2004-03-14,43 - Tarragona,ELS VERDS-ALTERNATIVA VERDA - EV-AV,0,0,Ministerio del Interior / portal oficial de datos abiertos,PRIMARY_OFFICIAL
2004,2004-03-14,43 - Tarragona,ELS VERDS-L'ALTERNATIVA ECOLOGISTA - EV-AE,2618,0,Ministerio del Interior / portal oficial de datos abiertos,PRIMARY_OFFICIAL
2004,2004-03-14,43 - Tarragona,ESCONS INSUBMISOS-ALT. DELS DEMOCRATES DESCONTENTS - Ei,169,0,Ministerio del Interior / portal oficial de datos abiertos,PRIMARY_OFFICIAL
2004,2004-03-14,43 - Tarragona,ESPAÑA 2000 - ESPAÑA 2000,117,0,Ministerio del Interior / portal oficial de datos abiertos,PRIMARY_OFFICIAL
2004,2004-03-14,43 - Tarragona,ESQUERDA UNIDA-IZQUIERDA UNIDA - EU-IU,0,0,Ministerio del Interior / portal oficial de datos abiertos,PRIMARY_OFFICIAL
2004,2004-03-14,43 - Tarragona,ESQUERRA REPUBLICANA DE CATALUNYA - ERC,76330,1,Ministerio del Interior / portal oficial de datos abiertos,PRIMARY_OFFICIAL
2004,2004-03-14,43 - Tarragona,ESQUERRA REPUBLICANA DEL PAIS VALENCIA - ERPV,0,0,Ministerio del Interior / portal oficial de datos abiertos,PRIMARY_OFFICIAL
2004,2004-03-14,43 - Tarragona,ESQUERRA UNIDA PAIS VALENCIA+I.REPUBLICANA:ENTESA - ENTESA,0,0,Ministerio del Interior / portal oficial de datos abiertos,PRIMARY_OFFICIAL
2004,2004-03-14,43 - Tarragona,ESTADO NACIONAL EUROPEO - N,0,0,Ministerio del Interior / portal oficial de datos abiertos,PRIMARY_OFFICIAL
2004,2004-03-14,43 - Tarragona,EUSKO ALDERDI JELTZALEA-PARTIDO NACIONALISTA VASCO - EAJ-PNV,0,0,Ministerio del Interior / portal oficial de datos abiertos,PRIMARY_OFFICIAL
2004,2004-03-14,43 - Tarragona,EUSKO ALKARTASUNA - EA,0,0,Ministerio del Interior / portal oficial de datos abiertos,PRIMARY_OFFICIAL
2004,2004-03-14,43 - Tarragona,EXTREMADURA UNIDA - EU,0,0,Ministerio del Interior / portal oficial de datos abiertos,PRIMARY_OFFICIAL
2004,2004-03-14,43 - Tarragona,EZKER BATUA-IZQUIERDA UNIDA - EB-IU,0,0,Ministerio del Interior / portal oficial de datos abiertos,PRIMARY_OFFICIAL
2004,2004-03-14,43 - Tarragona,FALANGE AUTENTICA - FA,0,0,Ministerio del Interior / portal oficial de datos abiertos,PRIMARY_OFFICIAL
2004,2004-03-14,43 - Tarragona,FALANGE ESPAÑOLA DE LAS JONS - FE de las JONS,116,0,Ministerio del Interior / portal oficial de datos abiertos,PRIMARY_OFFICIAL
2004,2004-03-14,43 - Tarragona,FRENTE DEMOCRATICO ESPAÑOL - FDE,0,0,Ministerio del Interior / portal oficial de datos abiertos,PRIMARY_OFFICIAL
2004,2004-03-14,43 - Tarragona,FRENTE POPULAR GALEGA - FPG,0,0,Ministerio del Interior / portal oficial de datos abiertos,PRIMARY_OFFICIAL
2004,2004-03-14,43 - Tarragona,GRUPO POLITICO HONRADEZ ABSOLUTA ESPAÑOLA - GPHAE,0,0,Ministerio del Interior / portal oficial de datos abiertos,PRIMARY_OFFICIAL
2004,2004-03-14,43 - Tarragona,GRUPO VERDE EUROPEO - GVE,0,0,Ministerio del Interior / portal oficial de datos abiertos,PRIMARY_OFFICIAL
2004,2004-03-14,43 - Tarragona,IDENTIDAD REINO DE VALENCIA - IRV,0,0,Ministerio del Interior / portal oficial de datos abiertos,PRIMARY_OFFICIAL
2004,2004-03-14,43 - Tarragona,INIC. PER CATALUNYA VERDS-ESQUERRA UNIDA I ALTERN. - ICV-EUiA,14694,0,Ministerio del Interior / portal oficial de datos abiertos,PRIMARY_OFFICIAL
2004,2004-03-14,43 - Tarragona,INICIATIVA LOS VERDES-IZQUIERDA UNIDA-AL.CIUDADANA - VERDES-IUC-AC25,0,0,Ministerio del Interior / portal oficial de datos abiertos,PRIMARY_OFFICIAL
2004,2004-03-14,43 - Tarragona,INICIATIVA POR EL DESARROLLO DE SORIA - I.DE.S.,0,0,Ministerio del Interior / portal oficial de datos abiertos,PRIMARY_OFFICIAL
2004,2004-03-14,43 - Tarragona,IZQUIERDA ASTURIANA - IAS,0,0,Ministerio del Interior / portal oficial de datos abiertos,PRIMARY_OFFICIAL
2004,2004-03-14,43 - Tarragona,IZQUIERDA REPUBLICANA - IR,0,0,Ministerio del Interior / portal oficial de datos abiertos,PRIMARY_OFFICIAL
2004,2004-03-14,43 - Tarragona,IZQUIERDA REPUBLICANA-ESQUERDA REPUBLICANA GALEGA - IR-ERG,0,0,Ministerio del Interior / portal oficial de datos abiertos,PRIMARY_OFFICIAL
2004,2004-03-14,43 - Tarragona,IZQUIERDA REPUBLICANA-PARTIT REPUBLICA D'ESQUERRA - IR-PRE,227,0,Ministerio del Interior / portal oficial de datos abiertos,PRIMARY_OFFICIAL
2004,2004-03-14,43 - Tarragona,IZQUIERDA UNIDA - IU,0,0,Ministerio del Interior / portal oficial de datos abiertos,PRIMARY_OFFICIAL
2004,2004-03-14,43 - Tarragona,IZQUIERDA UNIDA BLOQUE POR ASTURIES - IU-BA,0,0,Ministerio del Interior / portal oficial de datos abiertos,PRIMARY_OFFICIAL
2004,2004-03-14,43 - Tarragona,IZQUIERDA UNIDA DE LA COMUNIDAD DE MADRID - IU,0,0,Ministerio del Interior / portal oficial de datos abiertos,PRIMARY_OFFICIAL
2004,2004-03-14,43 - Tarragona,IZQUIERDA UNIDA DE NAVARRA-NAFARROAKO EZKER BATUA - IUN-NEB,0,0,Ministerio del Interior / portal oficial de datos abiertos,PRIMARY_OFFICIAL
2004,2004-03-14,43 - Tarragona,IZQUIERDA UNIDA-IZQUIERDA DE CASTILLA-LA MANCHA - IU,0,0,Ministerio del Interior / portal oficial de datos abiertos,PRIMARY_OFFICIAL
2004,2004-03-14,43 - Tarragona,IZQUIERDA UNIDA-LOS VERDES - IU-LV,0,0,Ministerio del Interior / portal oficial de datos abiertos,PRIMARY_OFFICIAL
2004,2004-03-14,43 - Tarragona,IZQUIERDA UNIDA-VERDES-CONVOCATORIA POR ANDALUCIA - IULV-CA,0,0,Ministerio del Interior / portal oficial de datos abiertos,PRIMARY_OFFICIAL
2004,2004-03-14,43 - Tarragona,LA FALANGE - FE,122,0,Ministerio del Interior / portal oficial de datos abiertos,PRIMARY_OFFICIAL
2004,2004-03-14,43 - Tarragona,LLUITA INTERNACIONALISTA - L.I. (LIT-CI),33,0,Ministerio del Interior / portal oficial de datos abiertos,PRIMARY_OFFICIAL
2004,2004-03-14,43 - Tarragona,LOS VERDES - LVRM,0,0,Ministerio del Interior / portal oficial de datos abiertos,PRIMARY_OFFICIAL
2004,2004-03-14,43 - Tarragona,LOS VERDES DE ASTURIES - VERDES,0,0,Ministerio del Interior / portal oficial de datos abiertos,PRIMARY_OFFICIAL
2004,2004-03-14,43 - Tarragona,LOS VERDES DE EXTREMADURA - LV,0,0,Ministerio del Interior / portal oficial de datos abiertos,PRIMARY_OFFICIAL
2004,2004-03-14,43 - Tarragona,LOS VERDES DE LA COMUNIDAD DE MADRID - LVCM,0,0,Ministerio del Interior / portal oficial de datos abiertos,PRIMARY_OFFICIAL
2004,2004-03-14,43 - Tarragona,LOS VERDES-ECOPACIFISTAS - LV-E,0,0,Ministerio del Interior / portal oficial de datos abiertos,PRIMARY_OFFICIAL
2004,2004-03-14,43 - Tarragona,"LOS VERDES-ECOPACIFISTAS, ELS VERDS-ECOPACIFISTES - LV-E",0,0,Ministerio del Interior / portal oficial de datos abiertos,PRIMARY_OFFICIAL
2004,2004-03-14,43 - Tarragona,LOS VERDES-GRUPO VERDE - LV-GV,0,0,Ministerio del Interior / portal oficial de datos abiertos,PRIMARY_OFFICIAL
2004,2004-03-14,43 - Tarragona,LUCHA INTERNACIONALISTA - L.I. (LIT-CI),0,0,Ministerio del Interior / portal oficial de datos abiertos,PRIMARY_OFFICIAL
2004,2004-03-14,43 - Tarragona,MOVIMENT SOCIAL REPUBLICA - MSR,56,0,Ministerio del Interior / portal oficial de datos abiertos,PRIMARY_OFFICIAL
2004,2004-03-14,43 - Tarragona,MOVIMIENTO SOCIAL REPUBLICANO - MSR,0,0,Ministerio del Interior / portal oficial de datos abiertos,PRIMARY_OFFICIAL
2004,2004-03-14,43 - Tarragona,NAFARROA BAI - Na-Bai,0,0,Ministerio del Interior / portal oficial de datos abiertos,PRIMARY_OFFICIAL
2004,2004-03-14,43 - Tarragona,OTRA DEMOCRACIA ES POSIBLE - OtraDem,0,0,Ministerio del Interior / portal oficial de datos abiertos,PRIMARY_OFFICIAL
2004,2004-03-14,43 - Tarragona,P.SOCIALDEMOCRATA IND. DE LA COMUNITAT VALENCIANA - PSICV,0,0,Ministerio del Interior / portal oficial de datos abiertos,PRIMARY_OFFICIAL
2004,2004-03-14,43 - Tarragona,PART. CANNABIS POR LA LEGALIZACION Y NORMALIZACION - P.CANNABIS,0,0,Ministerio del Interior / portal oficial de datos abiertos,PRIMARY_OFFICIAL
2004,2004-03-14,43 - Tarragona,PARTIDO ANDALUCISTA - PA,0,0,Ministerio del Interior / portal oficial de datos abiertos,PRIMARY_OFFICIAL
2004,2004-03-14,43 - Tarragona,PARTIDO ARAGONES - PAR,0,0,Ministerio del Interior / portal oficial de datos abiertos,PRIMARY_OFFICIAL
2004,2004-03-14,43 - Tarragona,PARTIDO CARLISTA - PC,0,0,Ministerio del Interior / portal oficial de datos abiertos,PRIMARY_OFFICIAL
2004,2004-03-14,43 - Tarragona,PARTIDO CARLISTA - PCA,0,0,Ministerio del Interior / portal oficial de datos abiertos,PRIMARY_OFFICIAL
2004,2004-03-14,43 - Tarragona,PARTIDO COMUNISTA DE LOS PUEBLOS DE ESPAÑA - PCPE,0,0,Ministerio del Interior / portal oficial de datos abiertos,PRIMARY_OFFICIAL
2004,2004-03-14,43 - Tarragona,PARTIDO COMUNISTA DEL PUEBLO CANARIO - PCPC,0,0,Ministerio del Interior / portal oficial de datos abiertos,PRIMARY_OFFICIAL
2004,2004-03-14,43 - Tarragona,PARTIDO COMUNISTA DEL PUEBLO CASTELLANO - PCPC,0,0,Ministerio del Interior / portal oficial de datos abiertos,PRIMARY_OFFICIAL
2004,2004-03-14,43 - Tarragona,PARTIDO COMUNISTA DEL PUEBLO CASTELLANO - PCPC-PCPE,0,0,Ministerio del Interior / portal oficial de datos abiertos,PRIMARY_OFFICIAL
2004,2004-03-14,43 - Tarragona,PARTIDO COMUNISTA DEL PUEBLO CASTELLANO-PCPE - PCPC-PCPE,0,0,Ministerio del Interior / portal oficial de datos abiertos,PRIMARY_OFFICIAL
2004,2004-03-14,43 - Tarragona,PARTIDO DE LA GENTE - LG,0,0,Ministerio del Interior / portal oficial de datos abiertos,PRIMARY_OFFICIAL
2004,2004-03-14,43 - Tarragona,PARTIDO DE LOS AUTONOMOS JUBILADOS Y VIUDAS - PAE,0,0,Ministerio del Interior / portal oficial de datos abiertos,PRIMARY_OFFICIAL
2004,2004-03-14,43 - Tarragona,PARTIDO DE LOS AUTONOMOS Y PROFESIONALES - AU.TO.NO.MO,0,0,Ministerio del Interior / portal oficial de datos abiertos,PRIMARY_OFFICIAL
2004,2004-03-14,43 - Tarragona,PARTIDO DE LOS TRABAJADORES EN PRECARIO - PTPRE,0,0,Ministerio del Interior / portal oficial de datos abiertos,PRIMARY_OFFICIAL
2004,2004-03-14,43 - Tarragona,PARTIDO DEL KARMA DEMOCRATICO - PKD,0,0,Ministerio del Interior / portal oficial de datos abiertos,PRIMARY_OFFICIAL
2004,2004-03-14,43 - Tarragona,PARTIDO DEL MUTUO APOYO ROMANTICO - PMAR,0,0,Ministerio del Interior / portal oficial de datos abiertos,PRIMARY_OFFICIAL
2004,2004-03-14,43 - Tarragona,PARTIDO DEMOCRATA ESPAÑOL - PADE,83,0,Ministerio del Interior / portal oficial de datos abiertos,PRIMARY_OFFICIAL
2004,2004-03-14,43 - Tarragona,PARTIDO DEMOCRATA NACIONAL DE ESPAÑA - PDN,0,0,Ministerio del Interior / portal oficial de datos abiertos,PRIMARY_OFFICIAL
2004,2004-03-14,43 - Tarragona,PARTIDO DOS SOCIALISTAS DE GALICIA-PSOE - PSdeG-PSOE,0,0,Ministerio del Interior / portal oficial de datos abiertos,PRIMARY_OFFICIAL
2004,2004-03-14,43 - Tarragona,PARTIDO FAMILIA I VIDA - PFiV,155,0,Ministerio del Interior / portal oficial de datos abiertos,PRIMARY_OFFICIAL
2004,2004-03-14,43 - Tarragona,PARTIDO FAMILIA Y VIDA - FyV,0,0,Ministerio del Interior / portal oficial de datos abiertos,PRIMARY_OFFICIAL
2004,2004-03-14,43 - Tarragona,PARTIDO FAMILIA Y VIDA - PFyV,0,0,Ministerio del Interior / portal oficial de datos abiertos,PRIMARY_OFFICIAL
2004,2004-03-14,43 - Tarragona,PARTIDO HUMANISTA - PH,160,0,Ministerio del Interior / portal oficial de datos abiertos,PRIMARY_OFFICIAL
2004,2004-03-14,43 - Tarragona,PARTIDO NACIONAL DE LOS TRABAJADORES - PNT,0,0,Ministerio del Interior / portal oficial de datos abiertos,PRIMARY_OFFICIAL
2004,2004-03-14,43 - Tarragona,PARTIDO NACIONALISTA CALO - PNCA,58,0,Ministerio del Interior / portal oficial de datos abiertos,PRIMARY_OFFICIAL
2004,2004-03-14,43 - Tarragona,PARTIDO NACIONALISTA CANARIO - PNC,0,0,Ministerio del Interior / portal oficial de datos abiertos,PRIMARY_OFFICIAL
2004,2004-03-14,43 - Tarragona,PARTIDO OBRERO SOCIALISTA INTERNACIONALISTA - POSI,377,0,Ministerio del Interior / portal oficial de datos abiertos,PRIMARY_OFFICIAL
2004,2004-03-14,43 - Tarragona,PARTIDO POPULAR - PP,0,0,Ministerio del Interior / portal oficial de datos abiertos,PRIMARY_OFFICIAL
2004,2004-03-14,43 - Tarragona,PARTIDO POSITIVISTA CRISTIANO - PPCr,0,0,Ministerio del Interior / portal oficial de datos abiertos,PRIMARY_OFFICIAL
2004,2004-03-14,43 - Tarragona,PARTIDO REGIONALISTA DE GUADALAJARA - PRGU,0,0,Ministerio del Interior / portal oficial de datos abiertos,PRIMARY_OFFICIAL
2004,2004-03-14,43 - Tarragona,PARTIDO REPUBLICANO - PRF,0,0,Ministerio del Interior / portal oficial de datos abiertos,PRIMARY_OFFICIAL
2004,2004-03-14,43 - Tarragona,PARTIDO SOCIAL-DEMOCRATA ANDALUZ - PSDA,0,0,Ministerio del Interior / portal oficial de datos abiertos,PRIMARY_OFFICIAL
2004,2004-03-14,43 - Tarragona,PARTIDO SOCIALISTA DE ANDALUCIA - PSA,0,0,Ministerio del Interior / portal oficial de datos abiertos,PRIMARY_OFFICIAL
2004,2004-03-14,43 - Tarragona,PARTIDO SOCIALISTA DE EUSKADI-EUSKADIKO EZKERRA - PSE-EE(PSOE),0,0,Ministerio del Interior / portal oficial de datos abiertos,PRIMARY_OFFICIAL
2004,2004-03-14,43 - Tarragona,PARTIDO SOCIALISTA DEL PUEBLO DE CEUTA - PSPC,0,0,Ministerio del Interior / portal oficial de datos abiertos,PRIMARY_OFFICIAL
2004,2004-03-14,43 - Tarragona,PARTIDO SOCIALISTA OBRERO ESPAÑOL - PSOE,0,0,Ministerio del Interior / portal oficial de datos abiertos,PRIMARY_OFFICIAL
2004,2004-03-14,43 - Tarragona,PARTIDO SOCIALISTA OBRERO ESPAÑOL DE ANDALUCIA - PSOE de A,0,0,Ministerio del Interior / portal oficial de datos abiertos,PRIMARY_OFFICIAL
2004,2004-03-14,43 - Tarragona,PARTIT CARLI DE CATALUNYA - PCdeC,61,0,Ministerio del Interior / portal oficial de datos abiertos,PRIMARY_OFFICIAL
2004,2004-03-14,43 - Tarragona,PARTIT COMUNISTA DEL POBLE DE CATALUNYA - PCPC,396,0,Ministerio del Interior / portal oficial de datos abiertos,PRIMARY_OFFICIAL
2004,2004-03-14,43 - Tarragona,PARTIT COMUNISTA DELS POBLES D'ESPANYA - PCPE,0,0,Ministerio del Interior / portal oficial de datos abiertos,PRIMARY_OFFICIAL
2004,2004-03-14,43 - Tarragona,PARTIT DELS SOCIALISTES DE CATALUNYA - PSC-PSOE,136660,3,Ministerio del Interior / portal oficial de datos abiertos,PRIMARY_OFFICIAL
2004,2004-03-14,43 - Tarragona,PARTIT FAMILIA I VIDA - PFiV,0,0,Ministerio del Interior / portal oficial de datos abiertos,PRIMARY_OFFICIAL
2004,2004-03-14,43 - Tarragona,PARTIT HUMANISTA DE CATALUNYA - PHC,0,0,Ministerio del Interior / portal oficial de datos abiertos,PRIMARY_OFFICIAL
2004,2004-03-14,43 - Tarragona,PARTIT OBRER SOCIALISTA INTERNACIONALISTA - POSI,0,0,Ministerio del Interior / portal oficial de datos abiertos,PRIMARY_OFFICIAL
2004,2004-03-14,43 - Tarragona,PARTIT POPULAR - PP,65528,1,Ministerio del Interior / portal oficial de datos abiertos,PRIMARY_OFFICIAL
2004,2004-03-14,43 - Tarragona,PARTIT POPULAR DE CATANLUNYA - PP,0,0,Ministerio del Interior / portal oficial de datos abiertos,PRIMARY_OFFICIAL
2004,2004-03-14,43 - Tarragona,PARTIU ASTURIANISTA - PAS,0,0,Ministerio del Interior / portal oficial de datos abiertos,PRIMARY_OFFICIAL
2004,2004-03-14,43 - Tarragona,"PSM-ENTESA NACIONALISTA,ESQUERRA UNIDA,E.VERDS,ERC - PSM-EN,EU,EV,ER",0,0,Ministerio del Interior / portal oficial de datos abiertos,PRIMARY_OFFICIAL
2004,2004-03-14,43 - Tarragona,"SALAMANCA, ZAMORA, LEON PREPAL - PREPAL",0,0,Ministerio del Interior / portal oficial de datos abiertos,PRIMARY_OFFICIAL
2004,2004-03-14,43 - Tarragona,TIERRA COMUNERA-PARTIDO NACIONALISTA CASTELLANO - TC-PNC,0,0,Ministerio del Interior / portal oficial de datos abiertos,PRIMARY_OFFICIAL
2004,2004-03-14,43 - Tarragona,UNIDAD CASTELLANA - Ud Ca,0,0,Ministerio del Interior / portal oficial de datos abiertos,PRIMARY_OFFICIAL
2004,2004-03-14,43 - Tarragona,UNIO CENTRISTES DE MENORCA - UCM,0,0,Ministerio del Interior / portal oficial de datos abiertos,PRIMARY_OFFICIAL
2004,2004-03-14,43 - Tarragona,UNIO MALLORQUINA - UM,0,0,Ministerio del Interior / portal oficial de datos abiertos,PRIMARY_OFFICIAL
2004,2004-03-14,43 - Tarragona,UNION CENTRISTA LIBERAL - UCL,0,0,Ministerio del Interior / portal oficial de datos abiertos,PRIMARY_OFFICIAL
2004,2004-03-14,43 - Tarragona,UNION DEL PUEBLO BALEAR - UPB,0,0,Ministerio del Interior / portal oficial de datos abiertos,PRIMARY_OFFICIAL
2004,2004-03-14,43 - Tarragona,UNION DEL PUEBLO LEONES - UPL,0,0,Ministerio del Interior / portal oficial de datos abiertos,PRIMARY_OFFICIAL
2004,2004-03-14,43 - Tarragona,UNION DEL PUEBLO NAVARRO EN COALICION CON EL PP - UPN-PP,0,0,Ministerio del Interior / portal oficial de datos abiertos,PRIMARY_OFFICIAL
2004,2004-03-14,43 - Tarragona,UNION DEL PUEBLO SALMANTINO - UPSa,0,0,Ministerio del Interior / portal oficial de datos abiertos,PRIMARY_OFFICIAL
2004,2004-03-14,43 - Tarragona,UNION NACIONAL - UN,0,0,Ministerio del Interior / portal oficial de datos abiertos,PRIMARY_OFFICIAL
2004,2004-03-14,43 - Tarragona,ZAMORA UNIDA - ZU,0,0,Ministerio del Interior / portal oficial de datos abiertos,PRIMARY_OFFICIAL
2004,2004-03-14,44 - Teruel,AGRUPACION SOCIAL INDEPENDIENTE - ASI,0,0,Ministerio del Interior / portal oficial de datos abiertos,PRIMARY_OFFICIAL
2004,2004-03-14,44 - Teruel,ALIANZA PARA EL DESARROLLO Y LA NATURALEZA - ADN,0,0,Ministerio del Interior / portal oficial de datos abiertos,PRIMARY_OFFICIAL
2004,2004-03-14,44 - Teruel,ALIANZA POR LA UNIDAD NACIONAL - AUN,0,0,Ministerio del Interior / portal oficial de datos abiertos,PRIMARY_OFFICIAL
2004,2004-03-14,44 - Teruel,ALTERNATIVA MAGA NACIONALISTA - AMAGA,0,0,Ministerio del Interior / portal oficial de datos abiertos,PRIMARY_OFFICIAL
2004,2004-03-14,44 - Teruel,ALTERNATIVA POPULAR CANARIA - APCa,0,0,Ministerio del Interior / portal oficial de datos abiertos,PRIMARY_OFFICIAL
2004,2004-03-14,44 - Teruel,ALTERNATIVA POR GRAN CANARIA - AxGC,0,0,Ministerio del Interior / portal oficial de datos abiertos,PRIMARY_OFFICIAL
2004,2004-03-14,44 - Teruel,ANDECHA ASTUR - AA,0,0,Ministerio del Interior / portal oficial de datos abiertos,PRIMARY_OFFICIAL
2004,2004-03-14,44 - Teruel,ARALAR-ZUTIK - ARALAR-ZUTIK,0,0,Ministerio del Interior / portal oficial de datos abiertos,PRIMARY_OFFICIAL
2004,2004-03-14,44 - Teruel,ASAMBLEA DE ANDALUCIA - A,0,0,Ministerio del Interior / portal oficial de datos abiertos,PRIMARY_OFFICIAL
2004,2004-03-14,44 - Teruel,ASAMBLEA DE IZQUIERDAS-INICIATIVA POR ANDALUCIA - A-IZ,0,0,Ministerio del Interior / portal oficial de datos abiertos,PRIMARY_OFFICIAL
2004,2004-03-14,44 - Teruel,BLOC NACIONALISTA VALENCIA-ESQUERRA VERDA - BLOC-EV,0,0,Ministerio del Interior / portal oficial de datos abiertos,PRIMARY_OFFICIAL
2004,2004-03-14,44 - Teruel,BLOQUE NACIONALISTA GALEGO - BNG,0,0,Ministerio del Interior / portal oficial de datos abiertos,PRIMARY_OFFICIAL
2004,2004-03-14,44 - Teruel,C. IZQUIERDA UNIDA-SOCIALISTAS IND. DE EXTREMADURA - IU-SIEX,0,0,Ministerio del Interior / portal oficial de datos abiertos,PRIMARY_OFFICIAL
2004,2004-03-14,44 - Teruel,CAND. INDEPENDIENTE-EL PARTIDO DE CASTILLA Y LEON - CI,0,0,Ministerio del Interior / portal oficial de datos abiertos,PRIMARY_OFFICIAL
2004,2004-03-14,44 - Teruel,CENTRE DEMOCRATIC I SOCIAL - CDS,0,0,Ministerio del Interior / portal oficial de datos abiertos,PRIMARY_OFFICIAL
2004,2004-03-14,44 - Teruel,CENTRO DEMOCRATICO Y SOCIAL - CDS,81,0,Ministerio del Interior / portal oficial de datos abiertos,PRIMARY_OFFICIAL
2004,2004-03-14,44 - Teruel,CHUNTA ARAGONESISTA - CHA,4463,0,Ministerio del Interior / portal oficial de datos abiertos,PRIMARY_OFFICIAL
2004,2004-03-14,44 - Teruel,CIUDADANOS EN BLANCO - CENB,99,0,Ministerio del Interior / portal oficial de datos abiertos,PRIMARY_OFFICIAL
2004,2004-03-14,44 - Teruel,COALICIO TREBALLADORS PER LA DEMOCRACIA - TD,0,0,Ministerio del Interior / portal oficial de datos abiertos,PRIMARY_OFFICIAL
2004,2004-03-14,44 - Teruel,COALICION CANARIA - CC,0,0,Ministerio del Interior / portal oficial de datos abiertos,PRIMARY_OFFICIAL
2004,2004-03-14,44 - Teruel,COALICION GALEGA - CG,0,0,Ministerio del Interior / portal oficial de datos abiertos,PRIMARY_OFFICIAL
2004,2004-03-14,44 - Teruel,CONCEJU NACIONALIEGU CANTABRU - CNC,0,0,Ministerio del Interior / portal oficial de datos abiertos,PRIMARY_OFFICIAL
2004,2004-03-14,44 - Teruel,CONVERGENCIA CIUDADANA DEL SURESTE - CCSE,0,0,Ministerio del Interior / portal oficial de datos abiertos,PRIMARY_OFFICIAL
2004,2004-03-14,44 - Teruel,CONVERGENCIA DE DEMOCRATAS DE NAVARRA - CDN,0,0,Ministerio del Interior / portal oficial de datos abiertos,PRIMARY_OFFICIAL
2004,2004-03-14,44 - Teruel,CONVERGENCIA DEMOCRATICA ASTURIANA Y CDS - CDAS CDS,0,0,Ministerio del Interior / portal oficial de datos abiertos,PRIMARY_OFFICIAL
2004,2004-03-14,44 - Teruel,CONVERGENCIA i UNIO - CiU,0,0,Ministerio del Interior / portal oficial de datos abiertos,PRIMARY_OFFICIAL
2004,2004-03-14,44 - Teruel,DEMOCRACIA NACIONAL - DN,30,0,Ministerio del Interior / portal oficial de datos abiertos,PRIMARY_OFFICIAL
2004,2004-03-14,44 - Teruel,EKA-PARTIDO CARLISTA - EKA,0,0,Ministerio del Interior / portal oficial de datos abiertos,PRIMARY_OFFICIAL
2004,2004-03-14,44 - Teruel,ELS VERDS-ALTERNATIVA VERDA - EV-AV,0,0,Ministerio del Interior / portal oficial de datos abiertos,PRIMARY_OFFICIAL
2004,2004-03-14,44 - Teruel,ELS VERDS-L'ALTERNATIVA ECOLOGISTA - EV-AE,0,0,Ministerio del Interior / portal oficial de datos abiertos,PRIMARY_OFFICIAL
2004,2004-03-14,44 - Teruel,ESCONS INSUBMISOS-ALT. DELS DEMOCRATES DESCONTENTS - Ei,0,0,Ministerio del Interior / portal oficial de datos abiertos,PRIMARY_OFFICIAL
2004,2004-03-14,44 - Teruel,ESPAÑA 2000 - ESPAÑA 2000,0,0,Ministerio del Interior / portal oficial de datos abiertos,PRIMARY_OFFICIAL
2004,2004-03-14,44 - Teruel,ESQUERDA UNIDA-IZQUIERDA UNIDA - EU-IU,0,0,Ministerio del Interior / portal oficial de datos abiertos,PRIMARY_OFFICIAL
2004,2004-03-14,44 - Teruel,ESQUERRA REPUBLICANA DE CATALUNYA - ERC,0,0,Ministerio del Interior / portal oficial de datos abiertos,PRIMARY_OFFICIAL
2004,2004-03-14,44 - Teruel,ESQUERRA REPUBLICANA DEL PAIS VALENCIA - ERPV,0,0,Ministerio del Interior / portal oficial de datos abiertos,PRIMARY_OFFICIAL
2004,2004-03-14,44 - Teruel,ESQUERRA UNIDA PAIS VALENCIA+I.REPUBLICANA:ENTESA - ENTESA,0,0,Ministerio del Interior / portal oficial de datos abiertos,PRIMARY_OFFICIAL
2004,2004-03-14,44 - Teruel,ESTADO NACIONAL EUROPEO - N,0,0,Ministerio del Interior / portal oficial de datos abiertos,PRIMARY_OFFICIAL
2004,2004-03-14,44 - Teruel,EUSKO ALDERDI JELTZALEA-PARTIDO NACIONALISTA VASCO - EAJ-PNV,0,0,Ministerio del Interior / portal oficial de datos abiertos,PRIMARY_OFFICIAL
2004,2004-03-14,44 - Teruel,EUSKO ALKARTASUNA - EA,0,0,Ministerio del Interior / portal oficial de datos abiertos,PRIMARY_OFFICIAL
2004,2004-03-14,44 - Teruel,EXTREMADURA UNIDA - EU,0,0,Ministerio del Interior / portal oficial de datos abiertos,PRIMARY_OFFICIAL
2004,2004-03-14,44 - Teruel,EZKER BATUA-IZQUIERDA UNIDA - EB-IU,0,0,Ministerio del Interior / portal oficial de datos abiertos,PRIMARY_OFFICIAL
2004,2004-03-14,44 - Teruel,FALANGE AUTENTICA - FA,0,0,Ministerio del Interior / portal oficial de datos abiertos,PRIMARY_OFFICIAL
2004,2004-03-14,44 - Teruel,FALANGE ESPAÑOLA DE LAS JONS - FE de las JONS,54,0,Ministerio del Interior / portal oficial de datos abiertos,PRIMARY_OFFICIAL
2004,2004-03-14,44 - Teruel,FRENTE DEMOCRATICO ESPAÑOL - FDE,0,0,Ministerio del Interior / portal oficial de datos abiertos,PRIMARY_OFFICIAL
2004,2004-03-14,44 - Teruel,FRENTE POPULAR GALEGA - FPG,0,0,Ministerio del Interior / portal oficial de datos abiertos,PRIMARY_OFFICIAL
2004,2004-03-14,44 - Teruel,GRUPO POLITICO HONRADEZ ABSOLUTA ESPAÑOLA - GPHAE,0,0,Ministerio del Interior / portal oficial de datos abiertos,PRIMARY_OFFICIAL
2004,2004-03-14,44 - Teruel,GRUPO VERDE EUROPEO - GVE,0,0,Ministerio del Interior / portal oficial de datos abiertos,PRIMARY_OFFICIAL
2004,2004-03-14,44 - Teruel,IDENTIDAD REINO DE VALENCIA - IRV,0,0,Ministerio del Interior / portal oficial de datos abiertos,PRIMARY_OFFICIAL
2004,2004-03-14,44 - Teruel,INIC. PER CATALUNYA VERDS-ESQUERRA UNIDA I ALTERN. - ICV-EUiA,0,0,Ministerio del Interior / portal oficial de datos abiertos,PRIMARY_OFFICIAL
2004,2004-03-14,44 - Teruel,INICIATIVA LOS VERDES-IZQUIERDA UNIDA-AL.CIUDADANA - VERDES-IUC-AC25,0,0,Ministerio del Interior / portal oficial de datos abiertos,PRIMARY_OFFICIAL
2004,2004-03-14,44 - Teruel,INICIATIVA POR EL DESARROLLO DE SORIA - I.DE.S.,0,0,Ministerio del Interior / portal oficial de datos abiertos,PRIMARY_OFFICIAL
2004,2004-03-14,44 - Teruel,IZQUIERDA ASTURIANA - IAS,0,0,Ministerio del Interior / portal oficial de datos abiertos,PRIMARY_OFFICIAL
2004,2004-03-14,44 - Teruel,IZQUIERDA REPUBLICANA - IR,53,0,Ministerio del Interior / portal oficial de datos abiertos,PRIMARY_OFFICIAL
2004,2004-03-14,44 - Teruel,IZQUIERDA REPUBLICANA-ESQUERDA REPUBLICANA GALEGA - IR-ERG,0,0,Ministerio del Interior / portal oficial de datos abiertos,PRIMARY_OFFICIAL
2004,2004-03-14,44 - Teruel,IZQUIERDA REPUBLICANA-PARTIT REPUBLICA D'ESQUERRA - IR-PRE,0,0,Ministerio del Interior / portal oficial de datos abiertos,PRIMARY_OFFICIAL
2004,2004-03-14,44 - Teruel,IZQUIERDA UNIDA - IU,0,0,Ministerio del Interior / portal oficial de datos abiertos,PRIMARY_OFFICIAL
2004,2004-03-14,44 - Teruel,IZQUIERDA UNIDA BLOQUE POR ASTURIES - IU-BA,0,0,Ministerio del Interior / portal oficial de datos abiertos,PRIMARY_OFFICIAL
2004,2004-03-14,44 - Teruel,IZQUIERDA UNIDA DE LA COMUNIDAD DE MADRID - IU,0,0,Ministerio del Interior / portal oficial de datos abiertos,PRIMARY_OFFICIAL
2004,2004-03-14,44 - Teruel,IZQUIERDA UNIDA DE NAVARRA-NAFARROAKO EZKER BATUA - IUN-NEB,0,0,Ministerio del Interior / portal oficial de datos abiertos,PRIMARY_OFFICIAL
2004,2004-03-14,44 - Teruel,IZQUIERDA UNIDA-IZQUIERDA DE CASTILLA-LA MANCHA - IU,0,0,Ministerio del Interior / portal oficial de datos abiertos,PRIMARY_OFFICIAL
2004,2004-03-14,44 - Teruel,IZQUIERDA UNIDA-LOS VERDES - IU-LV,2514,0,Ministerio del Interior / portal oficial de datos abiertos,PRIMARY_OFFICIAL
2004,2004-03-14,44 - Teruel,IZQUIERDA UNIDA-VERDES-CONVOCATORIA POR ANDALUCIA - IULV-CA,0,0,Ministerio del Interior / portal oficial de datos abiertos,PRIMARY_OFFICIAL
2004,2004-03-14,44 - Teruel,LA FALANGE - FE,29,0,Ministerio del Interior / portal oficial de datos abiertos,PRIMARY_OFFICIAL
2004,2004-03-14,44 - Teruel,LLUITA INTERNACIONALISTA - L.I. (LIT-CI),0,0,Ministerio del Interior / portal oficial de datos abiertos,PRIMARY_OFFICIAL
2004,2004-03-14,44 - Teruel,LOS VERDES - LVRM,0,0,Ministerio del Interior / portal oficial de datos abiertos,PRIMARY_OFFICIAL
2004,2004-03-14,44 - Teruel,LOS VERDES DE ASTURIES - VERDES,0,0,Ministerio del Interior / portal oficial de datos abiertos,PRIMARY_OFFICIAL
2004,2004-03-14,44 - Teruel,LOS VERDES DE EXTREMADURA - LV,0,0,Ministerio del Interior / portal oficial de datos abiertos,PRIMARY_OFFICIAL
2004,2004-03-14,44 - Teruel,LOS VERDES DE LA COMUNIDAD DE MADRID - LVCM,0,0,Ministerio del Interior / portal oficial de datos abiertos,PRIMARY_OFFICIAL
2004,2004-03-14,44 - Teruel,LOS VERDES-ECOPACIFISTAS - LV-E,0,0,Ministerio del Interior / portal oficial de datos abiertos,PRIMARY_OFFICIAL
2004,2004-03-14,44 - Teruel,"LOS VERDES-ECOPACIFISTAS, ELS VERDS-ECOPACIFISTES - LV-E",0,0,Ministerio del Interior / portal oficial de datos abiertos,PRIMARY_OFFICIAL
2004,2004-03-14,44 - Teruel,LOS VERDES-GRUPO VERDE - LV-GV,0,0,Ministerio del Interior / portal oficial de datos abiertos,PRIMARY_OFFICIAL
2004,2004-03-14,44 - Teruel,LUCHA INTERNACIONALISTA - L.I. (LIT-CI),0,0,Ministerio del Interior / portal oficial de datos abiertos,PRIMARY_OFFICIAL
2004,2004-03-14,44 - Teruel,MOVIMENT SOCIAL REPUBLICA - MSR,0,0,Ministerio del Interior / portal oficial de datos abiertos,PRIMARY_OFFICIAL
2004,2004-03-14,44 - Teruel,MOVIMIENTO SOCIAL REPUBLICANO - MSR,18,0,Ministerio del Interior / portal oficial de datos abiertos,PRIMARY_OFFICIAL
2004,2004-03-14,44 - Teruel,NAFARROA BAI - Na-Bai,0,0,Ministerio del Interior / portal oficial de datos abiertos,PRIMARY_OFFICIAL
2004,2004-03-14,44 - Teruel,OTRA DEMOCRACIA ES POSIBLE - OtraDem,0,0,Ministerio del Interior / portal oficial de datos abiertos,PRIMARY_OFFICIAL
2004,2004-03-14,44 - Teruel,P.SOCIALDEMOCRATA IND. DE LA COMUNITAT VALENCIANA - PSICV,0,0,Ministerio del Interior / portal oficial de datos abiertos,PRIMARY_OFFICIAL
2004,2004-03-14,44 - Teruel,PART. CANNABIS POR LA LEGALIZACION Y NORMALIZACION - P.CANNABIS,0,0,Ministerio del Interior / portal oficial de datos abiertos,PRIMARY_OFFICIAL
2004,2004-03-14,44 - Teruel,PARTIDO ANDALUCISTA - PA,0,0,Ministerio del Interior / portal oficial de datos abiertos,PRIMARY_OFFICIAL
2004,2004-03-14,44 - Teruel,PARTIDO ARAGONES - PAR,7000,0,Ministerio del Interior / portal oficial de datos abiertos,PRIMARY_OFFICIAL
2004,2004-03-14,44 - Teruel,PARTIDO CARLISTA - PC,0,0,Ministerio del Interior / portal oficial de datos abiertos,PRIMARY_OFFICIAL
2004,2004-03-14,44 - Teruel,PARTIDO CARLISTA - PCA,0,0,Ministerio del Interior / portal oficial de datos abiertos,PRIMARY_OFFICIAL
2004,2004-03-14,44 - Teruel,PARTIDO COMUNISTA DE LOS PUEBLOS DE ESPAÑA - PCPE,110,0,Ministerio del Interior / portal oficial de datos abiertos,PRIMARY_OFFICIAL
2004,2004-03-14,44 - Teruel,PARTIDO COMUNISTA DEL PUEBLO CANARIO - PCPC,0,0,Ministerio del Interior / portal oficial de datos abiertos,PRIMARY_OFFICIAL
2004,2004-03-14,44 - Teruel,PARTIDO COMUNISTA DEL PUEBLO CASTELLANO - PCPC,0,0,Ministerio del Interior / portal oficial de datos abiertos,PRIMARY_OFFICIAL
2004,2004-03-14,44 - Teruel,PARTIDO COMUNISTA DEL PUEBLO CASTELLANO - PCPC-PCPE,0,0,Ministerio del Interior / portal oficial de datos abiertos,PRIMARY_OFFICIAL
2004,2004-03-14,44 - Teruel,PARTIDO COMUNISTA DEL PUEBLO CASTELLANO-PCPE - PCPC-PCPE,0,0,Ministerio del Interior / portal oficial de datos abiertos,PRIMARY_OFFICIAL
2004,2004-03-14,44 - Teruel,PARTIDO DE LA GENTE - LG,0,0,Ministerio del Interior / portal oficial de datos abiertos,PRIMARY_OFFICIAL
2004,2004-03-14,44 - Teruel,PARTIDO DE LOS AUTONOMOS JUBILADOS Y VIUDAS - PAE,0,0,Ministerio del Interior / portal oficial de datos abiertos,PRIMARY_OFFICIAL
2004,2004-03-14,44 - Teruel,PARTIDO DE LOS AUTONOMOS Y PROFESIONALES - AU.TO.NO.MO,0,0,Ministerio del Interior / portal oficial de datos abiertos,PRIMARY_OFFICIAL
2004,2004-03-14,44 - Teruel,PARTIDO DE LOS TRABAJADORES EN PRECARIO - PTPRE,0,0,Ministerio del Interior / portal oficial de datos abiertos,PRIMARY_OFFICIAL
2004,2004-03-14,44 - Teruel,PARTIDO DEL KARMA DEMOCRATICO - PKD,0,0,Ministerio del Interior / portal oficial de datos abiertos,PRIMARY_OFFICIAL
2004,2004-03-14,44 - Teruel,PARTIDO DEL MUTUO APOYO ROMANTICO - PMAR,0,0,Ministerio del Interior / portal oficial de datos abiertos,PRIMARY_OFFICIAL
2004,2004-03-14,44 - Teruel,PARTIDO DEMOCRATA ESPAÑOL - PADE,23,0,Ministerio del Interior / portal oficial de datos abiertos,PRIMARY_OFFICIAL
2004,2004-03-14,44 - Teruel,PARTIDO DEMOCRATA NACIONAL DE ESPAÑA - PDN,0,0,Ministerio del Interior / portal oficial de datos abiertos,PRIMARY_OFFICIAL
2004,2004-03-14,44 - Teruel,PARTIDO DOS SOCIALISTAS DE GALICIA-PSOE - PSdeG-PSOE,0,0,Ministerio del Interior / portal oficial de datos abiertos,PRIMARY_OFFICIAL
2004,2004-03-14,44 - Teruel,PARTIDO FAMILIA I VIDA - PFiV,0,0,Ministerio del Interior / portal oficial de datos abiertos,PRIMARY_OFFICIAL
2004,2004-03-14,44 - Teruel,PARTIDO FAMILIA Y VIDA - FyV,0,0,Ministerio del Interior / portal oficial de datos abiertos,PRIMARY_OFFICIAL
2004,2004-03-14,44 - Teruel,PARTIDO FAMILIA Y VIDA - PFyV,47,0,Ministerio del Interior / portal oficial de datos abiertos,PRIMARY_OFFICIAL
2004,2004-03-14,44 - Teruel,PARTIDO HUMANISTA - PH,40,0,Ministerio del Interior / portal oficial de datos abiertos,PRIMARY_OFFICIAL
2004,2004-03-14,44 - Teruel,PARTIDO NACIONAL DE LOS TRABAJADORES - PNT,0,0,Ministerio del Interior / portal oficial de datos abiertos,PRIMARY_OFFICIAL
2004,2004-03-14,44 - Teruel,PARTIDO NACIONALISTA CALO - PNCA,0,0,Ministerio del Interior / portal oficial de datos abiertos,PRIMARY_OFFICIAL
2004,2004-03-14,44 - Teruel,PARTIDO NACIONALISTA CANARIO - PNC,0,0,Ministerio del Interior / portal oficial de datos abiertos,PRIMARY_OFFICIAL
2004,2004-03-14,44 - Teruel,PARTIDO OBRERO SOCIALISTA INTERNACIONALISTA - POSI,0,0,Ministerio del Interior / portal oficial de datos abiertos,PRIMARY_OFFICIAL
2004,2004-03-14,44 - Teruel,PARTIDO POPULAR - PP,35920,1,Ministerio del Interior / portal oficial de datos abiertos,PRIMARY_OFFICIAL
2004,2004-03-14,44 - Teruel,PARTIDO POSITIVISTA CRISTIANO - PPCr,0,0,Ministerio del Interior / portal oficial de datos abiertos,PRIMARY_OFFICIAL
2004,2004-03-14,44 - Teruel,PARTIDO REGIONALISTA DE GUADALAJARA - PRGU,0,0,Ministerio del Interior / portal oficial de datos abiertos,PRIMARY_OFFICIAL
2004,2004-03-14,44 - Teruel,PARTIDO REPUBLICANO - PRF,0,0,Ministerio del Interior / portal oficial de datos abiertos,PRIMARY_OFFICIAL
2004,2004-03-14,44 - Teruel,PARTIDO SOCIAL-DEMOCRATA ANDALUZ - PSDA,0,0,Ministerio del Interior / portal oficial de datos abiertos,PRIMARY_OFFICIAL
2004,2004-03-14,44 - Teruel,PARTIDO SOCIALISTA DE ANDALUCIA - PSA,0,0,Ministerio del Interior / portal oficial de datos abiertos,PRIMARY_OFFICIAL
2004,2004-03-14,44 - Teruel,PARTIDO SOCIALISTA DE EUSKADI-EUSKADIKO EZKERRA - PSE-EE(PSOE),0,0,Ministerio del Interior / portal oficial de datos abiertos,PRIMARY_OFFICIAL
2004,2004-03-14,44 - Teruel,PARTIDO SOCIALISTA DEL PUEBLO DE CEUTA - PSPC,0,0,Ministerio del Interior / portal oficial de datos abiertos,PRIMARY_OFFICIAL
2004,2004-03-14,44 - Teruel,PARTIDO SOCIALISTA OBRERO ESPAÑOL - PSOE,36152,2,Ministerio del Interior / portal oficial de datos abiertos,PRIMARY_OFFICIAL
2004,2004-03-14,44 - Teruel,PARTIDO SOCIALISTA OBRERO ESPAÑOL DE ANDALUCIA - PSOE de A,0,0,Ministerio del Interior / portal oficial de datos abiertos,PRIMARY_OFFICIAL
2004,2004-03-14,44 - Teruel,PARTIT CARLI DE CATALUNYA - PCdeC,0,0,Ministerio del Interior / portal oficial de datos abiertos,PRIMARY_OFFICIAL
2004,2004-03-14,44 - Teruel,PARTIT COMUNISTA DEL POBLE DE CATALUNYA - PCPC,0,0,Ministerio del Interior / portal oficial de datos abiertos,PRIMARY_OFFICIAL
2004,2004-03-14,44 - Teruel,PARTIT COMUNISTA DELS POBLES D'ESPANYA - PCPE,0,0,Ministerio del Interior / portal oficial de datos abiertos,PRIMARY_OFFICIAL
2004,2004-03-14,44 - Teruel,PARTIT DELS SOCIALISTES DE CATALUNYA - PSC-PSOE,0,0,Ministerio del Interior / portal oficial de datos abiertos,PRIMARY_OFFICIAL
2004,2004-03-14,44 - Teruel,PARTIT FAMILIA I VIDA - PFiV,0,0,Ministerio del Interior / portal oficial de datos abiertos,PRIMARY_OFFICIAL
2004,2004-03-14,44 - Teruel,PARTIT HUMANISTA DE CATALUNYA - PHC,0,0,Ministerio del Interior / portal oficial de datos abiertos,PRIMARY_OFFICIAL
2004,2004-03-14,44 - Teruel,PARTIT OBRER SOCIALISTA INTERNACIONALISTA - POSI,0,0,Ministerio del Interior / portal oficial de datos abiertos,PRIMARY_OFFICIAL
2004,2004-03-14,44 - Teruel,PARTIT POPULAR - PP,0,0,Ministerio del Interior / portal oficial de datos abiertos,PRIMARY_OFFICIAL
2004,2004-03-14,44 - Teruel,PARTIT POPULAR DE CATANLUNYA - PP,0,0,Ministerio del Interior / portal oficial de datos abiertos,PRIMARY_OFFICIAL
2004,2004-03-14,44 - Teruel,PARTIU ASTURIANISTA - PAS,0,0,Ministerio del Interior / portal oficial de datos abiertos,PRIMARY_OFFICIAL
2004,2004-03-14,44 - Teruel,"PSM-ENTESA NACIONALISTA,ESQUERRA UNIDA,E.VERDS,ERC - PSM-EN,EU,EV,ER",0,0,Ministerio del Interior / portal oficial de datos abiertos,PRIMARY_OFFICIAL
2004,2004-03-14,44 - Teruel,"SALAMANCA, ZAMORA, LEON PREPAL - PREPAL",0,0,Ministerio del Interior / portal oficial de datos abiertos,PRIMARY_OFFICIAL
2004,2004-03-14,44 - Teruel,TIERRA COMUNERA-PARTIDO NACIONALISTA CASTELLANO - TC-PNC,0,0,Ministerio del Interior / portal oficial de datos abiertos,PRIMARY_OFFICIAL
2004,2004-03-14,44 - Teruel,UNIDAD CASTELLANA - Ud Ca,0,0,Ministerio del Interior / portal oficial de datos abiertos,PRIMARY_OFFICIAL
2004,2004-03-14,44 - Teruel,UNIO CENTRISTES DE MENORCA - UCM,0,0,Ministerio del Interior / portal oficial de datos abiertos,PRIMARY_OFFICIAL
2004,2004-03-14,44 - Teruel,UNIO MALLORQUINA - UM,0,0,Ministerio del Interior / portal oficial de datos abiertos,PRIMARY_OFFICIAL
2004,2004-03-14,44 - Teruel,UNION CENTRISTA LIBERAL - UCL,0,0,Ministerio del Interior / portal oficial de datos abiertos,PRIMARY_OFFICIAL
2004,2004-03-14,44 - Teruel,UNION DEL PUEBLO BALEAR - UPB,0,0,Ministerio del Interior / portal oficial de datos abiertos,PRIMARY_OFFICIAL
2004,2004-03-14,44 - Teruel,UNION DEL PUEBLO LEONES - UPL,0,0,Ministerio del Interior / portal oficial de datos abiertos,PRIMARY_OFFICIAL
2004,2004-03-14,44 - Teruel,UNION DEL PUEBLO NAVARRO EN COALICION CON EL PP - UPN-PP,0,0,Ministerio del Interior / portal oficial de datos abiertos,PRIMARY_OFFICIAL
2004,2004-03-14,44 - Teruel,UNION DEL PUEBLO SALMANTINO - UPSa,0,0,Ministerio del Interior / portal oficial de datos abiertos,PRIMARY_OFFICIAL
2004,2004-03-14,44 - Teruel,UNION NACIONAL - UN,0,0,Ministerio del Interior / portal oficial de datos abiertos,PRIMARY_OFFICIAL
2004,2004-03-14,44 - Teruel,ZAMORA UNIDA - ZU,0,0,Ministerio del Interior / portal oficial de datos abiertos,PRIMARY_OFFICIAL
2004,2004-03-14,45 - Toledo,AGRUPACION SOCIAL INDEPENDIENTE - ASI,0,0,Ministerio del Interior / portal oficial de datos abiertos,PRIMARY_OFFICIAL
2004,2004-03-14,45 - Toledo,ALIANZA PARA EL DESARROLLO Y LA NATURALEZA - ADN,0,0,Ministerio del Interior / portal oficial de datos abiertos,PRIMARY_OFFICIAL
2004,2004-03-14,45 - Toledo,ALIANZA POR LA UNIDAD NACIONAL - AUN,0,0,Ministerio del Interior / portal oficial de datos abiertos,PRIMARY_OFFICIAL
2004,2004-03-14,45 - Toledo,ALTERNATIVA MAGA NACIONALISTA - AMAGA,0,0,Ministerio del Interior / portal oficial de datos abiertos,PRIMARY_OFFICIAL
2004,2004-03-14,45 - Toledo,ALTERNATIVA POPULAR CANARIA - APCa,0,0,Ministerio del Interior / portal oficial de datos abiertos,PRIMARY_OFFICIAL
2004,2004-03-14,45 - Toledo,ALTERNATIVA POR GRAN CANARIA - AxGC,0,0,Ministerio del Interior / portal oficial de datos abiertos,PRIMARY_OFFICIAL
2004,2004-03-14,45 - Toledo,ANDECHA ASTUR - AA,0,0,Ministerio del Interior / portal oficial de datos abiertos,PRIMARY_OFFICIAL
2004,2004-03-14,45 - Toledo,ARALAR-ZUTIK - ARALAR-ZUTIK,0,0,Ministerio del Interior / portal oficial de datos abiertos,PRIMARY_OFFICIAL
2004,2004-03-14,45 - Toledo,ASAMBLEA DE ANDALUCIA - A,0,0,Ministerio del Interior / portal oficial de datos abiertos,PRIMARY_OFFICIAL
2004,2004-03-14,45 - Toledo,ASAMBLEA DE IZQUIERDAS-INICIATIVA POR ANDALUCIA - A-IZ,0,0,Ministerio del Interior / portal oficial de datos abiertos,PRIMARY_OFFICIAL
2004,2004-03-14,45 - Toledo,BLOC NACIONALISTA VALENCIA-ESQUERRA VERDA - BLOC-EV,0,0,Ministerio del Interior / portal oficial de datos abiertos,PRIMARY_OFFICIAL
2004,2004-03-14,45 - Toledo,BLOQUE NACIONALISTA GALEGO - BNG,0,0,Ministerio del Interior / portal oficial de datos abiertos,PRIMARY_OFFICIAL
2004,2004-03-14,45 - Toledo,C. IZQUIERDA UNIDA-SOCIALISTAS IND. DE EXTREMADURA - IU-SIEX,0,0,Ministerio del Interior / portal oficial de datos abiertos,PRIMARY_OFFICIAL
2004,2004-03-14,45 - Toledo,CAND. INDEPENDIENTE-EL PARTIDO DE CASTILLA Y LEON - CI,0,0,Ministerio del Interior / portal oficial de datos abiertos,PRIMARY_OFFICIAL
2004,2004-03-14,45 - Toledo,CENTRE DEMOCRATIC I SOCIAL - CDS,0,0,Ministerio del Interior / portal oficial de datos abiertos,PRIMARY_OFFICIAL
2004,2004-03-14,45 - Toledo,CENTRO DEMOCRATICO Y SOCIAL - CDS,557,0,Ministerio del Interior / portal oficial de datos abiertos,PRIMARY_OFFICIAL
2004,2004-03-14,45 - Toledo,CHUNTA ARAGONESISTA - CHA,0,0,Ministerio del Interior / portal oficial de datos abiertos,PRIMARY_OFFICIAL
2004,2004-03-14,45 - Toledo,CIUDADANOS EN BLANCO - CENB,530,0,Ministerio del Interior / portal oficial de datos abiertos,PRIMARY_OFFICIAL
2004,2004-03-14,45 - Toledo,COALICIO TREBALLADORS PER LA DEMOCRACIA - TD,0,0,Ministerio del Interior / portal oficial de datos abiertos,PRIMARY_OFFICIAL
2004,2004-03-14,45 - Toledo,COALICION CANARIA - CC,0,0,Ministerio del Interior / portal oficial de datos abiertos,PRIMARY_OFFICIAL
2004,2004-03-14,45 - Toledo,COALICION GALEGA - CG,0,0,Ministerio del Interior / portal oficial de datos abiertos,PRIMARY_OFFICIAL
2004,2004-03-14,45 - Toledo,CONCEJU NACIONALIEGU CANTABRU - CNC,0,0,Ministerio del Interior / portal oficial de datos abiertos,PRIMARY_OFFICIAL
2004,2004-03-14,45 - Toledo,CONVERGENCIA CIUDADANA DEL SURESTE - CCSE,0,0,Ministerio del Interior / portal oficial de datos abiertos,PRIMARY_OFFICIAL
2004,2004-03-14,45 - Toledo,CONVERGENCIA DE DEMOCRATAS DE NAVARRA - CDN,0,0,Ministerio del Interior / portal oficial de datos abiertos,PRIMARY_OFFICIAL
2004,2004-03-14,45 - Toledo,CONVERGENCIA DEMOCRATICA ASTURIANA Y CDS - CDAS CDS,0,0,Ministerio del Interior / portal oficial de datos abiertos,PRIMARY_OFFICIAL
2004,2004-03-14,45 - Toledo,CONVERGENCIA i UNIO - CiU,0,0,Ministerio del Interior / portal oficial de datos abiertos,PRIMARY_OFFICIAL
2004,2004-03-14,45 - Toledo,DEMOCRACIA NACIONAL - DN,159,0,Ministerio del Interior / portal oficial de datos abiertos,PRIMARY_OFFICIAL
2004,2004-03-14,45 - Toledo,EKA-PARTIDO CARLISTA - EKA,0,0,Ministerio del Interior / portal oficial de datos abiertos,PRIMARY_OFFICIAL
2004,2004-03-14,45 - Toledo,ELS VERDS-ALTERNATIVA VERDA - EV-AV,0,0,Ministerio del Interior / portal oficial de datos abiertos,PRIMARY_OFFICIAL
2004,2004-03-14,45 - Toledo,ELS VERDS-L'ALTERNATIVA ECOLOGISTA - EV-AE,0,0,Ministerio del Interior / portal oficial de datos abiertos,PRIMARY_OFFICIAL
2004,2004-03-14,45 - Toledo,ESCONS INSUBMISOS-ALT. DELS DEMOCRATES DESCONTENTS - Ei,0,0,Ministerio del Interior / portal oficial de datos abiertos,PRIMARY_OFFICIAL
2004,2004-03-14,45 - Toledo,ESPAÑA 2000 - ESPAÑA 2000,0,0,Ministerio del Interior / portal oficial de datos abiertos,PRIMARY_OFFICIAL
2004,2004-03-14,45 - Toledo,ESQUERDA UNIDA-IZQUIERDA UNIDA - EU-IU,0,0,Ministerio del Interior / portal oficial de datos abiertos,PRIMARY_OFFICIAL
2004,2004-03-14,45 - Toledo,ESQUERRA REPUBLICANA DE CATALUNYA - ERC,0,0,Ministerio del Interior / portal oficial de datos abiertos,PRIMARY_OFFICIAL
2004,2004-03-14,45 - Toledo,ESQUERRA REPUBLICANA DEL PAIS VALENCIA - ERPV,0,0,Ministerio del Interior / portal oficial de datos abiertos,PRIMARY_OFFICIAL
2004,2004-03-14,45 - Toledo,ESQUERRA UNIDA PAIS VALENCIA+I.REPUBLICANA:ENTESA - ENTESA,0,0,Ministerio del Interior / portal oficial de datos abiertos,PRIMARY_OFFICIAL
2004,2004-03-14,45 - Toledo,ESTADO NACIONAL EUROPEO - N,0,0,Ministerio del Interior / portal oficial de datos abiertos,PRIMARY_OFFICIAL
2004,2004-03-14,45 - Toledo,EUSKO ALDERDI JELTZALEA-PARTIDO NACIONALISTA VASCO - EAJ-PNV,0,0,Ministerio del Interior / portal oficial de datos abiertos,PRIMARY_OFFICIAL
2004,2004-03-14,45 - Toledo,EUSKO ALKARTASUNA - EA,0,0,Ministerio del Interior / portal oficial de datos abiertos,PRIMARY_OFFICIAL
2004,2004-03-14,45 - Toledo,EXTREMADURA UNIDA - EU,0,0,Ministerio del Interior / portal oficial de datos abiertos,PRIMARY_OFFICIAL
2004,2004-03-14,45 - Toledo,EZKER BATUA-IZQUIERDA UNIDA - EB-IU,0,0,Ministerio del Interior / portal oficial de datos abiertos,PRIMARY_OFFICIAL
2004,2004-03-14,45 - Toledo,FALANGE AUTENTICA - FA,114,0,Ministerio del Interior / portal oficial de datos abiertos,PRIMARY_OFFICIAL
2004,2004-03-14,45 - Toledo,FALANGE ESPAÑOLA DE LAS JONS - FE de las JONS,193,0,Ministerio del Interior / portal oficial de datos abiertos,PRIMARY_OFFICIAL
2004,2004-03-14,45 - Toledo,FRENTE DEMOCRATICO ESPAÑOL - FDE,0,0,Ministerio del Interior / portal oficial de datos abiertos,PRIMARY_OFFICIAL
2004,2004-03-14,45 - Toledo,FRENTE POPULAR GALEGA - FPG,0,0,Ministerio del Interior / portal oficial de datos abiertos,PRIMARY_OFFICIAL
2004,2004-03-14,45 - Toledo,GRUPO POLITICO HONRADEZ ABSOLUTA ESPAÑOLA - GPHAE,0,0,Ministerio del Interior / portal oficial de datos abiertos,PRIMARY_OFFICIAL
2004,2004-03-14,45 - Toledo,GRUPO VERDE EUROPEO - GVE,0,0,Ministerio del Interior / portal oficial de datos abiertos,PRIMARY_OFFICIAL
2004,2004-03-14,45 - Toledo,IDENTIDAD REINO DE VALENCIA - IRV,0,0,Ministerio del Interior / portal oficial de datos abiertos,PRIMARY_OFFICIAL
2004,2004-03-14,45 - Toledo,INIC. PER CATALUNYA VERDS-ESQUERRA UNIDA I ALTERN. - ICV-EUiA,0,0,Ministerio del Interior / portal oficial de datos abiertos,PRIMARY_OFFICIAL
2004,2004-03-14,45 - Toledo,INICIATIVA LOS VERDES-IZQUIERDA UNIDA-AL.CIUDADANA - VERDES-IUC-AC25,0,0,Ministerio del Interior / portal oficial de datos abiertos,PRIMARY_OFFICIAL
2004,2004-03-14,45 - Toledo,INICIATIVA POR EL DESARROLLO DE SORIA - I.DE.S.,0,0,Ministerio del Interior / portal oficial de datos abiertos,PRIMARY_OFFICIAL
2004,2004-03-14,45 - Toledo,IZQUIERDA ASTURIANA - IAS,0,0,Ministerio del Interior / portal oficial de datos abiertos,PRIMARY_OFFICIAL
2004,2004-03-14,45 - Toledo,IZQUIERDA REPUBLICANA - IR,163,0,Ministerio del Interior / portal oficial de datos abiertos,PRIMARY_OFFICIAL
2004,2004-03-14,45 - Toledo,IZQUIERDA REPUBLICANA-ESQUERDA REPUBLICANA GALEGA - IR-ERG,0,0,Ministerio del Interior / portal oficial de datos abiertos,PRIMARY_OFFICIAL
2004,2004-03-14,45 - Toledo,IZQUIERDA REPUBLICANA-PARTIT REPUBLICA D'ESQUERRA - IR-PRE,0,0,Ministerio del Interior / portal oficial de datos abiertos,PRIMARY_OFFICIAL
2004,2004-03-14,45 - Toledo,IZQUIERDA UNIDA - IU,0,0,Ministerio del Interior / portal oficial de datos abiertos,PRIMARY_OFFICIAL
2004,2004-03-14,45 - Toledo,IZQUIERDA UNIDA BLOQUE POR ASTURIES - IU-BA,0,0,Ministerio del Interior / portal oficial de datos abiertos,PRIMARY_OFFICIAL
2004,2004-03-14,45 - Toledo,IZQUIERDA UNIDA DE LA COMUNIDAD DE MADRID - IU,0,0,Ministerio del Interior / portal oficial de datos abiertos,PRIMARY_OFFICIAL
2004,2004-03-14,45 - Toledo,IZQUIERDA UNIDA DE NAVARRA-NAFARROAKO EZKER BATUA - IUN-NEB,0,0,Ministerio del Interior / portal oficial de datos abiertos,PRIMARY_OFFICIAL
2004,2004-03-14,45 - Toledo,IZQUIERDA UNIDA-IZQUIERDA DE CASTILLA-LA MANCHA - IU,12707,0,Ministerio del Interior / portal oficial de datos abiertos,PRIMARY_OFFICIAL
2004,2004-03-14,45 - Toledo,IZQUIERDA UNIDA-LOS VERDES - IU-LV,0,0,Ministerio del Interior / portal oficial de datos abiertos,PRIMARY_OFFICIAL
2004,2004-03-14,45 - Toledo,IZQUIERDA UNIDA-VERDES-CONVOCATORIA POR ANDALUCIA - IULV-CA,0,0,Ministerio del Interior / portal oficial de datos abiertos,PRIMARY_OFFICIAL
2004,2004-03-14,45 - Toledo,LA FALANGE - FE,165,0,Ministerio del Interior / portal oficial de datos abiertos,PRIMARY_OFFICIAL
2004,2004-03-14,45 - Toledo,LLUITA INTERNACIONALISTA - L.I. (LIT-CI),0,0,Ministerio del Interior / portal oficial de datos abiertos,PRIMARY_OFFICIAL
2004,2004-03-14,45 - Toledo,LOS VERDES - LVRM,0,0,Ministerio del Interior / portal oficial de datos abiertos,PRIMARY_OFFICIAL
2004,2004-03-14,45 - Toledo,LOS VERDES DE ASTURIES - VERDES,0,0,Ministerio del Interior / portal oficial de datos abiertos,PRIMARY_OFFICIAL
2004,2004-03-14,45 - Toledo,LOS VERDES DE EXTREMADURA - LV,0,0,Ministerio del Interior / portal oficial de datos abiertos,PRIMARY_OFFICIAL
2004,2004-03-14,45 - Toledo,LOS VERDES DE LA COMUNIDAD DE MADRID - LVCM,0,0,Ministerio del Interior / portal oficial de datos abiertos,PRIMARY_OFFICIAL
2004,2004-03-14,45 - Toledo,LOS VERDES-ECOPACIFISTAS - LV-E,0,0,Ministerio del Interior / portal oficial de datos abiertos,PRIMARY_OFFICIAL
2004,2004-03-14,45 - Toledo,"LOS VERDES-ECOPACIFISTAS, ELS VERDS-ECOPACIFISTES - LV-E",0,0,Ministerio del Interior / portal oficial de datos abiertos,PRIMARY_OFFICIAL
2004,2004-03-14,45 - Toledo,LOS VERDES-GRUPO VERDE - LV-GV,0,0,Ministerio del Interior / portal oficial de datos abiertos,PRIMARY_OFFICIAL
2004,2004-03-14,45 - Toledo,LUCHA INTERNACIONALISTA - L.I. (LIT-CI),0,0,Ministerio del Interior / portal oficial de datos abiertos,PRIMARY_OFFICIAL
2004,2004-03-14,45 - Toledo,MOVIMENT SOCIAL REPUBLICA - MSR,0,0,Ministerio del Interior / portal oficial de datos abiertos,PRIMARY_OFFICIAL
2004,2004-03-14,45 - Toledo,MOVIMIENTO SOCIAL REPUBLICANO - MSR,88,0,Ministerio del Interior / portal oficial de datos abiertos,PRIMARY_OFFICIAL
2004,2004-03-14,45 - Toledo,NAFARROA BAI - Na-Bai,0,0,Ministerio del Interior / portal oficial de datos abiertos,PRIMARY_OFFICIAL
2004,2004-03-14,45 - Toledo,OTRA DEMOCRACIA ES POSIBLE - OtraDem,0,0,Ministerio del Interior / portal oficial de datos abiertos,PRIMARY_OFFICIAL
2004,2004-03-14,45 - Toledo,P.SOCIALDEMOCRATA IND. DE LA COMUNITAT VALENCIANA - PSICV,0,0,Ministerio del Interior / portal oficial de datos abiertos,PRIMARY_OFFICIAL
2004,2004-03-14,45 - Toledo,PART. CANNABIS POR LA LEGALIZACION Y NORMALIZACION - P.CANNABIS,0,0,Ministerio del Interior / portal oficial de datos abiertos,PRIMARY_OFFICIAL
2004,2004-03-14,45 - Toledo,PARTIDO ANDALUCISTA - PA,0,0,Ministerio del Interior / portal oficial de datos abiertos,PRIMARY_OFFICIAL
2004,2004-03-14,45 - Toledo,PARTIDO ARAGONES - PAR,0,0,Ministerio del Interior / portal oficial de datos abiertos,PRIMARY_OFFICIAL
2004,2004-03-14,45 - Toledo,PARTIDO CARLISTA - PC,0,0,Ministerio del Interior / portal oficial de datos abiertos,PRIMARY_OFFICIAL
2004,2004-03-14,45 - Toledo,PARTIDO CARLISTA - PCA,0,0,Ministerio del Interior / portal oficial de datos abiertos,PRIMARY_OFFICIAL
2004,2004-03-14,45 - Toledo,PARTIDO COMUNISTA DE LOS PUEBLOS DE ESPAÑA - PCPE,208,0,Ministerio del Interior / portal oficial de datos abiertos,PRIMARY_OFFICIAL
2004,2004-03-14,45 - Toledo,PARTIDO COMUNISTA DEL PUEBLO CANARIO - PCPC,0,0,Ministerio del Interior / portal oficial de datos abiertos,PRIMARY_OFFICIAL
2004,2004-03-14,45 - Toledo,PARTIDO COMUNISTA DEL PUEBLO CASTELLANO - PCPC,0,0,Ministerio del Interior / portal oficial de datos abiertos,PRIMARY_OFFICIAL
2004,2004-03-14,45 - Toledo,PARTIDO COMUNISTA DEL PUEBLO CASTELLANO - PCPC-PCPE,0,0,Ministerio del Interior / portal oficial de datos abiertos,PRIMARY_OFFICIAL
2004,2004-03-14,45 - Toledo,PARTIDO COMUNISTA DEL PUEBLO CASTELLANO-PCPE - PCPC-PCPE,0,0,Ministerio del Interior / portal oficial de datos abiertos,PRIMARY_OFFICIAL
2004,2004-03-14,45 - Toledo,PARTIDO DE LA GENTE - LG,0,0,Ministerio del Interior / portal oficial de datos abiertos,PRIMARY_OFFICIAL
2004,2004-03-14,45 - Toledo,PARTIDO DE LOS AUTONOMOS JUBILADOS Y VIUDAS - PAE,0,0,Ministerio del Interior / portal oficial de datos abiertos,PRIMARY_OFFICIAL
2004,2004-03-14,45 - Toledo,PARTIDO DE LOS AUTONOMOS Y PROFESIONALES - AU.TO.NO.MO,0,0,Ministerio del Interior / portal oficial de datos abiertos,PRIMARY_OFFICIAL
2004,2004-03-14,45 - Toledo,PARTIDO DE LOS TRABAJADORES EN PRECARIO - PTPRE,0,0,Ministerio del Interior / portal oficial de datos abiertos,PRIMARY_OFFICIAL
2004,2004-03-14,45 - Toledo,PARTIDO DEL KARMA DEMOCRATICO - PKD,0,0,Ministerio del Interior / portal oficial de datos abiertos,PRIMARY_OFFICIAL
2004,2004-03-14,45 - Toledo,PARTIDO DEL MUTUO APOYO ROMANTICO - PMAR,273,0,Ministerio del Interior / portal oficial de datos abiertos,PRIMARY_OFFICIAL
2004,2004-03-14,45 - Toledo,PARTIDO DEMOCRATA ESPAÑOL - PADE,134,0,Ministerio del Interior / portal oficial de datos abiertos,PRIMARY_OFFICIAL
2004,2004-03-14,45 - Toledo,PARTIDO DEMOCRATA NACIONAL DE ESPAÑA - PDN,0,0,Ministerio del Interior / portal oficial de datos abiertos,PRIMARY_OFFICIAL
2004,2004-03-14,45 - Toledo,PARTIDO DOS SOCIALISTAS DE GALICIA-PSOE - PSdeG-PSOE,0,0,Ministerio del Interior / portal oficial de datos abiertos,PRIMARY_OFFICIAL
2004,2004-03-14,45 - Toledo,PARTIDO FAMILIA I VIDA - PFiV,0,0,Ministerio del Interior / portal oficial de datos abiertos,PRIMARY_OFFICIAL
2004,2004-03-14,45 - Toledo,PARTIDO FAMILIA Y VIDA - FyV,0,0,Ministerio del Interior / portal oficial de datos abiertos,PRIMARY_OFFICIAL
2004,2004-03-14,45 - Toledo,PARTIDO FAMILIA Y VIDA - PFyV,725,0,Ministerio del Interior / portal oficial de datos abiertos,PRIMARY_OFFICIAL
2004,2004-03-14,45 - Toledo,PARTIDO HUMANISTA - PH,322,0,Ministerio del Interior / portal oficial de datos abiertos,PRIMARY_OFFICIAL
2004,2004-03-14,45 - Toledo,PARTIDO NACIONAL DE LOS TRABAJADORES - PNT,0,0,Ministerio del Interior / portal oficial de datos abiertos,PRIMARY_OFFICIAL
2004,2004-03-14,45 - Toledo,PARTIDO NACIONALISTA CALO - PNCA,0,0,Ministerio del Interior / portal oficial de datos abiertos,PRIMARY_OFFICIAL
2004,2004-03-14,45 - Toledo,PARTIDO NACIONALISTA CANARIO - PNC,0,0,Ministerio del Interior / portal oficial de datos abiertos,PRIMARY_OFFICIAL
2004,2004-03-14,45 - Toledo,PARTIDO OBRERO SOCIALISTA INTERNACIONALISTA - POSI,152,0,Ministerio del Interior / portal oficial de datos abiertos,PRIMARY_OFFICIAL
2004,2004-03-14,45 - Toledo,PARTIDO POPULAR - PP,171325,3,Ministerio del Interior / portal oficial de datos abiertos,PRIMARY_OFFICIAL
2004,2004-03-14,45 - Toledo,PARTIDO POSITIVISTA CRISTIANO - PPCr,0,0,Ministerio del Interior / portal oficial de datos abiertos,PRIMARY_OFFICIAL
2004,2004-03-14,45 - Toledo,PARTIDO REGIONALISTA DE GUADALAJARA - PRGU,0,0,Ministerio del Interior / portal oficial de datos abiertos,PRIMARY_OFFICIAL
2004,2004-03-14,45 - Toledo,PARTIDO REPUBLICANO - PRF,0,0,Ministerio del Interior / portal oficial de datos abiertos,PRIMARY_OFFICIAL
2004,2004-03-14,45 - Toledo,PARTIDO SOCIAL-DEMOCRATA ANDALUZ - PSDA,0,0,Ministerio del Interior / portal oficial de datos abiertos,PRIMARY_OFFICIAL
2004,2004-03-14,45 - Toledo,PARTIDO SOCIALISTA DE ANDALUCIA - PSA,0,0,Ministerio del Interior / portal oficial de datos abiertos,PRIMARY_OFFICIAL
2004,2004-03-14,45 - Toledo,PARTIDO SOCIALISTA DE EUSKADI-EUSKADIKO EZKERRA - PSE-EE(PSOE),0,0,Ministerio del Interior / portal oficial de datos abiertos,PRIMARY_OFFICIAL
2004,2004-03-14,45 - Toledo,PARTIDO SOCIALISTA DEL PUEBLO DE CEUTA - PSPC,0,0,Ministerio del Interior / portal oficial de datos abiertos,PRIMARY_OFFICIAL
2004,2004-03-14,45 - Toledo,PARTIDO SOCIALISTA OBRERO ESPAÑOL - PSOE,167807,2,Ministerio del Interior / portal oficial de datos abiertos,PRIMARY_OFFICIAL
2004,2004-03-14,45 - Toledo,PARTIDO SOCIALISTA OBRERO ESPAÑOL DE ANDALUCIA - PSOE de A,0,0,Ministerio del Interior / portal oficial de datos abiertos,PRIMARY_OFFICIAL
2004,2004-03-14,45 - Toledo,PARTIT CARLI DE CATALUNYA - PCdeC,0,0,Ministerio del Interior / portal oficial de datos abiertos,PRIMARY_OFFICIAL
2004,2004-03-14,45 - Toledo,PARTIT COMUNISTA DEL POBLE DE CATALUNYA - PCPC,0,0,Ministerio del Interior / portal oficial de datos abiertos,PRIMARY_OFFICIAL
2004,2004-03-14,45 - Toledo,PARTIT COMUNISTA DELS POBLES D'ESPANYA - PCPE,0,0,Ministerio del Interior / portal oficial de datos abiertos,PRIMARY_OFFICIAL
2004,2004-03-14,45 - Toledo,PARTIT DELS SOCIALISTES DE CATALUNYA - PSC-PSOE,0,0,Ministerio del Interior / portal oficial de datos abiertos,PRIMARY_OFFICIAL
2004,2004-03-14,45 - Toledo,PARTIT FAMILIA I VIDA - PFiV,0,0,Ministerio del Interior / portal oficial de datos abiertos,PRIMARY_OFFICIAL
2004,2004-03-14,45 - Toledo,PARTIT HUMANISTA DE CATALUNYA - PHC,0,0,Ministerio del Interior / portal oficial de datos abiertos,PRIMARY_OFFICIAL
2004,2004-03-14,45 - Toledo,PARTIT OBRER SOCIALISTA INTERNACIONALISTA - POSI,0,0,Ministerio del Interior / portal oficial de datos abiertos,PRIMARY_OFFICIAL
2004,2004-03-14,45 - Toledo,PARTIT POPULAR - PP,0,0,Ministerio del Interior / portal oficial de datos abiertos,PRIMARY_OFFICIAL
2004,2004-03-14,45 - Toledo,PARTIT POPULAR DE CATANLUNYA - PP,0,0,Ministerio del Interior / portal oficial de datos abiertos,PRIMARY_OFFICIAL
2004,2004-03-14,45 - Toledo,PARTIU ASTURIANISTA - PAS,0,0,Ministerio del Interior / portal oficial de datos abiertos,PRIMARY_OFFICIAL
2004,2004-03-14,45 - Toledo,"PSM-ENTESA NACIONALISTA,ESQUERRA UNIDA,E.VERDS,ERC - PSM-EN,EU,EV,ER",0,0,Ministerio del Interior / portal oficial de datos abiertos,PRIMARY_OFFICIAL
2004,2004-03-14,45 - Toledo,"SALAMANCA, ZAMORA, LEON PREPAL - PREPAL",0,0,Ministerio del Interior / portal oficial de datos abiertos,PRIMARY_OFFICIAL
2004,2004-03-14,45 - Toledo,TIERRA COMUNERA-PARTIDO NACIONALISTA CASTELLANO - TC-PNC,284,0,Ministerio del Interior / portal oficial de datos abiertos,PRIMARY_OFFICIAL
2004,2004-03-14,45 - Toledo,UNIDAD CASTELLANA - Ud Ca,0,0,Ministerio del Interior / portal oficial de datos abiertos,PRIMARY_OFFICIAL
2004,2004-03-14,45 - Toledo,UNIO CENTRISTES DE MENORCA - UCM,0,0,Ministerio del Interior / portal oficial de datos abiertos,PRIMARY_OFFICIAL
2004,2004-03-14,45 - Toledo,UNIO MALLORQUINA - UM,0,0,Ministerio del Interior / portal oficial de datos abiertos,PRIMARY_OFFICIAL
2004,2004-03-14,45 - Toledo,UNION CENTRISTA LIBERAL - UCL,0,0,Ministerio del Interior / portal oficial de datos abiertos,PRIMARY_OFFICIAL
2004,2004-03-14,45 - Toledo,UNION DEL PUEBLO BALEAR - UPB,0,0,Ministerio del Interior / portal oficial de datos abiertos,PRIMARY_OFFICIAL
2004,2004-03-14,45 - Toledo,UNION DEL PUEBLO LEONES - UPL,0,0,Ministerio del Interior / portal oficial de datos abiertos,PRIMARY_OFFICIAL
2004,2004-03-14,45 - Toledo,UNION DEL PUEBLO NAVARRO EN COALICION CON EL PP - UPN-PP,0,0,Ministerio del Interior / portal oficial de datos abiertos,PRIMARY_OFFICIAL
2004,2004-03-14,45 - Toledo,UNION DEL PUEBLO SALMANTINO - UPSa,0,0,Ministerio del Interior / portal oficial de datos abiertos,PRIMARY_OFFICIAL
2004,2004-03-14,45 - Toledo,UNION NACIONAL - UN,0,0,Ministerio del Interior / portal oficial de datos abiertos,PRIMARY_OFFICIAL
2004,2004-03-14,45 - Toledo,ZAMORA UNIDA - ZU,0,0,Ministerio del Interior / portal oficial de datos abiertos,PRIMARY_OFFICIAL
2004,2004-03-14,46 - Valencia/València,AGRUPACION SOCIAL INDEPENDIENTE - ASI,0,0,Ministerio del Interior / portal oficial de datos abiertos,PRIMARY_OFFICIAL
2004,2004-03-14,46 - Valencia/València,ALIANZA PARA EL DESARROLLO Y LA NATURALEZA - ADN,0,0,Ministerio del Interior / portal oficial de datos abiertos,PRIMARY_OFFICIAL
2004,2004-03-14,46 - Valencia/València,ALIANZA POR LA UNIDAD NACIONAL - AUN,0,0,Ministerio del Interior / portal oficial de datos abiertos,PRIMARY_OFFICIAL
2004,2004-03-14,46 - Valencia/València,ALTERNATIVA MAGA NACIONALISTA - AMAGA,0,0,Ministerio del Interior / portal oficial de datos abiertos,PRIMARY_OFFICIAL
2004,2004-03-14,46 - Valencia/València,ALTERNATIVA POPULAR CANARIA - APCa,0,0,Ministerio del Interior / portal oficial de datos abiertos,PRIMARY_OFFICIAL
2004,2004-03-14,46 - Valencia/València,ALTERNATIVA POR GRAN CANARIA - AxGC,0,0,Ministerio del Interior / portal oficial de datos abiertos,PRIMARY_OFFICIAL
2004,2004-03-14,46 - Valencia/València,ANDECHA ASTUR - AA,0,0,Ministerio del Interior / portal oficial de datos abiertos,PRIMARY_OFFICIAL
2004,2004-03-14,46 - Valencia/València,ARALAR-ZUTIK - ARALAR-ZUTIK,0,0,Ministerio del Interior / portal oficial de datos abiertos,PRIMARY_OFFICIAL
2004,2004-03-14,46 - Valencia/València,ASAMBLEA DE ANDALUCIA - A,0,0,Ministerio del Interior / portal oficial de datos abiertos,PRIMARY_OFFICIAL
2004,2004-03-14,46 - Valencia/València,ASAMBLEA DE IZQUIERDAS-INICIATIVA POR ANDALUCIA - A-IZ,0,0,Ministerio del Interior / portal oficial de datos abiertos,PRIMARY_OFFICIAL
2004,2004-03-14,46 - Valencia/València,BLOC NACIONALISTA VALENCIA-ESQUERRA VERDA - BLOC-EV,27050,0,Ministerio del Interior / portal oficial de datos abiertos,PRIMARY_OFFICIAL
2004,2004-03-14,46 - Valencia/València,BLOQUE NACIONALISTA GALEGO - BNG,0,0,Ministerio del Interior / portal oficial de datos abiertos,PRIMARY_OFFICIAL
2004,2004-03-14,46 - Valencia/València,C. IZQUIERDA UNIDA-SOCIALISTAS IND. DE EXTREMADURA - IU-SIEX,0,0,Ministerio del Interior / portal oficial de datos abiertos,PRIMARY_OFFICIAL
2004,2004-03-14,46 - Valencia/València,CAND. INDEPENDIENTE-EL PARTIDO DE CASTILLA Y LEON - CI,0,0,Ministerio del Interior / portal oficial de datos abiertos,PRIMARY_OFFICIAL
2004,2004-03-14,46 - Valencia/València,CENTRE DEMOCRATIC I SOCIAL - CDS,0,0,Ministerio del Interior / portal oficial de datos abiertos,PRIMARY_OFFICIAL
2004,2004-03-14,46 - Valencia/València,CENTRO DEMOCRATICO Y SOCIAL - CDS,2539,0,Ministerio del Interior / portal oficial de datos abiertos,PRIMARY_OFFICIAL
2004,2004-03-14,46 - Valencia/València,CHUNTA ARAGONESISTA - CHA,0,0,Ministerio del Interior / portal oficial de datos abiertos,PRIMARY_OFFICIAL
2004,2004-03-14,46 - Valencia/València,CIUDADANOS EN BLANCO - CENB,3628,0,Ministerio del Interior / portal oficial de datos abiertos,PRIMARY_OFFICIAL
2004,2004-03-14,46 - Valencia/València,COALICIO TREBALLADORS PER LA DEMOCRACIA - TD,0,0,Ministerio del Interior / portal oficial de datos abiertos,PRIMARY_OFFICIAL
2004,2004-03-14,46 - Valencia/València,COALICION CANARIA - CC,0,0,Ministerio del Interior / portal oficial de datos abiertos,PRIMARY_OFFICIAL
2004,2004-03-14,46 - Valencia/València,COALICION GALEGA - CG,0,0,Ministerio del Interior / portal oficial de datos abiertos,PRIMARY_OFFICIAL
2004,2004-03-14,46 - Valencia/València,CONCEJU NACIONALIEGU CANTABRU - CNC,0,0,Ministerio del Interior / portal oficial de datos abiertos,PRIMARY_OFFICIAL
2004,2004-03-14,46 - Valencia/València,CONVERGENCIA CIUDADANA DEL SURESTE - CCSE,0,0,Ministerio del Interior / portal oficial de datos abiertos,PRIMARY_OFFICIAL
2004,2004-03-14,46 - Valencia/València,CONVERGENCIA DE DEMOCRATAS DE NAVARRA - CDN,0,0,Ministerio del Interior / portal oficial de datos abiertos,PRIMARY_OFFICIAL
2004,2004-03-14,46 - Valencia/València,CONVERGENCIA DEMOCRATICA ASTURIANA Y CDS - CDAS CDS,0,0,Ministerio del Interior / portal oficial de datos abiertos,PRIMARY_OFFICIAL
2004,2004-03-14,46 - Valencia/València,CONVERGENCIA i UNIO - CiU,0,0,Ministerio del Interior / portal oficial de datos abiertos,PRIMARY_OFFICIAL
2004,2004-03-14,46 - Valencia/València,DEMOCRACIA NACIONAL - DN,801,0,Ministerio del Interior / portal oficial de datos abiertos,PRIMARY_OFFICIAL
2004,2004-03-14,46 - Valencia/València,EKA-PARTIDO CARLISTA - EKA,0,0,Ministerio del Interior / portal oficial de datos abiertos,PRIMARY_OFFICIAL
2004,2004-03-14,46 - Valencia/València,ELS VERDS-ALTERNATIVA VERDA - EV-AV,0,0,Ministerio del Interior / portal oficial de datos abiertos,PRIMARY_OFFICIAL
2004,2004-03-14,46 - Valencia/València,ELS VERDS-L'ALTERNATIVA ECOLOGISTA - EV-AE,0,0,Ministerio del Interior / portal oficial de datos abiertos,PRIMARY_OFFICIAL
2004,2004-03-14,46 - Valencia/València,ESCONS INSUBMISOS-ALT. DELS DEMOCRATES DESCONTENTS - Ei,0,0,Ministerio del Interior / portal oficial de datos abiertos,PRIMARY_OFFICIAL
2004,2004-03-14,46 - Valencia/València,ESPAÑA 2000 - ESPAÑA 2000,1644,0,Ministerio del Interior / portal oficial de datos abiertos,PRIMARY_OFFICIAL
2004,2004-03-14,46 - Valencia/València,ESQUERDA UNIDA-IZQUIERDA UNIDA - EU-IU,0,0,Ministerio del Interior / portal oficial de datos abiertos,PRIMARY_OFFICIAL
2004,2004-03-14,46 - Valencia/València,ESQUERRA REPUBLICANA DE CATALUNYA - ERC,0,0,Ministerio del Interior / portal oficial de datos abiertos,PRIMARY_OFFICIAL
2004,2004-03-14,46 - Valencia/València,ESQUERRA REPUBLICANA DEL PAIS VALENCIA - ERPV,8293,0,Ministerio del Interior / portal oficial de datos abiertos,PRIMARY_OFFICIAL
2004,2004-03-14,46 - Valencia/València,ESQUERRA UNIDA PAIS VALENCIA+I.REPUBLICANA:ENTESA - ENTESA,78515,1,Ministerio del Interior / portal oficial de datos abiertos,PRIMARY_OFFICIAL
2004,2004-03-14,46 - Valencia/València,ESTADO NACIONAL EUROPEO - N,0,0,Ministerio del Interior / portal oficial de datos abiertos,PRIMARY_OFFICIAL
2004,2004-03-14,46 - Valencia/València,EUSKO ALDERDI JELTZALEA-PARTIDO NACIONALISTA VASCO - EAJ-PNV,0,0,Ministerio del Interior / portal oficial de datos abiertos,PRIMARY_OFFICIAL
2004,2004-03-14,46 - Valencia/València,EUSKO ALKARTASUNA - EA,0,0,Ministerio del Interior / portal oficial de datos abiertos,PRIMARY_OFFICIAL
2004,2004-03-14,46 - Valencia/València,EXTREMADURA UNIDA - EU,0,0,Ministerio del Interior / portal oficial de datos abiertos,PRIMARY_OFFICIAL
2004,2004-03-14,46 - Valencia/València,EZKER BATUA-IZQUIERDA UNIDA - EB-IU,0,0,Ministerio del Interior / portal oficial de datos abiertos,PRIMARY_OFFICIAL
2004,2004-03-14,46 - Valencia/València,FALANGE AUTENTICA - FA,366,0,Ministerio del Interior / portal oficial de datos abiertos,PRIMARY_OFFICIAL
2004,2004-03-14,46 - Valencia/València,FALANGE ESPAÑOLA DE LAS JONS - FE de las JONS,563,0,Ministerio del Interior / portal oficial de datos abiertos,PRIMARY_OFFICIAL
2004,2004-03-14,46 - Valencia/València,FRENTE DEMOCRATICO ESPAÑOL - FDE,242,0,Ministerio del Interior / portal oficial de datos abiertos,PRIMARY_OFFICIAL
2004,2004-03-14,46 - Valencia/València,FRENTE POPULAR GALEGA - FPG,0,0,Ministerio del Interior / portal oficial de datos abiertos,PRIMARY_OFFICIAL
2004,2004-03-14,46 - Valencia/València,GRUPO POLITICO HONRADEZ ABSOLUTA ESPAÑOLA - GPHAE,0,0,Ministerio del Interior / portal oficial de datos abiertos,PRIMARY_OFFICIAL
2004,2004-03-14,46 - Valencia/València,GRUPO VERDE EUROPEO - GVE,0,0,Ministerio del Interior / portal oficial de datos abiertos,PRIMARY_OFFICIAL
2004,2004-03-14,46 - Valencia/València,IDENTIDAD REINO DE VALENCIA - IRV,2111,0,Ministerio del Interior / portal oficial de datos abiertos,PRIMARY_OFFICIAL
2004,2004-03-14,46 - Valencia/València,INIC. PER CATALUNYA VERDS-ESQUERRA UNIDA I ALTERN. - ICV-EUiA,0,0,Ministerio del Interior / portal oficial de datos abiertos,PRIMARY_OFFICIAL
2004,2004-03-14,46 - Valencia/València,INICIATIVA LOS VERDES-IZQUIERDA UNIDA-AL.CIUDADANA - VERDES-IUC-AC25,0,0,Ministerio del Interior / portal oficial de datos abiertos,PRIMARY_OFFICIAL
2004,2004-03-14,46 - Valencia/València,INICIATIVA POR EL DESARROLLO DE SORIA - I.DE.S.,0,0,Ministerio del Interior / portal oficial de datos abiertos,PRIMARY_OFFICIAL
2004,2004-03-14,46 - Valencia/València,IZQUIERDA ASTURIANA - IAS,0,0,Ministerio del Interior / portal oficial de datos abiertos,PRIMARY_OFFICIAL
2004,2004-03-14,46 - Valencia/València,IZQUIERDA REPUBLICANA - IR,0,0,Ministerio del Interior / portal oficial de datos abiertos,PRIMARY_OFFICIAL
2004,2004-03-14,46 - Valencia/València,IZQUIERDA REPUBLICANA-ESQUERDA REPUBLICANA GALEGA - IR-ERG,0,0,Ministerio del Interior / portal oficial de datos abiertos,PRIMARY_OFFICIAL
2004,2004-03-14,46 - Valencia/València,IZQUIERDA REPUBLICANA-PARTIT REPUBLICA D'ESQUERRA - IR-PRE,0,0,Ministerio del Interior / portal oficial de datos abiertos,PRIMARY_OFFICIAL
2004,2004-03-14,46 - Valencia/València,IZQUIERDA UNIDA - IU,0,0,Ministerio del Interior / portal oficial de datos abiertos,PRIMARY_OFFICIAL
2004,2004-03-14,46 - Valencia/València,IZQUIERDA UNIDA BLOQUE POR ASTURIES - IU-BA,0,0,Ministerio del Interior / portal oficial de datos abiertos,PRIMARY_OFFICIAL
2004,2004-03-14,46 - Valencia/València,IZQUIERDA UNIDA DE LA COMUNIDAD DE MADRID - IU,0,0,Ministerio del Interior / portal oficial de datos abiertos,PRIMARY_OFFICIAL
2004,2004-03-14,46 - Valencia/València,IZQUIERDA UNIDA DE NAVARRA-NAFARROAKO EZKER BATUA - IUN-NEB,0,0,Ministerio del Interior / portal oficial de datos abiertos,PRIMARY_OFFICIAL
2004,2004-03-14,46 - Valencia/València,IZQUIERDA UNIDA-IZQUIERDA DE CASTILLA-LA MANCHA - IU,0,0,Ministerio del Interior / portal oficial de datos abiertos,PRIMARY_OFFICIAL
2004,2004-03-14,46 - Valencia/València,IZQUIERDA UNIDA-LOS VERDES - IU-LV,0,0,Ministerio del Interior / portal oficial de datos abiertos,PRIMARY_OFFICIAL
2004,2004-03-14,46 - Valencia/València,IZQUIERDA UNIDA-VERDES-CONVOCATORIA POR ANDALUCIA - IULV-CA,0,0,Ministerio del Interior / portal oficial de datos abiertos,PRIMARY_OFFICIAL
2004,2004-03-14,46 - Valencia/València,LA FALANGE - FE,539,0,Ministerio del Interior / portal oficial de datos abiertos,PRIMARY_OFFICIAL
2004,2004-03-14,46 - Valencia/València,LLUITA INTERNACIONALISTA - L.I. (LIT-CI),0,0,Ministerio del Interior / portal oficial de datos abiertos,PRIMARY_OFFICIAL
2004,2004-03-14,46 - Valencia/València,LOS VERDES - LVRM,0,0,Ministerio del Interior / portal oficial de datos abiertos,PRIMARY_OFFICIAL
2004,2004-03-14,46 - Valencia/València,LOS VERDES DE ASTURIES - VERDES,0,0,Ministerio del Interior / portal oficial de datos abiertos,PRIMARY_OFFICIAL
2004,2004-03-14,46 - Valencia/València,LOS VERDES DE EXTREMADURA - LV,0,0,Ministerio del Interior / portal oficial de datos abiertos,PRIMARY_OFFICIAL
2004,2004-03-14,46 - Valencia/València,LOS VERDES DE LA COMUNIDAD DE MADRID - LVCM,0,0,Ministerio del Interior / portal oficial de datos abiertos,PRIMARY_OFFICIAL
2004,2004-03-14,46 - Valencia/València,LOS VERDES-ECOPACIFISTAS - LV-E,0,0,Ministerio del Interior / portal oficial de datos abiertos,PRIMARY_OFFICIAL
2004,2004-03-14,46 - Valencia/València,"LOS VERDES-ECOPACIFISTAS, ELS VERDS-ECOPACIFISTES - LV-E",11127,0,Ministerio del Interior / portal oficial de datos abiertos,PRIMARY_OFFICIAL
2004,2004-03-14,46 - Valencia/València,LOS VERDES-GRUPO VERDE - LV-GV,0,0,Ministerio del Interior / portal oficial de datos abiertos,PRIMARY_OFFICIAL
2004,2004-03-14,46 - Valencia/València,LUCHA INTERNACIONALISTA - L.I. (LIT-CI),0,0,Ministerio del Interior / portal oficial de datos abiertos,PRIMARY_OFFICIAL
2004,2004-03-14,46 - Valencia/València,MOVIMENT SOCIAL REPUBLICA - MSR,0,0,Ministerio del Interior / portal oficial de datos abiertos,PRIMARY_OFFICIAL
2004,2004-03-14,46 - Valencia/València,MOVIMIENTO SOCIAL REPUBLICANO - MSR,261,0,Ministerio del Interior / portal oficial de datos abiertos,PRIMARY_OFFICIAL
2004,2004-03-14,46 - Valencia/València,NAFARROA BAI - Na-Bai,0,0,Ministerio del Interior / portal oficial de datos abiertos,PRIMARY_OFFICIAL
2004,2004-03-14,46 - Valencia/València,OTRA DEMOCRACIA ES POSIBLE - OtraDem,0,0,Ministerio del Interior / portal oficial de datos abiertos,PRIMARY_OFFICIAL
2004,2004-03-14,46 - Valencia/València,P.SOCIALDEMOCRATA IND. DE LA COMUNITAT VALENCIANA - PSICV,1096,0,Ministerio del Interior / portal oficial de datos abiertos,PRIMARY_OFFICIAL
2004,2004-03-14,46 - Valencia/València,PART. CANNABIS POR LA LEGALIZACION Y NORMALIZACION - P.CANNABIS,9604,0,Ministerio del Interior / portal oficial de datos abiertos,PRIMARY_OFFICIAL
2004,2004-03-14,46 - Valencia/València,PARTIDO ANDALUCISTA - PA,0,0,Ministerio del Interior / portal oficial de datos abiertos,PRIMARY_OFFICIAL
2004,2004-03-14,46 - Valencia/València,PARTIDO ARAGONES - PAR,0,0,Ministerio del Interior / portal oficial de datos abiertos,PRIMARY_OFFICIAL
2004,2004-03-14,46 - Valencia/València,PARTIDO CARLISTA - PC,0,0,Ministerio del Interior / portal oficial de datos abiertos,PRIMARY_OFFICIAL
2004,2004-03-14,46 - Valencia/València,PARTIDO CARLISTA - PCA,0,0,Ministerio del Interior / portal oficial de datos abiertos,PRIMARY_OFFICIAL
2004,2004-03-14,46 - Valencia/València,PARTIDO COMUNISTA DE LOS PUEBLOS DE ESPAÑA - PCPE,1111,0,Ministerio del Interior / portal oficial de datos abiertos,PRIMARY_OFFICIAL
2004,2004-03-14,46 - Valencia/València,PARTIDO COMUNISTA DEL PUEBLO CANARIO - PCPC,0,0,Ministerio del Interior / portal oficial de datos abiertos,PRIMARY_OFFICIAL
2004,2004-03-14,46 - Valencia/València,PARTIDO COMUNISTA DEL PUEBLO CASTELLANO - PCPC,0,0,Ministerio del Interior / portal oficial de datos abiertos,PRIMARY_OFFICIAL
2004,2004-03-14,46 - Valencia/València,PARTIDO COMUNISTA DEL PUEBLO CASTELLANO - PCPC-PCPE,0,0,Ministerio del Interior / portal oficial de datos abiertos,PRIMARY_OFFICIAL
2004,2004-03-14,46 - Valencia/València,PARTIDO COMUNISTA DEL PUEBLO CASTELLANO-PCPE - PCPC-PCPE,0,0,Ministerio del Interior / portal oficial de datos abiertos,PRIMARY_OFFICIAL
2004,2004-03-14,46 - Valencia/València,PARTIDO DE LA GENTE - LG,0,0,Ministerio del Interior / portal oficial de datos abiertos,PRIMARY_OFFICIAL
2004,2004-03-14,46 - Valencia/València,PARTIDO DE LOS AUTONOMOS JUBILADOS Y VIUDAS - PAE,0,0,Ministerio del Interior / portal oficial de datos abiertos,PRIMARY_OFFICIAL
2004,2004-03-14,46 - Valencia/València,PARTIDO DE LOS AUTONOMOS Y PROFESIONALES - AU.TO.NO.MO,0,0,Ministerio del Interior / portal oficial de datos abiertos,PRIMARY_OFFICIAL
2004,2004-03-14,46 - Valencia/València,PARTIDO DE LOS TRABAJADORES EN PRECARIO - PTPRE,0,0,Ministerio del Interior / portal oficial de datos abiertos,PRIMARY_OFFICIAL
2004,2004-03-14,46 - Valencia/València,PARTIDO DEL KARMA DEMOCRATICO - PKD,0,0,Ministerio del Interior / portal oficial de datos abiertos,PRIMARY_OFFICIAL
2004,2004-03-14,46 - Valencia/València,PARTIDO DEL MUTUO APOYO ROMANTICO - PMAR,0,0,Ministerio del Interior / portal oficial de datos abiertos,PRIMARY_OFFICIAL
2004,2004-03-14,46 - Valencia/València,PARTIDO DEMOCRATA ESPAÑOL - PADE,322,0,Ministerio del Interior / portal oficial de datos abiertos,PRIMARY_OFFICIAL
2004,2004-03-14,46 - Valencia/València,PARTIDO DEMOCRATA NACIONAL DE ESPAÑA - PDN,0,0,Ministerio del Interior / portal oficial de datos abiertos,PRIMARY_OFFICIAL
2004,2004-03-14,46 - Valencia/València,PARTIDO DOS SOCIALISTAS DE GALICIA-PSOE - PSdeG-PSOE,0,0,Ministerio del Interior / portal oficial de datos abiertos,PRIMARY_OFFICIAL
2004,2004-03-14,46 - Valencia/València,PARTIDO FAMILIA I VIDA - PFiV,0,0,Ministerio del Interior / portal oficial de datos abiertos,PRIMARY_OFFICIAL
2004,2004-03-14,46 - Valencia/València,PARTIDO FAMILIA Y VIDA - FyV,0,0,Ministerio del Interior / portal oficial de datos abiertos,PRIMARY_OFFICIAL
2004,2004-03-14,46 - Valencia/València,PARTIDO FAMILIA Y VIDA - PFyV,1991,0,Ministerio del Interior / portal oficial de datos abiertos,PRIMARY_OFFICIAL
2004,2004-03-14,46 - Valencia/València,PARTIDO HUMANISTA - PH,905,0,Ministerio del Interior / portal oficial de datos abiertos,PRIMARY_OFFICIAL
2004,2004-03-14,46 - Valencia/València,PARTIDO NACIONAL DE LOS TRABAJADORES - PNT,0,0,Ministerio del Interior / portal oficial de datos abiertos,PRIMARY_OFFICIAL
2004,2004-03-14,46 - Valencia/València,PARTIDO NACIONALISTA CALO - PNCA,0,0,Ministerio del Interior / portal oficial de datos abiertos,PRIMARY_OFFICIAL
2004,2004-03-14,46 - Valencia/València,PARTIDO NACIONALISTA CANARIO - PNC,0,0,Ministerio del Interior / portal oficial de datos abiertos,PRIMARY_OFFICIAL
2004,2004-03-14,46 - Valencia/València,PARTIDO OBRERO SOCIALISTA INTERNACIONALISTA - POSI,741,0,Ministerio del Interior / portal oficial de datos abiertos,PRIMARY_OFFICIAL
2004,2004-03-14,46 - Valencia/València,PARTIDO POPULAR - PP,665526,8,Ministerio del Interior / portal oficial de datos abiertos,PRIMARY_OFFICIAL
2004,2004-03-14,46 - Valencia/València,PARTIDO POSITIVISTA CRISTIANO - PPCr,0,0,Ministerio del Interior / portal oficial de datos abiertos,PRIMARY_OFFICIAL
2004,2004-03-14,46 - Valencia/València,PARTIDO REGIONALISTA DE GUADALAJARA - PRGU,0,0,Ministerio del Interior / portal oficial de datos abiertos,PRIMARY_OFFICIAL
2004,2004-03-14,46 - Valencia/València,PARTIDO REPUBLICANO - PRF,610,0,Ministerio del Interior / portal oficial de datos abiertos,PRIMARY_OFFICIAL
2004,2004-03-14,46 - Valencia/València,PARTIDO SOCIAL-DEMOCRATA ANDALUZ - PSDA,0,0,Ministerio del Interior / portal oficial de datos abiertos,PRIMARY_OFFICIAL
2004,2004-03-14,46 - Valencia/València,PARTIDO SOCIALISTA DE ANDALUCIA - PSA,0,0,Ministerio del Interior / portal oficial de datos abiertos,PRIMARY_OFFICIAL
2004,2004-03-14,46 - Valencia/València,PARTIDO SOCIALISTA DE EUSKADI-EUSKADIKO EZKERRA - PSE-EE(PSOE),0,0,Ministerio del Interior / portal oficial de datos abiertos,PRIMARY_OFFICIAL
2004,2004-03-14,46 - Valencia/València,PARTIDO SOCIALISTA DEL PUEBLO DE CEUTA - PSPC,0,0,Ministerio del Interior / portal oficial de datos abiertos,PRIMARY_OFFICIAL
2004,2004-03-14,46 - Valencia/València,PARTIDO SOCIALISTA OBRERO ESPAÑOL - PSOE,613833,7,Ministerio del Interior / portal oficial de datos abiertos,PRIMARY_OFFICIAL
2004,2004-03-14,46 - Valencia/València,PARTIDO SOCIALISTA OBRERO ESPAÑOL DE ANDALUCIA - PSOE de A,0,0,Ministerio del Interior / portal oficial de datos abiertos,PRIMARY_OFFICIAL
2004,2004-03-14,46 - Valencia/València,PARTIT CARLI DE CATALUNYA - PCdeC,0,0,Ministerio del Interior / portal oficial de datos abiertos,PRIMARY_OFFICIAL
2004,2004-03-14,46 - Valencia/València,PARTIT COMUNISTA DEL POBLE DE CATALUNYA - PCPC,0,0,Ministerio del Interior / portal oficial de datos abiertos,PRIMARY_OFFICIAL
2004,2004-03-14,46 - Valencia/València,PARTIT COMUNISTA DELS POBLES D'ESPANYA - PCPE,0,0,Ministerio del Interior / portal oficial de datos abiertos,PRIMARY_OFFICIAL
2004,2004-03-14,46 - Valencia/València,PARTIT DELS SOCIALISTES DE CATALUNYA - PSC-PSOE,0,0,Ministerio del Interior / portal oficial de datos abiertos,PRIMARY_OFFICIAL
2004,2004-03-14,46 - Valencia/València,PARTIT FAMILIA I VIDA - PFiV,0,0,Ministerio del Interior / portal oficial de datos abiertos,PRIMARY_OFFICIAL
2004,2004-03-14,46 - Valencia/València,PARTIT HUMANISTA DE CATALUNYA - PHC,0,0,Ministerio del Interior / portal oficial de datos abiertos,PRIMARY_OFFICIAL
2004,2004-03-14,46 - Valencia/València,PARTIT OBRER SOCIALISTA INTERNACIONALISTA - POSI,0,0,Ministerio del Interior / portal oficial de datos abiertos,PRIMARY_OFFICIAL
2004,2004-03-14,46 - Valencia/València,PARTIT POPULAR - PP,0,0,Ministerio del Interior / portal oficial de datos abiertos,PRIMARY_OFFICIAL
2004,2004-03-14,46 - Valencia/València,PARTIT POPULAR DE CATANLUNYA - PP,0,0,Ministerio del Interior / portal oficial de datos abiertos,PRIMARY_OFFICIAL
2004,2004-03-14,46 - Valencia/València,PARTIU ASTURIANISTA - PAS,0,0,Ministerio del Interior / portal oficial de datos abiertos,PRIMARY_OFFICIAL
2004,2004-03-14,46 - Valencia/València,"PSM-ENTESA NACIONALISTA,ESQUERRA UNIDA,E.VERDS,ERC - PSM-EN,EU,EV,ER",0,0,Ministerio del Interior / portal oficial de datos abiertos,PRIMARY_OFFICIAL
2004,2004-03-14,46 - Valencia/València,"SALAMANCA, ZAMORA, LEON PREPAL - PREPAL",0,0,Ministerio del Interior / portal oficial de datos abiertos,PRIMARY_OFFICIAL
2004,2004-03-14,46 - Valencia/València,TIERRA COMUNERA-PARTIDO NACIONALISTA CASTELLANO - TC-PNC,0,0,Ministerio del Interior / portal oficial de datos abiertos,PRIMARY_OFFICIAL
2004,2004-03-14,46 - Valencia/València,UNIDAD CASTELLANA - Ud Ca,0,0,Ministerio del Interior / portal oficial de datos abiertos,PRIMARY_OFFICIAL