2011,2011-11-20,17 - Girona,IZQUIERDA-EZKERRA/LA IZQUIERDA PLURAL - IZQUIERDA-E,0,0,Ministerio del Interior / fichero oficial aportado por el usuario,PRIMARY_INTERIOR
2011,2011-11-20,17 - Girona,LOS VERDES-GRUPO VERDE - LV-GV,0,0,Ministerio del Interior / fichero oficial aportado por el usuario,PRIMARY_INTERIOR
2011,2011-11-20,17 - Girona,MUERTE AL SISTEMA - +MAS+,0,0,Ministerio del Interior / fichero oficial aportado por el usuario,PRIMARY_INTERIOR
2011,2011-11-20,17 - Girona,PARTIDO ANDALUCISTA - P.A.,0,0,Ministerio del Interior / fichero oficial aportado por el usuario,PRIMARY_INTERIOR
2011,2011-11-20,17 - Girona,PARTIDO ANDALUCISTA - PA,0,0,Ministerio del Interior / fichero oficial aportado por el usuario,PRIMARY_INTERIOR
2011,2011-11-20,17 - Girona,PARTIDO ANIMALISTA CONTRA EL MALTRATO ANIMAL - PACMA,0,0,Ministerio del Interior / fichero oficial aportado por el usuario,PRIMARY_INTERIOR
2011,2011-11-20,17 - Girona,PARTIDO CASTELLANO - PCAS,0,0,Ministerio del Interior / fichero oficial aportado por el usuario,PRIMARY_INTERIOR
2011,2011-11-20,17 - Girona,PARTIDO COMUNISTA DE LOS PUEBLOS DE ESPAÑA - P.C.P.E.,0,0,Ministerio del Interior / fichero oficial aportado por el usuario,PRIMARY_INTERIOR
2011,2011-11-20,17 - Girona,PARTIDO COMUNISTA DE LOS PUEBLOS DE ESPAÑA - PCPE,0,0,Ministerio del Interior / fichero oficial aportado por el usuario,PRIMARY_INTERIOR
2011,2011-11-20,17 - Girona,PARTIDO DE CASTILLA Y LEÓN - PCAL,0,0,Ministerio del Interior / fichero oficial aportado por el usuario,PRIMARY_INTERIOR
2011,2011-11-20,17 - Girona,PARTIDO DE INTERNET - INTERNET,0,0,Ministerio del Interior / fichero oficial aportado por el usuario,PRIMARY_INTERIOR
2011,2011-11-20,17 - Girona,PARTIDO DE LA LIBERTAD INDIVIDUAL - P-LIB,0,0,Ministerio del Interior / fichero oficial aportado por el usuario,PRIMARY_INTERIOR
2011,2011-11-20,17 - Girona,PARTIDO DEMOCRATICO Y CONSTITUCIONAL - PDYC,0,0,Ministerio del Interior / fichero oficial aportado por el usuario,PRIMARY_INTERIOR
2011,2011-11-20,17 - Girona,PARTIDO DOS SOCIALISTAS DE GALICIA - PARTIDO SOCIA - PSdeG-PSOE,0,0,Ministerio del Interior / fichero oficial aportado por el usuario,PRIMARY_INTERIOR
2011,2011-11-20,17 - Girona,PARTIDO DOS SOCIALISTAS DE GALICIA - PSOE - PSdeG-PSOE,0,0,Ministerio del Interior / fichero oficial aportado por el usuario,PRIMARY_INTERIOR
2011,2011-11-20,17 - Girona,PARTIDO HUMANISTA - PH,0,0,Ministerio del Interior / fichero oficial aportado por el usuario,PRIMARY_INTERIOR
2011,2011-11-20,17 - Girona,PARTIDO OBRERO SOCIALISTA INTERNACIONALISTA - P.O.S.I.,0,0,Ministerio del Interior / fichero oficial aportado por el usuario,PRIMARY_INTERIOR
2011,2011-11-20,17 - Girona,PARTIDO OBRERO SOCIALISTA INTERNACIONALISTA - POSI,0,0,Ministerio del Interior / fichero oficial aportado por el usuario,PRIMARY_INTERIOR
2011,2011-11-20,17 - Girona,PARTIDO PARA LA REGENERACION DE LA DEMOCRACIA EN E - P.R.D.E.,0,0,Ministerio del Interior / fichero oficial aportado por el usuario,PRIMARY_INTERIOR
2011,2011-11-20,17 - Girona,PARTIDO PIRATA - PIRATA,0,0,Ministerio del Interior / fichero oficial aportado por el usuario,PRIMARY_INTERIOR
2011,2011-11-20,17 - Girona,PARTIDO POPULAR - P.P.,0,0,Ministerio del Interior / fichero oficial aportado por el usuario,PRIMARY_INTERIOR
2011,2011-11-20,17 - Girona,PARTIDO POPULAR - PP,0,0,Ministerio del Interior / fichero oficial aportado por el usuario,PRIMARY_INTERIOR
2011,2011-11-20,17 - Girona,PARTIDO POPULAR EN COALICIÓN CON EL PARTIDO ARAGON - PP-PAR,0,0,Ministerio del Interior / fichero oficial aportado por el usuario,PRIMARY_INTERIOR
2011,2011-11-20,17 - Girona,PARTIDO POPULAR-EXTREMADURA UNIDA - P.P-E.U.,0,0,Ministerio del Interior / fichero oficial aportado por el usuario,PRIMARY_INTERIOR
2011,2011-11-20,17 - Girona,PARTIDO POPULAR-EXTREMADURA UNIDA - PP-EU,0,0,Ministerio del Interior / fichero oficial aportado por el usuario,PRIMARY_INTERIOR
2011,2011-11-20,17 - Girona,PARTIDO REGIONALISTA DE CANTABRIA - P.R.C.,0,0,Ministerio del Interior / fichero oficial aportado por el usuario,PRIMARY_INTERIOR
2011,2011-11-20,17 - Girona,PARTIDO REGIONALISTA DEL PAIS LEONES - PREPAL,0,0,Ministerio del Interior / fichero oficial aportado por el usuario,PRIMARY_INTERIOR
2011,2011-11-20,17 - Girona,PARTIDO REGIONALISTA POR ANDALUCIA ORIENTAL - PRAO,0,0,Ministerio del Interior / fichero oficial aportado por el usuario,PRIMARY_INTERIOR
2011,2011-11-20,17 - Girona,PARTIDO SOCIALISTA DE EUSKADI-EUSKADIKO EZKERRA (P - PSE-EE (PSO,0,0,Ministerio del Interior / fichero oficial aportado por el usuario,PRIMARY_INTERIOR
2011,2011-11-20,17 - Girona,PARTIDO SOCIALISTA OBRERO ESPAÑOL - P.S.O.E.,0,0,Ministerio del Interior / fichero oficial aportado por el usuario,PRIMARY_INTERIOR
2011,2011-11-20,17 - Girona,PARTIDO SOCIALISTA OBRERO ESPAÑOL - PSOE,0,0,Ministerio del Interior / fichero oficial aportado por el usuario,PRIMARY_INTERIOR
2011,2011-11-20,17 - Girona,PARTIT ANIMALISTA CONTRA EL MALTRACTAMENT ANIMAL - PACMA,2163,0,Ministerio del Interior / fichero oficial aportado por el usuario,PRIMARY_INTERIOR
2011,2011-11-20,17 - Girona,PARTIT COMUNISTA DEL POBLE DE CATALUNYA - PCPC,480,0,Ministerio del Interior / fichero oficial aportado por el usuario,PRIMARY_INTERIOR
2011,2011-11-20,17 - Girona,PARTIT COMUNISTA DELS POBLES D'ESPANYA - P.C.P.E.,0,0,Ministerio del Interior / fichero oficial aportado por el usuario,PRIMARY_INTERIOR
2011,2011-11-20,17 - Girona,PARTIT DELS SOCIALISTES DE CATALUNYA - PSC-PSOE,65674,1,Ministerio del Interior / fichero oficial aportado por el usuario,PRIMARY_INTERIOR
2011,2011-11-20,17 - Girona,PARTIT POPULAR/PARTIDO POPULAR - P.P.,49617,1,Ministerio del Interior / fichero oficial aportado por el usuario,PRIMARY_INTERIOR
2011,2011-11-20,17 - Girona,PARTIT REPUBLICÀ D'ESQUERRA-REPUBLICANS - PRE-R,0,0,Ministerio del Interior / fichero oficial aportado por el usuario,PRIMARY_INTERIOR
2011,2011-11-20,17 - Girona,PER UN MÓN MÉS JUST - PUM+J,0,0,Ministerio del Interior / fichero oficial aportado por el usuario,PRIMARY_INTERIOR
2011,2011-11-20,17 - Girona,PIRATES DE CATALUNYA - PIRATA.CAT,1865,0,Ministerio del Interior / fichero oficial aportado por el usuario,PRIMARY_INTERIOR
2011,2011-11-20,17 - Girona,PLATAFORMA PER CATALUNYA - PxC,2636,0,Ministerio del Interior / fichero oficial aportado por el usuario,PRIMARY_INTERIOR
2011,2011-11-20,17 - Girona,POR UN MUNDO MÁS JUSTO - PUM+J,0,0,Ministerio del Interior / fichero oficial aportado por el usuario,PRIMARY_INTERIOR
2011,2011-11-20,17 - Girona,PSM-INICIATIVA VERDS-ENTESA-EQUO - PSM-IV-EXM-,0,0,Ministerio del Interior / fichero oficial aportado por el usuario,PRIMARY_INTERIOR
2011,2011-11-20,17 - Girona,REPUBLICANOS - RPS,0,0,Ministerio del Interior / fichero oficial aportado por el usuario,PRIMARY_INTERIOR
2011,2011-11-20,17 - Girona,SOCIALISTAS POR TERUEL - SXT,0,0,Ministerio del Interior / fichero oficial aportado por el usuario,PRIMARY_INTERIOR
2011,2011-11-20,17 - Girona,SOLIDARIDAD Y AUTOGESTION INTERNACIONALISTA - SAIn,0,0,Ministerio del Interior / fichero oficial aportado por el usuario,PRIMARY_INTERIOR
2011,2011-11-20,17 - Girona,"SÍ SE PUEDE, SOCIALISTAS POR TENERIFE, EQUO - SSP-SxTF-EQ",0,0,Ministerio del Interior / fichero oficial aportado por el usuario,PRIMARY_INTERIOR
2011,2011-11-20,17 - Girona,UNIDAD DEL PUEBLO - UNIDAD DEL,0,0,Ministerio del Interior / fichero oficial aportado por el usuario,PRIMARY_INTERIOR
2011,2011-11-20,17 - Girona,UNIDAD REGIONALISTA DE CASTILLA Y LEON - U.R.C.L.,0,0,Ministerio del Interior / fichero oficial aportado por el usuario,PRIMARY_INTERIOR
2011,2011-11-20,17 - Girona,UNIFICACIÓN COMUNISTA DE ESPAÑA - U.C.E.,205,0,Ministerio del Interior / fichero oficial aportado por el usuario,PRIMARY_INTERIOR
2011,2011-11-20,17 - Girona,UNIFICACIÓN COMUNISTA DE ESPAÑA - UCE,0,0,Ministerio del Interior / fichero oficial aportado por el usuario,PRIMARY_INTERIOR
2011,2011-11-20,17 - Girona,UNION DE CIUDADANOS INDEPENDIENTES DE TOLEDO - U.C.I.T.,0,0,Ministerio del Interior / fichero oficial aportado por el usuario,PRIMARY_INTERIOR
2011,2011-11-20,17 - Girona,UNITS X VALENCIA - UxV,0,0,Ministerio del Interior / fichero oficial aportado por el usuario,PRIMARY_INTERIOR
2011,2011-11-20,17 - Girona,UNIÓN DEL PUEBLO NAVARRO EN COALICIÓN CON EL PARTI - UPN-PP,0,0,Ministerio del Interior / fichero oficial aportado por el usuario,PRIMARY_INTERIOR
2011,2011-11-20,17 - Girona,UNIÓN PROGRESO Y DEMOCRACIA - UPyD,1798,0,Ministerio del Interior / fichero oficial aportado por el usuario,PRIMARY_INTERIOR
2011,2011-11-20,18 - Granada,ACCION CIUDADANA POR MALAGA - ACIMA,0,0,Ministerio del Interior / fichero oficial aportado por el usuario,PRIMARY_INTERIOR
2011,2011-11-20,18 - Granada,ALTERNATIVA NACIONALISTA CANARIA - ANC,0,0,Ministerio del Interior / fichero oficial aportado por el usuario,PRIMARY_INTERIOR
2011,2011-11-20,18 - Granada,AMAIUR - AMAIUR,0,0,Ministerio del Interior / fichero oficial aportado por el usuario,PRIMARY_INTERIOR
2011,2011-11-20,18 - Granada,ANDECHA ASTUR - ANDECHA,0,0,Ministerio del Interior / fichero oficial aportado por el usuario,PRIMARY_INTERIOR
2011,2011-11-20,18 - Granada,ANTICAPITALISTAS - ANTICAPITAL,484,0,Ministerio del Interior / fichero oficial aportado por el usuario,PRIMARY_INTERIOR
2011,2011-11-20,18 - Granada,ANTICAPITALISTES - ANTICAPITAL,0,0,Ministerio del Interior / fichero oficial aportado por el usuario,PRIMARY_INTERIOR
2011,2011-11-20,18 - Granada,"BASTA YA, AGRUPACIÓN ABIERTA DE PARTIDOS POLÍTICOS - BASTA YA",0,0,Ministerio del Interior / fichero oficial aportado por el usuario,PRIMARY_INTERIOR
2011,2011-11-20,18 - Granada,BIDEZKO MUNDURANTZ/POR UN MUNDO MAS JUSTO - PUM+J,0,0,Ministerio del Interior / fichero oficial aportado por el usuario,PRIMARY_INTERIOR
2011,2011-11-20,18 - Granada,BIDEZKO MUNDURANTZ/POR UN MUNDO MÁS JUSTO - PU M+J,0,0,Ministerio del Interior / fichero oficial aportado por el usuario,PRIMARY_INTERIOR
2011,2011-11-20,18 - Granada,BLOC-INICIATIVA-VERDS-EQUO-COALICIÓ COMPROMÍS - COMPROMÍS-Q,0,0,Ministerio del Interior / fichero oficial aportado por el usuario,PRIMARY_INTERIOR
2011,2011-11-20,18 - Granada,BLOQUE NACIONALISTA GALEGO - B.N.G.,0,0,Ministerio del Interior / fichero oficial aportado por el usuario,PRIMARY_INTERIOR
2011,2011-11-20,18 - Granada,BLOQUE NACIONALISTA GALEGO - BNG,0,0,Ministerio del Interior / fichero oficial aportado por el usuario,PRIMARY_INTERIOR
2011,2011-11-20,18 - Granada,CANARIAS VERDE Y ROJA: LA IZQUIERDA PLURAL - IUC-CxI,0,0,Ministerio del Interior / fichero oficial aportado por el usuario,PRIMARY_INTERIOR
2011,2011-11-20,18 - Granada,CENTRO DEMOCRATICO LIBERAL - C.D.L.,0,0,Ministerio del Interior / fichero oficial aportado por el usuario,PRIMARY_INTERIOR
2011,2011-11-20,18 - Granada,"CHUNTA ARAGONESISTA-IZQUIERDA UNIDA, LA IZQUIERDA - CHA-IU",0,0,Ministerio del Interior / fichero oficial aportado por el usuario,PRIMARY_INTERIOR
2011,2011-11-20,18 - Granada,"CHUNTA ARAGONESISTA-IZQUIERDA UNIDA, La Izquierda - CHA-IU",0,0,Ministerio del Interior / fichero oficial aportado por el usuario,PRIMARY_INTERIOR
2011,2011-11-20,18 - Granada,CIUDADANOS DE CENTRO DEMOCRÁTICO - CCD,0,0,Ministerio del Interior / fichero oficial aportado por el usuario,PRIMARY_INTERIOR
2011,2011-11-20,18 - Granada,COALICION CABALLAS - Caballas,0,0,Ministerio del Interior / fichero oficial aportado por el usuario,PRIMARY_INTERIOR
2011,2011-11-20,18 - Granada,COALICIÓN CANARIA-NUEVA CANARIAS - CC-NC-PNC,0,0,Ministerio del Interior / fichero oficial aportado por el usuario,PRIMARY_INTERIOR
2011,2011-11-20,18 - Granada,CONVERGENCIA POR EXTREMADURA - CEx,0,0,Ministerio del Interior / fichero oficial aportado por el usuario,PRIMARY_INTERIOR
2011,2011-11-20,18 - Granada,CONVERGÈNCIA I UNIÓ - CiU,0,0,Ministerio del Interior / fichero oficial aportado por el usuario,PRIMARY_INTERIOR
2011,2011-11-20,18 - Granada,CONVERGÈNCIA i UNIÓ - CiU,0,0,Ministerio del Interior / fichero oficial aportado por el usuario,PRIMARY_INTERIOR
2011,2011-11-20,18 - Granada,CONVERXENCIA VINTEÚN - C.XXI,0,0,Ministerio del Interior / fichero oficial aportado por el usuario,PRIMARY_INTERIOR
2011,2011-11-20,18 - Granada,CONVERXENCIA VINTEÚN - CXXI,0,0,Ministerio del Interior / fichero oficial aportado por el usuario,PRIMARY_INTERIOR
2011,2011-11-20,18 - Granada,DEMOCRACIA NACIONAL - D.N.,0,0,Ministerio del Interior / fichero oficial aportado por el usuario,PRIMARY_INTERIOR
2011,2011-11-20,18 - Granada,DEMOS EL CAMBIO - DeC,0,0,Ministerio del Interior / fichero oficial aportado por el usuario,PRIMARY_INTERIOR
2011,2011-11-20,18 - Granada,DERECHA NAVARRA Y ESPAÑOLA - DNE,0,0,Ministerio del Interior / fichero oficial aportado por el usuario,PRIMARY_INTERIOR
2011,2011-11-20,18 - Granada,EQUO - EQUO,3852,0,Ministerio del Interior / fichero oficial aportado por el usuario,PRIMARY_INTERIOR
2011,2011-11-20,18 - Granada,EQUO - eQuo,0,0,Ministerio del Interior / fichero oficial aportado por el usuario,PRIMARY_INTERIOR
2011,2011-11-20,18 - Granada,ESCAÑOS EN BLANCO - Eb,1200,0,Ministerio del Interior / fichero oficial aportado por el usuario,PRIMARY_INTERIOR
2011,2011-11-20,18 - Granada,ESCAÑOS EN BLANCO/ESCONS EN BLANC - EB,0,0,Ministerio del Interior / fichero oficial aportado por el usuario,PRIMARY_INTERIOR
2011,2011-11-20,18 - Granada,ESCONS EN BLANC - Eb,0,0,Ministerio del Interior / fichero oficial aportado por el usuario,PRIMARY_INTERIOR
2011,2011-11-20,18 - Granada,ESPAÑA 2000 - ESPAÑA 2000,0,0,Ministerio del Interior / fichero oficial aportado por el usuario,PRIMARY_INTERIOR
2011,2011-11-20,18 - Granada,ESQUERDA UNIDA-OS VERDES: A ESQUERDA PLURAL - EU-V,0,0,Ministerio del Interior / fichero oficial aportado por el usuario,PRIMARY_INTERIOR
2011,2011-11-20,18 - Granada,ESQUERRA REPUBLICANA - ESQUERRA,0,0,Ministerio del Interior / fichero oficial aportado por el usuario,PRIMARY_INTERIOR
2011,2011-11-20,18 - Granada,ESQUERRA REPUBLICANA DE CATALUNYA-CATALUNYA SÍ - ERC - RI.ca,0,0,Ministerio del Interior / fichero oficial aportado por el usuario,PRIMARY_INTERIOR
2011,2011-11-20,18 - Granada,ESQUERRA REPUBLICANA DE CATALUNYA-CATALUNYA SÍ - ERC-RI.cat,0,0,Ministerio del Interior / fichero oficial aportado por el usuario,PRIMARY_INTERIOR
2011,2011-11-20,18 - Granada,ESQUERRA REPUBLICANA DEL PAÍS VALENCIÀ - ERPV,0,0,Ministerio del Interior / fichero oficial aportado por el usuario,PRIMARY_INTERIOR
2011,2011-11-20,18 - Granada,ESQUERRA UNIDA DEL PAIS VALENCIA-LOS VERDES: L'ESQ - EUPV-LV,0,0,Ministerio del Interior / fichero oficial aportado por el usuario,PRIMARY_INTERIOR
2011,2011-11-20,18 - Granada,ESQUERRA UNIDA ILLES BALEARS: LA IZQUIERDA PLURAL - EUIB,0,0,Ministerio del Interior / fichero oficial aportado por el usuario,PRIMARY_INTERIOR
2011,2011-11-20,18 - Granada,ESQUERRA UNIDA PAÍS VALENCIÀ-ELS VERDS: L'ESQUERRA - EUPV-EV,0,0,Ministerio del Interior / fichero oficial aportado por el usuario,PRIMARY_INTERIOR
2011,2011-11-20,18 - Granada,EUZKO ALDERDI JELTZALEA-PARTIDO NACIONALISTA VASCO - E.A.J.-P.N.,0,0,Ministerio del Interior / fichero oficial aportado por el usuario,PRIMARY_INTERIOR
2011,2011-11-20,18 - Granada,EUZKO ALDERDI JELTZALEA-PARTIDO NACIONALISTA VASCO - EAJ-PNV,0,0,Ministerio del Interior / fichero oficial aportado por el usuario,PRIMARY_INTERIOR
2011,2011-11-20,18 - Granada,FALANGE ESPAÑOLA DE LAS J.O.N.S. - FE de las J,0,0,Ministerio del Interior / fichero oficial aportado por el usuario,PRIMARY_INTERIOR
2011,2011-11-20,18 - Granada,FAMILIA Y VIDA - PFyV,0,0,Ministerio del Interior / fichero oficial aportado por el usuario,PRIMARY_INTERIOR
2011,2011-11-20,18 - Granada,FORO CENTRO Y DEMOCRACIA - CYD,0,0,Ministerio del Interior / fichero oficial aportado por el usuario,PRIMARY_INTERIOR
2011,2011-11-20,18 - Granada,FORO DE CIUDADANOS - FAC,0,0,Ministerio del Interior / fichero oficial aportado por el usuario,PRIMARY_INTERIOR
2011,2011-11-20,18 - Granada,GEROA BAI - GBAI,0,0,Ministerio del Interior / fichero oficial aportado por el usuario,PRIMARY_INTERIOR
2011,2011-11-20,18 - Granada,HARTOS.ORG - HARTOS.ORG,0,0,Ministerio del Interior / fichero oficial aportado por el usuario,PRIMARY_INTERIOR
2011,2011-11-20,18 - Granada,HIGIENE DEMOCRATICA - H.D.,0,0,Ministerio del Interior / fichero oficial aportado por el usuario,PRIMARY_INTERIOR
2011,2011-11-20,18 - Granada,INICIATIVA PER CATALUNYA VERDS-ESQUERRA UNIDA I AL - ICV-EUiA,0,0,Ministerio del Interior / fichero oficial aportado por el usuario,PRIMARY_INTERIOR
2011,2011-11-20,18 - Granada,INICIATIVA PER CATALUNYA VERDS-ESQUERRA UNIDA i AL - ICV-EUiA,0,0,Ministerio del Interior / fichero oficial aportado por el usuario,PRIMARY_INTERIOR
2011,2011-11-20,18 - Granada,IU - LOS VERDES: LA IZQUIERDA PLURAL / EZKER ANITZ - IU-LV,0,0,Ministerio del Interior / fichero oficial aportado por el usuario,PRIMARY_INTERIOR
2011,2011-11-20,18 - Granada,IZQUIERDA UNIDA - PARTIDO DEMOCRÁTICO Y SOCIAL DE - IU-PDSC,0,0,Ministerio del Interior / fichero oficial aportado por el usuario,PRIMARY_INTERIOR
2011,2011-11-20,18 - Granada,IZQUIERDA UNIDA CANARIA-INICIATIVA POR EL HIERRO-L - IUC-IpH-LV,0,0,Ministerio del Interior / fichero oficial aportado por el usuario,PRIMARY_INTERIOR
2011,2011-11-20,18 - Granada,IZQUIERDA UNIDA DE ASTURIAS-IZQUIERDA XUNIDA D'AST - IU-IX,0,0,Ministerio del Interior / fichero oficial aportado por el usuario,PRIMARY_INTERIOR
2011,2011-11-20,18 - Granada,IZQUIERDA UNIDA DE CANTABRIA: LA IZQUIERDA PLURAL - IUC,0,0,Ministerio del Interior / fichero oficial aportado por el usuario,PRIMARY_INTERIOR
2011,2011-11-20,18 - Granada,IZQUIERDA UNIDA DE CASTILLA Y LEON: LA IZQUIERDA P - IUCL,0,0,Ministerio del Interior / fichero oficial aportado por el usuario,PRIMARY_INTERIOR
2011,2011-11-20,18 - Granada,IZQUIERDA UNIDA DE CASTILLA Y LEON: LA IZQUIERDA P - IUCyL,0,0,Ministerio del Interior / fichero oficial aportado por el usuario,PRIMARY_INTERIOR
2011,2011-11-20,18 - Granada,IZQUIERDA UNIDA DE CASTILLA Y LEÓN: LA IZQUIERDA P - IU CyL,0,0,Ministerio del Interior / fichero oficial aportado por el usuario,PRIMARY_INTERIOR
2011,2011-11-20,18 - Granada,IZQUIERDA UNIDA DE CASTILLA Y LEÓN: LA IZQUIERDA P - IUCL,0,0,Ministerio del Interior / fichero oficial aportado por el usuario,PRIMARY_INTERIOR
2011,2011-11-20,18 - Granada,IZQUIERDA UNIDA DE CASTILLA-LA MANCHA-LOS VERDES: - IUCLM-LV,0,0,Ministerio del Interior / fichero oficial aportado por el usuario,PRIMARY_INTERIOR
2011,2011-11-20,18 - Granada,IZQUIERDA UNIDA DE CASTILLA-LA MANCHA-LOS VERDES: - IUCM-LV,0,0,Ministerio del Interior / fichero oficial aportado por el usuario,PRIMARY_INTERIOR
2011,2011-11-20,18 - Granada,IZQUIERDA UNIDA LOS VERDES-CONVOCATORIA POR ANDALU - IULV-CA,40360,0,Ministerio del Interior / fichero oficial aportado por el usuario,PRIMARY_INTERIOR
2011,2011-11-20,18 - Granada,IZQUIERDA UNIDA VERDES-SOCIALISTAS INDEPENDIENTES - IU-V-SIEX:,0,0,Ministerio del Interior / fichero oficial aportado por el usuario,PRIMARY_INTERIOR
2011,2011-11-20,18 - Granada,IZQUIERDA UNIDA VERDES-SOCIALISTAS INDEPENDIENTES - IU-VERDES-S,0,0,Ministerio del Interior / fichero oficial aportado por el usuario,PRIMARY_INTERIOR
2011,2011-11-20,18 - Granada,IZQUIERDA UNIDA-LA IZQUIERDA PLURAL - I.U.,0,0,Ministerio del Interior / fichero oficial aportado por el usuario,PRIMARY_INTERIOR
2011,2011-11-20,18 - Granada,IZQUIERDA UNIDA-LOS VERDES: LA IZQUIERDA PLURAL - IU-LV,0,0,Ministerio del Interior / fichero oficial aportado por el usuario,PRIMARY_INTERIOR
2011,2011-11-20,18 - Granada,IZQUIERDA UNIDA-LOS VERDES: LA IZQUIERDA PLURAL/EZ - I.U.,0,0,Ministerio del Interior / fichero oficial aportado por el usuario,PRIMARY_INTERIOR
2011,2011-11-20,18 - Granada,IZQUIERDA UNIDA-LOS VERDES: LA IZQUIERDA PLURAL/EZ - IU-LV,0,0,Ministerio del Interior / fichero oficial aportado por el usuario,PRIMARY_INTERIOR
2011,2011-11-20,18 - Granada,IZQUIERDA UNIDA-VERDES DE LA REGION DE MURCIA: LA - IUV-RM,0,0,Ministerio del Interior / fichero oficial aportado por el usuario,PRIMARY_INTERIOR
2011,2011-11-20,18 - Granada,IZQUIERDA-EZKERRA/LA IZQUIERDA PLURAL - IZQUIERDA-E,0,0,Ministerio del Interior / fichero oficial aportado por el usuario,PRIMARY_INTERIOR
2011,2011-11-20,18 - Granada,LOS VERDES-GRUPO VERDE - LV-GV,0,0,Ministerio del Interior / fichero oficial aportado por el usuario,PRIMARY_INTERIOR
2011,2011-11-20,18 - Granada,MUERTE AL SISTEMA - +MAS+,0,0,Ministerio del Interior / fichero oficial aportado por el usuario,PRIMARY_INTERIOR
2011,2011-11-20,18 - Granada,PARTIDO ANDALUCISTA - P.A.,0,0,Ministerio del Interior / fichero oficial aportado por el usuario,PRIMARY_INTERIOR
2011,2011-11-20,18 - Granada,PARTIDO ANDALUCISTA - PA,3942,0,Ministerio del Interior / fichero oficial aportado por el usuario,PRIMARY_INTERIOR
2011,2011-11-20,18 - Granada,PARTIDO ANIMALISTA CONTRA EL MALTRATO ANIMAL - PACMA,1370,0,Ministerio del Interior / fichero oficial aportado por el usuario,PRIMARY_INTERIOR
2011,2011-11-20,18 - Granada,PARTIDO CASTELLANO - PCAS,0,0,Ministerio del Interior / fichero oficial aportado por el usuario,PRIMARY_INTERIOR
2011,2011-11-20,18 - Granada,PARTIDO COMUNISTA DE LOS PUEBLOS DE ESPAÑA - P.C.P.E.,873,0,Ministerio del Interior / fichero oficial aportado por el usuario,PRIMARY_INTERIOR
2011,2011-11-20,18 - Granada,PARTIDO COMUNISTA DE LOS PUEBLOS DE ESPAÑA - PCPE,0,0,Ministerio del Interior / fichero oficial aportado por el usuario,PRIMARY_INTERIOR
2011,2011-11-20,18 - Granada,PARTIDO DE CASTILLA Y LEÓN - PCAL,0,0,Ministerio del Interior / fichero oficial aportado por el usuario,PRIMARY_INTERIOR
2011,2011-11-20,18 - Granada,PARTIDO DE INTERNET - INTERNET,0,0,Ministerio del Interior / fichero oficial aportado por el usuario,PRIMARY_INTERIOR
2011,2011-11-20,18 - Granada,PARTIDO DE LA LIBERTAD INDIVIDUAL - P-LIB,0,0,Ministerio del Interior / fichero oficial aportado por el usuario,PRIMARY_INTERIOR
2011,2011-11-20,18 - Granada,PARTIDO DEMOCRATICO Y CONSTITUCIONAL - PDYC,0,0,Ministerio del Interior / fichero oficial aportado por el usuario,PRIMARY_INTERIOR
2011,2011-11-20,18 - Granada,PARTIDO DOS SOCIALISTAS DE GALICIA - PARTIDO SOCIA - PSdeG-PSOE,0,0,Ministerio del Interior / fichero oficial aportado por el usuario,PRIMARY_INTERIOR
2011,2011-11-20,18 - Granada,PARTIDO DOS SOCIALISTAS DE GALICIA - PSOE - PSdeG-PSOE,0,0,Ministerio del Interior / fichero oficial aportado por el usuario,PRIMARY_INTERIOR
2011,2011-11-20,18 - Granada,PARTIDO HUMANISTA - PH,0,0,Ministerio del Interior / fichero oficial aportado por el usuario,PRIMARY_INTERIOR
2011,2011-11-20,18 - Granada,PARTIDO OBRERO SOCIALISTA INTERNACIONALISTA - P.O.S.I.,0,0,Ministerio del Interior / fichero oficial aportado por el usuario,PRIMARY_INTERIOR
2011,2011-11-20,18 - Granada,PARTIDO OBRERO SOCIALISTA INTERNACIONALISTA - POSI,0,0,Ministerio del Interior / fichero oficial aportado por el usuario,PRIMARY_INTERIOR
2011,2011-11-20,18 - Granada,PARTIDO PARA LA REGENERACION DE LA DEMOCRACIA EN E - P.R.D.E.,0,0,Ministerio del Interior / fichero oficial aportado por el usuario,PRIMARY_INTERIOR
2011,2011-11-20,18 - Granada,PARTIDO PIRATA - PIRATA,0,0,Ministerio del Interior / fichero oficial aportado por el usuario,PRIMARY_INTERIOR
2011,2011-11-20,18 - Granada,PARTIDO POPULAR - P.P.,237785,4,Ministerio del Interior / fichero oficial aportado por el usuario,PRIMARY_INTERIOR
2011,2011-11-20,18 - Granada,PARTIDO POPULAR - PP,0,0,Ministerio del Interior / fichero oficial aportado por el usuario,PRIMARY_INTERIOR
2011,2011-11-20,18 - Granada,PARTIDO POPULAR EN COALICIÓN CON EL PARTIDO ARAGON - PP-PAR,0,0,Ministerio del Interior / fichero oficial aportado por el usuario,PRIMARY_INTERIOR
2011,2011-11-20,18 - Granada,PARTIDO POPULAR-EXTREMADURA UNIDA - P.P-E.U.,0,0,Ministerio del Interior / fichero oficial aportado por el usuario,PRIMARY_INTERIOR
2011,2011-11-20,18 - Granada,PARTIDO POPULAR-EXTREMADURA UNIDA - PP-EU,0,0,Ministerio del Interior / fichero oficial aportado por el usuario,PRIMARY_INTERIOR
2011,2011-11-20,18 - Granada,PARTIDO REGIONALISTA DE CANTABRIA - P.R.C.,0,0,Ministerio del Interior / fichero oficial aportado por el usuario,PRIMARY_INTERIOR
2011,2011-11-20,18 - Granada,PARTIDO REGIONALISTA DEL PAIS LEONES - PREPAL,0,0,Ministerio del Interior / fichero oficial aportado por el usuario,PRIMARY_INTERIOR
2011,2011-11-20,18 - Granada,PARTIDO REGIONALISTA POR ANDALUCIA ORIENTAL - PRAO,620,0,Ministerio del Interior / fichero oficial aportado por el usuario,PRIMARY_INTERIOR
2011,2011-11-20,18 - Granada,PARTIDO SOCIALISTA DE EUSKADI-EUSKADIKO EZKERRA (P - PSE-EE (PSO,0,0,Ministerio del Interior / fichero oficial aportado por el usuario,PRIMARY_INTERIOR
2011,2011-11-20,18 - Granada,PARTIDO SOCIALISTA OBRERO ESPAÑOL - P.S.O.E.,185867,3,Ministerio del Interior / fichero oficial aportado por el usuario,PRIMARY_INTERIOR
2011,2011-11-20,18 - Granada,PARTIDO SOCIALISTA OBRERO ESPAÑOL - PSOE,0,0,Ministerio del Interior / fichero oficial aportado por el usuario,PRIMARY_INTERIOR
2011,2011-11-20,18 - Granada,PARTIT ANIMALISTA CONTRA EL MALTRACTAMENT ANIMAL - PACMA,0,0,Ministerio del Interior / fichero oficial aportado por el usuario,PRIMARY_INTERIOR
2011,2011-11-20,18 - Granada,PARTIT COMUNISTA DEL POBLE DE CATALUNYA - PCPC,0,0,Ministerio del Interior / fichero oficial aportado por el usuario,PRIMARY_INTERIOR
2011,2011-11-20,18 - Granada,PARTIT COMUNISTA DELS POBLES D'ESPANYA - P.C.P.E.,0,0,Ministerio del Interior / fichero oficial aportado por el usuario,PRIMARY_INTERIOR
2011,2011-11-20,18 - Granada,PARTIT DELS SOCIALISTES DE CATALUNYA - PSC-PSOE,0,0,Ministerio del Interior / fichero oficial aportado por el usuario,PRIMARY_INTERIOR
2011,2011-11-20,18 - Granada,PARTIT POPULAR/PARTIDO POPULAR - P.P.,0,0,Ministerio del Interior / fichero oficial aportado por el usuario,PRIMARY_INTERIOR
2011,2011-11-20,18 - Granada,PARTIT REPUBLICÀ D'ESQUERRA-REPUBLICANS - PRE-R,0,0,Ministerio del Interior / fichero oficial aportado por el usuario,PRIMARY_INTERIOR
2011,2011-11-20,18 - Granada,PER UN MÓN MÉS JUST - PUM+J,0,0,Ministerio del Interior / fichero oficial aportado por el usuario,PRIMARY_INTERIOR
2011,2011-11-20,18 - Granada,PIRATES DE CATALUNYA - PIRATA.CAT,0,0,Ministerio del Interior / fichero oficial aportado por el usuario,PRIMARY_INTERIOR
2011,2011-11-20,18 - Granada,PLATAFORMA PER CATALUNYA - PxC,0,0,Ministerio del Interior / fichero oficial aportado por el usuario,PRIMARY_INTERIOR
2011,2011-11-20,18 - Granada,POR UN MUNDO MÁS JUSTO - PUM+J,544,0,Ministerio del Interior / fichero oficial aportado por el usuario,PRIMARY_INTERIOR
2011,2011-11-20,18 - Granada,PSM-INICIATIVA VERDS-ENTESA-EQUO - PSM-IV-EXM-,0,0,Ministerio del Interior / fichero oficial aportado por el usuario,PRIMARY_INTERIOR
2011,2011-11-20,18 - Granada,REPUBLICANOS - RPS,0,0,Ministerio del Interior / fichero oficial aportado por el usuario,PRIMARY_INTERIOR
2011,2011-11-20,18 - Granada,SOCIALISTAS POR TERUEL - SXT,0,0,Ministerio del Interior / fichero oficial aportado por el usuario,PRIMARY_INTERIOR
2011,2011-11-20,18 - Granada,SOLIDARIDAD Y AUTOGESTION INTERNACIONALISTA - SAIn,185,0,Ministerio del Interior / fichero oficial aportado por el usuario,PRIMARY_INTERIOR
2011,2011-11-20,18 - Granada,"SÍ SE PUEDE, SOCIALISTAS POR TENERIFE, EQUO - SSP-SxTF-EQ",0,0,Ministerio del Interior / fichero oficial aportado por el usuario,PRIMARY_INTERIOR
2011,2011-11-20,18 - Granada,UNIDAD DEL PUEBLO - UNIDAD DEL,0,0,Ministerio del Interior / fichero oficial aportado por el usuario,PRIMARY_INTERIOR
2011,2011-11-20,18 - Granada,UNIDAD REGIONALISTA DE CASTILLA Y LEON - U.R.C.L.,0,0,Ministerio del Interior / fichero oficial aportado por el usuario,PRIMARY_INTERIOR
2011,2011-11-20,18 - Granada,UNIFICACIÓN COMUNISTA DE ESPAÑA - U.C.E.,151,0,Ministerio del Interior / fichero oficial aportado por el usuario,PRIMARY_INTERIOR
2011,2011-11-20,18 - Granada,UNIFICACIÓN COMUNISTA DE ESPAÑA - UCE,0,0,Ministerio del Interior / fichero oficial aportado por el usuario,PRIMARY_INTERIOR
2011,2011-11-20,18 - Granada,UNION DE CIUDADANOS INDEPENDIENTES DE TOLEDO - U.C.I.T.,0,0,Ministerio del Interior / fichero oficial aportado por el usuario,PRIMARY_INTERIOR
2011,2011-11-20,18 - Granada,UNITS X VALENCIA - UxV,0,0,Ministerio del Interior / fichero oficial aportado por el usuario,PRIMARY_INTERIOR
2011,2011-11-20,18 - Granada,UNIÓN DEL PUEBLO NAVARRO EN COALICIÓN CON EL PARTI - UPN-PP,0,0,Ministerio del Interior / fichero oficial aportado por el usuario,PRIMARY_INTERIOR
2011,2011-11-20,18 - Granada,UNIÓN PROGRESO Y DEMOCRACIA - UPyD,26255,0,Ministerio del Interior / fichero oficial aportado por el usuario,PRIMARY_INTERIOR
2011,2011-11-20,19 - Guadalajara,ACCION CIUDADANA POR MALAGA - ACIMA,0,0,Ministerio del Interior / fichero oficial aportado por el usuario,PRIMARY_INTERIOR
2011,2011-11-20,19 - Guadalajara,ALTERNATIVA NACIONALISTA CANARIA - ANC,0,0,Ministerio del Interior / fichero oficial aportado por el usuario,PRIMARY_INTERIOR
2011,2011-11-20,19 - Guadalajara,AMAIUR - AMAIUR,0,0,Ministerio del Interior / fichero oficial aportado por el usuario,PRIMARY_INTERIOR
2011,2011-11-20,19 - Guadalajara,ANDECHA ASTUR - ANDECHA,0,0,Ministerio del Interior / fichero oficial aportado por el usuario,PRIMARY_INTERIOR
2011,2011-11-20,19 - Guadalajara,ANTICAPITALISTAS - ANTICAPITAL,194,0,Ministerio del Interior / fichero oficial aportado por el usuario,PRIMARY_INTERIOR
2011,2011-11-20,19 - Guadalajara,ANTICAPITALISTES - ANTICAPITAL,0,0,Ministerio del Interior / fichero oficial aportado por el usuario,PRIMARY_INTERIOR
2011,2011-11-20,19 - Guadalajara,"BASTA YA, AGRUPACIÓN ABIERTA DE PARTIDOS POLÍTICOS - BASTA YA",0,0,Ministerio del Interior / fichero oficial aportado por el usuario,PRIMARY_INTERIOR
2011,2011-11-20,19 - Guadalajara,BIDEZKO MUNDURANTZ/POR UN MUNDO MAS JUSTO - PUM+J,0,0,Ministerio del Interior / fichero oficial aportado por el usuario,PRIMARY_INTERIOR
2011,2011-11-20,19 - Guadalajara,BIDEZKO MUNDURANTZ/POR UN MUNDO MÁS JUSTO - PU M+J,0,0,Ministerio del Interior / fichero oficial aportado por el usuario,PRIMARY_INTERIOR
2011,2011-11-20,19 - Guadalajara,BLOC-INICIATIVA-VERDS-EQUO-COALICIÓ COMPROMÍS - COMPROMÍS-Q,0,0,Ministerio del Interior / fichero oficial aportado por el usuario,PRIMARY_INTERIOR
2011,2011-11-20,19 - Guadalajara,BLOQUE NACIONALISTA GALEGO - B.N.G.,0,0,Ministerio del Interior / fichero oficial aportado por el usuario,PRIMARY_INTERIOR
2011,2011-11-20,19 - Guadalajara,BLOQUE NACIONALISTA GALEGO - BNG,0,0,Ministerio del Interior / fichero oficial aportado por el usuario,PRIMARY_INTERIOR
2011,2011-11-20,19 - Guadalajara,CANARIAS VERDE Y ROJA: LA IZQUIERDA PLURAL - IUC-CxI,0,0,Ministerio del Interior / fichero oficial aportado por el usuario,PRIMARY_INTERIOR
2011,2011-11-20,19 - Guadalajara,CENTRO DEMOCRATICO LIBERAL - C.D.L.,0,0,Ministerio del Interior / fichero oficial aportado por el usuario,PRIMARY_INTERIOR
2011,2011-11-20,19 - Guadalajara,"CHUNTA ARAGONESISTA-IZQUIERDA UNIDA, LA IZQUIERDA - CHA-IU",0,0,Ministerio del Interior / fichero oficial aportado por el usuario,PRIMARY_INTERIOR
2011,2011-11-20,19 - Guadalajara,"CHUNTA ARAGONESISTA-IZQUIERDA UNIDA, La Izquierda - CHA-IU",0,0,Ministerio del Interior / fichero oficial aportado por el usuario,PRIMARY_INTERIOR
2011,2011-11-20,19 - Guadalajara,CIUDADANOS DE CENTRO DEMOCRÁTICO - CCD,99,0,Ministerio del Interior / fichero oficial aportado por el usuario,PRIMARY_INTERIOR
2011,2011-11-20,19 - Guadalajara,COALICION CABALLAS - Caballas,0,0,Ministerio del Interior / fichero oficial aportado por el usuario,PRIMARY_INTERIOR
2011,2011-11-20,19 - Guadalajara,COALICIÓN CANARIA-NUEVA CANARIAS - CC-NC-PNC,0,0,Ministerio del Interior / fichero oficial aportado por el usuario,PRIMARY_INTERIOR
2011,2011-11-20,19 - Guadalajara,CONVERGENCIA POR EXTREMADURA - CEx,0,0,Ministerio del Interior / fichero oficial aportado por el usuario,PRIMARY_INTERIOR
2011,2011-11-20,19 - Guadalajara,CONVERGÈNCIA I UNIÓ - CiU,0,0,Ministerio del Interior / fichero oficial aportado por el usuario,PRIMARY_INTERIOR
2011,2011-11-20,19 - Guadalajara,CONVERGÈNCIA i UNIÓ - CiU,0,0,Ministerio del Interior / fichero oficial aportado por el usuario,PRIMARY_INTERIOR
2011,2011-11-20,19 - Guadalajara,CONVERXENCIA VINTEÚN - C.XXI,0,0,Ministerio del Interior / fichero oficial aportado por el usuario,PRIMARY_INTERIOR
2011,2011-11-20,19 - Guadalajara,CONVERXENCIA VINTEÚN - CXXI,0,0,Ministerio del Interior / fichero oficial aportado por el usuario,PRIMARY_INTERIOR
2011,2011-11-20,19 - Guadalajara,DEMOCRACIA NACIONAL - D.N.,471,0,Ministerio del Interior / fichero oficial aportado por el usuario,PRIMARY_INTERIOR
2011,2011-11-20,19 - Guadalajara,DEMOS EL CAMBIO - DeC,0,0,Ministerio del Interior / fichero oficial aportado por el usuario,PRIMARY_INTERIOR
2011,2011-11-20,19 - Guadalajara,DERECHA NAVARRA Y ESPAÑOLA - DNE,0,0,Ministerio del Interior / fichero oficial aportado por el usuario,PRIMARY_INTERIOR
2011,2011-11-20,19 - Guadalajara,EQUO - EQUO,1273,0,Ministerio del Interior / fichero oficial aportado por el usuario,PRIMARY_INTERIOR
2011,2011-11-20,19 - Guadalajara,EQUO - eQuo,0,0,Ministerio del Interior / fichero oficial aportado por el usuario,PRIMARY_INTERIOR
2011,2011-11-20,19 - Guadalajara,ESCAÑOS EN BLANCO - Eb,498,0,Ministerio del Interior / fichero oficial aportado por el usuario,PRIMARY_INTERIOR
2011,2011-11-20,19 - Guadalajara,ESCAÑOS EN BLANCO/ESCONS EN BLANC - EB,0,0,Ministerio del Interior / fichero oficial aportado por el usuario,PRIMARY_INTERIOR
2011,2011-11-20,19 - Guadalajara,ESCONS EN BLANC - Eb,0,0,Ministerio del Interior / fichero oficial aportado por el usuario,PRIMARY_INTERIOR
2011,2011-11-20,19 - Guadalajara,ESPAÑA 2000 - ESPAÑA 2000,0,0,Ministerio del Interior / fichero oficial aportado por el usuario,PRIMARY_INTERIOR
2011,2011-11-20,19 - Guadalajara,ESQUERDA UNIDA-OS VERDES: A ESQUERDA PLURAL - EU-V,0,0,Ministerio del Interior / fichero oficial aportado por el usuario,PRIMARY_INTERIOR
2011,2011-11-20,19 - Guadalajara,ESQUERRA REPUBLICANA - ESQUERRA,0,0,Ministerio del Interior / fichero oficial aportado por el usuario,PRIMARY_INTERIOR
2011,2011-11-20,19 - Guadalajara,ESQUERRA REPUBLICANA DE CATALUNYA-CATALUNYA SÍ - ERC - RI.ca,0,0,Ministerio del Interior / fichero oficial aportado por el usuario,PRIMARY_INTERIOR
2011,2011-11-20,19 - Guadalajara,ESQUERRA REPUBLICANA DE CATALUNYA-CATALUNYA SÍ - ERC-RI.cat,0,0,Ministerio del Interior / fichero oficial aportado por el usuario,PRIMARY_INTERIOR
2011,2011-11-20,19 - Guadalajara,ESQUERRA REPUBLICANA DEL PAÍS VALENCIÀ - ERPV,0,0,Ministerio del Interior / fichero oficial aportado por el usuario,PRIMARY_INTERIOR
2011,2011-11-20,19 - Guadalajara,ESQUERRA UNIDA DEL PAIS VALENCIA-LOS VERDES: L'ESQ - EUPV-LV,0,0,Ministerio del Interior / fichero oficial aportado por el usuario,PRIMARY_INTERIOR
2011,2011-11-20,19 - Guadalajara,ESQUERRA UNIDA ILLES BALEARS: LA IZQUIERDA PLURAL - EUIB,0,0,Ministerio del Interior / fichero oficial aportado por el usuario,PRIMARY_INTERIOR
2011,2011-11-20,19 - Guadalajara,ESQUERRA UNIDA PAÍS VALENCIÀ-ELS VERDS: L'ESQUERRA - EUPV-EV,0,0,Ministerio del Interior / fichero oficial aportado por el usuario,PRIMARY_INTERIOR
2011,2011-11-20,19 - Guadalajara,EUZKO ALDERDI JELTZALEA-PARTIDO NACIONALISTA VASCO - E.A.J.-P.N.,0,0,Ministerio del Interior / fichero oficial aportado por el usuario,PRIMARY_INTERIOR
2011,2011-11-20,19 - Guadalajara,EUZKO ALDERDI JELTZALEA-PARTIDO NACIONALISTA VASCO - EAJ-PNV,0,0,Ministerio del Interior / fichero oficial aportado por el usuario,PRIMARY_INTERIOR
2011,2011-11-20,19 - Guadalajara,FALANGE ESPAÑOLA DE LAS J.O.N.S. - FE de las J,0,0,Ministerio del Interior / fichero oficial aportado por el usuario,PRIMARY_INTERIOR
2011,2011-11-20,19 - Guadalajara,FAMILIA Y VIDA - PFyV,0,0,Ministerio del Interior / fichero oficial aportado por el usuario,PRIMARY_INTERIOR
2011,2011-11-20,19 - Guadalajara,FORO CENTRO Y DEMOCRACIA - CYD,0,0,Ministerio del Interior / fichero oficial aportado por el usuario,PRIMARY_INTERIOR
2011,2011-11-20,19 - Guadalajara,FORO DE CIUDADANOS - FAC,0,0,Ministerio del Interior / fichero oficial aportado por el usuario,PRIMARY_INTERIOR
2011,2011-11-20,19 - Guadalajara,GEROA BAI - GBAI,0,0,Ministerio del Interior / fichero oficial aportado por el usuario,PRIMARY_INTERIOR
2011,2011-11-20,19 - Guadalajara,HARTOS.ORG - HARTOS.ORG,0,0,Ministerio del Interior / fichero oficial aportado por el usuario,PRIMARY_INTERIOR
2011,2011-11-20,19 - Guadalajara,HIGIENE DEMOCRATICA - H.D.,0,0,Ministerio del Interior / fichero oficial aportado por el usuario,PRIMARY_INTERIOR
2011,2011-11-20,19 - Guadalajara,INICIATIVA PER CATALUNYA VERDS-ESQUERRA UNIDA I AL - ICV-EUiA,0,0,Ministerio del Interior / fichero oficial aportado por el usuario,PRIMARY_INTERIOR
2011,2011-11-20,19 - Guadalajara,INICIATIVA PER CATALUNYA VERDS-ESQUERRA UNIDA i AL - ICV-EUiA,0,0,Ministerio del Interior / fichero oficial aportado por el usuario,PRIMARY_INTERIOR
2011,2011-11-20,19 - Guadalajara,IU - LOS VERDES: LA IZQUIERDA PLURAL / EZKER ANITZ - IU-LV,0,0,Ministerio del Interior / fichero oficial aportado por el usuario,PRIMARY_INTERIOR
2011,2011-11-20,19 - Guadalajara,IZQUIERDA UNIDA - PARTIDO DEMOCRÁTICO Y SOCIAL DE - IU-PDSC,0,0,Ministerio del Interior / fichero oficial aportado por el usuario,PRIMARY_INTERIOR
2011,2011-11-20,19 - Guadalajara,IZQUIERDA UNIDA CANARIA-INICIATIVA POR EL HIERRO-L - IUC-IpH-LV,0,0,Ministerio del Interior / fichero oficial aportado por el usuario,PRIMARY_INTERIOR
2011,2011-11-20,19 - Guadalajara,IZQUIERDA UNIDA DE ASTURIAS-IZQUIERDA XUNIDA D'AST - IU-IX,0,0,Ministerio del Interior / fichero oficial aportado por el usuario,PRIMARY_INTERIOR
2011,2011-11-20,19 - Guadalajara,IZQUIERDA UNIDA DE CANTABRIA: LA IZQUIERDA PLURAL - IUC,0,0,Ministerio del Interior / fichero oficial aportado por el usuario,PRIMARY_INTERIOR
2011,2011-11-20,19 - Guadalajara,IZQUIERDA UNIDA DE CASTILLA Y LEON: LA IZQUIERDA P - IUCL,0,0,Ministerio del Interior / fichero oficial aportado por el usuario,PRIMARY_INTERIOR
2011,2011-11-20,19 - Guadalajara,IZQUIERDA UNIDA DE CASTILLA Y LEON: LA IZQUIERDA P - IUCyL,0,0,Ministerio del Interior / fichero oficial aportado por el usuario,PRIMARY_INTERIOR
2011,2011-11-20,19 - Guadalajara,IZQUIERDA UNIDA DE CASTILLA Y LEÓN: LA IZQUIERDA P - IU CyL,0,0,Ministerio del Interior / fichero oficial aportado por el usuario,PRIMARY_INTERIOR
2011,2011-11-20,19 - Guadalajara,IZQUIERDA UNIDA DE CASTILLA Y LEÓN: LA IZQUIERDA P - IUCL,0,0,Ministerio del Interior / fichero oficial aportado por el usuario,PRIMARY_INTERIOR
2011,2011-11-20,19 - Guadalajara,IZQUIERDA UNIDA DE CASTILLA-LA MANCHA-LOS VERDES: - IUCLM-LV,9036,0,Ministerio del Interior / fichero oficial aportado por el usuario,PRIMARY_INTERIOR
2011,2011-11-20,19 - Guadalajara,IZQUIERDA UNIDA DE CASTILLA-LA MANCHA-LOS VERDES: - IUCM-LV,0,0,Ministerio del Interior / fichero oficial aportado por el usuario,PRIMARY_INTERIOR
2011,2011-11-20,19 - Guadalajara,IZQUIERDA UNIDA LOS VERDES-CONVOCATORIA POR ANDALU - IULV-CA,0,0,Ministerio del Interior / fichero oficial aportado por el usuario,PRIMARY_INTERIOR
2011,2011-11-20,19 - Guadalajara,IZQUIERDA UNIDA VERDES-SOCIALISTAS INDEPENDIENTES - IU-V-SIEX:,0,0,Ministerio del Interior / fichero oficial aportado por el usuario,PRIMARY_INTERIOR
2011,2011-11-20,19 - Guadalajara,IZQUIERDA UNIDA VERDES-SOCIALISTAS INDEPENDIENTES - IU-VERDES-S,0,0,Ministerio del Interior / fichero oficial aportado por el usuario,PRIMARY_INTERIOR
2011,2011-11-20,19 - Guadalajara,IZQUIERDA UNIDA-LA IZQUIERDA PLURAL - I.U.,0,0,Ministerio del Interior / fichero oficial aportado por el usuario,PRIMARY_INTERIOR
2011,2011-11-20,19 - Guadalajara,IZQUIERDA UNIDA-LOS VERDES: LA IZQUIERDA PLURAL - IU-LV,0,0,Ministerio del Interior / fichero oficial aportado por el usuario,PRIMARY_INTERIOR
2011,2011-11-20,19 - Guadalajara,IZQUIERDA UNIDA-LOS VERDES: LA IZQUIERDA PLURAL/EZ - I.U.,0,0,Ministerio del Interior / fichero oficial aportado por el usuario,PRIMARY_INTERIOR
2011,2011-11-20,19 - Guadalajara,IZQUIERDA UNIDA-LOS VERDES: LA IZQUIERDA PLURAL/EZ - IU-LV,0,0,Ministerio del Interior / fichero oficial aportado por el usuario,PRIMARY_INTERIOR
2011,2011-11-20,19 - Guadalajara,IZQUIERDA UNIDA-VERDES DE LA REGION DE MURCIA: LA - IUV-RM,0,0,Ministerio del Interior / fichero oficial aportado por el usuario,PRIMARY_INTERIOR
2011,2011-11-20,19 - Guadalajara,IZQUIERDA-EZKERRA/LA IZQUIERDA PLURAL - IZQUIERDA-E,0,0,Ministerio del Interior / fichero oficial aportado por el usuario,PRIMARY_INTERIOR
2011,2011-11-20,19 - Guadalajara,LOS VERDES-GRUPO VERDE - LV-GV,0,0,Ministerio del Interior / fichero oficial aportado por el usuario,PRIMARY_INTERIOR
2011,2011-11-20,19 - Guadalajara,MUERTE AL SISTEMA - +MAS+,0,0,Ministerio del Interior / fichero oficial aportado por el usuario,PRIMARY_INTERIOR
2011,2011-11-20,19 - Guadalajara,PARTIDO ANDALUCISTA - P.A.,0,0,Ministerio del Interior / fichero oficial aportado por el usuario,PRIMARY_INTERIOR
2011,2011-11-20,19 - Guadalajara,PARTIDO ANDALUCISTA - PA,0,0,Ministerio del Interior / fichero oficial aportado por el usuario,PRIMARY_INTERIOR
2011,2011-11-20,19 - Guadalajara,PARTIDO ANIMALISTA CONTRA EL MALTRATO ANIMAL - PACMA,620,0,Ministerio del Interior / fichero oficial aportado por el usuario,PRIMARY_INTERIOR
2011,2011-11-20,19 - Guadalajara,PARTIDO CASTELLANO - PCAS,197,0,Ministerio del Interior / fichero oficial aportado por el usuario,PRIMARY_INTERIOR
2011,2011-11-20,19 - Guadalajara,PARTIDO COMUNISTA DE LOS PUEBLOS DE ESPAÑA - P.C.P.E.,0,0,Ministerio del Interior / fichero oficial aportado por el usuario,PRIMARY_INTERIOR
2011,2011-11-20,19 - Guadalajara,PARTIDO COMUNISTA DE LOS PUEBLOS DE ESPAÑA - PCPE,0,0,Ministerio del Interior / fichero oficial aportado por el usuario,PRIMARY_INTERIOR
2011,2011-11-20,19 - Guadalajara,PARTIDO DE CASTILLA Y LEÓN - PCAL,0,0,Ministerio del Interior / fichero oficial aportado por el usuario,PRIMARY_INTERIOR
2011,2011-11-20,19 - Guadalajara,PARTIDO DE INTERNET - INTERNET,0,0,Ministerio del Interior / fichero oficial aportado por el usuario,PRIMARY_INTERIOR
2011,2011-11-20,19 - Guadalajara,PARTIDO DE LA LIBERTAD INDIVIDUAL - P-LIB,0,0,Ministerio del Interior / fichero oficial aportado por el usuario,PRIMARY_INTERIOR
2011,2011-11-20,19 - Guadalajara,PARTIDO DEMOCRATICO Y CONSTITUCIONAL - PDYC,0,0,Ministerio del Interior / fichero oficial aportado por el usuario,PRIMARY_INTERIOR
2011,2011-11-20,19 - Guadalajara,PARTIDO DOS SOCIALISTAS DE GALICIA - PARTIDO SOCIA - PSdeG-PSOE,0,0,Ministerio del Interior / fichero oficial aportado por el usuario,PRIMARY_INTERIOR
2011,2011-11-20,19 - Guadalajara,PARTIDO DOS SOCIALISTAS DE GALICIA - PSOE - PSdeG-PSOE,0,0,Ministerio del Interior / fichero oficial aportado por el usuario,PRIMARY_INTERIOR
2011,2011-11-20,19 - Guadalajara,PARTIDO HUMANISTA - PH,0,0,Ministerio del Interior / fichero oficial aportado por el usuario,PRIMARY_INTERIOR
2011,2011-11-20,19 - Guadalajara,PARTIDO OBRERO SOCIALISTA INTERNACIONALISTA - P.O.S.I.,0,0,Ministerio del Interior / fichero oficial aportado por el usuario,PRIMARY_INTERIOR
2011,2011-11-20,19 - Guadalajara,PARTIDO OBRERO SOCIALISTA INTERNACIONALISTA - POSI,0,0,Ministerio del Interior / fichero oficial aportado por el usuario,PRIMARY_INTERIOR
2011,2011-11-20,19 - Guadalajara,PARTIDO PARA LA REGENERACION DE LA DEMOCRACIA EN E - P.R.D.E.,0,0,Ministerio del Interior / fichero oficial aportado por el usuario,PRIMARY_INTERIOR
2011,2011-11-20,19 - Guadalajara,PARTIDO PIRATA - PIRATA,0,0,Ministerio del Interior / fichero oficial aportado por el usuario,PRIMARY_INTERIOR
2011,2011-11-20,19 - Guadalajara,PARTIDO POPULAR - P.P.,71362,2,Ministerio del Interior / fichero oficial aportado por el usuario,PRIMARY_INTERIOR
2011,2011-11-20,19 - Guadalajara,PARTIDO POPULAR - PP,0,0,Ministerio del Interior / fichero oficial aportado por el usuario,PRIMARY_INTERIOR
2011,2011-11-20,19 - Guadalajara,PARTIDO POPULAR EN COALICIÓN CON EL PARTIDO ARAGON - PP-PAR,0,0,Ministerio del Interior / fichero oficial aportado por el usuario,PRIMARY_INTERIOR
2011,2011-11-20,19 - Guadalajara,PARTIDO POPULAR-EXTREMADURA UNIDA - P.P-E.U.,0,0,Ministerio del Interior / fichero oficial aportado por el usuario,PRIMARY_INTERIOR
2011,2011-11-20,19 - Guadalajara,PARTIDO POPULAR-EXTREMADURA UNIDA - PP-EU,0,0,Ministerio del Interior / fichero oficial aportado por el usuario,PRIMARY_INTERIOR
2011,2011-11-20,19 - Guadalajara,PARTIDO REGIONALISTA DE CANTABRIA - P.R.C.,0,0,Ministerio del Interior / fichero oficial aportado por el usuario,PRIMARY_INTERIOR
2011,2011-11-20,19 - Guadalajara,PARTIDO REGIONALISTA DEL PAIS LEONES - PREPAL,0,0,Ministerio del Interior / fichero oficial aportado por el usuario,PRIMARY_INTERIOR
2011,2011-11-20,19 - Guadalajara,PARTIDO REGIONALISTA POR ANDALUCIA ORIENTAL - PRAO,0,0,Ministerio del Interior / fichero oficial aportado por el usuario,PRIMARY_INTERIOR
2011,2011-11-20,19 - Guadalajara,PARTIDO SOCIALISTA DE EUSKADI-EUSKADIKO EZKERRA (P - PSE-EE (PSO,0,0,Ministerio del Interior / fichero oficial aportado por el usuario,PRIMARY_INTERIOR
2011,2011-11-20,19 - Guadalajara,PARTIDO SOCIALISTA OBRERO ESPAÑOL - P.S.O.E.,36589,1,Ministerio del Interior / fichero oficial aportado por el usuario,PRIMARY_INTERIOR
2011,2011-11-20,19 - Guadalajara,PARTIDO SOCIALISTA OBRERO ESPAÑOL - PSOE,0,0,Ministerio del Interior / fichero oficial aportado por el usuario,PRIMARY_INTERIOR
2011,2011-11-20,19 - Guadalajara,PARTIT ANIMALISTA CONTRA EL MALTRACTAMENT ANIMAL - PACMA,0,0,Ministerio del Interior / fichero oficial aportado por el usuario,PRIMARY_INTERIOR
2011,2011-11-20,19 - Guadalajara,PARTIT COMUNISTA DEL POBLE DE CATALUNYA - PCPC,0,0,Ministerio del Interior / fichero oficial aportado por el usuario,PRIMARY_INTERIOR
2011,2011-11-20,19 - Guadalajara,PARTIT COMUNISTA DELS POBLES D'ESPANYA - P.C.P.E.,0,0,Ministerio del Interior / fichero oficial aportado por el usuario,PRIMARY_INTERIOR
2011,2011-11-20,19 - Guadalajara,PARTIT DELS SOCIALISTES DE CATALUNYA - PSC-PSOE,0,0,Ministerio del Interior / fichero oficial aportado por el usuario,PRIMARY_INTERIOR
2011,2011-11-20,19 - Guadalajara,PARTIT POPULAR/PARTIDO POPULAR - P.P.,0,0,Ministerio del Interior / fichero oficial aportado por el usuario,PRIMARY_INTERIOR
2011,2011-11-20,19 - Guadalajara,PARTIT REPUBLICÀ D'ESQUERRA-REPUBLICANS - PRE-R,0,0,Ministerio del Interior / fichero oficial aportado por el usuario,PRIMARY_INTERIOR
2011,2011-11-20,19 - Guadalajara,PER UN MÓN MÉS JUST - PUM+J,0,0,Ministerio del Interior / fichero oficial aportado por el usuario,PRIMARY_INTERIOR
2011,2011-11-20,19 - Guadalajara,PIRATES DE CATALUNYA - PIRATA.CAT,0,0,Ministerio del Interior / fichero oficial aportado por el usuario,PRIMARY_INTERIOR
2011,2011-11-20,19 - Guadalajara,PLATAFORMA PER CATALUNYA - PxC,0,0,Ministerio del Interior / fichero oficial aportado por el usuario,PRIMARY_INTERIOR
2011,2011-11-20,19 - Guadalajara,POR UN MUNDO MÁS JUSTO - PUM+J,0,0,Ministerio del Interior / fichero oficial aportado por el usuario,PRIMARY_INTERIOR
2011,2011-11-20,19 - Guadalajara,PSM-INICIATIVA VERDS-ENTESA-EQUO - PSM-IV-EXM-,0,0,Ministerio del Interior / fichero oficial aportado por el usuario,PRIMARY_INTERIOR
2011,2011-11-20,19 - Guadalajara,REPUBLICANOS - RPS,0,0,Ministerio del Interior / fichero oficial aportado por el usuario,PRIMARY_INTERIOR
2011,2011-11-20,19 - Guadalajara,SOCIALISTAS POR TERUEL - SXT,0,0,Ministerio del Interior / fichero oficial aportado por el usuario,PRIMARY_INTERIOR
2011,2011-11-20,19 - Guadalajara,SOLIDARIDAD Y AUTOGESTION INTERNACIONALISTA - SAIn,0,0,Ministerio del Interior / fichero oficial aportado por el usuario,PRIMARY_INTERIOR
2011,2011-11-20,19 - Guadalajara,"SÍ SE PUEDE, SOCIALISTAS POR TENERIFE, EQUO - SSP-SxTF-EQ",0,0,Ministerio del Interior / fichero oficial aportado por el usuario,PRIMARY_INTERIOR
2011,2011-11-20,19 - Guadalajara,UNIDAD DEL PUEBLO - UNIDAD DEL,0,0,Ministerio del Interior / fichero oficial aportado por el usuario,PRIMARY_INTERIOR
2011,2011-11-20,19 - Guadalajara,UNIDAD REGIONALISTA DE CASTILLA Y LEON - U.R.C.L.,0,0,Ministerio del Interior / fichero oficial aportado por el usuario,PRIMARY_INTERIOR
2011,2011-11-20,19 - Guadalajara,UNIFICACIÓN COMUNISTA DE ESPAÑA - U.C.E.,92,0,Ministerio del Interior / fichero oficial aportado por el usuario,PRIMARY_INTERIOR
2011,2011-11-20,19 - Guadalajara,UNIFICACIÓN COMUNISTA DE ESPAÑA - UCE,0,0,Ministerio del Interior / fichero oficial aportado por el usuario,PRIMARY_INTERIOR
2011,2011-11-20,19 - Guadalajara,UNION DE CIUDADANOS INDEPENDIENTES DE TOLEDO - U.C.I.T.,0,0,Ministerio del Interior / fichero oficial aportado por el usuario,PRIMARY_INTERIOR
2011,2011-11-20,19 - Guadalajara,UNITS X VALENCIA - UxV,0,0,Ministerio del Interior / fichero oficial aportado por el usuario,PRIMARY_INTERIOR
2011,2011-11-20,19 - Guadalajara,UNIÓN DEL PUEBLO NAVARRO EN COALICIÓN CON EL PARTI - UPN-PP,0,0,Ministerio del Interior / fichero oficial aportado por el usuario,PRIMARY_INTERIOR
2011,2011-11-20,19 - Guadalajara,UNIÓN PROGRESO Y DEMOCRACIA - UPyD,9947,0,Ministerio del Interior / fichero oficial aportado por el usuario,PRIMARY_INTERIOR
2011,2011-11-20,2 - Albacete,ACCION CIUDADANA POR MALAGA - ACIMA,0,0,Ministerio del Interior / fichero oficial aportado por el usuario,PRIMARY_INTERIOR
2011,2011-11-20,2 - Albacete,ALTERNATIVA NACIONALISTA CANARIA - ANC,0,0,Ministerio del Interior / fichero oficial aportado por el usuario,PRIMARY_INTERIOR
2011,2011-11-20,2 - Albacete,AMAIUR - AMAIUR,0,0,Ministerio del Interior / fichero oficial aportado por el usuario,PRIMARY_INTERIOR
2011,2011-11-20,2 - Albacete,ANDECHA ASTUR - ANDECHA,0,0,Ministerio del Interior / fichero oficial aportado por el usuario,PRIMARY_INTERIOR
2011,2011-11-20,2 - Albacete,ANTICAPITALISTAS - ANTICAPITAL,0,0,Ministerio del Interior / fichero oficial aportado por el usuario,PRIMARY_INTERIOR
2011,2011-11-20,2 - Albacete,ANTICAPITALISTES - ANTICAPITAL,0,0,Ministerio del Interior / fichero oficial aportado por el usuario,PRIMARY_INTERIOR
2011,2011-11-20,2 - Albacete,"BASTA YA, AGRUPACIÓN ABIERTA DE PARTIDOS POLÍTICOS - BASTA YA",0,0,Ministerio del Interior / fichero oficial aportado por el usuario,PRIMARY_INTERIOR
2011,2011-11-20,2 - Albacete,BIDEZKO MUNDURANTZ/POR UN MUNDO MAS JUSTO - PUM+J,0,0,Ministerio del Interior / fichero oficial aportado por el usuario,PRIMARY_INTERIOR
2011,2011-11-20,2 - Albacete,BIDEZKO MUNDURANTZ/POR UN MUNDO MÁS JUSTO - PU M+J,0,0,Ministerio del Interior / fichero oficial aportado por el usuario,PRIMARY_INTERIOR
2011,2011-11-20,2 - Albacete,BLOC-INICIATIVA-VERDS-EQUO-COALICIÓ COMPROMÍS - COMPROMÍS-Q,0,0,Ministerio del Interior / fichero oficial aportado por el usuario,PRIMARY_INTERIOR
2011,2011-11-20,2 - Albacete,BLOQUE NACIONALISTA GALEGO - B.N.G.,0,0,Ministerio del Interior / fichero oficial aportado por el usuario,PRIMARY_INTERIOR
2011,2011-11-20,2 - Albacete,BLOQUE NACIONALISTA GALEGO - BNG,0,0,Ministerio del Interior / fichero oficial aportado por el usuario,PRIMARY_INTERIOR
2011,2011-11-20,2 - Albacete,CANARIAS VERDE Y ROJA: LA IZQUIERDA PLURAL - IUC-CxI,0,0,Ministerio del Interior / fichero oficial aportado por el usuario,PRIMARY_INTERIOR
2011,2011-11-20,2 - Albacete,CENTRO DEMOCRATICO LIBERAL - C.D.L.,0,0,Ministerio del Interior / fichero oficial aportado por el usuario,PRIMARY_INTERIOR
2011,2011-11-20,2 - Albacete,"CHUNTA ARAGONESISTA-IZQUIERDA UNIDA, LA IZQUIERDA - CHA-IU",0,0,Ministerio del Interior / fichero oficial aportado por el usuario,PRIMARY_INTERIOR
2011,2011-11-20,2 - Albacete,"CHUNTA ARAGONESISTA-IZQUIERDA UNIDA, La Izquierda - CHA-IU",0,0,Ministerio del Interior / fichero oficial aportado por el usuario,PRIMARY_INTERIOR
2011,2011-11-20,2 - Albacete,CIUDADANOS DE CENTRO DEMOCRÁTICO - CCD,0,0,Ministerio del Interior / fichero oficial aportado por el usuario,PRIMARY_INTERIOR
2011,2011-11-20,2 - Albacete,COALICION CABALLAS - Caballas,0,0,Ministerio del Interior / fichero oficial aportado por el usuario,PRIMARY_INTERIOR
2011,2011-11-20,2 - Albacete,COALICIÓN CANARIA-NUEVA CANARIAS - CC-NC-PNC,0,0,Ministerio del Interior / fichero oficial aportado por el usuario,PRIMARY_INTERIOR
2011,2011-11-20,2 - Albacete,CONVERGENCIA POR EXTREMADURA - CEx,0,0,Ministerio del Interior / fichero oficial aportado por el usuario,PRIMARY_INTERIOR
2011,2011-11-20,2 - Albacete,CONVERGÈNCIA I UNIÓ - CiU,0,0,Ministerio del Interior / fichero oficial aportado por el usuario,PRIMARY_INTERIOR
2011,2011-11-20,2 - Albacete,CONVERGÈNCIA i UNIÓ - CiU,0,0,Ministerio del Interior / fichero oficial aportado por el usuario,PRIMARY_INTERIOR
2011,2011-11-20,2 - Albacete,CONVERXENCIA VINTEÚN - C.XXI,0,0,Ministerio del Interior / fichero oficial aportado por el usuario,PRIMARY_INTERIOR
2011,2011-11-20,2 - Albacete,CONVERXENCIA VINTEÚN - CXXI,0,0,Ministerio del Interior / fichero oficial aportado por el usuario,PRIMARY_INTERIOR
2011,2011-11-20,2 - Albacete,DEMOCRACIA NACIONAL - D.N.,0,0,Ministerio del Interior / fichero oficial aportado por el usuario,PRIMARY_INTERIOR
2011,2011-11-20,2 - Albacete,DEMOS EL CAMBIO - DeC,0,0,Ministerio del Interior / fichero oficial aportado por el usuario,PRIMARY_INTERIOR
2011,2011-11-20,2 - Albacete,DERECHA NAVARRA Y ESPAÑOLA - DNE,0,0,Ministerio del Interior / fichero oficial aportado por el usuario,PRIMARY_INTERIOR
2011,2011-11-20,2 - Albacete,EQUO - EQUO,2077,0,Ministerio del Interior / fichero oficial aportado por el usuario,PRIMARY_INTERIOR
2011,2011-11-20,2 - Albacete,EQUO - eQuo,0,0,Ministerio del Interior / fichero oficial aportado por el usuario,PRIMARY_INTERIOR
2011,2011-11-20,2 - Albacete,ESCAÑOS EN BLANCO - Eb,1153,0,Ministerio del Interior / fichero oficial aportado por el usuario,PRIMARY_INTERIOR
2011,2011-11-20,2 - Albacete,ESCAÑOS EN BLANCO/ESCONS EN BLANC - EB,0,0,Ministerio del Interior / fichero oficial aportado por el usuario,PRIMARY_INTERIOR
2011,2011-11-20,2 - Albacete,ESCONS EN BLANC - Eb,0,0,Ministerio del Interior / fichero oficial aportado por el usuario,PRIMARY_INTERIOR
2011,2011-11-20,2 - Albacete,ESPAÑA 2000 - ESPAÑA 2000,0,0,Ministerio del Interior / fichero oficial aportado por el usuario,PRIMARY_INTERIOR
2011,2011-11-20,2 - Albacete,ESQUERDA UNIDA-OS VERDES: A ESQUERDA PLURAL - EU-V,0,0,Ministerio del Interior / fichero oficial aportado por el usuario,PRIMARY_INTERIOR
2011,2011-11-20,2 - Albacete,ESQUERRA REPUBLICANA - ESQUERRA,0,0,Ministerio del Interior / fichero oficial aportado por el usuario,PRIMARY_INTERIOR
2011,2011-11-20,2 - Albacete,ESQUERRA REPUBLICANA DE CATALUNYA-CATALUNYA SÍ - ERC - RI.ca,0,0,Ministerio del Interior / fichero oficial aportado por el usuario,PRIMARY_INTERIOR
2011,2011-11-20,2 - Albacete,ESQUERRA REPUBLICANA DE CATALUNYA-CATALUNYA SÍ - ERC-RI.cat,0,0,Ministerio del Interior / fichero oficial aportado por el usuario,PRIMARY_INTERIOR
2011,2011-11-20,2 - Albacete,ESQUERRA REPUBLICANA DEL PAÍS VALENCIÀ - ERPV,0,0,Ministerio del Interior / fichero oficial aportado por el usuario,PRIMARY_INTERIOR
2011,2011-11-20,2 - Albacete,ESQUERRA UNIDA DEL PAIS VALENCIA-LOS VERDES: L'ESQ - EUPV-LV,0,0,Ministerio del Interior / fichero oficial aportado por el usuario,PRIMARY_INTERIOR
2011,2011-11-20,2 - Albacete,ESQUERRA UNIDA ILLES BALEARS: LA IZQUIERDA PLURAL - EUIB,0,0,Ministerio del Interior / fichero oficial aportado por el usuario,PRIMARY_INTERIOR
2011,2011-11-20,2 - Albacete,ESQUERRA UNIDA PAÍS VALENCIÀ-ELS VERDS: L'ESQUERRA - EUPV-EV,0,0,Ministerio del Interior / fichero oficial aportado por el usuario,PRIMARY_INTERIOR
2011,2011-11-20,2 - Albacete,EUZKO ALDERDI JELTZALEA-PARTIDO NACIONALISTA VASCO - E.A.J.-P.N.,0,0,Ministerio del Interior / fichero oficial aportado por el usuario,PRIMARY_INTERIOR
2011,2011-11-20,2 - Albacete,EUZKO ALDERDI JELTZALEA-PARTIDO NACIONALISTA VASCO - EAJ-PNV,0,0,Ministerio del Interior / fichero oficial aportado por el usuario,PRIMARY_INTERIOR
2011,2011-11-20,2 - Albacete,FALANGE ESPAÑOLA DE LAS J.O.N.S. - FE de las J,0,0,Ministerio del Interior / fichero oficial aportado por el usuario,PRIMARY_INTERIOR
2011,2011-11-20,2 - Albacete,FAMILIA Y VIDA - PFyV,0,0,Ministerio del Interior / fichero oficial aportado por el usuario,PRIMARY_INTERIOR
2011,2011-11-20,2 - Albacete,FORO CENTRO Y DEMOCRACIA - CYD,192,0,Ministerio del Interior / fichero oficial aportado por el usuario,PRIMARY_INTERIOR
2011,2011-11-20,2 - Albacete,FORO DE CIUDADANOS - FAC,0,0,Ministerio del Interior / fichero oficial aportado por el usuario,PRIMARY_INTERIOR
2011,2011-11-20,2 - Albacete,GEROA BAI - GBAI,0,0,Ministerio del Interior / fichero oficial aportado por el usuario,PRIMARY_INTERIOR
2011,2011-11-20,2 - Albacete,HARTOS.ORG - HARTOS.ORG,0,0,Ministerio del Interior / fichero oficial aportado por el usuario,PRIMARY_INTERIOR
2011,2011-11-20,2 - Albacete,HIGIENE DEMOCRATICA - H.D.,0,0,Ministerio del Interior / fichero oficial aportado por el usuario,PRIMARY_INTERIOR
2011,2011-11-20,2 - Albacete,INICIATIVA PER CATALUNYA VERDS-ESQUERRA UNIDA I AL - ICV-EUiA,0,0,Ministerio del Interior / fichero oficial aportado por el usuario,PRIMARY_INTERIOR
2011,2011-11-20,2 - Albacete,INICIATIVA PER CATALUNYA VERDS-ESQUERRA UNIDA i AL - ICV-EUiA,0,0,Ministerio del Interior / fichero oficial aportado por el usuario,PRIMARY_INTERIOR
2011,2011-11-20,2 - Albacete,IU - LOS VERDES: LA IZQUIERDA PLURAL / EZKER ANITZ - IU-LV,0,0,Ministerio del Interior / fichero oficial aportado por el usuario,PRIMARY_INTERIOR
2011,2011-11-20,2 - Albacete,IZQUIERDA UNIDA - PARTIDO DEMOCRÁTICO Y SOCIAL DE - IU-PDSC,0,0,Ministerio del Interior / fichero oficial aportado por el usuario,PRIMARY_INTERIOR
2011,2011-11-20,2 - Albacete,IZQUIERDA UNIDA CANARIA-INICIATIVA POR EL HIERRO-L - IUC-IpH-LV,0,0,Ministerio del Interior / fichero oficial aportado por el usuario,PRIMARY_INTERIOR
2011,2011-11-20,2 - Albacete,IZQUIERDA UNIDA DE ASTURIAS-IZQUIERDA XUNIDA D'AST - IU-IX,0,0,Ministerio del Interior / fichero oficial aportado por el usuario,PRIMARY_INTERIOR
2011,2011-11-20,2 - Albacete,IZQUIERDA UNIDA DE CANTABRIA: LA IZQUIERDA PLURAL - IUC,0,0,Ministerio del Interior / fichero oficial aportado por el usuario,PRIMARY_INTERIOR
2011,2011-11-20,2 - Albacete,IZQUIERDA UNIDA DE CASTILLA Y LEON: LA IZQUIERDA P - IUCL,0,0,Ministerio del Interior / fichero oficial aportado por el usuario,PRIMARY_INTERIOR
2011,2011-11-20,2 - Albacete,IZQUIERDA UNIDA DE CASTILLA Y LEON: LA IZQUIERDA P - IUCyL,0,0,Ministerio del Interior / fichero oficial aportado por el usuario,PRIMARY_INTERIOR
2011,2011-11-20,2 - Albacete,IZQUIERDA UNIDA DE CASTILLA Y LEÓN: LA IZQUIERDA P - IU CyL,0,0,Ministerio del Interior / fichero oficial aportado por el usuario,PRIMARY_INTERIOR
2011,2011-11-20,2 - Albacete,IZQUIERDA UNIDA DE CASTILLA Y LEÓN: LA IZQUIERDA P - IUCL,0,0,Ministerio del Interior / fichero oficial aportado por el usuario,PRIMARY_INTERIOR
2011,2011-11-20,2 - Albacete,IZQUIERDA UNIDA DE CASTILLA-LA MANCHA-LOS VERDES: - IUCLM-LV,14324,0,Ministerio del Interior / fichero oficial aportado por el usuario,PRIMARY_INTERIOR
2011,2011-11-20,2 - Albacete,IZQUIERDA UNIDA DE CASTILLA-LA MANCHA-LOS VERDES: - IUCM-LV,0,0,Ministerio del Interior / fichero oficial aportado por el usuario,PRIMARY_INTERIOR
2011,2011-11-20,2 - Albacete,IZQUIERDA UNIDA LOS VERDES-CONVOCATORIA POR ANDALU - IULV-CA,0,0,Ministerio del Interior / fichero oficial aportado por el usuario,PRIMARY_INTERIOR
2011,2011-11-20,2 - Albacete,IZQUIERDA UNIDA VERDES-SOCIALISTAS INDEPENDIENTES - IU-V-SIEX:,0,0,Ministerio del Interior / fichero oficial aportado por el usuario,PRIMARY_INTERIOR
2011,2011-11-20,2 - Albacete,IZQUIERDA UNIDA VERDES-SOCIALISTAS INDEPENDIENTES - IU-VERDES-S,0,0,Ministerio del Interior / fichero oficial aportado por el usuario,PRIMARY_INTERIOR
2011,2011-11-20,2 - Albacete,IZQUIERDA UNIDA-LA IZQUIERDA PLURAL - I.U.,0,0,Ministerio del Interior / fichero oficial aportado por el usuario,PRIMARY_INTERIOR
2011,2011-11-20,2 - Albacete,IZQUIERDA UNIDA-LOS VERDES: LA IZQUIERDA PLURAL - IU-LV,0,0,Ministerio del Interior / fichero oficial aportado por el usuario,PRIMARY_INTERIOR
2011,2011-11-20,2 - Albacete,IZQUIERDA UNIDA-LOS VERDES: LA IZQUIERDA PLURAL/EZ - I.U.,0,0,Ministerio del Interior / fichero oficial aportado por el usuario,PRIMARY_INTERIOR
2011,2011-11-20,2 - Albacete,IZQUIERDA UNIDA-LOS VERDES: LA IZQUIERDA PLURAL/EZ - IU-LV,0,0,Ministerio del Interior / fichero oficial aportado por el usuario,PRIMARY_INTERIOR
2011,2011-11-20,2 - Albacete,IZQUIERDA UNIDA-VERDES DE LA REGION DE MURCIA: LA - IUV-RM,0,0,Ministerio del Interior / fichero oficial aportado por el usuario,PRIMARY_INTERIOR
2011,2011-11-20,2 - Albacete,IZQUIERDA-EZKERRA/LA IZQUIERDA PLURAL - IZQUIERDA-E,0,0,Ministerio del Interior / fichero oficial aportado por el usuario,PRIMARY_INTERIOR
2011,2011-11-20,2 - Albacete,LOS VERDES-GRUPO VERDE - LV-GV,0,0,Ministerio del Interior / fichero oficial aportado por el usuario,PRIMARY_INTERIOR
2011,2011-11-20,2 - Albacete,MUERTE AL SISTEMA - +MAS+,0,0,Ministerio del Interior / fichero oficial aportado por el usuario,PRIMARY_INTERIOR
2011,2011-11-20,2 - Albacete,PARTIDO ANDALUCISTA - P.A.,0,0,Ministerio del Interior / fichero oficial aportado por el usuario,PRIMARY_INTERIOR
2011,2011-11-20,2 - Albacete,PARTIDO ANDALUCISTA - PA,0,0,Ministerio del Interior / fichero oficial aportado por el usuario,PRIMARY_INTERIOR
2011,2011-11-20,2 - Albacete,PARTIDO ANIMALISTA CONTRA EL MALTRATO ANIMAL - PACMA,921,0,Ministerio del Interior / fichero oficial aportado por el usuario,PRIMARY_INTERIOR
2011,2011-11-20,2 - Albacete,PARTIDO CASTELLANO - PCAS,0,0,Ministerio del Interior / fichero oficial aportado por el usuario,PRIMARY_INTERIOR
2011,2011-11-20,2 - Albacete,PARTIDO COMUNISTA DE LOS PUEBLOS DE ESPAÑA - P.C.P.E.,386,0,Ministerio del Interior / fichero oficial aportado por el usuario,PRIMARY_INTERIOR
2011,2011-11-20,2 - Albacete,PARTIDO COMUNISTA DE LOS PUEBLOS DE ESPAÑA - PCPE,0,0,Ministerio del Interior / fichero oficial aportado por el usuario,PRIMARY_INTERIOR
2011,2011-11-20,2 - Albacete,PARTIDO DE CASTILLA Y LEÓN - PCAL,0,0,Ministerio del Interior / fichero oficial aportado por el usuario,PRIMARY_INTERIOR
2011,2011-11-20,2 - Albacete,PARTIDO DE INTERNET - INTERNET,0,0,Ministerio del Interior / fichero oficial aportado por el usuario,PRIMARY_INTERIOR
2011,2011-11-20,2 - Albacete,PARTIDO DE LA LIBERTAD INDIVIDUAL - P-LIB,0,0,Ministerio del Interior / fichero oficial aportado por el usuario,PRIMARY_INTERIOR
2011,2011-11-20,2 - Albacete,PARTIDO DEMOCRATICO Y CONSTITUCIONAL - PDYC,0,0,Ministerio del Interior / fichero oficial aportado por el usuario,PRIMARY_INTERIOR
2011,2011-11-20,2 - Albacete,PARTIDO DOS SOCIALISTAS DE GALICIA - PARTIDO SOCIA - PSdeG-PSOE,0,0,Ministerio del Interior / fichero oficial aportado por el usuario,PRIMARY_INTERIOR
2011,2011-11-20,2 - Albacete,PARTIDO DOS SOCIALISTAS DE GALICIA - PSOE - PSdeG-PSOE,0,0,Ministerio del Interior / fichero oficial aportado por el usuario,PRIMARY_INTERIOR
2011,2011-11-20,2 - Albacete,PARTIDO HUMANISTA - PH,0,0,Ministerio del Interior / fichero oficial aportado por el usuario,PRIMARY_INTERIOR
2011,2011-11-20,2 - Albacete,PARTIDO OBRERO SOCIALISTA INTERNACIONALISTA - P.O.S.I.,0,0,Ministerio del Interior / fichero oficial aportado por el usuario,PRIMARY_INTERIOR
2011,2011-11-20,2 - Albacete,PARTIDO OBRERO SOCIALISTA INTERNACIONALISTA - POSI,0,0,Ministerio del Interior / fichero oficial aportado por el usuario,PRIMARY_INTERIOR
2011,2011-11-20,2 - Albacete,PARTIDO PARA LA REGENERACION DE LA DEMOCRACIA EN E - P.R.D.E.,0,0,Ministerio del Interior / fichero oficial aportado por el usuario,PRIMARY_INTERIOR
2011,2011-11-20,2 - Albacete,PARTIDO PIRATA - PIRATA,0,0,Ministerio del Interior / fichero oficial aportado por el usuario,PRIMARY_INTERIOR
2011,2011-11-20,2 - Albacete,PARTIDO POPULAR - P.P.,127995,3,Ministerio del Interior / fichero oficial aportado por el usuario,PRIMARY_INTERIOR
2011,2011-11-20,2 - Albacete,PARTIDO POPULAR - PP,0,0,Ministerio del Interior / fichero oficial aportado por el usuario,PRIMARY_INTERIOR
2011,2011-11-20,2 - Albacete,PARTIDO POPULAR EN COALICIÓN CON EL PARTIDO ARAGON - PP-PAR,0,0,Ministerio del Interior / fichero oficial aportado por el usuario,PRIMARY_INTERIOR
2011,2011-11-20,2 - Albacete,PARTIDO POPULAR-EXTREMADURA UNIDA - P.P-E.U.,0,0,Ministerio del Interior / fichero oficial aportado por el usuario,PRIMARY_INTERIOR
2011,2011-11-20,2 - Albacete,PARTIDO POPULAR-EXTREMADURA UNIDA - PP-EU,0,0,Ministerio del Interior / fichero oficial aportado por el usuario,PRIMARY_INTERIOR
2011,2011-11-20,2 - Albacete,PARTIDO REGIONALISTA DE CANTABRIA - P.R.C.,0,0,Ministerio del Interior / fichero oficial aportado por el usuario,PRIMARY_INTERIOR
2011,2011-11-20,2 - Albacete,PARTIDO REGIONALISTA DEL PAIS LEONES - PREPAL,0,0,Ministerio del Interior / fichero oficial aportado por el usuario,PRIMARY_INTERIOR
2011,2011-11-20,2 - Albacete,PARTIDO REGIONALISTA POR ANDALUCIA ORIENTAL - PRAO,0,0,Ministerio del Interior / fichero oficial aportado por el usuario,PRIMARY_INTERIOR
2011,2011-11-20,2 - Albacete,PARTIDO SOCIALISTA DE EUSKADI-EUSKADIKO EZKERRA (P - PSE-EE (PSO,0,0,Ministerio del Interior / fichero oficial aportado por el usuario,PRIMARY_INTERIOR
2011,2011-11-20,2 - Albacete,PARTIDO SOCIALISTA OBRERO ESPAÑOL - P.S.O.E.,69981,1,Ministerio del Interior / fichero oficial aportado por el usuario,PRIMARY_INTERIOR
2011,2011-11-20,2 - Albacete,PARTIDO SOCIALISTA OBRERO ESPAÑOL - PSOE,0,0,Ministerio del Interior / fichero oficial aportado por el usuario,PRIMARY_INTERIOR
2011,2011-11-20,2 - Albacete,PARTIT ANIMALISTA CONTRA EL MALTRACTAMENT ANIMAL - PACMA,0,0,Ministerio del Interior / fichero oficial aportado por el usuario,PRIMARY_INTERIOR
2011,2011-11-20,2 - Albacete,PARTIT COMUNISTA DEL POBLE DE CATALUNYA - PCPC,0,0,Ministerio del Interior / fichero oficial aportado por el usuario,PRIMARY_INTERIOR
2011,2011-11-20,2 - Albacete,PARTIT COMUNISTA DELS POBLES D'ESPANYA - P.C.P.E.,0,0,Ministerio del Interior / fichero oficial aportado por el usuario,PRIMARY_INTERIOR
2011,2011-11-20,2 - Albacete,PARTIT DELS SOCIALISTES DE CATALUNYA - PSC-PSOE,0,0,Ministerio del Interior / fichero oficial aportado por el usuario,PRIMARY_INTERIOR
2011,2011-11-20,2 - Albacete,PARTIT POPULAR/PARTIDO POPULAR - P.P.,0,0,Ministerio del Interior / fichero oficial aportado por el usuario,PRIMARY_INTERIOR
2011,2011-11-20,2 - Albacete,PARTIT REPUBLICÀ D'ESQUERRA-REPUBLICANS - PRE-R,0,0,Ministerio del Interior / fichero oficial aportado por el usuario,PRIMARY_INTERIOR
2011,2011-11-20,2 - Albacete,PER UN MÓN MÉS JUST - PUM+J,0,0,Ministerio del Interior / fichero oficial aportado por el usuario,PRIMARY_INTERIOR
2011,2011-11-20,2 - Albacete,PIRATES DE CATALUNYA - PIRATA.CAT,0,0,Ministerio del Interior / fichero oficial aportado por el usuario,PRIMARY_INTERIOR
2011,2011-11-20,2 - Albacete,PLATAFORMA PER CATALUNYA - PxC,0,0,Ministerio del Interior / fichero oficial aportado por el usuario,PRIMARY_INTERIOR
2011,2011-11-20,2 - Albacete,POR UN MUNDO MÁS JUSTO - PUM+J,597,0,Ministerio del Interior / fichero oficial aportado por el usuario,PRIMARY_INTERIOR
2011,2011-11-20,2 - Albacete,PSM-INICIATIVA VERDS-ENTESA-EQUO - PSM-IV-EXM-,0,0,Ministerio del Interior / fichero oficial aportado por el usuario,PRIMARY_INTERIOR
2011,2011-11-20,2 - Albacete,REPUBLICANOS - RPS,0,0,Ministerio del Interior / fichero oficial aportado por el usuario,PRIMARY_INTERIOR
2011,2011-11-20,2 - Albacete,SOCIALISTAS POR TERUEL - SXT,0,0,Ministerio del Interior / fichero oficial aportado por el usuario,PRIMARY_INTERIOR
2011,2011-11-20,2 - Albacete,SOLIDARIDAD Y AUTOGESTION INTERNACIONALISTA - SAIn,0,0,Ministerio del Interior / fichero oficial aportado por el usuario,PRIMARY_INTERIOR
2011,2011-11-20,2 - Albacete,"SÍ SE PUEDE, SOCIALISTAS POR TENERIFE, EQUO - SSP-SxTF-EQ",0,0,Ministerio del Interior / fichero oficial aportado por el usuario,PRIMARY_INTERIOR
2011,2011-11-20,2 - Albacete,UNIDAD DEL PUEBLO - UNIDAD DEL,0,0,Ministerio del Interior / fichero oficial aportado por el usuario,PRIMARY_INTERIOR
2011,2011-11-20,2 - Albacete,UNIDAD REGIONALISTA DE CASTILLA Y LEON - U.R.C.L.,0,0,Ministerio del Interior / fichero oficial aportado por el usuario,PRIMARY_INTERIOR
2011,2011-11-20,2 - Albacete,UNIFICACIÓN COMUNISTA DE ESPAÑA - U.C.E.,0,0,Ministerio del Interior / fichero oficial aportado por el usuario,PRIMARY_INTERIOR
2011,2011-11-20,2 - Albacete,UNIFICACIÓN COMUNISTA DE ESPAÑA - UCE,0,0,Ministerio del Interior / fichero oficial aportado por el usuario,PRIMARY_INTERIOR
2011,2011-11-20,2 - Albacete,UNION DE CIUDADANOS INDEPENDIENTES DE TOLEDO - U.C.I.T.,0,0,Ministerio del Interior / fichero oficial aportado por el usuario,PRIMARY_INTERIOR
2011,2011-11-20,2 - Albacete,UNITS X VALENCIA - UxV,0,0,Ministerio del Interior / fichero oficial aportado por el usuario,PRIMARY_INTERIOR
2011,2011-11-20,2 - Albacete,UNIÓN DEL PUEBLO NAVARRO EN COALICIÓN CON EL PARTI - UPN-PP,0,0,Ministerio del Interior / fichero oficial aportado por el usuario,PRIMARY_INTERIOR
2011,2011-11-20,2 - Albacete,UNIÓN PROGRESO Y DEMOCRACIA - UPyD,11614,0,Ministerio del Interior / fichero oficial aportado por el usuario,PRIMARY_INTERIOR
2011,2011-11-20,20 - Gipuzkoa,ACCION CIUDADANA POR MALAGA - ACIMA,0,0,Ministerio del Interior / fichero oficial aportado por el usuario,PRIMARY_INTERIOR
2011,2011-11-20,20 - Gipuzkoa,ALTERNATIVA NACIONALISTA CANARIA - ANC,0,0,Ministerio del Interior / fichero oficial aportado por el usuario,PRIMARY_INTERIOR
2011,2011-11-20,20 - Gipuzkoa,AMAIUR - AMAIUR,130055,3,Ministerio del Interior / fichero oficial aportado por el usuario,PRIMARY_INTERIOR
2011,2011-11-20,20 - Gipuzkoa,ANDECHA ASTUR - ANDECHA,0,0,Ministerio del Interior / fichero oficial aportado por el usuario,PRIMARY_INTERIOR
2011,2011-11-20,20 - Gipuzkoa,ANTICAPITALISTAS - ANTICAPITAL,0,0,Ministerio del Interior / fichero oficial aportado por el usuario,PRIMARY_INTERIOR
2011,2011-11-20,20 - Gipuzkoa,ANTICAPITALISTES - ANTICAPITAL,0,0,Ministerio del Interior / fichero oficial aportado por el usuario,PRIMARY_INTERIOR
2011,2011-11-20,20 - Gipuzkoa,"BASTA YA, AGRUPACIÓN ABIERTA DE PARTIDOS POLÍTICOS - BASTA YA",0,0,Ministerio del Interior / fichero oficial aportado por el usuario,PRIMARY_INTERIOR
2011,2011-11-20,20 - Gipuzkoa,BIDEZKO MUNDURANTZ/POR UN MUNDO MAS JUSTO - PUM+J,0,0,Ministerio del Interior / fichero oficial aportado por el usuario,PRIMARY_INTERIOR
2011,2011-11-20,20 - Gipuzkoa,BIDEZKO MUNDURANTZ/POR UN MUNDO MÁS JUSTO - PU M+J,1038,0,Ministerio del Interior / fichero oficial aportado por el usuario,PRIMARY_INTERIOR
2011,2011-11-20,20 - Gipuzkoa,BLOC-INICIATIVA-VERDS-EQUO-COALICIÓ COMPROMÍS - COMPROMÍS-Q,0,0,Ministerio del Interior / fichero oficial aportado por el usuario,PRIMARY_INTERIOR
2011,2011-11-20,20 - Gipuzkoa,BLOQUE NACIONALISTA GALEGO - B.N.G.,0,0,Ministerio del Interior / fichero oficial aportado por el usuario,PRIMARY_INTERIOR
2011,2011-11-20,20 - Gipuzkoa,BLOQUE NACIONALISTA GALEGO - BNG,0,0,Ministerio del Interior / fichero oficial aportado por el usuario,PRIMARY_INTERIOR
2011,2011-11-20,20 - Gipuzkoa,CANARIAS VERDE Y ROJA: LA IZQUIERDA PLURAL - IUC-CxI,0,0,Ministerio del Interior / fichero oficial aportado por el usuario,PRIMARY_INTERIOR
2011,2011-11-20,20 - Gipuzkoa,CENTRO DEMOCRATICO LIBERAL - C.D.L.,0,0,Ministerio del Interior / fichero oficial aportado por el usuario,PRIMARY_INTERIOR
2011,2011-11-20,20 - Gipuzkoa,"CHUNTA ARAGONESISTA-IZQUIERDA UNIDA, LA IZQUIERDA - CHA-IU",0,0,Ministerio del Interior / fichero oficial aportado por el usuario,PRIMARY_INTERIOR
2011,2011-11-20,20 - Gipuzkoa,"CHUNTA ARAGONESISTA-IZQUIERDA UNIDA, La Izquierda - CHA-IU",0,0,Ministerio del Interior / fichero oficial aportado por el usuario,PRIMARY_INTERIOR
2011,2011-11-20,20 - Gipuzkoa,CIUDADANOS DE CENTRO DEMOCRÁTICO - CCD,0,0,Ministerio del Interior / fichero oficial aportado por el usuario,PRIMARY_INTERIOR
2011,2011-11-20,20 - Gipuzkoa,COALICION CABALLAS - Caballas,0,0,Ministerio del Interior / fichero oficial aportado por el usuario,PRIMARY_INTERIOR
2011,2011-11-20,20 - Gipuzkoa,COALICIÓN CANARIA-NUEVA CANARIAS - CC-NC-PNC,0,0,Ministerio del Interior / fichero oficial aportado por el usuario,PRIMARY_INTERIOR
2011,2011-11-20,20 - Gipuzkoa,CONVERGENCIA POR EXTREMADURA - CEx,0,0,Ministerio del Interior / fichero oficial aportado por el usuario,PRIMARY_INTERIOR
2011,2011-11-20,20 - Gipuzkoa,CONVERGÈNCIA I UNIÓ - CiU,0,0,Ministerio del Interior / fichero oficial aportado por el usuario,PRIMARY_INTERIOR
2011,2011-11-20,20 - Gipuzkoa,CONVERGÈNCIA i UNIÓ - CiU,0,0,Ministerio del Interior / fichero oficial aportado por el usuario,PRIMARY_INTERIOR
2011,2011-11-20,20 - Gipuzkoa,CONVERXENCIA VINTEÚN - C.XXI,0,0,Ministerio del Interior / fichero oficial aportado por el usuario,PRIMARY_INTERIOR
2011,2011-11-20,20 - Gipuzkoa,CONVERXENCIA VINTEÚN - CXXI,0,0,Ministerio del Interior / fichero oficial aportado por el usuario,PRIMARY_INTERIOR
2011,2011-11-20,20 - Gipuzkoa,DEMOCRACIA NACIONAL - D.N.,0,0,Ministerio del Interior / fichero oficial aportado por el usuario,PRIMARY_INTERIOR
2011,2011-11-20,20 - Gipuzkoa,DEMOS EL CAMBIO - DeC,0,0,Ministerio del Interior / fichero oficial aportado por el usuario,PRIMARY_INTERIOR
2011,2011-11-20,20 - Gipuzkoa,DERECHA NAVARRA Y ESPAÑOLA - DNE,0,0,Ministerio del Interior / fichero oficial aportado por el usuario,PRIMARY_INTERIOR
2011,2011-11-20,20 - Gipuzkoa,EQUO - EQUO,4390,0,Ministerio del Interior / fichero oficial aportado por el usuario,PRIMARY_INTERIOR
2011,2011-11-20,20 - Gipuzkoa,EQUO - eQuo,0,0,Ministerio del Interior / fichero oficial aportado por el usuario,PRIMARY_INTERIOR
2011,2011-11-20,20 - Gipuzkoa,ESCAÑOS EN BLANCO - Eb,0,0,Ministerio del Interior / fichero oficial aportado por el usuario,PRIMARY_INTERIOR
2011,2011-11-20,20 - Gipuzkoa,ESCAÑOS EN BLANCO/ESCONS EN BLANC - EB,0,0,Ministerio del Interior / fichero oficial aportado por el usuario,PRIMARY_INTERIOR
2011,2011-11-20,20 - Gipuzkoa,ESCONS EN BLANC - Eb,0,0,Ministerio del Interior / fichero oficial aportado por el usuario,PRIMARY_INTERIOR
2011,2011-11-20,20 - Gipuzkoa,ESPAÑA 2000 - ESPAÑA 2000,0,0,Ministerio del Interior / fichero oficial aportado por el usuario,PRIMARY_INTERIOR
2011,2011-11-20,20 - Gipuzkoa,ESQUERDA UNIDA-OS VERDES: A ESQUERDA PLURAL - EU-V,0,0,Ministerio del Interior / fichero oficial aportado por el usuario,PRIMARY_INTERIOR
2011,2011-11-20,20 - Gipuzkoa,ESQUERRA REPUBLICANA - ESQUERRA,0,0,Ministerio del Interior / fichero oficial aportado por el usuario,PRIMARY_INTERIOR
2011,2011-11-20,20 - Gipuzkoa,ESQUERRA REPUBLICANA DE CATALUNYA-CATALUNYA SÍ - ERC - RI.ca,0,0,Ministerio del Interior / fichero oficial aportado por el usuario,PRIMARY_INTERIOR
2011,2011-11-20,20 - Gipuzkoa,ESQUERRA REPUBLICANA DE CATALUNYA-CATALUNYA SÍ - ERC-RI.cat,0,0,Ministerio del Interior / fichero oficial aportado por el usuario,PRIMARY_INTERIOR
2011,2011-11-20,20 - Gipuzkoa,ESQUERRA REPUBLICANA DEL PAÍS VALENCIÀ - ERPV,0,0,Ministerio del Interior / fichero oficial aportado por el usuario,PRIMARY_INTERIOR
2011,2011-11-20,20 - Gipuzkoa,ESQUERRA UNIDA DEL PAIS VALENCIA-LOS VERDES: L'ESQ - EUPV-LV,0,0,Ministerio del Interior / fichero oficial aportado por el usuario,PRIMARY_INTERIOR
2011,2011-11-20,20 - Gipuzkoa,ESQUERRA UNIDA ILLES BALEARS: LA IZQUIERDA PLURAL - EUIB,0,0,Ministerio del Interior / fichero oficial aportado por el usuario,PRIMARY_INTERIOR
2011,2011-11-20,20 - Gipuzkoa,ESQUERRA UNIDA PAÍS VALENCIÀ-ELS VERDS: L'ESQUERRA - EUPV-EV,0,0,Ministerio del Interior / fichero oficial aportado por el usuario,PRIMARY_INTERIOR
2011,2011-11-20,20 - Gipuzkoa,EUZKO ALDERDI JELTZALEA-PARTIDO NACIONALISTA VASCO - E.A.J.-P.N.,83703,1,Ministerio del Interior / fichero oficial aportado por el usuario,PRIMARY_INTERIOR
2011,2011-11-20,20 - Gipuzkoa,EUZKO ALDERDI JELTZALEA-PARTIDO NACIONALISTA VASCO - EAJ-PNV,0,0,Ministerio del Interior / fichero oficial aportado por el usuario,PRIMARY_INTERIOR
2011,2011-11-20,20 - Gipuzkoa,FALANGE ESPAÑOLA DE LAS J.O.N.S. - FE de las J,0,0,Ministerio del Interior / fichero oficial aportado por el usuario,PRIMARY_INTERIOR
2011,2011-11-20,20 - Gipuzkoa,FAMILIA Y VIDA - PFyV,0,0,Ministerio del Interior / fichero oficial aportado por el usuario,PRIMARY_INTERIOR
2011,2011-11-20,20 - Gipuzkoa,FORO CENTRO Y DEMOCRACIA - CYD,0,0,Ministerio del Interior / fichero oficial aportado por el usuario,PRIMARY_INTERIOR
2011,2011-11-20,20 - Gipuzkoa,FORO DE CIUDADANOS - FAC,0,0,Ministerio del Interior / fichero oficial aportado por el usuario,PRIMARY_INTERIOR
2011,2011-11-20,20 - Gipuzkoa,GEROA BAI - GBAI,0,0,Ministerio del Interior / fichero oficial aportado por el usuario,PRIMARY_INTERIOR
2011,2011-11-20,20 - Gipuzkoa,HARTOS.ORG - HARTOS.ORG,0,0,Ministerio del Interior / fichero oficial aportado por el usuario,PRIMARY_INTERIOR
2011,2011-11-20,20 - Gipuzkoa,HIGIENE DEMOCRATICA - H.D.,0,0,Ministerio del Interior / fichero oficial aportado por el usuario,PRIMARY_INTERIOR
2011,2011-11-20,20 - Gipuzkoa,INICIATIVA PER CATALUNYA VERDS-ESQUERRA UNIDA I AL - ICV-EUiA,0,0,Ministerio del Interior / fichero oficial aportado por el usuario,PRIMARY_INTERIOR
2011,2011-11-20,20 - Gipuzkoa,INICIATIVA PER CATALUNYA VERDS-ESQUERRA UNIDA i AL - ICV-EUiA,0,0,Ministerio del Interior / fichero oficial aportado por el usuario,PRIMARY_INTERIOR
2011,2011-11-20,20 - Gipuzkoa,IU - LOS VERDES: LA IZQUIERDA PLURAL / EZKER ANITZ - IU-LV,0,0,Ministerio del Interior / fichero oficial aportado por el usuario,PRIMARY_INTERIOR
2011,2011-11-20,20 - Gipuzkoa,IZQUIERDA UNIDA - PARTIDO DEMOCRÁTICO Y SOCIAL DE - IU-PDSC,0,0,Ministerio del Interior / fichero oficial aportado por el usuario,PRIMARY_INTERIOR
2011,2011-11-20,20 - Gipuzkoa,IZQUIERDA UNIDA CANARIA-INICIATIVA POR EL HIERRO-L - IUC-IpH-LV,0,0,Ministerio del Interior / fichero oficial aportado por el usuario,PRIMARY_INTERIOR
2011,2011-11-20,20 - Gipuzkoa,IZQUIERDA UNIDA DE ASTURIAS-IZQUIERDA XUNIDA D'AST - IU-IX,0,0,Ministerio del Interior / fichero oficial aportado por el usuario,PRIMARY_INTERIOR
2011,2011-11-20,20 - Gipuzkoa,IZQUIERDA UNIDA DE CANTABRIA: LA IZQUIERDA PLURAL - IUC,0,0,Ministerio del Interior / fichero oficial aportado por el usuario,PRIMARY_INTERIOR
2011,2011-11-20,20 - Gipuzkoa,IZQUIERDA UNIDA DE CASTILLA Y LEON: LA IZQUIERDA P - IUCL,0,0,Ministerio del Interior / fichero oficial aportado por el usuario,PRIMARY_INTERIOR
2011,2011-11-20,20 - Gipuzkoa,IZQUIERDA UNIDA DE CASTILLA Y LEON: LA IZQUIERDA P - IUCyL,0,0,Ministerio del Interior / fichero oficial aportado por el usuario,PRIMARY_INTERIOR
2011,2011-11-20,20 - Gipuzkoa,IZQUIERDA UNIDA DE CASTILLA Y LEÓN: LA IZQUIERDA P - IU CyL,0,0,Ministerio del Interior / fichero oficial aportado por el usuario,PRIMARY_INTERIOR
2011,2011-11-20,20 - Gipuzkoa,IZQUIERDA UNIDA DE CASTILLA Y LEÓN: LA IZQUIERDA P - IUCL,0,0,Ministerio del Interior / fichero oficial aportado por el usuario,PRIMARY_INTERIOR
2011,2011-11-20,20 - Gipuzkoa,IZQUIERDA UNIDA DE CASTILLA-LA MANCHA-LOS VERDES: - IUCLM-LV,0,0,Ministerio del Interior / fichero oficial aportado por el usuario,PRIMARY_INTERIOR
2011,2011-11-20,20 - Gipuzkoa,IZQUIERDA UNIDA DE CASTILLA-LA MANCHA-LOS VERDES: - IUCM-LV,0,0,Ministerio del Interior / fichero oficial aportado por el usuario,PRIMARY_INTERIOR
2011,2011-11-20,20 - Gipuzkoa,IZQUIERDA UNIDA LOS VERDES-CONVOCATORIA POR ANDALU - IULV-CA,0,0,Ministerio del Interior / fichero oficial aportado por el usuario,PRIMARY_INTERIOR
2011,2011-11-20,20 - Gipuzkoa,IZQUIERDA UNIDA VERDES-SOCIALISTAS INDEPENDIENTES - IU-V-SIEX:,0,0,Ministerio del Interior / fichero oficial aportado por el usuario,PRIMARY_INTERIOR
2011,2011-11-20,20 - Gipuzkoa,IZQUIERDA UNIDA VERDES-SOCIALISTAS INDEPENDIENTES - IU-VERDES-S,0,0,Ministerio del Interior / fichero oficial aportado por el usuario,PRIMARY_INTERIOR
2011,2011-11-20,20 - Gipuzkoa,IZQUIERDA UNIDA-LA IZQUIERDA PLURAL - I.U.,0,0,Ministerio del Interior / fichero oficial aportado por el usuario,PRIMARY_INTERIOR
2011,2011-11-20,20 - Gipuzkoa,IZQUIERDA UNIDA-LOS VERDES: LA IZQUIERDA PLURAL - IU-LV,0,0,Ministerio del Interior / fichero oficial aportado por el usuario,PRIMARY_INTERIOR
2011,2011-11-20,20 - Gipuzkoa,IZQUIERDA UNIDA-LOS VERDES: LA IZQUIERDA PLURAL/EZ - I.U.,0,0,Ministerio del Interior / fichero oficial aportado por el usuario,PRIMARY_INTERIOR
2011,2011-11-20,20 - Gipuzkoa,IZQUIERDA UNIDA-LOS VERDES: LA IZQUIERDA PLURAL/EZ - IU-LV,12595,0,Ministerio del Interior / fichero oficial aportado por el usuario,PRIMARY_INTERIOR
2011,2011-11-20,20 - Gipuzkoa,IZQUIERDA UNIDA-VERDES DE LA REGION DE MURCIA: LA - IUV-RM,0,0,Ministerio del Interior / fichero oficial aportado por el usuario,PRIMARY_INTERIOR
2011,2011-11-20,20 - Gipuzkoa,IZQUIERDA-EZKERRA/LA IZQUIERDA PLURAL - IZQUIERDA-E,0,0,Ministerio del Interior / fichero oficial aportado por el usuario,PRIMARY_INTERIOR
2011,2011-11-20,20 - Gipuzkoa,LOS VERDES-GRUPO VERDE - LV-GV,0,0,Ministerio del Interior / fichero oficial aportado por el usuario,PRIMARY_INTERIOR
2011,2011-11-20,20 - Gipuzkoa,MUERTE AL SISTEMA - +MAS+,0,0,Ministerio del Interior / fichero oficial aportado por el usuario,PRIMARY_INTERIOR
2011,2011-11-20,20 - Gipuzkoa,PARTIDO ANDALUCISTA - P.A.,0,0,Ministerio del Interior / fichero oficial aportado por el usuario,PRIMARY_INTERIOR
2011,2011-11-20,20 - Gipuzkoa,PARTIDO ANDALUCISTA - PA,0,0,Ministerio del Interior / fichero oficial aportado por el usuario,PRIMARY_INTERIOR
2011,2011-11-20,20 - Gipuzkoa,PARTIDO ANIMALISTA CONTRA EL MALTRATO ANIMAL - PACMA,1990,0,Ministerio del Interior / fichero oficial aportado por el usuario,PRIMARY_INTERIOR
2011,2011-11-20,20 - Gipuzkoa,PARTIDO CASTELLANO - PCAS,0,0,Ministerio del Interior / fichero oficial aportado por el usuario,PRIMARY_INTERIOR
2011,2011-11-20,20 - Gipuzkoa,PARTIDO COMUNISTA DE LOS PUEBLOS DE ESPAÑA - P.C.P.E.,0,0,Ministerio del Interior / fichero oficial aportado por el usuario,PRIMARY_INTERIOR
2011,2011-11-20,20 - Gipuzkoa,PARTIDO COMUNISTA DE LOS PUEBLOS DE ESPAÑA - PCPE,0,0,Ministerio del Interior / fichero oficial aportado por el usuario,PRIMARY_INTERIOR
2011,2011-11-20,20 - Gipuzkoa,PARTIDO DE CASTILLA Y LEÓN - PCAL,0,0,Ministerio del Interior / fichero oficial aportado por el usuario,PRIMARY_INTERIOR
2011,2011-11-20,20 - Gipuzkoa,PARTIDO DE INTERNET - INTERNET,0,0,Ministerio del Interior / fichero oficial aportado por el usuario,PRIMARY_INTERIOR
2011,2011-11-20,20 - Gipuzkoa,PARTIDO DE LA LIBERTAD INDIVIDUAL - P-LIB,0,0,Ministerio del Interior / fichero oficial aportado por el usuario,PRIMARY_INTERIOR
2011,2011-11-20,20 - Gipuzkoa,PARTIDO DEMOCRATICO Y CONSTITUCIONAL - PDYC,0,0,Ministerio del Interior / fichero oficial aportado por el usuario,PRIMARY_INTERIOR
2011,2011-11-20,20 - Gipuzkoa,PARTIDO DOS SOCIALISTAS DE GALICIA - PARTIDO SOCIA - PSdeG-PSOE,0,0,Ministerio del Interior / fichero oficial aportado por el usuario,PRIMARY_INTERIOR
2011,2011-11-20,20 - Gipuzkoa,PARTIDO DOS SOCIALISTAS DE GALICIA - PSOE - PSdeG-PSOE,0,0,Ministerio del Interior / fichero oficial aportado por el usuario,PRIMARY_INTERIOR
2011,2011-11-20,20 - Gipuzkoa,PARTIDO HUMANISTA - PH,0,0,Ministerio del Interior / fichero oficial aportado por el usuario,PRIMARY_INTERIOR
2011,2011-11-20,20 - Gipuzkoa,PARTIDO OBRERO SOCIALISTA INTERNACIONALISTA - P.O.S.I.,0,0,Ministerio del Interior / fichero oficial aportado por el usuario,PRIMARY_INTERIOR
2011,2011-11-20,20 - Gipuzkoa,PARTIDO OBRERO SOCIALISTA INTERNACIONALISTA - POSI,0,0,Ministerio del Interior / fichero oficial aportado por el usuario,PRIMARY_INTERIOR
2011,2011-11-20,20 - Gipuzkoa,PARTIDO PARA LA REGENERACION DE LA DEMOCRACIA EN E - P.R.D.E.,0,0,Ministerio del Interior / fichero oficial aportado por el usuario,PRIMARY_INTERIOR
2011,2011-11-20,20 - Gipuzkoa,PARTIDO PIRATA - PIRATA,0,0,Ministerio del Interior / fichero oficial aportado por el usuario,PRIMARY_INTERIOR
2011,2011-11-20,20 - Gipuzkoa,PARTIDO POPULAR - P.P.,0,0,Ministerio del Interior / fichero oficial aportado por el usuario,PRIMARY_INTERIOR
2011,2011-11-20,20 - Gipuzkoa,PARTIDO POPULAR - PP,51362,1,Ministerio del Interior / fichero oficial aportado por el usuario,PRIMARY_INTERIOR
2011,2011-11-20,20 - Gipuzkoa,PARTIDO POPULAR EN COALICIÓN CON EL PARTIDO ARAGON - PP-PAR,0,0,Ministerio del Interior / fichero oficial aportado por el usuario,PRIMARY_INTERIOR
2011,2011-11-20,20 - Gipuzkoa,PARTIDO POPULAR-EXTREMADURA UNIDA - P.P-E.U.,0,0,Ministerio del Interior / fichero oficial aportado por el usuario,PRIMARY_INTERIOR
2011,2011-11-20,20 - Gipuzkoa,PARTIDO POPULAR-EXTREMADURA UNIDA - PP-EU,0,0,Ministerio del Interior / fichero oficial aportado por el usuario,PRIMARY_INTERIOR
2011,2011-11-20,20 - Gipuzkoa,PARTIDO REGIONALISTA DE CANTABRIA - P.R.C.,0,0,Ministerio del Interior / fichero oficial aportado por el usuario,PRIMARY_INTERIOR
2011,2011-11-20,20 - Gipuzkoa,PARTIDO REGIONALISTA DEL PAIS LEONES - PREPAL,0,0,Ministerio del Interior / fichero oficial aportado por el usuario,PRIMARY_INTERIOR
2011,2011-11-20,20 - Gipuzkoa,PARTIDO REGIONALISTA POR ANDALUCIA ORIENTAL - PRAO,0,0,Ministerio del Interior / fichero oficial aportado por el usuario,PRIMARY_INTERIOR
2011,2011-11-20,20 - Gipuzkoa,PARTIDO SOCIALISTA DE EUSKADI-EUSKADIKO EZKERRA (P - PSE-EE (PSO,78462,1,Ministerio del Interior / fichero oficial aportado por el usuario,PRIMARY_INTERIOR
2011,2011-11-20,20 - Gipuzkoa,PARTIDO SOCIALISTA OBRERO ESPAÑOL - P.S.O.E.,0,0,Ministerio del Interior / fichero oficial aportado por el usuario,PRIMARY_INTERIOR
2011,2011-11-20,20 - Gipuzkoa,PARTIDO SOCIALISTA OBRERO ESPAÑOL - PSOE,0,0,Ministerio del Interior / fichero oficial aportado por el usuario,PRIMARY_INTERIOR
2011,2011-11-20,20 - Gipuzkoa,PARTIT ANIMALISTA CONTRA EL MALTRACTAMENT ANIMAL - PACMA,0,0,Ministerio del Interior / fichero oficial aportado por el usuario,PRIMARY_INTERIOR
2011,2011-11-20,20 - Gipuzkoa,PARTIT COMUNISTA DEL POBLE DE CATALUNYA - PCPC,0,0,Ministerio del Interior / fichero oficial aportado por el usuario,PRIMARY_INTERIOR
2011,2011-11-20,20 - Gipuzkoa,PARTIT COMUNISTA DELS POBLES D'ESPANYA - P.C.P.E.,0,0,Ministerio del Interior / fichero oficial aportado por el usuario,PRIMARY_INTERIOR
2011,2011-11-20,20 - Gipuzkoa,PARTIT DELS SOCIALISTES DE CATALUNYA - PSC-PSOE,0,0,Ministerio del Interior / fichero oficial aportado por el usuario,PRIMARY_INTERIOR
2011,2011-11-20,20 - Gipuzkoa,PARTIT POPULAR/PARTIDO POPULAR - P.P.,0,0,Ministerio del Interior / fichero oficial aportado por el usuario,PRIMARY_INTERIOR
2011,2011-11-20,20 - Gipuzkoa,PARTIT REPUBLICÀ D'ESQUERRA-REPUBLICANS - PRE-R,0,0,Ministerio del Interior / fichero oficial aportado por el usuario,PRIMARY_INTERIOR
2011,2011-11-20,20 - Gipuzkoa,PER UN MÓN MÉS JUST - PUM+J,0,0,Ministerio del Interior / fichero oficial aportado por el usuario,PRIMARY_INTERIOR
2011,2011-11-20,20 - Gipuzkoa,PIRATES DE CATALUNYA - PIRATA.CAT,0,0,Ministerio del Interior / fichero oficial aportado por el usuario,PRIMARY_INTERIOR
2011,2011-11-20,20 - Gipuzkoa,PLATAFORMA PER CATALUNYA - PxC,0,0,Ministerio del Interior / fichero oficial aportado por el usuario,PRIMARY_INTERIOR
2011,2011-11-20,20 - Gipuzkoa,POR UN MUNDO MÁS JUSTO - PUM+J,0,0,Ministerio del Interior / fichero oficial aportado por el usuario,PRIMARY_INTERIOR
2011,2011-11-20,20 - Gipuzkoa,PSM-INICIATIVA VERDS-ENTESA-EQUO - PSM-IV-EXM-,0,0,Ministerio del Interior / fichero oficial aportado por el usuario,PRIMARY_INTERIOR
2011,2011-11-20,20 - Gipuzkoa,REPUBLICANOS - RPS,0,0,Ministerio del Interior / fichero oficial aportado por el usuario,PRIMARY_INTERIOR
2011,2011-11-20,20 - Gipuzkoa,SOCIALISTAS POR TERUEL - SXT,0,0,Ministerio del Interior / fichero oficial aportado por el usuario,PRIMARY_INTERIOR
2011,2011-11-20,20 - Gipuzkoa,SOLIDARIDAD Y AUTOGESTION INTERNACIONALISTA - SAIn,0,0,Ministerio del Interior / fichero oficial aportado por el usuario,PRIMARY_INTERIOR
2011,2011-11-20,20 - Gipuzkoa,"SÍ SE PUEDE, SOCIALISTAS POR TENERIFE, EQUO - SSP-SxTF-EQ",0,0,Ministerio del Interior / fichero oficial aportado por el usuario,PRIMARY_INTERIOR
2011,2011-11-20,20 - Gipuzkoa,UNIDAD DEL PUEBLO - UNIDAD DEL,0,0,Ministerio del Interior / fichero oficial aportado por el usuario,PRIMARY_INTERIOR
2011,2011-11-20,20 - Gipuzkoa,UNIDAD REGIONALISTA DE CASTILLA Y LEON - U.R.C.L.,0,0,Ministerio del Interior / fichero oficial aportado por el usuario,PRIMARY_INTERIOR
2011,2011-11-20,20 - Gipuzkoa,UNIFICACIÓN COMUNISTA DE ESPAÑA - U.C.E.,399,0,Ministerio del Interior / fichero oficial aportado por el usuario,PRIMARY_INTERIOR
2011,2011-11-20,20 - Gipuzkoa,UNIFICACIÓN COMUNISTA DE ESPAÑA - UCE,0,0,Ministerio del Interior / fichero oficial aportado por el usuario,PRIMARY_INTERIOR
2011,2011-11-20,20 - Gipuzkoa,UNION DE CIUDADANOS INDEPENDIENTES DE TOLEDO - U.C.I.T.,0,0,Ministerio del Interior / fichero oficial aportado por el usuario,PRIMARY_INTERIOR
2011,2011-11-20,20 - Gipuzkoa,UNITS X VALENCIA - UxV,0,0,Ministerio del Interior / fichero oficial aportado por el usuario,PRIMARY_INTERIOR
2011,2011-11-20,20 - Gipuzkoa,UNIÓN DEL PUEBLO NAVARRO EN COALICIÓN CON EL PARTI - UPN-PP,0,0,Ministerio del Interior / fichero oficial aportado por el usuario,PRIMARY_INTERIOR
2011,2011-11-20,20 - Gipuzkoa,UNIÓN PROGRESO Y DEMOCRACIA - UPyD,5734,0,Ministerio del Interior / fichero oficial aportado por el usuario,PRIMARY_INTERIOR
2011,2011-11-20,21 - Huelva,ACCION CIUDADANA POR MALAGA - ACIMA,0,0,Ministerio del Interior / fichero oficial aportado por el usuario,PRIMARY_INTERIOR
2011,2011-11-20,21 - Huelva,ALTERNATIVA NACIONALISTA CANARIA - ANC,0,0,Ministerio del Interior / fichero oficial aportado por el usuario,PRIMARY_INTERIOR
2011,2011-11-20,21 - Huelva,AMAIUR - AMAIUR,0,0,Ministerio del Interior / fichero oficial aportado por el usuario,PRIMARY_INTERIOR
2011,2011-11-20,21 - Huelva,ANDECHA ASTUR - ANDECHA,0,0,Ministerio del Interior / fichero oficial aportado por el usuario,PRIMARY_INTERIOR
2011,2011-11-20,21 - Huelva,ANTICAPITALISTAS - ANTICAPITAL,0,0,Ministerio del Interior / fichero oficial aportado por el usuario,PRIMARY_INTERIOR
2011,2011-11-20,21 - Huelva,ANTICAPITALISTES - ANTICAPITAL,0,0,Ministerio del Interior / fichero oficial aportado por el usuario,PRIMARY_INTERIOR
2011,2011-11-20,21 - Huelva,"BASTA YA, AGRUPACIÓN ABIERTA DE PARTIDOS POLÍTICOS - BASTA YA",0,0,Ministerio del Interior / fichero oficial aportado por el usuario,PRIMARY_INTERIOR
2011,2011-11-20,21 - Huelva,BIDEZKO MUNDURANTZ/POR UN MUNDO MAS JUSTO - PUM+J,0,0,Ministerio del Interior / fichero oficial aportado por el usuario,PRIMARY_INTERIOR
2011,2011-11-20,21 - Huelva,BIDEZKO MUNDURANTZ/POR UN MUNDO MÁS JUSTO - PU M+J,0,0,Ministerio del Interior / fichero oficial aportado por el usuario,PRIMARY_INTERIOR
2011,2011-11-20,21 - Huelva,BLOC-INICIATIVA-VERDS-EQUO-COALICIÓ COMPROMÍS - COMPROMÍS-Q,0,0,Ministerio del Interior / fichero oficial aportado por el usuario,PRIMARY_INTERIOR
2011,2011-11-20,21 - Huelva,BLOQUE NACIONALISTA GALEGO - B.N.G.,0,0,Ministerio del Interior / fichero oficial aportado por el usuario,PRIMARY_INTERIOR
2011,2011-11-20,21 - Huelva,BLOQUE NACIONALISTA GALEGO - BNG,0,0,Ministerio del Interior / fichero oficial aportado por el usuario,PRIMARY_INTERIOR
2011,2011-11-20,21 - Huelva,CANARIAS VERDE Y ROJA: LA IZQUIERDA PLURAL - IUC-CxI,0,0,Ministerio del Interior / fichero oficial aportado por el usuario,PRIMARY_INTERIOR
2011,2011-11-20,21 - Huelva,CENTRO DEMOCRATICO LIBERAL - C.D.L.,0,0,Ministerio del Interior / fichero oficial aportado por el usuario,PRIMARY_INTERIOR
2011,2011-11-20,21 - Huelva,"CHUNTA ARAGONESISTA-IZQUIERDA UNIDA, LA IZQUIERDA - CHA-IU",0,0,Ministerio del Interior / fichero oficial aportado por el usuario,PRIMARY_INTERIOR
2011,2011-11-20,21 - Huelva,"CHUNTA ARAGONESISTA-IZQUIERDA UNIDA, La Izquierda - CHA-IU",0,0,Ministerio del Interior / fichero oficial aportado por el usuario,PRIMARY_INTERIOR
2011,2011-11-20,21 - Huelva,CIUDADANOS DE CENTRO DEMOCRÁTICO - CCD,0,0,Ministerio del Interior / fichero oficial aportado por el usuario,PRIMARY_INTERIOR
2011,2011-11-20,21 - Huelva,COALICION CABALLAS - Caballas,0,0,Ministerio del Interior / fichero oficial aportado por el usuario,PRIMARY_INTERIOR
2011,2011-11-20,21 - Huelva,COALICIÓN CANARIA-NUEVA CANARIAS - CC-NC-PNC,0,0,Ministerio del Interior / fichero oficial aportado por el usuario,PRIMARY_INTERIOR
2011,2011-11-20,21 - Huelva,CONVERGENCIA POR EXTREMADURA - CEx,0,0,Ministerio del Interior / fichero oficial aportado por el usuario,PRIMARY_INTERIOR
2011,2011-11-20,21 - Huelva,CONVERGÈNCIA I UNIÓ - CiU,0,0,Ministerio del Interior / fichero oficial aportado por el usuario,PRIMARY_INTERIOR
2011,2011-11-20,21 - Huelva,CONVERGÈNCIA i UNIÓ - CiU,0,0,Ministerio del Interior / fichero oficial aportado por el usuario,PRIMARY_INTERIOR
2011,2011-11-20,21 - Huelva,CONVERXENCIA VINTEÚN - C.XXI,0,0,Ministerio del Interior / fichero oficial aportado por el usuario,PRIMARY_INTERIOR
2011,2011-11-20,21 - Huelva,CONVERXENCIA VINTEÚN - CXXI,0,0,Ministerio del Interior / fichero oficial aportado por el usuario,PRIMARY_INTERIOR
2011,2011-11-20,21 - Huelva,DEMOCRACIA NACIONAL - D.N.,296,0,Ministerio del Interior / fichero oficial aportado por el usuario,PRIMARY_INTERIOR
2011,2011-11-20,21 - Huelva,DEMOS EL CAMBIO - DeC,0,0,Ministerio del Interior / fichero oficial aportado por el usuario,PRIMARY_INTERIOR
2011,2011-11-20,21 - Huelva,DERECHA NAVARRA Y ESPAÑOLA - DNE,0,0,Ministerio del Interior / fichero oficial aportado por el usuario,PRIMARY_INTERIOR
2011,2011-11-20,21 - Huelva,EQUO - EQUO,2001,0,Ministerio del Interior / fichero oficial aportado por el usuario,PRIMARY_INTERIOR
2011,2011-11-20,21 - Huelva,EQUO - eQuo,0,0,Ministerio del Interior / fichero oficial aportado por el usuario,PRIMARY_INTERIOR
2011,2011-11-20,21 - Huelva,ESCAÑOS EN BLANCO - Eb,917,0,Ministerio del Interior / fichero oficial aportado por el usuario,PRIMARY_INTERIOR
2011,2011-11-20,21 - Huelva,ESCAÑOS EN BLANCO/ESCONS EN BLANC - EB,0,0,Ministerio del Interior / fichero oficial aportado por el usuario,PRIMARY_INTERIOR
2011,2011-11-20,21 - Huelva,ESCONS EN BLANC - Eb,0,0,Ministerio del Interior / fichero oficial aportado por el usuario,PRIMARY_INTERIOR
2011,2011-11-20,21 - Huelva,ESPAÑA 2000 - ESPAÑA 2000,0,0,Ministerio del Interior / fichero oficial aportado por el usuario,PRIMARY_INTERIOR
2011,2011-11-20,21 - Huelva,ESQUERDA UNIDA-OS VERDES: A ESQUERDA PLURAL - EU-V,0,0,Ministerio del Interior / fichero oficial aportado por el usuario,PRIMARY_INTERIOR
2011,2011-11-20,21 - Huelva,ESQUERRA REPUBLICANA - ESQUERRA,0,0,Ministerio del Interior / fichero oficial aportado por el usuario,PRIMARY_INTERIOR
2011,2011-11-20,21 - Huelva,ESQUERRA REPUBLICANA DE CATALUNYA-CATALUNYA SÍ - ERC - RI.ca,0,0,Ministerio del Interior / fichero oficial aportado por el usuario,PRIMARY_INTERIOR
2011,2011-11-20,21 - Huelva,ESQUERRA REPUBLICANA DE CATALUNYA-CATALUNYA SÍ - ERC-RI.cat,0,0,Ministerio del Interior / fichero oficial aportado por el usuario,PRIMARY_INTERIOR
2011,2011-11-20,21 - Huelva,ESQUERRA REPUBLICANA DEL PAÍS VALENCIÀ - ERPV,0,0,Ministerio del Interior / fichero oficial aportado por el usuario,PRIMARY_INTERIOR
2011,2011-11-20,21 - Huelva,ESQUERRA UNIDA DEL PAIS VALENCIA-LOS VERDES: L'ESQ - EUPV-LV,0,0,Ministerio del Interior / fichero oficial aportado por el usuario,PRIMARY_INTERIOR
2011,2011-11-20,21 - Huelva,ESQUERRA UNIDA ILLES BALEARS: LA IZQUIERDA PLURAL - EUIB,0,0,Ministerio del Interior / fichero oficial aportado por el usuario,PRIMARY_INTERIOR
2011,2011-11-20,21 - Huelva,ESQUERRA UNIDA PAÍS VALENCIÀ-ELS VERDS: L'ESQUERRA - EUPV-EV,0,0,Ministerio del Interior / fichero oficial aportado por el usuario,PRIMARY_INTERIOR
2011,2011-11-20,21 - Huelva,EUZKO ALDERDI JELTZALEA-PARTIDO NACIONALISTA VASCO - E.A.J.-P.N.,0,0,Ministerio del Interior / fichero oficial aportado por el usuario,PRIMARY_INTERIOR
2011,2011-11-20,21 - Huelva,EUZKO ALDERDI JELTZALEA-PARTIDO NACIONALISTA VASCO - EAJ-PNV,0,0,Ministerio del Interior / fichero oficial aportado por el usuario,PRIMARY_INTERIOR
2011,2011-11-20,21 - Huelva,FALANGE ESPAÑOLA DE LAS J.O.N.S. - FE de las J,0,0,Ministerio del Interior / fichero oficial aportado por el usuario,PRIMARY_INTERIOR
2011,2011-11-20,21 - Huelva,FAMILIA Y VIDA - PFyV,0,0,Ministerio del Interior / fichero oficial aportado por el usuario,PRIMARY_INTERIOR
2011,2011-11-20,21 - Huelva,FORO CENTRO Y DEMOCRACIA - CYD,0,0,Ministerio del Interior / fichero oficial aportado por el usuario,PRIMARY_INTERIOR
2011,2011-11-20,21 - Huelva,FORO DE CIUDADANOS - FAC,0,0,Ministerio del Interior / fichero oficial aportado por el usuario,PRIMARY_INTERIOR
2011,2011-11-20,21 - Huelva,GEROA BAI - GBAI,0,0,Ministerio del Interior / fichero oficial aportado por el usuario,PRIMARY_INTERIOR
2011,2011-11-20,21 - Huelva,HARTOS.ORG - HARTOS.ORG,0,0,Ministerio del Interior / fichero oficial aportado por el usuario,PRIMARY_INTERIOR
2011,2011-11-20,21 - Huelva,HIGIENE DEMOCRATICA - H.D.,0,0,Ministerio del Interior / fichero oficial aportado por el usuario,PRIMARY_INTERIOR
2011,2011-11-20,21 - Huelva,INICIATIVA PER CATALUNYA VERDS-ESQUERRA UNIDA I AL - ICV-EUiA,0,0,Ministerio del Interior / fichero oficial aportado por el usuario,PRIMARY_INTERIOR
2011,2011-11-20,21 - Huelva,INICIATIVA PER CATALUNYA VERDS-ESQUERRA UNIDA i AL - ICV-EUiA,0,0,Ministerio del Interior / fichero oficial aportado por el usuario,PRIMARY_INTERIOR
2011,2011-11-20,21 - Huelva,IU - LOS VERDES: LA IZQUIERDA PLURAL / EZKER ANITZ - IU-LV,0,0,Ministerio del Interior / fichero oficial aportado por el usuario,PRIMARY_INTERIOR
2011,2011-11-20,21 - Huelva,IZQUIERDA UNIDA - PARTIDO DEMOCRÁTICO Y SOCIAL DE - IU-PDSC,0,0,Ministerio del Interior / fichero oficial aportado por el usuario,PRIMARY_INTERIOR
2011,2011-11-20,21 - Huelva,IZQUIERDA UNIDA CANARIA-INICIATIVA POR EL HIERRO-L - IUC-IpH-LV,0,0,Ministerio del Interior / fichero oficial aportado por el usuario,PRIMARY_INTERIOR
2011,2011-11-20,21 - Huelva,IZQUIERDA UNIDA DE ASTURIAS-IZQUIERDA XUNIDA D'AST - IU-IX,0,0,Ministerio del Interior / fichero oficial aportado por el usuario,PRIMARY_INTERIOR
2011,2011-11-20,21 - Huelva,IZQUIERDA UNIDA DE CANTABRIA: LA IZQUIERDA PLURAL - IUC,0,0,Ministerio del Interior / fichero oficial aportado por el usuario,PRIMARY_INTERIOR
2011,2011-11-20,21 - Huelva,IZQUIERDA UNIDA DE CASTILLA Y LEON: LA IZQUIERDA P - IUCL,0,0,Ministerio del Interior / fichero oficial aportado por el usuario,PRIMARY_INTERIOR
2011,2011-11-20,21 - Huelva,IZQUIERDA UNIDA DE CASTILLA Y LEON: LA IZQUIERDA P - IUCyL,0,0,Ministerio del Interior / fichero oficial aportado por el usuario,PRIMARY_INTERIOR
2011,2011-11-20,21 - Huelva,IZQUIERDA UNIDA DE CASTILLA Y LEÓN: LA IZQUIERDA P - IU CyL,0,0,Ministerio del Interior / fichero oficial aportado por el usuario,PRIMARY_INTERIOR
2011,2011-11-20,21 - Huelva,IZQUIERDA UNIDA DE CASTILLA Y LEÓN: LA IZQUIERDA P - IUCL,0,0,Ministerio del Interior / fichero oficial aportado por el usuario,PRIMARY_INTERIOR
2011,2011-11-20,21 - Huelva,IZQUIERDA UNIDA DE CASTILLA-LA MANCHA-LOS VERDES: - IUCLM-LV,0,0,Ministerio del Interior / fichero oficial aportado por el usuario,PRIMARY_INTERIOR
2011,2011-11-20,21 - Huelva,IZQUIERDA UNIDA DE CASTILLA-LA MANCHA-LOS VERDES: - IUCM-LV,0,0,Ministerio del Interior / fichero oficial aportado por el usuario,PRIMARY_INTERIOR
2011,2011-11-20,21 - Huelva,IZQUIERDA UNIDA LOS VERDES-CONVOCATORIA POR ANDALU - IULV-CA,18532,0,Ministerio del Interior / fichero oficial aportado por el usuario,PRIMARY_INTERIOR
2011,2011-11-20,21 - Huelva,IZQUIERDA UNIDA VERDES-SOCIALISTAS INDEPENDIENTES - IU-V-SIEX:,0,0,Ministerio del Interior / fichero oficial aportado por el usuario,PRIMARY_INTERIOR
2011,2011-11-20,21 - Huelva,IZQUIERDA UNIDA VERDES-SOCIALISTAS INDEPENDIENTES - IU-VERDES-S,0,0,Ministerio del Interior / fichero oficial aportado por el usuario,PRIMARY_INTERIOR
2011,2011-11-20,21 - Huelva,IZQUIERDA UNIDA-LA IZQUIERDA PLURAL - I.U.,0,0,Ministerio del Interior / fichero oficial aportado por el usuario,PRIMARY_INTERIOR
2011,2011-11-20,21 - Huelva,IZQUIERDA UNIDA-LOS VERDES: LA IZQUIERDA PLURAL - IU-LV,0,0,Ministerio del Interior / fichero oficial aportado por el usuario,PRIMARY_INTERIOR
2011,2011-11-20,21 - Huelva,IZQUIERDA UNIDA-LOS VERDES: LA IZQUIERDA PLURAL/EZ - I.U.,0,0,Ministerio del Interior / fichero oficial aportado por el usuario,PRIMARY_INTERIOR
2011,2011-11-20,21 - Huelva,IZQUIERDA UNIDA-LOS VERDES: LA IZQUIERDA PLURAL/EZ - IU-LV,0,0,Ministerio del Interior / fichero oficial aportado por el usuario,PRIMARY_INTERIOR
2011,2011-11-20,21 - Huelva,IZQUIERDA UNIDA-VERDES DE LA REGION DE MURCIA: LA - IUV-RM,0,0,Ministerio del Interior / fichero oficial aportado por el usuario,PRIMARY_INTERIOR
2011,2011-11-20,21 - Huelva,IZQUIERDA-EZKERRA/LA IZQUIERDA PLURAL - IZQUIERDA-E,0,0,Ministerio del Interior / fichero oficial aportado por el usuario,PRIMARY_INTERIOR
2011,2011-11-20,21 - Huelva,LOS VERDES-GRUPO VERDE - LV-GV,0,0,Ministerio del Interior / fichero oficial aportado por el usuario,PRIMARY_INTERIOR
2011,2011-11-20,21 - Huelva,MUERTE AL SISTEMA - +MAS+,0,0,Ministerio del Interior / fichero oficial aportado por el usuario,PRIMARY_INTERIOR
2011,2011-11-20,21 - Huelva,PARTIDO ANDALUCISTA - P.A.,0,0,Ministerio del Interior / fichero oficial aportado por el usuario,PRIMARY_INTERIOR
2011,2011-11-20,21 - Huelva,PARTIDO ANDALUCISTA - PA,4992,0,Ministerio del Interior / fichero oficial aportado por el usuario,PRIMARY_INTERIOR
2011,2011-11-20,21 - Huelva,PARTIDO ANIMALISTA CONTRA EL MALTRATO ANIMAL - PACMA,821,0,Ministerio del Interior / fichero oficial aportado por el usuario,PRIMARY_INTERIOR
2011,2011-11-20,21 - Huelva,PARTIDO CASTELLANO - PCAS,0,0,Ministerio del Interior / fichero oficial aportado por el usuario,PRIMARY_INTERIOR
2011,2011-11-20,21 - Huelva,PARTIDO COMUNISTA DE LOS PUEBLOS DE ESPAÑA - P.C.P.E.,0,0,Ministerio del Interior / fichero oficial aportado por el usuario,PRIMARY_INTERIOR
2011,2011-11-20,21 - Huelva,PARTIDO COMUNISTA DE LOS PUEBLOS DE ESPAÑA - PCPE,444,0,Ministerio del Interior / fichero oficial aportado por el usuario,PRIMARY_INTERIOR
2011,2011-11-20,21 - Huelva,PARTIDO DE CASTILLA Y LEÓN - PCAL,0,0,Ministerio del Interior / fichero oficial aportado por el usuario,PRIMARY_INTERIOR
2011,2011-11-20,21 - Huelva,PARTIDO DE INTERNET - INTERNET,0,0,Ministerio del Interior / fichero oficial aportado por el usuario,PRIMARY_INTERIOR
2011,2011-11-20,21 - Huelva,PARTIDO DE LA LIBERTAD INDIVIDUAL - P-LIB,0,0,Ministerio del Interior / fichero oficial aportado por el usuario,PRIMARY_INTERIOR
2011,2011-11-20,21 - Huelva,PARTIDO DEMOCRATICO Y CONSTITUCIONAL - PDYC,0,0,Ministerio del Interior / fichero oficial aportado por el usuario,PRIMARY_INTERIOR
2011,2011-11-20,21 - Huelva,PARTIDO DOS SOCIALISTAS DE GALICIA - PARTIDO SOCIA - PSdeG-PSOE,0,0,Ministerio del Interior / fichero oficial aportado por el usuario,PRIMARY_INTERIOR
2011,2011-11-20,21 - Huelva,PARTIDO DOS SOCIALISTAS DE GALICIA - PSOE - PSdeG-PSOE,0,0,Ministerio del Interior / fichero oficial aportado por el usuario,PRIMARY_INTERIOR
2011,2011-11-20,21 - Huelva,PARTIDO HUMANISTA - PH,0,0,Ministerio del Interior / fichero oficial aportado por el usuario,PRIMARY_INTERIOR
2011,2011-11-20,21 - Huelva,PARTIDO OBRERO SOCIALISTA INTERNACIONALISTA - P.O.S.I.,0,0,Ministerio del Interior / fichero oficial aportado por el usuario,PRIMARY_INTERIOR
2011,2011-11-20,21 - Huelva,PARTIDO OBRERO SOCIALISTA INTERNACIONALISTA - POSI,0,0,Ministerio del Interior / fichero oficial aportado por el usuario,PRIMARY_INTERIOR
2011,2011-11-20,21 - Huelva,PARTIDO PARA LA REGENERACION DE LA DEMOCRACIA EN E - P.R.D.E.,0,0,Ministerio del Interior / fichero oficial aportado por el usuario,PRIMARY_INTERIOR
2011,2011-11-20,21 - Huelva,PARTIDO PIRATA - PIRATA,0,0,Ministerio del Interior / fichero oficial aportado por el usuario,PRIMARY_INTERIOR
2011,2011-11-20,21 - Huelva,PARTIDO POPULAR - P.P.,115651,3,Ministerio del Interior / fichero oficial aportado por el usuario,PRIMARY_INTERIOR
2011,2011-11-20,21 - Huelva,PARTIDO POPULAR - PP,0,0,Ministerio del Interior / fichero oficial aportado por el usuario,PRIMARY_INTERIOR
2011,2011-11-20,21 - Huelva,PARTIDO POPULAR EN COALICIÓN CON EL PARTIDO ARAGON - PP-PAR,0,0,Ministerio del Interior / fichero oficial aportado por el usuario,PRIMARY_INTERIOR
2011,2011-11-20,21 - Huelva,PARTIDO POPULAR-EXTREMADURA UNIDA - P.P-E.U.,0,0,Ministerio del Interior / fichero oficial aportado por el usuario,PRIMARY_INTERIOR
2011,2011-11-20,21 - Huelva,PARTIDO POPULAR-EXTREMADURA UNIDA - PP-EU,0,0,Ministerio del Interior / fichero oficial aportado por el usuario,PRIMARY_INTERIOR
2011,2011-11-20,21 - Huelva,PARTIDO REGIONALISTA DE CANTABRIA - P.R.C.,0,0,Ministerio del Interior / fichero oficial aportado por el usuario,PRIMARY_INTERIOR
2011,2011-11-20,21 - Huelva,PARTIDO REGIONALISTA DEL PAIS LEONES - PREPAL,0,0,Ministerio del Interior / fichero oficial aportado por el usuario,PRIMARY_INTERIOR
2011,2011-11-20,21 - Huelva,PARTIDO REGIONALISTA POR ANDALUCIA ORIENTAL - PRAO,0,0,Ministerio del Interior / fichero oficial aportado por el usuario,PRIMARY_INTERIOR
2011,2011-11-20,21 - Huelva,PARTIDO SOCIALISTA DE EUSKADI-EUSKADIKO EZKERRA (P - PSE-EE (PSO,0,0,Ministerio del Interior / fichero oficial aportado por el usuario,PRIMARY_INTERIOR
2011,2011-11-20,21 - Huelva,PARTIDO SOCIALISTA OBRERO ESPAÑOL - P.S.O.E.,0,0,Ministerio del Interior / fichero oficial aportado por el usuario,PRIMARY_INTERIOR
2011,2011-11-20,21 - Huelva,PARTIDO SOCIALISTA OBRERO ESPAÑOL - PSOE,106835,2,Ministerio del Interior / fichero oficial aportado por el usuario,PRIMARY_INTERIOR
2011,2011-11-20,21 - Huelva,PARTIT ANIMALISTA CONTRA EL MALTRACTAMENT ANIMAL - PACMA,0,0,Ministerio del Interior / fichero oficial aportado por el usuario,PRIMARY_INTERIOR
2011,2011-11-20,21 - Huelva,PARTIT COMUNISTA DEL POBLE DE CATALUNYA - PCPC,0,0,Ministerio del Interior / fichero oficial aportado por el usuario,PRIMARY_INTERIOR
2011,2011-11-20,21 - Huelva,PARTIT COMUNISTA DELS POBLES D'ESPANYA - P.C.P.E.,0,0,Ministerio del Interior / fichero oficial aportado por el usuario,PRIMARY_INTERIOR
2011,2011-11-20,21 - Huelva,PARTIT DELS SOCIALISTES DE CATALUNYA - PSC-PSOE,0,0,Ministerio del Interior / fichero oficial aportado por el usuario,PRIMARY_INTERIOR
2011,2011-11-20,21 - Huelva,PARTIT POPULAR/PARTIDO POPULAR - P.P.,0,0,Ministerio del Interior / fichero oficial aportado por el usuario,PRIMARY_INTERIOR
2011,2011-11-20,21 - Huelva,PARTIT REPUBLICÀ D'ESQUERRA-REPUBLICANS - PRE-R,0,0,Ministerio del Interior / fichero oficial aportado por el usuario,PRIMARY_INTERIOR
2011,2011-11-20,21 - Huelva,PER UN MÓN MÉS JUST - PUM+J,0,0,Ministerio del Interior / fichero oficial aportado por el usuario,PRIMARY_INTERIOR
2011,2011-11-20,21 - Huelva,PIRATES DE CATALUNYA - PIRATA.CAT,0,0,Ministerio del Interior / fichero oficial aportado por el usuario,PRIMARY_INTERIOR
2011,2011-11-20,21 - Huelva,PLATAFORMA PER CATALUNYA - PxC,0,0,Ministerio del Interior / fichero oficial aportado por el usuario,PRIMARY_INTERIOR
2011,2011-11-20,21 - Huelva,POR UN MUNDO MÁS JUSTO - PUM+J,309,0,Ministerio del Interior / fichero oficial aportado por el usuario,PRIMARY_INTERIOR
2011,2011-11-20,21 - Huelva,PSM-INICIATIVA VERDS-ENTESA-EQUO - PSM-IV-EXM-,0,0,Ministerio del Interior / fichero oficial aportado por el usuario,PRIMARY_INTERIOR
2011,2011-11-20,21 - Huelva,REPUBLICANOS - RPS,249,0,Ministerio del Interior / fichero oficial aportado por el usuario,PRIMARY_INTERIOR
2011,2011-11-20,21 - Huelva,SOCIALISTAS POR TERUEL - SXT,0,0,Ministerio del Interior / fichero oficial aportado por el usuario,PRIMARY_INTERIOR
2011,2011-11-20,21 - Huelva,SOLIDARIDAD Y AUTOGESTION INTERNACIONALISTA - SAIn,0,0,Ministerio del Interior / fichero oficial aportado por el usuario,PRIMARY_INTERIOR
2011,2011-11-20,21 - Huelva,"SÍ SE PUEDE, SOCIALISTAS POR TENERIFE, EQUO - SSP-SxTF-EQ",0,0,Ministerio del Interior / fichero oficial aportado por el usuario,PRIMARY_INTERIOR
2011,2011-11-20,21 - Huelva,UNIDAD DEL PUEBLO - UNIDAD DEL,0,0,Ministerio del Interior / fichero oficial aportado por el usuario,PRIMARY_INTERIOR
2011,2011-11-20,21 - Huelva,UNIDAD REGIONALISTA DE CASTILLA Y LEON - U.R.C.L.,0,0,Ministerio del Interior / fichero oficial aportado por el usuario,PRIMARY_INTERIOR
2011,2011-11-20,21 - Huelva,UNIFICACIÓN COMUNISTA DE ESPAÑA - U.C.E.,0,0,Ministerio del Interior / fichero oficial aportado por el usuario,PRIMARY_INTERIOR
2011,2011-11-20,21 - Huelva,UNIFICACIÓN COMUNISTA DE ESPAÑA - UCE,0,0,Ministerio del Interior / fichero oficial aportado por el usuario,PRIMARY_INTERIOR
2011,2011-11-20,21 - Huelva,UNION DE CIUDADANOS INDEPENDIENTES DE TOLEDO - U.C.I.T.,0,0,Ministerio del Interior / fichero oficial aportado por el usuario,PRIMARY_INTERIOR
2011,2011-11-20,21 - Huelva,UNITS X VALENCIA - UxV,0,0,Ministerio del Interior / fichero oficial aportado por el usuario,PRIMARY_INTERIOR
2011,2011-11-20,21 - Huelva,UNIÓN DEL PUEBLO NAVARRO EN COALICIÓN CON EL PARTI - UPN-PP,0,0,Ministerio del Interior / fichero oficial aportado por el usuario,PRIMARY_INTERIOR
2011,2011-11-20,21 - Huelva,UNIÓN PROGRESO Y DEMOCRACIA - UPyD,9048,0,Ministerio del Interior / fichero oficial aportado por el usuario,PRIMARY_INTERIOR
2011,2011-11-20,22 - Huesca,ACCION CIUDADANA POR MALAGA - ACIMA,0,0,Ministerio del Interior / fichero oficial aportado por el usuario,PRIMARY_INTERIOR
2011,2011-11-20,22 - Huesca,ALTERNATIVA NACIONALISTA CANARIA - ANC,0,0,Ministerio del Interior / fichero oficial aportado por el usuario,PRIMARY_INTERIOR
2011,2011-11-20,22 - Huesca,AMAIUR - AMAIUR,0,0,Ministerio del Interior / fichero oficial aportado por el usuario,PRIMARY_INTERIOR
2011,2011-11-20,22 - Huesca,ANDECHA ASTUR - ANDECHA,0,0,Ministerio del Interior / fichero oficial aportado por el usuario,PRIMARY_INTERIOR
2011,2011-11-20,22 - Huesca,ANTICAPITALISTAS - ANTICAPITAL,0,0,Ministerio del Interior / fichero oficial aportado por el usuario,PRIMARY_INTERIOR
2011,2011-11-20,22 - Huesca,ANTICAPITALISTES - ANTICAPITAL,0,0,Ministerio del Interior / fichero oficial aportado por el usuario,PRIMARY_INTERIOR
2011,2011-11-20,22 - Huesca,"BASTA YA, AGRUPACIÓN ABIERTA DE PARTIDOS POLÍTICOS - BASTA YA",0,0,Ministerio del Interior / fichero oficial aportado por el usuario,PRIMARY_INTERIOR
2011,2011-11-20,22 - Huesca,BIDEZKO MUNDURANTZ/POR UN MUNDO MAS JUSTO - PUM+J,0,0,Ministerio del Interior / fichero oficial aportado por el usuario,PRIMARY_INTERIOR
2011,2011-11-20,22 - Huesca,BIDEZKO MUNDURANTZ/POR UN MUNDO MÁS JUSTO - PU M+J,0,0,Ministerio del Interior / fichero oficial aportado por el usuario,PRIMARY_INTERIOR
2011,2011-11-20,22 - Huesca,BLOC-INICIATIVA-VERDS-EQUO-COALICIÓ COMPROMÍS - COMPROMÍS-Q,0,0,Ministerio del Interior / fichero oficial aportado por el usuario,PRIMARY_INTERIOR
2011,2011-11-20,22 - Huesca,BLOQUE NACIONALISTA GALEGO - B.N.G.,0,0,Ministerio del Interior / fichero oficial aportado por el usuario,PRIMARY_INTERIOR
2011,2011-11-20,22 - Huesca,BLOQUE NACIONALISTA GALEGO - BNG,0,0,Ministerio del Interior / fichero oficial aportado por el usuario,PRIMARY_INTERIOR
2011,2011-11-20,22 - Huesca,CANARIAS VERDE Y ROJA: LA IZQUIERDA PLURAL - IUC-CxI,0,0,Ministerio del Interior / fichero oficial aportado por el usuario,PRIMARY_INTERIOR
2011,2011-11-20,22 - Huesca,CENTRO DEMOCRATICO LIBERAL - C.D.L.,0,0,Ministerio del Interior / fichero oficial aportado por el usuario,PRIMARY_INTERIOR
2011,2011-11-20,22 - Huesca,"CHUNTA ARAGONESISTA-IZQUIERDA UNIDA, LA IZQUIERDA - CHA-IU",9937,0,Ministerio del Interior / fichero oficial aportado por el usuario,PRIMARY_INTERIOR
2011,2011-11-20,22 - Huesca,"CHUNTA ARAGONESISTA-IZQUIERDA UNIDA, La Izquierda - CHA-IU",0,0,Ministerio del Interior / fichero oficial aportado por el usuario,PRIMARY_INTERIOR
2011,2011-11-20,22 - Huesca,CIUDADANOS DE CENTRO DEMOCRÁTICO - CCD,0,0,Ministerio del Interior / fichero oficial aportado por el usuario,PRIMARY_INTERIOR
2011,2011-11-20,22 - Huesca,COALICION CABALLAS - Caballas,0,0,Ministerio del Interior / fichero oficial aportado por el usuario,PRIMARY_INTERIOR
2011,2011-11-20,22 - Huesca,COALICIÓN CANARIA-NUEVA CANARIAS - CC-NC-PNC,0,0,Ministerio del Interior / fichero oficial aportado por el usuario,PRIMARY_INTERIOR
2011,2011-11-20,22 - Huesca,CONVERGENCIA POR EXTREMADURA - CEx,0,0,Ministerio del Interior / fichero oficial aportado por el usuario,PRIMARY_INTERIOR
2011,2011-11-20,22 - Huesca,CONVERGÈNCIA I UNIÓ - CiU,0,0,Ministerio del Interior / fichero oficial aportado por el usuario,PRIMARY_INTERIOR
2011,2011-11-20,22 - Huesca,CONVERGÈNCIA i UNIÓ - CiU,0,0,Ministerio del Interior / fichero oficial aportado por el usuario,PRIMARY_INTERIOR
2011,2011-11-20,22 - Huesca,CONVERXENCIA VINTEÚN - C.XXI,0,0,Ministerio del Interior / fichero oficial aportado por el usuario,PRIMARY_INTERIOR
2011,2011-11-20,22 - Huesca,CONVERXENCIA VINTEÚN - CXXI,0,0,Ministerio del Interior / fichero oficial aportado por el usuario,PRIMARY_INTERIOR
2011,2011-11-20,22 - Huesca,DEMOCRACIA NACIONAL - D.N.,0,0,Ministerio del Interior / fichero oficial aportado por el usuario,PRIMARY_INTERIOR
2011,2011-11-20,22 - Huesca,DEMOS EL CAMBIO - DeC,0,0,Ministerio del Interior / fichero oficial aportado por el usuario,PRIMARY_INTERIOR
2011,2011-11-20,22 - Huesca,DERECHA NAVARRA Y ESPAÑOLA - DNE,0,0,Ministerio del Interior / fichero oficial aportado por el usuario,PRIMARY_INTERIOR
2011,2011-11-20,22 - Huesca,EQUO - EQUO,1471,0,Ministerio del Interior / fichero oficial aportado por el usuario,PRIMARY_INTERIOR
2011,2011-11-20,22 - Huesca,EQUO - eQuo,0,0,Ministerio del Interior / fichero oficial aportado por el usuario,PRIMARY_INTERIOR
2011,2011-11-20,22 - Huesca,ESCAÑOS EN BLANCO - Eb,0,0,Ministerio del Interior / fichero oficial aportado por el usuario,PRIMARY_INTERIOR
2011,2011-11-20,22 - Huesca,ESCAÑOS EN BLANCO/ESCONS EN BLANC - EB,0,0,Ministerio del Interior / fichero oficial aportado por el usuario,PRIMARY_INTERIOR
2011,2011-11-20,22 - Huesca,ESCONS EN BLANC - Eb,0,0,Ministerio del Interior / fichero oficial aportado por el usuario,PRIMARY_INTERIOR
2011,2011-11-20,22 - Huesca,ESPAÑA 2000 - ESPAÑA 2000,0,0,Ministerio del Interior / fichero oficial aportado por el usuario,PRIMARY_INTERIOR
2011,2011-11-20,22 - Huesca,ESQUERDA UNIDA-OS VERDES: A ESQUERDA PLURAL - EU-V,0,0,Ministerio del Interior / fichero oficial aportado por el usuario,PRIMARY_INTERIOR
2011,2011-11-20,22 - Huesca,ESQUERRA REPUBLICANA - ESQUERRA,0,0,Ministerio del Interior / fichero oficial aportado por el usuario,PRIMARY_INTERIOR
2011,2011-11-20,22 - Huesca,ESQUERRA REPUBLICANA DE CATALUNYA-CATALUNYA SÍ - ERC - RI.ca,0,0,Ministerio del Interior / fichero oficial aportado por el usuario,PRIMARY_INTERIOR
2011,2011-11-20,22 - Huesca,ESQUERRA REPUBLICANA DE CATALUNYA-CATALUNYA SÍ - ERC-RI.cat,0,0,Ministerio del Interior / fichero oficial aportado por el usuario,PRIMARY_INTERIOR
2011,2011-11-20,22 - Huesca,ESQUERRA REPUBLICANA DEL PAÍS VALENCIÀ - ERPV,0,0,Ministerio del Interior / fichero oficial aportado por el usuario,PRIMARY_INTERIOR
2011,2011-11-20,22 - Huesca,ESQUERRA UNIDA DEL PAIS VALENCIA-LOS VERDES: L'ESQ - EUPV-LV,0,0,Ministerio del Interior / fichero oficial aportado por el usuario,PRIMARY_INTERIOR
2011,2011-11-20,22 - Huesca,ESQUERRA UNIDA ILLES BALEARS: LA IZQUIERDA PLURAL - EUIB,0,0,Ministerio del Interior / fichero oficial aportado por el usuario,PRIMARY_INTERIOR
2011,2011-11-20,22 - Huesca,ESQUERRA UNIDA PAÍS VALENCIÀ-ELS VERDS: L'ESQUERRA - EUPV-EV,0,0,Ministerio del Interior / fichero oficial aportado por el usuario,PRIMARY_INTERIOR
2011,2011-11-20,22 - Huesca,EUZKO ALDERDI JELTZALEA-PARTIDO NACIONALISTA VASCO - E.A.J.-P.N.,0,0,Ministerio del Interior / fichero oficial aportado por el usuario,PRIMARY_INTERIOR
2011,2011-11-20,22 - Huesca,EUZKO ALDERDI JELTZALEA-PARTIDO NACIONALISTA VASCO - EAJ-PNV,0,0,Ministerio del Interior / fichero oficial aportado por el usuario,PRIMARY_INTERIOR
2011,2011-11-20,22 - Huesca,FALANGE ESPAÑOLA DE LAS J.O.N.S. - FE de las J,0,0,Ministerio del Interior / fichero oficial aportado por el usuario,PRIMARY_INTERIOR
2011,2011-11-20,22 - Huesca,FAMILIA Y VIDA - PFyV,0,0,Ministerio del Interior / fichero oficial aportado por el usuario,PRIMARY_INTERIOR
2011,2011-11-20,22 - Huesca,FORO CENTRO Y DEMOCRACIA - CYD,0,0,Ministerio del Interior / fichero oficial aportado por el usuario,PRIMARY_INTERIOR
2011,2011-11-20,22 - Huesca,FORO DE CIUDADANOS - FAC,0,0,Ministerio del Interior / fichero oficial aportado por el usuario,PRIMARY_INTERIOR
2011,2011-11-20,22 - Huesca,GEROA BAI - GBAI,0,0,Ministerio del Interior / fichero oficial aportado por el usuario,PRIMARY_INTERIOR
2011,2011-11-20,22 - Huesca,HARTOS.ORG - HARTOS.ORG,0,0,Ministerio del Interior / fichero oficial aportado por el usuario,PRIMARY_INTERIOR
2011,2011-11-20,22 - Huesca,HIGIENE DEMOCRATICA - H.D.,0,0,Ministerio del Interior / fichero oficial aportado por el usuario,PRIMARY_INTERIOR
2011,2011-11-20,22 - Huesca,INICIATIVA PER CATALUNYA VERDS-ESQUERRA UNIDA I AL - ICV-EUiA,0,0,Ministerio del Interior / fichero oficial aportado por el usuario,PRIMARY_INTERIOR
2011,2011-11-20,22 - Huesca,INICIATIVA PER CATALUNYA VERDS-ESQUERRA UNIDA i AL - ICV-EUiA,0,0,Ministerio del Interior / fichero oficial aportado por el usuario,PRIMARY_INTERIOR
2011,2011-11-20,22 - Huesca,IU - LOS VERDES: LA IZQUIERDA PLURAL / EZKER ANITZ - IU-LV,0,0,Ministerio del Interior / fichero oficial aportado por el usuario,PRIMARY_INTERIOR
2011,2011-11-20,22 - Huesca,IZQUIERDA UNIDA - PARTIDO DEMOCRÁTICO Y SOCIAL DE - IU-PDSC,0,0,Ministerio del Interior / fichero oficial aportado por el usuario,PRIMARY_INTERIOR
2011,2011-11-20,22 - Huesca,IZQUIERDA UNIDA CANARIA-INICIATIVA POR EL HIERRO-L - IUC-IpH-LV,0,0,Ministerio del Interior / fichero oficial aportado por el usuario,PRIMARY_INTERIOR
2011,2011-11-20,22 - Huesca,IZQUIERDA UNIDA DE ASTURIAS-IZQUIERDA XUNIDA D'AST - IU-IX,0,0,Ministerio del Interior / fichero oficial aportado por el usuario,PRIMARY_INTERIOR
2011,2011-11-20,22 - Huesca,IZQUIERDA UNIDA DE CANTABRIA: LA IZQUIERDA PLURAL - IUC,0,0,Ministerio del Interior / fichero oficial aportado por el usuario,PRIMARY_INTERIOR
2011,2011-11-20,22 - Huesca,IZQUIERDA UNIDA DE CASTILLA Y LEON: LA IZQUIERDA P - IUCL,0,0,Ministerio del Interior / fichero oficial aportado por el usuario,PRIMARY_INTERIOR
2011,2011-11-20,22 - Huesca,IZQUIERDA UNIDA DE CASTILLA Y LEON: LA IZQUIERDA P - IUCyL,0,0,Ministerio del Interior / fichero oficial aportado por el usuario,PRIMARY_INTERIOR
2011,2011-11-20,22 - Huesca,IZQUIERDA UNIDA DE CASTILLA Y LEÓN: LA IZQUIERDA P - IU CyL,0,0,Ministerio del Interior / fichero oficial aportado por el usuario,PRIMARY_INTERIOR
2011,2011-11-20,22 - Huesca,IZQUIERDA UNIDA DE CASTILLA Y LEÓN: LA IZQUIERDA P - IUCL,0,0,Ministerio del Interior / fichero oficial aportado por el usuario,PRIMARY_INTERIOR
2011,2011-11-20,22 - Huesca,IZQUIERDA UNIDA DE CASTILLA-LA MANCHA-LOS VERDES: - IUCLM-LV,0,0,Ministerio del Interior / fichero oficial aportado por el usuario,PRIMARY_INTERIOR
2011,2011-11-20,22 - Huesca,IZQUIERDA UNIDA DE CASTILLA-LA MANCHA-LOS VERDES: - IUCM-LV,0,0,Ministerio del Interior / fichero oficial aportado por el usuario,PRIMARY_INTERIOR
2011,2011-11-20,22 - Huesca,IZQUIERDA UNIDA LOS VERDES-CONVOCATORIA POR ANDALU - IULV-CA,0,0,Ministerio del Interior / fichero oficial aportado por el usuario,PRIMARY_INTERIOR
2011,2011-11-20,22 - Huesca,IZQUIERDA UNIDA VERDES-SOCIALISTAS INDEPENDIENTES - IU-V-SIEX:,0,0,Ministerio del Interior / fichero oficial aportado por el usuario,PRIMARY_INTERIOR
2011,2011-11-20,22 - Huesca,IZQUIERDA UNIDA VERDES-SOCIALISTAS INDEPENDIENTES - IU-VERDES-S,0,0,Ministerio del Interior / fichero oficial aportado por el usuario,PRIMARY_INTERIOR
2011,2011-11-20,22 - Huesca,IZQUIERDA UNIDA-LA IZQUIERDA PLURAL - I.U.,0,0,Ministerio del Interior / fichero oficial aportado por el usuario,PRIMARY_INTERIOR
2011,2011-11-20,22 - Huesca,IZQUIERDA UNIDA-LOS VERDES: LA IZQUIERDA PLURAL - IU-LV,0,0,Ministerio del Interior / fichero oficial aportado por el usuario,PRIMARY_INTERIOR
2011,2011-11-20,22 - Huesca,IZQUIERDA UNIDA-LOS VERDES: LA IZQUIERDA PLURAL/EZ - I.U.,0,0,Ministerio del Interior / fichero oficial aportado por el usuario,PRIMARY_INTERIOR
2011,2011-11-20,22 - Huesca,IZQUIERDA UNIDA-LOS VERDES: LA IZQUIERDA PLURAL/EZ - IU-LV,0,0,Ministerio del Interior / fichero oficial aportado por el usuario,PRIMARY_INTERIOR
2011,2011-11-20,22 - Huesca,IZQUIERDA UNIDA-VERDES DE LA REGION DE MURCIA: LA - IUV-RM,0,0,Ministerio del Interior / fichero oficial aportado por el usuario,PRIMARY_INTERIOR
2011,2011-11-20,22 - Huesca,IZQUIERDA-EZKERRA/LA IZQUIERDA PLURAL - IZQUIERDA-E,0,0,Ministerio del Interior / fichero oficial aportado por el usuario,PRIMARY_INTERIOR
2011,2011-11-20,22 - Huesca,LOS VERDES-GRUPO VERDE - LV-GV,0,0,Ministerio del Interior / fichero oficial aportado por el usuario,PRIMARY_INTERIOR
2011,2011-11-20,22 - Huesca,MUERTE AL SISTEMA - +MAS+,0,0,Ministerio del Interior / fichero oficial aportado por el usuario,PRIMARY_INTERIOR
2011,2011-11-20,22 - Huesca,PARTIDO ANDALUCISTA - P.A.,0,0,Ministerio del Interior / fichero oficial aportado por el usuario,PRIMARY_INTERIOR
2011,2011-11-20,22 - Huesca,PARTIDO ANDALUCISTA - PA,0,0,Ministerio del Interior / fichero oficial aportado por el usuario,PRIMARY_INTERIOR
2011,2011-11-20,22 - Huesca,PARTIDO ANIMALISTA CONTRA EL MALTRATO ANIMAL - PACMA,558,0,Ministerio del Interior / fichero oficial aportado por el usuario,PRIMARY_INTERIOR
2011,2011-11-20,22 - Huesca,PARTIDO CASTELLANO - PCAS,0,0,Ministerio del Interior / fichero oficial aportado por el usuario,PRIMARY_INTERIOR
2011,2011-11-20,22 - Huesca,PARTIDO COMUNISTA DE LOS PUEBLOS DE ESPAÑA - P.C.P.E.,354,0,Ministerio del Interior / fichero oficial aportado por el usuario,PRIMARY_INTERIOR
2011,2011-11-20,22 - Huesca,PARTIDO COMUNISTA DE LOS PUEBLOS DE ESPAÑA - PCPE,0,0,Ministerio del Interior / fichero oficial aportado por el usuario,PRIMARY_INTERIOR
2011,2011-11-20,22 - Huesca,PARTIDO DE CASTILLA Y LEÓN - PCAL,0,0,Ministerio del Interior / fichero oficial aportado por el usuario,PRIMARY_INTERIOR
2011,2011-11-20,22 - Huesca,PARTIDO DE INTERNET - INTERNET,0,0,Ministerio del Interior / fichero oficial aportado por el usuario,PRIMARY_INTERIOR
2011,2011-11-20,22 - Huesca,PARTIDO DE LA LIBERTAD INDIVIDUAL - P-LIB,0,0,Ministerio del Interior / fichero oficial aportado por el usuario,PRIMARY_INTERIOR
2011,2011-11-20,22 - Huesca,PARTIDO DEMOCRATICO Y CONSTITUCIONAL - PDYC,0,0,Ministerio del Interior / fichero oficial aportado por el usuario,PRIMARY_INTERIOR
2011,2011-11-20,22 - Huesca,PARTIDO DOS SOCIALISTAS DE GALICIA - PARTIDO SOCIA - PSdeG-PSOE,0,0,Ministerio del Interior / fichero oficial aportado por el usuario,PRIMARY_INTERIOR
2011,2011-11-20,22 - Huesca,PARTIDO DOS SOCIALISTAS DE GALICIA - PSOE - PSdeG-PSOE,0,0,Ministerio del Interior / fichero oficial aportado por el usuario,PRIMARY_INTERIOR
2011,2011-11-20,22 - Huesca,PARTIDO HUMANISTA - PH,0,0,Ministerio del Interior / fichero oficial aportado por el usuario,PRIMARY_INTERIOR
2011,2011-11-20,22 - Huesca,PARTIDO OBRERO SOCIALISTA INTERNACIONALISTA - P.O.S.I.,0,0,Ministerio del Interior / fichero oficial aportado por el usuario,PRIMARY_INTERIOR
2011,2011-11-20,22 - Huesca,PARTIDO OBRERO SOCIALISTA INTERNACIONALISTA - POSI,0,0,Ministerio del Interior / fichero oficial aportado por el usuario,PRIMARY_INTERIOR
2011,2011-11-20,22 - Huesca,PARTIDO PARA LA REGENERACION DE LA DEMOCRACIA EN E - P.R.D.E.,0,0,Ministerio del Interior / fichero oficial aportado por el usuario,PRIMARY_INTERIOR
2011,2011-11-20,22 - Huesca,PARTIDO PIRATA - PIRATA,403,0,Ministerio del Interior / fichero oficial aportado por el usuario,PRIMARY_INTERIOR
2011,2011-11-20,22 - Huesca,PARTIDO POPULAR - P.P.,0,0,Ministerio del Interior / fichero oficial aportado por el usuario,PRIMARY_INTERIOR
2011,2011-11-20,22 - Huesca,PARTIDO POPULAR - PP,0,0,Ministerio del Interior / fichero oficial aportado por el usuario,PRIMARY_INTERIOR
2011,2011-11-20,22 - Huesca,PARTIDO POPULAR EN COALICIÓN CON EL PARTIDO ARAGON - PP-PAR,58435,2,Ministerio del Interior / fichero oficial aportado por el usuario,PRIMARY_INTERIOR
2011,2011-11-20,22 - Huesca,PARTIDO POPULAR-EXTREMADURA UNIDA - P.P-E.U.,0,0,Ministerio del Interior / fichero oficial aportado por el usuario,PRIMARY_INTERIOR
2011,2011-11-20,22 - Huesca,PARTIDO POPULAR-EXTREMADURA UNIDA - PP-EU,0,0,Ministerio del Interior / fichero oficial aportado por el usuario,PRIMARY_INTERIOR
2011,2011-11-20,22 - Huesca,PARTIDO REGIONALISTA DE CANTABRIA - P.R.C.,0,0,Ministerio del Interior / fichero oficial aportado por el usuario,PRIMARY_INTERIOR
2011,2011-11-20,22 - Huesca,PARTIDO REGIONALISTA DEL PAIS LEONES - PREPAL,0,0,Ministerio del Interior / fichero oficial aportado por el usuario,PRIMARY_INTERIOR
2011,2011-11-20,22 - Huesca,PARTIDO REGIONALISTA POR ANDALUCIA ORIENTAL - PRAO,0,0,Ministerio del Interior / fichero oficial aportado por el usuario,PRIMARY_INTERIOR
2011,2011-11-20,22 - Huesca,PARTIDO SOCIALISTA DE EUSKADI-EUSKADIKO EZKERRA (P - PSE-EE (PSO,0,0,Ministerio del Interior / fichero oficial aportado por el usuario,PRIMARY_INTERIOR
2011,2011-11-20,22 - Huesca,PARTIDO SOCIALISTA OBRERO ESPAÑOL - P.S.O.E.,40721,1,Ministerio del Interior / fichero oficial aportado por el usuario,PRIMARY_INTERIOR
2011,2011-11-20,22 - Huesca,PARTIDO SOCIALISTA OBRERO ESPAÑOL - PSOE,0,0,Ministerio del Interior / fichero oficial aportado por el usuario,PRIMARY_INTERIOR
2011,2011-11-20,22 - Huesca,PARTIT ANIMALISTA CONTRA EL MALTRACTAMENT ANIMAL - PACMA,0,0,Ministerio del Interior / fichero oficial aportado por el usuario,PRIMARY_INTERIOR
2011,2011-11-20,22 - Huesca,PARTIT COMUNISTA DEL POBLE DE CATALUNYA - PCPC,0,0,Ministerio del Interior / fichero oficial aportado por el usuario,PRIMARY_INTERIOR
2011,2011-11-20,22 - Huesca,PARTIT COMUNISTA DELS POBLES D'ESPANYA - P.C.P.E.,0,0,Ministerio del Interior / fichero oficial aportado por el usuario,PRIMARY_INTERIOR
2011,2011-11-20,22 - Huesca,PARTIT DELS SOCIALISTES DE CATALUNYA - PSC-PSOE,0,0,Ministerio del Interior / fichero oficial aportado por el usuario,PRIMARY_INTERIOR
2011,2011-11-20,22 - Huesca,PARTIT POPULAR/PARTIDO POPULAR - P.P.,0,0,Ministerio del Interior / fichero oficial aportado por el usuario,PRIMARY_INTERIOR
2011,2011-11-20,22 - Huesca,PARTIT REPUBLICÀ D'ESQUERRA-REPUBLICANS - PRE-R,0,0,Ministerio del Interior / fichero oficial aportado por el usuario,PRIMARY_INTERIOR
2011,2011-11-20,22 - Huesca,PER UN MÓN MÉS JUST - PUM+J,0,0,Ministerio del Interior / fichero oficial aportado por el usuario,PRIMARY_INTERIOR
2011,2011-11-20,22 - Huesca,PIRATES DE CATALUNYA - PIRATA.CAT,0,0,Ministerio del Interior / fichero oficial aportado por el usuario,PRIMARY_INTERIOR
2011,2011-11-20,22 - Huesca,PLATAFORMA PER CATALUNYA - PxC,0,0,Ministerio del Interior / fichero oficial aportado por el usuario,PRIMARY_INTERIOR
2011,2011-11-20,22 - Huesca,POR UN MUNDO MÁS JUSTO - PUM+J,286,0,Ministerio del Interior / fichero oficial aportado por el usuario,PRIMARY_INTERIOR
2011,2011-11-20,22 - Huesca,PSM-INICIATIVA VERDS-ENTESA-EQUO - PSM-IV-EXM-,0,0,Ministerio del Interior / fichero oficial aportado por el usuario,PRIMARY_INTERIOR
2011,2011-11-20,22 - Huesca,REPUBLICANOS - RPS,0,0,Ministerio del Interior / fichero oficial aportado por el usuario,PRIMARY_INTERIOR
2011,2011-11-20,22 - Huesca,SOCIALISTAS POR TERUEL - SXT,0,0,Ministerio del Interior / fichero oficial aportado por el usuario,PRIMARY_INTERIOR
2011,2011-11-20,22 - Huesca,SOLIDARIDAD Y AUTOGESTION INTERNACIONALISTA - SAIn,0,0,Ministerio del Interior / fichero oficial aportado por el usuario,PRIMARY_INTERIOR
2011,2011-11-20,22 - Huesca,"SÍ SE PUEDE, SOCIALISTAS POR TENERIFE, EQUO - SSP-SxTF-EQ",0,0,Ministerio del Interior / fichero oficial aportado por el usuario,PRIMARY_INTERIOR
2011,2011-11-20,22 - Huesca,UNIDAD DEL PUEBLO - UNIDAD DEL,0,0,Ministerio del Interior / fichero oficial aportado por el usuario,PRIMARY_INTERIOR
2011,2011-11-20,22 - Huesca,UNIDAD REGIONALISTA DE CASTILLA Y LEON - U.R.C.L.,0,0,Ministerio del Interior / fichero oficial aportado por el usuario,PRIMARY_INTERIOR
2011,2011-11-20,22 - Huesca,UNIFICACIÓN COMUNISTA DE ESPAÑA - U.C.E.,107,0,Ministerio del Interior / fichero oficial aportado por el usuario,PRIMARY_INTERIOR
2011,2011-11-20,22 - Huesca,UNIFICACIÓN COMUNISTA DE ESPAÑA - UCE,0,0,Ministerio del Interior / fichero oficial aportado por el usuario,PRIMARY_INTERIOR
2011,2011-11-20,22 - Huesca,UNION DE CIUDADANOS INDEPENDIENTES DE TOLEDO - U.C.I.T.,0,0,Ministerio del Interior / fichero oficial aportado por el usuario,PRIMARY_INTERIOR
2011,2011-11-20,22 - Huesca,UNITS X VALENCIA - UxV,0,0,Ministerio del Interior / fichero oficial aportado por el usuario,PRIMARY_INTERIOR
2011,2011-11-20,22 - Huesca,UNIÓN DEL PUEBLO NAVARRO EN COALICIÓN CON EL PARTI - UPN-PP,0,0,Ministerio del Interior / fichero oficial aportado por el usuario,PRIMARY_INTERIOR
2011,2011-11-20,22 - Huesca,UNIÓN PROGRESO Y DEMOCRACIA - UPyD,5408,0,Ministerio del Interior / fichero oficial aportado por el usuario,PRIMARY_INTERIOR
2011,2011-11-20,23 - Jaén,ACCION CIUDADANA POR MALAGA - ACIMA,0,0,Ministerio del Interior / fichero oficial aportado por el usuario,PRIMARY_INTERIOR
2011,2011-11-20,23 - Jaén,ALTERNATIVA NACIONALISTA CANARIA - ANC,0,0,Ministerio del Interior / fichero oficial aportado por el usuario,PRIMARY_INTERIOR
2011,2011-11-20,23 - Jaén,AMAIUR - AMAIUR,0,0,Ministerio del Interior / fichero oficial aportado por el usuario,PRIMARY_INTERIOR
2011,2011-11-20,23 - Jaén,ANDECHA ASTUR - ANDECHA,0,0,Ministerio del Interior / fichero oficial aportado por el usuario,PRIMARY_INTERIOR
2011,2011-11-20,23 - Jaén,ANTICAPITALISTAS - ANTICAPITAL,0,0,Ministerio del Interior / fichero oficial aportado por el usuario,PRIMARY_INTERIOR
2011,2011-11-20,23 - Jaén,ANTICAPITALISTES - ANTICAPITAL,0,0,Ministerio del Interior / fichero oficial aportado por el usuario,PRIMARY_INTERIOR
2011,2011-11-20,23 - Jaén,"BASTA YA, AGRUPACIÓN ABIERTA DE PARTIDOS POLÍTICOS - BASTA YA",0,0,Ministerio del Interior / fichero oficial aportado por el usuario,PRIMARY_INTERIOR
2011,2011-11-20,23 - Jaén,BIDEZKO MUNDURANTZ/POR UN MUNDO MAS JUSTO - PUM+J,0,0,Ministerio del Interior / fichero oficial aportado por el usuario,PRIMARY_INTERIOR
2011,2011-11-20,23 - Jaén,BIDEZKO MUNDURANTZ/POR UN MUNDO MÁS JUSTO - PU M+J,0,0,Ministerio del Interior / fichero oficial aportado por el usuario,PRIMARY_INTERIOR
2011,2011-11-20,23 - Jaén,BLOC-INICIATIVA-VERDS-EQUO-COALICIÓ COMPROMÍS - COMPROMÍS-Q,0,0,Ministerio del Interior / fichero oficial aportado por el usuario,PRIMARY_INTERIOR
2011,2011-11-20,23 - Jaén,BLOQUE NACIONALISTA GALEGO - B.N.G.,0,0,Ministerio del Interior / fichero oficial aportado por el usuario,PRIMARY_INTERIOR
2011,2011-11-20,23 - Jaén,BLOQUE NACIONALISTA GALEGO - BNG,0,0,Ministerio del Interior / fichero oficial aportado por el usuario,PRIMARY_INTERIOR
2011,2011-11-20,23 - Jaén,CANARIAS VERDE Y ROJA: LA IZQUIERDA PLURAL - IUC-CxI,0,0,Ministerio del Interior / fichero oficial aportado por el usuario,PRIMARY_INTERIOR
2011,2011-11-20,23 - Jaén,CENTRO DEMOCRATICO LIBERAL - C.D.L.,0,0,Ministerio del Interior / fichero oficial aportado por el usuario,PRIMARY_INTERIOR
2011,2011-11-20,23 - Jaén,"CHUNTA ARAGONESISTA-IZQUIERDA UNIDA, LA IZQUIERDA - CHA-IU",0,0,Ministerio del Interior / fichero oficial aportado por el usuario,PRIMARY_INTERIOR
2011,2011-11-20,23 - Jaén,"CHUNTA ARAGONESISTA-IZQUIERDA UNIDA, La Izquierda - CHA-IU",0,0,Ministerio del Interior / fichero oficial aportado por el usuario,PRIMARY_INTERIOR
2011,2011-11-20,23 - Jaén,CIUDADANOS DE CENTRO DEMOCRÁTICO - CCD,0,0,Ministerio del Interior / fichero oficial aportado por el usuario,PRIMARY_INTERIOR
2011,2011-11-20,23 - Jaén,COALICION CABALLAS - Caballas,0,0,Ministerio del Interior / fichero oficial aportado por el usuario,PRIMARY_INTERIOR
2011,2011-11-20,23 - Jaén,COALICIÓN CANARIA-NUEVA CANARIAS - CC-NC-PNC,0,0,Ministerio del Interior / fichero oficial aportado por el usuario,PRIMARY_INTERIOR
2011,2011-11-20,23 - Jaén,CONVERGENCIA POR EXTREMADURA - CEx,0,0,Ministerio del Interior / fichero oficial aportado por el usuario,PRIMARY_INTERIOR
2011,2011-11-20,23 - Jaén,CONVERGÈNCIA I UNIÓ - CiU,0,0,Ministerio del Interior / fichero oficial aportado por el usuario,PRIMARY_INTERIOR
2011,2011-11-20,23 - Jaén,CONVERGÈNCIA i UNIÓ - CiU,0,0,Ministerio del Interior / fichero oficial aportado por el usuario,PRIMARY_INTERIOR
2011,2011-11-20,23 - Jaén,CONVERXENCIA VINTEÚN - C.XXI,0,0,Ministerio del Interior / fichero oficial aportado por el usuario,PRIMARY_INTERIOR
2011,2011-11-20,23 - Jaén,CONVERXENCIA VINTEÚN - CXXI,0,0,Ministerio del Interior / fichero oficial aportado por el usuario,PRIMARY_INTERIOR
2011,2011-11-20,23 - Jaén,DEMOCRACIA NACIONAL - D.N.,0,0,Ministerio del Interior / fichero oficial aportado por el usuario,PRIMARY_INTERIOR
2011,2011-11-20,23 - Jaén,DEMOS EL CAMBIO - DeC,0,0,Ministerio del Interior / fichero oficial aportado por el usuario,PRIMARY_INTERIOR
2011,2011-11-20,23 - Jaén,DERECHA NAVARRA Y ESPAÑOLA - DNE,0,0,Ministerio del Interior / fichero oficial aportado por el usuario,PRIMARY_INTERIOR
2011,2011-11-20,23 - Jaén,EQUO - EQUO,2149,0,Ministerio del Interior / fichero oficial aportado por el usuario,PRIMARY_INTERIOR
2011,2011-11-20,23 - Jaén,EQUO - eQuo,0,0,Ministerio del Interior / fichero oficial aportado por el usuario,PRIMARY_INTERIOR
2011,2011-11-20,23 - Jaén,ESCAÑOS EN BLANCO - Eb,0,0,Ministerio del Interior / fichero oficial aportado por el usuario,PRIMARY_INTERIOR
2011,2011-11-20,23 - Jaén,ESCAÑOS EN BLANCO/ESCONS EN BLANC - EB,0,0,Ministerio del Interior / fichero oficial aportado por el usuario,PRIMARY_INTERIOR
2011,2011-11-20,23 - Jaén,ESCONS EN BLANC - Eb,0,0,Ministerio del Interior / fichero oficial aportado por el usuario,PRIMARY_INTERIOR
2011,2011-11-20,23 - Jaén,ESPAÑA 2000 - ESPAÑA 2000,0,0,Ministerio del Interior / fichero oficial aportado por el usuario,PRIMARY_INTERIOR
2011,2011-11-20,23 - Jaén,ESQUERDA UNIDA-OS VERDES: A ESQUERDA PLURAL - EU-V,0,0,Ministerio del Interior / fichero oficial aportado por el usuario,PRIMARY_INTERIOR
2011,2011-11-20,23 - Jaén,ESQUERRA REPUBLICANA - ESQUERRA,0,0,Ministerio del Interior / fichero oficial aportado por el usuario,PRIMARY_INTERIOR
2011,2011-11-20,23 - Jaén,ESQUERRA REPUBLICANA DE CATALUNYA-CATALUNYA SÍ - ERC - RI.ca,0,0,Ministerio del Interior / fichero oficial aportado por el usuario,PRIMARY_INTERIOR
2011,2011-11-20,23 - Jaén,ESQUERRA REPUBLICANA DE CATALUNYA-CATALUNYA SÍ - ERC-RI.cat,0,0,Ministerio del Interior / fichero oficial aportado por el usuario,PRIMARY_INTERIOR
2011,2011-11-20,23 - Jaén,ESQUERRA REPUBLICANA DEL PAÍS VALENCIÀ - ERPV,0,0,Ministerio del Interior / fichero oficial aportado por el usuario,PRIMARY_INTERIOR
2011,2011-11-20,23 - Jaén,ESQUERRA UNIDA DEL PAIS VALENCIA-LOS VERDES: L'ESQ - EUPV-LV,0,0,Ministerio del Interior / fichero oficial aportado por el usuario,PRIMARY_INTERIOR
2011,2011-11-20,23 - Jaén,ESQUERRA UNIDA ILLES BALEARS: LA IZQUIERDA PLURAL - EUIB,0,0,Ministerio del Interior / fichero oficial aportado por el usuario,PRIMARY_INTERIOR
2011,2011-11-20,23 - Jaén,ESQUERRA UNIDA PAÍS VALENCIÀ-ELS VERDS: L'ESQUERRA - EUPV-EV,0,0,Ministerio del Interior / fichero oficial aportado por el usuario,PRIMARY_INTERIOR
2011,2011-11-20,23 - Jaén,EUZKO ALDERDI JELTZALEA-PARTIDO NACIONALISTA VASCO - E.A.J.-P.N.,0,0,Ministerio del Interior / fichero oficial aportado por el usuario,PRIMARY_INTERIOR
2011,2011-11-20,23 - Jaén,EUZKO ALDERDI JELTZALEA-PARTIDO NACIONALISTA VASCO - EAJ-PNV,0,0,Ministerio del Interior / fichero oficial aportado por el usuario,PRIMARY_INTERIOR
2011,2011-11-20,23 - Jaén,FALANGE ESPAÑOLA DE LAS J.O.N.S. - FE de las J,0,0,Ministerio del Interior / fichero oficial aportado por el usuario,PRIMARY_INTERIOR
2011,2011-11-20,23 - Jaén,FAMILIA Y VIDA - PFyV,0,0,Ministerio del Interior / fichero oficial aportado por el usuario,PRIMARY_INTERIOR
2011,2011-11-20,23 - Jaén,FORO CENTRO Y DEMOCRACIA - CYD,0,0,Ministerio del Interior / fichero oficial aportado por el usuario,PRIMARY_INTERIOR
2011,2011-11-20,23 - Jaén,FORO DE CIUDADANOS - FAC,0,0,Ministerio del Interior / fichero oficial aportado por el usuario,PRIMARY_INTERIOR
2011,2011-11-20,23 - Jaén,GEROA BAI - GBAI,0,0,Ministerio del Interior / fichero oficial aportado por el usuario,PRIMARY_INTERIOR
2011,2011-11-20,23 - Jaén,HARTOS.ORG - HARTOS.ORG,0,0,Ministerio del Interior / fichero oficial aportado por el usuario,PRIMARY_INTERIOR
2011,2011-11-20,23 - Jaén,HIGIENE DEMOCRATICA - H.D.,0,0,Ministerio del Interior / fichero oficial aportado por el usuario,PRIMARY_INTERIOR
2011,2011-11-20,23 - Jaén,INICIATIVA PER CATALUNYA VERDS-ESQUERRA UNIDA I AL - ICV-EUiA,0,0,Ministerio del Interior / fichero oficial aportado por el usuario,PRIMARY_INTERIOR
2011,2011-11-20,23 - Jaén,INICIATIVA PER CATALUNYA VERDS-ESQUERRA UNIDA i AL - ICV-EUiA,0,0,Ministerio del Interior / fichero oficial aportado por el usuario,PRIMARY_INTERIOR
2011,2011-11-20,23 - Jaén,IU - LOS VERDES: LA IZQUIERDA PLURAL / EZKER ANITZ - IU-LV,0,0,Ministerio del Interior / fichero oficial aportado por el usuario,PRIMARY_INTERIOR
2011,2011-11-20,23 - Jaén,IZQUIERDA UNIDA - PARTIDO DEMOCRÁTICO Y SOCIAL DE - IU-PDSC,0,0,Ministerio del Interior / fichero oficial aportado por el usuario,PRIMARY_INTERIOR
2011,2011-11-20,23 - Jaén,IZQUIERDA UNIDA CANARIA-INICIATIVA POR EL HIERRO-L - IUC-IpH-LV,0,0,Ministerio del Interior / fichero oficial aportado por el usuario,PRIMARY_INTERIOR
2011,2011-11-20,23 - Jaén,IZQUIERDA UNIDA DE ASTURIAS-IZQUIERDA XUNIDA D'AST - IU-IX,0,0,Ministerio del Interior / fichero oficial aportado por el usuario,PRIMARY_INTERIOR
2011,2011-11-20,23 - Jaén,IZQUIERDA UNIDA DE CANTABRIA: LA IZQUIERDA PLURAL - IUC,0,0,Ministerio del Interior / fichero oficial aportado por el usuario,PRIMARY_INTERIOR
2011,2011-11-20,23 - Jaén,IZQUIERDA UNIDA DE CASTILLA Y LEON: LA IZQUIERDA P - IUCL,0,0,Ministerio del Interior / fichero oficial aportado por el usuario,PRIMARY_INTERIOR
2011,2011-11-20,23 - Jaén,IZQUIERDA UNIDA DE CASTILLA Y LEON: LA IZQUIERDA P - IUCyL,0,0,Ministerio del Interior / fichero oficial aportado por el usuario,PRIMARY_INTERIOR
2011,2011-11-20,23 - Jaén,IZQUIERDA UNIDA DE CASTILLA Y LEÓN: LA IZQUIERDA P - IU CyL,0,0,Ministerio del Interior / fichero oficial aportado por el usuario,PRIMARY_INTERIOR
2011,2011-11-20,23 - Jaén,IZQUIERDA UNIDA DE CASTILLA Y LEÓN: LA IZQUIERDA P - IUCL,0,0,Ministerio del Interior / fichero oficial aportado por el usuario,PRIMARY_INTERIOR
2011,2011-11-20,23 - Jaén,IZQUIERDA UNIDA DE CASTILLA-LA MANCHA-LOS VERDES: - IUCLM-LV,0,0,Ministerio del Interior / fichero oficial aportado por el usuario,PRIMARY_INTERIOR
2011,2011-11-20,23 - Jaén,IZQUIERDA UNIDA DE CASTILLA-LA MANCHA-LOS VERDES: - IUCM-LV,0,0,Ministerio del Interior / fichero oficial aportado por el usuario,PRIMARY_INTERIOR
2011,2011-11-20,23 - Jaén,IZQUIERDA UNIDA LOS VERDES-CONVOCATORIA POR ANDALU - IULV-CA,28059,0,Ministerio del Interior / fichero oficial aportado por el usuario,PRIMARY_INTERIOR
2011,2011-11-20,23 - Jaén,IZQUIERDA UNIDA VERDES-SOCIALISTAS INDEPENDIENTES - IU-V-SIEX:,0,0,Ministerio del Interior / fichero oficial aportado por el usuario,PRIMARY_INTERIOR
2011,2011-11-20,23 - Jaén,IZQUIERDA UNIDA VERDES-SOCIALISTAS INDEPENDIENTES - IU-VERDES-S,0,0,Ministerio del Interior / fichero oficial aportado por el usuario,PRIMARY_INTERIOR
2011,2011-11-20,23 - Jaén,IZQUIERDA UNIDA-LA IZQUIERDA PLURAL - I.U.,0,0,Ministerio del Interior / fichero oficial aportado por el usuario,PRIMARY_INTERIOR
2011,2011-11-20,23 - Jaén,IZQUIERDA UNIDA-LOS VERDES: LA IZQUIERDA PLURAL - IU-LV,0,0,Ministerio del Interior / fichero oficial aportado por el usuario,PRIMARY_INTERIOR
2011,2011-11-20,23 - Jaén,IZQUIERDA UNIDA-LOS VERDES: LA IZQUIERDA PLURAL/EZ - I.U.,0,0,Ministerio del Interior / fichero oficial aportado por el usuario,PRIMARY_INTERIOR
2011,2011-11-20,23 - Jaén,IZQUIERDA UNIDA-LOS VERDES: LA IZQUIERDA PLURAL/EZ - IU-LV,0,0,Ministerio del Interior / fichero oficial aportado por el usuario,PRIMARY_INTERIOR
2011,2011-11-20,23 - Jaén,IZQUIERDA UNIDA-VERDES DE LA REGION DE MURCIA: LA - IUV-RM,0,0,Ministerio del Interior / fichero oficial aportado por el usuario,PRIMARY_INTERIOR
2011,2011-11-20,23 - Jaén,IZQUIERDA-EZKERRA/LA IZQUIERDA PLURAL - IZQUIERDA-E,0,0,Ministerio del Interior / fichero oficial aportado por el usuario,PRIMARY_INTERIOR
2011,2011-11-20,23 - Jaén,LOS VERDES-GRUPO VERDE - LV-GV,0,0,Ministerio del Interior / fichero oficial aportado por el usuario,PRIMARY_INTERIOR
2011,2011-11-20,23 - Jaén,MUERTE AL SISTEMA - +MAS+,0,0,Ministerio del Interior / fichero oficial aportado por el usuario,PRIMARY_INTERIOR
2011,2011-11-20,23 - Jaén,PARTIDO ANDALUCISTA - P.A.,4920,0,Ministerio del Interior / fichero oficial aportado por el usuario,PRIMARY_INTERIOR
2011,2011-11-20,23 - Jaén,PARTIDO ANDALUCISTA - PA,0,0,Ministerio del Interior / fichero oficial aportado por el usuario,PRIMARY_INTERIOR
2011,2011-11-20,23 - Jaén,PARTIDO ANIMALISTA CONTRA EL MALTRATO ANIMAL - PACMA,0,0,Ministerio del Interior / fichero oficial aportado por el usuario,PRIMARY_INTERIOR
2011,2011-11-20,23 - Jaén,PARTIDO CASTELLANO - PCAS,0,0,Ministerio del Interior / fichero oficial aportado por el usuario,PRIMARY_INTERIOR
2011,2011-11-20,23 - Jaén,PARTIDO COMUNISTA DE LOS PUEBLOS DE ESPAÑA - P.C.P.E.,0,0,Ministerio del Interior / fichero oficial aportado por el usuario,PRIMARY_INTERIOR
2011,2011-11-20,23 - Jaén,PARTIDO COMUNISTA DE LOS PUEBLOS DE ESPAÑA - PCPE,0,0,Ministerio del Interior / fichero oficial aportado por el usuario,PRIMARY_INTERIOR
2011,2011-11-20,23 - Jaén,PARTIDO DE CASTILLA Y LEÓN - PCAL,0,0,Ministerio del Interior / fichero oficial aportado por el usuario,PRIMARY_INTERIOR
2011,2011-11-20,23 - Jaén,PARTIDO DE INTERNET - INTERNET,0,0,Ministerio del Interior / fichero oficial aportado por el usuario,PRIMARY_INTERIOR
2011,2011-11-20,23 - Jaén,PARTIDO DE LA LIBERTAD INDIVIDUAL - P-LIB,0,0,Ministerio del Interior / fichero oficial aportado por el usuario,PRIMARY_INTERIOR
2011,2011-11-20,23 - Jaén,PARTIDO DEMOCRATICO Y CONSTITUCIONAL - PDYC,0,0,Ministerio del Interior / fichero oficial aportado por el usuario,PRIMARY_INTERIOR
2011,2011-11-20,23 - Jaén,PARTIDO DOS SOCIALISTAS DE GALICIA - PARTIDO SOCIA - PSdeG-PSOE,0,0,Ministerio del Interior / fichero oficial aportado por el usuario,PRIMARY_INTERIOR
2011,2011-11-20,23 - Jaén,PARTIDO DOS SOCIALISTAS DE GALICIA - PSOE - PSdeG-PSOE,0,0,Ministerio del Interior / fichero oficial aportado por el usuario,PRIMARY_INTERIOR
2011,2011-11-20,23 - Jaén,PARTIDO HUMANISTA - PH,0,0,Ministerio del Interior / fichero oficial aportado por el usuario,PRIMARY_INTERIOR
2011,2011-11-20,23 - Jaén,PARTIDO OBRERO SOCIALISTA INTERNACIONALISTA - P.O.S.I.,0,0,Ministerio del Interior / fichero oficial aportado por el usuario,PRIMARY_INTERIOR
2011,2011-11-20,23 - Jaén,PARTIDO OBRERO SOCIALISTA INTERNACIONALISTA - POSI,0,0,Ministerio del Interior / fichero oficial aportado por el usuario,PRIMARY_INTERIOR
2011,2011-11-20,23 - Jaén,PARTIDO PARA LA REGENERACION DE LA DEMOCRACIA EN E - P.R.D.E.,0,0,Ministerio del Interior / fichero oficial aportado por el usuario,PRIMARY_INTERIOR
2011,2011-11-20,23 - Jaén,PARTIDO PIRATA - PIRATA,0,0,Ministerio del Interior / fichero oficial aportado por el usuario,PRIMARY_INTERIOR
2011,2011-11-20,23 - Jaén,PARTIDO POPULAR - P.P.,183339,3,Ministerio del Interior / fichero oficial aportado por el usuario,PRIMARY_INTERIOR
2011,2011-11-20,23 - Jaén,PARTIDO POPULAR - PP,0,0,Ministerio del Interior / fichero oficial aportado por el usuario,PRIMARY_INTERIOR
2011,2011-11-20,23 - Jaén,PARTIDO POPULAR EN COALICIÓN CON EL PARTIDO ARAGON - PP-PAR,0,0,Ministerio del Interior / fichero oficial aportado por el usuario,PRIMARY_INTERIOR
2011,2011-11-20,23 - Jaén,PARTIDO POPULAR-EXTREMADURA UNIDA - P.P-E.U.,0,0,Ministerio del Interior / fichero oficial aportado por el usuario,PRIMARY_INTERIOR
2011,2011-11-20,23 - Jaén,PARTIDO POPULAR-EXTREMADURA UNIDA - PP-EU,0,0,Ministerio del Interior / fichero oficial aportado por el usuario,PRIMARY_INTERIOR
2011,2011-11-20,23 - Jaén,PARTIDO REGIONALISTA DE CANTABRIA - P.R.C.,0,0,Ministerio del Interior / fichero oficial aportado por el usuario,PRIMARY_INTERIOR
2011,2011-11-20,23 - Jaén,PARTIDO REGIONALISTA DEL PAIS LEONES - PREPAL,0,0,Ministerio del Interior / fichero oficial aportado por el usuario,PRIMARY_INTERIOR
2011,2011-11-20,23 - Jaén,PARTIDO REGIONALISTA POR ANDALUCIA ORIENTAL - PRAO,911,0,Ministerio del Interior / fichero oficial aportado por el usuario,PRIMARY_INTERIOR
2011,2011-11-20,23 - Jaén,PARTIDO SOCIALISTA DE EUSKADI-EUSKADIKO EZKERRA (P - PSE-EE (PSO,0,0,Ministerio del Interior / fichero oficial aportado por el usuario,PRIMARY_INTERIOR
2011,2011-11-20,23 - Jaén,PARTIDO SOCIALISTA OBRERO ESPAÑOL - P.S.O.E.,165348,3,Ministerio del Interior / fichero oficial aportado por el usuario,PRIMARY_INTERIOR
2011,2011-11-20,23 - Jaén,PARTIDO SOCIALISTA OBRERO ESPAÑOL - PSOE,0,0,Ministerio del Interior / fichero oficial aportado por el usuario,PRIMARY_INTERIOR
2011,2011-11-20,23 - Jaén,PARTIT ANIMALISTA CONTRA EL MALTRACTAMENT ANIMAL - PACMA,0,0,Ministerio del Interior / fichero oficial aportado por el usuario,PRIMARY_INTERIOR
2011,2011-11-20,23 - Jaén,PARTIT COMUNISTA DEL POBLE DE CATALUNYA - PCPC,0,0,Ministerio del Interior / fichero oficial aportado por el usuario,PRIMARY_INTERIOR
2011,2011-11-20,23 - Jaén,PARTIT COMUNISTA DELS POBLES D'ESPANYA - P.C.P.E.,0,0,Ministerio del Interior / fichero oficial aportado por el usuario,PRIMARY_INTERIOR
2011,2011-11-20,23 - Jaén,PARTIT DELS SOCIALISTES DE CATALUNYA - PSC-PSOE,0,0,Ministerio del Interior / fichero oficial aportado por el usuario,PRIMARY_INTERIOR
2011,2011-11-20,23 - Jaén,PARTIT POPULAR/PARTIDO POPULAR - P.P.,0,0,Ministerio del Interior / fichero oficial aportado por el usuario,PRIMARY_INTERIOR
2011,2011-11-20,23 - Jaén,PARTIT REPUBLICÀ D'ESQUERRA-REPUBLICANS - PRE-R,0,0,Ministerio del Interior / fichero oficial aportado por el usuario,PRIMARY_INTERIOR
2011,2011-11-20,23 - Jaén,PER UN MÓN MÉS JUST - PUM+J,0,0,Ministerio del Interior / fichero oficial aportado por el usuario,PRIMARY_INTERIOR
2011,2011-11-20,23 - Jaén,PIRATES DE CATALUNYA - PIRATA.CAT,0,0,Ministerio del Interior / fichero oficial aportado por el usuario,PRIMARY_INTERIOR
2011,2011-11-20,23 - Jaén,PLATAFORMA PER CATALUNYA - PxC,0,0,Ministerio del Interior / fichero oficial aportado por el usuario,PRIMARY_INTERIOR
2011,2011-11-20,23 - Jaén,POR UN MUNDO MÁS JUSTO - PUM+J,0,0,Ministerio del Interior / fichero oficial aportado por el usuario,PRIMARY_INTERIOR
2011,2011-11-20,23 - Jaén,PSM-INICIATIVA VERDS-ENTESA-EQUO - PSM-IV-EXM-,0,0,Ministerio del Interior / fichero oficial aportado por el usuario,PRIMARY_INTERIOR
2011,2011-11-20,23 - Jaén,REPUBLICANOS - RPS,0,0,Ministerio del Interior / fichero oficial aportado por el usuario,PRIMARY_INTERIOR
2011,2011-11-20,23 - Jaén,SOCIALISTAS POR TERUEL - SXT,0,0,Ministerio del Interior / fichero oficial aportado por el usuario,PRIMARY_INTERIOR
2011,2011-11-20,23 - Jaén,SOLIDARIDAD Y AUTOGESTION INTERNACIONALISTA - SAIn,454,0,Ministerio del Interior / fichero oficial aportado por el usuario,PRIMARY_INTERIOR
2011,2011-11-20,23 - Jaén,"SÍ SE PUEDE, SOCIALISTAS POR TENERIFE, EQUO - SSP-SxTF-EQ",0,0,Ministerio del Interior / fichero oficial aportado por el usuario,PRIMARY_INTERIOR
2011,2011-11-20,23 - Jaén,UNIDAD DEL PUEBLO - UNIDAD DEL,0,0,Ministerio del Interior / fichero oficial aportado por el usuario,PRIMARY_INTERIOR
2011,2011-11-20,23 - Jaén,UNIDAD REGIONALISTA DE CASTILLA Y LEON - U.R.C.L.,0,0,Ministerio del Interior / fichero oficial aportado por el usuario,PRIMARY_INTERIOR
2011,2011-11-20,23 - Jaén,UNIFICACIÓN COMUNISTA DE ESPAÑA - U.C.E.,412,0,Ministerio del Interior / fichero oficial aportado por el usuario,PRIMARY_INTERIOR
2011,2011-11-20,23 - Jaén,UNIFICACIÓN COMUNISTA DE ESPAÑA - UCE,0,0,Ministerio del Interior / fichero oficial aportado por el usuario,PRIMARY_INTERIOR
2011,2011-11-20,23 - Jaén,UNION DE CIUDADANOS INDEPENDIENTES DE TOLEDO - U.C.I.T.,0,0,Ministerio del Interior / fichero oficial aportado por el usuario,PRIMARY_INTERIOR
2011,2011-11-20,23 - Jaén,UNITS X VALENCIA - UxV,0,0,Ministerio del Interior / fichero oficial aportado por el usuario,PRIMARY_INTERIOR
2011,2011-11-20,23 - Jaén,UNIÓN DEL PUEBLO NAVARRO EN COALICIÓN CON EL PARTI - UPN-PP,0,0,Ministerio del Interior / fichero oficial aportado por el usuario,PRIMARY_INTERIOR
2011,2011-11-20,23 - Jaén,UNIÓN PROGRESO Y DEMOCRACIA - UPyD,13727,0,Ministerio del Interior / fichero oficial aportado por el usuario,PRIMARY_INTERIOR
2011,2011-11-20,24 - León,ACCION CIUDADANA POR MALAGA - ACIMA,0,0,Ministerio del Interior / fichero oficial aportado por el usuario,PRIMARY_INTERIOR
2011,2011-11-20,24 - León,ALTERNATIVA NACIONALISTA CANARIA - ANC,0,0,Ministerio del Interior / fichero oficial aportado por el usuario,PRIMARY_INTERIOR
2011,2011-11-20,24 - León,AMAIUR - AMAIUR,0,0,Ministerio del Interior / fichero oficial aportado por el usuario,PRIMARY_INTERIOR
2011,2011-11-20,24 - León,ANDECHA ASTUR - ANDECHA,0,0,Ministerio del Interior / fichero oficial aportado por el usuario,PRIMARY_INTERIOR
2011,2011-11-20,24 - León,ANTICAPITALISTAS - ANTICAPITAL,0,0,Ministerio del Interior / fichero oficial aportado por el usuario,PRIMARY_INTERIOR
2011,2011-11-20,24 - León,ANTICAPITALISTES - ANTICAPITAL,0,0,Ministerio del Interior / fichero oficial aportado por el usuario,PRIMARY_INTERIOR
2011,2011-11-20,24 - León,"BASTA YA, AGRUPACIÓN ABIERTA DE PARTIDOS POLÍTICOS - BASTA YA",0,0,Ministerio del Interior / fichero oficial aportado por el usuario,PRIMARY_INTERIOR
2011,2011-11-20,24 - León,BIDEZKO MUNDURANTZ/POR UN MUNDO MAS JUSTO - PUM+J,0,0,Ministerio del Interior / fichero oficial aportado por el usuario,PRIMARY_INTERIOR
2011,2011-11-20,24 - León,BIDEZKO MUNDURANTZ/POR UN MUNDO MÁS JUSTO - PU M+J,0,0,Ministerio del Interior / fichero oficial aportado por el usuario,PRIMARY_INTERIOR
2011,2011-11-20,24 - León,BLOC-INICIATIVA-VERDS-EQUO-COALICIÓ COMPROMÍS - COMPROMÍS-Q,0,0,Ministerio del Interior / fichero oficial aportado por el usuario,PRIMARY_INTERIOR
2011,2011-11-20,24 - León,BLOQUE NACIONALISTA GALEGO - B.N.G.,0,0,Ministerio del Interior / fichero oficial aportado por el usuario,PRIMARY_INTERIOR
2011,2011-11-20,24 - León,BLOQUE NACIONALISTA GALEGO - BNG,0,0,Ministerio del Interior / fichero oficial aportado por el usuario,PRIMARY_INTERIOR
2011,2011-11-20,24 - León,CANARIAS VERDE Y ROJA: LA IZQUIERDA PLURAL - IUC-CxI,0,0,Ministerio del Interior / fichero oficial aportado por el usuario,PRIMARY_INTERIOR
2011,2011-11-20,24 - León,CENTRO DEMOCRATICO LIBERAL - C.D.L.,0,0,Ministerio del Interior / fichero oficial aportado por el usuario,PRIMARY_INTERIOR
2011,2011-11-20,24 - León,"CHUNTA ARAGONESISTA-IZQUIERDA UNIDA, LA IZQUIERDA - CHA-IU",0,0,Ministerio del Interior / fichero oficial aportado por el usuario,PRIMARY_INTERIOR
2011,2011-11-20,24 - León,"CHUNTA ARAGONESISTA-IZQUIERDA UNIDA, La Izquierda - CHA-IU",0,0,Ministerio del Interior / fichero oficial aportado por el usuario,PRIMARY_INTERIOR
2011,2011-11-20,24 - León,CIUDADANOS DE CENTRO DEMOCRÁTICO - CCD,0,0,Ministerio del Interior / fichero oficial aportado por el usuario,PRIMARY_INTERIOR
2011,2011-11-20,24 - León,COALICION CABALLAS - Caballas,0,0,Ministerio del Interior / fichero oficial aportado por el usuario,PRIMARY_INTERIOR
2011,2011-11-20,24 - León,COALICIÓN CANARIA-NUEVA CANARIAS - CC-NC-PNC,0,0,Ministerio del Interior / fichero oficial aportado por el usuario,PRIMARY_INTERIOR
2011,2011-11-20,24 - León,CONVERGENCIA POR EXTREMADURA - CEx,0,0,Ministerio del Interior / fichero oficial aportado por el usuario,PRIMARY_INTERIOR
2011,2011-11-20,24 - León,CONVERGÈNCIA I UNIÓ - CiU,0,0,Ministerio del Interior / fichero oficial aportado por el usuario,PRIMARY_INTERIOR
2011,2011-11-20,24 - León,CONVERGÈNCIA i UNIÓ - CiU,0,0,Ministerio del Interior / fichero oficial aportado por el usuario,PRIMARY_INTERIOR
2011,2011-11-20,24 - León,CONVERXENCIA VINTEÚN - C.XXI,0,0,Ministerio del Interior / fichero oficial aportado por el usuario,PRIMARY_INTERIOR
2011,2011-11-20,24 - León,CONVERXENCIA VINTEÚN - CXXI,0,0,Ministerio del Interior / fichero oficial aportado por el usuario,PRIMARY_INTERIOR
2011,2011-11-20,24 - León,DEMOCRACIA NACIONAL - D.N.,0,0,Ministerio del Interior / fichero oficial aportado por el usuario,PRIMARY_INTERIOR
2011,2011-11-20,24 - León,DEMOS EL CAMBIO - DeC,0,0,Ministerio del Interior / fichero oficial aportado por el usuario,PRIMARY_INTERIOR
2011,2011-11-20,24 - León,DERECHA NAVARRA Y ESPAÑOLA - DNE,0,0,Ministerio del Interior / fichero oficial aportado por el usuario,PRIMARY_INTERIOR
2011,2011-11-20,24 - León,EQUO - EQUO,2154,0,Ministerio del Interior / fichero oficial aportado por el usuario,PRIMARY_INTERIOR
2011,2011-11-20,24 - León,EQUO - eQuo,0,0,Ministerio del Interior / fichero oficial aportado por el usuario,PRIMARY_INTERIOR
2011,2011-11-20,24 - León,ESCAÑOS EN BLANCO - Eb,0,0,Ministerio del Interior / fichero oficial aportado por el usuario,PRIMARY_INTERIOR
2011,2011-11-20,24 - León,ESCAÑOS EN BLANCO/ESCONS EN BLANC - EB,0,0,Ministerio del Interior / fichero oficial aportado por el usuario,PRIMARY_INTERIOR
2011,2011-11-20,24 - León,ESCONS EN BLANC - Eb,0,0,Ministerio del Interior / fichero oficial aportado por el usuario,PRIMARY_INTERIOR
2011,2011-11-20,24 - León,ESPAÑA 2000 - ESPAÑA 2000,0,0,Ministerio del Interior / fichero oficial aportado por el usuario,PRIMARY_INTERIOR
2011,2011-11-20,24 - León,ESQUERDA UNIDA-OS VERDES: A ESQUERDA PLURAL - EU-V,0,0,Ministerio del Interior / fichero oficial aportado por el usuario,PRIMARY_INTERIOR
2011,2011-11-20,24 - León,ESQUERRA REPUBLICANA - ESQUERRA,0,0,Ministerio del Interior / fichero oficial aportado por el usuario,PRIMARY_INTERIOR
2011,2011-11-20,24 - León,ESQUERRA REPUBLICANA DE CATALUNYA-CATALUNYA SÍ - ERC - RI.ca,0,0,Ministerio del Interior / fichero oficial aportado por el usuario,PRIMARY_INTERIOR
2011,2011-11-20,24 - León,ESQUERRA REPUBLICANA DE CATALUNYA-CATALUNYA SÍ - ERC-RI.cat,0,0,Ministerio del Interior / fichero oficial aportado por el usuario,PRIMARY_INTERIOR
2011,2011-11-20,24 - León,ESQUERRA REPUBLICANA DEL PAÍS VALENCIÀ - ERPV,0,0,Ministerio del Interior / fichero oficial aportado por el usuario,PRIMARY_INTERIOR
2011,2011-11-20,24 - León,ESQUERRA UNIDA DEL PAIS VALENCIA-LOS VERDES: L'ESQ - EUPV-LV,0,0,Ministerio del Interior / fichero oficial aportado por el usuario,PRIMARY_INTERIOR
2011,2011-11-20,24 - León,ESQUERRA UNIDA ILLES BALEARS: LA IZQUIERDA PLURAL - EUIB,0,0,Ministerio del Interior / fichero oficial aportado por el usuario,PRIMARY_INTERIOR
2011,2011-11-20,24 - León,ESQUERRA UNIDA PAÍS VALENCIÀ-ELS VERDS: L'ESQUERRA - EUPV-EV,0,0,Ministerio del Interior / fichero oficial aportado por el usuario,PRIMARY_INTERIOR
2011,2011-11-20,24 - León,EUZKO ALDERDI JELTZALEA-PARTIDO NACIONALISTA VASCO - E.A.J.-P.N.,0,0,Ministerio del Interior / fichero oficial aportado por el usuario,PRIMARY_INTERIOR
2011,2011-11-20,24 - León,EUZKO ALDERDI JELTZALEA-PARTIDO NACIONALISTA VASCO - EAJ-PNV,0,0,Ministerio del Interior / fichero oficial aportado por el usuario,PRIMARY_INTERIOR
2011,2011-11-20,24 - León,FALANGE ESPAÑOLA DE LAS J.O.N.S. - FE de las J,0,0,Ministerio del Interior / fichero oficial aportado por el usuario,PRIMARY_INTERIOR
2011,2011-11-20,24 - León,FAMILIA Y VIDA - PFyV,0,0,Ministerio del Interior / fichero oficial aportado por el usuario,PRIMARY_INTERIOR
2011,2011-11-20,24 - León,FORO CENTRO Y DEMOCRACIA - CYD,0,0,Ministerio del Interior / fichero oficial aportado por el usuario,PRIMARY_INTERIOR
2011,2011-11-20,24 - León,FORO DE CIUDADANOS - FAC,0,0,Ministerio del Interior / fichero oficial aportado por el usuario,PRIMARY_INTERIOR
2011,2011-11-20,24 - León,GEROA BAI - GBAI,0,0,Ministerio del Interior / fichero oficial aportado por el usuario,PRIMARY_INTERIOR
2011,2011-11-20,24 - León,HARTOS.ORG - HARTOS.ORG,0,0,Ministerio del Interior / fichero oficial aportado por el usuario,PRIMARY_INTERIOR
2011,2011-11-20,24 - León,HIGIENE DEMOCRATICA - H.D.,0,0,Ministerio del Interior / fichero oficial aportado por el usuario,PRIMARY_INTERIOR
2011,2011-11-20,24 - León,INICIATIVA PER CATALUNYA VERDS-ESQUERRA UNIDA I AL - ICV-EUiA,0,0,Ministerio del Interior / fichero oficial aportado por el usuario,PRIMARY_INTERIOR
2011,2011-11-20,24 - León,INICIATIVA PER CATALUNYA VERDS-ESQUERRA UNIDA i AL - ICV-EUiA,0,0,Ministerio del Interior / fichero oficial aportado por el usuario,PRIMARY_INTERIOR
2011,2011-11-20,24 - León,IU - LOS VERDES: LA IZQUIERDA PLURAL / EZKER ANITZ - IU-LV,0,0,Ministerio del Interior / fichero oficial aportado por el usuario,PRIMARY_INTERIOR
2011,2011-11-20,24 - León,IZQUIERDA UNIDA - PARTIDO DEMOCRÁTICO Y SOCIAL DE - IU-PDSC,0,0,Ministerio del Interior / fichero oficial aportado por el usuario,PRIMARY_INTERIOR
2011,2011-11-20,24 - León,IZQUIERDA UNIDA CANARIA-INICIATIVA POR EL HIERRO-L - IUC-IpH-LV,0,0,Ministerio del Interior / fichero oficial aportado por el usuario,PRIMARY_INTERIOR
2011,2011-11-20,24 - León,IZQUIERDA UNIDA DE ASTURIAS-IZQUIERDA XUNIDA D'AST - IU-IX,0,0,Ministerio del Interior / fichero oficial aportado por el usuario,PRIMARY_INTERIOR
2011,2011-11-20,24 - León,IZQUIERDA UNIDA DE CANTABRIA: LA IZQUIERDA PLURAL - IUC,0,0,Ministerio del Interior / fichero oficial aportado por el usuario,PRIMARY_INTERIOR
2011,2011-11-20,24 - León,IZQUIERDA UNIDA DE CASTILLA Y LEON: LA IZQUIERDA P - IUCL,15598,0,Ministerio del Interior / fichero oficial aportado por el usuario,PRIMARY_INTERIOR
2011,2011-11-20,24 - León,IZQUIERDA UNIDA DE CASTILLA Y LEON: LA IZQUIERDA P - IUCyL,0,0,Ministerio del Interior / fichero oficial aportado por el usuario,PRIMARY_INTERIOR
2011,2011-11-20,24 - León,IZQUIERDA UNIDA DE CASTILLA Y LEÓN: LA IZQUIERDA P - IU CyL,0,0,Ministerio del Interior / fichero oficial aportado por el usuario,PRIMARY_INTERIOR
2011,2011-11-20,24 - León,IZQUIERDA UNIDA DE CASTILLA Y LEÓN: LA IZQUIERDA P - IUCL,0,0,Ministerio del Interior / fichero oficial aportado por el usuario,PRIMARY_INTERIOR
2011,2011-11-20,24 - León,IZQUIERDA UNIDA DE CASTILLA-LA MANCHA-LOS VERDES: - IUCLM-LV,0,0,Ministerio del Interior / fichero oficial aportado por el usuario,PRIMARY_INTERIOR
2011,2011-11-20,24 - León,IZQUIERDA UNIDA DE CASTILLA-LA MANCHA-LOS VERDES: - IUCM-LV,0,0,Ministerio del Interior / fichero oficial aportado por el usuario,PRIMARY_INTERIOR
2011,2011-11-20,24 - León,IZQUIERDA UNIDA LOS VERDES-CONVOCATORIA POR ANDALU - IULV-CA,0,0,Ministerio del Interior / fichero oficial aportado por el usuario,PRIMARY_INTERIOR
2011,2011-11-20,24 - León,IZQUIERDA UNIDA VERDES-SOCIALISTAS INDEPENDIENTES - IU-V-SIEX:,0,0,Ministerio del Interior / fichero oficial aportado por el usuario,PRIMARY_INTERIOR
2011,2011-11-20,24 - León,IZQUIERDA UNIDA VERDES-SOCIALISTAS INDEPENDIENTES - IU-VERDES-S,0,0,Ministerio del Interior / fichero oficial aportado por el usuario,PRIMARY_INTERIOR
2011,2011-11-20,24 - León,IZQUIERDA UNIDA-LA IZQUIERDA PLURAL - I.U.,0,0,Ministerio del Interior / fichero oficial aportado por el usuario,PRIMARY_INTERIOR
2011,2011-11-20,24 - León,IZQUIERDA UNIDA-LOS VERDES: LA IZQUIERDA PLURAL - IU-LV,0,0,Ministerio del Interior / fichero oficial aportado por el usuario,PRIMARY_INTERIOR
2011,2011-11-20,24 - León,IZQUIERDA UNIDA-LOS VERDES: LA IZQUIERDA PLURAL/EZ - I.U.,0,0,Ministerio del Interior / fichero oficial aportado por el usuario,PRIMARY_INTERIOR
2011,2011-11-20,24 - León,IZQUIERDA UNIDA-LOS VERDES: LA IZQUIERDA PLURAL/EZ - IU-LV,0,0,Ministerio del Interior / fichero oficial aportado por el usuario,PRIMARY_INTERIOR
2011,2011-11-20,24 - León,IZQUIERDA UNIDA-VERDES DE LA REGION DE MURCIA: LA - IUV-RM,0,0,Ministerio del Interior / fichero oficial aportado por el usuario,PRIMARY_INTERIOR