2011,2011-11-20,39 - Cantabria,UNIDAD DEL PUEBLO - UNIDAD DEL,0,0,Ministerio del Interior / portal oficial de datos abiertos,PRIMARY_OFFICIAL
2011,2011-11-20,39 - Cantabria,UNIDAD REGIONALISTA DE CASTILLA Y LEON - U.R.C.L.,0,0,Ministerio del Interior / portal oficial de datos abiertos,PRIMARY_OFFICIAL
2011,2011-11-20,39 - Cantabria,UNIFICACIÓN COMUNISTA DE ESPAÑA - U.C.E.,145,0,Ministerio del Interior / portal oficial de datos abiertos,PRIMARY_OFFICIAL
2011,2011-11-20,39 - Cantabria,UNIFICACIÓN COMUNISTA DE ESPAÑA - UCE,0,0,Ministerio del Interior / portal oficial de datos abiertos,PRIMARY_OFFICIAL
2011,2011-11-20,39 - Cantabria,UNION DE CIUDADANOS INDEPENDIENTES DE TOLEDO - U.C.I.T.,0,0,Ministerio del Interior / portal oficial de datos abiertos,PRIMARY_OFFICIAL
2011,2011-11-20,39 - Cantabria,UNITS X VALENCIA - UxV,0,0,Ministerio del Interior / portal oficial de datos abiertos,PRIMARY_OFFICIAL
2011,2011-11-20,39 - Cantabria,UNIÓN DEL PUEBLO NAVARRO EN COALICIÓN CON EL PARTI - UPN-PP,0,0,Ministerio del Interior / portal oficial de datos abiertos,PRIMARY_OFFICIAL
2011,2011-11-20,39 - Cantabria,UNIÓN PROGRESO Y DEMOCRACIA - UPyD,12614,0,Ministerio del Interior / portal oficial de datos abiertos,PRIMARY_OFFICIAL
2011,2011-11-20,4 - Almería,ACCION CIUDADANA POR MALAGA - ACIMA,0,0,Ministerio del Interior / portal oficial de datos abiertos,PRIMARY_OFFICIAL
2011,2011-11-20,4 - Almería,ALTERNATIVA NACIONALISTA CANARIA - ANC,0,0,Ministerio del Interior / portal oficial de datos abiertos,PRIMARY_OFFICIAL
2011,2011-11-20,4 - Almería,AMAIUR - AMAIUR,0,0,Ministerio del Interior / portal oficial de datos abiertos,PRIMARY_OFFICIAL
2011,2011-11-20,4 - Almería,ANDECHA ASTUR - ANDECHA,0,0,Ministerio del Interior / portal oficial de datos abiertos,PRIMARY_OFFICIAL
2011,2011-11-20,4 - Almería,ANTICAPITALISTAS - ANTICAPITAL,338,0,Ministerio del Interior / portal oficial de datos abiertos,PRIMARY_OFFICIAL
2011,2011-11-20,4 - Almería,ANTICAPITALISTES - ANTICAPITAL,0,0,Ministerio del Interior / portal oficial de datos abiertos,PRIMARY_OFFICIAL
2011,2011-11-20,4 - Almería,"BASTA YA, AGRUPACIÓN ABIERTA DE PARTIDOS POLÍTICOS - BASTA YA",0,0,Ministerio del Interior / portal oficial de datos abiertos,PRIMARY_OFFICIAL
2011,2011-11-20,4 - Almería,BIDEZKO MUNDURANTZ/POR UN MUNDO MAS JUSTO - PUM+J,0,0,Ministerio del Interior / portal oficial de datos abiertos,PRIMARY_OFFICIAL
2011,2011-11-20,4 - Almería,BIDEZKO MUNDURANTZ/POR UN MUNDO MÁS JUSTO - PU M+J,0,0,Ministerio del Interior / portal oficial de datos abiertos,PRIMARY_OFFICIAL
2011,2011-11-20,4 - Almería,BLOC-INICIATIVA-VERDS-EQUO-COALICIÓ COMPROMÍS - COMPROMÍS-Q,0,0,Ministerio del Interior / portal oficial de datos abiertos,PRIMARY_OFFICIAL
2011,2011-11-20,4 - Almería,BLOQUE NACIONALISTA GALEGO - B.N.G.,0,0,Ministerio del Interior / portal oficial de datos abiertos,PRIMARY_OFFICIAL
2011,2011-11-20,4 - Almería,BLOQUE NACIONALISTA GALEGO - BNG,0,0,Ministerio del Interior / portal oficial de datos abiertos,PRIMARY_OFFICIAL
2011,2011-11-20,4 - Almería,CANARIAS VERDE Y ROJA: LA IZQUIERDA PLURAL - IUC-CxI,0,0,Ministerio del Interior / portal oficial de datos abiertos,PRIMARY_OFFICIAL
2011,2011-11-20,4 - Almería,CENTRO DEMOCRATICO LIBERAL - C.D.L.,0,0,Ministerio del Interior / portal oficial de datos abiertos,PRIMARY_OFFICIAL
2011,2011-11-20,4 - Almería,"CHUNTA ARAGONESISTA-IZQUIERDA UNIDA, LA IZQUIERDA - CHA-IU",0,0,Ministerio del Interior / portal oficial de datos abiertos,PRIMARY_OFFICIAL
2011,2011-11-20,4 - Almería,"CHUNTA ARAGONESISTA-IZQUIERDA UNIDA, La Izquierda - CHA-IU",0,0,Ministerio del Interior / portal oficial de datos abiertos,PRIMARY_OFFICIAL
2011,2011-11-20,4 - Almería,CIUDADANOS DE CENTRO DEMOCRÁTICO - CCD,0,0,Ministerio del Interior / portal oficial de datos abiertos,PRIMARY_OFFICIAL
2011,2011-11-20,4 - Almería,COALICION CABALLAS - Caballas,0,0,Ministerio del Interior / portal oficial de datos abiertos,PRIMARY_OFFICIAL
2011,2011-11-20,4 - Almería,COALICIÓN CANARIA-NUEVA CANARIAS - CC-NC-PNC,0,0,Ministerio del Interior / portal oficial de datos abiertos,PRIMARY_OFFICIAL
2011,2011-11-20,4 - Almería,CONVERGENCIA POR EXTREMADURA - CEx,0,0,Ministerio del Interior / portal oficial de datos abiertos,PRIMARY_OFFICIAL
2011,2011-11-20,4 - Almería,CONVERGÈNCIA I UNIÓ - CiU,0,0,Ministerio del Interior / portal oficial de datos abiertos,PRIMARY_OFFICIAL
2011,2011-11-20,4 - Almería,CONVERGÈNCIA i UNIÓ - CiU,0,0,Ministerio del Interior / portal oficial de datos abiertos,PRIMARY_OFFICIAL
2011,2011-11-20,4 - Almería,CONVERXENCIA VINTEÚN - C.XXI,0,0,Ministerio del Interior / portal oficial de datos abiertos,PRIMARY_OFFICIAL
2011,2011-11-20,4 - Almería,CONVERXENCIA VINTEÚN - CXXI,0,0,Ministerio del Interior / portal oficial de datos abiertos,PRIMARY_OFFICIAL
2011,2011-11-20,4 - Almería,DEMOCRACIA NACIONAL - D.N.,493,0,Ministerio del Interior / portal oficial de datos abiertos,PRIMARY_OFFICIAL
2011,2011-11-20,4 - Almería,DEMOS EL CAMBIO - DeC,270,0,Ministerio del Interior / portal oficial de datos abiertos,PRIMARY_OFFICIAL
2011,2011-11-20,4 - Almería,DERECHA NAVARRA Y ESPAÑOLA - DNE,0,0,Ministerio del Interior / portal oficial de datos abiertos,PRIMARY_OFFICIAL
2011,2011-11-20,4 - Almería,EQUO - EQUO,2828,0,Ministerio del Interior / portal oficial de datos abiertos,PRIMARY_OFFICIAL
2011,2011-11-20,4 - Almería,EQUO - eQuo,0,0,Ministerio del Interior / portal oficial de datos abiertos,PRIMARY_OFFICIAL
2011,2011-11-20,4 - Almería,ESCAÑOS EN BLANCO - Eb,0,0,Ministerio del Interior / portal oficial de datos abiertos,PRIMARY_OFFICIAL
2011,2011-11-20,4 - Almería,ESCAÑOS EN BLANCO/ESCONS EN BLANC - EB,0,0,Ministerio del Interior / portal oficial de datos abiertos,PRIMARY_OFFICIAL
2011,2011-11-20,4 - Almería,ESCONS EN BLANC - Eb,0,0,Ministerio del Interior / portal oficial de datos abiertos,PRIMARY_OFFICIAL
2011,2011-11-20,4 - Almería,ESPAÑA 2000 - ESPAÑA 2000,0,0,Ministerio del Interior / portal oficial de datos abiertos,PRIMARY_OFFICIAL
2011,2011-11-20,4 - Almería,ESQUERDA UNIDA-OS VERDES: A ESQUERDA PLURAL - EU-V,0,0,Ministerio del Interior / portal oficial de datos abiertos,PRIMARY_OFFICIAL
2011,2011-11-20,4 - Almería,ESQUERRA REPUBLICANA - ESQUERRA,0,0,Ministerio del Interior / portal oficial de datos abiertos,PRIMARY_OFFICIAL
2011,2011-11-20,4 - Almería,ESQUERRA REPUBLICANA DE CATALUNYA-CATALUNYA SÍ - ERC - RI.ca,0,0,Ministerio del Interior / portal oficial de datos abiertos,PRIMARY_OFFICIAL
2011,2011-11-20,4 - Almería,ESQUERRA REPUBLICANA DE CATALUNYA-CATALUNYA SÍ - ERC-RI.cat,0,0,Ministerio del Interior / portal oficial de datos abiertos,PRIMARY_OFFICIAL
2011,2011-11-20,4 - Almería,ESQUERRA REPUBLICANA DEL PAÍS VALENCIÀ - ERPV,0,0,Ministerio del Interior / portal oficial de datos abiertos,PRIMARY_OFFICIAL
2011,2011-11-20,4 - Almería,ESQUERRA UNIDA DEL PAIS VALENCIA-LOS VERDES: L'ESQ - EUPV-LV,0,0,Ministerio del Interior / portal oficial de datos abiertos,PRIMARY_OFFICIAL
2011,2011-11-20,4 - Almería,ESQUERRA UNIDA ILLES BALEARS: LA IZQUIERDA PLURAL - EUIB,0,0,Ministerio del Interior / portal oficial de datos abiertos,PRIMARY_OFFICIAL
2011,2011-11-20,4 - Almería,ESQUERRA UNIDA PAÍS VALENCIÀ-ELS VERDS: L'ESQUERRA - EUPV-EV,0,0,Ministerio del Interior / portal oficial de datos abiertos,PRIMARY_OFFICIAL
2011,2011-11-20,4 - Almería,EUZKO ALDERDI JELTZALEA-PARTIDO NACIONALISTA VASCO - E.A.J.-P.N.,0,0,Ministerio del Interior / portal oficial de datos abiertos,PRIMARY_OFFICIAL
2011,2011-11-20,4 - Almería,EUZKO ALDERDI JELTZALEA-PARTIDO NACIONALISTA VASCO - EAJ-PNV,0,0,Ministerio del Interior / portal oficial de datos abiertos,PRIMARY_OFFICIAL
2011,2011-11-20,4 - Almería,FALANGE ESPAÑOLA DE LAS J.O.N.S. - FE de las J,0,0,Ministerio del Interior / portal oficial de datos abiertos,PRIMARY_OFFICIAL
2011,2011-11-20,4 - Almería,FAMILIA Y VIDA - PFyV,0,0,Ministerio del Interior / portal oficial de datos abiertos,PRIMARY_OFFICIAL
2011,2011-11-20,4 - Almería,FORO CENTRO Y DEMOCRACIA - CYD,0,0,Ministerio del Interior / portal oficial de datos abiertos,PRIMARY_OFFICIAL
2011,2011-11-20,4 - Almería,FORO DE CIUDADANOS - FAC,0,0,Ministerio del Interior / portal oficial de datos abiertos,PRIMARY_OFFICIAL
2011,2011-11-20,4 - Almería,GEROA BAI - GBAI,0,0,Ministerio del Interior / portal oficial de datos abiertos,PRIMARY_OFFICIAL
2011,2011-11-20,4 - Almería,HARTOS.ORG - HARTOS.ORG,0,0,Ministerio del Interior / portal oficial de datos abiertos,PRIMARY_OFFICIAL
2011,2011-11-20,4 - Almería,HIGIENE DEMOCRATICA - H.D.,0,0,Ministerio del Interior / portal oficial de datos abiertos,PRIMARY_OFFICIAL
2011,2011-11-20,4 - Almería,INICIATIVA PER CATALUNYA VERDS-ESQUERRA UNIDA I AL - ICV-EUiA,0,0,Ministerio del Interior / portal oficial de datos abiertos,PRIMARY_OFFICIAL
2011,2011-11-20,4 - Almería,INICIATIVA PER CATALUNYA VERDS-ESQUERRA UNIDA i AL - ICV-EUiA,0,0,Ministerio del Interior / portal oficial de datos abiertos,PRIMARY_OFFICIAL
2011,2011-11-20,4 - Almería,IU - LOS VERDES: LA IZQUIERDA PLURAL / EZKER ANITZ - IU-LV,0,0,Ministerio del Interior / portal oficial de datos abiertos,PRIMARY_OFFICIAL
2011,2011-11-20,4 - Almería,IZQUIERDA UNIDA - PARTIDO DEMOCRÁTICO Y SOCIAL DE - IU-PDSC,0,0,Ministerio del Interior / portal oficial de datos abiertos,PRIMARY_OFFICIAL
2011,2011-11-20,4 - Almería,IZQUIERDA UNIDA CANARIA-INICIATIVA POR EL HIERRO-L - IUC-IpH-LV,0,0,Ministerio del Interior / portal oficial de datos abiertos,PRIMARY_OFFICIAL
2011,2011-11-20,4 - Almería,IZQUIERDA UNIDA DE ASTURIAS-IZQUIERDA XUNIDA D'AST - IU-IX,0,0,Ministerio del Interior / portal oficial de datos abiertos,PRIMARY_OFFICIAL
2011,2011-11-20,4 - Almería,IZQUIERDA UNIDA DE CANTABRIA: LA IZQUIERDA PLURAL - IUC,0,0,Ministerio del Interior / portal oficial de datos abiertos,PRIMARY_OFFICIAL
2011,2011-11-20,4 - Almería,IZQUIERDA UNIDA DE CASTILLA Y LEON: LA IZQUIERDA P - IUCL,0,0,Ministerio del Interior / portal oficial de datos abiertos,PRIMARY_OFFICIAL
2011,2011-11-20,4 - Almería,IZQUIERDA UNIDA DE CASTILLA Y LEON: LA IZQUIERDA P - IUCyL,0,0,Ministerio del Interior / portal oficial de datos abiertos,PRIMARY_OFFICIAL
2011,2011-11-20,4 - Almería,IZQUIERDA UNIDA DE CASTILLA Y LEÓN: LA IZQUIERDA P - IU CyL,0,0,Ministerio del Interior / portal oficial de datos abiertos,PRIMARY_OFFICIAL
2011,2011-11-20,4 - Almería,IZQUIERDA UNIDA DE CASTILLA Y LEÓN: LA IZQUIERDA P - IUCL,0,0,Ministerio del Interior / portal oficial de datos abiertos,PRIMARY_OFFICIAL
2011,2011-11-20,4 - Almería,IZQUIERDA UNIDA DE CASTILLA-LA MANCHA-LOS VERDES: - IUCLM-LV,0,0,Ministerio del Interior / portal oficial de datos abiertos,PRIMARY_OFFICIAL
2011,2011-11-20,4 - Almería,IZQUIERDA UNIDA DE CASTILLA-LA MANCHA-LOS VERDES: - IUCM-LV,0,0,Ministerio del Interior / portal oficial de datos abiertos,PRIMARY_OFFICIAL
2011,2011-11-20,4 - Almería,IZQUIERDA UNIDA LOS VERDES-CONVOCATORIA POR ANDALU - IULV-CA,16445,0,Ministerio del Interior / portal oficial de datos abiertos,PRIMARY_OFFICIAL
2011,2011-11-20,4 - Almería,IZQUIERDA UNIDA VERDES-SOCIALISTAS INDEPENDIENTES - IU-V-SIEX:,0,0,Ministerio del Interior / portal oficial de datos abiertos,PRIMARY_OFFICIAL
2011,2011-11-20,4 - Almería,IZQUIERDA UNIDA VERDES-SOCIALISTAS INDEPENDIENTES - IU-VERDES-S,0,0,Ministerio del Interior / portal oficial de datos abiertos,PRIMARY_OFFICIAL
2011,2011-11-20,4 - Almería,IZQUIERDA UNIDA-LA IZQUIERDA PLURAL - I.U.,0,0,Ministerio del Interior / portal oficial de datos abiertos,PRIMARY_OFFICIAL
2011,2011-11-20,4 - Almería,IZQUIERDA UNIDA-LOS VERDES: LA IZQUIERDA PLURAL - IU-LV,0,0,Ministerio del Interior / portal oficial de datos abiertos,PRIMARY_OFFICIAL
2011,2011-11-20,4 - Almería,IZQUIERDA UNIDA-LOS VERDES: LA IZQUIERDA PLURAL/EZ - I.U.,0,0,Ministerio del Interior / portal oficial de datos abiertos,PRIMARY_OFFICIAL
2011,2011-11-20,4 - Almería,IZQUIERDA UNIDA-LOS VERDES: LA IZQUIERDA PLURAL/EZ - IU-LV,0,0,Ministerio del Interior / portal oficial de datos abiertos,PRIMARY_OFFICIAL
2011,2011-11-20,4 - Almería,IZQUIERDA UNIDA-VERDES DE LA REGION DE MURCIA: LA - IUV-RM,0,0,Ministerio del Interior / portal oficial de datos abiertos,PRIMARY_OFFICIAL
2011,2011-11-20,4 - Almería,IZQUIERDA-EZKERRA/LA IZQUIERDA PLURAL - IZQUIERDA-E,0,0,Ministerio del Interior / portal oficial de datos abiertos,PRIMARY_OFFICIAL
2011,2011-11-20,4 - Almería,LOS VERDES-GRUPO VERDE - LV-GV,0,0,Ministerio del Interior / portal oficial de datos abiertos,PRIMARY_OFFICIAL
2011,2011-11-20,4 - Almería,MUERTE AL SISTEMA - +MAS+,0,0,Ministerio del Interior / portal oficial de datos abiertos,PRIMARY_OFFICIAL
2011,2011-11-20,4 - Almería,PARTIDO ANDALUCISTA - P.A.,0,0,Ministerio del Interior / portal oficial de datos abiertos,PRIMARY_OFFICIAL
2011,2011-11-20,4 - Almería,PARTIDO ANDALUCISTA - PA,2659,0,Ministerio del Interior / portal oficial de datos abiertos,PRIMARY_OFFICIAL
2011,2011-11-20,4 - Almería,PARTIDO ANIMALISTA CONTRA EL MALTRATO ANIMAL - PACMA,0,0,Ministerio del Interior / portal oficial de datos abiertos,PRIMARY_OFFICIAL
2011,2011-11-20,4 - Almería,PARTIDO CASTELLANO - PCAS,0,0,Ministerio del Interior / portal oficial de datos abiertos,PRIMARY_OFFICIAL
2011,2011-11-20,4 - Almería,PARTIDO COMUNISTA DE LOS PUEBLOS DE ESPAÑA - P.C.P.E.,0,0,Ministerio del Interior / portal oficial de datos abiertos,PRIMARY_OFFICIAL
2011,2011-11-20,4 - Almería,PARTIDO COMUNISTA DE LOS PUEBLOS DE ESPAÑA - PCPE,0,0,Ministerio del Interior / portal oficial de datos abiertos,PRIMARY_OFFICIAL
2011,2011-11-20,4 - Almería,PARTIDO DE CASTILLA Y LEÓN - PCAL,0,0,Ministerio del Interior / portal oficial de datos abiertos,PRIMARY_OFFICIAL
2011,2011-11-20,4 - Almería,PARTIDO DE INTERNET - INTERNET,0,0,Ministerio del Interior / portal oficial de datos abiertos,PRIMARY_OFFICIAL
2011,2011-11-20,4 - Almería,PARTIDO DE LA LIBERTAD INDIVIDUAL - P-LIB,0,0,Ministerio del Interior / portal oficial de datos abiertos,PRIMARY_OFFICIAL
2011,2011-11-20,4 - Almería,PARTIDO DEMOCRATICO Y CONSTITUCIONAL - PDYC,0,0,Ministerio del Interior / portal oficial de datos abiertos,PRIMARY_OFFICIAL
2011,2011-11-20,4 - Almería,PARTIDO DOS SOCIALISTAS DE GALICIA - PARTIDO SOCIA - PSdeG-PSOE,0,0,Ministerio del Interior / portal oficial de datos abiertos,PRIMARY_OFFICIAL
2011,2011-11-20,4 - Almería,PARTIDO DOS SOCIALISTAS DE GALICIA - PSOE - PSdeG-PSOE,0,0,Ministerio del Interior / portal oficial de datos abiertos,PRIMARY_OFFICIAL
2011,2011-11-20,4 - Almería,PARTIDO HUMANISTA - PH,0,0,Ministerio del Interior / portal oficial de datos abiertos,PRIMARY_OFFICIAL
2011,2011-11-20,4 - Almería,PARTIDO OBRERO SOCIALISTA INTERNACIONALISTA - P.O.S.I.,0,0,Ministerio del Interior / portal oficial de datos abiertos,PRIMARY_OFFICIAL
2011,2011-11-20,4 - Almería,PARTIDO OBRERO SOCIALISTA INTERNACIONALISTA - POSI,0,0,Ministerio del Interior / portal oficial de datos abiertos,PRIMARY_OFFICIAL
2011,2011-11-20,4 - Almería,PARTIDO PARA LA REGENERACION DE LA DEMOCRACIA EN E - P.R.D.E.,0,0,Ministerio del Interior / portal oficial de datos abiertos,PRIMARY_OFFICIAL
2011,2011-11-20,4 - Almería,PARTIDO PIRATA - PIRATA,0,0,Ministerio del Interior / portal oficial de datos abiertos,PRIMARY_OFFICIAL
2011,2011-11-20,4 - Almería,PARTIDO POPULAR - P.P.,180249,4,Ministerio del Interior / portal oficial de datos abiertos,PRIMARY_OFFICIAL
2011,2011-11-20,4 - Almería,PARTIDO POPULAR - PP,0,0,Ministerio del Interior / portal oficial de datos abiertos,PRIMARY_OFFICIAL
2011,2011-11-20,4 - Almería,PARTIDO POPULAR EN COALICIÓN CON EL PARTIDO ARAGON - PP-PAR,0,0,Ministerio del Interior / portal oficial de datos abiertos,PRIMARY_OFFICIAL
2011,2011-11-20,4 - Almería,PARTIDO POPULAR-EXTREMADURA UNIDA - P.P-E.U.,0,0,Ministerio del Interior / portal oficial de datos abiertos,PRIMARY_OFFICIAL
2011,2011-11-20,4 - Almería,PARTIDO POPULAR-EXTREMADURA UNIDA - PP-EU,0,0,Ministerio del Interior / portal oficial de datos abiertos,PRIMARY_OFFICIAL
2011,2011-11-20,4 - Almería,PARTIDO REGIONALISTA DE CANTABRIA - P.R.C.,0,0,Ministerio del Interior / portal oficial de datos abiertos,PRIMARY_OFFICIAL
2011,2011-11-20,4 - Almería,PARTIDO REGIONALISTA DEL PAIS LEONES - PREPAL,0,0,Ministerio del Interior / portal oficial de datos abiertos,PRIMARY_OFFICIAL
2011,2011-11-20,4 - Almería,PARTIDO REGIONALISTA POR ANDALUCIA ORIENTAL - PRAO,253,0,Ministerio del Interior / portal oficial de datos abiertos,PRIMARY_OFFICIAL
2011,2011-11-20,4 - Almería,PARTIDO SOCIALISTA DE EUSKADI-EUSKADIKO EZKERRA (P - PSE-EE (PSO,0,0,Ministerio del Interior / portal oficial de datos abiertos,PRIMARY_OFFICIAL
2011,2011-11-20,4 - Almería,PARTIDO SOCIALISTA OBRERO ESPAÑOL - P.S.O.E.,0,0,Ministerio del Interior / portal oficial de datos abiertos,PRIMARY_OFFICIAL
2011,2011-11-20,4 - Almería,PARTIDO SOCIALISTA OBRERO ESPAÑOL - PSOE,93495,2,Ministerio del Interior / portal oficial de datos abiertos,PRIMARY_OFFICIAL
2011,2011-11-20,4 - Almería,PARTIT ANIMALISTA CONTRA EL MALTRACTAMENT ANIMAL - PACMA,0,0,Ministerio del Interior / portal oficial de datos abiertos,PRIMARY_OFFICIAL
2011,2011-11-20,4 - Almería,PARTIT COMUNISTA DEL POBLE DE CATALUNYA - PCPC,0,0,Ministerio del Interior / portal oficial de datos abiertos,PRIMARY_OFFICIAL
2011,2011-11-20,4 - Almería,PARTIT COMUNISTA DELS POBLES D'ESPANYA - P.C.P.E.,0,0,Ministerio del Interior / portal oficial de datos abiertos,PRIMARY_OFFICIAL
2011,2011-11-20,4 - Almería,PARTIT DELS SOCIALISTES DE CATALUNYA - PSC-PSOE,0,0,Ministerio del Interior / portal oficial de datos abiertos,PRIMARY_OFFICIAL
2011,2011-11-20,4 - Almería,PARTIT POPULAR/PARTIDO POPULAR - P.P.,0,0,Ministerio del Interior / portal oficial de datos abiertos,PRIMARY_OFFICIAL
2011,2011-11-20,4 - Almería,PARTIT REPUBLICÀ D'ESQUERRA-REPUBLICANS - PRE-R,0,0,Ministerio del Interior / portal oficial de datos abiertos,PRIMARY_OFFICIAL
2011,2011-11-20,4 - Almería,PER UN MÓN MÉS JUST - PUM+J,0,0,Ministerio del Interior / portal oficial de datos abiertos,PRIMARY_OFFICIAL
2011,2011-11-20,4 - Almería,PIRATES DE CATALUNYA - PIRATA.CAT,0,0,Ministerio del Interior / portal oficial de datos abiertos,PRIMARY_OFFICIAL
2011,2011-11-20,4 - Almería,PLATAFORMA PER CATALUNYA - PxC,0,0,Ministerio del Interior / portal oficial de datos abiertos,PRIMARY_OFFICIAL
2011,2011-11-20,4 - Almería,POR UN MUNDO MÁS JUSTO - PUM+J,0,0,Ministerio del Interior / portal oficial de datos abiertos,PRIMARY_OFFICIAL
2011,2011-11-20,4 - Almería,PSM-INICIATIVA VERDS-ENTESA-EQUO - PSM-IV-EXM-,0,0,Ministerio del Interior / portal oficial de datos abiertos,PRIMARY_OFFICIAL
2011,2011-11-20,4 - Almería,REPUBLICANOS - RPS,0,0,Ministerio del Interior / portal oficial de datos abiertos,PRIMARY_OFFICIAL
2011,2011-11-20,4 - Almería,SOCIALISTAS POR TERUEL - SXT,0,0,Ministerio del Interior / portal oficial de datos abiertos,PRIMARY_OFFICIAL
2011,2011-11-20,4 - Almería,SOLIDARIDAD Y AUTOGESTION INTERNACIONALISTA - SAIn,0,0,Ministerio del Interior / portal oficial de datos abiertos,PRIMARY_OFFICIAL
2011,2011-11-20,4 - Almería,"SÍ SE PUEDE, SOCIALISTAS POR TENERIFE, EQUO - SSP-SxTF-EQ",0,0,Ministerio del Interior / portal oficial de datos abiertos,PRIMARY_OFFICIAL
2011,2011-11-20,4 - Almería,UNIDAD DEL PUEBLO - UNIDAD DEL,0,0,Ministerio del Interior / portal oficial de datos abiertos,PRIMARY_OFFICIAL
2011,2011-11-20,4 - Almería,UNIDAD REGIONALISTA DE CASTILLA Y LEON - U.R.C.L.,0,0,Ministerio del Interior / portal oficial de datos abiertos,PRIMARY_OFFICIAL
2011,2011-11-20,4 - Almería,UNIFICACIÓN COMUNISTA DE ESPAÑA - U.C.E.,178,0,Ministerio del Interior / portal oficial de datos abiertos,PRIMARY_OFFICIAL
2011,2011-11-20,4 - Almería,UNIFICACIÓN COMUNISTA DE ESPAÑA - UCE,0,0,Ministerio del Interior / portal oficial de datos abiertos,PRIMARY_OFFICIAL
2011,2011-11-20,4 - Almería,UNION DE CIUDADANOS INDEPENDIENTES DE TOLEDO - U.C.I.T.,0,0,Ministerio del Interior / portal oficial de datos abiertos,PRIMARY_OFFICIAL
2011,2011-11-20,4 - Almería,UNITS X VALENCIA - UxV,0,0,Ministerio del Interior / portal oficial de datos abiertos,PRIMARY_OFFICIAL
2011,2011-11-20,4 - Almería,UNIÓN DEL PUEBLO NAVARRO EN COALICIÓN CON EL PARTI - UPN-PP,0,0,Ministerio del Interior / portal oficial de datos abiertos,PRIMARY_OFFICIAL
2011,2011-11-20,4 - Almería,UNIÓN PROGRESO Y DEMOCRACIA - UPyD,12225,0,Ministerio del Interior / portal oficial de datos abiertos,PRIMARY_OFFICIAL
2011,2011-11-20,40 - Segovia,ACCION CIUDADANA POR MALAGA - ACIMA,0,0,Ministerio del Interior / portal oficial de datos abiertos,PRIMARY_OFFICIAL
2011,2011-11-20,40 - Segovia,ALTERNATIVA NACIONALISTA CANARIA - ANC,0,0,Ministerio del Interior / portal oficial de datos abiertos,PRIMARY_OFFICIAL
2011,2011-11-20,40 - Segovia,AMAIUR - AMAIUR,0,0,Ministerio del Interior / portal oficial de datos abiertos,PRIMARY_OFFICIAL
2011,2011-11-20,40 - Segovia,ANDECHA ASTUR - ANDECHA,0,0,Ministerio del Interior / portal oficial de datos abiertos,PRIMARY_OFFICIAL
2011,2011-11-20,40 - Segovia,ANTICAPITALISTAS - ANTICAPITAL,0,0,Ministerio del Interior / portal oficial de datos abiertos,PRIMARY_OFFICIAL
2011,2011-11-20,40 - Segovia,ANTICAPITALISTES - ANTICAPITAL,0,0,Ministerio del Interior / portal oficial de datos abiertos,PRIMARY_OFFICIAL
2011,2011-11-20,40 - Segovia,"BASTA YA, AGRUPACIÓN ABIERTA DE PARTIDOS POLÍTICOS - BASTA YA",0,0,Ministerio del Interior / portal oficial de datos abiertos,PRIMARY_OFFICIAL
2011,2011-11-20,40 - Segovia,BIDEZKO MUNDURANTZ/POR UN MUNDO MAS JUSTO - PUM+J,0,0,Ministerio del Interior / portal oficial de datos abiertos,PRIMARY_OFFICIAL
2011,2011-11-20,40 - Segovia,BIDEZKO MUNDURANTZ/POR UN MUNDO MÁS JUSTO - PU M+J,0,0,Ministerio del Interior / portal oficial de datos abiertos,PRIMARY_OFFICIAL
2011,2011-11-20,40 - Segovia,BLOC-INICIATIVA-VERDS-EQUO-COALICIÓ COMPROMÍS - COMPROMÍS-Q,0,0,Ministerio del Interior / portal oficial de datos abiertos,PRIMARY_OFFICIAL
2011,2011-11-20,40 - Segovia,BLOQUE NACIONALISTA GALEGO - B.N.G.,0,0,Ministerio del Interior / portal oficial de datos abiertos,PRIMARY_OFFICIAL
2011,2011-11-20,40 - Segovia,BLOQUE NACIONALISTA GALEGO - BNG,0,0,Ministerio del Interior / portal oficial de datos abiertos,PRIMARY_OFFICIAL
2011,2011-11-20,40 - Segovia,CANARIAS VERDE Y ROJA: LA IZQUIERDA PLURAL - IUC-CxI,0,0,Ministerio del Interior / portal oficial de datos abiertos,PRIMARY_OFFICIAL
2011,2011-11-20,40 - Segovia,CENTRO DEMOCRATICO LIBERAL - C.D.L.,0,0,Ministerio del Interior / portal oficial de datos abiertos,PRIMARY_OFFICIAL
2011,2011-11-20,40 - Segovia,"CHUNTA ARAGONESISTA-IZQUIERDA UNIDA, LA IZQUIERDA - CHA-IU",0,0,Ministerio del Interior / portal oficial de datos abiertos,PRIMARY_OFFICIAL
2011,2011-11-20,40 - Segovia,"CHUNTA ARAGONESISTA-IZQUIERDA UNIDA, La Izquierda - CHA-IU",0,0,Ministerio del Interior / portal oficial de datos abiertos,PRIMARY_OFFICIAL
2011,2011-11-20,40 - Segovia,CIUDADANOS DE CENTRO DEMOCRÁTICO - CCD,0,0,Ministerio del Interior / portal oficial de datos abiertos,PRIMARY_OFFICIAL
2011,2011-11-20,40 - Segovia,COALICION CABALLAS - Caballas,0,0,Ministerio del Interior / portal oficial de datos abiertos,PRIMARY_OFFICIAL
2011,2011-11-20,40 - Segovia,COALICIÓN CANARIA-NUEVA CANARIAS - CC-NC-PNC,0,0,Ministerio del Interior / portal oficial de datos abiertos,PRIMARY_OFFICIAL
2011,2011-11-20,40 - Segovia,CONVERGENCIA POR EXTREMADURA - CEx,0,0,Ministerio del Interior / portal oficial de datos abiertos,PRIMARY_OFFICIAL
2011,2011-11-20,40 - Segovia,CONVERGÈNCIA I UNIÓ - CiU,0,0,Ministerio del Interior / portal oficial de datos abiertos,PRIMARY_OFFICIAL
2011,2011-11-20,40 - Segovia,CONVERGÈNCIA i UNIÓ - CiU,0,0,Ministerio del Interior / portal oficial de datos abiertos,PRIMARY_OFFICIAL
2011,2011-11-20,40 - Segovia,CONVERXENCIA VINTEÚN - C.XXI,0,0,Ministerio del Interior / portal oficial de datos abiertos,PRIMARY_OFFICIAL
2011,2011-11-20,40 - Segovia,CONVERXENCIA VINTEÚN - CXXI,0,0,Ministerio del Interior / portal oficial de datos abiertos,PRIMARY_OFFICIAL
2011,2011-11-20,40 - Segovia,DEMOCRACIA NACIONAL - D.N.,0,0,Ministerio del Interior / portal oficial de datos abiertos,PRIMARY_OFFICIAL
2011,2011-11-20,40 - Segovia,DEMOS EL CAMBIO - DeC,0,0,Ministerio del Interior / portal oficial de datos abiertos,PRIMARY_OFFICIAL
2011,2011-11-20,40 - Segovia,DERECHA NAVARRA Y ESPAÑOLA - DNE,0,0,Ministerio del Interior / portal oficial de datos abiertos,PRIMARY_OFFICIAL
2011,2011-11-20,40 - Segovia,EQUO - EQUO,981,0,Ministerio del Interior / portal oficial de datos abiertos,PRIMARY_OFFICIAL
2011,2011-11-20,40 - Segovia,EQUO - eQuo,0,0,Ministerio del Interior / portal oficial de datos abiertos,PRIMARY_OFFICIAL
2011,2011-11-20,40 - Segovia,ESCAÑOS EN BLANCO - Eb,0,0,Ministerio del Interior / portal oficial de datos abiertos,PRIMARY_OFFICIAL
2011,2011-11-20,40 - Segovia,ESCAÑOS EN BLANCO/ESCONS EN BLANC - EB,0,0,Ministerio del Interior / portal oficial de datos abiertos,PRIMARY_OFFICIAL
2011,2011-11-20,40 - Segovia,ESCONS EN BLANC - Eb,0,0,Ministerio del Interior / portal oficial de datos abiertos,PRIMARY_OFFICIAL
2011,2011-11-20,40 - Segovia,ESPAÑA 2000 - ESPAÑA 2000,0,0,Ministerio del Interior / portal oficial de datos abiertos,PRIMARY_OFFICIAL
2011,2011-11-20,40 - Segovia,ESQUERDA UNIDA-OS VERDES: A ESQUERDA PLURAL - EU-V,0,0,Ministerio del Interior / portal oficial de datos abiertos,PRIMARY_OFFICIAL
2011,2011-11-20,40 - Segovia,ESQUERRA REPUBLICANA - ESQUERRA,0,0,Ministerio del Interior / portal oficial de datos abiertos,PRIMARY_OFFICIAL
2011,2011-11-20,40 - Segovia,ESQUERRA REPUBLICANA DE CATALUNYA-CATALUNYA SÍ - ERC - RI.ca,0,0,Ministerio del Interior / portal oficial de datos abiertos,PRIMARY_OFFICIAL
2011,2011-11-20,40 - Segovia,ESQUERRA REPUBLICANA DE CATALUNYA-CATALUNYA SÍ - ERC-RI.cat,0,0,Ministerio del Interior / portal oficial de datos abiertos,PRIMARY_OFFICIAL
2011,2011-11-20,40 - Segovia,ESQUERRA REPUBLICANA DEL PAÍS VALENCIÀ - ERPV,0,0,Ministerio del Interior / portal oficial de datos abiertos,PRIMARY_OFFICIAL
2011,2011-11-20,40 - Segovia,ESQUERRA UNIDA DEL PAIS VALENCIA-LOS VERDES: L'ESQ - EUPV-LV,0,0,Ministerio del Interior / portal oficial de datos abiertos,PRIMARY_OFFICIAL
2011,2011-11-20,40 - Segovia,ESQUERRA UNIDA ILLES BALEARS: LA IZQUIERDA PLURAL - EUIB,0,0,Ministerio del Interior / portal oficial de datos abiertos,PRIMARY_OFFICIAL
2011,2011-11-20,40 - Segovia,ESQUERRA UNIDA PAÍS VALENCIÀ-ELS VERDS: L'ESQUERRA - EUPV-EV,0,0,Ministerio del Interior / portal oficial de datos abiertos,PRIMARY_OFFICIAL
2011,2011-11-20,40 - Segovia,EUZKO ALDERDI JELTZALEA-PARTIDO NACIONALISTA VASCO - E.A.J.-P.N.,0,0,Ministerio del Interior / portal oficial de datos abiertos,PRIMARY_OFFICIAL
2011,2011-11-20,40 - Segovia,EUZKO ALDERDI JELTZALEA-PARTIDO NACIONALISTA VASCO - EAJ-PNV,0,0,Ministerio del Interior / portal oficial de datos abiertos,PRIMARY_OFFICIAL
2011,2011-11-20,40 - Segovia,FALANGE ESPAÑOLA DE LAS J.O.N.S. - FE de las J,247,0,Ministerio del Interior / portal oficial de datos abiertos,PRIMARY_OFFICIAL
2011,2011-11-20,40 - Segovia,FAMILIA Y VIDA - PFyV,0,0,Ministerio del Interior / portal oficial de datos abiertos,PRIMARY_OFFICIAL
2011,2011-11-20,40 - Segovia,FORO CENTRO Y DEMOCRACIA - CYD,0,0,Ministerio del Interior / portal oficial de datos abiertos,PRIMARY_OFFICIAL
2011,2011-11-20,40 - Segovia,FORO DE CIUDADANOS - FAC,0,0,Ministerio del Interior / portal oficial de datos abiertos,PRIMARY_OFFICIAL
2011,2011-11-20,40 - Segovia,GEROA BAI - GBAI,0,0,Ministerio del Interior / portal oficial de datos abiertos,PRIMARY_OFFICIAL
2011,2011-11-20,40 - Segovia,HARTOS.ORG - HARTOS.ORG,0,0,Ministerio del Interior / portal oficial de datos abiertos,PRIMARY_OFFICIAL
2011,2011-11-20,40 - Segovia,HIGIENE DEMOCRATICA - H.D.,0,0,Ministerio del Interior / portal oficial de datos abiertos,PRIMARY_OFFICIAL
2011,2011-11-20,40 - Segovia,INICIATIVA PER CATALUNYA VERDS-ESQUERRA UNIDA I AL - ICV-EUiA,0,0,Ministerio del Interior / portal oficial de datos abiertos,PRIMARY_OFFICIAL
2011,2011-11-20,40 - Segovia,INICIATIVA PER CATALUNYA VERDS-ESQUERRA UNIDA i AL - ICV-EUiA,0,0,Ministerio del Interior / portal oficial de datos abiertos,PRIMARY_OFFICIAL
2011,2011-11-20,40 - Segovia,IU - LOS VERDES: LA IZQUIERDA PLURAL / EZKER ANITZ - IU-LV,0,0,Ministerio del Interior / portal oficial de datos abiertos,PRIMARY_OFFICIAL
2011,2011-11-20,40 - Segovia,IZQUIERDA UNIDA - PARTIDO DEMOCRÁTICO Y SOCIAL DE - IU-PDSC,0,0,Ministerio del Interior / portal oficial de datos abiertos,PRIMARY_OFFICIAL
2011,2011-11-20,40 - Segovia,IZQUIERDA UNIDA CANARIA-INICIATIVA POR EL HIERRO-L - IUC-IpH-LV,0,0,Ministerio del Interior / portal oficial de datos abiertos,PRIMARY_OFFICIAL
2011,2011-11-20,40 - Segovia,IZQUIERDA UNIDA DE ASTURIAS-IZQUIERDA XUNIDA D'AST - IU-IX,0,0,Ministerio del Interior / portal oficial de datos abiertos,PRIMARY_OFFICIAL
2011,2011-11-20,40 - Segovia,IZQUIERDA UNIDA DE CANTABRIA: LA IZQUIERDA PLURAL - IUC,0,0,Ministerio del Interior / portal oficial de datos abiertos,PRIMARY_OFFICIAL
2011,2011-11-20,40 - Segovia,IZQUIERDA UNIDA DE CASTILLA Y LEON: LA IZQUIERDA P - IUCL,0,0,Ministerio del Interior / portal oficial de datos abiertos,PRIMARY_OFFICIAL
2011,2011-11-20,40 - Segovia,IZQUIERDA UNIDA DE CASTILLA Y LEON: LA IZQUIERDA P - IUCyL,0,0,Ministerio del Interior / portal oficial de datos abiertos,PRIMARY_OFFICIAL
2011,2011-11-20,40 - Segovia,IZQUIERDA UNIDA DE CASTILLA Y LEÓN: LA IZQUIERDA P - IU CyL,0,0,Ministerio del Interior / portal oficial de datos abiertos,PRIMARY_OFFICIAL
2011,2011-11-20,40 - Segovia,IZQUIERDA UNIDA DE CASTILLA Y LEÓN: LA IZQUIERDA P - IUCL,5237,0,Ministerio del Interior / portal oficial de datos abiertos,PRIMARY_OFFICIAL
2011,2011-11-20,40 - Segovia,IZQUIERDA UNIDA DE CASTILLA-LA MANCHA-LOS VERDES: - IUCLM-LV,0,0,Ministerio del Interior / portal oficial de datos abiertos,PRIMARY_OFFICIAL
2011,2011-11-20,40 - Segovia,IZQUIERDA UNIDA DE CASTILLA-LA MANCHA-LOS VERDES: - IUCM-LV,0,0,Ministerio del Interior / portal oficial de datos abiertos,PRIMARY_OFFICIAL
2011,2011-11-20,40 - Segovia,IZQUIERDA UNIDA LOS VERDES-CONVOCATORIA POR ANDALU - IULV-CA,0,0,Ministerio del Interior / portal oficial de datos abiertos,PRIMARY_OFFICIAL
2011,2011-11-20,40 - Segovia,IZQUIERDA UNIDA VERDES-SOCIALISTAS INDEPENDIENTES - IU-V-SIEX:,0,0,Ministerio del Interior / portal oficial de datos abiertos,PRIMARY_OFFICIAL
2011,2011-11-20,40 - Segovia,IZQUIERDA UNIDA VERDES-SOCIALISTAS INDEPENDIENTES - IU-VERDES-S,0,0,Ministerio del Interior / portal oficial de datos abiertos,PRIMARY_OFFICIAL
2011,2011-11-20,40 - Segovia,IZQUIERDA UNIDA-LA IZQUIERDA PLURAL - I.U.,0,0,Ministerio del Interior / portal oficial de datos abiertos,PRIMARY_OFFICIAL
2011,2011-11-20,40 - Segovia,IZQUIERDA UNIDA-LOS VERDES: LA IZQUIERDA PLURAL - IU-LV,0,0,Ministerio del Interior / portal oficial de datos abiertos,PRIMARY_OFFICIAL
2011,2011-11-20,40 - Segovia,IZQUIERDA UNIDA-LOS VERDES: LA IZQUIERDA PLURAL/EZ - I.U.,0,0,Ministerio del Interior / portal oficial de datos abiertos,PRIMARY_OFFICIAL
2011,2011-11-20,40 - Segovia,IZQUIERDA UNIDA-LOS VERDES: LA IZQUIERDA PLURAL/EZ - IU-LV,0,0,Ministerio del Interior / portal oficial de datos abiertos,PRIMARY_OFFICIAL
2011,2011-11-20,40 - Segovia,IZQUIERDA UNIDA-VERDES DE LA REGION DE MURCIA: LA - IUV-RM,0,0,Ministerio del Interior / portal oficial de datos abiertos,PRIMARY_OFFICIAL
2011,2011-11-20,40 - Segovia,IZQUIERDA-EZKERRA/LA IZQUIERDA PLURAL - IZQUIERDA-E,0,0,Ministerio del Interior / portal oficial de datos abiertos,PRIMARY_OFFICIAL
2011,2011-11-20,40 - Segovia,LOS VERDES-GRUPO VERDE - LV-GV,0,0,Ministerio del Interior / portal oficial de datos abiertos,PRIMARY_OFFICIAL
2011,2011-11-20,40 - Segovia,MUERTE AL SISTEMA - +MAS+,0,0,Ministerio del Interior / portal oficial de datos abiertos,PRIMARY_OFFICIAL
2011,2011-11-20,40 - Segovia,PARTIDO ANDALUCISTA - P.A.,0,0,Ministerio del Interior / portal oficial de datos abiertos,PRIMARY_OFFICIAL
2011,2011-11-20,40 - Segovia,PARTIDO ANDALUCISTA - PA,0,0,Ministerio del Interior / portal oficial de datos abiertos,PRIMARY_OFFICIAL
2011,2011-11-20,40 - Segovia,PARTIDO ANIMALISTA CONTRA EL MALTRATO ANIMAL - PACMA,353,0,Ministerio del Interior / portal oficial de datos abiertos,PRIMARY_OFFICIAL
2011,2011-11-20,40 - Segovia,PARTIDO CASTELLANO - PCAS,0,0,Ministerio del Interior / portal oficial de datos abiertos,PRIMARY_OFFICIAL
2011,2011-11-20,40 - Segovia,PARTIDO COMUNISTA DE LOS PUEBLOS DE ESPAÑA - P.C.P.E.,0,0,Ministerio del Interior / portal oficial de datos abiertos,PRIMARY_OFFICIAL
2011,2011-11-20,40 - Segovia,PARTIDO COMUNISTA DE LOS PUEBLOS DE ESPAÑA - PCPE,0,0,Ministerio del Interior / portal oficial de datos abiertos,PRIMARY_OFFICIAL
2011,2011-11-20,40 - Segovia,PARTIDO DE CASTILLA Y LEÓN - PCAL,0,0,Ministerio del Interior / portal oficial de datos abiertos,PRIMARY_OFFICIAL
2011,2011-11-20,40 - Segovia,PARTIDO DE INTERNET - INTERNET,0,0,Ministerio del Interior / portal oficial de datos abiertos,PRIMARY_OFFICIAL
2011,2011-11-20,40 - Segovia,PARTIDO DE LA LIBERTAD INDIVIDUAL - P-LIB,0,0,Ministerio del Interior / portal oficial de datos abiertos,PRIMARY_OFFICIAL
2011,2011-11-20,40 - Segovia,PARTIDO DEMOCRATICO Y CONSTITUCIONAL - PDYC,0,0,Ministerio del Interior / portal oficial de datos abiertos,PRIMARY_OFFICIAL
2011,2011-11-20,40 - Segovia,PARTIDO DOS SOCIALISTAS DE GALICIA - PARTIDO SOCIA - PSdeG-PSOE,0,0,Ministerio del Interior / portal oficial de datos abiertos,PRIMARY_OFFICIAL
2011,2011-11-20,40 - Segovia,PARTIDO DOS SOCIALISTAS DE GALICIA - PSOE - PSdeG-PSOE,0,0,Ministerio del Interior / portal oficial de datos abiertos,PRIMARY_OFFICIAL
2011,2011-11-20,40 - Segovia,PARTIDO HUMANISTA - PH,0,0,Ministerio del Interior / portal oficial de datos abiertos,PRIMARY_OFFICIAL
2011,2011-11-20,40 - Segovia,PARTIDO OBRERO SOCIALISTA INTERNACIONALISTA - P.O.S.I.,0,0,Ministerio del Interior / portal oficial de datos abiertos,PRIMARY_OFFICIAL
2011,2011-11-20,40 - Segovia,PARTIDO OBRERO SOCIALISTA INTERNACIONALISTA - POSI,0,0,Ministerio del Interior / portal oficial de datos abiertos,PRIMARY_OFFICIAL
2011,2011-11-20,40 - Segovia,PARTIDO PARA LA REGENERACION DE LA DEMOCRACIA EN E - P.R.D.E.,0,0,Ministerio del Interior / portal oficial de datos abiertos,PRIMARY_OFFICIAL
2011,2011-11-20,40 - Segovia,PARTIDO PIRATA - PIRATA,0,0,Ministerio del Interior / portal oficial de datos abiertos,PRIMARY_OFFICIAL
2011,2011-11-20,40 - Segovia,PARTIDO POPULAR - P.P.,52173,2,Ministerio del Interior / portal oficial de datos abiertos,PRIMARY_OFFICIAL
2011,2011-11-20,40 - Segovia,PARTIDO POPULAR - PP,0,0,Ministerio del Interior / portal oficial de datos abiertos,PRIMARY_OFFICIAL
2011,2011-11-20,40 - Segovia,PARTIDO POPULAR EN COALICIÓN CON EL PARTIDO ARAGON - PP-PAR,0,0,Ministerio del Interior / portal oficial de datos abiertos,PRIMARY_OFFICIAL
2011,2011-11-20,40 - Segovia,PARTIDO POPULAR-EXTREMADURA UNIDA - P.P-E.U.,0,0,Ministerio del Interior / portal oficial de datos abiertos,PRIMARY_OFFICIAL
2011,2011-11-20,40 - Segovia,PARTIDO POPULAR-EXTREMADURA UNIDA - PP-EU,0,0,Ministerio del Interior / portal oficial de datos abiertos,PRIMARY_OFFICIAL
2011,2011-11-20,40 - Segovia,PARTIDO REGIONALISTA DE CANTABRIA - P.R.C.,0,0,Ministerio del Interior / portal oficial de datos abiertos,PRIMARY_OFFICIAL
2011,2011-11-20,40 - Segovia,PARTIDO REGIONALISTA DEL PAIS LEONES - PREPAL,0,0,Ministerio del Interior / portal oficial de datos abiertos,PRIMARY_OFFICIAL
2011,2011-11-20,40 - Segovia,PARTIDO REGIONALISTA POR ANDALUCIA ORIENTAL - PRAO,0,0,Ministerio del Interior / portal oficial de datos abiertos,PRIMARY_OFFICIAL
2011,2011-11-20,40 - Segovia,PARTIDO SOCIALISTA DE EUSKADI-EUSKADIKO EZKERRA (P - PSE-EE (PSO,0,0,Ministerio del Interior / portal oficial de datos abiertos,PRIMARY_OFFICIAL
2011,2011-11-20,40 - Segovia,PARTIDO SOCIALISTA OBRERO ESPAÑOL - P.S.O.E.,24780,1,Ministerio del Interior / portal oficial de datos abiertos,PRIMARY_OFFICIAL
2011,2011-11-20,40 - Segovia,PARTIDO SOCIALISTA OBRERO ESPAÑOL - PSOE,0,0,Ministerio del Interior / portal oficial de datos abiertos,PRIMARY_OFFICIAL
2011,2011-11-20,40 - Segovia,PARTIT ANIMALISTA CONTRA EL MALTRACTAMENT ANIMAL - PACMA,0,0,Ministerio del Interior / portal oficial de datos abiertos,PRIMARY_OFFICIAL
2011,2011-11-20,40 - Segovia,PARTIT COMUNISTA DEL POBLE DE CATALUNYA - PCPC,0,0,Ministerio del Interior / portal oficial de datos abiertos,PRIMARY_OFFICIAL
2011,2011-11-20,40 - Segovia,PARTIT COMUNISTA DELS POBLES D'ESPANYA - P.C.P.E.,0,0,Ministerio del Interior / portal oficial de datos abiertos,PRIMARY_OFFICIAL
2011,2011-11-20,40 - Segovia,PARTIT DELS SOCIALISTES DE CATALUNYA - PSC-PSOE,0,0,Ministerio del Interior / portal oficial de datos abiertos,PRIMARY_OFFICIAL
2011,2011-11-20,40 - Segovia,PARTIT POPULAR/PARTIDO POPULAR - P.P.,0,0,Ministerio del Interior / portal oficial de datos abiertos,PRIMARY_OFFICIAL
2011,2011-11-20,40 - Segovia,PARTIT REPUBLICÀ D'ESQUERRA-REPUBLICANS - PRE-R,0,0,Ministerio del Interior / portal oficial de datos abiertos,PRIMARY_OFFICIAL
2011,2011-11-20,40 - Segovia,PER UN MÓN MÉS JUST - PUM+J,0,0,Ministerio del Interior / portal oficial de datos abiertos,PRIMARY_OFFICIAL
2011,2011-11-20,40 - Segovia,PIRATES DE CATALUNYA - PIRATA.CAT,0,0,Ministerio del Interior / portal oficial de datos abiertos,PRIMARY_OFFICIAL
2011,2011-11-20,40 - Segovia,PLATAFORMA PER CATALUNYA - PxC,0,0,Ministerio del Interior / portal oficial de datos abiertos,PRIMARY_OFFICIAL
2011,2011-11-20,40 - Segovia,POR UN MUNDO MÁS JUSTO - PUM+J,237,0,Ministerio del Interior / portal oficial de datos abiertos,PRIMARY_OFFICIAL
2011,2011-11-20,40 - Segovia,PSM-INICIATIVA VERDS-ENTESA-EQUO - PSM-IV-EXM-,0,0,Ministerio del Interior / portal oficial de datos abiertos,PRIMARY_OFFICIAL
2011,2011-11-20,40 - Segovia,REPUBLICANOS - RPS,0,0,Ministerio del Interior / portal oficial de datos abiertos,PRIMARY_OFFICIAL
2011,2011-11-20,40 - Segovia,SOCIALISTAS POR TERUEL - SXT,0,0,Ministerio del Interior / portal oficial de datos abiertos,PRIMARY_OFFICIAL
2011,2011-11-20,40 - Segovia,SOLIDARIDAD Y AUTOGESTION INTERNACIONALISTA - SAIn,0,0,Ministerio del Interior / portal oficial de datos abiertos,PRIMARY_OFFICIAL
2011,2011-11-20,40 - Segovia,"SÍ SE PUEDE, SOCIALISTAS POR TENERIFE, EQUO - SSP-SxTF-EQ",0,0,Ministerio del Interior / portal oficial de datos abiertos,PRIMARY_OFFICIAL
2011,2011-11-20,40 - Segovia,UNIDAD DEL PUEBLO - UNIDAD DEL,0,0,Ministerio del Interior / portal oficial de datos abiertos,PRIMARY_OFFICIAL
2011,2011-11-20,40 - Segovia,UNIDAD REGIONALISTA DE CASTILLA Y LEON - U.R.C.L.,0,0,Ministerio del Interior / portal oficial de datos abiertos,PRIMARY_OFFICIAL
2011,2011-11-20,40 - Segovia,UNIFICACIÓN COMUNISTA DE ESPAÑA - U.C.E.,115,0,Ministerio del Interior / portal oficial de datos abiertos,PRIMARY_OFFICIAL
2011,2011-11-20,40 - Segovia,UNIFICACIÓN COMUNISTA DE ESPAÑA - UCE,0,0,Ministerio del Interior / portal oficial de datos abiertos,PRIMARY_OFFICIAL
2011,2011-11-20,40 - Segovia,UNION DE CIUDADANOS INDEPENDIENTES DE TOLEDO - U.C.I.T.,0,0,Ministerio del Interior / portal oficial de datos abiertos,PRIMARY_OFFICIAL
2011,2011-11-20,40 - Segovia,UNITS X VALENCIA - UxV,0,0,Ministerio del Interior / portal oficial de datos abiertos,PRIMARY_OFFICIAL
2011,2011-11-20,40 - Segovia,UNIÓN DEL PUEBLO NAVARRO EN COALICIÓN CON EL PARTI - UPN-PP,0,0,Ministerio del Interior / portal oficial de datos abiertos,PRIMARY_OFFICIAL
2011,2011-11-20,40 - Segovia,UNIÓN PROGRESO Y DEMOCRACIA - UPyD,6889,0,Ministerio del Interior / portal oficial de datos abiertos,PRIMARY_OFFICIAL
2011,2011-11-20,41 - Sevilla,ACCION CIUDADANA POR MALAGA - ACIMA,0,0,Ministerio del Interior / portal oficial de datos abiertos,PRIMARY_OFFICIAL
2011,2011-11-20,41 - Sevilla,ALTERNATIVA NACIONALISTA CANARIA - ANC,0,0,Ministerio del Interior / portal oficial de datos abiertos,PRIMARY_OFFICIAL
2011,2011-11-20,41 - Sevilla,AMAIUR - AMAIUR,0,0,Ministerio del Interior / portal oficial de datos abiertos,PRIMARY_OFFICIAL
2011,2011-11-20,41 - Sevilla,ANDECHA ASTUR - ANDECHA,0,0,Ministerio del Interior / portal oficial de datos abiertos,PRIMARY_OFFICIAL
2011,2011-11-20,41 - Sevilla,ANTICAPITALISTAS - ANTICAPITAL,1194,0,Ministerio del Interior / portal oficial de datos abiertos,PRIMARY_OFFICIAL
2011,2011-11-20,41 - Sevilla,ANTICAPITALISTES - ANTICAPITAL,0,0,Ministerio del Interior / portal oficial de datos abiertos,PRIMARY_OFFICIAL
2011,2011-11-20,41 - Sevilla,"BASTA YA, AGRUPACIÓN ABIERTA DE PARTIDOS POLÍTICOS - BASTA YA",0,0,Ministerio del Interior / portal oficial de datos abiertos,PRIMARY_OFFICIAL
2011,2011-11-20,41 - Sevilla,BIDEZKO MUNDURANTZ/POR UN MUNDO MAS JUSTO - PUM+J,0,0,Ministerio del Interior / portal oficial de datos abiertos,PRIMARY_OFFICIAL
2011,2011-11-20,41 - Sevilla,BIDEZKO MUNDURANTZ/POR UN MUNDO MÁS JUSTO - PU M+J,0,0,Ministerio del Interior / portal oficial de datos abiertos,PRIMARY_OFFICIAL
2011,2011-11-20,41 - Sevilla,BLOC-INICIATIVA-VERDS-EQUO-COALICIÓ COMPROMÍS - COMPROMÍS-Q,0,0,Ministerio del Interior / portal oficial de datos abiertos,PRIMARY_OFFICIAL
2011,2011-11-20,41 - Sevilla,BLOQUE NACIONALISTA GALEGO - B.N.G.,0,0,Ministerio del Interior / portal oficial de datos abiertos,PRIMARY_OFFICIAL
2011,2011-11-20,41 - Sevilla,BLOQUE NACIONALISTA GALEGO - BNG,0,0,Ministerio del Interior / portal oficial de datos abiertos,PRIMARY_OFFICIAL
2011,2011-11-20,41 - Sevilla,CANARIAS VERDE Y ROJA: LA IZQUIERDA PLURAL - IUC-CxI,0,0,Ministerio del Interior / portal oficial de datos abiertos,PRIMARY_OFFICIAL
2011,2011-11-20,41 - Sevilla,CENTRO DEMOCRATICO LIBERAL - C.D.L.,0,0,Ministerio del Interior / portal oficial de datos abiertos,PRIMARY_OFFICIAL
2011,2011-11-20,41 - Sevilla,"CHUNTA ARAGONESISTA-IZQUIERDA UNIDA, LA IZQUIERDA - CHA-IU",0,0,Ministerio del Interior / portal oficial de datos abiertos,PRIMARY_OFFICIAL
2011,2011-11-20,41 - Sevilla,"CHUNTA ARAGONESISTA-IZQUIERDA UNIDA, La Izquierda - CHA-IU",0,0,Ministerio del Interior / portal oficial de datos abiertos,PRIMARY_OFFICIAL
2011,2011-11-20,41 - Sevilla,CIUDADANOS DE CENTRO DEMOCRÁTICO - CCD,0,0,Ministerio del Interior / portal oficial de datos abiertos,PRIMARY_OFFICIAL
2011,2011-11-20,41 - Sevilla,COALICION CABALLAS - Caballas,0,0,Ministerio del Interior / portal oficial de datos abiertos,PRIMARY_OFFICIAL
2011,2011-11-20,41 - Sevilla,COALICIÓN CANARIA-NUEVA CANARIAS - CC-NC-PNC,0,0,Ministerio del Interior / portal oficial de datos abiertos,PRIMARY_OFFICIAL
2011,2011-11-20,41 - Sevilla,CONVERGENCIA POR EXTREMADURA - CEx,0,0,Ministerio del Interior / portal oficial de datos abiertos,PRIMARY_OFFICIAL
2011,2011-11-20,41 - Sevilla,CONVERGÈNCIA I UNIÓ - CiU,0,0,Ministerio del Interior / portal oficial de datos abiertos,PRIMARY_OFFICIAL
2011,2011-11-20,41 - Sevilla,CONVERGÈNCIA i UNIÓ - CiU,0,0,Ministerio del Interior / portal oficial de datos abiertos,PRIMARY_OFFICIAL
2011,2011-11-20,41 - Sevilla,CONVERXENCIA VINTEÚN - C.XXI,0,0,Ministerio del Interior / portal oficial de datos abiertos,PRIMARY_OFFICIAL
2011,2011-11-20,41 - Sevilla,CONVERXENCIA VINTEÚN - CXXI,0,0,Ministerio del Interior / portal oficial de datos abiertos,PRIMARY_OFFICIAL
2011,2011-11-20,41 - Sevilla,DEMOCRACIA NACIONAL - D.N.,0,0,Ministerio del Interior / portal oficial de datos abiertos,PRIMARY_OFFICIAL
2011,2011-11-20,41 - Sevilla,DEMOS EL CAMBIO - DeC,0,0,Ministerio del Interior / portal oficial de datos abiertos,PRIMARY_OFFICIAL
2011,2011-11-20,41 - Sevilla,DERECHA NAVARRA Y ESPAÑOLA - DNE,0,0,Ministerio del Interior / portal oficial de datos abiertos,PRIMARY_OFFICIAL
2011,2011-11-20,41 - Sevilla,EQUO - EQUO,11313,0,Ministerio del Interior / portal oficial de datos abiertos,PRIMARY_OFFICIAL
2011,2011-11-20,41 - Sevilla,EQUO - eQuo,0,0,Ministerio del Interior / portal oficial de datos abiertos,PRIMARY_OFFICIAL
2011,2011-11-20,41 - Sevilla,ESCAÑOS EN BLANCO - Eb,2966,0,Ministerio del Interior / portal oficial de datos abiertos,PRIMARY_OFFICIAL
2011,2011-11-20,41 - Sevilla,ESCAÑOS EN BLANCO/ESCONS EN BLANC - EB,0,0,Ministerio del Interior / portal oficial de datos abiertos,PRIMARY_OFFICIAL
2011,2011-11-20,41 - Sevilla,ESCONS EN BLANC - Eb,0,0,Ministerio del Interior / portal oficial de datos abiertos,PRIMARY_OFFICIAL
2011,2011-11-20,41 - Sevilla,ESPAÑA 2000 - ESPAÑA 2000,0,0,Ministerio del Interior / portal oficial de datos abiertos,PRIMARY_OFFICIAL
2011,2011-11-20,41 - Sevilla,ESQUERDA UNIDA-OS VERDES: A ESQUERDA PLURAL - EU-V,0,0,Ministerio del Interior / portal oficial de datos abiertos,PRIMARY_OFFICIAL
2011,2011-11-20,41 - Sevilla,ESQUERRA REPUBLICANA - ESQUERRA,0,0,Ministerio del Interior / portal oficial de datos abiertos,PRIMARY_OFFICIAL
2011,2011-11-20,41 - Sevilla,ESQUERRA REPUBLICANA DE CATALUNYA-CATALUNYA SÍ - ERC - RI.ca,0,0,Ministerio del Interior / portal oficial de datos abiertos,PRIMARY_OFFICIAL
2011,2011-11-20,41 - Sevilla,ESQUERRA REPUBLICANA DE CATALUNYA-CATALUNYA SÍ - ERC-RI.cat,0,0,Ministerio del Interior / portal oficial de datos abiertos,PRIMARY_OFFICIAL
2011,2011-11-20,41 - Sevilla,ESQUERRA REPUBLICANA DEL PAÍS VALENCIÀ - ERPV,0,0,Ministerio del Interior / portal oficial de datos abiertos,PRIMARY_OFFICIAL
2011,2011-11-20,41 - Sevilla,ESQUERRA UNIDA DEL PAIS VALENCIA-LOS VERDES: L'ESQ - EUPV-LV,0,0,Ministerio del Interior / portal oficial de datos abiertos,PRIMARY_OFFICIAL
2011,2011-11-20,41 - Sevilla,ESQUERRA UNIDA ILLES BALEARS: LA IZQUIERDA PLURAL - EUIB,0,0,Ministerio del Interior / portal oficial de datos abiertos,PRIMARY_OFFICIAL
2011,2011-11-20,41 - Sevilla,ESQUERRA UNIDA PAÍS VALENCIÀ-ELS VERDS: L'ESQUERRA - EUPV-EV,0,0,Ministerio del Interior / portal oficial de datos abiertos,PRIMARY_OFFICIAL
2011,2011-11-20,41 - Sevilla,EUZKO ALDERDI JELTZALEA-PARTIDO NACIONALISTA VASCO - E.A.J.-P.N.,0,0,Ministerio del Interior / portal oficial de datos abiertos,PRIMARY_OFFICIAL
2011,2011-11-20,41 - Sevilla,EUZKO ALDERDI JELTZALEA-PARTIDO NACIONALISTA VASCO - EAJ-PNV,0,0,Ministerio del Interior / portal oficial de datos abiertos,PRIMARY_OFFICIAL
2011,2011-11-20,41 - Sevilla,FALANGE ESPAÑOLA DE LAS J.O.N.S. - FE de las J,1160,0,Ministerio del Interior / portal oficial de datos abiertos,PRIMARY_OFFICIAL
2011,2011-11-20,41 - Sevilla,FAMILIA Y VIDA - PFyV,0,0,Ministerio del Interior / portal oficial de datos abiertos,PRIMARY_OFFICIAL
2011,2011-11-20,41 - Sevilla,FORO CENTRO Y DEMOCRACIA - CYD,0,0,Ministerio del Interior / portal oficial de datos abiertos,PRIMARY_OFFICIAL
2011,2011-11-20,41 - Sevilla,FORO DE CIUDADANOS - FAC,0,0,Ministerio del Interior / portal oficial de datos abiertos,PRIMARY_OFFICIAL
2011,2011-11-20,41 - Sevilla,GEROA BAI - GBAI,0,0,Ministerio del Interior / portal oficial de datos abiertos,PRIMARY_OFFICIAL
2011,2011-11-20,41 - Sevilla,HARTOS.ORG - HARTOS.ORG,0,0,Ministerio del Interior / portal oficial de datos abiertos,PRIMARY_OFFICIAL
2011,2011-11-20,41 - Sevilla,HIGIENE DEMOCRATICA - H.D.,0,0,Ministerio del Interior / portal oficial de datos abiertos,PRIMARY_OFFICIAL
2011,2011-11-20,41 - Sevilla,INICIATIVA PER CATALUNYA VERDS-ESQUERRA UNIDA I AL - ICV-EUiA,0,0,Ministerio del Interior / portal oficial de datos abiertos,PRIMARY_OFFICIAL
2011,2011-11-20,41 - Sevilla,INICIATIVA PER CATALUNYA VERDS-ESQUERRA UNIDA i AL - ICV-EUiA,0,0,Ministerio del Interior / portal oficial de datos abiertos,PRIMARY_OFFICIAL
2011,2011-11-20,41 - Sevilla,IU - LOS VERDES: LA IZQUIERDA PLURAL / EZKER ANITZ - IU-LV,0,0,Ministerio del Interior / portal oficial de datos abiertos,PRIMARY_OFFICIAL
2011,2011-11-20,41 - Sevilla,IZQUIERDA UNIDA - PARTIDO DEMOCRÁTICO Y SOCIAL DE - IU-PDSC,0,0,Ministerio del Interior / portal oficial de datos abiertos,PRIMARY_OFFICIAL
2011,2011-11-20,41 - Sevilla,IZQUIERDA UNIDA CANARIA-INICIATIVA POR EL HIERRO-L - IUC-IpH-LV,0,0,Ministerio del Interior / portal oficial de datos abiertos,PRIMARY_OFFICIAL
2011,2011-11-20,41 - Sevilla,IZQUIERDA UNIDA DE ASTURIAS-IZQUIERDA XUNIDA D'AST - IU-IX,0,0,Ministerio del Interior / portal oficial de datos abiertos,PRIMARY_OFFICIAL
2011,2011-11-20,41 - Sevilla,IZQUIERDA UNIDA DE CANTABRIA: LA IZQUIERDA PLURAL - IUC,0,0,Ministerio del Interior / portal oficial de datos abiertos,PRIMARY_OFFICIAL
2011,2011-11-20,41 - Sevilla,IZQUIERDA UNIDA DE CASTILLA Y LEON: LA IZQUIERDA P - IUCL,0,0,Ministerio del Interior / portal oficial de datos abiertos,PRIMARY_OFFICIAL
2011,2011-11-20,41 - Sevilla,IZQUIERDA UNIDA DE CASTILLA Y LEON: LA IZQUIERDA P - IUCyL,0,0,Ministerio del Interior / portal oficial de datos abiertos,PRIMARY_OFFICIAL
2011,2011-11-20,41 - Sevilla,IZQUIERDA UNIDA DE CASTILLA Y LEÓN: LA IZQUIERDA P - IU CyL,0,0,Ministerio del Interior / portal oficial de datos abiertos,PRIMARY_OFFICIAL
2011,2011-11-20,41 - Sevilla,IZQUIERDA UNIDA DE CASTILLA Y LEÓN: LA IZQUIERDA P - IUCL,0,0,Ministerio del Interior / portal oficial de datos abiertos,PRIMARY_OFFICIAL
2011,2011-11-20,41 - Sevilla,IZQUIERDA UNIDA DE CASTILLA-LA MANCHA-LOS VERDES: - IUCLM-LV,0,0,Ministerio del Interior / portal oficial de datos abiertos,PRIMARY_OFFICIAL
2011,2011-11-20,41 - Sevilla,IZQUIERDA UNIDA DE CASTILLA-LA MANCHA-LOS VERDES: - IUCM-LV,0,0,Ministerio del Interior / portal oficial de datos abiertos,PRIMARY_OFFICIAL
2011,2011-11-20,41 - Sevilla,IZQUIERDA UNIDA LOS VERDES-CONVOCATORIA POR ANDALU - IULV-CA,91519,1,Ministerio del Interior / portal oficial de datos abiertos,PRIMARY_OFFICIAL
2011,2011-11-20,41 - Sevilla,IZQUIERDA UNIDA VERDES-SOCIALISTAS INDEPENDIENTES - IU-V-SIEX:,0,0,Ministerio del Interior / portal oficial de datos abiertos,PRIMARY_OFFICIAL
2011,2011-11-20,41 - Sevilla,IZQUIERDA UNIDA VERDES-SOCIALISTAS INDEPENDIENTES - IU-VERDES-S,0,0,Ministerio del Interior / portal oficial de datos abiertos,PRIMARY_OFFICIAL
2011,2011-11-20,41 - Sevilla,IZQUIERDA UNIDA-LA IZQUIERDA PLURAL - I.U.,0,0,Ministerio del Interior / portal oficial de datos abiertos,PRIMARY_OFFICIAL
2011,2011-11-20,41 - Sevilla,IZQUIERDA UNIDA-LOS VERDES: LA IZQUIERDA PLURAL - IU-LV,0,0,Ministerio del Interior / portal oficial de datos abiertos,PRIMARY_OFFICIAL
2011,2011-11-20,41 - Sevilla,IZQUIERDA UNIDA-LOS VERDES: LA IZQUIERDA PLURAL/EZ - I.U.,0,0,Ministerio del Interior / portal oficial de datos abiertos,PRIMARY_OFFICIAL
2011,2011-11-20,41 - Sevilla,IZQUIERDA UNIDA-LOS VERDES: LA IZQUIERDA PLURAL/EZ - IU-LV,0,0,Ministerio del Interior / portal oficial de datos abiertos,PRIMARY_OFFICIAL
2011,2011-11-20,41 - Sevilla,IZQUIERDA UNIDA-VERDES DE LA REGION DE MURCIA: LA - IUV-RM,0,0,Ministerio del Interior / portal oficial de datos abiertos,PRIMARY_OFFICIAL
2011,2011-11-20,41 - Sevilla,IZQUIERDA-EZKERRA/LA IZQUIERDA PLURAL - IZQUIERDA-E,0,0,Ministerio del Interior / portal oficial de datos abiertos,PRIMARY_OFFICIAL
2011,2011-11-20,41 - Sevilla,LOS VERDES-GRUPO VERDE - LV-GV,0,0,Ministerio del Interior / portal oficial de datos abiertos,PRIMARY_OFFICIAL
2011,2011-11-20,41 - Sevilla,MUERTE AL SISTEMA - +MAS+,0,0,Ministerio del Interior / portal oficial de datos abiertos,PRIMARY_OFFICIAL
2011,2011-11-20,41 - Sevilla,PARTIDO ANDALUCISTA - P.A.,0,0,Ministerio del Interior / portal oficial de datos abiertos,PRIMARY_OFFICIAL
2011,2011-11-20,41 - Sevilla,PARTIDO ANDALUCISTA - PA,23302,0,Ministerio del Interior / portal oficial de datos abiertos,PRIMARY_OFFICIAL
2011,2011-11-20,41 - Sevilla,PARTIDO ANIMALISTA CONTRA EL MALTRATO ANIMAL - PACMA,0,0,Ministerio del Interior / portal oficial de datos abiertos,PRIMARY_OFFICIAL
2011,2011-11-20,41 - Sevilla,PARTIDO CASTELLANO - PCAS,0,0,Ministerio del Interior / portal oficial de datos abiertos,PRIMARY_OFFICIAL
2011,2011-11-20,41 - Sevilla,PARTIDO COMUNISTA DE LOS PUEBLOS DE ESPAÑA - P.C.P.E.,1077,0,Ministerio del Interior / portal oficial de datos abiertos,PRIMARY_OFFICIAL
2011,2011-11-20,41 - Sevilla,PARTIDO COMUNISTA DE LOS PUEBLOS DE ESPAÑA - PCPE,0,0,Ministerio del Interior / portal oficial de datos abiertos,PRIMARY_OFFICIAL
2011,2011-11-20,41 - Sevilla,PARTIDO DE CASTILLA Y LEÓN - PCAL,0,0,Ministerio del Interior / portal oficial de datos abiertos,PRIMARY_OFFICIAL
2011,2011-11-20,41 - Sevilla,PARTIDO DE INTERNET - INTERNET,0,0,Ministerio del Interior / portal oficial de datos abiertos,PRIMARY_OFFICIAL
2011,2011-11-20,41 - Sevilla,PARTIDO DE LA LIBERTAD INDIVIDUAL - P-LIB,0,0,Ministerio del Interior / portal oficial de datos abiertos,PRIMARY_OFFICIAL
2011,2011-11-20,41 - Sevilla,PARTIDO DEMOCRATICO Y CONSTITUCIONAL - PDYC,0,0,Ministerio del Interior / portal oficial de datos abiertos,PRIMARY_OFFICIAL
2011,2011-11-20,41 - Sevilla,PARTIDO DOS SOCIALISTAS DE GALICIA - PARTIDO SOCIA - PSdeG-PSOE,0,0,Ministerio del Interior / portal oficial de datos abiertos,PRIMARY_OFFICIAL
2011,2011-11-20,41 - Sevilla,PARTIDO DOS SOCIALISTAS DE GALICIA - PSOE - PSdeG-PSOE,0,0,Ministerio del Interior / portal oficial de datos abiertos,PRIMARY_OFFICIAL
2011,2011-11-20,41 - Sevilla,PARTIDO HUMANISTA - PH,900,0,Ministerio del Interior / portal oficial de datos abiertos,PRIMARY_OFFICIAL
2011,2011-11-20,41 - Sevilla,PARTIDO OBRERO SOCIALISTA INTERNACIONALISTA - P.O.S.I.,0,0,Ministerio del Interior / portal oficial de datos abiertos,PRIMARY_OFFICIAL
2011,2011-11-20,41 - Sevilla,PARTIDO OBRERO SOCIALISTA INTERNACIONALISTA - POSI,0,0,Ministerio del Interior / portal oficial de datos abiertos,PRIMARY_OFFICIAL
2011,2011-11-20,41 - Sevilla,PARTIDO PARA LA REGENERACION DE LA DEMOCRACIA EN E - P.R.D.E.,0,0,Ministerio del Interior / portal oficial de datos abiertos,PRIMARY_OFFICIAL
2011,2011-11-20,41 - Sevilla,PARTIDO PIRATA - PIRATA,0,0,Ministerio del Interior / portal oficial de datos abiertos,PRIMARY_OFFICIAL
2011,2011-11-20,41 - Sevilla,PARTIDO POPULAR - P.P.,410046,5,Ministerio del Interior / portal oficial de datos abiertos,PRIMARY_OFFICIAL
2011,2011-11-20,41 - Sevilla,PARTIDO POPULAR - PP,0,0,Ministerio del Interior / portal oficial de datos abiertos,PRIMARY_OFFICIAL
2011,2011-11-20,41 - Sevilla,PARTIDO POPULAR EN COALICIÓN CON EL PARTIDO ARAGON - PP-PAR,0,0,Ministerio del Interior / portal oficial de datos abiertos,PRIMARY_OFFICIAL
2011,2011-11-20,41 - Sevilla,PARTIDO POPULAR-EXTREMADURA UNIDA - P.P-E.U.,0,0,Ministerio del Interior / portal oficial de datos abiertos,PRIMARY_OFFICIAL
2011,2011-11-20,41 - Sevilla,PARTIDO POPULAR-EXTREMADURA UNIDA - PP-EU,0,0,Ministerio del Interior / portal oficial de datos abiertos,PRIMARY_OFFICIAL
2011,2011-11-20,41 - Sevilla,PARTIDO REGIONALISTA DE CANTABRIA - P.R.C.,0,0,Ministerio del Interior / portal oficial de datos abiertos,PRIMARY_OFFICIAL
2011,2011-11-20,41 - Sevilla,PARTIDO REGIONALISTA DEL PAIS LEONES - PREPAL,0,0,Ministerio del Interior / portal oficial de datos abiertos,PRIMARY_OFFICIAL
2011,2011-11-20,41 - Sevilla,PARTIDO REGIONALISTA POR ANDALUCIA ORIENTAL - PRAO,0,0,Ministerio del Interior / portal oficial de datos abiertos,PRIMARY_OFFICIAL
2011,2011-11-20,41 - Sevilla,PARTIDO SOCIALISTA DE EUSKADI-EUSKADIKO EZKERRA (P - PSE-EE (PSO,0,0,Ministerio del Interior / portal oficial de datos abiertos,PRIMARY_OFFICIAL
2011,2011-11-20,41 - Sevilla,PARTIDO SOCIALISTA OBRERO ESPAÑOL - P.S.O.E.,442267,6,Ministerio del Interior / portal oficial de datos abiertos,PRIMARY_OFFICIAL
2011,2011-11-20,41 - Sevilla,PARTIDO SOCIALISTA OBRERO ESPAÑOL - PSOE,0,0,Ministerio del Interior / portal oficial de datos abiertos,PRIMARY_OFFICIAL
2011,2011-11-20,41 - Sevilla,PARTIT ANIMALISTA CONTRA EL MALTRACTAMENT ANIMAL - PACMA,0,0,Ministerio del Interior / portal oficial de datos abiertos,PRIMARY_OFFICIAL
2011,2011-11-20,41 - Sevilla,PARTIT COMUNISTA DEL POBLE DE CATALUNYA - PCPC,0,0,Ministerio del Interior / portal oficial de datos abiertos,PRIMARY_OFFICIAL
2011,2011-11-20,41 - Sevilla,PARTIT COMUNISTA DELS POBLES D'ESPANYA - P.C.P.E.,0,0,Ministerio del Interior / portal oficial de datos abiertos,PRIMARY_OFFICIAL
2011,2011-11-20,41 - Sevilla,PARTIT DELS SOCIALISTES DE CATALUNYA - PSC-PSOE,0,0,Ministerio del Interior / portal oficial de datos abiertos,PRIMARY_OFFICIAL
2011,2011-11-20,41 - Sevilla,PARTIT POPULAR/PARTIDO POPULAR - P.P.,0,0,Ministerio del Interior / portal oficial de datos abiertos,PRIMARY_OFFICIAL
2011,2011-11-20,41 - Sevilla,PARTIT REPUBLICÀ D'ESQUERRA-REPUBLICANS - PRE-R,0,0,Ministerio del Interior / portal oficial de datos abiertos,PRIMARY_OFFICIAL
2011,2011-11-20,41 - Sevilla,PER UN MÓN MÉS JUST - PUM+J,0,0,Ministerio del Interior / portal oficial de datos abiertos,PRIMARY_OFFICIAL
2011,2011-11-20,41 - Sevilla,PIRATES DE CATALUNYA - PIRATA.CAT,0,0,Ministerio del Interior / portal oficial de datos abiertos,PRIMARY_OFFICIAL
2011,2011-11-20,41 - Sevilla,PLATAFORMA PER CATALUNYA - PxC,0,0,Ministerio del Interior / portal oficial de datos abiertos,PRIMARY_OFFICIAL
2011,2011-11-20,41 - Sevilla,POR UN MUNDO MÁS JUSTO - PUM+J,1415,0,Ministerio del Interior / portal oficial de datos abiertos,PRIMARY_OFFICIAL
2011,2011-11-20,41 - Sevilla,PSM-INICIATIVA VERDS-ENTESA-EQUO - PSM-IV-EXM-,0,0,Ministerio del Interior / portal oficial de datos abiertos,PRIMARY_OFFICIAL
2011,2011-11-20,41 - Sevilla,REPUBLICANOS - RPS,0,0,Ministerio del Interior / portal oficial de datos abiertos,PRIMARY_OFFICIAL
2011,2011-11-20,41 - Sevilla,SOCIALISTAS POR TERUEL - SXT,0,0,Ministerio del Interior / portal oficial de datos abiertos,PRIMARY_OFFICIAL
2011,2011-11-20,41 - Sevilla,SOLIDARIDAD Y AUTOGESTION INTERNACIONALISTA - SAIn,593,0,Ministerio del Interior / portal oficial de datos abiertos,PRIMARY_OFFICIAL
2011,2011-11-20,41 - Sevilla,"SÍ SE PUEDE, SOCIALISTAS POR TENERIFE, EQUO - SSP-SxTF-EQ",0,0,Ministerio del Interior / portal oficial de datos abiertos,PRIMARY_OFFICIAL
2011,2011-11-20,41 - Sevilla,UNIDAD DEL PUEBLO - UNIDAD DEL,0,0,Ministerio del Interior / portal oficial de datos abiertos,PRIMARY_OFFICIAL
2011,2011-11-20,41 - Sevilla,UNIDAD REGIONALISTA DE CASTILLA Y LEON - U.R.C.L.,0,0,Ministerio del Interior / portal oficial de datos abiertos,PRIMARY_OFFICIAL
2011,2011-11-20,41 - Sevilla,UNIFICACIÓN COMUNISTA DE ESPAÑA - U.C.E.,332,0,Ministerio del Interior / portal oficial de datos abiertos,PRIMARY_OFFICIAL
2011,2011-11-20,41 - Sevilla,UNIFICACIÓN COMUNISTA DE ESPAÑA - UCE,0,0,Ministerio del Interior / portal oficial de datos abiertos,PRIMARY_OFFICIAL
2011,2011-11-20,41 - Sevilla,UNION DE CIUDADANOS INDEPENDIENTES DE TOLEDO - U.C.I.T.,0,0,Ministerio del Interior / portal oficial de datos abiertos,PRIMARY_OFFICIAL
2011,2011-11-20,41 - Sevilla,UNITS X VALENCIA - UxV,0,0,Ministerio del Interior / portal oficial de datos abiertos,PRIMARY_OFFICIAL
2011,2011-11-20,41 - Sevilla,UNIÓN DEL PUEBLO NAVARRO EN COALICIÓN CON EL PARTI - UPN-PP,0,0,Ministerio del Interior / portal oficial de datos abiertos,PRIMARY_OFFICIAL
2011,2011-11-20,41 - Sevilla,UNIÓN PROGRESO Y DEMOCRACIA - UPyD,58502,0,Ministerio del Interior / portal oficial de datos abiertos,PRIMARY_OFFICIAL
2011,2011-11-20,42 - Soria,ACCION CIUDADANA POR MALAGA - ACIMA,0,0,Ministerio del Interior / portal oficial de datos abiertos,PRIMARY_OFFICIAL
2011,2011-11-20,42 - Soria,ALTERNATIVA NACIONALISTA CANARIA - ANC,0,0,Ministerio del Interior / portal oficial de datos abiertos,PRIMARY_OFFICIAL
2011,2011-11-20,42 - Soria,AMAIUR - AMAIUR,0,0,Ministerio del Interior / portal oficial de datos abiertos,PRIMARY_OFFICIAL
2011,2011-11-20,42 - Soria,ANDECHA ASTUR - ANDECHA,0,0,Ministerio del Interior / portal oficial de datos abiertos,PRIMARY_OFFICIAL
2011,2011-11-20,42 - Soria,ANTICAPITALISTAS - ANTICAPITAL,0,0,Ministerio del Interior / portal oficial de datos abiertos,PRIMARY_OFFICIAL
2011,2011-11-20,42 - Soria,ANTICAPITALISTES - ANTICAPITAL,0,0,Ministerio del Interior / portal oficial de datos abiertos,PRIMARY_OFFICIAL
2011,2011-11-20,42 - Soria,"BASTA YA, AGRUPACIÓN ABIERTA DE PARTIDOS POLÍTICOS - BASTA YA",0,0,Ministerio del Interior / portal oficial de datos abiertos,PRIMARY_OFFICIAL
2011,2011-11-20,42 - Soria,BIDEZKO MUNDURANTZ/POR UN MUNDO MAS JUSTO - PUM+J,0,0,Ministerio del Interior / portal oficial de datos abiertos,PRIMARY_OFFICIAL
2011,2011-11-20,42 - Soria,BIDEZKO MUNDURANTZ/POR UN MUNDO MÁS JUSTO - PU M+J,0,0,Ministerio del Interior / portal oficial de datos abiertos,PRIMARY_OFFICIAL
2011,2011-11-20,42 - Soria,BLOC-INICIATIVA-VERDS-EQUO-COALICIÓ COMPROMÍS - COMPROMÍS-Q,0,0,Ministerio del Interior / portal oficial de datos abiertos,PRIMARY_OFFICIAL
2011,2011-11-20,42 - Soria,BLOQUE NACIONALISTA GALEGO - B.N.G.,0,0,Ministerio del Interior / portal oficial de datos abiertos,PRIMARY_OFFICIAL
2011,2011-11-20,42 - Soria,BLOQUE NACIONALISTA GALEGO - BNG,0,0,Ministerio del Interior / portal oficial de datos abiertos,PRIMARY_OFFICIAL
2011,2011-11-20,42 - Soria,CANARIAS VERDE Y ROJA: LA IZQUIERDA PLURAL - IUC-CxI,0,0,Ministerio del Interior / portal oficial de datos abiertos,PRIMARY_OFFICIAL
2011,2011-11-20,42 - Soria,CENTRO DEMOCRATICO LIBERAL - C.D.L.,0,0,Ministerio del Interior / portal oficial de datos abiertos,PRIMARY_OFFICIAL
2011,2011-11-20,42 - Soria,"CHUNTA ARAGONESISTA-IZQUIERDA UNIDA, LA IZQUIERDA - CHA-IU",0,0,Ministerio del Interior / portal oficial de datos abiertos,PRIMARY_OFFICIAL
2011,2011-11-20,42 - Soria,"CHUNTA ARAGONESISTA-IZQUIERDA UNIDA, La Izquierda - CHA-IU",0,0,Ministerio del Interior / portal oficial de datos abiertos,PRIMARY_OFFICIAL
2011,2011-11-20,42 - Soria,CIUDADANOS DE CENTRO DEMOCRÁTICO - CCD,0,0,Ministerio del Interior / portal oficial de datos abiertos,PRIMARY_OFFICIAL
2011,2011-11-20,42 - Soria,COALICION CABALLAS - Caballas,0,0,Ministerio del Interior / portal oficial de datos abiertos,PRIMARY_OFFICIAL
2011,2011-11-20,42 - Soria,COALICIÓN CANARIA-NUEVA CANARIAS - CC-NC-PNC,0,0,Ministerio del Interior / portal oficial de datos abiertos,PRIMARY_OFFICIAL
2011,2011-11-20,42 - Soria,CONVERGENCIA POR EXTREMADURA - CEx,0,0,Ministerio del Interior / portal oficial de datos abiertos,PRIMARY_OFFICIAL
2011,2011-11-20,42 - Soria,CONVERGÈNCIA I UNIÓ - CiU,0,0,Ministerio del Interior / portal oficial de datos abiertos,PRIMARY_OFFICIAL
2011,2011-11-20,42 - Soria,CONVERGÈNCIA i UNIÓ - CiU,0,0,Ministerio del Interior / portal oficial de datos abiertos,PRIMARY_OFFICIAL
2011,2011-11-20,42 - Soria,CONVERXENCIA VINTEÚN - C.XXI,0,0,Ministerio del Interior / portal oficial de datos abiertos,PRIMARY_OFFICIAL
2011,2011-11-20,42 - Soria,CONVERXENCIA VINTEÚN - CXXI,0,0,Ministerio del Interior / portal oficial de datos abiertos,PRIMARY_OFFICIAL
2011,2011-11-20,42 - Soria,DEMOCRACIA NACIONAL - D.N.,181,0,Ministerio del Interior / portal oficial de datos abiertos,PRIMARY_OFFICIAL
2011,2011-11-20,42 - Soria,DEMOS EL CAMBIO - DeC,0,0,Ministerio del Interior / portal oficial de datos abiertos,PRIMARY_OFFICIAL
2011,2011-11-20,42 - Soria,DERECHA NAVARRA Y ESPAÑOLA - DNE,0,0,Ministerio del Interior / portal oficial de datos abiertos,PRIMARY_OFFICIAL
2011,2011-11-20,42 - Soria,EQUO - EQUO,559,0,Ministerio del Interior / portal oficial de datos abiertos,PRIMARY_OFFICIAL
2011,2011-11-20,42 - Soria,EQUO - eQuo,0,0,Ministerio del Interior / portal oficial de datos abiertos,PRIMARY_OFFICIAL
2011,2011-11-20,42 - Soria,ESCAÑOS EN BLANCO - Eb,0,0,Ministerio del Interior / portal oficial de datos abiertos,PRIMARY_OFFICIAL
2011,2011-11-20,42 - Soria,ESCAÑOS EN BLANCO/ESCONS EN BLANC - EB,0,0,Ministerio del Interior / portal oficial de datos abiertos,PRIMARY_OFFICIAL
2011,2011-11-20,42 - Soria,ESCONS EN BLANC - Eb,0,0,Ministerio del Interior / portal oficial de datos abiertos,PRIMARY_OFFICIAL
2011,2011-11-20,42 - Soria,ESPAÑA 2000 - ESPAÑA 2000,0,0,Ministerio del Interior / portal oficial de datos abiertos,PRIMARY_OFFICIAL
2011,2011-11-20,42 - Soria,ESQUERDA UNIDA-OS VERDES: A ESQUERDA PLURAL - EU-V,0,0,Ministerio del Interior / portal oficial de datos abiertos,PRIMARY_OFFICIAL
2011,2011-11-20,42 - Soria,ESQUERRA REPUBLICANA - ESQUERRA,0,0,Ministerio del Interior / portal oficial de datos abiertos,PRIMARY_OFFICIAL
2011,2011-11-20,42 - Soria,ESQUERRA REPUBLICANA DE CATALUNYA-CATALUNYA SÍ - ERC - RI.ca,0,0,Ministerio del Interior / portal oficial de datos abiertos,PRIMARY_OFFICIAL
2011,2011-11-20,42 - Soria,ESQUERRA REPUBLICANA DE CATALUNYA-CATALUNYA SÍ - ERC-RI.cat,0,0,Ministerio del Interior / portal oficial de datos abiertos,PRIMARY_OFFICIAL
2011,2011-11-20,42 - Soria,ESQUERRA REPUBLICANA DEL PAÍS VALENCIÀ - ERPV,0,0,Ministerio del Interior / portal oficial de datos abiertos,PRIMARY_OFFICIAL
2011,2011-11-20,42 - Soria,ESQUERRA UNIDA DEL PAIS VALENCIA-LOS VERDES: L'ESQ - EUPV-LV,0,0,Ministerio del Interior / portal oficial de datos abiertos,PRIMARY_OFFICIAL
2011,2011-11-20,42 - Soria,ESQUERRA UNIDA ILLES BALEARS: LA IZQUIERDA PLURAL - EUIB,0,0,Ministerio del Interior / portal oficial de datos abiertos,PRIMARY_OFFICIAL
2011,2011-11-20,42 - Soria,ESQUERRA UNIDA PAÍS VALENCIÀ-ELS VERDS: L'ESQUERRA - EUPV-EV,0,0,Ministerio del Interior / portal oficial de datos abiertos,PRIMARY_OFFICIAL
2011,2011-11-20,42 - Soria,EUZKO ALDERDI JELTZALEA-PARTIDO NACIONALISTA VASCO - E.A.J.-P.N.,0,0,Ministerio del Interior / portal oficial de datos abiertos,PRIMARY_OFFICIAL
2011,2011-11-20,42 - Soria,EUZKO ALDERDI JELTZALEA-PARTIDO NACIONALISTA VASCO - EAJ-PNV,0,0,Ministerio del Interior / portal oficial de datos abiertos,PRIMARY_OFFICIAL
2011,2011-11-20,42 - Soria,FALANGE ESPAÑOLA DE LAS J.O.N.S. - FE de las J,0,0,Ministerio del Interior / portal oficial de datos abiertos,PRIMARY_OFFICIAL
2011,2011-11-20,42 - Soria,FAMILIA Y VIDA - PFyV,0,0,Ministerio del Interior / portal oficial de datos abiertos,PRIMARY_OFFICIAL
2011,2011-11-20,42 - Soria,FORO CENTRO Y DEMOCRACIA - CYD,0,0,Ministerio del Interior / portal oficial de datos abiertos,PRIMARY_OFFICIAL
2011,2011-11-20,42 - Soria,FORO DE CIUDADANOS - FAC,0,0,Ministerio del Interior / portal oficial de datos abiertos,PRIMARY_OFFICIAL
2011,2011-11-20,42 - Soria,GEROA BAI - GBAI,0,0,Ministerio del Interior / portal oficial de datos abiertos,PRIMARY_OFFICIAL
2011,2011-11-20,42 - Soria,HARTOS.ORG - HARTOS.ORG,0,0,Ministerio del Interior / portal oficial de datos abiertos,PRIMARY_OFFICIAL
2011,2011-11-20,42 - Soria,HIGIENE DEMOCRATICA - H.D.,0,0,Ministerio del Interior / portal oficial de datos abiertos,PRIMARY_OFFICIAL
2011,2011-11-20,42 - Soria,INICIATIVA PER CATALUNYA VERDS-ESQUERRA UNIDA I AL - ICV-EUiA,0,0,Ministerio del Interior / portal oficial de datos abiertos,PRIMARY_OFFICIAL
2011,2011-11-20,42 - Soria,INICIATIVA PER CATALUNYA VERDS-ESQUERRA UNIDA i AL - ICV-EUiA,0,0,Ministerio del Interior / portal oficial de datos abiertos,PRIMARY_OFFICIAL
2011,2011-11-20,42 - Soria,IU - LOS VERDES: LA IZQUIERDA PLURAL / EZKER ANITZ - IU-LV,0,0,Ministerio del Interior / portal oficial de datos abiertos,PRIMARY_OFFICIAL
2011,2011-11-20,42 - Soria,IZQUIERDA UNIDA - PARTIDO DEMOCRÁTICO Y SOCIAL DE - IU-PDSC,0,0,Ministerio del Interior / portal oficial de datos abiertos,PRIMARY_OFFICIAL
2011,2011-11-20,42 - Soria,IZQUIERDA UNIDA CANARIA-INICIATIVA POR EL HIERRO-L - IUC-IpH-LV,0,0,Ministerio del Interior / portal oficial de datos abiertos,PRIMARY_OFFICIAL
2011,2011-11-20,42 - Soria,IZQUIERDA UNIDA DE ASTURIAS-IZQUIERDA XUNIDA D'AST - IU-IX,0,0,Ministerio del Interior / portal oficial de datos abiertos,PRIMARY_OFFICIAL
2011,2011-11-20,42 - Soria,IZQUIERDA UNIDA DE CANTABRIA: LA IZQUIERDA PLURAL - IUC,0,0,Ministerio del Interior / portal oficial de datos abiertos,PRIMARY_OFFICIAL
2011,2011-11-20,42 - Soria,IZQUIERDA UNIDA DE CASTILLA Y LEON: LA IZQUIERDA P - IUCL,0,0,Ministerio del Interior / portal oficial de datos abiertos,PRIMARY_OFFICIAL
2011,2011-11-20,42 - Soria,IZQUIERDA UNIDA DE CASTILLA Y LEON: LA IZQUIERDA P - IUCyL,2385,0,Ministerio del Interior / portal oficial de datos abiertos,PRIMARY_OFFICIAL
2011,2011-11-20,42 - Soria,IZQUIERDA UNIDA DE CASTILLA Y LEÓN: LA IZQUIERDA P - IU CyL,0,0,Ministerio del Interior / portal oficial de datos abiertos,PRIMARY_OFFICIAL
2011,2011-11-20,42 - Soria,IZQUIERDA UNIDA DE CASTILLA Y LEÓN: LA IZQUIERDA P - IUCL,0,0,Ministerio del Interior / portal oficial de datos abiertos,PRIMARY_OFFICIAL
2011,2011-11-20,42 - Soria,IZQUIERDA UNIDA DE CASTILLA-LA MANCHA-LOS VERDES: - IUCLM-LV,0,0,Ministerio del Interior / portal oficial de datos abiertos,PRIMARY_OFFICIAL
2011,2011-11-20,42 - Soria,IZQUIERDA UNIDA DE CASTILLA-LA MANCHA-LOS VERDES: - IUCM-LV,0,0,Ministerio del Interior / portal oficial de datos abiertos,PRIMARY_OFFICIAL
2011,2011-11-20,42 - Soria,IZQUIERDA UNIDA LOS VERDES-CONVOCATORIA POR ANDALU - IULV-CA,0,0,Ministerio del Interior / portal oficial de datos abiertos,PRIMARY_OFFICIAL
2011,2011-11-20,42 - Soria,IZQUIERDA UNIDA VERDES-SOCIALISTAS INDEPENDIENTES - IU-V-SIEX:,0,0,Ministerio del Interior / portal oficial de datos abiertos,PRIMARY_OFFICIAL
2011,2011-11-20,42 - Soria,IZQUIERDA UNIDA VERDES-SOCIALISTAS INDEPENDIENTES - IU-VERDES-S,0,0,Ministerio del Interior / portal oficial de datos abiertos,PRIMARY_OFFICIAL
2011,2011-11-20,42 - Soria,IZQUIERDA UNIDA-LA IZQUIERDA PLURAL - I.U.,0,0,Ministerio del Interior / portal oficial de datos abiertos,PRIMARY_OFFICIAL
2011,2011-11-20,42 - Soria,IZQUIERDA UNIDA-LOS VERDES: LA IZQUIERDA PLURAL - IU-LV,0,0,Ministerio del Interior / portal oficial de datos abiertos,PRIMARY_OFFICIAL
2011,2011-11-20,42 - Soria,IZQUIERDA UNIDA-LOS VERDES: LA IZQUIERDA PLURAL/EZ - I.U.,0,0,Ministerio del Interior / portal oficial de datos abiertos,PRIMARY_OFFICIAL
2011,2011-11-20,42 - Soria,IZQUIERDA UNIDA-LOS VERDES: LA IZQUIERDA PLURAL/EZ - IU-LV,0,0,Ministerio del Interior / portal oficial de datos abiertos,PRIMARY_OFFICIAL
2011,2011-11-20,42 - Soria,IZQUIERDA UNIDA-VERDES DE LA REGION DE MURCIA: LA - IUV-RM,0,0,Ministerio del Interior / portal oficial de datos abiertos,PRIMARY_OFFICIAL
2011,2011-11-20,42 - Soria,IZQUIERDA-EZKERRA/LA IZQUIERDA PLURAL - IZQUIERDA-E,0,0,Ministerio del Interior / portal oficial de datos abiertos,PRIMARY_OFFICIAL
2011,2011-11-20,42 - Soria,LOS VERDES-GRUPO VERDE - LV-GV,0,0,Ministerio del Interior / portal oficial de datos abiertos,PRIMARY_OFFICIAL
2011,2011-11-20,42 - Soria,MUERTE AL SISTEMA - +MAS+,0,0,Ministerio del Interior / portal oficial de datos abiertos,PRIMARY_OFFICIAL
2011,2011-11-20,42 - Soria,PARTIDO ANDALUCISTA - P.A.,0,0,Ministerio del Interior / portal oficial de datos abiertos,PRIMARY_OFFICIAL
2011,2011-11-20,42 - Soria,PARTIDO ANDALUCISTA - PA,0,0,Ministerio del Interior / portal oficial de datos abiertos,PRIMARY_OFFICIAL
2011,2011-11-20,42 - Soria,PARTIDO ANIMALISTA CONTRA EL MALTRATO ANIMAL - PACMA,152,0,Ministerio del Interior / portal oficial de datos abiertos,PRIMARY_OFFICIAL
2011,2011-11-20,42 - Soria,PARTIDO CASTELLANO - PCAS,0,0,Ministerio del Interior / portal oficial de datos abiertos,PRIMARY_OFFICIAL
2011,2011-11-20,42 - Soria,PARTIDO COMUNISTA DE LOS PUEBLOS DE ESPAÑA - P.C.P.E.,0,0,Ministerio del Interior / portal oficial de datos abiertos,PRIMARY_OFFICIAL
2011,2011-11-20,42 - Soria,PARTIDO COMUNISTA DE LOS PUEBLOS DE ESPAÑA - PCPE,0,0,Ministerio del Interior / portal oficial de datos abiertos,PRIMARY_OFFICIAL
2011,2011-11-20,42 - Soria,PARTIDO DE CASTILLA Y LEÓN - PCAL,0,0,Ministerio del Interior / portal oficial de datos abiertos,PRIMARY_OFFICIAL
2011,2011-11-20,42 - Soria,PARTIDO DE INTERNET - INTERNET,0,0,Ministerio del Interior / portal oficial de datos abiertos,PRIMARY_OFFICIAL
2011,2011-11-20,42 - Soria,PARTIDO DE LA LIBERTAD INDIVIDUAL - P-LIB,0,0,Ministerio del Interior / portal oficial de datos abiertos,PRIMARY_OFFICIAL
2011,2011-11-20,42 - Soria,PARTIDO DEMOCRATICO Y CONSTITUCIONAL - PDYC,0,0,Ministerio del Interior / portal oficial de datos abiertos,PRIMARY_OFFICIAL
2011,2011-11-20,42 - Soria,PARTIDO DOS SOCIALISTAS DE GALICIA - PARTIDO SOCIA - PSdeG-PSOE,0,0,Ministerio del Interior / portal oficial de datos abiertos,PRIMARY_OFFICIAL
2011,2011-11-20,42 - Soria,PARTIDO DOS SOCIALISTAS DE GALICIA - PSOE - PSdeG-PSOE,0,0,Ministerio del Interior / portal oficial de datos abiertos,PRIMARY_OFFICIAL
2011,2011-11-20,42 - Soria,PARTIDO HUMANISTA - PH,0,0,Ministerio del Interior / portal oficial de datos abiertos,PRIMARY_OFFICIAL
2011,2011-11-20,42 - Soria,PARTIDO OBRERO SOCIALISTA INTERNACIONALISTA - P.O.S.I.,0,0,Ministerio del Interior / portal oficial de datos abiertos,PRIMARY_OFFICIAL
2011,2011-11-20,42 - Soria,PARTIDO OBRERO SOCIALISTA INTERNACIONALISTA - POSI,0,0,Ministerio del Interior / portal oficial de datos abiertos,PRIMARY_OFFICIAL
2011,2011-11-20,42 - Soria,PARTIDO PARA LA REGENERACION DE LA DEMOCRACIA EN E - P.R.D.E.,0,0,Ministerio del Interior / portal oficial de datos abiertos,PRIMARY_OFFICIAL
2011,2011-11-20,42 - Soria,PARTIDO PIRATA - PIRATA,0,0,Ministerio del Interior / portal oficial de datos abiertos,PRIMARY_OFFICIAL
2011,2011-11-20,42 - Soria,PARTIDO POPULAR - P.P.,28063,1,Ministerio del Interior / portal oficial de datos abiertos,PRIMARY_OFFICIAL
2011,2011-11-20,42 - Soria,PARTIDO POPULAR - PP,0,0,Ministerio del Interior / portal oficial de datos abiertos,PRIMARY_OFFICIAL
2011,2011-11-20,42 - Soria,PARTIDO POPULAR EN COALICIÓN CON EL PARTIDO ARAGON - PP-PAR,0,0,Ministerio del Interior / portal oficial de datos abiertos,PRIMARY_OFFICIAL
2011,2011-11-20,42 - Soria,PARTIDO POPULAR-EXTREMADURA UNIDA - P.P-E.U.,0,0,Ministerio del Interior / portal oficial de datos abiertos,PRIMARY_OFFICIAL
2011,2011-11-20,42 - Soria,PARTIDO POPULAR-EXTREMADURA UNIDA - PP-EU,0,0,Ministerio del Interior / portal oficial de datos abiertos,PRIMARY_OFFICIAL
2011,2011-11-20,42 - Soria,PARTIDO REGIONALISTA DE CANTABRIA - P.R.C.,0,0,Ministerio del Interior / portal oficial de datos abiertos,PRIMARY_OFFICIAL
2011,2011-11-20,42 - Soria,PARTIDO REGIONALISTA DEL PAIS LEONES - PREPAL,0,0,Ministerio del Interior / portal oficial de datos abiertos,PRIMARY_OFFICIAL
2011,2011-11-20,42 - Soria,PARTIDO REGIONALISTA POR ANDALUCIA ORIENTAL - PRAO,0,0,Ministerio del Interior / portal oficial de datos abiertos,PRIMARY_OFFICIAL
2011,2011-11-20,42 - Soria,PARTIDO SOCIALISTA DE EUSKADI-EUSKADIKO EZKERRA (P - PSE-EE (PSO,0,0,Ministerio del Interior / portal oficial de datos abiertos,PRIMARY_OFFICIAL
2011,2011-11-20,42 - Soria,PARTIDO SOCIALISTA OBRERO ESPAÑOL - P.S.O.E.,16066,1,Ministerio del Interior / portal oficial de datos abiertos,PRIMARY_OFFICIAL
2011,2011-11-20,42 - Soria,PARTIDO SOCIALISTA OBRERO ESPAÑOL - PSOE,0,0,Ministerio del Interior / portal oficial de datos abiertos,PRIMARY_OFFICIAL
2011,2011-11-20,42 - Soria,PARTIT ANIMALISTA CONTRA EL MALTRACTAMENT ANIMAL - PACMA,0,0,Ministerio del Interior / portal oficial de datos abiertos,PRIMARY_OFFICIAL
2011,2011-11-20,42 - Soria,PARTIT COMUNISTA DEL POBLE DE CATALUNYA - PCPC,0,0,Ministerio del Interior / portal oficial de datos abiertos,PRIMARY_OFFICIAL
2011,2011-11-20,42 - Soria,PARTIT COMUNISTA DELS POBLES D'ESPANYA - P.C.P.E.,0,0,Ministerio del Interior / portal oficial de datos abiertos,PRIMARY_OFFICIAL
2011,2011-11-20,42 - Soria,PARTIT DELS SOCIALISTES DE CATALUNYA - PSC-PSOE,0,0,Ministerio del Interior / portal oficial de datos abiertos,PRIMARY_OFFICIAL
2011,2011-11-20,42 - Soria,PARTIT POPULAR/PARTIDO POPULAR - P.P.,0,0,Ministerio del Interior / portal oficial de datos abiertos,PRIMARY_OFFICIAL
2011,2011-11-20,42 - Soria,PARTIT REPUBLICÀ D'ESQUERRA-REPUBLICANS - PRE-R,0,0,Ministerio del Interior / portal oficial de datos abiertos,PRIMARY_OFFICIAL
2011,2011-11-20,42 - Soria,PER UN MÓN MÉS JUST - PUM+J,0,0,Ministerio del Interior / portal oficial de datos abiertos,PRIMARY_OFFICIAL
2011,2011-11-20,42 - Soria,PIRATES DE CATALUNYA - PIRATA.CAT,0,0,Ministerio del Interior / portal oficial de datos abiertos,PRIMARY_OFFICIAL
2011,2011-11-20,42 - Soria,PLATAFORMA PER CATALUNYA - PxC,0,0,Ministerio del Interior / portal oficial de datos abiertos,PRIMARY_OFFICIAL
2011,2011-11-20,42 - Soria,POR UN MUNDO MÁS JUSTO - PUM+J,127,0,Ministerio del Interior / portal oficial de datos abiertos,PRIMARY_OFFICIAL
2011,2011-11-20,42 - Soria,PSM-INICIATIVA VERDS-ENTESA-EQUO - PSM-IV-EXM-,0,0,Ministerio del Interior / portal oficial de datos abiertos,PRIMARY_OFFICIAL
2011,2011-11-20,42 - Soria,REPUBLICANOS - RPS,0,0,Ministerio del Interior / portal oficial de datos abiertos,PRIMARY_OFFICIAL
2011,2011-11-20,42 - Soria,SOCIALISTAS POR TERUEL - SXT,0,0,Ministerio del Interior / portal oficial de datos abiertos,PRIMARY_OFFICIAL
2011,2011-11-20,42 - Soria,SOLIDARIDAD Y AUTOGESTION INTERNACIONALISTA - SAIn,0,0,Ministerio del Interior / portal oficial de datos abiertos,PRIMARY_OFFICIAL
2011,2011-11-20,42 - Soria,"SÍ SE PUEDE, SOCIALISTAS POR TENERIFE, EQUO - SSP-SxTF-EQ",0,0,Ministerio del Interior / portal oficial de datos abiertos,PRIMARY_OFFICIAL
2011,2011-11-20,42 - Soria,UNIDAD DEL PUEBLO - UNIDAD DEL,0,0,Ministerio del Interior / portal oficial de datos abiertos,PRIMARY_OFFICIAL
2011,2011-11-20,42 - Soria,UNIDAD REGIONALISTA DE CASTILLA Y LEON - U.R.C.L.,0,0,Ministerio del Interior / portal oficial de datos abiertos,PRIMARY_OFFICIAL
2011,2011-11-20,42 - Soria,UNIFICACIÓN COMUNISTA DE ESPAÑA - U.C.E.,73,0,Ministerio del Interior / portal oficial de datos abiertos,PRIMARY_OFFICIAL
2011,2011-11-20,42 - Soria,UNIFICACIÓN COMUNISTA DE ESPAÑA - UCE,0,0,Ministerio del Interior / portal oficial de datos abiertos,PRIMARY_OFFICIAL
2011,2011-11-20,42 - Soria,UNION DE CIUDADANOS INDEPENDIENTES DE TOLEDO - U.C.I.T.,0,0,Ministerio del Interior / portal oficial de datos abiertos,PRIMARY_OFFICIAL
2011,2011-11-20,42 - Soria,UNITS X VALENCIA - UxV,0,0,Ministerio del Interior / portal oficial de datos abiertos,PRIMARY_OFFICIAL
2011,2011-11-20,42 - Soria,UNIÓN DEL PUEBLO NAVARRO EN COALICIÓN CON EL PARTI - UPN-PP,0,0,Ministerio del Interior / portal oficial de datos abiertos,PRIMARY_OFFICIAL
2011,2011-11-20,42 - Soria,UNIÓN PROGRESO Y DEMOCRACIA - UPyD,2190,0,Ministerio del Interior / portal oficial de datos abiertos,PRIMARY_OFFICIAL
2011,2011-11-20,43 - Tarragona,ACCION CIUDADANA POR MALAGA - ACIMA,0,0,Ministerio del Interior / portal oficial de datos abiertos,PRIMARY_OFFICIAL
2011,2011-11-20,43 - Tarragona,ALTERNATIVA NACIONALISTA CANARIA - ANC,0,0,Ministerio del Interior / portal oficial de datos abiertos,PRIMARY_OFFICIAL
2011,2011-11-20,43 - Tarragona,AMAIUR - AMAIUR,0,0,Ministerio del Interior / portal oficial de datos abiertos,PRIMARY_OFFICIAL
2011,2011-11-20,43 - Tarragona,ANDECHA ASTUR - ANDECHA,0,0,Ministerio del Interior / portal oficial de datos abiertos,PRIMARY_OFFICIAL
2011,2011-11-20,43 - Tarragona,ANTICAPITALISTAS - ANTICAPITAL,0,0,Ministerio del Interior / portal oficial de datos abiertos,PRIMARY_OFFICIAL
2011,2011-11-20,43 - Tarragona,ANTICAPITALISTES - ANTICAPITAL,880,0,Ministerio del Interior / portal oficial de datos abiertos,PRIMARY_OFFICIAL
2011,2011-11-20,43 - Tarragona,"BASTA YA, AGRUPACIÓN ABIERTA DE PARTIDOS POLÍTICOS - BASTA YA",0,0,Ministerio del Interior / portal oficial de datos abiertos,PRIMARY_OFFICIAL
2011,2011-11-20,43 - Tarragona,BIDEZKO MUNDURANTZ/POR UN MUNDO MAS JUSTO - PUM+J,0,0,Ministerio del Interior / portal oficial de datos abiertos,PRIMARY_OFFICIAL
2011,2011-11-20,43 - Tarragona,BIDEZKO MUNDURANTZ/POR UN MUNDO MÁS JUSTO - PU M+J,0,0,Ministerio del Interior / portal oficial de datos abiertos,PRIMARY_OFFICIAL
2011,2011-11-20,43 - Tarragona,BLOC-INICIATIVA-VERDS-EQUO-COALICIÓ COMPROMÍS - COMPROMÍS-Q,0,0,Ministerio del Interior / portal oficial de datos abiertos,PRIMARY_OFFICIAL
2011,2011-11-20,43 - Tarragona,BLOQUE NACIONALISTA GALEGO - B.N.G.,0,0,Ministerio del Interior / portal oficial de datos abiertos,PRIMARY_OFFICIAL
2011,2011-11-20,43 - Tarragona,BLOQUE NACIONALISTA GALEGO - BNG,0,0,Ministerio del Interior / portal oficial de datos abiertos,PRIMARY_OFFICIAL
2011,2011-11-20,43 - Tarragona,CANARIAS VERDE Y ROJA: LA IZQUIERDA PLURAL - IUC-CxI,0,0,Ministerio del Interior / portal oficial de datos abiertos,PRIMARY_OFFICIAL
2011,2011-11-20,43 - Tarragona,CENTRO DEMOCRATICO LIBERAL - C.D.L.,0,0,Ministerio del Interior / portal oficial de datos abiertos,PRIMARY_OFFICIAL
2011,2011-11-20,43 - Tarragona,"CHUNTA ARAGONESISTA-IZQUIERDA UNIDA, LA IZQUIERDA - CHA-IU",0,0,Ministerio del Interior / portal oficial de datos abiertos,PRIMARY_OFFICIAL
2011,2011-11-20,43 - Tarragona,"CHUNTA ARAGONESISTA-IZQUIERDA UNIDA, La Izquierda - CHA-IU",0,0,Ministerio del Interior / portal oficial de datos abiertos,PRIMARY_OFFICIAL
2011,2011-11-20,43 - Tarragona,CIUDADANOS DE CENTRO DEMOCRÁTICO - CCD,0,0,Ministerio del Interior / portal oficial de datos abiertos,PRIMARY_OFFICIAL
2011,2011-11-20,43 - Tarragona,COALICION CABALLAS - Caballas,0,0,Ministerio del Interior / portal oficial de datos abiertos,PRIMARY_OFFICIAL
2011,2011-11-20,43 - Tarragona,COALICIÓN CANARIA-NUEVA CANARIAS - CC-NC-PNC,0,0,Ministerio del Interior / portal oficial de datos abiertos,PRIMARY_OFFICIAL
2011,2011-11-20,43 - Tarragona,CONVERGENCIA POR EXTREMADURA - CEx,0,0,Ministerio del Interior / portal oficial de datos abiertos,PRIMARY_OFFICIAL
2011,2011-11-20,43 - Tarragona,CONVERGÈNCIA I UNIÓ - CiU,105846,2,Ministerio del Interior / portal oficial de datos abiertos,PRIMARY_OFFICIAL
2011,2011-11-20,43 - Tarragona,CONVERGÈNCIA i UNIÓ - CiU,0,0,Ministerio del Interior / portal oficial de datos abiertos,PRIMARY_OFFICIAL
2011,2011-11-20,43 - Tarragona,CONVERXENCIA VINTEÚN - C.XXI,0,0,Ministerio del Interior / portal oficial de datos abiertos,PRIMARY_OFFICIAL
2011,2011-11-20,43 - Tarragona,CONVERXENCIA VINTEÚN - CXXI,0,0,Ministerio del Interior / portal oficial de datos abiertos,PRIMARY_OFFICIAL
2011,2011-11-20,43 - Tarragona,DEMOCRACIA NACIONAL - D.N.,0,0,Ministerio del Interior / portal oficial de datos abiertos,PRIMARY_OFFICIAL
2011,2011-11-20,43 - Tarragona,DEMOS EL CAMBIO - DeC,0,0,Ministerio del Interior / portal oficial de datos abiertos,PRIMARY_OFFICIAL
2011,2011-11-20,43 - Tarragona,DERECHA NAVARRA Y ESPAÑOLA - DNE,0,0,Ministerio del Interior / portal oficial de datos abiertos,PRIMARY_OFFICIAL
2011,2011-11-20,43 - Tarragona,EQUO - EQUO,0,0,Ministerio del Interior / portal oficial de datos abiertos,PRIMARY_OFFICIAL
2011,2011-11-20,43 - Tarragona,EQUO - eQuo,0,0,Ministerio del Interior / portal oficial de datos abiertos,PRIMARY_OFFICIAL
2011,2011-11-20,43 - Tarragona,ESCAÑOS EN BLANCO - Eb,0,0,Ministerio del Interior / portal oficial de datos abiertos,PRIMARY_OFFICIAL
2011,2011-11-20,43 - Tarragona,ESCAÑOS EN BLANCO/ESCONS EN BLANC - EB,0,0,Ministerio del Interior / portal oficial de datos abiertos,PRIMARY_OFFICIAL
2011,2011-11-20,43 - Tarragona,ESCONS EN BLANC - Eb,3046,0,Ministerio del Interior / portal oficial de datos abiertos,PRIMARY_OFFICIAL
2011,2011-11-20,43 - Tarragona,ESPAÑA 2000 - ESPAÑA 2000,0,0,Ministerio del Interior / portal oficial de datos abiertos,PRIMARY_OFFICIAL
2011,2011-11-20,43 - Tarragona,ESQUERDA UNIDA-OS VERDES: A ESQUERDA PLURAL - EU-V,0,0,Ministerio del Interior / portal oficial de datos abiertos,PRIMARY_OFFICIAL
2011,2011-11-20,43 - Tarragona,ESQUERRA REPUBLICANA - ESQUERRA,0,0,Ministerio del Interior / portal oficial de datos abiertos,PRIMARY_OFFICIAL
2011,2011-11-20,43 - Tarragona,ESQUERRA REPUBLICANA DE CATALUNYA-CATALUNYA SÍ - ERC - RI.ca,0,0,Ministerio del Interior / portal oficial de datos abiertos,PRIMARY_OFFICIAL
2011,2011-11-20,43 - Tarragona,ESQUERRA REPUBLICANA DE CATALUNYA-CATALUNYA SÍ - ERC-RI.cat,25724,0,Ministerio del Interior / portal oficial de datos abiertos,PRIMARY_OFFICIAL
2011,2011-11-20,43 - Tarragona,ESQUERRA REPUBLICANA DEL PAÍS VALENCIÀ - ERPV,0,0,Ministerio del Interior / portal oficial de datos abiertos,PRIMARY_OFFICIAL
2011,2011-11-20,43 - Tarragona,ESQUERRA UNIDA DEL PAIS VALENCIA-LOS VERDES: L'ESQ - EUPV-LV,0,0,Ministerio del Interior / portal oficial de datos abiertos,PRIMARY_OFFICIAL
2011,2011-11-20,43 - Tarragona,ESQUERRA UNIDA ILLES BALEARS: LA IZQUIERDA PLURAL - EUIB,0,0,Ministerio del Interior / portal oficial de datos abiertos,PRIMARY_OFFICIAL
2011,2011-11-20,43 - Tarragona,ESQUERRA UNIDA PAÍS VALENCIÀ-ELS VERDS: L'ESQUERRA - EUPV-EV,0,0,Ministerio del Interior / portal oficial de datos abiertos,PRIMARY_OFFICIAL
2011,2011-11-20,43 - Tarragona,EUZKO ALDERDI JELTZALEA-PARTIDO NACIONALISTA VASCO - E.A.J.-P.N.,0,0,Ministerio del Interior / portal oficial de datos abiertos,PRIMARY_OFFICIAL
2011,2011-11-20,43 - Tarragona,EUZKO ALDERDI JELTZALEA-PARTIDO NACIONALISTA VASCO - EAJ-PNV,0,0,Ministerio del Interior / portal oficial de datos abiertos,PRIMARY_OFFICIAL
2011,2011-11-20,43 - Tarragona,FALANGE ESPAÑOLA DE LAS J.O.N.S. - FE de las J,0,0,Ministerio del Interior / portal oficial de datos abiertos,PRIMARY_OFFICIAL
2011,2011-11-20,43 - Tarragona,FAMILIA Y VIDA - PFyV,0,0,Ministerio del Interior / portal oficial de datos abiertos,PRIMARY_OFFICIAL
2011,2011-11-20,43 - Tarragona,FORO CENTRO Y DEMOCRACIA - CYD,0,0,Ministerio del Interior / portal oficial de datos abiertos,PRIMARY_OFFICIAL
2011,2011-11-20,43 - Tarragona,FORO DE CIUDADANOS - FAC,0,0,Ministerio del Interior / portal oficial de datos abiertos,PRIMARY_OFFICIAL
2011,2011-11-20,43 - Tarragona,GEROA BAI - GBAI,0,0,Ministerio del Interior / portal oficial de datos abiertos,PRIMARY_OFFICIAL
2011,2011-11-20,43 - Tarragona,HARTOS.ORG - HARTOS.ORG,1069,0,Ministerio del Interior / portal oficial de datos abiertos,PRIMARY_OFFICIAL
2011,2011-11-20,43 - Tarragona,HIGIENE DEMOCRATICA - H.D.,0,0,Ministerio del Interior / portal oficial de datos abiertos,PRIMARY_OFFICIAL
2011,2011-11-20,43 - Tarragona,INICIATIVA PER CATALUNYA VERDS-ESQUERRA UNIDA I AL - ICV-EUiA,0,0,Ministerio del Interior / portal oficial de datos abiertos,PRIMARY_OFFICIAL
2011,2011-11-20,43 - Tarragona,INICIATIVA PER CATALUNYA VERDS-ESQUERRA UNIDA i AL - ICV-EUiA,18561,0,Ministerio del Interior / portal oficial de datos abiertos,PRIMARY_OFFICIAL
2011,2011-11-20,43 - Tarragona,IU - LOS VERDES: LA IZQUIERDA PLURAL / EZKER ANITZ - IU-LV,0,0,Ministerio del Interior / portal oficial de datos abiertos,PRIMARY_OFFICIAL
2011,2011-11-20,43 - Tarragona,IZQUIERDA UNIDA - PARTIDO DEMOCRÁTICO Y SOCIAL DE - IU-PDSC,0,0,Ministerio del Interior / portal oficial de datos abiertos,PRIMARY_OFFICIAL
2011,2011-11-20,43 - Tarragona,IZQUIERDA UNIDA CANARIA-INICIATIVA POR EL HIERRO-L - IUC-IpH-LV,0,0,Ministerio del Interior / portal oficial de datos abiertos,PRIMARY_OFFICIAL
2011,2011-11-20,43 - Tarragona,IZQUIERDA UNIDA DE ASTURIAS-IZQUIERDA XUNIDA D'AST - IU-IX,0,0,Ministerio del Interior / portal oficial de datos abiertos,PRIMARY_OFFICIAL
2011,2011-11-20,43 - Tarragona,IZQUIERDA UNIDA DE CANTABRIA: LA IZQUIERDA PLURAL - IUC,0,0,Ministerio del Interior / portal oficial de datos abiertos,PRIMARY_OFFICIAL
2011,2011-11-20,43 - Tarragona,IZQUIERDA UNIDA DE CASTILLA Y LEON: LA IZQUIERDA P - IUCL,0,0,Ministerio del Interior / portal oficial de datos abiertos,PRIMARY_OFFICIAL
2011,2011-11-20,43 - Tarragona,IZQUIERDA UNIDA DE CASTILLA Y LEON: LA IZQUIERDA P - IUCyL,0,0,Ministerio del Interior / portal oficial de datos abiertos,PRIMARY_OFFICIAL
2011,2011-11-20,43 - Tarragona,IZQUIERDA UNIDA DE CASTILLA Y LEÓN: LA IZQUIERDA P - IU CyL,0,0,Ministerio del Interior / portal oficial de datos abiertos,PRIMARY_OFFICIAL
2011,2011-11-20,43 - Tarragona,IZQUIERDA UNIDA DE CASTILLA Y LEÓN: LA IZQUIERDA P - IUCL,0,0,Ministerio del Interior / portal oficial de datos abiertos,PRIMARY_OFFICIAL
2011,2011-11-20,43 - Tarragona,IZQUIERDA UNIDA DE CASTILLA-LA MANCHA-LOS VERDES: - IUCLM-LV,0,0,Ministerio del Interior / portal oficial de datos abiertos,PRIMARY_OFFICIAL
2011,2011-11-20,43 - Tarragona,IZQUIERDA UNIDA DE CASTILLA-LA MANCHA-LOS VERDES: - IUCM-LV,0,0,Ministerio del Interior / portal oficial de datos abiertos,PRIMARY_OFFICIAL
2011,2011-11-20,43 - Tarragona,IZQUIERDA UNIDA LOS VERDES-CONVOCATORIA POR ANDALU - IULV-CA,0,0,Ministerio del Interior / portal oficial de datos abiertos,PRIMARY_OFFICIAL
2011,2011-11-20,43 - Tarragona,IZQUIERDA UNIDA VERDES-SOCIALISTAS INDEPENDIENTES - IU-V-SIEX:,0,0,Ministerio del Interior / portal oficial de datos abiertos,PRIMARY_OFFICIAL
2011,2011-11-20,43 - Tarragona,IZQUIERDA UNIDA VERDES-SOCIALISTAS INDEPENDIENTES - IU-VERDES-S,0,0,Ministerio del Interior / portal oficial de datos abiertos,PRIMARY_OFFICIAL
2011,2011-11-20,43 - Tarragona,IZQUIERDA UNIDA-LA IZQUIERDA PLURAL - I.U.,0,0,Ministerio del Interior / portal oficial de datos abiertos,PRIMARY_OFFICIAL
2011,2011-11-20,43 - Tarragona,IZQUIERDA UNIDA-LOS VERDES: LA IZQUIERDA PLURAL - IU-LV,0,0,Ministerio del Interior / portal oficial de datos abiertos,PRIMARY_OFFICIAL
2011,2011-11-20,43 - Tarragona,IZQUIERDA UNIDA-LOS VERDES: LA IZQUIERDA PLURAL/EZ - I.U.,0,0,Ministerio del Interior / portal oficial de datos abiertos,PRIMARY_OFFICIAL
2011,2011-11-20,43 - Tarragona,IZQUIERDA UNIDA-LOS VERDES: LA IZQUIERDA PLURAL/EZ - IU-LV,0,0,Ministerio del Interior / portal oficial de datos abiertos,PRIMARY_OFFICIAL
2011,2011-11-20,43 - Tarragona,IZQUIERDA UNIDA-VERDES DE LA REGION DE MURCIA: LA - IUV-RM,0,0,Ministerio del Interior / portal oficial de datos abiertos,PRIMARY_OFFICIAL
2011,2011-11-20,43 - Tarragona,IZQUIERDA-EZKERRA/LA IZQUIERDA PLURAL - IZQUIERDA-E,0,0,Ministerio del Interior / portal oficial de datos abiertos,PRIMARY_OFFICIAL
2011,2011-11-20,43 - Tarragona,LOS VERDES-GRUPO VERDE - LV-GV,0,0,Ministerio del Interior / portal oficial de datos abiertos,PRIMARY_OFFICIAL
2011,2011-11-20,43 - Tarragona,MUERTE AL SISTEMA - +MAS+,0,0,Ministerio del Interior / portal oficial de datos abiertos,PRIMARY_OFFICIAL
2011,2011-11-20,43 - Tarragona,PARTIDO ANDALUCISTA - P.A.,0,0,Ministerio del Interior / portal oficial de datos abiertos,PRIMARY_OFFICIAL
2011,2011-11-20,43 - Tarragona,PARTIDO ANDALUCISTA - PA,0,0,Ministerio del Interior / portal oficial de datos abiertos,PRIMARY_OFFICIAL
2011,2011-11-20,43 - Tarragona,PARTIDO ANIMALISTA CONTRA EL MALTRATO ANIMAL - PACMA,0,0,Ministerio del Interior / portal oficial de datos abiertos,PRIMARY_OFFICIAL
2011,2011-11-20,43 - Tarragona,PARTIDO CASTELLANO - PCAS,0,0,Ministerio del Interior / portal oficial de datos abiertos,PRIMARY_OFFICIAL
2011,2011-11-20,43 - Tarragona,PARTIDO COMUNISTA DE LOS PUEBLOS DE ESPAÑA - P.C.P.E.,0,0,Ministerio del Interior / portal oficial de datos abiertos,PRIMARY_OFFICIAL
2011,2011-11-20,43 - Tarragona,PARTIDO COMUNISTA DE LOS PUEBLOS DE ESPAÑA - PCPE,0,0,Ministerio del Interior / portal oficial de datos abiertos,PRIMARY_OFFICIAL
2011,2011-11-20,43 - Tarragona,PARTIDO DE CASTILLA Y LEÓN - PCAL,0,0,Ministerio del Interior / portal oficial de datos abiertos,PRIMARY_OFFICIAL
2011,2011-11-20,43 - Tarragona,PARTIDO DE INTERNET - INTERNET,0,0,Ministerio del Interior / portal oficial de datos abiertos,PRIMARY_OFFICIAL
2011,2011-11-20,43 - Tarragona,PARTIDO DE LA LIBERTAD INDIVIDUAL - P-LIB,0,0,Ministerio del Interior / portal oficial de datos abiertos,PRIMARY_OFFICIAL
2011,2011-11-20,43 - Tarragona,PARTIDO DEMOCRATICO Y CONSTITUCIONAL - PDYC,0,0,Ministerio del Interior / portal oficial de datos abiertos,PRIMARY_OFFICIAL
2011,2011-11-20,43 - Tarragona,PARTIDO DOS SOCIALISTAS DE GALICIA - PARTIDO SOCIA - PSdeG-PSOE,0,0,Ministerio del Interior / portal oficial de datos abiertos,PRIMARY_OFFICIAL
2011,2011-11-20,43 - Tarragona,PARTIDO DOS SOCIALISTAS DE GALICIA - PSOE - PSdeG-PSOE,0,0,Ministerio del Interior / portal oficial de datos abiertos,PRIMARY_OFFICIAL
2011,2011-11-20,43 - Tarragona,PARTIDO HUMANISTA - PH,0,0,Ministerio del Interior / portal oficial de datos abiertos,PRIMARY_OFFICIAL
2011,2011-11-20,43 - Tarragona,PARTIDO OBRERO SOCIALISTA INTERNACIONALISTA - P.O.S.I.,0,0,Ministerio del Interior / portal oficial de datos abiertos,PRIMARY_OFFICIAL
2011,2011-11-20,43 - Tarragona,PARTIDO OBRERO SOCIALISTA INTERNACIONALISTA - POSI,0,0,Ministerio del Interior / portal oficial de datos abiertos,PRIMARY_OFFICIAL
2011,2011-11-20,43 - Tarragona,PARTIDO PARA LA REGENERACION DE LA DEMOCRACIA EN E - P.R.D.E.,0,0,Ministerio del Interior / portal oficial de datos abiertos,PRIMARY_OFFICIAL
2011,2011-11-20,43 - Tarragona,PARTIDO PIRATA - PIRATA,0,0,Ministerio del Interior / portal oficial de datos abiertos,PRIMARY_OFFICIAL
2011,2011-11-20,43 - Tarragona,PARTIDO POPULAR - P.P.,0,0,Ministerio del Interior / portal oficial de datos abiertos,PRIMARY_OFFICIAL
2011,2011-11-20,43 - Tarragona,PARTIDO POPULAR - PP,81977,2,Ministerio del Interior / portal oficial de datos abiertos,PRIMARY_OFFICIAL
2011,2011-11-20,43 - Tarragona,PARTIDO POPULAR EN COALICIÓN CON EL PARTIDO ARAGON - PP-PAR,0,0,Ministerio del Interior / portal oficial de datos abiertos,PRIMARY_OFFICIAL
2011,2011-11-20,43 - Tarragona,PARTIDO POPULAR-EXTREMADURA UNIDA - P.P-E.U.,0,0,Ministerio del Interior / portal oficial de datos abiertos,PRIMARY_OFFICIAL
2011,2011-11-20,43 - Tarragona,PARTIDO POPULAR-EXTREMADURA UNIDA - PP-EU,0,0,Ministerio del Interior / portal oficial de datos abiertos,PRIMARY_OFFICIAL
2011,2011-11-20,43 - Tarragona,PARTIDO REGIONALISTA DE CANTABRIA - P.R.C.,0,0,Ministerio del Interior / portal oficial de datos abiertos,PRIMARY_OFFICIAL
2011,2011-11-20,43 - Tarragona,PARTIDO REGIONALISTA DEL PAIS LEONES - PREPAL,0,0,Ministerio del Interior / portal oficial de datos abiertos,PRIMARY_OFFICIAL
2011,2011-11-20,43 - Tarragona,PARTIDO REGIONALISTA POR ANDALUCIA ORIENTAL - PRAO,0,0,Ministerio del Interior / portal oficial de datos abiertos,PRIMARY_OFFICIAL
2011,2011-11-20,43 - Tarragona,PARTIDO SOCIALISTA DE EUSKADI-EUSKADIKO EZKERRA (P - PSE-EE (PSO,0,0,Ministerio del Interior / portal oficial de datos abiertos,PRIMARY_OFFICIAL
2011,2011-11-20,43 - Tarragona,PARTIDO SOCIALISTA OBRERO ESPAÑOL - P.S.O.E.,0,0,Ministerio del Interior / portal oficial de datos abiertos,PRIMARY_OFFICIAL
2011,2011-11-20,43 - Tarragona,PARTIDO SOCIALISTA OBRERO ESPAÑOL - PSOE,0,0,Ministerio del Interior / portal oficial de datos abiertos,PRIMARY_OFFICIAL
2011,2011-11-20,43 - Tarragona,PARTIT ANIMALISTA CONTRA EL MALTRACTAMENT ANIMAL - PACMA,2133,0,Ministerio del Interior / portal oficial de datos abiertos,PRIMARY_OFFICIAL
2011,2011-11-20,43 - Tarragona,PARTIT COMUNISTA DEL POBLE DE CATALUNYA - PCPC,712,0,Ministerio del Interior / portal oficial de datos abiertos,PRIMARY_OFFICIAL
2011,2011-11-20,43 - Tarragona,PARTIT COMUNISTA DELS POBLES D'ESPANYA - P.C.P.E.,0,0,Ministerio del Interior / portal oficial de datos abiertos,PRIMARY_OFFICIAL
2011,2011-11-20,43 - Tarragona,PARTIT DELS SOCIALISTES DE CATALUNYA - PSC-PSOE,90496,2,Ministerio del Interior / portal oficial de datos abiertos,PRIMARY_OFFICIAL
2011,2011-11-20,43 - Tarragona,PARTIT POPULAR/PARTIDO POPULAR - P.P.,0,0,Ministerio del Interior / portal oficial de datos abiertos,PRIMARY_OFFICIAL
2011,2011-11-20,43 - Tarragona,PARTIT REPUBLICÀ D'ESQUERRA-REPUBLICANS - PRE-R,419,0,Ministerio del Interior / portal oficial de datos abiertos,PRIMARY_OFFICIAL
2011,2011-11-20,43 - Tarragona,PER UN MÓN MÉS JUST - PUM+J,0,0,Ministerio del Interior / portal oficial de datos abiertos,PRIMARY_OFFICIAL
2011,2011-11-20,43 - Tarragona,PIRATES DE CATALUNYA - PIRATA.CAT,1703,0,Ministerio del Interior / portal oficial de datos abiertos,PRIMARY_OFFICIAL
2011,2011-11-20,43 - Tarragona,PLATAFORMA PER CATALUNYA - PxC,3097,0,Ministerio del Interior / portal oficial de datos abiertos,PRIMARY_OFFICIAL
2011,2011-11-20,43 - Tarragona,POR UN MUNDO MÁS JUSTO - PUM+J,0,0,Ministerio del Interior / portal oficial de datos abiertos,PRIMARY_OFFICIAL
2011,2011-11-20,43 - Tarragona,PSM-INICIATIVA VERDS-ENTESA-EQUO - PSM-IV-EXM-,0,0,Ministerio del Interior / portal oficial de datos abiertos,PRIMARY_OFFICIAL
2011,2011-11-20,43 - Tarragona,REPUBLICANOS - RPS,0,0,Ministerio del Interior / portal oficial de datos abiertos,PRIMARY_OFFICIAL
2011,2011-11-20,43 - Tarragona,SOCIALISTAS POR TERUEL - SXT,0,0,Ministerio del Interior / portal oficial de datos abiertos,PRIMARY_OFFICIAL
2011,2011-11-20,43 - Tarragona,SOLIDARIDAD Y AUTOGESTION INTERNACIONALISTA - SAIn,0,0,Ministerio del Interior / portal oficial de datos abiertos,PRIMARY_OFFICIAL
2011,2011-11-20,43 - Tarragona,"SÍ SE PUEDE, SOCIALISTAS POR TENERIFE, EQUO - SSP-SxTF-EQ",0,0,Ministerio del Interior / portal oficial de datos abiertos,PRIMARY_OFFICIAL
2011,2011-11-20,43 - Tarragona,UNIDAD DEL PUEBLO - UNIDAD DEL,0,0,Ministerio del Interior / portal oficial de datos abiertos,PRIMARY_OFFICIAL
2011,2011-11-20,43 - Tarragona,UNIDAD REGIONALISTA DE CASTILLA Y LEON - U.R.C.L.,0,0,Ministerio del Interior / portal oficial de datos abiertos,PRIMARY_OFFICIAL
2011,2011-11-20,43 - Tarragona,UNIFICACIÓN COMUNISTA DE ESPAÑA - U.C.E.,0,0,Ministerio del Interior / portal oficial de datos abiertos,PRIMARY_OFFICIAL
2011,2011-11-20,43 - Tarragona,UNIFICACIÓN COMUNISTA DE ESPAÑA - UCE,267,0,Ministerio del Interior / portal oficial de datos abiertos,PRIMARY_OFFICIAL
2011,2011-11-20,43 - Tarragona,UNION DE CIUDADANOS INDEPENDIENTES DE TOLEDO - U.C.I.T.,0,0,Ministerio del Interior / portal oficial de datos abiertos,PRIMARY_OFFICIAL
2011,2011-11-20,43 - Tarragona,UNITS X VALENCIA - UxV,0,0,Ministerio del Interior / portal oficial de datos abiertos,PRIMARY_OFFICIAL
2011,2011-11-20,43 - Tarragona,UNIÓN DEL PUEBLO NAVARRO EN COALICIÓN CON EL PARTI - UPN-PP,0,0,Ministerio del Interior / portal oficial de datos abiertos,PRIMARY_OFFICIAL
2011,2011-11-20,43 - Tarragona,UNIÓN PROGRESO Y DEMOCRACIA - UPyD,3672,0,Ministerio del Interior / portal oficial de datos abiertos,PRIMARY_OFFICIAL
2011,2011-11-20,44 - Teruel,ACCION CIUDADANA POR MALAGA - ACIMA,0,0,Ministerio del Interior / portal oficial de datos abiertos,PRIMARY_OFFICIAL
2011,2011-11-20,44 - Teruel,ALTERNATIVA NACIONALISTA CANARIA - ANC,0,0,Ministerio del Interior / portal oficial de datos abiertos,PRIMARY_OFFICIAL
2011,2011-11-20,44 - Teruel,AMAIUR - AMAIUR,0,0,Ministerio del Interior / portal oficial de datos abiertos,PRIMARY_OFFICIAL
2011,2011-11-20,44 - Teruel,ANDECHA ASTUR - ANDECHA,0,0,Ministerio del Interior / portal oficial de datos abiertos,PRIMARY_OFFICIAL
2011,2011-11-20,44 - Teruel,ANTICAPITALISTAS - ANTICAPITAL,0,0,Ministerio del Interior / portal oficial de datos abiertos,PRIMARY_OFFICIAL
2011,2011-11-20,44 - Teruel,ANTICAPITALISTES - ANTICAPITAL,0,0,Ministerio del Interior / portal oficial de datos abiertos,PRIMARY_OFFICIAL
2011,2011-11-20,44 - Teruel,"BASTA YA, AGRUPACIÓN ABIERTA DE PARTIDOS POLÍTICOS - BASTA YA",0,0,Ministerio del Interior / portal oficial de datos abiertos,PRIMARY_OFFICIAL
2011,2011-11-20,44 - Teruel,BIDEZKO MUNDURANTZ/POR UN MUNDO MAS JUSTO - PUM+J,0,0,Ministerio del Interior / portal oficial de datos abiertos,PRIMARY_OFFICIAL
2011,2011-11-20,44 - Teruel,BIDEZKO MUNDURANTZ/POR UN MUNDO MÁS JUSTO - PU M+J,0,0,Ministerio del Interior / portal oficial de datos abiertos,PRIMARY_OFFICIAL
2011,2011-11-20,44 - Teruel,BLOC-INICIATIVA-VERDS-EQUO-COALICIÓ COMPROMÍS - COMPROMÍS-Q,0,0,Ministerio del Interior / portal oficial de datos abiertos,PRIMARY_OFFICIAL
2011,2011-11-20,44 - Teruel,BLOQUE NACIONALISTA GALEGO - B.N.G.,0,0,Ministerio del Interior / portal oficial de datos abiertos,PRIMARY_OFFICIAL
2011,2011-11-20,44 - Teruel,BLOQUE NACIONALISTA GALEGO - BNG,0,0,Ministerio del Interior / portal oficial de datos abiertos,PRIMARY_OFFICIAL
2011,2011-11-20,44 - Teruel,CANARIAS VERDE Y ROJA: LA IZQUIERDA PLURAL - IUC-CxI,0,0,Ministerio del Interior / portal oficial de datos abiertos,PRIMARY_OFFICIAL
2011,2011-11-20,44 - Teruel,CENTRO DEMOCRATICO LIBERAL - C.D.L.,0,0,Ministerio del Interior / portal oficial de datos abiertos,PRIMARY_OFFICIAL
2011,2011-11-20,44 - Teruel,"CHUNTA ARAGONESISTA-IZQUIERDA UNIDA, LA IZQUIERDA - CHA-IU",6103,0,Ministerio del Interior / portal oficial de datos abiertos,PRIMARY_OFFICIAL
2011,2011-11-20,44 - Teruel,"CHUNTA ARAGONESISTA-IZQUIERDA UNIDA, La Izquierda - CHA-IU",0,0,Ministerio del Interior / portal oficial de datos abiertos,PRIMARY_OFFICIAL
2011,2011-11-20,44 - Teruel,CIUDADANOS DE CENTRO DEMOCRÁTICO - CCD,0,0,Ministerio del Interior / portal oficial de datos abiertos,PRIMARY_OFFICIAL
2011,2011-11-20,44 - Teruel,COALICION CABALLAS - Caballas,0,0,Ministerio del Interior / portal oficial de datos abiertos,PRIMARY_OFFICIAL
2011,2011-11-20,44 - Teruel,COALICIÓN CANARIA-NUEVA CANARIAS - CC-NC-PNC,0,0,Ministerio del Interior / portal oficial de datos abiertos,PRIMARY_OFFICIAL
2011,2011-11-20,44 - Teruel,CONVERGENCIA POR EXTREMADURA - CEx,0,0,Ministerio del Interior / portal oficial de datos abiertos,PRIMARY_OFFICIAL
2011,2011-11-20,44 - Teruel,CONVERGÈNCIA I UNIÓ - CiU,0,0,Ministerio del Interior / portal oficial de datos abiertos,PRIMARY_OFFICIAL
2011,2011-11-20,44 - Teruel,CONVERGÈNCIA i UNIÓ - CiU,0,0,Ministerio del Interior / portal oficial de datos abiertos,PRIMARY_OFFICIAL
2011,2011-11-20,44 - Teruel,CONVERXENCIA VINTEÚN - C.XXI,0,0,Ministerio del Interior / portal oficial de datos abiertos,PRIMARY_OFFICIAL
2011,2011-11-20,44 - Teruel,CONVERXENCIA VINTEÚN - CXXI,0,0,Ministerio del Interior / portal oficial de datos abiertos,PRIMARY_OFFICIAL
2011,2011-11-20,44 - Teruel,DEMOCRACIA NACIONAL - D.N.,0,0,Ministerio del Interior / portal oficial de datos abiertos,PRIMARY_OFFICIAL
2011,2011-11-20,44 - Teruel,DEMOS EL CAMBIO - DeC,0,0,Ministerio del Interior / portal oficial de datos abiertos,PRIMARY_OFFICIAL
2011,2011-11-20,44 - Teruel,DERECHA NAVARRA Y ESPAÑOLA - DNE,0,0,Ministerio del Interior / portal oficial de datos abiertos,PRIMARY_OFFICIAL
2011,2011-11-20,44 - Teruel,EQUO - EQUO,0,0,Ministerio del Interior / portal oficial de datos abiertos,PRIMARY_OFFICIAL
2011,2011-11-20,44 - Teruel,EQUO - eQuo,0,0,Ministerio del Interior / portal oficial de datos abiertos,PRIMARY_OFFICIAL
2011,2011-11-20,44 - Teruel,ESCAÑOS EN BLANCO - Eb,466,0,Ministerio del Interior / portal oficial de datos abiertos,PRIMARY_OFFICIAL
2011,2011-11-20,44 - Teruel,ESCAÑOS EN BLANCO/ESCONS EN BLANC - EB,0,0,Ministerio del Interior / portal oficial de datos abiertos,PRIMARY_OFFICIAL
2011,2011-11-20,44 - Teruel,ESCONS EN BLANC - Eb,0,0,Ministerio del Interior / portal oficial de datos abiertos,PRIMARY_OFFICIAL
2011,2011-11-20,44 - Teruel,ESPAÑA 2000 - ESPAÑA 2000,0,0,Ministerio del Interior / portal oficial de datos abiertos,PRIMARY_OFFICIAL
2011,2011-11-20,44 - Teruel,ESQUERDA UNIDA-OS VERDES: A ESQUERDA PLURAL - EU-V,0,0,Ministerio del Interior / portal oficial de datos abiertos,PRIMARY_OFFICIAL
2011,2011-11-20,44 - Teruel,ESQUERRA REPUBLICANA - ESQUERRA,0,0,Ministerio del Interior / portal oficial de datos abiertos,PRIMARY_OFFICIAL
2011,2011-11-20,44 - Teruel,ESQUERRA REPUBLICANA DE CATALUNYA-CATALUNYA SÍ - ERC - RI.ca,0,0,Ministerio del Interior / portal oficial de datos abiertos,PRIMARY_OFFICIAL
2011,2011-11-20,44 - Teruel,ESQUERRA REPUBLICANA DE CATALUNYA-CATALUNYA SÍ - ERC-RI.cat,0,0,Ministerio del Interior / portal oficial de datos abiertos,PRIMARY_OFFICIAL
2011,2011-11-20,44 - Teruel,ESQUERRA REPUBLICANA DEL PAÍS VALENCIÀ - ERPV,0,0,Ministerio del Interior / portal oficial de datos abiertos,PRIMARY_OFFICIAL
2011,2011-11-20,44 - Teruel,ESQUERRA UNIDA DEL PAIS VALENCIA-LOS VERDES: L'ESQ - EUPV-LV,0,0,Ministerio del Interior / portal oficial de datos abiertos,PRIMARY_OFFICIAL
2011,2011-11-20,44 - Teruel,ESQUERRA UNIDA ILLES BALEARS: LA IZQUIERDA PLURAL - EUIB,0,0,Ministerio del Interior / portal oficial de datos abiertos,PRIMARY_OFFICIAL
2011,2011-11-20,44 - Teruel,ESQUERRA UNIDA PAÍS VALENCIÀ-ELS VERDS: L'ESQUERRA - EUPV-EV,0,0,Ministerio del Interior / portal oficial de datos abiertos,PRIMARY_OFFICIAL
2011,2011-11-20,44 - Teruel,EUZKO ALDERDI JELTZALEA-PARTIDO NACIONALISTA VASCO - E.A.J.-P.N.,0,0,Ministerio del Interior / portal oficial de datos abiertos,PRIMARY_OFFICIAL
2011,2011-11-20,44 - Teruel,EUZKO ALDERDI JELTZALEA-PARTIDO NACIONALISTA VASCO - EAJ-PNV,0,0,Ministerio del Interior / portal oficial de datos abiertos,PRIMARY_OFFICIAL
2011,2011-11-20,44 - Teruel,FALANGE ESPAÑOLA DE LAS J.O.N.S. - FE de las J,0,0,Ministerio del Interior / portal oficial de datos abiertos,PRIMARY_OFFICIAL
2011,2011-11-20,44 - Teruel,FAMILIA Y VIDA - PFyV,0,0,Ministerio del Interior / portal oficial de datos abiertos,PRIMARY_OFFICIAL
2011,2011-11-20,44 - Teruel,FORO CENTRO Y DEMOCRACIA - CYD,0,0,Ministerio del Interior / portal oficial de datos abiertos,PRIMARY_OFFICIAL
2011,2011-11-20,44 - Teruel,FORO DE CIUDADANOS - FAC,0,0,Ministerio del Interior / portal oficial de datos abiertos,PRIMARY_OFFICIAL
2011,2011-11-20,44 - Teruel,GEROA BAI - GBAI,0,0,Ministerio del Interior / portal oficial de datos abiertos,PRIMARY_OFFICIAL
2011,2011-11-20,44 - Teruel,HARTOS.ORG - HARTOS.ORG,0,0,Ministerio del Interior / portal oficial de datos abiertos,PRIMARY_OFFICIAL
2011,2011-11-20,44 - Teruel,HIGIENE DEMOCRATICA - H.D.,0,0,Ministerio del Interior / portal oficial de datos abiertos,PRIMARY_OFFICIAL
2011,2011-11-20,44 - Teruel,INICIATIVA PER CATALUNYA VERDS-ESQUERRA UNIDA I AL - ICV-EUiA,0,0,Ministerio del Interior / portal oficial de datos abiertos,PRIMARY_OFFICIAL
2011,2011-11-20,44 - Teruel,INICIATIVA PER CATALUNYA VERDS-ESQUERRA UNIDA i AL - ICV-EUiA,0,0,Ministerio del Interior / portal oficial de datos abiertos,PRIMARY_OFFICIAL
2011,2011-11-20,44 - Teruel,IU - LOS VERDES: LA IZQUIERDA PLURAL / EZKER ANITZ - IU-LV,0,0,Ministerio del Interior / portal oficial de datos abiertos,PRIMARY_OFFICIAL
2011,2011-11-20,44 - Teruel,IZQUIERDA UNIDA - PARTIDO DEMOCRÁTICO Y SOCIAL DE - IU-PDSC,0,0,Ministerio del Interior / portal oficial de datos abiertos,PRIMARY_OFFICIAL
2011,2011-11-20,44 - Teruel,IZQUIERDA UNIDA CANARIA-INICIATIVA POR EL HIERRO-L - IUC-IpH-LV,0,0,Ministerio del Interior / portal oficial de datos abiertos,PRIMARY_OFFICIAL
2011,2011-11-20,44 - Teruel,IZQUIERDA UNIDA DE ASTURIAS-IZQUIERDA XUNIDA D'AST - IU-IX,0,0,Ministerio del Interior / portal oficial de datos abiertos,PRIMARY_OFFICIAL
2011,2011-11-20,44 - Teruel,IZQUIERDA UNIDA DE CANTABRIA: LA IZQUIERDA PLURAL - IUC,0,0,Ministerio del Interior / portal oficial de datos abiertos,PRIMARY_OFFICIAL
2011,2011-11-20,44 - Teruel,IZQUIERDA UNIDA DE CASTILLA Y LEON: LA IZQUIERDA P - IUCL,0,0,Ministerio del Interior / portal oficial de datos abiertos,PRIMARY_OFFICIAL
2011,2011-11-20,44 - Teruel,IZQUIERDA UNIDA DE CASTILLA Y LEON: LA IZQUIERDA P - IUCyL,0,0,Ministerio del Interior / portal oficial de datos abiertos,PRIMARY_OFFICIAL
2011,2011-11-20,44 - Teruel,IZQUIERDA UNIDA DE CASTILLA Y LEÓN: LA IZQUIERDA P - IU CyL,0,0,Ministerio del Interior / portal oficial de datos abiertos,PRIMARY_OFFICIAL
2011,2011-11-20,44 - Teruel,IZQUIERDA UNIDA DE CASTILLA Y LEÓN: LA IZQUIERDA P - IUCL,0,0,Ministerio del Interior / portal oficial de datos abiertos,PRIMARY_OFFICIAL
2011,2011-11-20,44 - Teruel,IZQUIERDA UNIDA DE CASTILLA-LA MANCHA-LOS VERDES: - IUCLM-LV,0,0,Ministerio del Interior / portal oficial de datos abiertos,PRIMARY_OFFICIAL
2011,2011-11-20,44 - Teruel,IZQUIERDA UNIDA DE CASTILLA-LA MANCHA-LOS VERDES: - IUCM-LV,0,0,Ministerio del Interior / portal oficial de datos abiertos,PRIMARY_OFFICIAL
2011,2011-11-20,44 - Teruel,IZQUIERDA UNIDA LOS VERDES-CONVOCATORIA POR ANDALU - IULV-CA,0,0,Ministerio del Interior / portal oficial de datos abiertos,PRIMARY_OFFICIAL
2011,2011-11-20,44 - Teruel,IZQUIERDA UNIDA VERDES-SOCIALISTAS INDEPENDIENTES - IU-V-SIEX:,0,0,Ministerio del Interior / portal oficial de datos abiertos,PRIMARY_OFFICIAL
2011,2011-11-20,44 - Teruel,IZQUIERDA UNIDA VERDES-SOCIALISTAS INDEPENDIENTES - IU-VERDES-S,0,0,Ministerio del Interior / portal oficial de datos abiertos,PRIMARY_OFFICIAL
2011,2011-11-20,44 - Teruel,IZQUIERDA UNIDA-LA IZQUIERDA PLURAL - I.U.,0,0,Ministerio del Interior / portal oficial de datos abiertos,PRIMARY_OFFICIAL
2011,2011-11-20,44 - Teruel,IZQUIERDA UNIDA-LOS VERDES: LA IZQUIERDA PLURAL - IU-LV,0,0,Ministerio del Interior / portal oficial de datos abiertos,PRIMARY_OFFICIAL
2011,2011-11-20,44 - Teruel,IZQUIERDA UNIDA-LOS VERDES: LA IZQUIERDA PLURAL/EZ - I.U.,0,0,Ministerio del Interior / portal oficial de datos abiertos,PRIMARY_OFFICIAL
2011,2011-11-20,44 - Teruel,IZQUIERDA UNIDA-LOS VERDES: LA IZQUIERDA PLURAL/EZ - IU-LV,0,0,Ministerio del Interior / portal oficial de datos abiertos,PRIMARY_OFFICIAL
2011,2011-11-20,44 - Teruel,IZQUIERDA UNIDA-VERDES DE LA REGION DE MURCIA: LA - IUV-RM,0,0,Ministerio del Interior / portal oficial de datos abiertos,PRIMARY_OFFICIAL
2011,2011-11-20,44 - Teruel,IZQUIERDA-EZKERRA/LA IZQUIERDA PLURAL - IZQUIERDA-E,0,0,Ministerio del Interior / portal oficial de datos abiertos,PRIMARY_OFFICIAL
2011,2011-11-20,44 - Teruel,LOS VERDES-GRUPO VERDE - LV-GV,0,0,Ministerio del Interior / portal oficial de datos abiertos,PRIMARY_OFFICIAL
2011,2011-11-20,44 - Teruel,MUERTE AL SISTEMA - +MAS+,0,0,Ministerio del Interior / portal oficial de datos abiertos,PRIMARY_OFFICIAL
2011,2011-11-20,44 - Teruel,PARTIDO ANDALUCISTA - P.A.,0,0,Ministerio del Interior / portal oficial de datos abiertos,PRIMARY_OFFICIAL
2011,2011-11-20,44 - Teruel,PARTIDO ANDALUCISTA - PA,0,0,Ministerio del Interior / portal oficial de datos abiertos,PRIMARY_OFFICIAL
2011,2011-11-20,44 - Teruel,PARTIDO ANIMALISTA CONTRA EL MALTRATO ANIMAL - PACMA,260,0,Ministerio del Interior / portal oficial de datos abiertos,PRIMARY_OFFICIAL
2011,2011-11-20,44 - Teruel,PARTIDO CASTELLANO - PCAS,0,0,Ministerio del Interior / portal oficial de datos abiertos,PRIMARY_OFFICIAL
2011,2011-11-20,44 - Teruel,PARTIDO COMUNISTA DE LOS PUEBLOS DE ESPAÑA - P.C.P.E.,0,0,Ministerio del Interior / portal oficial de datos abiertos,PRIMARY_OFFICIAL
2011,2011-11-20,44 - Teruel,PARTIDO COMUNISTA DE LOS PUEBLOS DE ESPAÑA - PCPE,0,0,Ministerio del Interior / portal oficial de datos abiertos,PRIMARY_OFFICIAL
2011,2011-11-20,44 - Teruel,PARTIDO DE CASTILLA Y LEÓN - PCAL,0,0,Ministerio del Interior / portal oficial de datos abiertos,PRIMARY_OFFICIAL
2011,2011-11-20,44 - Teruel,PARTIDO DE INTERNET - INTERNET,0,0,Ministerio del Interior / portal oficial de datos abiertos,PRIMARY_OFFICIAL
2011,2011-11-20,44 - Teruel,PARTIDO DE LA LIBERTAD INDIVIDUAL - P-LIB,0,0,Ministerio del Interior / portal oficial de datos abiertos,PRIMARY_OFFICIAL
2011,2011-11-20,44 - Teruel,PARTIDO DEMOCRATICO Y CONSTITUCIONAL - PDYC,0,0,Ministerio del Interior / portal oficial de datos abiertos,PRIMARY_OFFICIAL
2011,2011-11-20,44 - Teruel,PARTIDO DOS SOCIALISTAS DE GALICIA - PARTIDO SOCIA - PSdeG-PSOE,0,0,Ministerio del Interior / portal oficial de datos abiertos,PRIMARY_OFFICIAL
2011,2011-11-20,44 - Teruel,PARTIDO DOS SOCIALISTAS DE GALICIA - PSOE - PSdeG-PSOE,0,0,Ministerio del Interior / portal oficial de datos abiertos,PRIMARY_OFFICIAL
2011,2011-11-20,44 - Teruel,PARTIDO HUMANISTA - PH,0,0,Ministerio del Interior / portal oficial de datos abiertos,PRIMARY_OFFICIAL
2011,2011-11-20,44 - Teruel,PARTIDO OBRERO SOCIALISTA INTERNACIONALISTA - P.O.S.I.,0,0,Ministerio del Interior / portal oficial de datos abiertos,PRIMARY_OFFICIAL
2011,2011-11-20,44 - Teruel,PARTIDO OBRERO SOCIALISTA INTERNACIONALISTA - POSI,0,0,Ministerio del Interior / portal oficial de datos abiertos,PRIMARY_OFFICIAL
2011,2011-11-20,44 - Teruel,PARTIDO PARA LA REGENERACION DE LA DEMOCRACIA EN E - P.R.D.E.,0,0,Ministerio del Interior / portal oficial de datos abiertos,PRIMARY_OFFICIAL
2011,2011-11-20,44 - Teruel,PARTIDO PIRATA - PIRATA,218,0,Ministerio del Interior / portal oficial de datos abiertos,PRIMARY_OFFICIAL
2011,2011-11-20,44 - Teruel,PARTIDO POPULAR - P.P.,0,0,Ministerio del Interior / portal oficial de datos abiertos,PRIMARY_OFFICIAL
2011,2011-11-20,44 - Teruel,PARTIDO POPULAR - PP,0,0,Ministerio del Interior / portal oficial de datos abiertos,PRIMARY_OFFICIAL
2011,2011-11-20,44 - Teruel,PARTIDO POPULAR EN COALICIÓN CON EL PARTIDO ARAGON - PP-PAR,39993,2,Ministerio del Interior / portal oficial de datos abiertos,PRIMARY_OFFICIAL
2011,2011-11-20,44 - Teruel,PARTIDO POPULAR-EXTREMADURA UNIDA - P.P-E.U.,0,0,Ministerio del Interior / portal oficial de datos abiertos,PRIMARY_OFFICIAL
2011,2011-11-20,44 - Teruel,PARTIDO POPULAR-EXTREMADURA UNIDA - PP-EU,0,0,Ministerio del Interior / portal oficial de datos abiertos,PRIMARY_OFFICIAL
2011,2011-11-20,44 - Teruel,PARTIDO REGIONALISTA DE CANTABRIA - P.R.C.,0,0,Ministerio del Interior / portal oficial de datos abiertos,PRIMARY_OFFICIAL
2011,2011-11-20,44 - Teruel,PARTIDO REGIONALISTA DEL PAIS LEONES - PREPAL,0,0,Ministerio del Interior / portal oficial de datos abiertos,PRIMARY_OFFICIAL
2011,2011-11-20,44 - Teruel,PARTIDO REGIONALISTA POR ANDALUCIA ORIENTAL - PRAO,0,0,Ministerio del Interior / portal oficial de datos abiertos,PRIMARY_OFFICIAL
2011,2011-11-20,44 - Teruel,PARTIDO SOCIALISTA DE EUSKADI-EUSKADIKO EZKERRA (P - PSE-EE (PSO,0,0,Ministerio del Interior / portal oficial de datos abiertos,PRIMARY_OFFICIAL
2011,2011-11-20,44 - Teruel,PARTIDO SOCIALISTA OBRERO ESPAÑOL - P.S.O.E.,25426,1,Ministerio del Interior / portal oficial de datos abiertos,PRIMARY_OFFICIAL
2011,2011-11-20,44 - Teruel,PARTIDO SOCIALISTA OBRERO ESPAÑOL - PSOE,0,0,Ministerio del Interior / portal oficial de datos abiertos,PRIMARY_OFFICIAL
2011,2011-11-20,44 - Teruel,PARTIT ANIMALISTA CONTRA EL MALTRACTAMENT ANIMAL - PACMA,0,0,Ministerio del Interior / portal oficial de datos abiertos,PRIMARY_OFFICIAL
2011,2011-11-20,44 - Teruel,PARTIT COMUNISTA DEL POBLE DE CATALUNYA - PCPC,0,0,Ministerio del Interior / portal oficial de datos abiertos,PRIMARY_OFFICIAL
2011,2011-11-20,44 - Teruel,PARTIT COMUNISTA DELS POBLES D'ESPANYA - P.C.P.E.,0,0,Ministerio del Interior / portal oficial de datos abiertos,PRIMARY_OFFICIAL
2011,2011-11-20,44 - Teruel,PARTIT DELS SOCIALISTES DE CATALUNYA - PSC-PSOE,0,0,Ministerio del Interior / portal oficial de datos abiertos,PRIMARY_OFFICIAL
2011,2011-11-20,44 - Teruel,PARTIT POPULAR/PARTIDO POPULAR - P.P.,0,0,Ministerio del Interior / portal oficial de datos abiertos,PRIMARY_OFFICIAL
2011,2011-11-20,44 - Teruel,PARTIT REPUBLICÀ D'ESQUERRA-REPUBLICANS - PRE-R,0,0,Ministerio del Interior / portal oficial de datos abiertos,PRIMARY_OFFICIAL
2011,2011-11-20,44 - Teruel,PER UN MÓN MÉS JUST - PUM+J,0,0,Ministerio del Interior / portal oficial de datos abiertos,PRIMARY_OFFICIAL
2011,2011-11-20,44 - Teruel,PIRATES DE CATALUNYA - PIRATA.CAT,0,0,Ministerio del Interior / portal oficial de datos abiertos,PRIMARY_OFFICIAL
2011,2011-11-20,44 - Teruel,PLATAFORMA PER CATALUNYA - PxC,0,0,Ministerio del Interior / portal oficial de datos abiertos,PRIMARY_OFFICIAL
2011,2011-11-20,44 - Teruel,POR UN MUNDO MÁS JUSTO - PUM+J,151,0,Ministerio del Interior / portal oficial de datos abiertos,PRIMARY_OFFICIAL
2011,2011-11-20,44 - Teruel,PSM-INICIATIVA VERDS-ENTESA-EQUO - PSM-IV-EXM-,0,0,Ministerio del Interior / portal oficial de datos abiertos,PRIMARY_OFFICIAL
2011,2011-11-20,44 - Teruel,REPUBLICANOS - RPS,0,0,Ministerio del Interior / portal oficial de datos abiertos,PRIMARY_OFFICIAL
2011,2011-11-20,44 - Teruel,SOCIALISTAS POR TERUEL - SXT,169,0,Ministerio del Interior / portal oficial de datos abiertos,PRIMARY_OFFICIAL
2011,2011-11-20,44 - Teruel,SOLIDARIDAD Y AUTOGESTION INTERNACIONALISTA - SAIn,0,0,Ministerio del Interior / portal oficial de datos abiertos,PRIMARY_OFFICIAL
2011,2011-11-20,44 - Teruel,"SÍ SE PUEDE, SOCIALISTAS POR TENERIFE, EQUO - SSP-SxTF-EQ",0,0,Ministerio del Interior / portal oficial de datos abiertos,PRIMARY_OFFICIAL
2011,2011-11-20,44 - Teruel,UNIDAD DEL PUEBLO - UNIDAD DEL,0,0,Ministerio del Interior / portal oficial de datos abiertos,PRIMARY_OFFICIAL
2011,2011-11-20,44 - Teruel,UNIDAD REGIONALISTA DE CASTILLA Y LEON - U.R.C.L.,0,0,Ministerio del Interior / portal oficial de datos abiertos,PRIMARY_OFFICIAL
2011,2011-11-20,44 - Teruel,UNIFICACIÓN COMUNISTA DE ESPAÑA - U.C.E.,93,0,Ministerio del Interior / portal oficial de datos abiertos,PRIMARY_OFFICIAL
2011,2011-11-20,44 - Teruel,UNIFICACIÓN COMUNISTA DE ESPAÑA - UCE,0,0,Ministerio del Interior / portal oficial de datos abiertos,PRIMARY_OFFICIAL
2011,2011-11-20,44 - Teruel,UNION DE CIUDADANOS INDEPENDIENTES DE TOLEDO - U.C.I.T.,0,0,Ministerio del Interior / portal oficial de datos abiertos,PRIMARY_OFFICIAL
2011,2011-11-20,44 - Teruel,UNITS X VALENCIA - UxV,0,0,Ministerio del Interior / portal oficial de datos abiertos,PRIMARY_OFFICIAL
2011,2011-11-20,44 - Teruel,UNIÓN DEL PUEBLO NAVARRO EN COALICIÓN CON EL PARTI - UPN-PP,0,0,Ministerio del Interior / portal oficial de datos abiertos,PRIMARY_OFFICIAL
2011,2011-11-20,44 - Teruel,UNIÓN PROGRESO Y DEMOCRACIA - UPyD,2656,0,Ministerio del Interior / portal oficial de datos abiertos,PRIMARY_OFFICIAL
2011,2011-11-20,45 - Toledo,ACCION CIUDADANA POR MALAGA - ACIMA,0,0,Ministerio del Interior / portal oficial de datos abiertos,PRIMARY_OFFICIAL
2011,2011-11-20,45 - Toledo,ALTERNATIVA NACIONALISTA CANARIA - ANC,0,0,Ministerio del Interior / portal oficial de datos abiertos,PRIMARY_OFFICIAL
2011,2011-11-20,45 - Toledo,AMAIUR - AMAIUR,0,0,Ministerio del Interior / portal oficial de datos abiertos,PRIMARY_OFFICIAL
2011,2011-11-20,45 - Toledo,ANDECHA ASTUR - ANDECHA,0,0,Ministerio del Interior / portal oficial de datos abiertos,PRIMARY_OFFICIAL
2011,2011-11-20,45 - Toledo,ANTICAPITALISTAS - ANTICAPITAL,0,0,Ministerio del Interior / portal oficial de datos abiertos,PRIMARY_OFFICIAL
2011,2011-11-20,45 - Toledo,ANTICAPITALISTES - ANTICAPITAL,0,0,Ministerio del Interior / portal oficial de datos abiertos,PRIMARY_OFFICIAL
2011,2011-11-20,45 - Toledo,"BASTA YA, AGRUPACIÓN ABIERTA DE PARTIDOS POLÍTICOS - BASTA YA",0,0,Ministerio del Interior / portal oficial de datos abiertos,PRIMARY_OFFICIAL
2011,2011-11-20,45 - Toledo,BIDEZKO MUNDURANTZ/POR UN MUNDO MAS JUSTO - PUM+J,0,0,Ministerio del Interior / portal oficial de datos abiertos,PRIMARY_OFFICIAL
2011,2011-11-20,45 - Toledo,BIDEZKO MUNDURANTZ/POR UN MUNDO MÁS JUSTO - PU M+J,0,0,Ministerio del Interior / portal oficial de datos abiertos,PRIMARY_OFFICIAL
2011,2011-11-20,45 - Toledo,BLOC-INICIATIVA-VERDS-EQUO-COALICIÓ COMPROMÍS - COMPROMÍS-Q,0,0,Ministerio del Interior / portal oficial de datos abiertos,PRIMARY_OFFICIAL
2011,2011-11-20,45 - Toledo,BLOQUE NACIONALISTA GALEGO - B.N.G.,0,0,Ministerio del Interior / portal oficial de datos abiertos,PRIMARY_OFFICIAL
2011,2011-11-20,45 - Toledo,BLOQUE NACIONALISTA GALEGO - BNG,0,0,Ministerio del Interior / portal oficial de datos abiertos,PRIMARY_OFFICIAL
2011,2011-11-20,45 - Toledo,CANARIAS VERDE Y ROJA: LA IZQUIERDA PLURAL - IUC-CxI,0,0,Ministerio del Interior / portal oficial de datos abiertos,PRIMARY_OFFICIAL
2011,2011-11-20,45 - Toledo,CENTRO DEMOCRATICO LIBERAL - C.D.L.,0,0,Ministerio del Interior / portal oficial de datos abiertos,PRIMARY_OFFICIAL
2011,2011-11-20,45 - Toledo,"CHUNTA ARAGONESISTA-IZQUIERDA UNIDA, LA IZQUIERDA - CHA-IU",0,0,Ministerio del Interior / portal oficial de datos abiertos,PRIMARY_OFFICIAL
2011,2011-11-20,45 - Toledo,"CHUNTA ARAGONESISTA-IZQUIERDA UNIDA, La Izquierda - CHA-IU",0,0,Ministerio del Interior / portal oficial de datos abiertos,PRIMARY_OFFICIAL
2011,2011-11-20,45 - Toledo,CIUDADANOS DE CENTRO DEMOCRÁTICO - CCD,0,0,Ministerio del Interior / portal oficial de datos abiertos,PRIMARY_OFFICIAL
2011,2011-11-20,45 - Toledo,COALICION CABALLAS - Caballas,0,0,Ministerio del Interior / portal oficial de datos abiertos,PRIMARY_OFFICIAL
2011,2011-11-20,45 - Toledo,COALICIÓN CANARIA-NUEVA CANARIAS - CC-NC-PNC,0,0,Ministerio del Interior / portal oficial de datos abiertos,PRIMARY_OFFICIAL
2011,2011-11-20,45 - Toledo,CONVERGENCIA POR EXTREMADURA - CEx,0,0,Ministerio del Interior / portal oficial de datos abiertos,PRIMARY_OFFICIAL
2011,2011-11-20,45 - Toledo,CONVERGÈNCIA I UNIÓ - CiU,0,0,Ministerio del Interior / portal oficial de datos abiertos,PRIMARY_OFFICIAL
2011,2011-11-20,45 - Toledo,CONVERGÈNCIA i UNIÓ - CiU,0,0,Ministerio del Interior / portal oficial de datos abiertos,PRIMARY_OFFICIAL
2011,2011-11-20,45 - Toledo,CONVERXENCIA VINTEÚN - C.XXI,0,0,Ministerio del Interior / portal oficial de datos abiertos,PRIMARY_OFFICIAL
2011,2011-11-20,45 - Toledo,CONVERXENCIA VINTEÚN - CXXI,0,0,Ministerio del Interior / portal oficial de datos abiertos,PRIMARY_OFFICIAL
2011,2011-11-20,45 - Toledo,DEMOCRACIA NACIONAL - D.N.,0,0,Ministerio del Interior / portal oficial de datos abiertos,PRIMARY_OFFICIAL
2011,2011-11-20,45 - Toledo,DEMOS EL CAMBIO - DeC,0,0,Ministerio del Interior / portal oficial de datos abiertos,PRIMARY_OFFICIAL
2011,2011-11-20,45 - Toledo,DERECHA NAVARRA Y ESPAÑOLA - DNE,0,0,Ministerio del Interior / portal oficial de datos abiertos,PRIMARY_OFFICIAL
2011,2011-11-20,45 - Toledo,EQUO - EQUO,2178,0,Ministerio del Interior / portal oficial de datos abiertos,PRIMARY_OFFICIAL
2011,2011-11-20,45 - Toledo,EQUO - eQuo,0,0,Ministerio del Interior / portal oficial de datos abiertos,PRIMARY_OFFICIAL
2011,2011-11-20,45 - Toledo,ESCAÑOS EN BLANCO - Eb,0,0,Ministerio del Interior / portal oficial de datos abiertos,PRIMARY_OFFICIAL
2011,2011-11-20,45 - Toledo,ESCAÑOS EN BLANCO/ESCONS EN BLANC - EB,0,0,Ministerio del Interior / portal oficial de datos abiertos,PRIMARY_OFFICIAL
2011,2011-11-20,45 - Toledo,ESCONS EN BLANC - Eb,0,0,Ministerio del Interior / portal oficial de datos abiertos,PRIMARY_OFFICIAL
2011,2011-11-20,45 - Toledo,ESPAÑA 2000 - ESPAÑA 2000,0,0,Ministerio del Interior / portal oficial de datos abiertos,PRIMARY_OFFICIAL
2011,2011-11-20,45 - Toledo,ESQUERDA UNIDA-OS VERDES: A ESQUERDA PLURAL - EU-V,0,0,Ministerio del Interior / portal oficial de datos abiertos,PRIMARY_OFFICIAL
2011,2011-11-20,45 - Toledo,ESQUERRA REPUBLICANA - ESQUERRA,0,0,Ministerio del Interior / portal oficial de datos abiertos,PRIMARY_OFFICIAL
2011,2011-11-20,45 - Toledo,ESQUERRA REPUBLICANA DE CATALUNYA-CATALUNYA SÍ - ERC - RI.ca,0,0,Ministerio del Interior / portal oficial de datos abiertos,PRIMARY_OFFICIAL
2011,2011-11-20,45 - Toledo,ESQUERRA REPUBLICANA DE CATALUNYA-CATALUNYA SÍ - ERC-RI.cat,0,0,Ministerio del Interior / portal oficial de datos abiertos,PRIMARY_OFFICIAL
2011,2011-11-20,45 - Toledo,ESQUERRA REPUBLICANA DEL PAÍS VALENCIÀ - ERPV,0,0,Ministerio del Interior / portal oficial de datos abiertos,PRIMARY_OFFICIAL
2011,2011-11-20,45 - Toledo,ESQUERRA UNIDA DEL PAIS VALENCIA-LOS VERDES: L'ESQ - EUPV-LV,0,0,Ministerio del Interior / portal oficial de datos abiertos,PRIMARY_OFFICIAL
2011,2011-11-20,45 - Toledo,ESQUERRA UNIDA ILLES BALEARS: LA IZQUIERDA PLURAL - EUIB,0,0,Ministerio del Interior / portal oficial de datos abiertos,PRIMARY_OFFICIAL
2011,2011-11-20,45 - Toledo,ESQUERRA UNIDA PAÍS VALENCIÀ-ELS VERDS: L'ESQUERRA - EUPV-EV,0,0,Ministerio del Interior / portal oficial de datos abiertos,PRIMARY_OFFICIAL
2011,2011-11-20,45 - Toledo,EUZKO ALDERDI JELTZALEA-PARTIDO NACIONALISTA VASCO - E.A.J.-P.N.,0,0,Ministerio del Interior / portal oficial de datos abiertos,PRIMARY_OFFICIAL
2011,2011-11-20,45 - Toledo,EUZKO ALDERDI JELTZALEA-PARTIDO NACIONALISTA VASCO - EAJ-PNV,0,0,Ministerio del Interior / portal oficial de datos abiertos,PRIMARY_OFFICIAL
2011,2011-11-20,45 - Toledo,FALANGE ESPAÑOLA DE LAS J.O.N.S. - FE de las J,0,0,Ministerio del Interior / portal oficial de datos abiertos,PRIMARY_OFFICIAL
2011,2011-11-20,45 - Toledo,FAMILIA Y VIDA - PFyV,0,0,Ministerio del Interior / portal oficial de datos abiertos,PRIMARY_OFFICIAL
2011,2011-11-20,45 - Toledo,FORO CENTRO Y DEMOCRACIA - CYD,0,0,Ministerio del Interior / portal oficial de datos abiertos,PRIMARY_OFFICIAL
2011,2011-11-20,45 - Toledo,FORO DE CIUDADANOS - FAC,0,0,Ministerio del Interior / portal oficial de datos abiertos,PRIMARY_OFFICIAL
2011,2011-11-20,45 - Toledo,GEROA BAI - GBAI,0,0,Ministerio del Interior / portal oficial de datos abiertos,PRIMARY_OFFICIAL
2011,2011-11-20,45 - Toledo,HARTOS.ORG - HARTOS.ORG,789,0,Ministerio del Interior / portal oficial de datos abiertos,PRIMARY_OFFICIAL
2011,2011-11-20,45 - Toledo,HIGIENE DEMOCRATICA - H.D.,0,0,Ministerio del Interior / portal oficial de datos abiertos,PRIMARY_OFFICIAL
2011,2011-11-20,45 - Toledo,INICIATIVA PER CATALUNYA VERDS-ESQUERRA UNIDA I AL - ICV-EUiA,0,0,Ministerio del Interior / portal oficial de datos abiertos,PRIMARY_OFFICIAL
2011,2011-11-20,45 - Toledo,INICIATIVA PER CATALUNYA VERDS-ESQUERRA UNIDA i AL - ICV-EUiA,0,0,Ministerio del Interior / portal oficial de datos abiertos,PRIMARY_OFFICIAL
2011,2011-11-20,45 - Toledo,IU - LOS VERDES: LA IZQUIERDA PLURAL / EZKER ANITZ - IU-LV,0,0,Ministerio del Interior / portal oficial de datos abiertos,PRIMARY_OFFICIAL
2011,2011-11-20,45 - Toledo,IZQUIERDA UNIDA - PARTIDO DEMOCRÁTICO Y SOCIAL DE - IU-PDSC,0,0,Ministerio del Interior / portal oficial de datos abiertos,PRIMARY_OFFICIAL
2011,2011-11-20,45 - Toledo,IZQUIERDA UNIDA CANARIA-INICIATIVA POR EL HIERRO-L - IUC-IpH-LV,0,0,Ministerio del Interior / portal oficial de datos abiertos,PRIMARY_OFFICIAL
2011,2011-11-20,45 - Toledo,IZQUIERDA UNIDA DE ASTURIAS-IZQUIERDA XUNIDA D'AST - IU-IX,0,0,Ministerio del Interior / portal oficial de datos abiertos,PRIMARY_OFFICIAL
2011,2011-11-20,45 - Toledo,IZQUIERDA UNIDA DE CANTABRIA: LA IZQUIERDA PLURAL - IUC,0,0,Ministerio del Interior / portal oficial de datos abiertos,PRIMARY_OFFICIAL
2011,2011-11-20,45 - Toledo,IZQUIERDA UNIDA DE CASTILLA Y LEON: LA IZQUIERDA P - IUCL,0,0,Ministerio del Interior / portal oficial de datos abiertos,PRIMARY_OFFICIAL
2011,2011-11-20,45 - Toledo,IZQUIERDA UNIDA DE CASTILLA Y LEON: LA IZQUIERDA P - IUCyL,0,0,Ministerio del Interior / portal oficial de datos abiertos,PRIMARY_OFFICIAL
2011,2011-11-20,45 - Toledo,IZQUIERDA UNIDA DE CASTILLA Y LEÓN: LA IZQUIERDA P - IU CyL,0,0,Ministerio del Interior / portal oficial de datos abiertos,PRIMARY_OFFICIAL
2011,2011-11-20,45 - Toledo,IZQUIERDA UNIDA DE CASTILLA Y LEÓN: LA IZQUIERDA P - IUCL,0,0,Ministerio del Interior / portal oficial de datos abiertos,PRIMARY_OFFICIAL
2011,2011-11-20,45 - Toledo,IZQUIERDA UNIDA DE CASTILLA-LA MANCHA-LOS VERDES: - IUCLM-LV,0,0,Ministerio del Interior / portal oficial de datos abiertos,PRIMARY_OFFICIAL
2011,2011-11-20,45 - Toledo,IZQUIERDA UNIDA DE CASTILLA-LA MANCHA-LOS VERDES: - IUCM-LV,22373,0,Ministerio del Interior / portal oficial de datos abiertos,PRIMARY_OFFICIAL
2011,2011-11-20,45 - Toledo,IZQUIERDA UNIDA LOS VERDES-CONVOCATORIA POR ANDALU - IULV-CA,0,0,Ministerio del Interior / portal oficial de datos abiertos,PRIMARY_OFFICIAL
2011,2011-11-20,45 - Toledo,IZQUIERDA UNIDA VERDES-SOCIALISTAS INDEPENDIENTES - IU-V-SIEX:,0,0,Ministerio del Interior / portal oficial de datos abiertos,PRIMARY_OFFICIAL
2011,2011-11-20,45 - Toledo,IZQUIERDA UNIDA VERDES-SOCIALISTAS INDEPENDIENTES - IU-VERDES-S,0,0,Ministerio del Interior / portal oficial de datos abiertos,PRIMARY_OFFICIAL
2011,2011-11-20,45 - Toledo,IZQUIERDA UNIDA-LA IZQUIERDA PLURAL - I.U.,0,0,Ministerio del Interior / portal oficial de datos abiertos,PRIMARY_OFFICIAL
2011,2011-11-20,45 - Toledo,IZQUIERDA UNIDA-LOS VERDES: LA IZQUIERDA PLURAL - IU-LV,0,0,Ministerio del Interior / portal oficial de datos abiertos,PRIMARY_OFFICIAL
2011,2011-11-20,45 - Toledo,IZQUIERDA UNIDA-LOS VERDES: LA IZQUIERDA PLURAL/EZ - I.U.,0,0,Ministerio del Interior / portal oficial de datos abiertos,PRIMARY_OFFICIAL
2011,2011-11-20,45 - Toledo,IZQUIERDA UNIDA-LOS VERDES: LA IZQUIERDA PLURAL/EZ - IU-LV,0,0,Ministerio del Interior / portal oficial de datos abiertos,PRIMARY_OFFICIAL
2011,2011-11-20,45 - Toledo,IZQUIERDA UNIDA-VERDES DE LA REGION DE MURCIA: LA - IUV-RM,0,0,Ministerio del Interior / portal oficial de datos abiertos,PRIMARY_OFFICIAL
2011,2011-11-20,45 - Toledo,IZQUIERDA-EZKERRA/LA IZQUIERDA PLURAL - IZQUIERDA-E,0,0,Ministerio del Interior / portal oficial de datos abiertos,PRIMARY_OFFICIAL
2011,2011-11-20,45 - Toledo,LOS VERDES-GRUPO VERDE - LV-GV,0,0,Ministerio del Interior / portal oficial de datos abiertos,PRIMARY_OFFICIAL
2011,2011-11-20,45 - Toledo,MUERTE AL SISTEMA - +MAS+,0,0,Ministerio del Interior / portal oficial de datos abiertos,PRIMARY_OFFICIAL
2011,2011-11-20,45 - Toledo,PARTIDO ANDALUCISTA - P.A.,0,0,Ministerio del Interior / portal oficial de datos abiertos,PRIMARY_OFFICIAL
2011,2011-11-20,45 - Toledo,PARTIDO ANDALUCISTA - PA,0,0,Ministerio del Interior / portal oficial de datos abiertos,PRIMARY_OFFICIAL
2011,2011-11-20,45 - Toledo,PARTIDO ANIMALISTA CONTRA EL MALTRATO ANIMAL - PACMA,1473,0,Ministerio del Interior / portal oficial de datos abiertos,PRIMARY_OFFICIAL
2011,2011-11-20,45 - Toledo,PARTIDO CASTELLANO - PCAS,0,0,Ministerio del Interior / portal oficial de datos abiertos,PRIMARY_OFFICIAL
2011,2011-11-20,45 - Toledo,PARTIDO COMUNISTA DE LOS PUEBLOS DE ESPAÑA - P.C.P.E.,629,0,Ministerio del Interior / portal oficial de datos abiertos,PRIMARY_OFFICIAL
2011,2011-11-20,45 - Toledo,PARTIDO COMUNISTA DE LOS PUEBLOS DE ESPAÑA - PCPE,0,0,Ministerio del Interior / portal oficial de datos abiertos,PRIMARY_OFFICIAL
2011,2011-11-20,45 - Toledo,PARTIDO DE CASTILLA Y LEÓN - PCAL,0,0,Ministerio del Interior / portal oficial de datos abiertos,PRIMARY_OFFICIAL
2011,2011-11-20,45 - Toledo,PARTIDO DE INTERNET - INTERNET,0,0,Ministerio del Interior / portal oficial de datos abiertos,PRIMARY_OFFICIAL
2011,2011-11-20,45 - Toledo,PARTIDO DE LA LIBERTAD INDIVIDUAL - P-LIB,0,0,Ministerio del Interior / portal oficial de datos abiertos,PRIMARY_OFFICIAL
2011,2011-11-20,45 - Toledo,PARTIDO DEMOCRATICO Y CONSTITUCIONAL - PDYC,0,0,Ministerio del Interior / portal oficial de datos abiertos,PRIMARY_OFFICIAL
2011,2011-11-20,45 - Toledo,PARTIDO DOS SOCIALISTAS DE GALICIA - PARTIDO SOCIA - PSdeG-PSOE,0,0,Ministerio del Interior / portal oficial de datos abiertos,PRIMARY_OFFICIAL
2011,2011-11-20,45 - Toledo,PARTIDO DOS SOCIALISTAS DE GALICIA - PSOE - PSdeG-PSOE,0,0,Ministerio del Interior / portal oficial de datos abiertos,PRIMARY_OFFICIAL
2011,2011-11-20,45 - Toledo,PARTIDO HUMANISTA - PH,0,0,Ministerio del Interior / portal oficial de datos abiertos,PRIMARY_OFFICIAL
2011,2011-11-20,45 - Toledo,PARTIDO OBRERO SOCIALISTA INTERNACIONALISTA - P.O.S.I.,0,0,Ministerio del Interior / portal oficial de datos abiertos,PRIMARY_OFFICIAL
2011,2011-11-20,45 - Toledo,PARTIDO OBRERO SOCIALISTA INTERNACIONALISTA - POSI,0,0,Ministerio del Interior / portal oficial de datos abiertos,PRIMARY_OFFICIAL
2011,2011-11-20,45 - Toledo,PARTIDO PARA LA REGENERACION DE LA DEMOCRACIA EN E - P.R.D.E.,0,0,Ministerio del Interior / portal oficial de datos abiertos,PRIMARY_OFFICIAL
2011,2011-11-20,45 - Toledo,PARTIDO PIRATA - PIRATA,0,0,Ministerio del Interior / portal oficial de datos abiertos,PRIMARY_OFFICIAL
2011,2011-11-20,45 - Toledo,PARTIDO POPULAR - P.P.,220474,4,Ministerio del Interior / portal oficial de datos abiertos,PRIMARY_OFFICIAL
2011,2011-11-20,45 - Toledo,PARTIDO POPULAR - PP,0,0,Ministerio del Interior / portal oficial de datos abiertos,PRIMARY_OFFICIAL
2011,2011-11-20,45 - Toledo,PARTIDO POPULAR EN COALICIÓN CON EL PARTIDO ARAGON - PP-PAR,0,0,Ministerio del Interior / portal oficial de datos abiertos,PRIMARY_OFFICIAL
2011,2011-11-20,45 - Toledo,PARTIDO POPULAR-EXTREMADURA UNIDA - P.P-E.U.,0,0,Ministerio del Interior / portal oficial de datos abiertos,PRIMARY_OFFICIAL
2011,2011-11-20,45 - Toledo,PARTIDO POPULAR-EXTREMADURA UNIDA - PP-EU,0,0,Ministerio del Interior / portal oficial de datos abiertos,PRIMARY_OFFICIAL
2011,2011-11-20,45 - Toledo,PARTIDO REGIONALISTA DE CANTABRIA - P.R.C.,0,0,Ministerio del Interior / portal oficial de datos abiertos,PRIMARY_OFFICIAL
2011,2011-11-20,45 - Toledo,PARTIDO REGIONALISTA DEL PAIS LEONES - PREPAL,0,0,Ministerio del Interior / portal oficial de datos abiertos,PRIMARY_OFFICIAL
2011,2011-11-20,45 - Toledo,PARTIDO REGIONALISTA POR ANDALUCIA ORIENTAL - PRAO,0,0,Ministerio del Interior / portal oficial de datos abiertos,PRIMARY_OFFICIAL
2011,2011-11-20,45 - Toledo,PARTIDO SOCIALISTA DE EUSKADI-EUSKADIKO EZKERRA (P - PSE-EE (PSO,0,0,Ministerio del Interior / portal oficial de datos abiertos,PRIMARY_OFFICIAL
2011,2011-11-20,45 - Toledo,PARTIDO SOCIALISTA OBRERO ESPAÑOL - P.S.O.E.,112568,2,Ministerio del Interior / portal oficial de datos abiertos,PRIMARY_OFFICIAL
2011,2011-11-20,45 - Toledo,PARTIDO SOCIALISTA OBRERO ESPAÑOL - PSOE,0,0,Ministerio del Interior / portal oficial de datos abiertos,PRIMARY_OFFICIAL
2011,2011-11-20,45 - Toledo,PARTIT ANIMALISTA CONTRA EL MALTRACTAMENT ANIMAL - PACMA,0,0,Ministerio del Interior / portal oficial de datos abiertos,PRIMARY_OFFICIAL
2011,2011-11-20,45 - Toledo,PARTIT COMUNISTA DEL POBLE DE CATALUNYA - PCPC,0,0,Ministerio del Interior / portal oficial de datos abiertos,PRIMARY_OFFICIAL
2011,2011-11-20,45 - Toledo,PARTIT COMUNISTA DELS POBLES D'ESPANYA - P.C.P.E.,0,0,Ministerio del Interior / portal oficial de datos abiertos,PRIMARY_OFFICIAL
2011,2011-11-20,45 - Toledo,PARTIT DELS SOCIALISTES DE CATALUNYA - PSC-PSOE,0,0,Ministerio del Interior / portal oficial de datos abiertos,PRIMARY_OFFICIAL
2011,2011-11-20,45 - Toledo,PARTIT POPULAR/PARTIDO POPULAR - P.P.,0,0,Ministerio del Interior / portal oficial de datos abiertos,PRIMARY_OFFICIAL
2011,2011-11-20,45 - Toledo,PARTIT REPUBLICÀ D'ESQUERRA-REPUBLICANS - PRE-R,0,0,Ministerio del Interior / portal oficial de datos abiertos,PRIMARY_OFFICIAL
2011,2011-11-20,45 - Toledo,PER UN MÓN MÉS JUST - PUM+J,0,0,Ministerio del Interior / portal oficial de datos abiertos,PRIMARY_OFFICIAL
2011,2011-11-20,45 - Toledo,PIRATES DE CATALUNYA - PIRATA.CAT,0,0,Ministerio del Interior / portal oficial de datos abiertos,PRIMARY_OFFICIAL
2011,2011-11-20,45 - Toledo,PLATAFORMA PER CATALUNYA - PxC,0,0,Ministerio del Interior / portal oficial de datos abiertos,PRIMARY_OFFICIAL
2011,2011-11-20,45 - Toledo,POR UN MUNDO MÁS JUSTO - PUM+J,0,0,Ministerio del Interior / portal oficial de datos abiertos,PRIMARY_OFFICIAL
2011,2011-11-20,45 - Toledo,PSM-INICIATIVA VERDS-ENTESA-EQUO - PSM-IV-EXM-,0,0,Ministerio del Interior / portal oficial de datos abiertos,PRIMARY_OFFICIAL
2011,2011-11-20,45 - Toledo,REPUBLICANOS - RPS,0,0,Ministerio del Interior / portal oficial de datos abiertos,PRIMARY_OFFICIAL
2011,2011-11-20,45 - Toledo,SOCIALISTAS POR TERUEL - SXT,0,0,Ministerio del Interior / portal oficial de datos abiertos,PRIMARY_OFFICIAL
2011,2011-11-20,45 - Toledo,SOLIDARIDAD Y AUTOGESTION INTERNACIONALISTA - SAIn,0,0,Ministerio del Interior / portal oficial de datos abiertos,PRIMARY_OFFICIAL
2011,2011-11-20,45 - Toledo,"SÍ SE PUEDE, SOCIALISTAS POR TENERIFE, EQUO - SSP-SxTF-EQ",0,0,Ministerio del Interior / portal oficial de datos abiertos,PRIMARY_OFFICIAL
2011,2011-11-20,45 - Toledo,UNIDAD DEL PUEBLO - UNIDAD DEL,0,0,Ministerio del Interior / portal oficial de datos abiertos,PRIMARY_OFFICIAL
2011,2011-11-20,45 - Toledo,UNIDAD REGIONALISTA DE CASTILLA Y LEON - U.R.C.L.,0,0,Ministerio del Interior / portal oficial de datos abiertos,PRIMARY_OFFICIAL
2011,2011-11-20,45 - Toledo,UNIFICACIÓN COMUNISTA DE ESPAÑA - U.C.E.,163,0,Ministerio del Interior / portal oficial de datos abiertos,PRIMARY_OFFICIAL
2011,2011-11-20,45 - Toledo,UNIFICACIÓN COMUNISTA DE ESPAÑA - UCE,0,0,Ministerio del Interior / portal oficial de datos abiertos,PRIMARY_OFFICIAL
2011,2011-11-20,45 - Toledo,UNION DE CIUDADANOS INDEPENDIENTES DE TOLEDO - U.C.I.T.,785,0,Ministerio del Interior / portal oficial de datos abiertos,PRIMARY_OFFICIAL
2011,2011-11-20,45 - Toledo,UNITS X VALENCIA - UxV,0,0,Ministerio del Interior / portal oficial de datos abiertos,PRIMARY_OFFICIAL
2011,2011-11-20,45 - Toledo,UNIÓN DEL PUEBLO NAVARRO EN COALICIÓN CON EL PARTI - UPN-PP,0,0,Ministerio del Interior / portal oficial de datos abiertos,PRIMARY_OFFICIAL
2011,2011-11-20,45 - Toledo,UNIÓN PROGRESO Y DEMOCRACIA - UPyD,19089,0,Ministerio del Interior / portal oficial de datos abiertos,PRIMARY_OFFICIAL
2011,2011-11-20,46 - Valencia/València,ACCION CIUDADANA POR MALAGA - ACIMA,0,0,Ministerio del Interior / portal oficial de datos abiertos,PRIMARY_OFFICIAL
2011,2011-11-20,46 - Valencia/València,ALTERNATIVA NACIONALISTA CANARIA - ANC,0,0,Ministerio del Interior / portal oficial de datos abiertos,PRIMARY_OFFICIAL
2011,2011-11-20,46 - Valencia/València,AMAIUR - AMAIUR,0,0,Ministerio del Interior / portal oficial de datos abiertos,PRIMARY_OFFICIAL
2011,2011-11-20,46 - Valencia/València,ANDECHA ASTUR - ANDECHA,0,0,Ministerio del Interior / portal oficial de datos abiertos,PRIMARY_OFFICIAL
2011,2011-11-20,46 - Valencia/València,ANTICAPITALISTAS - ANTICAPITAL,0,0,Ministerio del Interior / portal oficial de datos abiertos,PRIMARY_OFFICIAL
2011,2011-11-20,46 - Valencia/València,ANTICAPITALISTES - ANTICAPITAL,0,0,Ministerio del Interior / portal oficial de datos abiertos,PRIMARY_OFFICIAL
2011,2011-11-20,46 - Valencia/València,"BASTA YA, AGRUPACIÓN ABIERTA DE PARTIDOS POLÍTICOS - BASTA YA",0,0,Ministerio del Interior / portal oficial de datos abiertos,PRIMARY_OFFICIAL
2011,2011-11-20,46 - Valencia/València,BIDEZKO MUNDURANTZ/POR UN MUNDO MAS JUSTO - PUM+J,0,0,Ministerio del Interior / portal oficial de datos abiertos,PRIMARY_OFFICIAL
2011,2011-11-20,46 - Valencia/València,BIDEZKO MUNDURANTZ/POR UN MUNDO MÁS JUSTO - PU M+J,0,0,Ministerio del Interior / portal oficial de datos abiertos,PRIMARY_OFFICIAL
2011,2011-11-20,46 - Valencia/València,BLOC-INICIATIVA-VERDS-EQUO-COALICIÓ COMPROMÍS - COMPROMÍS-Q,85797,1,Ministerio del Interior / portal oficial de datos abiertos,PRIMARY_OFFICIAL
2011,2011-11-20,46 - Valencia/València,BLOQUE NACIONALISTA GALEGO - B.N.G.,0,0,Ministerio del Interior / portal oficial de datos abiertos,PRIMARY_OFFICIAL
2011,2011-11-20,46 - Valencia/València,BLOQUE NACIONALISTA GALEGO - BNG,0,0,Ministerio del Interior / portal oficial de datos abiertos,PRIMARY_OFFICIAL
2011,2011-11-20,46 - Valencia/València,CANARIAS VERDE Y ROJA: LA IZQUIERDA PLURAL - IUC-CxI,0,0,Ministerio del Interior / portal oficial de datos abiertos,PRIMARY_OFFICIAL
2011,2011-11-20,46 - Valencia/València,CENTRO DEMOCRATICO LIBERAL - C.D.L.,1543,0,Ministerio del Interior / portal oficial de datos abiertos,PRIMARY_OFFICIAL
2011,2011-11-20,46 - Valencia/València,"CHUNTA ARAGONESISTA-IZQUIERDA UNIDA, LA IZQUIERDA - CHA-IU",0,0,Ministerio del Interior / portal oficial de datos abiertos,PRIMARY_OFFICIAL
2011,2011-11-20,46 - Valencia/València,"CHUNTA ARAGONESISTA-IZQUIERDA UNIDA, La Izquierda - CHA-IU",0,0,Ministerio del Interior / portal oficial de datos abiertos,PRIMARY_OFFICIAL
2011,2011-11-20,46 - Valencia/València,CIUDADANOS DE CENTRO DEMOCRÁTICO - CCD,0,0,Ministerio del Interior / portal oficial de datos abiertos,PRIMARY_OFFICIAL
2011,2011-11-20,46 - Valencia/València,COALICION CABALLAS - Caballas,0,0,Ministerio del Interior / portal oficial de datos abiertos,PRIMARY_OFFICIAL
2011,2011-11-20,46 - Valencia/València,COALICIÓN CANARIA-NUEVA CANARIAS - CC-NC-PNC,0,0,Ministerio del Interior / portal oficial de datos abiertos,PRIMARY_OFFICIAL
2011,2011-11-20,46 - Valencia/València,CONVERGENCIA POR EXTREMADURA - CEx,0,0,Ministerio del Interior / portal oficial de datos abiertos,PRIMARY_OFFICIAL
2011,2011-11-20,46 - Valencia/València,CONVERGÈNCIA I UNIÓ - CiU,0,0,Ministerio del Interior / portal oficial de datos abiertos,PRIMARY_OFFICIAL
2011,2011-11-20,46 - Valencia/València,CONVERGÈNCIA i UNIÓ - CiU,0,0,Ministerio del Interior / portal oficial de datos abiertos,PRIMARY_OFFICIAL
2011,2011-11-20,46 - Valencia/València,CONVERXENCIA VINTEÚN - C.XXI,0,0,Ministerio del Interior / portal oficial de datos abiertos,PRIMARY_OFFICIAL
2011,2011-11-20,46 - Valencia/València,CONVERXENCIA VINTEÚN - CXXI,0,0,Ministerio del Interior / portal oficial de datos abiertos,PRIMARY_OFFICIAL
2011,2011-11-20,46 - Valencia/València,DEMOCRACIA NACIONAL - D.N.,0,0,Ministerio del Interior / portal oficial de datos abiertos,PRIMARY_OFFICIAL
2011,2011-11-20,46 - Valencia/València,DEMOS EL CAMBIO - DeC,0,0,Ministerio del Interior / portal oficial de datos abiertos,PRIMARY_OFFICIAL
2011,2011-11-20,46 - Valencia/València,DERECHA NAVARRA Y ESPAÑOLA - DNE,0,0,Ministerio del Interior / portal oficial de datos abiertos,PRIMARY_OFFICIAL
2011,2011-11-20,46 - Valencia/València,EQUO - EQUO,0,0,Ministerio del Interior / portal oficial de datos abiertos,PRIMARY_OFFICIAL
2011,2011-11-20,46 - Valencia/València,EQUO - eQuo,0,0,Ministerio del Interior / portal oficial de datos abiertos,PRIMARY_OFFICIAL
2011,2011-11-20,46 - Valencia/València,ESCAÑOS EN BLANCO - Eb,0,0,Ministerio del Interior / portal oficial de datos abiertos,PRIMARY_OFFICIAL
2011,2011-11-20,46 - Valencia/València,ESCAÑOS EN BLANCO/ESCONS EN BLANC - EB,3972,0,Ministerio del Interior / portal oficial de datos abiertos,PRIMARY_OFFICIAL
2011,2011-11-20,46 - Valencia/València,ESCONS EN BLANC - Eb,0,0,Ministerio del Interior / portal oficial de datos abiertos,PRIMARY_OFFICIAL
2011,2011-11-20,46 - Valencia/València,ESPAÑA 2000 - ESPAÑA 2000,5579,0,Ministerio del Interior / portal oficial de datos abiertos,PRIMARY_OFFICIAL
2011,2011-11-20,46 - Valencia/València,ESQUERDA UNIDA-OS VERDES: A ESQUERDA PLURAL - EU-V,0,0,Ministerio del Interior / portal oficial de datos abiertos,PRIMARY_OFFICIAL
2011,2011-11-20,46 - Valencia/València,ESQUERRA REPUBLICANA - ESQUERRA,0,0,Ministerio del Interior / portal oficial de datos abiertos,PRIMARY_OFFICIAL
2011,2011-11-20,46 - Valencia/València,ESQUERRA REPUBLICANA DE CATALUNYA-CATALUNYA SÍ - ERC - RI.ca,0,0,Ministerio del Interior / portal oficial de datos abiertos,PRIMARY_OFFICIAL
2011,2011-11-20,46 - Valencia/València,ESQUERRA REPUBLICANA DE CATALUNYA-CATALUNYA SÍ - ERC-RI.cat,0,0,Ministerio del Interior / portal oficial de datos abiertos,PRIMARY_OFFICIAL
2011,2011-11-20,46 - Valencia/València,ESQUERRA REPUBLICANA DEL PAÍS VALENCIÀ - ERPV,3648,0,Ministerio del Interior / portal oficial de datos abiertos,PRIMARY_OFFICIAL
2011,2011-11-20,46 - Valencia/València,ESQUERRA UNIDA DEL PAIS VALENCIA-LOS VERDES: L'ESQ - EUPV-LV,0,0,Ministerio del Interior / portal oficial de datos abiertos,PRIMARY_OFFICIAL
2011,2011-11-20,46 - Valencia/València,ESQUERRA UNIDA ILLES BALEARS: LA IZQUIERDA PLURAL - EUIB,0,0,Ministerio del Interior / portal oficial de datos abiertos,PRIMARY_OFFICIAL
2011,2011-11-20,46 - Valencia/València,ESQUERRA UNIDA PAÍS VALENCIÀ-ELS VERDS: L'ESQUERRA - EUPV-EV,96417,1,Ministerio del Interior / portal oficial de datos abiertos,PRIMARY_OFFICIAL
2011,2011-11-20,46 - Valencia/València,EUZKO ALDERDI JELTZALEA-PARTIDO NACIONALISTA VASCO - E.A.J.-P.N.,0,0,Ministerio del Interior / portal oficial de datos abiertos,PRIMARY_OFFICIAL
2011,2011-11-20,46 - Valencia/València,EUZKO ALDERDI JELTZALEA-PARTIDO NACIONALISTA VASCO - EAJ-PNV,0,0,Ministerio del Interior / portal oficial de datos abiertos,PRIMARY_OFFICIAL
2011,2011-11-20,46 - Valencia/València,FALANGE ESPAÑOLA DE LAS J.O.N.S. - FE de las J,0,0,Ministerio del Interior / portal oficial de datos abiertos,PRIMARY_OFFICIAL
2011,2011-11-20,46 - Valencia/València,FAMILIA Y VIDA - PFyV,0,0,Ministerio del Interior / portal oficial de datos abiertos,PRIMARY_OFFICIAL
2011,2011-11-20,46 - Valencia/València,FORO CENTRO Y DEMOCRACIA - CYD,0,0,Ministerio del Interior / portal oficial de datos abiertos,PRIMARY_OFFICIAL
2011,2011-11-20,46 - Valencia/València,FORO DE CIUDADANOS - FAC,0,0,Ministerio del Interior / portal oficial de datos abiertos,PRIMARY_OFFICIAL
2011,2011-11-20,46 - Valencia/València,GEROA BAI - GBAI,0,0,Ministerio del Interior / portal oficial de datos abiertos,PRIMARY_OFFICIAL
2011,2011-11-20,46 - Valencia/València,HARTOS.ORG - HARTOS.ORG,0,0,Ministerio del Interior / portal oficial de datos abiertos,PRIMARY_OFFICIAL
2011,2011-11-20,46 - Valencia/València,HIGIENE DEMOCRATICA - H.D.,0,0,Ministerio del Interior / portal oficial de datos abiertos,PRIMARY_OFFICIAL
2011,2011-11-20,46 - Valencia/València,INICIATIVA PER CATALUNYA VERDS-ESQUERRA UNIDA I AL - ICV-EUiA,0,0,Ministerio del Interior / portal oficial de datos abiertos,PRIMARY_OFFICIAL
2011,2011-11-20,46 - Valencia/València,INICIATIVA PER CATALUNYA VERDS-ESQUERRA UNIDA i AL - ICV-EUiA,0,0,Ministerio del Interior / portal oficial de datos abiertos,PRIMARY_OFFICIAL
2011,2011-11-20,46 - Valencia/València,IU - LOS VERDES: LA IZQUIERDA PLURAL / EZKER ANITZ - IU-LV,0,0,Ministerio del Interior / portal oficial de datos abiertos,PRIMARY_OFFICIAL
2011,2011-11-20,46 - Valencia/València,IZQUIERDA UNIDA - PARTIDO DEMOCRÁTICO Y SOCIAL DE - IU-PDSC,0,0,Ministerio del Interior / portal oficial de datos abiertos,PRIMARY_OFFICIAL
2011,2011-11-20,46 - Valencia/València,IZQUIERDA UNIDA CANARIA-INICIATIVA POR EL HIERRO-L - IUC-IpH-LV,0,0,Ministerio del Interior / portal oficial de datos abiertos,PRIMARY_OFFICIAL
2011,2011-11-20,46 - Valencia/València,IZQUIERDA UNIDA DE ASTURIAS-IZQUIERDA XUNIDA D'AST - IU-IX,0,0,Ministerio del Interior / portal oficial de datos abiertos,PRIMARY_OFFICIAL
2011,2011-11-20,46 - Valencia/València,IZQUIERDA UNIDA DE CANTABRIA: LA IZQUIERDA PLURAL - IUC,0,0,Ministerio del Interior / portal oficial de datos abiertos,PRIMARY_OFFICIAL
2011,2011-11-20,46 - Valencia/València,IZQUIERDA UNIDA DE CASTILLA Y LEON: LA IZQUIERDA P - IUCL,0,0,Ministerio del Interior / portal oficial de datos abiertos,PRIMARY_OFFICIAL
2011,2011-11-20,46 - Valencia/València,IZQUIERDA UNIDA DE CASTILLA Y LEON: LA IZQUIERDA P - IUCyL,0,0,Ministerio del Interior / portal oficial de datos abiertos,PRIMARY_OFFICIAL
2011,2011-11-20,46 - Valencia/València,IZQUIERDA UNIDA DE CASTILLA Y LEÓN: LA IZQUIERDA P - IU CyL,0,0,Ministerio del Interior / portal oficial de datos abiertos,PRIMARY_OFFICIAL
2011,2011-11-20,46 - Valencia/València,IZQUIERDA UNIDA DE CASTILLA Y LEÓN: LA IZQUIERDA P - IUCL,0,0,Ministerio del Interior / portal oficial de datos abiertos,PRIMARY_OFFICIAL
2011,2011-11-20,46 - Valencia/València,IZQUIERDA UNIDA DE CASTILLA-LA MANCHA-LOS VERDES: - IUCLM-LV,0,0,Ministerio del Interior / portal oficial de datos abiertos,PRIMARY_OFFICIAL
2011,2011-11-20,46 - Valencia/València,IZQUIERDA UNIDA DE CASTILLA-LA MANCHA-LOS VERDES: - IUCM-LV,0,0,Ministerio del Interior / portal oficial de datos abiertos,PRIMARY_OFFICIAL
2011,2011-11-20,46 - Valencia/València,IZQUIERDA UNIDA LOS VERDES-CONVOCATORIA POR ANDALU - IULV-CA,0,0,Ministerio del Interior / portal oficial de datos abiertos,PRIMARY_OFFICIAL
2011,2011-11-20,46 - Valencia/València,IZQUIERDA UNIDA VERDES-SOCIALISTAS INDEPENDIENTES - IU-V-SIEX:,0,0,Ministerio del Interior / portal oficial de datos abiertos,PRIMARY_OFFICIAL
2011,2011-11-20,46 - Valencia/València,IZQUIERDA UNIDA VERDES-SOCIALISTAS INDEPENDIENTES - IU-VERDES-S,0,0,Ministerio del Interior / portal oficial de datos abiertos,PRIMARY_OFFICIAL
2011,2011-11-20,46 - Valencia/València,IZQUIERDA UNIDA-LA IZQUIERDA PLURAL - I.U.,0,0,Ministerio del Interior / portal oficial de datos abiertos,PRIMARY_OFFICIAL
2011,2011-11-20,46 - Valencia/València,IZQUIERDA UNIDA-LOS VERDES: LA IZQUIERDA PLURAL - IU-LV,0,0,Ministerio del Interior / portal oficial de datos abiertos,PRIMARY_OFFICIAL
2011,2011-11-20,46 - Valencia/València,IZQUIERDA UNIDA-LOS VERDES: LA IZQUIERDA PLURAL/EZ - I.U.,0,0,Ministerio del Interior / portal oficial de datos abiertos,PRIMARY_OFFICIAL
2011,2011-11-20,46 - Valencia/València,IZQUIERDA UNIDA-LOS VERDES: LA IZQUIERDA PLURAL/EZ - IU-LV,0,0,Ministerio del Interior / portal oficial de datos abiertos,PRIMARY_OFFICIAL
2011,2011-11-20,46 - Valencia/València,IZQUIERDA UNIDA-VERDES DE LA REGION DE MURCIA: LA - IUV-RM,0,0,Ministerio del Interior / portal oficial de datos abiertos,PRIMARY_OFFICIAL
2011,2011-11-20,46 - Valencia/València,IZQUIERDA-EZKERRA/LA IZQUIERDA PLURAL - IZQUIERDA-E,0,0,Ministerio del Interior / portal oficial de datos abiertos,PRIMARY_OFFICIAL
2011,2011-11-20,46 - Valencia/València,LOS VERDES-GRUPO VERDE - LV-GV,0,0,Ministerio del Interior / portal oficial de datos abiertos,PRIMARY_OFFICIAL
2011,2011-11-20,46 - Valencia/València,MUERTE AL SISTEMA - +MAS+,0,0,Ministerio del Interior / portal oficial de datos abiertos,PRIMARY_OFFICIAL
2011,2011-11-20,46 - Valencia/València,PARTIDO ANDALUCISTA - P.A.,0,0,Ministerio del Interior / portal oficial de datos abiertos,PRIMARY_OFFICIAL
2011,2011-11-20,46 - Valencia/València,PARTIDO ANDALUCISTA - PA,0,0,Ministerio del Interior / portal oficial de datos abiertos,PRIMARY_OFFICIAL
2011,2011-11-20,46 - Valencia/València,PARTIDO ANIMALISTA CONTRA EL MALTRATO ANIMAL - PACMA,6381,0,Ministerio del Interior / portal oficial de datos abiertos,PRIMARY_OFFICIAL
2011,2011-11-20,46 - Valencia/València,PARTIDO CASTELLANO - PCAS,0,0,Ministerio del Interior / portal oficial de datos abiertos,PRIMARY_OFFICIAL
2011,2011-11-20,46 - Valencia/València,PARTIDO COMUNISTA DE LOS PUEBLOS DE ESPAÑA - P.C.P.E.,1742,0,Ministerio del Interior / portal oficial de datos abiertos,PRIMARY_OFFICIAL
2011,2011-11-20,46 - Valencia/València,PARTIDO COMUNISTA DE LOS PUEBLOS DE ESPAÑA - PCPE,0,0,Ministerio del Interior / portal oficial de datos abiertos,PRIMARY_OFFICIAL
2011,2011-11-20,46 - Valencia/València,PARTIDO DE CASTILLA Y LEÓN - PCAL,0,0,Ministerio del Interior / portal oficial de datos abiertos,PRIMARY_OFFICIAL
2011,2011-11-20,46 - Valencia/València,PARTIDO DE INTERNET - INTERNET,0,0,Ministerio del Interior / portal oficial de datos abiertos,PRIMARY_OFFICIAL
2011,2011-11-20,46 - Valencia/València,PARTIDO DE LA LIBERTAD INDIVIDUAL - P-LIB,0,0,Ministerio del Interior / portal oficial de datos abiertos,PRIMARY_OFFICIAL
2011,2011-11-20,46 - Valencia/València,PARTIDO DEMOCRATICO Y CONSTITUCIONAL - PDYC,0,0,Ministerio del Interior / portal oficial de datos abiertos,PRIMARY_OFFICIAL
2011,2011-11-20,46 - Valencia/València,PARTIDO DOS SOCIALISTAS DE GALICIA - PARTIDO SOCIA - PSdeG-PSOE,0,0,Ministerio del Interior / portal oficial de datos abiertos,PRIMARY_OFFICIAL
2011,2011-11-20,46 - Valencia/València,PARTIDO DOS SOCIALISTAS DE GALICIA - PSOE - PSdeG-PSOE,0,0,Ministerio del Interior / portal oficial de datos abiertos,PRIMARY_OFFICIAL
2011,2011-11-20,46 - Valencia/València,PARTIDO HUMANISTA - PH,1221,0,Ministerio del Interior / portal oficial de datos abiertos,PRIMARY_OFFICIAL
2011,2011-11-20,46 - Valencia/València,PARTIDO OBRERO SOCIALISTA INTERNACIONALISTA - P.O.S.I.,0,0,Ministerio del Interior / portal oficial de datos abiertos,PRIMARY_OFFICIAL
2011,2011-11-20,46 - Valencia/València,PARTIDO OBRERO SOCIALISTA INTERNACIONALISTA - POSI,0,0,Ministerio del Interior / portal oficial de datos abiertos,PRIMARY_OFFICIAL
2011,2011-11-20,46 - Valencia/València,PARTIDO PARA LA REGENERACION DE LA DEMOCRACIA EN E - P.R.D.E.,0,0,Ministerio del Interior / portal oficial de datos abiertos,PRIMARY_OFFICIAL
2011,2011-11-20,46 - Valencia/València,PARTIDO PIRATA - PIRATA,0,0,Ministerio del Interior / portal oficial de datos abiertos,PRIMARY_OFFICIAL
2011,2011-11-20,46 - Valencia/València,PARTIDO POPULAR - P.P.,743604,9,Ministerio del Interior / portal oficial de datos abiertos,PRIMARY_OFFICIAL
2011,2011-11-20,46 - Valencia/València,PARTIDO POPULAR - PP,0,0,Ministerio del Interior / portal oficial de datos abiertos,PRIMARY_OFFICIAL
2011,2011-11-20,46 - Valencia/València,PARTIDO POPULAR EN COALICIÓN CON EL PARTIDO ARAGON - PP-PAR,0,0,Ministerio del Interior / portal oficial de datos abiertos,PRIMARY_OFFICIAL
2011,2011-11-20,46 - Valencia/València,PARTIDO POPULAR-EXTREMADURA UNIDA - P.P-E.U.,0,0,Ministerio del Interior / portal oficial de datos abiertos,PRIMARY_OFFICIAL
2011,2011-11-20,46 - Valencia/València,PARTIDO POPULAR-EXTREMADURA UNIDA - PP-EU,0,0,Ministerio del Interior / portal oficial de datos abiertos,PRIMARY_OFFICIAL
2011,2011-11-20,46 - Valencia/València,PARTIDO REGIONALISTA DE CANTABRIA - P.R.C.,0,0,Ministerio del Interior / portal oficial de datos abiertos,PRIMARY_OFFICIAL
2011,2011-11-20,46 - Valencia/València,PARTIDO REGIONALISTA DEL PAIS LEONES - PREPAL,0,0,Ministerio del Interior / portal oficial de datos abiertos,PRIMARY_OFFICIAL
2011,2011-11-20,46 - Valencia/València,PARTIDO REGIONALISTA POR ANDALUCIA ORIENTAL - PRAO,0,0,Ministerio del Interior / portal oficial de datos abiertos,PRIMARY_OFFICIAL
2011,2011-11-20,46 - Valencia/València,PARTIDO SOCIALISTA DE EUSKADI-EUSKADIKO EZKERRA (P - PSE-EE (PSO,0,0,Ministerio del Interior / portal oficial de datos abiertos,PRIMARY_OFFICIAL
2011,2011-11-20,46 - Valencia/València,PARTIDO SOCIALISTA OBRERO ESPAÑOL - P.S.O.E.,370499,4,Ministerio del Interior / portal oficial de datos abiertos,PRIMARY_OFFICIAL
2011,2011-11-20,46 - Valencia/València,PARTIDO SOCIALISTA OBRERO ESPAÑOL - PSOE,0,0,Ministerio del Interior / portal oficial de datos abiertos,PRIMARY_OFFICIAL
2011,2011-11-20,46 - Valencia/València,PARTIT ANIMALISTA CONTRA EL MALTRACTAMENT ANIMAL - PACMA,0,0,Ministerio del Interior / portal oficial de datos abiertos,PRIMARY_OFFICIAL
2011,2011-11-20,46 - Valencia/València,PARTIT COMUNISTA DEL POBLE DE CATALUNYA - PCPC,0,0,Ministerio del Interior / portal oficial de datos abiertos,PRIMARY_OFFICIAL
2011,2011-11-20,46 - Valencia/València,PARTIT COMUNISTA DELS POBLES D'ESPANYA - P.C.P.E.,0,0,Ministerio del Interior / portal oficial de datos abiertos,PRIMARY_OFFICIAL
2011,2011-11-20,46 - Valencia/València,PARTIT DELS SOCIALISTES DE CATALUNYA - PSC-PSOE,0,0,Ministerio del Interior / portal oficial de datos abiertos,PRIMARY_OFFICIAL
2011,2011-11-20,46 - Valencia/València,PARTIT POPULAR/PARTIDO POPULAR - P.P.,0,0,Ministerio del Interior / portal oficial de datos abiertos,PRIMARY_OFFICIAL
2011,2011-11-20,46 - Valencia/València,PARTIT REPUBLICÀ D'ESQUERRA-REPUBLICANS - PRE-R,0,0,Ministerio del Interior / portal oficial de datos abiertos,PRIMARY_OFFICIAL
2011,2011-11-20,46 - Valencia/València,PER UN MÓN MÉS JUST - PUM+J,0,0,Ministerio del Interior / portal oficial de datos abiertos,PRIMARY_OFFICIAL
2011,2011-11-20,46 - Valencia/València,PIRATES DE CATALUNYA - PIRATA.CAT,0,0,Ministerio del Interior / portal oficial de datos abiertos,PRIMARY_OFFICIAL
2011,2011-11-20,46 - Valencia/València,PLATAFORMA PER CATALUNYA - PxC,0,0,Ministerio del Interior / portal oficial de datos abiertos,PRIMARY_OFFICIAL
2011,2011-11-20,46 - Valencia/València,POR UN MUNDO MÁS JUSTO - PUM+J,0,0,Ministerio del Interior / portal oficial de datos abiertos,PRIMARY_OFFICIAL
2011,2011-11-20,46 - Valencia/València,PSM-INICIATIVA VERDS-ENTESA-EQUO - PSM-IV-EXM-,0,0,Ministerio del Interior / portal oficial de datos abiertos,PRIMARY_OFFICIAL
2011,2011-11-20,46 - Valencia/València,REPUBLICANOS - RPS,958,0,Ministerio del Interior / portal oficial de datos abiertos,PRIMARY_OFFICIAL
2011,2011-11-20,46 - Valencia/València,SOCIALISTAS POR TERUEL - SXT,0,0,Ministerio del Interior / portal oficial de datos abiertos,PRIMARY_OFFICIAL
2011,2011-11-20,46 - Valencia/València,SOLIDARIDAD Y AUTOGESTION INTERNACIONALISTA - SAIn,0,0,Ministerio del Interior / portal oficial de datos abiertos,PRIMARY_OFFICIAL
2011,2011-11-20,46 - Valencia/València,"SÍ SE PUEDE, SOCIALISTAS POR TENERIFE, EQUO - SSP-SxTF-EQ",0,0,Ministerio del Interior / portal oficial de datos abiertos,PRIMARY_OFFICIAL
2011,2011-11-20,46 - Valencia/València,UNIDAD DEL PUEBLO - UNIDAD DEL,0,0,Ministerio del Interior / portal oficial de datos abiertos,PRIMARY_OFFICIAL
2011,2011-11-20,46 - Valencia/València,UNIDAD REGIONALISTA DE CASTILLA Y LEON - U.R.C.L.,0,0,Ministerio del Interior / portal oficial de datos abiertos,PRIMARY_OFFICIAL
2011,2011-11-20,46 - Valencia/València,UNIFICACIÓN COMUNISTA DE ESPAÑA - U.C.E.,906,0,Ministerio del Interior / portal oficial de datos abiertos,PRIMARY_OFFICIAL
2011,2011-11-20,46 - Valencia/València,UNIFICACIÓN COMUNISTA DE ESPAÑA - UCE,0,0,Ministerio del Interior / portal oficial de datos abiertos,PRIMARY_OFFICIAL
2011,2011-11-20,46 - Valencia/València,UNION DE CIUDADANOS INDEPENDIENTES DE TOLEDO - U.C.I.T.,0,0,Ministerio del Interior / portal oficial de datos abiertos,PRIMARY_OFFICIAL
2011,2011-11-20,46 - Valencia/València,UNITS X VALENCIA - UxV,2210,0,Ministerio del Interior / portal oficial de datos abiertos,PRIMARY_OFFICIAL
2011,2011-11-20,46 - Valencia/València,UNIÓN DEL PUEBLO NAVARRO EN COALICIÓN CON EL PARTI - UPN-PP,0,0,Ministerio del Interior / portal oficial de datos abiertos,PRIMARY_OFFICIAL
2011,2011-11-20,46 - Valencia/València,UNIÓN PROGRESO Y DEMOCRACIA - UPyD,84394,1,Ministerio del Interior / portal oficial de datos abiertos,PRIMARY_OFFICIAL
2011,2011-11-20,47 - Valladolid,ACCION CIUDADANA POR MALAGA - ACIMA,0,0,Ministerio del Interior / portal oficial de datos abiertos,PRIMARY_OFFICIAL
2011,2011-11-20,47 - Valladolid,ALTERNATIVA NACIONALISTA CANARIA - ANC,0,0,Ministerio del Interior / portal oficial de datos abiertos,PRIMARY_OFFICIAL
2011,2011-11-20,47 - Valladolid,AMAIUR - AMAIUR,0,0,Ministerio del Interior / portal oficial de datos abiertos,PRIMARY_OFFICIAL
2011,2011-11-20,47 - Valladolid,ANDECHA ASTUR - ANDECHA,0,0,Ministerio del Interior / portal oficial de datos abiertos,PRIMARY_OFFICIAL
2011,2011-11-20,47 - Valladolid,ANTICAPITALISTAS - ANTICAPITAL,0,0,Ministerio del Interior / portal oficial de datos abiertos,PRIMARY_OFFICIAL
2011,2011-11-20,47 - Valladolid,ANTICAPITALISTES - ANTICAPITAL,0,0,Ministerio del Interior / portal oficial de datos abiertos,PRIMARY_OFFICIAL
2011,2011-11-20,47 - Valladolid,"BASTA YA, AGRUPACIÓN ABIERTA DE PARTIDOS POLÍTICOS - BASTA YA",0,0,Ministerio del Interior / portal oficial de datos abiertos,PRIMARY_OFFICIAL
2011,2011-11-20,47 - Valladolid,BIDEZKO MUNDURANTZ/POR UN MUNDO MAS JUSTO - PUM+J,0,0,Ministerio del Interior / portal oficial de datos abiertos,PRIMARY_OFFICIAL
2011,2011-11-20,47 - Valladolid,BIDEZKO MUNDURANTZ/POR UN MUNDO MÁS JUSTO - PU M+J,0,0,Ministerio del Interior / portal oficial de datos abiertos,PRIMARY_OFFICIAL
2011,2011-11-20,47 - Valladolid,BLOC-INICIATIVA-VERDS-EQUO-COALICIÓ COMPROMÍS - COMPROMÍS-Q,0,0,Ministerio del Interior / portal oficial de datos abiertos,PRIMARY_OFFICIAL
2011,2011-11-20,47 - Valladolid,BLOQUE NACIONALISTA GALEGO - B.N.G.,0,0,Ministerio del Interior / portal oficial de datos abiertos,PRIMARY_OFFICIAL
2011,2011-11-20,47 - Valladolid,BLOQUE NACIONALISTA GALEGO - BNG,0,0,Ministerio del Interior / portal oficial de datos abiertos,PRIMARY_OFFICIAL
2011,2011-11-20,47 - Valladolid,CANARIAS VERDE Y ROJA: LA IZQUIERDA PLURAL - IUC-CxI,0,0,Ministerio del Interior / portal oficial de datos abiertos,PRIMARY_OFFICIAL
2011,2011-11-20,47 - Valladolid,CENTRO DEMOCRATICO LIBERAL - C.D.L.,0,0,Ministerio del Interior / portal oficial de datos abiertos,PRIMARY_OFFICIAL
2011,2011-11-20,47 - Valladolid,"CHUNTA ARAGONESISTA-IZQUIERDA UNIDA, LA IZQUIERDA - CHA-IU",0,0,Ministerio del Interior / portal oficial de datos abiertos,PRIMARY_OFFICIAL
2011,2011-11-20,47 - Valladolid,"CHUNTA ARAGONESISTA-IZQUIERDA UNIDA, La Izquierda - CHA-IU",0,0,Ministerio del Interior / portal oficial de datos abiertos,PRIMARY_OFFICIAL
2011,2011-11-20,47 - Valladolid,CIUDADANOS DE CENTRO DEMOCRÁTICO - CCD,303,0,Ministerio del Interior / portal oficial de datos abiertos,PRIMARY_OFFICIAL
2011,2011-11-20,47 - Valladolid,COALICION CABALLAS - Caballas,0,0,Ministerio del Interior / portal oficial de datos abiertos,PRIMARY_OFFICIAL
2011,2011-11-20,47 - Valladolid,COALICIÓN CANARIA-NUEVA CANARIAS - CC-NC-PNC,0,0,Ministerio del Interior / portal oficial de datos abiertos,PRIMARY_OFFICIAL
2011,2011-11-20,47 - Valladolid,CONVERGENCIA POR EXTREMADURA - CEx,0,0,Ministerio del Interior / portal oficial de datos abiertos,PRIMARY_OFFICIAL
2011,2011-11-20,47 - Valladolid,CONVERGÈNCIA I UNIÓ - CiU,0,0,Ministerio del Interior / portal oficial de datos abiertos,PRIMARY_OFFICIAL
2011,2011-11-20,47 - Valladolid,CONVERGÈNCIA i UNIÓ - CiU,0,0,Ministerio del Interior / portal oficial de datos abiertos,PRIMARY_OFFICIAL
2011,2011-11-20,47 - Valladolid,CONVERXENCIA VINTEÚN - C.XXI,0,0,Ministerio del Interior / portal oficial de datos abiertos,PRIMARY_OFFICIAL
2011,2011-11-20,47 - Valladolid,CONVERXENCIA VINTEÚN - CXXI,0,0,Ministerio del Interior / portal oficial de datos abiertos,PRIMARY_OFFICIAL
2011,2011-11-20,47 - Valladolid,DEMOCRACIA NACIONAL - D.N.,426,0,Ministerio del Interior / portal oficial de datos abiertos,PRIMARY_OFFICIAL
2011,2011-11-20,47 - Valladolid,DEMOS EL CAMBIO - DeC,0,0,Ministerio del Interior / portal oficial de datos abiertos,PRIMARY_OFFICIAL
2011,2011-11-20,47 - Valladolid,DERECHA NAVARRA Y ESPAÑOLA - DNE,0,0,Ministerio del Interior / portal oficial de datos abiertos,PRIMARY_OFFICIAL
2011,2011-11-20,47 - Valladolid,EQUO - EQUO,2161,0,Ministerio del Interior / portal oficial de datos abiertos,PRIMARY_OFFICIAL
2011,2011-11-20,47 - Valladolid,EQUO - eQuo,0,0,Ministerio del Interior / portal oficial de datos abiertos,PRIMARY_OFFICIAL
2011,2011-11-20,47 - Valladolid,ESCAÑOS EN BLANCO - Eb,0,0,Ministerio del Interior / portal oficial de datos abiertos,PRIMARY_OFFICIAL
2011,2011-11-20,47 - Valladolid,ESCAÑOS EN BLANCO/ESCONS EN BLANC - EB,0,0,Ministerio del Interior / portal oficial de datos abiertos,PRIMARY_OFFICIAL
2011,2011-11-20,47 - Valladolid,ESCONS EN BLANC - Eb,0,0,Ministerio del Interior / portal oficial de datos abiertos,PRIMARY_OFFICIAL
2011,2011-11-20,47 - Valladolid,ESPAÑA 2000 - ESPAÑA 2000,0,0,Ministerio del Interior / portal oficial de datos abiertos,PRIMARY_OFFICIAL
2011,2011-11-20,47 - Valladolid,ESQUERDA UNIDA-OS VERDES: A ESQUERDA PLURAL - EU-V,0,0,Ministerio del Interior / portal oficial de datos abiertos,PRIMARY_OFFICIAL
2011,2011-11-20,47 - Valladolid,ESQUERRA REPUBLICANA - ESQUERRA,0,0,Ministerio del Interior / portal oficial de datos abiertos,PRIMARY_OFFICIAL
2011,2011-11-20,47 - Valladolid,ESQUERRA REPUBLICANA DE CATALUNYA-CATALUNYA SÍ - ERC - RI.ca,0,0,Ministerio del Interior / portal oficial de datos abiertos,PRIMARY_OFFICIAL
2011,2011-11-20,47 - Valladolid,ESQUERRA REPUBLICANA DE CATALUNYA-CATALUNYA SÍ - ERC-RI.cat,0,0,Ministerio del Interior / portal oficial de datos abiertos,PRIMARY_OFFICIAL
2011,2011-11-20,47 - Valladolid,ESQUERRA REPUBLICANA DEL PAÍS VALENCIÀ - ERPV,0,0,Ministerio del Interior / portal oficial de datos abiertos,PRIMARY_OFFICIAL
2011,2011-11-20,47 - Valladolid,ESQUERRA UNIDA DEL PAIS VALENCIA-LOS VERDES: L'ESQ - EUPV-LV,0,0,Ministerio del Interior / portal oficial de datos abiertos,PRIMARY_OFFICIAL
2011,2011-11-20,47 - Valladolid,ESQUERRA UNIDA ILLES BALEARS: LA IZQUIERDA PLURAL - EUIB,0,0,Ministerio del Interior / portal oficial de datos abiertos,PRIMARY_OFFICIAL
2011,2011-11-20,47 - Valladolid,ESQUERRA UNIDA PAÍS VALENCIÀ-ELS VERDS: L'ESQUERRA - EUPV-EV,0,0,Ministerio del Interior / portal oficial de datos abiertos,PRIMARY_OFFICIAL
2011,2011-11-20,47 - Valladolid,EUZKO ALDERDI JELTZALEA-PARTIDO NACIONALISTA VASCO - E.A.J.-P.N.,0,0,Ministerio del Interior / portal oficial de datos abiertos,PRIMARY_OFFICIAL
2011,2011-11-20,47 - Valladolid,EUZKO ALDERDI JELTZALEA-PARTIDO NACIONALISTA VASCO - EAJ-PNV,0,0,Ministerio del Interior / portal oficial de datos abiertos,PRIMARY_OFFICIAL
2011,2011-11-20,47 - Valladolid,FALANGE ESPAÑOLA DE LAS J.O.N.S. - FE de las J,522,0,Ministerio del Interior / portal oficial de datos abiertos,PRIMARY_OFFICIAL
2011,2011-11-20,47 - Valladolid,FAMILIA Y VIDA - PFyV,0,0,Ministerio del Interior / portal oficial de datos abiertos,PRIMARY_OFFICIAL
2011,2011-11-20,47 - Valladolid,FORO CENTRO Y DEMOCRACIA - CYD,0,0,Ministerio del Interior / portal oficial de datos abiertos,PRIMARY_OFFICIAL
2011,2011-11-20,47 - Valladolid,FORO DE CIUDADANOS - FAC,0,0,Ministerio del Interior / portal oficial de datos abiertos,PRIMARY_OFFICIAL
2011,2011-11-20,47 - Valladolid,GEROA BAI - GBAI,0,0,Ministerio del Interior / portal oficial de datos abiertos,PRIMARY_OFFICIAL
2011,2011-11-20,47 - Valladolid,HARTOS.ORG - HARTOS.ORG,0,0,Ministerio del Interior / portal oficial de datos abiertos,PRIMARY_OFFICIAL
2011,2011-11-20,47 - Valladolid,HIGIENE DEMOCRATICA - H.D.,0,0,Ministerio del Interior / portal oficial de datos abiertos,PRIMARY_OFFICIAL
2011,2011-11-20,47 - Valladolid,INICIATIVA PER CATALUNYA VERDS-ESQUERRA UNIDA I AL - ICV-EUiA,0,0,Ministerio del Interior / portal oficial de datos abiertos,PRIMARY_OFFICIAL
2011,2011-11-20,47 - Valladolid,INICIATIVA PER CATALUNYA VERDS-ESQUERRA UNIDA i AL - ICV-EUiA,0,0,Ministerio del Interior / portal oficial de datos abiertos,PRIMARY_OFFICIAL
2011,2011-11-20,47 - Valladolid,IU - LOS VERDES: LA IZQUIERDA PLURAL / EZKER ANITZ - IU-LV,0,0,Ministerio del Interior / portal oficial de datos abiertos,PRIMARY_OFFICIAL
2011,2011-11-20,47 - Valladolid,IZQUIERDA UNIDA - PARTIDO DEMOCRÁTICO Y SOCIAL DE - IU-PDSC,0,0,Ministerio del Interior / portal oficial de datos abiertos,PRIMARY_OFFICIAL
2011,2011-11-20,47 - Valladolid,IZQUIERDA UNIDA CANARIA-INICIATIVA POR EL HIERRO-L - IUC-IpH-LV,0,0,Ministerio del Interior / portal oficial de datos abiertos,PRIMARY_OFFICIAL
2011,2011-11-20,47 - Valladolid,IZQUIERDA UNIDA DE ASTURIAS-IZQUIERDA XUNIDA D'AST - IU-IX,0,0,Ministerio del Interior / portal oficial de datos abiertos,PRIMARY_OFFICIAL
2011,2011-11-20,47 - Valladolid,IZQUIERDA UNIDA DE CANTABRIA: LA IZQUIERDA PLURAL - IUC,0,0,Ministerio del Interior / portal oficial de datos abiertos,PRIMARY_OFFICIAL
2011,2011-11-20,47 - Valladolid,IZQUIERDA UNIDA DE CASTILLA Y LEON: LA IZQUIERDA P - IUCL,0,0,Ministerio del Interior / portal oficial de datos abiertos,PRIMARY_OFFICIAL
2011,2011-11-20,47 - Valladolid,IZQUIERDA UNIDA DE CASTILLA Y LEON: LA IZQUIERDA P - IUCyL,0,0,Ministerio del Interior / portal oficial de datos abiertos,PRIMARY_OFFICIAL
2011,2011-11-20,47 - Valladolid,IZQUIERDA UNIDA DE CASTILLA Y LEÓN: LA IZQUIERDA P - IU CyL,0,0,Ministerio del Interior / portal oficial de datos abiertos,PRIMARY_OFFICIAL
2011,2011-11-20,47 - Valladolid,IZQUIERDA UNIDA DE CASTILLA Y LEÓN: LA IZQUIERDA P - IUCL,24223,0,Ministerio del Interior / portal oficial de datos abiertos,PRIMARY_OFFICIAL
2011,2011-11-20,47 - Valladolid,IZQUIERDA UNIDA DE CASTILLA-LA MANCHA-LOS VERDES: - IUCLM-LV,0,0,Ministerio del Interior / portal oficial de datos abiertos,PRIMARY_OFFICIAL
2011,2011-11-20,47 - Valladolid,IZQUIERDA UNIDA DE CASTILLA-LA MANCHA-LOS VERDES: - IUCM-LV,0,0,Ministerio del Interior / portal oficial de datos abiertos,PRIMARY_OFFICIAL
2011,2011-11-20,47 - Valladolid,IZQUIERDA UNIDA LOS VERDES-CONVOCATORIA POR ANDALU - IULV-CA,0,0,Ministerio del Interior / portal oficial de datos abiertos,PRIMARY_OFFICIAL
2011,2011-11-20,47 - Valladolid,IZQUIERDA UNIDA VERDES-SOCIALISTAS INDEPENDIENTES - IU-V-SIEX:,0,0,Ministerio del Interior / portal oficial de datos abiertos,PRIMARY_OFFICIAL
2011,2011-11-20,47 - Valladolid,IZQUIERDA UNIDA VERDES-SOCIALISTAS INDEPENDIENTES - IU-VERDES-S,0,0,Ministerio del Interior / portal oficial de datos abiertos,PRIMARY_OFFICIAL
2011,2011-11-20,47 - Valladolid,IZQUIERDA UNIDA-LA IZQUIERDA PLURAL - I.U.,0,0,Ministerio del Interior / portal oficial de datos abiertos,PRIMARY_OFFICIAL
2011,2011-11-20,47 - Valladolid,IZQUIERDA UNIDA-LOS VERDES: LA IZQUIERDA PLURAL - IU-LV,0,0,Ministerio del Interior / portal oficial de datos abiertos,PRIMARY_OFFICIAL
2011,2011-11-20,47 - Valladolid,IZQUIERDA UNIDA-LOS VERDES: LA IZQUIERDA PLURAL/EZ - I.U.,0,0,Ministerio del Interior / portal oficial de datos abiertos,PRIMARY_OFFICIAL
2011,2011-11-20,47 - Valladolid,IZQUIERDA UNIDA-LOS VERDES: LA IZQUIERDA PLURAL/EZ - IU-LV,0,0,Ministerio del Interior / portal oficial de datos abiertos,PRIMARY_OFFICIAL
2011,2011-11-20,47 - Valladolid,IZQUIERDA UNIDA-VERDES DE LA REGION DE MURCIA: LA - IUV-RM,0,0,Ministerio del Interior / portal oficial de datos abiertos,PRIMARY_OFFICIAL
2011,2011-11-20,47 - Valladolid,IZQUIERDA-EZKERRA/LA IZQUIERDA PLURAL - IZQUIERDA-E,0,0,Ministerio del Interior / portal oficial de datos abiertos,PRIMARY_OFFICIAL
2011,2011-11-20,47 - Valladolid,LOS VERDES-GRUPO VERDE - LV-GV,0,0,Ministerio del Interior / portal oficial de datos abiertos,PRIMARY_OFFICIAL
2011,2011-11-20,47 - Valladolid,MUERTE AL SISTEMA - +MAS+,0,0,Ministerio del Interior / portal oficial de datos abiertos,PRIMARY_OFFICIAL
2011,2011-11-20,47 - Valladolid,PARTIDO ANDALUCISTA - P.A.,0,0,Ministerio del Interior / portal oficial de datos abiertos,PRIMARY_OFFICIAL
2011,2011-11-20,47 - Valladolid,PARTIDO ANDALUCISTA - PA,0,0,Ministerio del Interior / portal oficial de datos abiertos,PRIMARY_OFFICIAL
2011,2011-11-20,47 - Valladolid,PARTIDO ANIMALISTA CONTRA EL MALTRATO ANIMAL - PACMA,1244,0,Ministerio del Interior / portal oficial de datos abiertos,PRIMARY_OFFICIAL
2011,2011-11-20,47 - Valladolid,PARTIDO CASTELLANO - PCAS,0,0,Ministerio del Interior / portal oficial de datos abiertos,PRIMARY_OFFICIAL
2011,2011-11-20,47 - Valladolid,PARTIDO COMUNISTA DE LOS PUEBLOS DE ESPAÑA - P.C.P.E.,380,0,Ministerio del Interior / portal oficial de datos abiertos,PRIMARY_OFFICIAL
2011,2011-11-20,47 - Valladolid,PARTIDO COMUNISTA DE LOS PUEBLOS DE ESPAÑA - PCPE,0,0,Ministerio del Interior / portal oficial de datos abiertos,PRIMARY_OFFICIAL
2011,2011-11-20,47 - Valladolid,PARTIDO DE CASTILLA Y LEÓN - PCAL,0,0,Ministerio del Interior / portal oficial de datos abiertos,PRIMARY_OFFICIAL
2011,2011-11-20,47 - Valladolid,PARTIDO DE INTERNET - INTERNET,0,0,Ministerio del Interior / portal oficial de datos abiertos,PRIMARY_OFFICIAL
2011,2011-11-20,47 - Valladolid,PARTIDO DE LA LIBERTAD INDIVIDUAL - P-LIB,0,0,Ministerio del Interior / portal oficial de datos abiertos,PRIMARY_OFFICIAL
2011,2011-11-20,47 - Valladolid,PARTIDO DEMOCRATICO Y CONSTITUCIONAL - PDYC,0,0,Ministerio del Interior / portal oficial de datos abiertos,PRIMARY_OFFICIAL
2011,2011-11-20,47 - Valladolid,PARTIDO DOS SOCIALISTAS DE GALICIA - PARTIDO SOCIA - PSdeG-PSOE,0,0,Ministerio del Interior / portal oficial de datos abiertos,PRIMARY_OFFICIAL
2011,2011-11-20,47 - Valladolid,PARTIDO DOS SOCIALISTAS DE GALICIA - PSOE - PSdeG-PSOE,0,0,Ministerio del Interior / portal oficial de datos abiertos,PRIMARY_OFFICIAL
2011,2011-11-20,47 - Valladolid,PARTIDO HUMANISTA - PH,0,0,Ministerio del Interior / portal oficial de datos abiertos,PRIMARY_OFFICIAL
2011,2011-11-20,47 - Valladolid,PARTIDO OBRERO SOCIALISTA INTERNACIONALISTA - P.O.S.I.,0,0,Ministerio del Interior / portal oficial de datos abiertos,PRIMARY_OFFICIAL
2011,2011-11-20,47 - Valladolid,PARTIDO OBRERO SOCIALISTA INTERNACIONALISTA - POSI,0,0,Ministerio del Interior / portal oficial de datos abiertos,PRIMARY_OFFICIAL
2011,2011-11-20,47 - Valladolid,PARTIDO PARA LA REGENERACION DE LA DEMOCRACIA EN E - P.R.D.E.,0,0,Ministerio del Interior / portal oficial de datos abiertos,PRIMARY_OFFICIAL
2011,2011-11-20,47 - Valladolid,PARTIDO PIRATA - PIRATA,0,0,Ministerio del Interior / portal oficial de datos abiertos,PRIMARY_OFFICIAL
2011,2011-11-20,47 - Valladolid,PARTIDO POPULAR - P.P.,172671,3,Ministerio del Interior / portal oficial de datos abiertos,PRIMARY_OFFICIAL
2011,2011-11-20,47 - Valladolid,PARTIDO POPULAR - PP,0,0,Ministerio del Interior / portal oficial de datos abiertos,PRIMARY_OFFICIAL
2011,2011-11-20,47 - Valladolid,PARTIDO POPULAR EN COALICIÓN CON EL PARTIDO ARAGON - PP-PAR,0,0,Ministerio del Interior / portal oficial de datos abiertos,PRIMARY_OFFICIAL
2011,2011-11-20,47 - Valladolid,PARTIDO POPULAR-EXTREMADURA UNIDA - P.P-E.U.,0,0,Ministerio del Interior / portal oficial de datos abiertos,PRIMARY_OFFICIAL
2011,2011-11-20,47 - Valladolid,PARTIDO POPULAR-EXTREMADURA UNIDA - PP-EU,0,0,Ministerio del Interior / portal oficial de datos abiertos,PRIMARY_OFFICIAL
2011,2011-11-20,47 - Valladolid,PARTIDO REGIONALISTA DE CANTABRIA - P.R.C.,0,0,Ministerio del Interior / portal oficial de datos abiertos,PRIMARY_OFFICIAL
2011,2011-11-20,47 - Valladolid,PARTIDO REGIONALISTA DEL PAIS LEONES - PREPAL,0,0,Ministerio del Interior / portal oficial de datos abiertos,PRIMARY_OFFICIAL
2011,2011-11-20,47 - Valladolid,PARTIDO REGIONALISTA POR ANDALUCIA ORIENTAL - PRAO,0,0,Ministerio del Interior / portal oficial de datos abiertos,PRIMARY_OFFICIAL
2011,2011-11-20,47 - Valladolid,PARTIDO SOCIALISTA DE EUSKADI-EUSKADIKO EZKERRA (P - PSE-EE (PSO,0,0,Ministerio del Interior / portal oficial de datos abiertos,PRIMARY_OFFICIAL
2011,2011-11-20,47 - Valladolid,PARTIDO SOCIALISTA OBRERO ESPAÑOL - P.S.O.E.,94521,2,Ministerio del Interior / portal oficial de datos abiertos,PRIMARY_OFFICIAL
2011,2011-11-20,47 - Valladolid,PARTIDO SOCIALISTA OBRERO ESPAÑOL - PSOE,0,0,Ministerio del Interior / portal oficial de datos abiertos,PRIMARY_OFFICIAL
2011,2011-11-20,47 - Valladolid,PARTIT ANIMALISTA CONTRA EL MALTRACTAMENT ANIMAL - PACMA,0,0,Ministerio del Interior / portal oficial de datos abiertos,PRIMARY_OFFICIAL
2011,2011-11-20,47 - Valladolid,PARTIT COMUNISTA DEL POBLE DE CATALUNYA - PCPC,0,0,Ministerio del Interior / portal oficial de datos abiertos,PRIMARY_OFFICIAL
2011,2011-11-20,47 - Valladolid,PARTIT COMUNISTA DELS POBLES D'ESPANYA - P.C.P.E.,0,0,Ministerio del Interior / portal oficial de datos abiertos,PRIMARY_OFFICIAL
2011,2011-11-20,47 - Valladolid,PARTIT DELS SOCIALISTES DE CATALUNYA - PSC-PSOE,0,0,Ministerio del Interior / portal oficial de datos abiertos,PRIMARY_OFFICIAL
2011,2011-11-20,47 - Valladolid,PARTIT POPULAR/PARTIDO POPULAR - P.P.,0,0,Ministerio del Interior / portal oficial de datos abiertos,PRIMARY_OFFICIAL
2011,2011-11-20,47 - Valladolid,PARTIT REPUBLICÀ D'ESQUERRA-REPUBLICANS - PRE-R,0,0,Ministerio del Interior / portal oficial de datos abiertos,PRIMARY_OFFICIAL
2011,2011-11-20,47 - Valladolid,PER UN MÓN MÉS JUST - PUM+J,0,0,Ministerio del Interior / portal oficial de datos abiertos,PRIMARY_OFFICIAL
2011,2011-11-20,47 - Valladolid,PIRATES DE CATALUNYA - PIRATA.CAT,0,0,Ministerio del Interior / portal oficial de datos abiertos,PRIMARY_OFFICIAL
2011,2011-11-20,47 - Valladolid,PLATAFORMA PER CATALUNYA - PxC,0,0,Ministerio del Interior / portal oficial de datos abiertos,PRIMARY_OFFICIAL
2011,2011-11-20,47 - Valladolid,POR UN MUNDO MÁS JUSTO - PUM+J,581,0,Ministerio del Interior / portal oficial de datos abiertos,PRIMARY_OFFICIAL
2011,2011-11-20,47 - Valladolid,PSM-INICIATIVA VERDS-ENTESA-EQUO - PSM-IV-EXM-,0,0,Ministerio del Interior / portal oficial de datos abiertos,PRIMARY_OFFICIAL
2011,2011-11-20,47 - Valladolid,REPUBLICANOS - RPS,0,0,Ministerio del Interior / portal oficial de datos abiertos,PRIMARY_OFFICIAL
2011,2011-11-20,47 - Valladolid,SOCIALISTAS POR TERUEL - SXT,0,0,Ministerio del Interior / portal oficial de datos abiertos,PRIMARY_OFFICIAL
2011,2011-11-20,47 - Valladolid,SOLIDARIDAD Y AUTOGESTION INTERNACIONALISTA - SAIn,344,0,Ministerio del Interior / portal oficial de datos abiertos,PRIMARY_OFFICIAL
2011,2011-11-20,47 - Valladolid,"SÍ SE PUEDE, SOCIALISTAS POR TENERIFE, EQUO - SSP-SxTF-EQ",0,0,Ministerio del Interior / portal oficial de datos abiertos,PRIMARY_OFFICIAL
2011,2011-11-20,47 - Valladolid,UNIDAD DEL PUEBLO - UNIDAD DEL,0,0,Ministerio del Interior / portal oficial de datos abiertos,PRIMARY_OFFICIAL
2011,2011-11-20,47 - Valladolid,UNIDAD REGIONALISTA DE CASTILLA Y LEON - U.R.C.L.,535,0,Ministerio del Interior / portal oficial de datos abiertos,PRIMARY_OFFICIAL
2011,2011-11-20,47 - Valladolid,UNIFICACIÓN COMUNISTA DE ESPAÑA - U.C.E.,167,0,Ministerio del Interior / portal oficial de datos abiertos,PRIMARY_OFFICIAL
2011,2011-11-20,47 - Valladolid,UNIFICACIÓN COMUNISTA DE ESPAÑA - UCE,0,0,Ministerio del Interior / portal oficial de datos abiertos,PRIMARY_OFFICIAL
2011,2011-11-20,47 - Valladolid,UNION DE CIUDADANOS INDEPENDIENTES DE TOLEDO - U.C.I.T.,0,0,Ministerio del Interior / portal oficial de datos abiertos,PRIMARY_OFFICIAL
2011,2011-11-20,47 - Valladolid,UNITS X VALENCIA - UxV,0,0,Ministerio del Interior / portal oficial de datos abiertos,PRIMARY_OFFICIAL
2011,2011-11-20,47 - Valladolid,UNIÓN DEL PUEBLO NAVARRO EN COALICIÓN CON EL PARTI - UPN-PP,0,0,Ministerio del Interior / portal oficial de datos abiertos,PRIMARY_OFFICIAL
2011,2011-11-20,47 - Valladolid,UNIÓN PROGRESO Y DEMOCRACIA - UPyD,23536,0,Ministerio del Interior / portal oficial de datos abiertos,PRIMARY_OFFICIAL
2011,2011-11-20,48 - Bizkaia,ACCION CIUDADANA POR MALAGA - ACIMA,0,0,Ministerio del Interior / portal oficial de datos abiertos,PRIMARY_OFFICIAL
2011,2011-11-20,48 - Bizkaia,ALTERNATIVA NACIONALISTA CANARIA - ANC,0,0,Ministerio del Interior / portal oficial de datos abiertos,PRIMARY_OFFICIAL
2011,2011-11-20,48 - Bizkaia,AMAIUR - AMAIUR,122796,2,Ministerio del Interior / portal oficial de datos abiertos,PRIMARY_OFFICIAL
2011,2011-11-20,48 - Bizkaia,ANDECHA ASTUR - ANDECHA,0,0,Ministerio del Interior / portal oficial de datos abiertos,PRIMARY_OFFICIAL
2011,2011-11-20,48 - Bizkaia,ANTICAPITALISTAS - ANTICAPITAL,0,0,Ministerio del Interior / portal oficial de datos abiertos,PRIMARY_OFFICIAL
2011,2011-11-20,48 - Bizkaia,ANTICAPITALISTES - ANTICAPITAL,0,0,Ministerio del Interior / portal oficial de datos abiertos,PRIMARY_OFFICIAL
2011,2011-11-20,48 - Bizkaia,"BASTA YA, AGRUPACIÓN ABIERTA DE PARTIDOS POLÍTICOS - BASTA YA",0,0,Ministerio del Interior / portal oficial de datos abiertos,PRIMARY_OFFICIAL
2011,2011-11-20,48 - Bizkaia,BIDEZKO MUNDURANTZ/POR UN MUNDO MAS JUSTO - PUM+J,1670,0,Ministerio del Interior / portal oficial de datos abiertos,PRIMARY_OFFICIAL
2011,2011-11-20,48 - Bizkaia,BIDEZKO MUNDURANTZ/POR UN MUNDO MÁS JUSTO - PU M+J,0,0,Ministerio del Interior / portal oficial de datos abiertos,PRIMARY_OFFICIAL
2011,2011-11-20,48 - Bizkaia,BLOC-INICIATIVA-VERDS-EQUO-COALICIÓ COMPROMÍS - COMPROMÍS-Q,0,0,Ministerio del Interior / portal oficial de datos abiertos,PRIMARY_OFFICIAL
2011,2011-11-20,48 - Bizkaia,BLOQUE NACIONALISTA GALEGO - B.N.G.,0,0,Ministerio del Interior / portal oficial de datos abiertos,PRIMARY_OFFICIAL
2011,2011-11-20,48 - Bizkaia,BLOQUE NACIONALISTA GALEGO - BNG,0,0,Ministerio del Interior / portal oficial de datos abiertos,PRIMARY_OFFICIAL
2011,2011-11-20,48 - Bizkaia,CANARIAS VERDE Y ROJA: LA IZQUIERDA PLURAL - IUC-CxI,0,0,Ministerio del Interior / portal oficial de datos abiertos,PRIMARY_OFFICIAL
2011,2011-11-20,48 - Bizkaia,CENTRO DEMOCRATICO LIBERAL - C.D.L.,0,0,Ministerio del Interior / portal oficial de datos abiertos,PRIMARY_OFFICIAL
2011,2011-11-20,48 - Bizkaia,"CHUNTA ARAGONESISTA-IZQUIERDA UNIDA, LA IZQUIERDA - CHA-IU",0,0,Ministerio del Interior / portal oficial de datos abiertos,PRIMARY_OFFICIAL
2011,2011-11-20,48 - Bizkaia,"CHUNTA ARAGONESISTA-IZQUIERDA UNIDA, La Izquierda - CHA-IU",0,0,Ministerio del Interior / portal oficial de datos abiertos,PRIMARY_OFFICIAL
2011,2011-11-20,48 - Bizkaia,CIUDADANOS DE CENTRO DEMOCRÁTICO - CCD,0,0,Ministerio del Interior / portal oficial de datos abiertos,PRIMARY_OFFICIAL
2011,2011-11-20,48 - Bizkaia,COALICION CABALLAS - Caballas,0,0,Ministerio del Interior / portal oficial de datos abiertos,PRIMARY_OFFICIAL
2011,2011-11-20,48 - Bizkaia,COALICIÓN CANARIA-NUEVA CANARIAS - CC-NC-PNC,0,0,Ministerio del Interior / portal oficial de datos abiertos,PRIMARY_OFFICIAL
2011,2011-11-20,48 - Bizkaia,CONVERGENCIA POR EXTREMADURA - CEx,0,0,Ministerio del Interior / portal oficial de datos abiertos,PRIMARY_OFFICIAL
2011,2011-11-20,48 - Bizkaia,CONVERGÈNCIA I UNIÓ - CiU,0,0,Ministerio del Interior / portal oficial de datos abiertos,PRIMARY_OFFICIAL
2011,2011-11-20,48 - Bizkaia,CONVERGÈNCIA i UNIÓ - CiU,0,0,Ministerio del Interior / portal oficial de datos abiertos,PRIMARY_OFFICIAL
2011,2011-11-20,48 - Bizkaia,CONVERXENCIA VINTEÚN - C.XXI,0,0,Ministerio del Interior / portal oficial de datos abiertos,PRIMARY_OFFICIAL
2011,2011-11-20,48 - Bizkaia,CONVERXENCIA VINTEÚN - CXXI,0,0,Ministerio del Interior / portal oficial de datos abiertos,PRIMARY_OFFICIAL
2011,2011-11-20,48 - Bizkaia,DEMOCRACIA NACIONAL - D.N.,0,0,Ministerio del Interior / portal oficial de datos abiertos,PRIMARY_OFFICIAL
2011,2011-11-20,48 - Bizkaia,DEMOS EL CAMBIO - DeC,0,0,Ministerio del Interior / portal oficial de datos abiertos,PRIMARY_OFFICIAL
2011,2011-11-20,48 - Bizkaia,DERECHA NAVARRA Y ESPAÑOLA - DNE,0,0,Ministerio del Interior / portal oficial de datos abiertos,PRIMARY_OFFICIAL
2011,2011-11-20,48 - Bizkaia,EQUO - EQUO,7387,0,Ministerio del Interior / portal oficial de datos abiertos,PRIMARY_OFFICIAL
2011,2011-11-20,48 - Bizkaia,EQUO - eQuo,0,0,Ministerio del Interior / portal oficial de datos abiertos,PRIMARY_OFFICIAL
2011,2011-11-20,48 - Bizkaia,ESCAÑOS EN BLANCO - Eb,2886,0,Ministerio del Interior / portal oficial de datos abiertos,PRIMARY_OFFICIAL
2011,2011-11-20,48 - Bizkaia,ESCAÑOS EN BLANCO/ESCONS EN BLANC - EB,0,0,Ministerio del Interior / portal oficial de datos abiertos,PRIMARY_OFFICIAL
2011,2011-11-20,48 - Bizkaia,ESCONS EN BLANC - Eb,0,0,Ministerio del Interior / portal oficial de datos abiertos,PRIMARY_OFFICIAL
2011,2011-11-20,48 - Bizkaia,ESPAÑA 2000 - ESPAÑA 2000,0,0,Ministerio del Interior / portal oficial de datos abiertos,PRIMARY_OFFICIAL
2011,2011-11-20,48 - Bizkaia,ESQUERDA UNIDA-OS VERDES: A ESQUERDA PLURAL - EU-V,0,0,Ministerio del Interior / portal oficial de datos abiertos,PRIMARY_OFFICIAL
2011,2011-11-20,48 - Bizkaia,ESQUERRA REPUBLICANA - ESQUERRA,0,0,Ministerio del Interior / portal oficial de datos abiertos,PRIMARY_OFFICIAL
2011,2011-11-20,48 - Bizkaia,ESQUERRA REPUBLICANA DE CATALUNYA-CATALUNYA SÍ - ERC - RI.ca,0,0,Ministerio del Interior / portal oficial de datos abiertos,PRIMARY_OFFICIAL
2011,2011-11-20,48 - Bizkaia,ESQUERRA REPUBLICANA DE CATALUNYA-CATALUNYA SÍ - ERC-RI.cat,0,0,Ministerio del Interior / portal oficial de datos abiertos,PRIMARY_OFFICIAL
2011,2011-11-20,48 - Bizkaia,ESQUERRA REPUBLICANA DEL PAÍS VALENCIÀ - ERPV,0,0,Ministerio del Interior / portal oficial de datos abiertos,PRIMARY_OFFICIAL
2011,2011-11-20,48 - Bizkaia,ESQUERRA UNIDA DEL PAIS VALENCIA-LOS VERDES: L'ESQ - EUPV-LV,0,0,Ministerio del Interior / portal oficial de datos abiertos,PRIMARY_OFFICIAL
2011,2011-11-20,48 - Bizkaia,ESQUERRA UNIDA ILLES BALEARS: LA IZQUIERDA PLURAL - EUIB,0,0,Ministerio del Interior / portal oficial de datos abiertos,PRIMARY_OFFICIAL
2011,2011-11-20,48 - Bizkaia,ESQUERRA UNIDA PAÍS VALENCIÀ-ELS VERDS: L'ESQUERRA - EUPV-EV,0,0,Ministerio del Interior / portal oficial de datos abiertos,PRIMARY_OFFICIAL
2011,2011-11-20,48 - Bizkaia,EUZKO ALDERDI JELTZALEA-PARTIDO NACIONALISTA VASCO - E.A.J.-P.N.,0,0,Ministerio del Interior / portal oficial de datos abiertos,PRIMARY_OFFICIAL
2011,2011-11-20,48 - Bizkaia,EUZKO ALDERDI JELTZALEA-PARTIDO NACIONALISTA VASCO - EAJ-PNV,208683,3,Ministerio del Interior / portal oficial de datos abiertos,PRIMARY_OFFICIAL
2011,2011-11-20,48 - Bizkaia,FALANGE ESPAÑOLA DE LAS J.O.N.S. - FE de las J,0,0,Ministerio del Interior / portal oficial de datos abiertos,PRIMARY_OFFICIAL
2011,2011-11-20,48 - Bizkaia,FAMILIA Y VIDA - PFyV,0,0,Ministerio del Interior / portal oficial de datos abiertos,PRIMARY_OFFICIAL
2011,2011-11-20,48 - Bizkaia,FORO CENTRO Y DEMOCRACIA - CYD,0,0,Ministerio del Interior / portal oficial de datos abiertos,PRIMARY_OFFICIAL
2011,2011-11-20,48 - Bizkaia,FORO DE CIUDADANOS - FAC,0,0,Ministerio del Interior / portal oficial de datos abiertos,PRIMARY_OFFICIAL
2011,2011-11-20,48 - Bizkaia,GEROA BAI - GBAI,0,0,Ministerio del Interior / portal oficial de datos abiertos,PRIMARY_OFFICIAL
2011,2011-11-20,48 - Bizkaia,HARTOS.ORG - HARTOS.ORG,0,0,Ministerio del Interior / portal oficial de datos abiertos,PRIMARY_OFFICIAL
2011,2011-11-20,48 - Bizkaia,HIGIENE DEMOCRATICA - H.D.,0,0,Ministerio del Interior / portal oficial de datos abiertos,PRIMARY_OFFICIAL
2011,2011-11-20,48 - Bizkaia,INICIATIVA PER CATALUNYA VERDS-ESQUERRA UNIDA I AL - ICV-EUiA,0,0,Ministerio del Interior / portal oficial de datos abiertos,PRIMARY_OFFICIAL
2011,2011-11-20,48 - Bizkaia,INICIATIVA PER CATALUNYA VERDS-ESQUERRA UNIDA i AL - ICV-EUiA,0,0,Ministerio del Interior / portal oficial de datos abiertos,PRIMARY_OFFICIAL
2011,2011-11-20,48 - Bizkaia,IU - LOS VERDES: LA IZQUIERDA PLURAL / EZKER ANITZ - IU-LV,24205,0,Ministerio del Interior / portal oficial de datos abiertos,PRIMARY_OFFICIAL
2011,2011-11-20,48 - Bizkaia,IZQUIERDA UNIDA - PARTIDO DEMOCRÁTICO Y SOCIAL DE - IU-PDSC,0,0,Ministerio del Interior / portal oficial de datos abiertos,PRIMARY_OFFICIAL
2011,2011-11-20,48 - Bizkaia,IZQUIERDA UNIDA CANARIA-INICIATIVA POR EL HIERRO-L - IUC-IpH-LV,0,0,Ministerio del Interior / portal oficial de datos abiertos,PRIMARY_OFFICIAL
2011,2011-11-20,48 - Bizkaia,IZQUIERDA UNIDA DE ASTURIAS-IZQUIERDA XUNIDA D'AST - IU-IX,0,0,Ministerio del Interior / portal oficial de datos abiertos,PRIMARY_OFFICIAL
2011,2011-11-20,48 - Bizkaia,IZQUIERDA UNIDA DE CANTABRIA: LA IZQUIERDA PLURAL - IUC,0,0,Ministerio del Interior / portal oficial de datos abiertos,PRIMARY_OFFICIAL
2011,2011-11-20,48 - Bizkaia,IZQUIERDA UNIDA DE CASTILLA Y LEON: LA IZQUIERDA P - IUCL,0,0,Ministerio del Interior / portal oficial de datos abiertos,PRIMARY_OFFICIAL
2011,2011-11-20,48 - Bizkaia,IZQUIERDA UNIDA DE CASTILLA Y LEON: LA IZQUIERDA P - IUCyL,0,0,Ministerio del Interior / portal oficial de datos abiertos,PRIMARY_OFFICIAL
2011,2011-11-20,48 - Bizkaia,IZQUIERDA UNIDA DE CASTILLA Y LEÓN: LA IZQUIERDA P - IU CyL,0,0,Ministerio del Interior / portal oficial de datos abiertos,PRIMARY_OFFICIAL
2011,2011-11-20,48 - Bizkaia,IZQUIERDA UNIDA DE CASTILLA Y LEÓN: LA IZQUIERDA P - IUCL,0,0,Ministerio del Interior / portal oficial de datos abiertos,PRIMARY_OFFICIAL
2011,2011-11-20,48 - Bizkaia,IZQUIERDA UNIDA DE CASTILLA-LA MANCHA-LOS VERDES: - IUCLM-LV,0,0,Ministerio del Interior / portal oficial de datos abiertos,PRIMARY_OFFICIAL
2011,2011-11-20,48 - Bizkaia,IZQUIERDA UNIDA DE CASTILLA-LA MANCHA-LOS VERDES: - IUCM-LV,0,0,Ministerio del Interior / portal oficial de datos abiertos,PRIMARY_OFFICIAL
2011,2011-11-20,48 - Bizkaia,IZQUIERDA UNIDA LOS VERDES-CONVOCATORIA POR ANDALU - IULV-CA,0,0,Ministerio del Interior / portal oficial de datos abiertos,PRIMARY_OFFICIAL
2011,2011-11-20,48 - Bizkaia,IZQUIERDA UNIDA VERDES-SOCIALISTAS INDEPENDIENTES - IU-V-SIEX:,0,0,Ministerio del Interior / portal oficial de datos abiertos,PRIMARY_OFFICIAL
2011,2011-11-20,48 - Bizkaia,IZQUIERDA UNIDA VERDES-SOCIALISTAS INDEPENDIENTES - IU-VERDES-S,0,0,Ministerio del Interior / portal oficial de datos abiertos,PRIMARY_OFFICIAL
2011,2011-11-20,48 - Bizkaia,IZQUIERDA UNIDA-LA IZQUIERDA PLURAL - I.U.,0,0,Ministerio del Interior / portal oficial de datos abiertos,PRIMARY_OFFICIAL
2011,2011-11-20,48 - Bizkaia,IZQUIERDA UNIDA-LOS VERDES: LA IZQUIERDA PLURAL - IU-LV,0,0,Ministerio del Interior / portal oficial de datos abiertos,PRIMARY_OFFICIAL
2011,2011-11-20,48 - Bizkaia,IZQUIERDA UNIDA-LOS VERDES: LA IZQUIERDA PLURAL/EZ - I.U.,0,0,Ministerio del Interior / portal oficial de datos abiertos,PRIMARY_OFFICIAL
2011,2011-11-20,48 - Bizkaia,IZQUIERDA UNIDA-LOS VERDES: LA IZQUIERDA PLURAL/EZ - IU-LV,0,0,Ministerio del Interior / portal oficial de datos abiertos,PRIMARY_OFFICIAL
2011,2011-11-20,48 - Bizkaia,IZQUIERDA UNIDA-VERDES DE LA REGION DE MURCIA: LA - IUV-RM,0,0,Ministerio del Interior / portal oficial de datos abiertos,PRIMARY_OFFICIAL
2011,2011-11-20,48 - Bizkaia,IZQUIERDA-EZKERRA/LA IZQUIERDA PLURAL - IZQUIERDA-E,0,0,Ministerio del Interior / portal oficial de datos abiertos,PRIMARY_OFFICIAL
2011,2011-11-20,48 - Bizkaia,LOS VERDES-GRUPO VERDE - LV-GV,0,0,Ministerio del Interior / portal oficial de datos abiertos,PRIMARY_OFFICIAL
2011,2011-11-20,48 - Bizkaia,MUERTE AL SISTEMA - +MAS+,0,0,Ministerio del Interior / portal oficial de datos abiertos,PRIMARY_OFFICIAL
2011,2011-11-20,48 - Bizkaia,PARTIDO ANDALUCISTA - P.A.,0,0,Ministerio del Interior / portal oficial de datos abiertos,PRIMARY_OFFICIAL
2011,2011-11-20,48 - Bizkaia,PARTIDO ANDALUCISTA - PA,0,0,Ministerio del Interior / portal oficial de datos abiertos,PRIMARY_OFFICIAL
2011,2011-11-20,48 - Bizkaia,PARTIDO ANIMALISTA CONTRA EL MALTRATO ANIMAL - PACMA,3278,0,Ministerio del Interior / portal oficial de datos abiertos,PRIMARY_OFFICIAL
2011,2011-11-20,48 - Bizkaia,PARTIDO CASTELLANO - PCAS,0,0,Ministerio del Interior / portal oficial de datos abiertos,PRIMARY_OFFICIAL
2011,2011-11-20,48 - Bizkaia,PARTIDO COMUNISTA DE LOS PUEBLOS DE ESPAÑA - P.C.P.E.,0,0,Ministerio del Interior / portal oficial de datos abiertos,PRIMARY_OFFICIAL
2011,2011-11-20,48 - Bizkaia,PARTIDO COMUNISTA DE LOS PUEBLOS DE ESPAÑA - PCPE,0,0,Ministerio del Interior / portal oficial de datos abiertos,PRIMARY_OFFICIAL
2011,2011-11-20,48 - Bizkaia,PARTIDO DE CASTILLA Y LEÓN - PCAL,0,0,Ministerio del Interior / portal oficial de datos abiertos,PRIMARY_OFFICIAL
2011,2011-11-20,48 - Bizkaia,PARTIDO DE INTERNET - INTERNET,0,0,Ministerio del Interior / portal oficial de datos abiertos,PRIMARY_OFFICIAL
2011,2011-11-20,48 - Bizkaia,PARTIDO DE LA LIBERTAD INDIVIDUAL - P-LIB,0,0,Ministerio del Interior / portal oficial de datos abiertos,PRIMARY_OFFICIAL
2011,2011-11-20,48 - Bizkaia,PARTIDO DEMOCRATICO Y CONSTITUCIONAL - PDYC,0,0,Ministerio del Interior / portal oficial de datos abiertos,PRIMARY_OFFICIAL
2011,2011-11-20,48 - Bizkaia,PARTIDO DOS SOCIALISTAS DE GALICIA - PARTIDO SOCIA - PSdeG-PSOE,0,0,Ministerio del Interior / portal oficial de datos abiertos,PRIMARY_OFFICIAL
2011,2011-11-20,48 - Bizkaia,PARTIDO DOS SOCIALISTAS DE GALICIA - PSOE - PSdeG-PSOE,0,0,Ministerio del Interior / portal oficial de datos abiertos,PRIMARY_OFFICIAL
2011,2011-11-20,48 - Bizkaia,PARTIDO HUMANISTA - PH,0,0,Ministerio del Interior / portal oficial de datos abiertos,PRIMARY_OFFICIAL
2011,2011-11-20,48 - Bizkaia,PARTIDO OBRERO SOCIALISTA INTERNACIONALISTA - P.O.S.I.,0,0,Ministerio del Interior / portal oficial de datos abiertos,PRIMARY_OFFICIAL
2011,2011-11-20,48 - Bizkaia,PARTIDO OBRERO SOCIALISTA INTERNACIONALISTA - POSI,0,0,Ministerio del Interior / portal oficial de datos abiertos,PRIMARY_OFFICIAL
2011,2011-11-20,48 - Bizkaia,PARTIDO PARA LA REGENERACION DE LA DEMOCRACIA EN E - P.R.D.E.,0,0,Ministerio del Interior / portal oficial de datos abiertos,PRIMARY_OFFICIAL
2011,2011-11-20,48 - Bizkaia,PARTIDO PIRATA - PIRATA,0,0,Ministerio del Interior / portal oficial de datos abiertos,PRIMARY_OFFICIAL
2011,2011-11-20,48 - Bizkaia,PARTIDO POPULAR - P.P.,0,0,Ministerio del Interior / portal oficial de datos abiertos,PRIMARY_OFFICIAL
2011,2011-11-20,48 - Bizkaia,PARTIDO POPULAR - PP,113401,1,Ministerio del Interior / portal oficial de datos abiertos,PRIMARY_OFFICIAL
2011,2011-11-20,48 - Bizkaia,PARTIDO POPULAR EN COALICIÓN CON EL PARTIDO ARAGON - PP-PAR,0,0,Ministerio del Interior / portal oficial de datos abiertos,PRIMARY_OFFICIAL
2011,2011-11-20,48 - Bizkaia,PARTIDO POPULAR-EXTREMADURA UNIDA - P.P-E.U.,0,0,Ministerio del Interior / portal oficial de datos abiertos,PRIMARY_OFFICIAL
2011,2011-11-20,48 - Bizkaia,PARTIDO POPULAR-EXTREMADURA UNIDA - PP-EU,0,0,Ministerio del Interior / portal oficial de datos abiertos,PRIMARY_OFFICIAL
2011,2011-11-20,48 - Bizkaia,PARTIDO REGIONALISTA DE CANTABRIA - P.R.C.,0,0,Ministerio del Interior / portal oficial de datos abiertos,PRIMARY_OFFICIAL
2011,2011-11-20,48 - Bizkaia,PARTIDO REGIONALISTA DEL PAIS LEONES - PREPAL,0,0,Ministerio del Interior / portal oficial de datos abiertos,PRIMARY_OFFICIAL
2011,2011-11-20,48 - Bizkaia,PARTIDO REGIONALISTA POR ANDALUCIA ORIENTAL - PRAO,0,0,Ministerio del Interior / portal oficial de datos abiertos,PRIMARY_OFFICIAL
2011,2011-11-20,48 - Bizkaia,PARTIDO SOCIALISTA DE EUSKADI-EUSKADIKO EZKERRA (P - PSE-EE (PSO,136853,2,Ministerio del Interior / portal oficial de datos abiertos,PRIMARY_OFFICIAL
2011,2011-11-20,48 - Bizkaia,PARTIDO SOCIALISTA OBRERO ESPAÑOL - P.S.O.E.,0,0,Ministerio del Interior / portal oficial de datos abiertos,PRIMARY_OFFICIAL
2011,2011-11-20,48 - Bizkaia,PARTIDO SOCIALISTA OBRERO ESPAÑOL - PSOE,0,0,Ministerio del Interior / portal oficial de datos abiertos,PRIMARY_OFFICIAL
2011,2011-11-20,48 - Bizkaia,PARTIT ANIMALISTA CONTRA EL MALTRACTAMENT ANIMAL - PACMA,0,0,Ministerio del Interior / portal oficial de datos abiertos,PRIMARY_OFFICIAL
2011,2011-11-20,48 - Bizkaia,PARTIT COMUNISTA DEL POBLE DE CATALUNYA - PCPC,0,0,Ministerio del Interior / portal oficial de datos abiertos,PRIMARY_OFFICIAL
2011,2011-11-20,48 - Bizkaia,PARTIT COMUNISTA DELS POBLES D'ESPANYA - P.C.P.E.,0,0,Ministerio del Interior / portal oficial de datos abiertos,PRIMARY_OFFICIAL
2011,2011-11-20,48 - Bizkaia,PARTIT DELS SOCIALISTES DE CATALUNYA - PSC-PSOE,0,0,Ministerio del Interior / portal oficial de datos abiertos,PRIMARY_OFFICIAL
2011,2011-11-20,48 - Bizkaia,PARTIT POPULAR/PARTIDO POPULAR - P.P.,0,0,Ministerio del Interior / portal oficial de datos abiertos,PRIMARY_OFFICIAL
2011,2011-11-20,48 - Bizkaia,PARTIT REPUBLICÀ D'ESQUERRA-REPUBLICANS - PRE-R,0,0,Ministerio del Interior / portal oficial de datos abiertos,PRIMARY_OFFICIAL
2011,2011-11-20,48 - Bizkaia,PER UN MÓN MÉS JUST - PUM+J,0,0,Ministerio del Interior / portal oficial de datos abiertos,PRIMARY_OFFICIAL
2011,2011-11-20,48 - Bizkaia,PIRATES DE CATALUNYA - PIRATA.CAT,0,0,Ministerio del Interior / portal oficial de datos abiertos,PRIMARY_OFFICIAL
2011,2011-11-20,48 - Bizkaia,PLATAFORMA PER CATALUNYA - PxC,0,0,Ministerio del Interior / portal oficial de datos abiertos,PRIMARY_OFFICIAL
2011,2011-11-20,48 - Bizkaia,POR UN MUNDO MÁS JUSTO - PUM+J,0,0,Ministerio del Interior / portal oficial de datos abiertos,PRIMARY_OFFICIAL
2011,2011-11-20,48 - Bizkaia,PSM-INICIATIVA VERDS-ENTESA-EQUO - PSM-IV-EXM-,0,0,Ministerio del Interior / portal oficial de datos abiertos,PRIMARY_OFFICIAL
2011,2011-11-20,48 - Bizkaia,REPUBLICANOS - RPS,0,0,Ministerio del Interior / portal oficial de datos abiertos,PRIMARY_OFFICIAL
2011,2011-11-20,48 - Bizkaia,SOCIALISTAS POR TERUEL - SXT,0,0,Ministerio del Interior / portal oficial de datos abiertos,PRIMARY_OFFICIAL
2011,2011-11-20,48 - Bizkaia,SOLIDARIDAD Y AUTOGESTION INTERNACIONALISTA - SAIn,0,0,Ministerio del Interior / portal oficial de datos abiertos,PRIMARY_OFFICIAL
2011,2011-11-20,48 - Bizkaia,"SÍ SE PUEDE, SOCIALISTAS POR TENERIFE, EQUO - SSP-SxTF-EQ",0,0,Ministerio del Interior / portal oficial de datos abiertos,PRIMARY_OFFICIAL
2011,2011-11-20,48 - Bizkaia,UNIDAD DEL PUEBLO - UNIDAD DEL,0,0,Ministerio del Interior / portal oficial de datos abiertos,PRIMARY_OFFICIAL
2011,2011-11-20,48 - Bizkaia,UNIDAD REGIONALISTA DE CASTILLA Y LEON - U.R.C.L.,0,0,Ministerio del Interior / portal oficial de datos abiertos,PRIMARY_OFFICIAL
2011,2011-11-20,48 - Bizkaia,UNIFICACIÓN COMUNISTA DE ESPAÑA - U.C.E.,0,0,Ministerio del Interior / portal oficial de datos abiertos,PRIMARY_OFFICIAL
2011,2011-11-20,48 - Bizkaia,UNIFICACIÓN COMUNISTA DE ESPAÑA - UCE,550,0,Ministerio del Interior / portal oficial de datos abiertos,PRIMARY_OFFICIAL
2011,2011-11-20,48 - Bizkaia,UNION DE CIUDADANOS INDEPENDIENTES DE TOLEDO - U.C.I.T.,0,0,Ministerio del Interior / portal oficial de datos abiertos,PRIMARY_OFFICIAL
2011,2011-11-20,48 - Bizkaia,UNITS X VALENCIA - UxV,0,0,Ministerio del Interior / portal oficial de datos abiertos,PRIMARY_OFFICIAL
2011,2011-11-20,48 - Bizkaia,UNIÓN DEL PUEBLO NAVARRO EN COALICIÓN CON EL PARTI - UPN-PP,0,0,Ministerio del Interior / portal oficial de datos abiertos,PRIMARY_OFFICIAL
2011,2011-11-20,48 - Bizkaia,UNIÓN PROGRESO Y DEMOCRACIA - UPyD,10886,0,Ministerio del Interior / portal oficial de datos abiertos,PRIMARY_OFFICIAL
2011,2011-11-20,49 - Zamora,ACCION CIUDADANA POR MALAGA - ACIMA,0,0,Ministerio del Interior / portal oficial de datos abiertos,PRIMARY_OFFICIAL
2011,2011-11-20,49 - Zamora,ALTERNATIVA NACIONALISTA CANARIA - ANC,0,0,Ministerio del Interior / portal oficial de datos abiertos,PRIMARY_OFFICIAL
2011,2011-11-20,49 - Zamora,AMAIUR - AMAIUR,0,0,Ministerio del Interior / portal oficial de datos abiertos,PRIMARY_OFFICIAL
2011,2011-11-20,49 - Zamora,ANDECHA ASTUR - ANDECHA,0,0,Ministerio del Interior / portal oficial de datos abiertos,PRIMARY_OFFICIAL
2011,2011-11-20,49 - Zamora,ANTICAPITALISTAS - ANTICAPITAL,205,0,Ministerio del Interior / portal oficial de datos abiertos,PRIMARY_OFFICIAL
2011,2011-11-20,49 - Zamora,ANTICAPITALISTES - ANTICAPITAL,0,0,Ministerio del Interior / portal oficial de datos abiertos,PRIMARY_OFFICIAL
2011,2011-11-20,49 - Zamora,"BASTA YA, AGRUPACIÓN ABIERTA DE PARTIDOS POLÍTICOS - BASTA YA",0,0,Ministerio del Interior / portal oficial de datos abiertos,PRIMARY_OFFICIAL
2011,2011-11-20,49 - Zamora,BIDEZKO MUNDURANTZ/POR UN MUNDO MAS JUSTO - PUM+J,0,0,Ministerio del Interior / portal oficial de datos abiertos,PRIMARY_OFFICIAL
2011,2011-11-20,49 - Zamora,BIDEZKO MUNDURANTZ/POR UN MUNDO MÁS JUSTO - PU M+J,0,0,Ministerio del Interior / portal oficial de datos abiertos,PRIMARY_OFFICIAL
2011,2011-11-20,49 - Zamora,BLOC-INICIATIVA-VERDS-EQUO-COALICIÓ COMPROMÍS - COMPROMÍS-Q,0,0,Ministerio del Interior / portal oficial de datos abiertos,PRIMARY_OFFICIAL
2011,2011-11-20,49 - Zamora,BLOQUE NACIONALISTA GALEGO - B.N.G.,0,0,Ministerio del Interior / portal oficial de datos abiertos,PRIMARY_OFFICIAL
2011,2011-11-20,49 - Zamora,BLOQUE NACIONALISTA GALEGO - BNG,0,0,Ministerio del Interior / portal oficial de datos abiertos,PRIMARY_OFFICIAL
2011,2011-11-20,49 - Zamora,CANARIAS VERDE Y ROJA: LA IZQUIERDA PLURAL - IUC-CxI,0,0,Ministerio del Interior / portal oficial de datos abiertos,PRIMARY_OFFICIAL
2011,2011-11-20,49 - Zamora,CENTRO DEMOCRATICO LIBERAL - C.D.L.,0,0,Ministerio del Interior / portal oficial de datos abiertos,PRIMARY_OFFICIAL
2011,2011-11-20,49 - Zamora,"CHUNTA ARAGONESISTA-IZQUIERDA UNIDA, LA IZQUIERDA - CHA-IU",0,0,Ministerio del Interior / portal oficial de datos abiertos,PRIMARY_OFFICIAL
2011,2011-11-20,49 - Zamora,"CHUNTA ARAGONESISTA-IZQUIERDA UNIDA, La Izquierda - CHA-IU",0,0,Ministerio del Interior / portal oficial de datos abiertos,PRIMARY_OFFICIAL
2011,2011-11-20,49 - Zamora,CIUDADANOS DE CENTRO DEMOCRÁTICO - CCD,0,0,Ministerio del Interior / portal oficial de datos abiertos,PRIMARY_OFFICIAL
2011,2011-11-20,49 - Zamora,COALICION CABALLAS - Caballas,0,0,Ministerio del Interior / portal oficial de datos abiertos,PRIMARY_OFFICIAL
2011,2011-11-20,49 - Zamora,COALICIÓN CANARIA-NUEVA CANARIAS - CC-NC-PNC,0,0,Ministerio del Interior / portal oficial de datos abiertos,PRIMARY_OFFICIAL
2011,2011-11-20,49 - Zamora,CONVERGENCIA POR EXTREMADURA - CEx,0,0,Ministerio del Interior / portal oficial de datos abiertos,PRIMARY_OFFICIAL
2011,2011-11-20,49 - Zamora,CONVERGÈNCIA I UNIÓ - CiU,0,0,Ministerio del Interior / portal oficial de datos abiertos,PRIMARY_OFFICIAL
2011,2011-11-20,49 - Zamora,CONVERGÈNCIA i UNIÓ - CiU,0,0,Ministerio del Interior / portal oficial de datos abiertos,PRIMARY_OFFICIAL
2011,2011-11-20,49 - Zamora,CONVERXENCIA VINTEÚN - C.XXI,0,0,Ministerio del Interior / portal oficial de datos abiertos,PRIMARY_OFFICIAL
2011,2011-11-20,49 - Zamora,CONVERXENCIA VINTEÚN - CXXI,0,0,Ministerio del Interior / portal oficial de datos abiertos,PRIMARY_OFFICIAL
2011,2011-11-20,49 - Zamora,DEMOCRACIA NACIONAL - D.N.,0,0,Ministerio del Interior / portal oficial de datos abiertos,PRIMARY_OFFICIAL
2011,2011-11-20,49 - Zamora,DEMOS EL CAMBIO - DeC,0,0,Ministerio del Interior / portal oficial de datos abiertos,PRIMARY_OFFICIAL
2011,2011-11-20,49 - Zamora,DERECHA NAVARRA Y ESPAÑOLA - DNE,0,0,Ministerio del Interior / portal oficial de datos abiertos,PRIMARY_OFFICIAL
2011,2011-11-20,49 - Zamora,EQUO - EQUO,0,0,Ministerio del Interior / portal oficial de datos abiertos,PRIMARY_OFFICIAL
2011,2011-11-20,49 - Zamora,EQUO - eQuo,0,0,Ministerio del Interior / portal oficial de datos abiertos,PRIMARY_OFFICIAL
2011,2011-11-20,49 - Zamora,ESCAÑOS EN BLANCO - Eb,649,0,Ministerio del Interior / portal oficial de datos abiertos,PRIMARY_OFFICIAL
2011,2011-11-20,49 - Zamora,ESCAÑOS EN BLANCO/ESCONS EN BLANC - EB,0,0,Ministerio del Interior / portal oficial de datos abiertos,PRIMARY_OFFICIAL
2011,2011-11-20,49 - Zamora,ESCONS EN BLANC - Eb,0,0,Ministerio del Interior / portal oficial de datos abiertos,PRIMARY_OFFICIAL
2011,2011-11-20,49 - Zamora,ESPAÑA 2000 - ESPAÑA 2000,0,0,Ministerio del Interior / portal oficial de datos abiertos,PRIMARY_OFFICIAL
2011,2011-11-20,49 - Zamora,ESQUERDA UNIDA-OS VERDES: A ESQUERDA PLURAL - EU-V,0,0,Ministerio del Interior / portal oficial de datos abiertos,PRIMARY_OFFICIAL
2011,2011-11-20,49 - Zamora,ESQUERRA REPUBLICANA - ESQUERRA,0,0,Ministerio del Interior / portal oficial de datos abiertos,PRIMARY_OFFICIAL
2011,2011-11-20,49 - Zamora,ESQUERRA REPUBLICANA DE CATALUNYA-CATALUNYA SÍ - ERC - RI.ca,0,0,Ministerio del Interior / portal oficial de datos abiertos,PRIMARY_OFFICIAL
2011,2011-11-20,49 - Zamora,ESQUERRA REPUBLICANA DE CATALUNYA-CATALUNYA SÍ - ERC-RI.cat,0,0,Ministerio del Interior / portal oficial de datos abiertos,PRIMARY_OFFICIAL
2011,2011-11-20,49 - Zamora,ESQUERRA REPUBLICANA DEL PAÍS VALENCIÀ - ERPV,0,0,Ministerio del Interior / portal oficial de datos abiertos,PRIMARY_OFFICIAL
2011,2011-11-20,49 - Zamora,ESQUERRA UNIDA DEL PAIS VALENCIA-LOS VERDES: L'ESQ - EUPV-LV,0,0,Ministerio del Interior / portal oficial de datos abiertos,PRIMARY_OFFICIAL
2011,2011-11-20,49 - Zamora,ESQUERRA UNIDA ILLES BALEARS: LA IZQUIERDA PLURAL - EUIB,0,0,Ministerio del Interior / portal oficial de datos abiertos,PRIMARY_OFFICIAL
2011,2011-11-20,49 - Zamora,ESQUERRA UNIDA PAÍS VALENCIÀ-ELS VERDS: L'ESQUERRA - EUPV-EV,0,0,Ministerio del Interior / portal oficial de datos abiertos,PRIMARY_OFFICIAL
2011,2011-11-20,49 - Zamora,EUZKO ALDERDI JELTZALEA-PARTIDO NACIONALISTA VASCO - E.A.J.-P.N.,0,0,Ministerio del Interior / portal oficial de datos abiertos,PRIMARY_OFFICIAL
2011,2011-11-20,49 - Zamora,EUZKO ALDERDI JELTZALEA-PARTIDO NACIONALISTA VASCO - EAJ-PNV,0,0,Ministerio del Interior / portal oficial de datos abiertos,PRIMARY_OFFICIAL
2011,2011-11-20,49 - Zamora,FALANGE ESPAÑOLA DE LAS J.O.N.S. - FE de las J,0,0,Ministerio del Interior / portal oficial de datos abiertos,PRIMARY_OFFICIAL
2011,2011-11-20,49 - Zamora,FAMILIA Y VIDA - PFyV,0,0,Ministerio del Interior / portal oficial de datos abiertos,PRIMARY_OFFICIAL
2011,2011-11-20,49 - Zamora,FORO CENTRO Y DEMOCRACIA - CYD,0,0,Ministerio del Interior / portal oficial de datos abiertos,PRIMARY_OFFICIAL
2011,2011-11-20,49 - Zamora,FORO DE CIUDADANOS - FAC,0,0,Ministerio del Interior / portal oficial de datos abiertos,PRIMARY_OFFICIAL
2011,2011-11-20,49 - Zamora,GEROA BAI - GBAI,0,0,Ministerio del Interior / portal oficial de datos abiertos,PRIMARY_OFFICIAL
2011,2011-11-20,49 - Zamora,HARTOS.ORG - HARTOS.ORG,0,0,Ministerio del Interior / portal oficial de datos abiertos,PRIMARY_OFFICIAL
2011,2011-11-20,49 - Zamora,HIGIENE DEMOCRATICA - H.D.,0,0,Ministerio del Interior / portal oficial de datos abiertos,PRIMARY_OFFICIAL
2011,2011-11-20,49 - Zamora,INICIATIVA PER CATALUNYA VERDS-ESQUERRA UNIDA I AL - ICV-EUiA,0,0,Ministerio del Interior / portal oficial de datos abiertos,PRIMARY_OFFICIAL
2011,2011-11-20,49 - Zamora,INICIATIVA PER CATALUNYA VERDS-ESQUERRA UNIDA i AL - ICV-EUiA,0,0,Ministerio del Interior / portal oficial de datos abiertos,PRIMARY_OFFICIAL
2011,2011-11-20,49 - Zamora,IU - LOS VERDES: LA IZQUIERDA PLURAL / EZKER ANITZ - IU-LV,0,0,Ministerio del Interior / portal oficial de datos abiertos,PRIMARY_OFFICIAL
2011,2011-11-20,49 - Zamora,IZQUIERDA UNIDA - PARTIDO DEMOCRÁTICO Y SOCIAL DE - IU-PDSC,0,0,Ministerio del Interior / portal oficial de datos abiertos,PRIMARY_OFFICIAL
2011,2011-11-20,49 - Zamora,IZQUIERDA UNIDA CANARIA-INICIATIVA POR EL HIERRO-L - IUC-IpH-LV,0,0,Ministerio del Interior / portal oficial de datos abiertos,PRIMARY_OFFICIAL
2011,2011-11-20,49 - Zamora,IZQUIERDA UNIDA DE ASTURIAS-IZQUIERDA XUNIDA D'AST - IU-IX,0,0,Ministerio del Interior / portal oficial de datos abiertos,PRIMARY_OFFICIAL
2011,2011-11-20,49 - Zamora,IZQUIERDA UNIDA DE CANTABRIA: LA IZQUIERDA PLURAL - IUC,0,0,Ministerio del Interior / portal oficial de datos abiertos,PRIMARY_OFFICIAL
2011,2011-11-20,49 - Zamora,IZQUIERDA UNIDA DE CASTILLA Y LEON: LA IZQUIERDA P - IUCL,0,0,Ministerio del Interior / portal oficial de datos abiertos,PRIMARY_OFFICIAL
2011,2011-11-20,49 - Zamora,IZQUIERDA UNIDA DE CASTILLA Y LEON: LA IZQUIERDA P - IUCyL,0,0,Ministerio del Interior / portal oficial de datos abiertos,PRIMARY_OFFICIAL
2011,2011-11-20,49 - Zamora,IZQUIERDA UNIDA DE CASTILLA Y LEÓN: LA IZQUIERDA P - IU CyL,0,0,Ministerio del Interior / portal oficial de datos abiertos,PRIMARY_OFFICIAL
2011,2011-11-20,49 - Zamora,IZQUIERDA UNIDA DE CASTILLA Y LEÓN: LA IZQUIERDA P - IUCL,6161,0,Ministerio del Interior / portal oficial de datos abiertos,PRIMARY_OFFICIAL
2011,2011-11-20,49 - Zamora,IZQUIERDA UNIDA DE CASTILLA-LA MANCHA-LOS VERDES: - IUCLM-LV,0,0,Ministerio del Interior / portal oficial de datos abiertos,PRIMARY_OFFICIAL
2011,2011-11-20,49 - Zamora,IZQUIERDA UNIDA DE CASTILLA-LA MANCHA-LOS VERDES: - IUCM-LV,0,0,Ministerio del Interior / portal oficial de datos abiertos,PRIMARY_OFFICIAL
2011,2011-11-20,49 - Zamora,IZQUIERDA UNIDA LOS VERDES-CONVOCATORIA POR ANDALU - IULV-CA,0,0,Ministerio del Interior / portal oficial de datos abiertos,PRIMARY_OFFICIAL
2011,2011-11-20,49 - Zamora,IZQUIERDA UNIDA VERDES-SOCIALISTAS INDEPENDIENTES - IU-V-SIEX:,0,0,Ministerio del Interior / portal oficial de datos abiertos,PRIMARY_OFFICIAL
2011,2011-11-20,49 - Zamora,IZQUIERDA UNIDA VERDES-SOCIALISTAS INDEPENDIENTES - IU-VERDES-S,0,0,Ministerio del Interior / portal oficial de datos abiertos,PRIMARY_OFFICIAL
2011,2011-11-20,49 - Zamora,IZQUIERDA UNIDA-LA IZQUIERDA PLURAL - I.U.,0,0,Ministerio del Interior / portal oficial de datos abiertos,PRIMARY_OFFICIAL
2011,2011-11-20,49 - Zamora,IZQUIERDA UNIDA-LOS VERDES: LA IZQUIERDA PLURAL - IU-LV,0,0,Ministerio del Interior / portal oficial de datos abiertos,PRIMARY_OFFICIAL
2011,2011-11-20,49 - Zamora,IZQUIERDA UNIDA-LOS VERDES: LA IZQUIERDA PLURAL/EZ - I.U.,0,0,Ministerio del Interior / portal oficial de datos abiertos,PRIMARY_OFFICIAL
2011,2011-11-20,49 - Zamora,IZQUIERDA UNIDA-LOS VERDES: LA IZQUIERDA PLURAL/EZ - IU-LV,0,0,Ministerio del Interior / portal oficial de datos abiertos,PRIMARY_OFFICIAL
2011,2011-11-20,49 - Zamora,IZQUIERDA UNIDA-VERDES DE LA REGION DE MURCIA: LA - IUV-RM,0,0,Ministerio del Interior / portal oficial de datos abiertos,PRIMARY_OFFICIAL
2011,2011-11-20,49 - Zamora,IZQUIERDA-EZKERRA/LA IZQUIERDA PLURAL - IZQUIERDA-E,0,0,Ministerio del Interior / portal oficial de datos abiertos,PRIMARY_OFFICIAL
2011,2011-11-20,49 - Zamora,LOS VERDES-GRUPO VERDE - LV-GV,0,0,Ministerio del Interior / portal oficial de datos abiertos,PRIMARY_OFFICIAL
2011,2011-11-20,49 - Zamora,MUERTE AL SISTEMA - +MAS+,0,0,Ministerio del Interior / portal oficial de datos abiertos,PRIMARY_OFFICIAL
2011,2011-11-20,49 - Zamora,PARTIDO ANDALUCISTA - P.A.,0,0,Ministerio del Interior / portal oficial de datos abiertos,PRIMARY_OFFICIAL
2011,2011-11-20,49 - Zamora,PARTIDO ANDALUCISTA - PA,0,0,Ministerio del Interior / portal oficial de datos abiertos,PRIMARY_OFFICIAL
2011,2011-11-20,49 - Zamora,PARTIDO ANIMALISTA CONTRA EL MALTRATO ANIMAL - PACMA,395,0,Ministerio del Interior / portal oficial de datos abiertos,PRIMARY_OFFICIAL
2011,2011-11-20,49 - Zamora,PARTIDO CASTELLANO - PCAS,0,0,Ministerio del Interior / portal oficial de datos abiertos,PRIMARY_OFFICIAL
2011,2011-11-20,49 - Zamora,PARTIDO COMUNISTA DE LOS PUEBLOS DE ESPAÑA - P.C.P.E.,0,0,Ministerio del Interior / portal oficial de datos abiertos,PRIMARY_OFFICIAL
2011,2011-11-20,49 - Zamora,PARTIDO COMUNISTA DE LOS PUEBLOS DE ESPAÑA - PCPE,0,0,Ministerio del Interior / portal oficial de datos abiertos,PRIMARY_OFFICIAL
2011,2011-11-20,49 - Zamora,PARTIDO DE CASTILLA Y LEÓN - PCAL,0,0,Ministerio del Interior / portal oficial de datos abiertos,PRIMARY_OFFICIAL
2011,2011-11-20,49 - Zamora,PARTIDO DE INTERNET - INTERNET,0,0,Ministerio del Interior / portal oficial de datos abiertos,PRIMARY_OFFICIAL
2011,2011-11-20,49 - Zamora,PARTIDO DE LA LIBERTAD INDIVIDUAL - P-LIB,0,0,Ministerio del Interior / portal oficial de datos abiertos,PRIMARY_OFFICIAL
2011,2011-11-20,49 - Zamora,PARTIDO DEMOCRATICO Y CONSTITUCIONAL - PDYC,0,0,Ministerio del Interior / portal oficial de datos abiertos,PRIMARY_OFFICIAL
2011,2011-11-20,49 - Zamora,PARTIDO DOS SOCIALISTAS DE GALICIA - PARTIDO SOCIA - PSdeG-PSOE,0,0,Ministerio del Interior / portal oficial de datos abiertos,PRIMARY_OFFICIAL
2011,2011-11-20,49 - Zamora,PARTIDO DOS SOCIALISTAS DE GALICIA - PSOE - PSdeG-PSOE,0,0,Ministerio del Interior / portal oficial de datos abiertos,PRIMARY_OFFICIAL
2011,2011-11-20,49 - Zamora,PARTIDO HUMANISTA - PH,0,0,Ministerio del Interior / portal oficial de datos abiertos,PRIMARY_OFFICIAL
2011,2011-11-20,49 - Zamora,PARTIDO OBRERO SOCIALISTA INTERNACIONALISTA - P.O.S.I.,0,0,Ministerio del Interior / portal oficial de datos abiertos,PRIMARY_OFFICIAL
2011,2011-11-20,49 - Zamora,PARTIDO OBRERO SOCIALISTA INTERNACIONALISTA - POSI,0,0,Ministerio del Interior / portal oficial de datos abiertos,PRIMARY_OFFICIAL
2011,2011-11-20,49 - Zamora,PARTIDO PARA LA REGENERACION DE LA DEMOCRACIA EN E - P.R.D.E.,0,0,Ministerio del Interior / portal oficial de datos abiertos,PRIMARY_OFFICIAL
2011,2011-11-20,49 - Zamora,PARTIDO PIRATA - PIRATA,0,0,Ministerio del Interior / portal oficial de datos abiertos,PRIMARY_OFFICIAL
2011,2011-11-20,49 - Zamora,PARTIDO POPULAR - P.P.,68228,2,Ministerio del Interior / portal oficial de datos abiertos,PRIMARY_OFFICIAL
2011,2011-11-20,49 - Zamora,PARTIDO POPULAR - PP,0,0,Ministerio del Interior / portal oficial de datos abiertos,PRIMARY_OFFICIAL
2011,2011-11-20,49 - Zamora,PARTIDO POPULAR EN COALICIÓN CON EL PARTIDO ARAGON - PP-PAR,0,0,Ministerio del Interior / portal oficial de datos abiertos,PRIMARY_OFFICIAL
2011,2011-11-20,49 - Zamora,PARTIDO POPULAR-EXTREMADURA UNIDA - P.P-E.U.,0,0,Ministerio del Interior / portal oficial de datos abiertos,PRIMARY_OFFICIAL
2011,2011-11-20,49 - Zamora,PARTIDO POPULAR-EXTREMADURA UNIDA - PP-EU,0,0,Ministerio del Interior / portal oficial de datos abiertos,PRIMARY_OFFICIAL
2011,2011-11-20,49 - Zamora,PARTIDO REGIONALISTA DE CANTABRIA - P.R.C.,0,0,Ministerio del Interior / portal oficial de datos abiertos,PRIMARY_OFFICIAL
2011,2011-11-20,49 - Zamora,PARTIDO REGIONALISTA DEL PAIS LEONES - PREPAL,429,0,Ministerio del Interior / portal oficial de datos abiertos,PRIMARY_OFFICIAL
2011,2011-11-20,49 - Zamora,PARTIDO REGIONALISTA POR ANDALUCIA ORIENTAL - PRAO,0,0,Ministerio del Interior / portal oficial de datos abiertos,PRIMARY_OFFICIAL
2011,2011-11-20,49 - Zamora,PARTIDO SOCIALISTA DE EUSKADI-EUSKADIKO EZKERRA (P - PSE-EE (PSO,0,0,Ministerio del Interior / portal oficial de datos abiertos,PRIMARY_OFFICIAL
2011,2011-11-20,49 - Zamora,PARTIDO SOCIALISTA OBRERO ESPAÑOL - P.S.O.E.,35059,1,Ministerio del Interior / portal oficial de datos abiertos,PRIMARY_OFFICIAL
2011,2011-11-20,49 - Zamora,PARTIDO SOCIALISTA OBRERO ESPAÑOL - PSOE,0,0,Ministerio del Interior / portal oficial de datos abiertos,PRIMARY_OFFICIAL
2011,2011-11-20,49 - Zamora,PARTIT ANIMALISTA CONTRA EL MALTRACTAMENT ANIMAL - PACMA,0,0,Ministerio del Interior / portal oficial de datos abiertos,PRIMARY_OFFICIAL
2011,2011-11-20,49 - Zamora,PARTIT COMUNISTA DEL POBLE DE CATALUNYA - PCPC,0,0,Ministerio del Interior / portal oficial de datos abiertos,PRIMARY_OFFICIAL
2011,2011-11-20,49 - Zamora,PARTIT COMUNISTA DELS POBLES D'ESPANYA - P.C.P.E.,0,0,Ministerio del Interior / portal oficial de datos abiertos,PRIMARY_OFFICIAL
2011,2011-11-20,49 - Zamora,PARTIT DELS SOCIALISTES DE CATALUNYA - PSC-PSOE,0,0,Ministerio del Interior / portal oficial de datos abiertos,PRIMARY_OFFICIAL
2011,2011-11-20,49 - Zamora,PARTIT POPULAR/PARTIDO POPULAR - P.P.,0,0,Ministerio del Interior / portal oficial de datos abiertos,PRIMARY_OFFICIAL
2011,2011-11-20,49 - Zamora,PARTIT REPUBLICÀ D'ESQUERRA-REPUBLICANS - PRE-R,0,0,Ministerio del Interior / portal oficial de datos abiertos,PRIMARY_OFFICIAL
2011,2011-11-20,49 - Zamora,PER UN MÓN MÉS JUST - PUM+J,0,0,Ministerio del Interior / portal oficial de datos abiertos,PRIMARY_OFFICIAL
2011,2011-11-20,49 - Zamora,PIRATES DE CATALUNYA - PIRATA.CAT,0,0,Ministerio del Interior / portal oficial de datos abiertos,PRIMARY_OFFICIAL
2011,2011-11-20,49 - Zamora,PLATAFORMA PER CATALUNYA - PxC,0,0,Ministerio del Interior / portal oficial de datos abiertos,PRIMARY_OFFICIAL
2011,2011-11-20,49 - Zamora,POR UN MUNDO MÁS JUSTO - PUM+J,298,0,Ministerio del Interior / portal oficial de datos abiertos,PRIMARY_OFFICIAL
2011,2011-11-20,49 - Zamora,PSM-INICIATIVA VERDS-ENTESA-EQUO - PSM-IV-EXM-,0,0,Ministerio del Interior / portal oficial de datos abiertos,PRIMARY_OFFICIAL
2011,2011-11-20,49 - Zamora,REPUBLICANOS - RPS,0,0,Ministerio del Interior / portal oficial de datos abiertos,PRIMARY_OFFICIAL
2011,2011-11-20,49 - Zamora,SOCIALISTAS POR TERUEL - SXT,0,0,Ministerio del Interior / portal oficial de datos abiertos,PRIMARY_OFFICIAL
2011,2011-11-20,49 - Zamora,SOLIDARIDAD Y AUTOGESTION INTERNACIONALISTA - SAIn,0,0,Ministerio del Interior / portal oficial de datos abiertos,PRIMARY_OFFICIAL
2011,2011-11-20,49 - Zamora,"SÍ SE PUEDE, SOCIALISTAS POR TENERIFE, EQUO - SSP-SxTF-EQ",0,0,Ministerio del Interior / portal oficial de datos abiertos,PRIMARY_OFFICIAL
2011,2011-11-20,49 - Zamora,UNIDAD DEL PUEBLO - UNIDAD DEL,0,0,Ministerio del Interior / portal oficial de datos abiertos,PRIMARY_OFFICIAL
2011,2011-11-20,49 - Zamora,UNIDAD REGIONALISTA DE CASTILLA Y LEON - U.R.C.L.,0,0,Ministerio del Interior / portal oficial de datos abiertos,PRIMARY_OFFICIAL
2011,2011-11-20,49 - Zamora,UNIFICACIÓN COMUNISTA DE ESPAÑA - U.C.E.,0,0,Ministerio del Interior / portal oficial de datos abiertos,PRIMARY_OFFICIAL
2011,2011-11-20,49 - Zamora,UNIFICACIÓN COMUNISTA DE ESPAÑA - UCE,0,0,Ministerio del Interior / portal oficial de datos abiertos,PRIMARY_OFFICIAL
2011,2011-11-20,49 - Zamora,UNION DE CIUDADANOS INDEPENDIENTES DE TOLEDO - U.C.I.T.,0,0,Ministerio del Interior / portal oficial de datos abiertos,PRIMARY_OFFICIAL
2011,2011-11-20,49 - Zamora,UNITS X VALENCIA - UxV,0,0,Ministerio del Interior / portal oficial de datos abiertos,PRIMARY_OFFICIAL
2011,2011-11-20,49 - Zamora,UNIÓN DEL PUEBLO NAVARRO EN COALICIÓN CON EL PARTI - UPN-PP,0,0,Ministerio del Interior / portal oficial de datos abiertos,PRIMARY_OFFICIAL
2011,2011-11-20,49 - Zamora,UNIÓN PROGRESO Y DEMOCRACIA - UPyD,4641,0,Ministerio del Interior / portal oficial de datos abiertos,PRIMARY_OFFICIAL
2011,2011-11-20,5 - Ávila,ACCION CIUDADANA POR MALAGA - ACIMA,0,0,Ministerio del Interior / portal oficial de datos abiertos,PRIMARY_OFFICIAL
2011,2011-11-20,5 - Ávila,ALTERNATIVA NACIONALISTA CANARIA - ANC,0,0,Ministerio del Interior / portal oficial de datos abiertos,PRIMARY_OFFICIAL
2011,2011-11-20,5 - Ávila,AMAIUR - AMAIUR,0,0,Ministerio del Interior / portal oficial de datos abiertos,PRIMARY_OFFICIAL
2011,2011-11-20,5 - Ávila,ANDECHA ASTUR - ANDECHA,0,0,Ministerio del Interior / portal oficial de datos abiertos,PRIMARY_OFFICIAL
2011,2011-11-20,5 - Ávila,ANTICAPITALISTAS - ANTICAPITAL,0,0,Ministerio del Interior / portal oficial de datos abiertos,PRIMARY_OFFICIAL
2011,2011-11-20,5 - Ávila,ANTICAPITALISTES - ANTICAPITAL,0,0,Ministerio del Interior / portal oficial de datos abiertos,PRIMARY_OFFICIAL
2011,2011-11-20,5 - Ávila,"BASTA YA, AGRUPACIÓN ABIERTA DE PARTIDOS POLÍTICOS - BASTA YA",0,0,Ministerio del Interior / portal oficial de datos abiertos,PRIMARY_OFFICIAL
2011,2011-11-20,5 - Ávila,BIDEZKO MUNDURANTZ/POR UN MUNDO MAS JUSTO - PUM+J,0,0,Ministerio del Interior / portal oficial de datos abiertos,PRIMARY_OFFICIAL
2011,2011-11-20,5 - Ávila,BIDEZKO MUNDURANTZ/POR UN MUNDO MÁS JUSTO - PU M+J,0,0,Ministerio del Interior / portal oficial de datos abiertos,PRIMARY_OFFICIAL
2011,2011-11-20,5 - Ávila,BLOC-INICIATIVA-VERDS-EQUO-COALICIÓ COMPROMÍS - COMPROMÍS-Q,0,0,Ministerio del Interior / portal oficial de datos abiertos,PRIMARY_OFFICIAL
2011,2011-11-20,5 - Ávila,BLOQUE NACIONALISTA GALEGO - B.N.G.,0,0,Ministerio del Interior / portal oficial de datos abiertos,PRIMARY_OFFICIAL
2011,2011-11-20,5 - Ávila,BLOQUE NACIONALISTA GALEGO - BNG,0,0,Ministerio del Interior / portal oficial de datos abiertos,PRIMARY_OFFICIAL
2011,2011-11-20,5 - Ávila,CANARIAS VERDE Y ROJA: LA IZQUIERDA PLURAL - IUC-CxI,0,0,Ministerio del Interior / portal oficial de datos abiertos,PRIMARY_OFFICIAL
2011,2011-11-20,5 - Ávila,CENTRO DEMOCRATICO LIBERAL - C.D.L.,0,0,Ministerio del Interior / portal oficial de datos abiertos,PRIMARY_OFFICIAL
2011,2011-11-20,5 - Ávila,"CHUNTA ARAGONESISTA-IZQUIERDA UNIDA, LA IZQUIERDA - CHA-IU",0,0,Ministerio del Interior / portal oficial de datos abiertos,PRIMARY_OFFICIAL
2011,2011-11-20,5 - Ávila,"CHUNTA ARAGONESISTA-IZQUIERDA UNIDA, La Izquierda - CHA-IU",0,0,Ministerio del Interior / portal oficial de datos abiertos,PRIMARY_OFFICIAL
2011,2011-11-20,5 - Ávila,CIUDADANOS DE CENTRO DEMOCRÁTICO - CCD,0,0,Ministerio del Interior / portal oficial de datos abiertos,PRIMARY_OFFICIAL
2011,2011-11-20,5 - Ávila,COALICION CABALLAS - Caballas,0,0,Ministerio del Interior / portal oficial de datos abiertos,PRIMARY_OFFICIAL
2011,2011-11-20,5 - Ávila,COALICIÓN CANARIA-NUEVA CANARIAS - CC-NC-PNC,0,0,Ministerio del Interior / portal oficial de datos abiertos,PRIMARY_OFFICIAL
2011,2011-11-20,5 - Ávila,CONVERGENCIA POR EXTREMADURA - CEx,0,0,Ministerio del Interior / portal oficial de datos abiertos,PRIMARY_OFFICIAL
2011,2011-11-20,5 - Ávila,CONVERGÈNCIA I UNIÓ - CiU,0,0,Ministerio del Interior / portal oficial de datos abiertos,PRIMARY_OFFICIAL
2011,2011-11-20,5 - Ávila,CONVERGÈNCIA i UNIÓ - CiU,0,0,Ministerio del Interior / portal oficial de datos abiertos,PRIMARY_OFFICIAL
2011,2011-11-20,5 - Ávila,CONVERXENCIA VINTEÚN - C.XXI,0,0,Ministerio del Interior / portal oficial de datos abiertos,PRIMARY_OFFICIAL
2011,2011-11-20,5 - Ávila,CONVERXENCIA VINTEÚN - CXXI,0,0,Ministerio del Interior / portal oficial de datos abiertos,PRIMARY_OFFICIAL
2011,2011-11-20,5 - Ávila,DEMOCRACIA NACIONAL - D.N.,0,0,Ministerio del Interior / portal oficial de datos abiertos,PRIMARY_OFFICIAL
2011,2011-11-20,5 - Ávila,DEMOS EL CAMBIO - DeC,0,0,Ministerio del Interior / portal oficial de datos abiertos,PRIMARY_OFFICIAL
2011,2011-11-20,5 - Ávila,DERECHA NAVARRA Y ESPAÑOLA - DNE,0,0,Ministerio del Interior / portal oficial de datos abiertos,PRIMARY_OFFICIAL
2011,2011-11-20,5 - Ávila,EQUO - EQUO,725,0,Ministerio del Interior / portal oficial de datos abiertos,PRIMARY_OFFICIAL
2011,2011-11-20,5 - Ávila,EQUO - eQuo,0,0,Ministerio del Interior / portal oficial de datos abiertos,PRIMARY_OFFICIAL
2011,2011-11-20,5 - Ávila,ESCAÑOS EN BLANCO - Eb,0,0,Ministerio del Interior / portal oficial de datos abiertos,PRIMARY_OFFICIAL
2011,2011-11-20,5 - Ávila,ESCAÑOS EN BLANCO/ESCONS EN BLANC - EB,0,0,Ministerio del Interior / portal oficial de datos abiertos,PRIMARY_OFFICIAL
2011,2011-11-20,5 - Ávila,ESCONS EN BLANC - Eb,0,0,Ministerio del Interior / portal oficial de datos abiertos,PRIMARY_OFFICIAL
2011,2011-11-20,5 - Ávila,ESPAÑA 2000 - ESPAÑA 2000,0,0,Ministerio del Interior / portal oficial de datos abiertos,PRIMARY_OFFICIAL
2011,2011-11-20,5 - Ávila,ESQUERDA UNIDA-OS VERDES: A ESQUERDA PLURAL - EU-V,0,0,Ministerio del Interior / portal oficial de datos abiertos,PRIMARY_OFFICIAL
2011,2011-11-20,5 - Ávila,ESQUERRA REPUBLICANA - ESQUERRA,0,0,Ministerio del Interior / portal oficial de datos abiertos,PRIMARY_OFFICIAL
2011,2011-11-20,5 - Ávila,ESQUERRA REPUBLICANA DE CATALUNYA-CATALUNYA SÍ - ERC - RI.ca,0,0,Ministerio del Interior / portal oficial de datos abiertos,PRIMARY_OFFICIAL
2011,2011-11-20,5 - Ávila,ESQUERRA REPUBLICANA DE CATALUNYA-CATALUNYA SÍ - ERC-RI.cat,0,0,Ministerio del Interior / portal oficial de datos abiertos,PRIMARY_OFFICIAL
2011,2011-11-20,5 - Ávila,ESQUERRA REPUBLICANA DEL PAÍS VALENCIÀ - ERPV,0,0,Ministerio del Interior / portal oficial de datos abiertos,PRIMARY_OFFICIAL
2011,2011-11-20,5 - Ávila,ESQUERRA UNIDA DEL PAIS VALENCIA-LOS VERDES: L'ESQ - EUPV-LV,0,0,Ministerio del Interior / portal oficial de datos abiertos,PRIMARY_OFFICIAL
2011,2011-11-20,5 - Ávila,ESQUERRA UNIDA ILLES BALEARS: LA IZQUIERDA PLURAL - EUIB,0,0,Ministerio del Interior / portal oficial de datos abiertos,PRIMARY_OFFICIAL
2011,2011-11-20,5 - Ávila,ESQUERRA UNIDA PAÍS VALENCIÀ-ELS VERDS: L'ESQUERRA - EUPV-EV,0,0,Ministerio del Interior / portal oficial de datos abiertos,PRIMARY_OFFICIAL
2011,2011-11-20,5 - Ávila,EUZKO ALDERDI JELTZALEA-PARTIDO NACIONALISTA VASCO - E.A.J.-P.N.,0,0,Ministerio del Interior / portal oficial de datos abiertos,PRIMARY_OFFICIAL
2011,2011-11-20,5 - Ávila,EUZKO ALDERDI JELTZALEA-PARTIDO NACIONALISTA VASCO - EAJ-PNV,0,0,Ministerio del Interior / portal oficial de datos abiertos,PRIMARY_OFFICIAL
2011,2011-11-20,5 - Ávila,FALANGE ESPAÑOLA DE LAS J.O.N.S. - FE de las J,233,0,Ministerio del Interior / portal oficial de datos abiertos,PRIMARY_OFFICIAL
2011,2011-11-20,5 - Ávila,FAMILIA Y VIDA - PFyV,83,0,Ministerio del Interior / portal oficial de datos abiertos,PRIMARY_OFFICIAL
2011,2011-11-20,5 - Ávila,FORO CENTRO Y DEMOCRACIA - CYD,0,0,Ministerio del Interior / portal oficial de datos abiertos,PRIMARY_OFFICIAL
2011,2011-11-20,5 - Ávila,FORO DE CIUDADANOS - FAC,0,0,Ministerio del Interior / portal oficial de datos abiertos,PRIMARY_OFFICIAL
2011,2011-11-20,5 - Ávila,GEROA BAI - GBAI,0,0,Ministerio del Interior / portal oficial de datos abiertos,PRIMARY_OFFICIAL
2011,2011-11-20,5 - Ávila,HARTOS.ORG - HARTOS.ORG,174,0,Ministerio del Interior / portal oficial de datos abiertos,PRIMARY_OFFICIAL
2011,2011-11-20,5 - Ávila,HIGIENE DEMOCRATICA - H.D.,0,0,Ministerio del Interior / portal oficial de datos abiertos,PRIMARY_OFFICIAL
2011,2011-11-20,5 - Ávila,INICIATIVA PER CATALUNYA VERDS-ESQUERRA UNIDA I AL - ICV-EUiA,0,0,Ministerio del Interior / portal oficial de datos abiertos,PRIMARY_OFFICIAL
2011,2011-11-20,5 - Ávila,INICIATIVA PER CATALUNYA VERDS-ESQUERRA UNIDA i AL - ICV-EUiA,0,0,Ministerio del Interior / portal oficial de datos abiertos,PRIMARY_OFFICIAL
2011,2011-11-20,5 - Ávila,IU - LOS VERDES: LA IZQUIERDA PLURAL / EZKER ANITZ - IU-LV,0,0,Ministerio del Interior / portal oficial de datos abiertos,PRIMARY_OFFICIAL
2011,2011-11-20,5 - Ávila,IZQUIERDA UNIDA - PARTIDO DEMOCRÁTICO Y SOCIAL DE - IU-PDSC,0,0,Ministerio del Interior / portal oficial de datos abiertos,PRIMARY_OFFICIAL
2011,2011-11-20,5 - Ávila,IZQUIERDA UNIDA CANARIA-INICIATIVA POR EL HIERRO-L - IUC-IpH-LV,0,0,Ministerio del Interior / portal oficial de datos abiertos,PRIMARY_OFFICIAL
2011,2011-11-20,5 - Ávila,IZQUIERDA UNIDA DE ASTURIAS-IZQUIERDA XUNIDA D'AST - IU-IX,0,0,Ministerio del Interior / portal oficial de datos abiertos,PRIMARY_OFFICIAL
2011,2011-11-20,5 - Ávila,IZQUIERDA UNIDA DE CANTABRIA: LA IZQUIERDA PLURAL - IUC,0,0,Ministerio del Interior / portal oficial de datos abiertos,PRIMARY_OFFICIAL
2011,2011-11-20,5 - Ávila,IZQUIERDA UNIDA DE CASTILLA Y LEON: LA IZQUIERDA P - IUCL,4803,0,Ministerio del Interior / portal oficial de datos abiertos,PRIMARY_OFFICIAL
2011,2011-11-20,5 - Ávila,IZQUIERDA UNIDA DE CASTILLA Y LEON: LA IZQUIERDA P - IUCyL,0,0,Ministerio del Interior / portal oficial de datos abiertos,PRIMARY_OFFICIAL
2011,2011-11-20,5 - Ávila,IZQUIERDA UNIDA DE CASTILLA Y LEÓN: LA IZQUIERDA P - IU CyL,0,0,Ministerio del Interior / portal oficial de datos abiertos,PRIMARY_OFFICIAL
2011,2011-11-20,5 - Ávila,IZQUIERDA UNIDA DE CASTILLA Y LEÓN: LA IZQUIERDA P - IUCL,0,0,Ministerio del Interior / portal oficial de datos abiertos,PRIMARY_OFFICIAL
2011,2011-11-20,5 - Ávila,IZQUIERDA UNIDA DE CASTILLA-LA MANCHA-LOS VERDES: - IUCLM-LV,0,0,Ministerio del Interior / portal oficial de datos abiertos,PRIMARY_OFFICIAL
2011,2011-11-20,5 - Ávila,IZQUIERDA UNIDA DE CASTILLA-LA MANCHA-LOS VERDES: - IUCM-LV,0,0,Ministerio del Interior / portal oficial de datos abiertos,PRIMARY_OFFICIAL
2011,2011-11-20,5 - Ávila,IZQUIERDA UNIDA LOS VERDES-CONVOCATORIA POR ANDALU - IULV-CA,0,0,Ministerio del Interior / portal oficial de datos abiertos,PRIMARY_OFFICIAL
2011,2011-11-20,5 - Ávila,IZQUIERDA UNIDA VERDES-SOCIALISTAS INDEPENDIENTES - IU-V-SIEX:,0,0,Ministerio del Interior / portal oficial de datos abiertos,PRIMARY_OFFICIAL
2011,2011-11-20,5 - Ávila,IZQUIERDA UNIDA VERDES-SOCIALISTAS INDEPENDIENTES - IU-VERDES-S,0,0,Ministerio del Interior / portal oficial de datos abiertos,PRIMARY_OFFICIAL
2011,2011-11-20,5 - Ávila,IZQUIERDA UNIDA-LA IZQUIERDA PLURAL - I.U.,0,0,Ministerio del Interior / portal oficial de datos abiertos,PRIMARY_OFFICIAL
2011,2011-11-20,5 - Ávila,IZQUIERDA UNIDA-LOS VERDES: LA IZQUIERDA PLURAL - IU-LV,0,0,Ministerio del Interior / portal oficial de datos abiertos,PRIMARY_OFFICIAL
2011,2011-11-20,5 - Ávila,IZQUIERDA UNIDA-LOS VERDES: LA IZQUIERDA PLURAL/EZ - I.U.,0,0,Ministerio del Interior / portal oficial de datos abiertos,PRIMARY_OFFICIAL
2011,2011-11-20,5 - Ávila,IZQUIERDA UNIDA-LOS VERDES: LA IZQUIERDA PLURAL/EZ - IU-LV,0,0,Ministerio del Interior / portal oficial de datos abiertos,PRIMARY_OFFICIAL
2011,2011-11-20,5 - Ávila,IZQUIERDA UNIDA-VERDES DE LA REGION DE MURCIA: LA - IUV-RM,0,0,Ministerio del Interior / portal oficial de datos abiertos,PRIMARY_OFFICIAL
2011,2011-11-20,5 - Ávila,IZQUIERDA-EZKERRA/LA IZQUIERDA PLURAL - IZQUIERDA-E,0,0,Ministerio del Interior / portal oficial de datos abiertos,PRIMARY_OFFICIAL
2011,2011-11-20,5 - Ávila,LOS VERDES-GRUPO VERDE - LV-GV,0,0,Ministerio del Interior / portal oficial de datos abiertos,PRIMARY_OFFICIAL
2011,2011-11-20,5 - Ávila,MUERTE AL SISTEMA - +MAS+,0,0,Ministerio del Interior / portal oficial de datos abiertos,PRIMARY_OFFICIAL
2011,2011-11-20,5 - Ávila,PARTIDO ANDALUCISTA - P.A.,0,0,Ministerio del Interior / portal oficial de datos abiertos,PRIMARY_OFFICIAL
2011,2011-11-20,5 - Ávila,PARTIDO ANDALUCISTA - PA,0,0,Ministerio del Interior / portal oficial de datos abiertos,PRIMARY_OFFICIAL
2011,2011-11-20,5 - Ávila,PARTIDO ANIMALISTA CONTRA EL MALTRATO ANIMAL - PACMA,275,0,Ministerio del Interior / portal oficial de datos abiertos,PRIMARY_OFFICIAL
2011,2011-11-20,5 - Ávila,PARTIDO CASTELLANO - PCAS,0,0,Ministerio del Interior / portal oficial de datos abiertos,PRIMARY_OFFICIAL
2011,2011-11-20,5 - Ávila,PARTIDO COMUNISTA DE LOS PUEBLOS DE ESPAÑA - P.C.P.E.,0,0,Ministerio del Interior / portal oficial de datos abiertos,PRIMARY_OFFICIAL
2011,2011-11-20,5 - Ávila,PARTIDO COMUNISTA DE LOS PUEBLOS DE ESPAÑA - PCPE,0,0,Ministerio del Interior / portal oficial de datos abiertos,PRIMARY_OFFICIAL
2011,2011-11-20,5 - Ávila,PARTIDO DE CASTILLA Y LEÓN - PCAL,0,0,Ministerio del Interior / portal oficial de datos abiertos,PRIMARY_OFFICIAL
2011,2011-11-20,5 - Ávila,PARTIDO DE INTERNET - INTERNET,0,0,Ministerio del Interior / portal oficial de datos abiertos,PRIMARY_OFFICIAL
2011,2011-11-20,5 - Ávila,PARTIDO DE LA LIBERTAD INDIVIDUAL - P-LIB,0,0,Ministerio del Interior / portal oficial de datos abiertos,PRIMARY_OFFICIAL
2011,2011-11-20,5 - Ávila,PARTIDO DEMOCRATICO Y CONSTITUCIONAL - PDYC,0,0,Ministerio del Interior / portal oficial de datos abiertos,PRIMARY_OFFICIAL
2011,2011-11-20,5 - Ávila,PARTIDO DOS SOCIALISTAS DE GALICIA - PARTIDO SOCIA - PSdeG-PSOE,0,0,Ministerio del Interior / portal oficial de datos abiertos,PRIMARY_OFFICIAL
2011,2011-11-20,5 - Ávila,PARTIDO DOS SOCIALISTAS DE GALICIA - PSOE - PSdeG-PSOE,0,0,Ministerio del Interior / portal oficial de datos abiertos,PRIMARY_OFFICIAL
2011,2011-11-20,5 - Ávila,PARTIDO HUMANISTA - PH,0,0,Ministerio del Interior / portal oficial de datos abiertos,PRIMARY_OFFICIAL
2011,2011-11-20,5 - Ávila,PARTIDO OBRERO SOCIALISTA INTERNACIONALISTA - P.O.S.I.,0,0,Ministerio del Interior / portal oficial de datos abiertos,PRIMARY_OFFICIAL
2011,2011-11-20,5 - Ávila,PARTIDO OBRERO SOCIALISTA INTERNACIONALISTA - POSI,0,0,Ministerio del Interior / portal oficial de datos abiertos,PRIMARY_OFFICIAL
2011,2011-11-20,5 - Ávila,PARTIDO PARA LA REGENERACION DE LA DEMOCRACIA EN E - P.R.D.E.,0,0,Ministerio del Interior / portal oficial de datos abiertos,PRIMARY_OFFICIAL
2011,2011-11-20,5 - Ávila,PARTIDO PIRATA - PIRATA,0,0,Ministerio del Interior / portal oficial de datos abiertos,PRIMARY_OFFICIAL
2011,2011-11-20,5 - Ávila,PARTIDO POPULAR - P.P.,65600,2,Ministerio del Interior / portal oficial de datos abiertos,PRIMARY_OFFICIAL
2011,2011-11-20,5 - Ávila,PARTIDO POPULAR - PP,0,0,Ministerio del Interior / portal oficial de datos abiertos,PRIMARY_OFFICIAL
2011,2011-11-20,5 - Ávila,PARTIDO POPULAR EN COALICIÓN CON EL PARTIDO ARAGON - PP-PAR,0,0,Ministerio del Interior / portal oficial de datos abiertos,PRIMARY_OFFICIAL
2011,2011-11-20,5 - Ávila,PARTIDO POPULAR-EXTREMADURA UNIDA - P.P-E.U.,0,0,Ministerio del Interior / portal oficial de datos abiertos,PRIMARY_OFFICIAL
2011,2011-11-20,5 - Ávila,PARTIDO POPULAR-EXTREMADURA UNIDA - PP-EU,0,0,Ministerio del Interior / portal oficial de datos abiertos,PRIMARY_OFFICIAL
2011,2011-11-20,5 - Ávila,PARTIDO REGIONALISTA DE CANTABRIA - P.R.C.,0,0,Ministerio del Interior / portal oficial de datos abiertos,PRIMARY_OFFICIAL
2011,2011-11-20,5 - Ávila,PARTIDO REGIONALISTA DEL PAIS LEONES - PREPAL,0,0,Ministerio del Interior / portal oficial de datos abiertos,PRIMARY_OFFICIAL
2011,2011-11-20,5 - Ávila,PARTIDO REGIONALISTA POR ANDALUCIA ORIENTAL - PRAO,0,0,Ministerio del Interior / portal oficial de datos abiertos,PRIMARY_OFFICIAL
2011,2011-11-20,5 - Ávila,PARTIDO SOCIALISTA DE EUSKADI-EUSKADIKO EZKERRA (P - PSE-EE (PSO,0,0,Ministerio del Interior / portal oficial de datos abiertos,PRIMARY_OFFICIAL
2011,2011-11-20,5 - Ávila,PARTIDO SOCIALISTA OBRERO ESPAÑOL - P.S.O.E.,24278,1,Ministerio del Interior / portal oficial de datos abiertos,PRIMARY_OFFICIAL
2011,2011-11-20,5 - Ávila,PARTIDO SOCIALISTA OBRERO ESPAÑOL - PSOE,0,0,Ministerio del Interior / portal oficial de datos abiertos,PRIMARY_OFFICIAL
2011,2011-11-20,5 - Ávila,PARTIT ANIMALISTA CONTRA EL MALTRACTAMENT ANIMAL - PACMA,0,0,Ministerio del Interior / portal oficial de datos abiertos,PRIMARY_OFFICIAL
2011,2011-11-20,5 - Ávila,PARTIT COMUNISTA DEL POBLE DE CATALUNYA - PCPC,0,0,Ministerio del Interior / portal oficial de datos abiertos,PRIMARY_OFFICIAL
2011,2011-11-20,5 - Ávila,PARTIT COMUNISTA DELS POBLES D'ESPANYA - P.C.P.E.,0,0,Ministerio del Interior / portal oficial de datos abiertos,PRIMARY_OFFICIAL
2011,2011-11-20,5 - Ávila,PARTIT DELS SOCIALISTES DE CATALUNYA - PSC-PSOE,0,0,Ministerio del Interior / portal oficial de datos abiertos,PRIMARY_OFFICIAL
2011,2011-11-20,5 - Ávila,PARTIT POPULAR/PARTIDO POPULAR - P.P.,0,0,Ministerio del Interior / portal oficial de datos abiertos,PRIMARY_OFFICIAL
2011,2011-11-20,5 - Ávila,PARTIT REPUBLICÀ D'ESQUERRA-REPUBLICANS - PRE-R,0,0,Ministerio del Interior / portal oficial de datos abiertos,PRIMARY_OFFICIAL
2011,2011-11-20,5 - Ávila,PER UN MÓN MÉS JUST - PUM+J,0,0,Ministerio del Interior / portal oficial de datos abiertos,PRIMARY_OFFICIAL
2011,2011-11-20,5 - Ávila,PIRATES DE CATALUNYA - PIRATA.CAT,0,0,Ministerio del Interior / portal oficial de datos abiertos,PRIMARY_OFFICIAL
2011,2011-11-20,5 - Ávila,PLATAFORMA PER CATALUNYA - PxC,0,0,Ministerio del Interior / portal oficial de datos abiertos,PRIMARY_OFFICIAL
2011,2011-11-20,5 - Ávila,POR UN MUNDO MÁS JUSTO - PUM+J,105,0,Ministerio del Interior / portal oficial de datos abiertos,PRIMARY_OFFICIAL
2011,2011-11-20,5 - Ávila,PSM-INICIATIVA VERDS-ENTESA-EQUO - PSM-IV-EXM-,0,0,Ministerio del Interior / portal oficial de datos abiertos,PRIMARY_OFFICIAL
2011,2011-11-20,5 - Ávila,REPUBLICANOS - RPS,200,0,Ministerio del Interior / portal oficial de datos abiertos,PRIMARY_OFFICIAL
2011,2011-11-20,5 - Ávila,SOCIALISTAS POR TERUEL - SXT,0,0,Ministerio del Interior / portal oficial de datos abiertos,PRIMARY_OFFICIAL
2011,2011-11-20,5 - Ávila,SOLIDARIDAD Y AUTOGESTION INTERNACIONALISTA - SAIn,0,0,Ministerio del Interior / portal oficial de datos abiertos,PRIMARY_OFFICIAL
2011,2011-11-20,5 - Ávila,"SÍ SE PUEDE, SOCIALISTAS POR TENERIFE, EQUO - SSP-SxTF-EQ",0,0,Ministerio del Interior / portal oficial de datos abiertos,PRIMARY_OFFICIAL
2011,2011-11-20,5 - Ávila,UNIDAD DEL PUEBLO - UNIDAD DEL,0,0,Ministerio del Interior / portal oficial de datos abiertos,PRIMARY_OFFICIAL
2011,2011-11-20,5 - Ávila,UNIDAD REGIONALISTA DE CASTILLA Y LEON - U.R.C.L.,0,0,Ministerio del Interior / portal oficial de datos abiertos,PRIMARY_OFFICIAL
2011,2011-11-20,5 - Ávila,UNIFICACIÓN COMUNISTA DE ESPAÑA - U.C.E.,50,0,Ministerio del Interior / portal oficial de datos abiertos,PRIMARY_OFFICIAL
2011,2011-11-20,5 - Ávila,UNIFICACIÓN COMUNISTA DE ESPAÑA - UCE,0,0,Ministerio del Interior / portal oficial de datos abiertos,PRIMARY_OFFICIAL
2011,2011-11-20,5 - Ávila,UNION DE CIUDADANOS INDEPENDIENTES DE TOLEDO - U.C.I.T.,0,0,Ministerio del Interior / portal oficial de datos abiertos,PRIMARY_OFFICIAL
2011,2011-11-20,5 - Ávila,UNITS X VALENCIA - UxV,0,0,Ministerio del Interior / portal oficial de datos abiertos,PRIMARY_OFFICIAL
2011,2011-11-20,5 - Ávila,UNIÓN DEL PUEBLO NAVARRO EN COALICIÓN CON EL PARTI - UPN-PP,0,0,Ministerio del Interior / portal oficial de datos abiertos,PRIMARY_OFFICIAL
2011,2011-11-20,5 - Ávila,UNIÓN PROGRESO Y DEMOCRACIA - UPyD,8217,0,Ministerio del Interior / portal oficial de datos abiertos,PRIMARY_OFFICIAL
2011,2011-11-20,50 - Zaragoza,ACCION CIUDADANA POR MALAGA - ACIMA,0,0,Ministerio del Interior / portal oficial de datos abiertos,PRIMARY_OFFICIAL
2011,2011-11-20,50 - Zaragoza,ALTERNATIVA NACIONALISTA CANARIA - ANC,0,0,Ministerio del Interior / portal oficial de datos abiertos,PRIMARY_OFFICIAL
2011,2011-11-20,50 - Zaragoza,AMAIUR - AMAIUR,0,0,Ministerio del Interior / portal oficial de datos abiertos,PRIMARY_OFFICIAL
2011,2011-11-20,50 - Zaragoza,ANDECHA ASTUR - ANDECHA,0,0,Ministerio del Interior / portal oficial de datos abiertos,PRIMARY_OFFICIAL
2011,2011-11-20,50 - Zaragoza,ANTICAPITALISTAS - ANTICAPITAL,0,0,Ministerio del Interior / portal oficial de datos abiertos,PRIMARY_OFFICIAL
2011,2011-11-20,50 - Zaragoza,ANTICAPITALISTES - ANTICAPITAL,0,0,Ministerio del Interior / portal oficial de datos abiertos,PRIMARY_OFFICIAL
2011,2011-11-20,50 - Zaragoza,"BASTA YA, AGRUPACIÓN ABIERTA DE PARTIDOS POLÍTICOS - BASTA YA",0,0,Ministerio del Interior / portal oficial de datos abiertos,PRIMARY_OFFICIAL
2011,2011-11-20,50 - Zaragoza,BIDEZKO MUNDURANTZ/POR UN MUNDO MAS JUSTO - PUM+J,0,0,Ministerio del Interior / portal oficial de datos abiertos,PRIMARY_OFFICIAL
2011,2011-11-20,50 - Zaragoza,BIDEZKO MUNDURANTZ/POR UN MUNDO MÁS JUSTO - PU M+J,0,0,Ministerio del Interior / portal oficial de datos abiertos,PRIMARY_OFFICIAL
2011,2011-11-20,50 - Zaragoza,BLOC-INICIATIVA-VERDS-EQUO-COALICIÓ COMPROMÍS - COMPROMÍS-Q,0,0,Ministerio del Interior / portal oficial de datos abiertos,PRIMARY_OFFICIAL
2011,2011-11-20,50 - Zaragoza,BLOQUE NACIONALISTA GALEGO - B.N.G.,0,0,Ministerio del Interior / portal oficial de datos abiertos,PRIMARY_OFFICIAL
2011,2011-11-20,50 - Zaragoza,BLOQUE NACIONALISTA GALEGO - BNG,0,0,Ministerio del Interior / portal oficial de datos abiertos,PRIMARY_OFFICIAL
2011,2011-11-20,50 - Zaragoza,CANARIAS VERDE Y ROJA: LA IZQUIERDA PLURAL - IUC-CxI,0,0,Ministerio del Interior / portal oficial de datos abiertos,PRIMARY_OFFICIAL
2011,2011-11-20,50 - Zaragoza,CENTRO DEMOCRATICO LIBERAL - C.D.L.,0,0,Ministerio del Interior / portal oficial de datos abiertos,PRIMARY_OFFICIAL
2011,2011-11-20,50 - Zaragoza,"CHUNTA ARAGONESISTA-IZQUIERDA UNIDA, LA IZQUIERDA - CHA-IU",0,0,Ministerio del Interior / portal oficial de datos abiertos,PRIMARY_OFFICIAL
2011,2011-11-20,50 - Zaragoza,"CHUNTA ARAGONESISTA-IZQUIERDA UNIDA, La Izquierda - CHA-IU",58904,1,Ministerio del Interior / portal oficial de datos abiertos,PRIMARY_OFFICIAL
2011,2011-11-20,50 - Zaragoza,CIUDADANOS DE CENTRO DEMOCRÁTICO - CCD,0,0,Ministerio del Interior / portal oficial de datos abiertos,PRIMARY_OFFICIAL
2011,2011-11-20,50 - Zaragoza,COALICION CABALLAS - Caballas,0,0,Ministerio del Interior / portal oficial de datos abiertos,PRIMARY_OFFICIAL
2011,2011-11-20,50 - Zaragoza,COALICIÓN CANARIA-NUEVA CANARIAS - CC-NC-PNC,0,0,Ministerio del Interior / portal oficial de datos abiertos,PRIMARY_OFFICIAL
2011,2011-11-20,50 - Zaragoza,CONVERGENCIA POR EXTREMADURA - CEx,0,0,Ministerio del Interior / portal oficial de datos abiertos,PRIMARY_OFFICIAL
2011,2011-11-20,50 - Zaragoza,CONVERGÈNCIA I UNIÓ - CiU,0,0,Ministerio del Interior / portal oficial de datos abiertos,PRIMARY_OFFICIAL
2011,2011-11-20,50 - Zaragoza,CONVERGÈNCIA i UNIÓ - CiU,0,0,Ministerio del Interior / portal oficial de datos abiertos,PRIMARY_OFFICIAL
2011,2011-11-20,50 - Zaragoza,CONVERXENCIA VINTEÚN - C.XXI,0,0,Ministerio del Interior / portal oficial de datos abiertos,PRIMARY_OFFICIAL
2011,2011-11-20,50 - Zaragoza,CONVERXENCIA VINTEÚN - CXXI,0,0,Ministerio del Interior / portal oficial de datos abiertos,PRIMARY_OFFICIAL
2011,2011-11-20,50 - Zaragoza,DEMOCRACIA NACIONAL - D.N.,0,0,Ministerio del Interior / portal oficial de datos abiertos,PRIMARY_OFFICIAL
2011,2011-11-20,50 - Zaragoza,DEMOS EL CAMBIO - DeC,508,0,Ministerio del Interior / portal oficial de datos abiertos,PRIMARY_OFFICIAL
2011,2011-11-20,50 - Zaragoza,DERECHA NAVARRA Y ESPAÑOLA - DNE,0,0,Ministerio del Interior / portal oficial de datos abiertos,PRIMARY_OFFICIAL
2011,2011-11-20,50 - Zaragoza,EQUO - EQUO,3858,0,Ministerio del Interior / portal oficial de datos abiertos,PRIMARY_OFFICIAL
2011,2011-11-20,50 - Zaragoza,EQUO - eQuo,0,0,Ministerio del Interior / portal oficial de datos abiertos,PRIMARY_OFFICIAL
2011,2011-11-20,50 - Zaragoza,ESCAÑOS EN BLANCO - Eb,2640,0,Ministerio del Interior / portal oficial de datos abiertos,PRIMARY_OFFICIAL
2011,2011-11-20,50 - Zaragoza,ESCAÑOS EN BLANCO/ESCONS EN BLANC - EB,0,0,Ministerio del Interior / portal oficial de datos abiertos,PRIMARY_OFFICIAL
2011,2011-11-20,50 - Zaragoza,ESCONS EN BLANC - Eb,0,0,Ministerio del Interior / portal oficial de datos abiertos,PRIMARY_OFFICIAL
2011,2011-11-20,50 - Zaragoza,ESPAÑA 2000 - ESPAÑA 2000,0,0,Ministerio del Interior / portal oficial de datos abiertos,PRIMARY_OFFICIAL
2011,2011-11-20,50 - Zaragoza,ESQUERDA UNIDA-OS VERDES: A ESQUERDA PLURAL - EU-V,0,0,Ministerio del Interior / portal oficial de datos abiertos,PRIMARY_OFFICIAL
2011,2011-11-20,50 - Zaragoza,ESQUERRA REPUBLICANA - ESQUERRA,0,0,Ministerio del Interior / portal oficial de datos abiertos,PRIMARY_OFFICIAL
2011,2011-11-20,50 - Zaragoza,ESQUERRA REPUBLICANA DE CATALUNYA-CATALUNYA SÍ - ERC - RI.ca,0,0,Ministerio del Interior / portal oficial de datos abiertos,PRIMARY_OFFICIAL
2011,2011-11-20,50 - Zaragoza,ESQUERRA REPUBLICANA DE CATALUNYA-CATALUNYA SÍ - ERC-RI.cat,0,0,Ministerio del Interior / portal oficial de datos abiertos,PRIMARY_OFFICIAL
2011,2011-11-20,50 - Zaragoza,ESQUERRA REPUBLICANA DEL PAÍS VALENCIÀ - ERPV,0,0,Ministerio del Interior / portal oficial de datos abiertos,PRIMARY_OFFICIAL
2011,2011-11-20,50 - Zaragoza,ESQUERRA UNIDA DEL PAIS VALENCIA-LOS VERDES: L'ESQ - EUPV-LV,0,0,Ministerio del Interior / portal oficial de datos abiertos,PRIMARY_OFFICIAL
2011,2011-11-20,50 - Zaragoza,ESQUERRA UNIDA ILLES BALEARS: LA IZQUIERDA PLURAL - EUIB,0,0,Ministerio del Interior / portal oficial de datos abiertos,PRIMARY_OFFICIAL
2011,2011-11-20,50 - Zaragoza,ESQUERRA UNIDA PAÍS VALENCIÀ-ELS VERDS: L'ESQUERRA - EUPV-EV,0,0,Ministerio del Interior / portal oficial de datos abiertos,PRIMARY_OFFICIAL
2011,2011-11-20,50 - Zaragoza,EUZKO ALDERDI JELTZALEA-PARTIDO NACIONALISTA VASCO - E.A.J.-P.N.,0,0,Ministerio del Interior / portal oficial de datos abiertos,PRIMARY_OFFICIAL
2011,2011-11-20,50 - Zaragoza,EUZKO ALDERDI JELTZALEA-PARTIDO NACIONALISTA VASCO - EAJ-PNV,0,0,Ministerio del Interior / portal oficial de datos abiertos,PRIMARY_OFFICIAL
2011,2011-11-20,50 - Zaragoza,FALANGE ESPAÑOLA DE LAS J.O.N.S. - FE de las J,0,0,Ministerio del Interior / portal oficial de datos abiertos,PRIMARY_OFFICIAL
2011,2011-11-20,50 - Zaragoza,FAMILIA Y VIDA - PFyV,0,0,Ministerio del Interior / portal oficial de datos abiertos,PRIMARY_OFFICIAL
2011,2011-11-20,50 - Zaragoza,FORO CENTRO Y DEMOCRACIA - CYD,0,0,Ministerio del Interior / portal oficial de datos abiertos,PRIMARY_OFFICIAL
2011,2011-11-20,50 - Zaragoza,FORO DE CIUDADANOS - FAC,0,0,Ministerio del Interior / portal oficial de datos abiertos,PRIMARY_OFFICIAL
2011,2011-11-20,50 - Zaragoza,GEROA BAI - GBAI,0,0,Ministerio del Interior / portal oficial de datos abiertos,PRIMARY_OFFICIAL
2011,2011-11-20,50 - Zaragoza,HARTOS.ORG - HARTOS.ORG,0,0,Ministerio del Interior / portal oficial de datos abiertos,PRIMARY_OFFICIAL
2011,2011-11-20,50 - Zaragoza,HIGIENE DEMOCRATICA - H.D.,0,0,Ministerio del Interior / portal oficial de datos abiertos,PRIMARY_OFFICIAL
2011,2011-11-20,50 - Zaragoza,INICIATIVA PER CATALUNYA VERDS-ESQUERRA UNIDA I AL - ICV-EUiA,0,0,Ministerio del Interior / portal oficial de datos abiertos,PRIMARY_OFFICIAL
2011,2011-11-20,50 - Zaragoza,INICIATIVA PER CATALUNYA VERDS-ESQUERRA UNIDA i AL - ICV-EUiA,0,0,Ministerio del Interior / portal oficial de datos abiertos,PRIMARY_OFFICIAL
2011,2011-11-20,50 - Zaragoza,IU - LOS VERDES: LA IZQUIERDA PLURAL / EZKER ANITZ - IU-LV,0,0,Ministerio del Interior / portal oficial de datos abiertos,PRIMARY_OFFICIAL
2011,2011-11-20,50 - Zaragoza,IZQUIERDA UNIDA - PARTIDO DEMOCRÁTICO Y SOCIAL DE - IU-PDSC,0,0,Ministerio del Interior / portal oficial de datos abiertos,PRIMARY_OFFICIAL
2011,2011-11-20,50 - Zaragoza,IZQUIERDA UNIDA CANARIA-INICIATIVA POR EL HIERRO-L - IUC-IpH-LV,0,0,Ministerio del Interior / portal oficial de datos abiertos,PRIMARY_OFFICIAL
2011,2011-11-20,50 - Zaragoza,IZQUIERDA UNIDA DE ASTURIAS-IZQUIERDA XUNIDA D'AST - IU-IX,0,0,Ministerio del Interior / portal oficial de datos abiertos,PRIMARY_OFFICIAL
2011,2011-11-20,50 - Zaragoza,IZQUIERDA UNIDA DE CANTABRIA: LA IZQUIERDA PLURAL - IUC,0,0,Ministerio del Interior / portal oficial de datos abiertos,PRIMARY_OFFICIAL
2011,2011-11-20,50 - Zaragoza,IZQUIERDA UNIDA DE CASTILLA Y LEON: LA IZQUIERDA P - IUCL,0,0,Ministerio del Interior / portal oficial de datos abiertos,PRIMARY_OFFICIAL
2011,2011-11-20,50 - Zaragoza,IZQUIERDA UNIDA DE CASTILLA Y LEON: LA IZQUIERDA P - IUCyL,0,0,Ministerio del Interior / portal oficial de datos abiertos,PRIMARY_OFFICIAL
2011,2011-11-20,50 - Zaragoza,IZQUIERDA UNIDA DE CASTILLA Y LEÓN: LA IZQUIERDA P - IU CyL,0,0,Ministerio del Interior / portal oficial de datos abiertos,PRIMARY_OFFICIAL
2011,2011-11-20,50 - Zaragoza,IZQUIERDA UNIDA DE CASTILLA Y LEÓN: LA IZQUIERDA P - IUCL,0,0,Ministerio del Interior / portal oficial de datos abiertos,PRIMARY_OFFICIAL
2011,2011-11-20,50 - Zaragoza,IZQUIERDA UNIDA DE CASTILLA-LA MANCHA-LOS VERDES: - IUCLM-LV,0,0,Ministerio del Interior / portal oficial de datos abiertos,PRIMARY_OFFICIAL
2011,2011-11-20,50 - Zaragoza,IZQUIERDA UNIDA DE CASTILLA-LA MANCHA-LOS VERDES: - IUCM-LV,0,0,Ministerio del Interior / portal oficial de datos abiertos,PRIMARY_OFFICIAL
2011,2011-11-20,50 - Zaragoza,IZQUIERDA UNIDA LOS VERDES-CONVOCATORIA POR ANDALU - IULV-CA,0,0,Ministerio del Interior / portal oficial de datos abiertos,PRIMARY_OFFICIAL
2011,2011-11-20,50 - Zaragoza,IZQUIERDA UNIDA VERDES-SOCIALISTAS INDEPENDIENTES - IU-V-SIEX:,0,0,Ministerio del Interior / portal oficial de datos abiertos,PRIMARY_OFFICIAL
2011,2011-11-20,50 - Zaragoza,IZQUIERDA UNIDA VERDES-SOCIALISTAS INDEPENDIENTES - IU-VERDES-S,0,0,Ministerio del Interior / portal oficial de datos abiertos,PRIMARY_OFFICIAL
2011,2011-11-20,50 - Zaragoza,IZQUIERDA UNIDA-LA IZQUIERDA PLURAL - I.U.,0,0,Ministerio del Interior / portal oficial de datos abiertos,PRIMARY_OFFICIAL
2011,2011-11-20,50 - Zaragoza,IZQUIERDA UNIDA-LOS VERDES: LA IZQUIERDA PLURAL - IU-LV,0,0,Ministerio del Interior / portal oficial de datos abiertos,PRIMARY_OFFICIAL
2011,2011-11-20,50 - Zaragoza,IZQUIERDA UNIDA-LOS VERDES: LA IZQUIERDA PLURAL/EZ - I.U.,0,0,Ministerio del Interior / portal oficial de datos abiertos,PRIMARY_OFFICIAL
2011,2011-11-20,50 - Zaragoza,IZQUIERDA UNIDA-LOS VERDES: LA IZQUIERDA PLURAL/EZ - IU-LV,0,0,Ministerio del Interior / portal oficial de datos abiertos,PRIMARY_OFFICIAL
2011,2011-11-20,50 - Zaragoza,IZQUIERDA UNIDA-VERDES DE LA REGION DE MURCIA: LA - IUV-RM,0,0,Ministerio del Interior / portal oficial de datos abiertos,PRIMARY_OFFICIAL
2011,2011-11-20,50 - Zaragoza,IZQUIERDA-EZKERRA/LA IZQUIERDA PLURAL - IZQUIERDA-E,0,0,Ministerio del Interior / portal oficial de datos abiertos,PRIMARY_OFFICIAL
2011,2011-11-20,50 - Zaragoza,LOS VERDES-GRUPO VERDE - LV-GV,0,0,Ministerio del Interior / portal oficial de datos abiertos,PRIMARY_OFFICIAL
2011,2011-11-20,50 - Zaragoza,MUERTE AL SISTEMA - +MAS+,0,0,Ministerio del Interior / portal oficial de datos abiertos,PRIMARY_OFFICIAL
2011,2011-11-20,50 - Zaragoza,PARTIDO ANDALUCISTA - P.A.,0,0,Ministerio del Interior / portal oficial de datos abiertos,PRIMARY_OFFICIAL
2011,2011-11-20,50 - Zaragoza,PARTIDO ANDALUCISTA - PA,0,0,Ministerio del Interior / portal oficial de datos abiertos,PRIMARY_OFFICIAL
2011,2011-11-20,50 - Zaragoza,PARTIDO ANIMALISTA CONTRA EL MALTRATO ANIMAL - PACMA,2586,0,Ministerio del Interior / portal oficial de datos abiertos,PRIMARY_OFFICIAL
2011,2011-11-20,50 - Zaragoza,PARTIDO CASTELLANO - PCAS,0,0,Ministerio del Interior / portal oficial de datos abiertos,PRIMARY_OFFICIAL
2011,2011-11-20,50 - Zaragoza,PARTIDO COMUNISTA DE LOS PUEBLOS DE ESPAÑA - P.C.P.E.,1055,0,Ministerio del Interior / portal oficial de datos abiertos,PRIMARY_OFFICIAL
2011,2011-11-20,50 - Zaragoza,PARTIDO COMUNISTA DE LOS PUEBLOS DE ESPAÑA - PCPE,0,0,Ministerio del Interior / portal oficial de datos abiertos,PRIMARY_OFFICIAL
2011,2011-11-20,50 - Zaragoza,PARTIDO DE CASTILLA Y LEÓN - PCAL,0,0,Ministerio del Interior / portal oficial de datos abiertos,PRIMARY_OFFICIAL
2011,2011-11-20,50 - Zaragoza,PARTIDO DE INTERNET - INTERNET,0,0,Ministerio del Interior / portal oficial de datos abiertos,PRIMARY_OFFICIAL
2011,2011-11-20,50 - Zaragoza,PARTIDO DE LA LIBERTAD INDIVIDUAL - P-LIB,410,0,Ministerio del Interior / portal oficial de datos abiertos,PRIMARY_OFFICIAL
2011,2011-11-20,50 - Zaragoza,PARTIDO DEMOCRATICO Y CONSTITUCIONAL - PDYC,0,0,Ministerio del Interior / portal oficial de datos abiertos,PRIMARY_OFFICIAL
2011,2011-11-20,50 - Zaragoza,PARTIDO DOS SOCIALISTAS DE GALICIA - PARTIDO SOCIA - PSdeG-PSOE,0,0,Ministerio del Interior / portal oficial de datos abiertos,PRIMARY_OFFICIAL
2011,2011-11-20,50 - Zaragoza,PARTIDO DOS SOCIALISTAS DE GALICIA - PSOE - PSdeG-PSOE,0,0,Ministerio del Interior / portal oficial de datos abiertos,PRIMARY_OFFICIAL
2011,2011-11-20,50 - Zaragoza,PARTIDO HUMANISTA - PH,463,0,Ministerio del Interior / portal oficial de datos abiertos,PRIMARY_OFFICIAL
2011,2011-11-20,50 - Zaragoza,PARTIDO OBRERO SOCIALISTA INTERNACIONALISTA - P.O.S.I.,0,0,Ministerio del Interior / portal oficial de datos abiertos,PRIMARY_OFFICIAL
2011,2011-11-20,50 - Zaragoza,PARTIDO OBRERO SOCIALISTA INTERNACIONALISTA - POSI,0,0,Ministerio del Interior / portal oficial de datos abiertos,PRIMARY_OFFICIAL
2011,2011-11-20,50 - Zaragoza,PARTIDO PARA LA REGENERACION DE LA DEMOCRACIA EN E - P.R.D.E.,0,0,Ministerio del Interior / portal oficial de datos abiertos,PRIMARY_OFFICIAL
2011,2011-11-20,50 - Zaragoza,PARTIDO PIRATA - PIRATA,0,0,Ministerio del Interior / portal oficial de datos abiertos,PRIMARY_OFFICIAL
2011,2011-11-20,50 - Zaragoza,PARTIDO POPULAR - P.P.,0,0,Ministerio del Interior / portal oficial de datos abiertos,PRIMARY_OFFICIAL
2011,2011-11-20,50 - Zaragoza,PARTIDO POPULAR - PP,0,0,Ministerio del Interior / portal oficial de datos abiertos,PRIMARY_OFFICIAL
2011,2011-11-20,50 - Zaragoza,PARTIDO POPULAR EN COALICIÓN CON EL PARTIDO ARAGON - PP-PAR,241074,4,Ministerio del Interior / portal oficial de datos abiertos,PRIMARY_OFFICIAL
2011,2011-11-20,50 - Zaragoza,PARTIDO POPULAR-EXTREMADURA UNIDA - P.P-E.U.,0,0,Ministerio del Interior / portal oficial de datos abiertos,PRIMARY_OFFICIAL
2011,2011-11-20,50 - Zaragoza,PARTIDO POPULAR-EXTREMADURA UNIDA - PP-EU,0,0,Ministerio del Interior / portal oficial de datos abiertos,PRIMARY_OFFICIAL
2011,2011-11-20,50 - Zaragoza,PARTIDO REGIONALISTA DE CANTABRIA - P.R.C.,0,0,Ministerio del Interior / portal oficial de datos abiertos,PRIMARY_OFFICIAL
2011,2011-11-20,50 - Zaragoza,PARTIDO REGIONALISTA DEL PAIS LEONES - PREPAL,0,0,Ministerio del Interior / portal oficial de datos abiertos,PRIMARY_OFFICIAL
2011,2011-11-20,50 - Zaragoza,PARTIDO REGIONALISTA POR ANDALUCIA ORIENTAL - PRAO,0,0,Ministerio del Interior / portal oficial de datos abiertos,PRIMARY_OFFICIAL
2011,2011-11-20,50 - Zaragoza,PARTIDO SOCIALISTA DE EUSKADI-EUSKADIKO EZKERRA (P - PSE-EE (PSO,0,0,Ministerio del Interior / portal oficial de datos abiertos,PRIMARY_OFFICIAL
2011,2011-11-20,50 - Zaragoza,PARTIDO SOCIALISTA OBRERO ESPAÑOL - P.S.O.E.,158167,2,Ministerio del Interior / portal oficial de datos abiertos,PRIMARY_OFFICIAL
2011,2011-11-20,50 - Zaragoza,PARTIDO SOCIALISTA OBRERO ESPAÑOL - PSOE,0,0,Ministerio del Interior / portal oficial de datos abiertos,PRIMARY_OFFICIAL
2011,2011-11-20,50 - Zaragoza,PARTIT ANIMALISTA CONTRA EL MALTRACTAMENT ANIMAL - PACMA,0,0,Ministerio del Interior / portal oficial de datos abiertos,PRIMARY_OFFICIAL
2011,2011-11-20,50 - Zaragoza,PARTIT COMUNISTA DEL POBLE DE CATALUNYA - PCPC,0,0,Ministerio del Interior / portal oficial de datos abiertos,PRIMARY_OFFICIAL
2011,2011-11-20,50 - Zaragoza,PARTIT COMUNISTA DELS POBLES D'ESPANYA - P.C.P.E.,0,0,Ministerio del Interior / portal oficial de datos abiertos,PRIMARY_OFFICIAL
2011,2011-11-20,50 - Zaragoza,PARTIT DELS SOCIALISTES DE CATALUNYA - PSC-PSOE,0,0,Ministerio del Interior / portal oficial de datos abiertos,PRIMARY_OFFICIAL
2011,2011-11-20,50 - Zaragoza,PARTIT POPULAR/PARTIDO POPULAR - P.P.,0,0,Ministerio del Interior / portal oficial de datos abiertos,PRIMARY_OFFICIAL
2011,2011-11-20,50 - Zaragoza,PARTIT REPUBLICÀ D'ESQUERRA-REPUBLICANS - PRE-R,0,0,Ministerio del Interior / portal oficial de datos abiertos,PRIMARY_OFFICIAL
2011,2011-11-20,50 - Zaragoza,PER UN MÓN MÉS JUST - PUM+J,0,0,Ministerio del Interior / portal oficial de datos abiertos,PRIMARY_OFFICIAL
2011,2011-11-20,50 - Zaragoza,PIRATES DE CATALUNYA - PIRATA.CAT,0,0,Ministerio del Interior / portal oficial de datos abiertos,PRIMARY_OFFICIAL
2011,2011-11-20,50 - Zaragoza,PLATAFORMA PER CATALUNYA - PxC,0,0,Ministerio del Interior / portal oficial de datos abiertos,PRIMARY_OFFICIAL
2011,2011-11-20,50 - Zaragoza,POR UN MUNDO MÁS JUSTO - PUM+J,939,0,Ministerio del Interior / portal oficial de datos abiertos,PRIMARY_OFFICIAL
2011,2011-11-20,50 - Zaragoza,PSM-INICIATIVA VERDS-ENTESA-EQUO - PSM-IV-EXM-,0,0,Ministerio del Interior / portal oficial de datos abiertos,PRIMARY_OFFICIAL
2011,2011-11-20,50 - Zaragoza,REPUBLICANOS - RPS,0,0,Ministerio del Interior / portal oficial de datos abiertos,PRIMARY_OFFICIAL
2011,2011-11-20,50 - Zaragoza,SOCIALISTAS POR TERUEL - SXT,0,0,Ministerio del Interior / portal oficial de datos abiertos,PRIMARY_OFFICIAL
2011,2011-11-20,50 - Zaragoza,SOLIDARIDAD Y AUTOGESTION INTERNACIONALISTA - SAIn,0,0,Ministerio del Interior / portal oficial de datos abiertos,PRIMARY_OFFICIAL
2011,2011-11-20,50 - Zaragoza,"SÍ SE PUEDE, SOCIALISTAS POR TENERIFE, EQUO - SSP-SxTF-EQ",0,0,Ministerio del Interior / portal oficial de datos abiertos,PRIMARY_OFFICIAL
2011,2011-11-20,50 - Zaragoza,UNIDAD DEL PUEBLO - UNIDAD DEL,0,0,Ministerio del Interior / portal oficial de datos abiertos,PRIMARY_OFFICIAL
2011,2011-11-20,50 - Zaragoza,UNIDAD REGIONALISTA DE CASTILLA Y LEON - U.R.C.L.,0,0,Ministerio del Interior / portal oficial de datos abiertos,PRIMARY_OFFICIAL
2011,2011-11-20,50 - Zaragoza,UNIFICACIÓN COMUNISTA DE ESPAÑA - U.C.E.,370,0,Ministerio del Interior / portal oficial de datos abiertos,PRIMARY_OFFICIAL
2011,2011-11-20,50 - Zaragoza,UNIFICACIÓN COMUNISTA DE ESPAÑA - UCE,0,0,Ministerio del Interior / portal oficial de datos abiertos,PRIMARY_OFFICIAL
2011,2011-11-20,50 - Zaragoza,UNION DE CIUDADANOS INDEPENDIENTES DE TOLEDO - U.C.I.T.,0,0,Ministerio del Interior / portal oficial de datos abiertos,PRIMARY_OFFICIAL
2011,2011-11-20,50 - Zaragoza,UNITS X VALENCIA - UxV,0,0,Ministerio del Interior / portal oficial de datos abiertos,PRIMARY_OFFICIAL
2011,2011-11-20,50 - Zaragoza,UNIÓN DEL PUEBLO NAVARRO EN COALICIÓN CON EL PARTI - UPN-PP,0,0,Ministerio del Interior / portal oficial de datos abiertos,PRIMARY_OFFICIAL
2011,2011-11-20,50 - Zaragoza,UNIÓN PROGRESO Y DEMOCRACIA - UPyD,32968,0,Ministerio del Interior / portal oficial de datos abiertos,PRIMARY_OFFICIAL
2011,2011-11-20,51 - Ceuta,ACCION CIUDADANA POR MALAGA - ACIMA,0,0,Ministerio del Interior / portal oficial de datos abiertos,PRIMARY_OFFICIAL
2011,2011-11-20,51 - Ceuta,ALTERNATIVA NACIONALISTA CANARIA - ANC,0,0,Ministerio del Interior / portal oficial de datos abiertos,PRIMARY_OFFICIAL
2011,2011-11-20,51 - Ceuta,AMAIUR - AMAIUR,0,0,Ministerio del Interior / portal oficial de datos abiertos,PRIMARY_OFFICIAL
2011,2011-11-20,51 - Ceuta,ANDECHA ASTUR - ANDECHA,0,0,Ministerio del Interior / portal oficial de datos abiertos,PRIMARY_OFFICIAL
2011,2011-11-20,51 - Ceuta,ANTICAPITALISTAS - ANTICAPITAL,0,0,Ministerio del Interior / portal oficial de datos abiertos,PRIMARY_OFFICIAL
2011,2011-11-20,51 - Ceuta,ANTICAPITALISTES - ANTICAPITAL,0,0,Ministerio del Interior / portal oficial de datos abiertos,PRIMARY_OFFICIAL
2011,2011-11-20,51 - Ceuta,"BASTA YA, AGRUPACIÓN ABIERTA DE PARTIDOS POLÍTICOS - BASTA YA",0,0,Ministerio del Interior / portal oficial de datos abiertos,PRIMARY_OFFICIAL
2011,2011-11-20,51 - Ceuta,BIDEZKO MUNDURANTZ/POR UN MUNDO MAS JUSTO - PUM+J,0,0,Ministerio del Interior / portal oficial de datos abiertos,PRIMARY_OFFICIAL
2011,2011-11-20,51 - Ceuta,BIDEZKO MUNDURANTZ/POR UN MUNDO MÁS JUSTO - PU M+J,0,0,Ministerio del Interior / portal oficial de datos abiertos,PRIMARY_OFFICIAL
2011,2011-11-20,51 - Ceuta,BLOC-INICIATIVA-VERDS-EQUO-COALICIÓ COMPROMÍS - COMPROMÍS-Q,0,0,Ministerio del Interior / portal oficial de datos abiertos,PRIMARY_OFFICIAL
2011,2011-11-20,51 - Ceuta,BLOQUE NACIONALISTA GALEGO - B.N.G.,0,0,Ministerio del Interior / portal oficial de datos abiertos,PRIMARY_OFFICIAL
2011,2011-11-20,51 - Ceuta,BLOQUE NACIONALISTA GALEGO - BNG,0,0,Ministerio del Interior / portal oficial de datos abiertos,PRIMARY_OFFICIAL
2011,2011-11-20,51 - Ceuta,CANARIAS VERDE Y ROJA: LA IZQUIERDA PLURAL - IUC-CxI,0,0,Ministerio del Interior / portal oficial de datos abiertos,PRIMARY_OFFICIAL
2011,2011-11-20,51 - Ceuta,CENTRO DEMOCRATICO LIBERAL - C.D.L.,0,0,Ministerio del Interior / portal oficial de datos abiertos,PRIMARY_OFFICIAL
2011,2011-11-20,51 - Ceuta,"CHUNTA ARAGONESISTA-IZQUIERDA UNIDA, LA IZQUIERDA - CHA-IU",0,0,Ministerio del Interior / portal oficial de datos abiertos,PRIMARY_OFFICIAL
2011,2011-11-20,51 - Ceuta,"CHUNTA ARAGONESISTA-IZQUIERDA UNIDA, La Izquierda - CHA-IU",0,0,Ministerio del Interior / portal oficial de datos abiertos,PRIMARY_OFFICIAL
2011,2011-11-20,51 - Ceuta,CIUDADANOS DE CENTRO DEMOCRÁTICO - CCD,0,0,Ministerio del Interior / portal oficial de datos abiertos,PRIMARY_OFFICIAL
2011,2011-11-20,51 - Ceuta,COALICION CABALLAS - Caballas,1712,0,Ministerio del Interior / portal oficial de datos abiertos,PRIMARY_OFFICIAL
2011,2011-11-20,51 - Ceuta,COALICIÓN CANARIA-NUEVA CANARIAS - CC-NC-PNC,0,0,Ministerio del Interior / portal oficial de datos abiertos,PRIMARY_OFFICIAL
2011,2011-11-20,51 - Ceuta,CONVERGENCIA POR EXTREMADURA - CEx,0,0,Ministerio del Interior / portal oficial de datos abiertos,PRIMARY_OFFICIAL
2011,2011-11-20,51 - Ceuta,CONVERGÈNCIA I UNIÓ - CiU,0,0,Ministerio del Interior / portal oficial de datos abiertos,PRIMARY_OFFICIAL
2011,2011-11-20,51 - Ceuta,CONVERGÈNCIA i UNIÓ - CiU,0,0,Ministerio del Interior / portal oficial de datos abiertos,PRIMARY_OFFICIAL
2011,2011-11-20,51 - Ceuta,CONVERXENCIA VINTEÚN - C.XXI,0,0,Ministerio del Interior / portal oficial de datos abiertos,PRIMARY_OFFICIAL
2011,2011-11-20,51 - Ceuta,CONVERXENCIA VINTEÚN - CXXI,0,0,Ministerio del Interior / portal oficial de datos abiertos,PRIMARY_OFFICIAL
2011,2011-11-20,51 - Ceuta,DEMOCRACIA NACIONAL - D.N.,0,0,Ministerio del Interior / portal oficial de datos abiertos,PRIMARY_OFFICIAL
2011,2011-11-20,51 - Ceuta,DEMOS EL CAMBIO - DeC,0,0,Ministerio del Interior / portal oficial de datos abiertos,PRIMARY_OFFICIAL
2011,2011-11-20,51 - Ceuta,DERECHA NAVARRA Y ESPAÑOLA - DNE,0,0,Ministerio del Interior / portal oficial de datos abiertos,PRIMARY_OFFICIAL
2011,2011-11-20,51 - Ceuta,EQUO - EQUO,0,0,Ministerio del Interior / portal oficial de datos abiertos,PRIMARY_OFFICIAL
2011,2011-11-20,51 - Ceuta,EQUO - eQuo,0,0,Ministerio del Interior / portal oficial de datos abiertos,PRIMARY_OFFICIAL
2011,2011-11-20,51 - Ceuta,ESCAÑOS EN BLANCO - Eb,0,0,Ministerio del Interior / portal oficial de datos abiertos,PRIMARY_OFFICIAL
2011,2011-11-20,51 - Ceuta,ESCAÑOS EN BLANCO/ESCONS EN BLANC - EB,0,0,Ministerio del Interior / portal oficial de datos abiertos,PRIMARY_OFFICIAL
2011,2011-11-20,51 - Ceuta,ESCONS EN BLANC - Eb,0,0,Ministerio del Interior / portal oficial de datos abiertos,PRIMARY_OFFICIAL
2011,2011-11-20,51 - Ceuta,ESPAÑA 2000 - ESPAÑA 2000,0,0,Ministerio del Interior / portal oficial de datos abiertos,PRIMARY_OFFICIAL
2011,2011-11-20,51 - Ceuta,ESQUERDA UNIDA-OS VERDES: A ESQUERDA PLURAL - EU-V,0,0,Ministerio del Interior / portal oficial de datos abiertos,PRIMARY_OFFICIAL
2011,2011-11-20,51 - Ceuta,ESQUERRA REPUBLICANA - ESQUERRA,0,0,Ministerio del Interior / portal oficial de datos abiertos,PRIMARY_OFFICIAL
2011,2011-11-20,51 - Ceuta,ESQUERRA REPUBLICANA DE CATALUNYA-CATALUNYA SÍ - ERC - RI.ca,0,0,Ministerio del Interior / portal oficial de datos abiertos,PRIMARY_OFFICIAL
2011,2011-11-20,51 - Ceuta,ESQUERRA REPUBLICANA DE CATALUNYA-CATALUNYA SÍ - ERC-RI.cat,0,0,Ministerio del Interior / portal oficial de datos abiertos,PRIMARY_OFFICIAL
2011,2011-11-20,51 - Ceuta,ESQUERRA REPUBLICANA DEL PAÍS VALENCIÀ - ERPV,0,0,Ministerio del Interior / portal oficial de datos abiertos,PRIMARY_OFFICIAL
2011,2011-11-20,51 - Ceuta,ESQUERRA UNIDA DEL PAIS VALENCIA-LOS VERDES: L'ESQ - EUPV-LV,0,0,Ministerio del Interior / portal oficial de datos abiertos,PRIMARY_OFFICIAL
2011,2011-11-20,51 - Ceuta,ESQUERRA UNIDA ILLES BALEARS: LA IZQUIERDA PLURAL - EUIB,0,0,Ministerio del Interior / portal oficial de datos abiertos,PRIMARY_OFFICIAL
2011,2011-11-20,51 - Ceuta,ESQUERRA UNIDA PAÍS VALENCIÀ-ELS VERDS: L'ESQUERRA - EUPV-EV,0,0,Ministerio del Interior / portal oficial de datos abiertos,PRIMARY_OFFICIAL
2011,2011-11-20,51 - Ceuta,EUZKO ALDERDI JELTZALEA-PARTIDO NACIONALISTA VASCO - E.A.J.-P.N.,0,0,Ministerio del Interior / portal oficial de datos abiertos,PRIMARY_OFFICIAL
2011,2011-11-20,51 - Ceuta,EUZKO ALDERDI JELTZALEA-PARTIDO NACIONALISTA VASCO - EAJ-PNV,0,0,Ministerio del Interior / portal oficial de datos abiertos,PRIMARY_OFFICIAL
2011,2011-11-20,51 - Ceuta,FALANGE ESPAÑOLA DE LAS J.O.N.S. - FE de las J,0,0,Ministerio del Interior / portal oficial de datos abiertos,PRIMARY_OFFICIAL
2011,2011-11-20,51 - Ceuta,FAMILIA Y VIDA - PFyV,0,0,Ministerio del Interior / portal oficial de datos abiertos,PRIMARY_OFFICIAL
2011,2011-11-20,51 - Ceuta,FORO CENTRO Y DEMOCRACIA - CYD,0,0,Ministerio del Interior / portal oficial de datos abiertos,PRIMARY_OFFICIAL
2011,2011-11-20,51 - Ceuta,FORO DE CIUDADANOS - FAC,0,0,Ministerio del Interior / portal oficial de datos abiertos,PRIMARY_OFFICIAL
2011,2011-11-20,51 - Ceuta,GEROA BAI - GBAI,0,0,Ministerio del Interior / portal oficial de datos abiertos,PRIMARY_OFFICIAL
2011,2011-11-20,51 - Ceuta,HARTOS.ORG - HARTOS.ORG,0,0,Ministerio del Interior / portal oficial de datos abiertos,PRIMARY_OFFICIAL
2011,2011-11-20,51 - Ceuta,HIGIENE DEMOCRATICA - H.D.,0,0,Ministerio del Interior / portal oficial de datos abiertos,PRIMARY_OFFICIAL
2011,2011-11-20,51 - Ceuta,INICIATIVA PER CATALUNYA VERDS-ESQUERRA UNIDA I AL - ICV-EUiA,0,0,Ministerio del Interior / portal oficial de datos abiertos,PRIMARY_OFFICIAL
2011,2011-11-20,51 - Ceuta,INICIATIVA PER CATALUNYA VERDS-ESQUERRA UNIDA i AL - ICV-EUiA,0,0,Ministerio del Interior / portal oficial de datos abiertos,PRIMARY_OFFICIAL
2011,2011-11-20,51 - Ceuta,IU - LOS VERDES: LA IZQUIERDA PLURAL / EZKER ANITZ - IU-LV,0,0,Ministerio del Interior / portal oficial de datos abiertos,PRIMARY_OFFICIAL
2011,2011-11-20,51 - Ceuta,IZQUIERDA UNIDA - PARTIDO DEMOCRÁTICO Y SOCIAL DE - IU-PDSC,576,0,Ministerio del Interior / portal oficial de datos abiertos,PRIMARY_OFFICIAL
2011,2011-11-20,51 - Ceuta,IZQUIERDA UNIDA CANARIA-INICIATIVA POR EL HIERRO-L - IUC-IpH-LV,0,0,Ministerio del Interior / portal oficial de datos abiertos,PRIMARY_OFFICIAL
2011,2011-11-20,51 - Ceuta,IZQUIERDA UNIDA DE ASTURIAS-IZQUIERDA XUNIDA D'AST - IU-IX,0,0,Ministerio del Interior / portal oficial de datos abiertos,PRIMARY_OFFICIAL
2011,2011-11-20,51 - Ceuta,IZQUIERDA UNIDA DE CANTABRIA: LA IZQUIERDA PLURAL - IUC,0,0,Ministerio del Interior / portal oficial de datos abiertos,PRIMARY_OFFICIAL
2011,2011-11-20,51 - Ceuta,IZQUIERDA UNIDA DE CASTILLA Y LEON: LA IZQUIERDA P - IUCL,0,0,Ministerio del Interior / portal oficial de datos abiertos,PRIMARY_OFFICIAL
2011,2011-11-20,51 - Ceuta,IZQUIERDA UNIDA DE CASTILLA Y LEON: LA IZQUIERDA P - IUCyL,0,0,Ministerio del Interior / portal oficial de datos abiertos,PRIMARY_OFFICIAL
2011,2011-11-20,51 - Ceuta,IZQUIERDA UNIDA DE CASTILLA Y LEÓN: LA IZQUIERDA P - IU CyL,0,0,Ministerio del Interior / portal oficial de datos abiertos,PRIMARY_OFFICIAL
2011,2011-11-20,51 - Ceuta,IZQUIERDA UNIDA DE CASTILLA Y LEÓN: LA IZQUIERDA P - IUCL,0,0,Ministerio del Interior / portal oficial de datos abiertos,PRIMARY_OFFICIAL
2011,2011-11-20,51 - Ceuta,IZQUIERDA UNIDA DE CASTILLA-LA MANCHA-LOS VERDES: - IUCLM-LV,0,0,Ministerio del Interior / portal oficial de datos abiertos,PRIMARY_OFFICIAL
2011,2011-11-20,51 - Ceuta,IZQUIERDA UNIDA DE CASTILLA-LA MANCHA-LOS VERDES: - IUCM-LV,0,0,Ministerio del Interior / portal oficial de datos abiertos,PRIMARY_OFFICIAL
2011,2011-11-20,51 - Ceuta,IZQUIERDA UNIDA LOS VERDES-CONVOCATORIA POR ANDALU - IULV-CA,0,0,Ministerio del Interior / portal oficial de datos abiertos,PRIMARY_OFFICIAL
2011,2011-11-20,51 - Ceuta,IZQUIERDA UNIDA VERDES-SOCIALISTAS INDEPENDIENTES - IU-V-SIEX:,0,0,Ministerio del Interior / portal oficial de datos abiertos,PRIMARY_OFFICIAL
2011,2011-11-20,51 - Ceuta,IZQUIERDA UNIDA VERDES-SOCIALISTAS INDEPENDIENTES - IU-VERDES-S,0,0,Ministerio del Interior / portal oficial de datos abiertos,PRIMARY_OFFICIAL
2011,2011-11-20,51 - Ceuta,IZQUIERDA UNIDA-LA IZQUIERDA PLURAL - I.U.,0,0,Ministerio del Interior / portal oficial de datos abiertos,PRIMARY_OFFICIAL
2011,2011-11-20,51 - Ceuta,IZQUIERDA UNIDA-LOS VERDES: LA IZQUIERDA PLURAL - IU-LV,0,0,Ministerio del Interior / portal oficial de datos abiertos,PRIMARY_OFFICIAL
2011,2011-11-20,51 - Ceuta,IZQUIERDA UNIDA-LOS VERDES: LA IZQUIERDA PLURAL/EZ - I.U.,0,0,Ministerio del Interior / portal oficial de datos abiertos,PRIMARY_OFFICIAL
2011,2011-11-20,51 - Ceuta,IZQUIERDA UNIDA-LOS VERDES: LA IZQUIERDA PLURAL/EZ - IU-LV,0,0,Ministerio del Interior / portal oficial de datos abiertos,PRIMARY_OFFICIAL
2011,2011-11-20,51 - Ceuta,IZQUIERDA UNIDA-VERDES DE LA REGION DE MURCIA: LA - IUV-RM,0,0,Ministerio del Interior / portal oficial de datos abiertos,PRIMARY_OFFICIAL
2011,2011-11-20,51 - Ceuta,IZQUIERDA-EZKERRA/LA IZQUIERDA PLURAL - IZQUIERDA-E,0,0,Ministerio del Interior / portal oficial de datos abiertos,PRIMARY_OFFICIAL
2011,2011-11-20,51 - Ceuta,LOS VERDES-GRUPO VERDE - LV-GV,293,0,Ministerio del Interior / portal oficial de datos abiertos,PRIMARY_OFFICIAL
2011,2011-11-20,51 - Ceuta,MUERTE AL SISTEMA - +MAS+,0,0,Ministerio del Interior / portal oficial de datos abiertos,PRIMARY_OFFICIAL
2011,2011-11-20,51 - Ceuta,PARTIDO ANDALUCISTA - P.A.,0,0,Ministerio del Interior / portal oficial de datos abiertos,PRIMARY_OFFICIAL
2011,2011-11-20,51 - Ceuta,PARTIDO ANDALUCISTA - PA,0,0,Ministerio del Interior / portal oficial de datos abiertos,PRIMARY_OFFICIAL
2011,2011-11-20,51 - Ceuta,PARTIDO ANIMALISTA CONTRA EL MALTRATO ANIMAL - PACMA,186,0,Ministerio del Interior / portal oficial de datos abiertos,PRIMARY_OFFICIAL
2011,2011-11-20,51 - Ceuta,PARTIDO CASTELLANO - PCAS,0,0,Ministerio del Interior / portal oficial de datos abiertos,PRIMARY_OFFICIAL
2011,2011-11-20,51 - Ceuta,PARTIDO COMUNISTA DE LOS PUEBLOS DE ESPAÑA - P.C.P.E.,0,0,Ministerio del Interior / portal oficial de datos abiertos,PRIMARY_OFFICIAL
2011,2011-11-20,51 - Ceuta,PARTIDO COMUNISTA DE LOS PUEBLOS DE ESPAÑA - PCPE,0,0,Ministerio del Interior / portal oficial de datos abiertos,PRIMARY_OFFICIAL
2011,2011-11-20,51 - Ceuta,PARTIDO DE CASTILLA Y LEÓN - PCAL,0,0,Ministerio del Interior / portal oficial de datos abiertos,PRIMARY_OFFICIAL
2011,2011-11-20,51 - Ceuta,PARTIDO DE INTERNET - INTERNET,0,0,Ministerio del Interior / portal oficial de datos abiertos,PRIMARY_OFFICIAL
2011,2011-11-20,51 - Ceuta,PARTIDO DE LA LIBERTAD INDIVIDUAL - P-LIB,0,0,Ministerio del Interior / portal oficial de datos abiertos,PRIMARY_OFFICIAL
2011,2011-11-20,51 - Ceuta,PARTIDO DEMOCRATICO Y CONSTITUCIONAL - PDYC,0,0,Ministerio del Interior / portal oficial de datos abiertos,PRIMARY_OFFICIAL
2011,2011-11-20,51 - Ceuta,PARTIDO DOS SOCIALISTAS DE GALICIA - PARTIDO SOCIA - PSdeG-PSOE,0,0,Ministerio del Interior / portal oficial de datos abiertos,PRIMARY_OFFICIAL
2011,2011-11-20,51 - Ceuta,PARTIDO DOS SOCIALISTAS DE GALICIA - PSOE - PSdeG-PSOE,0,0,Ministerio del Interior / portal oficial de datos abiertos,PRIMARY_OFFICIAL
2011,2011-11-20,51 - Ceuta,PARTIDO HUMANISTA - PH,0,0,Ministerio del Interior / portal oficial de datos abiertos,PRIMARY_OFFICIAL
2011,2011-11-20,51 - Ceuta,PARTIDO OBRERO SOCIALISTA INTERNACIONALISTA - P.O.S.I.,0,0,Ministerio del Interior / portal oficial de datos abiertos,PRIMARY_OFFICIAL
2011,2011-11-20,51 - Ceuta,PARTIDO OBRERO SOCIALISTA INTERNACIONALISTA - POSI,0,0,Ministerio del Interior / portal oficial de datos abiertos,PRIMARY_OFFICIAL
2011,2011-11-20,51 - Ceuta,PARTIDO PARA LA REGENERACION DE LA DEMOCRACIA EN E - P.R.D.E.,0,0,Ministerio del Interior / portal oficial de datos abiertos,PRIMARY_OFFICIAL
2011,2011-11-20,51 - Ceuta,PARTIDO PIRATA - PIRATA,0,0,Ministerio del Interior / portal oficial de datos abiertos,PRIMARY_OFFICIAL
2011,2011-11-20,51 - Ceuta,PARTIDO POPULAR - P.P.,20968,1,Ministerio del Interior / portal oficial de datos abiertos,PRIMARY_OFFICIAL
2011,2011-11-20,51 - Ceuta,PARTIDO POPULAR - PP,0,0,Ministerio del Interior / portal oficial de datos abiertos,PRIMARY_OFFICIAL
2011,2011-11-20,51 - Ceuta,PARTIDO POPULAR EN COALICIÓN CON EL PARTIDO ARAGON - PP-PAR,0,0,Ministerio del Interior / portal oficial de datos abiertos,PRIMARY_OFFICIAL
2011,2011-11-20,51 - Ceuta,PARTIDO POPULAR-EXTREMADURA UNIDA - P.P-E.U.,0,0,Ministerio del Interior / portal oficial de datos abiertos,PRIMARY_OFFICIAL
2011,2011-11-20,51 - Ceuta,PARTIDO POPULAR-EXTREMADURA UNIDA - PP-EU,0,0,Ministerio del Interior / portal oficial de datos abiertos,PRIMARY_OFFICIAL
2011,2011-11-20,51 - Ceuta,PARTIDO REGIONALISTA DE CANTABRIA - P.R.C.,0,0,Ministerio del Interior / portal oficial de datos abiertos,PRIMARY_OFFICIAL
2011,2011-11-20,51 - Ceuta,PARTIDO REGIONALISTA DEL PAIS LEONES - PREPAL,0,0,Ministerio del Interior / portal oficial de datos abiertos,PRIMARY_OFFICIAL
2011,2011-11-20,51 - Ceuta,PARTIDO REGIONALISTA POR ANDALUCIA ORIENTAL - PRAO,0,0,Ministerio del Interior / portal oficial de datos abiertos,PRIMARY_OFFICIAL
2011,2011-11-20,51 - Ceuta,PARTIDO SOCIALISTA DE EUSKADI-EUSKADIKO EZKERRA (P - PSE-EE (PSO,0,0,Ministerio del Interior / portal oficial de datos abiertos,PRIMARY_OFFICIAL
2011,2011-11-20,51 - Ceuta,PARTIDO SOCIALISTA OBRERO ESPAÑOL - P.S.O.E.,6445,0,Ministerio del Interior / portal oficial de datos abiertos,PRIMARY_OFFICIAL
2011,2011-11-20,51 - Ceuta,PARTIDO SOCIALISTA OBRERO ESPAÑOL - PSOE,0,0,Ministerio del Interior / portal oficial de datos abiertos,PRIMARY_OFFICIAL
2011,2011-11-20,51 - Ceuta,PARTIT ANIMALISTA CONTRA EL MALTRACTAMENT ANIMAL - PACMA,0,0,Ministerio del Interior / portal oficial de datos abiertos,PRIMARY_OFFICIAL
2011,2011-11-20,51 - Ceuta,PARTIT COMUNISTA DEL POBLE DE CATALUNYA - PCPC,0,0,Ministerio del Interior / portal oficial de datos abiertos,PRIMARY_OFFICIAL
2011,2011-11-20,51 - Ceuta,PARTIT COMUNISTA DELS POBLES D'ESPANYA - P.C.P.E.,0,0,Ministerio del Interior / portal oficial de datos abiertos,PRIMARY_OFFICIAL
2011,2011-11-20,51 - Ceuta,PARTIT DELS SOCIALISTES DE CATALUNYA - PSC-PSOE,0,0,Ministerio del Interior / portal oficial de datos abiertos,PRIMARY_OFFICIAL
2011,2011-11-20,51 - Ceuta,PARTIT POPULAR/PARTIDO POPULAR - P.P.,0,0,Ministerio del Interior / portal oficial de datos abiertos,PRIMARY_OFFICIAL
2011,2011-11-20,51 - Ceuta,PARTIT REPUBLICÀ D'ESQUERRA-REPUBLICANS - PRE-R,0,0,Ministerio del Interior / portal oficial de datos abiertos,PRIMARY_OFFICIAL
2011,2011-11-20,51 - Ceuta,PER UN MÓN MÉS JUST - PUM+J,0,0,Ministerio del Interior / portal oficial de datos abiertos,PRIMARY_OFFICIAL
2011,2011-11-20,51 - Ceuta,PIRATES DE CATALUNYA - PIRATA.CAT,0,0,Ministerio del Interior / portal oficial de datos abiertos,PRIMARY_OFFICIAL
2011,2011-11-20,51 - Ceuta,PLATAFORMA PER CATALUNYA - PxC,0,0,Ministerio del Interior / portal oficial de datos abiertos,PRIMARY_OFFICIAL
2011,2011-11-20,51 - Ceuta,POR UN MUNDO MÁS JUSTO - PUM+J,65,0,Ministerio del Interior / portal oficial de datos abiertos,PRIMARY_OFFICIAL
2011,2011-11-20,51 - Ceuta,PSM-INICIATIVA VERDS-ENTESA-EQUO - PSM-IV-EXM-,0,0,Ministerio del Interior / portal oficial de datos abiertos,PRIMARY_OFFICIAL
2011,2011-11-20,51 - Ceuta,REPUBLICANOS - RPS,0,0,Ministerio del Interior / portal oficial de datos abiertos,PRIMARY_OFFICIAL
2011,2011-11-20,51 - Ceuta,SOCIALISTAS POR TERUEL - SXT,0,0,Ministerio del Interior / portal oficial de datos abiertos,PRIMARY_OFFICIAL
2011,2011-11-20,51 - Ceuta,SOLIDARIDAD Y AUTOGESTION INTERNACIONALISTA - SAIn,0,0,Ministerio del Interior / portal oficial de datos abiertos,PRIMARY_OFFICIAL
2011,2011-11-20,51 - Ceuta,"SÍ SE PUEDE, SOCIALISTAS POR TENERIFE, EQUO - SSP-SxTF-EQ",0,0,Ministerio del Interior / portal oficial de datos abiertos,PRIMARY_OFFICIAL
2011,2011-11-20,51 - Ceuta,UNIDAD DEL PUEBLO - UNIDAD DEL,0,0,Ministerio del Interior / portal oficial de datos abiertos,PRIMARY_OFFICIAL
2011,2011-11-20,51 - Ceuta,UNIDAD REGIONALISTA DE CASTILLA Y LEON - U.R.C.L.,0,0,Ministerio del Interior / portal oficial de datos abiertos,PRIMARY_OFFICIAL
2011,2011-11-20,51 - Ceuta,UNIFICACIÓN COMUNISTA DE ESPAÑA - U.C.E.,0,0,Ministerio del Interior / portal oficial de datos abiertos,PRIMARY_OFFICIAL
2011,2011-11-20,51 - Ceuta,UNIFICACIÓN COMUNISTA DE ESPAÑA - UCE,0,0,Ministerio del Interior / portal oficial de datos abiertos,PRIMARY_OFFICIAL
2011,2011-11-20,51 - Ceuta,UNION DE CIUDADANOS INDEPENDIENTES DE TOLEDO - U.C.I.T.,0,0,Ministerio del Interior / portal oficial de datos abiertos,PRIMARY_OFFICIAL
2011,2011-11-20,51 - Ceuta,UNITS X VALENCIA - UxV,0,0,Ministerio del Interior / portal oficial de datos abiertos,PRIMARY_OFFICIAL
2011,2011-11-20,51 - Ceuta,UNIÓN DEL PUEBLO NAVARRO EN COALICIÓN CON EL PARTI - UPN-PP,0,0,Ministerio del Interior / portal oficial de datos abiertos,PRIMARY_OFFICIAL
2011,2011-11-20,51 - Ceuta,UNIÓN PROGRESO Y DEMOCRACIA - UPyD,1061,0,Ministerio del Interior / portal oficial de datos abiertos,PRIMARY_OFFICIAL
2011,2011-11-20,52 - Melilla,ACCION CIUDADANA POR MALAGA - ACIMA,0,0,Ministerio del Interior / portal oficial de datos abiertos,PRIMARY_OFFICIAL
2011,2011-11-20,52 - Melilla,ALTERNATIVA NACIONALISTA CANARIA - ANC,0,0,Ministerio del Interior / portal oficial de datos abiertos,PRIMARY_OFFICIAL
2011,2011-11-20,52 - Melilla,AMAIUR - AMAIUR,0,0,Ministerio del Interior / portal oficial de datos abiertos,PRIMARY_OFFICIAL
2011,2011-11-20,52 - Melilla,ANDECHA ASTUR - ANDECHA,0,0,Ministerio del Interior / portal oficial de datos abiertos,PRIMARY_OFFICIAL
2011,2011-11-20,52 - Melilla,ANTICAPITALISTAS - ANTICAPITAL,0,0,Ministerio del Interior / portal oficial de datos abiertos,PRIMARY_OFFICIAL
2011,2011-11-20,52 - Melilla,ANTICAPITALISTES - ANTICAPITAL,0,0,Ministerio del Interior / portal oficial de datos abiertos,PRIMARY_OFFICIAL
2011,2011-11-20,52 - Melilla,"BASTA YA, AGRUPACIÓN ABIERTA DE PARTIDOS POLÍTICOS - BASTA YA",0,0,Ministerio del Interior / portal oficial de datos abiertos,PRIMARY_OFFICIAL
2011,2011-11-20,52 - Melilla,BIDEZKO MUNDURANTZ/POR UN MUNDO MAS JUSTO - PUM+J,0,0,Ministerio del Interior / portal oficial de datos abiertos,PRIMARY_OFFICIAL
2011,2011-11-20,52 - Melilla,BIDEZKO MUNDURANTZ/POR UN MUNDO MÁS JUSTO - PU M+J,0,0,Ministerio del Interior / portal oficial de datos abiertos,PRIMARY_OFFICIAL
2011,2011-11-20,52 - Melilla,BLOC-INICIATIVA-VERDS-EQUO-COALICIÓ COMPROMÍS - COMPROMÍS-Q,0,0,Ministerio del Interior / portal oficial de datos abiertos,PRIMARY_OFFICIAL
2011,2011-11-20,52 - Melilla,BLOQUE NACIONALISTA GALEGO - B.N.G.,0,0,Ministerio del Interior / portal oficial de datos abiertos,PRIMARY_OFFICIAL
2011,2011-11-20,52 - Melilla,BLOQUE NACIONALISTA GALEGO - BNG,0,0,Ministerio del Interior / portal oficial de datos abiertos,PRIMARY_OFFICIAL
2011,2011-11-20,52 - Melilla,CANARIAS VERDE Y ROJA: LA IZQUIERDA PLURAL - IUC-CxI,0,0,Ministerio del Interior / portal oficial de datos abiertos,PRIMARY_OFFICIAL
2011,2011-11-20,52 - Melilla,CENTRO DEMOCRATICO LIBERAL - C.D.L.,0,0,Ministerio del Interior / portal oficial de datos abiertos,PRIMARY_OFFICIAL
2011,2011-11-20,52 - Melilla,"CHUNTA ARAGONESISTA-IZQUIERDA UNIDA, LA IZQUIERDA - CHA-IU",0,0,Ministerio del Interior / portal oficial de datos abiertos,PRIMARY_OFFICIAL
2011,2011-11-20,52 - Melilla,"CHUNTA ARAGONESISTA-IZQUIERDA UNIDA, La Izquierda - CHA-IU",0,0,Ministerio del Interior / portal oficial de datos abiertos,PRIMARY_OFFICIAL
2011,2011-11-20,52 - Melilla,CIUDADANOS DE CENTRO DEMOCRÁTICO - CCD,0,0,Ministerio del Interior / portal oficial de datos abiertos,PRIMARY_OFFICIAL
2011,2011-11-20,52 - Melilla,COALICION CABALLAS - Caballas,0,0,Ministerio del Interior / portal oficial de datos abiertos,PRIMARY_OFFICIAL
2011,2011-11-20,52 - Melilla,COALICIÓN CANARIA-NUEVA CANARIAS - CC-NC-PNC,0,0,Ministerio del Interior / portal oficial de datos abiertos,PRIMARY_OFFICIAL
2011,2011-11-20,52 - Melilla,CONVERGENCIA POR EXTREMADURA - CEx,0,0,Ministerio del Interior / portal oficial de datos abiertos,PRIMARY_OFFICIAL
2011,2011-11-20,52 - Melilla,CONVERGÈNCIA I UNIÓ - CiU,0,0,Ministerio del Interior / portal oficial de datos abiertos,PRIMARY_OFFICIAL
2011,2011-11-20,52 - Melilla,CONVERGÈNCIA i UNIÓ - CiU,0,0,Ministerio del Interior / portal oficial de datos abiertos,PRIMARY_OFFICIAL
2011,2011-11-20,52 - Melilla,CONVERXENCIA VINTEÚN - C.XXI,0,0,Ministerio del Interior / portal oficial de datos abiertos,PRIMARY_OFFICIAL
2011,2011-11-20,52 - Melilla,CONVERXENCIA VINTEÚN - CXXI,0,0,Ministerio del Interior / portal oficial de datos abiertos,PRIMARY_OFFICIAL
2011,2011-11-20,52 - Melilla,DEMOCRACIA NACIONAL - D.N.,0,0,Ministerio del Interior / portal oficial de datos abiertos,PRIMARY_OFFICIAL
2011,2011-11-20,52 - Melilla,DEMOS EL CAMBIO - DeC,0,0,Ministerio del Interior / portal oficial de datos abiertos,PRIMARY_OFFICIAL
2011,2011-11-20,52 - Melilla,DERECHA NAVARRA Y ESPAÑOLA - DNE,0,0,Ministerio del Interior / portal oficial de datos abiertos,PRIMARY_OFFICIAL
2011,2011-11-20,52 - Melilla,EQUO - EQUO,427,0,Ministerio del Interior / portal oficial de datos abiertos,PRIMARY_OFFICIAL
2011,2011-11-20,52 - Melilla,EQUO - eQuo,0,0,Ministerio del Interior / portal oficial de datos abiertos,PRIMARY_OFFICIAL
2011,2011-11-20,52 - Melilla,ESCAÑOS EN BLANCO - Eb,0,0,Ministerio del Interior / portal oficial de datos abiertos,PRIMARY_OFFICIAL
2011,2011-11-20,52 - Melilla,ESCAÑOS EN BLANCO/ESCONS EN BLANC - EB,0,0,Ministerio del Interior / portal oficial de datos abiertos,PRIMARY_OFFICIAL
2011,2011-11-20,52 - Melilla,ESCONS EN BLANC - Eb,0,0,Ministerio del Interior / portal oficial de datos abiertos,PRIMARY_OFFICIAL
2011,2011-11-20,52 - Melilla,ESPAÑA 2000 - ESPAÑA 2000,0,0,Ministerio del Interior / portal oficial de datos abiertos,PRIMARY_OFFICIAL
2011,2011-11-20,52 - Melilla,ESQUERDA UNIDA-OS VERDES: A ESQUERDA PLURAL - EU-V,0,0,Ministerio del Interior / portal oficial de datos abiertos,PRIMARY_OFFICIAL
2011,2011-11-20,52 - Melilla,ESQUERRA REPUBLICANA - ESQUERRA,0,0,Ministerio del Interior / portal oficial de datos abiertos,PRIMARY_OFFICIAL
2011,2011-11-20,52 - Melilla,ESQUERRA REPUBLICANA DE CATALUNYA-CATALUNYA SÍ - ERC - RI.ca,0,0,Ministerio del Interior / portal oficial de datos abiertos,PRIMARY_OFFICIAL
2011,2011-11-20,52 - Melilla,ESQUERRA REPUBLICANA DE CATALUNYA-CATALUNYA SÍ - ERC-RI.cat,0,0,Ministerio del Interior / portal oficial de datos abiertos,PRIMARY_OFFICIAL
2011,2011-11-20,52 - Melilla,ESQUERRA REPUBLICANA DEL PAÍS VALENCIÀ - ERPV,0,0,Ministerio del Interior / portal oficial de datos abiertos,PRIMARY_OFFICIAL
2011,2011-11-20,52 - Melilla,ESQUERRA UNIDA DEL PAIS VALENCIA-LOS VERDES: L'ESQ - EUPV-LV,0,0,Ministerio del Interior / portal oficial de datos abiertos,PRIMARY_OFFICIAL
2011,2011-11-20,52 - Melilla,ESQUERRA UNIDA ILLES BALEARS: LA IZQUIERDA PLURAL - EUIB,0,0,Ministerio del Interior / portal oficial de datos abiertos,PRIMARY_OFFICIAL
2011,2011-11-20,52 - Melilla,ESQUERRA UNIDA PAÍS VALENCIÀ-ELS VERDS: L'ESQUERRA - EUPV-EV,0,0,Ministerio del Interior / portal oficial de datos abiertos,PRIMARY_OFFICIAL
2011,2011-11-20,52 - Melilla,EUZKO ALDERDI JELTZALEA-PARTIDO NACIONALISTA VASCO - E.A.J.-P.N.,0,0,Ministerio del Interior / portal oficial de datos abiertos,PRIMARY_OFFICIAL
2011,2011-11-20,52 - Melilla,EUZKO ALDERDI JELTZALEA-PARTIDO NACIONALISTA VASCO - EAJ-PNV,0,0,Ministerio del Interior / portal oficial de datos abiertos,PRIMARY_OFFICIAL
2011,2011-11-20,52 - Melilla,FALANGE ESPAÑOLA DE LAS J.O.N.S. - FE de las J,0,0,Ministerio del Interior / portal oficial de datos abiertos,PRIMARY_OFFICIAL
2011,2011-11-20,52 - Melilla,FAMILIA Y VIDA - PFyV,0,0,Ministerio del Interior / portal oficial de datos abiertos,PRIMARY_OFFICIAL
2011,2011-11-20,52 - Melilla,FORO CENTRO Y DEMOCRACIA - CYD,0,0,Ministerio del Interior / portal oficial de datos abiertos,PRIMARY_OFFICIAL
2011,2011-11-20,52 - Melilla,FORO DE CIUDADANOS - FAC,0,0,Ministerio del Interior / portal oficial de datos abiertos,PRIMARY_OFFICIAL
2011,2011-11-20,52 - Melilla,GEROA BAI - GBAI,0,0,Ministerio del Interior / portal oficial de datos abiertos,PRIMARY_OFFICIAL
2011,2011-11-20,52 - Melilla,HARTOS.ORG - HARTOS.ORG,0,0,Ministerio del Interior / portal oficial de datos abiertos,PRIMARY_OFFICIAL
2011,2011-11-20,52 - Melilla,HIGIENE DEMOCRATICA - H.D.,0,0,Ministerio del Interior / portal oficial de datos abiertos,PRIMARY_OFFICIAL
2011,2011-11-20,52 - Melilla,INICIATIVA PER CATALUNYA VERDS-ESQUERRA UNIDA I AL - ICV-EUiA,0,0,Ministerio del Interior / portal oficial de datos abiertos,PRIMARY_OFFICIAL
2011,2011-11-20,52 - Melilla,INICIATIVA PER CATALUNYA VERDS-ESQUERRA UNIDA i AL - ICV-EUiA,0,0,Ministerio del Interior / portal oficial de datos abiertos,PRIMARY_OFFICIAL
2011,2011-11-20,52 - Melilla,IU - LOS VERDES: LA IZQUIERDA PLURAL / EZKER ANITZ - IU-LV,0,0,Ministerio del Interior / portal oficial de datos abiertos,PRIMARY_OFFICIAL
2011,2011-11-20,52 - Melilla,IZQUIERDA UNIDA - PARTIDO DEMOCRÁTICO Y SOCIAL DE - IU-PDSC,0,0,Ministerio del Interior / portal oficial de datos abiertos,PRIMARY_OFFICIAL
2011,2011-11-20,52 - Melilla,IZQUIERDA UNIDA CANARIA-INICIATIVA POR EL HIERRO-L - IUC-IpH-LV,0,0,Ministerio del Interior / portal oficial de datos abiertos,PRIMARY_OFFICIAL
2011,2011-11-20,52 - Melilla,IZQUIERDA UNIDA DE ASTURIAS-IZQUIERDA XUNIDA D'AST - IU-IX,0,0,Ministerio del Interior / portal oficial de datos abiertos,PRIMARY_OFFICIAL
2011,2011-11-20,52 - Melilla,IZQUIERDA UNIDA DE CANTABRIA: LA IZQUIERDA PLURAL - IUC,0,0,Ministerio del Interior / portal oficial de datos abiertos,PRIMARY_OFFICIAL
2011,2011-11-20,52 - Melilla,IZQUIERDA UNIDA DE CASTILLA Y LEON: LA IZQUIERDA P - IUCL,0,0,Ministerio del Interior / portal oficial de datos abiertos,PRIMARY_OFFICIAL
2011,2011-11-20,52 - Melilla,IZQUIERDA UNIDA DE CASTILLA Y LEON: LA IZQUIERDA P - IUCyL,0,0,Ministerio del Interior / portal oficial de datos abiertos,PRIMARY_OFFICIAL
2011,2011-11-20,52 - Melilla,IZQUIERDA UNIDA DE CASTILLA Y LEÓN: LA IZQUIERDA P - IU CyL,0,0,Ministerio del Interior / portal oficial de datos abiertos,PRIMARY_OFFICIAL
2011,2011-11-20,52 - Melilla,IZQUIERDA UNIDA DE CASTILLA Y LEÓN: LA IZQUIERDA P - IUCL,0,0,Ministerio del Interior / portal oficial de datos abiertos,PRIMARY_OFFICIAL
2011,2011-11-20,52 - Melilla,IZQUIERDA UNIDA DE CASTILLA-LA MANCHA-LOS VERDES: - IUCLM-LV,0,0,Ministerio del Interior / portal oficial de datos abiertos,PRIMARY_OFFICIAL
2011,2011-11-20,52 - Melilla,IZQUIERDA UNIDA DE CASTILLA-LA MANCHA-LOS VERDES: - IUCM-LV,0,0,Ministerio del Interior / portal oficial de datos abiertos,PRIMARY_OFFICIAL
2011,2011-11-20,52 - Melilla,IZQUIERDA UNIDA LOS VERDES-CONVOCATORIA POR ANDALU - IULV-CA,0,0,Ministerio del Interior / portal oficial de datos abiertos,PRIMARY_OFFICIAL
2011,2011-11-20,52 - Melilla,IZQUIERDA UNIDA VERDES-SOCIALISTAS INDEPENDIENTES - IU-V-SIEX:,0,0,Ministerio del Interior / portal oficial de datos abiertos,PRIMARY_OFFICIAL
2011,2011-11-20,52 - Melilla,IZQUIERDA UNIDA VERDES-SOCIALISTAS INDEPENDIENTES - IU-VERDES-S,0,0,Ministerio del Interior / portal oficial de datos abiertos,PRIMARY_OFFICIAL
2011,2011-11-20,52 - Melilla,IZQUIERDA UNIDA-LA IZQUIERDA PLURAL - I.U.,0,0,Ministerio del Interior / portal oficial de datos abiertos,PRIMARY_OFFICIAL
2011,2011-11-20,52 - Melilla,IZQUIERDA UNIDA-LOS VERDES: LA IZQUIERDA PLURAL - IU-LV,0,0,Ministerio del Interior / portal oficial de datos abiertos,PRIMARY_OFFICIAL
2011,2011-11-20,52 - Melilla,IZQUIERDA UNIDA-LOS VERDES: LA IZQUIERDA PLURAL/EZ - I.U.,0,0,Ministerio del Interior / portal oficial de datos abiertos,PRIMARY_OFFICIAL
2011,2011-11-20,52 - Melilla,IZQUIERDA UNIDA-LOS VERDES: LA IZQUIERDA PLURAL/EZ - IU-LV,0,0,Ministerio del Interior / portal oficial de datos abiertos,PRIMARY_OFFICIAL
2011,2011-11-20,52 - Melilla,IZQUIERDA UNIDA-VERDES DE LA REGION DE MURCIA: LA - IUV-RM,0,0,Ministerio del Interior / portal oficial de datos abiertos,PRIMARY_OFFICIAL
2011,2011-11-20,52 - Melilla,IZQUIERDA-EZKERRA/LA IZQUIERDA PLURAL - IZQUIERDA-E,0,0,Ministerio del Interior / portal oficial de datos abiertos,PRIMARY_OFFICIAL
2011,2011-11-20,52 - Melilla,LOS VERDES-GRUPO VERDE - LV-GV,0,0,Ministerio del Interior / portal oficial de datos abiertos,PRIMARY_OFFICIAL
2011,2011-11-20,52 - Melilla,MUERTE AL SISTEMA - +MAS+,0,0,Ministerio del Interior / portal oficial de datos abiertos,PRIMARY_OFFICIAL
2011,2011-11-20,52 - Melilla,PARTIDO ANDALUCISTA - P.A.,0,0,Ministerio del Interior / portal oficial de datos abiertos,PRIMARY_OFFICIAL
2011,2011-11-20,52 - Melilla,PARTIDO ANDALUCISTA - PA,0,0,Ministerio del Interior / portal oficial de datos abiertos,PRIMARY_OFFICIAL
2011,2011-11-20,52 - Melilla,PARTIDO ANIMALISTA CONTRA EL MALTRATO ANIMAL - PACMA,137,0,Ministerio del Interior / portal oficial de datos abiertos,PRIMARY_OFFICIAL
2011,2011-11-20,52 - Melilla,PARTIDO CASTELLANO - PCAS,0,0,Ministerio del Interior / portal oficial de datos abiertos,PRIMARY_OFFICIAL
2011,2011-11-20,52 - Melilla,PARTIDO COMUNISTA DE LOS PUEBLOS DE ESPAÑA - P.C.P.E.,0,0,Ministerio del Interior / portal oficial de datos abiertos,PRIMARY_OFFICIAL
2011,2011-11-20,52 - Melilla,PARTIDO COMUNISTA DE LOS PUEBLOS DE ESPAÑA - PCPE,0,0,Ministerio del Interior / portal oficial de datos abiertos,PRIMARY_OFFICIAL
2011,2011-11-20,52 - Melilla,PARTIDO DE CASTILLA Y LEÓN - PCAL,0,0,Ministerio del Interior / portal oficial de datos abiertos,PRIMARY_OFFICIAL
2011,2011-11-20,52 - Melilla,PARTIDO DE INTERNET - INTERNET,0,0,Ministerio del Interior / portal oficial de datos abiertos,PRIMARY_OFFICIAL
2011,2011-11-20,52 - Melilla,PARTIDO DE LA LIBERTAD INDIVIDUAL - P-LIB,0,0,Ministerio del Interior / portal oficial de datos abiertos,PRIMARY_OFFICIAL
2011,2011-11-20,52 - Melilla,PARTIDO DEMOCRATICO Y CONSTITUCIONAL - PDYC,0,0,Ministerio del Interior / portal oficial de datos abiertos,PRIMARY_OFFICIAL
2011,2011-11-20,52 - Melilla,PARTIDO DOS SOCIALISTAS DE GALICIA - PARTIDO SOCIA - PSdeG-PSOE,0,0,Ministerio del Interior / portal oficial de datos abiertos,PRIMARY_OFFICIAL
2011,2011-11-20,52 - Melilla,PARTIDO DOS SOCIALISTAS DE GALICIA - PSOE - PSdeG-PSOE,0,0,Ministerio del Interior / portal oficial de datos abiertos,PRIMARY_OFFICIAL
2011,2011-11-20,52 - Melilla,PARTIDO HUMANISTA - PH,0,0,Ministerio del Interior / portal oficial de datos abiertos,PRIMARY_OFFICIAL
2011,2011-11-20,52 - Melilla,PARTIDO OBRERO SOCIALISTA INTERNACIONALISTA - P.O.S.I.,0,0,Ministerio del Interior / portal oficial de datos abiertos,PRIMARY_OFFICIAL
2011,2011-11-20,52 - Melilla,PARTIDO OBRERO SOCIALISTA INTERNACIONALISTA - POSI,0,0,Ministerio del Interior / portal oficial de datos abiertos,PRIMARY_OFFICIAL
2011,2011-11-20,52 - Melilla,PARTIDO PARA LA REGENERACION DE LA DEMOCRACIA EN E - P.R.D.E.,0,0,Ministerio del Interior / portal oficial de datos abiertos,PRIMARY_OFFICIAL
2011,2011-11-20,52 - Melilla,PARTIDO PIRATA - PIRATA,0,0,Ministerio del Interior / portal oficial de datos abiertos,PRIMARY_OFFICIAL
2011,2011-11-20,52 - Melilla,PARTIDO POPULAR - P.P.,17828,1,Ministerio del Interior / portal oficial de datos abiertos,PRIMARY_OFFICIAL
2011,2011-11-20,52 - Melilla,PARTIDO POPULAR - PP,0,0,Ministerio del Interior / portal oficial de datos abiertos,PRIMARY_OFFICIAL
2011,2011-11-20,52 - Melilla,PARTIDO POPULAR EN COALICIÓN CON EL PARTIDO ARAGON - PP-PAR,0,0,Ministerio del Interior / portal oficial de datos abiertos,PRIMARY_OFFICIAL
2011,2011-11-20,52 - Melilla,PARTIDO POPULAR-EXTREMADURA UNIDA - P.P-E.U.,0,0,Ministerio del Interior / portal oficial de datos abiertos,PRIMARY_OFFICIAL
2011,2011-11-20,52 - Melilla,PARTIDO POPULAR-EXTREMADURA UNIDA - PP-EU,0,0,Ministerio del Interior / portal oficial de datos abiertos,PRIMARY_OFFICIAL
2011,2011-11-20,52 - Melilla,PARTIDO REGIONALISTA DE CANTABRIA - P.R.C.,0,0,Ministerio del Interior / portal oficial de datos abiertos,PRIMARY_OFFICIAL
2011,2011-11-20,52 - Melilla,PARTIDO REGIONALISTA DEL PAIS LEONES - PREPAL,0,0,Ministerio del Interior / portal oficial de datos abiertos,PRIMARY_OFFICIAL
2011,2011-11-20,52 - Melilla,PARTIDO REGIONALISTA POR ANDALUCIA ORIENTAL - PRAO,0,0,Ministerio del Interior / portal oficial de datos abiertos,PRIMARY_OFFICIAL
2011,2011-11-20,52 - Melilla,PARTIDO SOCIALISTA DE EUSKADI-EUSKADIKO EZKERRA (P - PSE-EE (PSO,0,0,Ministerio del Interior / portal oficial de datos abiertos,PRIMARY_OFFICIAL
2011,2011-11-20,52 - Melilla,PARTIDO SOCIALISTA OBRERO ESPAÑOL - P.S.O.E.,6766,0,Ministerio del Interior / portal oficial de datos abiertos,PRIMARY_OFFICIAL
2011,2011-11-20,52 - Melilla,PARTIDO SOCIALISTA OBRERO ESPAÑOL - PSOE,0,0,Ministerio del Interior / portal oficial de datos abiertos,PRIMARY_OFFICIAL
2011,2011-11-20,52 - Melilla,PARTIT ANIMALISTA CONTRA EL MALTRACTAMENT ANIMAL - PACMA,0,0,Ministerio del Interior / portal oficial de datos abiertos,PRIMARY_OFFICIAL
2011,2011-11-20,52 - Melilla,PARTIT COMUNISTA DEL POBLE DE CATALUNYA - PCPC,0,0,Ministerio del Interior / portal oficial de datos abiertos,PRIMARY_OFFICIAL
2011,2011-11-20,52 - Melilla,PARTIT COMUNISTA DELS POBLES D'ESPANYA - P.C.P.E.,0,0,Ministerio del Interior / portal oficial de datos abiertos,PRIMARY_OFFICIAL
2011,2011-11-20,52 - Melilla,PARTIT DELS SOCIALISTES DE CATALUNYA - PSC-PSOE,0,0,Ministerio del Interior / portal oficial de datos abiertos,PRIMARY_OFFICIAL
2011,2011-11-20,52 - Melilla,PARTIT POPULAR/PARTIDO POPULAR - P.P.,0,0,Ministerio del Interior / portal oficial de datos abiertos,PRIMARY_OFFICIAL
2011,2011-11-20,52 - Melilla,PARTIT REPUBLICÀ D'ESQUERRA-REPUBLICANS - PRE-R,0,0,Ministerio del Interior / portal oficial de datos abiertos,PRIMARY_OFFICIAL
2011,2011-11-20,52 - Melilla,PER UN MÓN MÉS JUST - PUM+J,0,0,Ministerio del Interior / portal oficial de datos abiertos,PRIMARY_OFFICIAL
2011,2011-11-20,52 - Melilla,PIRATES DE CATALUNYA - PIRATA.CAT,0,0,Ministerio del Interior / portal oficial de datos abiertos,PRIMARY_OFFICIAL
2011,2011-11-20,52 - Melilla,PLATAFORMA PER CATALUNYA - PxC,0,0,Ministerio del Interior / portal oficial de datos abiertos,PRIMARY_OFFICIAL
2011,2011-11-20,52 - Melilla,POR UN MUNDO MÁS JUSTO - PUM+J,80,0,Ministerio del Interior / portal oficial de datos abiertos,PRIMARY_OFFICIAL
2011,2011-11-20,52 - Melilla,PSM-INICIATIVA VERDS-ENTESA-EQUO - PSM-IV-EXM-,0,0,Ministerio del Interior / portal oficial de datos abiertos,PRIMARY_OFFICIAL
2011,2011-11-20,52 - Melilla,REPUBLICANOS - RPS,0,0,Ministerio del Interior / portal oficial de datos abiertos,PRIMARY_OFFICIAL
2011,2011-11-20,52 - Melilla,SOCIALISTAS POR TERUEL - SXT,0,0,Ministerio del Interior / portal oficial de datos abiertos,PRIMARY_OFFICIAL
2011,2011-11-20,52 - Melilla,SOLIDARIDAD Y AUTOGESTION INTERNACIONALISTA - SAIn,0,0,Ministerio del Interior / portal oficial de datos abiertos,PRIMARY_OFFICIAL
2011,2011-11-20,52 - Melilla,"SÍ SE PUEDE, SOCIALISTAS POR TENERIFE, EQUO - SSP-SxTF-EQ",0,0,Ministerio del Interior / portal oficial de datos abiertos,PRIMARY_OFFICIAL
2011,2011-11-20,52 - Melilla,UNIDAD DEL PUEBLO - UNIDAD DEL,0,0,Ministerio del Interior / portal oficial de datos abiertos,PRIMARY_OFFICIAL
2011,2011-11-20,52 - Melilla,UNIDAD REGIONALISTA DE CASTILLA Y LEON - U.R.C.L.,0,0,Ministerio del Interior / portal oficial de datos abiertos,PRIMARY_OFFICIAL
2011,2011-11-20,52 - Melilla,UNIFICACIÓN COMUNISTA DE ESPAÑA - U.C.E.,0,0,Ministerio del Interior / portal oficial de datos abiertos,PRIMARY_OFFICIAL
2011,2011-11-20,52 - Melilla,UNIFICACIÓN COMUNISTA DE ESPAÑA - UCE,0,0,Ministerio del Interior / portal oficial de datos abiertos,PRIMARY_OFFICIAL
2011,2011-11-20,52 - Melilla,UNION DE CIUDADANOS INDEPENDIENTES DE TOLEDO - U.C.I.T.,0,0,Ministerio del Interior / portal oficial de datos abiertos,PRIMARY_OFFICIAL
2011,2011-11-20,52 - Melilla,UNITS X VALENCIA - UxV,0,0,Ministerio del Interior / portal oficial de datos abiertos,PRIMARY_OFFICIAL
2011,2011-11-20,52 - Melilla,UNIÓN DEL PUEBLO NAVARRO EN COALICIÓN CON EL PARTI - UPN-PP,0,0,Ministerio del Interior / portal oficial de datos abiertos,PRIMARY_OFFICIAL
2011,2011-11-20,52 - Melilla,UNIÓN PROGRESO Y DEMOCRACIA - UPyD,992,0,Ministerio del Interior / portal oficial de datos abiertos,PRIMARY_OFFICIAL
2011,2011-11-20,6 - Badajoz,ACCION CIUDADANA POR MALAGA - ACIMA,0,0,Ministerio del Interior / portal oficial de datos abiertos,PRIMARY_OFFICIAL
2011,2011-11-20,6 - Badajoz,ALTERNATIVA NACIONALISTA CANARIA - ANC,0,0,Ministerio del Interior / portal oficial de datos abiertos,PRIMARY_OFFICIAL
2011,2011-11-20,6 - Badajoz,AMAIUR - AMAIUR,0,0,Ministerio del Interior / portal oficial de datos abiertos,PRIMARY_OFFICIAL
2011,2011-11-20,6 - Badajoz,ANDECHA ASTUR - ANDECHA,0,0,Ministerio del Interior / portal oficial de datos abiertos,PRIMARY_OFFICIAL
2011,2011-11-20,6 - Badajoz,ANTICAPITALISTAS - ANTICAPITAL,0,0,Ministerio del Interior / portal oficial de datos abiertos,PRIMARY_OFFICIAL
2011,2011-11-20,6 - Badajoz,ANTICAPITALISTES - ANTICAPITAL,0,0,Ministerio del Interior / portal oficial de datos abiertos,PRIMARY_OFFICIAL
2011,2011-11-20,6 - Badajoz,"BASTA YA, AGRUPACIÓN ABIERTA DE PARTIDOS POLÍTICOS - BASTA YA",0,0,Ministerio del Interior / portal oficial de datos abiertos,PRIMARY_OFFICIAL
2011,2011-11-20,6 - Badajoz,BIDEZKO MUNDURANTZ/POR UN MUNDO MAS JUSTO - PUM+J,0,0,Ministerio del Interior / portal oficial de datos abiertos,PRIMARY_OFFICIAL
2011,2011-11-20,6 - Badajoz,BIDEZKO MUNDURANTZ/POR UN MUNDO MÁS JUSTO - PU M+J,0,0,Ministerio del Interior / portal oficial de datos abiertos,PRIMARY_OFFICIAL
2011,2011-11-20,6 - Badajoz,BLOC-INICIATIVA-VERDS-EQUO-COALICIÓ COMPROMÍS - COMPROMÍS-Q,0,0,Ministerio del Interior / portal oficial de datos abiertos,PRIMARY_OFFICIAL
2011,2011-11-20,6 - Badajoz,BLOQUE NACIONALISTA GALEGO - B.N.G.,0,0,Ministerio del Interior / portal oficial de datos abiertos,PRIMARY_OFFICIAL
2011,2011-11-20,6 - Badajoz,BLOQUE NACIONALISTA GALEGO - BNG,0,0,Ministerio del Interior / portal oficial de datos abiertos,PRIMARY_OFFICIAL
2011,2011-11-20,6 - Badajoz,CANARIAS VERDE Y ROJA: LA IZQUIERDA PLURAL - IUC-CxI,0,0,Ministerio del Interior / portal oficial de datos abiertos,PRIMARY_OFFICIAL
2011,2011-11-20,6 - Badajoz,CENTRO DEMOCRATICO LIBERAL - C.D.L.,0,0,Ministerio del Interior / portal oficial de datos abiertos,PRIMARY_OFFICIAL
2011,2011-11-20,6 - Badajoz,"CHUNTA ARAGONESISTA-IZQUIERDA UNIDA, LA IZQUIERDA - CHA-IU",0,0,Ministerio del Interior / portal oficial de datos abiertos,PRIMARY_OFFICIAL
2011,2011-11-20,6 - Badajoz,"CHUNTA ARAGONESISTA-IZQUIERDA UNIDA, La Izquierda - CHA-IU",0,0,Ministerio del Interior / portal oficial de datos abiertos,PRIMARY_OFFICIAL
2011,2011-11-20,6 - Badajoz,CIUDADANOS DE CENTRO DEMOCRÁTICO - CCD,0,0,Ministerio del Interior / portal oficial de datos abiertos,PRIMARY_OFFICIAL
2011,2011-11-20,6 - Badajoz,COALICION CABALLAS - Caballas,0,0,Ministerio del Interior / portal oficial de datos abiertos,PRIMARY_OFFICIAL
2011,2011-11-20,6 - Badajoz,COALICIÓN CANARIA-NUEVA CANARIAS - CC-NC-PNC,0,0,Ministerio del Interior / portal oficial de datos abiertos,PRIMARY_OFFICIAL
2011,2011-11-20,6 - Badajoz,CONVERGENCIA POR EXTREMADURA - CEx,574,0,Ministerio del Interior / portal oficial de datos abiertos,PRIMARY_OFFICIAL
2011,2011-11-20,6 - Badajoz,CONVERGÈNCIA I UNIÓ - CiU,0,0,Ministerio del Interior / portal oficial de datos abiertos,PRIMARY_OFFICIAL
2011,2011-11-20,6 - Badajoz,CONVERGÈNCIA i UNIÓ - CiU,0,0,Ministerio del Interior / portal oficial de datos abiertos,PRIMARY_OFFICIAL
2011,2011-11-20,6 - Badajoz,CONVERXENCIA VINTEÚN - C.XXI,0,0,Ministerio del Interior / portal oficial de datos abiertos,PRIMARY_OFFICIAL
2011,2011-11-20,6 - Badajoz,CONVERXENCIA VINTEÚN - CXXI,0,0,Ministerio del Interior / portal oficial de datos abiertos,PRIMARY_OFFICIAL
2011,2011-11-20,6 - Badajoz,DEMOCRACIA NACIONAL - D.N.,0,0,Ministerio del Interior / portal oficial de datos abiertos,PRIMARY_OFFICIAL
2011,2011-11-20,6 - Badajoz,DEMOS EL CAMBIO - DeC,0,0,Ministerio del Interior / portal oficial de datos abiertos,PRIMARY_OFFICIAL
2011,2011-11-20,6 - Badajoz,DERECHA NAVARRA Y ESPAÑOLA - DNE,0,0,Ministerio del Interior / portal oficial de datos abiertos,PRIMARY_OFFICIAL
2011,2011-11-20,6 - Badajoz,EQUO - EQUO,1801,0,Ministerio del Interior / portal oficial de datos abiertos,PRIMARY_OFFICIAL
2011,2011-11-20,6 - Badajoz,EQUO - eQuo,0,0,Ministerio del Interior / portal oficial de datos abiertos,PRIMARY_OFFICIAL
2011,2011-11-20,6 - Badajoz,ESCAÑOS EN BLANCO - Eb,0,0,Ministerio del Interior / portal oficial de datos abiertos,PRIMARY_OFFICIAL
2011,2011-11-20,6 - Badajoz,ESCAÑOS EN BLANCO/ESCONS EN BLANC - EB,0,0,Ministerio del Interior / portal oficial de datos abiertos,PRIMARY_OFFICIAL
2011,2011-11-20,6 - Badajoz,ESCONS EN BLANC - Eb,0,0,Ministerio del Interior / portal oficial de datos abiertos,PRIMARY_OFFICIAL
2011,2011-11-20,6 - Badajoz,ESPAÑA 2000 - ESPAÑA 2000,0,0,Ministerio del Interior / portal oficial de datos abiertos,PRIMARY_OFFICIAL
2011,2011-11-20,6 - Badajoz,ESQUERDA UNIDA-OS VERDES: A ESQUERDA PLURAL - EU-V,0,0,Ministerio del Interior / portal oficial de datos abiertos,PRIMARY_OFFICIAL
2011,2011-11-20,6 - Badajoz,ESQUERRA REPUBLICANA - ESQUERRA,0,0,Ministerio del Interior / portal oficial de datos abiertos,PRIMARY_OFFICIAL
2011,2011-11-20,6 - Badajoz,ESQUERRA REPUBLICANA DE CATALUNYA-CATALUNYA SÍ - ERC - RI.ca,0,0,Ministerio del Interior / portal oficial de datos abiertos,PRIMARY_OFFICIAL
2011,2011-11-20,6 - Badajoz,ESQUERRA REPUBLICANA DE CATALUNYA-CATALUNYA SÍ - ERC-RI.cat,0,0,Ministerio del Interior / portal oficial de datos abiertos,PRIMARY_OFFICIAL
2011,2011-11-20,6 - Badajoz,ESQUERRA REPUBLICANA DEL PAÍS VALENCIÀ - ERPV,0,0,Ministerio del Interior / portal oficial de datos abiertos,PRIMARY_OFFICIAL
2011,2011-11-20,6 - Badajoz,ESQUERRA UNIDA DEL PAIS VALENCIA-LOS VERDES: L'ESQ - EUPV-LV,0,0,Ministerio del Interior / portal oficial de datos abiertos,PRIMARY_OFFICIAL
2011,2011-11-20,6 - Badajoz,ESQUERRA UNIDA ILLES BALEARS: LA IZQUIERDA PLURAL - EUIB,0,0,Ministerio del Interior / portal oficial de datos abiertos,PRIMARY_OFFICIAL
2011,2011-11-20,6 - Badajoz,ESQUERRA UNIDA PAÍS VALENCIÀ-ELS VERDS: L'ESQUERRA - EUPV-EV,0,0,Ministerio del Interior / portal oficial de datos abiertos,PRIMARY_OFFICIAL
2011,2011-11-20,6 - Badajoz,EUZKO ALDERDI JELTZALEA-PARTIDO NACIONALISTA VASCO - E.A.J.-P.N.,0,0,Ministerio del Interior / portal oficial de datos abiertos,PRIMARY_OFFICIAL
2011,2011-11-20,6 - Badajoz,EUZKO ALDERDI JELTZALEA-PARTIDO NACIONALISTA VASCO - EAJ-PNV,0,0,Ministerio del Interior / portal oficial de datos abiertos,PRIMARY_OFFICIAL
2011,2011-11-20,6 - Badajoz,FALANGE ESPAÑOLA DE LAS J.O.N.S. - FE de las J,0,0,Ministerio del Interior / portal oficial de datos abiertos,PRIMARY_OFFICIAL
2011,2011-11-20,6 - Badajoz,FAMILIA Y VIDA - PFyV,0,0,Ministerio del Interior / portal oficial de datos abiertos,PRIMARY_OFFICIAL
2011,2011-11-20,6 - Badajoz,FORO CENTRO Y DEMOCRACIA - CYD,0,0,Ministerio del Interior / portal oficial de datos abiertos,PRIMARY_OFFICIAL
2011,2011-11-20,6 - Badajoz,FORO DE CIUDADANOS - FAC,0,0,Ministerio del Interior / portal oficial de datos abiertos,PRIMARY_OFFICIAL
2011,2011-11-20,6 - Badajoz,GEROA BAI - GBAI,0,0,Ministerio del Interior / portal oficial de datos abiertos,PRIMARY_OFFICIAL
2011,2011-11-20,6 - Badajoz,HARTOS.ORG - HARTOS.ORG,0,0,Ministerio del Interior / portal oficial de datos abiertos,PRIMARY_OFFICIAL
2011,2011-11-20,6 - Badajoz,HIGIENE DEMOCRATICA - H.D.,0,0,Ministerio del Interior / portal oficial de datos abiertos,PRIMARY_OFFICIAL
2011,2011-11-20,6 - Badajoz,INICIATIVA PER CATALUNYA VERDS-ESQUERRA UNIDA I AL - ICV-EUiA,0,0,Ministerio del Interior / portal oficial de datos abiertos,PRIMARY_OFFICIAL
2011,2011-11-20,6 - Badajoz,INICIATIVA PER CATALUNYA VERDS-ESQUERRA UNIDA i AL - ICV-EUiA,0,0,Ministerio del Interior / portal oficial de datos abiertos,PRIMARY_OFFICIAL
2011,2011-11-20,6 - Badajoz,IU - LOS VERDES: LA IZQUIERDA PLURAL / EZKER ANITZ - IU-LV,0,0,Ministerio del Interior / portal oficial de datos abiertos,PRIMARY_OFFICIAL
2011,2011-11-20,6 - Badajoz,IZQUIERDA UNIDA - PARTIDO DEMOCRÁTICO Y SOCIAL DE - IU-PDSC,0,0,Ministerio del Interior / portal oficial de datos abiertos,PRIMARY_OFFICIAL
2011,2011-11-20,6 - Badajoz,IZQUIERDA UNIDA CANARIA-INICIATIVA POR EL HIERRO-L - IUC-IpH-LV,0,0,Ministerio del Interior / portal oficial de datos abiertos,PRIMARY_OFFICIAL
2011,2011-11-20,6 - Badajoz,IZQUIERDA UNIDA DE ASTURIAS-IZQUIERDA XUNIDA D'AST - IU-IX,0,0,Ministerio del Interior / portal oficial de datos abiertos,PRIMARY_OFFICIAL
2011,2011-11-20,6 - Badajoz,IZQUIERDA UNIDA DE CANTABRIA: LA IZQUIERDA PLURAL - IUC,0,0,Ministerio del Interior / portal oficial de datos abiertos,PRIMARY_OFFICIAL
2011,2011-11-20,6 - Badajoz,IZQUIERDA UNIDA DE CASTILLA Y LEON: LA IZQUIERDA P - IUCL,0,0,Ministerio del Interior / portal oficial de datos abiertos,PRIMARY_OFFICIAL
2011,2011-11-20,6 - Badajoz,IZQUIERDA UNIDA DE CASTILLA Y LEON: LA IZQUIERDA P - IUCyL,0,0,Ministerio del Interior / portal oficial de datos abiertos,PRIMARY_OFFICIAL
2011,2011-11-20,6 - Badajoz,IZQUIERDA UNIDA DE CASTILLA Y LEÓN: LA IZQUIERDA P - IU CyL,0,0,Ministerio del Interior / portal oficial de datos abiertos,PRIMARY_OFFICIAL
2011,2011-11-20,6 - Badajoz,IZQUIERDA UNIDA DE CASTILLA Y LEÓN: LA IZQUIERDA P - IUCL,0,0,Ministerio del Interior / portal oficial de datos abiertos,PRIMARY_OFFICIAL
2011,2011-11-20,6 - Badajoz,IZQUIERDA UNIDA DE CASTILLA-LA MANCHA-LOS VERDES: - IUCLM-LV,0,0,Ministerio del Interior / portal oficial de datos abiertos,PRIMARY_OFFICIAL
2011,2011-11-20,6 - Badajoz,IZQUIERDA UNIDA DE CASTILLA-LA MANCHA-LOS VERDES: - IUCM-LV,0,0,Ministerio del Interior / portal oficial de datos abiertos,PRIMARY_OFFICIAL
2011,2011-11-20,6 - Badajoz,IZQUIERDA UNIDA LOS VERDES-CONVOCATORIA POR ANDALU - IULV-CA,0,0,Ministerio del Interior / portal oficial de datos abiertos,PRIMARY_OFFICIAL
2011,2011-11-20,6 - Badajoz,IZQUIERDA UNIDA VERDES-SOCIALISTAS INDEPENDIENTES - IU-V-SIEX:,0,0,Ministerio del Interior / portal oficial de datos abiertos,PRIMARY_OFFICIAL
2011,2011-11-20,6 - Badajoz,IZQUIERDA UNIDA VERDES-SOCIALISTAS INDEPENDIENTES - IU-VERDES-S,24344,0,Ministerio del Interior / portal oficial de datos abiertos,PRIMARY_OFFICIAL
2011,2011-11-20,6 - Badajoz,IZQUIERDA UNIDA-LA IZQUIERDA PLURAL - I.U.,0,0,Ministerio del Interior / portal oficial de datos abiertos,PRIMARY_OFFICIAL
2011,2011-11-20,6 - Badajoz,IZQUIERDA UNIDA-LOS VERDES: LA IZQUIERDA PLURAL - IU-LV,0,0,Ministerio del Interior / portal oficial de datos abiertos,PRIMARY_OFFICIAL
2011,2011-11-20,6 - Badajoz,IZQUIERDA UNIDA-LOS VERDES: LA IZQUIERDA PLURAL/EZ - I.U.,0,0,Ministerio del Interior / portal oficial de datos abiertos,PRIMARY_OFFICIAL
2011,2011-11-20,6 - Badajoz,IZQUIERDA UNIDA-LOS VERDES: LA IZQUIERDA PLURAL/EZ - IU-LV,0,0,Ministerio del Interior / portal oficial de datos abiertos,PRIMARY_OFFICIAL
2011,2011-11-20,6 - Badajoz,IZQUIERDA UNIDA-VERDES DE LA REGION DE MURCIA: LA - IUV-RM,0,0,Ministerio del Interior / portal oficial de datos abiertos,PRIMARY_OFFICIAL
2011,2011-11-20,6 - Badajoz,IZQUIERDA-EZKERRA/LA IZQUIERDA PLURAL - IZQUIERDA-E,0,0,Ministerio del Interior / portal oficial de datos abiertos,PRIMARY_OFFICIAL
2011,2011-11-20,6 - Badajoz,LOS VERDES-GRUPO VERDE - LV-GV,0,0,Ministerio del Interior / portal oficial de datos abiertos,PRIMARY_OFFICIAL
2011,2011-11-20,6 - Badajoz,MUERTE AL SISTEMA - +MAS+,0,0,Ministerio del Interior / portal oficial de datos abiertos,PRIMARY_OFFICIAL
2011,2011-11-20,6 - Badajoz,PARTIDO ANDALUCISTA - P.A.,0,0,Ministerio del Interior / portal oficial de datos abiertos,PRIMARY_OFFICIAL
2011,2011-11-20,6 - Badajoz,PARTIDO ANDALUCISTA - PA,0,0,Ministerio del Interior / portal oficial de datos abiertos,PRIMARY_OFFICIAL
2011,2011-11-20,6 - Badajoz,PARTIDO ANIMALISTA CONTRA EL MALTRATO ANIMAL - PACMA,1371,0,Ministerio del Interior / portal oficial de datos abiertos,PRIMARY_OFFICIAL
2011,2011-11-20,6 - Badajoz,PARTIDO CASTELLANO - PCAS,0,0,Ministerio del Interior / portal oficial de datos abiertos,PRIMARY_OFFICIAL
2011,2011-11-20,6 - Badajoz,PARTIDO COMUNISTA DE LOS PUEBLOS DE ESPAÑA - P.C.P.E.,0,0,Ministerio del Interior / portal oficial de datos abiertos,PRIMARY_OFFICIAL
2011,2011-11-20,6 - Badajoz,PARTIDO COMUNISTA DE LOS PUEBLOS DE ESPAÑA - PCPE,0,0,Ministerio del Interior / portal oficial de datos abiertos,PRIMARY_OFFICIAL
2011,2011-11-20,6 - Badajoz,PARTIDO DE CASTILLA Y LEÓN - PCAL,0,0,Ministerio del Interior / portal oficial de datos abiertos,PRIMARY_OFFICIAL
2011,2011-11-20,6 - Badajoz,PARTIDO DE INTERNET - INTERNET,0,0,Ministerio del Interior / portal oficial de datos abiertos,PRIMARY_OFFICIAL
2011,2011-11-20,6 - Badajoz,PARTIDO DE LA LIBERTAD INDIVIDUAL - P-LIB,0,0,Ministerio del Interior / portal oficial de datos abiertos,PRIMARY_OFFICIAL
2011,2011-11-20,6 - Badajoz,PARTIDO DEMOCRATICO Y CONSTITUCIONAL - PDYC,0,0,Ministerio del Interior / portal oficial de datos abiertos,PRIMARY_OFFICIAL
2011,2011-11-20,6 - Badajoz,PARTIDO DOS SOCIALISTAS DE GALICIA - PARTIDO SOCIA - PSdeG-PSOE,0,0,Ministerio del Interior / portal oficial de datos abiertos,PRIMARY_OFFICIAL
2011,2011-11-20,6 - Badajoz,PARTIDO DOS SOCIALISTAS DE GALICIA - PSOE - PSdeG-PSOE,0,0,Ministerio del Interior / portal oficial de datos abiertos,PRIMARY_OFFICIAL
2011,2011-11-20,6 - Badajoz,PARTIDO HUMANISTA - PH,0,0,Ministerio del Interior / portal oficial de datos abiertos,PRIMARY_OFFICIAL
2011,2011-11-20,6 - Badajoz,PARTIDO OBRERO SOCIALISTA INTERNACIONALISTA - P.O.S.I.,0,0,Ministerio del Interior / portal oficial de datos abiertos,PRIMARY_OFFICIAL
2011,2011-11-20,6 - Badajoz,PARTIDO OBRERO SOCIALISTA INTERNACIONALISTA - POSI,0,0,Ministerio del Interior / portal oficial de datos abiertos,PRIMARY_OFFICIAL
2011,2011-11-20,6 - Badajoz,PARTIDO PARA LA REGENERACION DE LA DEMOCRACIA EN E - P.R.D.E.,0,0,Ministerio del Interior / portal oficial de datos abiertos,PRIMARY_OFFICIAL
2011,2011-11-20,6 - Badajoz,PARTIDO PIRATA - PIRATA,0,0,Ministerio del Interior / portal oficial de datos abiertos,PRIMARY_OFFICIAL
2011,2011-11-20,6 - Badajoz,PARTIDO POPULAR - P.P.,0,0,Ministerio del Interior / portal oficial de datos abiertos,PRIMARY_OFFICIAL
2011,2011-11-20,6 - Badajoz,PARTIDO POPULAR - PP,0,0,Ministerio del Interior / portal oficial de datos abiertos,PRIMARY_OFFICIAL
2011,2011-11-20,6 - Badajoz,PARTIDO POPULAR EN COALICIÓN CON EL PARTIDO ARAGON - PP-PAR,0,0,Ministerio del Interior / portal oficial de datos abiertos,PRIMARY_OFFICIAL
2011,2011-11-20,6 - Badajoz,PARTIDO POPULAR-EXTREMADURA UNIDA - P.P-E.U.,207068,4,Ministerio del Interior / portal oficial de datos abiertos,PRIMARY_OFFICIAL
2011,2011-11-20,6 - Badajoz,PARTIDO POPULAR-EXTREMADURA UNIDA - PP-EU,0,0,Ministerio del Interior / portal oficial de datos abiertos,PRIMARY_OFFICIAL
2011,2011-11-20,6 - Badajoz,PARTIDO REGIONALISTA DE CANTABRIA - P.R.C.,0,0,Ministerio del Interior / portal oficial de datos abiertos,PRIMARY_OFFICIAL
2011,2011-11-20,6 - Badajoz,PARTIDO REGIONALISTA DEL PAIS LEONES - PREPAL,0,0,Ministerio del Interior / portal oficial de datos abiertos,PRIMARY_OFFICIAL
2011,2011-11-20,6 - Badajoz,PARTIDO REGIONALISTA POR ANDALUCIA ORIENTAL - PRAO,0,0,Ministerio del Interior / portal oficial de datos abiertos,PRIMARY_OFFICIAL
2011,2011-11-20,6 - Badajoz,PARTIDO SOCIALISTA DE EUSKADI-EUSKADIKO EZKERRA (P - PSE-EE (PSO,0,0,Ministerio del Interior / portal oficial de datos abiertos,PRIMARY_OFFICIAL
2011,2011-11-20,6 - Badajoz,PARTIDO SOCIALISTA OBRERO ESPAÑOL - P.S.O.E.,153692,2,Ministerio del Interior / portal oficial de datos abiertos,PRIMARY_OFFICIAL
2011,2011-11-20,6 - Badajoz,PARTIDO SOCIALISTA OBRERO ESPAÑOL - PSOE,0,0,Ministerio del Interior / portal oficial de datos abiertos,PRIMARY_OFFICIAL
2011,2011-11-20,6 - Badajoz,PARTIT ANIMALISTA CONTRA EL MALTRACTAMENT ANIMAL - PACMA,0,0,Ministerio del Interior / portal oficial de datos abiertos,PRIMARY_OFFICIAL
2011,2011-11-20,6 - Badajoz,PARTIT COMUNISTA DEL POBLE DE CATALUNYA - PCPC,0,0,Ministerio del Interior / portal oficial de datos abiertos,PRIMARY_OFFICIAL
2011,2011-11-20,6 - Badajoz,PARTIT COMUNISTA DELS POBLES D'ESPANYA - P.C.P.E.,0,0,Ministerio del Interior / portal oficial de datos abiertos,PRIMARY_OFFICIAL
2011,2011-11-20,6 - Badajoz,PARTIT DELS SOCIALISTES DE CATALUNYA - PSC-PSOE,0,0,Ministerio del Interior / portal oficial de datos abiertos,PRIMARY_OFFICIAL
2011,2011-11-20,6 - Badajoz,PARTIT POPULAR/PARTIDO POPULAR - P.P.,0,0,Ministerio del Interior / portal oficial de datos abiertos,PRIMARY_OFFICIAL
2011,2011-11-20,6 - Badajoz,PARTIT REPUBLICÀ D'ESQUERRA-REPUBLICANS - PRE-R,0,0,Ministerio del Interior / portal oficial de datos abiertos,PRIMARY_OFFICIAL
2011,2011-11-20,6 - Badajoz,PER UN MÓN MÉS JUST - PUM+J,0,0,Ministerio del Interior / portal oficial de datos abiertos,PRIMARY_OFFICIAL
2011,2011-11-20,6 - Badajoz,PIRATES DE CATALUNYA - PIRATA.CAT,0,0,Ministerio del Interior / portal oficial de datos abiertos,PRIMARY_OFFICIAL
2011,2011-11-20,6 - Badajoz,PLATAFORMA PER CATALUNYA - PxC,0,0,Ministerio del Interior / portal oficial de datos abiertos,PRIMARY_OFFICIAL
2011,2011-11-20,6 - Badajoz,POR UN MUNDO MÁS JUSTO - PUM+J,986,0,Ministerio del Interior / portal oficial de datos abiertos,PRIMARY_OFFICIAL
2011,2011-11-20,6 - Badajoz,PSM-INICIATIVA VERDS-ENTESA-EQUO - PSM-IV-EXM-,0,0,Ministerio del Interior / portal oficial de datos abiertos,PRIMARY_OFFICIAL
2011,2011-11-20,6 - Badajoz,REPUBLICANOS - RPS,0,0,Ministerio del Interior / portal oficial de datos abiertos,PRIMARY_OFFICIAL
2011,2011-11-20,6 - Badajoz,SOCIALISTAS POR TERUEL - SXT,0,0,Ministerio del Interior / portal oficial de datos abiertos,PRIMARY_OFFICIAL
2011,2011-11-20,6 - Badajoz,SOLIDARIDAD Y AUTOGESTION INTERNACIONALISTA - SAIn,0,0,Ministerio del Interior / portal oficial de datos abiertos,PRIMARY_OFFICIAL
2011,2011-11-20,6 - Badajoz,"SÍ SE PUEDE, SOCIALISTAS POR TENERIFE, EQUO - SSP-SxTF-EQ",0,0,Ministerio del Interior / portal oficial de datos abiertos,PRIMARY_OFFICIAL
2011,2011-11-20,6 - Badajoz,UNIDAD DEL PUEBLO - UNIDAD DEL,0,0,Ministerio del Interior / portal oficial de datos abiertos,PRIMARY_OFFICIAL
2011,2011-11-20,6 - Badajoz,UNIDAD REGIONALISTA DE CASTILLA Y LEON - U.R.C.L.,0,0,Ministerio del Interior / portal oficial de datos abiertos,PRIMARY_OFFICIAL
2011,2011-11-20,6 - Badajoz,UNIFICACIÓN COMUNISTA DE ESPAÑA - U.C.E.,0,0,Ministerio del Interior / portal oficial de datos abiertos,PRIMARY_OFFICIAL
2011,2011-11-20,6 - Badajoz,UNIFICACIÓN COMUNISTA DE ESPAÑA - UCE,0,0,Ministerio del Interior / portal oficial de datos abiertos,PRIMARY_OFFICIAL
2011,2011-11-20,6 - Badajoz,UNION DE CIUDADANOS INDEPENDIENTES DE TOLEDO - U.C.I.T.,0,0,Ministerio del Interior / portal oficial de datos abiertos,PRIMARY_OFFICIAL
2011,2011-11-20,6 - Badajoz,UNITS X VALENCIA - UxV,0,0,Ministerio del Interior / portal oficial de datos abiertos,PRIMARY_OFFICIAL
2011,2011-11-20,6 - Badajoz,UNIÓN DEL PUEBLO NAVARRO EN COALICIÓN CON EL PARTI - UPN-PP,0,0,Ministerio del Interior / portal oficial de datos abiertos,PRIMARY_OFFICIAL
2011,2011-11-20,6 - Badajoz,UNIÓN PROGRESO Y DEMOCRACIA - UPyD,14174,0,Ministerio del Interior / portal oficial de datos abiertos,PRIMARY_OFFICIAL
2011,2011-11-20,"7 - Balears, Illes",ACCION CIUDADANA POR MALAGA - ACIMA,0,0,Ministerio del Interior / portal oficial de datos abiertos,PRIMARY_OFFICIAL
2011,2011-11-20,"7 - Balears, Illes",ALTERNATIVA NACIONALISTA CANARIA - ANC,0,0,Ministerio del Interior / portal oficial de datos abiertos,PRIMARY_OFFICIAL
2011,2011-11-20,"7 - Balears, Illes",AMAIUR - AMAIUR,0,0,Ministerio del Interior / portal oficial de datos abiertos,PRIMARY_OFFICIAL
2011,2011-11-20,"7 - Balears, Illes",ANDECHA ASTUR - ANDECHA,0,0,Ministerio del Interior / portal oficial de datos abiertos,PRIMARY_OFFICIAL
2011,2011-11-20,"7 - Balears, Illes",ANTICAPITALISTAS - ANTICAPITAL,0,0,Ministerio del Interior / portal oficial de datos abiertos,PRIMARY_OFFICIAL
2011,2011-11-20,"7 - Balears, Illes",ANTICAPITALISTES - ANTICAPITAL,0,0,Ministerio del Interior / portal oficial de datos abiertos,PRIMARY_OFFICIAL
2011,2011-11-20,"7 - Balears, Illes","BASTA YA, AGRUPACIÓN ABIERTA DE PARTIDOS POLÍTICOS - BASTA YA",0,0,Ministerio del Interior / portal oficial de datos abiertos,PRIMARY_OFFICIAL
2011,2011-11-20,"7 - Balears, Illes",BIDEZKO MUNDURANTZ/POR UN MUNDO MAS JUSTO - PUM+J,0,0,Ministerio del Interior / portal oficial de datos abiertos,PRIMARY_OFFICIAL
2011,2011-11-20,"7 - Balears, Illes",BIDEZKO MUNDURANTZ/POR UN MUNDO MÁS JUSTO - PU M+J,0,0,Ministerio del Interior / portal oficial de datos abiertos,PRIMARY_OFFICIAL
2011,2011-11-20,"7 - Balears, Illes",BLOC-INICIATIVA-VERDS-EQUO-COALICIÓ COMPROMÍS - COMPROMÍS-Q,0,0,Ministerio del Interior / portal oficial de datos abiertos,PRIMARY_OFFICIAL
2011,2011-11-20,"7 - Balears, Illes",BLOQUE NACIONALISTA GALEGO - B.N.G.,0,0,Ministerio del Interior / portal oficial de datos abiertos,PRIMARY_OFFICIAL
2011,2011-11-20,"7 - Balears, Illes",BLOQUE NACIONALISTA GALEGO - BNG,0,0,Ministerio del Interior / portal oficial de datos abiertos,PRIMARY_OFFICIAL
2011,2011-11-20,"7 - Balears, Illes",CANARIAS VERDE Y ROJA: LA IZQUIERDA PLURAL - IUC-CxI,0,0,Ministerio del Interior / portal oficial de datos abiertos,PRIMARY_OFFICIAL
2011,2011-11-20,"7 - Balears, Illes",CENTRO DEMOCRATICO LIBERAL - C.D.L.,0,0,Ministerio del Interior / portal oficial de datos abiertos,PRIMARY_OFFICIAL
2011,2011-11-20,"7 - Balears, Illes","CHUNTA ARAGONESISTA-IZQUIERDA UNIDA, LA IZQUIERDA - CHA-IU",0,0,Ministerio del Interior / portal oficial de datos abiertos,PRIMARY_OFFICIAL
2011,2011-11-20,"7 - Balears, Illes","CHUNTA ARAGONESISTA-IZQUIERDA UNIDA, La Izquierda - CHA-IU",0,0,Ministerio del Interior / portal oficial de datos abiertos,PRIMARY_OFFICIAL
2011,2011-11-20,"7 - Balears, Illes",CIUDADANOS DE CENTRO DEMOCRÁTICO - CCD,0,0,Ministerio del Interior / portal oficial de datos abiertos,PRIMARY_OFFICIAL
2011,2011-11-20,"7 - Balears, Illes",COALICION CABALLAS - Caballas,0,0,Ministerio del Interior / portal oficial de datos abiertos,PRIMARY_OFFICIAL
2011,2011-11-20,"7 - Balears, Illes",COALICIÓN CANARIA-NUEVA CANARIAS - CC-NC-PNC,0,0,Ministerio del Interior / portal oficial de datos abiertos,PRIMARY_OFFICIAL
2011,2011-11-20,"7 - Balears, Illes",CONVERGENCIA POR EXTREMADURA - CEx,0,0,Ministerio del Interior / portal oficial de datos abiertos,PRIMARY_OFFICIAL
2011,2011-11-20,"7 - Balears, Illes",CONVERGÈNCIA I UNIÓ - CiU,0,0,Ministerio del Interior / portal oficial de datos abiertos,PRIMARY_OFFICIAL
2011,2011-11-20,"7 - Balears, Illes",CONVERGÈNCIA i UNIÓ - CiU,0,0,Ministerio del Interior / portal oficial de datos abiertos,PRIMARY_OFFICIAL
2011,2011-11-20,"7 - Balears, Illes",CONVERXENCIA VINTEÚN - C.XXI,0,0,Ministerio del Interior / portal oficial de datos abiertos,PRIMARY_OFFICIAL
2011,2011-11-20,"7 - Balears, Illes",CONVERXENCIA VINTEÚN - CXXI,0,0,Ministerio del Interior / portal oficial de datos abiertos,PRIMARY_OFFICIAL
2011,2011-11-20,"7 - Balears, Illes",DEMOCRACIA NACIONAL - D.N.,0,0,Ministerio del Interior / portal oficial de datos abiertos,PRIMARY_OFFICIAL
2011,2011-11-20,"7 - Balears, Illes",DEMOS EL CAMBIO - DeC,0,0,Ministerio del Interior / portal oficial de datos abiertos,PRIMARY_OFFICIAL
2011,2011-11-20,"7 - Balears, Illes",DERECHA NAVARRA Y ESPAÑOLA - DNE,0,0,Ministerio del Interior / portal oficial de datos abiertos,PRIMARY_OFFICIAL
2011,2011-11-20,"7 - Balears, Illes",EQUO - EQUO,0,0,Ministerio del Interior / portal oficial de datos abiertos,PRIMARY_OFFICIAL
2011,2011-11-20,"7 - Balears, Illes",EQUO - eQuo,0,0,Ministerio del Interior / portal oficial de datos abiertos,PRIMARY_OFFICIAL
2011,2011-11-20,"7 - Balears, Illes",ESCAÑOS EN BLANCO - Eb,0,0,Ministerio del Interior / portal oficial de datos abiertos,PRIMARY_OFFICIAL
2011,2011-11-20,"7 - Balears, Illes",ESCAÑOS EN BLANCO/ESCONS EN BLANC - EB,0,0,Ministerio del Interior / portal oficial de datos abiertos,PRIMARY_OFFICIAL
2011,2011-11-20,"7 - Balears, Illes",ESCONS EN BLANC - Eb,4271,0,Ministerio del Interior / portal oficial de datos abiertos,PRIMARY_OFFICIAL
2011,2011-11-20,"7 - Balears, Illes",ESPAÑA 2000 - ESPAÑA 2000,0,0,Ministerio del Interior / portal oficial de datos abiertos,PRIMARY_OFFICIAL
2011,2011-11-20,"7 - Balears, Illes",ESQUERDA UNIDA-OS VERDES: A ESQUERDA PLURAL - EU-V,0,0,Ministerio del Interior / portal oficial de datos abiertos,PRIMARY_OFFICIAL
2011,2011-11-20,"7 - Balears, Illes",ESQUERRA REPUBLICANA - ESQUERRA,4681,0,Ministerio del Interior / portal oficial de datos abiertos,PRIMARY_OFFICIAL
2011,2011-11-20,"7 - Balears, Illes",ESQUERRA REPUBLICANA DE CATALUNYA-CATALUNYA SÍ - ERC - RI.ca,0,0,Ministerio del Interior / portal oficial de datos abiertos,PRIMARY_OFFICIAL
2011,2011-11-20,"7 - Balears, Illes",ESQUERRA REPUBLICANA DE CATALUNYA-CATALUNYA SÍ - ERC-RI.cat,0,0,Ministerio del Interior / portal oficial de datos abiertos,PRIMARY_OFFICIAL
2011,2011-11-20,"7 - Balears, Illes",ESQUERRA REPUBLICANA DEL PAÍS VALENCIÀ - ERPV,0,0,Ministerio del Interior / portal oficial de datos abiertos,PRIMARY_OFFICIAL
2011,2011-11-20,"7 - Balears, Illes",ESQUERRA UNIDA DEL PAIS VALENCIA-LOS VERDES: L'ESQ - EUPV-LV,0,0,Ministerio del Interior / portal oficial de datos abiertos,PRIMARY_OFFICIAL
2011,2011-11-20,"7 - Balears, Illes",ESQUERRA UNIDA ILLES BALEARS: LA IZQUIERDA PLURAL - EUIB,21668,0,Ministerio del Interior / portal oficial de datos abiertos,PRIMARY_OFFICIAL
2011,2011-11-20,"7 - Balears, Illes",ESQUERRA UNIDA PAÍS VALENCIÀ-ELS VERDS: L'ESQUERRA - EUPV-EV,0,0,Ministerio del Interior / portal oficial de datos abiertos,PRIMARY_OFFICIAL
2011,2011-11-20,"7 - Balears, Illes",EUZKO ALDERDI JELTZALEA-PARTIDO NACIONALISTA VASCO - E.A.J.-P.N.,0,0,Ministerio del Interior / portal oficial de datos abiertos,PRIMARY_OFFICIAL
2011,2011-11-20,"7 - Balears, Illes",EUZKO ALDERDI JELTZALEA-PARTIDO NACIONALISTA VASCO - EAJ-PNV,0,0,Ministerio del Interior / portal oficial de datos abiertos,PRIMARY_OFFICIAL
2011,2011-11-20,"7 - Balears, Illes",FALANGE ESPAÑOLA DE LAS J.O.N.S. - FE de las J,0,0,Ministerio del Interior / portal oficial de datos abiertos,PRIMARY_OFFICIAL
2011,2011-11-20,"7 - Balears, Illes",FAMILIA Y VIDA - PFyV,746,0,Ministerio del Interior / portal oficial de datos abiertos,PRIMARY_OFFICIAL
2011,2011-11-20,"7 - Balears, Illes",FORO CENTRO Y DEMOCRACIA - CYD,0,0,Ministerio del Interior / portal oficial de datos abiertos,PRIMARY_OFFICIAL
2011,2011-11-20,"7 - Balears, Illes",FORO DE CIUDADANOS - FAC,0,0,Ministerio del Interior / portal oficial de datos abiertos,PRIMARY_OFFICIAL
2011,2011-11-20,"7 - Balears, Illes",GEROA BAI - GBAI,0,0,Ministerio del Interior / portal oficial de datos abiertos,PRIMARY_OFFICIAL
2011,2011-11-20,"7 - Balears, Illes",HARTOS.ORG - HARTOS.ORG,0,0,Ministerio del Interior / portal oficial de datos abiertos,PRIMARY_OFFICIAL
2011,2011-11-20,"7 - Balears, Illes",HIGIENE DEMOCRATICA - H.D.,0,0,Ministerio del Interior / portal oficial de datos abiertos,PRIMARY_OFFICIAL
2011,2011-11-20,"7 - Balears, Illes",INICIATIVA PER CATALUNYA VERDS-ESQUERRA UNIDA I AL - ICV-EUiA,0,0,Ministerio del Interior / portal oficial de datos abiertos,PRIMARY_OFFICIAL
2011,2011-11-20,"7 - Balears, Illes",INICIATIVA PER CATALUNYA VERDS-ESQUERRA UNIDA i AL - ICV-EUiA,0,0,Ministerio del Interior / portal oficial de datos abiertos,PRIMARY_OFFICIAL
2011,2011-11-20,"7 - Balears, Illes",IU - LOS VERDES: LA IZQUIERDA PLURAL / EZKER ANITZ - IU-LV,0,0,Ministerio del Interior / portal oficial de datos abiertos,PRIMARY_OFFICIAL
2011,2011-11-20,"7 - Balears, Illes",IZQUIERDA UNIDA - PARTIDO DEMOCRÁTICO Y SOCIAL DE - IU-PDSC,0,0,Ministerio del Interior / portal oficial de datos abiertos,PRIMARY_OFFICIAL
2011,2011-11-20,"7 - Balears, Illes",IZQUIERDA UNIDA CANARIA-INICIATIVA POR EL HIERRO-L - IUC-IpH-LV,0,0,Ministerio del Interior / portal oficial de datos abiertos,PRIMARY_OFFICIAL
2011,2011-11-20,"7 - Balears, Illes",IZQUIERDA UNIDA DE ASTURIAS-IZQUIERDA XUNIDA D'AST - IU-IX,0,0,Ministerio del Interior / portal oficial de datos abiertos,PRIMARY_OFFICIAL
2011,2011-11-20,"7 - Balears, Illes",IZQUIERDA UNIDA DE CANTABRIA: LA IZQUIERDA PLURAL - IUC,0,0,Ministerio del Interior / portal oficial de datos abiertos,PRIMARY_OFFICIAL
2011,2011-11-20,"7 - Balears, Illes",IZQUIERDA UNIDA DE CASTILLA Y LEON: LA IZQUIERDA P - IUCL,0,0,Ministerio del Interior / portal oficial de datos abiertos,PRIMARY_OFFICIAL
2011,2011-11-20,"7 - Balears, Illes",IZQUIERDA UNIDA DE CASTILLA Y LEON: LA IZQUIERDA P - IUCyL,0,0,Ministerio del Interior / portal oficial de datos abiertos,PRIMARY_OFFICIAL
2011,2011-11-20,"7 - Balears, Illes",IZQUIERDA UNIDA DE CASTILLA Y LEÓN: LA IZQUIERDA P - IU CyL,0,0,Ministerio del Interior / portal oficial de datos abiertos,PRIMARY_OFFICIAL
2011,2011-11-20,"7 - Balears, Illes",IZQUIERDA UNIDA DE CASTILLA Y LEÓN: LA IZQUIERDA P - IUCL,0,0,Ministerio del Interior / portal oficial de datos abiertos,PRIMARY_OFFICIAL
2011,2011-11-20,"7 - Balears, Illes",IZQUIERDA UNIDA DE CASTILLA-LA MANCHA-LOS VERDES: - IUCLM-LV,0,0,Ministerio del Interior / portal oficial de datos abiertos,PRIMARY_OFFICIAL
2011,2011-11-20,"7 - Balears, Illes",IZQUIERDA UNIDA DE CASTILLA-LA MANCHA-LOS VERDES: - IUCM-LV,0,0,Ministerio del Interior / portal oficial de datos abiertos,PRIMARY_OFFICIAL
2011,2011-11-20,"7 - Balears, Illes",IZQUIERDA UNIDA LOS VERDES-CONVOCATORIA POR ANDALU - IULV-CA,0,0,Ministerio del Interior / portal oficial de datos abiertos,PRIMARY_OFFICIAL
2011,2011-11-20,"7 - Balears, Illes",IZQUIERDA UNIDA VERDES-SOCIALISTAS INDEPENDIENTES - IU-V-SIEX:,0,0,Ministerio del Interior / portal oficial de datos abiertos,PRIMARY_OFFICIAL
2011,2011-11-20,"7 - Balears, Illes",IZQUIERDA UNIDA VERDES-SOCIALISTAS INDEPENDIENTES - IU-VERDES-S,0,0,Ministerio del Interior / portal oficial de datos abiertos,PRIMARY_OFFICIAL
2011,2011-11-20,"7 - Balears, Illes",IZQUIERDA UNIDA-LA IZQUIERDA PLURAL - I.U.,0,0,Ministerio del Interior / portal oficial de datos abiertos,PRIMARY_OFFICIAL
2011,2011-11-20,"7 - Balears, Illes",IZQUIERDA UNIDA-LOS VERDES: LA IZQUIERDA PLURAL - IU-LV,0,0,Ministerio del Interior / portal oficial de datos abiertos,PRIMARY_OFFICIAL
2011,2011-11-20,"7 - Balears, Illes",IZQUIERDA UNIDA-LOS VERDES: LA IZQUIERDA PLURAL/EZ - I.U.,0,0,Ministerio del Interior / portal oficial de datos abiertos,PRIMARY_OFFICIAL
2011,2011-11-20,"7 - Balears, Illes",IZQUIERDA UNIDA-LOS VERDES: LA IZQUIERDA PLURAL/EZ - IU-LV,0,0,Ministerio del Interior / portal oficial de datos abiertos,PRIMARY_OFFICIAL
2011,2011-11-20,"7 - Balears, Illes",IZQUIERDA UNIDA-VERDES DE LA REGION DE MURCIA: LA - IUV-RM,0,0,Ministerio del Interior / portal oficial de datos abiertos,PRIMARY_OFFICIAL
2011,2011-11-20,"7 - Balears, Illes",IZQUIERDA-EZKERRA/LA IZQUIERDA PLURAL - IZQUIERDA-E,0,0,Ministerio del Interior / portal oficial de datos abiertos,PRIMARY_OFFICIAL
2011,2011-11-20,"7 - Balears, Illes",LOS VERDES-GRUPO VERDE - LV-GV,0,0,Ministerio del Interior / portal oficial de datos abiertos,PRIMARY_OFFICIAL
2011,2011-11-20,"7 - Balears, Illes",MUERTE AL SISTEMA - +MAS+,0,0,Ministerio del Interior / portal oficial de datos abiertos,PRIMARY_OFFICIAL
2011,2011-11-20,"7 - Balears, Illes",PARTIDO ANDALUCISTA - P.A.,0,0,Ministerio del Interior / portal oficial de datos abiertos,PRIMARY_OFFICIAL
2011,2011-11-20,"7 - Balears, Illes",PARTIDO ANDALUCISTA - PA,0,0,Ministerio del Interior / portal oficial de datos abiertos,PRIMARY_OFFICIAL
2011,2011-11-20,"7 - Balears, Illes",PARTIDO ANIMALISTA CONTRA EL MALTRATO ANIMAL - PACMA,3641,0,Ministerio del Interior / portal oficial de datos abiertos,PRIMARY_OFFICIAL
2011,2011-11-20,"7 - Balears, Illes",PARTIDO CASTELLANO - PCAS,0,0,Ministerio del Interior / portal oficial de datos abiertos,PRIMARY_OFFICIAL
2011,2011-11-20,"7 - Balears, Illes",PARTIDO COMUNISTA DE LOS PUEBLOS DE ESPAÑA - P.C.P.E.,0,0,Ministerio del Interior / portal oficial de datos abiertos,PRIMARY_OFFICIAL
2011,2011-11-20,"7 - Balears, Illes",PARTIDO COMUNISTA DE LOS PUEBLOS DE ESPAÑA - PCPE,0,0,Ministerio del Interior / portal oficial de datos abiertos,PRIMARY_OFFICIAL
2011,2011-11-20,"7 - Balears, Illes",PARTIDO DE CASTILLA Y LEÓN - PCAL,0,0,Ministerio del Interior / portal oficial de datos abiertos,PRIMARY_OFFICIAL
2011,2011-11-20,"7 - Balears, Illes",PARTIDO DE INTERNET - INTERNET,0,0,Ministerio del Interior / portal oficial de datos abiertos,PRIMARY_OFFICIAL
2011,2011-11-20,"7 - Balears, Illes",PARTIDO DE LA LIBERTAD INDIVIDUAL - P-LIB,0,0,Ministerio del Interior / portal oficial de datos abiertos,PRIMARY_OFFICIAL
2011,2011-11-20,"7 - Balears, Illes",PARTIDO DEMOCRATICO Y CONSTITUCIONAL - PDYC,0,0,Ministerio del Interior / portal oficial de datos abiertos,PRIMARY_OFFICIAL
2011,2011-11-20,"7 - Balears, Illes",PARTIDO DOS SOCIALISTAS DE GALICIA - PARTIDO SOCIA - PSdeG-PSOE,0,0,Ministerio del Interior / portal oficial de datos abiertos,PRIMARY_OFFICIAL
2011,2011-11-20,"7 - Balears, Illes",PARTIDO DOS SOCIALISTAS DE GALICIA - PSOE - PSdeG-PSOE,0,0,Ministerio del Interior / portal oficial de datos abiertos,PRIMARY_OFFICIAL
2011,2011-11-20,"7 - Balears, Illes",PARTIDO HUMANISTA - PH,0,0,Ministerio del Interior / portal oficial de datos abiertos,PRIMARY_OFFICIAL
2011,2011-11-20,"7 - Balears, Illes",PARTIDO OBRERO SOCIALISTA INTERNACIONALISTA - P.O.S.I.,0,0,Ministerio del Interior / portal oficial de datos abiertos,PRIMARY_OFFICIAL
2011,2011-11-20,"7 - Balears, Illes",PARTIDO OBRERO SOCIALISTA INTERNACIONALISTA - POSI,0,0,Ministerio del Interior / portal oficial de datos abiertos,PRIMARY_OFFICIAL
2011,2011-11-20,"7 - Balears, Illes",PARTIDO PARA LA REGENERACION DE LA DEMOCRACIA EN E - P.R.D.E.,0,0,Ministerio del Interior / portal oficial de datos abiertos,PRIMARY_OFFICIAL
2011,2011-11-20,"7 - Balears, Illes",PARTIDO PIRATA - PIRATA,0,0,Ministerio del Interior / portal oficial de datos abiertos,PRIMARY_OFFICIAL
2011,2011-11-20,"7 - Balears, Illes",PARTIDO POPULAR - P.P.,217327,5,Ministerio del Interior / portal oficial de datos abiertos,PRIMARY_OFFICIAL
2011,2011-11-20,"7 - Balears, Illes",PARTIDO POPULAR - PP,0,0,Ministerio del Interior / portal oficial de datos abiertos,PRIMARY_OFFICIAL
2011,2011-11-20,"7 - Balears, Illes",PARTIDO POPULAR EN COALICIÓN CON EL PARTIDO ARAGON - PP-PAR,0,0,Ministerio del Interior / portal oficial de datos abiertos,PRIMARY_OFFICIAL
2011,2011-11-20,"7 - Balears, Illes",PARTIDO POPULAR-EXTREMADURA UNIDA - P.P-E.U.,0,0,Ministerio del Interior / portal oficial de datos abiertos,PRIMARY_OFFICIAL
2011,2011-11-20,"7 - Balears, Illes",PARTIDO POPULAR-EXTREMADURA UNIDA - PP-EU,0,0,Ministerio del Interior / portal oficial de datos abiertos,PRIMARY_OFFICIAL
2011,2011-11-20,"7 - Balears, Illes",PARTIDO REGIONALISTA DE CANTABRIA - P.R.C.,0,0,Ministerio del Interior / portal oficial de datos abiertos,PRIMARY_OFFICIAL
2011,2011-11-20,"7 - Balears, Illes",PARTIDO REGIONALISTA DEL PAIS LEONES - PREPAL,0,0,Ministerio del Interior / portal oficial de datos abiertos,PRIMARY_OFFICIAL
2011,2011-11-20,"7 - Balears, Illes",PARTIDO REGIONALISTA POR ANDALUCIA ORIENTAL - PRAO,0,0,Ministerio del Interior / portal oficial de datos abiertos,PRIMARY_OFFICIAL
2011,2011-11-20,"7 - Balears, Illes",PARTIDO SOCIALISTA DE EUSKADI-EUSKADIKO EZKERRA (P - PSE-EE (PSO,0,0,Ministerio del Interior / portal oficial de datos abiertos,PRIMARY_OFFICIAL
2011,2011-11-20,"7 - Balears, Illes",PARTIDO SOCIALISTA OBRERO ESPAÑOL - P.S.O.E.,126512,3,Ministerio del Interior / portal oficial de datos abiertos,PRIMARY_OFFICIAL
2011,2011-11-20,"7 - Balears, Illes",PARTIDO SOCIALISTA OBRERO ESPAÑOL - PSOE,0,0,Ministerio del Interior / portal oficial de datos abiertos,PRIMARY_OFFICIAL
2011,2011-11-20,"7 - Balears, Illes",PARTIT ANIMALISTA CONTRA EL MALTRACTAMENT ANIMAL - PACMA,0,0,Ministerio del Interior / portal oficial de datos abiertos,PRIMARY_OFFICIAL
2011,2011-11-20,"7 - Balears, Illes",PARTIT COMUNISTA DEL POBLE DE CATALUNYA - PCPC,0,0,Ministerio del Interior / portal oficial de datos abiertos,PRIMARY_OFFICIAL
2011,2011-11-20,"7 - Balears, Illes",PARTIT COMUNISTA DELS POBLES D'ESPANYA - P.C.P.E.,0,0,Ministerio del Interior / portal oficial de datos abiertos,PRIMARY_OFFICIAL
2011,2011-11-20,"7 - Balears, Illes",PARTIT DELS SOCIALISTES DE CATALUNYA - PSC-PSOE,0,0,Ministerio del Interior / portal oficial de datos abiertos,PRIMARY_OFFICIAL
2011,2011-11-20,"7 - Balears, Illes",PARTIT POPULAR/PARTIDO POPULAR - P.P.,0,0,Ministerio del Interior / portal oficial de datos abiertos,PRIMARY_OFFICIAL
2011,2011-11-20,"7 - Balears, Illes",PARTIT REPUBLICÀ D'ESQUERRA-REPUBLICANS - PRE-R,0,0,Ministerio del Interior / portal oficial de datos abiertos,PRIMARY_OFFICIAL
2011,2011-11-20,"7 - Balears, Illes",PER UN MÓN MÉS JUST - PUM+J,0,0,Ministerio del Interior / portal oficial de datos abiertos,PRIMARY_OFFICIAL
2011,2011-11-20,"7 - Balears, Illes",PIRATES DE CATALUNYA - PIRATA.CAT,0,0,Ministerio del Interior / portal oficial de datos abiertos,PRIMARY_OFFICIAL
2011,2011-11-20,"7 - Balears, Illes",PLATAFORMA PER CATALUNYA - PxC,0,0,Ministerio del Interior / portal oficial de datos abiertos,PRIMARY_OFFICIAL
2011,2011-11-20,"7 - Balears, Illes",POR UN MUNDO MÁS JUSTO - PUM+J,1093,0,Ministerio del Interior / portal oficial de datos abiertos,PRIMARY_OFFICIAL
2011,2011-11-20,"7 - Balears, Illes",PSM-INICIATIVA VERDS-ENTESA-EQUO - PSM-IV-EXM-,31417,0,Ministerio del Interior / portal oficial de datos abiertos,PRIMARY_OFFICIAL
2011,2011-11-20,"7 - Balears, Illes",REPUBLICANOS - RPS,0,0,Ministerio del Interior / portal oficial de datos abiertos,PRIMARY_OFFICIAL
2011,2011-11-20,"7 - Balears, Illes",SOCIALISTAS POR TERUEL - SXT,0,0,Ministerio del Interior / portal oficial de datos abiertos,PRIMARY_OFFICIAL
2011,2011-11-20,"7 - Balears, Illes",SOLIDARIDAD Y AUTOGESTION INTERNACIONALISTA - SAIn,0,0,Ministerio del Interior / portal oficial de datos abiertos,PRIMARY_OFFICIAL
2011,2011-11-20,"7 - Balears, Illes","SÍ SE PUEDE, SOCIALISTAS POR TENERIFE, EQUO - SSP-SxTF-EQ",0,0,Ministerio del Interior / portal oficial de datos abiertos,PRIMARY_OFFICIAL
2011,2011-11-20,"7 - Balears, Illes",UNIDAD DEL PUEBLO - UNIDAD DEL,0,0,Ministerio del Interior / portal oficial de datos abiertos,PRIMARY_OFFICIAL
2011,2011-11-20,"7 - Balears, Illes",UNIDAD REGIONALISTA DE CASTILLA Y LEON - U.R.C.L.,0,0,Ministerio del Interior / portal oficial de datos abiertos,PRIMARY_OFFICIAL
2011,2011-11-20,"7 - Balears, Illes",UNIFICACIÓN COMUNISTA DE ESPAÑA - U.C.E.,450,0,Ministerio del Interior / portal oficial de datos abiertos,PRIMARY_OFFICIAL
2011,2011-11-20,"7 - Balears, Illes",UNIFICACIÓN COMUNISTA DE ESPAÑA - UCE,0,0,Ministerio del Interior / portal oficial de datos abiertos,PRIMARY_OFFICIAL
2011,2011-11-20,"7 - Balears, Illes",UNION DE CIUDADANOS INDEPENDIENTES DE TOLEDO - U.C.I.T.,0,0,Ministerio del Interior / portal oficial de datos abiertos,PRIMARY_OFFICIAL
2011,2011-11-20,"7 - Balears, Illes",UNITS X VALENCIA - UxV,0,0,Ministerio del Interior / portal oficial de datos abiertos,PRIMARY_OFFICIAL
2011,2011-11-20,"7 - Balears, Illes",UNIÓN DEL PUEBLO NAVARRO EN COALICIÓN CON EL PARTI - UPN-PP,0,0,Ministerio del Interior / portal oficial de datos abiertos,PRIMARY_OFFICIAL
2011,2011-11-20,"7 - Balears, Illes",UNIÓN PROGRESO Y DEMOCRACIA - UPyD,18525,0,Ministerio del Interior / portal oficial de datos abiertos,PRIMARY_OFFICIAL
2011,2011-11-20,8 - Barcelona,ACCION CIUDADANA POR MALAGA - ACIMA,0,0,Ministerio del Interior / portal oficial de datos abiertos,PRIMARY_OFFICIAL
2011,2011-11-20,8 - Barcelona,ALTERNATIVA NACIONALISTA CANARIA - ANC,0,0,Ministerio del Interior / portal oficial de datos abiertos,PRIMARY_OFFICIAL
2011,2011-11-20,8 - Barcelona,AMAIUR - AMAIUR,0,0,Ministerio del Interior / portal oficial de datos abiertos,PRIMARY_OFFICIAL
2011,2011-11-20,8 - Barcelona,ANDECHA ASTUR - ANDECHA,0,0,Ministerio del Interior / portal oficial de datos abiertos,PRIMARY_OFFICIAL
2011,2011-11-20,8 - Barcelona,ANTICAPITALISTAS - ANTICAPITAL,0,0,Ministerio del Interior / portal oficial de datos abiertos,PRIMARY_OFFICIAL
2011,2011-11-20,8 - Barcelona,ANTICAPITALISTES - ANTICAPITAL,11346,0,Ministerio del Interior / portal oficial de datos abiertos,PRIMARY_OFFICIAL
2011,2011-11-20,8 - Barcelona,"BASTA YA, AGRUPACIÓN ABIERTA DE PARTIDOS POLÍTICOS - BASTA YA",0,0,Ministerio del Interior / portal oficial de datos abiertos,PRIMARY_OFFICIAL
2011,2011-11-20,8 - Barcelona,BIDEZKO MUNDURANTZ/POR UN MUNDO MAS JUSTO - PUM+J,0,0,Ministerio del Interior / portal oficial de datos abiertos,PRIMARY_OFFICIAL
2011,2011-11-20,8 - Barcelona,BIDEZKO MUNDURANTZ/POR UN MUNDO MÁS JUSTO - PU M+J,0,0,Ministerio del Interior / portal oficial de datos abiertos,PRIMARY_OFFICIAL
2011,2011-11-20,8 - Barcelona,BLOC-INICIATIVA-VERDS-EQUO-COALICIÓ COMPROMÍS - COMPROMÍS-Q,0,0,Ministerio del Interior / portal oficial de datos abiertos,PRIMARY_OFFICIAL
2011,2011-11-20,8 - Barcelona,BLOQUE NACIONALISTA GALEGO - B.N.G.,0,0,Ministerio del Interior / portal oficial de datos abiertos,PRIMARY_OFFICIAL
2011,2011-11-20,8 - Barcelona,BLOQUE NACIONALISTA GALEGO - BNG,0,0,Ministerio del Interior / portal oficial de datos abiertos,PRIMARY_OFFICIAL
2011,2011-11-20,8 - Barcelona,CANARIAS VERDE Y ROJA: LA IZQUIERDA PLURAL - IUC-CxI,0,0,Ministerio del Interior / portal oficial de datos abiertos,PRIMARY_OFFICIAL
2011,2011-11-20,8 - Barcelona,CENTRO DEMOCRATICO LIBERAL - C.D.L.,0,0,Ministerio del Interior / portal oficial de datos abiertos,PRIMARY_OFFICIAL
2011,2011-11-20,8 - Barcelona,"CHUNTA ARAGONESISTA-IZQUIERDA UNIDA, LA IZQUIERDA - CHA-IU",0,0,Ministerio del Interior / portal oficial de datos abiertos,PRIMARY_OFFICIAL
2011,2011-11-20,8 - Barcelona,"CHUNTA ARAGONESISTA-IZQUIERDA UNIDA, La Izquierda - CHA-IU",0,0,Ministerio del Interior / portal oficial de datos abiertos,PRIMARY_OFFICIAL
2011,2011-11-20,8 - Barcelona,CIUDADANOS DE CENTRO DEMOCRÁTICO - CCD,0,0,Ministerio del Interior / portal oficial de datos abiertos,PRIMARY_OFFICIAL
2011,2011-11-20,8 - Barcelona,COALICION CABALLAS - Caballas,0,0,Ministerio del Interior / portal oficial de datos abiertos,PRIMARY_OFFICIAL
2011,2011-11-20,8 - Barcelona,COALICIÓN CANARIA-NUEVA CANARIAS - CC-NC-PNC,0,0,Ministerio del Interior / portal oficial de datos abiertos,PRIMARY_OFFICIAL
2011,2011-11-20,8 - Barcelona,CONVERGENCIA POR EXTREMADURA - CEx,0,0,Ministerio del Interior / portal oficial de datos abiertos,PRIMARY_OFFICIAL
2011,2011-11-20,8 - Barcelona,CONVERGÈNCIA I UNIÓ - CiU,710178,9,Ministerio del Interior / portal oficial de datos abiertos,PRIMARY_OFFICIAL
2011,2011-11-20,8 - Barcelona,CONVERGÈNCIA i UNIÓ - CiU,0,0,Ministerio del Interior / portal oficial de datos abiertos,PRIMARY_OFFICIAL
2011,2011-11-20,8 - Barcelona,CONVERXENCIA VINTEÚN - C.XXI,0,0,Ministerio del Interior / portal oficial de datos abiertos,PRIMARY_OFFICIAL
2011,2011-11-20,8 - Barcelona,CONVERXENCIA VINTEÚN - CXXI,0,0,Ministerio del Interior / portal oficial de datos abiertos,PRIMARY_OFFICIAL
2011,2011-11-20,8 - Barcelona,DEMOCRACIA NACIONAL - D.N.,0,0,Ministerio del Interior / portal oficial de datos abiertos,PRIMARY_OFFICIAL
2011,2011-11-20,8 - Barcelona,DEMOS EL CAMBIO - DeC,0,0,Ministerio del Interior / portal oficial de datos abiertos,PRIMARY_OFFICIAL
2011,2011-11-20,8 - Barcelona,DERECHA NAVARRA Y ESPAÑOLA - DNE,0,0,Ministerio del Interior / portal oficial de datos abiertos,PRIMARY_OFFICIAL
2011,2011-11-20,8 - Barcelona,EQUO - EQUO,0,0,Ministerio del Interior / portal oficial de datos abiertos,PRIMARY_OFFICIAL
2011,2011-11-20,8 - Barcelona,EQUO - eQuo,0,0,Ministerio del Interior / portal oficial de datos abiertos,PRIMARY_OFFICIAL
2011,2011-11-20,8 - Barcelona,ESCAÑOS EN BLANCO - Eb,0,0,Ministerio del Interior / portal oficial de datos abiertos,PRIMARY_OFFICIAL
2011,2011-11-20,8 - Barcelona,ESCAÑOS EN BLANCO/ESCONS EN BLANC - EB,0,0,Ministerio del Interior / portal oficial de datos abiertos,PRIMARY_OFFICIAL
2011,2011-11-20,8 - Barcelona,ESCONS EN BLANC - Eb,40054,0,Ministerio del Interior / portal oficial de datos abiertos,PRIMARY_OFFICIAL
2011,2011-11-20,8 - Barcelona,ESPAÑA 2000 - ESPAÑA 2000,0,0,Ministerio del Interior / portal oficial de datos abiertos,PRIMARY_OFFICIAL
2011,2011-11-20,8 - Barcelona,ESQUERDA UNIDA-OS VERDES: A ESQUERDA PLURAL - EU-V,0,0,Ministerio del Interior / portal oficial de datos abiertos,PRIMARY_OFFICIAL
2011,2011-11-20,8 - Barcelona,ESQUERRA REPUBLICANA - ESQUERRA,0,0,Ministerio del Interior / portal oficial de datos abiertos,PRIMARY_OFFICIAL
2011,2011-11-20,8 - Barcelona,ESQUERRA REPUBLICANA DE CATALUNYA-CATALUNYA SÍ - ERC - RI.ca,0,0,Ministerio del Interior / portal oficial de datos abiertos,PRIMARY_OFFICIAL
2011,2011-11-20,8 - Barcelona,ESQUERRA REPUBLICANA DE CATALUNYA-CATALUNYA SÍ - ERC-RI.cat,169601,2,Ministerio del Interior / portal oficial de datos abiertos,PRIMARY_OFFICIAL
2011,2011-11-20,8 - Barcelona,ESQUERRA REPUBLICANA DEL PAÍS VALENCIÀ - ERPV,0,0,Ministerio del Interior / portal oficial de datos abiertos,PRIMARY_OFFICIAL
2011,2011-11-20,8 - Barcelona,ESQUERRA UNIDA DEL PAIS VALENCIA-LOS VERDES: L'ESQ - EUPV-LV,0,0,Ministerio del Interior / portal oficial de datos abiertos,PRIMARY_OFFICIAL
2011,2011-11-20,8 - Barcelona,ESQUERRA UNIDA ILLES BALEARS: LA IZQUIERDA PLURAL - EUIB,0,0,Ministerio del Interior / portal oficial de datos abiertos,PRIMARY_OFFICIAL
2011,2011-11-20,8 - Barcelona,ESQUERRA UNIDA PAÍS VALENCIÀ-ELS VERDS: L'ESQUERRA - EUPV-EV,0,0,Ministerio del Interior / portal oficial de datos abiertos,PRIMARY_OFFICIAL
2011,2011-11-20,8 - Barcelona,EUZKO ALDERDI JELTZALEA-PARTIDO NACIONALISTA VASCO - E.A.J.-P.N.,0,0,Ministerio del Interior / portal oficial de datos abiertos,PRIMARY_OFFICIAL
2011,2011-11-20,8 - Barcelona,EUZKO ALDERDI JELTZALEA-PARTIDO NACIONALISTA VASCO - EAJ-PNV,0,0,Ministerio del Interior / portal oficial de datos abiertos,PRIMARY_OFFICIAL
2011,2011-11-20,8 - Barcelona,FALANGE ESPAÑOLA DE LAS J.O.N.S. - FE de las J,0,0,Ministerio del Interior / portal oficial de datos abiertos,PRIMARY_OFFICIAL
2011,2011-11-20,8 - Barcelona,FAMILIA Y VIDA - PFyV,0,0,Ministerio del Interior / portal oficial de datos abiertos,PRIMARY_OFFICIAL
2011,2011-11-20,8 - Barcelona,FORO CENTRO Y DEMOCRACIA - CYD,0,0,Ministerio del Interior / portal oficial de datos abiertos,PRIMARY_OFFICIAL
2011,2011-11-20,8 - Barcelona,FORO DE CIUDADANOS - FAC,0,0,Ministerio del Interior / portal oficial de datos abiertos,PRIMARY_OFFICIAL
2011,2011-11-20,8 - Barcelona,GEROA BAI - GBAI,0,0,Ministerio del Interior / portal oficial de datos abiertos,PRIMARY_OFFICIAL
2011,2011-11-20,8 - Barcelona,HARTOS.ORG - HARTOS.ORG,0,0,Ministerio del Interior / portal oficial de datos abiertos,PRIMARY_OFFICIAL
2011,2011-11-20,8 - Barcelona,HIGIENE DEMOCRATICA - H.D.,0,0,Ministerio del Interior / portal oficial de datos abiertos,PRIMARY_OFFICIAL
2011,2011-11-20,8 - Barcelona,INICIATIVA PER CATALUNYA VERDS-ESQUERRA UNIDA I AL - ICV-EUiA,237327,3,Ministerio del Interior / portal oficial de datos abiertos,PRIMARY_OFFICIAL
2011,2011-11-20,8 - Barcelona,INICIATIVA PER CATALUNYA VERDS-ESQUERRA UNIDA i AL - ICV-EUiA,0,0,Ministerio del Interior / portal oficial de datos abiertos,PRIMARY_OFFICIAL
2011,2011-11-20,8 - Barcelona,IU - LOS VERDES: LA IZQUIERDA PLURAL / EZKER ANITZ - IU-LV,0,0,Ministerio del Interior / portal oficial de datos abiertos,PRIMARY_OFFICIAL
2011,2011-11-20,8 - Barcelona,IZQUIERDA UNIDA - PARTIDO DEMOCRÁTICO Y SOCIAL DE - IU-PDSC,0,0,Ministerio del Interior / portal oficial de datos abiertos,PRIMARY_OFFICIAL
2011,2011-11-20,8 - Barcelona,IZQUIERDA UNIDA CANARIA-INICIATIVA POR EL HIERRO-L - IUC-IpH-LV,0,0,Ministerio del Interior / portal oficial de datos abiertos,PRIMARY_OFFICIAL
2011,2011-11-20,8 - Barcelona,IZQUIERDA UNIDA DE ASTURIAS-IZQUIERDA XUNIDA D'AST - IU-IX,0,0,Ministerio del Interior / portal oficial de datos abiertos,PRIMARY_OFFICIAL
2011,2011-11-20,8 - Barcelona,IZQUIERDA UNIDA DE CANTABRIA: LA IZQUIERDA PLURAL - IUC,0,0,Ministerio del Interior / portal oficial de datos abiertos,PRIMARY_OFFICIAL
2011,2011-11-20,8 - Barcelona,IZQUIERDA UNIDA DE CASTILLA Y LEON: LA IZQUIERDA P - IUCL,0,0,Ministerio del Interior / portal oficial de datos abiertos,PRIMARY_OFFICIAL
2011,2011-11-20,8 - Barcelona,IZQUIERDA UNIDA DE CASTILLA Y LEON: LA IZQUIERDA P - IUCyL,0,0,Ministerio del Interior / portal oficial de datos abiertos,PRIMARY_OFFICIAL
2011,2011-11-20,8 - Barcelona,IZQUIERDA UNIDA DE CASTILLA Y LEÓN: LA IZQUIERDA P - IU CyL,0,0,Ministerio del Interior / portal oficial de datos abiertos,PRIMARY_OFFICIAL
2011,2011-11-20,8 - Barcelona,IZQUIERDA UNIDA DE CASTILLA Y LEÓN: LA IZQUIERDA P - IUCL,0,0,Ministerio del Interior / portal oficial de datos abiertos,PRIMARY_OFFICIAL
2011,2011-11-20,8 - Barcelona,IZQUIERDA UNIDA DE CASTILLA-LA MANCHA-LOS VERDES: - IUCLM-LV,0,0,Ministerio del Interior / portal oficial de datos abiertos,PRIMARY_OFFICIAL
2011,2011-11-20,8 - Barcelona,IZQUIERDA UNIDA DE CASTILLA-LA MANCHA-LOS VERDES: - IUCM-LV,0,0,Ministerio del Interior / portal oficial de datos abiertos,PRIMARY_OFFICIAL
2011,2011-11-20,8 - Barcelona,IZQUIERDA UNIDA LOS VERDES-CONVOCATORIA POR ANDALU - IULV-CA,0,0,Ministerio del Interior / portal oficial de datos abiertos,PRIMARY_OFFICIAL
2011,2011-11-20,8 - Barcelona,IZQUIERDA UNIDA VERDES-SOCIALISTAS INDEPENDIENTES - IU-V-SIEX:,0,0,Ministerio del Interior / portal oficial de datos abiertos,PRIMARY_OFFICIAL
2011,2011-11-20,8 - Barcelona,IZQUIERDA UNIDA VERDES-SOCIALISTAS INDEPENDIENTES - IU-VERDES-S,0,0,Ministerio del Interior / portal oficial de datos abiertos,PRIMARY_OFFICIAL
2011,2011-11-20,8 - Barcelona,IZQUIERDA UNIDA-LA IZQUIERDA PLURAL - I.U.,0,0,Ministerio del Interior / portal oficial de datos abiertos,PRIMARY_OFFICIAL
2011,2011-11-20,8 - Barcelona,IZQUIERDA UNIDA-LOS VERDES: LA IZQUIERDA PLURAL - IU-LV,0,0,Ministerio del Interior / portal oficial de datos abiertos,PRIMARY_OFFICIAL
2011,2011-11-20,8 - Barcelona,IZQUIERDA UNIDA-LOS VERDES: LA IZQUIERDA PLURAL/EZ - I.U.,0,0,Ministerio del Interior / portal oficial de datos abiertos,PRIMARY_OFFICIAL
2011,2011-11-20,8 - Barcelona,IZQUIERDA UNIDA-LOS VERDES: LA IZQUIERDA PLURAL/EZ - IU-LV,0,0,Ministerio del Interior / portal oficial de datos abiertos,PRIMARY_OFFICIAL
2011,2011-11-20,8 - Barcelona,IZQUIERDA UNIDA-VERDES DE LA REGION DE MURCIA: LA - IUV-RM,0,0,Ministerio del Interior / portal oficial de datos abiertos,PRIMARY_OFFICIAL
2011,2011-11-20,8 - Barcelona,IZQUIERDA-EZKERRA/LA IZQUIERDA PLURAL - IZQUIERDA-E,0,0,Ministerio del Interior / portal oficial de datos abiertos,PRIMARY_OFFICIAL
2011,2011-11-20,8 - Barcelona,LOS VERDES-GRUPO VERDE - LV-GV,0,0,Ministerio del Interior / portal oficial de datos abiertos,PRIMARY_OFFICIAL
2011,2011-11-20,8 - Barcelona,MUERTE AL SISTEMA - +MAS+,0,0,Ministerio del Interior / portal oficial de datos abiertos,PRIMARY_OFFICIAL
2011,2011-11-20,8 - Barcelona,PARTIDO ANDALUCISTA - P.A.,0,0,Ministerio del Interior / portal oficial de datos abiertos,PRIMARY_OFFICIAL
2011,2011-11-20,8 - Barcelona,PARTIDO ANDALUCISTA - PA,0,0,Ministerio del Interior / portal oficial de datos abiertos,PRIMARY_OFFICIAL
2011,2011-11-20,8 - Barcelona,PARTIDO ANIMALISTA CONTRA EL MALTRATO ANIMAL - PACMA,0,0,Ministerio del Interior / portal oficial de datos abiertos,PRIMARY_OFFICIAL
2011,2011-11-20,8 - Barcelona,PARTIDO CASTELLANO - PCAS,0,0,Ministerio del Interior / portal oficial de datos abiertos,PRIMARY_OFFICIAL
2011,2011-11-20,8 - Barcelona,PARTIDO COMUNISTA DE LOS PUEBLOS DE ESPAÑA - P.C.P.E.,0,0,Ministerio del Interior / portal oficial de datos abiertos,PRIMARY_OFFICIAL
2011,2011-11-20,8 - Barcelona,PARTIDO COMUNISTA DE LOS PUEBLOS DE ESPAÑA - PCPE,0,0,Ministerio del Interior / portal oficial de datos abiertos,PRIMARY_OFFICIAL
2011,2011-11-20,8 - Barcelona,PARTIDO DE CASTILLA Y LEÓN - PCAL,0,0,Ministerio del Interior / portal oficial de datos abiertos,PRIMARY_OFFICIAL
2011,2011-11-20,8 - Barcelona,PARTIDO DE INTERNET - INTERNET,0,0,Ministerio del Interior / portal oficial de datos abiertos,PRIMARY_OFFICIAL
2011,2011-11-20,8 - Barcelona,PARTIDO DE LA LIBERTAD INDIVIDUAL - P-LIB,0,0,Ministerio del Interior / portal oficial de datos abiertos,PRIMARY_OFFICIAL
2011,2011-11-20,8 - Barcelona,PARTIDO DEMOCRATICO Y CONSTITUCIONAL - PDYC,0,0,Ministerio del Interior / portal oficial de datos abiertos,PRIMARY_OFFICIAL
2011,2011-11-20,8 - Barcelona,PARTIDO DOS SOCIALISTAS DE GALICIA - PARTIDO SOCIA - PSdeG-PSOE,0,0,Ministerio del Interior / portal oficial de datos abiertos,PRIMARY_OFFICIAL
2011,2011-11-20,8 - Barcelona,PARTIDO DOS SOCIALISTAS DE GALICIA - PSOE - PSdeG-PSOE,0,0,Ministerio del Interior / portal oficial de datos abiertos,PRIMARY_OFFICIAL
2011,2011-11-20,8 - Barcelona,PARTIDO HUMANISTA - PH,0,0,Ministerio del Interior / portal oficial de datos abiertos,PRIMARY_OFFICIAL
2011,2011-11-20,8 - Barcelona,PARTIDO OBRERO SOCIALISTA INTERNACIONALISTA - P.O.S.I.,0,0,Ministerio del Interior / portal oficial de datos abiertos,PRIMARY_OFFICIAL
2011,2011-11-20,8 - Barcelona,PARTIDO OBRERO SOCIALISTA INTERNACIONALISTA - POSI,0,0,Ministerio del Interior / portal oficial de datos abiertos,PRIMARY_OFFICIAL
2011,2011-11-20,8 - Barcelona,PARTIDO PARA LA REGENERACION DE LA DEMOCRACIA EN E - P.R.D.E.,0,0,Ministerio del Interior / portal oficial de datos abiertos,PRIMARY_OFFICIAL
2011,2011-11-20,8 - Barcelona,PARTIDO PIRATA - PIRATA,0,0,Ministerio del Interior / portal oficial de datos abiertos,PRIMARY_OFFICIAL
2011,2011-11-20,8 - Barcelona,PARTIDO POPULAR - P.P.,0,0,Ministerio del Interior / portal oficial de datos abiertos,PRIMARY_OFFICIAL
2011,2011-11-20,8 - Barcelona,PARTIDO POPULAR - PP,0,0,Ministerio del Interior / portal oficial de datos abiertos,PRIMARY_OFFICIAL
2011,2011-11-20,8 - Barcelona,PARTIDO POPULAR EN COALICIÓN CON EL PARTIDO ARAGON - PP-PAR,0,0,Ministerio del Interior / portal oficial de datos abiertos,PRIMARY_OFFICIAL
2011,2011-11-20,8 - Barcelona,PARTIDO POPULAR-EXTREMADURA UNIDA - P.P-E.U.,0,0,Ministerio del Interior / portal oficial de datos abiertos,PRIMARY_OFFICIAL
2011,2011-11-20,8 - Barcelona,PARTIDO POPULAR-EXTREMADURA UNIDA - PP-EU,0,0,Ministerio del Interior / portal oficial de datos abiertos,PRIMARY_OFFICIAL
2011,2011-11-20,8 - Barcelona,PARTIDO REGIONALISTA DE CANTABRIA - P.R.C.,0,0,Ministerio del Interior / portal oficial de datos abiertos,PRIMARY_OFFICIAL
2011,2011-11-20,8 - Barcelona,PARTIDO REGIONALISTA DEL PAIS LEONES - PREPAL,0,0,Ministerio del Interior / portal oficial de datos abiertos,PRIMARY_OFFICIAL
2011,2011-11-20,8 - Barcelona,PARTIDO REGIONALISTA POR ANDALUCIA ORIENTAL - PRAO,0,0,Ministerio del Interior / portal oficial de datos abiertos,PRIMARY_OFFICIAL
2011,2011-11-20,8 - Barcelona,PARTIDO SOCIALISTA DE EUSKADI-EUSKADIKO EZKERRA (P - PSE-EE (PSO,0,0,Ministerio del Interior / portal oficial de datos abiertos,PRIMARY_OFFICIAL
2011,2011-11-20,8 - Barcelona,PARTIDO SOCIALISTA OBRERO ESPAÑOL - P.S.O.E.,0,0,Ministerio del Interior / portal oficial de datos abiertos,PRIMARY_OFFICIAL
2011,2011-11-20,8 - Barcelona,PARTIDO SOCIALISTA OBRERO ESPAÑOL - PSOE,0,0,Ministerio del Interior / portal oficial de datos abiertos,PRIMARY_OFFICIAL
2011,2011-11-20,8 - Barcelona,PARTIT ANIMALISTA CONTRA EL MALTRACTAMENT ANIMAL - PACMA,18638,0,Ministerio del Interior / portal oficial de datos abiertos,PRIMARY_OFFICIAL
2011,2011-11-20,8 - Barcelona,PARTIT COMUNISTA DEL POBLE DE CATALUNYA - PCPC,0,0,Ministerio del Interior / portal oficial de datos abiertos,PRIMARY_OFFICIAL
2011,2011-11-20,8 - Barcelona,PARTIT COMUNISTA DELS POBLES D'ESPANYA - P.C.P.E.,0,0,Ministerio del Interior / portal oficial de datos abiertos,PRIMARY_OFFICIAL
2011,2011-11-20,8 - Barcelona,PARTIT DELS SOCIALISTES DE CATALUNYA - PSC-PSOE,727220,10,Ministerio del Interior / portal oficial de datos abiertos,PRIMARY_OFFICIAL
2011,2011-11-20,8 - Barcelona,PARTIT POPULAR/PARTIDO POPULAR - P.P.,547376,7,Ministerio del Interior / portal oficial de datos abiertos,PRIMARY_OFFICIAL
2011,2011-11-20,8 - Barcelona,PARTIT REPUBLICÀ D'ESQUERRA-REPUBLICANS - PRE-R,0,0,Ministerio del Interior / portal oficial de datos abiertos,PRIMARY_OFFICIAL
2011,2011-11-20,8 - Barcelona,PER UN MÓN MÉS JUST - PUM+J,0,0,Ministerio del Interior / portal oficial de datos abiertos,PRIMARY_OFFICIAL
2011,2011-11-20,8 - Barcelona,PIRATES DE CATALUNYA - PIRATA.CAT,17393,0,Ministerio del Interior / portal oficial de datos abiertos,PRIMARY_OFFICIAL
2011,2011-11-20,8 - Barcelona,PLATAFORMA PER CATALUNYA - PxC,53142,0,Ministerio del Interior / portal oficial de datos abiertos,PRIMARY_OFFICIAL
2011,2011-11-20,8 - Barcelona,POR UN MUNDO MÁS JUSTO - PUM+J,0,0,Ministerio del Interior / portal oficial de datos abiertos,PRIMARY_OFFICIAL
2011,2011-11-20,8 - Barcelona,PSM-INICIATIVA VERDS-ENTESA-EQUO - PSM-IV-EXM-,0,0,Ministerio del Interior / portal oficial de datos abiertos,PRIMARY_OFFICIAL
2011,2011-11-20,8 - Barcelona,REPUBLICANOS - RPS,0,0,Ministerio del Interior / portal oficial de datos abiertos,PRIMARY_OFFICIAL
2011,2011-11-20,8 - Barcelona,SOCIALISTAS POR TERUEL - SXT,0,0,Ministerio del Interior / portal oficial de datos abiertos,PRIMARY_OFFICIAL
2011,2011-11-20,8 - Barcelona,SOLIDARIDAD Y AUTOGESTION INTERNACIONALISTA - SAIn,0,0,Ministerio del Interior / portal oficial de datos abiertos,PRIMARY_OFFICIAL
2011,2011-11-20,8 - Barcelona,"SÍ SE PUEDE, SOCIALISTAS POR TENERIFE, EQUO - SSP-SxTF-EQ",0,0,Ministerio del Interior / portal oficial de datos abiertos,PRIMARY_OFFICIAL
2011,2011-11-20,8 - Barcelona,UNIDAD DEL PUEBLO - UNIDAD DEL,0,0,Ministerio del Interior / portal oficial de datos abiertos,PRIMARY_OFFICIAL
2011,2011-11-20,8 - Barcelona,UNIDAD REGIONALISTA DE CASTILLA Y LEON - U.R.C.L.,0,0,Ministerio del Interior / portal oficial de datos abiertos,PRIMARY_OFFICIAL
2011,2011-11-20,8 - Barcelona,UNIFICACIÓN COMUNISTA DE ESPAÑA - U.C.E.,3341,0,Ministerio del Interior / portal oficial de datos abiertos,PRIMARY_OFFICIAL
2011,2011-11-20,8 - Barcelona,UNIFICACIÓN COMUNISTA DE ESPAÑA - UCE,0,0,Ministerio del Interior / portal oficial de datos abiertos,PRIMARY_OFFICIAL
2011,2011-11-20,8 - Barcelona,UNION DE CIUDADANOS INDEPENDIENTES DE TOLEDO - U.C.I.T.,0,0,Ministerio del Interior / portal oficial de datos abiertos,PRIMARY_OFFICIAL
2011,2011-11-20,8 - Barcelona,UNITS X VALENCIA - UxV,0,0,Ministerio del Interior / portal oficial de datos abiertos,PRIMARY_OFFICIAL
2011,2011-11-20,8 - Barcelona,UNIÓN DEL PUEBLO NAVARRO EN COALICIÓN CON EL PARTI - UPN-PP,0,0,Ministerio del Interior / portal oficial de datos abiertos,PRIMARY_OFFICIAL
2011,2011-11-20,8 - Barcelona,UNIÓN PROGRESO Y DEMOCRACIA - UPyD,33111,0,Ministerio del Interior / portal oficial de datos abiertos,PRIMARY_OFFICIAL
2011,2011-11-20,9 - Burgos,ACCION CIUDADANA POR MALAGA - ACIMA,0,0,Ministerio del Interior / portal oficial de datos abiertos,PRIMARY_OFFICIAL
2011,2011-11-20,9 - Burgos,ALTERNATIVA NACIONALISTA CANARIA - ANC,0,0,Ministerio del Interior / portal oficial de datos abiertos,PRIMARY_OFFICIAL
2011,2011-11-20,9 - Burgos,AMAIUR - AMAIUR,0,0,Ministerio del Interior / portal oficial de datos abiertos,PRIMARY_OFFICIAL
2011,2011-11-20,9 - Burgos,ANDECHA ASTUR - ANDECHA,0,0,Ministerio del Interior / portal oficial de datos abiertos,PRIMARY_OFFICIAL
2011,2011-11-20,9 - Burgos,ANTICAPITALISTAS - ANTICAPITAL,502,0,Ministerio del Interior / portal oficial de datos abiertos,PRIMARY_OFFICIAL
2011,2011-11-20,9 - Burgos,ANTICAPITALISTES - ANTICAPITAL,0,0,Ministerio del Interior / portal oficial de datos abiertos,PRIMARY_OFFICIAL
2011,2011-11-20,9 - Burgos,"BASTA YA, AGRUPACIÓN ABIERTA DE PARTIDOS POLÍTICOS - BASTA YA",0,0,Ministerio del Interior / portal oficial de datos abiertos,PRIMARY_OFFICIAL
2011,2011-11-20,9 - Burgos,BIDEZKO MUNDURANTZ/POR UN MUNDO MAS JUSTO - PUM+J,0,0,Ministerio del Interior / portal oficial de datos abiertos,PRIMARY_OFFICIAL
2011,2011-11-20,9 - Burgos,BIDEZKO MUNDURANTZ/POR UN MUNDO MÁS JUSTO - PU M+J,0,0,Ministerio del Interior / portal oficial de datos abiertos,PRIMARY_OFFICIAL
2011,2011-11-20,9 - Burgos,BLOC-INICIATIVA-VERDS-EQUO-COALICIÓ COMPROMÍS - COMPROMÍS-Q,0,0,Ministerio del Interior / portal oficial de datos abiertos,PRIMARY_OFFICIAL
2011,2011-11-20,9 - Burgos,BLOQUE NACIONALISTA GALEGO - B.N.G.,0,0,Ministerio del Interior / portal oficial de datos abiertos,PRIMARY_OFFICIAL
2011,2011-11-20,9 - Burgos,BLOQUE NACIONALISTA GALEGO - BNG,0,0,Ministerio del Interior / portal oficial de datos abiertos,PRIMARY_OFFICIAL
2011,2011-11-20,9 - Burgos,CANARIAS VERDE Y ROJA: LA IZQUIERDA PLURAL - IUC-CxI,0,0,Ministerio del Interior / portal oficial de datos abiertos,PRIMARY_OFFICIAL
2011,2011-11-20,9 - Burgos,CENTRO DEMOCRATICO LIBERAL - C.D.L.,0,0,Ministerio del Interior / portal oficial de datos abiertos,PRIMARY_OFFICIAL
2011,2011-11-20,9 - Burgos,"CHUNTA ARAGONESISTA-IZQUIERDA UNIDA, LA IZQUIERDA - CHA-IU",0,0,Ministerio del Interior / portal oficial de datos abiertos,PRIMARY_OFFICIAL
2011,2011-11-20,9 - Burgos,"CHUNTA ARAGONESISTA-IZQUIERDA UNIDA, La Izquierda - CHA-IU",0,0,Ministerio del Interior / portal oficial de datos abiertos,PRIMARY_OFFICIAL
2011,2011-11-20,9 - Burgos,CIUDADANOS DE CENTRO DEMOCRÁTICO - CCD,203,0,Ministerio del Interior / portal oficial de datos abiertos,PRIMARY_OFFICIAL
2011,2011-11-20,9 - Burgos,COALICION CABALLAS - Caballas,0,0,Ministerio del Interior / portal oficial de datos abiertos,PRIMARY_OFFICIAL
2011,2011-11-20,9 - Burgos,COALICIÓN CANARIA-NUEVA CANARIAS - CC-NC-PNC,0,0,Ministerio del Interior / portal oficial de datos abiertos,PRIMARY_OFFICIAL
2011,2011-11-20,9 - Burgos,CONVERGENCIA POR EXTREMADURA - CEx,0,0,Ministerio del Interior / portal oficial de datos abiertos,PRIMARY_OFFICIAL
2011,2011-11-20,9 - Burgos,CONVERGÈNCIA I UNIÓ - CiU,0,0,Ministerio del Interior / portal oficial de datos abiertos,PRIMARY_OFFICIAL
2011,2011-11-20,9 - Burgos,CONVERGÈNCIA i UNIÓ - CiU,0,0,Ministerio del Interior / portal oficial de datos abiertos,PRIMARY_OFFICIAL
2011,2011-11-20,9 - Burgos,CONVERXENCIA VINTEÚN - C.XXI,0,0,Ministerio del Interior / portal oficial de datos abiertos,PRIMARY_OFFICIAL
2011,2011-11-20,9 - Burgos,CONVERXENCIA VINTEÚN - CXXI,0,0,Ministerio del Interior / portal oficial de datos abiertos,PRIMARY_OFFICIAL
2011,2011-11-20,9 - Burgos,DEMOCRACIA NACIONAL - D.N.,0,0,Ministerio del Interior / portal oficial de datos abiertos,PRIMARY_OFFICIAL
2011,2011-11-20,9 - Burgos,DEMOS EL CAMBIO - DeC,0,0,Ministerio del Interior / portal oficial de datos abiertos,PRIMARY_OFFICIAL
2011,2011-11-20,9 - Burgos,DERECHA NAVARRA Y ESPAÑOLA - DNE,0,0,Ministerio del Interior / portal oficial de datos abiertos,PRIMARY_OFFICIAL
2011,2011-11-20,9 - Burgos,EQUO - EQUO,1938,0,Ministerio del Interior / portal oficial de datos abiertos,PRIMARY_OFFICIAL
2011,2011-11-20,9 - Burgos,EQUO - eQuo,0,0,Ministerio del Interior / portal oficial de datos abiertos,PRIMARY_OFFICIAL
2011,2011-11-20,9 - Burgos,ESCAÑOS EN BLANCO - Eb,0,0,Ministerio del Interior / portal oficial de datos abiertos,PRIMARY_OFFICIAL
2011,2011-11-20,9 - Burgos,ESCAÑOS EN BLANCO/ESCONS EN BLANC - EB,0,0,Ministerio del Interior / portal oficial de datos abiertos,PRIMARY_OFFICIAL
2011,2011-11-20,9 - Burgos,ESCONS EN BLANC - Eb,0,0,Ministerio del Interior / portal oficial de datos abiertos,PRIMARY_OFFICIAL
2011,2011-11-20,9 - Burgos,ESPAÑA 2000 - ESPAÑA 2000,0,0,Ministerio del Interior / portal oficial de datos abiertos,PRIMARY_OFFICIAL
2011,2011-11-20,9 - Burgos,ESQUERDA UNIDA-OS VERDES: A ESQUERDA PLURAL - EU-V,0,0,Ministerio del Interior / portal oficial de datos abiertos,PRIMARY_OFFICIAL
2011,2011-11-20,9 - Burgos,ESQUERRA REPUBLICANA - ESQUERRA,0,0,Ministerio del Interior / portal oficial de datos abiertos,PRIMARY_OFFICIAL
2011,2011-11-20,9 - Burgos,ESQUERRA REPUBLICANA DE CATALUNYA-CATALUNYA SÍ - ERC - RI.ca,0,0,Ministerio del Interior / portal oficial de datos abiertos,PRIMARY_OFFICIAL
2011,2011-11-20,9 - Burgos,ESQUERRA REPUBLICANA DE CATALUNYA-CATALUNYA SÍ - ERC-RI.cat,0,0,Ministerio del Interior / portal oficial de datos abiertos,PRIMARY_OFFICIAL
2011,2011-11-20,9 - Burgos,ESQUERRA REPUBLICANA DEL PAÍS VALENCIÀ - ERPV,0,0,Ministerio del Interior / portal oficial de datos abiertos,PRIMARY_OFFICIAL
2011,2011-11-20,9 - Burgos,ESQUERRA UNIDA DEL PAIS VALENCIA-LOS VERDES: L'ESQ - EUPV-LV,0,0,Ministerio del Interior / portal oficial de datos abiertos,PRIMARY_OFFICIAL
2011,2011-11-20,9 - Burgos,ESQUERRA UNIDA ILLES BALEARS: LA IZQUIERDA PLURAL - EUIB,0,0,Ministerio del Interior / portal oficial de datos abiertos,PRIMARY_OFFICIAL
2011,2011-11-20,9 - Burgos,ESQUERRA UNIDA PAÍS VALENCIÀ-ELS VERDS: L'ESQUERRA - EUPV-EV,0,0,Ministerio del Interior / portal oficial de datos abiertos,PRIMARY_OFFICIAL
2011,2011-11-20,9 - Burgos,EUZKO ALDERDI JELTZALEA-PARTIDO NACIONALISTA VASCO - E.A.J.-P.N.,0,0,Ministerio del Interior / portal oficial de datos abiertos,PRIMARY_OFFICIAL
2011,2011-11-20,9 - Burgos,EUZKO ALDERDI JELTZALEA-PARTIDO NACIONALISTA VASCO - EAJ-PNV,0,0,Ministerio del Interior / portal oficial de datos abiertos,PRIMARY_OFFICIAL
2011,2011-11-20,9 - Burgos,FALANGE ESPAÑOLA DE LAS J.O.N.S. - FE de las J,0,0,Ministerio del Interior / portal oficial de datos abiertos,PRIMARY_OFFICIAL
2011,2011-11-20,9 - Burgos,FAMILIA Y VIDA - PFyV,0,0,Ministerio del Interior / portal oficial de datos abiertos,PRIMARY_OFFICIAL
2011,2011-11-20,9 - Burgos,FORO CENTRO Y DEMOCRACIA - CYD,0,0,Ministerio del Interior / portal oficial de datos abiertos,PRIMARY_OFFICIAL
2011,2011-11-20,9 - Burgos,FORO DE CIUDADANOS - FAC,0,0,Ministerio del Interior / portal oficial de datos abiertos,PRIMARY_OFFICIAL
2011,2011-11-20,9 - Burgos,GEROA BAI - GBAI,0,0,Ministerio del Interior / portal oficial de datos abiertos,PRIMARY_OFFICIAL
2011,2011-11-20,9 - Burgos,HARTOS.ORG - HARTOS.ORG,0,0,Ministerio del Interior / portal oficial de datos abiertos,PRIMARY_OFFICIAL
2011,2011-11-20,9 - Burgos,HIGIENE DEMOCRATICA - H.D.,0,0,Ministerio del Interior / portal oficial de datos abiertos,PRIMARY_OFFICIAL
2011,2011-11-20,9 - Burgos,INICIATIVA PER CATALUNYA VERDS-ESQUERRA UNIDA I AL - ICV-EUiA,0,0,Ministerio del Interior / portal oficial de datos abiertos,PRIMARY_OFFICIAL
2011,2011-11-20,9 - Burgos,INICIATIVA PER CATALUNYA VERDS-ESQUERRA UNIDA i AL - ICV-EUiA,0,0,Ministerio del Interior / portal oficial de datos abiertos,PRIMARY_OFFICIAL
2011,2011-11-20,9 - Burgos,IU - LOS VERDES: LA IZQUIERDA PLURAL / EZKER ANITZ - IU-LV,0,0,Ministerio del Interior / portal oficial de datos abiertos,PRIMARY_OFFICIAL
2011,2011-11-20,9 - Burgos,IZQUIERDA UNIDA - PARTIDO DEMOCRÁTICO Y SOCIAL DE - IU-PDSC,0,0,Ministerio del Interior / portal oficial de datos abiertos,PRIMARY_OFFICIAL
2011,2011-11-20,9 - Burgos,IZQUIERDA UNIDA CANARIA-INICIATIVA POR EL HIERRO-L - IUC-IpH-LV,0,0,Ministerio del Interior / portal oficial de datos abiertos,PRIMARY_OFFICIAL
2011,2011-11-20,9 - Burgos,IZQUIERDA UNIDA DE ASTURIAS-IZQUIERDA XUNIDA D'AST - IU-IX,0,0,Ministerio del Interior / portal oficial de datos abiertos,PRIMARY_OFFICIAL
2011,2011-11-20,9 - Burgos,IZQUIERDA UNIDA DE CANTABRIA: LA IZQUIERDA PLURAL - IUC,0,0,Ministerio del Interior / portal oficial de datos abiertos,PRIMARY_OFFICIAL
2011,2011-11-20,9 - Burgos,IZQUIERDA UNIDA DE CASTILLA Y LEON: LA IZQUIERDA P - IUCL,0,0,Ministerio del Interior / portal oficial de datos abiertos,PRIMARY_OFFICIAL
2011,2011-11-20,9 - Burgos,IZQUIERDA UNIDA DE CASTILLA Y LEON: LA IZQUIERDA P - IUCyL,0,0,Ministerio del Interior / portal oficial de datos abiertos,PRIMARY_OFFICIAL
2011,2011-11-20,9 - Burgos,IZQUIERDA UNIDA DE CASTILLA Y LEÓN: LA IZQUIERDA P - IU CyL,0,0,Ministerio del Interior / portal oficial de datos abiertos,PRIMARY_OFFICIAL
2011,2011-11-20,9 - Burgos,IZQUIERDA UNIDA DE CASTILLA Y LEÓN: LA IZQUIERDA P - IUCL,11892,0,Ministerio del Interior / portal oficial de datos abiertos,PRIMARY_OFFICIAL
2011,2011-11-20,9 - Burgos,IZQUIERDA UNIDA DE CASTILLA-LA MANCHA-LOS VERDES: - IUCLM-LV,0,0,Ministerio del Interior / portal oficial de datos abiertos,PRIMARY_OFFICIAL
2011,2011-11-20,9 - Burgos,IZQUIERDA UNIDA DE CASTILLA-LA MANCHA-LOS VERDES: - IUCM-LV,0,0,Ministerio del Interior / portal oficial de datos abiertos,PRIMARY_OFFICIAL
2011,2011-11-20,9 - Burgos,IZQUIERDA UNIDA LOS VERDES-CONVOCATORIA POR ANDALU - IULV-CA,0,0,Ministerio del Interior / portal oficial de datos abiertos,PRIMARY_OFFICIAL
2011,2011-11-20,9 - Burgos,IZQUIERDA UNIDA VERDES-SOCIALISTAS INDEPENDIENTES - IU-V-SIEX:,0,0,Ministerio del Interior / portal oficial de datos abiertos,PRIMARY_OFFICIAL
2011,2011-11-20,9 - Burgos,IZQUIERDA UNIDA VERDES-SOCIALISTAS INDEPENDIENTES - IU-VERDES-S,0,0,Ministerio del Interior / portal oficial de datos abiertos,PRIMARY_OFFICIAL
2011,2011-11-20,9 - Burgos,IZQUIERDA UNIDA-LA IZQUIERDA PLURAL - I.U.,0,0,Ministerio del Interior / portal oficial de datos abiertos,PRIMARY_OFFICIAL
2011,2011-11-20,9 - Burgos,IZQUIERDA UNIDA-LOS VERDES: LA IZQUIERDA PLURAL - IU-LV,0,0,Ministerio del Interior / portal oficial de datos abiertos,PRIMARY_OFFICIAL
2011,2011-11-20,9 - Burgos,IZQUIERDA UNIDA-LOS VERDES: LA IZQUIERDA PLURAL/EZ - I.U.,0,0,Ministerio del Interior / portal oficial de datos abiertos,PRIMARY_OFFICIAL
2011,2011-11-20,9 - Burgos,IZQUIERDA UNIDA-LOS VERDES: LA IZQUIERDA PLURAL/EZ - IU-LV,0,0,Ministerio del Interior / portal oficial de datos abiertos,PRIMARY_OFFICIAL
2011,2011-11-20,9 - Burgos,IZQUIERDA UNIDA-VERDES DE LA REGION DE MURCIA: LA - IUV-RM,0,0,Ministerio del Interior / portal oficial de datos abiertos,PRIMARY_OFFICIAL
2011,2011-11-20,9 - Burgos,IZQUIERDA-EZKERRA/LA IZQUIERDA PLURAL - IZQUIERDA-E,0,0,Ministerio del Interior / portal oficial de datos abiertos,PRIMARY_OFFICIAL
2011,2011-11-20,9 - Burgos,LOS VERDES-GRUPO VERDE - LV-GV,0,0,Ministerio del Interior / portal oficial de datos abiertos,PRIMARY_OFFICIAL
2011,2011-11-20,9 - Burgos,MUERTE AL SISTEMA - +MAS+,0,0,Ministerio del Interior / portal oficial de datos abiertos,PRIMARY_OFFICIAL
2011,2011-11-20,9 - Burgos,PARTIDO ANDALUCISTA - P.A.,0,0,Ministerio del Interior / portal oficial de datos abiertos,PRIMARY_OFFICIAL
2011,2011-11-20,9 - Burgos,PARTIDO ANDALUCISTA - PA,0,0,Ministerio del Interior / portal oficial de datos abiertos,PRIMARY_OFFICIAL
2011,2011-11-20,9 - Burgos,PARTIDO ANIMALISTA CONTRA EL MALTRATO ANIMAL - PACMA,1007,0,Ministerio del Interior / portal oficial de datos abiertos,PRIMARY_OFFICIAL
2011,2011-11-20,9 - Burgos,PARTIDO CASTELLANO - PCAS,0,0,Ministerio del Interior / portal oficial de datos abiertos,PRIMARY_OFFICIAL
2011,2011-11-20,9 - Burgos,PARTIDO COMUNISTA DE LOS PUEBLOS DE ESPAÑA - P.C.P.E.,0,0,Ministerio del Interior / portal oficial de datos abiertos,PRIMARY_OFFICIAL
2011,2011-11-20,9 - Burgos,PARTIDO COMUNISTA DE LOS PUEBLOS DE ESPAÑA - PCPE,0,0,Ministerio del Interior / portal oficial de datos abiertos,PRIMARY_OFFICIAL
2011,2011-11-20,9 - Burgos,PARTIDO DE CASTILLA Y LEÓN - PCAL,1515,0,Ministerio del Interior / portal oficial de datos abiertos,PRIMARY_OFFICIAL
2011,2011-11-20,9 - Burgos,PARTIDO DE INTERNET - INTERNET,0,0,Ministerio del Interior / portal oficial de datos abiertos,PRIMARY_OFFICIAL
2011,2011-11-20,9 - Burgos,PARTIDO DE LA LIBERTAD INDIVIDUAL - P-LIB,0,0,Ministerio del Interior / portal oficial de datos abiertos,PRIMARY_OFFICIAL
2011,2011-11-20,9 - Burgos,PARTIDO DEMOCRATICO Y CONSTITUCIONAL - PDYC,0,0,Ministerio del Interior / portal oficial de datos abiertos,PRIMARY_OFFICIAL
2011,2011-11-20,9 - Burgos,PARTIDO DOS SOCIALISTAS DE GALICIA - PARTIDO SOCIA - PSdeG-PSOE,0,0,Ministerio del Interior / portal oficial de datos abiertos,PRIMARY_OFFICIAL
2011,2011-11-20,9 - Burgos,PARTIDO DOS SOCIALISTAS DE GALICIA - PSOE - PSdeG-PSOE,0,0,Ministerio del Interior / portal oficial de datos abiertos,PRIMARY_OFFICIAL
2011,2011-11-20,9 - Burgos,PARTIDO HUMANISTA - PH,0,0,Ministerio del Interior / portal oficial de datos abiertos,PRIMARY_OFFICIAL
2011,2011-11-20,9 - Burgos,PARTIDO OBRERO SOCIALISTA INTERNACIONALISTA - P.O.S.I.,0,0,Ministerio del Interior / portal oficial de datos abiertos,PRIMARY_OFFICIAL
2011,2011-11-20,9 - Burgos,PARTIDO OBRERO SOCIALISTA INTERNACIONALISTA - POSI,0,0,Ministerio del Interior / portal oficial de datos abiertos,PRIMARY_OFFICIAL
2011,2011-11-20,9 - Burgos,PARTIDO PARA LA REGENERACION DE LA DEMOCRACIA EN E - P.R.D.E.,0,0,Ministerio del Interior / portal oficial de datos abiertos,PRIMARY_OFFICIAL
2011,2011-11-20,9 - Burgos,PARTIDO PIRATA - PIRATA,0,0,Ministerio del Interior / portal oficial de datos abiertos,PRIMARY_OFFICIAL
2011,2011-11-20,9 - Burgos,PARTIDO POPULAR - P.P.,116057,3,Ministerio del Interior / portal oficial de datos abiertos,PRIMARY_OFFICIAL
2011,2011-11-20,9 - Burgos,PARTIDO POPULAR - PP,0,0,Ministerio del Interior / portal oficial de datos abiertos,PRIMARY_OFFICIAL
2011,2011-11-20,9 - Burgos,PARTIDO POPULAR EN COALICIÓN CON EL PARTIDO ARAGON - PP-PAR,0,0,Ministerio del Interior / portal oficial de datos abiertos,PRIMARY_OFFICIAL
2011,2011-11-20,9 - Burgos,PARTIDO POPULAR-EXTREMADURA UNIDA - P.P-E.U.,0,0,Ministerio del Interior / portal oficial de datos abiertos,PRIMARY_OFFICIAL
2011,2011-11-20,9 - Burgos,PARTIDO POPULAR-EXTREMADURA UNIDA - PP-EU,0,0,Ministerio del Interior / portal oficial de datos abiertos,PRIMARY_OFFICIAL
2011,2011-11-20,9 - Burgos,PARTIDO REGIONALISTA DE CANTABRIA - P.R.C.,0,0,Ministerio del Interior / portal oficial de datos abiertos,PRIMARY_OFFICIAL
2011,2011-11-20,9 - Burgos,PARTIDO REGIONALISTA DEL PAIS LEONES - PREPAL,0,0,Ministerio del Interior / portal oficial de datos abiertos,PRIMARY_OFFICIAL
2011,2011-11-20,9 - Burgos,PARTIDO REGIONALISTA POR ANDALUCIA ORIENTAL - PRAO,0,0,Ministerio del Interior / portal oficial de datos abiertos,PRIMARY_OFFICIAL
2011,2011-11-20,9 - Burgos,PARTIDO SOCIALISTA DE EUSKADI-EUSKADIKO EZKERRA (P - PSE-EE (PSO,0,0,Ministerio del Interior / portal oficial de datos abiertos,PRIMARY_OFFICIAL
2011,2011-11-20,9 - Burgos,PARTIDO SOCIALISTA OBRERO ESPAÑOL - P.S.O.E.,59878,1,Ministerio del Interior / portal oficial de datos abiertos,PRIMARY_OFFICIAL
2011,2011-11-20,9 - Burgos,PARTIDO SOCIALISTA OBRERO ESPAÑOL - PSOE,0,0,Ministerio del Interior / portal oficial de datos abiertos,PRIMARY_OFFICIAL
2011,2011-11-20,9 - Burgos,PARTIT ANIMALISTA CONTRA EL MALTRACTAMENT ANIMAL - PACMA,0,0,Ministerio del Interior / portal oficial de datos abiertos,PRIMARY_OFFICIAL
2011,2011-11-20,9 - Burgos,PARTIT COMUNISTA DEL POBLE DE CATALUNYA - PCPC,0,0,Ministerio del Interior / portal oficial de datos abiertos,PRIMARY_OFFICIAL
2011,2011-11-20,9 - Burgos,PARTIT COMUNISTA DELS POBLES D'ESPANYA - P.C.P.E.,0,0,Ministerio del Interior / portal oficial de datos abiertos,PRIMARY_OFFICIAL
2011,2011-11-20,9 - Burgos,PARTIT DELS SOCIALISTES DE CATALUNYA - PSC-PSOE,0,0,Ministerio del Interior / portal oficial de datos abiertos,PRIMARY_OFFICIAL
2011,2011-11-20,9 - Burgos,PARTIT POPULAR/PARTIDO POPULAR - P.P.,0,0,Ministerio del Interior / portal oficial de datos abiertos,PRIMARY_OFFICIAL
2011,2011-11-20,9 - Burgos,PARTIT REPUBLICÀ D'ESQUERRA-REPUBLICANS - PRE-R,0,0,Ministerio del Interior / portal oficial de datos abiertos,PRIMARY_OFFICIAL
2011,2011-11-20,9 - Burgos,PER UN MÓN MÉS JUST - PUM+J,0,0,Ministerio del Interior / portal oficial de datos abiertos,PRIMARY_OFFICIAL
2011,2011-11-20,9 - Burgos,PIRATES DE CATALUNYA - PIRATA.CAT,0,0,Ministerio del Interior / portal oficial de datos abiertos,PRIMARY_OFFICIAL
2011,2011-11-20,9 - Burgos,PLATAFORMA PER CATALUNYA - PxC,0,0,Ministerio del Interior / portal oficial de datos abiertos,PRIMARY_OFFICIAL
2011,2011-11-20,9 - Burgos,POR UN MUNDO MÁS JUSTO - PUM+J,605,0,Ministerio del Interior / portal oficial de datos abiertos,PRIMARY_OFFICIAL
2011,2011-11-20,9 - Burgos,PSM-INICIATIVA VERDS-ENTESA-EQUO - PSM-IV-EXM-,0,0,Ministerio del Interior / portal oficial de datos abiertos,PRIMARY_OFFICIAL
2011,2011-11-20,9 - Burgos,REPUBLICANOS - RPS,0,0,Ministerio del Interior / portal oficial de datos abiertos,PRIMARY_OFFICIAL
2011,2011-11-20,9 - Burgos,SOCIALISTAS POR TERUEL - SXT,0,0,Ministerio del Interior / portal oficial de datos abiertos,PRIMARY_OFFICIAL
2011,2011-11-20,9 - Burgos,SOLIDARIDAD Y AUTOGESTION INTERNACIONALISTA - SAIn,454,0,Ministerio del Interior / portal oficial de datos abiertos,PRIMARY_OFFICIAL
2011,2011-11-20,9 - Burgos,"SÍ SE PUEDE, SOCIALISTAS POR TENERIFE, EQUO - SSP-SxTF-EQ",0,0,Ministerio del Interior / portal oficial de datos abiertos,PRIMARY_OFFICIAL
2011,2011-11-20,9 - Burgos,UNIDAD DEL PUEBLO - UNIDAD DEL,0,0,Ministerio del Interior / portal oficial de datos abiertos,PRIMARY_OFFICIAL
2011,2011-11-20,9 - Burgos,UNIDAD REGIONALISTA DE CASTILLA Y LEON - U.R.C.L.,0,0,Ministerio del Interior / portal oficial de datos abiertos,PRIMARY_OFFICIAL
2011,2011-11-20,9 - Burgos,UNIFICACIÓN COMUNISTA DE ESPAÑA - U.C.E.,0,0,Ministerio del Interior / portal oficial de datos abiertos,PRIMARY_OFFICIAL
2011,2011-11-20,9 - Burgos,UNIFICACIÓN COMUNISTA DE ESPAÑA - UCE,0,0,Ministerio del Interior / portal oficial de datos abiertos,PRIMARY_OFFICIAL
2011,2011-11-20,9 - Burgos,UNION DE CIUDADANOS INDEPENDIENTES DE TOLEDO - U.C.I.T.,0,0,Ministerio del Interior / portal oficial de datos abiertos,PRIMARY_OFFICIAL
2011,2011-11-20,9 - Burgos,UNITS X VALENCIA - UxV,0,0,Ministerio del Interior / portal oficial de datos abiertos,PRIMARY_OFFICIAL
2011,2011-11-20,9 - Burgos,UNIÓN DEL PUEBLO NAVARRO EN COALICIÓN CON EL PARTI - UPN-PP,0,0,Ministerio del Interior / portal oficial de datos abiertos,PRIMARY_OFFICIAL
2011,2011-11-20,9 - Burgos,UNIÓN PROGRESO Y DEMOCRACIA - UPyD,16090,0,Ministerio del Interior / portal oficial de datos abiertos,PRIMARY_OFFICIAL
2015,2015-12-20,1 - Araba/Álava,"""EN COMÚ PODEM"" - EN COMÚ",0,0,Ministerio del Interior / portal oficial de datos abiertos,PRIMARY_OFFICIAL
2015,2015-12-20,1 - Araba/Álava,ANDALUCES DE JAÉN UNIDOS - AJU,0,0,Ministerio del Interior / portal oficial de datos abiertos,PRIMARY_OFFICIAL
2015,2015-12-20,1 - Araba/Álava,"ARA, PAÍS VALENCIÀ - ARA, PV",0,0,Ministerio del Interior / portal oficial de datos abiertos,PRIMARY_OFFICIAL
2015,2015-12-20,1 - Araba/Álava,"ARA, PAÍS VALENCIÀ - ARAPV",0,0,Ministerio del Interior / portal oficial de datos abiertos,PRIMARY_OFFICIAL
2015,2015-12-20,1 - Araba/Álava,AVANT VALENCIANS - AVANT,0,0,Ministerio del Interior / portal oficial de datos abiertos,PRIMARY_OFFICIAL
2015,2015-12-20,1 - Araba/Álava,BIDEZKO MUNDURANTZ/POR UN MUNDO MÁS JUSTO - PUM+J,0,0,Ministerio del Interior / portal oficial de datos abiertos,PRIMARY_OFFICIAL
2015,2015-12-20,1 - Araba/Álava,"CANARIAS DECIDE: LOS VERDES, UNIDAD DEL PUEBLO Y A - CANARIAS DE",0,0,Ministerio del Interior / portal oficial de datos abiertos,PRIMARY_OFFICIAL
2015,2015-12-20,1 - Araba/Álava,CIUDADANOS DE CENTRO DEMOCRÁTICO - CCD,0,0,Ministerio del Interior / portal oficial de datos abiertos,PRIMARY_OFFICIAL
2015,2015-12-20,1 - Araba/Álava,CIUDADANOS LIBRES UNIDOS - CILUS,0,0,Ministerio del Interior / portal oficial de datos abiertos,PRIMARY_OFFICIAL
2015,2015-12-20,1 - Araba/Álava,CIUDADANOS PARTIDO DE LA CIUDADANÍA - C's,0,0,Ministerio del Interior / portal oficial de datos abiertos,PRIMARY_OFFICIAL
2015,2015-12-20,1 - Araba/Álava,CIUDADANOS PARTIDO DE LA CIUDADANÍA - C´s,0,0,Ministerio del Interior / portal oficial de datos abiertos,PRIMARY_OFFICIAL
2015,2015-12-20,1 - Araba/Álava,CIUDADANOS RURALES AGRUPADOS - CRA,0,0,Ministerio del Interior / portal oficial de datos abiertos,PRIMARY_OFFICIAL
2015,2015-12-20,1 - Araba/Álava,"CIUDADANOS, PARTIDO DE LA CIUDADANÍA - C's",0,0,Ministerio del Interior / portal oficial de datos abiertos,PRIMARY_OFFICIAL
2015,2015-12-20,1 - Araba/Álava,"CIUDADANOS, PARTIDO DE LA CIUDADANÍA - C´s",0,0,Ministerio del Interior / portal oficial de datos abiertos,PRIMARY_OFFICIAL
2015,2015-12-20,1 - Araba/Álava,CIUDADANOS-PARTIDO DE LA CIUDADANÍA (C's) - C's,0,0,Ministerio del Interior / portal oficial de datos abiertos,PRIMARY_OFFICIAL
2015,2015-12-20,1 - Araba/Álava,CIUDADANOS-PARTIDO DE LA CIUDADANÍA - C's,10512,0,Ministerio del Interior / portal oficial de datos abiertos,PRIMARY_OFFICIAL
2015,2015-12-20,1 - Araba/Álava,CIUDADANOS-PARTIDO DE LA CIUDADANÍA - C´s,0,0,Ministerio del Interior / portal oficial de datos abiertos,PRIMARY_OFFICIAL
2015,2015-12-20,1 - Araba/Álava,CIUTADANS - PARTIDO DE LA CIUDADANÍA - C's,0,0,Ministerio del Interior / portal oficial de datos abiertos,PRIMARY_OFFICIAL
2015,2015-12-20,1 - Araba/Álava,CIUTADANS-PARTIDO DE LA CIUDADANÍA - C's,0,0,Ministerio del Interior / portal oficial de datos abiertos,PRIMARY_OFFICIAL
2015,2015-12-20,1 - Araba/Álava,COALICIÓN CANARIA - PARTIDO NACIONALISTA CANARIO - CCa-PNC,0,0,Ministerio del Interior / portal oficial de datos abiertos,PRIMARY_OFFICIAL
2015,2015-12-20,1 - Araba/Álava,COALICIÓN CANARIA-PARTIDO NACIONALISTA CANARIO - CCa-PNC,0,0,Ministerio del Interior / portal oficial de datos abiertos,PRIMARY_OFFICIAL
2015,2015-12-20,1 - Araba/Álava,COMPROMÍS-PODEMOS-ÉS EL MOMENT - PODEMOS - C,0,0,Ministerio del Interior / portal oficial de datos abiertos,PRIMARY_OFFICIAL
2015,2015-12-20,1 - Araba/Álava,COMPROMÍS-PODEMOS-ÉS EL MOMENT - PODEMOS-COM,0,0,Ministerio del Interior / portal oficial de datos abiertos,PRIMARY_OFFICIAL
2015,2015-12-20,1 - Araba/Álava,COMUNISTAS DA GALIZA - PCPE,0,0,Ministerio del Interior / portal oficial de datos abiertos,PRIMARY_OFFICIAL
2015,2015-12-20,1 - Araba/Álava,COMUNISTAS DA GALIZA-PCPE - PCPE,0,0,Ministerio del Interior / portal oficial de datos abiertos,PRIMARY_OFFICIAL
2015,2015-12-20,1 - Araba/Álava,DEMOCRACIA NACIONAL - DN,0,0,Ministerio del Interior / portal oficial de datos abiertos,PRIMARY_OFFICIAL
2015,2015-12-20,1 - Araba/Álava,DEMOCRÀCIA I LLIBERTAT. CONVERGÈNCIA. DEMÒCRATES. - DL,0,0,Ministerio del Interior / portal oficial de datos abiertos,PRIMARY_OFFICIAL
2015,2015-12-20,1 - Araba/Álava,EL PI - PROPOSTA PER LES ILLES - EL PI,0,0,Ministerio del Interior / portal oficial de datos abiertos,PRIMARY_OFFICIAL
2015,2015-12-20,1 - Araba/Álava,EN COMÚ PODEM - EN COMÚ,0,0,Ministerio del Interior / portal oficial de datos abiertos,PRIMARY_OFFICIAL
2015,2015-12-20,1 - Araba/Álava,EN MAREA - PODEMOS-EN,0,0,Ministerio del Interior / portal oficial de datos abiertos,PRIMARY_OFFICIAL
2015,2015-12-20,1 - Araba/Álava,EN MAREA - PODEMOS-En,0,0,Ministerio del Interior / portal oficial de datos abiertos,PRIMARY_OFFICIAL
2015,2015-12-20,1 - Araba/Álava,EN POSITIU - EN POSITIU,0,0,Ministerio del Interior / portal oficial de datos abiertos,PRIMARY_OFFICIAL
2015,2015-12-20,1 - Araba/Álava,ESCAÑOS EN BLANCO - AULKI ZURIAK - EB - AZ,473,0,Ministerio del Interior / portal oficial de datos abiertos,PRIMARY_OFFICIAL
2015,2015-12-20,1 - Araba/Álava,ESCAÑOS EN BLANCO - EB,0,0,Ministerio del Interior / portal oficial de datos abiertos,PRIMARY_OFFICIAL
2015,2015-12-20,1 - Araba/Álava,ESCAÑOS EN BLANCO-AULKI ZURIAK - EB-AZ,0,0,Ministerio del Interior / portal oficial de datos abiertos,PRIMARY_OFFICIAL
2015,2015-12-20,1 - Araba/Álava,ESCONS EN BLANC/ESCAÑOS EN BLANCO - EB,0,0,Ministerio del Interior / portal oficial de datos abiertos,PRIMARY_OFFICIAL
2015,2015-12-20,1 - Araba/Álava,ESQUERRA REPUBLICANA DE CATALUNYA-CATALUNYA SÍ - ERC-CATSI,0,0,Ministerio del Interior / portal oficial de datos abiertos,PRIMARY_OFFICIAL
2015,2015-12-20,1 - Araba/Álava,ESQUERRA REPUBLICANA DE CATALUNYA-CATALUNYA SÍ - ERC-CATSÍ,0,0,Ministerio del Interior / portal oficial de datos abiertos,PRIMARY_OFFICIAL
2015,2015-12-20,1 - Araba/Álava,EUSKAL HERRIA BILDU (EH Bildu) - EH Bildu,0,0,Ministerio del Interior / portal oficial de datos abiertos,PRIMARY_OFFICIAL
2015,2015-12-20,1 - Araba/Álava,EUSKAL HERRIA BILDU - EH Bildu,21225,0,Ministerio del Interior / portal oficial de datos abiertos,PRIMARY_OFFICIAL
2015,2015-12-20,1 - Araba/Álava,EUZKO ALDERDI JELTZALEA-PARTIDO NACIONALISTA VASCO - EAJ-PNV,28353,1,Ministerio del Interior / portal oficial de datos abiertos,PRIMARY_OFFICIAL
2015,2015-12-20,1 - Araba/Álava,EXTREMADURA UNIDA-EXTREMEÑOS - EU-eX,0,0,Ministerio del Interior / portal oficial de datos abiertos,PRIMARY_OFFICIAL
2015,2015-12-20,1 - Araba/Álava,EZKERRA-X LA IZQUIERDA - EZKERRA,0,0,Ministerio del Interior / portal oficial de datos abiertos,PRIMARY_OFFICIAL
2015,2015-12-20,1 - Araba/Álava,FALANGE ESPAÑOLA DE LAS JONS - FE de las J,0,0,Ministerio del Interior / portal oficial de datos abiertos,PRIMARY_OFFICIAL
2015,2015-12-20,1 - Araba/Álava,FORO DEMÓCRATA - FDEE,0,0,Ministerio del Interior / portal oficial de datos abiertos,PRIMARY_OFFICIAL
2015,2015-12-20,1 - Araba/Álava,GEROA BAI - GBAI,0,0,Ministerio del Interior / portal oficial de datos abiertos,PRIMARY_OFFICIAL
2015,2015-12-20,1 - Araba/Álava,INDEPENDIENTES POR ARAGÓN - Independien,0,0,Ministerio del Interior / portal oficial de datos abiertos,PRIMARY_OFFICIAL
2015,2015-12-20,1 - Araba/Álava,INICIATIVA FEMINISTA - IFem,0,0,Ministerio del Interior / portal oficial de datos abiertos,PRIMARY_OFFICIAL
2015,2015-12-20,1 - Araba/Álava,"JUSTIZIA SOCIAL, PARTICIPACIÓN CIUDADANA - JS,PC",0,0,Ministerio del Interior / portal oficial de datos abiertos,PRIMARY_OFFICIAL
2015,2015-12-20,1 - Araba/Álava,"LIBERTAD NAVARRA, LIBERTATE NAFARRA (Ln) - Ln",0,0,Ministerio del Interior / portal oficial de datos abiertos,PRIMARY_OFFICIAL
2015,2015-12-20,1 - Araba/Álava,"LIBERTAD NAVARRA, LIBERTATE NAFARRA - Ln",0,0,Ministerio del Interior / portal oficial de datos abiertos,PRIMARY_OFFICIAL
2015,2015-12-20,1 - Araba/Álava,LIBERTAD NAVARRA-LIBERTATE NAFARRA - Ln,82,0,Ministerio del Interior / portal oficial de datos abiertos,PRIMARY_OFFICIAL
2015,2015-12-20,1 - Araba/Álava,LOS VERDES-ECOPACIFISTAS - CENTRO MODE,0,0,Ministerio del Interior / portal oficial de datos abiertos,PRIMARY_OFFICIAL
2015,2015-12-20,1 - Araba/Álava,MUERTE AL SISTEMA - +MAS+,0,0,Ministerio del Interior / portal oficial de datos abiertos,PRIMARY_OFFICIAL
2015,2015-12-20,1 - Araba/Álava,MÁLAGA POR SÍ - mlgXSÍ,0,0,Ministerio del Interior / portal oficial de datos abiertos,PRIMARY_OFFICIAL
2015,2015-12-20,1 - Araba/Álava,MÉS - MÉS,0,0,Ministerio del Interior / portal oficial de datos abiertos,PRIMARY_OFFICIAL
2015,2015-12-20,1 - Araba/Álava,NÓS-CANDIDATURA GALEGA (BNG-CG-FOGA-PCPG-PG) - NÓS,0,0,Ministerio del Interior / portal oficial de datos abiertos,PRIMARY_OFFICIAL
2015,2015-12-20,1 - Araba/Álava,ONGI ETORRI - OE,110,0,Ministerio del Interior / portal oficial de datos abiertos,PRIMARY_OFFICIAL
2015,2015-12-20,1 - Araba/Álava,PARTIDO ANIMALISTA CONTRA EL MALTRATO ANIMAL (PACM - PACMA,0,0,Ministerio del Interior / portal oficial de datos abiertos,PRIMARY_OFFICIAL
2015,2015-12-20,1 - Araba/Álava,PARTIDO ANIMALISTA CONTRA EL MALTRATO ANIMAL - PACMA,1385,0,Ministerio del Interior / portal oficial de datos abiertos,PRIMARY_OFFICIAL
2015,2015-12-20,1 - Araba/Álava,PARTIDO ANIMALISTA CONTRA O MALTRATO ANIMAL - PACMA,0,0,Ministerio del Interior / portal oficial de datos abiertos,PRIMARY_OFFICIAL
2015,2015-12-20,1 - Araba/Álava,PARTIDO ANIMALISTA-CONTRA EL MALTRATO ANIMAL - PACMA,0,0,Ministerio del Interior / portal oficial de datos abiertos,PRIMARY_OFFICIAL
2015,2015-12-20,1 - Araba/Álava,PARTIDO COMUNISTA DE LOS PUEBLOS DE ESPAÑA - PCPE,175,0,Ministerio del Interior / portal oficial de datos abiertos,PRIMARY_OFFICIAL
2015,2015-12-20,1 - Araba/Álava,PARTIDO COMUNISTA DEL PUEBLO CANARIO - PCPC,0,0,Ministerio del Interior / portal oficial de datos abiertos,PRIMARY_OFFICIAL
2015,2015-12-20,1 - Araba/Álava,PARTIDO COMUNISTA OBRERO ESPAÑOL - PCOE,0,0,Ministerio del Interior / portal oficial de datos abiertos,PRIMARY_OFFICIAL
2015,2015-12-20,1 - Araba/Álava,PARTIDO DA TERRA - PT,0,0,Ministerio del Interior / portal oficial de datos abiertos,PRIMARY_OFFICIAL
2015,2015-12-20,1 - Araba/Álava,PARTIDO DOS SOCIALISTAS DE GALICIA-PSOE - PSdeG-PSOE,0,0,Ministerio del Interior / portal oficial de datos abiertos,PRIMARY_OFFICIAL
2015,2015-12-20,1 - Araba/Álava,PARTIDO FAMILIA Y VIDA - PFyV,0,0,Ministerio del Interior / portal oficial de datos abiertos,PRIMARY_OFFICIAL
2015,2015-12-20,1 - Araba/Álava,PARTIDO HUMANISTA - PH,0,0,Ministerio del Interior / portal oficial de datos abiertos,PRIMARY_OFFICIAL
2015,2015-12-20,1 - Araba/Álava,PARTIDO LIBERAL DE DERECHAS - PLD,0,0,Ministerio del Interior / portal oficial de datos abiertos,PRIMARY_OFFICIAL
2015,2015-12-20,1 - Araba/Álava,PARTIDO LIBERTARIO - P-LIB,0,0,Ministerio del Interior / portal oficial de datos abiertos,PRIMARY_OFFICIAL
2015,2015-12-20,1 - Araba/Álava,PARTIDO POPULAR (PP) - PP,0,0,Ministerio del Interior / portal oficial de datos abiertos,PRIMARY_OFFICIAL
2015,2015-12-20,1 - Araba/Álava,PARTIDO POPULAR - PP,33683,1,Ministerio del Interior / portal oficial de datos abiertos,PRIMARY_OFFICIAL
2015,2015-12-20,1 - Araba/Álava,PARTIDO POPULAR EN COALICIÓN CON EL PARTIDO ARAGON - PP-PAR,0,0,Ministerio del Interior / portal oficial de datos abiertos,PRIMARY_OFFICIAL
2015,2015-12-20,1 - Araba/Álava,PARTIDO POPULAR-FORO - PP-FORO,0,0,Ministerio del Interior / portal oficial de datos abiertos,PRIMARY_OFFICIAL
2015,2015-12-20,1 - Araba/Álava,PARTIDO POPULAR/PARTIT POPULAR - PP,0,0,Ministerio del Interior / portal oficial de datos abiertos,PRIMARY_OFFICIAL
2015,2015-12-20,1 - Araba/Álava,PARTIDO REGIONALISTA DEL PAÍS LEONÉS - PREPAL,0,0,Ministerio del Interior / portal oficial de datos abiertos,PRIMARY_OFFICIAL
2015,2015-12-20,1 - Araba/Álava,PARTIDO SOCIALISTA DE EUSKADI-EUSKADIKO EZKERRA (P - PSE-EE,0,0,Ministerio del Interior / portal oficial de datos abiertos,PRIMARY_OFFICIAL
2015,2015-12-20,1 - Araba/Álava,PARTIDO SOCIALISTA DE EUSKADI-EUSKADIKO EZKERRA (P - PSE-EE (PSO,25331,1,Ministerio del Interior / portal oficial de datos abiertos,PRIMARY_OFFICIAL
2015,2015-12-20,1 - Araba/Álava,PARTIDO SOCIALISTA OBRERO ESPAÑOL - PSOE,0,0,Ministerio del Interior / portal oficial de datos abiertos,PRIMARY_OFFICIAL
2015,2015-12-20,1 - Araba/Álava,PARTIDO SOCIALISTA OBRERO ESPAÑOL-NUEVA CANARIAS - PSOE-NCa,0,0,Ministerio del Interior / portal oficial de datos abiertos,PRIMARY_OFFICIAL
2015,2015-12-20,1 - Araba/Álava,PARTIT ANIMALISTA CONTRA EL MALTRACTAMENT ANIMAL - PACMA,0,0,Ministerio del Interior / portal oficial de datos abiertos,PRIMARY_OFFICIAL
2015,2015-12-20,1 - Araba/Álava,PARTIT COMUNISTA DEL POBLE DE CATALUNYA - PCPC,0,0,Ministerio del Interior / portal oficial de datos abiertos,PRIMARY_OFFICIAL
2015,2015-12-20,1 - Araba/Álava,PARTIT COMUNISTA DELS POBLES D’ESPANYA - PCPE,0,0,Ministerio del Interior / portal oficial de datos abiertos,PRIMARY_OFFICIAL
2015,2015-12-20,1 - Araba/Álava,PARTIT DELS SOCIALISTES DE CATALUNYA (PSC-PSOE) - PSC,0,0,Ministerio del Interior / portal oficial de datos abiertos,PRIMARY_OFFICIAL
2015,2015-12-20,1 - Araba/Álava,PARTIT DELS SOCIALISTES DE CATALUNYA - PSC-PSOE,0,0,Ministerio del Interior / portal oficial de datos abiertos,PRIMARY_OFFICIAL
2015,2015-12-20,1 - Araba/Álava,PODEMOS - PODEMOS,0,0,Ministerio del Interior / portal oficial de datos abiertos,PRIMARY_OFFICIAL
2015,2015-12-20,1 - Araba/Álava,PODEMOS-AHAL DUGU - PODEMOS-AHA,48413,1,Ministerio del Interior / portal oficial de datos abiertos,PRIMARY_OFFICIAL
2015,2015-12-20,1 - Araba/Álava,PODEMOS-Ahora Alto Aragón en Común - PODEMOS-Aho,0,0,Ministerio del Interior / portal oficial de datos abiertos,PRIMARY_OFFICIAL
2015,2015-12-20,1 - Araba/Álava,PODEMOS/AHAL DUGU - PODEMOS-AHA,0,0,Ministerio del Interior / portal oficial de datos abiertos,PRIMARY_OFFICIAL
2015,2015-12-20,1 - Araba/Álava,POR UN MUNDO MÁS JUSTO - PUM+J,0,0,Ministerio del Interior / portal oficial de datos abiertos,PRIMARY_OFFICIAL
2015,2015-12-20,1 - Araba/Álava,RECORTES CERO-GRUPO VERDE - RECORTES CE,561,0,Ministerio del Interior / portal oficial de datos abiertos,PRIMARY_OFFICIAL
2015,2015-12-20,1 - Araba/Álava,SOLIDARIDAD Y AUTOGESTIÓN INTERNACIONALISTA - SAIn,0,0,Ministerio del Interior / portal oficial de datos abiertos,PRIMARY_OFFICIAL
2015,2015-12-20,1 - Araba/Álava,SOLUCIONA - SOLUCIONA,0,0,Ministerio del Interior / portal oficial de datos abiertos,PRIMARY_OFFICIAL
2015,2015-12-20,1 - Araba/Álava,SOM VALENCIANS - SOMVAL,0,0,Ministerio del Interior / portal oficial de datos abiertos,PRIMARY_OFFICIAL
2015,2015-12-20,1 - Araba/Álava,"UNIDAD POPULAR EN ARAGÓN: IZQUIERDA UNIDA, CHUNTA - IU-CHA-UPeC",0,0,Ministerio del Interior / portal oficial de datos abiertos,PRIMARY_OFFICIAL
2015,2015-12-20,1 - Araba/Álava,UNIDAD POPULAR- ORAIN BATERA:EZKER ANITZA-IZQUIERD - IU-UPeC,6814,0,Ministerio del Interior / portal oficial de datos abiertos,PRIMARY_OFFICIAL
2015,2015-12-20,1 - Araba/Álava,UNIDAD POPULAR-IZQUIERDA UNIDA - UNIDAD POPU,0,0,Ministerio del Interior / portal oficial de datos abiertos,PRIMARY_OFFICIAL
2015,2015-12-20,1 - Araba/Álava,UNIDAD POPULAR-ORAIN BATERA:EZKER ANITZA-IZQUIERDA - IU-UPeC,0,0,Ministerio del Interior / portal oficial de datos abiertos,PRIMARY_OFFICIAL
2015,2015-12-20,1 - Araba/Álava,UNIDAD POPULAR-ORAIN BATERA:EZKER ANITZA-IZQUIERDA - IU-UpeC,0,0,Ministerio del Interior / portal oficial de datos abiertos,PRIMARY_OFFICIAL
2015,2015-12-20,1 - Araba/Álava,"UNIDAD POPULAR-ORAIN BATERA:IZQUIERDA UNIDA, BATZA - IU-B-UPeC",0,0,Ministerio del Interior / portal oficial de datos abiertos,PRIMARY_OFFICIAL
2015,2015-12-20,1 - Araba/Álava,"UNIDAD POPULAR: IZQUIERDA UNIDA CANARIA, UNIDAD PO - IUC-UPeC",0,0,Ministerio del Interior / portal oficial de datos abiertos,PRIMARY_OFFICIAL
2015,2015-12-20,1 - Araba/Álava,UNIDAD POPULAR: IZQUIERDA UNIDA LOS VERDES - CONVO - UP: IULV-CA,0,0,Ministerio del Interior / portal oficial de datos abiertos,PRIMARY_OFFICIAL
2015,2015-12-20,1 - Araba/Álava,"UNIDAD POPULAR: IZQUIERDA UNIDA LOS VERDES-CONVOCA - IULV-CA, UP",0,0,Ministerio del Interior / portal oficial de datos abiertos,PRIMARY_OFFICIAL
2015,2015-12-20,1 - Araba/Álava,"UNIDAD POPULAR: IZQUIERDA UNIDA LOS VERDES-CONVOCA - IULV-CA,UPe",0,0,Ministerio del Interior / portal oficial de datos abiertos,PRIMARY_OFFICIAL
2015,2015-12-20,1 - Araba/Álava,"UNIDAD POPULAR: IZQUIERDA UNIDA, UNIDAD POPULAR EN - IU-UPeC",0,0,Ministerio del Interior / portal oficial de datos abiertos,PRIMARY_OFFICIAL
2015,2015-12-20,1 - Araba/Álava,"UNIDAD POPULAR: IZQUIERDA UNIDA, UNIDAD POPULAR EN - IU-UPeC-IAS",0,0,Ministerio del Interior / portal oficial de datos abiertos,PRIMARY_OFFICIAL
2015,2015-12-20,1 - Araba/Álava,"UNIDAD POPULAR: IZQUIERDA UNIDA, UNIDAD POPULAR EN - UP-UPeC",0,0,Ministerio del Interior / portal oficial de datos abiertos,PRIMARY_OFFICIAL
2015,2015-12-20,1 - Araba/Álava,"UNIDAD POPULAR: IZQUIERDA UNIDA, UNIDAD POPULAR EN - UPeC-IU-IZC",0,0,Ministerio del Interior / portal oficial de datos abiertos,PRIMARY_OFFICIAL
2015,2015-12-20,1 - Araba/Álava,UNIDAD POPULAR: IZQUIERDA UNIDA-UNIDAD POPULAR EN - IU-UPeC,0,0,Ministerio del Interior / portal oficial de datos abiertos,PRIMARY_OFFICIAL
2015,2015-12-20,1 - Araba/Álava,UNIDAD POPULAR: IZQUIERDA UNIDA. UNIDAD POPULAR EN - IU-UPeC,0,0,Ministerio del Interior / portal oficial de datos abiertos,PRIMARY_OFFICIAL
2015,2015-12-20,1 - Araba/Álava,"UNIDAD POPULAR: UNIDAD POPULAR EN COMÚN, IZQUIERDA - UPeC-IU",0,0,Ministerio del Interior / portal oficial de datos abiertos,PRIMARY_OFFICIAL
2015,2015-12-20,1 - Araba/Álava,"UNITAT POPULAR BALEARS: IZQUIERDA UNIDA, UNIDAD PO - UPB: IU-UPe",0,0,Ministerio del Interior / portal oficial de datos abiertos,PRIMARY_OFFICIAL
2015,2015-12-20,1 - Araba/Álava,"UNITAT POPULAR: ESQUERRA UNIDA DEL PAÍS VALENCIÀ, - EUPV-UPeC",0,0,Ministerio del Interior / portal oficial de datos abiertos,PRIMARY_OFFICIAL
2015,2015-12-20,1 - Araba/Álava,"UNITAT POPULAR:ESQUERRA UNIDA DEL PAÍS VALENCIÀ, U - EUPV-UPeC",0,0,Ministerio del Interior / portal oficial de datos abiertos,PRIMARY_OFFICIAL
2015,2015-12-20,1 - Araba/Álava,UNIÓ DEMOCRÀTICA DE CATALUNYA - Unio.Cat,0,0,Ministerio del Interior / portal oficial de datos abiertos,PRIMARY_OFFICIAL
2015,2015-12-20,1 - Araba/Álava,UNIÓ DEMOCRÀTICA DE CATALUNYA - unio.cat,0,0,Ministerio del Interior / portal oficial de datos abiertos,PRIMARY_OFFICIAL
2015,2015-12-20,1 - Araba/Álava,UNIÓN DEL PUEBLO NAVARRO EN COALICIÓN CON EL PARTI - UPN-PP,0,0,Ministerio del Interior / portal oficial de datos abiertos,PRIMARY_OFFICIAL
2015,2015-12-20,1 - Araba/Álava,UNIÓN PROGRESO Y DEMOCRACIA (UPYD) - UPYD,0,0,Ministerio del Interior / portal oficial de datos abiertos,PRIMARY_OFFICIAL
2015,2015-12-20,1 - Araba/Álava,UNIÓN PROGRESO Y DEMOCRACIA - UPYD,768,0,Ministerio del Interior / portal oficial de datos abiertos,PRIMARY_OFFICIAL
2015,2015-12-20,1 - Araba/Álava,VOX - VOX,0,0,Ministerio del Interior / portal oficial de datos abiertos,PRIMARY_OFFICIAL
2015,2015-12-20,1 - Araba/Álava,X A ESQUERDA - X ESQ,0,0,Ministerio del Interior / portal oficial de datos abiertos,PRIMARY_OFFICIAL
2015,2015-12-20,1 - Araba/Álava,X LA IZQUIERDA-LOS VERDES - X LA IZQUIE,0,0,Ministerio del Interior / portal oficial de datos abiertos,PRIMARY_OFFICIAL
2015,2015-12-20,10 - Cáceres,"""EN COMÚ PODEM"" - EN COMÚ",0,0,Ministerio del Interior / portal oficial de datos abiertos,PRIMARY_OFFICIAL
2015,2015-12-20,10 - Cáceres,ANDALUCES DE JAÉN UNIDOS - AJU,0,0,Ministerio del Interior / portal oficial de datos abiertos,PRIMARY_OFFICIAL
2015,2015-12-20,10 - Cáceres,"ARA, PAÍS VALENCIÀ - ARA, PV",0,0,Ministerio del Interior / portal oficial de datos abiertos,PRIMARY_OFFICIAL
2015,2015-12-20,10 - Cáceres,"ARA, PAÍS VALENCIÀ - ARAPV",0,0,Ministerio del Interior / portal oficial de datos abiertos,PRIMARY_OFFICIAL
2015,2015-12-20,10 - Cáceres,AVANT VALENCIANS - AVANT,0,0,Ministerio del Interior / portal oficial de datos abiertos,PRIMARY_OFFICIAL
2015,2015-12-20,10 - Cáceres,BIDEZKO MUNDURANTZ/POR UN MUNDO MÁS JUSTO - PUM+J,0,0,Ministerio del Interior / portal oficial de datos abiertos,PRIMARY_OFFICIAL
2015,2015-12-20,10 - Cáceres,"CANARIAS DECIDE: LOS VERDES, UNIDAD DEL PUEBLO Y A - CANARIAS DE",0,0,Ministerio del Interior / portal oficial de datos abiertos,PRIMARY_OFFICIAL
2015,2015-12-20,10 - Cáceres,CIUDADANOS DE CENTRO DEMOCRÁTICO - CCD,0,0,Ministerio del Interior / portal oficial de datos abiertos,PRIMARY_OFFICIAL
2015,2015-12-20,10 - Cáceres,CIUDADANOS LIBRES UNIDOS - CILUS,0,0,Ministerio del Interior / portal oficial de datos abiertos,PRIMARY_OFFICIAL
2015,2015-12-20,10 - Cáceres,CIUDADANOS PARTIDO DE LA CIUDADANÍA - C's,0,0,Ministerio del Interior / portal oficial de datos abiertos,PRIMARY_OFFICIAL
2015,2015-12-20,10 - Cáceres,CIUDADANOS PARTIDO DE LA CIUDADANÍA - C´s,0,0,Ministerio del Interior / portal oficial de datos abiertos,PRIMARY_OFFICIAL
2015,2015-12-20,10 - Cáceres,CIUDADANOS RURALES AGRUPADOS - CRA,0,0,Ministerio del Interior / portal oficial de datos abiertos,PRIMARY_OFFICIAL
2015,2015-12-20,10 - Cáceres,"CIUDADANOS, PARTIDO DE LA CIUDADANÍA - C's",0,0,Ministerio del Interior / portal oficial de datos abiertos,PRIMARY_OFFICIAL
2015,2015-12-20,10 - Cáceres,"CIUDADANOS, PARTIDO DE LA CIUDADANÍA - C´s",0,0,Ministerio del Interior / portal oficial de datos abiertos,PRIMARY_OFFICIAL
2015,2015-12-20,10 - Cáceres,CIUDADANOS-PARTIDO DE LA CIUDADANÍA (C's) - C's,0,0,Ministerio del Interior / portal oficial de datos abiertos,PRIMARY_OFFICIAL
2015,2015-12-20,10 - Cáceres,CIUDADANOS-PARTIDO DE LA CIUDADANÍA - C's,28406,0,Ministerio del Interior / portal oficial de datos abiertos,PRIMARY_OFFICIAL
2015,2015-12-20,10 - Cáceres,CIUDADANOS-PARTIDO DE LA CIUDADANÍA - C´s,0,0,Ministerio del Interior / portal oficial de datos abiertos,PRIMARY_OFFICIAL
2015,2015-12-20,10 - Cáceres,CIUTADANS - PARTIDO DE LA CIUDADANÍA - C's,0,0,Ministerio del Interior / portal oficial de datos abiertos,PRIMARY_OFFICIAL
2015,2015-12-20,10 - Cáceres,CIUTADANS-PARTIDO DE LA CIUDADANÍA - C's,0,0,Ministerio del Interior / portal oficial de datos abiertos,PRIMARY_OFFICIAL
2015,2015-12-20,10 - Cáceres,COALICIÓN CANARIA - PARTIDO NACIONALISTA CANARIO - CCa-PNC,0,0,Ministerio del Interior / portal oficial de datos abiertos,PRIMARY_OFFICIAL
2015,2015-12-20,10 - Cáceres,COALICIÓN CANARIA-PARTIDO NACIONALISTA CANARIO - CCa-PNC,0,0,Ministerio del Interior / portal oficial de datos abiertos,PRIMARY_OFFICIAL
2015,2015-12-20,10 - Cáceres,COMPROMÍS-PODEMOS-ÉS EL MOMENT - PODEMOS - C,0,0,Ministerio del Interior / portal oficial de datos abiertos,PRIMARY_OFFICIAL
2015,2015-12-20,10 - Cáceres,COMPROMÍS-PODEMOS-ÉS EL MOMENT - PODEMOS-COM,0,0,Ministerio del Interior / portal oficial de datos abiertos,PRIMARY_OFFICIAL
2015,2015-12-20,10 - Cáceres,COMUNISTAS DA GALIZA - PCPE,0,0,Ministerio del Interior / portal oficial de datos abiertos,PRIMARY_OFFICIAL
2015,2015-12-20,10 - Cáceres,COMUNISTAS DA GALIZA-PCPE - PCPE,0,0,Ministerio del Interior / portal oficial de datos abiertos,PRIMARY_OFFICIAL
2015,2015-12-20,10 - Cáceres,DEMOCRACIA NACIONAL - DN,0,0,Ministerio del Interior / portal oficial de datos abiertos,PRIMARY_OFFICIAL
2015,2015-12-20,10 - Cáceres,DEMOCRÀCIA I LLIBERTAT. CONVERGÈNCIA. DEMÒCRATES. - DL,0,0,Ministerio del Interior / portal oficial de datos abiertos,PRIMARY_OFFICIAL
2015,2015-12-20,10 - Cáceres,EL PI - PROPOSTA PER LES ILLES - EL PI,0,0,Ministerio del Interior / portal oficial de datos abiertos,PRIMARY_OFFICIAL
2015,2015-12-20,10 - Cáceres,EN COMÚ PODEM - EN COMÚ,0,0,Ministerio del Interior / portal oficial de datos abiertos,PRIMARY_OFFICIAL
2015,2015-12-20,10 - Cáceres,EN MAREA - PODEMOS-EN,0,0,Ministerio del Interior / portal oficial de datos abiertos,PRIMARY_OFFICIAL
2015,2015-12-20,10 - Cáceres,EN MAREA - PODEMOS-En,0,0,Ministerio del Interior / portal oficial de datos abiertos,PRIMARY_OFFICIAL
2015,2015-12-20,10 - Cáceres,EN POSITIU - EN POSITIU,0,0,Ministerio del Interior / portal oficial de datos abiertos,PRIMARY_OFFICIAL
2015,2015-12-20,10 - Cáceres,ESCAÑOS EN BLANCO - AULKI ZURIAK - EB - AZ,0,0,Ministerio del Interior / portal oficial de datos abiertos,PRIMARY_OFFICIAL
2015,2015-12-20,10 - Cáceres,ESCAÑOS EN BLANCO - EB,0,0,Ministerio del Interior / portal oficial de datos abiertos,PRIMARY_OFFICIAL
2015,2015-12-20,10 - Cáceres,ESCAÑOS EN BLANCO-AULKI ZURIAK - EB-AZ,0,0,Ministerio del Interior / portal oficial de datos abiertos,PRIMARY_OFFICIAL
2015,2015-12-20,10 - Cáceres,ESCONS EN BLANC/ESCAÑOS EN BLANCO - EB,0,0,Ministerio del Interior / portal oficial de datos abiertos,PRIMARY_OFFICIAL
2015,2015-12-20,10 - Cáceres,ESQUERRA REPUBLICANA DE CATALUNYA-CATALUNYA SÍ - ERC-CATSI,0,0,Ministerio del Interior / portal oficial de datos abiertos,PRIMARY_OFFICIAL
2015,2015-12-20,10 - Cáceres,ESQUERRA REPUBLICANA DE CATALUNYA-CATALUNYA SÍ - ERC-CATSÍ,0,0,Ministerio del Interior / portal oficial de datos abiertos,PRIMARY_OFFICIAL
2015,2015-12-20,10 - Cáceres,EUSKAL HERRIA BILDU (EH Bildu) - EH Bildu,0,0,Ministerio del Interior / portal oficial de datos abiertos,PRIMARY_OFFICIAL
2015,2015-12-20,10 - Cáceres,EUSKAL HERRIA BILDU - EH Bildu,0,0,Ministerio del Interior / portal oficial de datos abiertos,PRIMARY_OFFICIAL
2015,2015-12-20,10 - Cáceres,EUZKO ALDERDI JELTZALEA-PARTIDO NACIONALISTA VASCO - EAJ-PNV,0,0,Ministerio del Interior / portal oficial de datos abiertos,PRIMARY_OFFICIAL
2015,2015-12-20,10 - Cáceres,EXTREMADURA UNIDA-EXTREMEÑOS - EU-eX,1070,0,Ministerio del Interior / portal oficial de datos abiertos,PRIMARY_OFFICIAL
2015,2015-12-20,10 - Cáceres,EZKERRA-X LA IZQUIERDA - EZKERRA,0,0,Ministerio del Interior / portal oficial de datos abiertos,PRIMARY_OFFICIAL
2015,2015-12-20,10 - Cáceres,FALANGE ESPAÑOLA DE LAS JONS - FE de las J,0,0,Ministerio del Interior / portal oficial de datos abiertos,PRIMARY_OFFICIAL
2015,2015-12-20,10 - Cáceres,FORO DEMÓCRATA - FDEE,0,0,Ministerio del Interior / portal oficial de datos abiertos,PRIMARY_OFFICIAL
2015,2015-12-20,10 - Cáceres,GEROA BAI - GBAI,0,0,Ministerio del Interior / portal oficial de datos abiertos,PRIMARY_OFFICIAL
2015,2015-12-20,10 - Cáceres,INDEPENDIENTES POR ARAGÓN - Independien,0,0,Ministerio del Interior / portal oficial de datos abiertos,PRIMARY_OFFICIAL
2015,2015-12-20,10 - Cáceres,INICIATIVA FEMINISTA - IFem,0,0,Ministerio del Interior / portal oficial de datos abiertos,PRIMARY_OFFICIAL
2015,2015-12-20,10 - Cáceres,"JUSTIZIA SOCIAL, PARTICIPACIÓN CIUDADANA - JS,PC",0,0,Ministerio del Interior / portal oficial de datos abiertos,PRIMARY_OFFICIAL
2015,2015-12-20,10 - Cáceres,"LIBERTAD NAVARRA, LIBERTATE NAFARRA (Ln) - Ln",0,0,Ministerio del Interior / portal oficial de datos abiertos,PRIMARY_OFFICIAL
2015,2015-12-20,10 - Cáceres,"LIBERTAD NAVARRA, LIBERTATE NAFARRA - Ln",0,0,Ministerio del Interior / portal oficial de datos abiertos,PRIMARY_OFFICIAL
2015,2015-12-20,10 - Cáceres,LIBERTAD NAVARRA-LIBERTATE NAFARRA - Ln,0,0,Ministerio del Interior / portal oficial de datos abiertos,PRIMARY_OFFICIAL
2015,2015-12-20,10 - Cáceres,LOS VERDES-ECOPACIFISTAS - CENTRO MODE,0,0,Ministerio del Interior / portal oficial de datos abiertos,PRIMARY_OFFICIAL
2015,2015-12-20,10 - Cáceres,MUERTE AL SISTEMA - +MAS+,0,0,Ministerio del Interior / portal oficial de datos abiertos,PRIMARY_OFFICIAL
2015,2015-12-20,10 - Cáceres,MÁLAGA POR SÍ - mlgXSÍ,0,0,Ministerio del Interior / portal oficial de datos abiertos,PRIMARY_OFFICIAL
2015,2015-12-20,10 - Cáceres,MÉS - MÉS,0,0,Ministerio del Interior / portal oficial de datos abiertos,PRIMARY_OFFICIAL
2015,2015-12-20,10 - Cáceres,NÓS-CANDIDATURA GALEGA (BNG-CG-FOGA-PCPG-PG) - NÓS,0,0,Ministerio del Interior / portal oficial de datos abiertos,PRIMARY_OFFICIAL
2015,2015-12-20,10 - Cáceres,ONGI ETORRI - OE,0,0,Ministerio del Interior / portal oficial de datos abiertos,PRIMARY_OFFICIAL
2015,2015-12-20,10 - Cáceres,PARTIDO ANIMALISTA CONTRA EL MALTRATO ANIMAL (PACM - PACMA,0,0,Ministerio del Interior / portal oficial de datos abiertos,PRIMARY_OFFICIAL
2015,2015-12-20,10 - Cáceres,PARTIDO ANIMALISTA CONTRA EL MALTRATO ANIMAL - PACMA,1363,0,Ministerio del Interior / portal oficial de datos abiertos,PRIMARY_OFFICIAL
2015,2015-12-20,10 - Cáceres,PARTIDO ANIMALISTA CONTRA O MALTRATO ANIMAL - PACMA,0,0,Ministerio del Interior / portal oficial de datos abiertos,PRIMARY_OFFICIAL
2015,2015-12-20,10 - Cáceres,PARTIDO ANIMALISTA-CONTRA EL MALTRATO ANIMAL - PACMA,0,0,Ministerio del Interior / portal oficial de datos abiertos,PRIMARY_OFFICIAL
2015,2015-12-20,10 - Cáceres,PARTIDO COMUNISTA DE LOS PUEBLOS DE ESPAÑA - PCPE,0,0,Ministerio del Interior / portal oficial de datos abiertos,PRIMARY_OFFICIAL
2015,2015-12-20,10 - Cáceres,PARTIDO COMUNISTA DEL PUEBLO CANARIO - PCPC,0,0,Ministerio del Interior / portal oficial de datos abiertos,PRIMARY_OFFICIAL
2015,2015-12-20,10 - Cáceres,PARTIDO COMUNISTA OBRERO ESPAÑOL - PCOE,0,0,Ministerio del Interior / portal oficial de datos abiertos,PRIMARY_OFFICIAL
2015,2015-12-20,10 - Cáceres,PARTIDO DA TERRA - PT,0,0,Ministerio del Interior / portal oficial de datos abiertos,PRIMARY_OFFICIAL
2015,2015-12-20,10 - Cáceres,PARTIDO DOS SOCIALISTAS DE GALICIA-PSOE - PSdeG-PSOE,0,0,Ministerio del Interior / portal oficial de datos abiertos,PRIMARY_OFFICIAL
2015,2015-12-20,10 - Cáceres,PARTIDO FAMILIA Y VIDA - PFyV,0,0,Ministerio del Interior / portal oficial de datos abiertos,PRIMARY_OFFICIAL
2015,2015-12-20,10 - Cáceres,PARTIDO HUMANISTA - PH,0,0,Ministerio del Interior / portal oficial de datos abiertos,PRIMARY_OFFICIAL
2015,2015-12-20,10 - Cáceres,PARTIDO LIBERAL DE DERECHAS - PLD,0,0,Ministerio del Interior / portal oficial de datos abiertos,PRIMARY_OFFICIAL
2015,2015-12-20,10 - Cáceres,PARTIDO LIBERTARIO - P-LIB,0,0,Ministerio del Interior / portal oficial de datos abiertos,PRIMARY_OFFICIAL
2015,2015-12-20,10 - Cáceres,PARTIDO POPULAR (PP) - PP,0,0,Ministerio del Interior / portal oficial de datos abiertos,PRIMARY_OFFICIAL
2015,2015-12-20,10 - Cáceres,PARTIDO POPULAR - PP,87924,2,Ministerio del Interior / portal oficial de datos abiertos,PRIMARY_OFFICIAL
2015,2015-12-20,10 - Cáceres,PARTIDO POPULAR EN COALICIÓN CON EL PARTIDO ARAGON - PP-PAR,0,0,Ministerio del Interior / portal oficial de datos abiertos,PRIMARY_OFFICIAL
2015,2015-12-20,10 - Cáceres,PARTIDO POPULAR-FORO - PP-FORO,0,0,Ministerio del Interior / portal oficial de datos abiertos,PRIMARY_OFFICIAL
2015,2015-12-20,10 - Cáceres,PARTIDO POPULAR/PARTIT POPULAR - PP,0,0,Ministerio del Interior / portal oficial de datos abiertos,PRIMARY_OFFICIAL
2015,2015-12-20,10 - Cáceres,PARTIDO REGIONALISTA DEL PAÍS LEONÉS - PREPAL,0,0,Ministerio del Interior / portal oficial de datos abiertos,PRIMARY_OFFICIAL
2015,2015-12-20,10 - Cáceres,PARTIDO SOCIALISTA DE EUSKADI-EUSKADIKO EZKERRA (P - PSE-EE,0,0,Ministerio del Interior / portal oficial de datos abiertos,PRIMARY_OFFICIAL
2015,2015-12-20,10 - Cáceres,PARTIDO SOCIALISTA DE EUSKADI-EUSKADIKO EZKERRA (P - PSE-EE (PSO,0,0,Ministerio del Interior / portal oficial de datos abiertos,PRIMARY_OFFICIAL
2015,2015-12-20,10 - Cáceres,PARTIDO SOCIALISTA OBRERO ESPAÑOL - PSOE,84758,2,Ministerio del Interior / portal oficial de datos abiertos,PRIMARY_OFFICIAL
2015,2015-12-20,10 - Cáceres,PARTIDO SOCIALISTA OBRERO ESPAÑOL-NUEVA CANARIAS - PSOE-NCa,0,0,Ministerio del Interior / portal oficial de datos abiertos,PRIMARY_OFFICIAL
2015,2015-12-20,10 - Cáceres,PARTIT ANIMALISTA CONTRA EL MALTRACTAMENT ANIMAL - PACMA,0,0,Ministerio del Interior / portal oficial de datos abiertos,PRIMARY_OFFICIAL
2015,2015-12-20,10 - Cáceres,PARTIT COMUNISTA DEL POBLE DE CATALUNYA - PCPC,0,0,Ministerio del Interior / portal oficial de datos abiertos,PRIMARY_OFFICIAL
2015,2015-12-20,10 - Cáceres,PARTIT COMUNISTA DELS POBLES D’ESPANYA - PCPE,0,0,Ministerio del Interior / portal oficial de datos abiertos,PRIMARY_OFFICIAL
2015,2015-12-20,10 - Cáceres,PARTIT DELS SOCIALISTES DE CATALUNYA (PSC-PSOE) - PSC,0,0,Ministerio del Interior / portal oficial de datos abiertos,PRIMARY_OFFICIAL
2015,2015-12-20,10 - Cáceres,PARTIT DELS SOCIALISTES DE CATALUNYA - PSC-PSOE,0,0,Ministerio del Interior / portal oficial de datos abiertos,PRIMARY_OFFICIAL
2015,2015-12-20,10 - Cáceres,PODEMOS - PODEMOS,34730,0,Ministerio del Interior / portal oficial de datos abiertos,PRIMARY_OFFICIAL
2015,2015-12-20,10 - Cáceres,PODEMOS-AHAL DUGU - PODEMOS-AHA,0,0,Ministerio del Interior / portal oficial de datos abiertos,PRIMARY_OFFICIAL
2015,2015-12-20,10 - Cáceres,PODEMOS-Ahora Alto Aragón en Común - PODEMOS-Aho,0,0,Ministerio del Interior / portal oficial de datos abiertos,PRIMARY_OFFICIAL
2015,2015-12-20,10 - Cáceres,PODEMOS/AHAL DUGU - PODEMOS-AHA,0,0,Ministerio del Interior / portal oficial de datos abiertos,PRIMARY_OFFICIAL
2015,2015-12-20,10 - Cáceres,POR UN MUNDO MÁS JUSTO - PUM+J,0,0,Ministerio del Interior / portal oficial de datos abiertos,PRIMARY_OFFICIAL
2015,2015-12-20,10 - Cáceres,RECORTES CERO-GRUPO VERDE - RECORTES CE,338,0,Ministerio del Interior / portal oficial de datos abiertos,PRIMARY_OFFICIAL
2015,2015-12-20,10 - Cáceres,SOLIDARIDAD Y AUTOGESTIÓN INTERNACIONALISTA - SAIn,0,0,Ministerio del Interior / portal oficial de datos abiertos,PRIMARY_OFFICIAL
2015,2015-12-20,10 - Cáceres,SOLUCIONA - SOLUCIONA,0,0,Ministerio del Interior / portal oficial de datos abiertos,PRIMARY_OFFICIAL
2015,2015-12-20,10 - Cáceres,SOM VALENCIANS - SOMVAL,0,0,Ministerio del Interior / portal oficial de datos abiertos,PRIMARY_OFFICIAL
2015,2015-12-20,10 - Cáceres,"UNIDAD POPULAR EN ARAGÓN: IZQUIERDA UNIDA, CHUNTA - IU-CHA-UPeC",0,0,Ministerio del Interior / portal oficial de datos abiertos,PRIMARY_OFFICIAL
2015,2015-12-20,10 - Cáceres,UNIDAD POPULAR- ORAIN BATERA:EZKER ANITZA-IZQUIERD - IU-UPeC,0,0,Ministerio del Interior / portal oficial de datos abiertos,PRIMARY_OFFICIAL
2015,2015-12-20,10 - Cáceres,UNIDAD POPULAR-IZQUIERDA UNIDA - UNIDAD POPU,0,0,Ministerio del Interior / portal oficial de datos abiertos,PRIMARY_OFFICIAL
2015,2015-12-20,10 - Cáceres,UNIDAD POPULAR-ORAIN BATERA:EZKER ANITZA-IZQUIERDA - IU-UPeC,0,0,Ministerio del Interior / portal oficial de datos abiertos,PRIMARY_OFFICIAL
2015,2015-12-20,10 - Cáceres,UNIDAD POPULAR-ORAIN BATERA:EZKER ANITZA-IZQUIERDA - IU-UpeC,0,0,Ministerio del Interior / portal oficial de datos abiertos,PRIMARY_OFFICIAL
2015,2015-12-20,10 - Cáceres,"UNIDAD POPULAR-ORAIN BATERA:IZQUIERDA UNIDA, BATZA - IU-B-UPeC",0,0,Ministerio del Interior / portal oficial de datos abiertos,PRIMARY_OFFICIAL
2015,2015-12-20,10 - Cáceres,"UNIDAD POPULAR: IZQUIERDA UNIDA CANARIA, UNIDAD PO - IUC-UPeC",0,0,Ministerio del Interior / portal oficial de datos abiertos,PRIMARY_OFFICIAL
2015,2015-12-20,10 - Cáceres,UNIDAD POPULAR: IZQUIERDA UNIDA LOS VERDES - CONVO - UP: IULV-CA,0,0,Ministerio del Interior / portal oficial de datos abiertos,PRIMARY_OFFICIAL
2015,2015-12-20,10 - Cáceres,"UNIDAD POPULAR: IZQUIERDA UNIDA LOS VERDES-CONVOCA - IULV-CA, UP",0,0,Ministerio del Interior / portal oficial de datos abiertos,PRIMARY_OFFICIAL
2015,2015-12-20,10 - Cáceres,"UNIDAD POPULAR: IZQUIERDA UNIDA LOS VERDES-CONVOCA - IULV-CA,UPe",0,0,Ministerio del Interior / portal oficial de datos abiertos,PRIMARY_OFFICIAL
2015,2015-12-20,10 - Cáceres,"UNIDAD POPULAR: IZQUIERDA UNIDA, UNIDAD POPULAR EN - IU-UPeC",0,0,Ministerio del Interior / portal oficial de datos abiertos,PRIMARY_OFFICIAL
2015,2015-12-20,10 - Cáceres,"UNIDAD POPULAR: IZQUIERDA UNIDA, UNIDAD POPULAR EN - IU-UPeC-IAS",0,0,Ministerio del Interior / portal oficial de datos abiertos,PRIMARY_OFFICIAL
2015,2015-12-20,10 - Cáceres,"UNIDAD POPULAR: IZQUIERDA UNIDA, UNIDAD POPULAR EN - UP-UPeC",0,0,Ministerio del Interior / portal oficial de datos abiertos,PRIMARY_OFFICIAL
2015,2015-12-20,10 - Cáceres,"UNIDAD POPULAR: IZQUIERDA UNIDA, UNIDAD POPULAR EN - UPeC-IU-IZC",0,0,Ministerio del Interior / portal oficial de datos abiertos,PRIMARY_OFFICIAL
2015,2015-12-20,10 - Cáceres,UNIDAD POPULAR: IZQUIERDA UNIDA-UNIDAD POPULAR EN - IU-UPeC,7252,0,Ministerio del Interior / portal oficial de datos abiertos,PRIMARY_OFFICIAL
2015,2015-12-20,10 - Cáceres,UNIDAD POPULAR: IZQUIERDA UNIDA. UNIDAD POPULAR EN - IU-UPeC,0,0,Ministerio del Interior / portal oficial de datos abiertos,PRIMARY_OFFICIAL
2015,2015-12-20,10 - Cáceres,"UNIDAD POPULAR: UNIDAD POPULAR EN COMÚN, IZQUIERDA - UPeC-IU",0,0,Ministerio del Interior / portal oficial de datos abiertos,PRIMARY_OFFICIAL
2015,2015-12-20,10 - Cáceres,"UNITAT POPULAR BALEARS: IZQUIERDA UNIDA, UNIDAD PO - UPB: IU-UPe",0,0,Ministerio del Interior / portal oficial de datos abiertos,PRIMARY_OFFICIAL
2015,2015-12-20,10 - Cáceres,"UNITAT POPULAR: ESQUERRA UNIDA DEL PAÍS VALENCIÀ, - EUPV-UPeC",0,0,Ministerio del Interior / portal oficial de datos abiertos,PRIMARY_OFFICIAL
2015,2015-12-20,10 - Cáceres,"UNITAT POPULAR:ESQUERRA UNIDA DEL PAÍS VALENCIÀ, U - EUPV-UPeC",0,0,Ministerio del Interior / portal oficial de datos abiertos,PRIMARY_OFFICIAL
2015,2015-12-20,10 - Cáceres,UNIÓ DEMOCRÀTICA DE CATALUNYA - Unio.Cat,0,0,Ministerio del Interior / portal oficial de datos abiertos,PRIMARY_OFFICIAL
2015,2015-12-20,10 - Cáceres,UNIÓ DEMOCRÀTICA DE CATALUNYA - unio.cat,0,0,Ministerio del Interior / portal oficial de datos abiertos,PRIMARY_OFFICIAL
2015,2015-12-20,10 - Cáceres,UNIÓN DEL PUEBLO NAVARRO EN COALICIÓN CON EL PARTI - UPN-PP,0,0,Ministerio del Interior / portal oficial de datos abiertos,PRIMARY_OFFICIAL
2015,2015-12-20,10 - Cáceres,UNIÓN PROGRESO Y DEMOCRACIA (UPYD) - UPYD,0,0,Ministerio del Interior / portal oficial de datos abiertos,PRIMARY_OFFICIAL
2015,2015-12-20,10 - Cáceres,UNIÓN PROGRESO Y DEMOCRACIA - UPYD,1074,0,Ministerio del Interior / portal oficial de datos abiertos,PRIMARY_OFFICIAL
2015,2015-12-20,10 - Cáceres,VOX - VOX,518,0,Ministerio del Interior / portal oficial de datos abiertos,PRIMARY_OFFICIAL
2015,2015-12-20,10 - Cáceres,X A ESQUERDA - X ESQ,0,0,Ministerio del Interior / portal oficial de datos abiertos,PRIMARY_OFFICIAL
2015,2015-12-20,10 - Cáceres,X LA IZQUIERDA-LOS VERDES - X LA IZQUIE,0,0,Ministerio del Interior / portal oficial de datos abiertos,PRIMARY_OFFICIAL
2015,2015-12-20,11 - Cádiz,"""EN COMÚ PODEM"" - EN COMÚ",0,0,Ministerio del Interior / portal oficial de datos abiertos,PRIMARY_OFFICIAL
2015,2015-12-20,11 - Cádiz,ANDALUCES DE JAÉN UNIDOS - AJU,0,0,Ministerio del Interior / portal oficial de datos abiertos,PRIMARY_OFFICIAL
2015,2015-12-20,11 - Cádiz,"ARA, PAÍS VALENCIÀ - ARA, PV",0,0,Ministerio del Interior / portal oficial de datos abiertos,PRIMARY_OFFICIAL
2015,2015-12-20,11 - Cádiz,"ARA, PAÍS VALENCIÀ - ARAPV",0,0,Ministerio del Interior / portal oficial de datos abiertos,PRIMARY_OFFICIAL
2015,2015-12-20,11 - Cádiz,AVANT VALENCIANS - AVANT,0,0,Ministerio del Interior / portal oficial de datos abiertos,PRIMARY_OFFICIAL
2015,2015-12-20,11 - Cádiz,BIDEZKO MUNDURANTZ/POR UN MUNDO MÁS JUSTO - PUM+J,0,0,Ministerio del Interior / portal oficial de datos abiertos,PRIMARY_OFFICIAL
2015,2015-12-20,11 - Cádiz,"CANARIAS DECIDE: LOS VERDES, UNIDAD DEL PUEBLO Y A - CANARIAS DE",0,0,Ministerio del Interior / portal oficial de datos abiertos,PRIMARY_OFFICIAL
2015,2015-12-20,11 - Cádiz,CIUDADANOS DE CENTRO DEMOCRÁTICO - CCD,0,0,Ministerio del Interior / portal oficial de datos abiertos,PRIMARY_OFFICIAL
2015,2015-12-20,11 - Cádiz,CIUDADANOS LIBRES UNIDOS - CILUS,0,0,Ministerio del Interior / portal oficial de datos abiertos,PRIMARY_OFFICIAL
2015,2015-12-20,11 - Cádiz,CIUDADANOS PARTIDO DE LA CIUDADANÍA - C's,0,0,Ministerio del Interior / portal oficial de datos abiertos,PRIMARY_OFFICIAL
2015,2015-12-20,11 - Cádiz,CIUDADANOS PARTIDO DE LA CIUDADANÍA - C´s,0,0,Ministerio del Interior / portal oficial de datos abiertos,PRIMARY_OFFICIAL
2015,2015-12-20,11 - Cádiz,CIUDADANOS RURALES AGRUPADOS - CRA,0,0,Ministerio del Interior / portal oficial de datos abiertos,PRIMARY_OFFICIAL
2015,2015-12-20,11 - Cádiz,"CIUDADANOS, PARTIDO DE LA CIUDADANÍA - C's",0,0,Ministerio del Interior / portal oficial de datos abiertos,PRIMARY_OFFICIAL
2015,2015-12-20,11 - Cádiz,"CIUDADANOS, PARTIDO DE LA CIUDADANÍA - C´s",0,0,Ministerio del Interior / portal oficial de datos abiertos,PRIMARY_OFFICIAL
2015,2015-12-20,11 - Cádiz,CIUDADANOS-PARTIDO DE LA CIUDADANÍA (C's) - C's,0,0,Ministerio del Interior / portal oficial de datos abiertos,PRIMARY_OFFICIAL
2015,2015-12-20,11 - Cádiz,CIUDADANOS-PARTIDO DE LA CIUDADANÍA - C's,94962,1,Ministerio del Interior / portal oficial de datos abiertos,PRIMARY_OFFICIAL
2015,2015-12-20,11 - Cádiz,CIUDADANOS-PARTIDO DE LA CIUDADANÍA - C´s,0,0,Ministerio del Interior / portal oficial de datos abiertos,PRIMARY_OFFICIAL
2015,2015-12-20,11 - Cádiz,CIUTADANS - PARTIDO DE LA CIUDADANÍA - C's,0,0,Ministerio del Interior / portal oficial de datos abiertos,PRIMARY_OFFICIAL
2015,2015-12-20,11 - Cádiz,CIUTADANS-PARTIDO DE LA CIUDADANÍA - C's,0,0,Ministerio del Interior / portal oficial de datos abiertos,PRIMARY_OFFICIAL
2015,2015-12-20,11 - Cádiz,COALICIÓN CANARIA - PARTIDO NACIONALISTA CANARIO - CCa-PNC,0,0,Ministerio del Interior / portal oficial de datos abiertos,PRIMARY_OFFICIAL
2015,2015-12-20,11 - Cádiz,COALICIÓN CANARIA-PARTIDO NACIONALISTA CANARIO - CCa-PNC,0,0,Ministerio del Interior / portal oficial de datos abiertos,PRIMARY_OFFICIAL
2015,2015-12-20,11 - Cádiz,COMPROMÍS-PODEMOS-ÉS EL MOMENT - PODEMOS - C,0,0,Ministerio del Interior / portal oficial de datos abiertos,PRIMARY_OFFICIAL
2015,2015-12-20,11 - Cádiz,COMPROMÍS-PODEMOS-ÉS EL MOMENT - PODEMOS-COM,0,0,Ministerio del Interior / portal oficial de datos abiertos,PRIMARY_OFFICIAL
2015,2015-12-20,11 - Cádiz,COMUNISTAS DA GALIZA - PCPE,0,0,Ministerio del Interior / portal oficial de datos abiertos,PRIMARY_OFFICIAL
2015,2015-12-20,11 - Cádiz,COMUNISTAS DA GALIZA-PCPE - PCPE,0,0,Ministerio del Interior / portal oficial de datos abiertos,PRIMARY_OFFICIAL
2015,2015-12-20,11 - Cádiz,DEMOCRACIA NACIONAL - DN,0,0,Ministerio del Interior / portal oficial de datos abiertos,PRIMARY_OFFICIAL
2015,2015-12-20,11 - Cádiz,DEMOCRÀCIA I LLIBERTAT. CONVERGÈNCIA. DEMÒCRATES. - DL,0,0,Ministerio del Interior / portal oficial de datos abiertos,PRIMARY_OFFICIAL
2015,2015-12-20,11 - Cádiz,EL PI - PROPOSTA PER LES ILLES - EL PI,0,0,Ministerio del Interior / portal oficial de datos abiertos,PRIMARY_OFFICIAL
2015,2015-12-20,11 - Cádiz,EN COMÚ PODEM - EN COMÚ,0,0,Ministerio del Interior / portal oficial de datos abiertos,PRIMARY_OFFICIAL
2015,2015-12-20,11 - Cádiz,EN MAREA - PODEMOS-EN,0,0,Ministerio del Interior / portal oficial de datos abiertos,PRIMARY_OFFICIAL
2015,2015-12-20,11 - Cádiz,EN MAREA - PODEMOS-En,0,0,Ministerio del Interior / portal oficial de datos abiertos,PRIMARY_OFFICIAL
2015,2015-12-20,11 - Cádiz,EN POSITIU - EN POSITIU,0,0,Ministerio del Interior / portal oficial de datos abiertos,PRIMARY_OFFICIAL
2015,2015-12-20,11 - Cádiz,ESCAÑOS EN BLANCO - AULKI ZURIAK - EB - AZ,0,0,Ministerio del Interior / portal oficial de datos abiertos,PRIMARY_OFFICIAL
2015,2015-12-20,11 - Cádiz,ESCAÑOS EN BLANCO - EB,0,0,Ministerio del Interior / portal oficial de datos abiertos,PRIMARY_OFFICIAL
2015,2015-12-20,11 - Cádiz,ESCAÑOS EN BLANCO-AULKI ZURIAK - EB-AZ,0,0,Ministerio del Interior / portal oficial de datos abiertos,PRIMARY_OFFICIAL
2015,2015-12-20,11 - Cádiz,ESCONS EN BLANC/ESCAÑOS EN BLANCO - EB,0,0,Ministerio del Interior / portal oficial de datos abiertos,PRIMARY_OFFICIAL
2015,2015-12-20,11 - Cádiz,ESQUERRA REPUBLICANA DE CATALUNYA-CATALUNYA SÍ - ERC-CATSI,0,0,Ministerio del Interior / portal oficial de datos abiertos,PRIMARY_OFFICIAL
2015,2015-12-20,11 - Cádiz,ESQUERRA REPUBLICANA DE CATALUNYA-CATALUNYA SÍ - ERC-CATSÍ,0,0,Ministerio del Interior / portal oficial de datos abiertos,PRIMARY_OFFICIAL
2015,2015-12-20,11 - Cádiz,EUSKAL HERRIA BILDU (EH Bildu) - EH Bildu,0,0,Ministerio del Interior / portal oficial de datos abiertos,PRIMARY_OFFICIAL
2015,2015-12-20,11 - Cádiz,EUSKAL HERRIA BILDU - EH Bildu,0,0,Ministerio del Interior / portal oficial de datos abiertos,PRIMARY_OFFICIAL
2015,2015-12-20,11 - Cádiz,EUZKO ALDERDI JELTZALEA-PARTIDO NACIONALISTA VASCO - EAJ-PNV,0,0,Ministerio del Interior / portal oficial de datos abiertos,PRIMARY_OFFICIAL
2015,2015-12-20,11 - Cádiz,EXTREMADURA UNIDA-EXTREMEÑOS - EU-eX,0,0,Ministerio del Interior / portal oficial de datos abiertos,PRIMARY_OFFICIAL
2015,2015-12-20,11 - Cádiz,EZKERRA-X LA IZQUIERDA - EZKERRA,0,0,Ministerio del Interior / portal oficial de datos abiertos,PRIMARY_OFFICIAL
2015,2015-12-20,11 - Cádiz,FALANGE ESPAÑOLA DE LAS JONS - FE de las J,0,0,Ministerio del Interior / portal oficial de datos abiertos,PRIMARY_OFFICIAL
2015,2015-12-20,11 - Cádiz,FORO DEMÓCRATA - FDEE,0,0,Ministerio del Interior / portal oficial de datos abiertos,PRIMARY_OFFICIAL
2015,2015-12-20,11 - Cádiz,GEROA BAI - GBAI,0,0,Ministerio del Interior / portal oficial de datos abiertos,PRIMARY_OFFICIAL
2015,2015-12-20,11 - Cádiz,INDEPENDIENTES POR ARAGÓN - Independien,0,0,Ministerio del Interior / portal oficial de datos abiertos,PRIMARY_OFFICIAL
2015,2015-12-20,11 - Cádiz,INICIATIVA FEMINISTA - IFem,0,0,Ministerio del Interior / portal oficial de datos abiertos,PRIMARY_OFFICIAL
2015,2015-12-20,11 - Cádiz,"JUSTIZIA SOCIAL, PARTICIPACIÓN CIUDADANA - JS,PC",0,0,Ministerio del Interior / portal oficial de datos abiertos,PRIMARY_OFFICIAL
2015,2015-12-20,11 - Cádiz,"LIBERTAD NAVARRA, LIBERTATE NAFARRA (Ln) - Ln",0,0,Ministerio del Interior / portal oficial de datos abiertos,PRIMARY_OFFICIAL
2015,2015-12-20,11 - Cádiz,"LIBERTAD NAVARRA, LIBERTATE NAFARRA - Ln",0,0,Ministerio del Interior / portal oficial de datos abiertos,PRIMARY_OFFICIAL
2015,2015-12-20,11 - Cádiz,LIBERTAD NAVARRA-LIBERTATE NAFARRA - Ln,0,0,Ministerio del Interior / portal oficial de datos abiertos,PRIMARY_OFFICIAL
2015,2015-12-20,11 - Cádiz,LOS VERDES-ECOPACIFISTAS - CENTRO MODE,0,0,Ministerio del Interior / portal oficial de datos abiertos,PRIMARY_OFFICIAL
2015,2015-12-20,11 - Cádiz,MUERTE AL SISTEMA - +MAS+,0,0,Ministerio del Interior / portal oficial de datos abiertos,PRIMARY_OFFICIAL
2015,2015-12-20,11 - Cádiz,MÁLAGA POR SÍ - mlgXSÍ,0,0,Ministerio del Interior / portal oficial de datos abiertos,PRIMARY_OFFICIAL
2015,2015-12-20,11 - Cádiz,MÉS - MÉS,0,0,Ministerio del Interior / portal oficial de datos abiertos,PRIMARY_OFFICIAL
2015,2015-12-20,11 - Cádiz,NÓS-CANDIDATURA GALEGA (BNG-CG-FOGA-PCPG-PG) - NÓS,0,0,Ministerio del Interior / portal oficial de datos abiertos,PRIMARY_OFFICIAL
2015,2015-12-20,11 - Cádiz,ONGI ETORRI - OE,0,0,Ministerio del Interior / portal oficial de datos abiertos,PRIMARY_OFFICIAL
2015,2015-12-20,11 - Cádiz,PARTIDO ANIMALISTA CONTRA EL MALTRATO ANIMAL (PACM - PACMA,0,0,Ministerio del Interior / portal oficial de datos abiertos,PRIMARY_OFFICIAL
2015,2015-12-20,11 - Cádiz,PARTIDO ANIMALISTA CONTRA EL MALTRATO ANIMAL - PACMA,7591,0,Ministerio del Interior / portal oficial de datos abiertos,PRIMARY_OFFICIAL
2015,2015-12-20,11 - Cádiz,PARTIDO ANIMALISTA CONTRA O MALTRATO ANIMAL - PACMA,0,0,Ministerio del Interior / portal oficial de datos abiertos,PRIMARY_OFFICIAL
2015,2015-12-20,11 - Cádiz,PARTIDO ANIMALISTA-CONTRA EL MALTRATO ANIMAL - PACMA,0,0,Ministerio del Interior / portal oficial de datos abiertos,PRIMARY_OFFICIAL
2015,2015-12-20,11 - Cádiz,PARTIDO COMUNISTA DE LOS PUEBLOS DE ESPAÑA - PCPE,780,0,Ministerio del Interior / portal oficial de datos abiertos,PRIMARY_OFFICIAL
2015,2015-12-20,11 - Cádiz,PARTIDO COMUNISTA DEL PUEBLO CANARIO - PCPC,0,0,Ministerio del Interior / portal oficial de datos abiertos,PRIMARY_OFFICIAL
2015,2015-12-20,11 - Cádiz,PARTIDO COMUNISTA OBRERO ESPAÑOL - PCOE,0,0,Ministerio del Interior / portal oficial de datos abiertos,PRIMARY_OFFICIAL
2015,2015-12-20,11 - Cádiz,PARTIDO DA TERRA - PT,0,0,Ministerio del Interior / portal oficial de datos abiertos,PRIMARY_OFFICIAL
2015,2015-12-20,11 - Cádiz,PARTIDO DOS SOCIALISTAS DE GALICIA-PSOE - PSdeG-PSOE,0,0,Ministerio del Interior / portal oficial de datos abiertos,PRIMARY_OFFICIAL
2015,2015-12-20,11 - Cádiz,PARTIDO FAMILIA Y VIDA - PFyV,0,0,Ministerio del Interior / portal oficial de datos abiertos,PRIMARY_OFFICIAL
2015,2015-12-20,11 - Cádiz,PARTIDO HUMANISTA - PH,0,0,Ministerio del Interior / portal oficial de datos abiertos,PRIMARY_OFFICIAL
2015,2015-12-20,11 - Cádiz,PARTIDO LIBERAL DE DERECHAS - PLD,0,0,Ministerio del Interior / portal oficial de datos abiertos,PRIMARY_OFFICIAL
2015,2015-12-20,11 - Cádiz,PARTIDO LIBERTARIO - P-LIB,422,0,Ministerio del Interior / portal oficial de datos abiertos,PRIMARY_OFFICIAL
2015,2015-12-20,11 - Cádiz,PARTIDO POPULAR (PP) - PP,0,0,Ministerio del Interior / portal oficial de datos abiertos,PRIMARY_OFFICIAL
2015,2015-12-20,11 - Cádiz,PARTIDO POPULAR - PP,179319,3,Ministerio del Interior / portal oficial de datos abiertos,PRIMARY_OFFICIAL
2015,2015-12-20,11 - Cádiz,PARTIDO POPULAR EN COALICIÓN CON EL PARTIDO ARAGON - PP-PAR,0,0,Ministerio del Interior / portal oficial de datos abiertos,PRIMARY_OFFICIAL
2015,2015-12-20,11 - Cádiz,PARTIDO POPULAR-FORO - PP-FORO,0,0,Ministerio del Interior / portal oficial de datos abiertos,PRIMARY_OFFICIAL
2015,2015-12-20,11 - Cádiz,PARTIDO POPULAR/PARTIT POPULAR - PP,0,0,Ministerio del Interior / portal oficial de datos abiertos,PRIMARY_OFFICIAL
2015,2015-12-20,11 - Cádiz,PARTIDO REGIONALISTA DEL PAÍS LEONÉS - PREPAL,0,0,Ministerio del Interior / portal oficial de datos abiertos,PRIMARY_OFFICIAL
2015,2015-12-20,11 - Cádiz,PARTIDO SOCIALISTA DE EUSKADI-EUSKADIKO EZKERRA (P - PSE-EE,0,0,Ministerio del Interior / portal oficial de datos abiertos,PRIMARY_OFFICIAL
2015,2015-12-20,11 - Cádiz,PARTIDO SOCIALISTA DE EUSKADI-EUSKADIKO EZKERRA (P - PSE-EE (PSO,0,0,Ministerio del Interior / portal oficial de datos abiertos,PRIMARY_OFFICIAL
2015,2015-12-20,11 - Cádiz,PARTIDO SOCIALISTA OBRERO ESPAÑOL - PSOE,180895,3,Ministerio del Interior / portal oficial de datos abiertos,PRIMARY_OFFICIAL
2015,2015-12-20,11 - Cádiz,PARTIDO SOCIALISTA OBRERO ESPAÑOL-NUEVA CANARIAS - PSOE-NCa,0,0,Ministerio del Interior / portal oficial de datos abiertos,PRIMARY_OFFICIAL
2015,2015-12-20,11 - Cádiz,PARTIT ANIMALISTA CONTRA EL MALTRACTAMENT ANIMAL - PACMA,0,0,Ministerio del Interior / portal oficial de datos abiertos,PRIMARY_OFFICIAL
2015,2015-12-20,11 - Cádiz,PARTIT COMUNISTA DEL POBLE DE CATALUNYA - PCPC,0,0,Ministerio del Interior / portal oficial de datos abiertos,PRIMARY_OFFICIAL
2015,2015-12-20,11 - Cádiz,PARTIT COMUNISTA DELS POBLES D’ESPANYA - PCPE,0,0,Ministerio del Interior / portal oficial de datos abiertos,PRIMARY_OFFICIAL
2015,2015-12-20,11 - Cádiz,PARTIT DELS SOCIALISTES DE CATALUNYA (PSC-PSOE) - PSC,0,0,Ministerio del Interior / portal oficial de datos abiertos,PRIMARY_OFFICIAL
2015,2015-12-20,11 - Cádiz,PARTIT DELS SOCIALISTES DE CATALUNYA - PSC-PSOE,0,0,Ministerio del Interior / portal oficial de datos abiertos,PRIMARY_OFFICIAL
2015,2015-12-20,11 - Cádiz,PODEMOS - PODEMOS,130734,2,Ministerio del Interior / portal oficial de datos abiertos,PRIMARY_OFFICIAL
2015,2015-12-20,11 - Cádiz,PODEMOS-AHAL DUGU - PODEMOS-AHA,0,0,Ministerio del Interior / portal oficial de datos abiertos,PRIMARY_OFFICIAL
2015,2015-12-20,11 - Cádiz,PODEMOS-Ahora Alto Aragón en Común - PODEMOS-Aho,0,0,Ministerio del Interior / portal oficial de datos abiertos,PRIMARY_OFFICIAL
2015,2015-12-20,11 - Cádiz,PODEMOS/AHAL DUGU - PODEMOS-AHA,0,0,Ministerio del Interior / portal oficial de datos abiertos,PRIMARY_OFFICIAL
2015,2015-12-20,11 - Cádiz,POR UN MUNDO MÁS JUSTO - PUM+J,0,0,Ministerio del Interior / portal oficial de datos abiertos,PRIMARY_OFFICIAL
2015,2015-12-20,11 - Cádiz,RECORTES CERO-GRUPO VERDE - RECORTES CE,1042,0,Ministerio del Interior / portal oficial de datos abiertos,PRIMARY_OFFICIAL
2015,2015-12-20,11 - Cádiz,SOLIDARIDAD Y AUTOGESTIÓN INTERNACIONALISTA - SAIn,0,0,Ministerio del Interior / portal oficial de datos abiertos,PRIMARY_OFFICIAL
2015,2015-12-20,11 - Cádiz,SOLUCIONA - SOLUCIONA,0,0,Ministerio del Interior / portal oficial de datos abiertos,PRIMARY_OFFICIAL
2015,2015-12-20,11 - Cádiz,SOM VALENCIANS - SOMVAL,0,0,Ministerio del Interior / portal oficial de datos abiertos,PRIMARY_OFFICIAL
2015,2015-12-20,11 - Cádiz,"UNIDAD POPULAR EN ARAGÓN: IZQUIERDA UNIDA, CHUNTA - IU-CHA-UPeC",0,0,Ministerio del Interior / portal oficial de datos abiertos,PRIMARY_OFFICIAL
2015,2015-12-20,11 - Cádiz,UNIDAD POPULAR- ORAIN BATERA:EZKER ANITZA-IZQUIERD - IU-UPeC,0,0,Ministerio del Interior / portal oficial de datos abiertos,PRIMARY_OFFICIAL
2015,2015-12-20,11 - Cádiz,UNIDAD POPULAR-IZQUIERDA UNIDA - UNIDAD POPU,0,0,Ministerio del Interior / portal oficial de datos abiertos,PRIMARY_OFFICIAL
2015,2015-12-20,11 - Cádiz,UNIDAD POPULAR-ORAIN BATERA:EZKER ANITZA-IZQUIERDA - IU-UPeC,0,0,Ministerio del Interior / portal oficial de datos abiertos,PRIMARY_OFFICIAL
2015,2015-12-20,11 - Cádiz,UNIDAD POPULAR-ORAIN BATERA:EZKER ANITZA-IZQUIERDA - IU-UpeC,0,0,Ministerio del Interior / portal oficial de datos abiertos,PRIMARY_OFFICIAL
2015,2015-12-20,11 - Cádiz,"UNIDAD POPULAR-ORAIN BATERA:IZQUIERDA UNIDA, BATZA - IU-B-UPeC",0,0,Ministerio del Interior / portal oficial de datos abiertos,PRIMARY_OFFICIAL
2015,2015-12-20,11 - Cádiz,"UNIDAD POPULAR: IZQUIERDA UNIDA CANARIA, UNIDAD PO - IUC-UPeC",0,0,Ministerio del Interior / portal oficial de datos abiertos,PRIMARY_OFFICIAL
2015,2015-12-20,11 - Cádiz,UNIDAD POPULAR: IZQUIERDA UNIDA LOS VERDES - CONVO - UP: IULV-CA,0,0,Ministerio del Interior / portal oficial de datos abiertos,PRIMARY_OFFICIAL
2015,2015-12-20,11 - Cádiz,"UNIDAD POPULAR: IZQUIERDA UNIDA LOS VERDES-CONVOCA - IULV-CA, UP",38881,0,Ministerio del Interior / portal oficial de datos abiertos,PRIMARY_OFFICIAL
2015,2015-12-20,11 - Cádiz,"UNIDAD POPULAR: IZQUIERDA UNIDA LOS VERDES-CONVOCA - IULV-CA,UPe",0,0,Ministerio del Interior / portal oficial de datos abiertos,PRIMARY_OFFICIAL
2015,2015-12-20,11 - Cádiz,"UNIDAD POPULAR: IZQUIERDA UNIDA, UNIDAD POPULAR EN - IU-UPeC",0,0,Ministerio del Interior / portal oficial de datos abiertos,PRIMARY_OFFICIAL
2015,2015-12-20,11 - Cádiz,"UNIDAD POPULAR: IZQUIERDA UNIDA, UNIDAD POPULAR EN - IU-UPeC-IAS",0,0,Ministerio del Interior / portal oficial de datos abiertos,PRIMARY_OFFICIAL
2015,2015-12-20,11 - Cádiz,"UNIDAD POPULAR: IZQUIERDA UNIDA, UNIDAD POPULAR EN - UP-UPeC",0,0,Ministerio del Interior / portal oficial de datos abiertos,PRIMARY_OFFICIAL
2015,2015-12-20,11 - Cádiz,"UNIDAD POPULAR: IZQUIERDA UNIDA, UNIDAD POPULAR EN - UPeC-IU-IZC",0,0,Ministerio del Interior / portal oficial de datos abiertos,PRIMARY_OFFICIAL
2015,2015-12-20,11 - Cádiz,UNIDAD POPULAR: IZQUIERDA UNIDA-UNIDAD POPULAR EN - IU-UPeC,0,0,Ministerio del Interior / portal oficial de datos abiertos,PRIMARY_OFFICIAL
2015,2015-12-20,11 - Cádiz,UNIDAD POPULAR: IZQUIERDA UNIDA. UNIDAD POPULAR EN - IU-UPeC,0,0,Ministerio del Interior / portal oficial de datos abiertos,PRIMARY_OFFICIAL
2015,2015-12-20,11 - Cádiz,"UNIDAD POPULAR: UNIDAD POPULAR EN COMÚN, IZQUIERDA - UPeC-IU",0,0,Ministerio del Interior / portal oficial de datos abiertos,PRIMARY_OFFICIAL
2015,2015-12-20,11 - Cádiz,"UNITAT POPULAR BALEARS: IZQUIERDA UNIDA, UNIDAD PO - UPB: IU-UPe",0,0,Ministerio del Interior / portal oficial de datos abiertos,PRIMARY_OFFICIAL
2015,2015-12-20,11 - Cádiz,"UNITAT POPULAR: ESQUERRA UNIDA DEL PAÍS VALENCIÀ, - EUPV-UPeC",0,0,Ministerio del Interior / portal oficial de datos abiertos,PRIMARY_OFFICIAL
2015,2015-12-20,11 - Cádiz,"UNITAT POPULAR:ESQUERRA UNIDA DEL PAÍS VALENCIÀ, U - EUPV-UPeC",0,0,Ministerio del Interior / portal oficial de datos abiertos,PRIMARY_OFFICIAL
2015,2015-12-20,11 - Cádiz,UNIÓ DEMOCRÀTICA DE CATALUNYA - Unio.Cat,0,0,Ministerio del Interior / portal oficial de datos abiertos,PRIMARY_OFFICIAL
2015,2015-12-20,11 - Cádiz,UNIÓ DEMOCRÀTICA DE CATALUNYA - unio.cat,0,0,Ministerio del Interior / portal oficial de datos abiertos,PRIMARY_OFFICIAL
2015,2015-12-20,11 - Cádiz,UNIÓN DEL PUEBLO NAVARRO EN COALICIÓN CON EL PARTI - UPN-PP,0,0,Ministerio del Interior / portal oficial de datos abiertos,PRIMARY_OFFICIAL
2015,2015-12-20,11 - Cádiz,UNIÓN PROGRESO Y DEMOCRACIA (UPYD) - UPYD,0,0,Ministerio del Interior / portal oficial de datos abiertos,PRIMARY_OFFICIAL
2015,2015-12-20,11 - Cádiz,UNIÓN PROGRESO Y DEMOCRACIA - UPYD,3637,0,Ministerio del Interior / portal oficial de datos abiertos,PRIMARY_OFFICIAL
2015,2015-12-20,11 - Cádiz,VOX - VOX,1493,0,Ministerio del Interior / portal oficial de datos abiertos,PRIMARY_OFFICIAL
2015,2015-12-20,11 - Cádiz,X A ESQUERDA - X ESQ,0,0,Ministerio del Interior / portal oficial de datos abiertos,PRIMARY_OFFICIAL
2015,2015-12-20,11 - Cádiz,X LA IZQUIERDA-LOS VERDES - X LA IZQUIE,0,0,Ministerio del Interior / portal oficial de datos abiertos,PRIMARY_OFFICIAL
2015,2015-12-20,12 - Castellón/Castelló,"""EN COMÚ PODEM"" - EN COMÚ",0,0,Ministerio del Interior / portal oficial de datos abiertos,PRIMARY_OFFICIAL
2015,2015-12-20,12 - Castellón/Castelló,ANDALUCES DE JAÉN UNIDOS - AJU,0,0,Ministerio del Interior / portal oficial de datos abiertos,PRIMARY_OFFICIAL
2015,2015-12-20,12 - Castellón/Castelló,"ARA, PAÍS VALENCIÀ - ARA, PV",0,0,Ministerio del Interior / portal oficial de datos abiertos,PRIMARY_OFFICIAL
2015,2015-12-20,12 - Castellón/Castelló,"ARA, PAÍS VALENCIÀ - ARAPV",413,0,Ministerio del Interior / portal oficial de datos abiertos,PRIMARY_OFFICIAL
2015,2015-12-20,12 - Castellón/Castelló,AVANT VALENCIANS - AVANT,0,0,Ministerio del Interior / portal oficial de datos abiertos,PRIMARY_OFFICIAL
2015,2015-12-20,12 - Castellón/Castelló,BIDEZKO MUNDURANTZ/POR UN MUNDO MÁS JUSTO - PUM+J,0,0,Ministerio del Interior / portal oficial de datos abiertos,PRIMARY_OFFICIAL
2015,2015-12-20,12 - Castellón/Castelló,"CANARIAS DECIDE: LOS VERDES, UNIDAD DEL PUEBLO Y A - CANARIAS DE",0,0,Ministerio del Interior / portal oficial de datos abiertos,PRIMARY_OFFICIAL
2015,2015-12-20,12 - Castellón/Castelló,CIUDADANOS DE CENTRO DEMOCRÁTICO - CCD,2137,0,Ministerio del Interior / portal oficial de datos abiertos,PRIMARY_OFFICIAL
2015,2015-12-20,12 - Castellón/Castelló,CIUDADANOS LIBRES UNIDOS - CILUS,0,0,Ministerio del Interior / portal oficial de datos abiertos,PRIMARY_OFFICIAL
2015,2015-12-20,12 - Castellón/Castelló,CIUDADANOS PARTIDO DE LA CIUDADANÍA - C's,0,0,Ministerio del Interior / portal oficial de datos abiertos,PRIMARY_OFFICIAL
2015,2015-12-20,12 - Castellón/Castelló,CIUDADANOS PARTIDO DE LA CIUDADANÍA - C´s,0,0,Ministerio del Interior / portal oficial de datos abiertos,PRIMARY_OFFICIAL
2015,2015-12-20,12 - Castellón/Castelló,CIUDADANOS RURALES AGRUPADOS - CRA,0,0,Ministerio del Interior / portal oficial de datos abiertos,PRIMARY_OFFICIAL
2015,2015-12-20,12 - Castellón/Castelló,"CIUDADANOS, PARTIDO DE LA CIUDADANÍA - C's",0,0,Ministerio del Interior / portal oficial de datos abiertos,PRIMARY_OFFICIAL
2015,2015-12-20,12 - Castellón/Castelló,"CIUDADANOS, PARTIDO DE LA CIUDADANÍA - C´s",0,0,Ministerio del Interior / portal oficial de datos abiertos,PRIMARY_OFFICIAL
2015,2015-12-20,12 - Castellón/Castelló,CIUDADANOS-PARTIDO DE LA CIUDADANÍA (C's) - C's,0,0,Ministerio del Interior / portal oficial de datos abiertos,PRIMARY_OFFICIAL
2015,2015-12-20,12 - Castellón/Castelló,CIUDADANOS-PARTIDO DE LA CIUDADANÍA - C's,48328,1,Ministerio del Interior / portal oficial de datos abiertos,PRIMARY_OFFICIAL
2015,2015-12-20,12 - Castellón/Castelló,CIUDADANOS-PARTIDO DE LA CIUDADANÍA - C´s,0,0,Ministerio del Interior / portal oficial de datos abiertos,PRIMARY_OFFICIAL
2015,2015-12-20,12 - Castellón/Castelló,CIUTADANS - PARTIDO DE LA CIUDADANÍA - C's,0,0,Ministerio del Interior / portal oficial de datos abiertos,PRIMARY_OFFICIAL
2015,2015-12-20,12 - Castellón/Castelló,CIUTADANS-PARTIDO DE LA CIUDADANÍA - C's,0,0,Ministerio del Interior / portal oficial de datos abiertos,PRIMARY_OFFICIAL
2015,2015-12-20,12 - Castellón/Castelló,COALICIÓN CANARIA - PARTIDO NACIONALISTA CANARIO - CCa-PNC,0,0,Ministerio del Interior / portal oficial de datos abiertos,PRIMARY_OFFICIAL
2015,2015-12-20,12 - Castellón/Castelló,COALICIÓN CANARIA-PARTIDO NACIONALISTA CANARIO - CCa-PNC,0,0,Ministerio del Interior / portal oficial de datos abiertos,PRIMARY_OFFICIAL
2015,2015-12-20,12 - Castellón/Castelló,COMPROMÍS-PODEMOS-ÉS EL MOMENT - PODEMOS - C,74732,1,Ministerio del Interior / portal oficial de datos abiertos,PRIMARY_OFFICIAL
2015,2015-12-20,12 - Castellón/Castelló,COMPROMÍS-PODEMOS-ÉS EL MOMENT - PODEMOS-COM,0,0,Ministerio del Interior / portal oficial de datos abiertos,PRIMARY_OFFICIAL
2015,2015-12-20,12 - Castellón/Castelló,COMUNISTAS DA GALIZA - PCPE,0,0,Ministerio del Interior / portal oficial de datos abiertos,PRIMARY_OFFICIAL
2015,2015-12-20,12 - Castellón/Castelló,COMUNISTAS DA GALIZA-PCPE - PCPE,0,0,Ministerio del Interior / portal oficial de datos abiertos,PRIMARY_OFFICIAL
2015,2015-12-20,12 - Castellón/Castelló,DEMOCRACIA NACIONAL - DN,471,0,Ministerio del Interior / portal oficial de datos abiertos,PRIMARY_OFFICIAL
2015,2015-12-20,12 - Castellón/Castelló,DEMOCRÀCIA I LLIBERTAT. CONVERGÈNCIA. DEMÒCRATES. - DL,0,0,Ministerio del Interior / portal oficial de datos abiertos,PRIMARY_OFFICIAL
2015,2015-12-20,12 - Castellón/Castelló,EL PI - PROPOSTA PER LES ILLES - EL PI,0,0,Ministerio del Interior / portal oficial de datos abiertos,PRIMARY_OFFICIAL
2015,2015-12-20,12 - Castellón/Castelló,EN COMÚ PODEM - EN COMÚ,0,0,Ministerio del Interior / portal oficial de datos abiertos,PRIMARY_OFFICIAL
2015,2015-12-20,12 - Castellón/Castelló,EN MAREA - PODEMOS-EN,0,0,Ministerio del Interior / portal oficial de datos abiertos,PRIMARY_OFFICIAL
2015,2015-12-20,12 - Castellón/Castelló,EN MAREA - PODEMOS-En,0,0,Ministerio del Interior / portal oficial de datos abiertos,PRIMARY_OFFICIAL
2015,2015-12-20,12 - Castellón/Castelló,EN POSITIU - EN POSITIU,0,0,Ministerio del Interior / portal oficial de datos abiertos,PRIMARY_OFFICIAL
2015,2015-12-20,12 - Castellón/Castelló,ESCAÑOS EN BLANCO - AULKI ZURIAK - EB - AZ,0,0,Ministerio del Interior / portal oficial de datos abiertos,PRIMARY_OFFICIAL
2015,2015-12-20,12 - Castellón/Castelló,ESCAÑOS EN BLANCO - EB,0,0,Ministerio del Interior / portal oficial de datos abiertos,PRIMARY_OFFICIAL
2015,2015-12-20,12 - Castellón/Castelló,ESCAÑOS EN BLANCO-AULKI ZURIAK - EB-AZ,0,0,Ministerio del Interior / portal oficial de datos abiertos,PRIMARY_OFFICIAL
2015,2015-12-20,12 - Castellón/Castelló,ESCONS EN BLANC/ESCAÑOS EN BLANCO - EB,0,0,Ministerio del Interior / portal oficial de datos abiertos,PRIMARY_OFFICIAL
2015,2015-12-20,12 - Castellón/Castelló,ESQUERRA REPUBLICANA DE CATALUNYA-CATALUNYA SÍ - ERC-CATSI,0,0,Ministerio del Interior / portal oficial de datos abiertos,PRIMARY_OFFICIAL
2015,2015-12-20,12 - Castellón/Castelló,ESQUERRA REPUBLICANA DE CATALUNYA-CATALUNYA SÍ - ERC-CATSÍ,0,0,Ministerio del Interior / portal oficial de datos abiertos,PRIMARY_OFFICIAL
2015,2015-12-20,12 - Castellón/Castelló,EUSKAL HERRIA BILDU (EH Bildu) - EH Bildu,0,0,Ministerio del Interior / portal oficial de datos abiertos,PRIMARY_OFFICIAL
2015,2015-12-20,12 - Castellón/Castelló,EUSKAL HERRIA BILDU - EH Bildu,0,0,Ministerio del Interior / portal oficial de datos abiertos,PRIMARY_OFFICIAL
2015,2015-12-20,12 - Castellón/Castelló,EUZKO ALDERDI JELTZALEA-PARTIDO NACIONALISTA VASCO - EAJ-PNV,0,0,Ministerio del Interior / portal oficial de datos abiertos,PRIMARY_OFFICIAL
2015,2015-12-20,12 - Castellón/Castelló,EXTREMADURA UNIDA-EXTREMEÑOS - EU-eX,0,0,Ministerio del Interior / portal oficial de datos abiertos,PRIMARY_OFFICIAL
2015,2015-12-20,12 - Castellón/Castelló,EZKERRA-X LA IZQUIERDA - EZKERRA,0,0,Ministerio del Interior / portal oficial de datos abiertos,PRIMARY_OFFICIAL
2015,2015-12-20,12 - Castellón/Castelló,FALANGE ESPAÑOLA DE LAS JONS - FE de las J,0,0,Ministerio del Interior / portal oficial de datos abiertos,PRIMARY_OFFICIAL
2015,2015-12-20,12 - Castellón/Castelló,FORO DEMÓCRATA - FDEE,0,0,Ministerio del Interior / portal oficial de datos abiertos,PRIMARY_OFFICIAL
2015,2015-12-20,12 - Castellón/Castelló,GEROA BAI - GBAI,0,0,Ministerio del Interior / portal oficial de datos abiertos,PRIMARY_OFFICIAL
2015,2015-12-20,12 - Castellón/Castelló,INDEPENDIENTES POR ARAGÓN - Independien,0,0,Ministerio del Interior / portal oficial de datos abiertos,PRIMARY_OFFICIAL
2015,2015-12-20,12 - Castellón/Castelló,INICIATIVA FEMINISTA - IFem,261,0,Ministerio del Interior / portal oficial de datos abiertos,PRIMARY_OFFICIAL
2015,2015-12-20,12 - Castellón/Castelló,"JUSTIZIA SOCIAL, PARTICIPACIÓN CIUDADANA - JS,PC",0,0,Ministerio del Interior / portal oficial de datos abiertos,PRIMARY_OFFICIAL
2015,2015-12-20,12 - Castellón/Castelló,"LIBERTAD NAVARRA, LIBERTATE NAFARRA (Ln) - Ln",0,0,Ministerio del Interior / portal oficial de datos abiertos,PRIMARY_OFFICIAL
2015,2015-12-20,12 - Castellón/Castelló,"LIBERTAD NAVARRA, LIBERTATE NAFARRA - Ln",0,0,Ministerio del Interior / portal oficial de datos abiertos,PRIMARY_OFFICIAL
2015,2015-12-20,12 - Castellón/Castelló,LIBERTAD NAVARRA-LIBERTATE NAFARRA - Ln,0,0,Ministerio del Interior / portal oficial de datos abiertos,PRIMARY_OFFICIAL
2015,2015-12-20,12 - Castellón/Castelló,LOS VERDES-ECOPACIFISTAS - CENTRO MODE,0,0,Ministerio del Interior / portal oficial de datos abiertos,PRIMARY_OFFICIAL
2015,2015-12-20,12 - Castellón/Castelló,MUERTE AL SISTEMA - +MAS+,0,0,Ministerio del Interior / portal oficial de datos abiertos,PRIMARY_OFFICIAL
2015,2015-12-20,12 - Castellón/Castelló,MÁLAGA POR SÍ - mlgXSÍ,0,0,Ministerio del Interior / portal oficial de datos abiertos,PRIMARY_OFFICIAL
2015,2015-12-20,12 - Castellón/Castelló,MÉS - MÉS,0,0,Ministerio del Interior / portal oficial de datos abiertos,PRIMARY_OFFICIAL
2015,2015-12-20,12 - Castellón/Castelló,NÓS-CANDIDATURA GALEGA (BNG-CG-FOGA-PCPG-PG) - NÓS,0,0,Ministerio del Interior / portal oficial de datos abiertos,PRIMARY_OFFICIAL
2015,2015-12-20,12 - Castellón/Castelló,ONGI ETORRI - OE,0,0,Ministerio del Interior / portal oficial de datos abiertos,PRIMARY_OFFICIAL
2015,2015-12-20,12 - Castellón/Castelló,PARTIDO ANIMALISTA CONTRA EL MALTRATO ANIMAL (PACM - PACMA,0,0,Ministerio del Interior / portal oficial de datos abiertos,PRIMARY_OFFICIAL
2015,2015-12-20,12 - Castellón/Castelló,PARTIDO ANIMALISTA CONTRA EL MALTRATO ANIMAL - PACMA,2252,0,Ministerio del Interior / portal oficial de datos abiertos,PRIMARY_OFFICIAL
2015,2015-12-20,12 - Castellón/Castelló,PARTIDO ANIMALISTA CONTRA O MALTRATO ANIMAL - PACMA,0,0,Ministerio del Interior / portal oficial de datos abiertos,PRIMARY_OFFICIAL
2015,2015-12-20,12 - Castellón/Castelló,PARTIDO ANIMALISTA-CONTRA EL MALTRATO ANIMAL - PACMA,0,0,Ministerio del Interior / portal oficial de datos abiertos,PRIMARY_OFFICIAL
2015,2015-12-20,12 - Castellón/Castelló,PARTIDO COMUNISTA DE LOS PUEBLOS DE ESPAÑA - PCPE,0,0,Ministerio del Interior / portal oficial de datos abiertos,PRIMARY_OFFICIAL
2015,2015-12-20,12 - Castellón/Castelló,PARTIDO COMUNISTA DEL PUEBLO CANARIO - PCPC,0,0,Ministerio del Interior / portal oficial de datos abiertos,PRIMARY_OFFICIAL
2015,2015-12-20,12 - Castellón/Castelló,PARTIDO COMUNISTA OBRERO ESPAÑOL - PCOE,0,0,Ministerio del Interior / portal oficial de datos abiertos,PRIMARY_OFFICIAL
2015,2015-12-20,12 - Castellón/Castelló,PARTIDO DA TERRA - PT,0,0,Ministerio del Interior / portal oficial de datos abiertos,PRIMARY_OFFICIAL
2015,2015-12-20,12 - Castellón/Castelló,PARTIDO DOS SOCIALISTAS DE GALICIA-PSOE - PSdeG-PSOE,0,0,Ministerio del Interior / portal oficial de datos abiertos,PRIMARY_OFFICIAL
2015,2015-12-20,12 - Castellón/Castelló,PARTIDO FAMILIA Y VIDA - PFyV,0,0,Ministerio del Interior / portal oficial de datos abiertos,PRIMARY_OFFICIAL
2015,2015-12-20,12 - Castellón/Castelló,PARTIDO HUMANISTA - PH,0,0,Ministerio del Interior / portal oficial de datos abiertos,PRIMARY_OFFICIAL
2015,2015-12-20,12 - Castellón/Castelló,PARTIDO LIBERAL DE DERECHAS - PLD,0,0,Ministerio del Interior / portal oficial de datos abiertos,PRIMARY_OFFICIAL
2015,2015-12-20,12 - Castellón/Castelló,PARTIDO LIBERTARIO - P-LIB,0,0,Ministerio del Interior / portal oficial de datos abiertos,PRIMARY_OFFICIAL
2015,2015-12-20,12 - Castellón/Castelló,PARTIDO POPULAR (PP) - PP,0,0,Ministerio del Interior / portal oficial de datos abiertos,PRIMARY_OFFICIAL
2015,2015-12-20,12 - Castellón/Castelló,PARTIDO POPULAR - PP,98474,2,Ministerio del Interior / portal oficial de datos abiertos,PRIMARY_OFFICIAL
2015,2015-12-20,12 - Castellón/Castelló,PARTIDO POPULAR EN COALICIÓN CON EL PARTIDO ARAGON - PP-PAR,0,0,Ministerio del Interior / portal oficial de datos abiertos,PRIMARY_OFFICIAL
2015,2015-12-20,12 - Castellón/Castelló,PARTIDO POPULAR-FORO - PP-FORO,0,0,Ministerio del Interior / portal oficial de datos abiertos,PRIMARY_OFFICIAL
2015,2015-12-20,12 - Castellón/Castelló,PARTIDO POPULAR/PARTIT POPULAR - PP,0,0,Ministerio del Interior / portal oficial de datos abiertos,PRIMARY_OFFICIAL
2015,2015-12-20,12 - Castellón/Castelló,PARTIDO REGIONALISTA DEL PAÍS LEONÉS - PREPAL,0,0,Ministerio del Interior / portal oficial de datos abiertos,PRIMARY_OFFICIAL
2015,2015-12-20,12 - Castellón/Castelló,PARTIDO SOCIALISTA DE EUSKADI-EUSKADIKO EZKERRA (P - PSE-EE,0,0,Ministerio del Interior / portal oficial de datos abiertos,PRIMARY_OFFICIAL
2015,2015-12-20,12 - Castellón/Castelló,PARTIDO SOCIALISTA DE EUSKADI-EUSKADIKO EZKERRA (P - PSE-EE (PSO,0,0,Ministerio del Interior / portal oficial de datos abiertos,PRIMARY_OFFICIAL
2015,2015-12-20,12 - Castellón/Castelló,PARTIDO SOCIALISTA OBRERO ESPAÑOL - PSOE,66590,1,Ministerio del Interior / portal oficial de datos abiertos,PRIMARY_OFFICIAL
2015,2015-12-20,12 - Castellón/Castelló,PARTIDO SOCIALISTA OBRERO ESPAÑOL-NUEVA CANARIAS - PSOE-NCa,0,0,Ministerio del Interior / portal oficial de datos abiertos,PRIMARY_OFFICIAL
2015,2015-12-20,12 - Castellón/Castelló,PARTIT ANIMALISTA CONTRA EL MALTRACTAMENT ANIMAL - PACMA,0,0,Ministerio del Interior / portal oficial de datos abiertos,PRIMARY_OFFICIAL
2015,2015-12-20,12 - Castellón/Castelló,PARTIT COMUNISTA DEL POBLE DE CATALUNYA - PCPC,0,0,Ministerio del Interior / portal oficial de datos abiertos,PRIMARY_OFFICIAL
2015,2015-12-20,12 - Castellón/Castelló,PARTIT COMUNISTA DELS POBLES D’ESPANYA - PCPE,509,0,Ministerio del Interior / portal oficial de datos abiertos,PRIMARY_OFFICIAL
2015,2015-12-20,12 - Castellón/Castelló,PARTIT DELS SOCIALISTES DE CATALUNYA (PSC-PSOE) - PSC,0,0,Ministerio del Interior / portal oficial de datos abiertos,PRIMARY_OFFICIAL
2015,2015-12-20,12 - Castellón/Castelló,PARTIT DELS SOCIALISTES DE CATALUNYA - PSC-PSOE,0,0,Ministerio del Interior / portal oficial de datos abiertos,PRIMARY_OFFICIAL
2015,2015-12-20,12 - Castellón/Castelló,PODEMOS - PODEMOS,0,0,Ministerio del Interior / portal oficial de datos abiertos,PRIMARY_OFFICIAL
2015,2015-12-20,12 - Castellón/Castelló,PODEMOS-AHAL DUGU - PODEMOS-AHA,0,0,Ministerio del Interior / portal oficial de datos abiertos,PRIMARY_OFFICIAL
2015,2015-12-20,12 - Castellón/Castelló,PODEMOS-Ahora Alto Aragón en Común - PODEMOS-Aho,0,0,Ministerio del Interior / portal oficial de datos abiertos,PRIMARY_OFFICIAL
2015,2015-12-20,12 - Castellón/Castelló,PODEMOS/AHAL DUGU - PODEMOS-AHA,0,0,Ministerio del Interior / portal oficial de datos abiertos,PRIMARY_OFFICIAL
2015,2015-12-20,12 - Castellón/Castelló,POR UN MUNDO MÁS JUSTO - PUM+J,0,0,Ministerio del Interior / portal oficial de datos abiertos,PRIMARY_OFFICIAL
2015,2015-12-20,12 - Castellón/Castelló,RECORTES CERO-GRUPO VERDE - RECORTES CE,489,0,Ministerio del Interior / portal oficial de datos abiertos,PRIMARY_OFFICIAL
2015,2015-12-20,12 - Castellón/Castelló,SOLIDARIDAD Y AUTOGESTIÓN INTERNACIONALISTA - SAIn,0,0,Ministerio del Interior / portal oficial de datos abiertos,PRIMARY_OFFICIAL
2015,2015-12-20,12 - Castellón/Castelló,SOLUCIONA - SOLUCIONA,0,0,Ministerio del Interior / portal oficial de datos abiertos,PRIMARY_OFFICIAL
2015,2015-12-20,12 - Castellón/Castelló,SOM VALENCIANS - SOMVAL,467,0,Ministerio del Interior / portal oficial de datos abiertos,PRIMARY_OFFICIAL
2015,2015-12-20,12 - Castellón/Castelló,"UNIDAD POPULAR EN ARAGÓN: IZQUIERDA UNIDA, CHUNTA - IU-CHA-UPeC",0,0,Ministerio del Interior / portal oficial de datos abiertos,PRIMARY_OFFICIAL
2015,2015-12-20,12 - Castellón/Castelló,UNIDAD POPULAR- ORAIN BATERA:EZKER ANITZA-IZQUIERD - IU-UPeC,0,0,Ministerio del Interior / portal oficial de datos abiertos,PRIMARY_OFFICIAL
2015,2015-12-20,12 - Castellón/Castelló,UNIDAD POPULAR-IZQUIERDA UNIDA - UNIDAD POPU,0,0,Ministerio del Interior / portal oficial de datos abiertos,PRIMARY_OFFICIAL
2015,2015-12-20,12 - Castellón/Castelló,UNIDAD POPULAR-ORAIN BATERA:EZKER ANITZA-IZQUIERDA - IU-UPeC,0,0,Ministerio del Interior / portal oficial de datos abiertos,PRIMARY_OFFICIAL
2015,2015-12-20,12 - Castellón/Castelló,UNIDAD POPULAR-ORAIN BATERA:EZKER ANITZA-IZQUIERDA - IU-UpeC,0,0,Ministerio del Interior / portal oficial de datos abiertos,PRIMARY_OFFICIAL
2015,2015-12-20,12 - Castellón/Castelló,"UNIDAD POPULAR-ORAIN BATERA:IZQUIERDA UNIDA, BATZA - IU-B-UPeC",0,0,Ministerio del Interior / portal oficial de datos abiertos,PRIMARY_OFFICIAL
2015,2015-12-20,12 - Castellón/Castelló,"UNIDAD POPULAR: IZQUIERDA UNIDA CANARIA, UNIDAD PO - IUC-UPeC",0,0,Ministerio del Interior / portal oficial de datos abiertos,PRIMARY_OFFICIAL
2015,2015-12-20,12 - Castellón/Castelló,UNIDAD POPULAR: IZQUIERDA UNIDA LOS VERDES - CONVO - UP: IULV-CA,0,0,Ministerio del Interior / portal oficial de datos abiertos,PRIMARY_OFFICIAL
2015,2015-12-20,12 - Castellón/Castelló,"UNIDAD POPULAR: IZQUIERDA UNIDA LOS VERDES-CONVOCA - IULV-CA, UP",0,0,Ministerio del Interior / portal oficial de datos abiertos,PRIMARY_OFFICIAL
2015,2015-12-20,12 - Castellón/Castelló,"UNIDAD POPULAR: IZQUIERDA UNIDA LOS VERDES-CONVOCA - IULV-CA,UPe",0,0,Ministerio del Interior / portal oficial de datos abiertos,PRIMARY_OFFICIAL
2015,2015-12-20,12 - Castellón/Castelló,"UNIDAD POPULAR: IZQUIERDA UNIDA, UNIDAD POPULAR EN - IU-UPeC",0,0,Ministerio del Interior / portal oficial de datos abiertos,PRIMARY_OFFICIAL
2015,2015-12-20,12 - Castellón/Castelló,"UNIDAD POPULAR: IZQUIERDA UNIDA, UNIDAD POPULAR EN - IU-UPeC-IAS",0,0,Ministerio del Interior / portal oficial de datos abiertos,PRIMARY_OFFICIAL
2015,2015-12-20,12 - Castellón/Castelló,"UNIDAD POPULAR: IZQUIERDA UNIDA, UNIDAD POPULAR EN - UP-UPeC",0,0,Ministerio del Interior / portal oficial de datos abiertos,PRIMARY_OFFICIAL
2015,2015-12-20,12 - Castellón/Castelló,"UNIDAD POPULAR: IZQUIERDA UNIDA, UNIDAD POPULAR EN - UPeC-IU-IZC",0,0,Ministerio del Interior / portal oficial de datos abiertos,PRIMARY_OFFICIAL
2015,2015-12-20,12 - Castellón/Castelló,UNIDAD POPULAR: IZQUIERDA UNIDA-UNIDAD POPULAR EN - IU-UPeC,0,0,Ministerio del Interior / portal oficial de datos abiertos,PRIMARY_OFFICIAL
2015,2015-12-20,12 - Castellón/Castelló,UNIDAD POPULAR: IZQUIERDA UNIDA. UNIDAD POPULAR EN - IU-UPeC,0,0,Ministerio del Interior / portal oficial de datos abiertos,PRIMARY_OFFICIAL
2015,2015-12-20,12 - Castellón/Castelló,"UNIDAD POPULAR: UNIDAD POPULAR EN COMÚN, IZQUIERDA - UPeC-IU",0,0,Ministerio del Interior / portal oficial de datos abiertos,PRIMARY_OFFICIAL
2015,2015-12-20,12 - Castellón/Castelló,"UNITAT POPULAR BALEARS: IZQUIERDA UNIDA, UNIDAD PO - UPB: IU-UPe",0,0,Ministerio del Interior / portal oficial de datos abiertos,PRIMARY_OFFICIAL
2015,2015-12-20,12 - Castellón/Castelló,"UNITAT POPULAR: ESQUERRA UNIDA DEL PAÍS VALENCIÀ, - EUPV-UPeC",9605,0,Ministerio del Interior / portal oficial de datos abiertos,PRIMARY_OFFICIAL
2015,2015-12-20,12 - Castellón/Castelló,"UNITAT POPULAR:ESQUERRA UNIDA DEL PAÍS VALENCIÀ, U - EUPV-UPeC",0,0,Ministerio del Interior / portal oficial de datos abiertos,PRIMARY_OFFICIAL
2015,2015-12-20,12 - Castellón/Castelló,UNIÓ DEMOCRÀTICA DE CATALUNYA - Unio.Cat,0,0,Ministerio del Interior / portal oficial de datos abiertos,PRIMARY_OFFICIAL
2015,2015-12-20,12 - Castellón/Castelló,UNIÓ DEMOCRÀTICA DE CATALUNYA - unio.cat,0,0,Ministerio del Interior / portal oficial de datos abiertos,PRIMARY_OFFICIAL
2015,2015-12-20,12 - Castellón/Castelló,UNIÓN DEL PUEBLO NAVARRO EN COALICIÓN CON EL PARTI - UPN-PP,0,0,Ministerio del Interior / portal oficial de datos abiertos,PRIMARY_OFFICIAL
2015,2015-12-20,12 - Castellón/Castelló,UNIÓN PROGRESO Y DEMOCRACIA (UPYD) - UPYD,0,0,Ministerio del Interior / portal oficial de datos abiertos,PRIMARY_OFFICIAL
2015,2015-12-20,12 - Castellón/Castelló,UNIÓN PROGRESO Y DEMOCRACIA - UPYD,1743,0,Ministerio del Interior / portal oficial de datos abiertos,PRIMARY_OFFICIAL
2015,2015-12-20,12 - Castellón/Castelló,VOX - VOX,921,0,Ministerio del Interior / portal oficial de datos abiertos,PRIMARY_OFFICIAL
2015,2015-12-20,12 - Castellón/Castelló,X A ESQUERDA - X ESQ,0,0,Ministerio del Interior / portal oficial de datos abiertos,PRIMARY_OFFICIAL
2015,2015-12-20,12 - Castellón/Castelló,X LA IZQUIERDA-LOS VERDES - X LA IZQUIE,0,0,Ministerio del Interior / portal oficial de datos abiertos,PRIMARY_OFFICIAL
2015,2015-12-20,13 - Ciudad Real,"""EN COMÚ PODEM"" - EN COMÚ",0,0,Ministerio del Interior / portal oficial de datos abiertos,PRIMARY_OFFICIAL
2015,2015-12-20,13 - Ciudad Real,ANDALUCES DE JAÉN UNIDOS - AJU,0,0,Ministerio del Interior / portal oficial de datos abiertos,PRIMARY_OFFICIAL
2015,2015-12-20,13 - Ciudad Real,"ARA, PAÍS VALENCIÀ - ARA, PV",0,0,Ministerio del Interior / portal oficial de datos abiertos,PRIMARY_OFFICIAL
2015,2015-12-20,13 - Ciudad Real,"ARA, PAÍS VALENCIÀ - ARAPV",0,0,Ministerio del Interior / portal oficial de datos abiertos,PRIMARY_OFFICIAL
2015,2015-12-20,13 - Ciudad Real,AVANT VALENCIANS - AVANT,0,0,Ministerio del Interior / portal oficial de datos abiertos,PRIMARY_OFFICIAL
2015,2015-12-20,13 - Ciudad Real,BIDEZKO MUNDURANTZ/POR UN MUNDO MÁS JUSTO - PUM+J,0,0,Ministerio del Interior / portal oficial de datos abiertos,PRIMARY_OFFICIAL
2015,2015-12-20,13 - Ciudad Real,"CANARIAS DECIDE: LOS VERDES, UNIDAD DEL PUEBLO Y A - CANARIAS DE",0,0,Ministerio del Interior / portal oficial de datos abiertos,PRIMARY_OFFICIAL
2015,2015-12-20,13 - Ciudad Real,CIUDADANOS DE CENTRO DEMOCRÁTICO - CCD,0,0,Ministerio del Interior / portal oficial de datos abiertos,PRIMARY_OFFICIAL
2015,2015-12-20,13 - Ciudad Real,CIUDADANOS LIBRES UNIDOS - CILUS,0,0,Ministerio del Interior / portal oficial de datos abiertos,PRIMARY_OFFICIAL
2015,2015-12-20,13 - Ciudad Real,CIUDADANOS PARTIDO DE LA CIUDADANÍA - C's,0,0,Ministerio del Interior / portal oficial de datos abiertos,PRIMARY_OFFICIAL
2015,2015-12-20,13 - Ciudad Real,CIUDADANOS PARTIDO DE LA CIUDADANÍA - C´s,0,0,Ministerio del Interior / portal oficial de datos abiertos,PRIMARY_OFFICIAL
2015,2015-12-20,13 - Ciudad Real,CIUDADANOS RURALES AGRUPADOS - CRA,0,0,Ministerio del Interior / portal oficial de datos abiertos,PRIMARY_OFFICIAL
2015,2015-12-20,13 - Ciudad Real,"CIUDADANOS, PARTIDO DE LA CIUDADANÍA - C's",0,0,Ministerio del Interior / portal oficial de datos abiertos,PRIMARY_OFFICIAL
2015,2015-12-20,13 - Ciudad Real,"CIUDADANOS, PARTIDO DE LA CIUDADANÍA - C´s",0,0,Ministerio del Interior / portal oficial de datos abiertos,PRIMARY_OFFICIAL
2015,2015-12-20,13 - Ciudad Real,CIUDADANOS-PARTIDO DE LA CIUDADANÍA (C's) - C's,0,0,Ministerio del Interior / portal oficial de datos abiertos,PRIMARY_OFFICIAL
2015,2015-12-20,13 - Ciudad Real,CIUDADANOS-PARTIDO DE LA CIUDADANÍA - C's,36477,0,Ministerio del Interior / portal oficial de datos abiertos,PRIMARY_OFFICIAL
2015,2015-12-20,13 - Ciudad Real,CIUDADANOS-PARTIDO DE LA CIUDADANÍA - C´s,0,0,Ministerio del Interior / portal oficial de datos abiertos,PRIMARY_OFFICIAL
2015,2015-12-20,13 - Ciudad Real,CIUTADANS - PARTIDO DE LA CIUDADANÍA - C's,0,0,Ministerio del Interior / portal oficial de datos abiertos,PRIMARY_OFFICIAL
2015,2015-12-20,13 - Ciudad Real,CIUTADANS-PARTIDO DE LA CIUDADANÍA - C's,0,0,Ministerio del Interior / portal oficial de datos abiertos,PRIMARY_OFFICIAL
2015,2015-12-20,13 - Ciudad Real,COALICIÓN CANARIA - PARTIDO NACIONALISTA CANARIO - CCa-PNC,0,0,Ministerio del Interior / portal oficial de datos abiertos,PRIMARY_OFFICIAL
2015,2015-12-20,13 - Ciudad Real,COALICIÓN CANARIA-PARTIDO NACIONALISTA CANARIO - CCa-PNC,0,0,Ministerio del Interior / portal oficial de datos abiertos,PRIMARY_OFFICIAL
2015,2015-12-20,13 - Ciudad Real,COMPROMÍS-PODEMOS-ÉS EL MOMENT - PODEMOS - C,0,0,Ministerio del Interior / portal oficial de datos abiertos,PRIMARY_OFFICIAL
2015,2015-12-20,13 - Ciudad Real,COMPROMÍS-PODEMOS-ÉS EL MOMENT - PODEMOS-COM,0,0,Ministerio del Interior / portal oficial de datos abiertos,PRIMARY_OFFICIAL
2015,2015-12-20,13 - Ciudad Real,COMUNISTAS DA GALIZA - PCPE,0,0,Ministerio del Interior / portal oficial de datos abiertos,PRIMARY_OFFICIAL
2015,2015-12-20,13 - Ciudad Real,COMUNISTAS DA GALIZA-PCPE - PCPE,0,0,Ministerio del Interior / portal oficial de datos abiertos,PRIMARY_OFFICIAL
2015,2015-12-20,13 - Ciudad Real,DEMOCRACIA NACIONAL - DN,174,0,Ministerio del Interior / portal oficial de datos abiertos,PRIMARY_OFFICIAL
2015,2015-12-20,13 - Ciudad Real,DEMOCRÀCIA I LLIBERTAT. CONVERGÈNCIA. DEMÒCRATES. - DL,0,0,Ministerio del Interior / portal oficial de datos abiertos,PRIMARY_OFFICIAL
2015,2015-12-20,13 - Ciudad Real,EL PI - PROPOSTA PER LES ILLES - EL PI,0,0,Ministerio del Interior / portal oficial de datos abiertos,PRIMARY_OFFICIAL
2015,2015-12-20,13 - Ciudad Real,EN COMÚ PODEM - EN COMÚ,0,0,Ministerio del Interior / portal oficial de datos abiertos,PRIMARY_OFFICIAL
2015,2015-12-20,13 - Ciudad Real,EN MAREA - PODEMOS-EN,0,0,Ministerio del Interior / portal oficial de datos abiertos,PRIMARY_OFFICIAL
2015,2015-12-20,13 - Ciudad Real,EN MAREA - PODEMOS-En,0,0,Ministerio del Interior / portal oficial de datos abiertos,PRIMARY_OFFICIAL
2015,2015-12-20,13 - Ciudad Real,EN POSITIU - EN POSITIU,0,0,Ministerio del Interior / portal oficial de datos abiertos,PRIMARY_OFFICIAL
2015,2015-12-20,13 - Ciudad Real,ESCAÑOS EN BLANCO - AULKI ZURIAK - EB - AZ,0,0,Ministerio del Interior / portal oficial de datos abiertos,PRIMARY_OFFICIAL
2015,2015-12-20,13 - Ciudad Real,ESCAÑOS EN BLANCO - EB,0,0,Ministerio del Interior / portal oficial de datos abiertos,PRIMARY_OFFICIAL
2015,2015-12-20,13 - Ciudad Real,ESCAÑOS EN BLANCO-AULKI ZURIAK - EB-AZ,0,0,Ministerio del Interior / portal oficial de datos abiertos,PRIMARY_OFFICIAL
2015,2015-12-20,13 - Ciudad Real,ESCONS EN BLANC/ESCAÑOS EN BLANCO - EB,0,0,Ministerio del Interior / portal oficial de datos abiertos,PRIMARY_OFFICIAL
2015,2015-12-20,13 - Ciudad Real,ESQUERRA REPUBLICANA DE CATALUNYA-CATALUNYA SÍ - ERC-CATSI,0,0,Ministerio del Interior / portal oficial de datos abiertos,PRIMARY_OFFICIAL
2015,2015-12-20,13 - Ciudad Real,ESQUERRA REPUBLICANA DE CATALUNYA-CATALUNYA SÍ - ERC-CATSÍ,0,0,Ministerio del Interior / portal oficial de datos abiertos,PRIMARY_OFFICIAL
2015,2015-12-20,13 - Ciudad Real,EUSKAL HERRIA BILDU (EH Bildu) - EH Bildu,0,0,Ministerio del Interior / portal oficial de datos abiertos,PRIMARY_OFFICIAL
2015,2015-12-20,13 - Ciudad Real,EUSKAL HERRIA BILDU - EH Bildu,0,0,Ministerio del Interior / portal oficial de datos abiertos,PRIMARY_OFFICIAL
2015,2015-12-20,13 - Ciudad Real,EUZKO ALDERDI JELTZALEA-PARTIDO NACIONALISTA VASCO - EAJ-PNV,0,0,Ministerio del Interior / portal oficial de datos abiertos,PRIMARY_OFFICIAL
2015,2015-12-20,13 - Ciudad Real,EXTREMADURA UNIDA-EXTREMEÑOS - EU-eX,0,0,Ministerio del Interior / portal oficial de datos abiertos,PRIMARY_OFFICIAL
2015,2015-12-20,13 - Ciudad Real,EZKERRA-X LA IZQUIERDA - EZKERRA,0,0,Ministerio del Interior / portal oficial de datos abiertos,PRIMARY_OFFICIAL
2015,2015-12-20,13 - Ciudad Real,FALANGE ESPAÑOLA DE LAS JONS - FE de las J,0,0,Ministerio del Interior / portal oficial de datos abiertos,PRIMARY_OFFICIAL
2015,2015-12-20,13 - Ciudad Real,FORO DEMÓCRATA - FDEE,0,0,Ministerio del Interior / portal oficial de datos abiertos,PRIMARY_OFFICIAL
2015,2015-12-20,13 - Ciudad Real,GEROA BAI - GBAI,0,0,Ministerio del Interior / portal oficial de datos abiertos,PRIMARY_OFFICIAL
2015,2015-12-20,13 - Ciudad Real,INDEPENDIENTES POR ARAGÓN - Independien,0,0,Ministerio del Interior / portal oficial de datos abiertos,PRIMARY_OFFICIAL
2015,2015-12-20,13 - Ciudad Real,INICIATIVA FEMINISTA - IFem,0,0,Ministerio del Interior / portal oficial de datos abiertos,PRIMARY_OFFICIAL
2015,2015-12-20,13 - Ciudad Real,"JUSTIZIA SOCIAL, PARTICIPACIÓN CIUDADANA - JS,PC",0,0,Ministerio del Interior / portal oficial de datos abiertos,PRIMARY_OFFICIAL
2015,2015-12-20,13 - Ciudad Real,"LIBERTAD NAVARRA, LIBERTATE NAFARRA (Ln) - Ln",0,0,Ministerio del Interior / portal oficial de datos abiertos,PRIMARY_OFFICIAL
2015,2015-12-20,13 - Ciudad Real,"LIBERTAD NAVARRA, LIBERTATE NAFARRA - Ln",0,0,Ministerio del Interior / portal oficial de datos abiertos,PRIMARY_OFFICIAL
2015,2015-12-20,13 - Ciudad Real,LIBERTAD NAVARRA-LIBERTATE NAFARRA - Ln,0,0,Ministerio del Interior / portal oficial de datos abiertos,PRIMARY_OFFICIAL
2015,2015-12-20,13 - Ciudad Real,LOS VERDES-ECOPACIFISTAS - CENTRO MODE,0,0,Ministerio del Interior / portal oficial de datos abiertos,PRIMARY_OFFICIAL
2015,2015-12-20,13 - Ciudad Real,MUERTE AL SISTEMA - +MAS+,0,0,Ministerio del Interior / portal oficial de datos abiertos,PRIMARY_OFFICIAL
2015,2015-12-20,13 - Ciudad Real,MÁLAGA POR SÍ - mlgXSÍ,0,0,Ministerio del Interior / portal oficial de datos abiertos,PRIMARY_OFFICIAL
2015,2015-12-20,13 - Ciudad Real,MÉS - MÉS,0,0,Ministerio del Interior / portal oficial de datos abiertos,PRIMARY_OFFICIAL
2015,2015-12-20,13 - Ciudad Real,NÓS-CANDIDATURA GALEGA (BNG-CG-FOGA-PCPG-PG) - NÓS,0,0,Ministerio del Interior / portal oficial de datos abiertos,PRIMARY_OFFICIAL
2015,2015-12-20,13 - Ciudad Real,ONGI ETORRI - OE,0,0,Ministerio del Interior / portal oficial de datos abiertos,PRIMARY_OFFICIAL
2015,2015-12-20,13 - Ciudad Real,PARTIDO ANIMALISTA CONTRA EL MALTRATO ANIMAL (PACM - PACMA,0,0,Ministerio del Interior / portal oficial de datos abiertos,PRIMARY_OFFICIAL
2015,2015-12-20,13 - Ciudad Real,PARTIDO ANIMALISTA CONTRA EL MALTRATO ANIMAL - PACMA,0,0,Ministerio del Interior / portal oficial de datos abiertos,PRIMARY_OFFICIAL
2015,2015-12-20,13 - Ciudad Real,PARTIDO ANIMALISTA CONTRA O MALTRATO ANIMAL - PACMA,0,0,Ministerio del Interior / portal oficial de datos abiertos,PRIMARY_OFFICIAL
2015,2015-12-20,13 - Ciudad Real,PARTIDO ANIMALISTA-CONTRA EL MALTRATO ANIMAL - PACMA,1949,0,Ministerio del Interior / portal oficial de datos abiertos,PRIMARY_OFFICIAL
2015,2015-12-20,13 - Ciudad Real,PARTIDO COMUNISTA DE LOS PUEBLOS DE ESPAÑA - PCPE,0,0,Ministerio del Interior / portal oficial de datos abiertos,PRIMARY_OFFICIAL
2015,2015-12-20,13 - Ciudad Real,PARTIDO COMUNISTA DEL PUEBLO CANARIO - PCPC,0,0,Ministerio del Interior / portal oficial de datos abiertos,PRIMARY_OFFICIAL
2015,2015-12-20,13 - Ciudad Real,PARTIDO COMUNISTA OBRERO ESPAÑOL - PCOE,0,0,Ministerio del Interior / portal oficial de datos abiertos,PRIMARY_OFFICIAL
2015,2015-12-20,13 - Ciudad Real,PARTIDO DA TERRA - PT,0,0,Ministerio del Interior / portal oficial de datos abiertos,PRIMARY_OFFICIAL
2015,2015-12-20,13 - Ciudad Real,PARTIDO DOS SOCIALISTAS DE GALICIA-PSOE - PSdeG-PSOE,0,0,Ministerio del Interior / portal oficial de datos abiertos,PRIMARY_OFFICIAL
2015,2015-12-20,13 - Ciudad Real,PARTIDO FAMILIA Y VIDA - PFyV,0,0,Ministerio del Interior / portal oficial de datos abiertos,PRIMARY_OFFICIAL
2015,2015-12-20,13 - Ciudad Real,PARTIDO HUMANISTA - PH,0,0,Ministerio del Interior / portal oficial de datos abiertos,PRIMARY_OFFICIAL
2015,2015-12-20,13 - Ciudad Real,PARTIDO LIBERAL DE DERECHAS - PLD,0,0,Ministerio del Interior / portal oficial de datos abiertos,PRIMARY_OFFICIAL
2015,2015-12-20,13 - Ciudad Real,PARTIDO LIBERTARIO - P-LIB,0,0,Ministerio del Interior / portal oficial de datos abiertos,PRIMARY_OFFICIAL
2015,2015-12-20,13 - Ciudad Real,PARTIDO POPULAR (PP) - PP,0,0,Ministerio del Interior / portal oficial de datos abiertos,PRIMARY_OFFICIAL
2015,2015-12-20,13 - Ciudad Real,PARTIDO POPULAR - PP,113451,3,Ministerio del Interior / portal oficial de datos abiertos,PRIMARY_OFFICIAL
2015,2015-12-20,13 - Ciudad Real,PARTIDO POPULAR EN COALICIÓN CON EL PARTIDO ARAGON - PP-PAR,0,0,Ministerio del Interior / portal oficial de datos abiertos,PRIMARY_OFFICIAL
2015,2015-12-20,13 - Ciudad Real,PARTIDO POPULAR-FORO - PP-FORO,0,0,Ministerio del Interior / portal oficial de datos abiertos,PRIMARY_OFFICIAL
2015,2015-12-20,13 - Ciudad Real,PARTIDO POPULAR/PARTIT POPULAR - PP,0,0,Ministerio del Interior / portal oficial de datos abiertos,PRIMARY_OFFICIAL
2015,2015-12-20,13 - Ciudad Real,PARTIDO REGIONALISTA DEL PAÍS LEONÉS - PREPAL,0,0,Ministerio del Interior / portal oficial de datos abiertos,PRIMARY_OFFICIAL
2015,2015-12-20,13 - Ciudad Real,PARTIDO SOCIALISTA DE EUSKADI-EUSKADIKO EZKERRA (P - PSE-EE,0,0,Ministerio del Interior / portal oficial de datos abiertos,PRIMARY_OFFICIAL
2015,2015-12-20,13 - Ciudad Real,PARTIDO SOCIALISTA DE EUSKADI-EUSKADIKO EZKERRA (P - PSE-EE (PSO,0,0,Ministerio del Interior / portal oficial de datos abiertos,PRIMARY_OFFICIAL
2015,2015-12-20,13 - Ciudad Real,PARTIDO SOCIALISTA OBRERO ESPAÑOL - PSOE,91959,2,Ministerio del Interior / portal oficial de datos abiertos,PRIMARY_OFFICIAL
2015,2015-12-20,13 - Ciudad Real,PARTIDO SOCIALISTA OBRERO ESPAÑOL-NUEVA CANARIAS - PSOE-NCa,0,0,Ministerio del Interior / portal oficial de datos abiertos,PRIMARY_OFFICIAL
2015,2015-12-20,13 - Ciudad Real,PARTIT ANIMALISTA CONTRA EL MALTRACTAMENT ANIMAL - PACMA,0,0,Ministerio del Interior / portal oficial de datos abiertos,PRIMARY_OFFICIAL
2015,2015-12-20,13 - Ciudad Real,PARTIT COMUNISTA DEL POBLE DE CATALUNYA - PCPC,0,0,Ministerio del Interior / portal oficial de datos abiertos,PRIMARY_OFFICIAL
2015,2015-12-20,13 - Ciudad Real,PARTIT COMUNISTA DELS POBLES D’ESPANYA - PCPE,0,0,Ministerio del Interior / portal oficial de datos abiertos,PRIMARY_OFFICIAL
2015,2015-12-20,13 - Ciudad Real,PARTIT DELS SOCIALISTES DE CATALUNYA (PSC-PSOE) - PSC,0,0,Ministerio del Interior / portal oficial de datos abiertos,PRIMARY_OFFICIAL
2015,2015-12-20,13 - Ciudad Real,PARTIT DELS SOCIALISTES DE CATALUNYA - PSC-PSOE,0,0,Ministerio del Interior / portal oficial de datos abiertos,PRIMARY_OFFICIAL
2015,2015-12-20,13 - Ciudad Real,PODEMOS - PODEMOS,36879,0,Ministerio del Interior / portal oficial de datos abiertos,PRIMARY_OFFICIAL
2015,2015-12-20,13 - Ciudad Real,PODEMOS-AHAL DUGU - PODEMOS-AHA,0,0,Ministerio del Interior / portal oficial de datos abiertos,PRIMARY_OFFICIAL
2015,2015-12-20,13 - Ciudad Real,PODEMOS-Ahora Alto Aragón en Común - PODEMOS-Aho,0,0,Ministerio del Interior / portal oficial de datos abiertos,PRIMARY_OFFICIAL
2015,2015-12-20,13 - Ciudad Real,PODEMOS/AHAL DUGU - PODEMOS-AHA,0,0,Ministerio del Interior / portal oficial de datos abiertos,PRIMARY_OFFICIAL
2015,2015-12-20,13 - Ciudad Real,POR UN MUNDO MÁS JUSTO - PUM+J,0,0,Ministerio del Interior / portal oficial de datos abiertos,PRIMARY_OFFICIAL
2015,2015-12-20,13 - Ciudad Real,RECORTES CERO-GRUPO VERDE - RECORTES CE,386,0,Ministerio del Interior / portal oficial de datos abiertos,PRIMARY_OFFICIAL
2015,2015-12-20,13 - Ciudad Real,SOLIDARIDAD Y AUTOGESTIÓN INTERNACIONALISTA - SAIn,0,0,Ministerio del Interior / portal oficial de datos abiertos,PRIMARY_OFFICIAL
2015,2015-12-20,13 - Ciudad Real,SOLUCIONA - SOLUCIONA,0,0,Ministerio del Interior / portal oficial de datos abiertos,PRIMARY_OFFICIAL
2015,2015-12-20,13 - Ciudad Real,SOM VALENCIANS - SOMVAL,0,0,Ministerio del Interior / portal oficial de datos abiertos,PRIMARY_OFFICIAL
2015,2015-12-20,13 - Ciudad Real,"UNIDAD POPULAR EN ARAGÓN: IZQUIERDA UNIDA, CHUNTA - IU-CHA-UPeC",0,0,Ministerio del Interior / portal oficial de datos abiertos,PRIMARY_OFFICIAL
2015,2015-12-20,13 - Ciudad Real,UNIDAD POPULAR- ORAIN BATERA:EZKER ANITZA-IZQUIERD - IU-UPeC,0,0,Ministerio del Interior / portal oficial de datos abiertos,PRIMARY_OFFICIAL
2015,2015-12-20,13 - Ciudad Real,UNIDAD POPULAR-IZQUIERDA UNIDA - UNIDAD POPU,0,0,Ministerio del Interior / portal oficial de datos abiertos,PRIMARY_OFFICIAL
2015,2015-12-20,13 - Ciudad Real,UNIDAD POPULAR-ORAIN BATERA:EZKER ANITZA-IZQUIERDA - IU-UPeC,0,0,Ministerio del Interior / portal oficial de datos abiertos,PRIMARY_OFFICIAL
2015,2015-12-20,13 - Ciudad Real,UNIDAD POPULAR-ORAIN BATERA:EZKER ANITZA-IZQUIERDA - IU-UpeC,0,0,Ministerio del Interior / portal oficial de datos abiertos,PRIMARY_OFFICIAL
2015,2015-12-20,13 - Ciudad Real,"UNIDAD POPULAR-ORAIN BATERA:IZQUIERDA UNIDA, BATZA - IU-B-UPeC",0,0,Ministerio del Interior / portal oficial de datos abiertos,PRIMARY_OFFICIAL
2015,2015-12-20,13 - Ciudad Real,"UNIDAD POPULAR: IZQUIERDA UNIDA CANARIA, UNIDAD PO - IUC-UPeC",0,0,Ministerio del Interior / portal oficial de datos abiertos,PRIMARY_OFFICIAL
2015,2015-12-20,13 - Ciudad Real,UNIDAD POPULAR: IZQUIERDA UNIDA LOS VERDES - CONVO - UP: IULV-CA,0,0,Ministerio del Interior / portal oficial de datos abiertos,PRIMARY_OFFICIAL
2015,2015-12-20,13 - Ciudad Real,"UNIDAD POPULAR: IZQUIERDA UNIDA LOS VERDES-CONVOCA - IULV-CA, UP",0,0,Ministerio del Interior / portal oficial de datos abiertos,PRIMARY_OFFICIAL
2015,2015-12-20,13 - Ciudad Real,"UNIDAD POPULAR: IZQUIERDA UNIDA LOS VERDES-CONVOCA - IULV-CA,UPe",0,0,Ministerio del Interior / portal oficial de datos abiertos,PRIMARY_OFFICIAL
2015,2015-12-20,13 - Ciudad Real,"UNIDAD POPULAR: IZQUIERDA UNIDA, UNIDAD POPULAR EN - IU-UPeC",9834,0,Ministerio del Interior / portal oficial de datos abiertos,PRIMARY_OFFICIAL
2015,2015-12-20,13 - Ciudad Real,"UNIDAD POPULAR: IZQUIERDA UNIDA, UNIDAD POPULAR EN - IU-UPeC-IAS",0,0,Ministerio del Interior / portal oficial de datos abiertos,PRIMARY_OFFICIAL
2015,2015-12-20,13 - Ciudad Real,"UNIDAD POPULAR: IZQUIERDA UNIDA, UNIDAD POPULAR EN - UP-UPeC",0,0,Ministerio del Interior / portal oficial de datos abiertos,PRIMARY_OFFICIAL
2015,2015-12-20,13 - Ciudad Real,"UNIDAD POPULAR: IZQUIERDA UNIDA, UNIDAD POPULAR EN - UPeC-IU-IZC",0,0,Ministerio del Interior / portal oficial de datos abiertos,PRIMARY_OFFICIAL
2015,2015-12-20,13 - Ciudad Real,UNIDAD POPULAR: IZQUIERDA UNIDA-UNIDAD POPULAR EN - IU-UPeC,0,0,Ministerio del Interior / portal oficial de datos abiertos,PRIMARY_OFFICIAL
2015,2015-12-20,13 - Ciudad Real,UNIDAD POPULAR: IZQUIERDA UNIDA. UNIDAD POPULAR EN - IU-UPeC,0,0,Ministerio del Interior / portal oficial de datos abiertos,PRIMARY_OFFICIAL
2015,2015-12-20,13 - Ciudad Real,"UNIDAD POPULAR: UNIDAD POPULAR EN COMÚN, IZQUIERDA - UPeC-IU",0,0,Ministerio del Interior / portal oficial de datos abiertos,PRIMARY_OFFICIAL
2015,2015-12-20,13 - Ciudad Real,"UNITAT POPULAR BALEARS: IZQUIERDA UNIDA, UNIDAD PO - UPB: IU-UPe",0,0,Ministerio del Interior / portal oficial de datos abiertos,PRIMARY_OFFICIAL
2015,2015-12-20,13 - Ciudad Real,"UNITAT POPULAR: ESQUERRA UNIDA DEL PAÍS VALENCIÀ, - EUPV-UPeC",0,0,Ministerio del Interior / portal oficial de datos abiertos,PRIMARY_OFFICIAL
2015,2015-12-20,13 - Ciudad Real,"UNITAT POPULAR:ESQUERRA UNIDA DEL PAÍS VALENCIÀ, U - EUPV-UPeC",0,0,Ministerio del Interior / portal oficial de datos abiertos,PRIMARY_OFFICIAL
2015,2015-12-20,13 - Ciudad Real,UNIÓ DEMOCRÀTICA DE CATALUNYA - Unio.Cat,0,0,Ministerio del Interior / portal oficial de datos abiertos,PRIMARY_OFFICIAL
2015,2015-12-20,13 - Ciudad Real,UNIÓ DEMOCRÀTICA DE CATALUNYA - unio.cat,0,0,Ministerio del Interior / portal oficial de datos abiertos,PRIMARY_OFFICIAL
2015,2015-12-20,13 - Ciudad Real,UNIÓN DEL PUEBLO NAVARRO EN COALICIÓN CON EL PARTI - UPN-PP,0,0,Ministerio del Interior / portal oficial de datos abiertos,PRIMARY_OFFICIAL
2015,2015-12-20,13 - Ciudad Real,UNIÓN PROGRESO Y DEMOCRACIA (UPYD) - UPYD,0,0,Ministerio del Interior / portal oficial de datos abiertos,PRIMARY_OFFICIAL
2015,2015-12-20,13 - Ciudad Real,UNIÓN PROGRESO Y DEMOCRACIA - UPYD,1625,0,Ministerio del Interior / portal oficial de datos abiertos,PRIMARY_OFFICIAL
2015,2015-12-20,13 - Ciudad Real,VOX - VOX,560,0,Ministerio del Interior / portal oficial de datos abiertos,PRIMARY_OFFICIAL
2015,2015-12-20,13 - Ciudad Real,X A ESQUERDA - X ESQ,0,0,Ministerio del Interior / portal oficial de datos abiertos,PRIMARY_OFFICIAL
2015,2015-12-20,13 - Ciudad Real,X LA IZQUIERDA-LOS VERDES - X LA IZQUIE,0,0,Ministerio del Interior / portal oficial de datos abiertos,PRIMARY_OFFICIAL
2015,2015-12-20,14 - Córdoba,"""EN COMÚ PODEM"" - EN COMÚ",0,0,Ministerio del Interior / portal oficial de datos abiertos,PRIMARY_OFFICIAL
2015,2015-12-20,14 - Córdoba,ANDALUCES DE JAÉN UNIDOS - AJU,0,0,Ministerio del Interior / portal oficial de datos abiertos,PRIMARY_OFFICIAL
2015,2015-12-20,14 - Córdoba,"ARA, PAÍS VALENCIÀ - ARA, PV",0,0,Ministerio del Interior / portal oficial de datos abiertos,PRIMARY_OFFICIAL
2015,2015-12-20,14 - Córdoba,"ARA, PAÍS VALENCIÀ - ARAPV",0,0,Ministerio del Interior / portal oficial de datos abiertos,PRIMARY_OFFICIAL
2015,2015-12-20,14 - Córdoba,AVANT VALENCIANS - AVANT,0,0,Ministerio del Interior / portal oficial de datos abiertos,PRIMARY_OFFICIAL
2015,2015-12-20,14 - Córdoba,BIDEZKO MUNDURANTZ/POR UN MUNDO MÁS JUSTO - PUM+J,0,0,Ministerio del Interior / portal oficial de datos abiertos,PRIMARY_OFFICIAL
2015,2015-12-20,14 - Córdoba,"CANARIAS DECIDE: LOS VERDES, UNIDAD DEL PUEBLO Y A - CANARIAS DE",0,0,Ministerio del Interior / portal oficial de datos abiertos,PRIMARY_OFFICIAL
2015,2015-12-20,14 - Córdoba,CIUDADANOS DE CENTRO DEMOCRÁTICO - CCD,0,0,Ministerio del Interior / portal oficial de datos abiertos,PRIMARY_OFFICIAL
2015,2015-12-20,14 - Córdoba,CIUDADANOS LIBRES UNIDOS - CILUS,0,0,Ministerio del Interior / portal oficial de datos abiertos,PRIMARY_OFFICIAL
2015,2015-12-20,14 - Córdoba,CIUDADANOS PARTIDO DE LA CIUDADANÍA - C's,0,0,Ministerio del Interior / portal oficial de datos abiertos,PRIMARY_OFFICIAL
2015,2015-12-20,14 - Córdoba,CIUDADANOS PARTIDO DE LA CIUDADANÍA - C´s,0,0,Ministerio del Interior / portal oficial de datos abiertos,PRIMARY_OFFICIAL
2015,2015-12-20,14 - Córdoba,CIUDADANOS RURALES AGRUPADOS - CRA,0,0,Ministerio del Interior / portal oficial de datos abiertos,PRIMARY_OFFICIAL
2015,2015-12-20,14 - Córdoba,"CIUDADANOS, PARTIDO DE LA CIUDADANÍA - C's",0,0,Ministerio del Interior / portal oficial de datos abiertos,PRIMARY_OFFICIAL
2015,2015-12-20,14 - Córdoba,"CIUDADANOS, PARTIDO DE LA CIUDADANÍA - C´s",0,0,Ministerio del Interior / portal oficial de datos abiertos,PRIMARY_OFFICIAL
2015,2015-12-20,14 - Córdoba,CIUDADANOS-PARTIDO DE LA CIUDADANÍA (C's) - C's,0,0,Ministerio del Interior / portal oficial de datos abiertos,PRIMARY_OFFICIAL
2015,2015-12-20,14 - Córdoba,CIUDADANOS-PARTIDO DE LA CIUDADANÍA - C's,0,0,Ministerio del Interior / portal oficial de datos abiertos,PRIMARY_OFFICIAL
2015,2015-12-20,14 - Córdoba,CIUDADANOS-PARTIDO DE LA CIUDADANÍA - C´s,55812,1,Ministerio del Interior / portal oficial de datos abiertos,PRIMARY_OFFICIAL
2015,2015-12-20,14 - Córdoba,CIUTADANS - PARTIDO DE LA CIUDADANÍA - C's,0,0,Ministerio del Interior / portal oficial de datos abiertos,PRIMARY_OFFICIAL
2015,2015-12-20,14 - Córdoba,CIUTADANS-PARTIDO DE LA CIUDADANÍA - C's,0,0,Ministerio del Interior / portal oficial de datos abiertos,PRIMARY_OFFICIAL
2015,2015-12-20,14 - Córdoba,COALICIÓN CANARIA - PARTIDO NACIONALISTA CANARIO - CCa-PNC,0,0,Ministerio del Interior / portal oficial de datos abiertos,PRIMARY_OFFICIAL
2015,2015-12-20,14 - Córdoba,COALICIÓN CANARIA-PARTIDO NACIONALISTA CANARIO - CCa-PNC,0,0,Ministerio del Interior / portal oficial de datos abiertos,PRIMARY_OFFICIAL
2015,2015-12-20,14 - Córdoba,COMPROMÍS-PODEMOS-ÉS EL MOMENT - PODEMOS - C,0,0,Ministerio del Interior / portal oficial de datos abiertos,PRIMARY_OFFICIAL
2015,2015-12-20,14 - Córdoba,COMPROMÍS-PODEMOS-ÉS EL MOMENT - PODEMOS-COM,0,0,Ministerio del Interior / portal oficial de datos abiertos,PRIMARY_OFFICIAL
2015,2015-12-20,14 - Córdoba,COMUNISTAS DA GALIZA - PCPE,0,0,Ministerio del Interior / portal oficial de datos abiertos,PRIMARY_OFFICIAL
2015,2015-12-20,14 - Córdoba,COMUNISTAS DA GALIZA-PCPE - PCPE,0,0,Ministerio del Interior / portal oficial de datos abiertos,PRIMARY_OFFICIAL
2015,2015-12-20,14 - Córdoba,DEMOCRACIA NACIONAL - DN,0,0,Ministerio del Interior / portal oficial de datos abiertos,PRIMARY_OFFICIAL
2015,2015-12-20,14 - Córdoba,DEMOCRÀCIA I LLIBERTAT. CONVERGÈNCIA. DEMÒCRATES. - DL,0,0,Ministerio del Interior / portal oficial de datos abiertos,PRIMARY_OFFICIAL
2015,2015-12-20,14 - Córdoba,EL PI - PROPOSTA PER LES ILLES - EL PI,0,0,Ministerio del Interior / portal oficial de datos abiertos,PRIMARY_OFFICIAL
2015,2015-12-20,14 - Córdoba,EN COMÚ PODEM - EN COMÚ,0,0,Ministerio del Interior / portal oficial de datos abiertos,PRIMARY_OFFICIAL
2015,2015-12-20,14 - Córdoba,EN MAREA - PODEMOS-EN,0,0,Ministerio del Interior / portal oficial de datos abiertos,PRIMARY_OFFICIAL
2015,2015-12-20,14 - Córdoba,EN MAREA - PODEMOS-En,0,0,Ministerio del Interior / portal oficial de datos abiertos,PRIMARY_OFFICIAL
2015,2015-12-20,14 - Córdoba,EN POSITIU - EN POSITIU,0,0,Ministerio del Interior / portal oficial de datos abiertos,PRIMARY_OFFICIAL
2015,2015-12-20,14 - Córdoba,ESCAÑOS EN BLANCO - AULKI ZURIAK - EB - AZ,0,0,Ministerio del Interior / portal oficial de datos abiertos,PRIMARY_OFFICIAL
2015,2015-12-20,14 - Córdoba,ESCAÑOS EN BLANCO - EB,631,0,Ministerio del Interior / portal oficial de datos abiertos,PRIMARY_OFFICIAL
2015,2015-12-20,14 - Córdoba,ESCAÑOS EN BLANCO-AULKI ZURIAK - EB-AZ,0,0,Ministerio del Interior / portal oficial de datos abiertos,PRIMARY_OFFICIAL
2015,2015-12-20,14 - Córdoba,ESCONS EN BLANC/ESCAÑOS EN BLANCO - EB,0,0,Ministerio del Interior / portal oficial de datos abiertos,PRIMARY_OFFICIAL
2015,2015-12-20,14 - Córdoba,ESQUERRA REPUBLICANA DE CATALUNYA-CATALUNYA SÍ - ERC-CATSI,0,0,Ministerio del Interior / portal oficial de datos abiertos,PRIMARY_OFFICIAL
2015,2015-12-20,14 - Córdoba,ESQUERRA REPUBLICANA DE CATALUNYA-CATALUNYA SÍ - ERC-CATSÍ,0,0,Ministerio del Interior / portal oficial de datos abiertos,PRIMARY_OFFICIAL
2015,2015-12-20,14 - Córdoba,EUSKAL HERRIA BILDU (EH Bildu) - EH Bildu,0,0,Ministerio del Interior / portal oficial de datos abiertos,PRIMARY_OFFICIAL
2015,2015-12-20,14 - Córdoba,EUSKAL HERRIA BILDU - EH Bildu,0,0,Ministerio del Interior / portal oficial de datos abiertos,PRIMARY_OFFICIAL
2015,2015-12-20,14 - Córdoba,EUZKO ALDERDI JELTZALEA-PARTIDO NACIONALISTA VASCO - EAJ-PNV,0,0,Ministerio del Interior / portal oficial de datos abiertos,PRIMARY_OFFICIAL
2015,2015-12-20,14 - Córdoba,EXTREMADURA UNIDA-EXTREMEÑOS - EU-eX,0,0,Ministerio del Interior / portal oficial de datos abiertos,PRIMARY_OFFICIAL
2015,2015-12-20,14 - Córdoba,EZKERRA-X LA IZQUIERDA - EZKERRA,0,0,Ministerio del Interior / portal oficial de datos abiertos,PRIMARY_OFFICIAL
2015,2015-12-20,14 - Córdoba,FALANGE ESPAÑOLA DE LAS JONS - FE de las J,494,0,Ministerio del Interior / portal oficial de datos abiertos,PRIMARY_OFFICIAL
2015,2015-12-20,14 - Córdoba,FORO DEMÓCRATA - FDEE,0,0,Ministerio del Interior / portal oficial de datos abiertos,PRIMARY_OFFICIAL
2015,2015-12-20,14 - Córdoba,GEROA BAI - GBAI,0,0,Ministerio del Interior / portal oficial de datos abiertos,PRIMARY_OFFICIAL
2015,2015-12-20,14 - Córdoba,INDEPENDIENTES POR ARAGÓN - Independien,0,0,Ministerio del Interior / portal oficial de datos abiertos,PRIMARY_OFFICIAL
2015,2015-12-20,14 - Córdoba,INICIATIVA FEMINISTA - IFem,0,0,Ministerio del Interior / portal oficial de datos abiertos,PRIMARY_OFFICIAL
2015,2015-12-20,14 - Córdoba,"JUSTIZIA SOCIAL, PARTICIPACIÓN CIUDADANA - JS,PC",0,0,Ministerio del Interior / portal oficial de datos abiertos,PRIMARY_OFFICIAL
2015,2015-12-20,14 - Córdoba,"LIBERTAD NAVARRA, LIBERTATE NAFARRA (Ln) - Ln",0,0,Ministerio del Interior / portal oficial de datos abiertos,PRIMARY_OFFICIAL
2015,2015-12-20,14 - Córdoba,"LIBERTAD NAVARRA, LIBERTATE NAFARRA - Ln",0,0,Ministerio del Interior / portal oficial de datos abiertos,PRIMARY_OFFICIAL
2015,2015-12-20,14 - Córdoba,LIBERTAD NAVARRA-LIBERTATE NAFARRA - Ln,0,0,Ministerio del Interior / portal oficial de datos abiertos,PRIMARY_OFFICIAL
2015,2015-12-20,14 - Córdoba,LOS VERDES-ECOPACIFISTAS - CENTRO MODE,0,0,Ministerio del Interior / portal oficial de datos abiertos,PRIMARY_OFFICIAL
2015,2015-12-20,14 - Córdoba,MUERTE AL SISTEMA - +MAS+,0,0,Ministerio del Interior / portal oficial de datos abiertos,PRIMARY_OFFICIAL
2015,2015-12-20,14 - Córdoba,MÁLAGA POR SÍ - mlgXSÍ,0,0,Ministerio del Interior / portal oficial de datos abiertos,PRIMARY_OFFICIAL
2015,2015-12-20,14 - Córdoba,MÉS - MÉS,0,0,Ministerio del Interior / portal oficial de datos abiertos,PRIMARY_OFFICIAL
2015,2015-12-20,14 - Córdoba,NÓS-CANDIDATURA GALEGA (BNG-CG-FOGA-PCPG-PG) - NÓS,0,0,Ministerio del Interior / portal oficial de datos abiertos,PRIMARY_OFFICIAL
2015,2015-12-20,14 - Córdoba,ONGI ETORRI - OE,0,0,Ministerio del Interior / portal oficial de datos abiertos,PRIMARY_OFFICIAL
2015,2015-12-20,14 - Córdoba,PARTIDO ANIMALISTA CONTRA EL MALTRATO ANIMAL (PACM - PACMA,0,0,Ministerio del Interior / portal oficial de datos abiertos,PRIMARY_OFFICIAL
2015,2015-12-20,14 - Córdoba,PARTIDO ANIMALISTA CONTRA EL MALTRATO ANIMAL - PACMA,3529,0,Ministerio del Interior / portal oficial de datos abiertos,PRIMARY_OFFICIAL
2015,2015-12-20,14 - Córdoba,PARTIDO ANIMALISTA CONTRA O MALTRATO ANIMAL - PACMA,0,0,Ministerio del Interior / portal oficial de datos abiertos,PRIMARY_OFFICIAL
2015,2015-12-20,14 - Córdoba,PARTIDO ANIMALISTA-CONTRA EL MALTRATO ANIMAL - PACMA,0,0,Ministerio del Interior / portal oficial de datos abiertos,PRIMARY_OFFICIAL
2015,2015-12-20,14 - Córdoba,PARTIDO COMUNISTA DE LOS PUEBLOS DE ESPAÑA - PCPE,876,0,Ministerio del Interior / portal oficial de datos abiertos,PRIMARY_OFFICIAL
2015,2015-12-20,14 - Córdoba,PARTIDO COMUNISTA DEL PUEBLO CANARIO - PCPC,0,0,Ministerio del Interior / portal oficial de datos abiertos,PRIMARY_OFFICIAL
2015,2015-12-20,14 - Córdoba,PARTIDO COMUNISTA OBRERO ESPAÑOL - PCOE,813,0,Ministerio del Interior / portal oficial de datos abiertos,PRIMARY_OFFICIAL
2015,2015-12-20,14 - Córdoba,PARTIDO DA TERRA - PT,0,0,Ministerio del Interior / portal oficial de datos abiertos,PRIMARY_OFFICIAL
2015,2015-12-20,14 - Córdoba,PARTIDO DOS SOCIALISTAS DE GALICIA-PSOE - PSdeG-PSOE,0,0,Ministerio del Interior / portal oficial de datos abiertos,PRIMARY_OFFICIAL
2015,2015-12-20,14 - Córdoba,PARTIDO FAMILIA Y VIDA - PFyV,0,0,Ministerio del Interior / portal oficial de datos abiertos,PRIMARY_OFFICIAL
2015,2015-12-20,14 - Córdoba,PARTIDO HUMANISTA - PH,0,0,Ministerio del Interior / portal oficial de datos abiertos,PRIMARY_OFFICIAL
2015,2015-12-20,14 - Córdoba,PARTIDO LIBERAL DE DERECHAS - PLD,0,0,Ministerio del Interior / portal oficial de datos abiertos,PRIMARY_OFFICIAL
2015,2015-12-20,14 - Córdoba,PARTIDO LIBERTARIO - P-LIB,0,0,Ministerio del Interior / portal oficial de datos abiertos,PRIMARY_OFFICIAL
2015,2015-12-20,14 - Córdoba,PARTIDO POPULAR (PP) - PP,0,0,Ministerio del Interior / portal oficial de datos abiertos,PRIMARY_OFFICIAL
2015,2015-12-20,14 - Córdoba,PARTIDO POPULAR - PP,142101,2,Ministerio del Interior / portal oficial de datos abiertos,PRIMARY_OFFICIAL
2015,2015-12-20,14 - Córdoba,PARTIDO POPULAR EN COALICIÓN CON EL PARTIDO ARAGON - PP-PAR,0,0,Ministerio del Interior / portal oficial de datos abiertos,PRIMARY_OFFICIAL
2015,2015-12-20,14 - Córdoba,PARTIDO POPULAR-FORO - PP-FORO,0,0,Ministerio del Interior / portal oficial de datos abiertos,PRIMARY_OFFICIAL
2015,2015-12-20,14 - Córdoba,PARTIDO POPULAR/PARTIT POPULAR - PP,0,0,Ministerio del Interior / portal oficial de datos abiertos,PRIMARY_OFFICIAL
2015,2015-12-20,14 - Córdoba,PARTIDO REGIONALISTA DEL PAÍS LEONÉS - PREPAL,0,0,Ministerio del Interior / portal oficial de datos abiertos,PRIMARY_OFFICIAL
2015,2015-12-20,14 - Córdoba,PARTIDO SOCIALISTA DE EUSKADI-EUSKADIKO EZKERRA (P - PSE-EE,0,0,Ministerio del Interior / portal oficial de datos abiertos,PRIMARY_OFFICIAL
2015,2015-12-20,14 - Córdoba,PARTIDO SOCIALISTA DE EUSKADI-EUSKADIKO EZKERRA (P - PSE-EE (PSO,0,0,Ministerio del Interior / portal oficial de datos abiertos,PRIMARY_OFFICIAL
2015,2015-12-20,14 - Córdoba,PARTIDO SOCIALISTA OBRERO ESPAÑOL - PSOE,149851,2,Ministerio del Interior / portal oficial de datos abiertos,PRIMARY_OFFICIAL
2015,2015-12-20,14 - Córdoba,PARTIDO SOCIALISTA OBRERO ESPAÑOL-NUEVA CANARIAS - PSOE-NCa,0,0,Ministerio del Interior / portal oficial de datos abiertos,PRIMARY_OFFICIAL
2015,2015-12-20,14 - Córdoba,PARTIT ANIMALISTA CONTRA EL MALTRACTAMENT ANIMAL - PACMA,0,0,Ministerio del Interior / portal oficial de datos abiertos,PRIMARY_OFFICIAL
2015,2015-12-20,14 - Córdoba,PARTIT COMUNISTA DEL POBLE DE CATALUNYA - PCPC,0,0,Ministerio del Interior / portal oficial de datos abiertos,PRIMARY_OFFICIAL
2015,2015-12-20,14 - Córdoba,PARTIT COMUNISTA DELS POBLES D’ESPANYA - PCPE,0,0,Ministerio del Interior / portal oficial de datos abiertos,PRIMARY_OFFICIAL
2015,2015-12-20,14 - Córdoba,PARTIT DELS SOCIALISTES DE CATALUNYA (PSC-PSOE) - PSC,0,0,Ministerio del Interior / portal oficial de datos abiertos,PRIMARY_OFFICIAL
2015,2015-12-20,14 - Córdoba,PARTIT DELS SOCIALISTES DE CATALUNYA - PSC-PSOE,0,0,Ministerio del Interior / portal oficial de datos abiertos,PRIMARY_OFFICIAL
2015,2015-12-20,14 - Córdoba,PODEMOS - PODEMOS,68740,1,Ministerio del Interior / portal oficial de datos abiertos,PRIMARY_OFFICIAL
2015,2015-12-20,14 - Córdoba,PODEMOS-AHAL DUGU - PODEMOS-AHA,0,0,Ministerio del Interior / portal oficial de datos abiertos,PRIMARY_OFFICIAL
2015,2015-12-20,14 - Córdoba,PODEMOS-Ahora Alto Aragón en Común - PODEMOS-Aho,0,0,Ministerio del Interior / portal oficial de datos abiertos,PRIMARY_OFFICIAL
2015,2015-12-20,14 - Córdoba,PODEMOS/AHAL DUGU - PODEMOS-AHA,0,0,Ministerio del Interior / portal oficial de datos abiertos,PRIMARY_OFFICIAL
2015,2015-12-20,14 - Córdoba,POR UN MUNDO MÁS JUSTO - PUM+J,0,0,Ministerio del Interior / portal oficial de datos abiertos,PRIMARY_OFFICIAL
2015,2015-12-20,14 - Córdoba,RECORTES CERO-GRUPO VERDE - RECORTES CE,605,0,Ministerio del Interior / portal oficial de datos abiertos,PRIMARY_OFFICIAL
2015,2015-12-20,14 - Córdoba,SOLIDARIDAD Y AUTOGESTIÓN INTERNACIONALISTA - SAIn,0,0,Ministerio del Interior / portal oficial de datos abiertos,PRIMARY_OFFICIAL
2015,2015-12-20,14 - Córdoba,SOLUCIONA - SOLUCIONA,0,0,Ministerio del Interior / portal oficial de datos abiertos,PRIMARY_OFFICIAL
2015,2015-12-20,14 - Córdoba,SOM VALENCIANS - SOMVAL,0,0,Ministerio del Interior / portal oficial de datos abiertos,PRIMARY_OFFICIAL
2015,2015-12-20,14 - Córdoba,"UNIDAD POPULAR EN ARAGÓN: IZQUIERDA UNIDA, CHUNTA - IU-CHA-UPeC",0,0,Ministerio del Interior / portal oficial de datos abiertos,PRIMARY_OFFICIAL
2015,2015-12-20,14 - Córdoba,UNIDAD POPULAR- ORAIN BATERA:EZKER ANITZA-IZQUIERD - IU-UPeC,0,0,Ministerio del Interior / portal oficial de datos abiertos,PRIMARY_OFFICIAL
2015,2015-12-20,14 - Córdoba,UNIDAD POPULAR-IZQUIERDA UNIDA - UNIDAD POPU,0,0,Ministerio del Interior / portal oficial de datos abiertos,PRIMARY_OFFICIAL
2015,2015-12-20,14 - Córdoba,UNIDAD POPULAR-ORAIN BATERA:EZKER ANITZA-IZQUIERDA - IU-UPeC,0,0,Ministerio del Interior / portal oficial de datos abiertos,PRIMARY_OFFICIAL
2015,2015-12-20,14 - Córdoba,UNIDAD POPULAR-ORAIN BATERA:EZKER ANITZA-IZQUIERDA - IU-UpeC,0,0,Ministerio del Interior / portal oficial de datos abiertos,PRIMARY_OFFICIAL
2015,2015-12-20,14 - Córdoba,"UNIDAD POPULAR-ORAIN BATERA:IZQUIERDA UNIDA, BATZA - IU-B-UPeC",0,0,Ministerio del Interior / portal oficial de datos abiertos,PRIMARY_OFFICIAL
2015,2015-12-20,14 - Córdoba,"UNIDAD POPULAR: IZQUIERDA UNIDA CANARIA, UNIDAD PO - IUC-UPeC",0,0,Ministerio del Interior / portal oficial de datos abiertos,PRIMARY_OFFICIAL
2015,2015-12-20,14 - Córdoba,UNIDAD POPULAR: IZQUIERDA UNIDA LOS VERDES - CONVO - UP: IULV-CA,0,0,Ministerio del Interior / portal oficial de datos abiertos,PRIMARY_OFFICIAL
2015,2015-12-20,14 - Córdoba,"UNIDAD POPULAR: IZQUIERDA UNIDA LOS VERDES-CONVOCA - IULV-CA, UP",37650,0,Ministerio del Interior / portal oficial de datos abiertos,PRIMARY_OFFICIAL
2015,2015-12-20,14 - Córdoba,"UNIDAD POPULAR: IZQUIERDA UNIDA LOS VERDES-CONVOCA - IULV-CA,UPe",0,0,Ministerio del Interior / portal oficial de datos abiertos,PRIMARY_OFFICIAL
2015,2015-12-20,14 - Córdoba,"UNIDAD POPULAR: IZQUIERDA UNIDA, UNIDAD POPULAR EN - IU-UPeC",0,0,Ministerio del Interior / portal oficial de datos abiertos,PRIMARY_OFFICIAL
2015,2015-12-20,14 - Córdoba,"UNIDAD POPULAR: IZQUIERDA UNIDA, UNIDAD POPULAR EN - IU-UPeC-IAS",0,0,Ministerio del Interior / portal oficial de datos abiertos,PRIMARY_OFFICIAL
2015,2015-12-20,14 - Córdoba,"UNIDAD POPULAR: IZQUIERDA UNIDA, UNIDAD POPULAR EN - UP-UPeC",0,0,Ministerio del Interior / portal oficial de datos abiertos,PRIMARY_OFFICIAL
2015,2015-12-20,14 - Córdoba,"UNIDAD POPULAR: IZQUIERDA UNIDA, UNIDAD POPULAR EN - UPeC-IU-IZC",0,0,Ministerio del Interior / portal oficial de datos abiertos,PRIMARY_OFFICIAL
2015,2015-12-20,14 - Córdoba,UNIDAD POPULAR: IZQUIERDA UNIDA-UNIDAD POPULAR EN - IU-UPeC,0,0,Ministerio del Interior / portal oficial de datos abiertos,PRIMARY_OFFICIAL
2015,2015-12-20,14 - Córdoba,UNIDAD POPULAR: IZQUIERDA UNIDA. UNIDAD POPULAR EN - IU-UPeC,0,0,Ministerio del Interior / portal oficial de datos abiertos,PRIMARY_OFFICIAL
2015,2015-12-20,14 - Córdoba,"UNIDAD POPULAR: UNIDAD POPULAR EN COMÚN, IZQUIERDA - UPeC-IU",0,0,Ministerio del Interior / portal oficial de datos abiertos,PRIMARY_OFFICIAL
2015,2015-12-20,14 - Córdoba,"UNITAT POPULAR BALEARS: IZQUIERDA UNIDA, UNIDAD PO - UPB: IU-UPe",0,0,Ministerio del Interior / portal oficial de datos abiertos,PRIMARY_OFFICIAL
2015,2015-12-20,14 - Córdoba,"UNITAT POPULAR: ESQUERRA UNIDA DEL PAÍS VALENCIÀ, - EUPV-UPeC",0,0,Ministerio del Interior / portal oficial de datos abiertos,PRIMARY_OFFICIAL
2015,2015-12-20,14 - Córdoba,"UNITAT POPULAR:ESQUERRA UNIDA DEL PAÍS VALENCIÀ, U - EUPV-UPeC",0,0,Ministerio del Interior / portal oficial de datos abiertos,PRIMARY_OFFICIAL
2015,2015-12-20,14 - Córdoba,UNIÓ DEMOCRÀTICA DE CATALUNYA - Unio.Cat,0,0,Ministerio del Interior / portal oficial de datos abiertos,PRIMARY_OFFICIAL
2015,2015-12-20,14 - Córdoba,UNIÓ DEMOCRÀTICA DE CATALUNYA - unio.cat,0,0,Ministerio del Interior / portal oficial de datos abiertos,PRIMARY_OFFICIAL
2015,2015-12-20,14 - Córdoba,UNIÓN DEL PUEBLO NAVARRO EN COALICIÓN CON EL PARTI - UPN-PP,0,0,Ministerio del Interior / portal oficial de datos abiertos,PRIMARY_OFFICIAL
2015,2015-12-20,14 - Córdoba,UNIÓN PROGRESO Y DEMOCRACIA (UPYD) - UPYD,0,0,Ministerio del Interior / portal oficial de datos abiertos,PRIMARY_OFFICIAL
2015,2015-12-20,14 - Córdoba,UNIÓN PROGRESO Y DEMOCRACIA - UPYD,2069,0,Ministerio del Interior / portal oficial de datos abiertos,PRIMARY_OFFICIAL
2015,2015-12-20,14 - Córdoba,VOX - VOX,0,0,Ministerio del Interior / portal oficial de datos abiertos,PRIMARY_OFFICIAL
2015,2015-12-20,14 - Córdoba,X A ESQUERDA - X ESQ,0,0,Ministerio del Interior / portal oficial de datos abiertos,PRIMARY_OFFICIAL
2015,2015-12-20,14 - Córdoba,X LA IZQUIERDA-LOS VERDES - X LA IZQUIE,0,0,Ministerio del Interior / portal oficial de datos abiertos,PRIMARY_OFFICIAL
2015,2015-12-20,15 - A Coruña,"""EN COMÚ PODEM"" - EN COMÚ",0,0,Ministerio del Interior / portal oficial de datos abiertos,PRIMARY_OFFICIAL
2015,2015-12-20,15 - A Coruña,ANDALUCES DE JAÉN UNIDOS - AJU,0,0,Ministerio del Interior / portal oficial de datos abiertos,PRIMARY_OFFICIAL
2015,2015-12-20,15 - A Coruña,"ARA, PAÍS VALENCIÀ - ARA, PV",0,0,Ministerio del Interior / portal oficial de datos abiertos,PRIMARY_OFFICIAL
2015,2015-12-20,15 - A Coruña,"ARA, PAÍS VALENCIÀ - ARAPV",0,0,Ministerio del Interior / portal oficial de datos abiertos,PRIMARY_OFFICIAL
2015,2015-12-20,15 - A Coruña,AVANT VALENCIANS - AVANT,0,0,Ministerio del Interior / portal oficial de datos abiertos,PRIMARY_OFFICIAL
2015,2015-12-20,15 - A Coruña,BIDEZKO MUNDURANTZ/POR UN MUNDO MÁS JUSTO - PUM+J,0,0,Ministerio del Interior / portal oficial de datos abiertos,PRIMARY_OFFICIAL
2015,2015-12-20,15 - A Coruña,"CANARIAS DECIDE: LOS VERDES, UNIDAD DEL PUEBLO Y A - CANARIAS DE",0,0,Ministerio del Interior / portal oficial de datos abiertos,PRIMARY_OFFICIAL
2015,2015-12-20,15 - A Coruña,CIUDADANOS DE CENTRO DEMOCRÁTICO - CCD,0,0,Ministerio del Interior / portal oficial de datos abiertos,PRIMARY_OFFICIAL
2015,2015-12-20,15 - A Coruña,CIUDADANOS LIBRES UNIDOS - CILUS,0,0,Ministerio del Interior / portal oficial de datos abiertos,PRIMARY_OFFICIAL
2015,2015-12-20,15 - A Coruña,CIUDADANOS PARTIDO DE LA CIUDADANÍA - C's,0,0,Ministerio del Interior / portal oficial de datos abiertos,PRIMARY_OFFICIAL
2015,2015-12-20,15 - A Coruña,CIUDADANOS PARTIDO DE LA CIUDADANÍA - C´s,0,0,Ministerio del Interior / portal oficial de datos abiertos,PRIMARY_OFFICIAL
2015,2015-12-20,15 - A Coruña,CIUDADANOS RURALES AGRUPADOS - CRA,0,0,Ministerio del Interior / portal oficial de datos abiertos,PRIMARY_OFFICIAL
2015,2015-12-20,15 - A Coruña,"CIUDADANOS, PARTIDO DE LA CIUDADANÍA - C's",0,0,Ministerio del Interior / portal oficial de datos abiertos,PRIMARY_OFFICIAL
2015,2015-12-20,15 - A Coruña,"CIUDADANOS, PARTIDO DE LA CIUDADANÍA - C´s",0,0,Ministerio del Interior / portal oficial de datos abiertos,PRIMARY_OFFICIAL
2015,2015-12-20,15 - A Coruña,CIUDADANOS-PARTIDO DE LA CIUDADANÍA (C's) - C's,0,0,Ministerio del Interior / portal oficial de datos abiertos,PRIMARY_OFFICIAL
2015,2015-12-20,15 - A Coruña,CIUDADANOS-PARTIDO DE LA CIUDADANÍA - C's,66784,1,Ministerio del Interior / portal oficial de datos abiertos,PRIMARY_OFFICIAL
2015,2015-12-20,15 - A Coruña,CIUDADANOS-PARTIDO DE LA CIUDADANÍA - C´s,0,0,Ministerio del Interior / portal oficial de datos abiertos,PRIMARY_OFFICIAL
2015,2015-12-20,15 - A Coruña,CIUTADANS - PARTIDO DE LA CIUDADANÍA - C's,0,0,Ministerio del Interior / portal oficial de datos abiertos,PRIMARY_OFFICIAL
2015,2015-12-20,15 - A Coruña,CIUTADANS-PARTIDO DE LA CIUDADANÍA - C's,0,0,Ministerio del Interior / portal oficial de datos abiertos,PRIMARY_OFFICIAL
2015,2015-12-20,15 - A Coruña,COALICIÓN CANARIA - PARTIDO NACIONALISTA CANARIO - CCa-PNC,0,0,Ministerio del Interior / portal oficial de datos abiertos,PRIMARY_OFFICIAL
2015,2015-12-20,15 - A Coruña,COALICIÓN CANARIA-PARTIDO NACIONALISTA CANARIO - CCa-PNC,0,0,Ministerio del Interior / portal oficial de datos abiertos,PRIMARY_OFFICIAL
2015,2015-12-20,15 - A Coruña,COMPROMÍS-PODEMOS-ÉS EL MOMENT - PODEMOS - C,0,0,Ministerio del Interior / portal oficial de datos abiertos,PRIMARY_OFFICIAL
2015,2015-12-20,15 - A Coruña,COMPROMÍS-PODEMOS-ÉS EL MOMENT - PODEMOS-COM,0,0,Ministerio del Interior / portal oficial de datos abiertos,PRIMARY_OFFICIAL
2015,2015-12-20,15 - A Coruña,COMUNISTAS DA GALIZA - PCPE,1447,0,Ministerio del Interior / portal oficial de datos abiertos,PRIMARY_OFFICIAL
2015,2015-12-20,15 - A Coruña,COMUNISTAS DA GALIZA-PCPE - PCPE,0,0,Ministerio del Interior / portal oficial de datos abiertos,PRIMARY_OFFICIAL
2015,2015-12-20,15 - A Coruña,DEMOCRACIA NACIONAL - DN,0,0,Ministerio del Interior / portal oficial de datos abiertos,PRIMARY_OFFICIAL
2015,2015-12-20,15 - A Coruña,DEMOCRÀCIA I LLIBERTAT. CONVERGÈNCIA. DEMÒCRATES. - DL,0,0,Ministerio del Interior / portal oficial de datos abiertos,PRIMARY_OFFICIAL
2015,2015-12-20,15 - A Coruña,EL PI - PROPOSTA PER LES ILLES - EL PI,0,0,Ministerio del Interior / portal oficial de datos abiertos,PRIMARY_OFFICIAL
2015,2015-12-20,15 - A Coruña,EN COMÚ PODEM - EN COMÚ,0,0,Ministerio del Interior / portal oficial de datos abiertos,PRIMARY_OFFICIAL
2015,2015-12-20,15 - A Coruña,EN MAREA - PODEMOS-EN,0,0,Ministerio del Interior / portal oficial de datos abiertos,PRIMARY_OFFICIAL
2015,2015-12-20,15 - A Coruña,EN MAREA - PODEMOS-En,177581,2,Ministerio del Interior / portal oficial de datos abiertos,PRIMARY_OFFICIAL
2015,2015-12-20,15 - A Coruña,EN POSITIU - EN POSITIU,0,0,Ministerio del Interior / portal oficial de datos abiertos,PRIMARY_OFFICIAL
2015,2015-12-20,15 - A Coruña,ESCAÑOS EN BLANCO - AULKI ZURIAK - EB - AZ,0,0,Ministerio del Interior / portal oficial de datos abiertos,PRIMARY_OFFICIAL
2015,2015-12-20,15 - A Coruña,ESCAÑOS EN BLANCO - EB,0,0,Ministerio del Interior / portal oficial de datos abiertos,PRIMARY_OFFICIAL
2015,2015-12-20,15 - A Coruña,ESCAÑOS EN BLANCO-AULKI ZURIAK - EB-AZ,0,0,Ministerio del Interior / portal oficial de datos abiertos,PRIMARY_OFFICIAL
2015,2015-12-20,15 - A Coruña,ESCONS EN BLANC/ESCAÑOS EN BLANCO - EB,0,0,Ministerio del Interior / portal oficial de datos abiertos,PRIMARY_OFFICIAL
2015,2015-12-20,15 - A Coruña,ESQUERRA REPUBLICANA DE CATALUNYA-CATALUNYA SÍ - ERC-CATSI,0,0,Ministerio del Interior / portal oficial de datos abiertos,PRIMARY_OFFICIAL
2015,2015-12-20,15 - A Coruña,ESQUERRA REPUBLICANA DE CATALUNYA-CATALUNYA SÍ - ERC-CATSÍ,0,0,Ministerio del Interior / portal oficial de datos abiertos,PRIMARY_OFFICIAL
2015,2015-12-20,15 - A Coruña,EUSKAL HERRIA BILDU (EH Bildu) - EH Bildu,0,0,Ministerio del Interior / portal oficial de datos abiertos,PRIMARY_OFFICIAL
2015,2015-12-20,15 - A Coruña,EUSKAL HERRIA BILDU - EH Bildu,0,0,Ministerio del Interior / portal oficial de datos abiertos,PRIMARY_OFFICIAL
2015,2015-12-20,15 - A Coruña,EUZKO ALDERDI JELTZALEA-PARTIDO NACIONALISTA VASCO - EAJ-PNV,0,0,Ministerio del Interior / portal oficial de datos abiertos,PRIMARY_OFFICIAL
2015,2015-12-20,15 - A Coruña,EXTREMADURA UNIDA-EXTREMEÑOS - EU-eX,0,0,Ministerio del Interior / portal oficial de datos abiertos,PRIMARY_OFFICIAL
2015,2015-12-20,15 - A Coruña,EZKERRA-X LA IZQUIERDA - EZKERRA,0,0,Ministerio del Interior / portal oficial de datos abiertos,PRIMARY_OFFICIAL
2015,2015-12-20,15 - A Coruña,FALANGE ESPAÑOLA DE LAS JONS - FE de las J,0,0,Ministerio del Interior / portal oficial de datos abiertos,PRIMARY_OFFICIAL
2015,2015-12-20,15 - A Coruña,FORO DEMÓCRATA - FDEE,0,0,Ministerio del Interior / portal oficial de datos abiertos,PRIMARY_OFFICIAL
2015,2015-12-20,15 - A Coruña,GEROA BAI - GBAI,0,0,Ministerio del Interior / portal oficial de datos abiertos,PRIMARY_OFFICIAL
2015,2015-12-20,15 - A Coruña,INDEPENDIENTES POR ARAGÓN - Independien,0,0,Ministerio del Interior / portal oficial de datos abiertos,PRIMARY_OFFICIAL
2015,2015-12-20,15 - A Coruña,INICIATIVA FEMINISTA - IFem,0,0,Ministerio del Interior / portal oficial de datos abiertos,PRIMARY_OFFICIAL
2015,2015-12-20,15 - A Coruña,"JUSTIZIA SOCIAL, PARTICIPACIÓN CIUDADANA - JS,PC",0,0,Ministerio del Interior / portal oficial de datos abiertos,PRIMARY_OFFICIAL
2015,2015-12-20,15 - A Coruña,"LIBERTAD NAVARRA, LIBERTATE NAFARRA (Ln) - Ln",0,0,Ministerio del Interior / portal oficial de datos abiertos,PRIMARY_OFFICIAL
2015,2015-12-20,15 - A Coruña,"LIBERTAD NAVARRA, LIBERTATE NAFARRA - Ln",0,0,Ministerio del Interior / portal oficial de datos abiertos,PRIMARY_OFFICIAL
2015,2015-12-20,15 - A Coruña,LIBERTAD NAVARRA-LIBERTATE NAFARRA - Ln,0,0,Ministerio del Interior / portal oficial de datos abiertos,PRIMARY_OFFICIAL
2015,2015-12-20,15 - A Coruña,LOS VERDES-ECOPACIFISTAS - CENTRO MODE,0,0,Ministerio del Interior / portal oficial de datos abiertos,PRIMARY_OFFICIAL
2015,2015-12-20,15 - A Coruña,MUERTE AL SISTEMA - +MAS+,0,0,Ministerio del Interior / portal oficial de datos abiertos,PRIMARY_OFFICIAL
2015,2015-12-20,15 - A Coruña,MÁLAGA POR SÍ - mlgXSÍ,0,0,Ministerio del Interior / portal oficial de datos abiertos,PRIMARY_OFFICIAL
2015,2015-12-20,15 - A Coruña,MÉS - MÉS,0,0,Ministerio del Interior / portal oficial de datos abiertos,PRIMARY_OFFICIAL
2015,2015-12-20,15 - A Coruña,NÓS-CANDIDATURA GALEGA (BNG-CG-FOGA-PCPG-PG) - NÓS,30618,0,Ministerio del Interior / portal oficial de datos abiertos,PRIMARY_OFFICIAL
2015,2015-12-20,15 - A Coruña,ONGI ETORRI - OE,0,0,Ministerio del Interior / portal oficial de datos abiertos,PRIMARY_OFFICIAL
2015,2015-12-20,15 - A Coruña,PARTIDO ANIMALISTA CONTRA EL MALTRATO ANIMAL (PACM - PACMA,0,0,Ministerio del Interior / portal oficial de datos abiertos,PRIMARY_OFFICIAL
2015,2015-12-20,15 - A Coruña,PARTIDO ANIMALISTA CONTRA EL MALTRATO ANIMAL - PACMA,0,0,Ministerio del Interior / portal oficial de datos abiertos,PRIMARY_OFFICIAL
2015,2015-12-20,15 - A Coruña,PARTIDO ANIMALISTA CONTRA O MALTRATO ANIMAL - PACMA,5169,0,Ministerio del Interior / portal oficial de datos abiertos,PRIMARY_OFFICIAL
2015,2015-12-20,15 - A Coruña,PARTIDO ANIMALISTA-CONTRA EL MALTRATO ANIMAL - PACMA,0,0,Ministerio del Interior / portal oficial de datos abiertos,PRIMARY_OFFICIAL
2015,2015-12-20,15 - A Coruña,PARTIDO COMUNISTA DE LOS PUEBLOS DE ESPAÑA - PCPE,0,0,Ministerio del Interior / portal oficial de datos abiertos,PRIMARY_OFFICIAL
2015,2015-12-20,15 - A Coruña,PARTIDO COMUNISTA DEL PUEBLO CANARIO - PCPC,0,0,Ministerio del Interior / portal oficial de datos abiertos,PRIMARY_OFFICIAL
2015,2015-12-20,15 - A Coruña,PARTIDO COMUNISTA OBRERO ESPAÑOL - PCOE,0,0,Ministerio del Interior / portal oficial de datos abiertos,PRIMARY_OFFICIAL
2015,2015-12-20,15 - A Coruña,PARTIDO DA TERRA - PT,1119,0,Ministerio del Interior / portal oficial de datos abiertos,PRIMARY_OFFICIAL
2015,2015-12-20,15 - A Coruña,PARTIDO DOS SOCIALISTAS DE GALICIA-PSOE - PSdeG-PSOE,137734,2,Ministerio del Interior / portal oficial de datos abiertos,PRIMARY_OFFICIAL
2015,2015-12-20,15 - A Coruña,PARTIDO FAMILIA Y VIDA - PFyV,0,0,Ministerio del Interior / portal oficial de datos abiertos,PRIMARY_OFFICIAL
2015,2015-12-20,15 - A Coruña,PARTIDO HUMANISTA - PH,0,0,Ministerio del Interior / portal oficial de datos abiertos,PRIMARY_OFFICIAL
2015,2015-12-20,15 - A Coruña,PARTIDO LIBERAL DE DERECHAS - PLD,0,0,Ministerio del Interior / portal oficial de datos abiertos,PRIMARY_OFFICIAL
2015,2015-12-20,15 - A Coruña,PARTIDO LIBERTARIO - P-LIB,0,0,Ministerio del Interior / portal oficial de datos abiertos,PRIMARY_OFFICIAL
2015,2015-12-20,15 - A Coruña,PARTIDO POPULAR (PP) - PP,0,0,Ministerio del Interior / portal oficial de datos abiertos,PRIMARY_OFFICIAL
2015,2015-12-20,15 - A Coruña,PARTIDO POPULAR - PP,239303,3,Ministerio del Interior / portal oficial de datos abiertos,PRIMARY_OFFICIAL
2015,2015-12-20,15 - A Coruña,PARTIDO POPULAR EN COALICIÓN CON EL PARTIDO ARAGON - PP-PAR,0,0,Ministerio del Interior / portal oficial de datos abiertos,PRIMARY_OFFICIAL
2015,2015-12-20,15 - A Coruña,PARTIDO POPULAR-FORO - PP-FORO,0,0,Ministerio del Interior / portal oficial de datos abiertos,PRIMARY_OFFICIAL
2015,2015-12-20,15 - A Coruña,PARTIDO POPULAR/PARTIT POPULAR - PP,0,0,Ministerio del Interior / portal oficial de datos abiertos,PRIMARY_OFFICIAL
2015,2015-12-20,15 - A Coruña,PARTIDO REGIONALISTA DEL PAÍS LEONÉS - PREPAL,0,0,Ministerio del Interior / portal oficial de datos abiertos,PRIMARY_OFFICIAL
2015,2015-12-20,15 - A Coruña,PARTIDO SOCIALISTA DE EUSKADI-EUSKADIKO EZKERRA (P - PSE-EE,0,0,Ministerio del Interior / portal oficial de datos abiertos,PRIMARY_OFFICIAL
2015,2015-12-20,15 - A Coruña,PARTIDO SOCIALISTA DE EUSKADI-EUSKADIKO EZKERRA (P - PSE-EE (PSO,0,0,Ministerio del Interior / portal oficial de datos abiertos,PRIMARY_OFFICIAL
2015,2015-12-20,15 - A Coruña,PARTIDO SOCIALISTA OBRERO ESPAÑOL - PSOE,0,0,Ministerio del Interior / portal oficial de datos abiertos,PRIMARY_OFFICIAL
2015,2015-12-20,15 - A Coruña,PARTIDO SOCIALISTA OBRERO ESPAÑOL-NUEVA CANARIAS - PSOE-NCa,0,0,Ministerio del Interior / portal oficial de datos abiertos,PRIMARY_OFFICIAL
2015,2015-12-20,15 - A Coruña,PARTIT ANIMALISTA CONTRA EL MALTRACTAMENT ANIMAL - PACMA,0,0,Ministerio del Interior / portal oficial de datos abiertos,PRIMARY_OFFICIAL
2015,2015-12-20,15 - A Coruña,PARTIT COMUNISTA DEL POBLE DE CATALUNYA - PCPC,0,0,Ministerio del Interior / portal oficial de datos abiertos,PRIMARY_OFFICIAL
2015,2015-12-20,15 - A Coruña,PARTIT COMUNISTA DELS POBLES D’ESPANYA - PCPE,0,0,Ministerio del Interior / portal oficial de datos abiertos,PRIMARY_OFFICIAL
2015,2015-12-20,15 - A Coruña,PARTIT DELS SOCIALISTES DE CATALUNYA (PSC-PSOE) - PSC,0,0,Ministerio del Interior / portal oficial de datos abiertos,PRIMARY_OFFICIAL
2015,2015-12-20,15 - A Coruña,PARTIT DELS SOCIALISTES DE CATALUNYA - PSC-PSOE,0,0,Ministerio del Interior / portal oficial de datos abiertos,PRIMARY_OFFICIAL
2015,2015-12-20,15 - A Coruña,PODEMOS - PODEMOS,0,0,Ministerio del Interior / portal oficial de datos abiertos,PRIMARY_OFFICIAL
2015,2015-12-20,15 - A Coruña,PODEMOS-AHAL DUGU - PODEMOS-AHA,0,0,Ministerio del Interior / portal oficial de datos abiertos,PRIMARY_OFFICIAL
2015,2015-12-20,15 - A Coruña,PODEMOS-Ahora Alto Aragón en Común - PODEMOS-Aho,0,0,Ministerio del Interior / portal oficial de datos abiertos,PRIMARY_OFFICIAL
2015,2015-12-20,15 - A Coruña,PODEMOS/AHAL DUGU - PODEMOS-AHA,0,0,Ministerio del Interior / portal oficial de datos abiertos,PRIMARY_OFFICIAL
2015,2015-12-20,15 - A Coruña,POR UN MUNDO MÁS JUSTO - PUM+J,0,0,Ministerio del Interior / portal oficial de datos abiertos,PRIMARY_OFFICIAL
2015,2015-12-20,15 - A Coruña,RECORTES CERO-GRUPO VERDE - RECORTES CE,1548,0,Ministerio del Interior / portal oficial de datos abiertos,PRIMARY_OFFICIAL
2015,2015-12-20,15 - A Coruña,SOLIDARIDAD Y AUTOGESTIÓN INTERNACIONALISTA - SAIn,429,0,Ministerio del Interior / portal oficial de datos abiertos,PRIMARY_OFFICIAL
2015,2015-12-20,15 - A Coruña,SOLUCIONA - SOLUCIONA,0,0,Ministerio del Interior / portal oficial de datos abiertos,PRIMARY_OFFICIAL
2015,2015-12-20,15 - A Coruña,SOM VALENCIANS - SOMVAL,0,0,Ministerio del Interior / portal oficial de datos abiertos,PRIMARY_OFFICIAL
2015,2015-12-20,15 - A Coruña,"UNIDAD POPULAR EN ARAGÓN: IZQUIERDA UNIDA, CHUNTA - IU-CHA-UPeC",0,0,Ministerio del Interior / portal oficial de datos abiertos,PRIMARY_OFFICIAL
2015,2015-12-20,15 - A Coruña,UNIDAD POPULAR- ORAIN BATERA:EZKER ANITZA-IZQUIERD - IU-UPeC,0,0,Ministerio del Interior / portal oficial de datos abiertos,PRIMARY_OFFICIAL
2015,2015-12-20,15 - A Coruña,UNIDAD POPULAR-IZQUIERDA UNIDA - UNIDAD POPU,0,0,Ministerio del Interior / portal oficial de datos abiertos,PRIMARY_OFFICIAL
2015,2015-12-20,15 - A Coruña,UNIDAD POPULAR-ORAIN BATERA:EZKER ANITZA-IZQUIERDA - IU-UPeC,0,0,Ministerio del Interior / portal oficial de datos abiertos,PRIMARY_OFFICIAL
2015,2015-12-20,15 - A Coruña,UNIDAD POPULAR-ORAIN BATERA:EZKER ANITZA-IZQUIERDA - IU-UpeC,0,0,Ministerio del Interior / portal oficial de datos abiertos,PRIMARY_OFFICIAL
2015,2015-12-20,15 - A Coruña,"UNIDAD POPULAR-ORAIN BATERA:IZQUIERDA UNIDA, BATZA - IU-B-UPeC",0,0,Ministerio del Interior / portal oficial de datos abiertos,PRIMARY_OFFICIAL
2015,2015-12-20,15 - A Coruña,"UNIDAD POPULAR: IZQUIERDA UNIDA CANARIA, UNIDAD PO - IUC-UPeC",0,0,Ministerio del Interior / portal oficial de datos abiertos,PRIMARY_OFFICIAL
2015,2015-12-20,15 - A Coruña,UNIDAD POPULAR: IZQUIERDA UNIDA LOS VERDES - CONVO - UP: IULV-CA,0,0,Ministerio del Interior / portal oficial de datos abiertos,PRIMARY_OFFICIAL
2015,2015-12-20,15 - A Coruña,"UNIDAD POPULAR: IZQUIERDA UNIDA LOS VERDES-CONVOCA - IULV-CA, UP",0,0,Ministerio del Interior / portal oficial de datos abiertos,PRIMARY_OFFICIAL
2015,2015-12-20,15 - A Coruña,"UNIDAD POPULAR: IZQUIERDA UNIDA LOS VERDES-CONVOCA - IULV-CA,UPe",0,0,Ministerio del Interior / portal oficial de datos abiertos,PRIMARY_OFFICIAL
2015,2015-12-20,15 - A Coruña,"UNIDAD POPULAR: IZQUIERDA UNIDA, UNIDAD POPULAR EN - IU-UPeC",0,0,Ministerio del Interior / portal oficial de datos abiertos,PRIMARY_OFFICIAL
2015,2015-12-20,15 - A Coruña,"UNIDAD POPULAR: IZQUIERDA UNIDA, UNIDAD POPULAR EN - IU-UPeC-IAS",0,0,Ministerio del Interior / portal oficial de datos abiertos,PRIMARY_OFFICIAL
2015,2015-12-20,15 - A Coruña,"UNIDAD POPULAR: IZQUIERDA UNIDA, UNIDAD POPULAR EN - UP-UPeC",0,0,Ministerio del Interior / portal oficial de datos abiertos,PRIMARY_OFFICIAL
2015,2015-12-20,15 - A Coruña,"UNIDAD POPULAR: IZQUIERDA UNIDA, UNIDAD POPULAR EN - UPeC-IU-IZC",0,0,Ministerio del Interior / portal oficial de datos abiertos,PRIMARY_OFFICIAL
2015,2015-12-20,15 - A Coruña,UNIDAD POPULAR: IZQUIERDA UNIDA-UNIDAD POPULAR EN - IU-UPeC,0,0,Ministerio del Interior / portal oficial de datos abiertos,PRIMARY_OFFICIAL
2015,2015-12-20,15 - A Coruña,UNIDAD POPULAR: IZQUIERDA UNIDA. UNIDAD POPULAR EN - IU-UPeC,0,0,Ministerio del Interior / portal oficial de datos abiertos,PRIMARY_OFFICIAL
2015,2015-12-20,15 - A Coruña,"UNIDAD POPULAR: UNIDAD POPULAR EN COMÚN, IZQUIERDA - UPeC-IU",0,0,Ministerio del Interior / portal oficial de datos abiertos,PRIMARY_OFFICIAL
2015,2015-12-20,15 - A Coruña,"UNITAT POPULAR BALEARS: IZQUIERDA UNIDA, UNIDAD PO - UPB: IU-UPe",0,0,Ministerio del Interior / portal oficial de datos abiertos,PRIMARY_OFFICIAL
2015,2015-12-20,15 - A Coruña,"UNITAT POPULAR: ESQUERRA UNIDA DEL PAÍS VALENCIÀ, - EUPV-UPeC",0,0,Ministerio del Interior / portal oficial de datos abiertos,PRIMARY_OFFICIAL
2015,2015-12-20,15 - A Coruña,"UNITAT POPULAR:ESQUERRA UNIDA DEL PAÍS VALENCIÀ, U - EUPV-UPeC",0,0,Ministerio del Interior / portal oficial de datos abiertos,PRIMARY_OFFICIAL
2015,2015-12-20,15 - A Coruña,UNIÓ DEMOCRÀTICA DE CATALUNYA - Unio.Cat,0,0,Ministerio del Interior / portal oficial de datos abiertos,PRIMARY_OFFICIAL
2015,2015-12-20,15 - A Coruña,UNIÓ DEMOCRÀTICA DE CATALUNYA - unio.cat,0,0,Ministerio del Interior / portal oficial de datos abiertos,PRIMARY_OFFICIAL
2015,2015-12-20,15 - A Coruña,UNIÓN DEL PUEBLO NAVARRO EN COALICIÓN CON EL PARTI - UPN-PP,0,0,Ministerio del Interior / portal oficial de datos abiertos,PRIMARY_OFFICIAL
2015,2015-12-20,15 - A Coruña,UNIÓN PROGRESO Y DEMOCRACIA (UPYD) - UPYD,0,0,Ministerio del Interior / portal oficial de datos abiertos,PRIMARY_OFFICIAL
2015,2015-12-20,15 - A Coruña,UNIÓN PROGRESO Y DEMOCRACIA - UPYD,3531,0,Ministerio del Interior / portal oficial de datos abiertos,PRIMARY_OFFICIAL
2015,2015-12-20,15 - A Coruña,VOX - VOX,1246,0,Ministerio del Interior / portal oficial de datos abiertos,PRIMARY_OFFICIAL
2015,2015-12-20,15 - A Coruña,X A ESQUERDA - X ESQ,0,0,Ministerio del Interior / portal oficial de datos abiertos,PRIMARY_OFFICIAL
2015,2015-12-20,15 - A Coruña,X LA IZQUIERDA-LOS VERDES - X LA IZQUIE,0,0,Ministerio del Interior / portal oficial de datos abiertos,PRIMARY_OFFICIAL
2015,2015-12-20,16 - Cuenca,"""EN COMÚ PODEM"" - EN COMÚ",0,0,Ministerio del Interior / portal oficial de datos abiertos,PRIMARY_OFFICIAL
2015,2015-12-20,16 - Cuenca,ANDALUCES DE JAÉN UNIDOS - AJU,0,0,Ministerio del Interior / portal oficial de datos abiertos,PRIMARY_OFFICIAL
2015,2015-12-20,16 - Cuenca,"ARA, PAÍS VALENCIÀ - ARA, PV",0,0,Ministerio del Interior / portal oficial de datos abiertos,PRIMARY_OFFICIAL
2015,2015-12-20,16 - Cuenca,"ARA, PAÍS VALENCIÀ - ARAPV",0,0,Ministerio del Interior / portal oficial de datos abiertos,PRIMARY_OFFICIAL
2015,2015-12-20,16 - Cuenca,AVANT VALENCIANS - AVANT,0,0,Ministerio del Interior / portal oficial de datos abiertos,PRIMARY_OFFICIAL
2015,2015-12-20,16 - Cuenca,BIDEZKO MUNDURANTZ/POR UN MUNDO MÁS JUSTO - PUM+J,0,0,Ministerio del Interior / portal oficial de datos abiertos,PRIMARY_OFFICIAL
2015,2015-12-20,16 - Cuenca,"CANARIAS DECIDE: LOS VERDES, UNIDAD DEL PUEBLO Y A - CANARIAS DE",0,0,Ministerio del Interior / portal oficial de datos abiertos,PRIMARY_OFFICIAL
2015,2015-12-20,16 - Cuenca,CIUDADANOS DE CENTRO DEMOCRÁTICO - CCD,0,0,Ministerio del Interior / portal oficial de datos abiertos,PRIMARY_OFFICIAL
2015,2015-12-20,16 - Cuenca,CIUDADANOS LIBRES UNIDOS - CILUS,0,0,Ministerio del Interior / portal oficial de datos abiertos,PRIMARY_OFFICIAL
2015,2015-12-20,16 - Cuenca,CIUDADANOS PARTIDO DE LA CIUDADANÍA - C's,0,0,Ministerio del Interior / portal oficial de datos abiertos,PRIMARY_OFFICIAL
2015,2015-12-20,16 - Cuenca,CIUDADANOS PARTIDO DE LA CIUDADANÍA - C´s,0,0,Ministerio del Interior / portal oficial de datos abiertos,PRIMARY_OFFICIAL
2015,2015-12-20,16 - Cuenca,CIUDADANOS RURALES AGRUPADOS - CRA,0,0,Ministerio del Interior / portal oficial de datos abiertos,PRIMARY_OFFICIAL
2015,2015-12-20,16 - Cuenca,"CIUDADANOS, PARTIDO DE LA CIUDADANÍA - C's",0,0,Ministerio del Interior / portal oficial de datos abiertos,PRIMARY_OFFICIAL
2015,2015-12-20,16 - Cuenca,"CIUDADANOS, PARTIDO DE LA CIUDADANÍA - C´s",0,0,Ministerio del Interior / portal oficial de datos abiertos,PRIMARY_OFFICIAL
2015,2015-12-20,16 - Cuenca,CIUDADANOS-PARTIDO DE LA CIUDADANÍA (C's) - C's,0,0,Ministerio del Interior / portal oficial de datos abiertos,PRIMARY_OFFICIAL
2015,2015-12-20,16 - Cuenca,CIUDADANOS-PARTIDO DE LA CIUDADANÍA - C's,13049,0,Ministerio del Interior / portal oficial de datos abiertos,PRIMARY_OFFICIAL
2015,2015-12-20,16 - Cuenca,CIUDADANOS-PARTIDO DE LA CIUDADANÍA - C´s,0,0,Ministerio del Interior / portal oficial de datos abiertos,PRIMARY_OFFICIAL
2015,2015-12-20,16 - Cuenca,CIUTADANS - PARTIDO DE LA CIUDADANÍA - C's,0,0,Ministerio del Interior / portal oficial de datos abiertos,PRIMARY_OFFICIAL
2015,2015-12-20,16 - Cuenca,CIUTADANS-PARTIDO DE LA CIUDADANÍA - C's,0,0,Ministerio del Interior / portal oficial de datos abiertos,PRIMARY_OFFICIAL
2015,2015-12-20,16 - Cuenca,COALICIÓN CANARIA - PARTIDO NACIONALISTA CANARIO - CCa-PNC,0,0,Ministerio del Interior / portal oficial de datos abiertos,PRIMARY_OFFICIAL
2015,2015-12-20,16 - Cuenca,COALICIÓN CANARIA-PARTIDO NACIONALISTA CANARIO - CCa-PNC,0,0,Ministerio del Interior / portal oficial de datos abiertos,PRIMARY_OFFICIAL
2015,2015-12-20,16 - Cuenca,COMPROMÍS-PODEMOS-ÉS EL MOMENT - PODEMOS - C,0,0,Ministerio del Interior / portal oficial de datos abiertos,PRIMARY_OFFICIAL
2015,2015-12-20,16 - Cuenca,COMPROMÍS-PODEMOS-ÉS EL MOMENT - PODEMOS-COM,0,0,Ministerio del Interior / portal oficial de datos abiertos,PRIMARY_OFFICIAL
2015,2015-12-20,16 - Cuenca,COMUNISTAS DA GALIZA - PCPE,0,0,Ministerio del Interior / portal oficial de datos abiertos,PRIMARY_OFFICIAL
2015,2015-12-20,16 - Cuenca,COMUNISTAS DA GALIZA-PCPE - PCPE,0,0,Ministerio del Interior / portal oficial de datos abiertos,PRIMARY_OFFICIAL
2015,2015-12-20,16 - Cuenca,DEMOCRACIA NACIONAL - DN,0,0,Ministerio del Interior / portal oficial de datos abiertos,PRIMARY_OFFICIAL
2015,2015-12-20,16 - Cuenca,DEMOCRÀCIA I LLIBERTAT. CONVERGÈNCIA. DEMÒCRATES. - DL,0,0,Ministerio del Interior / portal oficial de datos abiertos,PRIMARY_OFFICIAL
2015,2015-12-20,16 - Cuenca,EL PI - PROPOSTA PER LES ILLES - EL PI,0,0,Ministerio del Interior / portal oficial de datos abiertos,PRIMARY_OFFICIAL
2015,2015-12-20,16 - Cuenca,EN COMÚ PODEM - EN COMÚ,0,0,Ministerio del Interior / portal oficial de datos abiertos,PRIMARY_OFFICIAL
2015,2015-12-20,16 - Cuenca,EN MAREA - PODEMOS-EN,0,0,Ministerio del Interior / portal oficial de datos abiertos,PRIMARY_OFFICIAL
2015,2015-12-20,16 - Cuenca,EN MAREA - PODEMOS-En,0,0,Ministerio del Interior / portal oficial de datos abiertos,PRIMARY_OFFICIAL
2015,2015-12-20,16 - Cuenca,EN POSITIU - EN POSITIU,0,0,Ministerio del Interior / portal oficial de datos abiertos,PRIMARY_OFFICIAL
2015,2015-12-20,16 - Cuenca,ESCAÑOS EN BLANCO - AULKI ZURIAK - EB - AZ,0,0,Ministerio del Interior / portal oficial de datos abiertos,PRIMARY_OFFICIAL
2015,2015-12-20,16 - Cuenca,ESCAÑOS EN BLANCO - EB,0,0,Ministerio del Interior / portal oficial de datos abiertos,PRIMARY_OFFICIAL
2015,2015-12-20,16 - Cuenca,ESCAÑOS EN BLANCO-AULKI ZURIAK - EB-AZ,0,0,Ministerio del Interior / portal oficial de datos abiertos,PRIMARY_OFFICIAL
2015,2015-12-20,16 - Cuenca,ESCONS EN BLANC/ESCAÑOS EN BLANCO - EB,0,0,Ministerio del Interior / portal oficial de datos abiertos,PRIMARY_OFFICIAL
2015,2015-12-20,16 - Cuenca,ESQUERRA REPUBLICANA DE CATALUNYA-CATALUNYA SÍ - ERC-CATSI,0,0,Ministerio del Interior / portal oficial de datos abiertos,PRIMARY_OFFICIAL
2015,2015-12-20,16 - Cuenca,ESQUERRA REPUBLICANA DE CATALUNYA-CATALUNYA SÍ - ERC-CATSÍ,0,0,Ministerio del Interior / portal oficial de datos abiertos,PRIMARY_OFFICIAL
2015,2015-12-20,16 - Cuenca,EUSKAL HERRIA BILDU (EH Bildu) - EH Bildu,0,0,Ministerio del Interior / portal oficial de datos abiertos,PRIMARY_OFFICIAL
2015,2015-12-20,16 - Cuenca,EUSKAL HERRIA BILDU - EH Bildu,0,0,Ministerio del Interior / portal oficial de datos abiertos,PRIMARY_OFFICIAL
2015,2015-12-20,16 - Cuenca,EUZKO ALDERDI JELTZALEA-PARTIDO NACIONALISTA VASCO - EAJ-PNV,0,0,Ministerio del Interior / portal oficial de datos abiertos,PRIMARY_OFFICIAL
2015,2015-12-20,16 - Cuenca,EXTREMADURA UNIDA-EXTREMEÑOS - EU-eX,0,0,Ministerio del Interior / portal oficial de datos abiertos,PRIMARY_OFFICIAL
2015,2015-12-20,16 - Cuenca,EZKERRA-X LA IZQUIERDA - EZKERRA,0,0,Ministerio del Interior / portal oficial de datos abiertos,PRIMARY_OFFICIAL
2015,2015-12-20,16 - Cuenca,FALANGE ESPAÑOLA DE LAS JONS - FE de las J,0,0,Ministerio del Interior / portal oficial de datos abiertos,PRIMARY_OFFICIAL
2015,2015-12-20,16 - Cuenca,FORO DEMÓCRATA - FDEE,0,0,Ministerio del Interior / portal oficial de datos abiertos,PRIMARY_OFFICIAL
2015,2015-12-20,16 - Cuenca,GEROA BAI - GBAI,0,0,Ministerio del Interior / portal oficial de datos abiertos,PRIMARY_OFFICIAL
2015,2015-12-20,16 - Cuenca,INDEPENDIENTES POR ARAGÓN - Independien,0,0,Ministerio del Interior / portal oficial de datos abiertos,PRIMARY_OFFICIAL
2015,2015-12-20,16 - Cuenca,INICIATIVA FEMINISTA - IFem,0,0,Ministerio del Interior / portal oficial de datos abiertos,PRIMARY_OFFICIAL
2015,2015-12-20,16 - Cuenca,"JUSTIZIA SOCIAL, PARTICIPACIÓN CIUDADANA - JS,PC",0,0,Ministerio del Interior / portal oficial de datos abiertos,PRIMARY_OFFICIAL
2015,2015-12-20,16 - Cuenca,"LIBERTAD NAVARRA, LIBERTATE NAFARRA (Ln) - Ln",0,0,Ministerio del Interior / portal oficial de datos abiertos,PRIMARY_OFFICIAL
2015,2015-12-20,16 - Cuenca,"LIBERTAD NAVARRA, LIBERTATE NAFARRA - Ln",0,0,Ministerio del Interior / portal oficial de datos abiertos,PRIMARY_OFFICIAL
2015,2015-12-20,16 - Cuenca,LIBERTAD NAVARRA-LIBERTATE NAFARRA - Ln,0,0,Ministerio del Interior / portal oficial de datos abiertos,PRIMARY_OFFICIAL
2015,2015-12-20,16 - Cuenca,LOS VERDES-ECOPACIFISTAS - CENTRO MODE,0,0,Ministerio del Interior / portal oficial de datos abiertos,PRIMARY_OFFICIAL
2015,2015-12-20,16 - Cuenca,MUERTE AL SISTEMA - +MAS+,0,0,Ministerio del Interior / portal oficial de datos abiertos,PRIMARY_OFFICIAL
2015,2015-12-20,16 - Cuenca,MÁLAGA POR SÍ - mlgXSÍ,0,0,Ministerio del Interior / portal oficial de datos abiertos,PRIMARY_OFFICIAL
2015,2015-12-20,16 - Cuenca,MÉS - MÉS,0,0,Ministerio del Interior / portal oficial de datos abiertos,PRIMARY_OFFICIAL
2015,2015-12-20,16 - Cuenca,NÓS-CANDIDATURA GALEGA (BNG-CG-FOGA-PCPG-PG) - NÓS,0,0,Ministerio del Interior / portal oficial de datos abiertos,PRIMARY_OFFICIAL
2015,2015-12-20,16 - Cuenca,ONGI ETORRI - OE,0,0,Ministerio del Interior / portal oficial de datos abiertos,PRIMARY_OFFICIAL
2015,2015-12-20,16 - Cuenca,PARTIDO ANIMALISTA CONTRA EL MALTRATO ANIMAL (PACM - PACMA,0,0,Ministerio del Interior / portal oficial de datos abiertos,PRIMARY_OFFICIAL
2015,2015-12-20,16 - Cuenca,PARTIDO ANIMALISTA CONTRA EL MALTRATO ANIMAL - PACMA,537,0,Ministerio del Interior / portal oficial de datos abiertos,PRIMARY_OFFICIAL
2015,2015-12-20,16 - Cuenca,PARTIDO ANIMALISTA CONTRA O MALTRATO ANIMAL - PACMA,0,0,Ministerio del Interior / portal oficial de datos abiertos,PRIMARY_OFFICIAL
2015,2015-12-20,16 - Cuenca,PARTIDO ANIMALISTA-CONTRA EL MALTRATO ANIMAL - PACMA,0,0,Ministerio del Interior / portal oficial de datos abiertos,PRIMARY_OFFICIAL
2015,2015-12-20,16 - Cuenca,PARTIDO COMUNISTA DE LOS PUEBLOS DE ESPAÑA - PCPE,97,0,Ministerio del Interior / portal oficial de datos abiertos,PRIMARY_OFFICIAL
2015,2015-12-20,16 - Cuenca,PARTIDO COMUNISTA DEL PUEBLO CANARIO - PCPC,0,0,Ministerio del Interior / portal oficial de datos abiertos,PRIMARY_OFFICIAL
2015,2015-12-20,16 - Cuenca,PARTIDO COMUNISTA OBRERO ESPAÑOL - PCOE,0,0,Ministerio del Interior / portal oficial de datos abiertos,PRIMARY_OFFICIAL
2015,2015-12-20,16 - Cuenca,PARTIDO DA TERRA - PT,0,0,Ministerio del Interior / portal oficial de datos abiertos,PRIMARY_OFFICIAL
2015,2015-12-20,16 - Cuenca,PARTIDO DOS SOCIALISTAS DE GALICIA-PSOE - PSdeG-PSOE,0,0,Ministerio del Interior / portal oficial de datos abiertos,PRIMARY_OFFICIAL
2015,2015-12-20,16 - Cuenca,PARTIDO FAMILIA Y VIDA - PFyV,0,0,Ministerio del Interior / portal oficial de datos abiertos,PRIMARY_OFFICIAL
2015,2015-12-20,16 - Cuenca,PARTIDO HUMANISTA - PH,0,0,Ministerio del Interior / portal oficial de datos abiertos,PRIMARY_OFFICIAL
2015,2015-12-20,16 - Cuenca,PARTIDO LIBERAL DE DERECHAS - PLD,0,0,Ministerio del Interior / portal oficial de datos abiertos,PRIMARY_OFFICIAL
2015,2015-12-20,16 - Cuenca,PARTIDO LIBERTARIO - P-LIB,0,0,Ministerio del Interior / portal oficial de datos abiertos,PRIMARY_OFFICIAL
2015,2015-12-20,16 - Cuenca,PARTIDO POPULAR (PP) - PP,0,0,Ministerio del Interior / portal oficial de datos abiertos,PRIMARY_OFFICIAL
2015,2015-12-20,16 - Cuenca,PARTIDO POPULAR - PP,50736,2,Ministerio del Interior / portal oficial de datos abiertos,PRIMARY_OFFICIAL
2015,2015-12-20,16 - Cuenca,PARTIDO POPULAR EN COALICIÓN CON EL PARTIDO ARAGON - PP-PAR,0,0,Ministerio del Interior / portal oficial de datos abiertos,PRIMARY_OFFICIAL
2015,2015-12-20,16 - Cuenca,PARTIDO POPULAR-FORO - PP-FORO,0,0,Ministerio del Interior / portal oficial de datos abiertos,PRIMARY_OFFICIAL
2015,2015-12-20,16 - Cuenca,PARTIDO POPULAR/PARTIT POPULAR - PP,0,0,Ministerio del Interior / portal oficial de datos abiertos,PRIMARY_OFFICIAL
2015,2015-12-20,16 - Cuenca,PARTIDO REGIONALISTA DEL PAÍS LEONÉS - PREPAL,0,0,Ministerio del Interior / portal oficial de datos abiertos,PRIMARY_OFFICIAL
2015,2015-12-20,16 - Cuenca,PARTIDO SOCIALISTA DE EUSKADI-EUSKADIKO EZKERRA (P - PSE-EE,0,0,Ministerio del Interior / portal oficial de datos abiertos,PRIMARY_OFFICIAL
2015,2015-12-20,16 - Cuenca,PARTIDO SOCIALISTA DE EUSKADI-EUSKADIKO EZKERRA (P - PSE-EE (PSO,0,0,Ministerio del Interior / portal oficial de datos abiertos,PRIMARY_OFFICIAL
2015,2015-12-20,16 - Cuenca,PARTIDO SOCIALISTA OBRERO ESPAÑOL - PSOE,37019,1,Ministerio del Interior / portal oficial de datos abiertos,PRIMARY_OFFICIAL
2015,2015-12-20,16 - Cuenca,PARTIDO SOCIALISTA OBRERO ESPAÑOL-NUEVA CANARIAS - PSOE-NCa,0,0,Ministerio del Interior / portal oficial de datos abiertos,PRIMARY_OFFICIAL
2015,2015-12-20,16 - Cuenca,PARTIT ANIMALISTA CONTRA EL MALTRACTAMENT ANIMAL - PACMA,0,0,Ministerio del Interior / portal oficial de datos abiertos,PRIMARY_OFFICIAL
2015,2015-12-20,16 - Cuenca,PARTIT COMUNISTA DEL POBLE DE CATALUNYA - PCPC,0,0,Ministerio del Interior / portal oficial de datos abiertos,PRIMARY_OFFICIAL
2015,2015-12-20,16 - Cuenca,PARTIT COMUNISTA DELS POBLES D’ESPANYA - PCPE,0,0,Ministerio del Interior / portal oficial de datos abiertos,PRIMARY_OFFICIAL
2015,2015-12-20,16 - Cuenca,PARTIT DELS SOCIALISTES DE CATALUNYA (PSC-PSOE) - PSC,0,0,Ministerio del Interior / portal oficial de datos abiertos,PRIMARY_OFFICIAL
2015,2015-12-20,16 - Cuenca,PARTIT DELS SOCIALISTES DE CATALUNYA - PSC-PSOE,0,0,Ministerio del Interior / portal oficial de datos abiertos,PRIMARY_OFFICIAL
2015,2015-12-20,16 - Cuenca,PODEMOS - PODEMOS,14113,0,Ministerio del Interior / portal oficial de datos abiertos,PRIMARY_OFFICIAL
2015,2015-12-20,16 - Cuenca,PODEMOS-AHAL DUGU - PODEMOS-AHA,0,0,Ministerio del Interior / portal oficial de datos abiertos,PRIMARY_OFFICIAL
2015,2015-12-20,16 - Cuenca,PODEMOS-Ahora Alto Aragón en Común - PODEMOS-Aho,0,0,Ministerio del Interior / portal oficial de datos abiertos,PRIMARY_OFFICIAL
2015,2015-12-20,16 - Cuenca,PODEMOS/AHAL DUGU - PODEMOS-AHA,0,0,Ministerio del Interior / portal oficial de datos abiertos,PRIMARY_OFFICIAL
2015,2015-12-20,16 - Cuenca,POR UN MUNDO MÁS JUSTO - PUM+J,0,0,Ministerio del Interior / portal oficial de datos abiertos,PRIMARY_OFFICIAL
2015,2015-12-20,16 - Cuenca,RECORTES CERO-GRUPO VERDE - RECORTES CE,165,0,Ministerio del Interior / portal oficial de datos abiertos,PRIMARY_OFFICIAL
2015,2015-12-20,16 - Cuenca,SOLIDARIDAD Y AUTOGESTIÓN INTERNACIONALISTA - SAIn,0,0,Ministerio del Interior / portal oficial de datos abiertos,PRIMARY_OFFICIAL
2015,2015-12-20,16 - Cuenca,SOLUCIONA - SOLUCIONA,0,0,Ministerio del Interior / portal oficial de datos abiertos,PRIMARY_OFFICIAL
2015,2015-12-20,16 - Cuenca,SOM VALENCIANS - SOMVAL,0,0,Ministerio del Interior / portal oficial de datos abiertos,PRIMARY_OFFICIAL
2015,2015-12-20,16 - Cuenca,"UNIDAD POPULAR EN ARAGÓN: IZQUIERDA UNIDA, CHUNTA - IU-CHA-UPeC",0,0,Ministerio del Interior / portal oficial de datos abiertos,PRIMARY_OFFICIAL
2015,2015-12-20,16 - Cuenca,UNIDAD POPULAR- ORAIN BATERA:EZKER ANITZA-IZQUIERD - IU-UPeC,0,0,Ministerio del Interior / portal oficial de datos abiertos,PRIMARY_OFFICIAL
2015,2015-12-20,16 - Cuenca,UNIDAD POPULAR-IZQUIERDA UNIDA - UNIDAD POPU,0,0,Ministerio del Interior / portal oficial de datos abiertos,PRIMARY_OFFICIAL
2015,2015-12-20,16 - Cuenca,UNIDAD POPULAR-ORAIN BATERA:EZKER ANITZA-IZQUIERDA - IU-UPeC,0,0,Ministerio del Interior / portal oficial de datos abiertos,PRIMARY_OFFICIAL
2015,2015-12-20,16 - Cuenca,UNIDAD POPULAR-ORAIN BATERA:EZKER ANITZA-IZQUIERDA - IU-UpeC,0,0,Ministerio del Interior / portal oficial de datos abiertos,PRIMARY_OFFICIAL
2015,2015-12-20,16 - Cuenca,"UNIDAD POPULAR-ORAIN BATERA:IZQUIERDA UNIDA, BATZA - IU-B-UPeC",0,0,Ministerio del Interior / portal oficial de datos abiertos,PRIMARY_OFFICIAL
2015,2015-12-20,16 - Cuenca,"UNIDAD POPULAR: IZQUIERDA UNIDA CANARIA, UNIDAD PO - IUC-UPeC",0,0,Ministerio del Interior / portal oficial de datos abiertos,PRIMARY_OFFICIAL
2015,2015-12-20,16 - Cuenca,UNIDAD POPULAR: IZQUIERDA UNIDA LOS VERDES - CONVO - UP: IULV-CA,0,0,Ministerio del Interior / portal oficial de datos abiertos,PRIMARY_OFFICIAL
2015,2015-12-20,16 - Cuenca,"UNIDAD POPULAR: IZQUIERDA UNIDA LOS VERDES-CONVOCA - IULV-CA, UP",0,0,Ministerio del Interior / portal oficial de datos abiertos,PRIMARY_OFFICIAL
2015,2015-12-20,16 - Cuenca,"UNIDAD POPULAR: IZQUIERDA UNIDA LOS VERDES-CONVOCA - IULV-CA,UPe",0,0,Ministerio del Interior / portal oficial de datos abiertos,PRIMARY_OFFICIAL
2015,2015-12-20,16 - Cuenca,"UNIDAD POPULAR: IZQUIERDA UNIDA, UNIDAD POPULAR EN - IU-UPeC",3628,0,Ministerio del Interior / portal oficial de datos abiertos,PRIMARY_OFFICIAL
2015,2015-12-20,16 - Cuenca,"UNIDAD POPULAR: IZQUIERDA UNIDA, UNIDAD POPULAR EN - IU-UPeC-IAS",0,0,Ministerio del Interior / portal oficial de datos abiertos,PRIMARY_OFFICIAL
2015,2015-12-20,16 - Cuenca,"UNIDAD POPULAR: IZQUIERDA UNIDA, UNIDAD POPULAR EN - UP-UPeC",0,0,Ministerio del Interior / portal oficial de datos abiertos,PRIMARY_OFFICIAL
2015,2015-12-20,16 - Cuenca,"UNIDAD POPULAR: IZQUIERDA UNIDA, UNIDAD POPULAR EN - UPeC-IU-IZC",0,0,Ministerio del Interior / portal oficial de datos abiertos,PRIMARY_OFFICIAL
2015,2015-12-20,16 - Cuenca,UNIDAD POPULAR: IZQUIERDA UNIDA-UNIDAD POPULAR EN - IU-UPeC,0,0,Ministerio del Interior / portal oficial de datos abiertos,PRIMARY_OFFICIAL
2015,2015-12-20,16 - Cuenca,UNIDAD POPULAR: IZQUIERDA UNIDA. UNIDAD POPULAR EN - IU-UPeC,0,0,Ministerio del Interior / portal oficial de datos abiertos,PRIMARY_OFFICIAL
2015,2015-12-20,16 - Cuenca,"UNIDAD POPULAR: UNIDAD POPULAR EN COMÚN, IZQUIERDA - UPeC-IU",0,0,Ministerio del Interior / portal oficial de datos abiertos,PRIMARY_OFFICIAL
2015,2015-12-20,16 - Cuenca,"UNITAT POPULAR BALEARS: IZQUIERDA UNIDA, UNIDAD PO - UPB: IU-UPe",0,0,Ministerio del Interior / portal oficial de datos abiertos,PRIMARY_OFFICIAL
2015,2015-12-20,16 - Cuenca,"UNITAT POPULAR: ESQUERRA UNIDA DEL PAÍS VALENCIÀ, - EUPV-UPeC",0,0,Ministerio del Interior / portal oficial de datos abiertos,PRIMARY_OFFICIAL
2015,2015-12-20,16 - Cuenca,"UNITAT POPULAR:ESQUERRA UNIDA DEL PAÍS VALENCIÀ, U - EUPV-UPeC",0,0,Ministerio del Interior / portal oficial de datos abiertos,PRIMARY_OFFICIAL
2015,2015-12-20,16 - Cuenca,UNIÓ DEMOCRÀTICA DE CATALUNYA - Unio.Cat,0,0,Ministerio del Interior / portal oficial de datos abiertos,PRIMARY_OFFICIAL
2015,2015-12-20,16 - Cuenca,UNIÓ DEMOCRÀTICA DE CATALUNYA - unio.cat,0,0,Ministerio del Interior / portal oficial de datos abiertos,PRIMARY_OFFICIAL
2015,2015-12-20,16 - Cuenca,UNIÓN DEL PUEBLO NAVARRO EN COALICIÓN CON EL PARTI - UPN-PP,0,0,Ministerio del Interior / portal oficial de datos abiertos,PRIMARY_OFFICIAL
2015,2015-12-20,16 - Cuenca,UNIÓN PROGRESO Y DEMOCRACIA (UPYD) - UPYD,0,0,Ministerio del Interior / portal oficial de datos abiertos,PRIMARY_OFFICIAL
2015,2015-12-20,16 - Cuenca,UNIÓN PROGRESO Y DEMOCRACIA - UPYD,464,0,Ministerio del Interior / portal oficial de datos abiertos,PRIMARY_OFFICIAL
2015,2015-12-20,16 - Cuenca,VOX - VOX,356,0,Ministerio del Interior / portal oficial de datos abiertos,PRIMARY_OFFICIAL
2015,2015-12-20,16 - Cuenca,X A ESQUERDA - X ESQ,0,0,Ministerio del Interior / portal oficial de datos abiertos,PRIMARY_OFFICIAL
2015,2015-12-20,16 - Cuenca,X LA IZQUIERDA-LOS VERDES - X LA IZQUIE,0,0,Ministerio del Interior / portal oficial de datos abiertos,PRIMARY_OFFICIAL
2015,2015-12-20,17 - Girona,"""EN COMÚ PODEM"" - EN COMÚ",0,0,Ministerio del Interior / portal oficial de datos abiertos,PRIMARY_OFFICIAL
2015,2015-12-20,17 - Girona,ANDALUCES DE JAÉN UNIDOS - AJU,0,0,Ministerio del Interior / portal oficial de datos abiertos,PRIMARY_OFFICIAL
2015,2015-12-20,17 - Girona,"ARA, PAÍS VALENCIÀ - ARA, PV",0,0,Ministerio del Interior / portal oficial de datos abiertos,PRIMARY_OFFICIAL
2015,2015-12-20,17 - Girona,"ARA, PAÍS VALENCIÀ - ARAPV",0,0,Ministerio del Interior / portal oficial de datos abiertos,PRIMARY_OFFICIAL
2015,2015-12-20,17 - Girona,AVANT VALENCIANS - AVANT,0,0,Ministerio del Interior / portal oficial de datos abiertos,PRIMARY_OFFICIAL
2015,2015-12-20,17 - Girona,BIDEZKO MUNDURANTZ/POR UN MUNDO MÁS JUSTO - PUM+J,0,0,Ministerio del Interior / portal oficial de datos abiertos,PRIMARY_OFFICIAL
2015,2015-12-20,17 - Girona,"CANARIAS DECIDE: LOS VERDES, UNIDAD DEL PUEBLO Y A - CANARIAS DE",0,0,Ministerio del Interior / portal oficial de datos abiertos,PRIMARY_OFFICIAL
2015,2015-12-20,17 - Girona,CIUDADANOS DE CENTRO DEMOCRÁTICO - CCD,0,0,Ministerio del Interior / portal oficial de datos abiertos,PRIMARY_OFFICIAL
2015,2015-12-20,17 - Girona,CIUDADANOS LIBRES UNIDOS - CILUS,0,0,Ministerio del Interior / portal oficial de datos abiertos,PRIMARY_OFFICIAL
2015,2015-12-20,17 - Girona,CIUDADANOS PARTIDO DE LA CIUDADANÍA - C's,0,0,Ministerio del Interior / portal oficial de datos abiertos,PRIMARY_OFFICIAL
2015,2015-12-20,17 - Girona,CIUDADANOS PARTIDO DE LA CIUDADANÍA - C´s,0,0,Ministerio del Interior / portal oficial de datos abiertos,PRIMARY_OFFICIAL
2015,2015-12-20,17 - Girona,CIUDADANOS RURALES AGRUPADOS - CRA,0,0,Ministerio del Interior / portal oficial de datos abiertos,PRIMARY_OFFICIAL
2015,2015-12-20,17 - Girona,"CIUDADANOS, PARTIDO DE LA CIUDADANÍA - C's",0,0,Ministerio del Interior / portal oficial de datos abiertos,PRIMARY_OFFICIAL
2015,2015-12-20,17 - Girona,"CIUDADANOS, PARTIDO DE LA CIUDADANÍA - C´s",0,0,Ministerio del Interior / portal oficial de datos abiertos,PRIMARY_OFFICIAL
2015,2015-12-20,17 - Girona,CIUDADANOS-PARTIDO DE LA CIUDADANÍA (C's) - C's,0,0,Ministerio del Interior / portal oficial de datos abiertos,PRIMARY_OFFICIAL
2015,2015-12-20,17 - Girona,CIUDADANOS-PARTIDO DE LA CIUDADANÍA - C's,0,0,Ministerio del Interior / portal oficial de datos abiertos,PRIMARY_OFFICIAL
2015,2015-12-20,17 - Girona,CIUDADANOS-PARTIDO DE LA CIUDADANÍA - C´s,0,0,Ministerio del Interior / portal oficial de datos abiertos,PRIMARY_OFFICIAL
2015,2015-12-20,17 - Girona,CIUTADANS - PARTIDO DE LA CIUDADANÍA - C's,32762,0,Ministerio del Interior / portal oficial de datos abiertos,PRIMARY_OFFICIAL
2015,2015-12-20,17 - Girona,CIUTADANS-PARTIDO DE LA CIUDADANÍA - C's,0,0,Ministerio del Interior / portal oficial de datos abiertos,PRIMARY_OFFICIAL
2015,2015-12-20,17 - Girona,COALICIÓN CANARIA - PARTIDO NACIONALISTA CANARIO - CCa-PNC,0,0,Ministerio del Interior / portal oficial de datos abiertos,PRIMARY_OFFICIAL
2015,2015-12-20,17 - Girona,COALICIÓN CANARIA-PARTIDO NACIONALISTA CANARIO - CCa-PNC,0,0,Ministerio del Interior / portal oficial de datos abiertos,PRIMARY_OFFICIAL
2015,2015-12-20,17 - Girona,COMPROMÍS-PODEMOS-ÉS EL MOMENT - PODEMOS - C,0,0,Ministerio del Interior / portal oficial de datos abiertos,PRIMARY_OFFICIAL
2015,2015-12-20,17 - Girona,COMPROMÍS-PODEMOS-ÉS EL MOMENT - PODEMOS-COM,0,0,Ministerio del Interior / portal oficial de datos abiertos,PRIMARY_OFFICIAL
2015,2015-12-20,17 - Girona,COMUNISTAS DA GALIZA - PCPE,0,0,Ministerio del Interior / portal oficial de datos abiertos,PRIMARY_OFFICIAL
2015,2015-12-20,17 - Girona,COMUNISTAS DA GALIZA-PCPE - PCPE,0,0,Ministerio del Interior / portal oficial de datos abiertos,PRIMARY_OFFICIAL
2015,2015-12-20,17 - Girona,DEMOCRACIA NACIONAL - DN,0,0,Ministerio del Interior / portal oficial de datos abiertos,PRIMARY_OFFICIAL
2015,2015-12-20,17 - Girona,DEMOCRÀCIA I LLIBERTAT. CONVERGÈNCIA. DEMÒCRATES. - DL,83170,2,Ministerio del Interior / portal oficial de datos abiertos,PRIMARY_OFFICIAL
2015,2015-12-20,17 - Girona,EL PI - PROPOSTA PER LES ILLES - EL PI,0,0,Ministerio del Interior / portal oficial de datos abiertos,PRIMARY_OFFICIAL
2015,2015-12-20,17 - Girona,EN COMÚ PODEM - EN COMÚ,54071,1,Ministerio del Interior / portal oficial de datos abiertos,PRIMARY_OFFICIAL
2015,2015-12-20,17 - Girona,EN MAREA - PODEMOS-EN,0,0,Ministerio del Interior / portal oficial de datos abiertos,PRIMARY_OFFICIAL
2015,2015-12-20,17 - Girona,EN MAREA - PODEMOS-En,0,0,Ministerio del Interior / portal oficial de datos abiertos,PRIMARY_OFFICIAL
2015,2015-12-20,17 - Girona,EN POSITIU - EN POSITIU,0,0,Ministerio del Interior / portal oficial de datos abiertos,PRIMARY_OFFICIAL
2015,2015-12-20,17 - Girona,ESCAÑOS EN BLANCO - AULKI ZURIAK - EB - AZ,0,0,Ministerio del Interior / portal oficial de datos abiertos,PRIMARY_OFFICIAL
2015,2015-12-20,17 - Girona,ESCAÑOS EN BLANCO - EB,0,0,Ministerio del Interior / portal oficial de datos abiertos,PRIMARY_OFFICIAL
2015,2015-12-20,17 - Girona,ESCAÑOS EN BLANCO-AULKI ZURIAK - EB-AZ,0,0,Ministerio del Interior / portal oficial de datos abiertos,PRIMARY_OFFICIAL
2015,2015-12-20,17 - Girona,ESCONS EN BLANC/ESCAÑOS EN BLANCO - EB,0,0,Ministerio del Interior / portal oficial de datos abiertos,PRIMARY_OFFICIAL
2015,2015-12-20,17 - Girona,ESQUERRA REPUBLICANA DE CATALUNYA-CATALUNYA SÍ - ERC-CATSI,0,0,Ministerio del Interior / portal oficial de datos abiertos,PRIMARY_OFFICIAL
2015,2015-12-20,17 - Girona,ESQUERRA REPUBLICANA DE CATALUNYA-CATALUNYA SÍ - ERC-CATSÍ,78030,2,Ministerio del Interior / portal oficial de datos abiertos,PRIMARY_OFFICIAL
2015,2015-12-20,17 - Girona,EUSKAL HERRIA BILDU (EH Bildu) - EH Bildu,0,0,Ministerio del Interior / portal oficial de datos abiertos,PRIMARY_OFFICIAL
2015,2015-12-20,17 - Girona,EUSKAL HERRIA BILDU - EH Bildu,0,0,Ministerio del Interior / portal oficial de datos abiertos,PRIMARY_OFFICIAL
2015,2015-12-20,17 - Girona,EUZKO ALDERDI JELTZALEA-PARTIDO NACIONALISTA VASCO - EAJ-PNV,0,0,Ministerio del Interior / portal oficial de datos abiertos,PRIMARY_OFFICIAL
2015,2015-12-20,17 - Girona,EXTREMADURA UNIDA-EXTREMEÑOS - EU-eX,0,0,Ministerio del Interior / portal oficial de datos abiertos,PRIMARY_OFFICIAL
2015,2015-12-20,17 - Girona,EZKERRA-X LA IZQUIERDA - EZKERRA,0,0,Ministerio del Interior / portal oficial de datos abiertos,PRIMARY_OFFICIAL
2015,2015-12-20,17 - Girona,FALANGE ESPAÑOLA DE LAS JONS - FE de las J,0,0,Ministerio del Interior / portal oficial de datos abiertos,PRIMARY_OFFICIAL
2015,2015-12-20,17 - Girona,FORO DEMÓCRATA - FDEE,0,0,Ministerio del Interior / portal oficial de datos abiertos,PRIMARY_OFFICIAL
2015,2015-12-20,17 - Girona,GEROA BAI - GBAI,0,0,Ministerio del Interior / portal oficial de datos abiertos,PRIMARY_OFFICIAL
2015,2015-12-20,17 - Girona,INDEPENDIENTES POR ARAGÓN - Independien,0,0,Ministerio del Interior / portal oficial de datos abiertos,PRIMARY_OFFICIAL
2015,2015-12-20,17 - Girona,INICIATIVA FEMINISTA - IFem,0,0,Ministerio del Interior / portal oficial de datos abiertos,PRIMARY_OFFICIAL
2015,2015-12-20,17 - Girona,"JUSTIZIA SOCIAL, PARTICIPACIÓN CIUDADANA - JS,PC",0,0,Ministerio del Interior / portal oficial de datos abiertos,PRIMARY_OFFICIAL
2015,2015-12-20,17 - Girona,"LIBERTAD NAVARRA, LIBERTATE NAFARRA (Ln) - Ln",0,0,Ministerio del Interior / portal oficial de datos abiertos,PRIMARY_OFFICIAL
2015,2015-12-20,17 - Girona,"LIBERTAD NAVARRA, LIBERTATE NAFARRA - Ln",0,0,Ministerio del Interior / portal oficial de datos abiertos,PRIMARY_OFFICIAL
2015,2015-12-20,17 - Girona,LIBERTAD NAVARRA-LIBERTATE NAFARRA - Ln,0,0,Ministerio del Interior / portal oficial de datos abiertos,PRIMARY_OFFICIAL
2015,2015-12-20,17 - Girona,LOS VERDES-ECOPACIFISTAS - CENTRO MODE,0,0,Ministerio del Interior / portal oficial de datos abiertos,PRIMARY_OFFICIAL
2015,2015-12-20,17 - Girona,MUERTE AL SISTEMA - +MAS+,0,0,Ministerio del Interior / portal oficial de datos abiertos,PRIMARY_OFFICIAL
2015,2015-12-20,17 - Girona,MÁLAGA POR SÍ - mlgXSÍ,0,0,Ministerio del Interior / portal oficial de datos abiertos,PRIMARY_OFFICIAL
2015,2015-12-20,17 - Girona,MÉS - MÉS,0,0,Ministerio del Interior / portal oficial de datos abiertos,PRIMARY_OFFICIAL
2015,2015-12-20,17 - Girona,NÓS-CANDIDATURA GALEGA (BNG-CG-FOGA-PCPG-PG) - NÓS,0,0,Ministerio del Interior / portal oficial de datos abiertos,PRIMARY_OFFICIAL
2015,2015-12-20,17 - Girona,ONGI ETORRI - OE,0,0,Ministerio del Interior / portal oficial de datos abiertos,PRIMARY_OFFICIAL
2015,2015-12-20,17 - Girona,PARTIDO ANIMALISTA CONTRA EL MALTRATO ANIMAL (PACM - PACMA,0,0,Ministerio del Interior / portal oficial de datos abiertos,PRIMARY_OFFICIAL
2015,2015-12-20,17 - Girona,PARTIDO ANIMALISTA CONTRA EL MALTRATO ANIMAL - PACMA,0,0,Ministerio del Interior / portal oficial de datos abiertos,PRIMARY_OFFICIAL
2015,2015-12-20,17 - Girona,PARTIDO ANIMALISTA CONTRA O MALTRATO ANIMAL - PACMA,0,0,Ministerio del Interior / portal oficial de datos abiertos,PRIMARY_OFFICIAL
2015,2015-12-20,17 - Girona,PARTIDO ANIMALISTA-CONTRA EL MALTRATO ANIMAL - PACMA,0,0,Ministerio del Interior / portal oficial de datos abiertos,PRIMARY_OFFICIAL
2015,2015-12-20,17 - Girona,PARTIDO COMUNISTA DE LOS PUEBLOS DE ESPAÑA - PCPE,0,0,Ministerio del Interior / portal oficial de datos abiertos,PRIMARY_OFFICIAL
2015,2015-12-20,17 - Girona,PARTIDO COMUNISTA DEL PUEBLO CANARIO - PCPC,0,0,Ministerio del Interior / portal oficial de datos abiertos,PRIMARY_OFFICIAL
2015,2015-12-20,17 - Girona,PARTIDO COMUNISTA OBRERO ESPAÑOL - PCOE,0,0,Ministerio del Interior / portal oficial de datos abiertos,PRIMARY_OFFICIAL
2015,2015-12-20,17 - Girona,PARTIDO DA TERRA - PT,0,0,Ministerio del Interior / portal oficial de datos abiertos,PRIMARY_OFFICIAL
2015,2015-12-20,17 - Girona,PARTIDO DOS SOCIALISTAS DE GALICIA-PSOE - PSdeG-PSOE,0,0,Ministerio del Interior / portal oficial de datos abiertos,PRIMARY_OFFICIAL
2015,2015-12-20,17 - Girona,PARTIDO FAMILIA Y VIDA - PFyV,0,0,Ministerio del Interior / portal oficial de datos abiertos,PRIMARY_OFFICIAL
2015,2015-12-20,17 - Girona,PARTIDO HUMANISTA - PH,0,0,Ministerio del Interior / portal oficial de datos abiertos,PRIMARY_OFFICIAL
2015,2015-12-20,17 - Girona,PARTIDO LIBERAL DE DERECHAS - PLD,0,0,Ministerio del Interior / portal oficial de datos abiertos,PRIMARY_OFFICIAL
2015,2015-12-20,17 - Girona,PARTIDO LIBERTARIO - P-LIB,0,0,Ministerio del Interior / portal oficial de datos abiertos,PRIMARY_OFFICIAL
2015,2015-12-20,17 - Girona,PARTIDO POPULAR (PP) - PP,0,0,Ministerio del Interior / portal oficial de datos abiertos,PRIMARY_OFFICIAL
2015,2015-12-20,17 - Girona,PARTIDO POPULAR - PP,28410,0,Ministerio del Interior / portal oficial de datos abiertos,PRIMARY_OFFICIAL
2015,2015-12-20,17 - Girona,PARTIDO POPULAR EN COALICIÓN CON EL PARTIDO ARAGON - PP-PAR,0,0,Ministerio del Interior / portal oficial de datos abiertos,PRIMARY_OFFICIAL
2015,2015-12-20,17 - Girona,PARTIDO POPULAR-FORO - PP-FORO,0,0,Ministerio del Interior / portal oficial de datos abiertos,PRIMARY_OFFICIAL
2015,2015-12-20,17 - Girona,PARTIDO POPULAR/PARTIT POPULAR - PP,0,0,Ministerio del Interior / portal oficial de datos abiertos,PRIMARY_OFFICIAL
2015,2015-12-20,17 - Girona,PARTIDO REGIONALISTA DEL PAÍS LEONÉS - PREPAL,0,0,Ministerio del Interior / portal oficial de datos abiertos,PRIMARY_OFFICIAL
2015,2015-12-20,17 - Girona,PARTIDO SOCIALISTA DE EUSKADI-EUSKADIKO EZKERRA (P - PSE-EE,0,0,Ministerio del Interior / portal oficial de datos abiertos,PRIMARY_OFFICIAL
2015,2015-12-20,17 - Girona,PARTIDO SOCIALISTA DE EUSKADI-EUSKADIKO EZKERRA (P - PSE-EE (PSO,0,0,Ministerio del Interior / portal oficial de datos abiertos,PRIMARY_OFFICIAL
2015,2015-12-20,17 - Girona,PARTIDO SOCIALISTA OBRERO ESPAÑOL - PSOE,0,0,Ministerio del Interior / portal oficial de datos abiertos,PRIMARY_OFFICIAL
2015,2015-12-20,17 - Girona,PARTIDO SOCIALISTA OBRERO ESPAÑOL-NUEVA CANARIAS - PSOE-NCa,0,0,Ministerio del Interior / portal oficial de datos abiertos,PRIMARY_OFFICIAL
2015,2015-12-20,17 - Girona,PARTIT ANIMALISTA CONTRA EL MALTRACTAMENT ANIMAL - PACMA,3623,0,Ministerio del Interior / portal oficial de datos abiertos,PRIMARY_OFFICIAL
2015,2015-12-20,17 - Girona,PARTIT COMUNISTA DEL POBLE DE CATALUNYA - PCPC,602,0,Ministerio del Interior / portal oficial de datos abiertos,PRIMARY_OFFICIAL
2015,2015-12-20,17 - Girona,PARTIT COMUNISTA DELS POBLES D’ESPANYA - PCPE,0,0,Ministerio del Interior / portal oficial de datos abiertos,PRIMARY_OFFICIAL
2015,2015-12-20,17 - Girona,PARTIT DELS SOCIALISTES DE CATALUNYA (PSC-PSOE) - PSC,0,0,Ministerio del Interior / portal oficial de datos abiertos,PRIMARY_OFFICIAL
2015,2015-12-20,17 - Girona,PARTIT DELS SOCIALISTES DE CATALUNYA - PSC-PSOE,42096,1,Ministerio del Interior / portal oficial de datos abiertos,PRIMARY_OFFICIAL
2015,2015-12-20,17 - Girona,PODEMOS - PODEMOS,0,0,Ministerio del Interior / portal oficial de datos abiertos,PRIMARY_OFFICIAL
2015,2015-12-20,17 - Girona,PODEMOS-AHAL DUGU - PODEMOS-AHA,0,0,Ministerio del Interior / portal oficial de datos abiertos,PRIMARY_OFFICIAL
2015,2015-12-20,17 - Girona,PODEMOS-Ahora Alto Aragón en Común - PODEMOS-Aho,0,0,Ministerio del Interior / portal oficial de datos abiertos,PRIMARY_OFFICIAL
2015,2015-12-20,17 - Girona,PODEMOS/AHAL DUGU - PODEMOS-AHA,0,0,Ministerio del Interior / portal oficial de datos abiertos,PRIMARY_OFFICIAL
2015,2015-12-20,17 - Girona,POR UN MUNDO MÁS JUSTO - PUM+J,0,0,Ministerio del Interior / portal oficial de datos abiertos,PRIMARY_OFFICIAL
2015,2015-12-20,17 - Girona,RECORTES CERO-GRUPO VERDE - RECORTES CE,889,0,Ministerio del Interior / portal oficial de datos abiertos,PRIMARY_OFFICIAL
2015,2015-12-20,17 - Girona,SOLIDARIDAD Y AUTOGESTIÓN INTERNACIONALISTA - SAIn,0,0,Ministerio del Interior / portal oficial de datos abiertos,PRIMARY_OFFICIAL
2015,2015-12-20,17 - Girona,SOLUCIONA - SOLUCIONA,0,0,Ministerio del Interior / portal oficial de datos abiertos,PRIMARY_OFFICIAL
2015,2015-12-20,17 - Girona,SOM VALENCIANS - SOMVAL,0,0,Ministerio del Interior / portal oficial de datos abiertos,PRIMARY_OFFICIAL
2015,2015-12-20,17 - Girona,"UNIDAD POPULAR EN ARAGÓN: IZQUIERDA UNIDA, CHUNTA - IU-CHA-UPeC",0,0,Ministerio del Interior / portal oficial de datos abiertos,PRIMARY_OFFICIAL
2015,2015-12-20,17 - Girona,UNIDAD POPULAR- ORAIN BATERA:EZKER ANITZA-IZQUIERD - IU-UPeC,0,0,Ministerio del Interior / portal oficial de datos abiertos,PRIMARY_OFFICIAL
2015,2015-12-20,17 - Girona,UNIDAD POPULAR-IZQUIERDA UNIDA - UNIDAD POPU,0,0,Ministerio del Interior / portal oficial de datos abiertos,PRIMARY_OFFICIAL
2015,2015-12-20,17 - Girona,UNIDAD POPULAR-ORAIN BATERA:EZKER ANITZA-IZQUIERDA - IU-UPeC,0,0,Ministerio del Interior / portal oficial de datos abiertos,PRIMARY_OFFICIAL
2015,2015-12-20,17 - Girona,UNIDAD POPULAR-ORAIN BATERA:EZKER ANITZA-IZQUIERDA - IU-UpeC,0,0,Ministerio del Interior / portal oficial de datos abiertos,PRIMARY_OFFICIAL
2015,2015-12-20,17 - Girona,"UNIDAD POPULAR-ORAIN BATERA:IZQUIERDA UNIDA, BATZA - IU-B-UPeC",0,0,Ministerio del Interior / portal oficial de datos abiertos,PRIMARY_OFFICIAL
2015,2015-12-20,17 - Girona,"UNIDAD POPULAR: IZQUIERDA UNIDA CANARIA, UNIDAD PO - IUC-UPeC",0,0,Ministerio del Interior / portal oficial de datos abiertos,PRIMARY_OFFICIAL
2015,2015-12-20,17 - Girona,UNIDAD POPULAR: IZQUIERDA UNIDA LOS VERDES - CONVO - UP: IULV-CA,0,0,Ministerio del Interior / portal oficial de datos abiertos,PRIMARY_OFFICIAL
2015,2015-12-20,17 - Girona,"UNIDAD POPULAR: IZQUIERDA UNIDA LOS VERDES-CONVOCA - IULV-CA, UP",0,0,Ministerio del Interior / portal oficial de datos abiertos,PRIMARY_OFFICIAL
2015,2015-12-20,17 - Girona,"UNIDAD POPULAR: IZQUIERDA UNIDA LOS VERDES-CONVOCA - IULV-CA,UPe",0,0,Ministerio del Interior / portal oficial de datos abiertos,PRIMARY_OFFICIAL
2015,2015-12-20,17 - Girona,"UNIDAD POPULAR: IZQUIERDA UNIDA, UNIDAD POPULAR EN - IU-UPeC",0,0,Ministerio del Interior / portal oficial de datos abiertos,PRIMARY_OFFICIAL
2015,2015-12-20,17 - Girona,"UNIDAD POPULAR: IZQUIERDA UNIDA, UNIDAD POPULAR EN - IU-UPeC-IAS",0,0,Ministerio del Interior / portal oficial de datos abiertos,PRIMARY_OFFICIAL
2015,2015-12-20,17 - Girona,"UNIDAD POPULAR: IZQUIERDA UNIDA, UNIDAD POPULAR EN - UP-UPeC",0,0,Ministerio del Interior / portal oficial de datos abiertos,PRIMARY_OFFICIAL
2015,2015-12-20,17 - Girona,"UNIDAD POPULAR: IZQUIERDA UNIDA, UNIDAD POPULAR EN - UPeC-IU-IZC",0,0,Ministerio del Interior / portal oficial de datos abiertos,PRIMARY_OFFICIAL
2015,2015-12-20,17 - Girona,UNIDAD POPULAR: IZQUIERDA UNIDA-UNIDAD POPULAR EN - IU-UPeC,0,0,Ministerio del Interior / portal oficial de datos abiertos,PRIMARY_OFFICIAL
2015,2015-12-20,17 - Girona,UNIDAD POPULAR: IZQUIERDA UNIDA. UNIDAD POPULAR EN - IU-UPeC,0,0,Ministerio del Interior / portal oficial de datos abiertos,PRIMARY_OFFICIAL
2015,2015-12-20,17 - Girona,"UNIDAD POPULAR: UNIDAD POPULAR EN COMÚN, IZQUIERDA - UPeC-IU",0,0,Ministerio del Interior / portal oficial de datos abiertos,PRIMARY_OFFICIAL
2015,2015-12-20,17 - Girona,"UNITAT POPULAR BALEARS: IZQUIERDA UNIDA, UNIDAD PO - UPB: IU-UPe",0,0,Ministerio del Interior / portal oficial de datos abiertos,PRIMARY_OFFICIAL
2015,2015-12-20,17 - Girona,"UNITAT POPULAR: ESQUERRA UNIDA DEL PAÍS VALENCIÀ, - EUPV-UPeC",0,0,Ministerio del Interior / portal oficial de datos abiertos,PRIMARY_OFFICIAL
2015,2015-12-20,17 - Girona,"UNITAT POPULAR:ESQUERRA UNIDA DEL PAÍS VALENCIÀ, U - EUPV-UPeC",0,0,Ministerio del Interior / portal oficial de datos abiertos,PRIMARY_OFFICIAL
2015,2015-12-20,17 - Girona,UNIÓ DEMOCRÀTICA DE CATALUNYA - Unio.Cat,0,0,Ministerio del Interior / portal oficial de datos abiertos,PRIMARY_OFFICIAL
2015,2015-12-20,17 - Girona,UNIÓ DEMOCRÀTICA DE CATALUNYA - unio.cat,5871,0,Ministerio del Interior / portal oficial de datos abiertos,PRIMARY_OFFICIAL
2015,2015-12-20,17 - Girona,UNIÓN DEL PUEBLO NAVARRO EN COALICIÓN CON EL PARTI - UPN-PP,0,0,Ministerio del Interior / portal oficial de datos abiertos,PRIMARY_OFFICIAL
2015,2015-12-20,17 - Girona,UNIÓN PROGRESO Y DEMOCRACIA (UPYD) - UPYD,0,0,Ministerio del Interior / portal oficial de datos abiertos,PRIMARY_OFFICIAL
2015,2015-12-20,17 - Girona,UNIÓN PROGRESO Y DEMOCRACIA - UPYD,586,0,Ministerio del Interior / portal oficial de datos abiertos,PRIMARY_OFFICIAL
2015,2015-12-20,17 - Girona,VOX - VOX,0,0,Ministerio del Interior / portal oficial de datos abiertos,PRIMARY_OFFICIAL
2015,2015-12-20,17 - Girona,X A ESQUERDA - X ESQ,0,0,Ministerio del Interior / portal oficial de datos abiertos,PRIMARY_OFFICIAL
2015,2015-12-20,17 - Girona,X LA IZQUIERDA-LOS VERDES - X LA IZQUIE,0,0,Ministerio del Interior / portal oficial de datos abiertos,PRIMARY_OFFICIAL
2015,2015-12-20,18 - Granada,"""EN COMÚ PODEM"" - EN COMÚ",0,0,Ministerio del Interior / portal oficial de datos abiertos,PRIMARY_OFFICIAL
2015,2015-12-20,18 - Granada,ANDALUCES DE JAÉN UNIDOS - AJU,0,0,Ministerio del Interior / portal oficial de datos abiertos,PRIMARY_OFFICIAL
2015,2015-12-20,18 - Granada,"ARA, PAÍS VALENCIÀ - ARA, PV",0,0,Ministerio del Interior / portal oficial de datos abiertos,PRIMARY_OFFICIAL
2015,2015-12-20,18 - Granada,"ARA, PAÍS VALENCIÀ - ARAPV",0,0,Ministerio del Interior / portal oficial de datos abiertos,PRIMARY_OFFICIAL
2015,2015-12-20,18 - Granada,AVANT VALENCIANS - AVANT,0,0,Ministerio del Interior / portal oficial de datos abiertos,PRIMARY_OFFICIAL
2015,2015-12-20,18 - Granada,BIDEZKO MUNDURANTZ/POR UN MUNDO MÁS JUSTO - PUM+J,0,0,Ministerio del Interior / portal oficial de datos abiertos,PRIMARY_OFFICIAL
2015,2015-12-20,18 - Granada,"CANARIAS DECIDE: LOS VERDES, UNIDAD DEL PUEBLO Y A - CANARIAS DE",0,0,Ministerio del Interior / portal oficial de datos abiertos,PRIMARY_OFFICIAL
2015,2015-12-20,18 - Granada,CIUDADANOS DE CENTRO DEMOCRÁTICO - CCD,0,0,Ministerio del Interior / portal oficial de datos abiertos,PRIMARY_OFFICIAL
2015,2015-12-20,18 - Granada,CIUDADANOS LIBRES UNIDOS - CILUS,0,0,Ministerio del Interior / portal oficial de datos abiertos,PRIMARY_OFFICIAL
2015,2015-12-20,18 - Granada,CIUDADANOS PARTIDO DE LA CIUDADANÍA - C's,0,0,Ministerio del Interior / portal oficial de datos abiertos,PRIMARY_OFFICIAL
2015,2015-12-20,18 - Granada,CIUDADANOS PARTIDO DE LA CIUDADANÍA - C´s,70845,1,Ministerio del Interior / portal oficial de datos abiertos,PRIMARY_OFFICIAL
2015,2015-12-20,18 - Granada,CIUDADANOS RURALES AGRUPADOS - CRA,0,0,Ministerio del Interior / portal oficial de datos abiertos,PRIMARY_OFFICIAL
2015,2015-12-20,18 - Granada,"CIUDADANOS, PARTIDO DE LA CIUDADANÍA - C's",0,0,Ministerio del Interior / portal oficial de datos abiertos,PRIMARY_OFFICIAL
2015,2015-12-20,18 - Granada,"CIUDADANOS, PARTIDO DE LA CIUDADANÍA - C´s",0,0,Ministerio del Interior / portal oficial de datos abiertos,PRIMARY_OFFICIAL
2015,2015-12-20,18 - Granada,CIUDADANOS-PARTIDO DE LA CIUDADANÍA (C's) - C's,0,0,Ministerio del Interior / portal oficial de datos abiertos,PRIMARY_OFFICIAL
2015,2015-12-20,18 - Granada,CIUDADANOS-PARTIDO DE LA CIUDADANÍA - C's,0,0,Ministerio del Interior / portal oficial de datos abiertos,PRIMARY_OFFICIAL
2015,2015-12-20,18 - Granada,CIUDADANOS-PARTIDO DE LA CIUDADANÍA - C´s,0,0,Ministerio del Interior / portal oficial de datos abiertos,PRIMARY_OFFICIAL
2015,2015-12-20,18 - Granada,CIUTADANS - PARTIDO DE LA CIUDADANÍA - C's,0,0,Ministerio del Interior / portal oficial de datos abiertos,PRIMARY_OFFICIAL
2015,2015-12-20,18 - Granada,CIUTADANS-PARTIDO DE LA CIUDADANÍA - C's,0,0,Ministerio del Interior / portal oficial de datos abiertos,PRIMARY_OFFICIAL
2015,2015-12-20,18 - Granada,COALICIÓN CANARIA - PARTIDO NACIONALISTA CANARIO - CCa-PNC,0,0,Ministerio del Interior / portal oficial de datos abiertos,PRIMARY_OFFICIAL
2015,2015-12-20,18 - Granada,COALICIÓN CANARIA-PARTIDO NACIONALISTA CANARIO - CCa-PNC,0,0,Ministerio del Interior / portal oficial de datos abiertos,PRIMARY_OFFICIAL
2015,2015-12-20,18 - Granada,COMPROMÍS-PODEMOS-ÉS EL MOMENT - PODEMOS - C,0,0,Ministerio del Interior / portal oficial de datos abiertos,PRIMARY_OFFICIAL
2015,2015-12-20,18 - Granada,COMPROMÍS-PODEMOS-ÉS EL MOMENT - PODEMOS-COM,0,0,Ministerio del Interior / portal oficial de datos abiertos,PRIMARY_OFFICIAL
2015,2015-12-20,18 - Granada,COMUNISTAS DA GALIZA - PCPE,0,0,Ministerio del Interior / portal oficial de datos abiertos,PRIMARY_OFFICIAL
2015,2015-12-20,18 - Granada,COMUNISTAS DA GALIZA-PCPE - PCPE,0,0,Ministerio del Interior / portal oficial de datos abiertos,PRIMARY_OFFICIAL
2015,2015-12-20,18 - Granada,DEMOCRACIA NACIONAL - DN,0,0,Ministerio del Interior / portal oficial de datos abiertos,PRIMARY_OFFICIAL
2015,2015-12-20,18 - Granada,DEMOCRÀCIA I LLIBERTAT. CONVERGÈNCIA. DEMÒCRATES. - DL,0,0,Ministerio del Interior / portal oficial de datos abiertos,PRIMARY_OFFICIAL
2015,2015-12-20,18 - Granada,EL PI - PROPOSTA PER LES ILLES - EL PI,0,0,Ministerio del Interior / portal oficial de datos abiertos,PRIMARY_OFFICIAL
2015,2015-12-20,18 - Granada,EN COMÚ PODEM - EN COMÚ,0,0,Ministerio del Interior / portal oficial de datos abiertos,PRIMARY_OFFICIAL
2015,2015-12-20,18 - Granada,EN MAREA - PODEMOS-EN,0,0,Ministerio del Interior / portal oficial de datos abiertos,PRIMARY_OFFICIAL
2015,2015-12-20,18 - Granada,EN MAREA - PODEMOS-En,0,0,Ministerio del Interior / portal oficial de datos abiertos,PRIMARY_OFFICIAL
2015,2015-12-20,18 - Granada,EN POSITIU - EN POSITIU,0,0,Ministerio del Interior / portal oficial de datos abiertos,PRIMARY_OFFICIAL
2015,2015-12-20,18 - Granada,ESCAÑOS EN BLANCO - AULKI ZURIAK - EB - AZ,0,0,Ministerio del Interior / portal oficial de datos abiertos,PRIMARY_OFFICIAL
2015,2015-12-20,18 - Granada,ESCAÑOS EN BLANCO - EB,0,0,Ministerio del Interior / portal oficial de datos abiertos,PRIMARY_OFFICIAL
2015,2015-12-20,18 - Granada,ESCAÑOS EN BLANCO-AULKI ZURIAK - EB-AZ,0,0,Ministerio del Interior / portal oficial de datos abiertos,PRIMARY_OFFICIAL
2015,2015-12-20,18 - Granada,ESCONS EN BLANC/ESCAÑOS EN BLANCO - EB,0,0,Ministerio del Interior / portal oficial de datos abiertos,PRIMARY_OFFICIAL
2015,2015-12-20,18 - Granada,ESQUERRA REPUBLICANA DE CATALUNYA-CATALUNYA SÍ - ERC-CATSI,0,0,Ministerio del Interior / portal oficial de datos abiertos,PRIMARY_OFFICIAL
2015,2015-12-20,18 - Granada,ESQUERRA REPUBLICANA DE CATALUNYA-CATALUNYA SÍ - ERC-CATSÍ,0,0,Ministerio del Interior / portal oficial de datos abiertos,PRIMARY_OFFICIAL
2015,2015-12-20,18 - Granada,EUSKAL HERRIA BILDU (EH Bildu) - EH Bildu,0,0,Ministerio del Interior / portal oficial de datos abiertos,PRIMARY_OFFICIAL
2015,2015-12-20,18 - Granada,EUSKAL HERRIA BILDU - EH Bildu,0,0,Ministerio del Interior / portal oficial de datos abiertos,PRIMARY_OFFICIAL
2015,2015-12-20,18 - Granada,EUZKO ALDERDI JELTZALEA-PARTIDO NACIONALISTA VASCO - EAJ-PNV,0,0,Ministerio del Interior / portal oficial de datos abiertos,PRIMARY_OFFICIAL
2015,2015-12-20,18 - Granada,EXTREMADURA UNIDA-EXTREMEÑOS - EU-eX,0,0,Ministerio del Interior / portal oficial de datos abiertos,PRIMARY_OFFICIAL
2015,2015-12-20,18 - Granada,EZKERRA-X LA IZQUIERDA - EZKERRA,0,0,Ministerio del Interior / portal oficial de datos abiertos,PRIMARY_OFFICIAL
2015,2015-12-20,18 - Granada,FALANGE ESPAÑOLA DE LAS JONS - FE de las J,0,0,Ministerio del Interior / portal oficial de datos abiertos,PRIMARY_OFFICIAL
2015,2015-12-20,18 - Granada,FORO DEMÓCRATA - FDEE,0,0,Ministerio del Interior / portal oficial de datos abiertos,PRIMARY_OFFICIAL
2015,2015-12-20,18 - Granada,GEROA BAI - GBAI,0,0,Ministerio del Interior / portal oficial de datos abiertos,PRIMARY_OFFICIAL
2015,2015-12-20,18 - Granada,INDEPENDIENTES POR ARAGÓN - Independien,0,0,Ministerio del Interior / portal oficial de datos abiertos,PRIMARY_OFFICIAL
2015,2015-12-20,18 - Granada,INICIATIVA FEMINISTA - IFem,0,0,Ministerio del Interior / portal oficial de datos abiertos,PRIMARY_OFFICIAL
2015,2015-12-20,18 - Granada,"JUSTIZIA SOCIAL, PARTICIPACIÓN CIUDADANA - JS,PC",0,0,Ministerio del Interior / portal oficial de datos abiertos,PRIMARY_OFFICIAL
2015,2015-12-20,18 - Granada,"LIBERTAD NAVARRA, LIBERTATE NAFARRA (Ln) - Ln",0,0,Ministerio del Interior / portal oficial de datos abiertos,PRIMARY_OFFICIAL
2015,2015-12-20,18 - Granada,"LIBERTAD NAVARRA, LIBERTATE NAFARRA - Ln",0,0,Ministerio del Interior / portal oficial de datos abiertos,PRIMARY_OFFICIAL
2015,2015-12-20,18 - Granada,LIBERTAD NAVARRA-LIBERTATE NAFARRA - Ln,0,0,Ministerio del Interior / portal oficial de datos abiertos,PRIMARY_OFFICIAL
2015,2015-12-20,18 - Granada,LOS VERDES-ECOPACIFISTAS - CENTRO MODE,0,0,Ministerio del Interior / portal oficial de datos abiertos,PRIMARY_OFFICIAL
2015,2015-12-20,18 - Granada,MUERTE AL SISTEMA - +MAS+,0,0,Ministerio del Interior / portal oficial de datos abiertos,PRIMARY_OFFICIAL
2015,2015-12-20,18 - Granada,MÁLAGA POR SÍ - mlgXSÍ,0,0,Ministerio del Interior / portal oficial de datos abiertos,PRIMARY_OFFICIAL
2015,2015-12-20,18 - Granada,MÉS - MÉS,0,0,Ministerio del Interior / portal oficial de datos abiertos,PRIMARY_OFFICIAL
2015,2015-12-20,18 - Granada,NÓS-CANDIDATURA GALEGA (BNG-CG-FOGA-PCPG-PG) - NÓS,0,0,Ministerio del Interior / portal oficial de datos abiertos,PRIMARY_OFFICIAL
2015,2015-12-20,18 - Granada,ONGI ETORRI - OE,0,0,Ministerio del Interior / portal oficial de datos abiertos,PRIMARY_OFFICIAL
2015,2015-12-20,18 - Granada,PARTIDO ANIMALISTA CONTRA EL MALTRATO ANIMAL (PACM - PACMA,0,0,Ministerio del Interior / portal oficial de datos abiertos,PRIMARY_OFFICIAL
2015,2015-12-20,18 - Granada,PARTIDO ANIMALISTA CONTRA EL MALTRATO ANIMAL - PACMA,3843,0,Ministerio del Interior / portal oficial de datos abiertos,PRIMARY_OFFICIAL
2015,2015-12-20,18 - Granada,PARTIDO ANIMALISTA CONTRA O MALTRATO ANIMAL - PACMA,0,0,Ministerio del Interior / portal oficial de datos abiertos,PRIMARY_OFFICIAL
2015,2015-12-20,18 - Granada,PARTIDO ANIMALISTA-CONTRA EL MALTRATO ANIMAL - PACMA,0,0,Ministerio del Interior / portal oficial de datos abiertos,PRIMARY_OFFICIAL
2015,2015-12-20,18 - Granada,PARTIDO COMUNISTA DE LOS PUEBLOS DE ESPAÑA - PCPE,696,0,Ministerio del Interior / portal oficial de datos abiertos,PRIMARY_OFFICIAL
2015,2015-12-20,18 - Granada,PARTIDO COMUNISTA DEL PUEBLO CANARIO - PCPC,0,0,Ministerio del Interior / portal oficial de datos abiertos,PRIMARY_OFFICIAL
2015,2015-12-20,18 - Granada,PARTIDO COMUNISTA OBRERO ESPAÑOL - PCOE,0,0,Ministerio del Interior / portal oficial de datos abiertos,PRIMARY_OFFICIAL
2015,2015-12-20,18 - Granada,PARTIDO DA TERRA - PT,0,0,Ministerio del Interior / portal oficial de datos abiertos,PRIMARY_OFFICIAL
2015,2015-12-20,18 - Granada,PARTIDO DOS SOCIALISTAS DE GALICIA-PSOE - PSdeG-PSOE,0,0,Ministerio del Interior / portal oficial de datos abiertos,PRIMARY_OFFICIAL
2015,2015-12-20,18 - Granada,PARTIDO FAMILIA Y VIDA - PFyV,0,0,Ministerio del Interior / portal oficial de datos abiertos,PRIMARY_OFFICIAL
2015,2015-12-20,18 - Granada,PARTIDO HUMANISTA - PH,0,0,Ministerio del Interior / portal oficial de datos abiertos,PRIMARY_OFFICIAL
2015,2015-12-20,18 - Granada,PARTIDO LIBERAL DE DERECHAS - PLD,0,0,Ministerio del Interior / portal oficial de datos abiertos,PRIMARY_OFFICIAL
2015,2015-12-20,18 - Granada,PARTIDO LIBERTARIO - P-LIB,0,0,Ministerio del Interior / portal oficial de datos abiertos,PRIMARY_OFFICIAL
2015,2015-12-20,18 - Granada,PARTIDO POPULAR (PP) - PP,0,0,Ministerio del Interior / portal oficial de datos abiertos,PRIMARY_OFFICIAL
2015,2015-12-20,18 - Granada,PARTIDO POPULAR - PP,158693,3,Ministerio del Interior / portal oficial de datos abiertos,PRIMARY_OFFICIAL
2015,2015-12-20,18 - Granada,PARTIDO POPULAR EN COALICIÓN CON EL PARTIDO ARAGON - PP-PAR,0,0,Ministerio del Interior / portal oficial de datos abiertos,PRIMARY_OFFICIAL
2015,2015-12-20,18 - Granada,PARTIDO POPULAR-FORO - PP-FORO,0,0,Ministerio del Interior / portal oficial de datos abiertos,PRIMARY_OFFICIAL
2015,2015-12-20,18 - Granada,PARTIDO POPULAR/PARTIT POPULAR - PP,0,0,Ministerio del Interior / portal oficial de datos abiertos,PRIMARY_OFFICIAL
2015,2015-12-20,18 - Granada,PARTIDO REGIONALISTA DEL PAÍS LEONÉS - PREPAL,0,0,Ministerio del Interior / portal oficial de datos abiertos,PRIMARY_OFFICIAL
2015,2015-12-20,18 - Granada,PARTIDO SOCIALISTA DE EUSKADI-EUSKADIKO EZKERRA (P - PSE-EE,0,0,Ministerio del Interior / portal oficial de datos abiertos,PRIMARY_OFFICIAL
2015,2015-12-20,18 - Granada,PARTIDO SOCIALISTA DE EUSKADI-EUSKADIKO EZKERRA (P - PSE-EE (PSO,0,0,Ministerio del Interior / portal oficial de datos abiertos,PRIMARY_OFFICIAL
2015,2015-12-20,18 - Granada,PARTIDO SOCIALISTA OBRERO ESPAÑOL - PSOE,158027,2,Ministerio del Interior / portal oficial de datos abiertos,PRIMARY_OFFICIAL
2015,2015-12-20,18 - Granada,PARTIDO SOCIALISTA OBRERO ESPAÑOL-NUEVA CANARIAS - PSOE-NCa,0,0,Ministerio del Interior / portal oficial de datos abiertos,PRIMARY_OFFICIAL
2015,2015-12-20,18 - Granada,PARTIT ANIMALISTA CONTRA EL MALTRACTAMENT ANIMAL - PACMA,0,0,Ministerio del Interior / portal oficial de datos abiertos,PRIMARY_OFFICIAL
2015,2015-12-20,18 - Granada,PARTIT COMUNISTA DEL POBLE DE CATALUNYA - PCPC,0,0,Ministerio del Interior / portal oficial de datos abiertos,PRIMARY_OFFICIAL
2015,2015-12-20,18 - Granada,PARTIT COMUNISTA DELS POBLES D’ESPANYA - PCPE,0,0,Ministerio del Interior / portal oficial de datos abiertos,PRIMARY_OFFICIAL
2015,2015-12-20,18 - Granada,PARTIT DELS SOCIALISTES DE CATALUNYA (PSC-PSOE) - PSC,0,0,Ministerio del Interior / portal oficial de datos abiertos,PRIMARY_OFFICIAL
2015,2015-12-20,18 - Granada,PARTIT DELS SOCIALISTES DE CATALUNYA - PSC-PSOE,0,0,Ministerio del Interior / portal oficial de datos abiertos,PRIMARY_OFFICIAL
2015,2015-12-20,18 - Granada,PODEMOS - PODEMOS,83650,1,Ministerio del Interior / portal oficial de datos abiertos,PRIMARY_OFFICIAL
2015,2015-12-20,18 - Granada,PODEMOS-AHAL DUGU - PODEMOS-AHA,0,0,Ministerio del Interior / portal oficial de datos abiertos,PRIMARY_OFFICIAL
2015,2015-12-20,18 - Granada,PODEMOS-Ahora Alto Aragón en Común - PODEMOS-Aho,0,0,Ministerio del Interior / portal oficial de datos abiertos,PRIMARY_OFFICIAL
2015,2015-12-20,18 - Granada,PODEMOS/AHAL DUGU - PODEMOS-AHA,0,0,Ministerio del Interior / portal oficial de datos abiertos,PRIMARY_OFFICIAL
2015,2015-12-20,18 - Granada,POR UN MUNDO MÁS JUSTO - PUM+J,445,0,Ministerio del Interior / portal oficial de datos abiertos,PRIMARY_OFFICIAL
2015,2015-12-20,18 - Granada,RECORTES CERO-GRUPO VERDE - RECORTES CE,638,0,Ministerio del Interior / portal oficial de datos abiertos,PRIMARY_OFFICIAL
2015,2015-12-20,18 - Granada,SOLIDARIDAD Y AUTOGESTIÓN INTERNACIONALISTA - SAIn,0,0,Ministerio del Interior / portal oficial de datos abiertos,PRIMARY_OFFICIAL
2015,2015-12-20,18 - Granada,SOLUCIONA - SOLUCIONA,0,0,Ministerio del Interior / portal oficial de datos abiertos,PRIMARY_OFFICIAL
2015,2015-12-20,18 - Granada,SOM VALENCIANS - SOMVAL,0,0,Ministerio del Interior / portal oficial de datos abiertos,PRIMARY_OFFICIAL
2015,2015-12-20,18 - Granada,"UNIDAD POPULAR EN ARAGÓN: IZQUIERDA UNIDA, CHUNTA - IU-CHA-UPeC",0,0,Ministerio del Interior / portal oficial de datos abiertos,PRIMARY_OFFICIAL
2015,2015-12-20,18 - Granada,UNIDAD POPULAR- ORAIN BATERA:EZKER ANITZA-IZQUIERD - IU-UPeC,0,0,Ministerio del Interior / portal oficial de datos abiertos,PRIMARY_OFFICIAL
2015,2015-12-20,18 - Granada,UNIDAD POPULAR-IZQUIERDA UNIDA - UNIDAD POPU,0,0,Ministerio del Interior / portal oficial de datos abiertos,PRIMARY_OFFICIAL
2015,2015-12-20,18 - Granada,UNIDAD POPULAR-ORAIN BATERA:EZKER ANITZA-IZQUIERDA - IU-UPeC,0,0,Ministerio del Interior / portal oficial de datos abiertos,PRIMARY_OFFICIAL
2015,2015-12-20,18 - Granada,UNIDAD POPULAR-ORAIN BATERA:EZKER ANITZA-IZQUIERDA - IU-UpeC,0,0,Ministerio del Interior / portal oficial de datos abiertos,PRIMARY_OFFICIAL
2015,2015-12-20,18 - Granada,"UNIDAD POPULAR-ORAIN BATERA:IZQUIERDA UNIDA, BATZA - IU-B-UPeC",0,0,Ministerio del Interior / portal oficial de datos abiertos,PRIMARY_OFFICIAL
2015,2015-12-20,18 - Granada,"UNIDAD POPULAR: IZQUIERDA UNIDA CANARIA, UNIDAD PO - IUC-UPeC",0,0,Ministerio del Interior / portal oficial de datos abiertos,PRIMARY_OFFICIAL
2015,2015-12-20,18 - Granada,UNIDAD POPULAR: IZQUIERDA UNIDA LOS VERDES - CONVO - UP: IULV-CA,26022,0,Ministerio del Interior / portal oficial de datos abiertos,PRIMARY_OFFICIAL
2015,2015-12-20,18 - Granada,"UNIDAD POPULAR: IZQUIERDA UNIDA LOS VERDES-CONVOCA - IULV-CA, UP",0,0,Ministerio del Interior / portal oficial de datos abiertos,PRIMARY_OFFICIAL
2015,2015-12-20,18 - Granada,"UNIDAD POPULAR: IZQUIERDA UNIDA LOS VERDES-CONVOCA - IULV-CA,UPe",0,0,Ministerio del Interior / portal oficial de datos abiertos,PRIMARY_OFFICIAL
2015,2015-12-20,18 - Granada,"UNIDAD POPULAR: IZQUIERDA UNIDA, UNIDAD POPULAR EN - IU-UPeC",0,0,Ministerio del Interior / portal oficial de datos abiertos,PRIMARY_OFFICIAL
2015,2015-12-20,18 - Granada,"UNIDAD POPULAR: IZQUIERDA UNIDA, UNIDAD POPULAR EN - IU-UPeC-IAS",0,0,Ministerio del Interior / portal oficial de datos abiertos,PRIMARY_OFFICIAL
2015,2015-12-20,18 - Granada,"UNIDAD POPULAR: IZQUIERDA UNIDA, UNIDAD POPULAR EN - UP-UPeC",0,0,Ministerio del Interior / portal oficial de datos abiertos,PRIMARY_OFFICIAL
2015,2015-12-20,18 - Granada,"UNIDAD POPULAR: IZQUIERDA UNIDA, UNIDAD POPULAR EN - UPeC-IU-IZC",0,0,Ministerio del Interior / portal oficial de datos abiertos,PRIMARY_OFFICIAL
2015,2015-12-20,18 - Granada,UNIDAD POPULAR: IZQUIERDA UNIDA-UNIDAD POPULAR EN - IU-UPeC,0,0,Ministerio del Interior / portal oficial de datos abiertos,PRIMARY_OFFICIAL
2015,2015-12-20,18 - Granada,UNIDAD POPULAR: IZQUIERDA UNIDA. UNIDAD POPULAR EN - IU-UPeC,0,0,Ministerio del Interior / portal oficial de datos abiertos,PRIMARY_OFFICIAL
2015,2015-12-20,18 - Granada,"UNIDAD POPULAR: UNIDAD POPULAR EN COMÚN, IZQUIERDA - UPeC-IU",0,0,Ministerio del Interior / portal oficial de datos abiertos,PRIMARY_OFFICIAL
2015,2015-12-20,18 - Granada,"UNITAT POPULAR BALEARS: IZQUIERDA UNIDA, UNIDAD PO - UPB: IU-UPe",0,0,Ministerio del Interior / portal oficial de datos abiertos,PRIMARY_OFFICIAL
2015,2015-12-20,18 - Granada,"UNITAT POPULAR: ESQUERRA UNIDA DEL PAÍS VALENCIÀ, - EUPV-UPeC",0,0,Ministerio del Interior / portal oficial de datos abiertos,PRIMARY_OFFICIAL
2015,2015-12-20,18 - Granada,"UNITAT POPULAR:ESQUERRA UNIDA DEL PAÍS VALENCIÀ, U - EUPV-UPeC",0,0,Ministerio del Interior / portal oficial de datos abiertos,PRIMARY_OFFICIAL
2015,2015-12-20,18 - Granada,UNIÓ DEMOCRÀTICA DE CATALUNYA - Unio.Cat,0,0,Ministerio del Interior / portal oficial de datos abiertos,PRIMARY_OFFICIAL
2015,2015-12-20,18 - Granada,UNIÓ DEMOCRÀTICA DE CATALUNYA - unio.cat,0,0,Ministerio del Interior / portal oficial de datos abiertos,PRIMARY_OFFICIAL
2015,2015-12-20,18 - Granada,UNIÓN DEL PUEBLO NAVARRO EN COALICIÓN CON EL PARTI - UPN-PP,0,0,Ministerio del Interior / portal oficial de datos abiertos,PRIMARY_OFFICIAL
2015,2015-12-20,18 - Granada,UNIÓN PROGRESO Y DEMOCRACIA (UPYD) - UPYD,0,0,Ministerio del Interior / portal oficial de datos abiertos,PRIMARY_OFFICIAL
2015,2015-12-20,18 - Granada,UNIÓN PROGRESO Y DEMOCRACIA - UPYD,2697,0,Ministerio del Interior / portal oficial de datos abiertos,PRIMARY_OFFICIAL
2015,2015-12-20,18 - Granada,VOX - VOX,1245,0,Ministerio del Interior / portal oficial de datos abiertos,PRIMARY_OFFICIAL
2015,2015-12-20,18 - Granada,X A ESQUERDA - X ESQ,0,0,Ministerio del Interior / portal oficial de datos abiertos,PRIMARY_OFFICIAL
2015,2015-12-20,18 - Granada,X LA IZQUIERDA-LOS VERDES - X LA IZQUIE,0,0,Ministerio del Interior / portal oficial de datos abiertos,PRIMARY_OFFICIAL
2015,2015-12-20,19 - Guadalajara,"""EN COMÚ PODEM"" - EN COMÚ",0,0,Ministerio del Interior / portal oficial de datos abiertos,PRIMARY_OFFICIAL
2015,2015-12-20,19 - Guadalajara,ANDALUCES DE JAÉN UNIDOS - AJU,0,0,Ministerio del Interior / portal oficial de datos abiertos,PRIMARY_OFFICIAL
2015,2015-12-20,19 - Guadalajara,"ARA, PAÍS VALENCIÀ - ARA, PV",0,0,Ministerio del Interior / portal oficial de datos abiertos,PRIMARY_OFFICIAL
2015,2015-12-20,19 - Guadalajara,"ARA, PAÍS VALENCIÀ - ARAPV",0,0,Ministerio del Interior / portal oficial de datos abiertos,PRIMARY_OFFICIAL
2015,2015-12-20,19 - Guadalajara,AVANT VALENCIANS - AVANT,0,0,Ministerio del Interior / portal oficial de datos abiertos,PRIMARY_OFFICIAL
2015,2015-12-20,19 - Guadalajara,BIDEZKO MUNDURANTZ/POR UN MUNDO MÁS JUSTO - PUM+J,0,0,Ministerio del Interior / portal oficial de datos abiertos,PRIMARY_OFFICIAL
2015,2015-12-20,19 - Guadalajara,"CANARIAS DECIDE: LOS VERDES, UNIDAD DEL PUEBLO Y A - CANARIAS DE",0,0,Ministerio del Interior / portal oficial de datos abiertos,PRIMARY_OFFICIAL
2015,2015-12-20,19 - Guadalajara,CIUDADANOS DE CENTRO DEMOCRÁTICO - CCD,0,0,Ministerio del Interior / portal oficial de datos abiertos,PRIMARY_OFFICIAL
2015,2015-12-20,19 - Guadalajara,CIUDADANOS LIBRES UNIDOS - CILUS,0,0,Ministerio del Interior / portal oficial de datos abiertos,PRIMARY_OFFICIAL
2015,2015-12-20,19 - Guadalajara,CIUDADANOS PARTIDO DE LA CIUDADANÍA - C's,24603,1,Ministerio del Interior / portal oficial de datos abiertos,PRIMARY_OFFICIAL
2015,2015-12-20,19 - Guadalajara,CIUDADANOS PARTIDO DE LA CIUDADANÍA - C´s,0,0,Ministerio del Interior / portal oficial de datos abiertos,PRIMARY_OFFICIAL
2015,2015-12-20,19 - Guadalajara,CIUDADANOS RURALES AGRUPADOS - CRA,0,0,Ministerio del Interior / portal oficial de datos abiertos,PRIMARY_OFFICIAL
2015,2015-12-20,19 - Guadalajara,"CIUDADANOS, PARTIDO DE LA CIUDADANÍA - C's",0,0,Ministerio del Interior / portal oficial de datos abiertos,PRIMARY_OFFICIAL
2015,2015-12-20,19 - Guadalajara,"CIUDADANOS, PARTIDO DE LA CIUDADANÍA - C´s",0,0,Ministerio del Interior / portal oficial de datos abiertos,PRIMARY_OFFICIAL
2015,2015-12-20,19 - Guadalajara,CIUDADANOS-PARTIDO DE LA CIUDADANÍA (C's) - C's,0,0,Ministerio del Interior / portal oficial de datos abiertos,PRIMARY_OFFICIAL
2015,2015-12-20,19 - Guadalajara,CIUDADANOS-PARTIDO DE LA CIUDADANÍA - C's,0,0,Ministerio del Interior / portal oficial de datos abiertos,PRIMARY_OFFICIAL
2015,2015-12-20,19 - Guadalajara,CIUDADANOS-PARTIDO DE LA CIUDADANÍA - C´s,0,0,Ministerio del Interior / portal oficial de datos abiertos,PRIMARY_OFFICIAL
2015,2015-12-20,19 - Guadalajara,CIUTADANS - PARTIDO DE LA CIUDADANÍA - C's,0,0,Ministerio del Interior / portal oficial de datos abiertos,PRIMARY_OFFICIAL
2015,2015-12-20,19 - Guadalajara,CIUTADANS-PARTIDO DE LA CIUDADANÍA - C's,0,0,Ministerio del Interior / portal oficial de datos abiertos,PRIMARY_OFFICIAL
2015,2015-12-20,19 - Guadalajara,COALICIÓN CANARIA - PARTIDO NACIONALISTA CANARIO - CCa-PNC,0,0,Ministerio del Interior / portal oficial de datos abiertos,PRIMARY_OFFICIAL
2015,2015-12-20,19 - Guadalajara,COALICIÓN CANARIA-PARTIDO NACIONALISTA CANARIO - CCa-PNC,0,0,Ministerio del Interior / portal oficial de datos abiertos,PRIMARY_OFFICIAL
2015,2015-12-20,19 - Guadalajara,COMPROMÍS-PODEMOS-ÉS EL MOMENT - PODEMOS - C,0,0,Ministerio del Interior / portal oficial de datos abiertos,PRIMARY_OFFICIAL
2015,2015-12-20,19 - Guadalajara,COMPROMÍS-PODEMOS-ÉS EL MOMENT - PODEMOS-COM,0,0,Ministerio del Interior / portal oficial de datos abiertos,PRIMARY_OFFICIAL
2015,2015-12-20,19 - Guadalajara,COMUNISTAS DA GALIZA - PCPE,0,0,Ministerio del Interior / portal oficial de datos abiertos,PRIMARY_OFFICIAL
2015,2015-12-20,19 - Guadalajara,COMUNISTAS DA GALIZA-PCPE - PCPE,0,0,Ministerio del Interior / portal oficial de datos abiertos,PRIMARY_OFFICIAL
2015,2015-12-20,19 - Guadalajara,DEMOCRACIA NACIONAL - DN,0,0,Ministerio del Interior / portal oficial de datos abiertos,PRIMARY_OFFICIAL
2015,2015-12-20,19 - Guadalajara,DEMOCRÀCIA I LLIBERTAT. CONVERGÈNCIA. DEMÒCRATES. - DL,0,0,Ministerio del Interior / portal oficial de datos abiertos,PRIMARY_OFFICIAL
2015,2015-12-20,19 - Guadalajara,EL PI - PROPOSTA PER LES ILLES - EL PI,0,0,Ministerio del Interior / portal oficial de datos abiertos,PRIMARY_OFFICIAL
2015,2015-12-20,19 - Guadalajara,EN COMÚ PODEM - EN COMÚ,0,0,Ministerio del Interior / portal oficial de datos abiertos,PRIMARY_OFFICIAL
2015,2015-12-20,19 - Guadalajara,EN MAREA - PODEMOS-EN,0,0,Ministerio del Interior / portal oficial de datos abiertos,PRIMARY_OFFICIAL
2015,2015-12-20,19 - Guadalajara,EN MAREA - PODEMOS-En,0,0,Ministerio del Interior / portal oficial de datos abiertos,PRIMARY_OFFICIAL
2015,2015-12-20,19 - Guadalajara,EN POSITIU - EN POSITIU,0,0,Ministerio del Interior / portal oficial de datos abiertos,PRIMARY_OFFICIAL
2015,2015-12-20,19 - Guadalajara,ESCAÑOS EN BLANCO - AULKI ZURIAK - EB - AZ,0,0,Ministerio del Interior / portal oficial de datos abiertos,PRIMARY_OFFICIAL
2015,2015-12-20,19 - Guadalajara,ESCAÑOS EN BLANCO - EB,0,0,Ministerio del Interior / portal oficial de datos abiertos,PRIMARY_OFFICIAL
2015,2015-12-20,19 - Guadalajara,ESCAÑOS EN BLANCO-AULKI ZURIAK - EB-AZ,0,0,Ministerio del Interior / portal oficial de datos abiertos,PRIMARY_OFFICIAL
2015,2015-12-20,19 - Guadalajara,ESCONS EN BLANC/ESCAÑOS EN BLANCO - EB,0,0,Ministerio del Interior / portal oficial de datos abiertos,PRIMARY_OFFICIAL
2015,2015-12-20,19 - Guadalajara,ESQUERRA REPUBLICANA DE CATALUNYA-CATALUNYA SÍ - ERC-CATSI,0,0,Ministerio del Interior / portal oficial de datos abiertos,PRIMARY_OFFICIAL
2015,2015-12-20,19 - Guadalajara,ESQUERRA REPUBLICANA DE CATALUNYA-CATALUNYA SÍ - ERC-CATSÍ,0,0,Ministerio del Interior / portal oficial de datos abiertos,PRIMARY_OFFICIAL
2015,2015-12-20,19 - Guadalajara,EUSKAL HERRIA BILDU (EH Bildu) - EH Bildu,0,0,Ministerio del Interior / portal oficial de datos abiertos,PRIMARY_OFFICIAL
2015,2015-12-20,19 - Guadalajara,EUSKAL HERRIA BILDU - EH Bildu,0,0,Ministerio del Interior / portal oficial de datos abiertos,PRIMARY_OFFICIAL
2015,2015-12-20,19 - Guadalajara,EUZKO ALDERDI JELTZALEA-PARTIDO NACIONALISTA VASCO - EAJ-PNV,0,0,Ministerio del Interior / portal oficial de datos abiertos,PRIMARY_OFFICIAL
2015,2015-12-20,19 - Guadalajara,EXTREMADURA UNIDA-EXTREMEÑOS - EU-eX,0,0,Ministerio del Interior / portal oficial de datos abiertos,PRIMARY_OFFICIAL
2015,2015-12-20,19 - Guadalajara,EZKERRA-X LA IZQUIERDA - EZKERRA,0,0,Ministerio del Interior / portal oficial de datos abiertos,PRIMARY_OFFICIAL
2015,2015-12-20,19 - Guadalajara,FALANGE ESPAÑOLA DE LAS JONS - FE de las J,0,0,Ministerio del Interior / portal oficial de datos abiertos,PRIMARY_OFFICIAL
2015,2015-12-20,19 - Guadalajara,FORO DEMÓCRATA - FDEE,0,0,Ministerio del Interior / portal oficial de datos abiertos,PRIMARY_OFFICIAL
2015,2015-12-20,19 - Guadalajara,GEROA BAI - GBAI,0,0,Ministerio del Interior / portal oficial de datos abiertos,PRIMARY_OFFICIAL
2015,2015-12-20,19 - Guadalajara,INDEPENDIENTES POR ARAGÓN - Independien,0,0,Ministerio del Interior / portal oficial de datos abiertos,PRIMARY_OFFICIAL
2015,2015-12-20,19 - Guadalajara,INICIATIVA FEMINISTA - IFem,0,0,Ministerio del Interior / portal oficial de datos abiertos,PRIMARY_OFFICIAL
2015,2015-12-20,19 - Guadalajara,"JUSTIZIA SOCIAL, PARTICIPACIÓN CIUDADANA - JS,PC",0,0,Ministerio del Interior / portal oficial de datos abiertos,PRIMARY_OFFICIAL
2015,2015-12-20,19 - Guadalajara,"LIBERTAD NAVARRA, LIBERTATE NAFARRA (Ln) - Ln",0,0,Ministerio del Interior / portal oficial de datos abiertos,PRIMARY_OFFICIAL
2015,2015-12-20,19 - Guadalajara,"LIBERTAD NAVARRA, LIBERTATE NAFARRA - Ln",0,0,Ministerio del Interior / portal oficial de datos abiertos,PRIMARY_OFFICIAL
2015,2015-12-20,19 - Guadalajara,LIBERTAD NAVARRA-LIBERTATE NAFARRA - Ln,0,0,Ministerio del Interior / portal oficial de datos abiertos,PRIMARY_OFFICIAL
2015,2015-12-20,19 - Guadalajara,LOS VERDES-ECOPACIFISTAS - CENTRO MODE,0,0,Ministerio del Interior / portal oficial de datos abiertos,PRIMARY_OFFICIAL
2015,2015-12-20,19 - Guadalajara,MUERTE AL SISTEMA - +MAS+,0,0,Ministerio del Interior / portal oficial de datos abiertos,PRIMARY_OFFICIAL
2015,2015-12-20,19 - Guadalajara,MÁLAGA POR SÍ - mlgXSÍ,0,0,Ministerio del Interior / portal oficial de datos abiertos,PRIMARY_OFFICIAL
2015,2015-12-20,19 - Guadalajara,MÉS - MÉS,0,0,Ministerio del Interior / portal oficial de datos abiertos,PRIMARY_OFFICIAL
2015,2015-12-20,19 - Guadalajara,NÓS-CANDIDATURA GALEGA (BNG-CG-FOGA-PCPG-PG) - NÓS,0,0,Ministerio del Interior / portal oficial de datos abiertos,PRIMARY_OFFICIAL
2015,2015-12-20,19 - Guadalajara,ONGI ETORRI - OE,0,0,Ministerio del Interior / portal oficial de datos abiertos,PRIMARY_OFFICIAL
2015,2015-12-20,19 - Guadalajara,PARTIDO ANIMALISTA CONTRA EL MALTRATO ANIMAL (PACM - PACMA,0,0,Ministerio del Interior / portal oficial de datos abiertos,PRIMARY_OFFICIAL
2015,2015-12-20,19 - Guadalajara,PARTIDO ANIMALISTA CONTRA EL MALTRATO ANIMAL - PACMA,1152,0,Ministerio del Interior / portal oficial de datos abiertos,PRIMARY_OFFICIAL
2015,2015-12-20,19 - Guadalajara,PARTIDO ANIMALISTA CONTRA O MALTRATO ANIMAL - PACMA,0,0,Ministerio del Interior / portal oficial de datos abiertos,PRIMARY_OFFICIAL
2015,2015-12-20,19 - Guadalajara,PARTIDO ANIMALISTA-CONTRA EL MALTRATO ANIMAL - PACMA,0,0,Ministerio del Interior / portal oficial de datos abiertos,PRIMARY_OFFICIAL
2015,2015-12-20,19 - Guadalajara,PARTIDO COMUNISTA DE LOS PUEBLOS DE ESPAÑA - PCPE,0,0,Ministerio del Interior / portal oficial de datos abiertos,PRIMARY_OFFICIAL
2015,2015-12-20,19 - Guadalajara,PARTIDO COMUNISTA DEL PUEBLO CANARIO - PCPC,0,0,Ministerio del Interior / portal oficial de datos abiertos,PRIMARY_OFFICIAL
2015,2015-12-20,19 - Guadalajara,PARTIDO COMUNISTA OBRERO ESPAÑOL - PCOE,0,0,Ministerio del Interior / portal oficial de datos abiertos,PRIMARY_OFFICIAL
2015,2015-12-20,19 - Guadalajara,PARTIDO DA TERRA - PT,0,0,Ministerio del Interior / portal oficial de datos abiertos,PRIMARY_OFFICIAL
2015,2015-12-20,19 - Guadalajara,PARTIDO DOS SOCIALISTAS DE GALICIA-PSOE - PSdeG-PSOE,0,0,Ministerio del Interior / portal oficial de datos abiertos,PRIMARY_OFFICIAL
2015,2015-12-20,19 - Guadalajara,PARTIDO FAMILIA Y VIDA - PFyV,0,0,Ministerio del Interior / portal oficial de datos abiertos,PRIMARY_OFFICIAL
2015,2015-12-20,19 - Guadalajara,PARTIDO HUMANISTA - PH,0,0,Ministerio del Interior / portal oficial de datos abiertos,PRIMARY_OFFICIAL
2015,2015-12-20,19 - Guadalajara,PARTIDO LIBERAL DE DERECHAS - PLD,0,0,Ministerio del Interior / portal oficial de datos abiertos,PRIMARY_OFFICIAL
2015,2015-12-20,19 - Guadalajara,PARTIDO LIBERTARIO - P-LIB,0,0,Ministerio del Interior / portal oficial de datos abiertos,PRIMARY_OFFICIAL
2015,2015-12-20,19 - Guadalajara,PARTIDO POPULAR (PP) - PP,0,0,Ministerio del Interior / portal oficial de datos abiertos,PRIMARY_OFFICIAL
2015,2015-12-20,19 - Guadalajara,PARTIDO POPULAR - PP,47365,1,Ministerio del Interior / portal oficial de datos abiertos,PRIMARY_OFFICIAL
2015,2015-12-20,19 - Guadalajara,PARTIDO POPULAR EN COALICIÓN CON EL PARTIDO ARAGON - PP-PAR,0,0,Ministerio del Interior / portal oficial de datos abiertos,PRIMARY_OFFICIAL
2015,2015-12-20,19 - Guadalajara,PARTIDO POPULAR-FORO - PP-FORO,0,0,Ministerio del Interior / portal oficial de datos abiertos,PRIMARY_OFFICIAL
2015,2015-12-20,19 - Guadalajara,PARTIDO POPULAR/PARTIT POPULAR - PP,0,0,Ministerio del Interior / portal oficial de datos abiertos,PRIMARY_OFFICIAL
2015,2015-12-20,19 - Guadalajara,PARTIDO REGIONALISTA DEL PAÍS LEONÉS - PREPAL,0,0,Ministerio del Interior / portal oficial de datos abiertos,PRIMARY_OFFICIAL
2015,2015-12-20,19 - Guadalajara,PARTIDO SOCIALISTA DE EUSKADI-EUSKADIKO EZKERRA (P - PSE-EE,0,0,Ministerio del Interior / portal oficial de datos abiertos,PRIMARY_OFFICIAL
2015,2015-12-20,19 - Guadalajara,PARTIDO SOCIALISTA DE EUSKADI-EUSKADIKO EZKERRA (P - PSE-EE (PSO,0,0,Ministerio del Interior / portal oficial de datos abiertos,PRIMARY_OFFICIAL
2015,2015-12-20,19 - Guadalajara,PARTIDO SOCIALISTA OBRERO ESPAÑOL - PSOE,30685,1,Ministerio del Interior / portal oficial de datos abiertos,PRIMARY_OFFICIAL
2015,2015-12-20,19 - Guadalajara,PARTIDO SOCIALISTA OBRERO ESPAÑOL-NUEVA CANARIAS - PSOE-NCa,0,0,Ministerio del Interior / portal oficial de datos abiertos,PRIMARY_OFFICIAL
2015,2015-12-20,19 - Guadalajara,PARTIT ANIMALISTA CONTRA EL MALTRACTAMENT ANIMAL - PACMA,0,0,Ministerio del Interior / portal oficial de datos abiertos,PRIMARY_OFFICIAL
2015,2015-12-20,19 - Guadalajara,PARTIT COMUNISTA DEL POBLE DE CATALUNYA - PCPC,0,0,Ministerio del Interior / portal oficial de datos abiertos,PRIMARY_OFFICIAL
2015,2015-12-20,19 - Guadalajara,PARTIT COMUNISTA DELS POBLES D’ESPANYA - PCPE,0,0,Ministerio del Interior / portal oficial de datos abiertos,PRIMARY_OFFICIAL
2015,2015-12-20,19 - Guadalajara,PARTIT DELS SOCIALISTES DE CATALUNYA (PSC-PSOE) - PSC,0,0,Ministerio del Interior / portal oficial de datos abiertos,PRIMARY_OFFICIAL
2015,2015-12-20,19 - Guadalajara,PARTIT DELS SOCIALISTES DE CATALUNYA - PSC-PSOE,0,0,Ministerio del Interior / portal oficial de datos abiertos,PRIMARY_OFFICIAL
2015,2015-12-20,19 - Guadalajara,PODEMOS - PODEMOS,23827,0,Ministerio del Interior / portal oficial de datos abiertos,PRIMARY_OFFICIAL
2015,2015-12-20,19 - Guadalajara,PODEMOS-AHAL DUGU - PODEMOS-AHA,0,0,Ministerio del Interior / portal oficial de datos abiertos,PRIMARY_OFFICIAL
2015,2015-12-20,19 - Guadalajara,PODEMOS-Ahora Alto Aragón en Común - PODEMOS-Aho,0,0,Ministerio del Interior / portal oficial de datos abiertos,PRIMARY_OFFICIAL
2015,2015-12-20,19 - Guadalajara,PODEMOS/AHAL DUGU - PODEMOS-AHA,0,0,Ministerio del Interior / portal oficial de datos abiertos,PRIMARY_OFFICIAL
2015,2015-12-20,19 - Guadalajara,POR UN MUNDO MÁS JUSTO - PUM+J,0,0,Ministerio del Interior / portal oficial de datos abiertos,PRIMARY_OFFICIAL
2015,2015-12-20,19 - Guadalajara,RECORTES CERO-GRUPO VERDE - RECORTES CE,283,0,Ministerio del Interior / portal oficial de datos abiertos,PRIMARY_OFFICIAL
2015,2015-12-20,19 - Guadalajara,SOLIDARIDAD Y AUTOGESTIÓN INTERNACIONALISTA - SAIn,75,0,Ministerio del Interior / portal oficial de datos abiertos,PRIMARY_OFFICIAL
2015,2015-12-20,19 - Guadalajara,SOLUCIONA - SOLUCIONA,0,0,Ministerio del Interior / portal oficial de datos abiertos,PRIMARY_OFFICIAL
2015,2015-12-20,19 - Guadalajara,SOM VALENCIANS - SOMVAL,0,0,Ministerio del Interior / portal oficial de datos abiertos,PRIMARY_OFFICIAL
2015,2015-12-20,19 - Guadalajara,"UNIDAD POPULAR EN ARAGÓN: IZQUIERDA UNIDA, CHUNTA - IU-CHA-UPeC",0,0,Ministerio del Interior / portal oficial de datos abiertos,PRIMARY_OFFICIAL
2015,2015-12-20,19 - Guadalajara,UNIDAD POPULAR- ORAIN BATERA:EZKER ANITZA-IZQUIERD - IU-UPeC,0,0,Ministerio del Interior / portal oficial de datos abiertos,PRIMARY_OFFICIAL
2015,2015-12-20,19 - Guadalajara,UNIDAD POPULAR-IZQUIERDA UNIDA - UNIDAD POPU,0,0,Ministerio del Interior / portal oficial de datos abiertos,PRIMARY_OFFICIAL
2015,2015-12-20,19 - Guadalajara,UNIDAD POPULAR-ORAIN BATERA:EZKER ANITZA-IZQUIERDA - IU-UPeC,0,0,Ministerio del Interior / portal oficial de datos abiertos,PRIMARY_OFFICIAL
2015,2015-12-20,19 - Guadalajara,UNIDAD POPULAR-ORAIN BATERA:EZKER ANITZA-IZQUIERDA - IU-UpeC,0,0,Ministerio del Interior / portal oficial de datos abiertos,PRIMARY_OFFICIAL
2015,2015-12-20,19 - Guadalajara,"UNIDAD POPULAR-ORAIN BATERA:IZQUIERDA UNIDA, BATZA - IU-B-UPeC",0,0,Ministerio del Interior / portal oficial de datos abiertos,PRIMARY_OFFICIAL
2015,2015-12-20,19 - Guadalajara,"UNIDAD POPULAR: IZQUIERDA UNIDA CANARIA, UNIDAD PO - IUC-UPeC",0,0,Ministerio del Interior / portal oficial de datos abiertos,PRIMARY_OFFICIAL
2015,2015-12-20,19 - Guadalajara,UNIDAD POPULAR: IZQUIERDA UNIDA LOS VERDES - CONVO - UP: IULV-CA,0,0,Ministerio del Interior / portal oficial de datos abiertos,PRIMARY_OFFICIAL
2015,2015-12-20,19 - Guadalajara,"UNIDAD POPULAR: IZQUIERDA UNIDA LOS VERDES-CONVOCA - IULV-CA, UP",0,0,Ministerio del Interior / portal oficial de datos abiertos,PRIMARY_OFFICIAL
2015,2015-12-20,19 - Guadalajara,"UNIDAD POPULAR: IZQUIERDA UNIDA LOS VERDES-CONVOCA - IULV-CA,UPe",0,0,Ministerio del Interior / portal oficial de datos abiertos,PRIMARY_OFFICIAL
2015,2015-12-20,19 - Guadalajara,"UNIDAD POPULAR: IZQUIERDA UNIDA, UNIDAD POPULAR EN - IU-UPeC",5628,0,Ministerio del Interior / portal oficial de datos abiertos,PRIMARY_OFFICIAL
2015,2015-12-20,19 - Guadalajara,"UNIDAD POPULAR: IZQUIERDA UNIDA, UNIDAD POPULAR EN - IU-UPeC-IAS",0,0,Ministerio del Interior / portal oficial de datos abiertos,PRIMARY_OFFICIAL
2015,2015-12-20,19 - Guadalajara,"UNIDAD POPULAR: IZQUIERDA UNIDA, UNIDAD POPULAR EN - UP-UPeC",0,0,Ministerio del Interior / portal oficial de datos abiertos,PRIMARY_OFFICIAL
2015,2015-12-20,19 - Guadalajara,"UNIDAD POPULAR: IZQUIERDA UNIDA, UNIDAD POPULAR EN - UPeC-IU-IZC",0,0,Ministerio del Interior / portal oficial de datos abiertos,PRIMARY_OFFICIAL
2015,2015-12-20,19 - Guadalajara,UNIDAD POPULAR: IZQUIERDA UNIDA-UNIDAD POPULAR EN - IU-UPeC,0,0,Ministerio del Interior / portal oficial de datos abiertos,PRIMARY_OFFICIAL
2015,2015-12-20,19 - Guadalajara,UNIDAD POPULAR: IZQUIERDA UNIDA. UNIDAD POPULAR EN - IU-UPeC,0,0,Ministerio del Interior / portal oficial de datos abiertos,PRIMARY_OFFICIAL
2015,2015-12-20,19 - Guadalajara,"UNIDAD POPULAR: UNIDAD POPULAR EN COMÚN, IZQUIERDA - UPeC-IU",0,0,Ministerio del Interior / portal oficial de datos abiertos,PRIMARY_OFFICIAL
2015,2015-12-20,19 - Guadalajara,"UNITAT POPULAR BALEARS: IZQUIERDA UNIDA, UNIDAD PO - UPB: IU-UPe",0,0,Ministerio del Interior / portal oficial de datos abiertos,PRIMARY_OFFICIAL
2015,2015-12-20,19 - Guadalajara,"UNITAT POPULAR: ESQUERRA UNIDA DEL PAÍS VALENCIÀ, - EUPV-UPeC",0,0,Ministerio del Interior / portal oficial de datos abiertos,PRIMARY_OFFICIAL
2015,2015-12-20,19 - Guadalajara,"UNITAT POPULAR:ESQUERRA UNIDA DEL PAÍS VALENCIÀ, U - EUPV-UPeC",0,0,Ministerio del Interior / portal oficial de datos abiertos,PRIMARY_OFFICIAL
2015,2015-12-20,19 - Guadalajara,UNIÓ DEMOCRÀTICA DE CATALUNYA - Unio.Cat,0,0,Ministerio del Interior / portal oficial de datos abiertos,PRIMARY_OFFICIAL
2015,2015-12-20,19 - Guadalajara,UNIÓ DEMOCRÀTICA DE CATALUNYA - unio.cat,0,0,Ministerio del Interior / portal oficial de datos abiertos,PRIMARY_OFFICIAL
2015,2015-12-20,19 - Guadalajara,UNIÓN DEL PUEBLO NAVARRO EN COALICIÓN CON EL PARTI - UPN-PP,0,0,Ministerio del Interior / portal oficial de datos abiertos,PRIMARY_OFFICIAL
2015,2015-12-20,19 - Guadalajara,UNIÓN PROGRESO Y DEMOCRACIA (UPYD) - UPYD,0,0,Ministerio del Interior / portal oficial de datos abiertos,PRIMARY_OFFICIAL
2015,2015-12-20,19 - Guadalajara,UNIÓN PROGRESO Y DEMOCRACIA - UPYD,1026,0,Ministerio del Interior / portal oficial de datos abiertos,PRIMARY_OFFICIAL
2015,2015-12-20,19 - Guadalajara,VOX - VOX,645,0,Ministerio del Interior / portal oficial de datos abiertos,PRIMARY_OFFICIAL
2015,2015-12-20,19 - Guadalajara,X A ESQUERDA - X ESQ,0,0,Ministerio del Interior / portal oficial de datos abiertos,PRIMARY_OFFICIAL
2015,2015-12-20,19 - Guadalajara,X LA IZQUIERDA-LOS VERDES - X LA IZQUIE,0,0,Ministerio del Interior / portal oficial de datos abiertos,PRIMARY_OFFICIAL
2015,2015-12-20,2 - Albacete,"""EN COMÚ PODEM"" - EN COMÚ",0,0,Ministerio del Interior / portal oficial de datos abiertos,PRIMARY_OFFICIAL
2015,2015-12-20,2 - Albacete,ANDALUCES DE JAÉN UNIDOS - AJU,0,0,Ministerio del Interior / portal oficial de datos abiertos,PRIMARY_OFFICIAL
2015,2015-12-20,2 - Albacete,"ARA, PAÍS VALENCIÀ - ARA, PV",0,0,Ministerio del Interior / portal oficial de datos abiertos,PRIMARY_OFFICIAL
2015,2015-12-20,2 - Albacete,"ARA, PAÍS VALENCIÀ - ARAPV",0,0,Ministerio del Interior / portal oficial de datos abiertos,PRIMARY_OFFICIAL
2015,2015-12-20,2 - Albacete,AVANT VALENCIANS - AVANT,0,0,Ministerio del Interior / portal oficial de datos abiertos,PRIMARY_OFFICIAL
2015,2015-12-20,2 - Albacete,BIDEZKO MUNDURANTZ/POR UN MUNDO MÁS JUSTO - PUM+J,0,0,Ministerio del Interior / portal oficial de datos abiertos,PRIMARY_OFFICIAL
2015,2015-12-20,2 - Albacete,"CANARIAS DECIDE: LOS VERDES, UNIDAD DEL PUEBLO Y A - CANARIAS DE",0,0,Ministerio del Interior / portal oficial de datos abiertos,PRIMARY_OFFICIAL
2015,2015-12-20,2 - Albacete,CIUDADANOS DE CENTRO DEMOCRÁTICO - CCD,0,0,Ministerio del Interior / portal oficial de datos abiertos,PRIMARY_OFFICIAL
2015,2015-12-20,2 - Albacete,CIUDADANOS LIBRES UNIDOS - CILUS,0,0,Ministerio del Interior / portal oficial de datos abiertos,PRIMARY_OFFICIAL
2015,2015-12-20,2 - Albacete,CIUDADANOS PARTIDO DE LA CIUDADANÍA - C's,0,0,Ministerio del Interior / portal oficial de datos abiertos,PRIMARY_OFFICIAL
2015,2015-12-20,2 - Albacete,CIUDADANOS PARTIDO DE LA CIUDADANÍA - C´s,0,0,Ministerio del Interior / portal oficial de datos abiertos,PRIMARY_OFFICIAL
2015,2015-12-20,2 - Albacete,CIUDADANOS RURALES AGRUPADOS - CRA,0,0,Ministerio del Interior / portal oficial de datos abiertos,PRIMARY_OFFICIAL
2015,2015-12-20,2 - Albacete,"CIUDADANOS, PARTIDO DE LA CIUDADANÍA - C's",0,0,Ministerio del Interior / portal oficial de datos abiertos,PRIMARY_OFFICIAL
2015,2015-12-20,2 - Albacete,"CIUDADANOS, PARTIDO DE LA CIUDADANÍA - C´s",0,0,Ministerio del Interior / portal oficial de datos abiertos,PRIMARY_OFFICIAL
2015,2015-12-20,2 - Albacete,CIUDADANOS-PARTIDO DE LA CIUDADANÍA (C's) - C's,0,0,Ministerio del Interior / portal oficial de datos abiertos,PRIMARY_OFFICIAL
2015,2015-12-20,2 - Albacete,CIUDADANOS-PARTIDO DE LA CIUDADANÍA - C's,33755,1,Ministerio del Interior / portal oficial de datos abiertos,PRIMARY_OFFICIAL
2015,2015-12-20,2 - Albacete,CIUDADANOS-PARTIDO DE LA CIUDADANÍA - C´s,0,0,Ministerio del Interior / portal oficial de datos abiertos,PRIMARY_OFFICIAL
2015,2015-12-20,2 - Albacete,CIUTADANS - PARTIDO DE LA CIUDADANÍA - C's,0,0,Ministerio del Interior / portal oficial de datos abiertos,PRIMARY_OFFICIAL
2015,2015-12-20,2 - Albacete,CIUTADANS-PARTIDO DE LA CIUDADANÍA - C's,0,0,Ministerio del Interior / portal oficial de datos abiertos,PRIMARY_OFFICIAL
2015,2015-12-20,2 - Albacete,COALICIÓN CANARIA - PARTIDO NACIONALISTA CANARIO - CCa-PNC,0,0,Ministerio del Interior / portal oficial de datos abiertos,PRIMARY_OFFICIAL
2015,2015-12-20,2 - Albacete,COALICIÓN CANARIA-PARTIDO NACIONALISTA CANARIO - CCa-PNC,0,0,Ministerio del Interior / portal oficial de datos abiertos,PRIMARY_OFFICIAL
2015,2015-12-20,2 - Albacete,COMPROMÍS-PODEMOS-ÉS EL MOMENT - PODEMOS - C,0,0,Ministerio del Interior / portal oficial de datos abiertos,PRIMARY_OFFICIAL
2015,2015-12-20,2 - Albacete,COMPROMÍS-PODEMOS-ÉS EL MOMENT - PODEMOS-COM,0,0,Ministerio del Interior / portal oficial de datos abiertos,PRIMARY_OFFICIAL
2015,2015-12-20,2 - Albacete,COMUNISTAS DA GALIZA - PCPE,0,0,Ministerio del Interior / portal oficial de datos abiertos,PRIMARY_OFFICIAL
2015,2015-12-20,2 - Albacete,COMUNISTAS DA GALIZA-PCPE - PCPE,0,0,Ministerio del Interior / portal oficial de datos abiertos,PRIMARY_OFFICIAL
2015,2015-12-20,2 - Albacete,DEMOCRACIA NACIONAL - DN,0,0,Ministerio del Interior / portal oficial de datos abiertos,PRIMARY_OFFICIAL
2015,2015-12-20,2 - Albacete,DEMOCRÀCIA I LLIBERTAT. CONVERGÈNCIA. DEMÒCRATES. - DL,0,0,Ministerio del Interior / portal oficial de datos abiertos,PRIMARY_OFFICIAL
2015,2015-12-20,2 - Albacete,EL PI - PROPOSTA PER LES ILLES - EL PI,0,0,Ministerio del Interior / portal oficial de datos abiertos,PRIMARY_OFFICIAL
2015,2015-12-20,2 - Albacete,EN COMÚ PODEM - EN COMÚ,0,0,Ministerio del Interior / portal oficial de datos abiertos,PRIMARY_OFFICIAL
2015,2015-12-20,2 - Albacete,EN MAREA - PODEMOS-EN,0,0,Ministerio del Interior / portal oficial de datos abiertos,PRIMARY_OFFICIAL
2015,2015-12-20,2 - Albacete,EN MAREA - PODEMOS-En,0,0,Ministerio del Interior / portal oficial de datos abiertos,PRIMARY_OFFICIAL
2015,2015-12-20,2 - Albacete,EN POSITIU - EN POSITIU,0,0,Ministerio del Interior / portal oficial de datos abiertos,PRIMARY_OFFICIAL
2015,2015-12-20,2 - Albacete,ESCAÑOS EN BLANCO - AULKI ZURIAK - EB - AZ,0,0,Ministerio del Interior / portal oficial de datos abiertos,PRIMARY_OFFICIAL
2015,2015-12-20,2 - Albacete,ESCAÑOS EN BLANCO - EB,0,0,Ministerio del Interior / portal oficial de datos abiertos,PRIMARY_OFFICIAL
2015,2015-12-20,2 - Albacete,ESCAÑOS EN BLANCO-AULKI ZURIAK - EB-AZ,0,0,Ministerio del Interior / portal oficial de datos abiertos,PRIMARY_OFFICIAL
2015,2015-12-20,2 - Albacete,ESCONS EN BLANC/ESCAÑOS EN BLANCO - EB,0,0,Ministerio del Interior / portal oficial de datos abiertos,PRIMARY_OFFICIAL
2015,2015-12-20,2 - Albacete,ESQUERRA REPUBLICANA DE CATALUNYA-CATALUNYA SÍ - ERC-CATSI,0,0,Ministerio del Interior / portal oficial de datos abiertos,PRIMARY_OFFICIAL
2015,2015-12-20,2 - Albacete,ESQUERRA REPUBLICANA DE CATALUNYA-CATALUNYA SÍ - ERC-CATSÍ,0,0,Ministerio del Interior / portal oficial de datos abiertos,PRIMARY_OFFICIAL
2015,2015-12-20,2 - Albacete,EUSKAL HERRIA BILDU (EH Bildu) - EH Bildu,0,0,Ministerio del Interior / portal oficial de datos abiertos,PRIMARY_OFFICIAL
2015,2015-12-20,2 - Albacete,EUSKAL HERRIA BILDU - EH Bildu,0,0,Ministerio del Interior / portal oficial de datos abiertos,PRIMARY_OFFICIAL
2015,2015-12-20,2 - Albacete,EUZKO ALDERDI JELTZALEA-PARTIDO NACIONALISTA VASCO - EAJ-PNV,0,0,Ministerio del Interior / portal oficial de datos abiertos,PRIMARY_OFFICIAL
2015,2015-12-20,2 - Albacete,EXTREMADURA UNIDA-EXTREMEÑOS - EU-eX,0,0,Ministerio del Interior / portal oficial de datos abiertos,PRIMARY_OFFICIAL
2015,2015-12-20,2 - Albacete,EZKERRA-X LA IZQUIERDA - EZKERRA,0,0,Ministerio del Interior / portal oficial de datos abiertos,PRIMARY_OFFICIAL
2015,2015-12-20,2 - Albacete,FALANGE ESPAÑOLA DE LAS JONS - FE de las J,0,0,Ministerio del Interior / portal oficial de datos abiertos,PRIMARY_OFFICIAL
2015,2015-12-20,2 - Albacete,FORO DEMÓCRATA - FDEE,0,0,Ministerio del Interior / portal oficial de datos abiertos,PRIMARY_OFFICIAL
2015,2015-12-20,2 - Albacete,GEROA BAI - GBAI,0,0,Ministerio del Interior / portal oficial de datos abiertos,PRIMARY_OFFICIAL
2015,2015-12-20,2 - Albacete,INDEPENDIENTES POR ARAGÓN - Independien,0,0,Ministerio del Interior / portal oficial de datos abiertos,PRIMARY_OFFICIAL
2015,2015-12-20,2 - Albacete,INICIATIVA FEMINISTA - IFem,0,0,Ministerio del Interior / portal oficial de datos abiertos,PRIMARY_OFFICIAL
2015,2015-12-20,2 - Albacete,"JUSTIZIA SOCIAL, PARTICIPACIÓN CIUDADANA - JS,PC",0,0,Ministerio del Interior / portal oficial de datos abiertos,PRIMARY_OFFICIAL
2015,2015-12-20,2 - Albacete,"LIBERTAD NAVARRA, LIBERTATE NAFARRA (Ln) - Ln",0,0,Ministerio del Interior / portal oficial de datos abiertos,PRIMARY_OFFICIAL
2015,2015-12-20,2 - Albacete,"LIBERTAD NAVARRA, LIBERTATE NAFARRA - Ln",0,0,Ministerio del Interior / portal oficial de datos abiertos,PRIMARY_OFFICIAL
2015,2015-12-20,2 - Albacete,LIBERTAD NAVARRA-LIBERTATE NAFARRA - Ln,0,0,Ministerio del Interior / portal oficial de datos abiertos,PRIMARY_OFFICIAL
2015,2015-12-20,2 - Albacete,LOS VERDES-ECOPACIFISTAS - CENTRO MODE,0,0,Ministerio del Interior / portal oficial de datos abiertos,PRIMARY_OFFICIAL
2015,2015-12-20,2 - Albacete,MUERTE AL SISTEMA - +MAS+,0,0,Ministerio del Interior / portal oficial de datos abiertos,PRIMARY_OFFICIAL
2015,2015-12-20,2 - Albacete,MÁLAGA POR SÍ - mlgXSÍ,0,0,Ministerio del Interior / portal oficial de datos abiertos,PRIMARY_OFFICIAL
2015,2015-12-20,2 - Albacete,MÉS - MÉS,0,0,Ministerio del Interior / portal oficial de datos abiertos,PRIMARY_OFFICIAL
2015,2015-12-20,2 - Albacete,NÓS-CANDIDATURA GALEGA (BNG-CG-FOGA-PCPG-PG) - NÓS,0,0,Ministerio del Interior / portal oficial de datos abiertos,PRIMARY_OFFICIAL
2015,2015-12-20,2 - Albacete,ONGI ETORRI - OE,0,0,Ministerio del Interior / portal oficial de datos abiertos,PRIMARY_OFFICIAL
2015,2015-12-20,2 - Albacete,PARTIDO ANIMALISTA CONTRA EL MALTRATO ANIMAL (PACM - PACMA,0,0,Ministerio del Interior / portal oficial de datos abiertos,PRIMARY_OFFICIAL
2015,2015-12-20,2 - Albacete,PARTIDO ANIMALISTA CONTRA EL MALTRATO ANIMAL - PACMA,1583,0,Ministerio del Interior / portal oficial de datos abiertos,PRIMARY_OFFICIAL
2015,2015-12-20,2 - Albacete,PARTIDO ANIMALISTA CONTRA O MALTRATO ANIMAL - PACMA,0,0,Ministerio del Interior / portal oficial de datos abiertos,PRIMARY_OFFICIAL
2015,2015-12-20,2 - Albacete,PARTIDO ANIMALISTA-CONTRA EL MALTRATO ANIMAL - PACMA,0,0,Ministerio del Interior / portal oficial de datos abiertos,PRIMARY_OFFICIAL
2015,2015-12-20,2 - Albacete,PARTIDO COMUNISTA DE LOS PUEBLOS DE ESPAÑA - PCPE,251,0,Ministerio del Interior / portal oficial de datos abiertos,PRIMARY_OFFICIAL
2015,2015-12-20,2 - Albacete,PARTIDO COMUNISTA DEL PUEBLO CANARIO - PCPC,0,0,Ministerio del Interior / portal oficial de datos abiertos,PRIMARY_OFFICIAL
2015,2015-12-20,2 - Albacete,PARTIDO COMUNISTA OBRERO ESPAÑOL - PCOE,0,0,Ministerio del Interior / portal oficial de datos abiertos,PRIMARY_OFFICIAL
2015,2015-12-20,2 - Albacete,PARTIDO DA TERRA - PT,0,0,Ministerio del Interior / portal oficial de datos abiertos,PRIMARY_OFFICIAL
2015,2015-12-20,2 - Albacete,PARTIDO DOS SOCIALISTAS DE GALICIA-PSOE - PSdeG-PSOE,0,0,Ministerio del Interior / portal oficial de datos abiertos,PRIMARY_OFFICIAL
2015,2015-12-20,2 - Albacete,PARTIDO FAMILIA Y VIDA - PFyV,0,0,Ministerio del Interior / portal oficial de datos abiertos,PRIMARY_OFFICIAL
2015,2015-12-20,2 - Albacete,PARTIDO HUMANISTA - PH,0,0,Ministerio del Interior / portal oficial de datos abiertos,PRIMARY_OFFICIAL
2015,2015-12-20,2 - Albacete,PARTIDO LIBERAL DE DERECHAS - PLD,205,0,Ministerio del Interior / portal oficial de datos abiertos,PRIMARY_OFFICIAL
2015,2015-12-20,2 - Albacete,PARTIDO LIBERTARIO - P-LIB,0,0,Ministerio del Interior / portal oficial de datos abiertos,PRIMARY_OFFICIAL
2015,2015-12-20,2 - Albacete,PARTIDO POPULAR (PP) - PP,0,0,Ministerio del Interior / portal oficial de datos abiertos,PRIMARY_OFFICIAL
2015,2015-12-20,2 - Albacete,PARTIDO POPULAR - PP,85241,2,Ministerio del Interior / portal oficial de datos abiertos,PRIMARY_OFFICIAL
2015,2015-12-20,2 - Albacete,PARTIDO POPULAR EN COALICIÓN CON EL PARTIDO ARAGON - PP-PAR,0,0,Ministerio del Interior / portal oficial de datos abiertos,PRIMARY_OFFICIAL
2015,2015-12-20,2 - Albacete,PARTIDO POPULAR-FORO - PP-FORO,0,0,Ministerio del Interior / portal oficial de datos abiertos,PRIMARY_OFFICIAL
2015,2015-12-20,2 - Albacete,PARTIDO POPULAR/PARTIT POPULAR - PP,0,0,Ministerio del Interior / portal oficial de datos abiertos,PRIMARY_OFFICIAL
2015,2015-12-20,2 - Albacete,PARTIDO REGIONALISTA DEL PAÍS LEONÉS - PREPAL,0,0,Ministerio del Interior / portal oficial de datos abiertos,PRIMARY_OFFICIAL
2015,2015-12-20,2 - Albacete,PARTIDO SOCIALISTA DE EUSKADI-EUSKADIKO EZKERRA (P - PSE-EE,0,0,Ministerio del Interior / portal oficial de datos abiertos,PRIMARY_OFFICIAL
2015,2015-12-20,2 - Albacete,PARTIDO SOCIALISTA DE EUSKADI-EUSKADIKO EZKERRA (P - PSE-EE (PSO,0,0,Ministerio del Interior / portal oficial de datos abiertos,PRIMARY_OFFICIAL
2015,2015-12-20,2 - Albacete,PARTIDO SOCIALISTA OBRERO ESPAÑOL - PSOE,65205,1,Ministerio del Interior / portal oficial de datos abiertos,PRIMARY_OFFICIAL
2015,2015-12-20,2 - Albacete,PARTIDO SOCIALISTA OBRERO ESPAÑOL-NUEVA CANARIAS - PSOE-NCa,0,0,Ministerio del Interior / portal oficial de datos abiertos,PRIMARY_OFFICIAL
2015,2015-12-20,2 - Albacete,PARTIT ANIMALISTA CONTRA EL MALTRACTAMENT ANIMAL - PACMA,0,0,Ministerio del Interior / portal oficial de datos abiertos,PRIMARY_OFFICIAL
2015,2015-12-20,2 - Albacete,PARTIT COMUNISTA DEL POBLE DE CATALUNYA - PCPC,0,0,Ministerio del Interior / portal oficial de datos abiertos,PRIMARY_OFFICIAL
2015,2015-12-20,2 - Albacete,PARTIT COMUNISTA DELS POBLES D’ESPANYA - PCPE,0,0,Ministerio del Interior / portal oficial de datos abiertos,PRIMARY_OFFICIAL
2015,2015-12-20,2 - Albacete,PARTIT DELS SOCIALISTES DE CATALUNYA (PSC-PSOE) - PSC,0,0,Ministerio del Interior / portal oficial de datos abiertos,PRIMARY_OFFICIAL
2015,2015-12-20,2 - Albacete,PARTIT DELS SOCIALISTES DE CATALUNYA - PSC-PSOE,0,0,Ministerio del Interior / portal oficial de datos abiertos,PRIMARY_OFFICIAL
2015,2015-12-20,2 - Albacete,PODEMOS - PODEMOS,32320,0,Ministerio del Interior / portal oficial de datos abiertos,PRIMARY_OFFICIAL
2015,2015-12-20,2 - Albacete,PODEMOS-AHAL DUGU - PODEMOS-AHA,0,0,Ministerio del Interior / portal oficial de datos abiertos,PRIMARY_OFFICIAL
2015,2015-12-20,2 - Albacete,PODEMOS-Ahora Alto Aragón en Común - PODEMOS-Aho,0,0,Ministerio del Interior / portal oficial de datos abiertos,PRIMARY_OFFICIAL
2015,2015-12-20,2 - Albacete,PODEMOS/AHAL DUGU - PODEMOS-AHA,0,0,Ministerio del Interior / portal oficial de datos abiertos,PRIMARY_OFFICIAL
2015,2015-12-20,2 - Albacete,POR UN MUNDO MÁS JUSTO - PUM+J,0,0,Ministerio del Interior / portal oficial de datos abiertos,PRIMARY_OFFICIAL
2015,2015-12-20,2 - Albacete,RECORTES CERO-GRUPO VERDE - RECORTES CE,305,0,Ministerio del Interior / portal oficial de datos abiertos,PRIMARY_OFFICIAL
2015,2015-12-20,2 - Albacete,SOLIDARIDAD Y AUTOGESTIÓN INTERNACIONALISTA - SAIn,0,0,Ministerio del Interior / portal oficial de datos abiertos,PRIMARY_OFFICIAL
2015,2015-12-20,2 - Albacete,SOLUCIONA - SOLUCIONA,0,0,Ministerio del Interior / portal oficial de datos abiertos,PRIMARY_OFFICIAL
2015,2015-12-20,2 - Albacete,SOM VALENCIANS - SOMVAL,0,0,Ministerio del Interior / portal oficial de datos abiertos,PRIMARY_OFFICIAL
2015,2015-12-20,2 - Albacete,"UNIDAD POPULAR EN ARAGÓN: IZQUIERDA UNIDA, CHUNTA - IU-CHA-UPeC",0,0,Ministerio del Interior / portal oficial de datos abiertos,PRIMARY_OFFICIAL
2015,2015-12-20,2 - Albacete,UNIDAD POPULAR- ORAIN BATERA:EZKER ANITZA-IZQUIERD - IU-UPeC,0,0,Ministerio del Interior / portal oficial de datos abiertos,PRIMARY_OFFICIAL
2015,2015-12-20,2 - Albacete,UNIDAD POPULAR-IZQUIERDA UNIDA - UNIDAD POPU,0,0,Ministerio del Interior / portal oficial de datos abiertos,PRIMARY_OFFICIAL
2015,2015-12-20,2 - Albacete,UNIDAD POPULAR-ORAIN BATERA:EZKER ANITZA-IZQUIERDA - IU-UPeC,0,0,Ministerio del Interior / portal oficial de datos abiertos,PRIMARY_OFFICIAL
2015,2015-12-20,2 - Albacete,UNIDAD POPULAR-ORAIN BATERA:EZKER ANITZA-IZQUIERDA - IU-UpeC,0,0,Ministerio del Interior / portal oficial de datos abiertos,PRIMARY_OFFICIAL
2015,2015-12-20,2 - Albacete,"UNIDAD POPULAR-ORAIN BATERA:IZQUIERDA UNIDA, BATZA - IU-B-UPeC",0,0,Ministerio del Interior / portal oficial de datos abiertos,PRIMARY_OFFICIAL
2015,2015-12-20,2 - Albacete,"UNIDAD POPULAR: IZQUIERDA UNIDA CANARIA, UNIDAD PO - IUC-UPeC",0,0,Ministerio del Interior / portal oficial de datos abiertos,PRIMARY_OFFICIAL
2015,2015-12-20,2 - Albacete,UNIDAD POPULAR: IZQUIERDA UNIDA LOS VERDES - CONVO - UP: IULV-CA,0,0,Ministerio del Interior / portal oficial de datos abiertos,PRIMARY_OFFICIAL
2015,2015-12-20,2 - Albacete,"UNIDAD POPULAR: IZQUIERDA UNIDA LOS VERDES-CONVOCA - IULV-CA, UP",0,0,Ministerio del Interior / portal oficial de datos abiertos,PRIMARY_OFFICIAL
2015,2015-12-20,2 - Albacete,"UNIDAD POPULAR: IZQUIERDA UNIDA LOS VERDES-CONVOCA - IULV-CA,UPe",0,0,Ministerio del Interior / portal oficial de datos abiertos,PRIMARY_OFFICIAL
2015,2015-12-20,2 - Albacete,"UNIDAD POPULAR: IZQUIERDA UNIDA, UNIDAD POPULAR EN - IU-UPeC",0,0,Ministerio del Interior / portal oficial de datos abiertos,PRIMARY_OFFICIAL
2015,2015-12-20,2 - Albacete,"UNIDAD POPULAR: IZQUIERDA UNIDA, UNIDAD POPULAR EN - IU-UPeC-IAS",0,0,Ministerio del Interior / portal oficial de datos abiertos,PRIMARY_OFFICIAL
2015,2015-12-20,2 - Albacete,"UNIDAD POPULAR: IZQUIERDA UNIDA, UNIDAD POPULAR EN - UP-UPeC",9306,0,Ministerio del Interior / portal oficial de datos abiertos,PRIMARY_OFFICIAL
2015,2015-12-20,2 - Albacete,"UNIDAD POPULAR: IZQUIERDA UNIDA, UNIDAD POPULAR EN - UPeC-IU-IZC",0,0,Ministerio del Interior / portal oficial de datos abiertos,PRIMARY_OFFICIAL
2015,2015-12-20,2 - Albacete,UNIDAD POPULAR: IZQUIERDA UNIDA-UNIDAD POPULAR EN - IU-UPeC,0,0,Ministerio del Interior / portal oficial de datos abiertos,PRIMARY_OFFICIAL
2015,2015-12-20,2 - Albacete,UNIDAD POPULAR: IZQUIERDA UNIDA. UNIDAD POPULAR EN - IU-UPeC,0,0,Ministerio del Interior / portal oficial de datos abiertos,PRIMARY_OFFICIAL
2015,2015-12-20,2 - Albacete,"UNIDAD POPULAR: UNIDAD POPULAR EN COMÚN, IZQUIERDA - UPeC-IU",0,0,Ministerio del Interior / portal oficial de datos abiertos,PRIMARY_OFFICIAL
2015,2015-12-20,2 - Albacete,"UNITAT POPULAR BALEARS: IZQUIERDA UNIDA, UNIDAD PO - UPB: IU-UPe",0,0,Ministerio del Interior / portal oficial de datos abiertos,PRIMARY_OFFICIAL
2015,2015-12-20,2 - Albacete,"UNITAT POPULAR: ESQUERRA UNIDA DEL PAÍS VALENCIÀ, - EUPV-UPeC",0,0,Ministerio del Interior / portal oficial de datos abiertos,PRIMARY_OFFICIAL
2015,2015-12-20,2 - Albacete,"UNITAT POPULAR:ESQUERRA UNIDA DEL PAÍS VALENCIÀ, U - EUPV-UPeC",0,0,Ministerio del Interior / portal oficial de datos abiertos,PRIMARY_OFFICIAL
2015,2015-12-20,2 - Albacete,UNIÓ DEMOCRÀTICA DE CATALUNYA - Unio.Cat,0,0,Ministerio del Interior / portal oficial de datos abiertos,PRIMARY_OFFICIAL
2015,2015-12-20,2 - Albacete,UNIÓ DEMOCRÀTICA DE CATALUNYA - unio.cat,0,0,Ministerio del Interior / portal oficial de datos abiertos,PRIMARY_OFFICIAL
2015,2015-12-20,2 - Albacete,UNIÓN DEL PUEBLO NAVARRO EN COALICIÓN CON EL PARTI - UPN-PP,0,0,Ministerio del Interior / portal oficial de datos abiertos,PRIMARY_OFFICIAL
2015,2015-12-20,2 - Albacete,UNIÓN PROGRESO Y DEMOCRACIA (UPYD) - UPYD,0,0,Ministerio del Interior / portal oficial de datos abiertos,PRIMARY_OFFICIAL
2015,2015-12-20,2 - Albacete,UNIÓN PROGRESO Y DEMOCRACIA - UPYD,1146,0,Ministerio del Interior / portal oficial de datos abiertos,PRIMARY_OFFICIAL
2015,2015-12-20,2 - Albacete,VOX - VOX,538,0,Ministerio del Interior / portal oficial de datos abiertos,PRIMARY_OFFICIAL
2015,2015-12-20,2 - Albacete,X A ESQUERDA - X ESQ,0,0,Ministerio del Interior / portal oficial de datos abiertos,PRIMARY_OFFICIAL
2015,2015-12-20,2 - Albacete,X LA IZQUIERDA-LOS VERDES - X LA IZQUIE,0,0,Ministerio del Interior / portal oficial de datos abiertos,PRIMARY_OFFICIAL
2015,2015-12-20,20 - Gipuzkoa,"""EN COMÚ PODEM"" - EN COMÚ",0,0,Ministerio del Interior / portal oficial de datos abiertos,PRIMARY_OFFICIAL
2015,2015-12-20,20 - Gipuzkoa,ANDALUCES DE JAÉN UNIDOS - AJU,0,0,Ministerio del Interior / portal oficial de datos abiertos,PRIMARY_OFFICIAL
2015,2015-12-20,20 - Gipuzkoa,"ARA, PAÍS VALENCIÀ - ARA, PV",0,0,Ministerio del Interior / portal oficial de datos abiertos,PRIMARY_OFFICIAL
2015,2015-12-20,20 - Gipuzkoa,"ARA, PAÍS VALENCIÀ - ARAPV",0,0,Ministerio del Interior / portal oficial de datos abiertos,PRIMARY_OFFICIAL
2015,2015-12-20,20 - Gipuzkoa,AVANT VALENCIANS - AVANT,0,0,Ministerio del Interior / portal oficial de datos abiertos,PRIMARY_OFFICIAL
2015,2015-12-20,20 - Gipuzkoa,BIDEZKO MUNDURANTZ/POR UN MUNDO MÁS JUSTO - PUM+J,0,0,Ministerio del Interior / portal oficial de datos abiertos,PRIMARY_OFFICIAL
2015,2015-12-20,20 - Gipuzkoa,"CANARIAS DECIDE: LOS VERDES, UNIDAD DEL PUEBLO Y A - CANARIAS DE",0,0,Ministerio del Interior / portal oficial de datos abiertos,PRIMARY_OFFICIAL
2015,2015-12-20,20 - Gipuzkoa,CIUDADANOS DE CENTRO DEMOCRÁTICO - CCD,0,0,Ministerio del Interior / portal oficial de datos abiertos,PRIMARY_OFFICIAL
2015,2015-12-20,20 - Gipuzkoa,CIUDADANOS LIBRES UNIDOS - CILUS,0,0,Ministerio del Interior / portal oficial de datos abiertos,PRIMARY_OFFICIAL
2015,2015-12-20,20 - Gipuzkoa,CIUDADANOS PARTIDO DE LA CIUDADANÍA - C's,0,0,Ministerio del Interior / portal oficial de datos abiertos,PRIMARY_OFFICIAL
2015,2015-12-20,20 - Gipuzkoa,CIUDADANOS PARTIDO DE LA CIUDADANÍA - C´s,0,0,Ministerio del Interior / portal oficial de datos abiertos,PRIMARY_OFFICIAL
2015,2015-12-20,20 - Gipuzkoa,CIUDADANOS RURALES AGRUPADOS - CRA,0,0,Ministerio del Interior / portal oficial de datos abiertos,PRIMARY_OFFICIAL
2015,2015-12-20,20 - Gipuzkoa,"CIUDADANOS, PARTIDO DE LA CIUDADANÍA - C's",0,0,Ministerio del Interior / portal oficial de datos abiertos,PRIMARY_OFFICIAL
2015,2015-12-20,20 - Gipuzkoa,"CIUDADANOS, PARTIDO DE LA CIUDADANÍA - C´s",0,0,Ministerio del Interior / portal oficial de datos abiertos,PRIMARY_OFFICIAL
2015,2015-12-20,20 - Gipuzkoa,CIUDADANOS-PARTIDO DE LA CIUDADANÍA (C's) - C's,14608,0,Ministerio del Interior / portal oficial de datos abiertos,PRIMARY_OFFICIAL
2015,2015-12-20,20 - Gipuzkoa,CIUDADANOS-PARTIDO DE LA CIUDADANÍA - C's,0,0,Ministerio del Interior / portal oficial de datos abiertos,PRIMARY_OFFICIAL
2015,2015-12-20,20 - Gipuzkoa,CIUDADANOS-PARTIDO DE LA CIUDADANÍA - C´s,0,0,Ministerio del Interior / portal oficial de datos abiertos,PRIMARY_OFFICIAL
2015,2015-12-20,20 - Gipuzkoa,CIUTADANS - PARTIDO DE LA CIUDADANÍA - C's,0,0,Ministerio del Interior / portal oficial de datos abiertos,PRIMARY_OFFICIAL
2015,2015-12-20,20 - Gipuzkoa,CIUTADANS-PARTIDO DE LA CIUDADANÍA - C's,0,0,Ministerio del Interior / portal oficial de datos abiertos,PRIMARY_OFFICIAL
2015,2015-12-20,20 - Gipuzkoa,COALICIÓN CANARIA - PARTIDO NACIONALISTA CANARIO - CCa-PNC,0,0,Ministerio del Interior / portal oficial de datos abiertos,PRIMARY_OFFICIAL
2015,2015-12-20,20 - Gipuzkoa,COALICIÓN CANARIA-PARTIDO NACIONALISTA CANARIO - CCa-PNC,0,0,Ministerio del Interior / portal oficial de datos abiertos,PRIMARY_OFFICIAL
2015,2015-12-20,20 - Gipuzkoa,COMPROMÍS-PODEMOS-ÉS EL MOMENT - PODEMOS - C,0,0,Ministerio del Interior / portal oficial de datos abiertos,PRIMARY_OFFICIAL
2015,2015-12-20,20 - Gipuzkoa,COMPROMÍS-PODEMOS-ÉS EL MOMENT - PODEMOS-COM,0,0,Ministerio del Interior / portal oficial de datos abiertos,PRIMARY_OFFICIAL
2015,2015-12-20,20 - Gipuzkoa,COMUNISTAS DA GALIZA - PCPE,0,0,Ministerio del Interior / portal oficial de datos abiertos,PRIMARY_OFFICIAL
2015,2015-12-20,20 - Gipuzkoa,COMUNISTAS DA GALIZA-PCPE - PCPE,0,0,Ministerio del Interior / portal oficial de datos abiertos,PRIMARY_OFFICIAL
2015,2015-12-20,20 - Gipuzkoa,DEMOCRACIA NACIONAL - DN,0,0,Ministerio del Interior / portal oficial de datos abiertos,PRIMARY_OFFICIAL
2015,2015-12-20,20 - Gipuzkoa,DEMOCRÀCIA I LLIBERTAT. CONVERGÈNCIA. DEMÒCRATES. - DL,0,0,Ministerio del Interior / portal oficial de datos abiertos,PRIMARY_OFFICIAL
2015,2015-12-20,20 - Gipuzkoa,EL PI - PROPOSTA PER LES ILLES - EL PI,0,0,Ministerio del Interior / portal oficial de datos abiertos,PRIMARY_OFFICIAL
2015,2015-12-20,20 - Gipuzkoa,EN COMÚ PODEM - EN COMÚ,0,0,Ministerio del Interior / portal oficial de datos abiertos,PRIMARY_OFFICIAL
2015,2015-12-20,20 - Gipuzkoa,EN MAREA - PODEMOS-EN,0,0,Ministerio del Interior / portal oficial de datos abiertos,PRIMARY_OFFICIAL
2015,2015-12-20,20 - Gipuzkoa,EN MAREA - PODEMOS-En,0,0,Ministerio del Interior / portal oficial de datos abiertos,PRIMARY_OFFICIAL
2015,2015-12-20,20 - Gipuzkoa,EN POSITIU - EN POSITIU,0,0,Ministerio del Interior / portal oficial de datos abiertos,PRIMARY_OFFICIAL
2015,2015-12-20,20 - Gipuzkoa,ESCAÑOS EN BLANCO - AULKI ZURIAK - EB - AZ,0,0,Ministerio del Interior / portal oficial de datos abiertos,PRIMARY_OFFICIAL
2015,2015-12-20,20 - Gipuzkoa,ESCAÑOS EN BLANCO - EB,0,0,Ministerio del Interior / portal oficial de datos abiertos,PRIMARY_OFFICIAL
2015,2015-12-20,20 - Gipuzkoa,ESCAÑOS EN BLANCO-AULKI ZURIAK - EB-AZ,0,0,Ministerio del Interior / portal oficial de datos abiertos,PRIMARY_OFFICIAL
2015,2015-12-20,20 - Gipuzkoa,ESCONS EN BLANC/ESCAÑOS EN BLANCO - EB,0,0,Ministerio del Interior / portal oficial de datos abiertos,PRIMARY_OFFICIAL
2015,2015-12-20,20 - Gipuzkoa,ESQUERRA REPUBLICANA DE CATALUNYA-CATALUNYA SÍ - ERC-CATSI,0,0,Ministerio del Interior / portal oficial de datos abiertos,PRIMARY_OFFICIAL
2015,2015-12-20,20 - Gipuzkoa,ESQUERRA REPUBLICANA DE CATALUNYA-CATALUNYA SÍ - ERC-CATSÍ,0,0,Ministerio del Interior / portal oficial de datos abiertos,PRIMARY_OFFICIAL
2015,2015-12-20,20 - Gipuzkoa,EUSKAL HERRIA BILDU (EH Bildu) - EH Bildu,81257,1,Ministerio del Interior / portal oficial de datos abiertos,PRIMARY_OFFICIAL
2015,2015-12-20,20 - Gipuzkoa,EUSKAL HERRIA BILDU - EH Bildu,0,0,Ministerio del Interior / portal oficial de datos abiertos,PRIMARY_OFFICIAL
2015,2015-12-20,20 - Gipuzkoa,EUZKO ALDERDI JELTZALEA-PARTIDO NACIONALISTA VASCO - EAJ-PNV,91359,2,Ministerio del Interior / portal oficial de datos abiertos,PRIMARY_OFFICIAL
2015,2015-12-20,20 - Gipuzkoa,EXTREMADURA UNIDA-EXTREMEÑOS - EU-eX,0,0,Ministerio del Interior / portal oficial de datos abiertos,PRIMARY_OFFICIAL
2015,2015-12-20,20 - Gipuzkoa,EZKERRA-X LA IZQUIERDA - EZKERRA,0,0,Ministerio del Interior / portal oficial de datos abiertos,PRIMARY_OFFICIAL
2015,2015-12-20,20 - Gipuzkoa,FALANGE ESPAÑOLA DE LAS JONS - FE de las J,0,0,Ministerio del Interior / portal oficial de datos abiertos,PRIMARY_OFFICIAL
2015,2015-12-20,20 - Gipuzkoa,FORO DEMÓCRATA - FDEE,0,0,Ministerio del Interior / portal oficial de datos abiertos,PRIMARY_OFFICIAL
2015,2015-12-20,20 - Gipuzkoa,GEROA BAI - GBAI,0,0,Ministerio del Interior / portal oficial de datos abiertos,PRIMARY_OFFICIAL
2015,2015-12-20,20 - Gipuzkoa,INDEPENDIENTES POR ARAGÓN - Independien,0,0,Ministerio del Interior / portal oficial de datos abiertos,PRIMARY_OFFICIAL
2015,2015-12-20,20 - Gipuzkoa,INICIATIVA FEMINISTA - IFem,0,0,Ministerio del Interior / portal oficial de datos abiertos,PRIMARY_OFFICIAL
2015,2015-12-20,20 - Gipuzkoa,"JUSTIZIA SOCIAL, PARTICIPACIÓN CIUDADANA - JS,PC",0,0,Ministerio del Interior / portal oficial de datos abiertos,PRIMARY_OFFICIAL
2015,2015-12-20,20 - Gipuzkoa,"LIBERTAD NAVARRA, LIBERTATE NAFARRA (Ln) - Ln",368,0,Ministerio del Interior / portal oficial de datos abiertos,PRIMARY_OFFICIAL
2015,2015-12-20,20 - Gipuzkoa,"LIBERTAD NAVARRA, LIBERTATE NAFARRA - Ln",0,0,Ministerio del Interior / portal oficial de datos abiertos,PRIMARY_OFFICIAL
2015,2015-12-20,20 - Gipuzkoa,LIBERTAD NAVARRA-LIBERTATE NAFARRA - Ln,0,0,Ministerio del Interior / portal oficial de datos abiertos,PRIMARY_OFFICIAL
2015,2015-12-20,20 - Gipuzkoa,LOS VERDES-ECOPACIFISTAS - CENTRO MODE,0,0,Ministerio del Interior / portal oficial de datos abiertos,PRIMARY_OFFICIAL
2015,2015-12-20,20 - Gipuzkoa,MUERTE AL SISTEMA - +MAS+,0,0,Ministerio del Interior / portal oficial de datos abiertos,PRIMARY_OFFICIAL
2015,2015-12-20,20 - Gipuzkoa,MÁLAGA POR SÍ - mlgXSÍ,0,0,Ministerio del Interior / portal oficial de datos abiertos,PRIMARY_OFFICIAL
2015,2015-12-20,20 - Gipuzkoa,MÉS - MÉS,0,0,Ministerio del Interior / portal oficial de datos abiertos,PRIMARY_OFFICIAL
2015,2015-12-20,20 - Gipuzkoa,NÓS-CANDIDATURA GALEGA (BNG-CG-FOGA-PCPG-PG) - NÓS,0,0,Ministerio del Interior / portal oficial de datos abiertos,PRIMARY_OFFICIAL
2015,2015-12-20,20 - Gipuzkoa,ONGI ETORRI - OE,0,0,Ministerio del Interior / portal oficial de datos abiertos,PRIMARY_OFFICIAL
2015,2015-12-20,20 - Gipuzkoa,PARTIDO ANIMALISTA CONTRA EL MALTRATO ANIMAL (PACM - PACMA,2276,0,Ministerio del Interior / portal oficial de datos abiertos,PRIMARY_OFFICIAL
2015,2015-12-20,20 - Gipuzkoa,PARTIDO ANIMALISTA CONTRA EL MALTRATO ANIMAL - PACMA,0,0,Ministerio del Interior / portal oficial de datos abiertos,PRIMARY_OFFICIAL
2015,2015-12-20,20 - Gipuzkoa,PARTIDO ANIMALISTA CONTRA O MALTRATO ANIMAL - PACMA,0,0,Ministerio del Interior / portal oficial de datos abiertos,PRIMARY_OFFICIAL
2015,2015-12-20,20 - Gipuzkoa,PARTIDO ANIMALISTA-CONTRA EL MALTRATO ANIMAL - PACMA,0,0,Ministerio del Interior / portal oficial de datos abiertos,PRIMARY_OFFICIAL
2015,2015-12-20,20 - Gipuzkoa,PARTIDO COMUNISTA DE LOS PUEBLOS DE ESPAÑA - PCPE,0,0,Ministerio del Interior / portal oficial de datos abiertos,PRIMARY_OFFICIAL
2015,2015-12-20,20 - Gipuzkoa,PARTIDO COMUNISTA DEL PUEBLO CANARIO - PCPC,0,0,Ministerio del Interior / portal oficial de datos abiertos,PRIMARY_OFFICIAL
2015,2015-12-20,20 - Gipuzkoa,PARTIDO COMUNISTA OBRERO ESPAÑOL - PCOE,0,0,Ministerio del Interior / portal oficial de datos abiertos,PRIMARY_OFFICIAL
2015,2015-12-20,20 - Gipuzkoa,PARTIDO DA TERRA - PT,0,0,Ministerio del Interior / portal oficial de datos abiertos,PRIMARY_OFFICIAL
2015,2015-12-20,20 - Gipuzkoa,PARTIDO DOS SOCIALISTAS DE GALICIA-PSOE - PSdeG-PSOE,0,0,Ministerio del Interior / portal oficial de datos abiertos,PRIMARY_OFFICIAL
2015,2015-12-20,20 - Gipuzkoa,PARTIDO FAMILIA Y VIDA - PFyV,0,0,Ministerio del Interior / portal oficial de datos abiertos,PRIMARY_OFFICIAL
2015,2015-12-20,20 - Gipuzkoa,PARTIDO HUMANISTA - PH,0,0,Ministerio del Interior / portal oficial de datos abiertos,PRIMARY_OFFICIAL
2015,2015-12-20,20 - Gipuzkoa,PARTIDO LIBERAL DE DERECHAS - PLD,0,0,Ministerio del Interior / portal oficial de datos abiertos,PRIMARY_OFFICIAL
2015,2015-12-20,20 - Gipuzkoa,PARTIDO LIBERTARIO - P-LIB,0,0,Ministerio del Interior / portal oficial de datos abiertos,PRIMARY_OFFICIAL
2015,2015-12-20,20 - Gipuzkoa,PARTIDO POPULAR (PP) - PP,33884,0,Ministerio del Interior / portal oficial de datos abiertos,PRIMARY_OFFICIAL
2015,2015-12-20,20 - Gipuzkoa,PARTIDO POPULAR - PP,0,0,Ministerio del Interior / portal oficial de datos abiertos,PRIMARY_OFFICIAL
2015,2015-12-20,20 - Gipuzkoa,PARTIDO POPULAR EN COALICIÓN CON EL PARTIDO ARAGON - PP-PAR,0,0,Ministerio del Interior / portal oficial de datos abiertos,PRIMARY_OFFICIAL
2015,2015-12-20,20 - Gipuzkoa,PARTIDO POPULAR-FORO - PP-FORO,0,0,Ministerio del Interior / portal oficial de datos abiertos,PRIMARY_OFFICIAL
2015,2015-12-20,20 - Gipuzkoa,PARTIDO POPULAR/PARTIT POPULAR - PP,0,0,Ministerio del Interior / portal oficial de datos abiertos,PRIMARY_OFFICIAL
2015,2015-12-20,20 - Gipuzkoa,PARTIDO REGIONALISTA DEL PAÍS LEONÉS - PREPAL,0,0,Ministerio del Interior / portal oficial de datos abiertos,PRIMARY_OFFICIAL
2015,2015-12-20,20 - Gipuzkoa,PARTIDO SOCIALISTA DE EUSKADI-EUSKADIKO EZKERRA (P - PSE-EE,51764,1,Ministerio del Interior / portal oficial de datos abiertos,PRIMARY_OFFICIAL
2015,2015-12-20,20 - Gipuzkoa,PARTIDO SOCIALISTA DE EUSKADI-EUSKADIKO EZKERRA (P - PSE-EE (PSO,0,0,Ministerio del Interior / portal oficial de datos abiertos,PRIMARY_OFFICIAL
2015,2015-12-20,20 - Gipuzkoa,PARTIDO SOCIALISTA OBRERO ESPAÑOL - PSOE,0,0,Ministerio del Interior / portal oficial de datos abiertos,PRIMARY_OFFICIAL
2015,2015-12-20,20 - Gipuzkoa,PARTIDO SOCIALISTA OBRERO ESPAÑOL-NUEVA CANARIAS - PSOE-NCa,0,0,Ministerio del Interior / portal oficial de datos abiertos,PRIMARY_OFFICIAL
2015,2015-12-20,20 - Gipuzkoa,PARTIT ANIMALISTA CONTRA EL MALTRACTAMENT ANIMAL - PACMA,0,0,Ministerio del Interior / portal oficial de datos abiertos,PRIMARY_OFFICIAL
2015,2015-12-20,20 - Gipuzkoa,PARTIT COMUNISTA DEL POBLE DE CATALUNYA - PCPC,0,0,Ministerio del Interior / portal oficial de datos abiertos,PRIMARY_OFFICIAL
2015,2015-12-20,20 - Gipuzkoa,PARTIT COMUNISTA DELS POBLES D’ESPANYA - PCPE,0,0,Ministerio del Interior / portal oficial de datos abiertos,PRIMARY_OFFICIAL
2015,2015-12-20,20 - Gipuzkoa,PARTIT DELS SOCIALISTES DE CATALUNYA (PSC-PSOE) - PSC,0,0,Ministerio del Interior / portal oficial de datos abiertos,PRIMARY_OFFICIAL
2015,2015-12-20,20 - Gipuzkoa,PARTIT DELS SOCIALISTES DE CATALUNYA - PSC-PSOE,0,0,Ministerio del Interior / portal oficial de datos abiertos,PRIMARY_OFFICIAL
2015,2015-12-20,20 - Gipuzkoa,PODEMOS - PODEMOS,0,0,Ministerio del Interior / portal oficial de datos abiertos,PRIMARY_OFFICIAL
2015,2015-12-20,20 - Gipuzkoa,PODEMOS-AHAL DUGU - PODEMOS-AHA,98533,2,Ministerio del Interior / portal oficial de datos abiertos,PRIMARY_OFFICIAL
2015,2015-12-20,20 - Gipuzkoa,PODEMOS-Ahora Alto Aragón en Común - PODEMOS-Aho,0,0,Ministerio del Interior / portal oficial de datos abiertos,PRIMARY_OFFICIAL
2015,2015-12-20,20 - Gipuzkoa,PODEMOS/AHAL DUGU - PODEMOS-AHA,0,0,Ministerio del Interior / portal oficial de datos abiertos,PRIMARY_OFFICIAL
2015,2015-12-20,20 - Gipuzkoa,POR UN MUNDO MÁS JUSTO - PUM+J,0,0,Ministerio del Interior / portal oficial de datos abiertos,PRIMARY_OFFICIAL
2015,2015-12-20,20 - Gipuzkoa,RECORTES CERO-GRUPO VERDE - RECORTES CE,782,0,Ministerio del Interior / portal oficial de datos abiertos,PRIMARY_OFFICIAL
2015,2015-12-20,20 - Gipuzkoa,SOLIDARIDAD Y AUTOGESTIÓN INTERNACIONALISTA - SAIn,0,0,Ministerio del Interior / portal oficial de datos abiertos,PRIMARY_OFFICIAL
2015,2015-12-20,20 - Gipuzkoa,SOLUCIONA - SOLUCIONA,0,0,Ministerio del Interior / portal oficial de datos abiertos,PRIMARY_OFFICIAL
2015,2015-12-20,20 - Gipuzkoa,SOM VALENCIANS - SOMVAL,0,0,Ministerio del Interior / portal oficial de datos abiertos,PRIMARY_OFFICIAL
2015,2015-12-20,20 - Gipuzkoa,"UNIDAD POPULAR EN ARAGÓN: IZQUIERDA UNIDA, CHUNTA - IU-CHA-UPeC",0,0,Ministerio del Interior / portal oficial de datos abiertos,PRIMARY_OFFICIAL
2015,2015-12-20,20 - Gipuzkoa,UNIDAD POPULAR- ORAIN BATERA:EZKER ANITZA-IZQUIERD - IU-UPeC,0,0,Ministerio del Interior / portal oficial de datos abiertos,PRIMARY_OFFICIAL
2015,2015-12-20,20 - Gipuzkoa,UNIDAD POPULAR-IZQUIERDA UNIDA - UNIDAD POPU,0,0,Ministerio del Interior / portal oficial de datos abiertos,PRIMARY_OFFICIAL
2015,2015-12-20,20 - Gipuzkoa,UNIDAD POPULAR-ORAIN BATERA:EZKER ANITZA-IZQUIERDA - IU-UPeC,10722,0,Ministerio del Interior / portal oficial de datos abiertos,PRIMARY_OFFICIAL
2015,2015-12-20,20 - Gipuzkoa,UNIDAD POPULAR-ORAIN BATERA:EZKER ANITZA-IZQUIERDA - IU-UpeC,0,0,Ministerio del Interior / portal oficial de datos abiertos,PRIMARY_OFFICIAL
2015,2015-12-20,20 - Gipuzkoa,"UNIDAD POPULAR-ORAIN BATERA:IZQUIERDA UNIDA, BATZA - IU-B-UPeC",0,0,Ministerio del Interior / portal oficial de datos abiertos,PRIMARY_OFFICIAL
2015,2015-12-20,20 - Gipuzkoa,"UNIDAD POPULAR: IZQUIERDA UNIDA CANARIA, UNIDAD PO - IUC-UPeC",0,0,Ministerio del Interior / portal oficial de datos abiertos,PRIMARY_OFFICIAL
2015,2015-12-20,20 - Gipuzkoa,UNIDAD POPULAR: IZQUIERDA UNIDA LOS VERDES - CONVO - UP: IULV-CA,0,0,Ministerio del Interior / portal oficial de datos abiertos,PRIMARY_OFFICIAL
2015,2015-12-20,20 - Gipuzkoa,"UNIDAD POPULAR: IZQUIERDA UNIDA LOS VERDES-CONVOCA - IULV-CA, UP",0,0,Ministerio del Interior / portal oficial de datos abiertos,PRIMARY_OFFICIAL
2015,2015-12-20,20 - Gipuzkoa,"UNIDAD POPULAR: IZQUIERDA UNIDA LOS VERDES-CONVOCA - IULV-CA,UPe",0,0,Ministerio del Interior / portal oficial de datos abiertos,PRIMARY_OFFICIAL
2015,2015-12-20,20 - Gipuzkoa,"UNIDAD POPULAR: IZQUIERDA UNIDA, UNIDAD POPULAR EN - IU-UPeC",0,0,Ministerio del Interior / portal oficial de datos abiertos,PRIMARY_OFFICIAL
2015,2015-12-20,20 - Gipuzkoa,"UNIDAD POPULAR: IZQUIERDA UNIDA, UNIDAD POPULAR EN - IU-UPeC-IAS",0,0,Ministerio del Interior / portal oficial de datos abiertos,PRIMARY_OFFICIAL
2015,2015-12-20,20 - Gipuzkoa,"UNIDAD POPULAR: IZQUIERDA UNIDA, UNIDAD POPULAR EN - UP-UPeC",0,0,Ministerio del Interior / portal oficial de datos abiertos,PRIMARY_OFFICIAL
2015,2015-12-20,20 - Gipuzkoa,"UNIDAD POPULAR: IZQUIERDA UNIDA, UNIDAD POPULAR EN - UPeC-IU-IZC",0,0,Ministerio del Interior / portal oficial de datos abiertos,PRIMARY_OFFICIAL
2015,2015-12-20,20 - Gipuzkoa,UNIDAD POPULAR: IZQUIERDA UNIDA-UNIDAD POPULAR EN - IU-UPeC,0,0,Ministerio del Interior / portal oficial de datos abiertos,PRIMARY_OFFICIAL
2015,2015-12-20,20 - Gipuzkoa,UNIDAD POPULAR: IZQUIERDA UNIDA. UNIDAD POPULAR EN - IU-UPeC,0,0,Ministerio del Interior / portal oficial de datos abiertos,PRIMARY_OFFICIAL
2015,2015-12-20,20 - Gipuzkoa,"UNIDAD POPULAR: UNIDAD POPULAR EN COMÚN, IZQUIERDA - UPeC-IU",0,0,Ministerio del Interior / portal oficial de datos abiertos,PRIMARY_OFFICIAL
2015,2015-12-20,20 - Gipuzkoa,"UNITAT POPULAR BALEARS: IZQUIERDA UNIDA, UNIDAD PO - UPB: IU-UPe",0,0,Ministerio del Interior / portal oficial de datos abiertos,PRIMARY_OFFICIAL
2015,2015-12-20,20 - Gipuzkoa,"UNITAT POPULAR: ESQUERRA UNIDA DEL PAÍS VALENCIÀ, - EUPV-UPeC",0,0,Ministerio del Interior / portal oficial de datos abiertos,PRIMARY_OFFICIAL
2015,2015-12-20,20 - Gipuzkoa,"UNITAT POPULAR:ESQUERRA UNIDA DEL PAÍS VALENCIÀ, U - EUPV-UPeC",0,0,Ministerio del Interior / portal oficial de datos abiertos,PRIMARY_OFFICIAL
2015,2015-12-20,20 - Gipuzkoa,UNIÓ DEMOCRÀTICA DE CATALUNYA - Unio.Cat,0,0,Ministerio del Interior / portal oficial de datos abiertos,PRIMARY_OFFICIAL
2015,2015-12-20,20 - Gipuzkoa,UNIÓ DEMOCRÀTICA DE CATALUNYA - unio.cat,0,0,Ministerio del Interior / portal oficial de datos abiertos,PRIMARY_OFFICIAL
2015,2015-12-20,20 - Gipuzkoa,UNIÓN DEL PUEBLO NAVARRO EN COALICIÓN CON EL PARTI - UPN-PP,0,0,Ministerio del Interior / portal oficial de datos abiertos,PRIMARY_OFFICIAL
2015,2015-12-20,20 - Gipuzkoa,UNIÓN PROGRESO Y DEMOCRACIA (UPYD) - UPYD,1313,0,Ministerio del Interior / portal oficial de datos abiertos,PRIMARY_OFFICIAL
2015,2015-12-20,20 - Gipuzkoa,UNIÓN PROGRESO Y DEMOCRACIA - UPYD,0,0,Ministerio del Interior / portal oficial de datos abiertos,PRIMARY_OFFICIAL
2015,2015-12-20,20 - Gipuzkoa,VOX - VOX,0,0,Ministerio del Interior / portal oficial de datos abiertos,PRIMARY_OFFICIAL
2015,2015-12-20,20 - Gipuzkoa,X A ESQUERDA - X ESQ,0,0,Ministerio del Interior / portal oficial de datos abiertos,PRIMARY_OFFICIAL
2015,2015-12-20,20 - Gipuzkoa,X LA IZQUIERDA-LOS VERDES - X LA IZQUIE,0,0,Ministerio del Interior / portal oficial de datos abiertos,PRIMARY_OFFICIAL
2015,2015-12-20,21 - Huelva,"""EN COMÚ PODEM"" - EN COMÚ",0,0,Ministerio del Interior / portal oficial de datos abiertos,PRIMARY_OFFICIAL
2015,2015-12-20,21 - Huelva,ANDALUCES DE JAÉN UNIDOS - AJU,0,0,Ministerio del Interior / portal oficial de datos abiertos,PRIMARY_OFFICIAL
2015,2015-12-20,21 - Huelva,"ARA, PAÍS VALENCIÀ - ARA, PV",0,0,Ministerio del Interior / portal oficial de datos abiertos,PRIMARY_OFFICIAL
2015,2015-12-20,21 - Huelva,"ARA, PAÍS VALENCIÀ - ARAPV",0,0,Ministerio del Interior / portal oficial de datos abiertos,PRIMARY_OFFICIAL
2015,2015-12-20,21 - Huelva,AVANT VALENCIANS - AVANT,0,0,Ministerio del Interior / portal oficial de datos abiertos,PRIMARY_OFFICIAL
2015,2015-12-20,21 - Huelva,BIDEZKO MUNDURANTZ/POR UN MUNDO MÁS JUSTO - PUM+J,0,0,Ministerio del Interior / portal oficial de datos abiertos,PRIMARY_OFFICIAL
2015,2015-12-20,21 - Huelva,"CANARIAS DECIDE: LOS VERDES, UNIDAD DEL PUEBLO Y A - CANARIAS DE",0,0,Ministerio del Interior / portal oficial de datos abiertos,PRIMARY_OFFICIAL
2015,2015-12-20,21 - Huelva,CIUDADANOS DE CENTRO DEMOCRÁTICO - CCD,0,0,Ministerio del Interior / portal oficial de datos abiertos,PRIMARY_OFFICIAL
2015,2015-12-20,21 - Huelva,CIUDADANOS LIBRES UNIDOS - CILUS,0,0,Ministerio del Interior / portal oficial de datos abiertos,PRIMARY_OFFICIAL
2015,2015-12-20,21 - Huelva,CIUDADANOS PARTIDO DE LA CIUDADANÍA - C's,0,0,Ministerio del Interior / portal oficial de datos abiertos,PRIMARY_OFFICIAL
2015,2015-12-20,21 - Huelva,CIUDADANOS PARTIDO DE LA CIUDADANÍA - C´s,0,0,Ministerio del Interior / portal oficial de datos abiertos,PRIMARY_OFFICIAL
2015,2015-12-20,21 - Huelva,CIUDADANOS RURALES AGRUPADOS - CRA,0,0,Ministerio del Interior / portal oficial de datos abiertos,PRIMARY_OFFICIAL
2015,2015-12-20,21 - Huelva,"CIUDADANOS, PARTIDO DE LA CIUDADANÍA - C's",30776,0,Ministerio del Interior / portal oficial de datos abiertos,PRIMARY_OFFICIAL
2015,2015-12-20,21 - Huelva,"CIUDADANOS, PARTIDO DE LA CIUDADANÍA - C´s",0,0,Ministerio del Interior / portal oficial de datos abiertos,PRIMARY_OFFICIAL
2015,2015-12-20,21 - Huelva,CIUDADANOS-PARTIDO DE LA CIUDADANÍA (C's) - C's,0,0,Ministerio del Interior / portal oficial de datos abiertos,PRIMARY_OFFICIAL
2015,2015-12-20,21 - Huelva,CIUDADANOS-PARTIDO DE LA CIUDADANÍA - C's,0,0,Ministerio del Interior / portal oficial de datos abiertos,PRIMARY_OFFICIAL
2015,2015-12-20,21 - Huelva,CIUDADANOS-PARTIDO DE LA CIUDADANÍA - C´s,0,0,Ministerio del Interior / portal oficial de datos abiertos,PRIMARY_OFFICIAL
2015,2015-12-20,21 - Huelva,CIUTADANS - PARTIDO DE LA CIUDADANÍA - C's,0,0,Ministerio del Interior / portal oficial de datos abiertos,PRIMARY_OFFICIAL
2015,2015-12-20,21 - Huelva,CIUTADANS-PARTIDO DE LA CIUDADANÍA - C's,0,0,Ministerio del Interior / portal oficial de datos abiertos,PRIMARY_OFFICIAL
2015,2015-12-20,21 - Huelva,COALICIÓN CANARIA - PARTIDO NACIONALISTA CANARIO - CCa-PNC,0,0,Ministerio del Interior / portal oficial de datos abiertos,PRIMARY_OFFICIAL
2015,2015-12-20,21 - Huelva,COALICIÓN CANARIA-PARTIDO NACIONALISTA CANARIO - CCa-PNC,0,0,Ministerio del Interior / portal oficial de datos abiertos,PRIMARY_OFFICIAL
2015,2015-12-20,21 - Huelva,COMPROMÍS-PODEMOS-ÉS EL MOMENT - PODEMOS - C,0,0,Ministerio del Interior / portal oficial de datos abiertos,PRIMARY_OFFICIAL
2015,2015-12-20,21 - Huelva,COMPROMÍS-PODEMOS-ÉS EL MOMENT - PODEMOS-COM,0,0,Ministerio del Interior / portal oficial de datos abiertos,PRIMARY_OFFICIAL
2015,2015-12-20,21 - Huelva,COMUNISTAS DA GALIZA - PCPE,0,0,Ministerio del Interior / portal oficial de datos abiertos,PRIMARY_OFFICIAL
2015,2015-12-20,21 - Huelva,COMUNISTAS DA GALIZA-PCPE - PCPE,0,0,Ministerio del Interior / portal oficial de datos abiertos,PRIMARY_OFFICIAL
2015,2015-12-20,21 - Huelva,DEMOCRACIA NACIONAL - DN,192,0,Ministerio del Interior / portal oficial de datos abiertos,PRIMARY_OFFICIAL
2015,2015-12-20,21 - Huelva,DEMOCRÀCIA I LLIBERTAT. CONVERGÈNCIA. DEMÒCRATES. - DL,0,0,Ministerio del Interior / portal oficial de datos abiertos,PRIMARY_OFFICIAL
2015,2015-12-20,21 - Huelva,EL PI - PROPOSTA PER LES ILLES - EL PI,0,0,Ministerio del Interior / portal oficial de datos abiertos,PRIMARY_OFFICIAL
2015,2015-12-20,21 - Huelva,EN COMÚ PODEM - EN COMÚ,0,0,Ministerio del Interior / portal oficial de datos abiertos,PRIMARY_OFFICIAL
2015,2015-12-20,21 - Huelva,EN MAREA - PODEMOS-EN,0,0,Ministerio del Interior / portal oficial de datos abiertos,PRIMARY_OFFICIAL
2015,2015-12-20,21 - Huelva,EN MAREA - PODEMOS-En,0,0,Ministerio del Interior / portal oficial de datos abiertos,PRIMARY_OFFICIAL
2015,2015-12-20,21 - Huelva,EN POSITIU - EN POSITIU,0,0,Ministerio del Interior / portal oficial de datos abiertos,PRIMARY_OFFICIAL
2015,2015-12-20,21 - Huelva,ESCAÑOS EN BLANCO - AULKI ZURIAK - EB - AZ,0,0,Ministerio del Interior / portal oficial de datos abiertos,PRIMARY_OFFICIAL
2015,2015-12-20,21 - Huelva,ESCAÑOS EN BLANCO - EB,0,0,Ministerio del Interior / portal oficial de datos abiertos,PRIMARY_OFFICIAL
2015,2015-12-20,21 - Huelva,ESCAÑOS EN BLANCO-AULKI ZURIAK - EB-AZ,0,0,Ministerio del Interior / portal oficial de datos abiertos,PRIMARY_OFFICIAL
2015,2015-12-20,21 - Huelva,ESCONS EN BLANC/ESCAÑOS EN BLANCO - EB,0,0,Ministerio del Interior / portal oficial de datos abiertos,PRIMARY_OFFICIAL
2015,2015-12-20,21 - Huelva,ESQUERRA REPUBLICANA DE CATALUNYA-CATALUNYA SÍ - ERC-CATSI,0,0,Ministerio del Interior / portal oficial de datos abiertos,PRIMARY_OFFICIAL
2015,2015-12-20,21 - Huelva,ESQUERRA REPUBLICANA DE CATALUNYA-CATALUNYA SÍ - ERC-CATSÍ,0,0,Ministerio del Interior / portal oficial de datos abiertos,PRIMARY_OFFICIAL
2015,2015-12-20,21 - Huelva,EUSKAL HERRIA BILDU (EH Bildu) - EH Bildu,0,0,Ministerio del Interior / portal oficial de datos abiertos,PRIMARY_OFFICIAL
2015,2015-12-20,21 - Huelva,EUSKAL HERRIA BILDU - EH Bildu,0,0,Ministerio del Interior / portal oficial de datos abiertos,PRIMARY_OFFICIAL
2015,2015-12-20,21 - Huelva,EUZKO ALDERDI JELTZALEA-PARTIDO NACIONALISTA VASCO - EAJ-PNV,0,0,Ministerio del Interior / portal oficial de datos abiertos,PRIMARY_OFFICIAL
2015,2015-12-20,21 - Huelva,EXTREMADURA UNIDA-EXTREMEÑOS - EU-eX,0,0,Ministerio del Interior / portal oficial de datos abiertos,PRIMARY_OFFICIAL
2015,2015-12-20,21 - Huelva,EZKERRA-X LA IZQUIERDA - EZKERRA,0,0,Ministerio del Interior / portal oficial de datos abiertos,PRIMARY_OFFICIAL
2015,2015-12-20,21 - Huelva,FALANGE ESPAÑOLA DE LAS JONS - FE de las J,0,0,Ministerio del Interior / portal oficial de datos abiertos,PRIMARY_OFFICIAL
2015,2015-12-20,21 - Huelva,FORO DEMÓCRATA - FDEE,0,0,Ministerio del Interior / portal oficial de datos abiertos,PRIMARY_OFFICIAL
2015,2015-12-20,21 - Huelva,GEROA BAI - GBAI,0,0,Ministerio del Interior / portal oficial de datos abiertos,PRIMARY_OFFICIAL
2015,2015-12-20,21 - Huelva,INDEPENDIENTES POR ARAGÓN - Independien,0,0,Ministerio del Interior / portal oficial de datos abiertos,PRIMARY_OFFICIAL
2015,2015-12-20,21 - Huelva,INICIATIVA FEMINISTA - IFem,0,0,Ministerio del Interior / portal oficial de datos abiertos,PRIMARY_OFFICIAL
2015,2015-12-20,21 - Huelva,"JUSTIZIA SOCIAL, PARTICIPACIÓN CIUDADANA - JS,PC",0,0,Ministerio del Interior / portal oficial de datos abiertos,PRIMARY_OFFICIAL
2015,2015-12-20,21 - Huelva,"LIBERTAD NAVARRA, LIBERTATE NAFARRA (Ln) - Ln",0,0,Ministerio del Interior / portal oficial de datos abiertos,PRIMARY_OFFICIAL
2015,2015-12-20,21 - Huelva,"LIBERTAD NAVARRA, LIBERTATE NAFARRA - Ln",0,0,Ministerio del Interior / portal oficial de datos abiertos,PRIMARY_OFFICIAL
2015,2015-12-20,21 - Huelva,LIBERTAD NAVARRA-LIBERTATE NAFARRA - Ln,0,0,Ministerio del Interior / portal oficial de datos abiertos,PRIMARY_OFFICIAL
2015,2015-12-20,21 - Huelva,LOS VERDES-ECOPACIFISTAS - CENTRO MODE,0,0,Ministerio del Interior / portal oficial de datos abiertos,PRIMARY_OFFICIAL
2015,2015-12-20,21 - Huelva,MUERTE AL SISTEMA - +MAS+,0,0,Ministerio del Interior / portal oficial de datos abiertos,PRIMARY_OFFICIAL
2015,2015-12-20,21 - Huelva,MÁLAGA POR SÍ - mlgXSÍ,0,0,Ministerio del Interior / portal oficial de datos abiertos,PRIMARY_OFFICIAL
2015,2015-12-20,21 - Huelva,MÉS - MÉS,0,0,Ministerio del Interior / portal oficial de datos abiertos,PRIMARY_OFFICIAL
2015,2015-12-20,21 - Huelva,NÓS-CANDIDATURA GALEGA (BNG-CG-FOGA-PCPG-PG) - NÓS,0,0,Ministerio del Interior / portal oficial de datos abiertos,PRIMARY_OFFICIAL
2015,2015-12-20,21 - Huelva,ONGI ETORRI - OE,0,0,Ministerio del Interior / portal oficial de datos abiertos,PRIMARY_OFFICIAL
2015,2015-12-20,21 - Huelva,PARTIDO ANIMALISTA CONTRA EL MALTRATO ANIMAL (PACM - PACMA,0,0,Ministerio del Interior / portal oficial de datos abiertos,PRIMARY_OFFICIAL
2015,2015-12-20,21 - Huelva,PARTIDO ANIMALISTA CONTRA EL MALTRATO ANIMAL - PACMA,2385,0,Ministerio del Interior / portal oficial de datos abiertos,PRIMARY_OFFICIAL
2015,2015-12-20,21 - Huelva,PARTIDO ANIMALISTA CONTRA O MALTRATO ANIMAL - PACMA,0,0,Ministerio del Interior / portal oficial de datos abiertos,PRIMARY_OFFICIAL
2015,2015-12-20,21 - Huelva,PARTIDO ANIMALISTA-CONTRA EL MALTRATO ANIMAL - PACMA,0,0,Ministerio del Interior / portal oficial de datos abiertos,PRIMARY_OFFICIAL
2015,2015-12-20,21 - Huelva,PARTIDO COMUNISTA DE LOS PUEBLOS DE ESPAÑA - PCPE,307,0,Ministerio del Interior / portal oficial de datos abiertos,PRIMARY_OFFICIAL
2015,2015-12-20,21 - Huelva,PARTIDO COMUNISTA DEL PUEBLO CANARIO - PCPC,0,0,Ministerio del Interior / portal oficial de datos abiertos,PRIMARY_OFFICIAL
2015,2015-12-20,21 - Huelva,PARTIDO COMUNISTA OBRERO ESPAÑOL - PCOE,0,0,Ministerio del Interior / portal oficial de datos abiertos,PRIMARY_OFFICIAL
2015,2015-12-20,21 - Huelva,PARTIDO DA TERRA - PT,0,0,Ministerio del Interior / portal oficial de datos abiertos,PRIMARY_OFFICIAL
2015,2015-12-20,21 - Huelva,PARTIDO DOS SOCIALISTAS DE GALICIA-PSOE - PSdeG-PSOE,0,0,Ministerio del Interior / portal oficial de datos abiertos,PRIMARY_OFFICIAL
2015,2015-12-20,21 - Huelva,PARTIDO FAMILIA Y VIDA - PFyV,0,0,Ministerio del Interior / portal oficial de datos abiertos,PRIMARY_OFFICIAL
2015,2015-12-20,21 - Huelva,PARTIDO HUMANISTA - PH,0,0,Ministerio del Interior / portal oficial de datos abiertos,PRIMARY_OFFICIAL
2015,2015-12-20,21 - Huelva,PARTIDO LIBERAL DE DERECHAS - PLD,0,0,Ministerio del Interior / portal oficial de datos abiertos,PRIMARY_OFFICIAL
2015,2015-12-20,21 - Huelva,PARTIDO LIBERTARIO - P-LIB,0,0,Ministerio del Interior / portal oficial de datos abiertos,PRIMARY_OFFICIAL
2015,2015-12-20,21 - Huelva,PARTIDO POPULAR (PP) - PP,0,0,Ministerio del Interior / portal oficial de datos abiertos,PRIMARY_OFFICIAL
2015,2015-12-20,21 - Huelva,PARTIDO POPULAR - PP,74353,2,Ministerio del Interior / portal oficial de datos abiertos,PRIMARY_OFFICIAL
2015,2015-12-20,21 - Huelva,PARTIDO POPULAR EN COALICIÓN CON EL PARTIDO ARAGON - PP-PAR,0,0,Ministerio del Interior / portal oficial de datos abiertos,PRIMARY_OFFICIAL
2015,2015-12-20,21 - Huelva,PARTIDO POPULAR-FORO - PP-FORO,0,0,Ministerio del Interior / portal oficial de datos abiertos,PRIMARY_OFFICIAL
2015,2015-12-20,21 - Huelva,PARTIDO POPULAR/PARTIT POPULAR - PP,0,0,Ministerio del Interior / portal oficial de datos abiertos,PRIMARY_OFFICIAL
2015,2015-12-20,21 - Huelva,PARTIDO REGIONALISTA DEL PAÍS LEONÉS - PREPAL,0,0,Ministerio del Interior / portal oficial de datos abiertos,PRIMARY_OFFICIAL
2015,2015-12-20,21 - Huelva,PARTIDO SOCIALISTA DE EUSKADI-EUSKADIKO EZKERRA (P - PSE-EE,0,0,Ministerio del Interior / portal oficial de datos abiertos,PRIMARY_OFFICIAL
2015,2015-12-20,21 - Huelva,PARTIDO SOCIALISTA DE EUSKADI-EUSKADIKO EZKERRA (P - PSE-EE (PSO,0,0,Ministerio del Interior / portal oficial de datos abiertos,PRIMARY_OFFICIAL
2015,2015-12-20,21 - Huelva,PARTIDO SOCIALISTA OBRERO ESPAÑOL - PSOE,95637,2,Ministerio del Interior / portal oficial de datos abiertos,PRIMARY_OFFICIAL
2015,2015-12-20,21 - Huelva,PARTIDO SOCIALISTA OBRERO ESPAÑOL-NUEVA CANARIAS - PSOE-NCa,0,0,Ministerio del Interior / portal oficial de datos abiertos,PRIMARY_OFFICIAL
2015,2015-12-20,21 - Huelva,PARTIT ANIMALISTA CONTRA EL MALTRACTAMENT ANIMAL - PACMA,0,0,Ministerio del Interior / portal oficial de datos abiertos,PRIMARY_OFFICIAL
2015,2015-12-20,21 - Huelva,PARTIT COMUNISTA DEL POBLE DE CATALUNYA - PCPC,0,0,Ministerio del Interior / portal oficial de datos abiertos,PRIMARY_OFFICIAL
2015,2015-12-20,21 - Huelva,PARTIT COMUNISTA DELS POBLES D’ESPANYA - PCPE,0,0,Ministerio del Interior / portal oficial de datos abiertos,PRIMARY_OFFICIAL
2015,2015-12-20,21 - Huelva,PARTIT DELS SOCIALISTES DE CATALUNYA (PSC-PSOE) - PSC,0,0,Ministerio del Interior / portal oficial de datos abiertos,PRIMARY_OFFICIAL
2015,2015-12-20,21 - Huelva,PARTIT DELS SOCIALISTES DE CATALUNYA - PSC-PSOE,0,0,Ministerio del Interior / portal oficial de datos abiertos,PRIMARY_OFFICIAL
2015,2015-12-20,21 - Huelva,PODEMOS - PODEMOS,39435,1,Ministerio del Interior / portal oficial de datos abiertos,PRIMARY_OFFICIAL
2015,2015-12-20,21 - Huelva,PODEMOS-AHAL DUGU - PODEMOS-AHA,0,0,Ministerio del Interior / portal oficial de datos abiertos,PRIMARY_OFFICIAL
2015,2015-12-20,21 - Huelva,PODEMOS-Ahora Alto Aragón en Común - PODEMOS-Aho,0,0,Ministerio del Interior / portal oficial de datos abiertos,PRIMARY_OFFICIAL
2015,2015-12-20,21 - Huelva,PODEMOS/AHAL DUGU - PODEMOS-AHA,0,0,Ministerio del Interior / portal oficial de datos abiertos,PRIMARY_OFFICIAL
2015,2015-12-20,21 - Huelva,POR UN MUNDO MÁS JUSTO - PUM+J,0,0,Ministerio del Interior / portal oficial de datos abiertos,PRIMARY_OFFICIAL
2015,2015-12-20,21 - Huelva,RECORTES CERO-GRUPO VERDE - RECORTES CE,336,0,Ministerio del Interior / portal oficial de datos abiertos,PRIMARY_OFFICIAL
2015,2015-12-20,21 - Huelva,SOLIDARIDAD Y AUTOGESTIÓN INTERNACIONALISTA - SAIn,0,0,Ministerio del Interior / portal oficial de datos abiertos,PRIMARY_OFFICIAL
2015,2015-12-20,21 - Huelva,SOLUCIONA - SOLUCIONA,0,0,Ministerio del Interior / portal oficial de datos abiertos,PRIMARY_OFFICIAL
2015,2015-12-20,21 - Huelva,SOM VALENCIANS - SOMVAL,0,0,Ministerio del Interior / portal oficial de datos abiertos,PRIMARY_OFFICIAL
2015,2015-12-20,21 - Huelva,"UNIDAD POPULAR EN ARAGÓN: IZQUIERDA UNIDA, CHUNTA - IU-CHA-UPeC",0,0,Ministerio del Interior / portal oficial de datos abiertos,PRIMARY_OFFICIAL
2015,2015-12-20,21 - Huelva,UNIDAD POPULAR- ORAIN BATERA:EZKER ANITZA-IZQUIERD - IU-UPeC,0,0,Ministerio del Interior / portal oficial de datos abiertos,PRIMARY_OFFICIAL
2015,2015-12-20,21 - Huelva,UNIDAD POPULAR-IZQUIERDA UNIDA - UNIDAD POPU,0,0,Ministerio del Interior / portal oficial de datos abiertos,PRIMARY_OFFICIAL
2015,2015-12-20,21 - Huelva,UNIDAD POPULAR-ORAIN BATERA:EZKER ANITZA-IZQUIERDA - IU-UPeC,0,0,Ministerio del Interior / portal oficial de datos abiertos,PRIMARY_OFFICIAL
2015,2015-12-20,21 - Huelva,UNIDAD POPULAR-ORAIN BATERA:EZKER ANITZA-IZQUIERDA - IU-UpeC,0,0,Ministerio del Interior / portal oficial de datos abiertos,PRIMARY_OFFICIAL
2015,2015-12-20,21 - Huelva,"UNIDAD POPULAR-ORAIN BATERA:IZQUIERDA UNIDA, BATZA - IU-B-UPeC",0,0,Ministerio del Interior / portal oficial de datos abiertos,PRIMARY_OFFICIAL
2015,2015-12-20,21 - Huelva,"UNIDAD POPULAR: IZQUIERDA UNIDA CANARIA, UNIDAD PO - IUC-UPeC",0,0,Ministerio del Interior / portal oficial de datos abiertos,PRIMARY_OFFICIAL
2015,2015-12-20,21 - Huelva,UNIDAD POPULAR: IZQUIERDA UNIDA LOS VERDES - CONVO - UP: IULV-CA,0,0,Ministerio del Interior / portal oficial de datos abiertos,PRIMARY_OFFICIAL
2015,2015-12-20,21 - Huelva,"UNIDAD POPULAR: IZQUIERDA UNIDA LOS VERDES-CONVOCA - IULV-CA, UP",0,0,Ministerio del Interior / portal oficial de datos abiertos,PRIMARY_OFFICIAL
2015,2015-12-20,21 - Huelva,"UNIDAD POPULAR: IZQUIERDA UNIDA LOS VERDES-CONVOCA - IULV-CA,UPe",11786,0,Ministerio del Interior / portal oficial de datos abiertos,PRIMARY_OFFICIAL
2015,2015-12-20,21 - Huelva,"UNIDAD POPULAR: IZQUIERDA UNIDA, UNIDAD POPULAR EN - IU-UPeC",0,0,Ministerio del Interior / portal oficial de datos abiertos,PRIMARY_OFFICIAL
2015,2015-12-20,21 - Huelva,"UNIDAD POPULAR: IZQUIERDA UNIDA, UNIDAD POPULAR EN - IU-UPeC-IAS",0,0,Ministerio del Interior / portal oficial de datos abiertos,PRIMARY_OFFICIAL
2015,2015-12-20,21 - Huelva,"UNIDAD POPULAR: IZQUIERDA UNIDA, UNIDAD POPULAR EN - UP-UPeC",0,0,Ministerio del Interior / portal oficial de datos abiertos,PRIMARY_OFFICIAL
2015,2015-12-20,21 - Huelva,"UNIDAD POPULAR: IZQUIERDA UNIDA, UNIDAD POPULAR EN - UPeC-IU-IZC",0,0,Ministerio del Interior / portal oficial de datos abiertos,PRIMARY_OFFICIAL
2015,2015-12-20,21 - Huelva,UNIDAD POPULAR: IZQUIERDA UNIDA-UNIDAD POPULAR EN - IU-UPeC,0,0,Ministerio del Interior / portal oficial de datos abiertos,PRIMARY_OFFICIAL
2015,2015-12-20,21 - Huelva,UNIDAD POPULAR: IZQUIERDA UNIDA. UNIDAD POPULAR EN - IU-UPeC,0,0,Ministerio del Interior / portal oficial de datos abiertos,PRIMARY_OFFICIAL
2015,2015-12-20,21 - Huelva,"UNIDAD POPULAR: UNIDAD POPULAR EN COMÚN, IZQUIERDA - UPeC-IU",0,0,Ministerio del Interior / portal oficial de datos abiertos,PRIMARY_OFFICIAL
2015,2015-12-20,21 - Huelva,"UNITAT POPULAR BALEARS: IZQUIERDA UNIDA, UNIDAD PO - UPB: IU-UPe",0,0,Ministerio del Interior / portal oficial de datos abiertos,PRIMARY_OFFICIAL
2015,2015-12-20,21 - Huelva,"UNITAT POPULAR: ESQUERRA UNIDA DEL PAÍS VALENCIÀ, - EUPV-UPeC",0,0,Ministerio del Interior / portal oficial de datos abiertos,PRIMARY_OFFICIAL
2015,2015-12-20,21 - Huelva,"UNITAT POPULAR:ESQUERRA UNIDA DEL PAÍS VALENCIÀ, U - EUPV-UPeC",0,0,Ministerio del Interior / portal oficial de datos abiertos,PRIMARY_OFFICIAL
2015,2015-12-20,21 - Huelva,UNIÓ DEMOCRÀTICA DE CATALUNYA - Unio.Cat,0,0,Ministerio del Interior / portal oficial de datos abiertos,PRIMARY_OFFICIAL
2015,2015-12-20,21 - Huelva,UNIÓ DEMOCRÀTICA DE CATALUNYA - unio.cat,0,0,Ministerio del Interior / portal oficial de datos abiertos,PRIMARY_OFFICIAL
2015,2015-12-20,21 - Huelva,UNIÓN DEL PUEBLO NAVARRO EN COALICIÓN CON EL PARTI - UPN-PP,0,0,Ministerio del Interior / portal oficial de datos abiertos,PRIMARY_OFFICIAL
2015,2015-12-20,21 - Huelva,UNIÓN PROGRESO Y DEMOCRACIA (UPYD) - UPYD,0,0,Ministerio del Interior / portal oficial de datos abiertos,PRIMARY_OFFICIAL
2015,2015-12-20,21 - Huelva,UNIÓN PROGRESO Y DEMOCRACIA - UPYD,1014,0,Ministerio del Interior / portal oficial de datos abiertos,PRIMARY_OFFICIAL
2015,2015-12-20,21 - Huelva,VOX - VOX,460,0,Ministerio del Interior / portal oficial de datos abiertos,PRIMARY_OFFICIAL
2015,2015-12-20,21 - Huelva,X A ESQUERDA - X ESQ,0,0,Ministerio del Interior / portal oficial de datos abiertos,PRIMARY_OFFICIAL
2015,2015-12-20,21 - Huelva,X LA IZQUIERDA-LOS VERDES - X LA IZQUIE,0,0,Ministerio del Interior / portal oficial de datos abiertos,PRIMARY_OFFICIAL
2015,2015-12-20,22 - Huesca,"""EN COMÚ PODEM"" - EN COMÚ",0,0,Ministerio del Interior / portal oficial de datos abiertos,PRIMARY_OFFICIAL
2015,2015-12-20,22 - Huesca,ANDALUCES DE JAÉN UNIDOS - AJU,0,0,Ministerio del Interior / portal oficial de datos abiertos,PRIMARY_OFFICIAL
2015,2015-12-20,22 - Huesca,"ARA, PAÍS VALENCIÀ - ARA, PV",0,0,Ministerio del Interior / portal oficial de datos abiertos,PRIMARY_OFFICIAL
2015,2015-12-20,22 - Huesca,"ARA, PAÍS VALENCIÀ - ARAPV",0,0,Ministerio del Interior / portal oficial de datos abiertos,PRIMARY_OFFICIAL
2015,2015-12-20,22 - Huesca,AVANT VALENCIANS - AVANT,0,0,Ministerio del Interior / portal oficial de datos abiertos,PRIMARY_OFFICIAL
2015,2015-12-20,22 - Huesca,BIDEZKO MUNDURANTZ/POR UN MUNDO MÁS JUSTO - PUM+J,0,0,Ministerio del Interior / portal oficial de datos abiertos,PRIMARY_OFFICIAL
2015,2015-12-20,22 - Huesca,"CANARIAS DECIDE: LOS VERDES, UNIDAD DEL PUEBLO Y A - CANARIAS DE",0,0,Ministerio del Interior / portal oficial de datos abiertos,PRIMARY_OFFICIAL
2015,2015-12-20,22 - Huesca,CIUDADANOS DE CENTRO DEMOCRÁTICO - CCD,0,0,Ministerio del Interior / portal oficial de datos abiertos,PRIMARY_OFFICIAL
2015,2015-12-20,22 - Huesca,CIUDADANOS LIBRES UNIDOS - CILUS,0,0,Ministerio del Interior / portal oficial de datos abiertos,PRIMARY_OFFICIAL
2015,2015-12-20,22 - Huesca,CIUDADANOS PARTIDO DE LA CIUDADANÍA - C's,19789,0,Ministerio del Interior / portal oficial de datos abiertos,PRIMARY_OFFICIAL
2015,2015-12-20,22 - Huesca,CIUDADANOS PARTIDO DE LA CIUDADANÍA - C´s,0,0,Ministerio del Interior / portal oficial de datos abiertos,PRIMARY_OFFICIAL
2015,2015-12-20,22 - Huesca,CIUDADANOS RURALES AGRUPADOS - CRA,0,0,Ministerio del Interior / portal oficial de datos abiertos,PRIMARY_OFFICIAL
2015,2015-12-20,22 - Huesca,"CIUDADANOS, PARTIDO DE LA CIUDADANÍA - C's",0,0,Ministerio del Interior / portal oficial de datos abiertos,PRIMARY_OFFICIAL
2015,2015-12-20,22 - Huesca,"CIUDADANOS, PARTIDO DE LA CIUDADANÍA - C´s",0,0,Ministerio del Interior / portal oficial de datos abiertos,PRIMARY_OFFICIAL
2015,2015-12-20,22 - Huesca,CIUDADANOS-PARTIDO DE LA CIUDADANÍA (C's) - C's,0,0,Ministerio del Interior / portal oficial de datos abiertos,PRIMARY_OFFICIAL
2015,2015-12-20,22 - Huesca,CIUDADANOS-PARTIDO DE LA CIUDADANÍA - C's,0,0,Ministerio del Interior / portal oficial de datos abiertos,PRIMARY_OFFICIAL
2015,2015-12-20,22 - Huesca,CIUDADANOS-PARTIDO DE LA CIUDADANÍA - C´s,0,0,Ministerio del Interior / portal oficial de datos abiertos,PRIMARY_OFFICIAL
2015,2015-12-20,22 - Huesca,CIUTADANS - PARTIDO DE LA CIUDADANÍA - C's,0,0,Ministerio del Interior / portal oficial de datos abiertos,PRIMARY_OFFICIAL
2015,2015-12-20,22 - Huesca,CIUTADANS-PARTIDO DE LA CIUDADANÍA - C's,0,0,Ministerio del Interior / portal oficial de datos abiertos,PRIMARY_OFFICIAL
2015,2015-12-20,22 - Huesca,COALICIÓN CANARIA - PARTIDO NACIONALISTA CANARIO - CCa-PNC,0,0,Ministerio del Interior / portal oficial de datos abiertos,PRIMARY_OFFICIAL
2015,2015-12-20,22 - Huesca,COALICIÓN CANARIA-PARTIDO NACIONALISTA CANARIO - CCa-PNC,0,0,Ministerio del Interior / portal oficial de datos abiertos,PRIMARY_OFFICIAL
2015,2015-12-20,22 - Huesca,COMPROMÍS-PODEMOS-ÉS EL MOMENT - PODEMOS - C,0,0,Ministerio del Interior / portal oficial de datos abiertos,PRIMARY_OFFICIAL
2015,2015-12-20,22 - Huesca,COMPROMÍS-PODEMOS-ÉS EL MOMENT - PODEMOS-COM,0,0,Ministerio del Interior / portal oficial de datos abiertos,PRIMARY_OFFICIAL
2015,2015-12-20,22 - Huesca,COMUNISTAS DA GALIZA - PCPE,0,0,Ministerio del Interior / portal oficial de datos abiertos,PRIMARY_OFFICIAL
2015,2015-12-20,22 - Huesca,COMUNISTAS DA GALIZA-PCPE - PCPE,0,0,Ministerio del Interior / portal oficial de datos abiertos,PRIMARY_OFFICIAL
2015,2015-12-20,22 - Huesca,DEMOCRACIA NACIONAL - DN,0,0,Ministerio del Interior / portal oficial de datos abiertos,PRIMARY_OFFICIAL
2015,2015-12-20,22 - Huesca,DEMOCRÀCIA I LLIBERTAT. CONVERGÈNCIA. DEMÒCRATES. - DL,0,0,Ministerio del Interior / portal oficial de datos abiertos,PRIMARY_OFFICIAL
2015,2015-12-20,22 - Huesca,EL PI - PROPOSTA PER LES ILLES - EL PI,0,0,Ministerio del Interior / portal oficial de datos abiertos,PRIMARY_OFFICIAL
2015,2015-12-20,22 - Huesca,EN COMÚ PODEM - EN COMÚ,0,0,Ministerio del Interior / portal oficial de datos abiertos,PRIMARY_OFFICIAL
2015,2015-12-20,22 - Huesca,EN MAREA - PODEMOS-EN,0,0,Ministerio del Interior / portal oficial de datos abiertos,PRIMARY_OFFICIAL
2015,2015-12-20,22 - Huesca,EN MAREA - PODEMOS-En,0,0,Ministerio del Interior / portal oficial de datos abiertos,PRIMARY_OFFICIAL
2015,2015-12-20,22 - Huesca,EN POSITIU - EN POSITIU,0,0,Ministerio del Interior / portal oficial de datos abiertos,PRIMARY_OFFICIAL
2015,2015-12-20,22 - Huesca,ESCAÑOS EN BLANCO - AULKI ZURIAK - EB - AZ,0,0,Ministerio del Interior / portal oficial de datos abiertos,PRIMARY_OFFICIAL
2015,2015-12-20,22 - Huesca,ESCAÑOS EN BLANCO - EB,554,0,Ministerio del Interior / portal oficial de datos abiertos,PRIMARY_OFFICIAL
2015,2015-12-20,22 - Huesca,ESCAÑOS EN BLANCO-AULKI ZURIAK - EB-AZ,0,0,Ministerio del Interior / portal oficial de datos abiertos,PRIMARY_OFFICIAL
2015,2015-12-20,22 - Huesca,ESCONS EN BLANC/ESCAÑOS EN BLANCO - EB,0,0,Ministerio del Interior / portal oficial de datos abiertos,PRIMARY_OFFICIAL
2015,2015-12-20,22 - Huesca,ESQUERRA REPUBLICANA DE CATALUNYA-CATALUNYA SÍ - ERC-CATSI,0,0,Ministerio del Interior / portal oficial de datos abiertos,PRIMARY_OFFICIAL
2015,2015-12-20,22 - Huesca,ESQUERRA REPUBLICANA DE CATALUNYA-CATALUNYA SÍ - ERC-CATSÍ,0,0,Ministerio del Interior / portal oficial de datos abiertos,PRIMARY_OFFICIAL
2015,2015-12-20,22 - Huesca,EUSKAL HERRIA BILDU (EH Bildu) - EH Bildu,0,0,Ministerio del Interior / portal oficial de datos abiertos,PRIMARY_OFFICIAL
2015,2015-12-20,22 - Huesca,EUSKAL HERRIA BILDU - EH Bildu,0,0,Ministerio del Interior / portal oficial de datos abiertos,PRIMARY_OFFICIAL
2015,2015-12-20,22 - Huesca,EUZKO ALDERDI JELTZALEA-PARTIDO NACIONALISTA VASCO - EAJ-PNV,0,0,Ministerio del Interior / portal oficial de datos abiertos,PRIMARY_OFFICIAL
2015,2015-12-20,22 - Huesca,EXTREMADURA UNIDA-EXTREMEÑOS - EU-eX,0,0,Ministerio del Interior / portal oficial de datos abiertos,PRIMARY_OFFICIAL
2015,2015-12-20,22 - Huesca,EZKERRA-X LA IZQUIERDA - EZKERRA,0,0,Ministerio del Interior / portal oficial de datos abiertos,PRIMARY_OFFICIAL
2015,2015-12-20,22 - Huesca,FALANGE ESPAÑOLA DE LAS JONS - FE de las J,0,0,Ministerio del Interior / portal oficial de datos abiertos,PRIMARY_OFFICIAL
2015,2015-12-20,22 - Huesca,FORO DEMÓCRATA - FDEE,0,0,Ministerio del Interior / portal oficial de datos abiertos,PRIMARY_OFFICIAL
2015,2015-12-20,22 - Huesca,GEROA BAI - GBAI,0,0,Ministerio del Interior / portal oficial de datos abiertos,PRIMARY_OFFICIAL
2015,2015-12-20,22 - Huesca,INDEPENDIENTES POR ARAGÓN - Independien,114,0,Ministerio del Interior / portal oficial de datos abiertos,PRIMARY_OFFICIAL
2015,2015-12-20,22 - Huesca,INICIATIVA FEMINISTA - IFem,0,0,Ministerio del Interior / portal oficial de datos abiertos,PRIMARY_OFFICIAL
2015,2015-12-20,22 - Huesca,"JUSTIZIA SOCIAL, PARTICIPACIÓN CIUDADANA - JS,PC",0,0,Ministerio del Interior / portal oficial de datos abiertos,PRIMARY_OFFICIAL
2015,2015-12-20,22 - Huesca,"LIBERTAD NAVARRA, LIBERTATE NAFARRA (Ln) - Ln",0,0,Ministerio del Interior / portal oficial de datos abiertos,PRIMARY_OFFICIAL
2015,2015-12-20,22 - Huesca,"LIBERTAD NAVARRA, LIBERTATE NAFARRA - Ln",0,0,Ministerio del Interior / portal oficial de datos abiertos,PRIMARY_OFFICIAL
2015,2015-12-20,22 - Huesca,LIBERTAD NAVARRA-LIBERTATE NAFARRA - Ln,0,0,Ministerio del Interior / portal oficial de datos abiertos,PRIMARY_OFFICIAL
2015,2015-12-20,22 - Huesca,LOS VERDES-ECOPACIFISTAS - CENTRO MODE,0,0,Ministerio del Interior / portal oficial de datos abiertos,PRIMARY_OFFICIAL
2015,2015-12-20,22 - Huesca,MUERTE AL SISTEMA - +MAS+,0,0,Ministerio del Interior / portal oficial de datos abiertos,PRIMARY_OFFICIAL
2015,2015-12-20,22 - Huesca,MÁLAGA POR SÍ - mlgXSÍ,0,0,Ministerio del Interior / portal oficial de datos abiertos,PRIMARY_OFFICIAL
2015,2015-12-20,22 - Huesca,MÉS - MÉS,0,0,Ministerio del Interior / portal oficial de datos abiertos,PRIMARY_OFFICIAL
2015,2015-12-20,22 - Huesca,NÓS-CANDIDATURA GALEGA (BNG-CG-FOGA-PCPG-PG) - NÓS,0,0,Ministerio del Interior / portal oficial de datos abiertos,PRIMARY_OFFICIAL
2015,2015-12-20,22 - Huesca,ONGI ETORRI - OE,0,0,Ministerio del Interior / portal oficial de datos abiertos,PRIMARY_OFFICIAL
2015,2015-12-20,22 - Huesca,PARTIDO ANIMALISTA CONTRA EL MALTRATO ANIMAL (PACM - PACMA,0,0,Ministerio del Interior / portal oficial de datos abiertos,PRIMARY_OFFICIAL
2015,2015-12-20,22 - Huesca,PARTIDO ANIMALISTA CONTRA EL MALTRATO ANIMAL - PACMA,792,0,Ministerio del Interior / portal oficial de datos abiertos,PRIMARY_OFFICIAL
2015,2015-12-20,22 - Huesca,PARTIDO ANIMALISTA CONTRA O MALTRATO ANIMAL - PACMA,0,0,Ministerio del Interior / portal oficial de datos abiertos,PRIMARY_OFFICIAL
2015,2015-12-20,22 - Huesca,PARTIDO ANIMALISTA-CONTRA EL MALTRATO ANIMAL - PACMA,0,0,Ministerio del Interior / portal oficial de datos abiertos,PRIMARY_OFFICIAL
2015,2015-12-20,22 - Huesca,PARTIDO COMUNISTA DE LOS PUEBLOS DE ESPAÑA - PCPE,257,0,Ministerio del Interior / portal oficial de datos abiertos,PRIMARY_OFFICIAL
2015,2015-12-20,22 - Huesca,PARTIDO COMUNISTA DEL PUEBLO CANARIO - PCPC,0,0,Ministerio del Interior / portal oficial de datos abiertos,PRIMARY_OFFICIAL
2015,2015-12-20,22 - Huesca,PARTIDO COMUNISTA OBRERO ESPAÑOL - PCOE,0,0,Ministerio del Interior / portal oficial de datos abiertos,PRIMARY_OFFICIAL
2015,2015-12-20,22 - Huesca,PARTIDO DA TERRA - PT,0,0,Ministerio del Interior / portal oficial de datos abiertos,PRIMARY_OFFICIAL
2015,2015-12-20,22 - Huesca,PARTIDO DOS SOCIALISTAS DE GALICIA-PSOE - PSdeG-PSOE,0,0,Ministerio del Interior / portal oficial de datos abiertos,PRIMARY_OFFICIAL
2015,2015-12-20,22 - Huesca,PARTIDO FAMILIA Y VIDA - PFyV,0,0,Ministerio del Interior / portal oficial de datos abiertos,PRIMARY_OFFICIAL
2015,2015-12-20,22 - Huesca,PARTIDO HUMANISTA - PH,0,0,Ministerio del Interior / portal oficial de datos abiertos,PRIMARY_OFFICIAL
2015,2015-12-20,22 - Huesca,PARTIDO LIBERAL DE DERECHAS - PLD,0,0,Ministerio del Interior / portal oficial de datos abiertos,PRIMARY_OFFICIAL
2015,2015-12-20,22 - Huesca,PARTIDO LIBERTARIO - P-LIB,0,0,Ministerio del Interior / portal oficial de datos abiertos,PRIMARY_OFFICIAL
2015,2015-12-20,22 - Huesca,PARTIDO POPULAR (PP) - PP,0,0,Ministerio del Interior / portal oficial de datos abiertos,PRIMARY_OFFICIAL
2015,2015-12-20,22 - Huesca,PARTIDO POPULAR - PP,0,0,Ministerio del Interior / portal oficial de datos abiertos,PRIMARY_OFFICIAL
2015,2015-12-20,22 - Huesca,PARTIDO POPULAR EN COALICIÓN CON EL PARTIDO ARAGON - PP-PAR,39747,1,Ministerio del Interior / portal oficial de datos abiertos,PRIMARY_OFFICIAL
2015,2015-12-20,22 - Huesca,PARTIDO POPULAR-FORO - PP-FORO,0,0,Ministerio del Interior / portal oficial de datos abiertos,PRIMARY_OFFICIAL
2015,2015-12-20,22 - Huesca,PARTIDO POPULAR/PARTIT POPULAR - PP,0,0,Ministerio del Interior / portal oficial de datos abiertos,PRIMARY_OFFICIAL
2015,2015-12-20,22 - Huesca,PARTIDO REGIONALISTA DEL PAÍS LEONÉS - PREPAL,0,0,Ministerio del Interior / portal oficial de datos abiertos,PRIMARY_OFFICIAL
2015,2015-12-20,22 - Huesca,PARTIDO SOCIALISTA DE EUSKADI-EUSKADIKO EZKERRA (P - PSE-EE,0,0,Ministerio del Interior / portal oficial de datos abiertos,PRIMARY_OFFICIAL
2015,2015-12-20,22 - Huesca,PARTIDO SOCIALISTA DE EUSKADI-EUSKADIKO EZKERRA (P - PSE-EE (PSO,0,0,Ministerio del Interior / portal oficial de datos abiertos,PRIMARY_OFFICIAL
2015,2015-12-20,22 - Huesca,PARTIDO SOCIALISTA OBRERO ESPAÑOL - PSOE,30183,1,Ministerio del Interior / portal oficial de datos abiertos,PRIMARY_OFFICIAL
2015,2015-12-20,22 - Huesca,PARTIDO SOCIALISTA OBRERO ESPAÑOL-NUEVA CANARIAS - PSOE-NCa,0,0,Ministerio del Interior / portal oficial de datos abiertos,PRIMARY_OFFICIAL
2015,2015-12-20,22 - Huesca,PARTIT ANIMALISTA CONTRA EL MALTRACTAMENT ANIMAL - PACMA,0,0,Ministerio del Interior / portal oficial de datos abiertos,PRIMARY_OFFICIAL
2015,2015-12-20,22 - Huesca,PARTIT COMUNISTA DEL POBLE DE CATALUNYA - PCPC,0,0,Ministerio del Interior / portal oficial de datos abiertos,PRIMARY_OFFICIAL
2015,2015-12-20,22 - Huesca,PARTIT COMUNISTA DELS POBLES D’ESPANYA - PCPE,0,0,Ministerio del Interior / portal oficial de datos abiertos,PRIMARY_OFFICIAL
2015,2015-12-20,22 - Huesca,PARTIT DELS SOCIALISTES DE CATALUNYA (PSC-PSOE) - PSC,0,0,Ministerio del Interior / portal oficial de datos abiertos,PRIMARY_OFFICIAL
2015,2015-12-20,22 - Huesca,PARTIT DELS SOCIALISTES DE CATALUNYA - PSC-PSOE,0,0,Ministerio del Interior / portal oficial de datos abiertos,PRIMARY_OFFICIAL
2015,2015-12-20,22 - Huesca,PODEMOS - PODEMOS,0,0,Ministerio del Interior / portal oficial de datos abiertos,PRIMARY_OFFICIAL
2015,2015-12-20,22 - Huesca,PODEMOS-AHAL DUGU - PODEMOS-AHA,0,0,Ministerio del Interior / portal oficial de datos abiertos,PRIMARY_OFFICIAL
2015,2015-12-20,22 - Huesca,PODEMOS-Ahora Alto Aragón en Común - PODEMOS-Aho,21943,1,Ministerio del Interior / portal oficial de datos abiertos,PRIMARY_OFFICIAL
2015,2015-12-20,22 - Huesca,PODEMOS/AHAL DUGU - PODEMOS-AHA,0,0,Ministerio del Interior / portal oficial de datos abiertos,PRIMARY_OFFICIAL
2015,2015-12-20,22 - Huesca,POR UN MUNDO MÁS JUSTO - PUM+J,0,0,Ministerio del Interior / portal oficial de datos abiertos,PRIMARY_OFFICIAL
2015,2015-12-20,22 - Huesca,RECORTES CERO-GRUPO VERDE - RECORTES CE,249,0,Ministerio del Interior / portal oficial de datos abiertos,PRIMARY_OFFICIAL
2015,2015-12-20,22 - Huesca,SOLIDARIDAD Y AUTOGESTIÓN INTERNACIONALISTA - SAIn,0,0,Ministerio del Interior / portal oficial de datos abiertos,PRIMARY_OFFICIAL
2015,2015-12-20,22 - Huesca,SOLUCIONA - SOLUCIONA,0,0,Ministerio del Interior / portal oficial de datos abiertos,PRIMARY_OFFICIAL
2015,2015-12-20,22 - Huesca,SOM VALENCIANS - SOMVAL,0,0,Ministerio del Interior / portal oficial de datos abiertos,PRIMARY_OFFICIAL
2015,2015-12-20,22 - Huesca,"UNIDAD POPULAR EN ARAGÓN: IZQUIERDA UNIDA, CHUNTA - IU-CHA-UPeC",6433,0,Ministerio del Interior / portal oficial de datos abiertos,PRIMARY_OFFICIAL
2015,2015-12-20,22 - Huesca,UNIDAD POPULAR- ORAIN BATERA:EZKER ANITZA-IZQUIERD - IU-UPeC,0,0,Ministerio del Interior / portal oficial de datos abiertos,PRIMARY_OFFICIAL
2015,2015-12-20,22 - Huesca,UNIDAD POPULAR-IZQUIERDA UNIDA - UNIDAD POPU,0,0,Ministerio del Interior / portal oficial de datos abiertos,PRIMARY_OFFICIAL
2015,2015-12-20,22 - Huesca,UNIDAD POPULAR-ORAIN BATERA:EZKER ANITZA-IZQUIERDA - IU-UPeC,0,0,Ministerio del Interior / portal oficial de datos abiertos,PRIMARY_OFFICIAL
2015,2015-12-20,22 - Huesca,UNIDAD POPULAR-ORAIN BATERA:EZKER ANITZA-IZQUIERDA - IU-UpeC,0,0,Ministerio del Interior / portal oficial de datos abiertos,PRIMARY_OFFICIAL
2015,2015-12-20,22 - Huesca,"UNIDAD POPULAR-ORAIN BATERA:IZQUIERDA UNIDA, BATZA - IU-B-UPeC",0,0,Ministerio del Interior / portal oficial de datos abiertos,PRIMARY_OFFICIAL
2015,2015-12-20,22 - Huesca,"UNIDAD POPULAR: IZQUIERDA UNIDA CANARIA, UNIDAD PO - IUC-UPeC",0,0,Ministerio del Interior / portal oficial de datos abiertos,PRIMARY_OFFICIAL
2015,2015-12-20,22 - Huesca,UNIDAD POPULAR: IZQUIERDA UNIDA LOS VERDES - CONVO - UP: IULV-CA,0,0,Ministerio del Interior / portal oficial de datos abiertos,PRIMARY_OFFICIAL
2015,2015-12-20,22 - Huesca,"UNIDAD POPULAR: IZQUIERDA UNIDA LOS VERDES-CONVOCA - IULV-CA, UP",0,0,Ministerio del Interior / portal oficial de datos abiertos,PRIMARY_OFFICIAL
2015,2015-12-20,22 - Huesca,"UNIDAD POPULAR: IZQUIERDA UNIDA LOS VERDES-CONVOCA - IULV-CA,UPe",0,0,Ministerio del Interior / portal oficial de datos abiertos,PRIMARY_OFFICIAL
2015,2015-12-20,22 - Huesca,"UNIDAD POPULAR: IZQUIERDA UNIDA, UNIDAD POPULAR EN - IU-UPeC",0,0,Ministerio del Interior / portal oficial de datos abiertos,PRIMARY_OFFICIAL
2015,2015-12-20,22 - Huesca,"UNIDAD POPULAR: IZQUIERDA UNIDA, UNIDAD POPULAR EN - IU-UPeC-IAS",0,0,Ministerio del Interior / portal oficial de datos abiertos,PRIMARY_OFFICIAL
2015,2015-12-20,22 - Huesca,"UNIDAD POPULAR: IZQUIERDA UNIDA, UNIDAD POPULAR EN - UP-UPeC",0,0,Ministerio del Interior / portal oficial de datos abiertos,PRIMARY_OFFICIAL
2015,2015-12-20,22 - Huesca,"UNIDAD POPULAR: IZQUIERDA UNIDA, UNIDAD POPULAR EN - UPeC-IU-IZC",0,0,Ministerio del Interior / portal oficial de datos abiertos,PRIMARY_OFFICIAL
2015,2015-12-20,22 - Huesca,UNIDAD POPULAR: IZQUIERDA UNIDA-UNIDAD POPULAR EN - IU-UPeC,0,0,Ministerio del Interior / portal oficial de datos abiertos,PRIMARY_OFFICIAL
2015,2015-12-20,22 - Huesca,UNIDAD POPULAR: IZQUIERDA UNIDA. UNIDAD POPULAR EN - IU-UPeC,0,0,Ministerio del Interior / portal oficial de datos abiertos,PRIMARY_OFFICIAL
2015,2015-12-20,22 - Huesca,"UNIDAD POPULAR: UNIDAD POPULAR EN COMÚN, IZQUIERDA - UPeC-IU",0,0,Ministerio del Interior / portal oficial de datos abiertos,PRIMARY_OFFICIAL
2015,2015-12-20,22 - Huesca,"UNITAT POPULAR BALEARS: IZQUIERDA UNIDA, UNIDAD PO - UPB: IU-UPe",0,0,Ministerio del Interior / portal oficial de datos abiertos,PRIMARY_OFFICIAL
2015,2015-12-20,22 - Huesca,"UNITAT POPULAR: ESQUERRA UNIDA DEL PAÍS VALENCIÀ, - EUPV-UPeC",0,0,Ministerio del Interior / portal oficial de datos abiertos,PRIMARY_OFFICIAL
2015,2015-12-20,22 - Huesca,"UNITAT POPULAR:ESQUERRA UNIDA DEL PAÍS VALENCIÀ, U - EUPV-UPeC",0,0,Ministerio del Interior / portal oficial de datos abiertos,PRIMARY_OFFICIAL
2015,2015-12-20,22 - Huesca,UNIÓ DEMOCRÀTICA DE CATALUNYA - Unio.Cat,0,0,Ministerio del Interior / portal oficial de datos abiertos,PRIMARY_OFFICIAL
2015,2015-12-20,22 - Huesca,UNIÓ DEMOCRÀTICA DE CATALUNYA - unio.cat,0,0,Ministerio del Interior / portal oficial de datos abiertos,PRIMARY_OFFICIAL
2015,2015-12-20,22 - Huesca,UNIÓN DEL PUEBLO NAVARRO EN COALICIÓN CON EL PARTI - UPN-PP,0,0,Ministerio del Interior / portal oficial de datos abiertos,PRIMARY_OFFICIAL
2015,2015-12-20,22 - Huesca,UNIÓN PROGRESO Y DEMOCRACIA (UPYD) - UPYD,0,0,Ministerio del Interior / portal oficial de datos abiertos,PRIMARY_OFFICIAL
2015,2015-12-20,22 - Huesca,UNIÓN PROGRESO Y DEMOCRACIA - UPYD,833,0,Ministerio del Interior / portal oficial de datos abiertos,PRIMARY_OFFICIAL
2015,2015-12-20,22 - Huesca,VOX - VOX,0,0,Ministerio del Interior / portal oficial de datos abiertos,PRIMARY_OFFICIAL
2015,2015-12-20,22 - Huesca,X A ESQUERDA - X ESQ,0,0,Ministerio del Interior / portal oficial de datos abiertos,PRIMARY_OFFICIAL
2015,2015-12-20,22 - Huesca,X LA IZQUIERDA-LOS VERDES - X LA IZQUIE,0,0,Ministerio del Interior / portal oficial de datos abiertos,PRIMARY_OFFICIAL
2015,2015-12-20,23 - Jaén,"""EN COMÚ PODEM"" - EN COMÚ",0,0,Ministerio del Interior / portal oficial de datos abiertos,PRIMARY_OFFICIAL
2015,2015-12-20,23 - Jaén,ANDALUCES DE JAÉN UNIDOS - AJU,711,0,Ministerio del Interior / portal oficial de datos abiertos,PRIMARY_OFFICIAL
2015,2015-12-20,23 - Jaén,"ARA, PAÍS VALENCIÀ - ARA, PV",0,0,Ministerio del Interior / portal oficial de datos abiertos,PRIMARY_OFFICIAL
2015,2015-12-20,23 - Jaén,"ARA, PAÍS VALENCIÀ - ARAPV",0,0,Ministerio del Interior / portal oficial de datos abiertos,PRIMARY_OFFICIAL
2015,2015-12-20,23 - Jaén,AVANT VALENCIANS - AVANT,0,0,Ministerio del Interior / portal oficial de datos abiertos,PRIMARY_OFFICIAL
2015,2015-12-20,23 - Jaén,BIDEZKO MUNDURANTZ/POR UN MUNDO MÁS JUSTO - PUM+J,0,0,Ministerio del Interior / portal oficial de datos abiertos,PRIMARY_OFFICIAL
2015,2015-12-20,23 - Jaén,"CANARIAS DECIDE: LOS VERDES, UNIDAD DEL PUEBLO Y A - CANARIAS DE",0,0,Ministerio del Interior / portal oficial de datos abiertos,PRIMARY_OFFICIAL
2015,2015-12-20,23 - Jaén,CIUDADANOS DE CENTRO DEMOCRÁTICO - CCD,0,0,Ministerio del Interior / portal oficial de datos abiertos,PRIMARY_OFFICIAL
2015,2015-12-20,23 - Jaén,CIUDADANOS LIBRES UNIDOS - CILUS,1189,0,Ministerio del Interior / portal oficial de datos abiertos,PRIMARY_OFFICIAL
2015,2015-12-20,23 - Jaén,CIUDADANOS PARTIDO DE LA CIUDADANÍA - C's,0,0,Ministerio del Interior / portal oficial de datos abiertos,PRIMARY_OFFICIAL
2015,2015-12-20,23 - Jaén,CIUDADANOS PARTIDO DE LA CIUDADANÍA - C´s,0,0,Ministerio del Interior / portal oficial de datos abiertos,PRIMARY_OFFICIAL
2015,2015-12-20,23 - Jaén,CIUDADANOS RURALES AGRUPADOS - CRA,0,0,Ministerio del Interior / portal oficial de datos abiertos,PRIMARY_OFFICIAL
2015,2015-12-20,23 - Jaén,"CIUDADANOS, PARTIDO DE LA CIUDADANÍA - C's",0,0,Ministerio del Interior / portal oficial de datos abiertos,PRIMARY_OFFICIAL
2015,2015-12-20,23 - Jaén,"CIUDADANOS, PARTIDO DE LA CIUDADANÍA - C´s",0,0,Ministerio del Interior / portal oficial de datos abiertos,PRIMARY_OFFICIAL
2015,2015-12-20,23 - Jaén,CIUDADANOS-PARTIDO DE LA CIUDADANÍA (C's) - C's,0,0,Ministerio del Interior / portal oficial de datos abiertos,PRIMARY_OFFICIAL
2015,2015-12-20,23 - Jaén,CIUDADANOS-PARTIDO DE LA CIUDADANÍA - C's,41398,0,Ministerio del Interior / portal oficial de datos abiertos,PRIMARY_OFFICIAL
2015,2015-12-20,23 - Jaén,CIUDADANOS-PARTIDO DE LA CIUDADANÍA - C´s,0,0,Ministerio del Interior / portal oficial de datos abiertos,PRIMARY_OFFICIAL
2015,2015-12-20,23 - Jaén,CIUTADANS - PARTIDO DE LA CIUDADANÍA - C's,0,0,Ministerio del Interior / portal oficial de datos abiertos,PRIMARY_OFFICIAL
2015,2015-12-20,23 - Jaén,CIUTADANS-PARTIDO DE LA CIUDADANÍA - C's,0,0,Ministerio del Interior / portal oficial de datos abiertos,PRIMARY_OFFICIAL
2015,2015-12-20,23 - Jaén,COALICIÓN CANARIA - PARTIDO NACIONALISTA CANARIO - CCa-PNC,0,0,Ministerio del Interior / portal oficial de datos abiertos,PRIMARY_OFFICIAL
2015,2015-12-20,23 - Jaén,COALICIÓN CANARIA-PARTIDO NACIONALISTA CANARIO - CCa-PNC,0,0,Ministerio del Interior / portal oficial de datos abiertos,PRIMARY_OFFICIAL
2015,2015-12-20,23 - Jaén,COMPROMÍS-PODEMOS-ÉS EL MOMENT - PODEMOS - C,0,0,Ministerio del Interior / portal oficial de datos abiertos,PRIMARY_OFFICIAL
2015,2015-12-20,23 - Jaén,COMPROMÍS-PODEMOS-ÉS EL MOMENT - PODEMOS-COM,0,0,Ministerio del Interior / portal oficial de datos abiertos,PRIMARY_OFFICIAL
2015,2015-12-20,23 - Jaén,COMUNISTAS DA GALIZA - PCPE,0,0,Ministerio del Interior / portal oficial de datos abiertos,PRIMARY_OFFICIAL
2015,2015-12-20,23 - Jaén,COMUNISTAS DA GALIZA-PCPE - PCPE,0,0,Ministerio del Interior / portal oficial de datos abiertos,PRIMARY_OFFICIAL
2015,2015-12-20,23 - Jaén,DEMOCRACIA NACIONAL - DN,0,0,Ministerio del Interior / portal oficial de datos abiertos,PRIMARY_OFFICIAL
2015,2015-12-20,23 - Jaén,DEMOCRÀCIA I LLIBERTAT. CONVERGÈNCIA. DEMÒCRATES. - DL,0,0,Ministerio del Interior / portal oficial de datos abiertos,PRIMARY_OFFICIAL
2015,2015-12-20,23 - Jaén,EL PI - PROPOSTA PER LES ILLES - EL PI,0,0,Ministerio del Interior / portal oficial de datos abiertos,PRIMARY_OFFICIAL
2015,2015-12-20,23 - Jaén,EN COMÚ PODEM - EN COMÚ,0,0,Ministerio del Interior / portal oficial de datos abiertos,PRIMARY_OFFICIAL
2015,2015-12-20,23 - Jaén,EN MAREA - PODEMOS-EN,0,0,Ministerio del Interior / portal oficial de datos abiertos,PRIMARY_OFFICIAL
2015,2015-12-20,23 - Jaén,EN MAREA - PODEMOS-En,0,0,Ministerio del Interior / portal oficial de datos abiertos,PRIMARY_OFFICIAL
2015,2015-12-20,23 - Jaén,EN POSITIU - EN POSITIU,0,0,Ministerio del Interior / portal oficial de datos abiertos,PRIMARY_OFFICIAL
2015,2015-12-20,23 - Jaén,ESCAÑOS EN BLANCO - AULKI ZURIAK - EB - AZ,0,0,Ministerio del Interior / portal oficial de datos abiertos,PRIMARY_OFFICIAL
2015,2015-12-20,23 - Jaén,ESCAÑOS EN BLANCO - EB,0,0,Ministerio del Interior / portal oficial de datos abiertos,PRIMARY_OFFICIAL
2015,2015-12-20,23 - Jaén,ESCAÑOS EN BLANCO-AULKI ZURIAK - EB-AZ,0,0,Ministerio del Interior / portal oficial de datos abiertos,PRIMARY_OFFICIAL
2015,2015-12-20,23 - Jaén,ESCONS EN BLANC/ESCAÑOS EN BLANCO - EB,0,0,Ministerio del Interior / portal oficial de datos abiertos,PRIMARY_OFFICIAL
2015,2015-12-20,23 - Jaén,ESQUERRA REPUBLICANA DE CATALUNYA-CATALUNYA SÍ - ERC-CATSI,0,0,Ministerio del Interior / portal oficial de datos abiertos,PRIMARY_OFFICIAL
2015,2015-12-20,23 - Jaén,ESQUERRA REPUBLICANA DE CATALUNYA-CATALUNYA SÍ - ERC-CATSÍ,0,0,Ministerio del Interior / portal oficial de datos abiertos,PRIMARY_OFFICIAL
2015,2015-12-20,23 - Jaén,EUSKAL HERRIA BILDU (EH Bildu) - EH Bildu,0,0,Ministerio del Interior / portal oficial de datos abiertos,PRIMARY_OFFICIAL
2015,2015-12-20,23 - Jaén,EUSKAL HERRIA BILDU - EH Bildu,0,0,Ministerio del Interior / portal oficial de datos abiertos,PRIMARY_OFFICIAL
2015,2015-12-20,23 - Jaén,EUZKO ALDERDI JELTZALEA-PARTIDO NACIONALISTA VASCO - EAJ-PNV,0,0,Ministerio del Interior / portal oficial de datos abiertos,PRIMARY_OFFICIAL
2015,2015-12-20,23 - Jaén,EXTREMADURA UNIDA-EXTREMEÑOS - EU-eX,0,0,Ministerio del Interior / portal oficial de datos abiertos,PRIMARY_OFFICIAL
2015,2015-12-20,23 - Jaén,EZKERRA-X LA IZQUIERDA - EZKERRA,0,0,Ministerio del Interior / portal oficial de datos abiertos,PRIMARY_OFFICIAL
2015,2015-12-20,23 - Jaén,FALANGE ESPAÑOLA DE LAS JONS - FE de las J,0,0,Ministerio del Interior / portal oficial de datos abiertos,PRIMARY_OFFICIAL
2015,2015-12-20,23 - Jaén,FORO DEMÓCRATA - FDEE,0,0,Ministerio del Interior / portal oficial de datos abiertos,PRIMARY_OFFICIAL
2015,2015-12-20,23 - Jaén,GEROA BAI - GBAI,0,0,Ministerio del Interior / portal oficial de datos abiertos,PRIMARY_OFFICIAL
2015,2015-12-20,23 - Jaén,INDEPENDIENTES POR ARAGÓN - Independien,0,0,Ministerio del Interior / portal oficial de datos abiertos,PRIMARY_OFFICIAL
2015,2015-12-20,23 - Jaén,INICIATIVA FEMINISTA - IFem,0,0,Ministerio del Interior / portal oficial de datos abiertos,PRIMARY_OFFICIAL
2015,2015-12-20,23 - Jaén,"JUSTIZIA SOCIAL, PARTICIPACIÓN CIUDADANA - JS,PC",0,0,Ministerio del Interior / portal oficial de datos abiertos,PRIMARY_OFFICIAL
2015,2015-12-20,23 - Jaén,"LIBERTAD NAVARRA, LIBERTATE NAFARRA (Ln) - Ln",0,0,Ministerio del Interior / portal oficial de datos abiertos,PRIMARY_OFFICIAL
2015,2015-12-20,23 - Jaén,"LIBERTAD NAVARRA, LIBERTATE NAFARRA - Ln",0,0,Ministerio del Interior / portal oficial de datos abiertos,PRIMARY_OFFICIAL
2015,2015-12-20,23 - Jaén,LIBERTAD NAVARRA-LIBERTATE NAFARRA - Ln,0,0,Ministerio del Interior / portal oficial de datos abiertos,PRIMARY_OFFICIAL
2015,2015-12-20,23 - Jaén,LOS VERDES-ECOPACIFISTAS - CENTRO MODE,0,0,Ministerio del Interior / portal oficial de datos abiertos,PRIMARY_OFFICIAL
2015,2015-12-20,23 - Jaén,MUERTE AL SISTEMA - +MAS+,0,0,Ministerio del Interior / portal oficial de datos abiertos,PRIMARY_OFFICIAL
2015,2015-12-20,23 - Jaén,MÁLAGA POR SÍ - mlgXSÍ,0,0,Ministerio del Interior / portal oficial de datos abiertos,PRIMARY_OFFICIAL
2015,2015-12-20,23 - Jaén,MÉS - MÉS,0,0,Ministerio del Interior / portal oficial de datos abiertos,PRIMARY_OFFICIAL
2015,2015-12-20,23 - Jaén,NÓS-CANDIDATURA GALEGA (BNG-CG-FOGA-PCPG-PG) - NÓS,0,0,Ministerio del Interior / portal oficial de datos abiertos,PRIMARY_OFFICIAL
2015,2015-12-20,23 - Jaén,ONGI ETORRI - OE,0,0,Ministerio del Interior / portal oficial de datos abiertos,PRIMARY_OFFICIAL
2015,2015-12-20,23 - Jaén,PARTIDO ANIMALISTA CONTRA EL MALTRATO ANIMAL (PACM - PACMA,0,0,Ministerio del Interior / portal oficial de datos abiertos,PRIMARY_OFFICIAL
2015,2015-12-20,23 - Jaén,PARTIDO ANIMALISTA CONTRA EL MALTRATO ANIMAL - PACMA,2543,0,Ministerio del Interior / portal oficial de datos abiertos,PRIMARY_OFFICIAL
2015,2015-12-20,23 - Jaén,PARTIDO ANIMALISTA CONTRA O MALTRATO ANIMAL - PACMA,0,0,Ministerio del Interior / portal oficial de datos abiertos,PRIMARY_OFFICIAL
2015,2015-12-20,23 - Jaén,PARTIDO ANIMALISTA-CONTRA EL MALTRATO ANIMAL - PACMA,0,0,Ministerio del Interior / portal oficial de datos abiertos,PRIMARY_OFFICIAL
2015,2015-12-20,23 - Jaén,PARTIDO COMUNISTA DE LOS PUEBLOS DE ESPAÑA - PCPE,469,0,Ministerio del Interior / portal oficial de datos abiertos,PRIMARY_OFFICIAL
2015,2015-12-20,23 - Jaén,PARTIDO COMUNISTA DEL PUEBLO CANARIO - PCPC,0,0,Ministerio del Interior / portal oficial de datos abiertos,PRIMARY_OFFICIAL
2015,2015-12-20,23 - Jaén,PARTIDO COMUNISTA OBRERO ESPAÑOL - PCOE,0,0,Ministerio del Interior / portal oficial de datos abiertos,PRIMARY_OFFICIAL
2015,2015-12-20,23 - Jaén,PARTIDO DA TERRA - PT,0,0,Ministerio del Interior / portal oficial de datos abiertos,PRIMARY_OFFICIAL
2015,2015-12-20,23 - Jaén,PARTIDO DOS SOCIALISTAS DE GALICIA-PSOE - PSdeG-PSOE,0,0,Ministerio del Interior / portal oficial de datos abiertos,PRIMARY_OFFICIAL
2015,2015-12-20,23 - Jaén,PARTIDO FAMILIA Y VIDA - PFyV,0,0,Ministerio del Interior / portal oficial de datos abiertos,PRIMARY_OFFICIAL
2015,2015-12-20,23 - Jaén,PARTIDO HUMANISTA - PH,0,0,Ministerio del Interior / portal oficial de datos abiertos,PRIMARY_OFFICIAL
2015,2015-12-20,23 - Jaén,PARTIDO LIBERAL DE DERECHAS - PLD,0,0,Ministerio del Interior / portal oficial de datos abiertos,PRIMARY_OFFICIAL
2015,2015-12-20,23 - Jaén,PARTIDO LIBERTARIO - P-LIB,0,0,Ministerio del Interior / portal oficial de datos abiertos,PRIMARY_OFFICIAL
2015,2015-12-20,23 - Jaén,PARTIDO POPULAR (PP) - PP,0,0,Ministerio del Interior / portal oficial de datos abiertos,PRIMARY_OFFICIAL
2015,2015-12-20,23 - Jaén,PARTIDO POPULAR - PP,121984,2,Ministerio del Interior / portal oficial de datos abiertos,PRIMARY_OFFICIAL
2015,2015-12-20,23 - Jaén,PARTIDO POPULAR EN COALICIÓN CON EL PARTIDO ARAGON - PP-PAR,0,0,Ministerio del Interior / portal oficial de datos abiertos,PRIMARY_OFFICIAL
2015,2015-12-20,23 - Jaén,PARTIDO POPULAR-FORO - PP-FORO,0,0,Ministerio del Interior / portal oficial de datos abiertos,PRIMARY_OFFICIAL
2015,2015-12-20,23 - Jaén,PARTIDO POPULAR/PARTIT POPULAR - PP,0,0,Ministerio del Interior / portal oficial de datos abiertos,PRIMARY_OFFICIAL
2015,2015-12-20,23 - Jaén,PARTIDO REGIONALISTA DEL PAÍS LEONÉS - PREPAL,0,0,Ministerio del Interior / portal oficial de datos abiertos,PRIMARY_OFFICIAL
2015,2015-12-20,23 - Jaén,PARTIDO SOCIALISTA DE EUSKADI-EUSKADIKO EZKERRA (P - PSE-EE,0,0,Ministerio del Interior / portal oficial de datos abiertos,PRIMARY_OFFICIAL
2015,2015-12-20,23 - Jaén,PARTIDO SOCIALISTA DE EUSKADI-EUSKADIKO EZKERRA (P - PSE-EE (PSO,0,0,Ministerio del Interior / portal oficial de datos abiertos,PRIMARY_OFFICIAL
2015,2015-12-20,23 - Jaén,PARTIDO SOCIALISTA OBRERO ESPAÑOL - PSOE,148511,3,Ministerio del Interior / portal oficial de datos abiertos,PRIMARY_OFFICIAL
2015,2015-12-20,23 - Jaén,PARTIDO SOCIALISTA OBRERO ESPAÑOL-NUEVA CANARIAS - PSOE-NCa,0,0,Ministerio del Interior / portal oficial de datos abiertos,PRIMARY_OFFICIAL
2015,2015-12-20,23 - Jaén,PARTIT ANIMALISTA CONTRA EL MALTRACTAMENT ANIMAL - PACMA,0,0,Ministerio del Interior / portal oficial de datos abiertos,PRIMARY_OFFICIAL
2015,2015-12-20,23 - Jaén,PARTIT COMUNISTA DEL POBLE DE CATALUNYA - PCPC,0,0,Ministerio del Interior / portal oficial de datos abiertos,PRIMARY_OFFICIAL
2015,2015-12-20,23 - Jaén,PARTIT COMUNISTA DELS POBLES D’ESPANYA - PCPE,0,0,Ministerio del Interior / portal oficial de datos abiertos,PRIMARY_OFFICIAL
2015,2015-12-20,23 - Jaén,PARTIT DELS SOCIALISTES DE CATALUNYA (PSC-PSOE) - PSC,0,0,Ministerio del Interior / portal oficial de datos abiertos,PRIMARY_OFFICIAL
2015,2015-12-20,23 - Jaén,PARTIT DELS SOCIALISTES DE CATALUNYA - PSC-PSOE,0,0,Ministerio del Interior / portal oficial de datos abiertos,PRIMARY_OFFICIAL
2015,2015-12-20,23 - Jaén,PODEMOS - PODEMOS,48640,0,Ministerio del Interior / portal oficial de datos abiertos,PRIMARY_OFFICIAL
2015,2015-12-20,23 - Jaén,PODEMOS-AHAL DUGU - PODEMOS-AHA,0,0,Ministerio del Interior / portal oficial de datos abiertos,PRIMARY_OFFICIAL
2015,2015-12-20,23 - Jaén,PODEMOS-Ahora Alto Aragón en Común - PODEMOS-Aho,0,0,Ministerio del Interior / portal oficial de datos abiertos,PRIMARY_OFFICIAL
2015,2015-12-20,23 - Jaén,PODEMOS/AHAL DUGU - PODEMOS-AHA,0,0,Ministerio del Interior / portal oficial de datos abiertos,PRIMARY_OFFICIAL
2015,2015-12-20,23 - Jaén,POR UN MUNDO MÁS JUSTO - PUM+J,0,0,Ministerio del Interior / portal oficial de datos abiertos,PRIMARY_OFFICIAL
2015,2015-12-20,23 - Jaén,RECORTES CERO-GRUPO VERDE - RECORTES CE,371,0,Ministerio del Interior / portal oficial de datos abiertos,PRIMARY_OFFICIAL
2015,2015-12-20,23 - Jaén,SOLIDARIDAD Y AUTOGESTIÓN INTERNACIONALISTA - SAIn,198,0,Ministerio del Interior / portal oficial de datos abiertos,PRIMARY_OFFICIAL
2015,2015-12-20,23 - Jaén,SOLUCIONA - SOLUCIONA,0,0,Ministerio del Interior / portal oficial de datos abiertos,PRIMARY_OFFICIAL
2015,2015-12-20,23 - Jaén,SOM VALENCIANS - SOMVAL,0,0,Ministerio del Interior / portal oficial de datos abiertos,PRIMARY_OFFICIAL
2015,2015-12-20,23 - Jaén,"UNIDAD POPULAR EN ARAGÓN: IZQUIERDA UNIDA, CHUNTA - IU-CHA-UPeC",0,0,Ministerio del Interior / portal oficial de datos abiertos,PRIMARY_OFFICIAL
2015,2015-12-20,23 - Jaén,UNIDAD POPULAR- ORAIN BATERA:EZKER ANITZA-IZQUIERD - IU-UPeC,0,0,Ministerio del Interior / portal oficial de datos abiertos,PRIMARY_OFFICIAL
2015,2015-12-20,23 - Jaén,UNIDAD POPULAR-IZQUIERDA UNIDA - UNIDAD POPU,0,0,Ministerio del Interior / portal oficial de datos abiertos,PRIMARY_OFFICIAL
2015,2015-12-20,23 - Jaén,UNIDAD POPULAR-ORAIN BATERA:EZKER ANITZA-IZQUIERDA - IU-UPeC,0,0,Ministerio del Interior / portal oficial de datos abiertos,PRIMARY_OFFICIAL
2015,2015-12-20,23 - Jaén,UNIDAD POPULAR-ORAIN BATERA:EZKER ANITZA-IZQUIERDA - IU-UpeC,0,0,Ministerio del Interior / portal oficial de datos abiertos,PRIMARY_OFFICIAL
2015,2015-12-20,23 - Jaén,"UNIDAD POPULAR-ORAIN BATERA:IZQUIERDA UNIDA, BATZA - IU-B-UPeC",0,0,Ministerio del Interior / portal oficial de datos abiertos,PRIMARY_OFFICIAL
2015,2015-12-20,23 - Jaén,"UNIDAD POPULAR: IZQUIERDA UNIDA CANARIA, UNIDAD PO - IUC-UPeC",0,0,Ministerio del Interior / portal oficial de datos abiertos,PRIMARY_OFFICIAL
2015,2015-12-20,23 - Jaén,UNIDAD POPULAR: IZQUIERDA UNIDA LOS VERDES - CONVO - UP: IULV-CA,0,0,Ministerio del Interior / portal oficial de datos abiertos,PRIMARY_OFFICIAL
2015,2015-12-20,23 - Jaén,"UNIDAD POPULAR: IZQUIERDA UNIDA LOS VERDES-CONVOCA - IULV-CA, UP",0,0,Ministerio del Interior / portal oficial de datos abiertos,PRIMARY_OFFICIAL
2015,2015-12-20,23 - Jaén,"UNIDAD POPULAR: IZQUIERDA UNIDA LOS VERDES-CONVOCA - IULV-CA,UPe",16771,0,Ministerio del Interior / portal oficial de datos abiertos,PRIMARY_OFFICIAL
2015,2015-12-20,23 - Jaén,"UNIDAD POPULAR: IZQUIERDA UNIDA, UNIDAD POPULAR EN - IU-UPeC",0,0,Ministerio del Interior / portal oficial de datos abiertos,PRIMARY_OFFICIAL
2015,2015-12-20,23 - Jaén,"UNIDAD POPULAR: IZQUIERDA UNIDA, UNIDAD POPULAR EN - IU-UPeC-IAS",0,0,Ministerio del Interior / portal oficial de datos abiertos,PRIMARY_OFFICIAL
2015,2015-12-20,23 - Jaén,"UNIDAD POPULAR: IZQUIERDA UNIDA, UNIDAD POPULAR EN - UP-UPeC",0,0,Ministerio del Interior / portal oficial de datos abiertos,PRIMARY_OFFICIAL
2015,2015-12-20,23 - Jaén,"UNIDAD POPULAR: IZQUIERDA UNIDA, UNIDAD POPULAR EN - UPeC-IU-IZC",0,0,Ministerio del Interior / portal oficial de datos abiertos,PRIMARY_OFFICIAL
2015,2015-12-20,23 - Jaén,UNIDAD POPULAR: IZQUIERDA UNIDA-UNIDAD POPULAR EN - IU-UPeC,0,0,Ministerio del Interior / portal oficial de datos abiertos,PRIMARY_OFFICIAL
2015,2015-12-20,23 - Jaén,UNIDAD POPULAR: IZQUIERDA UNIDA. UNIDAD POPULAR EN - IU-UPeC,0,0,Ministerio del Interior / portal oficial de datos abiertos,PRIMARY_OFFICIAL
2015,2015-12-20,23 - Jaén,"UNIDAD POPULAR: UNIDAD POPULAR EN COMÚN, IZQUIERDA - UPeC-IU",0,0,Ministerio del Interior / portal oficial de datos abiertos,PRIMARY_OFFICIAL
2015,2015-12-20,23 - Jaén,"UNITAT POPULAR BALEARS: IZQUIERDA UNIDA, UNIDAD PO - UPB: IU-UPe",0,0,Ministerio del Interior / portal oficial de datos abiertos,PRIMARY_OFFICIAL
2015,2015-12-20,23 - Jaén,"UNITAT POPULAR: ESQUERRA UNIDA DEL PAÍS VALENCIÀ, - EUPV-UPeC",0,0,Ministerio del Interior / portal oficial de datos abiertos,PRIMARY_OFFICIAL
2015,2015-12-20,23 - Jaén,"UNITAT POPULAR:ESQUERRA UNIDA DEL PAÍS VALENCIÀ, U - EUPV-UPeC",0,0,Ministerio del Interior / portal oficial de datos abiertos,PRIMARY_OFFICIAL
2015,2015-12-20,23 - Jaén,UNIÓ DEMOCRÀTICA DE CATALUNYA - Unio.Cat,0,0,Ministerio del Interior / portal oficial de datos abiertos,PRIMARY_OFFICIAL
2015,2015-12-20,23 - Jaén,UNIÓ DEMOCRÀTICA DE CATALUNYA - unio.cat,0,0,Ministerio del Interior / portal oficial de datos abiertos,PRIMARY_OFFICIAL
2015,2015-12-20,23 - Jaén,UNIÓN DEL PUEBLO NAVARRO EN COALICIÓN CON EL PARTI - UPN-PP,0,0,Ministerio del Interior / portal oficial de datos abiertos,PRIMARY_OFFICIAL
2015,2015-12-20,23 - Jaén,UNIÓN PROGRESO Y DEMOCRACIA (UPYD) - UPYD,0,0,Ministerio del Interior / portal oficial de datos abiertos,PRIMARY_OFFICIAL
2015,2015-12-20,23 - Jaén,UNIÓN PROGRESO Y DEMOCRACIA - UPYD,1287,0,Ministerio del Interior / portal oficial de datos abiertos,PRIMARY_OFFICIAL
2015,2015-12-20,23 - Jaén,VOX - VOX,715,0,Ministerio del Interior / portal oficial de datos abiertos,PRIMARY_OFFICIAL
2015,2015-12-20,23 - Jaén,X A ESQUERDA - X ESQ,0,0,Ministerio del Interior / portal oficial de datos abiertos,PRIMARY_OFFICIAL
2015,2015-12-20,23 - Jaén,X LA IZQUIERDA-LOS VERDES - X LA IZQUIE,0,0,Ministerio del Interior / portal oficial de datos abiertos,PRIMARY_OFFICIAL
2015,2015-12-20,24 - León,"""EN COMÚ PODEM"" - EN COMÚ",0,0,Ministerio del Interior / portal oficial de datos abiertos,PRIMARY_OFFICIAL
2015,2015-12-20,24 - León,ANDALUCES DE JAÉN UNIDOS - AJU,0,0,Ministerio del Interior / portal oficial de datos abiertos,PRIMARY_OFFICIAL
2015,2015-12-20,24 - León,"ARA, PAÍS VALENCIÀ - ARA, PV",0,0,Ministerio del Interior / portal oficial de datos abiertos,PRIMARY_OFFICIAL
2015,2015-12-20,24 - León,"ARA, PAÍS VALENCIÀ - ARAPV",0,0,Ministerio del Interior / portal oficial de datos abiertos,PRIMARY_OFFICIAL
2015,2015-12-20,24 - León,AVANT VALENCIANS - AVANT,0,0,Ministerio del Interior / portal oficial de datos abiertos,PRIMARY_OFFICIAL
2015,2015-12-20,24 - León,BIDEZKO MUNDURANTZ/POR UN MUNDO MÁS JUSTO - PUM+J,0,0,Ministerio del Interior / portal oficial de datos abiertos,PRIMARY_OFFICIAL
2015,2015-12-20,24 - León,"CANARIAS DECIDE: LOS VERDES, UNIDAD DEL PUEBLO Y A - CANARIAS DE",0,0,Ministerio del Interior / portal oficial de datos abiertos,PRIMARY_OFFICIAL
2015,2015-12-20,24 - León,CIUDADANOS DE CENTRO DEMOCRÁTICO - CCD,0,0,Ministerio del Interior / portal oficial de datos abiertos,PRIMARY_OFFICIAL
2015,2015-12-20,24 - León,CIUDADANOS LIBRES UNIDOS - CILUS,0,0,Ministerio del Interior / portal oficial de datos abiertos,PRIMARY_OFFICIAL
2015,2015-12-20,24 - León,CIUDADANOS PARTIDO DE LA CIUDADANÍA - C's,37902,1,Ministerio del Interior / portal oficial de datos abiertos,PRIMARY_OFFICIAL
2015,2015-12-20,24 - León,CIUDADANOS PARTIDO DE LA CIUDADANÍA - C´s,0,0,Ministerio del Interior / portal oficial de datos abiertos,PRIMARY_OFFICIAL
2015,2015-12-20,24 - León,CIUDADANOS RURALES AGRUPADOS - CRA,1032,0,Ministerio del Interior / portal oficial de datos abiertos,PRIMARY_OFFICIAL
2015,2015-12-20,24 - León,"CIUDADANOS, PARTIDO DE LA CIUDADANÍA - C's",0,0,Ministerio del Interior / portal oficial de datos abiertos,PRIMARY_OFFICIAL
2015,2015-12-20,24 - León,"CIUDADANOS, PARTIDO DE LA CIUDADANÍA - C´s",0,0,Ministerio del Interior / portal oficial de datos abiertos,PRIMARY_OFFICIAL
2015,2015-12-20,24 - León,CIUDADANOS-PARTIDO DE LA CIUDADANÍA (C's) - C's,0,0,Ministerio del Interior / portal oficial de datos abiertos,PRIMARY_OFFICIAL
2015,2015-12-20,24 - León,CIUDADANOS-PARTIDO DE LA CIUDADANÍA - C's,0,0,Ministerio del Interior / portal oficial de datos abiertos,PRIMARY_OFFICIAL
2015,2015-12-20,24 - León,CIUDADANOS-PARTIDO DE LA CIUDADANÍA - C´s,0,0,Ministerio del Interior / portal oficial de datos abiertos,PRIMARY_OFFICIAL
2015,2015-12-20,24 - León,CIUTADANS - PARTIDO DE LA CIUDADANÍA - C's,0,0,Ministerio del Interior / portal oficial de datos abiertos,PRIMARY_OFFICIAL
2015,2015-12-20,24 - León,CIUTADANS-PARTIDO DE LA CIUDADANÍA - C's,0,0,Ministerio del Interior / portal oficial de datos abiertos,PRIMARY_OFFICIAL
2015,2015-12-20,24 - León,COALICIÓN CANARIA - PARTIDO NACIONALISTA CANARIO - CCa-PNC,0,0,Ministerio del Interior / portal oficial de datos abiertos,PRIMARY_OFFICIAL
2015,2015-12-20,24 - León,COALICIÓN CANARIA-PARTIDO NACIONALISTA CANARIO - CCa-PNC,0,0,Ministerio del Interior / portal oficial de datos abiertos,PRIMARY_OFFICIAL
2015,2015-12-20,24 - León,COMPROMÍS-PODEMOS-ÉS EL MOMENT - PODEMOS - C,0,0,Ministerio del Interior / portal oficial de datos abiertos,PRIMARY_OFFICIAL
2015,2015-12-20,24 - León,COMPROMÍS-PODEMOS-ÉS EL MOMENT - PODEMOS-COM,0,0,Ministerio del Interior / portal oficial de datos abiertos,PRIMARY_OFFICIAL
2015,2015-12-20,24 - León,COMUNISTAS DA GALIZA - PCPE,0,0,Ministerio del Interior / portal oficial de datos abiertos,PRIMARY_OFFICIAL
2015,2015-12-20,24 - León,COMUNISTAS DA GALIZA-PCPE - PCPE,0,0,Ministerio del Interior / portal oficial de datos abiertos,PRIMARY_OFFICIAL
2015,2015-12-20,24 - León,DEMOCRACIA NACIONAL - DN,313,0,Ministerio del Interior / portal oficial de datos abiertos,PRIMARY_OFFICIAL
2015,2015-12-20,24 - León,DEMOCRÀCIA I LLIBERTAT. CONVERGÈNCIA. DEMÒCRATES. - DL,0,0,Ministerio del Interior / portal oficial de datos abiertos,PRIMARY_OFFICIAL
2015,2015-12-20,24 - León,EL PI - PROPOSTA PER LES ILLES - EL PI,0,0,Ministerio del Interior / portal oficial de datos abiertos,PRIMARY_OFFICIAL
2015,2015-12-20,24 - León,EN COMÚ PODEM - EN COMÚ,0,0,Ministerio del Interior / portal oficial de datos abiertos,PRIMARY_OFFICIAL
2015,2015-12-20,24 - León,EN MAREA - PODEMOS-EN,0,0,Ministerio del Interior / portal oficial de datos abiertos,PRIMARY_OFFICIAL
2015,2015-12-20,24 - León,EN MAREA - PODEMOS-En,0,0,Ministerio del Interior / portal oficial de datos abiertos,PRIMARY_OFFICIAL
2015,2015-12-20,24 - León,EN POSITIU - EN POSITIU,0,0,Ministerio del Interior / portal oficial de datos abiertos,PRIMARY_OFFICIAL
2015,2015-12-20,24 - León,ESCAÑOS EN BLANCO - AULKI ZURIAK - EB - AZ,0,0,Ministerio del Interior / portal oficial de datos abiertos,PRIMARY_OFFICIAL
2015,2015-12-20,24 - León,ESCAÑOS EN BLANCO - EB,0,0,Ministerio del Interior / portal oficial de datos abiertos,PRIMARY_OFFICIAL
2015,2015-12-20,24 - León,ESCAÑOS EN BLANCO-AULKI ZURIAK - EB-AZ,0,0,Ministerio del Interior / portal oficial de datos abiertos,PRIMARY_OFFICIAL
2015,2015-12-20,24 - León,ESCONS EN BLANC/ESCAÑOS EN BLANCO - EB,0,0,Ministerio del Interior / portal oficial de datos abiertos,PRIMARY_OFFICIAL
2015,2015-12-20,24 - León,ESQUERRA REPUBLICANA DE CATALUNYA-CATALUNYA SÍ - ERC-CATSI,0,0,Ministerio del Interior / portal oficial de datos abiertos,PRIMARY_OFFICIAL
2015,2015-12-20,24 - León,ESQUERRA REPUBLICANA DE CATALUNYA-CATALUNYA SÍ - ERC-CATSÍ,0,0,Ministerio del Interior / portal oficial de datos abiertos,PRIMARY_OFFICIAL
2015,2015-12-20,24 - León,EUSKAL HERRIA BILDU (EH Bildu) - EH Bildu,0,0,Ministerio del Interior / portal oficial de datos abiertos,PRIMARY_OFFICIAL
2015,2015-12-20,24 - León,EUSKAL HERRIA BILDU - EH Bildu,0,0,Ministerio del Interior / portal oficial de datos abiertos,PRIMARY_OFFICIAL
2015,2015-12-20,24 - León,EUZKO ALDERDI JELTZALEA-PARTIDO NACIONALISTA VASCO - EAJ-PNV,0,0,Ministerio del Interior / portal oficial de datos abiertos,PRIMARY_OFFICIAL
2015,2015-12-20,24 - León,EXTREMADURA UNIDA-EXTREMEÑOS - EU-eX,0,0,Ministerio del Interior / portal oficial de datos abiertos,PRIMARY_OFFICIAL
2015,2015-12-20,24 - León,EZKERRA-X LA IZQUIERDA - EZKERRA,0,0,Ministerio del Interior / portal oficial de datos abiertos,PRIMARY_OFFICIAL
2015,2015-12-20,24 - León,FALANGE ESPAÑOLA DE LAS JONS - FE de las J,0,0,Ministerio del Interior / portal oficial de datos abiertos,PRIMARY_OFFICIAL
2015,2015-12-20,24 - León,FORO DEMÓCRATA - FDEE,0,0,Ministerio del Interior / portal oficial de datos abiertos,PRIMARY_OFFICIAL
2015,2015-12-20,24 - León,GEROA BAI - GBAI,0,0,Ministerio del Interior / portal oficial de datos abiertos,PRIMARY_OFFICIAL
2015,2015-12-20,24 - León,INDEPENDIENTES POR ARAGÓN - Independien,0,0,Ministerio del Interior / portal oficial de datos abiertos,PRIMARY_OFFICIAL
2015,2015-12-20,24 - León,INICIATIVA FEMINISTA - IFem,0,0,Ministerio del Interior / portal oficial de datos abiertos,PRIMARY_OFFICIAL
2015,2015-12-20,24 - León,"JUSTIZIA SOCIAL, PARTICIPACIÓN CIUDADANA - JS,PC",0,0,Ministerio del Interior / portal oficial de datos abiertos,PRIMARY_OFFICIAL
2015,2015-12-20,24 - León,"LIBERTAD NAVARRA, LIBERTATE NAFARRA (Ln) - Ln",0,0,Ministerio del Interior / portal oficial de datos abiertos,PRIMARY_OFFICIAL
2015,2015-12-20,24 - León,"LIBERTAD NAVARRA, LIBERTATE NAFARRA - Ln",0,0,Ministerio del Interior / portal oficial de datos abiertos,PRIMARY_OFFICIAL
2015,2015-12-20,24 - León,LIBERTAD NAVARRA-LIBERTATE NAFARRA - Ln,0,0,Ministerio del Interior / portal oficial de datos abiertos,PRIMARY_OFFICIAL
2015,2015-12-20,24 - León,LOS VERDES-ECOPACIFISTAS - CENTRO MODE,0,0,Ministerio del Interior / portal oficial de datos abiertos,PRIMARY_OFFICIAL
2015,2015-12-20,24 - León,MUERTE AL SISTEMA - +MAS+,0,0,Ministerio del Interior / portal oficial de datos abiertos,PRIMARY_OFFICIAL
2015,2015-12-20,24 - León,MÁLAGA POR SÍ - mlgXSÍ,0,0,Ministerio del Interior / portal oficial de datos abiertos,PRIMARY_OFFICIAL
2015,2015-12-20,24 - León,MÉS - MÉS,0,0,Ministerio del Interior / portal oficial de datos abiertos,PRIMARY_OFFICIAL
2015,2015-12-20,24 - León,NÓS-CANDIDATURA GALEGA (BNG-CG-FOGA-PCPG-PG) - NÓS,0,0,Ministerio del Interior / portal oficial de datos abiertos,PRIMARY_OFFICIAL
2015,2015-12-20,24 - León,ONGI ETORRI - OE,0,0,Ministerio del Interior / portal oficial de datos abiertos,PRIMARY_OFFICIAL
2015,2015-12-20,24 - León,PARTIDO ANIMALISTA CONTRA EL MALTRATO ANIMAL (PACM - PACMA,0,0,Ministerio del Interior / portal oficial de datos abiertos,PRIMARY_OFFICIAL
2015,2015-12-20,24 - León,PARTIDO ANIMALISTA CONTRA EL MALTRATO ANIMAL - PACMA,1838,0,Ministerio del Interior / portal oficial de datos abiertos,PRIMARY_OFFICIAL
2015,2015-12-20,24 - León,PARTIDO ANIMALISTA CONTRA O MALTRATO ANIMAL - PACMA,0,0,Ministerio del Interior / portal oficial de datos abiertos,PRIMARY_OFFICIAL
2015,2015-12-20,24 - León,PARTIDO ANIMALISTA-CONTRA EL MALTRATO ANIMAL - PACMA,0,0,Ministerio del Interior / portal oficial de datos abiertos,PRIMARY_OFFICIAL
2015,2015-12-20,24 - León,PARTIDO COMUNISTA DE LOS PUEBLOS DE ESPAÑA - PCPE,534,0,Ministerio del Interior / portal oficial de datos abiertos,PRIMARY_OFFICIAL
2015,2015-12-20,24 - León,PARTIDO COMUNISTA DEL PUEBLO CANARIO - PCPC,0,0,Ministerio del Interior / portal oficial de datos abiertos,PRIMARY_OFFICIAL
2015,2015-12-20,24 - León,PARTIDO COMUNISTA OBRERO ESPAÑOL - PCOE,0,0,Ministerio del Interior / portal oficial de datos abiertos,PRIMARY_OFFICIAL
2015,2015-12-20,24 - León,PARTIDO DA TERRA - PT,0,0,Ministerio del Interior / portal oficial de datos abiertos,PRIMARY_OFFICIAL
2015,2015-12-20,24 - León,PARTIDO DOS SOCIALISTAS DE GALICIA-PSOE - PSdeG-PSOE,0,0,Ministerio del Interior / portal oficial de datos abiertos,PRIMARY_OFFICIAL
2015,2015-12-20,24 - León,PARTIDO FAMILIA Y VIDA - PFyV,0,0,Ministerio del Interior / portal oficial de datos abiertos,PRIMARY_OFFICIAL
2015,2015-12-20,24 - León,PARTIDO HUMANISTA - PH,0,0,Ministerio del Interior / portal oficial de datos abiertos,PRIMARY_OFFICIAL
2015,2015-12-20,24 - León,PARTIDO LIBERAL DE DERECHAS - PLD,0,0,Ministerio del Interior / portal oficial de datos abiertos,PRIMARY_OFFICIAL
2015,2015-12-20,24 - León,PARTIDO LIBERTARIO - P-LIB,0,0,Ministerio del Interior / portal oficial de datos abiertos,PRIMARY_OFFICIAL
2015,2015-12-20,24 - León,PARTIDO POPULAR (PP) - PP,0,0,Ministerio del Interior / portal oficial de datos abiertos,PRIMARY_OFFICIAL
2015,2015-12-20,24 - León,PARTIDO POPULAR - PP,104077,2,Ministerio del Interior / portal oficial de datos abiertos,PRIMARY_OFFICIAL
2015,2015-12-20,24 - León,PARTIDO POPULAR EN COALICIÓN CON EL PARTIDO ARAGON - PP-PAR,0,0,Ministerio del Interior / portal oficial de datos abiertos,PRIMARY_OFFICIAL
2015,2015-12-20,24 - León,PARTIDO POPULAR-FORO - PP-FORO,0,0,Ministerio del Interior / portal oficial de datos abiertos,PRIMARY_OFFICIAL
2015,2015-12-20,24 - León,PARTIDO POPULAR/PARTIT POPULAR - PP,0,0,Ministerio del Interior / portal oficial de datos abiertos,PRIMARY_OFFICIAL
2015,2015-12-20,24 - León,PARTIDO REGIONALISTA DEL PAÍS LEONÉS - PREPAL,922,0,Ministerio del Interior / portal oficial de datos abiertos,PRIMARY_OFFICIAL
2015,2015-12-20,24 - León,PARTIDO SOCIALISTA DE EUSKADI-EUSKADIKO EZKERRA (P - PSE-EE,0,0,Ministerio del Interior / portal oficial de datos abiertos,PRIMARY_OFFICIAL
2015,2015-12-20,24 - León,PARTIDO SOCIALISTA DE EUSKADI-EUSKADIKO EZKERRA (P - PSE-EE (PSO,0,0,Ministerio del Interior / portal oficial de datos abiertos,PRIMARY_OFFICIAL
2015,2015-12-20,24 - León,PARTIDO SOCIALISTA OBRERO ESPAÑOL - PSOE,74128,1,Ministerio del Interior / portal oficial de datos abiertos,PRIMARY_OFFICIAL
2015,2015-12-20,24 - León,PARTIDO SOCIALISTA OBRERO ESPAÑOL-NUEVA CANARIAS - PSOE-NCa,0,0,Ministerio del Interior / portal oficial de datos abiertos,PRIMARY_OFFICIAL
2015,2015-12-20,24 - León,PARTIT ANIMALISTA CONTRA EL MALTRACTAMENT ANIMAL - PACMA,0,0,Ministerio del Interior / portal oficial de datos abiertos,PRIMARY_OFFICIAL
2015,2015-12-20,24 - León,PARTIT COMUNISTA DEL POBLE DE CATALUNYA - PCPC,0,0,Ministerio del Interior / portal oficial de datos abiertos,PRIMARY_OFFICIAL
2015,2015-12-20,24 - León,PARTIT COMUNISTA DELS POBLES D’ESPANYA - PCPE,0,0,Ministerio del Interior / portal oficial de datos abiertos,PRIMARY_OFFICIAL
2015,2015-12-20,24 - León,PARTIT DELS SOCIALISTES DE CATALUNYA (PSC-PSOE) - PSC,0,0,Ministerio del Interior / portal oficial de datos abiertos,PRIMARY_OFFICIAL
2015,2015-12-20,24 - León,PARTIT DELS SOCIALISTES DE CATALUNYA - PSC-PSOE,0,0,Ministerio del Interior / portal oficial de datos abiertos,PRIMARY_OFFICIAL
2015,2015-12-20,24 - León,PODEMOS - PODEMOS,51441,1,Ministerio del Interior / portal oficial de datos abiertos,PRIMARY_OFFICIAL
2015,2015-12-20,24 - León,PODEMOS-AHAL DUGU - PODEMOS-AHA,0,0,Ministerio del Interior / portal oficial de datos abiertos,PRIMARY_OFFICIAL
2015,2015-12-20,24 - León,PODEMOS-Ahora Alto Aragón en Común - PODEMOS-Aho,0,0,Ministerio del Interior / portal oficial de datos abiertos,PRIMARY_OFFICIAL
2015,2015-12-20,24 - León,PODEMOS/AHAL DUGU - PODEMOS-AHA,0,0,Ministerio del Interior / portal oficial de datos abiertos,PRIMARY_OFFICIAL
2015,2015-12-20,24 - León,POR UN MUNDO MÁS JUSTO - PUM+J,0,0,Ministerio del Interior / portal oficial de datos abiertos,PRIMARY_OFFICIAL
2015,2015-12-20,24 - León,RECORTES CERO-GRUPO VERDE - RECORTES CE,482,0,Ministerio del Interior / portal oficial de datos abiertos,PRIMARY_OFFICIAL
2015,2015-12-20,24 - León,SOLIDARIDAD Y AUTOGESTIÓN INTERNACIONALISTA - SAIn,0,0,Ministerio del Interior / portal oficial de datos abiertos,PRIMARY_OFFICIAL
2015,2015-12-20,24 - León,SOLUCIONA - SOLUCIONA,0,0,Ministerio del Interior / portal oficial de datos abiertos,PRIMARY_OFFICIAL
2015,2015-12-20,24 - León,SOM VALENCIANS - SOMVAL,0,0,Ministerio del Interior / portal oficial de datos abiertos,PRIMARY_OFFICIAL
2015,2015-12-20,24 - León,"UNIDAD POPULAR EN ARAGÓN: IZQUIERDA UNIDA, CHUNTA - IU-CHA-UPeC",0,0,Ministerio del Interior / portal oficial de datos abiertos,PRIMARY_OFFICIAL
2015,2015-12-20,24 - León,UNIDAD POPULAR- ORAIN BATERA:EZKER ANITZA-IZQUIERD - IU-UPeC,0,0,Ministerio del Interior / portal oficial de datos abiertos,PRIMARY_OFFICIAL
2015,2015-12-20,24 - León,UNIDAD POPULAR-IZQUIERDA UNIDA - UNIDAD POPU,0,0,Ministerio del Interior / portal oficial de datos abiertos,PRIMARY_OFFICIAL
2015,2015-12-20,24 - León,UNIDAD POPULAR-ORAIN BATERA:EZKER ANITZA-IZQUIERDA - IU-UPeC,0,0,Ministerio del Interior / portal oficial de datos abiertos,PRIMARY_OFFICIAL
2015,2015-12-20,24 - León,UNIDAD POPULAR-ORAIN BATERA:EZKER ANITZA-IZQUIERDA - IU-UpeC,0,0,Ministerio del Interior / portal oficial de datos abiertos,PRIMARY_OFFICIAL
2015,2015-12-20,24 - León,"UNIDAD POPULAR-ORAIN BATERA:IZQUIERDA UNIDA, BATZA - IU-B-UPeC",0,0,Ministerio del Interior / portal oficial de datos abiertos,PRIMARY_OFFICIAL
2015,2015-12-20,24 - León,"UNIDAD POPULAR: IZQUIERDA UNIDA CANARIA, UNIDAD PO - IUC-UPeC",0,0,Ministerio del Interior / portal oficial de datos abiertos,PRIMARY_OFFICIAL
2015,2015-12-20,24 - León,UNIDAD POPULAR: IZQUIERDA UNIDA LOS VERDES - CONVO - UP: IULV-CA,0,0,Ministerio del Interior / portal oficial de datos abiertos,PRIMARY_OFFICIAL
2015,2015-12-20,24 - León,"UNIDAD POPULAR: IZQUIERDA UNIDA LOS VERDES-CONVOCA - IULV-CA, UP",0,0,Ministerio del Interior / portal oficial de datos abiertos,PRIMARY_OFFICIAL
2015,2015-12-20,24 - León,"UNIDAD POPULAR: IZQUIERDA UNIDA LOS VERDES-CONVOCA - IULV-CA,UPe",0,0,Ministerio del Interior / portal oficial de datos abiertos,PRIMARY_OFFICIAL
2015,2015-12-20,24 - León,"UNIDAD POPULAR: IZQUIERDA UNIDA, UNIDAD POPULAR EN - IU-UPeC",13997,0,Ministerio del Interior / portal oficial de datos abiertos,PRIMARY_OFFICIAL
2015,2015-12-20,24 - León,"UNIDAD POPULAR: IZQUIERDA UNIDA, UNIDAD POPULAR EN - IU-UPeC-IAS",0,0,Ministerio del Interior / portal oficial de datos abiertos,PRIMARY_OFFICIAL
2015,2015-12-20,24 - León,"UNIDAD POPULAR: IZQUIERDA UNIDA, UNIDAD POPULAR EN - UP-UPeC",0,0,Ministerio del Interior / portal oficial de datos abiertos,PRIMARY_OFFICIAL
2015,2015-12-20,24 - León,"UNIDAD POPULAR: IZQUIERDA UNIDA, UNIDAD POPULAR EN - UPeC-IU-IZC",0,0,Ministerio del Interior / portal oficial de datos abiertos,PRIMARY_OFFICIAL
2015,2015-12-20,24 - León,UNIDAD POPULAR: IZQUIERDA UNIDA-UNIDAD POPULAR EN - IU-UPeC,0,0,Ministerio del Interior / portal oficial de datos abiertos,PRIMARY_OFFICIAL
2015,2015-12-20,24 - León,UNIDAD POPULAR: IZQUIERDA UNIDA. UNIDAD POPULAR EN - IU-UPeC,0,0,Ministerio del Interior / portal oficial de datos abiertos,PRIMARY_OFFICIAL
2015,2015-12-20,24 - León,"UNIDAD POPULAR: UNIDAD POPULAR EN COMÚN, IZQUIERDA - UPeC-IU",0,0,Ministerio del Interior / portal oficial de datos abiertos,PRIMARY_OFFICIAL
2015,2015-12-20,24 - León,"UNITAT POPULAR BALEARS: IZQUIERDA UNIDA, UNIDAD PO - UPB: IU-UPe",0,0,Ministerio del Interior / portal oficial de datos abiertos,PRIMARY_OFFICIAL
2015,2015-12-20,24 - León,"UNITAT POPULAR: ESQUERRA UNIDA DEL PAÍS VALENCIÀ, - EUPV-UPeC",0,0,Ministerio del Interior / portal oficial de datos abiertos,PRIMARY_OFFICIAL
2015,2015-12-20,24 - León,"UNITAT POPULAR:ESQUERRA UNIDA DEL PAÍS VALENCIÀ, U - EUPV-UPeC",0,0,Ministerio del Interior / portal oficial de datos abiertos,PRIMARY_OFFICIAL
2015,2015-12-20,24 - León,UNIÓ DEMOCRÀTICA DE CATALUNYA - Unio.Cat,0,0,Ministerio del Interior / portal oficial de datos abiertos,PRIMARY_OFFICIAL
2015,2015-12-20,24 - León,UNIÓ DEMOCRÀTICA DE CATALUNYA - unio.cat,0,0,Ministerio del Interior / portal oficial de datos abiertos,PRIMARY_OFFICIAL
2015,2015-12-20,24 - León,UNIÓN DEL PUEBLO NAVARRO EN COALICIÓN CON EL PARTI - UPN-PP,0,0,Ministerio del Interior / portal oficial de datos abiertos,PRIMARY_OFFICIAL
2015,2015-12-20,24 - León,UNIÓN PROGRESO Y DEMOCRACIA (UPYD) - UPYD,0,0,Ministerio del Interior / portal oficial de datos abiertos,PRIMARY_OFFICIAL
2015,2015-12-20,24 - León,UNIÓN PROGRESO Y DEMOCRACIA - UPYD,2047,0,Ministerio del Interior / portal oficial de datos abiertos,PRIMARY_OFFICIAL
2015,2015-12-20,24 - León,VOX - VOX,745,0,Ministerio del Interior / portal oficial de datos abiertos,PRIMARY_OFFICIAL
2015,2015-12-20,24 - León,X A ESQUERDA - X ESQ,0,0,Ministerio del Interior / portal oficial de datos abiertos,PRIMARY_OFFICIAL
2015,2015-12-20,24 - León,X LA IZQUIERDA-LOS VERDES - X LA IZQUIE,0,0,Ministerio del Interior / portal oficial de datos abiertos,PRIMARY_OFFICIAL
2015,2015-12-20,25 - Lleida,"""EN COMÚ PODEM"" - EN COMÚ",0,0,Ministerio del Interior / portal oficial de datos abiertos,PRIMARY_OFFICIAL
2015,2015-12-20,25 - Lleida,ANDALUCES DE JAÉN UNIDOS - AJU,0,0,Ministerio del Interior / portal oficial de datos abiertos,PRIMARY_OFFICIAL
2015,2015-12-20,25 - Lleida,"ARA, PAÍS VALENCIÀ - ARA, PV",0,0,Ministerio del Interior / portal oficial de datos abiertos,PRIMARY_OFFICIAL
2015,2015-12-20,25 - Lleida,"ARA, PAÍS VALENCIÀ - ARAPV",0,0,Ministerio del Interior / portal oficial de datos abiertos,PRIMARY_OFFICIAL
2015,2015-12-20,25 - Lleida,AVANT VALENCIANS - AVANT,0,0,Ministerio del Interior / portal oficial de datos abiertos,PRIMARY_OFFICIAL
2015,2015-12-20,25 - Lleida,BIDEZKO MUNDURANTZ/POR UN MUNDO MÁS JUSTO - PUM+J,0,0,Ministerio del Interior / portal oficial de datos abiertos,PRIMARY_OFFICIAL
2015,2015-12-20,25 - Lleida,"CANARIAS DECIDE: LOS VERDES, UNIDAD DEL PUEBLO Y A - CANARIAS DE",0,0,Ministerio del Interior / portal oficial de datos abiertos,PRIMARY_OFFICIAL
2015,2015-12-20,25 - Lleida,CIUDADANOS DE CENTRO DEMOCRÁTICO - CCD,0,0,Ministerio del Interior / portal oficial de datos abiertos,PRIMARY_OFFICIAL
2015,2015-12-20,25 - Lleida,CIUDADANOS LIBRES UNIDOS - CILUS,0,0,Ministerio del Interior / portal oficial de datos abiertos,PRIMARY_OFFICIAL
2015,2015-12-20,25 - Lleida,CIUDADANOS PARTIDO DE LA CIUDADANÍA - C's,0,0,Ministerio del Interior / portal oficial de datos abiertos,PRIMARY_OFFICIAL
2015,2015-12-20,25 - Lleida,CIUDADANOS PARTIDO DE LA CIUDADANÍA - C´s,0,0,Ministerio del Interior / portal oficial de datos abiertos,PRIMARY_OFFICIAL
2015,2015-12-20,25 - Lleida,CIUDADANOS RURALES AGRUPADOS - CRA,0,0,Ministerio del Interior / portal oficial de datos abiertos,PRIMARY_OFFICIAL
2015,2015-12-20,25 - Lleida,"CIUDADANOS, PARTIDO DE LA CIUDADANÍA - C's",0,0,Ministerio del Interior / portal oficial de datos abiertos,PRIMARY_OFFICIAL
2015,2015-12-20,25 - Lleida,"CIUDADANOS, PARTIDO DE LA CIUDADANÍA - C´s",0,0,Ministerio del Interior / portal oficial de datos abiertos,PRIMARY_OFFICIAL
2015,2015-12-20,25 - Lleida,CIUDADANOS-PARTIDO DE LA CIUDADANÍA (C's) - C's,0,0,Ministerio del Interior / portal oficial de datos abiertos,PRIMARY_OFFICIAL
2015,2015-12-20,25 - Lleida,CIUDADANOS-PARTIDO DE LA CIUDADANÍA - C's,17897,0,Ministerio del Interior / portal oficial de datos abiertos,PRIMARY_OFFICIAL
2015,2015-12-20,25 - Lleida,CIUDADANOS-PARTIDO DE LA CIUDADANÍA - C´s,0,0,Ministerio del Interior / portal oficial de datos abiertos,PRIMARY_OFFICIAL
2015,2015-12-20,25 - Lleida,CIUTADANS - PARTIDO DE LA CIUDADANÍA - C's,0,0,Ministerio del Interior / portal oficial de datos abiertos,PRIMARY_OFFICIAL
2015,2015-12-20,25 - Lleida,CIUTADANS-PARTIDO DE LA CIUDADANÍA - C's,0,0,Ministerio del Interior / portal oficial de datos abiertos,PRIMARY_OFFICIAL
2015,2015-12-20,25 - Lleida,COALICIÓN CANARIA - PARTIDO NACIONALISTA CANARIO - CCa-PNC,0,0,Ministerio del Interior / portal oficial de datos abiertos,PRIMARY_OFFICIAL
2015,2015-12-20,25 - Lleida,COALICIÓN CANARIA-PARTIDO NACIONALISTA CANARIO - CCa-PNC,0,0,Ministerio del Interior / portal oficial de datos abiertos,PRIMARY_OFFICIAL
2015,2015-12-20,25 - Lleida,COMPROMÍS-PODEMOS-ÉS EL MOMENT - PODEMOS - C,0,0,Ministerio del Interior / portal oficial de datos abiertos,PRIMARY_OFFICIAL
2015,2015-12-20,25 - Lleida,COMPROMÍS-PODEMOS-ÉS EL MOMENT - PODEMOS-COM,0,0,Ministerio del Interior / portal oficial de datos abiertos,PRIMARY_OFFICIAL
2015,2015-12-20,25 - Lleida,COMUNISTAS DA GALIZA - PCPE,0,0,Ministerio del Interior / portal oficial de datos abiertos,PRIMARY_OFFICIAL
2015,2015-12-20,25 - Lleida,COMUNISTAS DA GALIZA-PCPE - PCPE,0,0,Ministerio del Interior / portal oficial de datos abiertos,PRIMARY_OFFICIAL
2015,2015-12-20,25 - Lleida,DEMOCRACIA NACIONAL - DN,0,0,Ministerio del Interior / portal oficial de datos abiertos,PRIMARY_OFFICIAL
2015,2015-12-20,25 - Lleida,DEMOCRÀCIA I LLIBERTAT. CONVERGÈNCIA. DEMÒCRATES. - DL,48289,1,Ministerio del Interior / portal oficial de datos abiertos,PRIMARY_OFFICIAL
2015,2015-12-20,25 - Lleida,EL PI - PROPOSTA PER LES ILLES - EL PI,0,0,Ministerio del Interior / portal oficial de datos abiertos,PRIMARY_OFFICIAL
2015,2015-12-20,25 - Lleida,EN COMÚ PODEM - EN COMÚ,30538,1,Ministerio del Interior / portal oficial de datos abiertos,PRIMARY_OFFICIAL
2015,2015-12-20,25 - Lleida,EN MAREA - PODEMOS-EN,0,0,Ministerio del Interior / portal oficial de datos abiertos,PRIMARY_OFFICIAL
2015,2015-12-20,25 - Lleida,EN MAREA - PODEMOS-En,0,0,Ministerio del Interior / portal oficial de datos abiertos,PRIMARY_OFFICIAL
2015,2015-12-20,25 - Lleida,EN POSITIU - EN POSITIU,0,0,Ministerio del Interior / portal oficial de datos abiertos,PRIMARY_OFFICIAL
2015,2015-12-20,25 - Lleida,ESCAÑOS EN BLANCO - AULKI ZURIAK - EB - AZ,0,0,Ministerio del Interior / portal oficial de datos abiertos,PRIMARY_OFFICIAL
2015,2015-12-20,25 - Lleida,ESCAÑOS EN BLANCO - EB,0,0,Ministerio del Interior / portal oficial de datos abiertos,PRIMARY_OFFICIAL
2015,2015-12-20,25 - Lleida,ESCAÑOS EN BLANCO-AULKI ZURIAK - EB-AZ,0,0,Ministerio del Interior / portal oficial de datos abiertos,PRIMARY_OFFICIAL
2015,2015-12-20,25 - Lleida,ESCONS EN BLANC/ESCAÑOS EN BLANCO - EB,0,0,Ministerio del Interior / portal oficial de datos abiertos,PRIMARY_OFFICIAL
2015,2015-12-20,25 - Lleida,ESQUERRA REPUBLICANA DE CATALUNYA-CATALUNYA SÍ - ERC-CATSI,44317,1,Ministerio del Interior / portal oficial de datos abiertos,PRIMARY_OFFICIAL
2015,2015-12-20,25 - Lleida,ESQUERRA REPUBLICANA DE CATALUNYA-CATALUNYA SÍ - ERC-CATSÍ,0,0,Ministerio del Interior / portal oficial de datos abiertos,PRIMARY_OFFICIAL
2015,2015-12-20,25 - Lleida,EUSKAL HERRIA BILDU (EH Bildu) - EH Bildu,0,0,Ministerio del Interior / portal oficial de datos abiertos,PRIMARY_OFFICIAL
2015,2015-12-20,25 - Lleida,EUSKAL HERRIA BILDU - EH Bildu,0,0,Ministerio del Interior / portal oficial de datos abiertos,PRIMARY_OFFICIAL
2015,2015-12-20,25 - Lleida,EUZKO ALDERDI JELTZALEA-PARTIDO NACIONALISTA VASCO - EAJ-PNV,0,0,Ministerio del Interior / portal oficial de datos abiertos,PRIMARY_OFFICIAL
2015,2015-12-20,25 - Lleida,EXTREMADURA UNIDA-EXTREMEÑOS - EU-eX,0,0,Ministerio del Interior / portal oficial de datos abiertos,PRIMARY_OFFICIAL
2015,2015-12-20,25 - Lleida,EZKERRA-X LA IZQUIERDA - EZKERRA,0,0,Ministerio del Interior / portal oficial de datos abiertos,PRIMARY_OFFICIAL
2015,2015-12-20,25 - Lleida,FALANGE ESPAÑOLA DE LAS JONS - FE de las J,0,0,Ministerio del Interior / portal oficial de datos abiertos,PRIMARY_OFFICIAL
2015,2015-12-20,25 - Lleida,FORO DEMÓCRATA - FDEE,0,0,Ministerio del Interior / portal oficial de datos abiertos,PRIMARY_OFFICIAL
2015,2015-12-20,25 - Lleida,GEROA BAI - GBAI,0,0,Ministerio del Interior / portal oficial de datos abiertos,PRIMARY_OFFICIAL
2015,2015-12-20,25 - Lleida,INDEPENDIENTES POR ARAGÓN - Independien,0,0,Ministerio del Interior / portal oficial de datos abiertos,PRIMARY_OFFICIAL
2015,2015-12-20,25 - Lleida,INICIATIVA FEMINISTA - IFem,0,0,Ministerio del Interior / portal oficial de datos abiertos,PRIMARY_OFFICIAL
2015,2015-12-20,25 - Lleida,"JUSTIZIA SOCIAL, PARTICIPACIÓN CIUDADANA - JS,PC",0,0,Ministerio del Interior / portal oficial de datos abiertos,PRIMARY_OFFICIAL
2015,2015-12-20,25 - Lleida,"LIBERTAD NAVARRA, LIBERTATE NAFARRA (Ln) - Ln",0,0,Ministerio del Interior / portal oficial de datos abiertos,PRIMARY_OFFICIAL
2015,2015-12-20,25 - Lleida,"LIBERTAD NAVARRA, LIBERTATE NAFARRA - Ln",0,0,Ministerio del Interior / portal oficial de datos abiertos,PRIMARY_OFFICIAL
2015,2015-12-20,25 - Lleida,LIBERTAD NAVARRA-LIBERTATE NAFARRA - Ln,0,0,Ministerio del Interior / portal oficial de datos abiertos,PRIMARY_OFFICIAL
2015,2015-12-20,25 - Lleida,LOS VERDES-ECOPACIFISTAS - CENTRO MODE,0,0,Ministerio del Interior / portal oficial de datos abiertos,PRIMARY_OFFICIAL
2015,2015-12-20,25 - Lleida,MUERTE AL SISTEMA - +MAS+,0,0,Ministerio del Interior / portal oficial de datos abiertos,PRIMARY_OFFICIAL
2015,2015-12-20,25 - Lleida,MÁLAGA POR SÍ - mlgXSÍ,0,0,Ministerio del Interior / portal oficial de datos abiertos,PRIMARY_OFFICIAL
2015,2015-12-20,25 - Lleida,MÉS - MÉS,0,0,Ministerio del Interior / portal oficial de datos abiertos,PRIMARY_OFFICIAL
2015,2015-12-20,25 - Lleida,NÓS-CANDIDATURA GALEGA (BNG-CG-FOGA-PCPG-PG) - NÓS,0,0,Ministerio del Interior / portal oficial de datos abiertos,PRIMARY_OFFICIAL
2015,2015-12-20,25 - Lleida,ONGI ETORRI - OE,0,0,Ministerio del Interior / portal oficial de datos abiertos,PRIMARY_OFFICIAL
2015,2015-12-20,25 - Lleida,PARTIDO ANIMALISTA CONTRA EL MALTRATO ANIMAL (PACM - PACMA,0,0,Ministerio del Interior / portal oficial de datos abiertos,PRIMARY_OFFICIAL
2015,2015-12-20,25 - Lleida,PARTIDO ANIMALISTA CONTRA EL MALTRATO ANIMAL - PACMA,1743,0,Ministerio del Interior / portal oficial de datos abiertos,PRIMARY_OFFICIAL
2015,2015-12-20,25 - Lleida,PARTIDO ANIMALISTA CONTRA O MALTRATO ANIMAL - PACMA,0,0,Ministerio del Interior / portal oficial de datos abiertos,PRIMARY_OFFICIAL
2015,2015-12-20,25 - Lleida,PARTIDO ANIMALISTA-CONTRA EL MALTRATO ANIMAL - PACMA,0,0,Ministerio del Interior / portal oficial de datos abiertos,PRIMARY_OFFICIAL
2015,2015-12-20,25 - Lleida,PARTIDO COMUNISTA DE LOS PUEBLOS DE ESPAÑA - PCPE,0,0,Ministerio del Interior / portal oficial de datos abiertos,PRIMARY_OFFICIAL
2015,2015-12-20,25 - Lleida,PARTIDO COMUNISTA DEL PUEBLO CANARIO - PCPC,0,0,Ministerio del Interior / portal oficial de datos abiertos,PRIMARY_OFFICIAL
2015,2015-12-20,25 - Lleida,PARTIDO COMUNISTA OBRERO ESPAÑOL - PCOE,0,0,Ministerio del Interior / portal oficial de datos abiertos,PRIMARY_OFFICIAL
2015,2015-12-20,25 - Lleida,PARTIDO DA TERRA - PT,0,0,Ministerio del Interior / portal oficial de datos abiertos,PRIMARY_OFFICIAL
2015,2015-12-20,25 - Lleida,PARTIDO DOS SOCIALISTAS DE GALICIA-PSOE - PSdeG-PSOE,0,0,Ministerio del Interior / portal oficial de datos abiertos,PRIMARY_OFFICIAL
2015,2015-12-20,25 - Lleida,PARTIDO FAMILIA Y VIDA - PFyV,0,0,Ministerio del Interior / portal oficial de datos abiertos,PRIMARY_OFFICIAL
2015,2015-12-20,25 - Lleida,PARTIDO HUMANISTA - PH,0,0,Ministerio del Interior / portal oficial de datos abiertos,PRIMARY_OFFICIAL
2015,2015-12-20,25 - Lleida,PARTIDO LIBERAL DE DERECHAS - PLD,0,0,Ministerio del Interior / portal oficial de datos abiertos,PRIMARY_OFFICIAL
2015,2015-12-20,25 - Lleida,PARTIDO LIBERTARIO - P-LIB,0,0,Ministerio del Interior / portal oficial de datos abiertos,PRIMARY_OFFICIAL
2015,2015-12-20,25 - Lleida,PARTIDO POPULAR (PP) - PP,0,0,Ministerio del Interior / portal oficial de datos abiertos,PRIMARY_OFFICIAL
2015,2015-12-20,25 - Lleida,PARTIDO POPULAR - PP,22360,0,Ministerio del Interior / portal oficial de datos abiertos,PRIMARY_OFFICIAL
2015,2015-12-20,25 - Lleida,PARTIDO POPULAR EN COALICIÓN CON EL PARTIDO ARAGON - PP-PAR,0,0,Ministerio del Interior / portal oficial de datos abiertos,PRIMARY_OFFICIAL
2015,2015-12-20,25 - Lleida,PARTIDO POPULAR-FORO - PP-FORO,0,0,Ministerio del Interior / portal oficial de datos abiertos,PRIMARY_OFFICIAL
2015,2015-12-20,25 - Lleida,PARTIDO POPULAR/PARTIT POPULAR - PP,0,0,Ministerio del Interior / portal oficial de datos abiertos,PRIMARY_OFFICIAL
2015,2015-12-20,25 - Lleida,PARTIDO REGIONALISTA DEL PAÍS LEONÉS - PREPAL,0,0,Ministerio del Interior / portal oficial de datos abiertos,PRIMARY_OFFICIAL
2015,2015-12-20,25 - Lleida,PARTIDO SOCIALISTA DE EUSKADI-EUSKADIKO EZKERRA (P - PSE-EE,0,0,Ministerio del Interior / portal oficial de datos abiertos,PRIMARY_OFFICIAL
2015,2015-12-20,25 - Lleida,PARTIDO SOCIALISTA DE EUSKADI-EUSKADIKO EZKERRA (P - PSE-EE (PSO,0,0,Ministerio del Interior / portal oficial de datos abiertos,PRIMARY_OFFICIAL
2015,2015-12-20,25 - Lleida,PARTIDO SOCIALISTA OBRERO ESPAÑOL - PSOE,0,0,Ministerio del Interior / portal oficial de datos abiertos,PRIMARY_OFFICIAL
2015,2015-12-20,25 - Lleida,PARTIDO SOCIALISTA OBRERO ESPAÑOL-NUEVA CANARIAS - PSOE-NCa,0,0,Ministerio del Interior / portal oficial de datos abiertos,PRIMARY_OFFICIAL
2015,2015-12-20,25 - Lleida,PARTIT ANIMALISTA CONTRA EL MALTRACTAMENT ANIMAL - PACMA,0,0,Ministerio del Interior / portal oficial de datos abiertos,PRIMARY_OFFICIAL
2015,2015-12-20,25 - Lleida,PARTIT COMUNISTA DEL POBLE DE CATALUNYA - PCPC,316,0,Ministerio del Interior / portal oficial de datos abiertos,PRIMARY_OFFICIAL
2015,2015-12-20,25 - Lleida,PARTIT COMUNISTA DELS POBLES D’ESPANYA - PCPE,0,0,Ministerio del Interior / portal oficial de datos abiertos,PRIMARY_OFFICIAL
2015,2015-12-20,25 - Lleida,PARTIT DELS SOCIALISTES DE CATALUNYA (PSC-PSOE) - PSC,0,0,Ministerio del Interior / portal oficial de datos abiertos,PRIMARY_OFFICIAL
2015,2015-12-20,25 - Lleida,PARTIT DELS SOCIALISTES DE CATALUNYA - PSC-PSOE,24668,1,Ministerio del Interior / portal oficial de datos abiertos,PRIMARY_OFFICIAL
2015,2015-12-20,25 - Lleida,PODEMOS - PODEMOS,0,0,Ministerio del Interior / portal oficial de datos abiertos,PRIMARY_OFFICIAL
2015,2015-12-20,25 - Lleida,PODEMOS-AHAL DUGU - PODEMOS-AHA,0,0,Ministerio del Interior / portal oficial de datos abiertos,PRIMARY_OFFICIAL
2015,2015-12-20,25 - Lleida,PODEMOS-Ahora Alto Aragón en Común - PODEMOS-Aho,0,0,Ministerio del Interior / portal oficial de datos abiertos,PRIMARY_OFFICIAL
2015,2015-12-20,25 - Lleida,PODEMOS/AHAL DUGU - PODEMOS-AHA,0,0,Ministerio del Interior / portal oficial de datos abiertos,PRIMARY_OFFICIAL
2015,2015-12-20,25 - Lleida,POR UN MUNDO MÁS JUSTO - PUM+J,0,0,Ministerio del Interior / portal oficial de datos abiertos,PRIMARY_OFFICIAL
2015,2015-12-20,25 - Lleida,RECORTES CERO-GRUPO VERDE - RECORTES CE,398,0,Ministerio del Interior / portal oficial de datos abiertos,PRIMARY_OFFICIAL
2015,2015-12-20,25 - Lleida,SOLIDARIDAD Y AUTOGESTIÓN INTERNACIONALISTA - SAIn,0,0,Ministerio del Interior / portal oficial de datos abiertos,PRIMARY_OFFICIAL
2015,2015-12-20,25 - Lleida,SOLUCIONA - SOLUCIONA,0,0,Ministerio del Interior / portal oficial de datos abiertos,PRIMARY_OFFICIAL
2015,2015-12-20,25 - Lleida,SOM VALENCIANS - SOMVAL,0,0,Ministerio del Interior / portal oficial de datos abiertos,PRIMARY_OFFICIAL
2015,2015-12-20,25 - Lleida,"UNIDAD POPULAR EN ARAGÓN: IZQUIERDA UNIDA, CHUNTA - IU-CHA-UPeC",0,0,Ministerio del Interior / portal oficial de datos abiertos,PRIMARY_OFFICIAL
2015,2015-12-20,25 - Lleida,UNIDAD POPULAR- ORAIN BATERA:EZKER ANITZA-IZQUIERD - IU-UPeC,0,0,Ministerio del Interior / portal oficial de datos abiertos,PRIMARY_OFFICIAL
2015,2015-12-20,25 - Lleida,UNIDAD POPULAR-IZQUIERDA UNIDA - UNIDAD POPU,0,0,Ministerio del Interior / portal oficial de datos abiertos,PRIMARY_OFFICIAL
2015,2015-12-20,25 - Lleida,UNIDAD POPULAR-ORAIN BATERA:EZKER ANITZA-IZQUIERDA - IU-UPeC,0,0,Ministerio del Interior / portal oficial de datos abiertos,PRIMARY_OFFICIAL
2015,2015-12-20,25 - Lleida,UNIDAD POPULAR-ORAIN BATERA:EZKER ANITZA-IZQUIERDA - IU-UpeC,0,0,Ministerio del Interior / portal oficial de datos abiertos,PRIMARY_OFFICIAL
2015,2015-12-20,25 - Lleida,"UNIDAD POPULAR-ORAIN BATERA:IZQUIERDA UNIDA, BATZA - IU-B-UPeC",0,0,Ministerio del Interior / portal oficial de datos abiertos,PRIMARY_OFFICIAL
2015,2015-12-20,25 - Lleida,"UNIDAD POPULAR: IZQUIERDA UNIDA CANARIA, UNIDAD PO - IUC-UPeC",0,0,Ministerio del Interior / portal oficial de datos abiertos,PRIMARY_OFFICIAL
2015,2015-12-20,25 - Lleida,UNIDAD POPULAR: IZQUIERDA UNIDA LOS VERDES - CONVO - UP: IULV-CA,0,0,Ministerio del Interior / portal oficial de datos abiertos,PRIMARY_OFFICIAL
2015,2015-12-20,25 - Lleida,"UNIDAD POPULAR: IZQUIERDA UNIDA LOS VERDES-CONVOCA - IULV-CA, UP",0,0,Ministerio del Interior / portal oficial de datos abiertos,PRIMARY_OFFICIAL
2015,2015-12-20,25 - Lleida,"UNIDAD POPULAR: IZQUIERDA UNIDA LOS VERDES-CONVOCA - IULV-CA,UPe",0,0,Ministerio del Interior / portal oficial de datos abiertos,PRIMARY_OFFICIAL
2015,2015-12-20,25 - Lleida,"UNIDAD POPULAR: IZQUIERDA UNIDA, UNIDAD POPULAR EN - IU-UPeC",0,0,Ministerio del Interior / portal oficial de datos abiertos,PRIMARY_OFFICIAL
2015,2015-12-20,25 - Lleida,"UNIDAD POPULAR: IZQUIERDA UNIDA, UNIDAD POPULAR EN - IU-UPeC-IAS",0,0,Ministerio del Interior / portal oficial de datos abiertos,PRIMARY_OFFICIAL
2015,2015-12-20,25 - Lleida,"UNIDAD POPULAR: IZQUIERDA UNIDA, UNIDAD POPULAR EN - UP-UPeC",0,0,Ministerio del Interior / portal oficial de datos abiertos,PRIMARY_OFFICIAL
2015,2015-12-20,25 - Lleida,"UNIDAD POPULAR: IZQUIERDA UNIDA, UNIDAD POPULAR EN - UPeC-IU-IZC",0,0,Ministerio del Interior / portal oficial de datos abiertos,PRIMARY_OFFICIAL
2015,2015-12-20,25 - Lleida,UNIDAD POPULAR: IZQUIERDA UNIDA-UNIDAD POPULAR EN - IU-UPeC,0,0,Ministerio del Interior / portal oficial de datos abiertos,PRIMARY_OFFICIAL
2015,2015-12-20,25 - Lleida,UNIDAD POPULAR: IZQUIERDA UNIDA. UNIDAD POPULAR EN - IU-UPeC,0,0,Ministerio del Interior / portal oficial de datos abiertos,PRIMARY_OFFICIAL
2015,2015-12-20,25 - Lleida,"UNIDAD POPULAR: UNIDAD POPULAR EN COMÚN, IZQUIERDA - UPeC-IU",0,0,Ministerio del Interior / portal oficial de datos abiertos,PRIMARY_OFFICIAL
2015,2015-12-20,25 - Lleida,"UNITAT POPULAR BALEARS: IZQUIERDA UNIDA, UNIDAD PO - UPB: IU-UPe",0,0,Ministerio del Interior / portal oficial de datos abiertos,PRIMARY_OFFICIAL
2015,2015-12-20,25 - Lleida,"UNITAT POPULAR: ESQUERRA UNIDA DEL PAÍS VALENCIÀ, - EUPV-UPeC",0,0,Ministerio del Interior / portal oficial de datos abiertos,PRIMARY_OFFICIAL
2015,2015-12-20,25 - Lleida,"UNITAT POPULAR:ESQUERRA UNIDA DEL PAÍS VALENCIÀ, U - EUPV-UPeC",0,0,Ministerio del Interior / portal oficial de datos abiertos,PRIMARY_OFFICIAL
2015,2015-12-20,25 - Lleida,UNIÓ DEMOCRÀTICA DE CATALUNYA - Unio.Cat,0,0,Ministerio del Interior / portal oficial de datos abiertos,PRIMARY_OFFICIAL
2015,2015-12-20,25 - Lleida,UNIÓ DEMOCRÀTICA DE CATALUNYA - unio.cat,4867,0,Ministerio del Interior / portal oficial de datos abiertos,PRIMARY_OFFICIAL
2015,2015-12-20,25 - Lleida,UNIÓN DEL PUEBLO NAVARRO EN COALICIÓN CON EL PARTI - UPN-PP,0,0,Ministerio del Interior / portal oficial de datos abiertos,PRIMARY_OFFICIAL
2015,2015-12-20,25 - Lleida,UNIÓN PROGRESO Y DEMOCRACIA (UPYD) - UPYD,0,0,Ministerio del Interior / portal oficial de datos abiertos,PRIMARY_OFFICIAL
2015,2015-12-20,25 - Lleida,UNIÓN PROGRESO Y DEMOCRACIA - UPYD,687,0,Ministerio del Interior / portal oficial de datos abiertos,PRIMARY_OFFICIAL
2015,2015-12-20,25 - Lleida,VOX - VOX,465,0,Ministerio del Interior / portal oficial de datos abiertos,PRIMARY_OFFICIAL
2015,2015-12-20,25 - Lleida,X A ESQUERDA - X ESQ,0,0,Ministerio del Interior / portal oficial de datos abiertos,PRIMARY_OFFICIAL
2015,2015-12-20,25 - Lleida,X LA IZQUIERDA-LOS VERDES - X LA IZQUIE,0,0,Ministerio del Interior / portal oficial de datos abiertos,PRIMARY_OFFICIAL
2015,2015-12-20,26 - La Rioja,"""EN COMÚ PODEM"" - EN COMÚ",0,0,Ministerio del Interior / portal oficial de datos abiertos,PRIMARY_OFFICIAL
2015,2015-12-20,26 - La Rioja,ANDALUCES DE JAÉN UNIDOS - AJU,0,0,Ministerio del Interior / portal oficial de datos abiertos,PRIMARY_OFFICIAL
2015,2015-12-20,26 - La Rioja,"ARA, PAÍS VALENCIÀ - ARA, PV",0,0,Ministerio del Interior / portal oficial de datos abiertos,PRIMARY_OFFICIAL
2015,2015-12-20,26 - La Rioja,"ARA, PAÍS VALENCIÀ - ARAPV",0,0,Ministerio del Interior / portal oficial de datos abiertos,PRIMARY_OFFICIAL
2015,2015-12-20,26 - La Rioja,AVANT VALENCIANS - AVANT,0,0,Ministerio del Interior / portal oficial de datos abiertos,PRIMARY_OFFICIAL
2015,2015-12-20,26 - La Rioja,BIDEZKO MUNDURANTZ/POR UN MUNDO MÁS JUSTO - PUM+J,0,0,Ministerio del Interior / portal oficial de datos abiertos,PRIMARY_OFFICIAL
2015,2015-12-20,26 - La Rioja,"CANARIAS DECIDE: LOS VERDES, UNIDAD DEL PUEBLO Y A - CANARIAS DE",0,0,Ministerio del Interior / portal oficial de datos abiertos,PRIMARY_OFFICIAL
2015,2015-12-20,26 - La Rioja,CIUDADANOS DE CENTRO DEMOCRÁTICO - CCD,0,0,Ministerio del Interior / portal oficial de datos abiertos,PRIMARY_OFFICIAL
2015,2015-12-20,26 - La Rioja,CIUDADANOS LIBRES UNIDOS - CILUS,0,0,Ministerio del Interior / portal oficial de datos abiertos,PRIMARY_OFFICIAL
2015,2015-12-20,26 - La Rioja,CIUDADANOS PARTIDO DE LA CIUDADANÍA - C's,0,0,Ministerio del Interior / portal oficial de datos abiertos,PRIMARY_OFFICIAL
2015,2015-12-20,26 - La Rioja,CIUDADANOS PARTIDO DE LA CIUDADANÍA - C´s,0,0,Ministerio del Interior / portal oficial de datos abiertos,PRIMARY_OFFICIAL
2015,2015-12-20,26 - La Rioja,CIUDADANOS RURALES AGRUPADOS - CRA,0,0,Ministerio del Interior / portal oficial de datos abiertos,PRIMARY_OFFICIAL