2019N,2019-11-10,43 - Tarragona,UNIDOS Actuando por la Democracia - UNIDOS SÍ-ACPS-DEf,0,0,Ministerio del Interior / fichero oficial aportado por el usuario,PRIMARY_INTERIOR
2019N,2019-11-10,43 - Tarragona,UNIÓN DE TODOS - UDT,0,0,Ministerio del Interior / fichero oficial aportado por el usuario,PRIMARY_INTERIOR
2019N,2019-11-10,43 - Tarragona,UNIÓN DEL PUEBLO LEONÉS - UPL,0,0,Ministerio del Interior / fichero oficial aportado por el usuario,PRIMARY_INTERIOR
2019N,2019-11-10,43 - Tarragona,UNIÓN REGIONALISTA DE CASTILLA Y LEÓN - UNIÓN REGIONALISTA,0,0,Ministerio del Interior / fichero oficial aportado por el usuario,PRIMARY_INTERIOR
2019N,2019-11-10,43 - Tarragona,VOX - VOX,31124,0,Ministerio del Interior / fichero oficial aportado por el usuario,PRIMARY_INTERIOR
2019N,2019-11-10,44 - Teruel,"AGRUPACIÓN DE ELECTORES ""TERUEL EXISTE"" - ¡TERUEL EXISTE!",19761,1,Ministerio del Interior / fichero oficial aportado por el usuario,PRIMARY_INTERIOR
2019N,2019-11-10,44 - Teruel,AHORA CANARIAS: Alternativa Nacionalista Canaria (ANC) y Unidad del Pueblo - AHORA CANARIAS,0,0,Ministerio del Interior / fichero oficial aportado por el usuario,PRIMARY_INTERIOR
2019N,2019-11-10,44 - Teruel,ANDALUCÍA POR SÍ - AxSÍ,0,0,Ministerio del Interior / fichero oficial aportado por el usuario,PRIMARY_INTERIOR
2019N,2019-11-10,44 - Teruel,ANDECHA ASTUR - ANDECHA,0,0,Ministerio del Interior / fichero oficial aportado por el usuario,PRIMARY_INTERIOR
2019N,2019-11-10,44 - Teruel,AUNA COMUNITAT VALENCIANA - AUNACV,13,0,Ministerio del Interior / fichero oficial aportado por el usuario,PRIMARY_INTERIOR
2019N,2019-11-10,44 - Teruel,AVANT ADELANTE LOS VERDES - AVANT ADELANTE LOS VERDES,0,0,Ministerio del Interior / fichero oficial aportado por el usuario,PRIMARY_INTERIOR
2019N,2019-11-10,44 - Teruel,AVANT ADELANTE LOS VERDES - AVANT LOS VERDES,0,0,Ministerio del Interior / fichero oficial aportado por el usuario,PRIMARY_INTERIOR
2019N,2019-11-10,44 - Teruel,BIDEZKO MUNDURANTZ-POR UN MUNDO MÁS JUSTO - PUM+J,0,0,Ministerio del Interior / fichero oficial aportado por el usuario,PRIMARY_INTERIOR
2019N,2019-11-10,44 - Teruel,BLOQUE NACIONALISTA GALEGO - BNG,0,0,Ministerio del Interior / fichero oficial aportado por el usuario,PRIMARY_INTERIOR
2019N,2019-11-10,44 - Teruel,CANDIDATURA D'UNITAT POPULAR-PER LA RUPTURA - CUP-PR,0,0,Ministerio del Interior / fichero oficial aportado por el usuario,PRIMARY_INTERIOR
2019N,2019-11-10,44 - Teruel,CENTRADOS - centrados,0,0,Ministerio del Interior / fichero oficial aportado por el usuario,PRIMARY_INTERIOR
2019N,2019-11-10,44 - Teruel,CHUNTA ARAGONESISTA - CHA,0,0,Ministerio del Interior / fichero oficial aportado por el usuario,PRIMARY_INTERIOR
2019N,2019-11-10,44 - Teruel,CIUDADANOS-PARTIDO DE LA CIUDADANÍA - Cs,3732,0,Ministerio del Interior / fichero oficial aportado por el usuario,PRIMARY_INTERIOR
2019N,2019-11-10,44 - Teruel,CIUTADANS-PARTIDO DE LA CIUDADANÍA - Cs,0,0,Ministerio del Interior / fichero oficial aportado por el usuario,PRIMARY_INTERIOR
2019N,2019-11-10,44 - Teruel,COALICIÓN CANARIA-NUEVA CANARIAS - CCa-PNC-NC,0,0,Ministerio del Interior / fichero oficial aportado por el usuario,PRIMARY_INTERIOR
2019N,2019-11-10,44 - Teruel,COALICIÓN POR MELILLA - CpM,0,0,Ministerio del Interior / fichero oficial aportado por el usuario,PRIMARY_INTERIOR
2019N,2019-11-10,44 - Teruel,CONTIGO SOMOS DEMOCRACIA - CONTIGO,0,0,Ministerio del Interior / fichero oficial aportado por el usuario,PRIMARY_INTERIOR
2019N,2019-11-10,44 - Teruel,CONVERGENCIA ANDALUZA - CAnda,0,0,Ministerio del Interior / fichero oficial aportado por el usuario,PRIMARY_INTERIOR
2019N,2019-11-10,44 - Teruel,CONVERXENCIA 21 - C 21,0,0,Ministerio del Interior / fichero oficial aportado por el usuario,PRIMARY_INTERIOR
2019N,2019-11-10,44 - Teruel,DEMOCRACIA PLURAL - DPL,0,0,Ministerio del Interior / fichero oficial aportado por el usuario,PRIMARY_INTERIOR
2019N,2019-11-10,44 - Teruel,ELKARREKIN PODEMOS-UNIDAS PODEMOS - PODEMOS-IU,0,0,Ministerio del Interior / fichero oficial aportado por el usuario,PRIMARY_INTERIOR
2019N,2019-11-10,44 - Teruel,EN COMÚ PODEM-GUANYEM EL CANVI - ECP-GUANYEM EL CANVI,0,0,Ministerio del Interior / fichero oficial aportado por el usuario,PRIMARY_INTERIOR
2019N,2019-11-10,44 - Teruel,EN COMÚN-UNIDAS PODEMOS - PODEMOS-EU,0,0,Ministerio del Interior / fichero oficial aportado por el usuario,PRIMARY_INTERIOR
2019N,2019-11-10,44 - Teruel,ESCANOS EN BRANCO - EB,0,0,Ministerio del Interior / fichero oficial aportado por el usuario,PRIMARY_INTERIOR
2019N,2019-11-10,44 - Teruel,ESCAÑOS EN BLANCO - EB,0,0,Ministerio del Interior / fichero oficial aportado por el usuario,PRIMARY_INTERIOR
2019N,2019-11-10,44 - Teruel,ESCAÑOS EN BLANCO-AULKI ZURIAK - EB,0,0,Ministerio del Interior / fichero oficial aportado por el usuario,PRIMARY_INTERIOR
2019N,2019-11-10,44 - Teruel,ESQUERRA REPUBLICANA DE CATALUNYA-SOBIRANISTES - ERC-SOBIRANISTES,0,0,Ministerio del Interior / fichero oficial aportado por el usuario,PRIMARY_INTERIOR
2019N,2019-11-10,44 - Teruel,ESQUERRA REPUBLICANA DEL PAÍS VALENCIÀ - ERPV,0,0,Ministerio del Interior / fichero oficial aportado por el usuario,PRIMARY_INTERIOR
2019N,2019-11-10,44 - Teruel,EUSKADIKO LANGILEEN ALDERDI KOMUNISTA/PARTIDO COMUNISTA DE LOS TRABAJADORES DE EUSKADI - ELAK/PCTE,0,0,Ministerio del Interior / fichero oficial aportado por el usuario,PRIMARY_INTERIOR
2019N,2019-11-10,44 - Teruel,EUSKAL HERRIA BILDU - EH Bildu,0,0,Ministerio del Interior / fichero oficial aportado por el usuario,PRIMARY_INTERIOR
2019N,2019-11-10,44 - Teruel,EUZKO ALDERDI JELTZALEA-PARTIDO NACIONALISTA VASCO - EAJ-PNV,0,0,Ministerio del Interior / fichero oficial aportado por el usuario,PRIMARY_INTERIOR
2019N,2019-11-10,44 - Teruel,EXTREMADURA UNIDA - EXTREMADURA UNIDA,0,0,Ministerio del Interior / fichero oficial aportado por el usuario,PRIMARY_INTERIOR
2019N,2019-11-10,44 - Teruel,FALANGE ESPAÑOLA DE LAS JONS - FE de las JONS,0,0,Ministerio del Interior / fichero oficial aportado por el usuario,PRIMARY_INTERIOR
2019N,2019-11-10,44 - Teruel,FEDERACIÓN DE LOS INDEPENDIENTES DE ARAGÓN - FIA,0,0,Ministerio del Interior / fichero oficial aportado por el usuario,PRIMARY_INTERIOR
2019N,2019-11-10,44 - Teruel,GEROA BAI - GBAI,0,0,Ministerio del Interior / fichero oficial aportado por el usuario,PRIMARY_INTERIOR
2019N,2019-11-10,44 - Teruel,INICIATIVA FEMINISTA - I.Fem,0,0,Ministerio del Interior / fichero oficial aportado por el usuario,PRIMARY_INTERIOR
2019N,2019-11-10,44 - Teruel,IZQUIERDA ANTICAPITALISTA REVOLUCIONARIA - IZAR,0,0,Ministerio del Interior / fichero oficial aportado por el usuario,PRIMARY_INTERIOR
2019N,2019-11-10,44 - Teruel,IZQUIERDA EN POSITIVO - IZQP,0,0,Ministerio del Interior / fichero oficial aportado por el usuario,PRIMARY_INTERIOR
2019N,2019-11-10,44 - Teruel,JUNTS PER CATALUNYA-JUNTS - JxCAT-JUNTS,0,0,Ministerio del Interior / fichero oficial aportado por el usuario,PRIMARY_INTERIOR
2019N,2019-11-10,44 - Teruel,LOS VERDES - LOS VERDES,0,0,Ministerio del Interior / fichero oficial aportado por el usuario,PRIMARY_INTERIOR
2019N,2019-11-10,44 - Teruel,LOS VERDES - VERDES,0,0,Ministerio del Interior / fichero oficial aportado por el usuario,PRIMARY_INTERIOR
2019N,2019-11-10,44 - Teruel,LOS VERDES ECOPACIFISTAS ADELANTE - AVANT ADELANTE LOS VERDES,0,0,Ministerio del Interior / fichero oficial aportado por el usuario,PRIMARY_INTERIOR
2019N,2019-11-10,44 - Teruel,MOVIMIENTO ARAGONES SOCIAL - MAS,0,0,Ministerio del Interior / fichero oficial aportado por el usuario,PRIMARY_INTERIOR
2019N,2019-11-10,44 - Teruel,MOVIMIENTO POR LA DIGNIDAD Y LA CIUDADANÍA DE CEUTA - MDyC,0,0,Ministerio del Interior / fichero oficial aportado por el usuario,PRIMARY_INTERIOR
2019N,2019-11-10,44 - Teruel,MÁS PAÍS - M PAÍS,0,0,Ministerio del Interior / fichero oficial aportado por el usuario,PRIMARY_INTERIOR
2019N,2019-11-10,44 - Teruel,MÁS PAÍS - MÁS PAÍS,0,0,Ministerio del Interior / fichero oficial aportado por el usuario,PRIMARY_INTERIOR
2019N,2019-11-10,44 - Teruel,MÁS PAÍS-ANDALUCÍA - MÁS PAÍS-ANDALUCÍA,0,0,Ministerio del Interior / fichero oficial aportado por el usuario,PRIMARY_INTERIOR
2019N,2019-11-10,44 - Teruel,MÁS PAÍS-CANDIDATURA ECOLOGISTA - MÁS PAÍS-CANDIDATURA ECOLOGISTA,0,0,Ministerio del Interior / fichero oficial aportado por el usuario,PRIMARY_INTERIOR
2019N,2019-11-10,44 - Teruel,MÁS PAÍS-CHUNTA ARAGONESISTA-EQUO - M PAÍS-CHA-EQUO,0,0,Ministerio del Interior / fichero oficial aportado por el usuario,PRIMARY_INTERIOR
2019N,2019-11-10,44 - Teruel,MÁS PAÍS-EQUO - MÁS PAÍS-EQUO,0,0,Ministerio del Interior / fichero oficial aportado por el usuario,PRIMARY_INTERIOR
2019N,2019-11-10,44 - Teruel,MÉS COMPROMÍS - MÉS COMPROMÍS,0,0,Ministerio del Interior / fichero oficial aportado por el usuario,PRIMARY_INTERIOR
2019N,2019-11-10,44 - Teruel,MÉS ESQUERRA - MÉS-ESQUERRA,0,0,Ministerio del Interior / fichero oficial aportado por el usuario,PRIMARY_INTERIOR
2019N,2019-11-10,44 - Teruel,NAVARRA SUMA - NA+,0,0,Ministerio del Interior / fichero oficial aportado por el usuario,PRIMARY_INTERIOR
2019N,2019-11-10,44 - Teruel,NUEVA CANARIAS-COALICIÓN CANARIA - NC-CCa-PNC,0,0,Ministerio del Interior / fichero oficial aportado por el usuario,PRIMARY_INTERIOR
2019N,2019-11-10,44 - Teruel,PARTIDO ANIMALISTA CONTRA EL MALTRATO ANIMAL - PACMA,212,0,Ministerio del Interior / fichero oficial aportado por el usuario,PRIMARY_INTERIOR
2019N,2019-11-10,44 - Teruel,PARTIDO COMUNISTA DE LOS PUEBLOS DE ESPAÑA - PCPE,45,0,Ministerio del Interior / fichero oficial aportado por el usuario,PRIMARY_INTERIOR
2019N,2019-11-10,44 - Teruel,PARTIDO COMUNISTA DE LOS TRABAJADORES DE ESPAÑA - PCTE,0,0,Ministerio del Interior / fichero oficial aportado por el usuario,PRIMARY_INTERIOR
2019N,2019-11-10,44 - Teruel,PARTIDO COMUNISTA DE LOS TRABAJADORES DE ESPAÑA/ESPANIAKO LANGILEEN ALDERDI KOMUNISTA - PCTE/ELAK,0,0,Ministerio del Interior / fichero oficial aportado por el usuario,PRIMARY_INTERIOR
2019N,2019-11-10,44 - Teruel,PARTIDO COMUNISTA DE LOS TRABAJADORES DE EUSKADI/EUSKADIKO LANGILEEN ALDERDI KOMUNISTA - PCTE/ELAK,0,0,Ministerio del Interior / fichero oficial aportado por el usuario,PRIMARY_INTERIOR
2019N,2019-11-10,44 - Teruel,PARTIDO COMUNISTA DEL PUEBLO ANDALUZ - PCPA,0,0,Ministerio del Interior / fichero oficial aportado por el usuario,PRIMARY_INTERIOR
2019N,2019-11-10,44 - Teruel,PARTIDO COMUNISTA DEL PUEBLO CANARIO - PCPC,0,0,Ministerio del Interior / fichero oficial aportado por el usuario,PRIMARY_INTERIOR
2019N,2019-11-10,44 - Teruel,PARTIDO COMUNISTA DOS TRABALLADORES DE GALIZA - PCTG,0,0,Ministerio del Interior / fichero oficial aportado por el usuario,PRIMARY_INTERIOR
2019N,2019-11-10,44 - Teruel,PARTIDO COMUNISTA OBRERO ESPAÑOL - PCOE,96,0,Ministerio del Interior / fichero oficial aportado por el usuario,PRIMARY_INTERIOR
2019N,2019-11-10,44 - Teruel,PARTIDO DE ACCIÓN SOLIDARIA EUROPEA - SOLIDARIA,0,0,Ministerio del Interior / fichero oficial aportado por el usuario,PRIMARY_INTERIOR
2019N,2019-11-10,44 - Teruel,PARTIDO DEMÓCRATA SOCIAL JUBILADOS EUROPEOS - PDSJE,0,0,Ministerio del Interior / fichero oficial aportado por el usuario,PRIMARY_INTERIOR
2019N,2019-11-10,44 - Teruel,PARTIDO DOS SOCIALISTAS DE GALICIA-PSOE - PSOE,0,0,Ministerio del Interior / fichero oficial aportado por el usuario,PRIMARY_INTERIOR
2019N,2019-11-10,44 - Teruel,PARTIDO DOS SOCIALISTAS DE GALICIA-PSOE - PSdeG-PSOE,0,0,Ministerio del Interior / fichero oficial aportado por el usuario,PRIMARY_INTERIOR
2019N,2019-11-10,44 - Teruel,PARTIDO HUMANISTA - PH,0,0,Ministerio del Interior / fichero oficial aportado por el usuario,PRIMARY_INTERIOR
2019N,2019-11-10,44 - Teruel,PARTIDO LIBERTARIO - P-LIB,0,0,Ministerio del Interior / fichero oficial aportado por el usuario,PRIMARY_INTERIOR
2019N,2019-11-10,44 - Teruel,PARTIDO POPULAR - PP,17520,1,Ministerio del Interior / fichero oficial aportado por el usuario,PRIMARY_INTERIOR
2019N,2019-11-10,44 - Teruel,PARTIDO POPULAR / PARTIT POPULAR - PP,0,0,Ministerio del Interior / fichero oficial aportado por el usuario,PRIMARY_INTERIOR
2019N,2019-11-10,44 - Teruel,PARTIDO POPULAR-FORO - PP-FORO,0,0,Ministerio del Interior / fichero oficial aportado por el usuario,PRIMARY_INTERIOR
2019N,2019-11-10,44 - Teruel,PARTIDO REGIONALISTA DE CANTABRIA - PRC,0,0,Ministerio del Interior / fichero oficial aportado por el usuario,PRIMARY_INTERIOR
2019N,2019-11-10,44 - Teruel,PARTIDO REGIONALISTA DEL PAÍS LEONÉS - PREPAL,0,0,Ministerio del Interior / fichero oficial aportado por el usuario,PRIMARY_INTERIOR
2019N,2019-11-10,44 - Teruel,PARTIDO REPUBLICANO INDEPENDIENTE SOLIDARIO ANDALUZ - RISA,0,0,Ministerio del Interior / fichero oficial aportado por el usuario,PRIMARY_INTERIOR
2019N,2019-11-10,44 - Teruel,PARTIDO SOCIALISTA DE EUSKADI-EUSKADIKO EZKERRA (PSOE) - PSE-EE (PSOE),0,0,Ministerio del Interior / fichero oficial aportado por el usuario,PRIMARY_INTERIOR
2019N,2019-11-10,44 - Teruel,PARTIDO SOCIALISTA OBRERO ESPAÑOL - PSOE,18934,1,Ministerio del Interior / fichero oficial aportado por el usuario,PRIMARY_INTERIOR
2019N,2019-11-10,44 - Teruel,PARTIT ANIMALISTA CONTRA EL MALTRACTAMENT ANIMAL - PACMA,0,0,Ministerio del Interior / fichero oficial aportado por el usuario,PRIMARY_INTERIOR
2019N,2019-11-10,44 - Teruel,PARTIT COMUNISTA DEL POBLE DE CATALUNYA - PCPC,0,0,Ministerio del Interior / fichero oficial aportado por el usuario,PRIMARY_INTERIOR
2019N,2019-11-10,44 - Teruel,PARTIT COMUNISTA DELS POBLES D'ESPANYA - PCPE,0,0,Ministerio del Interior / fichero oficial aportado por el usuario,PRIMARY_INTERIOR
2019N,2019-11-10,44 - Teruel,PARTIT COMUNISTA DELS TREBALLADORS DE CATALUNYA - PCTC,0,0,Ministerio del Interior / fichero oficial aportado por el usuario,PRIMARY_INTERIOR
2019N,2019-11-10,44 - Teruel,PARTIT DELS SOCIALISTES DE CATALUNYA - PSC-PSOE,0,0,Ministerio del Interior / fichero oficial aportado por el usuario,PRIMARY_INTERIOR
2019N,2019-11-10,44 - Teruel,PARTIT POPULAR/PARTIDO POPULAR - PP,0,0,Ministerio del Interior / fichero oficial aportado por el usuario,PRIMARY_INTERIOR
2019N,2019-11-10,44 - Teruel,PER UN MÓN MÉS JUST - PUM+J,0,0,Ministerio del Interior / fichero oficial aportado por el usuario,PRIMARY_INTERIOR
2019N,2019-11-10,44 - Teruel,PLATAFORMA DEL PUEBLO SORIANO - PPSO,0,0,Ministerio del Interior / fichero oficial aportado por el usuario,PRIMARY_INTERIOR
2019N,2019-11-10,44 - Teruel,POR UN MUNDO MÁIS XUSTO/POR UN MUNDO MÁS JUSTO - PUM+J,0,0,Ministerio del Interior / fichero oficial aportado por el usuario,PRIMARY_INTERIOR
2019N,2019-11-10,44 - Teruel,POR UN MUNDO MÁS JUSTO - PUM+J,35,0,Ministerio del Interior / fichero oficial aportado por el usuario,PRIMARY_INTERIOR
2019N,2019-11-10,44 - Teruel,POR UN MUNDO MÁS JUSTO/BIDEZKO MUNDURANTZ - PUM+J,0,0,Ministerio del Interior / fichero oficial aportado por el usuario,PRIMARY_INTERIOR
2019N,2019-11-10,44 - Teruel,POR ÁVILA - XAV,0,0,Ministerio del Interior / fichero oficial aportado por el usuario,PRIMARY_INTERIOR
2019N,2019-11-10,44 - Teruel,PUYALON - PYLN,25,0,Ministerio del Interior / fichero oficial aportado por el usuario,PRIMARY_INTERIOR
2019N,2019-11-10,44 - Teruel,RECORTES CERO-GRUPO VERDE - RECORTES CERO-GV,0,0,Ministerio del Interior / fichero oficial aportado por el usuario,PRIMARY_INTERIOR
2019N,2019-11-10,44 - Teruel,RECORTES CERO-GRUPO VERDE-PARTIDO CASTELLANO-TIERRA COMUNERA - RECORTES CERO-GV-PCAS-TC,0,0,Ministerio del Interior / fichero oficial aportado por el usuario,PRIMARY_INTERIOR
2019N,2019-11-10,44 - Teruel,SOM VALENCIANS EN MOVIMENT - UIG-SOM-CUIDES,0,0,Ministerio del Interior / fichero oficial aportado por el usuario,PRIMARY_INTERIOR
2019N,2019-11-10,44 - Teruel,SOMOS REGIÓN - SOMOS REGIÓN,0,0,Ministerio del Interior / fichero oficial aportado por el usuario,PRIMARY_INTERIOR
2019N,2019-11-10,44 - Teruel,UNIDAS PODEMOS - PODEMOS-IU,3982,0,Ministerio del Interior / fichero oficial aportado por el usuario,PRIMARY_INTERIOR
2019N,2019-11-10,44 - Teruel,UNIDAS PODEMOS - PODEMOS-IU LV CA,0,0,Ministerio del Interior / fichero oficial aportado por el usuario,PRIMARY_INTERIOR
2019N,2019-11-10,44 - Teruel,UNIDAS PODEMOS - PODEMOS-IU-BATZARRE,0,0,Ministerio del Interior / fichero oficial aportado por el usuario,PRIMARY_INTERIOR
2019N,2019-11-10,44 - Teruel,UNIDAS PODEMOS-ALTOARAGÓN EN COMÚN - PODEMOS-IU-Alto Aragón en Común,0,0,Ministerio del Interior / fichero oficial aportado por el usuario,PRIMARY_INTERIOR
2019N,2019-11-10,44 - Teruel,UNIDAS PODEMOS-UNIDES PODEM - PODEMOS-EUIB,0,0,Ministerio del Interior / fichero oficial aportado por el usuario,PRIMARY_INTERIOR
2019N,2019-11-10,44 - Teruel,UNIDAS PODEMOS-UNIDES PODEM - PODEMOS-EUPV,0,0,Ministerio del Interior / fichero oficial aportado por el usuario,PRIMARY_INTERIOR
2019N,2019-11-10,44 - Teruel,UNIDAS PODEMOS-XUNÍES PODEMOS - PODEMOS-IX,0,0,Ministerio del Interior / fichero oficial aportado por el usuario,PRIMARY_INTERIOR
2019N,2019-11-10,44 - Teruel,UNIDOS Actuando por la Democracia - UNIDOS SÍ-ACPS-DEf,0,0,Ministerio del Interior / fichero oficial aportado por el usuario,PRIMARY_INTERIOR
2019N,2019-11-10,44 - Teruel,UNIÓN DE TODOS - UDT,26,0,Ministerio del Interior / fichero oficial aportado por el usuario,PRIMARY_INTERIOR
2019N,2019-11-10,44 - Teruel,UNIÓN DEL PUEBLO LEONÉS - UPL,0,0,Ministerio del Interior / fichero oficial aportado por el usuario,PRIMARY_INTERIOR
2019N,2019-11-10,44 - Teruel,UNIÓN REGIONALISTA DE CASTILLA Y LEÓN - UNIÓN REGIONALISTA,0,0,Ministerio del Interior / fichero oficial aportado por el usuario,PRIMARY_INTERIOR
2019N,2019-11-10,44 - Teruel,VOX - VOX,9346,0,Ministerio del Interior / fichero oficial aportado por el usuario,PRIMARY_INTERIOR
2019N,2019-11-10,45 - Toledo,"AGRUPACIÓN DE ELECTORES ""TERUEL EXISTE"" - ¡TERUEL EXISTE!",0,0,Ministerio del Interior / fichero oficial aportado por el usuario,PRIMARY_INTERIOR
2019N,2019-11-10,45 - Toledo,AHORA CANARIAS: Alternativa Nacionalista Canaria (ANC) y Unidad del Pueblo - AHORA CANARIAS,0,0,Ministerio del Interior / fichero oficial aportado por el usuario,PRIMARY_INTERIOR
2019N,2019-11-10,45 - Toledo,ANDALUCÍA POR SÍ - AxSÍ,0,0,Ministerio del Interior / fichero oficial aportado por el usuario,PRIMARY_INTERIOR
2019N,2019-11-10,45 - Toledo,ANDECHA ASTUR - ANDECHA,0,0,Ministerio del Interior / fichero oficial aportado por el usuario,PRIMARY_INTERIOR
2019N,2019-11-10,45 - Toledo,AUNA COMUNITAT VALENCIANA - AUNACV,0,0,Ministerio del Interior / fichero oficial aportado por el usuario,PRIMARY_INTERIOR
2019N,2019-11-10,45 - Toledo,AVANT ADELANTE LOS VERDES - AVANT ADELANTE LOS VERDES,0,0,Ministerio del Interior / fichero oficial aportado por el usuario,PRIMARY_INTERIOR
2019N,2019-11-10,45 - Toledo,AVANT ADELANTE LOS VERDES - AVANT LOS VERDES,0,0,Ministerio del Interior / fichero oficial aportado por el usuario,PRIMARY_INTERIOR
2019N,2019-11-10,45 - Toledo,BIDEZKO MUNDURANTZ-POR UN MUNDO MÁS JUSTO - PUM+J,0,0,Ministerio del Interior / fichero oficial aportado por el usuario,PRIMARY_INTERIOR
2019N,2019-11-10,45 - Toledo,BLOQUE NACIONALISTA GALEGO - BNG,0,0,Ministerio del Interior / fichero oficial aportado por el usuario,PRIMARY_INTERIOR
2019N,2019-11-10,45 - Toledo,CANDIDATURA D'UNITAT POPULAR-PER LA RUPTURA - CUP-PR,0,0,Ministerio del Interior / fichero oficial aportado por el usuario,PRIMARY_INTERIOR
2019N,2019-11-10,45 - Toledo,CENTRADOS - centrados,0,0,Ministerio del Interior / fichero oficial aportado por el usuario,PRIMARY_INTERIOR
2019N,2019-11-10,45 - Toledo,CHUNTA ARAGONESISTA - CHA,0,0,Ministerio del Interior / fichero oficial aportado por el usuario,PRIMARY_INTERIOR
2019N,2019-11-10,45 - Toledo,CIUDADANOS-PARTIDO DE LA CIUDADANÍA - Cs,24871,0,Ministerio del Interior / fichero oficial aportado por el usuario,PRIMARY_INTERIOR
2019N,2019-11-10,45 - Toledo,CIUTADANS-PARTIDO DE LA CIUDADANÍA - Cs,0,0,Ministerio del Interior / fichero oficial aportado por el usuario,PRIMARY_INTERIOR
2019N,2019-11-10,45 - Toledo,COALICIÓN CANARIA-NUEVA CANARIAS - CCa-PNC-NC,0,0,Ministerio del Interior / fichero oficial aportado por el usuario,PRIMARY_INTERIOR
2019N,2019-11-10,45 - Toledo,COALICIÓN POR MELILLA - CpM,0,0,Ministerio del Interior / fichero oficial aportado por el usuario,PRIMARY_INTERIOR
2019N,2019-11-10,45 - Toledo,CONTIGO SOMOS DEMOCRACIA - CONTIGO,0,0,Ministerio del Interior / fichero oficial aportado por el usuario,PRIMARY_INTERIOR
2019N,2019-11-10,45 - Toledo,CONVERGENCIA ANDALUZA - CAnda,0,0,Ministerio del Interior / fichero oficial aportado por el usuario,PRIMARY_INTERIOR
2019N,2019-11-10,45 - Toledo,CONVERXENCIA 21 - C 21,0,0,Ministerio del Interior / fichero oficial aportado por el usuario,PRIMARY_INTERIOR
2019N,2019-11-10,45 - Toledo,DEMOCRACIA PLURAL - DPL,0,0,Ministerio del Interior / fichero oficial aportado por el usuario,PRIMARY_INTERIOR
2019N,2019-11-10,45 - Toledo,ELKARREKIN PODEMOS-UNIDAS PODEMOS - PODEMOS-IU,0,0,Ministerio del Interior / fichero oficial aportado por el usuario,PRIMARY_INTERIOR
2019N,2019-11-10,45 - Toledo,EN COMÚ PODEM-GUANYEM EL CANVI - ECP-GUANYEM EL CANVI,0,0,Ministerio del Interior / fichero oficial aportado por el usuario,PRIMARY_INTERIOR
2019N,2019-11-10,45 - Toledo,EN COMÚN-UNIDAS PODEMOS - PODEMOS-EU,0,0,Ministerio del Interior / fichero oficial aportado por el usuario,PRIMARY_INTERIOR
2019N,2019-11-10,45 - Toledo,ESCANOS EN BRANCO - EB,0,0,Ministerio del Interior / fichero oficial aportado por el usuario,PRIMARY_INTERIOR
2019N,2019-11-10,45 - Toledo,ESCAÑOS EN BLANCO - EB,0,0,Ministerio del Interior / fichero oficial aportado por el usuario,PRIMARY_INTERIOR
2019N,2019-11-10,45 - Toledo,ESCAÑOS EN BLANCO-AULKI ZURIAK - EB,0,0,Ministerio del Interior / fichero oficial aportado por el usuario,PRIMARY_INTERIOR
2019N,2019-11-10,45 - Toledo,ESQUERRA REPUBLICANA DE CATALUNYA-SOBIRANISTES - ERC-SOBIRANISTES,0,0,Ministerio del Interior / fichero oficial aportado por el usuario,PRIMARY_INTERIOR
2019N,2019-11-10,45 - Toledo,ESQUERRA REPUBLICANA DEL PAÍS VALENCIÀ - ERPV,0,0,Ministerio del Interior / fichero oficial aportado por el usuario,PRIMARY_INTERIOR
2019N,2019-11-10,45 - Toledo,EUSKADIKO LANGILEEN ALDERDI KOMUNISTA/PARTIDO COMUNISTA DE LOS TRABAJADORES DE EUSKADI - ELAK/PCTE,0,0,Ministerio del Interior / fichero oficial aportado por el usuario,PRIMARY_INTERIOR
2019N,2019-11-10,45 - Toledo,EUSKAL HERRIA BILDU - EH Bildu,0,0,Ministerio del Interior / fichero oficial aportado por el usuario,PRIMARY_INTERIOR
2019N,2019-11-10,45 - Toledo,EUZKO ALDERDI JELTZALEA-PARTIDO NACIONALISTA VASCO - EAJ-PNV,0,0,Ministerio del Interior / fichero oficial aportado por el usuario,PRIMARY_INTERIOR
2019N,2019-11-10,45 - Toledo,EXTREMADURA UNIDA - EXTREMADURA UNIDA,0,0,Ministerio del Interior / fichero oficial aportado por el usuario,PRIMARY_INTERIOR
2019N,2019-11-10,45 - Toledo,FALANGE ESPAÑOLA DE LAS JONS - FE de las JONS,0,0,Ministerio del Interior / fichero oficial aportado por el usuario,PRIMARY_INTERIOR
2019N,2019-11-10,45 - Toledo,FEDERACIÓN DE LOS INDEPENDIENTES DE ARAGÓN - FIA,0,0,Ministerio del Interior / fichero oficial aportado por el usuario,PRIMARY_INTERIOR
2019N,2019-11-10,45 - Toledo,GEROA BAI - GBAI,0,0,Ministerio del Interior / fichero oficial aportado por el usuario,PRIMARY_INTERIOR
2019N,2019-11-10,45 - Toledo,INICIATIVA FEMINISTA - I.Fem,0,0,Ministerio del Interior / fichero oficial aportado por el usuario,PRIMARY_INTERIOR
2019N,2019-11-10,45 - Toledo,IZQUIERDA ANTICAPITALISTA REVOLUCIONARIA - IZAR,0,0,Ministerio del Interior / fichero oficial aportado por el usuario,PRIMARY_INTERIOR
2019N,2019-11-10,45 - Toledo,IZQUIERDA EN POSITIVO - IZQP,0,0,Ministerio del Interior / fichero oficial aportado por el usuario,PRIMARY_INTERIOR
2019N,2019-11-10,45 - Toledo,JUNTS PER CATALUNYA-JUNTS - JxCAT-JUNTS,0,0,Ministerio del Interior / fichero oficial aportado por el usuario,PRIMARY_INTERIOR
2019N,2019-11-10,45 - Toledo,LOS VERDES - LOS VERDES,0,0,Ministerio del Interior / fichero oficial aportado por el usuario,PRIMARY_INTERIOR
2019N,2019-11-10,45 - Toledo,LOS VERDES - VERDES,0,0,Ministerio del Interior / fichero oficial aportado por el usuario,PRIMARY_INTERIOR
2019N,2019-11-10,45 - Toledo,LOS VERDES ECOPACIFISTAS ADELANTE - AVANT ADELANTE LOS VERDES,0,0,Ministerio del Interior / fichero oficial aportado por el usuario,PRIMARY_INTERIOR
2019N,2019-11-10,45 - Toledo,MOVIMIENTO ARAGONES SOCIAL - MAS,0,0,Ministerio del Interior / fichero oficial aportado por el usuario,PRIMARY_INTERIOR
2019N,2019-11-10,45 - Toledo,MOVIMIENTO POR LA DIGNIDAD Y LA CIUDADANÍA DE CEUTA - MDyC,0,0,Ministerio del Interior / fichero oficial aportado por el usuario,PRIMARY_INTERIOR
2019N,2019-11-10,45 - Toledo,MÁS PAÍS - M PAÍS,0,0,Ministerio del Interior / fichero oficial aportado por el usuario,PRIMARY_INTERIOR
2019N,2019-11-10,45 - Toledo,MÁS PAÍS - MÁS PAÍS,0,0,Ministerio del Interior / fichero oficial aportado por el usuario,PRIMARY_INTERIOR
2019N,2019-11-10,45 - Toledo,MÁS PAÍS-ANDALUCÍA - MÁS PAÍS-ANDALUCÍA,0,0,Ministerio del Interior / fichero oficial aportado por el usuario,PRIMARY_INTERIOR
2019N,2019-11-10,45 - Toledo,MÁS PAÍS-CANDIDATURA ECOLOGISTA - MÁS PAÍS-CANDIDATURA ECOLOGISTA,0,0,Ministerio del Interior / fichero oficial aportado por el usuario,PRIMARY_INTERIOR
2019N,2019-11-10,45 - Toledo,MÁS PAÍS-CHUNTA ARAGONESISTA-EQUO - M PAÍS-CHA-EQUO,0,0,Ministerio del Interior / fichero oficial aportado por el usuario,PRIMARY_INTERIOR
2019N,2019-11-10,45 - Toledo,MÁS PAÍS-EQUO - MÁS PAÍS-EQUO,0,0,Ministerio del Interior / fichero oficial aportado por el usuario,PRIMARY_INTERIOR
2019N,2019-11-10,45 - Toledo,MÉS COMPROMÍS - MÉS COMPROMÍS,0,0,Ministerio del Interior / fichero oficial aportado por el usuario,PRIMARY_INTERIOR
2019N,2019-11-10,45 - Toledo,MÉS ESQUERRA - MÉS-ESQUERRA,0,0,Ministerio del Interior / fichero oficial aportado por el usuario,PRIMARY_INTERIOR
2019N,2019-11-10,45 - Toledo,NAVARRA SUMA - NA+,0,0,Ministerio del Interior / fichero oficial aportado por el usuario,PRIMARY_INTERIOR
2019N,2019-11-10,45 - Toledo,NUEVA CANARIAS-COALICIÓN CANARIA - NC-CCa-PNC,0,0,Ministerio del Interior / fichero oficial aportado por el usuario,PRIMARY_INTERIOR
2019N,2019-11-10,45 - Toledo,PARTIDO ANIMALISTA CONTRA EL MALTRATO ANIMAL - PACMA,2680,0,Ministerio del Interior / fichero oficial aportado por el usuario,PRIMARY_INTERIOR
2019N,2019-11-10,45 - Toledo,PARTIDO COMUNISTA DE LOS PUEBLOS DE ESPAÑA - PCPE,282,0,Ministerio del Interior / fichero oficial aportado por el usuario,PRIMARY_INTERIOR
2019N,2019-11-10,45 - Toledo,PARTIDO COMUNISTA DE LOS TRABAJADORES DE ESPAÑA - PCTE,217,0,Ministerio del Interior / fichero oficial aportado por el usuario,PRIMARY_INTERIOR
2019N,2019-11-10,45 - Toledo,PARTIDO COMUNISTA DE LOS TRABAJADORES DE ESPAÑA/ESPANIAKO LANGILEEN ALDERDI KOMUNISTA - PCTE/ELAK,0,0,Ministerio del Interior / fichero oficial aportado por el usuario,PRIMARY_INTERIOR
2019N,2019-11-10,45 - Toledo,PARTIDO COMUNISTA DE LOS TRABAJADORES DE EUSKADI/EUSKADIKO LANGILEEN ALDERDI KOMUNISTA - PCTE/ELAK,0,0,Ministerio del Interior / fichero oficial aportado por el usuario,PRIMARY_INTERIOR
2019N,2019-11-10,45 - Toledo,PARTIDO COMUNISTA DEL PUEBLO ANDALUZ - PCPA,0,0,Ministerio del Interior / fichero oficial aportado por el usuario,PRIMARY_INTERIOR
2019N,2019-11-10,45 - Toledo,PARTIDO COMUNISTA DEL PUEBLO CANARIO - PCPC,0,0,Ministerio del Interior / fichero oficial aportado por el usuario,PRIMARY_INTERIOR
2019N,2019-11-10,45 - Toledo,PARTIDO COMUNISTA DOS TRABALLADORES DE GALIZA - PCTG,0,0,Ministerio del Interior / fichero oficial aportado por el usuario,PRIMARY_INTERIOR
2019N,2019-11-10,45 - Toledo,PARTIDO COMUNISTA OBRERO ESPAÑOL - PCOE,0,0,Ministerio del Interior / fichero oficial aportado por el usuario,PRIMARY_INTERIOR
2019N,2019-11-10,45 - Toledo,PARTIDO DE ACCIÓN SOLIDARIA EUROPEA - SOLIDARIA,0,0,Ministerio del Interior / fichero oficial aportado por el usuario,PRIMARY_INTERIOR
2019N,2019-11-10,45 - Toledo,PARTIDO DEMÓCRATA SOCIAL JUBILADOS EUROPEOS - PDSJE,0,0,Ministerio del Interior / fichero oficial aportado por el usuario,PRIMARY_INTERIOR
2019N,2019-11-10,45 - Toledo,PARTIDO DOS SOCIALISTAS DE GALICIA-PSOE - PSOE,0,0,Ministerio del Interior / fichero oficial aportado por el usuario,PRIMARY_INTERIOR
2019N,2019-11-10,45 - Toledo,PARTIDO DOS SOCIALISTAS DE GALICIA-PSOE - PSdeG-PSOE,0,0,Ministerio del Interior / fichero oficial aportado por el usuario,PRIMARY_INTERIOR
2019N,2019-11-10,45 - Toledo,PARTIDO HUMANISTA - PH,0,0,Ministerio del Interior / fichero oficial aportado por el usuario,PRIMARY_INTERIOR
2019N,2019-11-10,45 - Toledo,PARTIDO LIBERTARIO - P-LIB,0,0,Ministerio del Interior / fichero oficial aportado por el usuario,PRIMARY_INTERIOR
2019N,2019-11-10,45 - Toledo,PARTIDO POPULAR - PP,94378,2,Ministerio del Interior / fichero oficial aportado por el usuario,PRIMARY_INTERIOR
2019N,2019-11-10,45 - Toledo,PARTIDO POPULAR / PARTIT POPULAR - PP,0,0,Ministerio del Interior / fichero oficial aportado por el usuario,PRIMARY_INTERIOR
2019N,2019-11-10,45 - Toledo,PARTIDO POPULAR-FORO - PP-FORO,0,0,Ministerio del Interior / fichero oficial aportado por el usuario,PRIMARY_INTERIOR
2019N,2019-11-10,45 - Toledo,PARTIDO REGIONALISTA DE CANTABRIA - PRC,0,0,Ministerio del Interior / fichero oficial aportado por el usuario,PRIMARY_INTERIOR
2019N,2019-11-10,45 - Toledo,PARTIDO REGIONALISTA DEL PAÍS LEONÉS - PREPAL,0,0,Ministerio del Interior / fichero oficial aportado por el usuario,PRIMARY_INTERIOR
2019N,2019-11-10,45 - Toledo,PARTIDO REPUBLICANO INDEPENDIENTE SOLIDARIO ANDALUZ - RISA,0,0,Ministerio del Interior / fichero oficial aportado por el usuario,PRIMARY_INTERIOR
2019N,2019-11-10,45 - Toledo,PARTIDO SOCIALISTA DE EUSKADI-EUSKADIKO EZKERRA (PSOE) - PSE-EE (PSOE),0,0,Ministerio del Interior / fichero oficial aportado por el usuario,PRIMARY_INTERIOR
2019N,2019-11-10,45 - Toledo,PARTIDO SOCIALISTA OBRERO ESPAÑOL - PSOE,116282,2,Ministerio del Interior / fichero oficial aportado por el usuario,PRIMARY_INTERIOR
2019N,2019-11-10,45 - Toledo,PARTIT ANIMALISTA CONTRA EL MALTRACTAMENT ANIMAL - PACMA,0,0,Ministerio del Interior / fichero oficial aportado por el usuario,PRIMARY_INTERIOR
2019N,2019-11-10,45 - Toledo,PARTIT COMUNISTA DEL POBLE DE CATALUNYA - PCPC,0,0,Ministerio del Interior / fichero oficial aportado por el usuario,PRIMARY_INTERIOR
2019N,2019-11-10,45 - Toledo,PARTIT COMUNISTA DELS POBLES D'ESPANYA - PCPE,0,0,Ministerio del Interior / fichero oficial aportado por el usuario,PRIMARY_INTERIOR
2019N,2019-11-10,45 - Toledo,PARTIT COMUNISTA DELS TREBALLADORS DE CATALUNYA - PCTC,0,0,Ministerio del Interior / fichero oficial aportado por el usuario,PRIMARY_INTERIOR
2019N,2019-11-10,45 - Toledo,PARTIT DELS SOCIALISTES DE CATALUNYA - PSC-PSOE,0,0,Ministerio del Interior / fichero oficial aportado por el usuario,PRIMARY_INTERIOR
2019N,2019-11-10,45 - Toledo,PARTIT POPULAR/PARTIDO POPULAR - PP,0,0,Ministerio del Interior / fichero oficial aportado por el usuario,PRIMARY_INTERIOR
2019N,2019-11-10,45 - Toledo,PER UN MÓN MÉS JUST - PUM+J,0,0,Ministerio del Interior / fichero oficial aportado por el usuario,PRIMARY_INTERIOR
2019N,2019-11-10,45 - Toledo,PLATAFORMA DEL PUEBLO SORIANO - PPSO,0,0,Ministerio del Interior / fichero oficial aportado por el usuario,PRIMARY_INTERIOR
2019N,2019-11-10,45 - Toledo,POR UN MUNDO MÁIS XUSTO/POR UN MUNDO MÁS JUSTO - PUM+J,0,0,Ministerio del Interior / fichero oficial aportado por el usuario,PRIMARY_INTERIOR
2019N,2019-11-10,45 - Toledo,POR UN MUNDO MÁS JUSTO - PUM+J,661,0,Ministerio del Interior / fichero oficial aportado por el usuario,PRIMARY_INTERIOR
2019N,2019-11-10,45 - Toledo,POR UN MUNDO MÁS JUSTO/BIDEZKO MUNDURANTZ - PUM+J,0,0,Ministerio del Interior / fichero oficial aportado por el usuario,PRIMARY_INTERIOR
2019N,2019-11-10,45 - Toledo,POR ÁVILA - XAV,0,0,Ministerio del Interior / fichero oficial aportado por el usuario,PRIMARY_INTERIOR
2019N,2019-11-10,45 - Toledo,PUYALON - PYLN,0,0,Ministerio del Interior / fichero oficial aportado por el usuario,PRIMARY_INTERIOR
2019N,2019-11-10,45 - Toledo,RECORTES CERO-GRUPO VERDE - RECORTES CERO-GV,0,0,Ministerio del Interior / fichero oficial aportado por el usuario,PRIMARY_INTERIOR
2019N,2019-11-10,45 - Toledo,RECORTES CERO-GRUPO VERDE-PARTIDO CASTELLANO-TIERRA COMUNERA - RECORTES CERO-GV-PCAS-TC,556,0,Ministerio del Interior / fichero oficial aportado por el usuario,PRIMARY_INTERIOR
2019N,2019-11-10,45 - Toledo,SOM VALENCIANS EN MOVIMENT - UIG-SOM-CUIDES,0,0,Ministerio del Interior / fichero oficial aportado por el usuario,PRIMARY_INTERIOR
2019N,2019-11-10,45 - Toledo,SOMOS REGIÓN - SOMOS REGIÓN,0,0,Ministerio del Interior / fichero oficial aportado por el usuario,PRIMARY_INTERIOR
2019N,2019-11-10,45 - Toledo,UNIDAS PODEMOS - PODEMOS-IU,34837,0,Ministerio del Interior / fichero oficial aportado por el usuario,PRIMARY_INTERIOR
2019N,2019-11-10,45 - Toledo,UNIDAS PODEMOS - PODEMOS-IU LV CA,0,0,Ministerio del Interior / fichero oficial aportado por el usuario,PRIMARY_INTERIOR
2019N,2019-11-10,45 - Toledo,UNIDAS PODEMOS - PODEMOS-IU-BATZARRE,0,0,Ministerio del Interior / fichero oficial aportado por el usuario,PRIMARY_INTERIOR
2019N,2019-11-10,45 - Toledo,UNIDAS PODEMOS-ALTOARAGÓN EN COMÚN - PODEMOS-IU-Alto Aragón en Común,0,0,Ministerio del Interior / fichero oficial aportado por el usuario,PRIMARY_INTERIOR
2019N,2019-11-10,45 - Toledo,UNIDAS PODEMOS-UNIDES PODEM - PODEMOS-EUIB,0,0,Ministerio del Interior / fichero oficial aportado por el usuario,PRIMARY_INTERIOR
2019N,2019-11-10,45 - Toledo,UNIDAS PODEMOS-UNIDES PODEM - PODEMOS-EUPV,0,0,Ministerio del Interior / fichero oficial aportado por el usuario,PRIMARY_INTERIOR
2019N,2019-11-10,45 - Toledo,UNIDAS PODEMOS-XUNÍES PODEMOS - PODEMOS-IX,0,0,Ministerio del Interior / fichero oficial aportado por el usuario,PRIMARY_INTERIOR
2019N,2019-11-10,45 - Toledo,UNIDOS Actuando por la Democracia - UNIDOS SÍ-ACPS-DEf,0,0,Ministerio del Interior / fichero oficial aportado por el usuario,PRIMARY_INTERIOR
2019N,2019-11-10,45 - Toledo,UNIÓN DE TODOS - UDT,0,0,Ministerio del Interior / fichero oficial aportado por el usuario,PRIMARY_INTERIOR
2019N,2019-11-10,45 - Toledo,UNIÓN DEL PUEBLO LEONÉS - UPL,0,0,Ministerio del Interior / fichero oficial aportado por el usuario,PRIMARY_INTERIOR
2019N,2019-11-10,45 - Toledo,UNIÓN REGIONALISTA DE CASTILLA Y LEÓN - UNIÓN REGIONALISTA,0,0,Ministerio del Interior / fichero oficial aportado por el usuario,PRIMARY_INTERIOR
2019N,2019-11-10,45 - Toledo,VOX - VOX,86049,2,Ministerio del Interior / fichero oficial aportado por el usuario,PRIMARY_INTERIOR
2019N,2019-11-10,46 - Valencia/València,"AGRUPACIÓN DE ELECTORES ""TERUEL EXISTE"" - ¡TERUEL EXISTE!",0,0,Ministerio del Interior / fichero oficial aportado por el usuario,PRIMARY_INTERIOR
2019N,2019-11-10,46 - Valencia/València,AHORA CANARIAS: Alternativa Nacionalista Canaria (ANC) y Unidad del Pueblo - AHORA CANARIAS,0,0,Ministerio del Interior / fichero oficial aportado por el usuario,PRIMARY_INTERIOR
2019N,2019-11-10,46 - Valencia/València,ANDALUCÍA POR SÍ - AxSÍ,0,0,Ministerio del Interior / fichero oficial aportado por el usuario,PRIMARY_INTERIOR
2019N,2019-11-10,46 - Valencia/València,ANDECHA ASTUR - ANDECHA,0,0,Ministerio del Interior / fichero oficial aportado por el usuario,PRIMARY_INTERIOR
2019N,2019-11-10,46 - Valencia/València,AUNA COMUNITAT VALENCIANA - AUNACV,468,0,Ministerio del Interior / fichero oficial aportado por el usuario,PRIMARY_INTERIOR
2019N,2019-11-10,46 - Valencia/València,AVANT ADELANTE LOS VERDES - AVANT ADELANTE LOS VERDES,2674,0,Ministerio del Interior / fichero oficial aportado por el usuario,PRIMARY_INTERIOR
2019N,2019-11-10,46 - Valencia/València,AVANT ADELANTE LOS VERDES - AVANT LOS VERDES,0,0,Ministerio del Interior / fichero oficial aportado por el usuario,PRIMARY_INTERIOR
2019N,2019-11-10,46 - Valencia/València,BIDEZKO MUNDURANTZ-POR UN MUNDO MÁS JUSTO - PUM+J,0,0,Ministerio del Interior / fichero oficial aportado por el usuario,PRIMARY_INTERIOR
2019N,2019-11-10,46 - Valencia/València,BLOQUE NACIONALISTA GALEGO - BNG,0,0,Ministerio del Interior / fichero oficial aportado por el usuario,PRIMARY_INTERIOR
2019N,2019-11-10,46 - Valencia/València,CANDIDATURA D'UNITAT POPULAR-PER LA RUPTURA - CUP-PR,0,0,Ministerio del Interior / fichero oficial aportado por el usuario,PRIMARY_INTERIOR
2019N,2019-11-10,46 - Valencia/València,CENTRADOS - centrados,0,0,Ministerio del Interior / fichero oficial aportado por el usuario,PRIMARY_INTERIOR
2019N,2019-11-10,46 - Valencia/València,CHUNTA ARAGONESISTA - CHA,0,0,Ministerio del Interior / fichero oficial aportado por el usuario,PRIMARY_INTERIOR
2019N,2019-11-10,46 - Valencia/València,CIUDADANOS-PARTIDO DE LA CIUDADANÍA - Cs,106820,1,Ministerio del Interior / fichero oficial aportado por el usuario,PRIMARY_INTERIOR
2019N,2019-11-10,46 - Valencia/València,CIUTADANS-PARTIDO DE LA CIUDADANÍA - Cs,0,0,Ministerio del Interior / fichero oficial aportado por el usuario,PRIMARY_INTERIOR
2019N,2019-11-10,46 - Valencia/València,COALICIÓN CANARIA-NUEVA CANARIAS - CCa-PNC-NC,0,0,Ministerio del Interior / fichero oficial aportado por el usuario,PRIMARY_INTERIOR
2019N,2019-11-10,46 - Valencia/València,COALICIÓN POR MELILLA - CpM,0,0,Ministerio del Interior / fichero oficial aportado por el usuario,PRIMARY_INTERIOR
2019N,2019-11-10,46 - Valencia/València,CONTIGO SOMOS DEMOCRACIA - CONTIGO,875,0,Ministerio del Interior / fichero oficial aportado por el usuario,PRIMARY_INTERIOR
2019N,2019-11-10,46 - Valencia/València,CONVERGENCIA ANDALUZA - CAnda,0,0,Ministerio del Interior / fichero oficial aportado por el usuario,PRIMARY_INTERIOR
2019N,2019-11-10,46 - Valencia/València,CONVERXENCIA 21 - C 21,0,0,Ministerio del Interior / fichero oficial aportado por el usuario,PRIMARY_INTERIOR
2019N,2019-11-10,46 - Valencia/València,DEMOCRACIA PLURAL - DPL,0,0,Ministerio del Interior / fichero oficial aportado por el usuario,PRIMARY_INTERIOR
2019N,2019-11-10,46 - Valencia/València,ELKARREKIN PODEMOS-UNIDAS PODEMOS - PODEMOS-IU,0,0,Ministerio del Interior / fichero oficial aportado por el usuario,PRIMARY_INTERIOR
2019N,2019-11-10,46 - Valencia/València,EN COMÚ PODEM-GUANYEM EL CANVI - ECP-GUANYEM EL CANVI,0,0,Ministerio del Interior / fichero oficial aportado por el usuario,PRIMARY_INTERIOR
2019N,2019-11-10,46 - Valencia/València,EN COMÚN-UNIDAS PODEMOS - PODEMOS-EU,0,0,Ministerio del Interior / fichero oficial aportado por el usuario,PRIMARY_INTERIOR
2019N,2019-11-10,46 - Valencia/València,ESCANOS EN BRANCO - EB,0,0,Ministerio del Interior / fichero oficial aportado por el usuario,PRIMARY_INTERIOR
2019N,2019-11-10,46 - Valencia/València,ESCAÑOS EN BLANCO - EB,0,0,Ministerio del Interior / fichero oficial aportado por el usuario,PRIMARY_INTERIOR
2019N,2019-11-10,46 - Valencia/València,ESCAÑOS EN BLANCO-AULKI ZURIAK - EB,0,0,Ministerio del Interior / fichero oficial aportado por el usuario,PRIMARY_INTERIOR
2019N,2019-11-10,46 - Valencia/València,ESQUERRA REPUBLICANA DE CATALUNYA-SOBIRANISTES - ERC-SOBIRANISTES,0,0,Ministerio del Interior / fichero oficial aportado por el usuario,PRIMARY_INTERIOR
2019N,2019-11-10,46 - Valencia/València,ESQUERRA REPUBLICANA DEL PAÍS VALENCIÀ - ERPV,3086,0,Ministerio del Interior / fichero oficial aportado por el usuario,PRIMARY_INTERIOR
2019N,2019-11-10,46 - Valencia/València,EUSKADIKO LANGILEEN ALDERDI KOMUNISTA/PARTIDO COMUNISTA DE LOS TRABAJADORES DE EUSKADI - ELAK/PCTE,0,0,Ministerio del Interior / fichero oficial aportado por el usuario,PRIMARY_INTERIOR
2019N,2019-11-10,46 - Valencia/València,EUSKAL HERRIA BILDU - EH Bildu,0,0,Ministerio del Interior / fichero oficial aportado por el usuario,PRIMARY_INTERIOR
2019N,2019-11-10,46 - Valencia/València,EUZKO ALDERDI JELTZALEA-PARTIDO NACIONALISTA VASCO - EAJ-PNV,0,0,Ministerio del Interior / fichero oficial aportado por el usuario,PRIMARY_INTERIOR
2019N,2019-11-10,46 - Valencia/València,EXTREMADURA UNIDA - EXTREMADURA UNIDA,0,0,Ministerio del Interior / fichero oficial aportado por el usuario,PRIMARY_INTERIOR
2019N,2019-11-10,46 - Valencia/València,FALANGE ESPAÑOLA DE LAS JONS - FE de las JONS,0,0,Ministerio del Interior / fichero oficial aportado por el usuario,PRIMARY_INTERIOR
2019N,2019-11-10,46 - Valencia/València,FEDERACIÓN DE LOS INDEPENDIENTES DE ARAGÓN - FIA,0,0,Ministerio del Interior / fichero oficial aportado por el usuario,PRIMARY_INTERIOR
2019N,2019-11-10,46 - Valencia/València,GEROA BAI - GBAI,0,0,Ministerio del Interior / fichero oficial aportado por el usuario,PRIMARY_INTERIOR
2019N,2019-11-10,46 - Valencia/València,INICIATIVA FEMINISTA - I.Fem,0,0,Ministerio del Interior / fichero oficial aportado por el usuario,PRIMARY_INTERIOR
2019N,2019-11-10,46 - Valencia/València,IZQUIERDA ANTICAPITALISTA REVOLUCIONARIA - IZAR,0,0,Ministerio del Interior / fichero oficial aportado por el usuario,PRIMARY_INTERIOR
2019N,2019-11-10,46 - Valencia/València,IZQUIERDA EN POSITIVO - IZQP,0,0,Ministerio del Interior / fichero oficial aportado por el usuario,PRIMARY_INTERIOR
2019N,2019-11-10,46 - Valencia/València,JUNTS PER CATALUNYA-JUNTS - JxCAT-JUNTS,0,0,Ministerio del Interior / fichero oficial aportado por el usuario,PRIMARY_INTERIOR
2019N,2019-11-10,46 - Valencia/València,LOS VERDES - LOS VERDES,0,0,Ministerio del Interior / fichero oficial aportado por el usuario,PRIMARY_INTERIOR
2019N,2019-11-10,46 - Valencia/València,LOS VERDES - VERDES,0,0,Ministerio del Interior / fichero oficial aportado por el usuario,PRIMARY_INTERIOR
2019N,2019-11-10,46 - Valencia/València,LOS VERDES ECOPACIFISTAS ADELANTE - AVANT ADELANTE LOS VERDES,0,0,Ministerio del Interior / fichero oficial aportado por el usuario,PRIMARY_INTERIOR
2019N,2019-11-10,46 - Valencia/València,MOVIMIENTO ARAGONES SOCIAL - MAS,0,0,Ministerio del Interior / fichero oficial aportado por el usuario,PRIMARY_INTERIOR
2019N,2019-11-10,46 - Valencia/València,MOVIMIENTO POR LA DIGNIDAD Y LA CIUDADANÍA DE CEUTA - MDyC,0,0,Ministerio del Interior / fichero oficial aportado por el usuario,PRIMARY_INTERIOR
2019N,2019-11-10,46 - Valencia/València,MÁS PAÍS - M PAÍS,0,0,Ministerio del Interior / fichero oficial aportado por el usuario,PRIMARY_INTERIOR
2019N,2019-11-10,46 - Valencia/València,MÁS PAÍS - MÁS PAÍS,0,0,Ministerio del Interior / fichero oficial aportado por el usuario,PRIMARY_INTERIOR
2019N,2019-11-10,46 - Valencia/València,MÁS PAÍS-ANDALUCÍA - MÁS PAÍS-ANDALUCÍA,0,0,Ministerio del Interior / fichero oficial aportado por el usuario,PRIMARY_INTERIOR
2019N,2019-11-10,46 - Valencia/València,MÁS PAÍS-CANDIDATURA ECOLOGISTA - MÁS PAÍS-CANDIDATURA ECOLOGISTA,0,0,Ministerio del Interior / fichero oficial aportado por el usuario,PRIMARY_INTERIOR
2019N,2019-11-10,46 - Valencia/València,MÁS PAÍS-CHUNTA ARAGONESISTA-EQUO - M PAÍS-CHA-EQUO,0,0,Ministerio del Interior / fichero oficial aportado por el usuario,PRIMARY_INTERIOR
2019N,2019-11-10,46 - Valencia/València,MÁS PAÍS-EQUO - MÁS PAÍS-EQUO,0,0,Ministerio del Interior / fichero oficial aportado por el usuario,PRIMARY_INTERIOR
2019N,2019-11-10,46 - Valencia/València,MÉS COMPROMÍS - MÉS COMPROMÍS,122535,1,Ministerio del Interior / fichero oficial aportado por el usuario,PRIMARY_INTERIOR
2019N,2019-11-10,46 - Valencia/València,MÉS ESQUERRA - MÉS-ESQUERRA,0,0,Ministerio del Interior / fichero oficial aportado por el usuario,PRIMARY_INTERIOR
2019N,2019-11-10,46 - Valencia/València,NAVARRA SUMA - NA+,0,0,Ministerio del Interior / fichero oficial aportado por el usuario,PRIMARY_INTERIOR
2019N,2019-11-10,46 - Valencia/València,NUEVA CANARIAS-COALICIÓN CANARIA - NC-CCa-PNC,0,0,Ministerio del Interior / fichero oficial aportado por el usuario,PRIMARY_INTERIOR
2019N,2019-11-10,46 - Valencia/València,PARTIDO ANIMALISTA CONTRA EL MALTRATO ANIMAL - PACMA,15395,0,Ministerio del Interior / fichero oficial aportado por el usuario,PRIMARY_INTERIOR
2019N,2019-11-10,46 - Valencia/València,PARTIDO COMUNISTA DE LOS PUEBLOS DE ESPAÑA - PCPE,1142,0,Ministerio del Interior / fichero oficial aportado por el usuario,PRIMARY_INTERIOR
2019N,2019-11-10,46 - Valencia/València,PARTIDO COMUNISTA DE LOS TRABAJADORES DE ESPAÑA - PCTE,0,0,Ministerio del Interior / fichero oficial aportado por el usuario,PRIMARY_INTERIOR
2019N,2019-11-10,46 - Valencia/València,PARTIDO COMUNISTA DE LOS TRABAJADORES DE ESPAÑA/ESPANIAKO LANGILEEN ALDERDI KOMUNISTA - PCTE/ELAK,0,0,Ministerio del Interior / fichero oficial aportado por el usuario,PRIMARY_INTERIOR
2019N,2019-11-10,46 - Valencia/València,PARTIDO COMUNISTA DE LOS TRABAJADORES DE EUSKADI/EUSKADIKO LANGILEEN ALDERDI KOMUNISTA - PCTE/ELAK,0,0,Ministerio del Interior / fichero oficial aportado por el usuario,PRIMARY_INTERIOR
2019N,2019-11-10,46 - Valencia/València,PARTIDO COMUNISTA DEL PUEBLO ANDALUZ - PCPA,0,0,Ministerio del Interior / fichero oficial aportado por el usuario,PRIMARY_INTERIOR
2019N,2019-11-10,46 - Valencia/València,PARTIDO COMUNISTA DEL PUEBLO CANARIO - PCPC,0,0,Ministerio del Interior / fichero oficial aportado por el usuario,PRIMARY_INTERIOR
2019N,2019-11-10,46 - Valencia/València,PARTIDO COMUNISTA DOS TRABALLADORES DE GALIZA - PCTG,0,0,Ministerio del Interior / fichero oficial aportado por el usuario,PRIMARY_INTERIOR
2019N,2019-11-10,46 - Valencia/València,PARTIDO COMUNISTA OBRERO ESPAÑOL - PCOE,0,0,Ministerio del Interior / fichero oficial aportado por el usuario,PRIMARY_INTERIOR
2019N,2019-11-10,46 - Valencia/València,PARTIDO DE ACCIÓN SOLIDARIA EUROPEA - SOLIDARIA,0,0,Ministerio del Interior / fichero oficial aportado por el usuario,PRIMARY_INTERIOR
2019N,2019-11-10,46 - Valencia/València,PARTIDO DEMÓCRATA SOCIAL JUBILADOS EUROPEOS - PDSJE,0,0,Ministerio del Interior / fichero oficial aportado por el usuario,PRIMARY_INTERIOR
2019N,2019-11-10,46 - Valencia/València,PARTIDO DOS SOCIALISTAS DE GALICIA-PSOE - PSOE,0,0,Ministerio del Interior / fichero oficial aportado por el usuario,PRIMARY_INTERIOR
2019N,2019-11-10,46 - Valencia/València,PARTIDO DOS SOCIALISTAS DE GALICIA-PSOE - PSdeG-PSOE,0,0,Ministerio del Interior / fichero oficial aportado por el usuario,PRIMARY_INTERIOR
2019N,2019-11-10,46 - Valencia/València,PARTIDO HUMANISTA - PH,0,0,Ministerio del Interior / fichero oficial aportado por el usuario,PRIMARY_INTERIOR
2019N,2019-11-10,46 - Valencia/València,PARTIDO LIBERTARIO - P-LIB,0,0,Ministerio del Interior / fichero oficial aportado por el usuario,PRIMARY_INTERIOR
2019N,2019-11-10,46 - Valencia/València,PARTIDO POPULAR - PP,306929,4,Ministerio del Interior / fichero oficial aportado por el usuario,PRIMARY_INTERIOR
2019N,2019-11-10,46 - Valencia/València,PARTIDO POPULAR / PARTIT POPULAR - PP,0,0,Ministerio del Interior / fichero oficial aportado por el usuario,PRIMARY_INTERIOR
2019N,2019-11-10,46 - Valencia/València,PARTIDO POPULAR-FORO - PP-FORO,0,0,Ministerio del Interior / fichero oficial aportado por el usuario,PRIMARY_INTERIOR
2019N,2019-11-10,46 - Valencia/València,PARTIDO REGIONALISTA DE CANTABRIA - PRC,0,0,Ministerio del Interior / fichero oficial aportado por el usuario,PRIMARY_INTERIOR
2019N,2019-11-10,46 - Valencia/València,PARTIDO REGIONALISTA DEL PAÍS LEONÉS - PREPAL,0,0,Ministerio del Interior / fichero oficial aportado por el usuario,PRIMARY_INTERIOR
2019N,2019-11-10,46 - Valencia/València,PARTIDO REPUBLICANO INDEPENDIENTE SOLIDARIO ANDALUZ - RISA,0,0,Ministerio del Interior / fichero oficial aportado por el usuario,PRIMARY_INTERIOR
2019N,2019-11-10,46 - Valencia/València,PARTIDO SOCIALISTA DE EUSKADI-EUSKADIKO EZKERRA (PSOE) - PSE-EE (PSOE),0,0,Ministerio del Interior / fichero oficial aportado por el usuario,PRIMARY_INTERIOR
2019N,2019-11-10,46 - Valencia/València,PARTIDO SOCIALISTA OBRERO ESPAÑOL - PSOE,375879,4,Ministerio del Interior / fichero oficial aportado por el usuario,PRIMARY_INTERIOR
2019N,2019-11-10,46 - Valencia/València,PARTIT ANIMALISTA CONTRA EL MALTRACTAMENT ANIMAL - PACMA,0,0,Ministerio del Interior / fichero oficial aportado por el usuario,PRIMARY_INTERIOR
2019N,2019-11-10,46 - Valencia/València,PARTIT COMUNISTA DEL POBLE DE CATALUNYA - PCPC,0,0,Ministerio del Interior / fichero oficial aportado por el usuario,PRIMARY_INTERIOR
2019N,2019-11-10,46 - Valencia/València,PARTIT COMUNISTA DELS POBLES D'ESPANYA - PCPE,0,0,Ministerio del Interior / fichero oficial aportado por el usuario,PRIMARY_INTERIOR
2019N,2019-11-10,46 - Valencia/València,PARTIT COMUNISTA DELS TREBALLADORS DE CATALUNYA - PCTC,0,0,Ministerio del Interior / fichero oficial aportado por el usuario,PRIMARY_INTERIOR
2019N,2019-11-10,46 - Valencia/València,PARTIT DELS SOCIALISTES DE CATALUNYA - PSC-PSOE,0,0,Ministerio del Interior / fichero oficial aportado por el usuario,PRIMARY_INTERIOR
2019N,2019-11-10,46 - Valencia/València,PARTIT POPULAR/PARTIDO POPULAR - PP,0,0,Ministerio del Interior / fichero oficial aportado por el usuario,PRIMARY_INTERIOR
2019N,2019-11-10,46 - Valencia/València,PER UN MÓN MÉS JUST - PUM+J,0,0,Ministerio del Interior / fichero oficial aportado por el usuario,PRIMARY_INTERIOR
2019N,2019-11-10,46 - Valencia/València,PLATAFORMA DEL PUEBLO SORIANO - PPSO,0,0,Ministerio del Interior / fichero oficial aportado por el usuario,PRIMARY_INTERIOR
2019N,2019-11-10,46 - Valencia/València,POR UN MUNDO MÁIS XUSTO/POR UN MUNDO MÁS JUSTO - PUM+J,0,0,Ministerio del Interior / fichero oficial aportado por el usuario,PRIMARY_INTERIOR
2019N,2019-11-10,46 - Valencia/València,POR UN MUNDO MÁS JUSTO - PUM+J,1009,0,Ministerio del Interior / fichero oficial aportado por el usuario,PRIMARY_INTERIOR
2019N,2019-11-10,46 - Valencia/València,POR UN MUNDO MÁS JUSTO/BIDEZKO MUNDURANTZ - PUM+J,0,0,Ministerio del Interior / fichero oficial aportado por el usuario,PRIMARY_INTERIOR
2019N,2019-11-10,46 - Valencia/València,POR ÁVILA - XAV,0,0,Ministerio del Interior / fichero oficial aportado por el usuario,PRIMARY_INTERIOR
2019N,2019-11-10,46 - Valencia/València,PUYALON - PYLN,0,0,Ministerio del Interior / fichero oficial aportado por el usuario,PRIMARY_INTERIOR
2019N,2019-11-10,46 - Valencia/València,RECORTES CERO-GRUPO VERDE - RECORTES CERO-GV,1540,0,Ministerio del Interior / fichero oficial aportado por el usuario,PRIMARY_INTERIOR
2019N,2019-11-10,46 - Valencia/València,RECORTES CERO-GRUPO VERDE-PARTIDO CASTELLANO-TIERRA COMUNERA - RECORTES CERO-GV-PCAS-TC,0,0,Ministerio del Interior / fichero oficial aportado por el usuario,PRIMARY_INTERIOR
2019N,2019-11-10,46 - Valencia/València,SOM VALENCIANS EN MOVIMENT - UIG-SOM-CUIDES,2339,0,Ministerio del Interior / fichero oficial aportado por el usuario,PRIMARY_INTERIOR
2019N,2019-11-10,46 - Valencia/València,SOMOS REGIÓN - SOMOS REGIÓN,0,0,Ministerio del Interior / fichero oficial aportado por el usuario,PRIMARY_INTERIOR
2019N,2019-11-10,46 - Valencia/València,UNIDAS PODEMOS - PODEMOS-IU,0,0,Ministerio del Interior / fichero oficial aportado por el usuario,PRIMARY_INTERIOR
2019N,2019-11-10,46 - Valencia/València,UNIDAS PODEMOS - PODEMOS-IU LV CA,0,0,Ministerio del Interior / fichero oficial aportado por el usuario,PRIMARY_INTERIOR
2019N,2019-11-10,46 - Valencia/València,UNIDAS PODEMOS - PODEMOS-IU-BATZARRE,0,0,Ministerio del Interior / fichero oficial aportado por el usuario,PRIMARY_INTERIOR
2019N,2019-11-10,46 - Valencia/València,UNIDAS PODEMOS-ALTOARAGÓN EN COMÚN - PODEMOS-IU-Alto Aragón en Común,0,0,Ministerio del Interior / fichero oficial aportado por el usuario,PRIMARY_INTERIOR
2019N,2019-11-10,46 - Valencia/València,UNIDAS PODEMOS-UNIDES PODEM - PODEMOS-EUIB,0,0,Ministerio del Interior / fichero oficial aportado por el usuario,PRIMARY_INTERIOR
2019N,2019-11-10,46 - Valencia/València,UNIDAS PODEMOS-UNIDES PODEM - PODEMOS-EUPV,191812,2,Ministerio del Interior / fichero oficial aportado por el usuario,PRIMARY_INTERIOR
2019N,2019-11-10,46 - Valencia/València,UNIDAS PODEMOS-XUNÍES PODEMOS - PODEMOS-IX,0,0,Ministerio del Interior / fichero oficial aportado por el usuario,PRIMARY_INTERIOR
2019N,2019-11-10,46 - Valencia/València,UNIDOS Actuando por la Democracia - UNIDOS SÍ-ACPS-DEf,1067,0,Ministerio del Interior / fichero oficial aportado por el usuario,PRIMARY_INTERIOR
2019N,2019-11-10,46 - Valencia/València,UNIÓN DE TODOS - UDT,0,0,Ministerio del Interior / fichero oficial aportado por el usuario,PRIMARY_INTERIOR
2019N,2019-11-10,46 - Valencia/València,UNIÓN DEL PUEBLO LEONÉS - UPL,0,0,Ministerio del Interior / fichero oficial aportado por el usuario,PRIMARY_INTERIOR
2019N,2019-11-10,46 - Valencia/València,UNIÓN REGIONALISTA DE CASTILLA Y LEÓN - UNIÓN REGIONALISTA,0,0,Ministerio del Interior / fichero oficial aportado por el usuario,PRIMARY_INTERIOR
2019N,2019-11-10,46 - Valencia/València,VOX - VOX,245890,3,Ministerio del Interior / fichero oficial aportado por el usuario,PRIMARY_INTERIOR
2019N,2019-11-10,47 - Valladolid,"AGRUPACIÓN DE ELECTORES ""TERUEL EXISTE"" - ¡TERUEL EXISTE!",0,0,Ministerio del Interior / fichero oficial aportado por el usuario,PRIMARY_INTERIOR
2019N,2019-11-10,47 - Valladolid,AHORA CANARIAS: Alternativa Nacionalista Canaria (ANC) y Unidad del Pueblo - AHORA CANARIAS,0,0,Ministerio del Interior / fichero oficial aportado por el usuario,PRIMARY_INTERIOR
2019N,2019-11-10,47 - Valladolid,ANDALUCÍA POR SÍ - AxSÍ,0,0,Ministerio del Interior / fichero oficial aportado por el usuario,PRIMARY_INTERIOR
2019N,2019-11-10,47 - Valladolid,ANDECHA ASTUR - ANDECHA,0,0,Ministerio del Interior / fichero oficial aportado por el usuario,PRIMARY_INTERIOR
2019N,2019-11-10,47 - Valladolid,AUNA COMUNITAT VALENCIANA - AUNACV,0,0,Ministerio del Interior / fichero oficial aportado por el usuario,PRIMARY_INTERIOR
2019N,2019-11-10,47 - Valladolid,AVANT ADELANTE LOS VERDES - AVANT ADELANTE LOS VERDES,0,0,Ministerio del Interior / fichero oficial aportado por el usuario,PRIMARY_INTERIOR
2019N,2019-11-10,47 - Valladolid,AVANT ADELANTE LOS VERDES - AVANT LOS VERDES,0,0,Ministerio del Interior / fichero oficial aportado por el usuario,PRIMARY_INTERIOR
2019N,2019-11-10,47 - Valladolid,BIDEZKO MUNDURANTZ-POR UN MUNDO MÁS JUSTO - PUM+J,0,0,Ministerio del Interior / fichero oficial aportado por el usuario,PRIMARY_INTERIOR
2019N,2019-11-10,47 - Valladolid,BLOQUE NACIONALISTA GALEGO - BNG,0,0,Ministerio del Interior / fichero oficial aportado por el usuario,PRIMARY_INTERIOR
2019N,2019-11-10,47 - Valladolid,CANDIDATURA D'UNITAT POPULAR-PER LA RUPTURA - CUP-PR,0,0,Ministerio del Interior / fichero oficial aportado por el usuario,PRIMARY_INTERIOR
2019N,2019-11-10,47 - Valladolid,CENTRADOS - centrados,0,0,Ministerio del Interior / fichero oficial aportado por el usuario,PRIMARY_INTERIOR
2019N,2019-11-10,47 - Valladolid,CHUNTA ARAGONESISTA - CHA,0,0,Ministerio del Interior / fichero oficial aportado por el usuario,PRIMARY_INTERIOR
2019N,2019-11-10,47 - Valladolid,CIUDADANOS-PARTIDO DE LA CIUDADANÍA - Cs,26947,0,Ministerio del Interior / fichero oficial aportado por el usuario,PRIMARY_INTERIOR
2019N,2019-11-10,47 - Valladolid,CIUTADANS-PARTIDO DE LA CIUDADANÍA - Cs,0,0,Ministerio del Interior / fichero oficial aportado por el usuario,PRIMARY_INTERIOR
2019N,2019-11-10,47 - Valladolid,COALICIÓN CANARIA-NUEVA CANARIAS - CCa-PNC-NC,0,0,Ministerio del Interior / fichero oficial aportado por el usuario,PRIMARY_INTERIOR
2019N,2019-11-10,47 - Valladolid,COALICIÓN POR MELILLA - CpM,0,0,Ministerio del Interior / fichero oficial aportado por el usuario,PRIMARY_INTERIOR
2019N,2019-11-10,47 - Valladolid,CONTIGO SOMOS DEMOCRACIA - CONTIGO,0,0,Ministerio del Interior / fichero oficial aportado por el usuario,PRIMARY_INTERIOR
2019N,2019-11-10,47 - Valladolid,CONVERGENCIA ANDALUZA - CAnda,0,0,Ministerio del Interior / fichero oficial aportado por el usuario,PRIMARY_INTERIOR
2019N,2019-11-10,47 - Valladolid,CONVERXENCIA 21 - C 21,0,0,Ministerio del Interior / fichero oficial aportado por el usuario,PRIMARY_INTERIOR
2019N,2019-11-10,47 - Valladolid,DEMOCRACIA PLURAL - DPL,0,0,Ministerio del Interior / fichero oficial aportado por el usuario,PRIMARY_INTERIOR
2019N,2019-11-10,47 - Valladolid,ELKARREKIN PODEMOS-UNIDAS PODEMOS - PODEMOS-IU,0,0,Ministerio del Interior / fichero oficial aportado por el usuario,PRIMARY_INTERIOR
2019N,2019-11-10,47 - Valladolid,EN COMÚ PODEM-GUANYEM EL CANVI - ECP-GUANYEM EL CANVI,0,0,Ministerio del Interior / fichero oficial aportado por el usuario,PRIMARY_INTERIOR
2019N,2019-11-10,47 - Valladolid,EN COMÚN-UNIDAS PODEMOS - PODEMOS-EU,0,0,Ministerio del Interior / fichero oficial aportado por el usuario,PRIMARY_INTERIOR
2019N,2019-11-10,47 - Valladolid,ESCANOS EN BRANCO - EB,0,0,Ministerio del Interior / fichero oficial aportado por el usuario,PRIMARY_INTERIOR
2019N,2019-11-10,47 - Valladolid,ESCAÑOS EN BLANCO - EB,0,0,Ministerio del Interior / fichero oficial aportado por el usuario,PRIMARY_INTERIOR
2019N,2019-11-10,47 - Valladolid,ESCAÑOS EN BLANCO-AULKI ZURIAK - EB,0,0,Ministerio del Interior / fichero oficial aportado por el usuario,PRIMARY_INTERIOR
2019N,2019-11-10,47 - Valladolid,ESQUERRA REPUBLICANA DE CATALUNYA-SOBIRANISTES - ERC-SOBIRANISTES,0,0,Ministerio del Interior / fichero oficial aportado por el usuario,PRIMARY_INTERIOR
2019N,2019-11-10,47 - Valladolid,ESQUERRA REPUBLICANA DEL PAÍS VALENCIÀ - ERPV,0,0,Ministerio del Interior / fichero oficial aportado por el usuario,PRIMARY_INTERIOR
2019N,2019-11-10,47 - Valladolid,EUSKADIKO LANGILEEN ALDERDI KOMUNISTA/PARTIDO COMUNISTA DE LOS TRABAJADORES DE EUSKADI - ELAK/PCTE,0,0,Ministerio del Interior / fichero oficial aportado por el usuario,PRIMARY_INTERIOR
2019N,2019-11-10,47 - Valladolid,EUSKAL HERRIA BILDU - EH Bildu,0,0,Ministerio del Interior / fichero oficial aportado por el usuario,PRIMARY_INTERIOR
2019N,2019-11-10,47 - Valladolid,EUZKO ALDERDI JELTZALEA-PARTIDO NACIONALISTA VASCO - EAJ-PNV,0,0,Ministerio del Interior / fichero oficial aportado por el usuario,PRIMARY_INTERIOR
2019N,2019-11-10,47 - Valladolid,EXTREMADURA UNIDA - EXTREMADURA UNIDA,0,0,Ministerio del Interior / fichero oficial aportado por el usuario,PRIMARY_INTERIOR
2019N,2019-11-10,47 - Valladolid,FALANGE ESPAÑOLA DE LAS JONS - FE de las JONS,151,0,Ministerio del Interior / fichero oficial aportado por el usuario,PRIMARY_INTERIOR
2019N,2019-11-10,47 - Valladolid,FEDERACIÓN DE LOS INDEPENDIENTES DE ARAGÓN - FIA,0,0,Ministerio del Interior / fichero oficial aportado por el usuario,PRIMARY_INTERIOR
2019N,2019-11-10,47 - Valladolid,GEROA BAI - GBAI,0,0,Ministerio del Interior / fichero oficial aportado por el usuario,PRIMARY_INTERIOR
2019N,2019-11-10,47 - Valladolid,INICIATIVA FEMINISTA - I.Fem,0,0,Ministerio del Interior / fichero oficial aportado por el usuario,PRIMARY_INTERIOR
2019N,2019-11-10,47 - Valladolid,IZQUIERDA ANTICAPITALISTA REVOLUCIONARIA - IZAR,0,0,Ministerio del Interior / fichero oficial aportado por el usuario,PRIMARY_INTERIOR
2019N,2019-11-10,47 - Valladolid,IZQUIERDA EN POSITIVO - IZQP,0,0,Ministerio del Interior / fichero oficial aportado por el usuario,PRIMARY_INTERIOR
2019N,2019-11-10,47 - Valladolid,JUNTS PER CATALUNYA-JUNTS - JxCAT-JUNTS,0,0,Ministerio del Interior / fichero oficial aportado por el usuario,PRIMARY_INTERIOR
2019N,2019-11-10,47 - Valladolid,LOS VERDES - LOS VERDES,0,0,Ministerio del Interior / fichero oficial aportado por el usuario,PRIMARY_INTERIOR
2019N,2019-11-10,47 - Valladolid,LOS VERDES - VERDES,0,0,Ministerio del Interior / fichero oficial aportado por el usuario,PRIMARY_INTERIOR
2019N,2019-11-10,47 - Valladolid,LOS VERDES ECOPACIFISTAS ADELANTE - AVANT ADELANTE LOS VERDES,0,0,Ministerio del Interior / fichero oficial aportado por el usuario,PRIMARY_INTERIOR
2019N,2019-11-10,47 - Valladolid,MOVIMIENTO ARAGONES SOCIAL - MAS,0,0,Ministerio del Interior / fichero oficial aportado por el usuario,PRIMARY_INTERIOR
2019N,2019-11-10,47 - Valladolid,MOVIMIENTO POR LA DIGNIDAD Y LA CIUDADANÍA DE CEUTA - MDyC,0,0,Ministerio del Interior / fichero oficial aportado por el usuario,PRIMARY_INTERIOR
2019N,2019-11-10,47 - Valladolid,MÁS PAÍS - M PAÍS,0,0,Ministerio del Interior / fichero oficial aportado por el usuario,PRIMARY_INTERIOR
2019N,2019-11-10,47 - Valladolid,MÁS PAÍS - MÁS PAÍS,0,0,Ministerio del Interior / fichero oficial aportado por el usuario,PRIMARY_INTERIOR
2019N,2019-11-10,47 - Valladolid,MÁS PAÍS-ANDALUCÍA - MÁS PAÍS-ANDALUCÍA,0,0,Ministerio del Interior / fichero oficial aportado por el usuario,PRIMARY_INTERIOR
2019N,2019-11-10,47 - Valladolid,MÁS PAÍS-CANDIDATURA ECOLOGISTA - MÁS PAÍS-CANDIDATURA ECOLOGISTA,0,0,Ministerio del Interior / fichero oficial aportado por el usuario,PRIMARY_INTERIOR
2019N,2019-11-10,47 - Valladolid,MÁS PAÍS-CHUNTA ARAGONESISTA-EQUO - M PAÍS-CHA-EQUO,0,0,Ministerio del Interior / fichero oficial aportado por el usuario,PRIMARY_INTERIOR
2019N,2019-11-10,47 - Valladolid,MÁS PAÍS-EQUO - MÁS PAÍS-EQUO,0,0,Ministerio del Interior / fichero oficial aportado por el usuario,PRIMARY_INTERIOR
2019N,2019-11-10,47 - Valladolid,MÉS COMPROMÍS - MÉS COMPROMÍS,0,0,Ministerio del Interior / fichero oficial aportado por el usuario,PRIMARY_INTERIOR
2019N,2019-11-10,47 - Valladolid,MÉS ESQUERRA - MÉS-ESQUERRA,0,0,Ministerio del Interior / fichero oficial aportado por el usuario,PRIMARY_INTERIOR
2019N,2019-11-10,47 - Valladolid,NAVARRA SUMA - NA+,0,0,Ministerio del Interior / fichero oficial aportado por el usuario,PRIMARY_INTERIOR
2019N,2019-11-10,47 - Valladolid,NUEVA CANARIAS-COALICIÓN CANARIA - NC-CCa-PNC,0,0,Ministerio del Interior / fichero oficial aportado por el usuario,PRIMARY_INTERIOR
2019N,2019-11-10,47 - Valladolid,PARTIDO ANIMALISTA CONTRA EL MALTRATO ANIMAL - PACMA,2088,0,Ministerio del Interior / fichero oficial aportado por el usuario,PRIMARY_INTERIOR
2019N,2019-11-10,47 - Valladolid,PARTIDO COMUNISTA DE LOS PUEBLOS DE ESPAÑA - PCPE,223,0,Ministerio del Interior / fichero oficial aportado por el usuario,PRIMARY_INTERIOR
2019N,2019-11-10,47 - Valladolid,PARTIDO COMUNISTA DE LOS TRABAJADORES DE ESPAÑA - PCTE,281,0,Ministerio del Interior / fichero oficial aportado por el usuario,PRIMARY_INTERIOR
2019N,2019-11-10,47 - Valladolid,PARTIDO COMUNISTA DE LOS TRABAJADORES DE ESPAÑA/ESPANIAKO LANGILEEN ALDERDI KOMUNISTA - PCTE/ELAK,0,0,Ministerio del Interior / fichero oficial aportado por el usuario,PRIMARY_INTERIOR
2019N,2019-11-10,47 - Valladolid,PARTIDO COMUNISTA DE LOS TRABAJADORES DE EUSKADI/EUSKADIKO LANGILEEN ALDERDI KOMUNISTA - PCTE/ELAK,0,0,Ministerio del Interior / fichero oficial aportado por el usuario,PRIMARY_INTERIOR
2019N,2019-11-10,47 - Valladolid,PARTIDO COMUNISTA DEL PUEBLO ANDALUZ - PCPA,0,0,Ministerio del Interior / fichero oficial aportado por el usuario,PRIMARY_INTERIOR
2019N,2019-11-10,47 - Valladolid,PARTIDO COMUNISTA DEL PUEBLO CANARIO - PCPC,0,0,Ministerio del Interior / fichero oficial aportado por el usuario,PRIMARY_INTERIOR
2019N,2019-11-10,47 - Valladolid,PARTIDO COMUNISTA DOS TRABALLADORES DE GALIZA - PCTG,0,0,Ministerio del Interior / fichero oficial aportado por el usuario,PRIMARY_INTERIOR
2019N,2019-11-10,47 - Valladolid,PARTIDO COMUNISTA OBRERO ESPAÑOL - PCOE,0,0,Ministerio del Interior / fichero oficial aportado por el usuario,PRIMARY_INTERIOR
2019N,2019-11-10,47 - Valladolid,PARTIDO DE ACCIÓN SOLIDARIA EUROPEA - SOLIDARIA,0,0,Ministerio del Interior / fichero oficial aportado por el usuario,PRIMARY_INTERIOR
2019N,2019-11-10,47 - Valladolid,PARTIDO DEMÓCRATA SOCIAL JUBILADOS EUROPEOS - PDSJE,0,0,Ministerio del Interior / fichero oficial aportado por el usuario,PRIMARY_INTERIOR
2019N,2019-11-10,47 - Valladolid,PARTIDO DOS SOCIALISTAS DE GALICIA-PSOE - PSOE,0,0,Ministerio del Interior / fichero oficial aportado por el usuario,PRIMARY_INTERIOR
2019N,2019-11-10,47 - Valladolid,PARTIDO DOS SOCIALISTAS DE GALICIA-PSOE - PSdeG-PSOE,0,0,Ministerio del Interior / fichero oficial aportado por el usuario,PRIMARY_INTERIOR
2019N,2019-11-10,47 - Valladolid,PARTIDO HUMANISTA - PH,0,0,Ministerio del Interior / fichero oficial aportado por el usuario,PRIMARY_INTERIOR
2019N,2019-11-10,47 - Valladolid,PARTIDO LIBERTARIO - P-LIB,0,0,Ministerio del Interior / fichero oficial aportado por el usuario,PRIMARY_INTERIOR
2019N,2019-11-10,47 - Valladolid,PARTIDO POPULAR - PP,91857,2,Ministerio del Interior / fichero oficial aportado por el usuario,PRIMARY_INTERIOR
2019N,2019-11-10,47 - Valladolid,PARTIDO POPULAR / PARTIT POPULAR - PP,0,0,Ministerio del Interior / fichero oficial aportado por el usuario,PRIMARY_INTERIOR
2019N,2019-11-10,47 - Valladolid,PARTIDO POPULAR-FORO - PP-FORO,0,0,Ministerio del Interior / fichero oficial aportado por el usuario,PRIMARY_INTERIOR
2019N,2019-11-10,47 - Valladolid,PARTIDO REGIONALISTA DE CANTABRIA - PRC,0,0,Ministerio del Interior / fichero oficial aportado por el usuario,PRIMARY_INTERIOR
2019N,2019-11-10,47 - Valladolid,PARTIDO REGIONALISTA DEL PAÍS LEONÉS - PREPAL,0,0,Ministerio del Interior / fichero oficial aportado por el usuario,PRIMARY_INTERIOR
2019N,2019-11-10,47 - Valladolid,PARTIDO REPUBLICANO INDEPENDIENTE SOLIDARIO ANDALUZ - RISA,0,0,Ministerio del Interior / fichero oficial aportado por el usuario,PRIMARY_INTERIOR
2019N,2019-11-10,47 - Valladolid,PARTIDO SOCIALISTA DE EUSKADI-EUSKADIKO EZKERRA (PSOE) - PSE-EE (PSOE),0,0,Ministerio del Interior / fichero oficial aportado por el usuario,PRIMARY_INTERIOR
2019N,2019-11-10,47 - Valladolid,PARTIDO SOCIALISTA OBRERO ESPAÑOL - PSOE,94384,2,Ministerio del Interior / fichero oficial aportado por el usuario,PRIMARY_INTERIOR
2019N,2019-11-10,47 - Valladolid,PARTIT ANIMALISTA CONTRA EL MALTRACTAMENT ANIMAL - PACMA,0,0,Ministerio del Interior / fichero oficial aportado por el usuario,PRIMARY_INTERIOR
2019N,2019-11-10,47 - Valladolid,PARTIT COMUNISTA DEL POBLE DE CATALUNYA - PCPC,0,0,Ministerio del Interior / fichero oficial aportado por el usuario,PRIMARY_INTERIOR
2019N,2019-11-10,47 - Valladolid,PARTIT COMUNISTA DELS POBLES D'ESPANYA - PCPE,0,0,Ministerio del Interior / fichero oficial aportado por el usuario,PRIMARY_INTERIOR
2019N,2019-11-10,47 - Valladolid,PARTIT COMUNISTA DELS TREBALLADORS DE CATALUNYA - PCTC,0,0,Ministerio del Interior / fichero oficial aportado por el usuario,PRIMARY_INTERIOR
2019N,2019-11-10,47 - Valladolid,PARTIT DELS SOCIALISTES DE CATALUNYA - PSC-PSOE,0,0,Ministerio del Interior / fichero oficial aportado por el usuario,PRIMARY_INTERIOR
2019N,2019-11-10,47 - Valladolid,PARTIT POPULAR/PARTIDO POPULAR - PP,0,0,Ministerio del Interior / fichero oficial aportado por el usuario,PRIMARY_INTERIOR
2019N,2019-11-10,47 - Valladolid,PER UN MÓN MÉS JUST - PUM+J,0,0,Ministerio del Interior / fichero oficial aportado por el usuario,PRIMARY_INTERIOR
2019N,2019-11-10,47 - Valladolid,PLATAFORMA DEL PUEBLO SORIANO - PPSO,0,0,Ministerio del Interior / fichero oficial aportado por el usuario,PRIMARY_INTERIOR
2019N,2019-11-10,47 - Valladolid,POR UN MUNDO MÁIS XUSTO/POR UN MUNDO MÁS JUSTO - PUM+J,0,0,Ministerio del Interior / fichero oficial aportado por el usuario,PRIMARY_INTERIOR
2019N,2019-11-10,47 - Valladolid,POR UN MUNDO MÁS JUSTO - PUM+J,586,0,Ministerio del Interior / fichero oficial aportado por el usuario,PRIMARY_INTERIOR
2019N,2019-11-10,47 - Valladolid,POR UN MUNDO MÁS JUSTO/BIDEZKO MUNDURANTZ - PUM+J,0,0,Ministerio del Interior / fichero oficial aportado por el usuario,PRIMARY_INTERIOR
2019N,2019-11-10,47 - Valladolid,POR ÁVILA - XAV,0,0,Ministerio del Interior / fichero oficial aportado por el usuario,PRIMARY_INTERIOR
2019N,2019-11-10,47 - Valladolid,PUYALON - PYLN,0,0,Ministerio del Interior / fichero oficial aportado por el usuario,PRIMARY_INTERIOR
2019N,2019-11-10,47 - Valladolid,RECORTES CERO-GRUPO VERDE - RECORTES CERO-GV,0,0,Ministerio del Interior / fichero oficial aportado por el usuario,PRIMARY_INTERIOR
2019N,2019-11-10,47 - Valladolid,RECORTES CERO-GRUPO VERDE-PARTIDO CASTELLANO-TIERRA COMUNERA - RECORTES CERO-GV-PCAS-TC,594,0,Ministerio del Interior / fichero oficial aportado por el usuario,PRIMARY_INTERIOR
2019N,2019-11-10,47 - Valladolid,SOM VALENCIANS EN MOVIMENT - UIG-SOM-CUIDES,0,0,Ministerio del Interior / fichero oficial aportado por el usuario,PRIMARY_INTERIOR
2019N,2019-11-10,47 - Valladolid,SOMOS REGIÓN - SOMOS REGIÓN,0,0,Ministerio del Interior / fichero oficial aportado por el usuario,PRIMARY_INTERIOR
2019N,2019-11-10,47 - Valladolid,UNIDAS PODEMOS - PODEMOS-IU,34313,0,Ministerio del Interior / fichero oficial aportado por el usuario,PRIMARY_INTERIOR
2019N,2019-11-10,47 - Valladolid,UNIDAS PODEMOS - PODEMOS-IU LV CA,0,0,Ministerio del Interior / fichero oficial aportado por el usuario,PRIMARY_INTERIOR
2019N,2019-11-10,47 - Valladolid,UNIDAS PODEMOS - PODEMOS-IU-BATZARRE,0,0,Ministerio del Interior / fichero oficial aportado por el usuario,PRIMARY_INTERIOR
2019N,2019-11-10,47 - Valladolid,UNIDAS PODEMOS-ALTOARAGÓN EN COMÚN - PODEMOS-IU-Alto Aragón en Común,0,0,Ministerio del Interior / fichero oficial aportado por el usuario,PRIMARY_INTERIOR
2019N,2019-11-10,47 - Valladolid,UNIDAS PODEMOS-UNIDES PODEM - PODEMOS-EUIB,0,0,Ministerio del Interior / fichero oficial aportado por el usuario,PRIMARY_INTERIOR
2019N,2019-11-10,47 - Valladolid,UNIDAS PODEMOS-UNIDES PODEM - PODEMOS-EUPV,0,0,Ministerio del Interior / fichero oficial aportado por el usuario,PRIMARY_INTERIOR
2019N,2019-11-10,47 - Valladolid,UNIDAS PODEMOS-XUNÍES PODEMOS - PODEMOS-IX,0,0,Ministerio del Interior / fichero oficial aportado por el usuario,PRIMARY_INTERIOR
2019N,2019-11-10,47 - Valladolid,UNIDOS Actuando por la Democracia - UNIDOS SÍ-ACPS-DEf,0,0,Ministerio del Interior / fichero oficial aportado por el usuario,PRIMARY_INTERIOR
2019N,2019-11-10,47 - Valladolid,UNIÓN DE TODOS - UDT,0,0,Ministerio del Interior / fichero oficial aportado por el usuario,PRIMARY_INTERIOR
2019N,2019-11-10,47 - Valladolid,UNIÓN DEL PUEBLO LEONÉS - UPL,0,0,Ministerio del Interior / fichero oficial aportado por el usuario,PRIMARY_INTERIOR
2019N,2019-11-10,47 - Valladolid,UNIÓN REGIONALISTA DE CASTILLA Y LEÓN - UNIÓN REGIONALISTA,530,0,Ministerio del Interior / fichero oficial aportado por el usuario,PRIMARY_INTERIOR
2019N,2019-11-10,47 - Valladolid,VOX - VOX,56353,1,Ministerio del Interior / fichero oficial aportado por el usuario,PRIMARY_INTERIOR
2019N,2019-11-10,48 - Bizkaia,"AGRUPACIÓN DE ELECTORES ""TERUEL EXISTE"" - ¡TERUEL EXISTE!",0,0,Ministerio del Interior / fichero oficial aportado por el usuario,PRIMARY_INTERIOR
2019N,2019-11-10,48 - Bizkaia,AHORA CANARIAS: Alternativa Nacionalista Canaria (ANC) y Unidad del Pueblo - AHORA CANARIAS,0,0,Ministerio del Interior / fichero oficial aportado por el usuario,PRIMARY_INTERIOR
2019N,2019-11-10,48 - Bizkaia,ANDALUCÍA POR SÍ - AxSÍ,0,0,Ministerio del Interior / fichero oficial aportado por el usuario,PRIMARY_INTERIOR
2019N,2019-11-10,48 - Bizkaia,ANDECHA ASTUR - ANDECHA,0,0,Ministerio del Interior / fichero oficial aportado por el usuario,PRIMARY_INTERIOR
2019N,2019-11-10,48 - Bizkaia,AUNA COMUNITAT VALENCIANA - AUNACV,0,0,Ministerio del Interior / fichero oficial aportado por el usuario,PRIMARY_INTERIOR
2019N,2019-11-10,48 - Bizkaia,AVANT ADELANTE LOS VERDES - AVANT ADELANTE LOS VERDES,0,0,Ministerio del Interior / fichero oficial aportado por el usuario,PRIMARY_INTERIOR
2019N,2019-11-10,48 - Bizkaia,AVANT ADELANTE LOS VERDES - AVANT LOS VERDES,0,0,Ministerio del Interior / fichero oficial aportado por el usuario,PRIMARY_INTERIOR
2019N,2019-11-10,48 - Bizkaia,BIDEZKO MUNDURANTZ-POR UN MUNDO MÁS JUSTO - PUM+J,494,0,Ministerio del Interior / fichero oficial aportado por el usuario,PRIMARY_INTERIOR
2019N,2019-11-10,48 - Bizkaia,BLOQUE NACIONALISTA GALEGO - BNG,0,0,Ministerio del Interior / fichero oficial aportado por el usuario,PRIMARY_INTERIOR
2019N,2019-11-10,48 - Bizkaia,CANDIDATURA D'UNITAT POPULAR-PER LA RUPTURA - CUP-PR,0,0,Ministerio del Interior / fichero oficial aportado por el usuario,PRIMARY_INTERIOR
2019N,2019-11-10,48 - Bizkaia,CENTRADOS - centrados,0,0,Ministerio del Interior / fichero oficial aportado por el usuario,PRIMARY_INTERIOR
2019N,2019-11-10,48 - Bizkaia,CHUNTA ARAGONESISTA - CHA,0,0,Ministerio del Interior / fichero oficial aportado por el usuario,PRIMARY_INTERIOR
2019N,2019-11-10,48 - Bizkaia,CIUDADANOS-PARTIDO DE LA CIUDADANÍA - Cs,6929,0,Ministerio del Interior / fichero oficial aportado por el usuario,PRIMARY_INTERIOR
2019N,2019-11-10,48 - Bizkaia,CIUTADANS-PARTIDO DE LA CIUDADANÍA - Cs,0,0,Ministerio del Interior / fichero oficial aportado por el usuario,PRIMARY_INTERIOR
2019N,2019-11-10,48 - Bizkaia,COALICIÓN CANARIA-NUEVA CANARIAS - CCa-PNC-NC,0,0,Ministerio del Interior / fichero oficial aportado por el usuario,PRIMARY_INTERIOR
2019N,2019-11-10,48 - Bizkaia,COALICIÓN POR MELILLA - CpM,0,0,Ministerio del Interior / fichero oficial aportado por el usuario,PRIMARY_INTERIOR
2019N,2019-11-10,48 - Bizkaia,CONTIGO SOMOS DEMOCRACIA - CONTIGO,0,0,Ministerio del Interior / fichero oficial aportado por el usuario,PRIMARY_INTERIOR
2019N,2019-11-10,48 - Bizkaia,CONVERGENCIA ANDALUZA - CAnda,0,0,Ministerio del Interior / fichero oficial aportado por el usuario,PRIMARY_INTERIOR
2019N,2019-11-10,48 - Bizkaia,CONVERXENCIA 21 - C 21,0,0,Ministerio del Interior / fichero oficial aportado por el usuario,PRIMARY_INTERIOR
2019N,2019-11-10,48 - Bizkaia,DEMOCRACIA PLURAL - DPL,0,0,Ministerio del Interior / fichero oficial aportado por el usuario,PRIMARY_INTERIOR
2019N,2019-11-10,48 - Bizkaia,ELKARREKIN PODEMOS-UNIDAS PODEMOS - PODEMOS-IU,97125,1,Ministerio del Interior / fichero oficial aportado por el usuario,PRIMARY_INTERIOR
2019N,2019-11-10,48 - Bizkaia,EN COMÚ PODEM-GUANYEM EL CANVI - ECP-GUANYEM EL CANVI,0,0,Ministerio del Interior / fichero oficial aportado por el usuario,PRIMARY_INTERIOR
2019N,2019-11-10,48 - Bizkaia,EN COMÚN-UNIDAS PODEMOS - PODEMOS-EU,0,0,Ministerio del Interior / fichero oficial aportado por el usuario,PRIMARY_INTERIOR
2019N,2019-11-10,48 - Bizkaia,ESCANOS EN BRANCO - EB,0,0,Ministerio del Interior / fichero oficial aportado por el usuario,PRIMARY_INTERIOR
2019N,2019-11-10,48 - Bizkaia,ESCAÑOS EN BLANCO - EB,0,0,Ministerio del Interior / fichero oficial aportado por el usuario,PRIMARY_INTERIOR
2019N,2019-11-10,48 - Bizkaia,ESCAÑOS EN BLANCO-AULKI ZURIAK - EB,0,0,Ministerio del Interior / fichero oficial aportado por el usuario,PRIMARY_INTERIOR
2019N,2019-11-10,48 - Bizkaia,ESQUERRA REPUBLICANA DE CATALUNYA-SOBIRANISTES - ERC-SOBIRANISTES,0,0,Ministerio del Interior / fichero oficial aportado por el usuario,PRIMARY_INTERIOR
2019N,2019-11-10,48 - Bizkaia,ESQUERRA REPUBLICANA DEL PAÍS VALENCIÀ - ERPV,0,0,Ministerio del Interior / fichero oficial aportado por el usuario,PRIMARY_INTERIOR
2019N,2019-11-10,48 - Bizkaia,EUSKADIKO LANGILEEN ALDERDI KOMUNISTA/PARTIDO COMUNISTA DE LOS TRABAJADORES DE EUSKADI - ELAK/PCTE,0,0,Ministerio del Interior / fichero oficial aportado por el usuario,PRIMARY_INTERIOR
2019N,2019-11-10,48 - Bizkaia,EUSKAL HERRIA BILDU - EH Bildu,94669,1,Ministerio del Interior / fichero oficial aportado por el usuario,PRIMARY_INTERIOR
2019N,2019-11-10,48 - Bizkaia,EUZKO ALDERDI JELTZALEA-PARTIDO NACIONALISTA VASCO - EAJ-PNV,221979,3,Ministerio del Interior / fichero oficial aportado por el usuario,PRIMARY_INTERIOR
2019N,2019-11-10,48 - Bizkaia,EXTREMADURA UNIDA - EXTREMADURA UNIDA,0,0,Ministerio del Interior / fichero oficial aportado por el usuario,PRIMARY_INTERIOR
2019N,2019-11-10,48 - Bizkaia,FALANGE ESPAÑOLA DE LAS JONS - FE de las JONS,0,0,Ministerio del Interior / fichero oficial aportado por el usuario,PRIMARY_INTERIOR
2019N,2019-11-10,48 - Bizkaia,FEDERACIÓN DE LOS INDEPENDIENTES DE ARAGÓN - FIA,0,0,Ministerio del Interior / fichero oficial aportado por el usuario,PRIMARY_INTERIOR
2019N,2019-11-10,48 - Bizkaia,GEROA BAI - GBAI,0,0,Ministerio del Interior / fichero oficial aportado por el usuario,PRIMARY_INTERIOR
2019N,2019-11-10,48 - Bizkaia,INICIATIVA FEMINISTA - I.Fem,0,0,Ministerio del Interior / fichero oficial aportado por el usuario,PRIMARY_INTERIOR
2019N,2019-11-10,48 - Bizkaia,IZQUIERDA ANTICAPITALISTA REVOLUCIONARIA - IZAR,0,0,Ministerio del Interior / fichero oficial aportado por el usuario,PRIMARY_INTERIOR
2019N,2019-11-10,48 - Bizkaia,IZQUIERDA EN POSITIVO - IZQP,0,0,Ministerio del Interior / fichero oficial aportado por el usuario,PRIMARY_INTERIOR
2019N,2019-11-10,48 - Bizkaia,JUNTS PER CATALUNYA-JUNTS - JxCAT-JUNTS,0,0,Ministerio del Interior / fichero oficial aportado por el usuario,PRIMARY_INTERIOR
2019N,2019-11-10,48 - Bizkaia,LOS VERDES - LOS VERDES,0,0,Ministerio del Interior / fichero oficial aportado por el usuario,PRIMARY_INTERIOR
2019N,2019-11-10,48 - Bizkaia,LOS VERDES - VERDES,0,0,Ministerio del Interior / fichero oficial aportado por el usuario,PRIMARY_INTERIOR
2019N,2019-11-10,48 - Bizkaia,LOS VERDES ECOPACIFISTAS ADELANTE - AVANT ADELANTE LOS VERDES,0,0,Ministerio del Interior / fichero oficial aportado por el usuario,PRIMARY_INTERIOR
2019N,2019-11-10,48 - Bizkaia,MOVIMIENTO ARAGONES SOCIAL - MAS,0,0,Ministerio del Interior / fichero oficial aportado por el usuario,PRIMARY_INTERIOR
2019N,2019-11-10,48 - Bizkaia,MOVIMIENTO POR LA DIGNIDAD Y LA CIUDADANÍA DE CEUTA - MDyC,0,0,Ministerio del Interior / fichero oficial aportado por el usuario,PRIMARY_INTERIOR
2019N,2019-11-10,48 - Bizkaia,MÁS PAÍS - M PAÍS,0,0,Ministerio del Interior / fichero oficial aportado por el usuario,PRIMARY_INTERIOR
2019N,2019-11-10,48 - Bizkaia,MÁS PAÍS - MÁS PAÍS,0,0,Ministerio del Interior / fichero oficial aportado por el usuario,PRIMARY_INTERIOR
2019N,2019-11-10,48 - Bizkaia,MÁS PAÍS-ANDALUCÍA - MÁS PAÍS-ANDALUCÍA,0,0,Ministerio del Interior / fichero oficial aportado por el usuario,PRIMARY_INTERIOR
2019N,2019-11-10,48 - Bizkaia,MÁS PAÍS-CANDIDATURA ECOLOGISTA - MÁS PAÍS-CANDIDATURA ECOLOGISTA,8542,0,Ministerio del Interior / fichero oficial aportado por el usuario,PRIMARY_INTERIOR
2019N,2019-11-10,48 - Bizkaia,MÁS PAÍS-CHUNTA ARAGONESISTA-EQUO - M PAÍS-CHA-EQUO,0,0,Ministerio del Interior / fichero oficial aportado por el usuario,PRIMARY_INTERIOR
2019N,2019-11-10,48 - Bizkaia,MÁS PAÍS-EQUO - MÁS PAÍS-EQUO,0,0,Ministerio del Interior / fichero oficial aportado por el usuario,PRIMARY_INTERIOR
2019N,2019-11-10,48 - Bizkaia,MÉS COMPROMÍS - MÉS COMPROMÍS,0,0,Ministerio del Interior / fichero oficial aportado por el usuario,PRIMARY_INTERIOR
2019N,2019-11-10,48 - Bizkaia,MÉS ESQUERRA - MÉS-ESQUERRA,0,0,Ministerio del Interior / fichero oficial aportado por el usuario,PRIMARY_INTERIOR
2019N,2019-11-10,48 - Bizkaia,NAVARRA SUMA - NA+,0,0,Ministerio del Interior / fichero oficial aportado por el usuario,PRIMARY_INTERIOR
2019N,2019-11-10,48 - Bizkaia,NUEVA CANARIAS-COALICIÓN CANARIA - NC-CCa-PNC,0,0,Ministerio del Interior / fichero oficial aportado por el usuario,PRIMARY_INTERIOR
2019N,2019-11-10,48 - Bizkaia,PARTIDO ANIMALISTA CONTRA EL MALTRATO ANIMAL - PACMA,3783,0,Ministerio del Interior / fichero oficial aportado por el usuario,PRIMARY_INTERIOR
2019N,2019-11-10,48 - Bizkaia,PARTIDO COMUNISTA DE LOS PUEBLOS DE ESPAÑA - PCPE,0,0,Ministerio del Interior / fichero oficial aportado por el usuario,PRIMARY_INTERIOR
2019N,2019-11-10,48 - Bizkaia,PARTIDO COMUNISTA DE LOS TRABAJADORES DE ESPAÑA - PCTE,0,0,Ministerio del Interior / fichero oficial aportado por el usuario,PRIMARY_INTERIOR
2019N,2019-11-10,48 - Bizkaia,PARTIDO COMUNISTA DE LOS TRABAJADORES DE ESPAÑA/ESPANIAKO LANGILEEN ALDERDI KOMUNISTA - PCTE/ELAK,0,0,Ministerio del Interior / fichero oficial aportado por el usuario,PRIMARY_INTERIOR
2019N,2019-11-10,48 - Bizkaia,PARTIDO COMUNISTA DE LOS TRABAJADORES DE EUSKADI/EUSKADIKO LANGILEEN ALDERDI KOMUNISTA - PCTE/ELAK,491,0,Ministerio del Interior / fichero oficial aportado por el usuario,PRIMARY_INTERIOR
2019N,2019-11-10,48 - Bizkaia,PARTIDO COMUNISTA DEL PUEBLO ANDALUZ - PCPA,0,0,Ministerio del Interior / fichero oficial aportado por el usuario,PRIMARY_INTERIOR
2019N,2019-11-10,48 - Bizkaia,PARTIDO COMUNISTA DEL PUEBLO CANARIO - PCPC,0,0,Ministerio del Interior / fichero oficial aportado por el usuario,PRIMARY_INTERIOR
2019N,2019-11-10,48 - Bizkaia,PARTIDO COMUNISTA DOS TRABALLADORES DE GALIZA - PCTG,0,0,Ministerio del Interior / fichero oficial aportado por el usuario,PRIMARY_INTERIOR
2019N,2019-11-10,48 - Bizkaia,PARTIDO COMUNISTA OBRERO ESPAÑOL - PCOE,0,0,Ministerio del Interior / fichero oficial aportado por el usuario,PRIMARY_INTERIOR
2019N,2019-11-10,48 - Bizkaia,PARTIDO DE ACCIÓN SOLIDARIA EUROPEA - SOLIDARIA,270,0,Ministerio del Interior / fichero oficial aportado por el usuario,PRIMARY_INTERIOR
2019N,2019-11-10,48 - Bizkaia,PARTIDO DEMÓCRATA SOCIAL JUBILADOS EUROPEOS - PDSJE,0,0,Ministerio del Interior / fichero oficial aportado por el usuario,PRIMARY_INTERIOR
2019N,2019-11-10,48 - Bizkaia,PARTIDO DOS SOCIALISTAS DE GALICIA-PSOE - PSOE,0,0,Ministerio del Interior / fichero oficial aportado por el usuario,PRIMARY_INTERIOR
2019N,2019-11-10,48 - Bizkaia,PARTIDO DOS SOCIALISTAS DE GALICIA-PSOE - PSdeG-PSOE,0,0,Ministerio del Interior / fichero oficial aportado por el usuario,PRIMARY_INTERIOR
2019N,2019-11-10,48 - Bizkaia,PARTIDO HUMANISTA - PH,0,0,Ministerio del Interior / fichero oficial aportado por el usuario,PRIMARY_INTERIOR
2019N,2019-11-10,48 - Bizkaia,PARTIDO LIBERTARIO - P-LIB,0,0,Ministerio del Interior / fichero oficial aportado por el usuario,PRIMARY_INTERIOR
2019N,2019-11-10,48 - Bizkaia,PARTIDO POPULAR - PP,55621,1,Ministerio del Interior / fichero oficial aportado por el usuario,PRIMARY_INTERIOR
2019N,2019-11-10,48 - Bizkaia,PARTIDO POPULAR / PARTIT POPULAR - PP,0,0,Ministerio del Interior / fichero oficial aportado por el usuario,PRIMARY_INTERIOR
2019N,2019-11-10,48 - Bizkaia,PARTIDO POPULAR-FORO - PP-FORO,0,0,Ministerio del Interior / fichero oficial aportado por el usuario,PRIMARY_INTERIOR
2019N,2019-11-10,48 - Bizkaia,PARTIDO REGIONALISTA DE CANTABRIA - PRC,0,0,Ministerio del Interior / fichero oficial aportado por el usuario,PRIMARY_INTERIOR
2019N,2019-11-10,48 - Bizkaia,PARTIDO REGIONALISTA DEL PAÍS LEONÉS - PREPAL,0,0,Ministerio del Interior / fichero oficial aportado por el usuario,PRIMARY_INTERIOR
2019N,2019-11-10,48 - Bizkaia,PARTIDO REPUBLICANO INDEPENDIENTE SOLIDARIO ANDALUZ - RISA,0,0,Ministerio del Interior / fichero oficial aportado por el usuario,PRIMARY_INTERIOR
2019N,2019-11-10,48 - Bizkaia,PARTIDO SOCIALISTA DE EUSKADI-EUSKADIKO EZKERRA (PSOE) - PSE-EE (PSOE),120566,2,Ministerio del Interior / fichero oficial aportado por el usuario,PRIMARY_INTERIOR
2019N,2019-11-10,48 - Bizkaia,PARTIDO SOCIALISTA OBRERO ESPAÑOL - PSOE,0,0,Ministerio del Interior / fichero oficial aportado por el usuario,PRIMARY_INTERIOR
2019N,2019-11-10,48 - Bizkaia,PARTIT ANIMALISTA CONTRA EL MALTRACTAMENT ANIMAL - PACMA,0,0,Ministerio del Interior / fichero oficial aportado por el usuario,PRIMARY_INTERIOR
2019N,2019-11-10,48 - Bizkaia,PARTIT COMUNISTA DEL POBLE DE CATALUNYA - PCPC,0,0,Ministerio del Interior / fichero oficial aportado por el usuario,PRIMARY_INTERIOR
2019N,2019-11-10,48 - Bizkaia,PARTIT COMUNISTA DELS POBLES D'ESPANYA - PCPE,0,0,Ministerio del Interior / fichero oficial aportado por el usuario,PRIMARY_INTERIOR
2019N,2019-11-10,48 - Bizkaia,PARTIT COMUNISTA DELS TREBALLADORS DE CATALUNYA - PCTC,0,0,Ministerio del Interior / fichero oficial aportado por el usuario,PRIMARY_INTERIOR
2019N,2019-11-10,48 - Bizkaia,PARTIT DELS SOCIALISTES DE CATALUNYA - PSC-PSOE,0,0,Ministerio del Interior / fichero oficial aportado por el usuario,PRIMARY_INTERIOR
2019N,2019-11-10,48 - Bizkaia,PARTIT POPULAR/PARTIDO POPULAR - PP,0,0,Ministerio del Interior / fichero oficial aportado por el usuario,PRIMARY_INTERIOR
2019N,2019-11-10,48 - Bizkaia,PER UN MÓN MÉS JUST - PUM+J,0,0,Ministerio del Interior / fichero oficial aportado por el usuario,PRIMARY_INTERIOR
2019N,2019-11-10,48 - Bizkaia,PLATAFORMA DEL PUEBLO SORIANO - PPSO,0,0,Ministerio del Interior / fichero oficial aportado por el usuario,PRIMARY_INTERIOR
2019N,2019-11-10,48 - Bizkaia,POR UN MUNDO MÁIS XUSTO/POR UN MUNDO MÁS JUSTO - PUM+J,0,0,Ministerio del Interior / fichero oficial aportado por el usuario,PRIMARY_INTERIOR
2019N,2019-11-10,48 - Bizkaia,POR UN MUNDO MÁS JUSTO - PUM+J,0,0,Ministerio del Interior / fichero oficial aportado por el usuario,PRIMARY_INTERIOR
2019N,2019-11-10,48 - Bizkaia,POR UN MUNDO MÁS JUSTO/BIDEZKO MUNDURANTZ - PUM+J,0,0,Ministerio del Interior / fichero oficial aportado por el usuario,PRIMARY_INTERIOR
2019N,2019-11-10,48 - Bizkaia,POR ÁVILA - XAV,0,0,Ministerio del Interior / fichero oficial aportado por el usuario,PRIMARY_INTERIOR
2019N,2019-11-10,48 - Bizkaia,PUYALON - PYLN,0,0,Ministerio del Interior / fichero oficial aportado por el usuario,PRIMARY_INTERIOR
2019N,2019-11-10,48 - Bizkaia,RECORTES CERO-GRUPO VERDE - RECORTES CERO-GV,753,0,Ministerio del Interior / fichero oficial aportado por el usuario,PRIMARY_INTERIOR
2019N,2019-11-10,48 - Bizkaia,RECORTES CERO-GRUPO VERDE-PARTIDO CASTELLANO-TIERRA COMUNERA - RECORTES CERO-GV-PCAS-TC,0,0,Ministerio del Interior / fichero oficial aportado por el usuario,PRIMARY_INTERIOR
2019N,2019-11-10,48 - Bizkaia,SOM VALENCIANS EN MOVIMENT - UIG-SOM-CUIDES,0,0,Ministerio del Interior / fichero oficial aportado por el usuario,PRIMARY_INTERIOR
2019N,2019-11-10,48 - Bizkaia,SOMOS REGIÓN - SOMOS REGIÓN,0,0,Ministerio del Interior / fichero oficial aportado por el usuario,PRIMARY_INTERIOR
2019N,2019-11-10,48 - Bizkaia,UNIDAS PODEMOS - PODEMOS-IU,0,0,Ministerio del Interior / fichero oficial aportado por el usuario,PRIMARY_INTERIOR
2019N,2019-11-10,48 - Bizkaia,UNIDAS PODEMOS - PODEMOS-IU LV CA,0,0,Ministerio del Interior / fichero oficial aportado por el usuario,PRIMARY_INTERIOR
2019N,2019-11-10,48 - Bizkaia,UNIDAS PODEMOS - PODEMOS-IU-BATZARRE,0,0,Ministerio del Interior / fichero oficial aportado por el usuario,PRIMARY_INTERIOR
2019N,2019-11-10,48 - Bizkaia,UNIDAS PODEMOS-ALTOARAGÓN EN COMÚN - PODEMOS-IU-Alto Aragón en Común,0,0,Ministerio del Interior / fichero oficial aportado por el usuario,PRIMARY_INTERIOR
2019N,2019-11-10,48 - Bizkaia,UNIDAS PODEMOS-UNIDES PODEM - PODEMOS-EUIB,0,0,Ministerio del Interior / fichero oficial aportado por el usuario,PRIMARY_INTERIOR
2019N,2019-11-10,48 - Bizkaia,UNIDAS PODEMOS-UNIDES PODEM - PODEMOS-EUPV,0,0,Ministerio del Interior / fichero oficial aportado por el usuario,PRIMARY_INTERIOR
2019N,2019-11-10,48 - Bizkaia,UNIDAS PODEMOS-XUNÍES PODEMOS - PODEMOS-IX,0,0,Ministerio del Interior / fichero oficial aportado por el usuario,PRIMARY_INTERIOR
2019N,2019-11-10,48 - Bizkaia,UNIDOS Actuando por la Democracia - UNIDOS SÍ-ACPS-DEf,0,0,Ministerio del Interior / fichero oficial aportado por el usuario,PRIMARY_INTERIOR
2019N,2019-11-10,48 - Bizkaia,UNIÓN DE TODOS - UDT,0,0,Ministerio del Interior / fichero oficial aportado por el usuario,PRIMARY_INTERIOR
2019N,2019-11-10,48 - Bizkaia,UNIÓN DEL PUEBLO LEONÉS - UPL,0,0,Ministerio del Interior / fichero oficial aportado por el usuario,PRIMARY_INTERIOR
2019N,2019-11-10,48 - Bizkaia,UNIÓN REGIONALISTA DE CASTILLA Y LEÓN - UNIÓN REGIONALISTA,0,0,Ministerio del Interior / fichero oficial aportado por el usuario,PRIMARY_INTERIOR
2019N,2019-11-10,48 - Bizkaia,VOX - VOX,15284,0,Ministerio del Interior / fichero oficial aportado por el usuario,PRIMARY_INTERIOR
2019N,2019-11-10,49 - Zamora,"AGRUPACIÓN DE ELECTORES ""TERUEL EXISTE"" - ¡TERUEL EXISTE!",0,0,Ministerio del Interior / fichero oficial aportado por el usuario,PRIMARY_INTERIOR
2019N,2019-11-10,49 - Zamora,AHORA CANARIAS: Alternativa Nacionalista Canaria (ANC) y Unidad del Pueblo - AHORA CANARIAS,0,0,Ministerio del Interior / fichero oficial aportado por el usuario,PRIMARY_INTERIOR
2019N,2019-11-10,49 - Zamora,ANDALUCÍA POR SÍ - AxSÍ,0,0,Ministerio del Interior / fichero oficial aportado por el usuario,PRIMARY_INTERIOR
2019N,2019-11-10,49 - Zamora,ANDECHA ASTUR - ANDECHA,0,0,Ministerio del Interior / fichero oficial aportado por el usuario,PRIMARY_INTERIOR
2019N,2019-11-10,49 - Zamora,AUNA COMUNITAT VALENCIANA - AUNACV,0,0,Ministerio del Interior / fichero oficial aportado por el usuario,PRIMARY_INTERIOR
2019N,2019-11-10,49 - Zamora,AVANT ADELANTE LOS VERDES - AVANT ADELANTE LOS VERDES,0,0,Ministerio del Interior / fichero oficial aportado por el usuario,PRIMARY_INTERIOR
2019N,2019-11-10,49 - Zamora,AVANT ADELANTE LOS VERDES - AVANT LOS VERDES,0,0,Ministerio del Interior / fichero oficial aportado por el usuario,PRIMARY_INTERIOR
2019N,2019-11-10,49 - Zamora,BIDEZKO MUNDURANTZ-POR UN MUNDO MÁS JUSTO - PUM+J,0,0,Ministerio del Interior / fichero oficial aportado por el usuario,PRIMARY_INTERIOR
2019N,2019-11-10,49 - Zamora,BLOQUE NACIONALISTA GALEGO - BNG,0,0,Ministerio del Interior / fichero oficial aportado por el usuario,PRIMARY_INTERIOR
2019N,2019-11-10,49 - Zamora,CANDIDATURA D'UNITAT POPULAR-PER LA RUPTURA - CUP-PR,0,0,Ministerio del Interior / fichero oficial aportado por el usuario,PRIMARY_INTERIOR
2019N,2019-11-10,49 - Zamora,CENTRADOS - centrados,0,0,Ministerio del Interior / fichero oficial aportado por el usuario,PRIMARY_INTERIOR
2019N,2019-11-10,49 - Zamora,CHUNTA ARAGONESISTA - CHA,0,0,Ministerio del Interior / fichero oficial aportado por el usuario,PRIMARY_INTERIOR
2019N,2019-11-10,49 - Zamora,CIUDADANOS-PARTIDO DE LA CIUDADANÍA - Cs,6835,0,Ministerio del Interior / fichero oficial aportado por el usuario,PRIMARY_INTERIOR
2019N,2019-11-10,49 - Zamora,CIUTADANS-PARTIDO DE LA CIUDADANÍA - Cs,0,0,Ministerio del Interior / fichero oficial aportado por el usuario,PRIMARY_INTERIOR
2019N,2019-11-10,49 - Zamora,COALICIÓN CANARIA-NUEVA CANARIAS - CCa-PNC-NC,0,0,Ministerio del Interior / fichero oficial aportado por el usuario,PRIMARY_INTERIOR
2019N,2019-11-10,49 - Zamora,COALICIÓN POR MELILLA - CpM,0,0,Ministerio del Interior / fichero oficial aportado por el usuario,PRIMARY_INTERIOR
2019N,2019-11-10,49 - Zamora,CONTIGO SOMOS DEMOCRACIA - CONTIGO,0,0,Ministerio del Interior / fichero oficial aportado por el usuario,PRIMARY_INTERIOR
2019N,2019-11-10,49 - Zamora,CONVERGENCIA ANDALUZA - CAnda,0,0,Ministerio del Interior / fichero oficial aportado por el usuario,PRIMARY_INTERIOR
2019N,2019-11-10,49 - Zamora,CONVERXENCIA 21 - C 21,0,0,Ministerio del Interior / fichero oficial aportado por el usuario,PRIMARY_INTERIOR
2019N,2019-11-10,49 - Zamora,DEMOCRACIA PLURAL - DPL,0,0,Ministerio del Interior / fichero oficial aportado por el usuario,PRIMARY_INTERIOR
2019N,2019-11-10,49 - Zamora,ELKARREKIN PODEMOS-UNIDAS PODEMOS - PODEMOS-IU,0,0,Ministerio del Interior / fichero oficial aportado por el usuario,PRIMARY_INTERIOR
2019N,2019-11-10,49 - Zamora,EN COMÚ PODEM-GUANYEM EL CANVI - ECP-GUANYEM EL CANVI,0,0,Ministerio del Interior / fichero oficial aportado por el usuario,PRIMARY_INTERIOR
2019N,2019-11-10,49 - Zamora,EN COMÚN-UNIDAS PODEMOS - PODEMOS-EU,0,0,Ministerio del Interior / fichero oficial aportado por el usuario,PRIMARY_INTERIOR
2019N,2019-11-10,49 - Zamora,ESCANOS EN BRANCO - EB,0,0,Ministerio del Interior / fichero oficial aportado por el usuario,PRIMARY_INTERIOR
2019N,2019-11-10,49 - Zamora,ESCAÑOS EN BLANCO - EB,0,0,Ministerio del Interior / fichero oficial aportado por el usuario,PRIMARY_INTERIOR
2019N,2019-11-10,49 - Zamora,ESCAÑOS EN BLANCO-AULKI ZURIAK - EB,0,0,Ministerio del Interior / fichero oficial aportado por el usuario,PRIMARY_INTERIOR
2019N,2019-11-10,49 - Zamora,ESQUERRA REPUBLICANA DE CATALUNYA-SOBIRANISTES - ERC-SOBIRANISTES,0,0,Ministerio del Interior / fichero oficial aportado por el usuario,PRIMARY_INTERIOR
2019N,2019-11-10,49 - Zamora,ESQUERRA REPUBLICANA DEL PAÍS VALENCIÀ - ERPV,0,0,Ministerio del Interior / fichero oficial aportado por el usuario,PRIMARY_INTERIOR
2019N,2019-11-10,49 - Zamora,EUSKADIKO LANGILEEN ALDERDI KOMUNISTA/PARTIDO COMUNISTA DE LOS TRABAJADORES DE EUSKADI - ELAK/PCTE,0,0,Ministerio del Interior / fichero oficial aportado por el usuario,PRIMARY_INTERIOR
2019N,2019-11-10,49 - Zamora,EUSKAL HERRIA BILDU - EH Bildu,0,0,Ministerio del Interior / fichero oficial aportado por el usuario,PRIMARY_INTERIOR
2019N,2019-11-10,49 - Zamora,EUZKO ALDERDI JELTZALEA-PARTIDO NACIONALISTA VASCO - EAJ-PNV,0,0,Ministerio del Interior / fichero oficial aportado por el usuario,PRIMARY_INTERIOR
2019N,2019-11-10,49 - Zamora,EXTREMADURA UNIDA - EXTREMADURA UNIDA,0,0,Ministerio del Interior / fichero oficial aportado por el usuario,PRIMARY_INTERIOR
2019N,2019-11-10,49 - Zamora,FALANGE ESPAÑOLA DE LAS JONS - FE de las JONS,0,0,Ministerio del Interior / fichero oficial aportado por el usuario,PRIMARY_INTERIOR
2019N,2019-11-10,49 - Zamora,FEDERACIÓN DE LOS INDEPENDIENTES DE ARAGÓN - FIA,0,0,Ministerio del Interior / fichero oficial aportado por el usuario,PRIMARY_INTERIOR
2019N,2019-11-10,49 - Zamora,GEROA BAI - GBAI,0,0,Ministerio del Interior / fichero oficial aportado por el usuario,PRIMARY_INTERIOR
2019N,2019-11-10,49 - Zamora,INICIATIVA FEMINISTA - I.Fem,0,0,Ministerio del Interior / fichero oficial aportado por el usuario,PRIMARY_INTERIOR
2019N,2019-11-10,49 - Zamora,IZQUIERDA ANTICAPITALISTA REVOLUCIONARIA - IZAR,0,0,Ministerio del Interior / fichero oficial aportado por el usuario,PRIMARY_INTERIOR
2019N,2019-11-10,49 - Zamora,IZQUIERDA EN POSITIVO - IZQP,0,0,Ministerio del Interior / fichero oficial aportado por el usuario,PRIMARY_INTERIOR
2019N,2019-11-10,49 - Zamora,JUNTS PER CATALUNYA-JUNTS - JxCAT-JUNTS,0,0,Ministerio del Interior / fichero oficial aportado por el usuario,PRIMARY_INTERIOR
2019N,2019-11-10,49 - Zamora,LOS VERDES - LOS VERDES,0,0,Ministerio del Interior / fichero oficial aportado por el usuario,PRIMARY_INTERIOR
2019N,2019-11-10,49 - Zamora,LOS VERDES - VERDES,0,0,Ministerio del Interior / fichero oficial aportado por el usuario,PRIMARY_INTERIOR
2019N,2019-11-10,49 - Zamora,LOS VERDES ECOPACIFISTAS ADELANTE - AVANT ADELANTE LOS VERDES,0,0,Ministerio del Interior / fichero oficial aportado por el usuario,PRIMARY_INTERIOR
2019N,2019-11-10,49 - Zamora,MOVIMIENTO ARAGONES SOCIAL - MAS,0,0,Ministerio del Interior / fichero oficial aportado por el usuario,PRIMARY_INTERIOR
2019N,2019-11-10,49 - Zamora,MOVIMIENTO POR LA DIGNIDAD Y LA CIUDADANÍA DE CEUTA - MDyC,0,0,Ministerio del Interior / fichero oficial aportado por el usuario,PRIMARY_INTERIOR
2019N,2019-11-10,49 - Zamora,MÁS PAÍS - M PAÍS,0,0,Ministerio del Interior / fichero oficial aportado por el usuario,PRIMARY_INTERIOR
2019N,2019-11-10,49 - Zamora,MÁS PAÍS - MÁS PAÍS,0,0,Ministerio del Interior / fichero oficial aportado por el usuario,PRIMARY_INTERIOR
2019N,2019-11-10,49 - Zamora,MÁS PAÍS-ANDALUCÍA - MÁS PAÍS-ANDALUCÍA,0,0,Ministerio del Interior / fichero oficial aportado por el usuario,PRIMARY_INTERIOR
2019N,2019-11-10,49 - Zamora,MÁS PAÍS-CANDIDATURA ECOLOGISTA - MÁS PAÍS-CANDIDATURA ECOLOGISTA,0,0,Ministerio del Interior / fichero oficial aportado por el usuario,PRIMARY_INTERIOR
2019N,2019-11-10,49 - Zamora,MÁS PAÍS-CHUNTA ARAGONESISTA-EQUO - M PAÍS-CHA-EQUO,0,0,Ministerio del Interior / fichero oficial aportado por el usuario,PRIMARY_INTERIOR
2019N,2019-11-10,49 - Zamora,MÁS PAÍS-EQUO - MÁS PAÍS-EQUO,0,0,Ministerio del Interior / fichero oficial aportado por el usuario,PRIMARY_INTERIOR
2019N,2019-11-10,49 - Zamora,MÉS COMPROMÍS - MÉS COMPROMÍS,0,0,Ministerio del Interior / fichero oficial aportado por el usuario,PRIMARY_INTERIOR
2019N,2019-11-10,49 - Zamora,MÉS ESQUERRA - MÉS-ESQUERRA,0,0,Ministerio del Interior / fichero oficial aportado por el usuario,PRIMARY_INTERIOR
2019N,2019-11-10,49 - Zamora,NAVARRA SUMA - NA+,0,0,Ministerio del Interior / fichero oficial aportado por el usuario,PRIMARY_INTERIOR
2019N,2019-11-10,49 - Zamora,NUEVA CANARIAS-COALICIÓN CANARIA - NC-CCa-PNC,0,0,Ministerio del Interior / fichero oficial aportado por el usuario,PRIMARY_INTERIOR
2019N,2019-11-10,49 - Zamora,PARTIDO ANIMALISTA CONTRA EL MALTRATO ANIMAL - PACMA,432,0,Ministerio del Interior / fichero oficial aportado por el usuario,PRIMARY_INTERIOR
2019N,2019-11-10,49 - Zamora,PARTIDO COMUNISTA DE LOS PUEBLOS DE ESPAÑA - PCPE,0,0,Ministerio del Interior / fichero oficial aportado por el usuario,PRIMARY_INTERIOR
2019N,2019-11-10,49 - Zamora,PARTIDO COMUNISTA DE LOS TRABAJADORES DE ESPAÑA - PCTE,120,0,Ministerio del Interior / fichero oficial aportado por el usuario,PRIMARY_INTERIOR
2019N,2019-11-10,49 - Zamora,PARTIDO COMUNISTA DE LOS TRABAJADORES DE ESPAÑA/ESPANIAKO LANGILEEN ALDERDI KOMUNISTA - PCTE/ELAK,0,0,Ministerio del Interior / fichero oficial aportado por el usuario,PRIMARY_INTERIOR
2019N,2019-11-10,49 - Zamora,PARTIDO COMUNISTA DE LOS TRABAJADORES DE EUSKADI/EUSKADIKO LANGILEEN ALDERDI KOMUNISTA - PCTE/ELAK,0,0,Ministerio del Interior / fichero oficial aportado por el usuario,PRIMARY_INTERIOR
2019N,2019-11-10,49 - Zamora,PARTIDO COMUNISTA DEL PUEBLO ANDALUZ - PCPA,0,0,Ministerio del Interior / fichero oficial aportado por el usuario,PRIMARY_INTERIOR
2019N,2019-11-10,49 - Zamora,PARTIDO COMUNISTA DEL PUEBLO CANARIO - PCPC,0,0,Ministerio del Interior / fichero oficial aportado por el usuario,PRIMARY_INTERIOR
2019N,2019-11-10,49 - Zamora,PARTIDO COMUNISTA DOS TRABALLADORES DE GALIZA - PCTG,0,0,Ministerio del Interior / fichero oficial aportado por el usuario,PRIMARY_INTERIOR
2019N,2019-11-10,49 - Zamora,PARTIDO COMUNISTA OBRERO ESPAÑOL - PCOE,0,0,Ministerio del Interior / fichero oficial aportado por el usuario,PRIMARY_INTERIOR
2019N,2019-11-10,49 - Zamora,PARTIDO DE ACCIÓN SOLIDARIA EUROPEA - SOLIDARIA,0,0,Ministerio del Interior / fichero oficial aportado por el usuario,PRIMARY_INTERIOR
2019N,2019-11-10,49 - Zamora,PARTIDO DEMÓCRATA SOCIAL JUBILADOS EUROPEOS - PDSJE,0,0,Ministerio del Interior / fichero oficial aportado por el usuario,PRIMARY_INTERIOR
2019N,2019-11-10,49 - Zamora,PARTIDO DOS SOCIALISTAS DE GALICIA-PSOE - PSOE,0,0,Ministerio del Interior / fichero oficial aportado por el usuario,PRIMARY_INTERIOR
2019N,2019-11-10,49 - Zamora,PARTIDO DOS SOCIALISTAS DE GALICIA-PSOE - PSdeG-PSOE,0,0,Ministerio del Interior / fichero oficial aportado por el usuario,PRIMARY_INTERIOR
2019N,2019-11-10,49 - Zamora,PARTIDO HUMANISTA - PH,0,0,Ministerio del Interior / fichero oficial aportado por el usuario,PRIMARY_INTERIOR
2019N,2019-11-10,49 - Zamora,PARTIDO LIBERTARIO - P-LIB,0,0,Ministerio del Interior / fichero oficial aportado por el usuario,PRIMARY_INTERIOR
2019N,2019-11-10,49 - Zamora,PARTIDO POPULAR - PP,33495,1,Ministerio del Interior / fichero oficial aportado por el usuario,PRIMARY_INTERIOR
2019N,2019-11-10,49 - Zamora,PARTIDO POPULAR / PARTIT POPULAR - PP,0,0,Ministerio del Interior / fichero oficial aportado por el usuario,PRIMARY_INTERIOR
2019N,2019-11-10,49 - Zamora,PARTIDO POPULAR-FORO - PP-FORO,0,0,Ministerio del Interior / fichero oficial aportado por el usuario,PRIMARY_INTERIOR
2019N,2019-11-10,49 - Zamora,PARTIDO REGIONALISTA DE CANTABRIA - PRC,0,0,Ministerio del Interior / fichero oficial aportado por el usuario,PRIMARY_INTERIOR
2019N,2019-11-10,49 - Zamora,PARTIDO REGIONALISTA DEL PAÍS LEONÉS - PREPAL,278,0,Ministerio del Interior / fichero oficial aportado por el usuario,PRIMARY_INTERIOR
2019N,2019-11-10,49 - Zamora,PARTIDO REPUBLICANO INDEPENDIENTE SOLIDARIO ANDALUZ - RISA,0,0,Ministerio del Interior / fichero oficial aportado por el usuario,PRIMARY_INTERIOR
2019N,2019-11-10,49 - Zamora,PARTIDO SOCIALISTA DE EUSKADI-EUSKADIKO EZKERRA (PSOE) - PSE-EE (PSOE),0,0,Ministerio del Interior / fichero oficial aportado por el usuario,PRIMARY_INTERIOR
2019N,2019-11-10,49 - Zamora,PARTIDO SOCIALISTA OBRERO ESPAÑOL - PSOE,32747,1,Ministerio del Interior / fichero oficial aportado por el usuario,PRIMARY_INTERIOR
2019N,2019-11-10,49 - Zamora,PARTIT ANIMALISTA CONTRA EL MALTRACTAMENT ANIMAL - PACMA,0,0,Ministerio del Interior / fichero oficial aportado por el usuario,PRIMARY_INTERIOR
2019N,2019-11-10,49 - Zamora,PARTIT COMUNISTA DEL POBLE DE CATALUNYA - PCPC,0,0,Ministerio del Interior / fichero oficial aportado por el usuario,PRIMARY_INTERIOR
2019N,2019-11-10,49 - Zamora,PARTIT COMUNISTA DELS POBLES D'ESPANYA - PCPE,0,0,Ministerio del Interior / fichero oficial aportado por el usuario,PRIMARY_INTERIOR
2019N,2019-11-10,49 - Zamora,PARTIT COMUNISTA DELS TREBALLADORS DE CATALUNYA - PCTC,0,0,Ministerio del Interior / fichero oficial aportado por el usuario,PRIMARY_INTERIOR
2019N,2019-11-10,49 - Zamora,PARTIT DELS SOCIALISTES DE CATALUNYA - PSC-PSOE,0,0,Ministerio del Interior / fichero oficial aportado por el usuario,PRIMARY_INTERIOR
2019N,2019-11-10,49 - Zamora,PARTIT POPULAR/PARTIDO POPULAR - PP,0,0,Ministerio del Interior / fichero oficial aportado por el usuario,PRIMARY_INTERIOR
2019N,2019-11-10,49 - Zamora,PER UN MÓN MÉS JUST - PUM+J,0,0,Ministerio del Interior / fichero oficial aportado por el usuario,PRIMARY_INTERIOR
2019N,2019-11-10,49 - Zamora,PLATAFORMA DEL PUEBLO SORIANO - PPSO,0,0,Ministerio del Interior / fichero oficial aportado por el usuario,PRIMARY_INTERIOR
2019N,2019-11-10,49 - Zamora,POR UN MUNDO MÁIS XUSTO/POR UN MUNDO MÁS JUSTO - PUM+J,0,0,Ministerio del Interior / fichero oficial aportado por el usuario,PRIMARY_INTERIOR
2019N,2019-11-10,49 - Zamora,POR UN MUNDO MÁS JUSTO - PUM+J,143,0,Ministerio del Interior / fichero oficial aportado por el usuario,PRIMARY_INTERIOR
2019N,2019-11-10,49 - Zamora,POR UN MUNDO MÁS JUSTO/BIDEZKO MUNDURANTZ - PUM+J,0,0,Ministerio del Interior / fichero oficial aportado por el usuario,PRIMARY_INTERIOR
2019N,2019-11-10,49 - Zamora,POR ÁVILA - XAV,0,0,Ministerio del Interior / fichero oficial aportado por el usuario,PRIMARY_INTERIOR
2019N,2019-11-10,49 - Zamora,PUYALON - PYLN,0,0,Ministerio del Interior / fichero oficial aportado por el usuario,PRIMARY_INTERIOR
2019N,2019-11-10,49 - Zamora,RECORTES CERO-GRUPO VERDE - RECORTES CERO-GV,0,0,Ministerio del Interior / fichero oficial aportado por el usuario,PRIMARY_INTERIOR
2019N,2019-11-10,49 - Zamora,RECORTES CERO-GRUPO VERDE-PARTIDO CASTELLANO-TIERRA COMUNERA - RECORTES CERO-GV-PCAS-TC,129,0,Ministerio del Interior / fichero oficial aportado por el usuario,PRIMARY_INTERIOR
2019N,2019-11-10,49 - Zamora,SOM VALENCIANS EN MOVIMENT - UIG-SOM-CUIDES,0,0,Ministerio del Interior / fichero oficial aportado por el usuario,PRIMARY_INTERIOR
2019N,2019-11-10,49 - Zamora,SOMOS REGIÓN - SOMOS REGIÓN,0,0,Ministerio del Interior / fichero oficial aportado por el usuario,PRIMARY_INTERIOR
2019N,2019-11-10,49 - Zamora,UNIDAS PODEMOS - PODEMOS-IU,7001,0,Ministerio del Interior / fichero oficial aportado por el usuario,PRIMARY_INTERIOR
2019N,2019-11-10,49 - Zamora,UNIDAS PODEMOS - PODEMOS-IU LV CA,0,0,Ministerio del Interior / fichero oficial aportado por el usuario,PRIMARY_INTERIOR
2019N,2019-11-10,49 - Zamora,UNIDAS PODEMOS - PODEMOS-IU-BATZARRE,0,0,Ministerio del Interior / fichero oficial aportado por el usuario,PRIMARY_INTERIOR
2019N,2019-11-10,49 - Zamora,UNIDAS PODEMOS-ALTOARAGÓN EN COMÚN - PODEMOS-IU-Alto Aragón en Común,0,0,Ministerio del Interior / fichero oficial aportado por el usuario,PRIMARY_INTERIOR
2019N,2019-11-10,49 - Zamora,UNIDAS PODEMOS-UNIDES PODEM - PODEMOS-EUIB,0,0,Ministerio del Interior / fichero oficial aportado por el usuario,PRIMARY_INTERIOR
2019N,2019-11-10,49 - Zamora,UNIDAS PODEMOS-UNIDES PODEM - PODEMOS-EUPV,0,0,Ministerio del Interior / fichero oficial aportado por el usuario,PRIMARY_INTERIOR
2019N,2019-11-10,49 - Zamora,UNIDAS PODEMOS-XUNÍES PODEMOS - PODEMOS-IX,0,0,Ministerio del Interior / fichero oficial aportado por el usuario,PRIMARY_INTERIOR
2019N,2019-11-10,49 - Zamora,UNIDOS Actuando por la Democracia - UNIDOS SÍ-ACPS-DEf,0,0,Ministerio del Interior / fichero oficial aportado por el usuario,PRIMARY_INTERIOR
2019N,2019-11-10,49 - Zamora,UNIÓN DE TODOS - UDT,0,0,Ministerio del Interior / fichero oficial aportado por el usuario,PRIMARY_INTERIOR
2019N,2019-11-10,49 - Zamora,UNIÓN DEL PUEBLO LEONÉS - UPL,369,0,Ministerio del Interior / fichero oficial aportado por el usuario,PRIMARY_INTERIOR
2019N,2019-11-10,49 - Zamora,UNIÓN REGIONALISTA DE CASTILLA Y LEÓN - UNIÓN REGIONALISTA,0,0,Ministerio del Interior / fichero oficial aportado por el usuario,PRIMARY_INTERIOR
2019N,2019-11-10,49 - Zamora,VOX - VOX,17036,1,Ministerio del Interior / fichero oficial aportado por el usuario,PRIMARY_INTERIOR
2019N,2019-11-10,5 - Ávila,"AGRUPACIÓN DE ELECTORES ""TERUEL EXISTE"" - ¡TERUEL EXISTE!",0,0,Ministerio del Interior / fichero oficial aportado por el usuario,PRIMARY_INTERIOR
2019N,2019-11-10,5 - Ávila,AHORA CANARIAS: Alternativa Nacionalista Canaria (ANC) y Unidad del Pueblo - AHORA CANARIAS,0,0,Ministerio del Interior / fichero oficial aportado por el usuario,PRIMARY_INTERIOR
2019N,2019-11-10,5 - Ávila,ANDALUCÍA POR SÍ - AxSÍ,0,0,Ministerio del Interior / fichero oficial aportado por el usuario,PRIMARY_INTERIOR
2019N,2019-11-10,5 - Ávila,ANDECHA ASTUR - ANDECHA,0,0,Ministerio del Interior / fichero oficial aportado por el usuario,PRIMARY_INTERIOR
2019N,2019-11-10,5 - Ávila,AUNA COMUNITAT VALENCIANA - AUNACV,0,0,Ministerio del Interior / fichero oficial aportado por el usuario,PRIMARY_INTERIOR
2019N,2019-11-10,5 - Ávila,AVANT ADELANTE LOS VERDES - AVANT ADELANTE LOS VERDES,0,0,Ministerio del Interior / fichero oficial aportado por el usuario,PRIMARY_INTERIOR
2019N,2019-11-10,5 - Ávila,AVANT ADELANTE LOS VERDES - AVANT LOS VERDES,0,0,Ministerio del Interior / fichero oficial aportado por el usuario,PRIMARY_INTERIOR
2019N,2019-11-10,5 - Ávila,BIDEZKO MUNDURANTZ-POR UN MUNDO MÁS JUSTO - PUM+J,0,0,Ministerio del Interior / fichero oficial aportado por el usuario,PRIMARY_INTERIOR
2019N,2019-11-10,5 - Ávila,BLOQUE NACIONALISTA GALEGO - BNG,0,0,Ministerio del Interior / fichero oficial aportado por el usuario,PRIMARY_INTERIOR
2019N,2019-11-10,5 - Ávila,CANDIDATURA D'UNITAT POPULAR-PER LA RUPTURA - CUP-PR,0,0,Ministerio del Interior / fichero oficial aportado por el usuario,PRIMARY_INTERIOR
2019N,2019-11-10,5 - Ávila,CENTRADOS - centrados,0,0,Ministerio del Interior / fichero oficial aportado por el usuario,PRIMARY_INTERIOR
2019N,2019-11-10,5 - Ávila,CHUNTA ARAGONESISTA - CHA,0,0,Ministerio del Interior / fichero oficial aportado por el usuario,PRIMARY_INTERIOR
2019N,2019-11-10,5 - Ávila,CIUDADANOS-PARTIDO DE LA CIUDADANÍA - Cs,6119,0,Ministerio del Interior / fichero oficial aportado por el usuario,PRIMARY_INTERIOR
2019N,2019-11-10,5 - Ávila,CIUTADANS-PARTIDO DE LA CIUDADANÍA - Cs,0,0,Ministerio del Interior / fichero oficial aportado por el usuario,PRIMARY_INTERIOR
2019N,2019-11-10,5 - Ávila,COALICIÓN CANARIA-NUEVA CANARIAS - CCa-PNC-NC,0,0,Ministerio del Interior / fichero oficial aportado por el usuario,PRIMARY_INTERIOR
2019N,2019-11-10,5 - Ávila,COALICIÓN POR MELILLA - CpM,0,0,Ministerio del Interior / fichero oficial aportado por el usuario,PRIMARY_INTERIOR
2019N,2019-11-10,5 - Ávila,CONTIGO SOMOS DEMOCRACIA - CONTIGO,0,0,Ministerio del Interior / fichero oficial aportado por el usuario,PRIMARY_INTERIOR
2019N,2019-11-10,5 - Ávila,CONVERGENCIA ANDALUZA - CAnda,0,0,Ministerio del Interior / fichero oficial aportado por el usuario,PRIMARY_INTERIOR
2019N,2019-11-10,5 - Ávila,CONVERXENCIA 21 - C 21,0,0,Ministerio del Interior / fichero oficial aportado por el usuario,PRIMARY_INTERIOR
2019N,2019-11-10,5 - Ávila,DEMOCRACIA PLURAL - DPL,0,0,Ministerio del Interior / fichero oficial aportado por el usuario,PRIMARY_INTERIOR
2019N,2019-11-10,5 - Ávila,ELKARREKIN PODEMOS-UNIDAS PODEMOS - PODEMOS-IU,0,0,Ministerio del Interior / fichero oficial aportado por el usuario,PRIMARY_INTERIOR
2019N,2019-11-10,5 - Ávila,EN COMÚ PODEM-GUANYEM EL CANVI - ECP-GUANYEM EL CANVI,0,0,Ministerio del Interior / fichero oficial aportado por el usuario,PRIMARY_INTERIOR
2019N,2019-11-10,5 - Ávila,EN COMÚN-UNIDAS PODEMOS - PODEMOS-EU,0,0,Ministerio del Interior / fichero oficial aportado por el usuario,PRIMARY_INTERIOR
2019N,2019-11-10,5 - Ávila,ESCANOS EN BRANCO - EB,0,0,Ministerio del Interior / fichero oficial aportado por el usuario,PRIMARY_INTERIOR
2019N,2019-11-10,5 - Ávila,ESCAÑOS EN BLANCO - EB,0,0,Ministerio del Interior / fichero oficial aportado por el usuario,PRIMARY_INTERIOR
2019N,2019-11-10,5 - Ávila,ESCAÑOS EN BLANCO-AULKI ZURIAK - EB,0,0,Ministerio del Interior / fichero oficial aportado por el usuario,PRIMARY_INTERIOR
2019N,2019-11-10,5 - Ávila,ESQUERRA REPUBLICANA DE CATALUNYA-SOBIRANISTES - ERC-SOBIRANISTES,0,0,Ministerio del Interior / fichero oficial aportado por el usuario,PRIMARY_INTERIOR
2019N,2019-11-10,5 - Ávila,ESQUERRA REPUBLICANA DEL PAÍS VALENCIÀ - ERPV,0,0,Ministerio del Interior / fichero oficial aportado por el usuario,PRIMARY_INTERIOR
2019N,2019-11-10,5 - Ávila,EUSKADIKO LANGILEEN ALDERDI KOMUNISTA/PARTIDO COMUNISTA DE LOS TRABAJADORES DE EUSKADI - ELAK/PCTE,0,0,Ministerio del Interior / fichero oficial aportado por el usuario,PRIMARY_INTERIOR
2019N,2019-11-10,5 - Ávila,EUSKAL HERRIA BILDU - EH Bildu,0,0,Ministerio del Interior / fichero oficial aportado por el usuario,PRIMARY_INTERIOR
2019N,2019-11-10,5 - Ávila,EUZKO ALDERDI JELTZALEA-PARTIDO NACIONALISTA VASCO - EAJ-PNV,0,0,Ministerio del Interior / fichero oficial aportado por el usuario,PRIMARY_INTERIOR
2019N,2019-11-10,5 - Ávila,EXTREMADURA UNIDA - EXTREMADURA UNIDA,0,0,Ministerio del Interior / fichero oficial aportado por el usuario,PRIMARY_INTERIOR
2019N,2019-11-10,5 - Ávila,FALANGE ESPAÑOLA DE LAS JONS - FE de las JONS,61,0,Ministerio del Interior / fichero oficial aportado por el usuario,PRIMARY_INTERIOR
2019N,2019-11-10,5 - Ávila,FEDERACIÓN DE LOS INDEPENDIENTES DE ARAGÓN - FIA,0,0,Ministerio del Interior / fichero oficial aportado por el usuario,PRIMARY_INTERIOR
2019N,2019-11-10,5 - Ávila,GEROA BAI - GBAI,0,0,Ministerio del Interior / fichero oficial aportado por el usuario,PRIMARY_INTERIOR
2019N,2019-11-10,5 - Ávila,INICIATIVA FEMINISTA - I.Fem,0,0,Ministerio del Interior / fichero oficial aportado por el usuario,PRIMARY_INTERIOR
2019N,2019-11-10,5 - Ávila,IZQUIERDA ANTICAPITALISTA REVOLUCIONARIA - IZAR,0,0,Ministerio del Interior / fichero oficial aportado por el usuario,PRIMARY_INTERIOR
2019N,2019-11-10,5 - Ávila,IZQUIERDA EN POSITIVO - IZQP,0,0,Ministerio del Interior / fichero oficial aportado por el usuario,PRIMARY_INTERIOR
2019N,2019-11-10,5 - Ávila,JUNTS PER CATALUNYA-JUNTS - JxCAT-JUNTS,0,0,Ministerio del Interior / fichero oficial aportado por el usuario,PRIMARY_INTERIOR
2019N,2019-11-10,5 - Ávila,LOS VERDES - LOS VERDES,0,0,Ministerio del Interior / fichero oficial aportado por el usuario,PRIMARY_INTERIOR
2019N,2019-11-10,5 - Ávila,LOS VERDES - VERDES,0,0,Ministerio del Interior / fichero oficial aportado por el usuario,PRIMARY_INTERIOR
2019N,2019-11-10,5 - Ávila,LOS VERDES ECOPACIFISTAS ADELANTE - AVANT ADELANTE LOS VERDES,0,0,Ministerio del Interior / fichero oficial aportado por el usuario,PRIMARY_INTERIOR
2019N,2019-11-10,5 - Ávila,MOVIMIENTO ARAGONES SOCIAL - MAS,0,0,Ministerio del Interior / fichero oficial aportado por el usuario,PRIMARY_INTERIOR
2019N,2019-11-10,5 - Ávila,MOVIMIENTO POR LA DIGNIDAD Y LA CIUDADANÍA DE CEUTA - MDyC,0,0,Ministerio del Interior / fichero oficial aportado por el usuario,PRIMARY_INTERIOR
2019N,2019-11-10,5 - Ávila,MÁS PAÍS - M PAÍS,0,0,Ministerio del Interior / fichero oficial aportado por el usuario,PRIMARY_INTERIOR
2019N,2019-11-10,5 - Ávila,MÁS PAÍS - MÁS PAÍS,0,0,Ministerio del Interior / fichero oficial aportado por el usuario,PRIMARY_INTERIOR
2019N,2019-11-10,5 - Ávila,MÁS PAÍS-ANDALUCÍA - MÁS PAÍS-ANDALUCÍA,0,0,Ministerio del Interior / fichero oficial aportado por el usuario,PRIMARY_INTERIOR
2019N,2019-11-10,5 - Ávila,MÁS PAÍS-CANDIDATURA ECOLOGISTA - MÁS PAÍS-CANDIDATURA ECOLOGISTA,0,0,Ministerio del Interior / fichero oficial aportado por el usuario,PRIMARY_INTERIOR
2019N,2019-11-10,5 - Ávila,MÁS PAÍS-CHUNTA ARAGONESISTA-EQUO - M PAÍS-CHA-EQUO,0,0,Ministerio del Interior / fichero oficial aportado por el usuario,PRIMARY_INTERIOR
2019N,2019-11-10,5 - Ávila,MÁS PAÍS-EQUO - MÁS PAÍS-EQUO,0,0,Ministerio del Interior / fichero oficial aportado por el usuario,PRIMARY_INTERIOR
2019N,2019-11-10,5 - Ávila,MÉS COMPROMÍS - MÉS COMPROMÍS,0,0,Ministerio del Interior / fichero oficial aportado por el usuario,PRIMARY_INTERIOR
2019N,2019-11-10,5 - Ávila,MÉS ESQUERRA - MÉS-ESQUERRA,0,0,Ministerio del Interior / fichero oficial aportado por el usuario,PRIMARY_INTERIOR
2019N,2019-11-10,5 - Ávila,NAVARRA SUMA - NA+,0,0,Ministerio del Interior / fichero oficial aportado por el usuario,PRIMARY_INTERIOR
2019N,2019-11-10,5 - Ávila,NUEVA CANARIAS-COALICIÓN CANARIA - NC-CCa-PNC,0,0,Ministerio del Interior / fichero oficial aportado por el usuario,PRIMARY_INTERIOR
2019N,2019-11-10,5 - Ávila,PARTIDO ANIMALISTA CONTRA EL MALTRATO ANIMAL - PACMA,432,0,Ministerio del Interior / fichero oficial aportado por el usuario,PRIMARY_INTERIOR
2019N,2019-11-10,5 - Ávila,PARTIDO COMUNISTA DE LOS PUEBLOS DE ESPAÑA - PCPE,0,0,Ministerio del Interior / fichero oficial aportado por el usuario,PRIMARY_INTERIOR
2019N,2019-11-10,5 - Ávila,PARTIDO COMUNISTA DE LOS TRABAJADORES DE ESPAÑA - PCTE,101,0,Ministerio del Interior / fichero oficial aportado por el usuario,PRIMARY_INTERIOR
2019N,2019-11-10,5 - Ávila,PARTIDO COMUNISTA DE LOS TRABAJADORES DE ESPAÑA/ESPANIAKO LANGILEEN ALDERDI KOMUNISTA - PCTE/ELAK,0,0,Ministerio del Interior / fichero oficial aportado por el usuario,PRIMARY_INTERIOR
2019N,2019-11-10,5 - Ávila,PARTIDO COMUNISTA DE LOS TRABAJADORES DE EUSKADI/EUSKADIKO LANGILEEN ALDERDI KOMUNISTA - PCTE/ELAK,0,0,Ministerio del Interior / fichero oficial aportado por el usuario,PRIMARY_INTERIOR
2019N,2019-11-10,5 - Ávila,PARTIDO COMUNISTA DEL PUEBLO ANDALUZ - PCPA,0,0,Ministerio del Interior / fichero oficial aportado por el usuario,PRIMARY_INTERIOR
2019N,2019-11-10,5 - Ávila,PARTIDO COMUNISTA DEL PUEBLO CANARIO - PCPC,0,0,Ministerio del Interior / fichero oficial aportado por el usuario,PRIMARY_INTERIOR
2019N,2019-11-10,5 - Ávila,PARTIDO COMUNISTA DOS TRABALLADORES DE GALIZA - PCTG,0,0,Ministerio del Interior / fichero oficial aportado por el usuario,PRIMARY_INTERIOR
2019N,2019-11-10,5 - Ávila,PARTIDO COMUNISTA OBRERO ESPAÑOL - PCOE,0,0,Ministerio del Interior / fichero oficial aportado por el usuario,PRIMARY_INTERIOR
2019N,2019-11-10,5 - Ávila,PARTIDO DE ACCIÓN SOLIDARIA EUROPEA - SOLIDARIA,0,0,Ministerio del Interior / fichero oficial aportado por el usuario,PRIMARY_INTERIOR
2019N,2019-11-10,5 - Ávila,PARTIDO DEMÓCRATA SOCIAL JUBILADOS EUROPEOS - PDSJE,0,0,Ministerio del Interior / fichero oficial aportado por el usuario,PRIMARY_INTERIOR
2019N,2019-11-10,5 - Ávila,PARTIDO DOS SOCIALISTAS DE GALICIA-PSOE - PSOE,0,0,Ministerio del Interior / fichero oficial aportado por el usuario,PRIMARY_INTERIOR
2019N,2019-11-10,5 - Ávila,PARTIDO DOS SOCIALISTAS DE GALICIA-PSOE - PSdeG-PSOE,0,0,Ministerio del Interior / fichero oficial aportado por el usuario,PRIMARY_INTERIOR
2019N,2019-11-10,5 - Ávila,PARTIDO HUMANISTA - PH,0,0,Ministerio del Interior / fichero oficial aportado por el usuario,PRIMARY_INTERIOR
2019N,2019-11-10,5 - Ávila,PARTIDO LIBERTARIO - P-LIB,32,0,Ministerio del Interior / fichero oficial aportado por el usuario,PRIMARY_INTERIOR
2019N,2019-11-10,5 - Ávila,PARTIDO POPULAR - PP,32527,1,Ministerio del Interior / fichero oficial aportado por el usuario,PRIMARY_INTERIOR
2019N,2019-11-10,5 - Ávila,PARTIDO POPULAR / PARTIT POPULAR - PP,0,0,Ministerio del Interior / fichero oficial aportado por el usuario,PRIMARY_INTERIOR
2019N,2019-11-10,5 - Ávila,PARTIDO POPULAR-FORO - PP-FORO,0,0,Ministerio del Interior / fichero oficial aportado por el usuario,PRIMARY_INTERIOR
2019N,2019-11-10,5 - Ávila,PARTIDO REGIONALISTA DE CANTABRIA - PRC,0,0,Ministerio del Interior / fichero oficial aportado por el usuario,PRIMARY_INTERIOR
2019N,2019-11-10,5 - Ávila,PARTIDO REGIONALISTA DEL PAÍS LEONÉS - PREPAL,0,0,Ministerio del Interior / fichero oficial aportado por el usuario,PRIMARY_INTERIOR
2019N,2019-11-10,5 - Ávila,PARTIDO REPUBLICANO INDEPENDIENTE SOLIDARIO ANDALUZ - RISA,0,0,Ministerio del Interior / fichero oficial aportado por el usuario,PRIMARY_INTERIOR
2019N,2019-11-10,5 - Ávila,PARTIDO SOCIALISTA DE EUSKADI-EUSKADIKO EZKERRA (PSOE) - PSE-EE (PSOE),0,0,Ministerio del Interior / fichero oficial aportado por el usuario,PRIMARY_INTERIOR
2019N,2019-11-10,5 - Ávila,PARTIDO SOCIALISTA OBRERO ESPAÑOL - PSOE,24474,1,Ministerio del Interior / fichero oficial aportado por el usuario,PRIMARY_INTERIOR
2019N,2019-11-10,5 - Ávila,PARTIT ANIMALISTA CONTRA EL MALTRACTAMENT ANIMAL - PACMA,0,0,Ministerio del Interior / fichero oficial aportado por el usuario,PRIMARY_INTERIOR
2019N,2019-11-10,5 - Ávila,PARTIT COMUNISTA DEL POBLE DE CATALUNYA - PCPC,0,0,Ministerio del Interior / fichero oficial aportado por el usuario,PRIMARY_INTERIOR
2019N,2019-11-10,5 - Ávila,PARTIT COMUNISTA DELS POBLES D'ESPANYA - PCPE,0,0,Ministerio del Interior / fichero oficial aportado por el usuario,PRIMARY_INTERIOR
2019N,2019-11-10,5 - Ávila,PARTIT COMUNISTA DELS TREBALLADORS DE CATALUNYA - PCTC,0,0,Ministerio del Interior / fichero oficial aportado por el usuario,PRIMARY_INTERIOR
2019N,2019-11-10,5 - Ávila,PARTIT DELS SOCIALISTES DE CATALUNYA - PSC-PSOE,0,0,Ministerio del Interior / fichero oficial aportado por el usuario,PRIMARY_INTERIOR
2019N,2019-11-10,5 - Ávila,PARTIT POPULAR/PARTIDO POPULAR - PP,0,0,Ministerio del Interior / fichero oficial aportado por el usuario,PRIMARY_INTERIOR
2019N,2019-11-10,5 - Ávila,PER UN MÓN MÉS JUST - PUM+J,0,0,Ministerio del Interior / fichero oficial aportado por el usuario,PRIMARY_INTERIOR
2019N,2019-11-10,5 - Ávila,PLATAFORMA DEL PUEBLO SORIANO - PPSO,0,0,Ministerio del Interior / fichero oficial aportado por el usuario,PRIMARY_INTERIOR
2019N,2019-11-10,5 - Ávila,POR UN MUNDO MÁIS XUSTO/POR UN MUNDO MÁS JUSTO - PUM+J,0,0,Ministerio del Interior / fichero oficial aportado por el usuario,PRIMARY_INTERIOR
2019N,2019-11-10,5 - Ávila,POR UN MUNDO MÁS JUSTO - PUM+J,102,0,Ministerio del Interior / fichero oficial aportado por el usuario,PRIMARY_INTERIOR
2019N,2019-11-10,5 - Ávila,POR UN MUNDO MÁS JUSTO/BIDEZKO MUNDURANTZ - PUM+J,0,0,Ministerio del Interior / fichero oficial aportado por el usuario,PRIMARY_INTERIOR
2019N,2019-11-10,5 - Ávila,POR ÁVILA - XAV,5416,0,Ministerio del Interior / fichero oficial aportado por el usuario,PRIMARY_INTERIOR
2019N,2019-11-10,5 - Ávila,PUYALON - PYLN,0,0,Ministerio del Interior / fichero oficial aportado por el usuario,PRIMARY_INTERIOR
2019N,2019-11-10,5 - Ávila,RECORTES CERO-GRUPO VERDE - RECORTES CERO-GV,0,0,Ministerio del Interior / fichero oficial aportado por el usuario,PRIMARY_INTERIOR
2019N,2019-11-10,5 - Ávila,RECORTES CERO-GRUPO VERDE-PARTIDO CASTELLANO-TIERRA COMUNERA - RECORTES CERO-GV-PCAS-TC,105,0,Ministerio del Interior / fichero oficial aportado por el usuario,PRIMARY_INTERIOR
2019N,2019-11-10,5 - Ávila,SOM VALENCIANS EN MOVIMENT - UIG-SOM-CUIDES,0,0,Ministerio del Interior / fichero oficial aportado por el usuario,PRIMARY_INTERIOR
2019N,2019-11-10,5 - Ávila,SOMOS REGIÓN - SOMOS REGIÓN,0,0,Ministerio del Interior / fichero oficial aportado por el usuario,PRIMARY_INTERIOR
2019N,2019-11-10,5 - Ávila,UNIDAS PODEMOS - PODEMOS-IU,6059,0,Ministerio del Interior / fichero oficial aportado por el usuario,PRIMARY_INTERIOR
2019N,2019-11-10,5 - Ávila,UNIDAS PODEMOS - PODEMOS-IU LV CA,0,0,Ministerio del Interior / fichero oficial aportado por el usuario,PRIMARY_INTERIOR
2019N,2019-11-10,5 - Ávila,UNIDAS PODEMOS - PODEMOS-IU-BATZARRE,0,0,Ministerio del Interior / fichero oficial aportado por el usuario,PRIMARY_INTERIOR
2019N,2019-11-10,5 - Ávila,UNIDAS PODEMOS-ALTOARAGÓN EN COMÚN - PODEMOS-IU-Alto Aragón en Común,0,0,Ministerio del Interior / fichero oficial aportado por el usuario,PRIMARY_INTERIOR
2019N,2019-11-10,5 - Ávila,UNIDAS PODEMOS-UNIDES PODEM - PODEMOS-EUIB,0,0,Ministerio del Interior / fichero oficial aportado por el usuario,PRIMARY_INTERIOR
2019N,2019-11-10,5 - Ávila,UNIDAS PODEMOS-UNIDES PODEM - PODEMOS-EUPV,0,0,Ministerio del Interior / fichero oficial aportado por el usuario,PRIMARY_INTERIOR
2019N,2019-11-10,5 - Ávila,UNIDAS PODEMOS-XUNÍES PODEMOS - PODEMOS-IX,0,0,Ministerio del Interior / fichero oficial aportado por el usuario,PRIMARY_INTERIOR
2019N,2019-11-10,5 - Ávila,UNIDOS Actuando por la Democracia - UNIDOS SÍ-ACPS-DEf,0,0,Ministerio del Interior / fichero oficial aportado por el usuario,PRIMARY_INTERIOR
2019N,2019-11-10,5 - Ávila,UNIÓN DE TODOS - UDT,0,0,Ministerio del Interior / fichero oficial aportado por el usuario,PRIMARY_INTERIOR
2019N,2019-11-10,5 - Ávila,UNIÓN DEL PUEBLO LEONÉS - UPL,0,0,Ministerio del Interior / fichero oficial aportado por el usuario,PRIMARY_INTERIOR
2019N,2019-11-10,5 - Ávila,UNIÓN REGIONALISTA DE CASTILLA Y LEÓN - UNIÓN REGIONALISTA,0,0,Ministerio del Interior / fichero oficial aportado por el usuario,PRIMARY_INTERIOR
2019N,2019-11-10,5 - Ávila,VOX - VOX,17313,1,Ministerio del Interior / fichero oficial aportado por el usuario,PRIMARY_INTERIOR
2019N,2019-11-10,50 - Zaragoza,"AGRUPACIÓN DE ELECTORES ""TERUEL EXISTE"" - ¡TERUEL EXISTE!",0,0,Ministerio del Interior / fichero oficial aportado por el usuario,PRIMARY_INTERIOR
2019N,2019-11-10,50 - Zaragoza,AHORA CANARIAS: Alternativa Nacionalista Canaria (ANC) y Unidad del Pueblo - AHORA CANARIAS,0,0,Ministerio del Interior / fichero oficial aportado por el usuario,PRIMARY_INTERIOR
2019N,2019-11-10,50 - Zaragoza,ANDALUCÍA POR SÍ - AxSÍ,0,0,Ministerio del Interior / fichero oficial aportado por el usuario,PRIMARY_INTERIOR
2019N,2019-11-10,50 - Zaragoza,ANDECHA ASTUR - ANDECHA,0,0,Ministerio del Interior / fichero oficial aportado por el usuario,PRIMARY_INTERIOR
2019N,2019-11-10,50 - Zaragoza,AUNA COMUNITAT VALENCIANA - AUNACV,0,0,Ministerio del Interior / fichero oficial aportado por el usuario,PRIMARY_INTERIOR
2019N,2019-11-10,50 - Zaragoza,AVANT ADELANTE LOS VERDES - AVANT ADELANTE LOS VERDES,0,0,Ministerio del Interior / fichero oficial aportado por el usuario,PRIMARY_INTERIOR
2019N,2019-11-10,50 - Zaragoza,AVANT ADELANTE LOS VERDES - AVANT LOS VERDES,0,0,Ministerio del Interior / fichero oficial aportado por el usuario,PRIMARY_INTERIOR
2019N,2019-11-10,50 - Zaragoza,BIDEZKO MUNDURANTZ-POR UN MUNDO MÁS JUSTO - PUM+J,0,0,Ministerio del Interior / fichero oficial aportado por el usuario,PRIMARY_INTERIOR
2019N,2019-11-10,50 - Zaragoza,BLOQUE NACIONALISTA GALEGO - BNG,0,0,Ministerio del Interior / fichero oficial aportado por el usuario,PRIMARY_INTERIOR
2019N,2019-11-10,50 - Zaragoza,CANDIDATURA D'UNITAT POPULAR-PER LA RUPTURA - CUP-PR,0,0,Ministerio del Interior / fichero oficial aportado por el usuario,PRIMARY_INTERIOR
2019N,2019-11-10,50 - Zaragoza,CENTRADOS - centrados,0,0,Ministerio del Interior / fichero oficial aportado por el usuario,PRIMARY_INTERIOR
2019N,2019-11-10,50 - Zaragoza,CHUNTA ARAGONESISTA - CHA,0,0,Ministerio del Interior / fichero oficial aportado por el usuario,PRIMARY_INTERIOR
2019N,2019-11-10,50 - Zaragoza,CIUDADANOS-PARTIDO DE LA CIUDADANÍA - Cs,47001,0,Ministerio del Interior / fichero oficial aportado por el usuario,PRIMARY_INTERIOR
2019N,2019-11-10,50 - Zaragoza,CIUTADANS-PARTIDO DE LA CIUDADANÍA - Cs,0,0,Ministerio del Interior / fichero oficial aportado por el usuario,PRIMARY_INTERIOR
2019N,2019-11-10,50 - Zaragoza,COALICIÓN CANARIA-NUEVA CANARIAS - CCa-PNC-NC,0,0,Ministerio del Interior / fichero oficial aportado por el usuario,PRIMARY_INTERIOR
2019N,2019-11-10,50 - Zaragoza,COALICIÓN POR MELILLA - CpM,0,0,Ministerio del Interior / fichero oficial aportado por el usuario,PRIMARY_INTERIOR
2019N,2019-11-10,50 - Zaragoza,CONTIGO SOMOS DEMOCRACIA - CONTIGO,0,0,Ministerio del Interior / fichero oficial aportado por el usuario,PRIMARY_INTERIOR
2019N,2019-11-10,50 - Zaragoza,CONVERGENCIA ANDALUZA - CAnda,0,0,Ministerio del Interior / fichero oficial aportado por el usuario,PRIMARY_INTERIOR
2019N,2019-11-10,50 - Zaragoza,CONVERXENCIA 21 - C 21,0,0,Ministerio del Interior / fichero oficial aportado por el usuario,PRIMARY_INTERIOR
2019N,2019-11-10,50 - Zaragoza,DEMOCRACIA PLURAL - DPL,0,0,Ministerio del Interior / fichero oficial aportado por el usuario,PRIMARY_INTERIOR
2019N,2019-11-10,50 - Zaragoza,ELKARREKIN PODEMOS-UNIDAS PODEMOS - PODEMOS-IU,0,0,Ministerio del Interior / fichero oficial aportado por el usuario,PRIMARY_INTERIOR
2019N,2019-11-10,50 - Zaragoza,EN COMÚ PODEM-GUANYEM EL CANVI - ECP-GUANYEM EL CANVI,0,0,Ministerio del Interior / fichero oficial aportado por el usuario,PRIMARY_INTERIOR
2019N,2019-11-10,50 - Zaragoza,EN COMÚN-UNIDAS PODEMOS - PODEMOS-EU,0,0,Ministerio del Interior / fichero oficial aportado por el usuario,PRIMARY_INTERIOR
2019N,2019-11-10,50 - Zaragoza,ESCANOS EN BRANCO - EB,0,0,Ministerio del Interior / fichero oficial aportado por el usuario,PRIMARY_INTERIOR
2019N,2019-11-10,50 - Zaragoza,ESCAÑOS EN BLANCO - EB,1940,0,Ministerio del Interior / fichero oficial aportado por el usuario,PRIMARY_INTERIOR
2019N,2019-11-10,50 - Zaragoza,ESCAÑOS EN BLANCO-AULKI ZURIAK - EB,0,0,Ministerio del Interior / fichero oficial aportado por el usuario,PRIMARY_INTERIOR
2019N,2019-11-10,50 - Zaragoza,ESQUERRA REPUBLICANA DE CATALUNYA-SOBIRANISTES - ERC-SOBIRANISTES,0,0,Ministerio del Interior / fichero oficial aportado por el usuario,PRIMARY_INTERIOR
2019N,2019-11-10,50 - Zaragoza,ESQUERRA REPUBLICANA DEL PAÍS VALENCIÀ - ERPV,0,0,Ministerio del Interior / fichero oficial aportado por el usuario,PRIMARY_INTERIOR
2019N,2019-11-10,50 - Zaragoza,EUSKADIKO LANGILEEN ALDERDI KOMUNISTA/PARTIDO COMUNISTA DE LOS TRABAJADORES DE EUSKADI - ELAK/PCTE,0,0,Ministerio del Interior / fichero oficial aportado por el usuario,PRIMARY_INTERIOR
2019N,2019-11-10,50 - Zaragoza,EUSKAL HERRIA BILDU - EH Bildu,0,0,Ministerio del Interior / fichero oficial aportado por el usuario,PRIMARY_INTERIOR
2019N,2019-11-10,50 - Zaragoza,EUZKO ALDERDI JELTZALEA-PARTIDO NACIONALISTA VASCO - EAJ-PNV,0,0,Ministerio del Interior / fichero oficial aportado por el usuario,PRIMARY_INTERIOR
2019N,2019-11-10,50 - Zaragoza,EXTREMADURA UNIDA - EXTREMADURA UNIDA,0,0,Ministerio del Interior / fichero oficial aportado por el usuario,PRIMARY_INTERIOR
2019N,2019-11-10,50 - Zaragoza,FALANGE ESPAÑOLA DE LAS JONS - FE de las JONS,0,0,Ministerio del Interior / fichero oficial aportado por el usuario,PRIMARY_INTERIOR
2019N,2019-11-10,50 - Zaragoza,FEDERACIÓN DE LOS INDEPENDIENTES DE ARAGÓN - FIA,386,0,Ministerio del Interior / fichero oficial aportado por el usuario,PRIMARY_INTERIOR
2019N,2019-11-10,50 - Zaragoza,GEROA BAI - GBAI,0,0,Ministerio del Interior / fichero oficial aportado por el usuario,PRIMARY_INTERIOR
2019N,2019-11-10,50 - Zaragoza,INICIATIVA FEMINISTA - I.Fem,0,0,Ministerio del Interior / fichero oficial aportado por el usuario,PRIMARY_INTERIOR
2019N,2019-11-10,50 - Zaragoza,IZQUIERDA ANTICAPITALISTA REVOLUCIONARIA - IZAR,0,0,Ministerio del Interior / fichero oficial aportado por el usuario,PRIMARY_INTERIOR
2019N,2019-11-10,50 - Zaragoza,IZQUIERDA EN POSITIVO - IZQP,0,0,Ministerio del Interior / fichero oficial aportado por el usuario,PRIMARY_INTERIOR
2019N,2019-11-10,50 - Zaragoza,JUNTS PER CATALUNYA-JUNTS - JxCAT-JUNTS,0,0,Ministerio del Interior / fichero oficial aportado por el usuario,PRIMARY_INTERIOR
2019N,2019-11-10,50 - Zaragoza,LOS VERDES - LOS VERDES,0,0,Ministerio del Interior / fichero oficial aportado por el usuario,PRIMARY_INTERIOR
2019N,2019-11-10,50 - Zaragoza,LOS VERDES - VERDES,0,0,Ministerio del Interior / fichero oficial aportado por el usuario,PRIMARY_INTERIOR
2019N,2019-11-10,50 - Zaragoza,LOS VERDES ECOPACIFISTAS ADELANTE - AVANT ADELANTE LOS VERDES,0,0,Ministerio del Interior / fichero oficial aportado por el usuario,PRIMARY_INTERIOR
2019N,2019-11-10,50 - Zaragoza,MOVIMIENTO ARAGONES SOCIAL - MAS,1068,0,Ministerio del Interior / fichero oficial aportado por el usuario,PRIMARY_INTERIOR
2019N,2019-11-10,50 - Zaragoza,MOVIMIENTO POR LA DIGNIDAD Y LA CIUDADANÍA DE CEUTA - MDyC,0,0,Ministerio del Interior / fichero oficial aportado por el usuario,PRIMARY_INTERIOR
2019N,2019-11-10,50 - Zaragoza,MÁS PAÍS - M PAÍS,0,0,Ministerio del Interior / fichero oficial aportado por el usuario,PRIMARY_INTERIOR
2019N,2019-11-10,50 - Zaragoza,MÁS PAÍS - MÁS PAÍS,0,0,Ministerio del Interior / fichero oficial aportado por el usuario,PRIMARY_INTERIOR
2019N,2019-11-10,50 - Zaragoza,MÁS PAÍS-ANDALUCÍA - MÁS PAÍS-ANDALUCÍA,0,0,Ministerio del Interior / fichero oficial aportado por el usuario,PRIMARY_INTERIOR
2019N,2019-11-10,50 - Zaragoza,MÁS PAÍS-CANDIDATURA ECOLOGISTA - MÁS PAÍS-CANDIDATURA ECOLOGISTA,0,0,Ministerio del Interior / fichero oficial aportado por el usuario,PRIMARY_INTERIOR
2019N,2019-11-10,50 - Zaragoza,MÁS PAÍS-CHUNTA ARAGONESISTA-EQUO - M PAÍS-CHA-EQUO,23196,0,Ministerio del Interior / fichero oficial aportado por el usuario,PRIMARY_INTERIOR
2019N,2019-11-10,50 - Zaragoza,MÁS PAÍS-EQUO - MÁS PAÍS-EQUO,0,0,Ministerio del Interior / fichero oficial aportado por el usuario,PRIMARY_INTERIOR
2019N,2019-11-10,50 - Zaragoza,MÉS COMPROMÍS - MÉS COMPROMÍS,0,0,Ministerio del Interior / fichero oficial aportado por el usuario,PRIMARY_INTERIOR
2019N,2019-11-10,50 - Zaragoza,MÉS ESQUERRA - MÉS-ESQUERRA,0,0,Ministerio del Interior / fichero oficial aportado por el usuario,PRIMARY_INTERIOR
2019N,2019-11-10,50 - Zaragoza,NAVARRA SUMA - NA+,0,0,Ministerio del Interior / fichero oficial aportado por el usuario,PRIMARY_INTERIOR
2019N,2019-11-10,50 - Zaragoza,NUEVA CANARIAS-COALICIÓN CANARIA - NC-CCa-PNC,0,0,Ministerio del Interior / fichero oficial aportado por el usuario,PRIMARY_INTERIOR
2019N,2019-11-10,50 - Zaragoza,PARTIDO ANIMALISTA CONTRA EL MALTRATO ANIMAL - PACMA,3618,0,Ministerio del Interior / fichero oficial aportado por el usuario,PRIMARY_INTERIOR
2019N,2019-11-10,50 - Zaragoza,PARTIDO COMUNISTA DE LOS PUEBLOS DE ESPAÑA - PCPE,331,0,Ministerio del Interior / fichero oficial aportado por el usuario,PRIMARY_INTERIOR
2019N,2019-11-10,50 - Zaragoza,PARTIDO COMUNISTA DE LOS TRABAJADORES DE ESPAÑA - PCTE,414,0,Ministerio del Interior / fichero oficial aportado por el usuario,PRIMARY_INTERIOR
2019N,2019-11-10,50 - Zaragoza,PARTIDO COMUNISTA DE LOS TRABAJADORES DE ESPAÑA/ESPANIAKO LANGILEEN ALDERDI KOMUNISTA - PCTE/ELAK,0,0,Ministerio del Interior / fichero oficial aportado por el usuario,PRIMARY_INTERIOR
2019N,2019-11-10,50 - Zaragoza,PARTIDO COMUNISTA DE LOS TRABAJADORES DE EUSKADI/EUSKADIKO LANGILEEN ALDERDI KOMUNISTA - PCTE/ELAK,0,0,Ministerio del Interior / fichero oficial aportado por el usuario,PRIMARY_INTERIOR
2019N,2019-11-10,50 - Zaragoza,PARTIDO COMUNISTA DEL PUEBLO ANDALUZ - PCPA,0,0,Ministerio del Interior / fichero oficial aportado por el usuario,PRIMARY_INTERIOR
2019N,2019-11-10,50 - Zaragoza,PARTIDO COMUNISTA DEL PUEBLO CANARIO - PCPC,0,0,Ministerio del Interior / fichero oficial aportado por el usuario,PRIMARY_INTERIOR
2019N,2019-11-10,50 - Zaragoza,PARTIDO COMUNISTA DOS TRABALLADORES DE GALIZA - PCTG,0,0,Ministerio del Interior / fichero oficial aportado por el usuario,PRIMARY_INTERIOR
2019N,2019-11-10,50 - Zaragoza,PARTIDO COMUNISTA OBRERO ESPAÑOL - PCOE,0,0,Ministerio del Interior / fichero oficial aportado por el usuario,PRIMARY_INTERIOR
2019N,2019-11-10,50 - Zaragoza,PARTIDO DE ACCIÓN SOLIDARIA EUROPEA - SOLIDARIA,0,0,Ministerio del Interior / fichero oficial aportado por el usuario,PRIMARY_INTERIOR
2019N,2019-11-10,50 - Zaragoza,PARTIDO DEMÓCRATA SOCIAL JUBILADOS EUROPEOS - PDSJE,0,0,Ministerio del Interior / fichero oficial aportado por el usuario,PRIMARY_INTERIOR
2019N,2019-11-10,50 - Zaragoza,PARTIDO DOS SOCIALISTAS DE GALICIA-PSOE - PSOE,0,0,Ministerio del Interior / fichero oficial aportado por el usuario,PRIMARY_INTERIOR
2019N,2019-11-10,50 - Zaragoza,PARTIDO DOS SOCIALISTAS DE GALICIA-PSOE - PSdeG-PSOE,0,0,Ministerio del Interior / fichero oficial aportado por el usuario,PRIMARY_INTERIOR
2019N,2019-11-10,50 - Zaragoza,PARTIDO HUMANISTA - PH,0,0,Ministerio del Interior / fichero oficial aportado por el usuario,PRIMARY_INTERIOR
2019N,2019-11-10,50 - Zaragoza,PARTIDO LIBERTARIO - P-LIB,0,0,Ministerio del Interior / fichero oficial aportado por el usuario,PRIMARY_INTERIOR
2019N,2019-11-10,50 - Zaragoza,PARTIDO POPULAR - PP,119909,2,Ministerio del Interior / fichero oficial aportado por el usuario,PRIMARY_INTERIOR
2019N,2019-11-10,50 - Zaragoza,PARTIDO POPULAR / PARTIT POPULAR - PP,0,0,Ministerio del Interior / fichero oficial aportado por el usuario,PRIMARY_INTERIOR
2019N,2019-11-10,50 - Zaragoza,PARTIDO POPULAR-FORO - PP-FORO,0,0,Ministerio del Interior / fichero oficial aportado por el usuario,PRIMARY_INTERIOR
2019N,2019-11-10,50 - Zaragoza,PARTIDO REGIONALISTA DE CANTABRIA - PRC,0,0,Ministerio del Interior / fichero oficial aportado por el usuario,PRIMARY_INTERIOR
2019N,2019-11-10,50 - Zaragoza,PARTIDO REGIONALISTA DEL PAÍS LEONÉS - PREPAL,0,0,Ministerio del Interior / fichero oficial aportado por el usuario,PRIMARY_INTERIOR
2019N,2019-11-10,50 - Zaragoza,PARTIDO REPUBLICANO INDEPENDIENTE SOLIDARIO ANDALUZ - RISA,0,0,Ministerio del Interior / fichero oficial aportado por el usuario,PRIMARY_INTERIOR
2019N,2019-11-10,50 - Zaragoza,PARTIDO SOCIALISTA DE EUSKADI-EUSKADIKO EZKERRA (PSOE) - PSE-EE (PSOE),0,0,Ministerio del Interior / fichero oficial aportado por el usuario,PRIMARY_INTERIOR
2019N,2019-11-10,50 - Zaragoza,PARTIDO SOCIALISTA OBRERO ESPAÑOL - PSOE,158326,3,Ministerio del Interior / fichero oficial aportado por el usuario,PRIMARY_INTERIOR
2019N,2019-11-10,50 - Zaragoza,PARTIT ANIMALISTA CONTRA EL MALTRACTAMENT ANIMAL - PACMA,0,0,Ministerio del Interior / fichero oficial aportado por el usuario,PRIMARY_INTERIOR
2019N,2019-11-10,50 - Zaragoza,PARTIT COMUNISTA DEL POBLE DE CATALUNYA - PCPC,0,0,Ministerio del Interior / fichero oficial aportado por el usuario,PRIMARY_INTERIOR
2019N,2019-11-10,50 - Zaragoza,PARTIT COMUNISTA DELS POBLES D'ESPANYA - PCPE,0,0,Ministerio del Interior / fichero oficial aportado por el usuario,PRIMARY_INTERIOR
2019N,2019-11-10,50 - Zaragoza,PARTIT COMUNISTA DELS TREBALLADORS DE CATALUNYA - PCTC,0,0,Ministerio del Interior / fichero oficial aportado por el usuario,PRIMARY_INTERIOR
2019N,2019-11-10,50 - Zaragoza,PARTIT DELS SOCIALISTES DE CATALUNYA - PSC-PSOE,0,0,Ministerio del Interior / fichero oficial aportado por el usuario,PRIMARY_INTERIOR
2019N,2019-11-10,50 - Zaragoza,PARTIT POPULAR/PARTIDO POPULAR - PP,0,0,Ministerio del Interior / fichero oficial aportado por el usuario,PRIMARY_INTERIOR
2019N,2019-11-10,50 - Zaragoza,PER UN MÓN MÉS JUST - PUM+J,0,0,Ministerio del Interior / fichero oficial aportado por el usuario,PRIMARY_INTERIOR
2019N,2019-11-10,50 - Zaragoza,PLATAFORMA DEL PUEBLO SORIANO - PPSO,0,0,Ministerio del Interior / fichero oficial aportado por el usuario,PRIMARY_INTERIOR
2019N,2019-11-10,50 - Zaragoza,POR UN MUNDO MÁIS XUSTO/POR UN MUNDO MÁS JUSTO - PUM+J,0,0,Ministerio del Interior / fichero oficial aportado por el usuario,PRIMARY_INTERIOR
2019N,2019-11-10,50 - Zaragoza,POR UN MUNDO MÁS JUSTO - PUM+J,485,0,Ministerio del Interior / fichero oficial aportado por el usuario,PRIMARY_INTERIOR
2019N,2019-11-10,50 - Zaragoza,POR UN MUNDO MÁS JUSTO/BIDEZKO MUNDURANTZ - PUM+J,0,0,Ministerio del Interior / fichero oficial aportado por el usuario,PRIMARY_INTERIOR
2019N,2019-11-10,50 - Zaragoza,POR ÁVILA - XAV,0,0,Ministerio del Interior / fichero oficial aportado por el usuario,PRIMARY_INTERIOR
2019N,2019-11-10,50 - Zaragoza,PUYALON - PYLN,532,0,Ministerio del Interior / fichero oficial aportado por el usuario,PRIMARY_INTERIOR
2019N,2019-11-10,50 - Zaragoza,RECORTES CERO-GRUPO VERDE - RECORTES CERO-GV,861,0,Ministerio del Interior / fichero oficial aportado por el usuario,PRIMARY_INTERIOR
2019N,2019-11-10,50 - Zaragoza,RECORTES CERO-GRUPO VERDE-PARTIDO CASTELLANO-TIERRA COMUNERA - RECORTES CERO-GV-PCAS-TC,0,0,Ministerio del Interior / fichero oficial aportado por el usuario,PRIMARY_INTERIOR
2019N,2019-11-10,50 - Zaragoza,SOM VALENCIANS EN MOVIMENT - UIG-SOM-CUIDES,0,0,Ministerio del Interior / fichero oficial aportado por el usuario,PRIMARY_INTERIOR
2019N,2019-11-10,50 - Zaragoza,SOMOS REGIÓN - SOMOS REGIÓN,0,0,Ministerio del Interior / fichero oficial aportado por el usuario,PRIMARY_INTERIOR
2019N,2019-11-10,50 - Zaragoza,UNIDAS PODEMOS - PODEMOS-IU,57875,1,Ministerio del Interior / fichero oficial aportado por el usuario,PRIMARY_INTERIOR
2019N,2019-11-10,50 - Zaragoza,UNIDAS PODEMOS - PODEMOS-IU LV CA,0,0,Ministerio del Interior / fichero oficial aportado por el usuario,PRIMARY_INTERIOR
2019N,2019-11-10,50 - Zaragoza,UNIDAS PODEMOS - PODEMOS-IU-BATZARRE,0,0,Ministerio del Interior / fichero oficial aportado por el usuario,PRIMARY_INTERIOR
2019N,2019-11-10,50 - Zaragoza,UNIDAS PODEMOS-ALTOARAGÓN EN COMÚN - PODEMOS-IU-Alto Aragón en Común,0,0,Ministerio del Interior / fichero oficial aportado por el usuario,PRIMARY_INTERIOR
2019N,2019-11-10,50 - Zaragoza,UNIDAS PODEMOS-UNIDES PODEM - PODEMOS-EUIB,0,0,Ministerio del Interior / fichero oficial aportado por el usuario,PRIMARY_INTERIOR
2019N,2019-11-10,50 - Zaragoza,UNIDAS PODEMOS-UNIDES PODEM - PODEMOS-EUPV,0,0,Ministerio del Interior / fichero oficial aportado por el usuario,PRIMARY_INTERIOR
2019N,2019-11-10,50 - Zaragoza,UNIDAS PODEMOS-XUNÍES PODEMOS - PODEMOS-IX,0,0,Ministerio del Interior / fichero oficial aportado por el usuario,PRIMARY_INTERIOR
2019N,2019-11-10,50 - Zaragoza,UNIDOS Actuando por la Democracia - UNIDOS SÍ-ACPS-DEf,0,0,Ministerio del Interior / fichero oficial aportado por el usuario,PRIMARY_INTERIOR
2019N,2019-11-10,50 - Zaragoza,UNIÓN DE TODOS - UDT,0,0,Ministerio del Interior / fichero oficial aportado por el usuario,PRIMARY_INTERIOR
2019N,2019-11-10,50 - Zaragoza,UNIÓN DEL PUEBLO LEONÉS - UPL,0,0,Ministerio del Interior / fichero oficial aportado por el usuario,PRIMARY_INTERIOR
2019N,2019-11-10,50 - Zaragoza,UNIÓN REGIONALISTA DE CASTILLA Y LEÓN - UNIÓN REGIONALISTA,0,0,Ministerio del Interior / fichero oficial aportado por el usuario,PRIMARY_INTERIOR
2019N,2019-11-10,50 - Zaragoza,VOX - VOX,92353,1,Ministerio del Interior / fichero oficial aportado por el usuario,PRIMARY_INTERIOR
2019N,2019-11-10,51 - Ceuta,"AGRUPACIÓN DE ELECTORES ""TERUEL EXISTE"" - ¡TERUEL EXISTE!",0,0,Ministerio del Interior / fichero oficial aportado por el usuario,PRIMARY_INTERIOR
2019N,2019-11-10,51 - Ceuta,AHORA CANARIAS: Alternativa Nacionalista Canaria (ANC) y Unidad del Pueblo - AHORA CANARIAS,0,0,Ministerio del Interior / fichero oficial aportado por el usuario,PRIMARY_INTERIOR
2019N,2019-11-10,51 - Ceuta,ANDALUCÍA POR SÍ - AxSÍ,0,0,Ministerio del Interior / fichero oficial aportado por el usuario,PRIMARY_INTERIOR
2019N,2019-11-10,51 - Ceuta,ANDECHA ASTUR - ANDECHA,0,0,Ministerio del Interior / fichero oficial aportado por el usuario,PRIMARY_INTERIOR
2019N,2019-11-10,51 - Ceuta,AUNA COMUNITAT VALENCIANA - AUNACV,0,0,Ministerio del Interior / fichero oficial aportado por el usuario,PRIMARY_INTERIOR
2019N,2019-11-10,51 - Ceuta,AVANT ADELANTE LOS VERDES - AVANT ADELANTE LOS VERDES,0,0,Ministerio del Interior / fichero oficial aportado por el usuario,PRIMARY_INTERIOR
2019N,2019-11-10,51 - Ceuta,AVANT ADELANTE LOS VERDES - AVANT LOS VERDES,0,0,Ministerio del Interior / fichero oficial aportado por el usuario,PRIMARY_INTERIOR
2019N,2019-11-10,51 - Ceuta,BIDEZKO MUNDURANTZ-POR UN MUNDO MÁS JUSTO - PUM+J,0,0,Ministerio del Interior / fichero oficial aportado por el usuario,PRIMARY_INTERIOR
2019N,2019-11-10,51 - Ceuta,BLOQUE NACIONALISTA GALEGO - BNG,0,0,Ministerio del Interior / fichero oficial aportado por el usuario,PRIMARY_INTERIOR
2019N,2019-11-10,51 - Ceuta,CANDIDATURA D'UNITAT POPULAR-PER LA RUPTURA - CUP-PR,0,0,Ministerio del Interior / fichero oficial aportado por el usuario,PRIMARY_INTERIOR
2019N,2019-11-10,51 - Ceuta,CENTRADOS - centrados,0,0,Ministerio del Interior / fichero oficial aportado por el usuario,PRIMARY_INTERIOR
2019N,2019-11-10,51 - Ceuta,CHUNTA ARAGONESISTA - CHA,0,0,Ministerio del Interior / fichero oficial aportado por el usuario,PRIMARY_INTERIOR
2019N,2019-11-10,51 - Ceuta,CIUDADANOS-PARTIDO DE LA CIUDADANÍA - Cs,1138,0,Ministerio del Interior / fichero oficial aportado por el usuario,PRIMARY_INTERIOR
2019N,2019-11-10,51 - Ceuta,CIUTADANS-PARTIDO DE LA CIUDADANÍA - Cs,0,0,Ministerio del Interior / fichero oficial aportado por el usuario,PRIMARY_INTERIOR
2019N,2019-11-10,51 - Ceuta,COALICIÓN CANARIA-NUEVA CANARIAS - CCa-PNC-NC,0,0,Ministerio del Interior / fichero oficial aportado por el usuario,PRIMARY_INTERIOR
2019N,2019-11-10,51 - Ceuta,COALICIÓN POR MELILLA - CpM,0,0,Ministerio del Interior / fichero oficial aportado por el usuario,PRIMARY_INTERIOR
2019N,2019-11-10,51 - Ceuta,CONTIGO SOMOS DEMOCRACIA - CONTIGO,0,0,Ministerio del Interior / fichero oficial aportado por el usuario,PRIMARY_INTERIOR
2019N,2019-11-10,51 - Ceuta,CONVERGENCIA ANDALUZA - CAnda,0,0,Ministerio del Interior / fichero oficial aportado por el usuario,PRIMARY_INTERIOR
2019N,2019-11-10,51 - Ceuta,CONVERXENCIA 21 - C 21,0,0,Ministerio del Interior / fichero oficial aportado por el usuario,PRIMARY_INTERIOR
2019N,2019-11-10,51 - Ceuta,DEMOCRACIA PLURAL - DPL,0,0,Ministerio del Interior / fichero oficial aportado por el usuario,PRIMARY_INTERIOR
2019N,2019-11-10,51 - Ceuta,ELKARREKIN PODEMOS-UNIDAS PODEMOS - PODEMOS-IU,0,0,Ministerio del Interior / fichero oficial aportado por el usuario,PRIMARY_INTERIOR
2019N,2019-11-10,51 - Ceuta,EN COMÚ PODEM-GUANYEM EL CANVI - ECP-GUANYEM EL CANVI,0,0,Ministerio del Interior / fichero oficial aportado por el usuario,PRIMARY_INTERIOR
2019N,2019-11-10,51 - Ceuta,EN COMÚN-UNIDAS PODEMOS - PODEMOS-EU,0,0,Ministerio del Interior / fichero oficial aportado por el usuario,PRIMARY_INTERIOR
2019N,2019-11-10,51 - Ceuta,ESCANOS EN BRANCO - EB,0,0,Ministerio del Interior / fichero oficial aportado por el usuario,PRIMARY_INTERIOR
2019N,2019-11-10,51 - Ceuta,ESCAÑOS EN BLANCO - EB,0,0,Ministerio del Interior / fichero oficial aportado por el usuario,PRIMARY_INTERIOR
2019N,2019-11-10,51 - Ceuta,ESCAÑOS EN BLANCO-AULKI ZURIAK - EB,0,0,Ministerio del Interior / fichero oficial aportado por el usuario,PRIMARY_INTERIOR
2019N,2019-11-10,51 - Ceuta,ESQUERRA REPUBLICANA DE CATALUNYA-SOBIRANISTES - ERC-SOBIRANISTES,0,0,Ministerio del Interior / fichero oficial aportado por el usuario,PRIMARY_INTERIOR
2019N,2019-11-10,51 - Ceuta,ESQUERRA REPUBLICANA DEL PAÍS VALENCIÀ - ERPV,0,0,Ministerio del Interior / fichero oficial aportado por el usuario,PRIMARY_INTERIOR
2019N,2019-11-10,51 - Ceuta,EUSKADIKO LANGILEEN ALDERDI KOMUNISTA/PARTIDO COMUNISTA DE LOS TRABAJADORES DE EUSKADI - ELAK/PCTE,0,0,Ministerio del Interior / fichero oficial aportado por el usuario,PRIMARY_INTERIOR
2019N,2019-11-10,51 - Ceuta,EUSKAL HERRIA BILDU - EH Bildu,0,0,Ministerio del Interior / fichero oficial aportado por el usuario,PRIMARY_INTERIOR
2019N,2019-11-10,51 - Ceuta,EUZKO ALDERDI JELTZALEA-PARTIDO NACIONALISTA VASCO - EAJ-PNV,0,0,Ministerio del Interior / fichero oficial aportado por el usuario,PRIMARY_INTERIOR
2019N,2019-11-10,51 - Ceuta,EXTREMADURA UNIDA - EXTREMADURA UNIDA,0,0,Ministerio del Interior / fichero oficial aportado por el usuario,PRIMARY_INTERIOR
2019N,2019-11-10,51 - Ceuta,FALANGE ESPAÑOLA DE LAS JONS - FE de las JONS,0,0,Ministerio del Interior / fichero oficial aportado por el usuario,PRIMARY_INTERIOR
2019N,2019-11-10,51 - Ceuta,FEDERACIÓN DE LOS INDEPENDIENTES DE ARAGÓN - FIA,0,0,Ministerio del Interior / fichero oficial aportado por el usuario,PRIMARY_INTERIOR
2019N,2019-11-10,51 - Ceuta,GEROA BAI - GBAI,0,0,Ministerio del Interior / fichero oficial aportado por el usuario,PRIMARY_INTERIOR
2019N,2019-11-10,51 - Ceuta,INICIATIVA FEMINISTA - I.Fem,0,0,Ministerio del Interior / fichero oficial aportado por el usuario,PRIMARY_INTERIOR
2019N,2019-11-10,51 - Ceuta,IZQUIERDA ANTICAPITALISTA REVOLUCIONARIA - IZAR,0,0,Ministerio del Interior / fichero oficial aportado por el usuario,PRIMARY_INTERIOR
2019N,2019-11-10,51 - Ceuta,IZQUIERDA EN POSITIVO - IZQP,0,0,Ministerio del Interior / fichero oficial aportado por el usuario,PRIMARY_INTERIOR
2019N,2019-11-10,51 - Ceuta,JUNTS PER CATALUNYA-JUNTS - JxCAT-JUNTS,0,0,Ministerio del Interior / fichero oficial aportado por el usuario,PRIMARY_INTERIOR
2019N,2019-11-10,51 - Ceuta,LOS VERDES - LOS VERDES,0,0,Ministerio del Interior / fichero oficial aportado por el usuario,PRIMARY_INTERIOR
2019N,2019-11-10,51 - Ceuta,LOS VERDES - VERDES,0,0,Ministerio del Interior / fichero oficial aportado por el usuario,PRIMARY_INTERIOR
2019N,2019-11-10,51 - Ceuta,LOS VERDES ECOPACIFISTAS ADELANTE - AVANT ADELANTE LOS VERDES,0,0,Ministerio del Interior / fichero oficial aportado por el usuario,PRIMARY_INTERIOR
2019N,2019-11-10,51 - Ceuta,MOVIMIENTO ARAGONES SOCIAL - MAS,0,0,Ministerio del Interior / fichero oficial aportado por el usuario,PRIMARY_INTERIOR
2019N,2019-11-10,51 - Ceuta,MOVIMIENTO POR LA DIGNIDAD Y LA CIUDADANÍA DE CEUTA - MDyC,819,0,Ministerio del Interior / fichero oficial aportado por el usuario,PRIMARY_INTERIOR
2019N,2019-11-10,51 - Ceuta,MÁS PAÍS - M PAÍS,0,0,Ministerio del Interior / fichero oficial aportado por el usuario,PRIMARY_INTERIOR
2019N,2019-11-10,51 - Ceuta,MÁS PAÍS - MÁS PAÍS,0,0,Ministerio del Interior / fichero oficial aportado por el usuario,PRIMARY_INTERIOR
2019N,2019-11-10,51 - Ceuta,MÁS PAÍS-ANDALUCÍA - MÁS PAÍS-ANDALUCÍA,0,0,Ministerio del Interior / fichero oficial aportado por el usuario,PRIMARY_INTERIOR
2019N,2019-11-10,51 - Ceuta,MÁS PAÍS-CANDIDATURA ECOLOGISTA - MÁS PAÍS-CANDIDATURA ECOLOGISTA,0,0,Ministerio del Interior / fichero oficial aportado por el usuario,PRIMARY_INTERIOR
2019N,2019-11-10,51 - Ceuta,MÁS PAÍS-CHUNTA ARAGONESISTA-EQUO - M PAÍS-CHA-EQUO,0,0,Ministerio del Interior / fichero oficial aportado por el usuario,PRIMARY_INTERIOR
2019N,2019-11-10,51 - Ceuta,MÁS PAÍS-EQUO - MÁS PAÍS-EQUO,0,0,Ministerio del Interior / fichero oficial aportado por el usuario,PRIMARY_INTERIOR
2019N,2019-11-10,51 - Ceuta,MÉS COMPROMÍS - MÉS COMPROMÍS,0,0,Ministerio del Interior / fichero oficial aportado por el usuario,PRIMARY_INTERIOR
2019N,2019-11-10,51 - Ceuta,MÉS ESQUERRA - MÉS-ESQUERRA,0,0,Ministerio del Interior / fichero oficial aportado por el usuario,PRIMARY_INTERIOR
2019N,2019-11-10,51 - Ceuta,NAVARRA SUMA - NA+,0,0,Ministerio del Interior / fichero oficial aportado por el usuario,PRIMARY_INTERIOR
2019N,2019-11-10,51 - Ceuta,NUEVA CANARIAS-COALICIÓN CANARIA - NC-CCa-PNC,0,0,Ministerio del Interior / fichero oficial aportado por el usuario,PRIMARY_INTERIOR
2019N,2019-11-10,51 - Ceuta,PARTIDO ANIMALISTA CONTRA EL MALTRATO ANIMAL - PACMA,0,0,Ministerio del Interior / fichero oficial aportado por el usuario,PRIMARY_INTERIOR
2019N,2019-11-10,51 - Ceuta,PARTIDO COMUNISTA DE LOS PUEBLOS DE ESPAÑA - PCPE,0,0,Ministerio del Interior / fichero oficial aportado por el usuario,PRIMARY_INTERIOR
2019N,2019-11-10,51 - Ceuta,PARTIDO COMUNISTA DE LOS TRABAJADORES DE ESPAÑA - PCTE,0,0,Ministerio del Interior / fichero oficial aportado por el usuario,PRIMARY_INTERIOR
2019N,2019-11-10,51 - Ceuta,PARTIDO COMUNISTA DE LOS TRABAJADORES DE ESPAÑA/ESPANIAKO LANGILEEN ALDERDI KOMUNISTA - PCTE/ELAK,0,0,Ministerio del Interior / fichero oficial aportado por el usuario,PRIMARY_INTERIOR
2019N,2019-11-10,51 - Ceuta,PARTIDO COMUNISTA DE LOS TRABAJADORES DE EUSKADI/EUSKADIKO LANGILEEN ALDERDI KOMUNISTA - PCTE/ELAK,0,0,Ministerio del Interior / fichero oficial aportado por el usuario,PRIMARY_INTERIOR
2019N,2019-11-10,51 - Ceuta,PARTIDO COMUNISTA DEL PUEBLO ANDALUZ - PCPA,0,0,Ministerio del Interior / fichero oficial aportado por el usuario,PRIMARY_INTERIOR
2019N,2019-11-10,51 - Ceuta,PARTIDO COMUNISTA DEL PUEBLO CANARIO - PCPC,0,0,Ministerio del Interior / fichero oficial aportado por el usuario,PRIMARY_INTERIOR
2019N,2019-11-10,51 - Ceuta,PARTIDO COMUNISTA DOS TRABALLADORES DE GALIZA - PCTG,0,0,Ministerio del Interior / fichero oficial aportado por el usuario,PRIMARY_INTERIOR
2019N,2019-11-10,51 - Ceuta,PARTIDO COMUNISTA OBRERO ESPAÑOL - PCOE,0,0,Ministerio del Interior / fichero oficial aportado por el usuario,PRIMARY_INTERIOR
2019N,2019-11-10,51 - Ceuta,PARTIDO DE ACCIÓN SOLIDARIA EUROPEA - SOLIDARIA,0,0,Ministerio del Interior / fichero oficial aportado por el usuario,PRIMARY_INTERIOR
2019N,2019-11-10,51 - Ceuta,PARTIDO DEMÓCRATA SOCIAL JUBILADOS EUROPEOS - PDSJE,0,0,Ministerio del Interior / fichero oficial aportado por el usuario,PRIMARY_INTERIOR
2019N,2019-11-10,51 - Ceuta,PARTIDO DOS SOCIALISTAS DE GALICIA-PSOE - PSOE,0,0,Ministerio del Interior / fichero oficial aportado por el usuario,PRIMARY_INTERIOR
2019N,2019-11-10,51 - Ceuta,PARTIDO DOS SOCIALISTAS DE GALICIA-PSOE - PSdeG-PSOE,0,0,Ministerio del Interior / fichero oficial aportado por el usuario,PRIMARY_INTERIOR
2019N,2019-11-10,51 - Ceuta,PARTIDO HUMANISTA - PH,0,0,Ministerio del Interior / fichero oficial aportado por el usuario,PRIMARY_INTERIOR
2019N,2019-11-10,51 - Ceuta,PARTIDO LIBERTARIO - P-LIB,0,0,Ministerio del Interior / fichero oficial aportado por el usuario,PRIMARY_INTERIOR
2019N,2019-11-10,51 - Ceuta,PARTIDO POPULAR - PP,7439,0,Ministerio del Interior / fichero oficial aportado por el usuario,PRIMARY_INTERIOR
2019N,2019-11-10,51 - Ceuta,PARTIDO POPULAR / PARTIT POPULAR - PP,0,0,Ministerio del Interior / fichero oficial aportado por el usuario,PRIMARY_INTERIOR
2019N,2019-11-10,51 - Ceuta,PARTIDO POPULAR-FORO - PP-FORO,0,0,Ministerio del Interior / fichero oficial aportado por el usuario,PRIMARY_INTERIOR
2019N,2019-11-10,51 - Ceuta,PARTIDO REGIONALISTA DE CANTABRIA - PRC,0,0,Ministerio del Interior / fichero oficial aportado por el usuario,PRIMARY_INTERIOR
2019N,2019-11-10,51 - Ceuta,PARTIDO REGIONALISTA DEL PAÍS LEONÉS - PREPAL,0,0,Ministerio del Interior / fichero oficial aportado por el usuario,PRIMARY_INTERIOR
2019N,2019-11-10,51 - Ceuta,PARTIDO REPUBLICANO INDEPENDIENTE SOLIDARIO ANDALUZ - RISA,0,0,Ministerio del Interior / fichero oficial aportado por el usuario,PRIMARY_INTERIOR
2019N,2019-11-10,51 - Ceuta,PARTIDO SOCIALISTA DE EUSKADI-EUSKADIKO EZKERRA (PSOE) - PSE-EE (PSOE),0,0,Ministerio del Interior / fichero oficial aportado por el usuario,PRIMARY_INTERIOR
2019N,2019-11-10,51 - Ceuta,PARTIDO SOCIALISTA OBRERO ESPAÑOL - PSOE,10455,0,Ministerio del Interior / fichero oficial aportado por el usuario,PRIMARY_INTERIOR
2019N,2019-11-10,51 - Ceuta,PARTIT ANIMALISTA CONTRA EL MALTRACTAMENT ANIMAL - PACMA,0,0,Ministerio del Interior / fichero oficial aportado por el usuario,PRIMARY_INTERIOR
2019N,2019-11-10,51 - Ceuta,PARTIT COMUNISTA DEL POBLE DE CATALUNYA - PCPC,0,0,Ministerio del Interior / fichero oficial aportado por el usuario,PRIMARY_INTERIOR
2019N,2019-11-10,51 - Ceuta,PARTIT COMUNISTA DELS POBLES D'ESPANYA - PCPE,0,0,Ministerio del Interior / fichero oficial aportado por el usuario,PRIMARY_INTERIOR
2019N,2019-11-10,51 - Ceuta,PARTIT COMUNISTA DELS TREBALLADORS DE CATALUNYA - PCTC,0,0,Ministerio del Interior / fichero oficial aportado por el usuario,PRIMARY_INTERIOR
2019N,2019-11-10,51 - Ceuta,PARTIT DELS SOCIALISTES DE CATALUNYA - PSC-PSOE,0,0,Ministerio del Interior / fichero oficial aportado por el usuario,PRIMARY_INTERIOR
2019N,2019-11-10,51 - Ceuta,PARTIT POPULAR/PARTIDO POPULAR - PP,0,0,Ministerio del Interior / fichero oficial aportado por el usuario,PRIMARY_INTERIOR
2019N,2019-11-10,51 - Ceuta,PER UN MÓN MÉS JUST - PUM+J,0,0,Ministerio del Interior / fichero oficial aportado por el usuario,PRIMARY_INTERIOR
2019N,2019-11-10,51 - Ceuta,PLATAFORMA DEL PUEBLO SORIANO - PPSO,0,0,Ministerio del Interior / fichero oficial aportado por el usuario,PRIMARY_INTERIOR
2019N,2019-11-10,51 - Ceuta,POR UN MUNDO MÁIS XUSTO/POR UN MUNDO MÁS JUSTO - PUM+J,0,0,Ministerio del Interior / fichero oficial aportado por el usuario,PRIMARY_INTERIOR
2019N,2019-11-10,51 - Ceuta,POR UN MUNDO MÁS JUSTO - PUM+J,43,0,Ministerio del Interior / fichero oficial aportado por el usuario,PRIMARY_INTERIOR
2019N,2019-11-10,51 - Ceuta,POR UN MUNDO MÁS JUSTO/BIDEZKO MUNDURANTZ - PUM+J,0,0,Ministerio del Interior / fichero oficial aportado por el usuario,PRIMARY_INTERIOR
2019N,2019-11-10,51 - Ceuta,POR ÁVILA - XAV,0,0,Ministerio del Interior / fichero oficial aportado por el usuario,PRIMARY_INTERIOR
2019N,2019-11-10,51 - Ceuta,PUYALON - PYLN,0,0,Ministerio del Interior / fichero oficial aportado por el usuario,PRIMARY_INTERIOR
2019N,2019-11-10,51 - Ceuta,RECORTES CERO-GRUPO VERDE - RECORTES CERO-GV,125,0,Ministerio del Interior / fichero oficial aportado por el usuario,PRIMARY_INTERIOR
2019N,2019-11-10,51 - Ceuta,RECORTES CERO-GRUPO VERDE-PARTIDO CASTELLANO-TIERRA COMUNERA - RECORTES CERO-GV-PCAS-TC,0,0,Ministerio del Interior / fichero oficial aportado por el usuario,PRIMARY_INTERIOR
2019N,2019-11-10,51 - Ceuta,SOM VALENCIANS EN MOVIMENT - UIG-SOM-CUIDES,0,0,Ministerio del Interior / fichero oficial aportado por el usuario,PRIMARY_INTERIOR
2019N,2019-11-10,51 - Ceuta,SOMOS REGIÓN - SOMOS REGIÓN,0,0,Ministerio del Interior / fichero oficial aportado por el usuario,PRIMARY_INTERIOR
2019N,2019-11-10,51 - Ceuta,UNIDAS PODEMOS - PODEMOS-IU,1300,0,Ministerio del Interior / fichero oficial aportado por el usuario,PRIMARY_INTERIOR
2019N,2019-11-10,51 - Ceuta,UNIDAS PODEMOS - PODEMOS-IU LV CA,0,0,Ministerio del Interior / fichero oficial aportado por el usuario,PRIMARY_INTERIOR
2019N,2019-11-10,51 - Ceuta,UNIDAS PODEMOS - PODEMOS-IU-BATZARRE,0,0,Ministerio del Interior / fichero oficial aportado por el usuario,PRIMARY_INTERIOR
2019N,2019-11-10,51 - Ceuta,UNIDAS PODEMOS-ALTOARAGÓN EN COMÚN - PODEMOS-IU-Alto Aragón en Común,0,0,Ministerio del Interior / fichero oficial aportado por el usuario,PRIMARY_INTERIOR
2019N,2019-11-10,51 - Ceuta,UNIDAS PODEMOS-UNIDES PODEM - PODEMOS-EUIB,0,0,Ministerio del Interior / fichero oficial aportado por el usuario,PRIMARY_INTERIOR
2019N,2019-11-10,51 - Ceuta,UNIDAS PODEMOS-UNIDES PODEM - PODEMOS-EUPV,0,0,Ministerio del Interior / fichero oficial aportado por el usuario,PRIMARY_INTERIOR
2019N,2019-11-10,51 - Ceuta,UNIDAS PODEMOS-XUNÍES PODEMOS - PODEMOS-IX,0,0,Ministerio del Interior / fichero oficial aportado por el usuario,PRIMARY_INTERIOR
2019N,2019-11-10,51 - Ceuta,UNIDOS Actuando por la Democracia - UNIDOS SÍ-ACPS-DEf,0,0,Ministerio del Interior / fichero oficial aportado por el usuario,PRIMARY_INTERIOR
2019N,2019-11-10,51 - Ceuta,UNIÓN DE TODOS - UDT,0,0,Ministerio del Interior / fichero oficial aportado por el usuario,PRIMARY_INTERIOR
2019N,2019-11-10,51 - Ceuta,UNIÓN DEL PUEBLO LEONÉS - UPL,0,0,Ministerio del Interior / fichero oficial aportado por el usuario,PRIMARY_INTERIOR
2019N,2019-11-10,51 - Ceuta,UNIÓN REGIONALISTA DE CASTILLA Y LEÓN - UNIÓN REGIONALISTA,0,0,Ministerio del Interior / fichero oficial aportado por el usuario,PRIMARY_INTERIOR
2019N,2019-11-10,51 - Ceuta,VOX - VOX,11752,1,Ministerio del Interior / fichero oficial aportado por el usuario,PRIMARY_INTERIOR
2019N,2019-11-10,52 - Melilla,"AGRUPACIÓN DE ELECTORES ""TERUEL EXISTE"" - ¡TERUEL EXISTE!",0,0,Ministerio del Interior / fichero oficial aportado por el usuario,PRIMARY_INTERIOR
2019N,2019-11-10,52 - Melilla,AHORA CANARIAS: Alternativa Nacionalista Canaria (ANC) y Unidad del Pueblo - AHORA CANARIAS,0,0,Ministerio del Interior / fichero oficial aportado por el usuario,PRIMARY_INTERIOR
2019N,2019-11-10,52 - Melilla,ANDALUCÍA POR SÍ - AxSÍ,0,0,Ministerio del Interior / fichero oficial aportado por el usuario,PRIMARY_INTERIOR
2019N,2019-11-10,52 - Melilla,ANDECHA ASTUR - ANDECHA,0,0,Ministerio del Interior / fichero oficial aportado por el usuario,PRIMARY_INTERIOR
2019N,2019-11-10,52 - Melilla,AUNA COMUNITAT VALENCIANA - AUNACV,0,0,Ministerio del Interior / fichero oficial aportado por el usuario,PRIMARY_INTERIOR
2019N,2019-11-10,52 - Melilla,AVANT ADELANTE LOS VERDES - AVANT ADELANTE LOS VERDES,0,0,Ministerio del Interior / fichero oficial aportado por el usuario,PRIMARY_INTERIOR
2019N,2019-11-10,52 - Melilla,AVANT ADELANTE LOS VERDES - AVANT LOS VERDES,0,0,Ministerio del Interior / fichero oficial aportado por el usuario,PRIMARY_INTERIOR
2019N,2019-11-10,52 - Melilla,BIDEZKO MUNDURANTZ-POR UN MUNDO MÁS JUSTO - PUM+J,0,0,Ministerio del Interior / fichero oficial aportado por el usuario,PRIMARY_INTERIOR
2019N,2019-11-10,52 - Melilla,BLOQUE NACIONALISTA GALEGO - BNG,0,0,Ministerio del Interior / fichero oficial aportado por el usuario,PRIMARY_INTERIOR
2019N,2019-11-10,52 - Melilla,CANDIDATURA D'UNITAT POPULAR-PER LA RUPTURA - CUP-PR,0,0,Ministerio del Interior / fichero oficial aportado por el usuario,PRIMARY_INTERIOR
2019N,2019-11-10,52 - Melilla,CENTRADOS - centrados,0,0,Ministerio del Interior / fichero oficial aportado por el usuario,PRIMARY_INTERIOR
2019N,2019-11-10,52 - Melilla,CHUNTA ARAGONESISTA - CHA,0,0,Ministerio del Interior / fichero oficial aportado por el usuario,PRIMARY_INTERIOR
2019N,2019-11-10,52 - Melilla,CIUDADANOS-PARTIDO DE LA CIUDADANÍA - Cs,917,0,Ministerio del Interior / fichero oficial aportado por el usuario,PRIMARY_INTERIOR
2019N,2019-11-10,52 - Melilla,CIUTADANS-PARTIDO DE LA CIUDADANÍA - Cs,0,0,Ministerio del Interior / fichero oficial aportado por el usuario,PRIMARY_INTERIOR
2019N,2019-11-10,52 - Melilla,COALICIÓN CANARIA-NUEVA CANARIAS - CCa-PNC-NC,0,0,Ministerio del Interior / fichero oficial aportado por el usuario,PRIMARY_INTERIOR
2019N,2019-11-10,52 - Melilla,COALICIÓN POR MELILLA - CpM,8955,0,Ministerio del Interior / fichero oficial aportado por el usuario,PRIMARY_INTERIOR
2019N,2019-11-10,52 - Melilla,CONTIGO SOMOS DEMOCRACIA - CONTIGO,0,0,Ministerio del Interior / fichero oficial aportado por el usuario,PRIMARY_INTERIOR
2019N,2019-11-10,52 - Melilla,CONVERGENCIA ANDALUZA - CAnda,0,0,Ministerio del Interior / fichero oficial aportado por el usuario,PRIMARY_INTERIOR
2019N,2019-11-10,52 - Melilla,CONVERXENCIA 21 - C 21,0,0,Ministerio del Interior / fichero oficial aportado por el usuario,PRIMARY_INTERIOR
2019N,2019-11-10,52 - Melilla,DEMOCRACIA PLURAL - DPL,0,0,Ministerio del Interior / fichero oficial aportado por el usuario,PRIMARY_INTERIOR
2019N,2019-11-10,52 - Melilla,ELKARREKIN PODEMOS-UNIDAS PODEMOS - PODEMOS-IU,0,0,Ministerio del Interior / fichero oficial aportado por el usuario,PRIMARY_INTERIOR
2019N,2019-11-10,52 - Melilla,EN COMÚ PODEM-GUANYEM EL CANVI - ECP-GUANYEM EL CANVI,0,0,Ministerio del Interior / fichero oficial aportado por el usuario,PRIMARY_INTERIOR
2019N,2019-11-10,52 - Melilla,EN COMÚN-UNIDAS PODEMOS - PODEMOS-EU,0,0,Ministerio del Interior / fichero oficial aportado por el usuario,PRIMARY_INTERIOR
2019N,2019-11-10,52 - Melilla,ESCANOS EN BRANCO - EB,0,0,Ministerio del Interior / fichero oficial aportado por el usuario,PRIMARY_INTERIOR
2019N,2019-11-10,52 - Melilla,ESCAÑOS EN BLANCO - EB,0,0,Ministerio del Interior / fichero oficial aportado por el usuario,PRIMARY_INTERIOR
2019N,2019-11-10,52 - Melilla,ESCAÑOS EN BLANCO-AULKI ZURIAK - EB,0,0,Ministerio del Interior / fichero oficial aportado por el usuario,PRIMARY_INTERIOR
2019N,2019-11-10,52 - Melilla,ESQUERRA REPUBLICANA DE CATALUNYA-SOBIRANISTES - ERC-SOBIRANISTES,0,0,Ministerio del Interior / fichero oficial aportado por el usuario,PRIMARY_INTERIOR
2019N,2019-11-10,52 - Melilla,ESQUERRA REPUBLICANA DEL PAÍS VALENCIÀ - ERPV,0,0,Ministerio del Interior / fichero oficial aportado por el usuario,PRIMARY_INTERIOR
2019N,2019-11-10,52 - Melilla,EUSKADIKO LANGILEEN ALDERDI KOMUNISTA/PARTIDO COMUNISTA DE LOS TRABAJADORES DE EUSKADI - ELAK/PCTE,0,0,Ministerio del Interior / fichero oficial aportado por el usuario,PRIMARY_INTERIOR
2019N,2019-11-10,52 - Melilla,EUSKAL HERRIA BILDU - EH Bildu,0,0,Ministerio del Interior / fichero oficial aportado por el usuario,PRIMARY_INTERIOR
2019N,2019-11-10,52 - Melilla,EUZKO ALDERDI JELTZALEA-PARTIDO NACIONALISTA VASCO - EAJ-PNV,0,0,Ministerio del Interior / fichero oficial aportado por el usuario,PRIMARY_INTERIOR
2019N,2019-11-10,52 - Melilla,EXTREMADURA UNIDA - EXTREMADURA UNIDA,0,0,Ministerio del Interior / fichero oficial aportado por el usuario,PRIMARY_INTERIOR
2019N,2019-11-10,52 - Melilla,FALANGE ESPAÑOLA DE LAS JONS - FE de las JONS,0,0,Ministerio del Interior / fichero oficial aportado por el usuario,PRIMARY_INTERIOR
2019N,2019-11-10,52 - Melilla,FEDERACIÓN DE LOS INDEPENDIENTES DE ARAGÓN - FIA,0,0,Ministerio del Interior / fichero oficial aportado por el usuario,PRIMARY_INTERIOR
2019N,2019-11-10,52 - Melilla,GEROA BAI - GBAI,0,0,Ministerio del Interior / fichero oficial aportado por el usuario,PRIMARY_INTERIOR
2019N,2019-11-10,52 - Melilla,INICIATIVA FEMINISTA - I.Fem,0,0,Ministerio del Interior / fichero oficial aportado por el usuario,PRIMARY_INTERIOR
2019N,2019-11-10,52 - Melilla,IZQUIERDA ANTICAPITALISTA REVOLUCIONARIA - IZAR,0,0,Ministerio del Interior / fichero oficial aportado por el usuario,PRIMARY_INTERIOR
2019N,2019-11-10,52 - Melilla,IZQUIERDA EN POSITIVO - IZQP,0,0,Ministerio del Interior / fichero oficial aportado por el usuario,PRIMARY_INTERIOR
2019N,2019-11-10,52 - Melilla,JUNTS PER CATALUNYA-JUNTS - JxCAT-JUNTS,0,0,Ministerio del Interior / fichero oficial aportado por el usuario,PRIMARY_INTERIOR
2019N,2019-11-10,52 - Melilla,LOS VERDES - LOS VERDES,101,0,Ministerio del Interior / fichero oficial aportado por el usuario,PRIMARY_INTERIOR
2019N,2019-11-10,52 - Melilla,LOS VERDES - VERDES,0,0,Ministerio del Interior / fichero oficial aportado por el usuario,PRIMARY_INTERIOR