election,fecha_eleccion,circunscripcion,partido,votos,escaños,fuente,nivel_fuente
2004,2004-03-14,1 - Araba/Álava,AGRUPACION SOCIAL INDEPENDIENTE - ASI,0,0,Ministerio del Interior / portal oficial de datos abiertos,PRIMARY_OFFICIAL
2004,2004-03-14,1 - Araba/Álava,ALIANZA PARA EL DESARROLLO Y LA NATURALEZA - ADN,0,0,Ministerio del Interior / portal oficial de datos abiertos,PRIMARY_OFFICIAL
2004,2004-03-14,1 - Araba/Álava,ALIANZA POR LA UNIDAD NACIONAL - AUN,0,0,Ministerio del Interior / portal oficial de datos abiertos,PRIMARY_OFFICIAL
2004,2004-03-14,1 - Araba/Álava,ALTERNATIVA MAGA NACIONALISTA - AMAGA,0,0,Ministerio del Interior / portal oficial de datos abiertos,PRIMARY_OFFICIAL
2004,2004-03-14,1 - Araba/Álava,ALTERNATIVA POPULAR CANARIA - APCa,0,0,Ministerio del Interior / portal oficial de datos abiertos,PRIMARY_OFFICIAL
2004,2004-03-14,1 - Araba/Álava,ALTERNATIVA POR GRAN CANARIA - AxGC,0,0,Ministerio del Interior / portal oficial de datos abiertos,PRIMARY_OFFICIAL
2004,2004-03-14,1 - Araba/Álava,ANDECHA ASTUR - AA,0,0,Ministerio del Interior / portal oficial de datos abiertos,PRIMARY_OFFICIAL
2004,2004-03-14,1 - Araba/Álava,ARALAR-ZUTIK - ARALAR-ZUTIK,3417,0,Ministerio del Interior / portal oficial de datos abiertos,PRIMARY_OFFICIAL
2004,2004-03-14,1 - Araba/Álava,ASAMBLEA DE ANDALUCIA - A,0,0,Ministerio del Interior / portal oficial de datos abiertos,PRIMARY_OFFICIAL
2004,2004-03-14,1 - Araba/Álava,ASAMBLEA DE IZQUIERDAS-INICIATIVA POR ANDALUCIA - A-IZ,0,0,Ministerio del Interior / portal oficial de datos abiertos,PRIMARY_OFFICIAL
2004,2004-03-14,1 - Araba/Álava,BLOC NACIONALISTA VALENCIA-ESQUERRA VERDA - BLOC-EV,0,0,Ministerio del Interior / portal oficial de datos abiertos,PRIMARY_OFFICIAL
2004,2004-03-14,1 - Araba/Álava,BLOQUE NACIONALISTA GALEGO - BNG,0,0,Ministerio del Interior / portal oficial de datos abiertos,PRIMARY_OFFICIAL
2004,2004-03-14,1 - Araba/Álava,C. IZQUIERDA UNIDA-SOCIALISTAS IND. DE EXTREMADURA - IU-SIEX,0,0,Ministerio del Interior / portal oficial de datos abiertos,PRIMARY_OFFICIAL
2004,2004-03-14,1 - Araba/Álava,CAND. INDEPENDIENTE-EL PARTIDO DE CASTILLA Y LEON - CI,0,0,Ministerio del Interior / portal oficial de datos abiertos,PRIMARY_OFFICIAL
2004,2004-03-14,1 - Araba/Álava,CENTRE DEMOCRATIC I SOCIAL - CDS,0,0,Ministerio del Interior / portal oficial de datos abiertos,PRIMARY_OFFICIAL
2004,2004-03-14,1 - Araba/Álava,CENTRO DEMOCRATICO Y SOCIAL - CDS,360,0,Ministerio del Interior / portal oficial de datos abiertos,PRIMARY_OFFICIAL
2004,2004-03-14,1 - Araba/Álava,CHUNTA ARAGONESISTA - CHA,0,0,Ministerio del Interior / portal oficial de datos abiertos,PRIMARY_OFFICIAL
2004,2004-03-14,1 - Araba/Álava,CIUDADANOS EN BLANCO - CENB,0,0,Ministerio del Interior / portal oficial de datos abiertos,PRIMARY_OFFICIAL
2004,2004-03-14,1 - Araba/Álava,COALICIO TREBALLADORS PER LA DEMOCRACIA - TD,0,0,Ministerio del Interior / portal oficial de datos abiertos,PRIMARY_OFFICIAL
2004,2004-03-14,1 - Araba/Álava,COALICION CANARIA - CC,0,0,Ministerio del Interior / portal oficial de datos abiertos,PRIMARY_OFFICIAL
2004,2004-03-14,1 - Araba/Álava,COALICION GALEGA - CG,0,0,Ministerio del Interior / portal oficial de datos abiertos,PRIMARY_OFFICIAL
2004,2004-03-14,1 - Araba/Álava,CONCEJU NACIONALIEGU CANTABRU - CNC,0,0,Ministerio del Interior / portal oficial de datos abiertos,PRIMARY_OFFICIAL
2004,2004-03-14,1 - Araba/Álava,CONVERGENCIA CIUDADANA DEL SURESTE - CCSE,0,0,Ministerio del Interior / portal oficial de datos abiertos,PRIMARY_OFFICIAL
2004,2004-03-14,1 - Araba/Álava,CONVERGENCIA DE DEMOCRATAS DE NAVARRA - CDN,0,0,Ministerio del Interior / portal oficial de datos abiertos,PRIMARY_OFFICIAL
2004,2004-03-14,1 - Araba/Álava,CONVERGENCIA DEMOCRATICA ASTURIANA Y CDS - CDAS CDS,0,0,Ministerio del Interior / portal oficial de datos abiertos,PRIMARY_OFFICIAL
2004,2004-03-14,1 - Araba/Álava,CONVERGENCIA i UNIO - CiU,0,0,Ministerio del Interior / portal oficial de datos abiertos,PRIMARY_OFFICIAL
2004,2004-03-14,1 - Araba/Álava,DEMOCRACIA NACIONAL - DN,110,0,Ministerio del Interior / portal oficial de datos abiertos,PRIMARY_OFFICIAL
2004,2004-03-14,1 - Araba/Álava,EKA-PARTIDO CARLISTA - EKA,64,0,Ministerio del Interior / portal oficial de datos abiertos,PRIMARY_OFFICIAL
2004,2004-03-14,1 - Araba/Álava,ELS VERDS-ALTERNATIVA VERDA - EV-AV,0,0,Ministerio del Interior / portal oficial de datos abiertos,PRIMARY_OFFICIAL
2004,2004-03-14,1 - Araba/Álava,ELS VERDS-L'ALTERNATIVA ECOLOGISTA - EV-AE,0,0,Ministerio del Interior / portal oficial de datos abiertos,PRIMARY_OFFICIAL
2004,2004-03-14,1 - Araba/Álava,ESCONS INSUBMISOS-ALT. DELS DEMOCRATES DESCONTENTS - Ei,0,0,Ministerio del Interior / portal oficial de datos abiertos,PRIMARY_OFFICIAL
2004,2004-03-14,1 - Araba/Álava,ESPAÑA 2000 - ESPAÑA 2000,0,0,Ministerio del Interior / portal oficial de datos abiertos,PRIMARY_OFFICIAL
2004,2004-03-14,1 - Araba/Álava,ESQUERDA UNIDA-IZQUIERDA UNIDA - EU-IU,0,0,Ministerio del Interior / portal oficial de datos abiertos,PRIMARY_OFFICIAL
2004,2004-03-14,1 - Araba/Álava,ESQUERRA REPUBLICANA DE CATALUNYA - ERC,0,0,Ministerio del Interior / portal oficial de datos abiertos,PRIMARY_OFFICIAL
2004,2004-03-14,1 - Araba/Álava,ESQUERRA REPUBLICANA DEL PAIS VALENCIA - ERPV,0,0,Ministerio del Interior / portal oficial de datos abiertos,PRIMARY_OFFICIAL
2004,2004-03-14,1 - Araba/Álava,ESQUERRA UNIDA PAIS VALENCIA+I.REPUBLICANA:ENTESA - ENTESA,0,0,Ministerio del Interior / portal oficial de datos abiertos,PRIMARY_OFFICIAL
2004,2004-03-14,1 - Araba/Álava,ESTADO NACIONAL EUROPEO - N,0,0,Ministerio del Interior / portal oficial de datos abiertos,PRIMARY_OFFICIAL
2004,2004-03-14,1 - Araba/Álava,EUSKO ALDERDI JELTZALEA-PARTIDO NACIONALISTA VASCO - EAJ-PNV,47090,1,Ministerio del Interior / portal oficial de datos abiertos,PRIMARY_OFFICIAL
2004,2004-03-14,1 - Araba/Álava,EUSKO ALKARTASUNA - EA,7838,0,Ministerio del Interior / portal oficial de datos abiertos,PRIMARY_OFFICIAL
2004,2004-03-14,1 - Araba/Álava,EXTREMADURA UNIDA - EU,0,0,Ministerio del Interior / portal oficial de datos abiertos,PRIMARY_OFFICIAL
2004,2004-03-14,1 - Araba/Álava,EZKER BATUA-IZQUIERDA UNIDA - EB-IU,14181,0,Ministerio del Interior / portal oficial de datos abiertos,PRIMARY_OFFICIAL
2004,2004-03-14,1 - Araba/Álava,FALANGE AUTENTICA - FA,0,0,Ministerio del Interior / portal oficial de datos abiertos,PRIMARY_OFFICIAL
2004,2004-03-14,1 - Araba/Álava,FALANGE ESPAÑOLA DE LAS JONS - FE de las JONS,71,0,Ministerio del Interior / portal oficial de datos abiertos,PRIMARY_OFFICIAL
2004,2004-03-14,1 - Araba/Álava,FRENTE DEMOCRATICO ESPAÑOL - FDE,0,0,Ministerio del Interior / portal oficial de datos abiertos,PRIMARY_OFFICIAL
2004,2004-03-14,1 - Araba/Álava,FRENTE POPULAR GALEGA - FPG,0,0,Ministerio del Interior / portal oficial de datos abiertos,PRIMARY_OFFICIAL
2004,2004-03-14,1 - Araba/Álava,GRUPO POLITICO HONRADEZ ABSOLUTA ESPAÑOLA - GPHAE,0,0,Ministerio del Interior / portal oficial de datos abiertos,PRIMARY_OFFICIAL
2004,2004-03-14,1 - Araba/Álava,GRUPO VERDE EUROPEO - GVE,0,0,Ministerio del Interior / portal oficial de datos abiertos,PRIMARY_OFFICIAL
2004,2004-03-14,1 - Araba/Álava,IDENTIDAD REINO DE VALENCIA - IRV,0,0,Ministerio del Interior / portal oficial de datos abiertos,PRIMARY_OFFICIAL
2004,2004-03-14,1 - Araba/Álava,INIC. PER CATALUNYA VERDS-ESQUERRA UNIDA I ALTERN. - ICV-EUiA,0,0,Ministerio del Interior / portal oficial de datos abiertos,PRIMARY_OFFICIAL
2004,2004-03-14,1 - Araba/Álava,INICIATIVA LOS VERDES-IZQUIERDA UNIDA-AL.CIUDADANA - VERDES-IUC-AC25,0,0,Ministerio del Interior / portal oficial de datos abiertos,PRIMARY_OFFICIAL
2004,2004-03-14,1 - Araba/Álava,INICIATIVA POR EL DESARROLLO DE SORIA - I.DE.S.,0,0,Ministerio del Interior / portal oficial de datos abiertos,PRIMARY_OFFICIAL
2004,2004-03-14,1 - Araba/Álava,IZQUIERDA ASTURIANA - IAS,0,0,Ministerio del Interior / portal oficial de datos abiertos,PRIMARY_OFFICIAL
2004,2004-03-14,1 - Araba/Álava,IZQUIERDA REPUBLICANA - IR,281,0,Ministerio del Interior / portal oficial de datos abiertos,PRIMARY_OFFICIAL
2004,2004-03-14,1 - Araba/Álava,IZQUIERDA REPUBLICANA-ESQUERDA REPUBLICANA GALEGA - IR-ERG,0,0,Ministerio del Interior / portal oficial de datos abiertos,PRIMARY_OFFICIAL
2004,2004-03-14,1 - Araba/Álava,IZQUIERDA REPUBLICANA-PARTIT REPUBLICA D'ESQUERRA - IR-PRE,0,0,Ministerio del Interior / portal oficial de datos abiertos,PRIMARY_OFFICIAL
2004,2004-03-14,1 - Araba/Álava,IZQUIERDA UNIDA - IU,0,0,Ministerio del Interior / portal oficial de datos abiertos,PRIMARY_OFFICIAL
2004,2004-03-14,1 - Araba/Álava,IZQUIERDA UNIDA BLOQUE POR ASTURIES - IU-BA,0,0,Ministerio del Interior / portal oficial de datos abiertos,PRIMARY_OFFICIAL
2004,2004-03-14,1 - Araba/Álava,IZQUIERDA UNIDA DE LA COMUNIDAD DE MADRID - IU,0,0,Ministerio del Interior / portal oficial de datos abiertos,PRIMARY_OFFICIAL
2004,2004-03-14,1 - Araba/Álava,IZQUIERDA UNIDA DE NAVARRA-NAFARROAKO EZKER BATUA - IUN-NEB,0,0,Ministerio del Interior / portal oficial de datos abiertos,PRIMARY_OFFICIAL
2004,2004-03-14,1 - Araba/Álava,IZQUIERDA UNIDA-IZQUIERDA DE CASTILLA-LA MANCHA - IU,0,0,Ministerio del Interior / portal oficial de datos abiertos,PRIMARY_OFFICIAL
2004,2004-03-14,1 - Araba/Álava,IZQUIERDA UNIDA-LOS VERDES - IU-LV,0,0,Ministerio del Interior / portal oficial de datos abiertos,PRIMARY_OFFICIAL
2004,2004-03-14,1 - Araba/Álava,IZQUIERDA UNIDA-VERDES-CONVOCATORIA POR ANDALUCIA - IULV-CA,0,0,Ministerio del Interior / portal oficial de datos abiertos,PRIMARY_OFFICIAL
2004,2004-03-14,1 - Araba/Álava,LA FALANGE - FE,49,0,Ministerio del Interior / portal oficial de datos abiertos,PRIMARY_OFFICIAL
2004,2004-03-14,1 - Araba/Álava,LLUITA INTERNACIONALISTA - L.I. (LIT-CI),0,0,Ministerio del Interior / portal oficial de datos abiertos,PRIMARY_OFFICIAL
2004,2004-03-14,1 - Araba/Álava,LOS VERDES - LVRM,0,0,Ministerio del Interior / portal oficial de datos abiertos,PRIMARY_OFFICIAL
2004,2004-03-14,1 - Araba/Álava,LOS VERDES DE ASTURIES - VERDES,0,0,Ministerio del Interior / portal oficial de datos abiertos,PRIMARY_OFFICIAL
2004,2004-03-14,1 - Araba/Álava,LOS VERDES DE EXTREMADURA - LV,0,0,Ministerio del Interior / portal oficial de datos abiertos,PRIMARY_OFFICIAL
2004,2004-03-14,1 - Araba/Álava,LOS VERDES DE LA COMUNIDAD DE MADRID - LVCM,0,0,Ministerio del Interior / portal oficial de datos abiertos,PRIMARY_OFFICIAL
2004,2004-03-14,1 - Araba/Álava,LOS VERDES-ECOPACIFISTAS - LV-E,0,0,Ministerio del Interior / portal oficial de datos abiertos,PRIMARY_OFFICIAL
2004,2004-03-14,1 - Araba/Álava,"LOS VERDES-ECOPACIFISTAS, ELS VERDS-ECOPACIFISTES - LV-E",0,0,Ministerio del Interior / portal oficial de datos abiertos,PRIMARY_OFFICIAL
2004,2004-03-14,1 - Araba/Álava,LOS VERDES-GRUPO VERDE - LV-GV,0,0,Ministerio del Interior / portal oficial de datos abiertos,PRIMARY_OFFICIAL
2004,2004-03-14,1 - Araba/Álava,LUCHA INTERNACIONALISTA - L.I. (LIT-CI),0,0,Ministerio del Interior / portal oficial de datos abiertos,PRIMARY_OFFICIAL
2004,2004-03-14,1 - Araba/Álava,MOVIMENT SOCIAL REPUBLICA - MSR,0,0,Ministerio del Interior / portal oficial de datos abiertos,PRIMARY_OFFICIAL
2004,2004-03-14,1 - Araba/Álava,MOVIMIENTO SOCIAL REPUBLICANO - MSR,103,0,Ministerio del Interior / portal oficial de datos abiertos,PRIMARY_OFFICIAL
2004,2004-03-14,1 - Araba/Álava,NAFARROA BAI - Na-Bai,0,0,Ministerio del Interior / portal oficial de datos abiertos,PRIMARY_OFFICIAL
2004,2004-03-14,1 - Araba/Álava,OTRA DEMOCRACIA ES POSIBLE - OtraDem,0,0,Ministerio del Interior / portal oficial de datos abiertos,PRIMARY_OFFICIAL
2004,2004-03-14,1 - Araba/Álava,P.SOCIALDEMOCRATA IND. DE LA COMUNITAT VALENCIANA - PSICV,0,0,Ministerio del Interior / portal oficial de datos abiertos,PRIMARY_OFFICIAL
2004,2004-03-14,1 - Araba/Álava,PART. CANNABIS POR LA LEGALIZACION Y NORMALIZACION - P.CANNABIS,0,0,Ministerio del Interior / portal oficial de datos abiertos,PRIMARY_OFFICIAL
2004,2004-03-14,1 - Araba/Álava,PARTIDO ANDALUCISTA - PA,0,0,Ministerio del Interior / portal oficial de datos abiertos,PRIMARY_OFFICIAL
2004,2004-03-14,1 - Araba/Álava,PARTIDO ARAGONES - PAR,0,0,Ministerio del Interior / portal oficial de datos abiertos,PRIMARY_OFFICIAL
2004,2004-03-14,1 - Araba/Álava,PARTIDO CARLISTA - PC,0,0,Ministerio del Interior / portal oficial de datos abiertos,PRIMARY_OFFICIAL
2004,2004-03-14,1 - Araba/Álava,PARTIDO CARLISTA - PCA,0,0,Ministerio del Interior / portal oficial de datos abiertos,PRIMARY_OFFICIAL
2004,2004-03-14,1 - Araba/Álava,PARTIDO COMUNISTA DE LOS PUEBLOS DE ESPAÑA - PCPE,0,0,Ministerio del Interior / portal oficial de datos abiertos,PRIMARY_OFFICIAL
2004,2004-03-14,1 - Araba/Álava,PARTIDO COMUNISTA DEL PUEBLO CANARIO - PCPC,0,0,Ministerio del Interior / portal oficial de datos abiertos,PRIMARY_OFFICIAL
2004,2004-03-14,1 - Araba/Álava,PARTIDO COMUNISTA DEL PUEBLO CASTELLANO - PCPC,0,0,Ministerio del Interior / portal oficial de datos abiertos,PRIMARY_OFFICIAL
2004,2004-03-14,1 - Araba/Álava,PARTIDO COMUNISTA DEL PUEBLO CASTELLANO - PCPC-PCPE,0,0,Ministerio del Interior / portal oficial de datos abiertos,PRIMARY_OFFICIAL
2004,2004-03-14,1 - Araba/Álava,PARTIDO COMUNISTA DEL PUEBLO CASTELLANO-PCPE - PCPC-PCPE,0,0,Ministerio del Interior / portal oficial de datos abiertos,PRIMARY_OFFICIAL
2004,2004-03-14,1 - Araba/Álava,PARTIDO DE LA GENTE - LG,0,0,Ministerio del Interior / portal oficial de datos abiertos,PRIMARY_OFFICIAL
2004,2004-03-14,1 - Araba/Álava,PARTIDO DE LOS AUTONOMOS JUBILADOS Y VIUDAS - PAE,0,0,Ministerio del Interior / portal oficial de datos abiertos,PRIMARY_OFFICIAL
2004,2004-03-14,1 - Araba/Álava,PARTIDO DE LOS AUTONOMOS Y PROFESIONALES - AU.TO.NO.MO,0,0,Ministerio del Interior / portal oficial de datos abiertos,PRIMARY_OFFICIAL
2004,2004-03-14,1 - Araba/Álava,PARTIDO DE LOS TRABAJADORES EN PRECARIO - PTPRE,0,0,Ministerio del Interior / portal oficial de datos abiertos,PRIMARY_OFFICIAL
2004,2004-03-14,1 - Araba/Álava,PARTIDO DEL KARMA DEMOCRATICO - PKD,0,0,Ministerio del Interior / portal oficial de datos abiertos,PRIMARY_OFFICIAL
2004,2004-03-14,1 - Araba/Álava,PARTIDO DEL MUTUO APOYO ROMANTICO - PMAR,0,0,Ministerio del Interior / portal oficial de datos abiertos,PRIMARY_OFFICIAL
2004,2004-03-14,1 - Araba/Álava,PARTIDO DEMOCRATA ESPAÑOL - PADE,0,0,Ministerio del Interior / portal oficial de datos abiertos,PRIMARY_OFFICIAL
2004,2004-03-14,1 - Araba/Álava,PARTIDO DEMOCRATA NACIONAL DE ESPAÑA - PDN,0,0,Ministerio del Interior / portal oficial de datos abiertos,PRIMARY_OFFICIAL
2004,2004-03-14,1 - Araba/Álava,PARTIDO DOS SOCIALISTAS DE GALICIA-PSOE - PSdeG-PSOE,0,0,Ministerio del Interior / portal oficial de datos abiertos,PRIMARY_OFFICIAL
2004,2004-03-14,1 - Araba/Álava,PARTIDO FAMILIA I VIDA - PFiV,0,0,Ministerio del Interior / portal oficial de datos abiertos,PRIMARY_OFFICIAL
2004,2004-03-14,1 - Araba/Álava,PARTIDO FAMILIA Y VIDA - FyV,0,0,Ministerio del Interior / portal oficial de datos abiertos,PRIMARY_OFFICIAL
2004,2004-03-14,1 - Araba/Álava,PARTIDO FAMILIA Y VIDA - PFyV,0,0,Ministerio del Interior / portal oficial de datos abiertos,PRIMARY_OFFICIAL
2004,2004-03-14,1 - Araba/Álava,PARTIDO HUMANISTA - PH,1021,0,Ministerio del Interior / portal oficial de datos abiertos,PRIMARY_OFFICIAL
2004,2004-03-14,1 - Araba/Álava,PARTIDO NACIONAL DE LOS TRABAJADORES - PNT,0,0,Ministerio del Interior / portal oficial de datos abiertos,PRIMARY_OFFICIAL
2004,2004-03-14,1 - Araba/Álava,PARTIDO NACIONALISTA CALO - PNCA,0,0,Ministerio del Interior / portal oficial de datos abiertos,PRIMARY_OFFICIAL
2004,2004-03-14,1 - Araba/Álava,PARTIDO NACIONALISTA CANARIO - PNC,0,0,Ministerio del Interior / portal oficial de datos abiertos,PRIMARY_OFFICIAL
2004,2004-03-14,1 - Araba/Álava,PARTIDO OBRERO SOCIALISTA INTERNACIONALISTA - POSI,0,0,Ministerio del Interior / portal oficial de datos abiertos,PRIMARY_OFFICIAL
2004,2004-03-14,1 - Araba/Álava,PARTIDO POPULAR - PP,48992,1,Ministerio del Interior / portal oficial de datos abiertos,PRIMARY_OFFICIAL
2004,2004-03-14,1 - Araba/Álava,PARTIDO POSITIVISTA CRISTIANO - PPCr,0,0,Ministerio del Interior / portal oficial de datos abiertos,PRIMARY_OFFICIAL
2004,2004-03-14,1 - Araba/Álava,PARTIDO REGIONALISTA DE GUADALAJARA - PRGU,0,0,Ministerio del Interior / portal oficial de datos abiertos,PRIMARY_OFFICIAL
2004,2004-03-14,1 - Araba/Álava,PARTIDO REPUBLICANO - PRF,0,0,Ministerio del Interior / portal oficial de datos abiertos,PRIMARY_OFFICIAL
2004,2004-03-14,1 - Araba/Álava,PARTIDO SOCIAL-DEMOCRATA ANDALUZ - PSDA,0,0,Ministerio del Interior / portal oficial de datos abiertos,PRIMARY_OFFICIAL
2004,2004-03-14,1 - Araba/Álava,PARTIDO SOCIALISTA DE ANDALUCIA - PSA,0,0,Ministerio del Interior / portal oficial de datos abiertos,PRIMARY_OFFICIAL
2004,2004-03-14,1 - Araba/Álava,PARTIDO SOCIALISTA DE EUSKADI-EUSKADIKO EZKERRA - PSE-EE(PSOE),56137,2,Ministerio del Interior / portal oficial de datos abiertos,PRIMARY_OFFICIAL
2004,2004-03-14,1 - Araba/Álava,PARTIDO SOCIALISTA DEL PUEBLO DE CEUTA - PSPC,0,0,Ministerio del Interior / portal oficial de datos abiertos,PRIMARY_OFFICIAL
2004,2004-03-14,1 - Araba/Álava,PARTIDO SOCIALISTA OBRERO ESPAÑOL - PSOE,0,0,Ministerio del Interior / portal oficial de datos abiertos,PRIMARY_OFFICIAL
2004,2004-03-14,1 - Araba/Álava,PARTIDO SOCIALISTA OBRERO ESPAÑOL DE ANDALUCIA - PSOE de A,0,0,Ministerio del Interior / portal oficial de datos abiertos,PRIMARY_OFFICIAL
2004,2004-03-14,1 - Araba/Álava,PARTIT CARLI DE CATALUNYA - PCdeC,0,0,Ministerio del Interior / portal oficial de datos abiertos,PRIMARY_OFFICIAL
2004,2004-03-14,1 - Araba/Álava,PARTIT COMUNISTA DEL POBLE DE CATALUNYA - PCPC,0,0,Ministerio del Interior / portal oficial de datos abiertos,PRIMARY_OFFICIAL
2004,2004-03-14,1 - Araba/Álava,PARTIT COMUNISTA DELS POBLES D'ESPANYA - PCPE,0,0,Ministerio del Interior / portal oficial de datos abiertos,PRIMARY_OFFICIAL
2004,2004-03-14,1 - Araba/Álava,PARTIT DELS SOCIALISTES DE CATALUNYA - PSC-PSOE,0,0,Ministerio del Interior / portal oficial de datos abiertos,PRIMARY_OFFICIAL
2004,2004-03-14,1 - Araba/Álava,PARTIT FAMILIA I VIDA - PFiV,0,0,Ministerio del Interior / portal oficial de datos abiertos,PRIMARY_OFFICIAL
2004,2004-03-14,1 - Araba/Álava,PARTIT HUMANISTA DE CATALUNYA - PHC,0,0,Ministerio del Interior / portal oficial de datos abiertos,PRIMARY_OFFICIAL
2004,2004-03-14,1 - Araba/Álava,PARTIT OBRER SOCIALISTA INTERNACIONALISTA - POSI,0,0,Ministerio del Interior / portal oficial de datos abiertos,PRIMARY_OFFICIAL
2004,2004-03-14,1 - Araba/Álava,PARTIT POPULAR - PP,0,0,Ministerio del Interior / portal oficial de datos abiertos,PRIMARY_OFFICIAL
2004,2004-03-14,1 - Araba/Álava,PARTIT POPULAR DE CATANLUNYA - PP,0,0,Ministerio del Interior / portal oficial de datos abiertos,PRIMARY_OFFICIAL
2004,2004-03-14,1 - Araba/Álava,PARTIU ASTURIANISTA - PAS,0,0,Ministerio del Interior / portal oficial de datos abiertos,PRIMARY_OFFICIAL
2004,2004-03-14,1 - Araba/Álava,"PSM-ENTESA NACIONALISTA,ESQUERRA UNIDA,E.VERDS,ERC - PSM-EN,EU,EV,ER",0,0,Ministerio del Interior / portal oficial de datos abiertos,PRIMARY_OFFICIAL
2004,2004-03-14,1 - Araba/Álava,"SALAMANCA, ZAMORA, LEON PREPAL - PREPAL",0,0,Ministerio del Interior / portal oficial de datos abiertos,PRIMARY_OFFICIAL
2004,2004-03-14,1 - Araba/Álava,TIERRA COMUNERA-PARTIDO NACIONALISTA CASTELLANO - TC-PNC,0,0,Ministerio del Interior / portal oficial de datos abiertos,PRIMARY_OFFICIAL
2004,2004-03-14,1 - Araba/Álava,UNIDAD CASTELLANA - Ud Ca,0,0,Ministerio del Interior / portal oficial de datos abiertos,PRIMARY_OFFICIAL
2004,2004-03-14,1 - Araba/Álava,UNIO CENTRISTES DE MENORCA - UCM,0,0,Ministerio del Interior / portal oficial de datos abiertos,PRIMARY_OFFICIAL
2004,2004-03-14,1 - Araba/Álava,UNIO MALLORQUINA - UM,0,0,Ministerio del Interior / portal oficial de datos abiertos,PRIMARY_OFFICIAL
2004,2004-03-14,1 - Araba/Álava,UNION CENTRISTA LIBERAL - UCL,0,0,Ministerio del Interior / portal oficial de datos abiertos,PRIMARY_OFFICIAL
2004,2004-03-14,1 - Araba/Álava,UNION DEL PUEBLO BALEAR - UPB,0,0,Ministerio del Interior / portal oficial de datos abiertos,PRIMARY_OFFICIAL
2004,2004-03-14,1 - Araba/Álava,UNION DEL PUEBLO LEONES - UPL,0,0,Ministerio del Interior / portal oficial de datos abiertos,PRIMARY_OFFICIAL
2004,2004-03-14,1 - Araba/Álava,UNION DEL PUEBLO NAVARRO EN COALICION CON EL PP - UPN-PP,0,0,Ministerio del Interior / portal oficial de datos abiertos,PRIMARY_OFFICIAL
2004,2004-03-14,1 - Araba/Álava,UNION DEL PUEBLO SALMANTINO - UPSa,0,0,Ministerio del Interior / portal oficial de datos abiertos,PRIMARY_OFFICIAL
2004,2004-03-14,1 - Araba/Álava,UNION NACIONAL - UN,0,0,Ministerio del Interior / portal oficial de datos abiertos,PRIMARY_OFFICIAL
2004,2004-03-14,1 - Araba/Álava,ZAMORA UNIDA - ZU,0,0,Ministerio del Interior / portal oficial de datos abiertos,PRIMARY_OFFICIAL
2004,2004-03-14,10 - Cáceres,AGRUPACION SOCIAL INDEPENDIENTE - ASI,0,0,Ministerio del Interior / portal oficial de datos abiertos,PRIMARY_OFFICIAL
2004,2004-03-14,10 - Cáceres,ALIANZA PARA EL DESARROLLO Y LA NATURALEZA - ADN,0,0,Ministerio del Interior / portal oficial de datos abiertos,PRIMARY_OFFICIAL
2004,2004-03-14,10 - Cáceres,ALIANZA POR LA UNIDAD NACIONAL - AUN,0,0,Ministerio del Interior / portal oficial de datos abiertos,PRIMARY_OFFICIAL
2004,2004-03-14,10 - Cáceres,ALTERNATIVA MAGA NACIONALISTA - AMAGA,0,0,Ministerio del Interior / portal oficial de datos abiertos,PRIMARY_OFFICIAL
2004,2004-03-14,10 - Cáceres,ALTERNATIVA POPULAR CANARIA - APCa,0,0,Ministerio del Interior / portal oficial de datos abiertos,PRIMARY_OFFICIAL
2004,2004-03-14,10 - Cáceres,ALTERNATIVA POR GRAN CANARIA - AxGC,0,0,Ministerio del Interior / portal oficial de datos abiertos,PRIMARY_OFFICIAL
2004,2004-03-14,10 - Cáceres,ANDECHA ASTUR - AA,0,0,Ministerio del Interior / portal oficial de datos abiertos,PRIMARY_OFFICIAL
2004,2004-03-14,10 - Cáceres,ARALAR-ZUTIK - ARALAR-ZUTIK,0,0,Ministerio del Interior / portal oficial de datos abiertos,PRIMARY_OFFICIAL
2004,2004-03-14,10 - Cáceres,ASAMBLEA DE ANDALUCIA - A,0,0,Ministerio del Interior / portal oficial de datos abiertos,PRIMARY_OFFICIAL
2004,2004-03-14,10 - Cáceres,ASAMBLEA DE IZQUIERDAS-INICIATIVA POR ANDALUCIA - A-IZ,0,0,Ministerio del Interior / portal oficial de datos abiertos,PRIMARY_OFFICIAL
2004,2004-03-14,10 - Cáceres,BLOC NACIONALISTA VALENCIA-ESQUERRA VERDA - BLOC-EV,0,0,Ministerio del Interior / portal oficial de datos abiertos,PRIMARY_OFFICIAL
2004,2004-03-14,10 - Cáceres,BLOQUE NACIONALISTA GALEGO - BNG,0,0,Ministerio del Interior / portal oficial de datos abiertos,PRIMARY_OFFICIAL
2004,2004-03-14,10 - Cáceres,C. IZQUIERDA UNIDA-SOCIALISTAS IND. DE EXTREMADURA - IU-SIEX,7569,0,Ministerio del Interior / portal oficial de datos abiertos,PRIMARY_OFFICIAL
2004,2004-03-14,10 - Cáceres,CAND. INDEPENDIENTE-EL PARTIDO DE CASTILLA Y LEON - CI,0,0,Ministerio del Interior / portal oficial de datos abiertos,PRIMARY_OFFICIAL
2004,2004-03-14,10 - Cáceres,CENTRE DEMOCRATIC I SOCIAL - CDS,0,0,Ministerio del Interior / portal oficial de datos abiertos,PRIMARY_OFFICIAL
2004,2004-03-14,10 - Cáceres,CENTRO DEMOCRATICO Y SOCIAL - CDS,304,0,Ministerio del Interior / portal oficial de datos abiertos,PRIMARY_OFFICIAL
2004,2004-03-14,10 - Cáceres,CHUNTA ARAGONESISTA - CHA,0,0,Ministerio del Interior / portal oficial de datos abiertos,PRIMARY_OFFICIAL
2004,2004-03-14,10 - Cáceres,CIUDADANOS EN BLANCO - CENB,273,0,Ministerio del Interior / portal oficial de datos abiertos,PRIMARY_OFFICIAL
2004,2004-03-14,10 - Cáceres,COALICIO TREBALLADORS PER LA DEMOCRACIA - TD,0,0,Ministerio del Interior / portal oficial de datos abiertos,PRIMARY_OFFICIAL
2004,2004-03-14,10 - Cáceres,COALICION CANARIA - CC,0,0,Ministerio del Interior / portal oficial de datos abiertos,PRIMARY_OFFICIAL
2004,2004-03-14,10 - Cáceres,COALICION GALEGA - CG,0,0,Ministerio del Interior / portal oficial de datos abiertos,PRIMARY_OFFICIAL
2004,2004-03-14,10 - Cáceres,CONCEJU NACIONALIEGU CANTABRU - CNC,0,0,Ministerio del Interior / portal oficial de datos abiertos,PRIMARY_OFFICIAL
2004,2004-03-14,10 - Cáceres,CONVERGENCIA CIUDADANA DEL SURESTE - CCSE,0,0,Ministerio del Interior / portal oficial de datos abiertos,PRIMARY_OFFICIAL
2004,2004-03-14,10 - Cáceres,CONVERGENCIA DE DEMOCRATAS DE NAVARRA - CDN,0,0,Ministerio del Interior / portal oficial de datos abiertos,PRIMARY_OFFICIAL
2004,2004-03-14,10 - Cáceres,CONVERGENCIA DEMOCRATICA ASTURIANA Y CDS - CDAS CDS,0,0,Ministerio del Interior / portal oficial de datos abiertos,PRIMARY_OFFICIAL
2004,2004-03-14,10 - Cáceres,CONVERGENCIA i UNIO - CiU,0,0,Ministerio del Interior / portal oficial de datos abiertos,PRIMARY_OFFICIAL
2004,2004-03-14,10 - Cáceres,DEMOCRACIA NACIONAL - DN,110,0,Ministerio del Interior / portal oficial de datos abiertos,PRIMARY_OFFICIAL
2004,2004-03-14,10 - Cáceres,EKA-PARTIDO CARLISTA - EKA,0,0,Ministerio del Interior / portal oficial de datos abiertos,PRIMARY_OFFICIAL
2004,2004-03-14,10 - Cáceres,ELS VERDS-ALTERNATIVA VERDA - EV-AV,0,0,Ministerio del Interior / portal oficial de datos abiertos,PRIMARY_OFFICIAL
2004,2004-03-14,10 - Cáceres,ELS VERDS-L'ALTERNATIVA ECOLOGISTA - EV-AE,0,0,Ministerio del Interior / portal oficial de datos abiertos,PRIMARY_OFFICIAL
2004,2004-03-14,10 - Cáceres,ESCONS INSUBMISOS-ALT. DELS DEMOCRATES DESCONTENTS - Ei,0,0,Ministerio del Interior / portal oficial de datos abiertos,PRIMARY_OFFICIAL
2004,2004-03-14,10 - Cáceres,ESPAÑA 2000 - ESPAÑA 2000,0,0,Ministerio del Interior / portal oficial de datos abiertos,PRIMARY_OFFICIAL
2004,2004-03-14,10 - Cáceres,ESQUERDA UNIDA-IZQUIERDA UNIDA - EU-IU,0,0,Ministerio del Interior / portal oficial de datos abiertos,PRIMARY_OFFICIAL
2004,2004-03-14,10 - Cáceres,ESQUERRA REPUBLICANA DE CATALUNYA - ERC,0,0,Ministerio del Interior / portal oficial de datos abiertos,PRIMARY_OFFICIAL
2004,2004-03-14,10 - Cáceres,ESQUERRA REPUBLICANA DEL PAIS VALENCIA - ERPV,0,0,Ministerio del Interior / portal oficial de datos abiertos,PRIMARY_OFFICIAL
2004,2004-03-14,10 - Cáceres,ESQUERRA UNIDA PAIS VALENCIA+I.REPUBLICANA:ENTESA - ENTESA,0,0,Ministerio del Interior / portal oficial de datos abiertos,PRIMARY_OFFICIAL
2004,2004-03-14,10 - Cáceres,ESTADO NACIONAL EUROPEO - N,0,0,Ministerio del Interior / portal oficial de datos abiertos,PRIMARY_OFFICIAL
2004,2004-03-14,10 - Cáceres,EUSKO ALDERDI JELTZALEA-PARTIDO NACIONALISTA VASCO - EAJ-PNV,0,0,Ministerio del Interior / portal oficial de datos abiertos,PRIMARY_OFFICIAL
2004,2004-03-14,10 - Cáceres,EUSKO ALKARTASUNA - EA,0,0,Ministerio del Interior / portal oficial de datos abiertos,PRIMARY_OFFICIAL
2004,2004-03-14,10 - Cáceres,EXTREMADURA UNIDA - EU,2408,0,Ministerio del Interior / portal oficial de datos abiertos,PRIMARY_OFFICIAL
2004,2004-03-14,10 - Cáceres,EZKER BATUA-IZQUIERDA UNIDA - EB-IU,0,0,Ministerio del Interior / portal oficial de datos abiertos,PRIMARY_OFFICIAL
2004,2004-03-14,10 - Cáceres,FALANGE AUTENTICA - FA,83,0,Ministerio del Interior / portal oficial de datos abiertos,PRIMARY_OFFICIAL
2004,2004-03-14,10 - Cáceres,FALANGE ESPAÑOLA DE LAS JONS - FE de las JONS,109,0,Ministerio del Interior / portal oficial de datos abiertos,PRIMARY_OFFICIAL
2004,2004-03-14,10 - Cáceres,FRENTE DEMOCRATICO ESPAÑOL - FDE,0,0,Ministerio del Interior / portal oficial de datos abiertos,PRIMARY_OFFICIAL
2004,2004-03-14,10 - Cáceres,FRENTE POPULAR GALEGA - FPG,0,0,Ministerio del Interior / portal oficial de datos abiertos,PRIMARY_OFFICIAL
2004,2004-03-14,10 - Cáceres,GRUPO POLITICO HONRADEZ ABSOLUTA ESPAÑOLA - GPHAE,0,0,Ministerio del Interior / portal oficial de datos abiertos,PRIMARY_OFFICIAL
2004,2004-03-14,10 - Cáceres,GRUPO VERDE EUROPEO - GVE,0,0,Ministerio del Interior / portal oficial de datos abiertos,PRIMARY_OFFICIAL
2004,2004-03-14,10 - Cáceres,IDENTIDAD REINO DE VALENCIA - IRV,0,0,Ministerio del Interior / portal oficial de datos abiertos,PRIMARY_OFFICIAL
2004,2004-03-14,10 - Cáceres,INIC. PER CATALUNYA VERDS-ESQUERRA UNIDA I ALTERN. - ICV-EUiA,0,0,Ministerio del Interior / portal oficial de datos abiertos,PRIMARY_OFFICIAL
2004,2004-03-14,10 - Cáceres,INICIATIVA LOS VERDES-IZQUIERDA UNIDA-AL.CIUDADANA - VERDES-IUC-AC25,0,0,Ministerio del Interior / portal oficial de datos abiertos,PRIMARY_OFFICIAL
2004,2004-03-14,10 - Cáceres,INICIATIVA POR EL DESARROLLO DE SORIA - I.DE.S.,0,0,Ministerio del Interior / portal oficial de datos abiertos,PRIMARY_OFFICIAL
2004,2004-03-14,10 - Cáceres,IZQUIERDA ASTURIANA - IAS,0,0,Ministerio del Interior / portal oficial de datos abiertos,PRIMARY_OFFICIAL
2004,2004-03-14,10 - Cáceres,IZQUIERDA REPUBLICANA - IR,120,0,Ministerio del Interior / portal oficial de datos abiertos,PRIMARY_OFFICIAL
2004,2004-03-14,10 - Cáceres,IZQUIERDA REPUBLICANA-ESQUERDA REPUBLICANA GALEGA - IR-ERG,0,0,Ministerio del Interior / portal oficial de datos abiertos,PRIMARY_OFFICIAL
2004,2004-03-14,10 - Cáceres,IZQUIERDA REPUBLICANA-PARTIT REPUBLICA D'ESQUERRA - IR-PRE,0,0,Ministerio del Interior / portal oficial de datos abiertos,PRIMARY_OFFICIAL
2004,2004-03-14,10 - Cáceres,IZQUIERDA UNIDA - IU,0,0,Ministerio del Interior / portal oficial de datos abiertos,PRIMARY_OFFICIAL
2004,2004-03-14,10 - Cáceres,IZQUIERDA UNIDA BLOQUE POR ASTURIES - IU-BA,0,0,Ministerio del Interior / portal oficial de datos abiertos,PRIMARY_OFFICIAL
2004,2004-03-14,10 - Cáceres,IZQUIERDA UNIDA DE LA COMUNIDAD DE MADRID - IU,0,0,Ministerio del Interior / portal oficial de datos abiertos,PRIMARY_OFFICIAL
2004,2004-03-14,10 - Cáceres,IZQUIERDA UNIDA DE NAVARRA-NAFARROAKO EZKER BATUA - IUN-NEB,0,0,Ministerio del Interior / portal oficial de datos abiertos,PRIMARY_OFFICIAL
2004,2004-03-14,10 - Cáceres,IZQUIERDA UNIDA-IZQUIERDA DE CASTILLA-LA MANCHA - IU,0,0,Ministerio del Interior / portal oficial de datos abiertos,PRIMARY_OFFICIAL
2004,2004-03-14,10 - Cáceres,IZQUIERDA UNIDA-LOS VERDES - IU-LV,0,0,Ministerio del Interior / portal oficial de datos abiertos,PRIMARY_OFFICIAL
2004,2004-03-14,10 - Cáceres,IZQUIERDA UNIDA-VERDES-CONVOCATORIA POR ANDALUCIA - IULV-CA,0,0,Ministerio del Interior / portal oficial de datos abiertos,PRIMARY_OFFICIAL
2004,2004-03-14,10 - Cáceres,LA FALANGE - FE,52,0,Ministerio del Interior / portal oficial de datos abiertos,PRIMARY_OFFICIAL
2004,2004-03-14,10 - Cáceres,LLUITA INTERNACIONALISTA - L.I. (LIT-CI),0,0,Ministerio del Interior / portal oficial de datos abiertos,PRIMARY_OFFICIAL
2004,2004-03-14,10 - Cáceres,LOS VERDES - LVRM,0,0,Ministerio del Interior / portal oficial de datos abiertos,PRIMARY_OFFICIAL
2004,2004-03-14,10 - Cáceres,LOS VERDES DE ASTURIES - VERDES,0,0,Ministerio del Interior / portal oficial de datos abiertos,PRIMARY_OFFICIAL
2004,2004-03-14,10 - Cáceres,LOS VERDES DE EXTREMADURA - LV,1247,0,Ministerio del Interior / portal oficial de datos abiertos,PRIMARY_OFFICIAL
2004,2004-03-14,10 - Cáceres,LOS VERDES DE LA COMUNIDAD DE MADRID - LVCM,0,0,Ministerio del Interior / portal oficial de datos abiertos,PRIMARY_OFFICIAL
2004,2004-03-14,10 - Cáceres,LOS VERDES-ECOPACIFISTAS - LV-E,0,0,Ministerio del Interior / portal oficial de datos abiertos,PRIMARY_OFFICIAL
2004,2004-03-14,10 - Cáceres,"LOS VERDES-ECOPACIFISTAS, ELS VERDS-ECOPACIFISTES - LV-E",0,0,Ministerio del Interior / portal oficial de datos abiertos,PRIMARY_OFFICIAL
2004,2004-03-14,10 - Cáceres,LOS VERDES-GRUPO VERDE - LV-GV,0,0,Ministerio del Interior / portal oficial de datos abiertos,PRIMARY_OFFICIAL
2004,2004-03-14,10 - Cáceres,LUCHA INTERNACIONALISTA - L.I. (LIT-CI),0,0,Ministerio del Interior / portal oficial de datos abiertos,PRIMARY_OFFICIAL
2004,2004-03-14,10 - Cáceres,MOVIMENT SOCIAL REPUBLICA - MSR,0,0,Ministerio del Interior / portal oficial de datos abiertos,PRIMARY_OFFICIAL
2004,2004-03-14,10 - Cáceres,MOVIMIENTO SOCIAL REPUBLICANO - MSR,40,0,Ministerio del Interior / portal oficial de datos abiertos,PRIMARY_OFFICIAL
2004,2004-03-14,10 - Cáceres,NAFARROA BAI - Na-Bai,0,0,Ministerio del Interior / portal oficial de datos abiertos,PRIMARY_OFFICIAL
2004,2004-03-14,10 - Cáceres,OTRA DEMOCRACIA ES POSIBLE - OtraDem,0,0,Ministerio del Interior / portal oficial de datos abiertos,PRIMARY_OFFICIAL
2004,2004-03-14,10 - Cáceres,P.SOCIALDEMOCRATA IND. DE LA COMUNITAT VALENCIANA - PSICV,0,0,Ministerio del Interior / portal oficial de datos abiertos,PRIMARY_OFFICIAL
2004,2004-03-14,10 - Cáceres,PART. CANNABIS POR LA LEGALIZACION Y NORMALIZACION - P.CANNABIS,0,0,Ministerio del Interior / portal oficial de datos abiertos,PRIMARY_OFFICIAL
2004,2004-03-14,10 - Cáceres,PARTIDO ANDALUCISTA - PA,0,0,Ministerio del Interior / portal oficial de datos abiertos,PRIMARY_OFFICIAL
2004,2004-03-14,10 - Cáceres,PARTIDO ARAGONES - PAR,0,0,Ministerio del Interior / portal oficial de datos abiertos,PRIMARY_OFFICIAL
2004,2004-03-14,10 - Cáceres,PARTIDO CARLISTA - PC,0,0,Ministerio del Interior / portal oficial de datos abiertos,PRIMARY_OFFICIAL
2004,2004-03-14,10 - Cáceres,PARTIDO CARLISTA - PCA,0,0,Ministerio del Interior / portal oficial de datos abiertos,PRIMARY_OFFICIAL
2004,2004-03-14,10 - Cáceres,PARTIDO COMUNISTA DE LOS PUEBLOS DE ESPAÑA - PCPE,255,0,Ministerio del Interior / portal oficial de datos abiertos,PRIMARY_OFFICIAL
2004,2004-03-14,10 - Cáceres,PARTIDO COMUNISTA DEL PUEBLO CANARIO - PCPC,0,0,Ministerio del Interior / portal oficial de datos abiertos,PRIMARY_OFFICIAL
2004,2004-03-14,10 - Cáceres,PARTIDO COMUNISTA DEL PUEBLO CASTELLANO - PCPC,0,0,Ministerio del Interior / portal oficial de datos abiertos,PRIMARY_OFFICIAL
2004,2004-03-14,10 - Cáceres,PARTIDO COMUNISTA DEL PUEBLO CASTELLANO - PCPC-PCPE,0,0,Ministerio del Interior / portal oficial de datos abiertos,PRIMARY_OFFICIAL
2004,2004-03-14,10 - Cáceres,PARTIDO COMUNISTA DEL PUEBLO CASTELLANO-PCPE - PCPC-PCPE,0,0,Ministerio del Interior / portal oficial de datos abiertos,PRIMARY_OFFICIAL
2004,2004-03-14,10 - Cáceres,PARTIDO DE LA GENTE - LG,0,0,Ministerio del Interior / portal oficial de datos abiertos,PRIMARY_OFFICIAL
2004,2004-03-14,10 - Cáceres,PARTIDO DE LOS AUTONOMOS JUBILADOS Y VIUDAS - PAE,0,0,Ministerio del Interior / portal oficial de datos abiertos,PRIMARY_OFFICIAL
2004,2004-03-14,10 - Cáceres,PARTIDO DE LOS AUTONOMOS Y PROFESIONALES - AU.TO.NO.MO,0,0,Ministerio del Interior / portal oficial de datos abiertos,PRIMARY_OFFICIAL
2004,2004-03-14,10 - Cáceres,PARTIDO DE LOS TRABAJADORES EN PRECARIO - PTPRE,0,0,Ministerio del Interior / portal oficial de datos abiertos,PRIMARY_OFFICIAL
2004,2004-03-14,10 - Cáceres,PARTIDO DEL KARMA DEMOCRATICO - PKD,0,0,Ministerio del Interior / portal oficial de datos abiertos,PRIMARY_OFFICIAL
2004,2004-03-14,10 - Cáceres,PARTIDO DEL MUTUO APOYO ROMANTICO - PMAR,0,0,Ministerio del Interior / portal oficial de datos abiertos,PRIMARY_OFFICIAL
2004,2004-03-14,10 - Cáceres,PARTIDO DEMOCRATA ESPAÑOL - PADE,0,0,Ministerio del Interior / portal oficial de datos abiertos,PRIMARY_OFFICIAL
2004,2004-03-14,10 - Cáceres,PARTIDO DEMOCRATA NACIONAL DE ESPAÑA - PDN,0,0,Ministerio del Interior / portal oficial de datos abiertos,PRIMARY_OFFICIAL
2004,2004-03-14,10 - Cáceres,PARTIDO DOS SOCIALISTAS DE GALICIA-PSOE - PSdeG-PSOE,0,0,Ministerio del Interior / portal oficial de datos abiertos,PRIMARY_OFFICIAL
2004,2004-03-14,10 - Cáceres,PARTIDO FAMILIA I VIDA - PFiV,0,0,Ministerio del Interior / portal oficial de datos abiertos,PRIMARY_OFFICIAL
2004,2004-03-14,10 - Cáceres,PARTIDO FAMILIA Y VIDA - FyV,0,0,Ministerio del Interior / portal oficial de datos abiertos,PRIMARY_OFFICIAL
2004,2004-03-14,10 - Cáceres,PARTIDO FAMILIA Y VIDA - PFyV,150,0,Ministerio del Interior / portal oficial de datos abiertos,PRIMARY_OFFICIAL
2004,2004-03-14,10 - Cáceres,PARTIDO HUMANISTA - PH,114,0,Ministerio del Interior / portal oficial de datos abiertos,PRIMARY_OFFICIAL
2004,2004-03-14,10 - Cáceres,PARTIDO NACIONAL DE LOS TRABAJADORES - PNT,0,0,Ministerio del Interior / portal oficial de datos abiertos,PRIMARY_OFFICIAL
2004,2004-03-14,10 - Cáceres,PARTIDO NACIONALISTA CALO - PNCA,0,0,Ministerio del Interior / portal oficial de datos abiertos,PRIMARY_OFFICIAL
2004,2004-03-14,10 - Cáceres,PARTIDO NACIONALISTA CANARIO - PNC,0,0,Ministerio del Interior / portal oficial de datos abiertos,PRIMARY_OFFICIAL
2004,2004-03-14,10 - Cáceres,PARTIDO OBRERO SOCIALISTA INTERNACIONALISTA - POSI,0,0,Ministerio del Interior / portal oficial de datos abiertos,PRIMARY_OFFICIAL
2004,2004-03-14,10 - Cáceres,PARTIDO POPULAR - PP,118627,2,Ministerio del Interior / portal oficial de datos abiertos,PRIMARY_OFFICIAL
2004,2004-03-14,10 - Cáceres,PARTIDO POSITIVISTA CRISTIANO - PPCr,0,0,Ministerio del Interior / portal oficial de datos abiertos,PRIMARY_OFFICIAL
2004,2004-03-14,10 - Cáceres,PARTIDO REGIONALISTA DE GUADALAJARA - PRGU,0,0,Ministerio del Interior / portal oficial de datos abiertos,PRIMARY_OFFICIAL
2004,2004-03-14,10 - Cáceres,PARTIDO REPUBLICANO - PRF,0,0,Ministerio del Interior / portal oficial de datos abiertos,PRIMARY_OFFICIAL
2004,2004-03-14,10 - Cáceres,PARTIDO SOCIAL-DEMOCRATA ANDALUZ - PSDA,0,0,Ministerio del Interior / portal oficial de datos abiertos,PRIMARY_OFFICIAL
2004,2004-03-14,10 - Cáceres,PARTIDO SOCIALISTA DE ANDALUCIA - PSA,0,0,Ministerio del Interior / portal oficial de datos abiertos,PRIMARY_OFFICIAL
2004,2004-03-14,10 - Cáceres,PARTIDO SOCIALISTA DE EUSKADI-EUSKADIKO EZKERRA - PSE-EE(PSOE),0,0,Ministerio del Interior / portal oficial de datos abiertos,PRIMARY_OFFICIAL
2004,2004-03-14,10 - Cáceres,PARTIDO SOCIALISTA DEL PUEBLO DE CEUTA - PSPC,0,0,Ministerio del Interior / portal oficial de datos abiertos,PRIMARY_OFFICIAL
2004,2004-03-14,10 - Cáceres,PARTIDO SOCIALISTA OBRERO ESPAÑOL - PSOE,137654,2,Ministerio del Interior / portal oficial de datos abiertos,PRIMARY_OFFICIAL
2004,2004-03-14,10 - Cáceres,PARTIDO SOCIALISTA OBRERO ESPAÑOL DE ANDALUCIA - PSOE de A,0,0,Ministerio del Interior / portal oficial de datos abiertos,PRIMARY_OFFICIAL
2004,2004-03-14,10 - Cáceres,PARTIT CARLI DE CATALUNYA - PCdeC,0,0,Ministerio del Interior / portal oficial de datos abiertos,PRIMARY_OFFICIAL
2004,2004-03-14,10 - Cáceres,PARTIT COMUNISTA DEL POBLE DE CATALUNYA - PCPC,0,0,Ministerio del Interior / portal oficial de datos abiertos,PRIMARY_OFFICIAL
2004,2004-03-14,10 - Cáceres,PARTIT COMUNISTA DELS POBLES D'ESPANYA - PCPE,0,0,Ministerio del Interior / portal oficial de datos abiertos,PRIMARY_OFFICIAL
2004,2004-03-14,10 - Cáceres,PARTIT DELS SOCIALISTES DE CATALUNYA - PSC-PSOE,0,0,Ministerio del Interior / portal oficial de datos abiertos,PRIMARY_OFFICIAL
2004,2004-03-14,10 - Cáceres,PARTIT FAMILIA I VIDA - PFiV,0,0,Ministerio del Interior / portal oficial de datos abiertos,PRIMARY_OFFICIAL
2004,2004-03-14,10 - Cáceres,PARTIT HUMANISTA DE CATALUNYA - PHC,0,0,Ministerio del Interior / portal oficial de datos abiertos,PRIMARY_OFFICIAL
2004,2004-03-14,10 - Cáceres,PARTIT OBRER SOCIALISTA INTERNACIONALISTA - POSI,0,0,Ministerio del Interior / portal oficial de datos abiertos,PRIMARY_OFFICIAL
2004,2004-03-14,10 - Cáceres,PARTIT POPULAR - PP,0,0,Ministerio del Interior / portal oficial de datos abiertos,PRIMARY_OFFICIAL
2004,2004-03-14,10 - Cáceres,PARTIT POPULAR DE CATANLUNYA - PP,0,0,Ministerio del Interior / portal oficial de datos abiertos,PRIMARY_OFFICIAL
2004,2004-03-14,10 - Cáceres,PARTIU ASTURIANISTA - PAS,0,0,Ministerio del Interior / portal oficial de datos abiertos,PRIMARY_OFFICIAL
2004,2004-03-14,10 - Cáceres,"PSM-ENTESA NACIONALISTA,ESQUERRA UNIDA,E.VERDS,ERC - PSM-EN,EU,EV,ER",0,0,Ministerio del Interior / portal oficial de datos abiertos,PRIMARY_OFFICIAL
2004,2004-03-14,10 - Cáceres,"SALAMANCA, ZAMORA, LEON PREPAL - PREPAL",0,0,Ministerio del Interior / portal oficial de datos abiertos,PRIMARY_OFFICIAL
2004,2004-03-14,10 - Cáceres,TIERRA COMUNERA-PARTIDO NACIONALISTA CASTELLANO - TC-PNC,0,0,Ministerio del Interior / portal oficial de datos abiertos,PRIMARY_OFFICIAL
2004,2004-03-14,10 - Cáceres,UNIDAD CASTELLANA - Ud Ca,0,0,Ministerio del Interior / portal oficial de datos abiertos,PRIMARY_OFFICIAL
2004,2004-03-14,10 - Cáceres,UNIO CENTRISTES DE MENORCA - UCM,0,0,Ministerio del Interior / portal oficial de datos abiertos,PRIMARY_OFFICIAL
2004,2004-03-14,10 - Cáceres,UNIO MALLORQUINA - UM,0,0,Ministerio del Interior / portal oficial de datos abiertos,PRIMARY_OFFICIAL
2004,2004-03-14,10 - Cáceres,UNION CENTRISTA LIBERAL - UCL,0,0,Ministerio del Interior / portal oficial de datos abiertos,PRIMARY_OFFICIAL
2004,2004-03-14,10 - Cáceres,UNION DEL PUEBLO BALEAR - UPB,0,0,Ministerio del Interior / portal oficial de datos abiertos,PRIMARY_OFFICIAL
2004,2004-03-14,10 - Cáceres,UNION DEL PUEBLO LEONES - UPL,0,0,Ministerio del Interior / portal oficial de datos abiertos,PRIMARY_OFFICIAL
2004,2004-03-14,10 - Cáceres,UNION DEL PUEBLO NAVARRO EN COALICION CON EL PP - UPN-PP,0,0,Ministerio del Interior / portal oficial de datos abiertos,PRIMARY_OFFICIAL
2004,2004-03-14,10 - Cáceres,UNION DEL PUEBLO SALMANTINO - UPSa,0,0,Ministerio del Interior / portal oficial de datos abiertos,PRIMARY_OFFICIAL
2004,2004-03-14,10 - Cáceres,UNION NACIONAL - UN,0,0,Ministerio del Interior / portal oficial de datos abiertos,PRIMARY_OFFICIAL
2004,2004-03-14,10 - Cáceres,ZAMORA UNIDA - ZU,0,0,Ministerio del Interior / portal oficial de datos abiertos,PRIMARY_OFFICIAL
2004,2004-03-14,11 - Cádiz,AGRUPACION SOCIAL INDEPENDIENTE - ASI,0,0,Ministerio del Interior / portal oficial de datos abiertos,PRIMARY_OFFICIAL
2004,2004-03-14,11 - Cádiz,ALIANZA PARA EL DESARROLLO Y LA NATURALEZA - ADN,0,0,Ministerio del Interior / portal oficial de datos abiertos,PRIMARY_OFFICIAL
2004,2004-03-14,11 - Cádiz,ALIANZA POR LA UNIDAD NACIONAL - AUN,0,0,Ministerio del Interior / portal oficial de datos abiertos,PRIMARY_OFFICIAL
2004,2004-03-14,11 - Cádiz,ALTERNATIVA MAGA NACIONALISTA - AMAGA,0,0,Ministerio del Interior / portal oficial de datos abiertos,PRIMARY_OFFICIAL
2004,2004-03-14,11 - Cádiz,ALTERNATIVA POPULAR CANARIA - APCa,0,0,Ministerio del Interior / portal oficial de datos abiertos,PRIMARY_OFFICIAL
2004,2004-03-14,11 - Cádiz,ALTERNATIVA POR GRAN CANARIA - AxGC,0,0,Ministerio del Interior / portal oficial de datos abiertos,PRIMARY_OFFICIAL
2004,2004-03-14,11 - Cádiz,ANDECHA ASTUR - AA,0,0,Ministerio del Interior / portal oficial de datos abiertos,PRIMARY_OFFICIAL
2004,2004-03-14,11 - Cádiz,ARALAR-ZUTIK - ARALAR-ZUTIK,0,0,Ministerio del Interior / portal oficial de datos abiertos,PRIMARY_OFFICIAL
2004,2004-03-14,11 - Cádiz,ASAMBLEA DE ANDALUCIA - A,739,0,Ministerio del Interior / portal oficial de datos abiertos,PRIMARY_OFFICIAL
2004,2004-03-14,11 - Cádiz,ASAMBLEA DE IZQUIERDAS-INICIATIVA POR ANDALUCIA - A-IZ,0,0,Ministerio del Interior / portal oficial de datos abiertos,PRIMARY_OFFICIAL
2004,2004-03-14,11 - Cádiz,BLOC NACIONALISTA VALENCIA-ESQUERRA VERDA - BLOC-EV,0,0,Ministerio del Interior / portal oficial de datos abiertos,PRIMARY_OFFICIAL
2004,2004-03-14,11 - Cádiz,BLOQUE NACIONALISTA GALEGO - BNG,0,0,Ministerio del Interior / portal oficial de datos abiertos,PRIMARY_OFFICIAL
2004,2004-03-14,11 - Cádiz,C. IZQUIERDA UNIDA-SOCIALISTAS IND. DE EXTREMADURA - IU-SIEX,0,0,Ministerio del Interior / portal oficial de datos abiertos,PRIMARY_OFFICIAL
2004,2004-03-14,11 - Cádiz,CAND. INDEPENDIENTE-EL PARTIDO DE CASTILLA Y LEON - CI,0,0,Ministerio del Interior / portal oficial de datos abiertos,PRIMARY_OFFICIAL
2004,2004-03-14,11 - Cádiz,CENTRE DEMOCRATIC I SOCIAL - CDS,0,0,Ministerio del Interior / portal oficial de datos abiertos,PRIMARY_OFFICIAL
2004,2004-03-14,11 - Cádiz,CENTRO DEMOCRATICO Y SOCIAL - CDS,536,0,Ministerio del Interior / portal oficial de datos abiertos,PRIMARY_OFFICIAL
2004,2004-03-14,11 - Cádiz,CHUNTA ARAGONESISTA - CHA,0,0,Ministerio del Interior / portal oficial de datos abiertos,PRIMARY_OFFICIAL
2004,2004-03-14,11 - Cádiz,CIUDADANOS EN BLANCO - CENB,1089,0,Ministerio del Interior / portal oficial de datos abiertos,PRIMARY_OFFICIAL
2004,2004-03-14,11 - Cádiz,COALICIO TREBALLADORS PER LA DEMOCRACIA - TD,0,0,Ministerio del Interior / portal oficial de datos abiertos,PRIMARY_OFFICIAL
2004,2004-03-14,11 - Cádiz,COALICION CANARIA - CC,0,0,Ministerio del Interior / portal oficial de datos abiertos,PRIMARY_OFFICIAL
2004,2004-03-14,11 - Cádiz,COALICION GALEGA - CG,0,0,Ministerio del Interior / portal oficial de datos abiertos,PRIMARY_OFFICIAL
2004,2004-03-14,11 - Cádiz,CONCEJU NACIONALIEGU CANTABRU - CNC,0,0,Ministerio del Interior / portal oficial de datos abiertos,PRIMARY_OFFICIAL
2004,2004-03-14,11 - Cádiz,CONVERGENCIA CIUDADANA DEL SURESTE - CCSE,0,0,Ministerio del Interior / portal oficial de datos abiertos,PRIMARY_OFFICIAL
2004,2004-03-14,11 - Cádiz,CONVERGENCIA DE DEMOCRATAS DE NAVARRA - CDN,0,0,Ministerio del Interior / portal oficial de datos abiertos,PRIMARY_OFFICIAL
2004,2004-03-14,11 - Cádiz,CONVERGENCIA DEMOCRATICA ASTURIANA Y CDS - CDAS CDS,0,0,Ministerio del Interior / portal oficial de datos abiertos,PRIMARY_OFFICIAL
2004,2004-03-14,11 - Cádiz,CONVERGENCIA i UNIO - CiU,0,0,Ministerio del Interior / portal oficial de datos abiertos,PRIMARY_OFFICIAL
2004,2004-03-14,11 - Cádiz,DEMOCRACIA NACIONAL - DN,477,0,Ministerio del Interior / portal oficial de datos abiertos,PRIMARY_OFFICIAL
2004,2004-03-14,11 - Cádiz,EKA-PARTIDO CARLISTA - EKA,0,0,Ministerio del Interior / portal oficial de datos abiertos,PRIMARY_OFFICIAL
2004,2004-03-14,11 - Cádiz,ELS VERDS-ALTERNATIVA VERDA - EV-AV,0,0,Ministerio del Interior / portal oficial de datos abiertos,PRIMARY_OFFICIAL
2004,2004-03-14,11 - Cádiz,ELS VERDS-L'ALTERNATIVA ECOLOGISTA - EV-AE,0,0,Ministerio del Interior / portal oficial de datos abiertos,PRIMARY_OFFICIAL
2004,2004-03-14,11 - Cádiz,ESCONS INSUBMISOS-ALT. DELS DEMOCRATES DESCONTENTS - Ei,0,0,Ministerio del Interior / portal oficial de datos abiertos,PRIMARY_OFFICIAL
2004,2004-03-14,11 - Cádiz,ESPAÑA 2000 - ESPAÑA 2000,0,0,Ministerio del Interior / portal oficial de datos abiertos,PRIMARY_OFFICIAL
2004,2004-03-14,11 - Cádiz,ESQUERDA UNIDA-IZQUIERDA UNIDA - EU-IU,0,0,Ministerio del Interior / portal oficial de datos abiertos,PRIMARY_OFFICIAL
2004,2004-03-14,11 - Cádiz,ESQUERRA REPUBLICANA DE CATALUNYA - ERC,0,0,Ministerio del Interior / portal oficial de datos abiertos,PRIMARY_OFFICIAL
2004,2004-03-14,11 - Cádiz,ESQUERRA REPUBLICANA DEL PAIS VALENCIA - ERPV,0,0,Ministerio del Interior / portal oficial de datos abiertos,PRIMARY_OFFICIAL
2004,2004-03-14,11 - Cádiz,ESQUERRA UNIDA PAIS VALENCIA+I.REPUBLICANA:ENTESA - ENTESA,0,0,Ministerio del Interior / portal oficial de datos abiertos,PRIMARY_OFFICIAL
2004,2004-03-14,11 - Cádiz,ESTADO NACIONAL EUROPEO - N,0,0,Ministerio del Interior / portal oficial de datos abiertos,PRIMARY_OFFICIAL
2004,2004-03-14,11 - Cádiz,EUSKO ALDERDI JELTZALEA-PARTIDO NACIONALISTA VASCO - EAJ-PNV,0,0,Ministerio del Interior / portal oficial de datos abiertos,PRIMARY_OFFICIAL
2004,2004-03-14,11 - Cádiz,EUSKO ALKARTASUNA - EA,0,0,Ministerio del Interior / portal oficial de datos abiertos,PRIMARY_OFFICIAL
2004,2004-03-14,11 - Cádiz,EXTREMADURA UNIDA - EU,0,0,Ministerio del Interior / portal oficial de datos abiertos,PRIMARY_OFFICIAL
2004,2004-03-14,11 - Cádiz,EZKER BATUA-IZQUIERDA UNIDA - EB-IU,0,0,Ministerio del Interior / portal oficial de datos abiertos,PRIMARY_OFFICIAL
2004,2004-03-14,11 - Cádiz,FALANGE AUTENTICA - FA,0,0,Ministerio del Interior / portal oficial de datos abiertos,PRIMARY_OFFICIAL
2004,2004-03-14,11 - Cádiz,FALANGE ESPAÑOLA DE LAS JONS - FE de las JONS,494,0,Ministerio del Interior / portal oficial de datos abiertos,PRIMARY_OFFICIAL
2004,2004-03-14,11 - Cádiz,FRENTE DEMOCRATICO ESPAÑOL - FDE,0,0,Ministerio del Interior / portal oficial de datos abiertos,PRIMARY_OFFICIAL
2004,2004-03-14,11 - Cádiz,FRENTE POPULAR GALEGA - FPG,0,0,Ministerio del Interior / portal oficial de datos abiertos,PRIMARY_OFFICIAL
2004,2004-03-14,11 - Cádiz,GRUPO POLITICO HONRADEZ ABSOLUTA ESPAÑOLA - GPHAE,0,0,Ministerio del Interior / portal oficial de datos abiertos,PRIMARY_OFFICIAL
2004,2004-03-14,11 - Cádiz,GRUPO VERDE EUROPEO - GVE,0,0,Ministerio del Interior / portal oficial de datos abiertos,PRIMARY_OFFICIAL
2004,2004-03-14,11 - Cádiz,IDENTIDAD REINO DE VALENCIA - IRV,0,0,Ministerio del Interior / portal oficial de datos abiertos,PRIMARY_OFFICIAL
2004,2004-03-14,11 - Cádiz,INIC. PER CATALUNYA VERDS-ESQUERRA UNIDA I ALTERN. - ICV-EUiA,0,0,Ministerio del Interior / portal oficial de datos abiertos,PRIMARY_OFFICIAL
2004,2004-03-14,11 - Cádiz,INICIATIVA LOS VERDES-IZQUIERDA UNIDA-AL.CIUDADANA - VERDES-IUC-AC25,0,0,Ministerio del Interior / portal oficial de datos abiertos,PRIMARY_OFFICIAL
2004,2004-03-14,11 - Cádiz,INICIATIVA POR EL DESARROLLO DE SORIA - I.DE.S.,0,0,Ministerio del Interior / portal oficial de datos abiertos,PRIMARY_OFFICIAL
2004,2004-03-14,11 - Cádiz,IZQUIERDA ASTURIANA - IAS,0,0,Ministerio del Interior / portal oficial de datos abiertos,PRIMARY_OFFICIAL
2004,2004-03-14,11 - Cádiz,IZQUIERDA REPUBLICANA - IR,670,0,Ministerio del Interior / portal oficial de datos abiertos,PRIMARY_OFFICIAL
2004,2004-03-14,11 - Cádiz,IZQUIERDA REPUBLICANA-ESQUERDA REPUBLICANA GALEGA - IR-ERG,0,0,Ministerio del Interior / portal oficial de datos abiertos,PRIMARY_OFFICIAL
2004,2004-03-14,11 - Cádiz,IZQUIERDA REPUBLICANA-PARTIT REPUBLICA D'ESQUERRA - IR-PRE,0,0,Ministerio del Interior / portal oficial de datos abiertos,PRIMARY_OFFICIAL
2004,2004-03-14,11 - Cádiz,IZQUIERDA UNIDA - IU,0,0,Ministerio del Interior / portal oficial de datos abiertos,PRIMARY_OFFICIAL
2004,2004-03-14,11 - Cádiz,IZQUIERDA UNIDA BLOQUE POR ASTURIES - IU-BA,0,0,Ministerio del Interior / portal oficial de datos abiertos,PRIMARY_OFFICIAL
2004,2004-03-14,11 - Cádiz,IZQUIERDA UNIDA DE LA COMUNIDAD DE MADRID - IU,0,0,Ministerio del Interior / portal oficial de datos abiertos,PRIMARY_OFFICIAL
2004,2004-03-14,11 - Cádiz,IZQUIERDA UNIDA DE NAVARRA-NAFARROAKO EZKER BATUA - IUN-NEB,0,0,Ministerio del Interior / portal oficial de datos abiertos,PRIMARY_OFFICIAL
2004,2004-03-14,11 - Cádiz,IZQUIERDA UNIDA-IZQUIERDA DE CASTILLA-LA MANCHA - IU,0,0,Ministerio del Interior / portal oficial de datos abiertos,PRIMARY_OFFICIAL
2004,2004-03-14,11 - Cádiz,IZQUIERDA UNIDA-LOS VERDES - IU-LV,0,0,Ministerio del Interior / portal oficial de datos abiertos,PRIMARY_OFFICIAL
2004,2004-03-14,11 - Cádiz,IZQUIERDA UNIDA-VERDES-CONVOCATORIA POR ANDALUCIA - IULV-CA,38611,0,Ministerio del Interior / portal oficial de datos abiertos,PRIMARY_OFFICIAL
2004,2004-03-14,11 - Cádiz,LA FALANGE - FE,377,0,Ministerio del Interior / portal oficial de datos abiertos,PRIMARY_OFFICIAL
2004,2004-03-14,11 - Cádiz,LLUITA INTERNACIONALISTA - L.I. (LIT-CI),0,0,Ministerio del Interior / portal oficial de datos abiertos,PRIMARY_OFFICIAL
2004,2004-03-14,11 - Cádiz,LOS VERDES - LVRM,0,0,Ministerio del Interior / portal oficial de datos abiertos,PRIMARY_OFFICIAL
2004,2004-03-14,11 - Cádiz,LOS VERDES DE ASTURIES - VERDES,0,0,Ministerio del Interior / portal oficial de datos abiertos,PRIMARY_OFFICIAL
2004,2004-03-14,11 - Cádiz,LOS VERDES DE EXTREMADURA - LV,0,0,Ministerio del Interior / portal oficial de datos abiertos,PRIMARY_OFFICIAL
2004,2004-03-14,11 - Cádiz,LOS VERDES DE LA COMUNIDAD DE MADRID - LVCM,0,0,Ministerio del Interior / portal oficial de datos abiertos,PRIMARY_OFFICIAL
2004,2004-03-14,11 - Cádiz,LOS VERDES-ECOPACIFISTAS - LV-E,0,0,Ministerio del Interior / portal oficial de datos abiertos,PRIMARY_OFFICIAL
2004,2004-03-14,11 - Cádiz,"LOS VERDES-ECOPACIFISTAS, ELS VERDS-ECOPACIFISTES - LV-E",0,0,Ministerio del Interior / portal oficial de datos abiertos,PRIMARY_OFFICIAL
2004,2004-03-14,11 - Cádiz,LOS VERDES-GRUPO VERDE - LV-GV,0,0,Ministerio del Interior / portal oficial de datos abiertos,PRIMARY_OFFICIAL
2004,2004-03-14,11 - Cádiz,LUCHA INTERNACIONALISTA - L.I. (LIT-CI),0,0,Ministerio del Interior / portal oficial de datos abiertos,PRIMARY_OFFICIAL
2004,2004-03-14,11 - Cádiz,MOVIMENT SOCIAL REPUBLICA - MSR,0,0,Ministerio del Interior / portal oficial de datos abiertos,PRIMARY_OFFICIAL
2004,2004-03-14,11 - Cádiz,MOVIMIENTO SOCIAL REPUBLICANO - MSR,309,0,Ministerio del Interior / portal oficial de datos abiertos,PRIMARY_OFFICIAL
2004,2004-03-14,11 - Cádiz,NAFARROA BAI - Na-Bai,0,0,Ministerio del Interior / portal oficial de datos abiertos,PRIMARY_OFFICIAL
2004,2004-03-14,11 - Cádiz,OTRA DEMOCRACIA ES POSIBLE - OtraDem,0,0,Ministerio del Interior / portal oficial de datos abiertos,PRIMARY_OFFICIAL
2004,2004-03-14,11 - Cádiz,P.SOCIALDEMOCRATA IND. DE LA COMUNITAT VALENCIANA - PSICV,0,0,Ministerio del Interior / portal oficial de datos abiertos,PRIMARY_OFFICIAL
2004,2004-03-14,11 - Cádiz,PART. CANNABIS POR LA LEGALIZACION Y NORMALIZACION - P.CANNABIS,0,0,Ministerio del Interior / portal oficial de datos abiertos,PRIMARY_OFFICIAL
2004,2004-03-14,11 - Cádiz,PARTIDO ANDALUCISTA - PA,33592,0,Ministerio del Interior / portal oficial de datos abiertos,PRIMARY_OFFICIAL
2004,2004-03-14,11 - Cádiz,PARTIDO ARAGONES - PAR,0,0,Ministerio del Interior / portal oficial de datos abiertos,PRIMARY_OFFICIAL
2004,2004-03-14,11 - Cádiz,PARTIDO CARLISTA - PC,0,0,Ministerio del Interior / portal oficial de datos abiertos,PRIMARY_OFFICIAL
2004,2004-03-14,11 - Cádiz,PARTIDO CARLISTA - PCA,0,0,Ministerio del Interior / portal oficial de datos abiertos,PRIMARY_OFFICIAL
2004,2004-03-14,11 - Cádiz,PARTIDO COMUNISTA DE LOS PUEBLOS DE ESPAÑA - PCPE,0,0,Ministerio del Interior / portal oficial de datos abiertos,PRIMARY_OFFICIAL
2004,2004-03-14,11 - Cádiz,PARTIDO COMUNISTA DEL PUEBLO CANARIO - PCPC,0,0,Ministerio del Interior / portal oficial de datos abiertos,PRIMARY_OFFICIAL
2004,2004-03-14,11 - Cádiz,PARTIDO COMUNISTA DEL PUEBLO CASTELLANO - PCPC,0,0,Ministerio del Interior / portal oficial de datos abiertos,PRIMARY_OFFICIAL
2004,2004-03-14,11 - Cádiz,PARTIDO COMUNISTA DEL PUEBLO CASTELLANO - PCPC-PCPE,0,0,Ministerio del Interior / portal oficial de datos abiertos,PRIMARY_OFFICIAL
2004,2004-03-14,11 - Cádiz,PARTIDO COMUNISTA DEL PUEBLO CASTELLANO-PCPE - PCPC-PCPE,0,0,Ministerio del Interior / portal oficial de datos abiertos,PRIMARY_OFFICIAL
2004,2004-03-14,11 - Cádiz,PARTIDO DE LA GENTE - LG,0,0,Ministerio del Interior / portal oficial de datos abiertos,PRIMARY_OFFICIAL
2004,2004-03-14,11 - Cádiz,PARTIDO DE LOS AUTONOMOS JUBILADOS Y VIUDAS - PAE,0,0,Ministerio del Interior / portal oficial de datos abiertos,PRIMARY_OFFICIAL
2004,2004-03-14,11 - Cádiz,PARTIDO DE LOS AUTONOMOS Y PROFESIONALES - AU.TO.NO.MO,0,0,Ministerio del Interior / portal oficial de datos abiertos,PRIMARY_OFFICIAL
2004,2004-03-14,11 - Cádiz,PARTIDO DE LOS TRABAJADORES EN PRECARIO - PTPRE,1355,0,Ministerio del Interior / portal oficial de datos abiertos,PRIMARY_OFFICIAL
2004,2004-03-14,11 - Cádiz,PARTIDO DEL KARMA DEMOCRATICO - PKD,0,0,Ministerio del Interior / portal oficial de datos abiertos,PRIMARY_OFFICIAL
2004,2004-03-14,11 - Cádiz,PARTIDO DEL MUTUO APOYO ROMANTICO - PMAR,0,0,Ministerio del Interior / portal oficial de datos abiertos,PRIMARY_OFFICIAL
2004,2004-03-14,11 - Cádiz,PARTIDO DEMOCRATA ESPAÑOL - PADE,0,0,Ministerio del Interior / portal oficial de datos abiertos,PRIMARY_OFFICIAL
2004,2004-03-14,11 - Cádiz,PARTIDO DEMOCRATA NACIONAL DE ESPAÑA - PDN,0,0,Ministerio del Interior / portal oficial de datos abiertos,PRIMARY_OFFICIAL
2004,2004-03-14,11 - Cádiz,PARTIDO DOS SOCIALISTAS DE GALICIA-PSOE - PSdeG-PSOE,0,0,Ministerio del Interior / portal oficial de datos abiertos,PRIMARY_OFFICIAL
2004,2004-03-14,11 - Cádiz,PARTIDO FAMILIA I VIDA - PFiV,0,0,Ministerio del Interior / portal oficial de datos abiertos,PRIMARY_OFFICIAL
2004,2004-03-14,11 - Cádiz,PARTIDO FAMILIA Y VIDA - FyV,0,0,Ministerio del Interior / portal oficial de datos abiertos,PRIMARY_OFFICIAL
2004,2004-03-14,11 - Cádiz,PARTIDO FAMILIA Y VIDA - PFyV,0,0,Ministerio del Interior / portal oficial de datos abiertos,PRIMARY_OFFICIAL
2004,2004-03-14,11 - Cádiz,PARTIDO HUMANISTA - PH,713,0,Ministerio del Interior / portal oficial de datos abiertos,PRIMARY_OFFICIAL
2004,2004-03-14,11 - Cádiz,PARTIDO NACIONAL DE LOS TRABAJADORES - PNT,0,0,Ministerio del Interior / portal oficial de datos abiertos,PRIMARY_OFFICIAL
2004,2004-03-14,11 - Cádiz,PARTIDO NACIONALISTA CALO - PNCA,0,0,Ministerio del Interior / portal oficial de datos abiertos,PRIMARY_OFFICIAL
2004,2004-03-14,11 - Cádiz,PARTIDO NACIONALISTA CANARIO - PNC,0,0,Ministerio del Interior / portal oficial de datos abiertos,PRIMARY_OFFICIAL
2004,2004-03-14,11 - Cádiz,PARTIDO OBRERO SOCIALISTA INTERNACIONALISTA - POSI,0,0,Ministerio del Interior / portal oficial de datos abiertos,PRIMARY_OFFICIAL
2004,2004-03-14,11 - Cádiz,PARTIDO POPULAR - PP,216416,3,Ministerio del Interior / portal oficial de datos abiertos,PRIMARY_OFFICIAL
2004,2004-03-14,11 - Cádiz,PARTIDO POSITIVISTA CRISTIANO - PPCr,500,0,Ministerio del Interior / portal oficial de datos abiertos,PRIMARY_OFFICIAL
2004,2004-03-14,11 - Cádiz,PARTIDO REGIONALISTA DE GUADALAJARA - PRGU,0,0,Ministerio del Interior / portal oficial de datos abiertos,PRIMARY_OFFICIAL
2004,2004-03-14,11 - Cádiz,PARTIDO REPUBLICANO - PRF,0,0,Ministerio del Interior / portal oficial de datos abiertos,PRIMARY_OFFICIAL
2004,2004-03-14,11 - Cádiz,PARTIDO SOCIAL-DEMOCRATA ANDALUZ - PSDA,0,0,Ministerio del Interior / portal oficial de datos abiertos,PRIMARY_OFFICIAL
2004,2004-03-14,11 - Cádiz,PARTIDO SOCIALISTA DE ANDALUCIA - PSA,9975,0,Ministerio del Interior / portal oficial de datos abiertos,PRIMARY_OFFICIAL
2004,2004-03-14,11 - Cádiz,PARTIDO SOCIALISTA DE EUSKADI-EUSKADIKO EZKERRA - PSE-EE(PSOE),0,0,Ministerio del Interior / portal oficial de datos abiertos,PRIMARY_OFFICIAL
2004,2004-03-14,11 - Cádiz,PARTIDO SOCIALISTA DEL PUEBLO DE CEUTA - PSPC,0,0,Ministerio del Interior / portal oficial de datos abiertos,PRIMARY_OFFICIAL
2004,2004-03-14,11 - Cádiz,PARTIDO SOCIALISTA OBRERO ESPAÑOL - PSOE,326152,6,Ministerio del Interior / portal oficial de datos abiertos,PRIMARY_OFFICIAL
2004,2004-03-14,11 - Cádiz,PARTIDO SOCIALISTA OBRERO ESPAÑOL DE ANDALUCIA - PSOE de A,0,0,Ministerio del Interior / portal oficial de datos abiertos,PRIMARY_OFFICIAL
2004,2004-03-14,11 - Cádiz,PARTIT CARLI DE CATALUNYA - PCdeC,0,0,Ministerio del Interior / portal oficial de datos abiertos,PRIMARY_OFFICIAL
2004,2004-03-14,11 - Cádiz,PARTIT COMUNISTA DEL POBLE DE CATALUNYA - PCPC,0,0,Ministerio del Interior / portal oficial de datos abiertos,PRIMARY_OFFICIAL
2004,2004-03-14,11 - Cádiz,PARTIT COMUNISTA DELS POBLES D'ESPANYA - PCPE,0,0,Ministerio del Interior / portal oficial de datos abiertos,PRIMARY_OFFICIAL
2004,2004-03-14,11 - Cádiz,PARTIT DELS SOCIALISTES DE CATALUNYA - PSC-PSOE,0,0,Ministerio del Interior / portal oficial de datos abiertos,PRIMARY_OFFICIAL
2004,2004-03-14,11 - Cádiz,PARTIT FAMILIA I VIDA - PFiV,0,0,Ministerio del Interior / portal oficial de datos abiertos,PRIMARY_OFFICIAL
2004,2004-03-14,11 - Cádiz,PARTIT HUMANISTA DE CATALUNYA - PHC,0,0,Ministerio del Interior / portal oficial de datos abiertos,PRIMARY_OFFICIAL
2004,2004-03-14,11 - Cádiz,PARTIT OBRER SOCIALISTA INTERNACIONALISTA - POSI,0,0,Ministerio del Interior / portal oficial de datos abiertos,PRIMARY_OFFICIAL
2004,2004-03-14,11 - Cádiz,PARTIT POPULAR - PP,0,0,Ministerio del Interior / portal oficial de datos abiertos,PRIMARY_OFFICIAL
2004,2004-03-14,11 - Cádiz,PARTIT POPULAR DE CATANLUNYA - PP,0,0,Ministerio del Interior / portal oficial de datos abiertos,PRIMARY_OFFICIAL
2004,2004-03-14,11 - Cádiz,PARTIU ASTURIANISTA - PAS,0,0,Ministerio del Interior / portal oficial de datos abiertos,PRIMARY_OFFICIAL
2004,2004-03-14,11 - Cádiz,"PSM-ENTESA NACIONALISTA,ESQUERRA UNIDA,E.VERDS,ERC - PSM-EN,EU,EV,ER",0,0,Ministerio del Interior / portal oficial de datos abiertos,PRIMARY_OFFICIAL
2004,2004-03-14,11 - Cádiz,"SALAMANCA, ZAMORA, LEON PREPAL - PREPAL",0,0,Ministerio del Interior / portal oficial de datos abiertos,PRIMARY_OFFICIAL
2004,2004-03-14,11 - Cádiz,TIERRA COMUNERA-PARTIDO NACIONALISTA CASTELLANO - TC-PNC,0,0,Ministerio del Interior / portal oficial de datos abiertos,PRIMARY_OFFICIAL
2004,2004-03-14,11 - Cádiz,UNIDAD CASTELLANA - Ud Ca,0,0,Ministerio del Interior / portal oficial de datos abiertos,PRIMARY_OFFICIAL
2004,2004-03-14,11 - Cádiz,UNIO CENTRISTES DE MENORCA - UCM,0,0,Ministerio del Interior / portal oficial de datos abiertos,PRIMARY_OFFICIAL
2004,2004-03-14,11 - Cádiz,UNIO MALLORQUINA - UM,0,0,Ministerio del Interior / portal oficial de datos abiertos,PRIMARY_OFFICIAL
2004,2004-03-14,11 - Cádiz,UNION CENTRISTA LIBERAL - UCL,0,0,Ministerio del Interior / portal oficial de datos abiertos,PRIMARY_OFFICIAL
2004,2004-03-14,11 - Cádiz,UNION DEL PUEBLO BALEAR - UPB,0,0,Ministerio del Interior / portal oficial de datos abiertos,PRIMARY_OFFICIAL
2004,2004-03-14,11 - Cádiz,UNION DEL PUEBLO LEONES - UPL,0,0,Ministerio del Interior / portal oficial de datos abiertos,PRIMARY_OFFICIAL
2004,2004-03-14,11 - Cádiz,UNION DEL PUEBLO NAVARRO EN COALICION CON EL PP - UPN-PP,0,0,Ministerio del Interior / portal oficial de datos abiertos,PRIMARY_OFFICIAL
2004,2004-03-14,11 - Cádiz,UNION DEL PUEBLO SALMANTINO - UPSa,0,0,Ministerio del Interior / portal oficial de datos abiertos,PRIMARY_OFFICIAL
2004,2004-03-14,11 - Cádiz,UNION NACIONAL - UN,0,0,Ministerio del Interior / portal oficial de datos abiertos,PRIMARY_OFFICIAL
2004,2004-03-14,11 - Cádiz,ZAMORA UNIDA - ZU,0,0,Ministerio del Interior / portal oficial de datos abiertos,PRIMARY_OFFICIAL
2004,2004-03-14,12 - Castellón/Castelló,AGRUPACION SOCIAL INDEPENDIENTE - ASI,0,0,Ministerio del Interior / portal oficial de datos abiertos,PRIMARY_OFFICIAL
2004,2004-03-14,12 - Castellón/Castelló,ALIANZA PARA EL DESARROLLO Y LA NATURALEZA - ADN,0,0,Ministerio del Interior / portal oficial de datos abiertos,PRIMARY_OFFICIAL
2004,2004-03-14,12 - Castellón/Castelló,ALIANZA POR LA UNIDAD NACIONAL - AUN,0,0,Ministerio del Interior / portal oficial de datos abiertos,PRIMARY_OFFICIAL
2004,2004-03-14,12 - Castellón/Castelló,ALTERNATIVA MAGA NACIONALISTA - AMAGA,0,0,Ministerio del Interior / portal oficial de datos abiertos,PRIMARY_OFFICIAL
2004,2004-03-14,12 - Castellón/Castelló,ALTERNATIVA POPULAR CANARIA - APCa,0,0,Ministerio del Interior / portal oficial de datos abiertos,PRIMARY_OFFICIAL
2004,2004-03-14,12 - Castellón/Castelló,ALTERNATIVA POR GRAN CANARIA - AxGC,0,0,Ministerio del Interior / portal oficial de datos abiertos,PRIMARY_OFFICIAL
2004,2004-03-14,12 - Castellón/Castelló,ANDECHA ASTUR - AA,0,0,Ministerio del Interior / portal oficial de datos abiertos,PRIMARY_OFFICIAL
2004,2004-03-14,12 - Castellón/Castelló,ARALAR-ZUTIK - ARALAR-ZUTIK,0,0,Ministerio del Interior / portal oficial de datos abiertos,PRIMARY_OFFICIAL
2004,2004-03-14,12 - Castellón/Castelló,ASAMBLEA DE ANDALUCIA - A,0,0,Ministerio del Interior / portal oficial de datos abiertos,PRIMARY_OFFICIAL
2004,2004-03-14,12 - Castellón/Castelló,ASAMBLEA DE IZQUIERDAS-INICIATIVA POR ANDALUCIA - A-IZ,0,0,Ministerio del Interior / portal oficial de datos abiertos,PRIMARY_OFFICIAL
2004,2004-03-14,12 - Castellón/Castelló,BLOC NACIONALISTA VALENCIA-ESQUERRA VERDA - BLOC-EV,6325,0,Ministerio del Interior / portal oficial de datos abiertos,PRIMARY_OFFICIAL
2004,2004-03-14,12 - Castellón/Castelló,BLOQUE NACIONALISTA GALEGO - BNG,0,0,Ministerio del Interior / portal oficial de datos abiertos,PRIMARY_OFFICIAL
2004,2004-03-14,12 - Castellón/Castelló,C. IZQUIERDA UNIDA-SOCIALISTAS IND. DE EXTREMADURA - IU-SIEX,0,0,Ministerio del Interior / portal oficial de datos abiertos,PRIMARY_OFFICIAL
2004,2004-03-14,12 - Castellón/Castelló,CAND. INDEPENDIENTE-EL PARTIDO DE CASTILLA Y LEON - CI,0,0,Ministerio del Interior / portal oficial de datos abiertos,PRIMARY_OFFICIAL
2004,2004-03-14,12 - Castellón/Castelló,CENTRE DEMOCRATIC I SOCIAL - CDS,0,0,Ministerio del Interior / portal oficial de datos abiertos,PRIMARY_OFFICIAL
2004,2004-03-14,12 - Castellón/Castelló,CENTRO DEMOCRATICO Y SOCIAL - CDS,752,0,Ministerio del Interior / portal oficial de datos abiertos,PRIMARY_OFFICIAL
2004,2004-03-14,12 - Castellón/Castelló,CHUNTA ARAGONESISTA - CHA,0,0,Ministerio del Interior / portal oficial de datos abiertos,PRIMARY_OFFICIAL
2004,2004-03-14,12 - Castellón/Castelló,CIUDADANOS EN BLANCO - CENB,881,0,Ministerio del Interior / portal oficial de datos abiertos,PRIMARY_OFFICIAL
2004,2004-03-14,12 - Castellón/Castelló,COALICIO TREBALLADORS PER LA DEMOCRACIA - TD,0,0,Ministerio del Interior / portal oficial de datos abiertos,PRIMARY_OFFICIAL
2004,2004-03-14,12 - Castellón/Castelló,COALICION CANARIA - CC,0,0,Ministerio del Interior / portal oficial de datos abiertos,PRIMARY_OFFICIAL
2004,2004-03-14,12 - Castellón/Castelló,COALICION GALEGA - CG,0,0,Ministerio del Interior / portal oficial de datos abiertos,PRIMARY_OFFICIAL
2004,2004-03-14,12 - Castellón/Castelló,CONCEJU NACIONALIEGU CANTABRU - CNC,0,0,Ministerio del Interior / portal oficial de datos abiertos,PRIMARY_OFFICIAL
2004,2004-03-14,12 - Castellón/Castelló,CONVERGENCIA CIUDADANA DEL SURESTE - CCSE,0,0,Ministerio del Interior / portal oficial de datos abiertos,PRIMARY_OFFICIAL
2004,2004-03-14,12 - Castellón/Castelló,CONVERGENCIA DE DEMOCRATAS DE NAVARRA - CDN,0,0,Ministerio del Interior / portal oficial de datos abiertos,PRIMARY_OFFICIAL
2004,2004-03-14,12 - Castellón/Castelló,CONVERGENCIA DEMOCRATICA ASTURIANA Y CDS - CDAS CDS,0,0,Ministerio del Interior / portal oficial de datos abiertos,PRIMARY_OFFICIAL
2004,2004-03-14,12 - Castellón/Castelló,CONVERGENCIA i UNIO - CiU,0,0,Ministerio del Interior / portal oficial de datos abiertos,PRIMARY_OFFICIAL
2004,2004-03-14,12 - Castellón/Castelló,DEMOCRACIA NACIONAL - DN,205,0,Ministerio del Interior / portal oficial de datos abiertos,PRIMARY_OFFICIAL
2004,2004-03-14,12 - Castellón/Castelló,EKA-PARTIDO CARLISTA - EKA,0,0,Ministerio del Interior / portal oficial de datos abiertos,PRIMARY_OFFICIAL
2004,2004-03-14,12 - Castellón/Castelló,ELS VERDS-ALTERNATIVA VERDA - EV-AV,0,0,Ministerio del Interior / portal oficial de datos abiertos,PRIMARY_OFFICIAL
2004,2004-03-14,12 - Castellón/Castelló,ELS VERDS-L'ALTERNATIVA ECOLOGISTA - EV-AE,0,0,Ministerio del Interior / portal oficial de datos abiertos,PRIMARY_OFFICIAL
2004,2004-03-14,12 - Castellón/Castelló,ESCONS INSUBMISOS-ALT. DELS DEMOCRATES DESCONTENTS - Ei,0,0,Ministerio del Interior / portal oficial de datos abiertos,PRIMARY_OFFICIAL
2004,2004-03-14,12 - Castellón/Castelló,ESPAÑA 2000 - ESPAÑA 2000,694,0,Ministerio del Interior / portal oficial de datos abiertos,PRIMARY_OFFICIAL
2004,2004-03-14,12 - Castellón/Castelló,ESQUERDA UNIDA-IZQUIERDA UNIDA - EU-IU,0,0,Ministerio del Interior / portal oficial de datos abiertos,PRIMARY_OFFICIAL
2004,2004-03-14,12 - Castellón/Castelló,ESQUERRA REPUBLICANA DE CATALUNYA - ERC,0,0,Ministerio del Interior / portal oficial de datos abiertos,PRIMARY_OFFICIAL
2004,2004-03-14,12 - Castellón/Castelló,ESQUERRA REPUBLICANA DEL PAIS VALENCIA - ERPV,2210,0,Ministerio del Interior / portal oficial de datos abiertos,PRIMARY_OFFICIAL
2004,2004-03-14,12 - Castellón/Castelló,ESQUERRA UNIDA PAIS VALENCIA+I.REPUBLICANA:ENTESA - ENTESA,10322,0,Ministerio del Interior / portal oficial de datos abiertos,PRIMARY_OFFICIAL
2004,2004-03-14,12 - Castellón/Castelló,ESTADO NACIONAL EUROPEO - N,0,0,Ministerio del Interior / portal oficial de datos abiertos,PRIMARY_OFFICIAL
2004,2004-03-14,12 - Castellón/Castelló,EUSKO ALDERDI JELTZALEA-PARTIDO NACIONALISTA VASCO - EAJ-PNV,0,0,Ministerio del Interior / portal oficial de datos abiertos,PRIMARY_OFFICIAL
2004,2004-03-14,12 - Castellón/Castelló,EUSKO ALKARTASUNA - EA,0,0,Ministerio del Interior / portal oficial de datos abiertos,PRIMARY_OFFICIAL
2004,2004-03-14,12 - Castellón/Castelló,EXTREMADURA UNIDA - EU,0,0,Ministerio del Interior / portal oficial de datos abiertos,PRIMARY_OFFICIAL
2004,2004-03-14,12 - Castellón/Castelló,EZKER BATUA-IZQUIERDA UNIDA - EB-IU,0,0,Ministerio del Interior / portal oficial de datos abiertos,PRIMARY_OFFICIAL
2004,2004-03-14,12 - Castellón/Castelló,FALANGE AUTENTICA - FA,172,0,Ministerio del Interior / portal oficial de datos abiertos,PRIMARY_OFFICIAL
2004,2004-03-14,12 - Castellón/Castelló,FALANGE ESPAÑOLA DE LAS JONS - FE de las JONS,211,0,Ministerio del Interior / portal oficial de datos abiertos,PRIMARY_OFFICIAL
2004,2004-03-14,12 - Castellón/Castelló,FRENTE DEMOCRATICO ESPAÑOL - FDE,0,0,Ministerio del Interior / portal oficial de datos abiertos,PRIMARY_OFFICIAL
2004,2004-03-14,12 - Castellón/Castelló,FRENTE POPULAR GALEGA - FPG,0,0,Ministerio del Interior / portal oficial de datos abiertos,PRIMARY_OFFICIAL
2004,2004-03-14,12 - Castellón/Castelló,GRUPO POLITICO HONRADEZ ABSOLUTA ESPAÑOLA - GPHAE,0,0,Ministerio del Interior / portal oficial de datos abiertos,PRIMARY_OFFICIAL
2004,2004-03-14,12 - Castellón/Castelló,GRUPO VERDE EUROPEO - GVE,0,0,Ministerio del Interior / portal oficial de datos abiertos,PRIMARY_OFFICIAL
2004,2004-03-14,12 - Castellón/Castelló,IDENTIDAD REINO DE VALENCIA - IRV,0,0,Ministerio del Interior / portal oficial de datos abiertos,PRIMARY_OFFICIAL
2004,2004-03-14,12 - Castellón/Castelló,INIC. PER CATALUNYA VERDS-ESQUERRA UNIDA I ALTERN. - ICV-EUiA,0,0,Ministerio del Interior / portal oficial de datos abiertos,PRIMARY_OFFICIAL
2004,2004-03-14,12 - Castellón/Castelló,INICIATIVA LOS VERDES-IZQUIERDA UNIDA-AL.CIUDADANA - VERDES-IUC-AC25,0,0,Ministerio del Interior / portal oficial de datos abiertos,PRIMARY_OFFICIAL
2004,2004-03-14,12 - Castellón/Castelló,INICIATIVA POR EL DESARROLLO DE SORIA - I.DE.S.,0,0,Ministerio del Interior / portal oficial de datos abiertos,PRIMARY_OFFICIAL
2004,2004-03-14,12 - Castellón/Castelló,IZQUIERDA ASTURIANA - IAS,0,0,Ministerio del Interior / portal oficial de datos abiertos,PRIMARY_OFFICIAL
2004,2004-03-14,12 - Castellón/Castelló,IZQUIERDA REPUBLICANA - IR,0,0,Ministerio del Interior / portal oficial de datos abiertos,PRIMARY_OFFICIAL
2004,2004-03-14,12 - Castellón/Castelló,IZQUIERDA REPUBLICANA-ESQUERDA REPUBLICANA GALEGA - IR-ERG,0,0,Ministerio del Interior / portal oficial de datos abiertos,PRIMARY_OFFICIAL
2004,2004-03-14,12 - Castellón/Castelló,IZQUIERDA REPUBLICANA-PARTIT REPUBLICA D'ESQUERRA - IR-PRE,0,0,Ministerio del Interior / portal oficial de datos abiertos,PRIMARY_OFFICIAL
2004,2004-03-14,12 - Castellón/Castelló,IZQUIERDA UNIDA - IU,0,0,Ministerio del Interior / portal oficial de datos abiertos,PRIMARY_OFFICIAL
2004,2004-03-14,12 - Castellón/Castelló,IZQUIERDA UNIDA BLOQUE POR ASTURIES - IU-BA,0,0,Ministerio del Interior / portal oficial de datos abiertos,PRIMARY_OFFICIAL
2004,2004-03-14,12 - Castellón/Castelló,IZQUIERDA UNIDA DE LA COMUNIDAD DE MADRID - IU,0,0,Ministerio del Interior / portal oficial de datos abiertos,PRIMARY_OFFICIAL
2004,2004-03-14,12 - Castellón/Castelló,IZQUIERDA UNIDA DE NAVARRA-NAFARROAKO EZKER BATUA - IUN-NEB,0,0,Ministerio del Interior / portal oficial de datos abiertos,PRIMARY_OFFICIAL
2004,2004-03-14,12 - Castellón/Castelló,IZQUIERDA UNIDA-IZQUIERDA DE CASTILLA-LA MANCHA - IU,0,0,Ministerio del Interior / portal oficial de datos abiertos,PRIMARY_OFFICIAL
2004,2004-03-14,12 - Castellón/Castelló,IZQUIERDA UNIDA-LOS VERDES - IU-LV,0,0,Ministerio del Interior / portal oficial de datos abiertos,PRIMARY_OFFICIAL
2004,2004-03-14,12 - Castellón/Castelló,IZQUIERDA UNIDA-VERDES-CONVOCATORIA POR ANDALUCIA - IULV-CA,0,0,Ministerio del Interior / portal oficial de datos abiertos,PRIMARY_OFFICIAL
2004,2004-03-14,12 - Castellón/Castelló,LA FALANGE - FE,121,0,Ministerio del Interior / portal oficial de datos abiertos,PRIMARY_OFFICIAL
2004,2004-03-14,12 - Castellón/Castelló,LLUITA INTERNACIONALISTA - L.I. (LIT-CI),0,0,Ministerio del Interior / portal oficial de datos abiertos,PRIMARY_OFFICIAL
2004,2004-03-14,12 - Castellón/Castelló,LOS VERDES - LVRM,0,0,Ministerio del Interior / portal oficial de datos abiertos,PRIMARY_OFFICIAL
2004,2004-03-14,12 - Castellón/Castelló,LOS VERDES DE ASTURIES - VERDES,0,0,Ministerio del Interior / portal oficial de datos abiertos,PRIMARY_OFFICIAL
2004,2004-03-14,12 - Castellón/Castelló,LOS VERDES DE EXTREMADURA - LV,0,0,Ministerio del Interior / portal oficial de datos abiertos,PRIMARY_OFFICIAL
2004,2004-03-14,12 - Castellón/Castelló,LOS VERDES DE LA COMUNIDAD DE MADRID - LVCM,0,0,Ministerio del Interior / portal oficial de datos abiertos,PRIMARY_OFFICIAL
2004,2004-03-14,12 - Castellón/Castelló,LOS VERDES-ECOPACIFISTAS - LV-E,0,0,Ministerio del Interior / portal oficial de datos abiertos,PRIMARY_OFFICIAL
2004,2004-03-14,12 - Castellón/Castelló,"LOS VERDES-ECOPACIFISTAS, ELS VERDS-ECOPACIFISTES - LV-E",2153,0,Ministerio del Interior / portal oficial de datos abiertos,PRIMARY_OFFICIAL
2004,2004-03-14,12 - Castellón/Castelló,LOS VERDES-GRUPO VERDE - LV-GV,0,0,Ministerio del Interior / portal oficial de datos abiertos,PRIMARY_OFFICIAL
2004,2004-03-14,12 - Castellón/Castelló,LUCHA INTERNACIONALISTA - L.I. (LIT-CI),0,0,Ministerio del Interior / portal oficial de datos abiertos,PRIMARY_OFFICIAL
2004,2004-03-14,12 - Castellón/Castelló,MOVIMENT SOCIAL REPUBLICA - MSR,0,0,Ministerio del Interior / portal oficial de datos abiertos,PRIMARY_OFFICIAL
2004,2004-03-14,12 - Castellón/Castelló,MOVIMIENTO SOCIAL REPUBLICANO - MSR,60,0,Ministerio del Interior / portal oficial de datos abiertos,PRIMARY_OFFICIAL
2004,2004-03-14,12 - Castellón/Castelló,NAFARROA BAI - Na-Bai,0,0,Ministerio del Interior / portal oficial de datos abiertos,PRIMARY_OFFICIAL
2004,2004-03-14,12 - Castellón/Castelló,OTRA DEMOCRACIA ES POSIBLE - OtraDem,0,0,Ministerio del Interior / portal oficial de datos abiertos,PRIMARY_OFFICIAL
2004,2004-03-14,12 - Castellón/Castelló,P.SOCIALDEMOCRATA IND. DE LA COMUNITAT VALENCIANA - PSICV,0,0,Ministerio del Interior / portal oficial de datos abiertos,PRIMARY_OFFICIAL
2004,2004-03-14,12 - Castellón/Castelló,PART. CANNABIS POR LA LEGALIZACION Y NORMALIZACION - P.CANNABIS,0,0,Ministerio del Interior / portal oficial de datos abiertos,PRIMARY_OFFICIAL
2004,2004-03-14,12 - Castellón/Castelló,PARTIDO ANDALUCISTA - PA,0,0,Ministerio del Interior / portal oficial de datos abiertos,PRIMARY_OFFICIAL
2004,2004-03-14,12 - Castellón/Castelló,PARTIDO ARAGONES - PAR,0,0,Ministerio del Interior / portal oficial de datos abiertos,PRIMARY_OFFICIAL
2004,2004-03-14,12 - Castellón/Castelló,PARTIDO CARLISTA - PC,0,0,Ministerio del Interior / portal oficial de datos abiertos,PRIMARY_OFFICIAL
2004,2004-03-14,12 - Castellón/Castelló,PARTIDO CARLISTA - PCA,0,0,Ministerio del Interior / portal oficial de datos abiertos,PRIMARY_OFFICIAL
2004,2004-03-14,12 - Castellón/Castelló,PARTIDO COMUNISTA DE LOS PUEBLOS DE ESPAÑA - PCPE,0,0,Ministerio del Interior / portal oficial de datos abiertos,PRIMARY_OFFICIAL
2004,2004-03-14,12 - Castellón/Castelló,PARTIDO COMUNISTA DEL PUEBLO CANARIO - PCPC,0,0,Ministerio del Interior / portal oficial de datos abiertos,PRIMARY_OFFICIAL
2004,2004-03-14,12 - Castellón/Castelló,PARTIDO COMUNISTA DEL PUEBLO CASTELLANO - PCPC,0,0,Ministerio del Interior / portal oficial de datos abiertos,PRIMARY_OFFICIAL
2004,2004-03-14,12 - Castellón/Castelló,PARTIDO COMUNISTA DEL PUEBLO CASTELLANO - PCPC-PCPE,0,0,Ministerio del Interior / portal oficial de datos abiertos,PRIMARY_OFFICIAL
2004,2004-03-14,12 - Castellón/Castelló,PARTIDO COMUNISTA DEL PUEBLO CASTELLANO-PCPE - PCPC-PCPE,0,0,Ministerio del Interior / portal oficial de datos abiertos,PRIMARY_OFFICIAL
2004,2004-03-14,12 - Castellón/Castelló,PARTIDO DE LA GENTE - LG,0,0,Ministerio del Interior / portal oficial de datos abiertos,PRIMARY_OFFICIAL
2004,2004-03-14,12 - Castellón/Castelló,PARTIDO DE LOS AUTONOMOS JUBILADOS Y VIUDAS - PAE,0,0,Ministerio del Interior / portal oficial de datos abiertos,PRIMARY_OFFICIAL
2004,2004-03-14,12 - Castellón/Castelló,PARTIDO DE LOS AUTONOMOS Y PROFESIONALES - AU.TO.NO.MO,0,0,Ministerio del Interior / portal oficial de datos abiertos,PRIMARY_OFFICIAL
2004,2004-03-14,12 - Castellón/Castelló,PARTIDO DE LOS TRABAJADORES EN PRECARIO - PTPRE,0,0,Ministerio del Interior / portal oficial de datos abiertos,PRIMARY_OFFICIAL
2004,2004-03-14,12 - Castellón/Castelló,PARTIDO DEL KARMA DEMOCRATICO - PKD,0,0,Ministerio del Interior / portal oficial de datos abiertos,PRIMARY_OFFICIAL
2004,2004-03-14,12 - Castellón/Castelló,PARTIDO DEL MUTUO APOYO ROMANTICO - PMAR,0,0,Ministerio del Interior / portal oficial de datos abiertos,PRIMARY_OFFICIAL
2004,2004-03-14,12 - Castellón/Castelló,PARTIDO DEMOCRATA ESPAÑOL - PADE,0,0,Ministerio del Interior / portal oficial de datos abiertos,PRIMARY_OFFICIAL
2004,2004-03-14,12 - Castellón/Castelló,PARTIDO DEMOCRATA NACIONAL DE ESPAÑA - PDN,0,0,Ministerio del Interior / portal oficial de datos abiertos,PRIMARY_OFFICIAL
2004,2004-03-14,12 - Castellón/Castelló,PARTIDO DOS SOCIALISTAS DE GALICIA-PSOE - PSdeG-PSOE,0,0,Ministerio del Interior / portal oficial de datos abiertos,PRIMARY_OFFICIAL
2004,2004-03-14,12 - Castellón/Castelló,PARTIDO FAMILIA I VIDA - PFiV,0,0,Ministerio del Interior / portal oficial de datos abiertos,PRIMARY_OFFICIAL
2004,2004-03-14,12 - Castellón/Castelló,PARTIDO FAMILIA Y VIDA - FyV,0,0,Ministerio del Interior / portal oficial de datos abiertos,PRIMARY_OFFICIAL
2004,2004-03-14,12 - Castellón/Castelló,PARTIDO FAMILIA Y VIDA - PFyV,390,0,Ministerio del Interior / portal oficial de datos abiertos,PRIMARY_OFFICIAL
2004,2004-03-14,12 - Castellón/Castelló,PARTIDO HUMANISTA - PH,282,0,Ministerio del Interior / portal oficial de datos abiertos,PRIMARY_OFFICIAL
2004,2004-03-14,12 - Castellón/Castelló,PARTIDO NACIONAL DE LOS TRABAJADORES - PNT,0,0,Ministerio del Interior / portal oficial de datos abiertos,PRIMARY_OFFICIAL
2004,2004-03-14,12 - Castellón/Castelló,PARTIDO NACIONALISTA CALO - PNCA,0,0,Ministerio del Interior / portal oficial de datos abiertos,PRIMARY_OFFICIAL
2004,2004-03-14,12 - Castellón/Castelló,PARTIDO NACIONALISTA CANARIO - PNC,0,0,Ministerio del Interior / portal oficial de datos abiertos,PRIMARY_OFFICIAL
2004,2004-03-14,12 - Castellón/Castelló,PARTIDO OBRERO SOCIALISTA INTERNACIONALISTA - POSI,266,0,Ministerio del Interior / portal oficial de datos abiertos,PRIMARY_OFFICIAL
2004,2004-03-14,12 - Castellón/Castelló,PARTIDO POPULAR - PP,142462,3,Ministerio del Interior / portal oficial de datos abiertos,PRIMARY_OFFICIAL
2004,2004-03-14,12 - Castellón/Castelló,PARTIDO POSITIVISTA CRISTIANO - PPCr,0,0,Ministerio del Interior / portal oficial de datos abiertos,PRIMARY_OFFICIAL
2004,2004-03-14,12 - Castellón/Castelló,PARTIDO REGIONALISTA DE GUADALAJARA - PRGU,0,0,Ministerio del Interior / portal oficial de datos abiertos,PRIMARY_OFFICIAL
2004,2004-03-14,12 - Castellón/Castelló,PARTIDO REPUBLICANO - PRF,152,0,Ministerio del Interior / portal oficial de datos abiertos,PRIMARY_OFFICIAL
2004,2004-03-14,12 - Castellón/Castelló,PARTIDO SOCIAL-DEMOCRATA ANDALUZ - PSDA,0,0,Ministerio del Interior / portal oficial de datos abiertos,PRIMARY_OFFICIAL
2004,2004-03-14,12 - Castellón/Castelló,PARTIDO SOCIALISTA DE ANDALUCIA - PSA,0,0,Ministerio del Interior / portal oficial de datos abiertos,PRIMARY_OFFICIAL
2004,2004-03-14,12 - Castellón/Castelló,PARTIDO SOCIALISTA DE EUSKADI-EUSKADIKO EZKERRA - PSE-EE(PSOE),0,0,Ministerio del Interior / portal oficial de datos abiertos,PRIMARY_OFFICIAL
2004,2004-03-14,12 - Castellón/Castelló,PARTIDO SOCIALISTA DEL PUEBLO DE CEUTA - PSPC,0,0,Ministerio del Interior / portal oficial de datos abiertos,PRIMARY_OFFICIAL
2004,2004-03-14,12 - Castellón/Castelló,PARTIDO SOCIALISTA OBRERO ESPAÑOL - PSOE,139236,2,Ministerio del Interior / portal oficial de datos abiertos,PRIMARY_OFFICIAL
2004,2004-03-14,12 - Castellón/Castelló,PARTIDO SOCIALISTA OBRERO ESPAÑOL DE ANDALUCIA - PSOE de A,0,0,Ministerio del Interior / portal oficial de datos abiertos,PRIMARY_OFFICIAL
2004,2004-03-14,12 - Castellón/Castelló,PARTIT CARLI DE CATALUNYA - PCdeC,0,0,Ministerio del Interior / portal oficial de datos abiertos,PRIMARY_OFFICIAL
2004,2004-03-14,12 - Castellón/Castelló,PARTIT COMUNISTA DEL POBLE DE CATALUNYA - PCPC,0,0,Ministerio del Interior / portal oficial de datos abiertos,PRIMARY_OFFICIAL
2004,2004-03-14,12 - Castellón/Castelló,PARTIT COMUNISTA DELS POBLES D'ESPANYA - PCPE,255,0,Ministerio del Interior / portal oficial de datos abiertos,PRIMARY_OFFICIAL
2004,2004-03-14,12 - Castellón/Castelló,PARTIT DELS SOCIALISTES DE CATALUNYA - PSC-PSOE,0,0,Ministerio del Interior / portal oficial de datos abiertos,PRIMARY_OFFICIAL
2004,2004-03-14,12 - Castellón/Castelló,PARTIT FAMILIA I VIDA - PFiV,0,0,Ministerio del Interior / portal oficial de datos abiertos,PRIMARY_OFFICIAL
2004,2004-03-14,12 - Castellón/Castelló,PARTIT HUMANISTA DE CATALUNYA - PHC,0,0,Ministerio del Interior / portal oficial de datos abiertos,PRIMARY_OFFICIAL
2004,2004-03-14,12 - Castellón/Castelló,PARTIT OBRER SOCIALISTA INTERNACIONALISTA - POSI,0,0,Ministerio del Interior / portal oficial de datos abiertos,PRIMARY_OFFICIAL
2004,2004-03-14,12 - Castellón/Castelló,PARTIT POPULAR - PP,0,0,Ministerio del Interior / portal oficial de datos abiertos,PRIMARY_OFFICIAL
2004,2004-03-14,12 - Castellón/Castelló,PARTIT POPULAR DE CATANLUNYA - PP,0,0,Ministerio del Interior / portal oficial de datos abiertos,PRIMARY_OFFICIAL
2004,2004-03-14,12 - Castellón/Castelló,PARTIU ASTURIANISTA - PAS,0,0,Ministerio del Interior / portal oficial de datos abiertos,PRIMARY_OFFICIAL
2004,2004-03-14,12 - Castellón/Castelló,"PSM-ENTESA NACIONALISTA,ESQUERRA UNIDA,E.VERDS,ERC - PSM-EN,EU,EV,ER",0,0,Ministerio del Interior / portal oficial de datos abiertos,PRIMARY_OFFICIAL
2004,2004-03-14,12 - Castellón/Castelló,"SALAMANCA, ZAMORA, LEON PREPAL - PREPAL",0,0,Ministerio del Interior / portal oficial de datos abiertos,PRIMARY_OFFICIAL
2004,2004-03-14,12 - Castellón/Castelló,TIERRA COMUNERA-PARTIDO NACIONALISTA CASTELLANO - TC-PNC,0,0,Ministerio del Interior / portal oficial de datos abiertos,PRIMARY_OFFICIAL
2004,2004-03-14,12 - Castellón/Castelló,UNIDAD CASTELLANA - Ud Ca,0,0,Ministerio del Interior / portal oficial de datos abiertos,PRIMARY_OFFICIAL
2004,2004-03-14,12 - Castellón/Castelló,UNIO CENTRISTES DE MENORCA - UCM,0,0,Ministerio del Interior / portal oficial de datos abiertos,PRIMARY_OFFICIAL
2004,2004-03-14,12 - Castellón/Castelló,UNIO MALLORQUINA - UM,0,0,Ministerio del Interior / portal oficial de datos abiertos,PRIMARY_OFFICIAL
2004,2004-03-14,12 - Castellón/Castelló,UNION CENTRISTA LIBERAL - UCL,0,0,Ministerio del Interior / portal oficial de datos abiertos,PRIMARY_OFFICIAL
2004,2004-03-14,12 - Castellón/Castelló,UNION DEL PUEBLO BALEAR - UPB,0,0,Ministerio del Interior / portal oficial de datos abiertos,PRIMARY_OFFICIAL
2004,2004-03-14,12 - Castellón/Castelló,UNION DEL PUEBLO LEONES - UPL,0,0,Ministerio del Interior / portal oficial de datos abiertos,PRIMARY_OFFICIAL
2004,2004-03-14,12 - Castellón/Castelló,UNION DEL PUEBLO NAVARRO EN COALICION CON EL PP - UPN-PP,0,0,Ministerio del Interior / portal oficial de datos abiertos,PRIMARY_OFFICIAL
2004,2004-03-14,12 - Castellón/Castelló,UNION DEL PUEBLO SALMANTINO - UPSa,0,0,Ministerio del Interior / portal oficial de datos abiertos,PRIMARY_OFFICIAL
2004,2004-03-14,12 - Castellón/Castelló,UNION NACIONAL - UN,0,0,Ministerio del Interior / portal oficial de datos abiertos,PRIMARY_OFFICIAL
2004,2004-03-14,12 - Castellón/Castelló,ZAMORA UNIDA - ZU,0,0,Ministerio del Interior / portal oficial de datos abiertos,PRIMARY_OFFICIAL
2004,2004-03-14,13 - Ciudad Real,AGRUPACION SOCIAL INDEPENDIENTE - ASI,0,0,Ministerio del Interior / portal oficial de datos abiertos,PRIMARY_OFFICIAL
2004,2004-03-14,13 - Ciudad Real,ALIANZA PARA EL DESARROLLO Y LA NATURALEZA - ADN,0,0,Ministerio del Interior / portal oficial de datos abiertos,PRIMARY_OFFICIAL
2004,2004-03-14,13 - Ciudad Real,ALIANZA POR LA UNIDAD NACIONAL - AUN,0,0,Ministerio del Interior / portal oficial de datos abiertos,PRIMARY_OFFICIAL
2004,2004-03-14,13 - Ciudad Real,ALTERNATIVA MAGA NACIONALISTA - AMAGA,0,0,Ministerio del Interior / portal oficial de datos abiertos,PRIMARY_OFFICIAL
2004,2004-03-14,13 - Ciudad Real,ALTERNATIVA POPULAR CANARIA - APCa,0,0,Ministerio del Interior / portal oficial de datos abiertos,PRIMARY_OFFICIAL
2004,2004-03-14,13 - Ciudad Real,ALTERNATIVA POR GRAN CANARIA - AxGC,0,0,Ministerio del Interior / portal oficial de datos abiertos,PRIMARY_OFFICIAL
2004,2004-03-14,13 - Ciudad Real,ANDECHA ASTUR - AA,0,0,Ministerio del Interior / portal oficial de datos abiertos,PRIMARY_OFFICIAL
2004,2004-03-14,13 - Ciudad Real,ARALAR-ZUTIK - ARALAR-ZUTIK,0,0,Ministerio del Interior / portal oficial de datos abiertos,PRIMARY_OFFICIAL
2004,2004-03-14,13 - Ciudad Real,ASAMBLEA DE ANDALUCIA - A,0,0,Ministerio del Interior / portal oficial de datos abiertos,PRIMARY_OFFICIAL
2004,2004-03-14,13 - Ciudad Real,ASAMBLEA DE IZQUIERDAS-INICIATIVA POR ANDALUCIA - A-IZ,0,0,Ministerio del Interior / portal oficial de datos abiertos,PRIMARY_OFFICIAL
2004,2004-03-14,13 - Ciudad Real,BLOC NACIONALISTA VALENCIA-ESQUERRA VERDA - BLOC-EV,0,0,Ministerio del Interior / portal oficial de datos abiertos,PRIMARY_OFFICIAL
2004,2004-03-14,13 - Ciudad Real,BLOQUE NACIONALISTA GALEGO - BNG,0,0,Ministerio del Interior / portal oficial de datos abiertos,PRIMARY_OFFICIAL
2004,2004-03-14,13 - Ciudad Real,C. IZQUIERDA UNIDA-SOCIALISTAS IND. DE EXTREMADURA - IU-SIEX,0,0,Ministerio del Interior / portal oficial de datos abiertos,PRIMARY_OFFICIAL
2004,2004-03-14,13 - Ciudad Real,CAND. INDEPENDIENTE-EL PARTIDO DE CASTILLA Y LEON - CI,0,0,Ministerio del Interior / portal oficial de datos abiertos,PRIMARY_OFFICIAL
2004,2004-03-14,13 - Ciudad Real,CENTRE DEMOCRATIC I SOCIAL - CDS,0,0,Ministerio del Interior / portal oficial de datos abiertos,PRIMARY_OFFICIAL
2004,2004-03-14,13 - Ciudad Real,CENTRO DEMOCRATICO Y SOCIAL - CDS,351,0,Ministerio del Interior / portal oficial de datos abiertos,PRIMARY_OFFICIAL
2004,2004-03-14,13 - Ciudad Real,CHUNTA ARAGONESISTA - CHA,0,0,Ministerio del Interior / portal oficial de datos abiertos,PRIMARY_OFFICIAL
2004,2004-03-14,13 - Ciudad Real,CIUDADANOS EN BLANCO - CENB,485,0,Ministerio del Interior / portal oficial de datos abiertos,PRIMARY_OFFICIAL
2004,2004-03-14,13 - Ciudad Real,COALICIO TREBALLADORS PER LA DEMOCRACIA - TD,0,0,Ministerio del Interior / portal oficial de datos abiertos,PRIMARY_OFFICIAL
2004,2004-03-14,13 - Ciudad Real,COALICION CANARIA - CC,0,0,Ministerio del Interior / portal oficial de datos abiertos,PRIMARY_OFFICIAL
2004,2004-03-14,13 - Ciudad Real,COALICION GALEGA - CG,0,0,Ministerio del Interior / portal oficial de datos abiertos,PRIMARY_OFFICIAL
2004,2004-03-14,13 - Ciudad Real,CONCEJU NACIONALIEGU CANTABRU - CNC,0,0,Ministerio del Interior / portal oficial de datos abiertos,PRIMARY_OFFICIAL
2004,2004-03-14,13 - Ciudad Real,CONVERGENCIA CIUDADANA DEL SURESTE - CCSE,0,0,Ministerio del Interior / portal oficial de datos abiertos,PRIMARY_OFFICIAL
2004,2004-03-14,13 - Ciudad Real,CONVERGENCIA DE DEMOCRATAS DE NAVARRA - CDN,0,0,Ministerio del Interior / portal oficial de datos abiertos,PRIMARY_OFFICIAL
2004,2004-03-14,13 - Ciudad Real,CONVERGENCIA DEMOCRATICA ASTURIANA Y CDS - CDAS CDS,0,0,Ministerio del Interior / portal oficial de datos abiertos,PRIMARY_OFFICIAL
2004,2004-03-14,13 - Ciudad Real,CONVERGENCIA i UNIO - CiU,0,0,Ministerio del Interior / portal oficial de datos abiertos,PRIMARY_OFFICIAL
2004,2004-03-14,13 - Ciudad Real,DEMOCRACIA NACIONAL - DN,128,0,Ministerio del Interior / portal oficial de datos abiertos,PRIMARY_OFFICIAL
2004,2004-03-14,13 - Ciudad Real,EKA-PARTIDO CARLISTA - EKA,0,0,Ministerio del Interior / portal oficial de datos abiertos,PRIMARY_OFFICIAL
2004,2004-03-14,13 - Ciudad Real,ELS VERDS-ALTERNATIVA VERDA - EV-AV,0,0,Ministerio del Interior / portal oficial de datos abiertos,PRIMARY_OFFICIAL
2004,2004-03-14,13 - Ciudad Real,ELS VERDS-L'ALTERNATIVA ECOLOGISTA - EV-AE,0,0,Ministerio del Interior / portal oficial de datos abiertos,PRIMARY_OFFICIAL
2004,2004-03-14,13 - Ciudad Real,ESCONS INSUBMISOS-ALT. DELS DEMOCRATES DESCONTENTS - Ei,0,0,Ministerio del Interior / portal oficial de datos abiertos,PRIMARY_OFFICIAL
2004,2004-03-14,13 - Ciudad Real,ESPAÑA 2000 - ESPAÑA 2000,0,0,Ministerio del Interior / portal oficial de datos abiertos,PRIMARY_OFFICIAL
2004,2004-03-14,13 - Ciudad Real,ESQUERDA UNIDA-IZQUIERDA UNIDA - EU-IU,0,0,Ministerio del Interior / portal oficial de datos abiertos,PRIMARY_OFFICIAL
2004,2004-03-14,13 - Ciudad Real,ESQUERRA REPUBLICANA DE CATALUNYA - ERC,0,0,Ministerio del Interior / portal oficial de datos abiertos,PRIMARY_OFFICIAL
2004,2004-03-14,13 - Ciudad Real,ESQUERRA REPUBLICANA DEL PAIS VALENCIA - ERPV,0,0,Ministerio del Interior / portal oficial de datos abiertos,PRIMARY_OFFICIAL
2004,2004-03-14,13 - Ciudad Real,ESQUERRA UNIDA PAIS VALENCIA+I.REPUBLICANA:ENTESA - ENTESA,0,0,Ministerio del Interior / portal oficial de datos abiertos,PRIMARY_OFFICIAL
2004,2004-03-14,13 - Ciudad Real,ESTADO NACIONAL EUROPEO - N,0,0,Ministerio del Interior / portal oficial de datos abiertos,PRIMARY_OFFICIAL
2004,2004-03-14,13 - Ciudad Real,EUSKO ALDERDI JELTZALEA-PARTIDO NACIONALISTA VASCO - EAJ-PNV,0,0,Ministerio del Interior / portal oficial de datos abiertos,PRIMARY_OFFICIAL
2004,2004-03-14,13 - Ciudad Real,EUSKO ALKARTASUNA - EA,0,0,Ministerio del Interior / portal oficial de datos abiertos,PRIMARY_OFFICIAL
2004,2004-03-14,13 - Ciudad Real,EXTREMADURA UNIDA - EU,0,0,Ministerio del Interior / portal oficial de datos abiertos,PRIMARY_OFFICIAL
2004,2004-03-14,13 - Ciudad Real,EZKER BATUA-IZQUIERDA UNIDA - EB-IU,0,0,Ministerio del Interior / portal oficial de datos abiertos,PRIMARY_OFFICIAL
2004,2004-03-14,13 - Ciudad Real,FALANGE AUTENTICA - FA,62,0,Ministerio del Interior / portal oficial de datos abiertos,PRIMARY_OFFICIAL
2004,2004-03-14,13 - Ciudad Real,FALANGE ESPAÑOLA DE LAS JONS - FE de las JONS,141,0,Ministerio del Interior / portal oficial de datos abiertos,PRIMARY_OFFICIAL
2004,2004-03-14,13 - Ciudad Real,FRENTE DEMOCRATICO ESPAÑOL - FDE,0,0,Ministerio del Interior / portal oficial de datos abiertos,PRIMARY_OFFICIAL
2004,2004-03-14,13 - Ciudad Real,FRENTE POPULAR GALEGA - FPG,0,0,Ministerio del Interior / portal oficial de datos abiertos,PRIMARY_OFFICIAL
2004,2004-03-14,13 - Ciudad Real,GRUPO POLITICO HONRADEZ ABSOLUTA ESPAÑOLA - GPHAE,0,0,Ministerio del Interior / portal oficial de datos abiertos,PRIMARY_OFFICIAL
2004,2004-03-14,13 - Ciudad Real,GRUPO VERDE EUROPEO - GVE,0,0,Ministerio del Interior / portal oficial de datos abiertos,PRIMARY_OFFICIAL
2004,2004-03-14,13 - Ciudad Real,IDENTIDAD REINO DE VALENCIA - IRV,0,0,Ministerio del Interior / portal oficial de datos abiertos,PRIMARY_OFFICIAL
2004,2004-03-14,13 - Ciudad Real,INIC. PER CATALUNYA VERDS-ESQUERRA UNIDA I ALTERN. - ICV-EUiA,0,0,Ministerio del Interior / portal oficial de datos abiertos,PRIMARY_OFFICIAL
2004,2004-03-14,13 - Ciudad Real,INICIATIVA LOS VERDES-IZQUIERDA UNIDA-AL.CIUDADANA - VERDES-IUC-AC25,0,0,Ministerio del Interior / portal oficial de datos abiertos,PRIMARY_OFFICIAL
2004,2004-03-14,13 - Ciudad Real,INICIATIVA POR EL DESARROLLO DE SORIA - I.DE.S.,0,0,Ministerio del Interior / portal oficial de datos abiertos,PRIMARY_OFFICIAL
2004,2004-03-14,13 - Ciudad Real,IZQUIERDA ASTURIANA - IAS,0,0,Ministerio del Interior / portal oficial de datos abiertos,PRIMARY_OFFICIAL
2004,2004-03-14,13 - Ciudad Real,IZQUIERDA REPUBLICANA - IR,108,0,Ministerio del Interior / portal oficial de datos abiertos,PRIMARY_OFFICIAL
2004,2004-03-14,13 - Ciudad Real,IZQUIERDA REPUBLICANA-ESQUERDA REPUBLICANA GALEGA - IR-ERG,0,0,Ministerio del Interior / portal oficial de datos abiertos,PRIMARY_OFFICIAL
2004,2004-03-14,13 - Ciudad Real,IZQUIERDA REPUBLICANA-PARTIT REPUBLICA D'ESQUERRA - IR-PRE,0,0,Ministerio del Interior / portal oficial de datos abiertos,PRIMARY_OFFICIAL
2004,2004-03-14,13 - Ciudad Real,IZQUIERDA UNIDA - IU,0,0,Ministerio del Interior / portal oficial de datos abiertos,PRIMARY_OFFICIAL
2004,2004-03-14,13 - Ciudad Real,IZQUIERDA UNIDA BLOQUE POR ASTURIES - IU-BA,0,0,Ministerio del Interior / portal oficial de datos abiertos,PRIMARY_OFFICIAL
2004,2004-03-14,13 - Ciudad Real,IZQUIERDA UNIDA DE LA COMUNIDAD DE MADRID - IU,0,0,Ministerio del Interior / portal oficial de datos abiertos,PRIMARY_OFFICIAL
2004,2004-03-14,13 - Ciudad Real,IZQUIERDA UNIDA DE NAVARRA-NAFARROAKO EZKER BATUA - IUN-NEB,0,0,Ministerio del Interior / portal oficial de datos abiertos,PRIMARY_OFFICIAL
2004,2004-03-14,13 - Ciudad Real,IZQUIERDA UNIDA-IZQUIERDA DE CASTILLA-LA MANCHA - IU,8581,0,Ministerio del Interior / portal oficial de datos abiertos,PRIMARY_OFFICIAL
2004,2004-03-14,13 - Ciudad Real,IZQUIERDA UNIDA-LOS VERDES - IU-LV,0,0,Ministerio del Interior / portal oficial de datos abiertos,PRIMARY_OFFICIAL
2004,2004-03-14,13 - Ciudad Real,IZQUIERDA UNIDA-VERDES-CONVOCATORIA POR ANDALUCIA - IULV-CA,0,0,Ministerio del Interior / portal oficial de datos abiertos,PRIMARY_OFFICIAL
2004,2004-03-14,13 - Ciudad Real,LA FALANGE - FE,132,0,Ministerio del Interior / portal oficial de datos abiertos,PRIMARY_OFFICIAL
2004,2004-03-14,13 - Ciudad Real,LLUITA INTERNACIONALISTA - L.I. (LIT-CI),0,0,Ministerio del Interior / portal oficial de datos abiertos,PRIMARY_OFFICIAL
2004,2004-03-14,13 - Ciudad Real,LOS VERDES - LVRM,0,0,Ministerio del Interior / portal oficial de datos abiertos,PRIMARY_OFFICIAL
2004,2004-03-14,13 - Ciudad Real,LOS VERDES DE ASTURIES - VERDES,0,0,Ministerio del Interior / portal oficial de datos abiertos,PRIMARY_OFFICIAL
2004,2004-03-14,13 - Ciudad Real,LOS VERDES DE EXTREMADURA - LV,0,0,Ministerio del Interior / portal oficial de datos abiertos,PRIMARY_OFFICIAL
2004,2004-03-14,13 - Ciudad Real,LOS VERDES DE LA COMUNIDAD DE MADRID - LVCM,0,0,Ministerio del Interior / portal oficial de datos abiertos,PRIMARY_OFFICIAL
2004,2004-03-14,13 - Ciudad Real,LOS VERDES-ECOPACIFISTAS - LV-E,0,0,Ministerio del Interior / portal oficial de datos abiertos,PRIMARY_OFFICIAL
2004,2004-03-14,13 - Ciudad Real,"LOS VERDES-ECOPACIFISTAS, ELS VERDS-ECOPACIFISTES - LV-E",0,0,Ministerio del Interior / portal oficial de datos abiertos,PRIMARY_OFFICIAL
2004,2004-03-14,13 - Ciudad Real,LOS VERDES-GRUPO VERDE - LV-GV,0,0,Ministerio del Interior / portal oficial de datos abiertos,PRIMARY_OFFICIAL
2004,2004-03-14,13 - Ciudad Real,LUCHA INTERNACIONALISTA - L.I. (LIT-CI),0,0,Ministerio del Interior / portal oficial de datos abiertos,PRIMARY_OFFICIAL
2004,2004-03-14,13 - Ciudad Real,MOVIMENT SOCIAL REPUBLICA - MSR,0,0,Ministerio del Interior / portal oficial de datos abiertos,PRIMARY_OFFICIAL
2004,2004-03-14,13 - Ciudad Real,MOVIMIENTO SOCIAL REPUBLICANO - MSR,85,0,Ministerio del Interior / portal oficial de datos abiertos,PRIMARY_OFFICIAL
2004,2004-03-14,13 - Ciudad Real,NAFARROA BAI - Na-Bai,0,0,Ministerio del Interior / portal oficial de datos abiertos,PRIMARY_OFFICIAL
2004,2004-03-14,13 - Ciudad Real,OTRA DEMOCRACIA ES POSIBLE - OtraDem,0,0,Ministerio del Interior / portal oficial de datos abiertos,PRIMARY_OFFICIAL
2004,2004-03-14,13 - Ciudad Real,P.SOCIALDEMOCRATA IND. DE LA COMUNITAT VALENCIANA - PSICV,0,0,Ministerio del Interior / portal oficial de datos abiertos,PRIMARY_OFFICIAL
2004,2004-03-14,13 - Ciudad Real,PART. CANNABIS POR LA LEGALIZACION Y NORMALIZACION - P.CANNABIS,0,0,Ministerio del Interior / portal oficial de datos abiertos,PRIMARY_OFFICIAL
2004,2004-03-14,13 - Ciudad Real,PARTIDO ANDALUCISTA - PA,0,0,Ministerio del Interior / portal oficial de datos abiertos,PRIMARY_OFFICIAL
2004,2004-03-14,13 - Ciudad Real,PARTIDO ARAGONES - PAR,0,0,Ministerio del Interior / portal oficial de datos abiertos,PRIMARY_OFFICIAL
2004,2004-03-14,13 - Ciudad Real,PARTIDO CARLISTA - PC,0,0,Ministerio del Interior / portal oficial de datos abiertos,PRIMARY_OFFICIAL
2004,2004-03-14,13 - Ciudad Real,PARTIDO CARLISTA - PCA,0,0,Ministerio del Interior / portal oficial de datos abiertos,PRIMARY_OFFICIAL
2004,2004-03-14,13 - Ciudad Real,PARTIDO COMUNISTA DE LOS PUEBLOS DE ESPAÑA - PCPE,192,0,Ministerio del Interior / portal oficial de datos abiertos,PRIMARY_OFFICIAL
2004,2004-03-14,13 - Ciudad Real,PARTIDO COMUNISTA DEL PUEBLO CANARIO - PCPC,0,0,Ministerio del Interior / portal oficial de datos abiertos,PRIMARY_OFFICIAL
2004,2004-03-14,13 - Ciudad Real,PARTIDO COMUNISTA DEL PUEBLO CASTELLANO - PCPC,0,0,Ministerio del Interior / portal oficial de datos abiertos,PRIMARY_OFFICIAL
2004,2004-03-14,13 - Ciudad Real,PARTIDO COMUNISTA DEL PUEBLO CASTELLANO - PCPC-PCPE,0,0,Ministerio del Interior / portal oficial de datos abiertos,PRIMARY_OFFICIAL
2004,2004-03-14,13 - Ciudad Real,PARTIDO COMUNISTA DEL PUEBLO CASTELLANO-PCPE - PCPC-PCPE,0,0,Ministerio del Interior / portal oficial de datos abiertos,PRIMARY_OFFICIAL
2004,2004-03-14,13 - Ciudad Real,PARTIDO DE LA GENTE - LG,0,0,Ministerio del Interior / portal oficial de datos abiertos,PRIMARY_OFFICIAL
2004,2004-03-14,13 - Ciudad Real,PARTIDO DE LOS AUTONOMOS JUBILADOS Y VIUDAS - PAE,0,0,Ministerio del Interior / portal oficial de datos abiertos,PRIMARY_OFFICIAL
2004,2004-03-14,13 - Ciudad Real,PARTIDO DE LOS AUTONOMOS Y PROFESIONALES - AU.TO.NO.MO,0,0,Ministerio del Interior / portal oficial de datos abiertos,PRIMARY_OFFICIAL
2004,2004-03-14,13 - Ciudad Real,PARTIDO DE LOS TRABAJADORES EN PRECARIO - PTPRE,0,0,Ministerio del Interior / portal oficial de datos abiertos,PRIMARY_OFFICIAL
2004,2004-03-14,13 - Ciudad Real,PARTIDO DEL KARMA DEMOCRATICO - PKD,0,0,Ministerio del Interior / portal oficial de datos abiertos,PRIMARY_OFFICIAL
2004,2004-03-14,13 - Ciudad Real,PARTIDO DEL MUTUO APOYO ROMANTICO - PMAR,0,0,Ministerio del Interior / portal oficial de datos abiertos,PRIMARY_OFFICIAL
2004,2004-03-14,13 - Ciudad Real,PARTIDO DEMOCRATA ESPAÑOL - PADE,140,0,Ministerio del Interior / portal oficial de datos abiertos,PRIMARY_OFFICIAL
2004,2004-03-14,13 - Ciudad Real,PARTIDO DEMOCRATA NACIONAL DE ESPAÑA - PDN,0,0,Ministerio del Interior / portal oficial de datos abiertos,PRIMARY_OFFICIAL
2004,2004-03-14,13 - Ciudad Real,PARTIDO DOS SOCIALISTAS DE GALICIA-PSOE - PSdeG-PSOE,0,0,Ministerio del Interior / portal oficial de datos abiertos,PRIMARY_OFFICIAL
2004,2004-03-14,13 - Ciudad Real,PARTIDO FAMILIA I VIDA - PFiV,0,0,Ministerio del Interior / portal oficial de datos abiertos,PRIMARY_OFFICIAL
2004,2004-03-14,13 - Ciudad Real,PARTIDO FAMILIA Y VIDA - FyV,0,0,Ministerio del Interior / portal oficial de datos abiertos,PRIMARY_OFFICIAL
2004,2004-03-14,13 - Ciudad Real,PARTIDO FAMILIA Y VIDA - PFyV,0,0,Ministerio del Interior / portal oficial de datos abiertos,PRIMARY_OFFICIAL
2004,2004-03-14,13 - Ciudad Real,PARTIDO HUMANISTA - PH,288,0,Ministerio del Interior / portal oficial de datos abiertos,PRIMARY_OFFICIAL
2004,2004-03-14,13 - Ciudad Real,PARTIDO NACIONAL DE LOS TRABAJADORES - PNT,0,0,Ministerio del Interior / portal oficial de datos abiertos,PRIMARY_OFFICIAL
2004,2004-03-14,13 - Ciudad Real,PARTIDO NACIONALISTA CALO - PNCA,0,0,Ministerio del Interior / portal oficial de datos abiertos,PRIMARY_OFFICIAL
2004,2004-03-14,13 - Ciudad Real,PARTIDO NACIONALISTA CANARIO - PNC,0,0,Ministerio del Interior / portal oficial de datos abiertos,PRIMARY_OFFICIAL
2004,2004-03-14,13 - Ciudad Real,PARTIDO OBRERO SOCIALISTA INTERNACIONALISTA - POSI,0,0,Ministerio del Interior / portal oficial de datos abiertos,PRIMARY_OFFICIAL
2004,2004-03-14,13 - Ciudad Real,PARTIDO POPULAR - PP,142508,2,Ministerio del Interior / portal oficial de datos abiertos,PRIMARY_OFFICIAL
2004,2004-03-14,13 - Ciudad Real,PARTIDO POSITIVISTA CRISTIANO - PPCr,0,0,Ministerio del Interior / portal oficial de datos abiertos,PRIMARY_OFFICIAL
2004,2004-03-14,13 - Ciudad Real,PARTIDO REGIONALISTA DE GUADALAJARA - PRGU,0,0,Ministerio del Interior / portal oficial de datos abiertos,PRIMARY_OFFICIAL
2004,2004-03-14,13 - Ciudad Real,PARTIDO REPUBLICANO - PRF,0,0,Ministerio del Interior / portal oficial de datos abiertos,PRIMARY_OFFICIAL
2004,2004-03-14,13 - Ciudad Real,PARTIDO SOCIAL-DEMOCRATA ANDALUZ - PSDA,0,0,Ministerio del Interior / portal oficial de datos abiertos,PRIMARY_OFFICIAL
2004,2004-03-14,13 - Ciudad Real,PARTIDO SOCIALISTA DE ANDALUCIA - PSA,0,0,Ministerio del Interior / portal oficial de datos abiertos,PRIMARY_OFFICIAL
2004,2004-03-14,13 - Ciudad Real,PARTIDO SOCIALISTA DE EUSKADI-EUSKADIKO EZKERRA - PSE-EE(PSOE),0,0,Ministerio del Interior / portal oficial de datos abiertos,PRIMARY_OFFICIAL
2004,2004-03-14,13 - Ciudad Real,PARTIDO SOCIALISTA DEL PUEBLO DE CEUTA - PSPC,0,0,Ministerio del Interior / portal oficial de datos abiertos,PRIMARY_OFFICIAL
2004,2004-03-14,13 - Ciudad Real,PARTIDO SOCIALISTA OBRERO ESPAÑOL - PSOE,147271,3,Ministerio del Interior / portal oficial de datos abiertos,PRIMARY_OFFICIAL
2004,2004-03-14,13 - Ciudad Real,PARTIDO SOCIALISTA OBRERO ESPAÑOL DE ANDALUCIA - PSOE de A,0,0,Ministerio del Interior / portal oficial de datos abiertos,PRIMARY_OFFICIAL
2004,2004-03-14,13 - Ciudad Real,PARTIT CARLI DE CATALUNYA - PCdeC,0,0,Ministerio del Interior / portal oficial de datos abiertos,PRIMARY_OFFICIAL
2004,2004-03-14,13 - Ciudad Real,PARTIT COMUNISTA DEL POBLE DE CATALUNYA - PCPC,0,0,Ministerio del Interior / portal oficial de datos abiertos,PRIMARY_OFFICIAL
2004,2004-03-14,13 - Ciudad Real,PARTIT COMUNISTA DELS POBLES D'ESPANYA - PCPE,0,0,Ministerio del Interior / portal oficial de datos abiertos,PRIMARY_OFFICIAL
2004,2004-03-14,13 - Ciudad Real,PARTIT DELS SOCIALISTES DE CATALUNYA - PSC-PSOE,0,0,Ministerio del Interior / portal oficial de datos abiertos,PRIMARY_OFFICIAL
2004,2004-03-14,13 - Ciudad Real,PARTIT FAMILIA I VIDA - PFiV,0,0,Ministerio del Interior / portal oficial de datos abiertos,PRIMARY_OFFICIAL
2004,2004-03-14,13 - Ciudad Real,PARTIT HUMANISTA DE CATALUNYA - PHC,0,0,Ministerio del Interior / portal oficial de datos abiertos,PRIMARY_OFFICIAL
2004,2004-03-14,13 - Ciudad Real,PARTIT OBRER SOCIALISTA INTERNACIONALISTA - POSI,0,0,Ministerio del Interior / portal oficial de datos abiertos,PRIMARY_OFFICIAL
2004,2004-03-14,13 - Ciudad Real,PARTIT POPULAR - PP,0,0,Ministerio del Interior / portal oficial de datos abiertos,PRIMARY_OFFICIAL
2004,2004-03-14,13 - Ciudad Real,PARTIT POPULAR DE CATANLUNYA - PP,0,0,Ministerio del Interior / portal oficial de datos abiertos,PRIMARY_OFFICIAL
2004,2004-03-14,13 - Ciudad Real,PARTIU ASTURIANISTA - PAS,0,0,Ministerio del Interior / portal oficial de datos abiertos,PRIMARY_OFFICIAL
2004,2004-03-14,13 - Ciudad Real,"PSM-ENTESA NACIONALISTA,ESQUERRA UNIDA,E.VERDS,ERC - PSM-EN,EU,EV,ER",0,0,Ministerio del Interior / portal oficial de datos abiertos,PRIMARY_OFFICIAL
2004,2004-03-14,13 - Ciudad Real,"SALAMANCA, ZAMORA, LEON PREPAL - PREPAL",0,0,Ministerio del Interior / portal oficial de datos abiertos,PRIMARY_OFFICIAL
2004,2004-03-14,13 - Ciudad Real,TIERRA COMUNERA-PARTIDO NACIONALISTA CASTELLANO - TC-PNC,247,0,Ministerio del Interior / portal oficial de datos abiertos,PRIMARY_OFFICIAL
2004,2004-03-14,13 - Ciudad Real,UNIDAD CASTELLANA - Ud Ca,601,0,Ministerio del Interior / portal oficial de datos abiertos,PRIMARY_OFFICIAL
2004,2004-03-14,13 - Ciudad Real,UNIO CENTRISTES DE MENORCA - UCM,0,0,Ministerio del Interior / portal oficial de datos abiertos,PRIMARY_OFFICIAL
2004,2004-03-14,13 - Ciudad Real,UNIO MALLORQUINA - UM,0,0,Ministerio del Interior / portal oficial de datos abiertos,PRIMARY_OFFICIAL
2004,2004-03-14,13 - Ciudad Real,UNION CENTRISTA LIBERAL - UCL,0,0,Ministerio del Interior / portal oficial de datos abiertos,PRIMARY_OFFICIAL
2004,2004-03-14,13 - Ciudad Real,UNION DEL PUEBLO BALEAR - UPB,0,0,Ministerio del Interior / portal oficial de datos abiertos,PRIMARY_OFFICIAL
2004,2004-03-14,13 - Ciudad Real,UNION DEL PUEBLO LEONES - UPL,0,0,Ministerio del Interior / portal oficial de datos abiertos,PRIMARY_OFFICIAL
2004,2004-03-14,13 - Ciudad Real,UNION DEL PUEBLO NAVARRO EN COALICION CON EL PP - UPN-PP,0,0,Ministerio del Interior / portal oficial de datos abiertos,PRIMARY_OFFICIAL
2004,2004-03-14,13 - Ciudad Real,UNION DEL PUEBLO SALMANTINO - UPSa,0,0,Ministerio del Interior / portal oficial de datos abiertos,PRIMARY_OFFICIAL
2004,2004-03-14,13 - Ciudad Real,UNION NACIONAL - UN,0,0,Ministerio del Interior / portal oficial de datos abiertos,PRIMARY_OFFICIAL
2004,2004-03-14,13 - Ciudad Real,ZAMORA UNIDA - ZU,0,0,Ministerio del Interior / portal oficial de datos abiertos,PRIMARY_OFFICIAL
2004,2004-03-14,14 - Córdoba,AGRUPACION SOCIAL INDEPENDIENTE - ASI,0,0,Ministerio del Interior / portal oficial de datos abiertos,PRIMARY_OFFICIAL
2004,2004-03-14,14 - Córdoba,ALIANZA PARA EL DESARROLLO Y LA NATURALEZA - ADN,0,0,Ministerio del Interior / portal oficial de datos abiertos,PRIMARY_OFFICIAL
2004,2004-03-14,14 - Córdoba,ALIANZA POR LA UNIDAD NACIONAL - AUN,0,0,Ministerio del Interior / portal oficial de datos abiertos,PRIMARY_OFFICIAL
2004,2004-03-14,14 - Córdoba,ALTERNATIVA MAGA NACIONALISTA - AMAGA,0,0,Ministerio del Interior / portal oficial de datos abiertos,PRIMARY_OFFICIAL
2004,2004-03-14,14 - Córdoba,ALTERNATIVA POPULAR CANARIA - APCa,0,0,Ministerio del Interior / portal oficial de datos abiertos,PRIMARY_OFFICIAL
2004,2004-03-14,14 - Córdoba,ALTERNATIVA POR GRAN CANARIA - AxGC,0,0,Ministerio del Interior / portal oficial de datos abiertos,PRIMARY_OFFICIAL
2004,2004-03-14,14 - Córdoba,ANDECHA ASTUR - AA,0,0,Ministerio del Interior / portal oficial de datos abiertos,PRIMARY_OFFICIAL
2004,2004-03-14,14 - Córdoba,ARALAR-ZUTIK - ARALAR-ZUTIK,0,0,Ministerio del Interior / portal oficial de datos abiertos,PRIMARY_OFFICIAL
2004,2004-03-14,14 - Córdoba,ASAMBLEA DE ANDALUCIA - A,456,0,Ministerio del Interior / portal oficial de datos abiertos,PRIMARY_OFFICIAL
2004,2004-03-14,14 - Córdoba,ASAMBLEA DE IZQUIERDAS-INICIATIVA POR ANDALUCIA - A-IZ,0,0,Ministerio del Interior / portal oficial de datos abiertos,PRIMARY_OFFICIAL
2004,2004-03-14,14 - Córdoba,BLOC NACIONALISTA VALENCIA-ESQUERRA VERDA - BLOC-EV,0,0,Ministerio del Interior / portal oficial de datos abiertos,PRIMARY_OFFICIAL
2004,2004-03-14,14 - Córdoba,BLOQUE NACIONALISTA GALEGO - BNG,0,0,Ministerio del Interior / portal oficial de datos abiertos,PRIMARY_OFFICIAL
2004,2004-03-14,14 - Córdoba,C. IZQUIERDA UNIDA-SOCIALISTAS IND. DE EXTREMADURA - IU-SIEX,0,0,Ministerio del Interior / portal oficial de datos abiertos,PRIMARY_OFFICIAL
2004,2004-03-14,14 - Córdoba,CAND. INDEPENDIENTE-EL PARTIDO DE CASTILLA Y LEON - CI,0,0,Ministerio del Interior / portal oficial de datos abiertos,PRIMARY_OFFICIAL
2004,2004-03-14,14 - Córdoba,CENTRE DEMOCRATIC I SOCIAL - CDS,0,0,Ministerio del Interior / portal oficial de datos abiertos,PRIMARY_OFFICIAL
2004,2004-03-14,14 - Córdoba,CENTRO DEMOCRATICO Y SOCIAL - CDS,390,0,Ministerio del Interior / portal oficial de datos abiertos,PRIMARY_OFFICIAL
2004,2004-03-14,14 - Córdoba,CHUNTA ARAGONESISTA - CHA,0,0,Ministerio del Interior / portal oficial de datos abiertos,PRIMARY_OFFICIAL
2004,2004-03-14,14 - Córdoba,CIUDADANOS EN BLANCO - CENB,736,0,Ministerio del Interior / portal oficial de datos abiertos,PRIMARY_OFFICIAL
2004,2004-03-14,14 - Córdoba,COALICIO TREBALLADORS PER LA DEMOCRACIA - TD,0,0,Ministerio del Interior / portal oficial de datos abiertos,PRIMARY_OFFICIAL
2004,2004-03-14,14 - Córdoba,COALICION CANARIA - CC,0,0,Ministerio del Interior / portal oficial de datos abiertos,PRIMARY_OFFICIAL
2004,2004-03-14,14 - Córdoba,COALICION GALEGA - CG,0,0,Ministerio del Interior / portal oficial de datos abiertos,PRIMARY_OFFICIAL
2004,2004-03-14,14 - Córdoba,CONCEJU NACIONALIEGU CANTABRU - CNC,0,0,Ministerio del Interior / portal oficial de datos abiertos,PRIMARY_OFFICIAL
2004,2004-03-14,14 - Córdoba,CONVERGENCIA CIUDADANA DEL SURESTE - CCSE,0,0,Ministerio del Interior / portal oficial de datos abiertos,PRIMARY_OFFICIAL
2004,2004-03-14,14 - Córdoba,CONVERGENCIA DE DEMOCRATAS DE NAVARRA - CDN,0,0,Ministerio del Interior / portal oficial de datos abiertos,PRIMARY_OFFICIAL
2004,2004-03-14,14 - Córdoba,CONVERGENCIA DEMOCRATICA ASTURIANA Y CDS - CDAS CDS,0,0,Ministerio del Interior / portal oficial de datos abiertos,PRIMARY_OFFICIAL
2004,2004-03-14,14 - Córdoba,CONVERGENCIA i UNIO - CiU,0,0,Ministerio del Interior / portal oficial de datos abiertos,PRIMARY_OFFICIAL
2004,2004-03-14,14 - Córdoba,DEMOCRACIA NACIONAL - DN,190,0,Ministerio del Interior / portal oficial de datos abiertos,PRIMARY_OFFICIAL
2004,2004-03-14,14 - Córdoba,EKA-PARTIDO CARLISTA - EKA,0,0,Ministerio del Interior / portal oficial de datos abiertos,PRIMARY_OFFICIAL
2004,2004-03-14,14 - Córdoba,ELS VERDS-ALTERNATIVA VERDA - EV-AV,0,0,Ministerio del Interior / portal oficial de datos abiertos,PRIMARY_OFFICIAL
2004,2004-03-14,14 - Córdoba,ELS VERDS-L'ALTERNATIVA ECOLOGISTA - EV-AE,0,0,Ministerio del Interior / portal oficial de datos abiertos,PRIMARY_OFFICIAL
2004,2004-03-14,14 - Córdoba,ESCONS INSUBMISOS-ALT. DELS DEMOCRATES DESCONTENTS - Ei,0,0,Ministerio del Interior / portal oficial de datos abiertos,PRIMARY_OFFICIAL
2004,2004-03-14,14 - Córdoba,ESPAÑA 2000 - ESPAÑA 2000,0,0,Ministerio del Interior / portal oficial de datos abiertos,PRIMARY_OFFICIAL
2004,2004-03-14,14 - Córdoba,ESQUERDA UNIDA-IZQUIERDA UNIDA - EU-IU,0,0,Ministerio del Interior / portal oficial de datos abiertos,PRIMARY_OFFICIAL
2004,2004-03-14,14 - Córdoba,ESQUERRA REPUBLICANA DE CATALUNYA - ERC,0,0,Ministerio del Interior / portal oficial de datos abiertos,PRIMARY_OFFICIAL
2004,2004-03-14,14 - Córdoba,ESQUERRA REPUBLICANA DEL PAIS VALENCIA - ERPV,0,0,Ministerio del Interior / portal oficial de datos abiertos,PRIMARY_OFFICIAL
2004,2004-03-14,14 - Córdoba,ESQUERRA UNIDA PAIS VALENCIA+I.REPUBLICANA:ENTESA - ENTESA,0,0,Ministerio del Interior / portal oficial de datos abiertos,PRIMARY_OFFICIAL
2004,2004-03-14,14 - Córdoba,ESTADO NACIONAL EUROPEO - N,0,0,Ministerio del Interior / portal oficial de datos abiertos,PRIMARY_OFFICIAL
2004,2004-03-14,14 - Córdoba,EUSKO ALDERDI JELTZALEA-PARTIDO NACIONALISTA VASCO - EAJ-PNV,0,0,Ministerio del Interior / portal oficial de datos abiertos,PRIMARY_OFFICIAL
2004,2004-03-14,14 - Córdoba,EUSKO ALKARTASUNA - EA,0,0,Ministerio del Interior / portal oficial de datos abiertos,PRIMARY_OFFICIAL
2004,2004-03-14,14 - Córdoba,EXTREMADURA UNIDA - EU,0,0,Ministerio del Interior / portal oficial de datos abiertos,PRIMARY_OFFICIAL
2004,2004-03-14,14 - Córdoba,EZKER BATUA-IZQUIERDA UNIDA - EB-IU,0,0,Ministerio del Interior / portal oficial de datos abiertos,PRIMARY_OFFICIAL
2004,2004-03-14,14 - Córdoba,FALANGE AUTENTICA - FA,0,0,Ministerio del Interior / portal oficial de datos abiertos,PRIMARY_OFFICIAL
2004,2004-03-14,14 - Córdoba,FALANGE ESPAÑOLA DE LAS JONS - FE de las JONS,179,0,Ministerio del Interior / portal oficial de datos abiertos,PRIMARY_OFFICIAL
2004,2004-03-14,14 - Córdoba,FRENTE DEMOCRATICO ESPAÑOL - FDE,0,0,Ministerio del Interior / portal oficial de datos abiertos,PRIMARY_OFFICIAL
2004,2004-03-14,14 - Córdoba,FRENTE POPULAR GALEGA - FPG,0,0,Ministerio del Interior / portal oficial de datos abiertos,PRIMARY_OFFICIAL
2004,2004-03-14,14 - Córdoba,GRUPO POLITICO HONRADEZ ABSOLUTA ESPAÑOLA - GPHAE,0,0,Ministerio del Interior / portal oficial de datos abiertos,PRIMARY_OFFICIAL
2004,2004-03-14,14 - Córdoba,GRUPO VERDE EUROPEO - GVE,0,0,Ministerio del Interior / portal oficial de datos abiertos,PRIMARY_OFFICIAL
2004,2004-03-14,14 - Córdoba,IDENTIDAD REINO DE VALENCIA - IRV,0,0,Ministerio del Interior / portal oficial de datos abiertos,PRIMARY_OFFICIAL
2004,2004-03-14,14 - Córdoba,INIC. PER CATALUNYA VERDS-ESQUERRA UNIDA I ALTERN. - ICV-EUiA,0,0,Ministerio del Interior / portal oficial de datos abiertos,PRIMARY_OFFICIAL
2004,2004-03-14,14 - Córdoba,INICIATIVA LOS VERDES-IZQUIERDA UNIDA-AL.CIUDADANA - VERDES-IUC-AC25,0,0,Ministerio del Interior / portal oficial de datos abiertos,PRIMARY_OFFICIAL
2004,2004-03-14,14 - Córdoba,INICIATIVA POR EL DESARROLLO DE SORIA - I.DE.S.,0,0,Ministerio del Interior / portal oficial de datos abiertos,PRIMARY_OFFICIAL
2004,2004-03-14,14 - Córdoba,IZQUIERDA ASTURIANA - IAS,0,0,Ministerio del Interior / portal oficial de datos abiertos,PRIMARY_OFFICIAL
2004,2004-03-14,14 - Córdoba,IZQUIERDA REPUBLICANA - IR,356,0,Ministerio del Interior / portal oficial de datos abiertos,PRIMARY_OFFICIAL
2004,2004-03-14,14 - Córdoba,IZQUIERDA REPUBLICANA-ESQUERDA REPUBLICANA GALEGA - IR-ERG,0,0,Ministerio del Interior / portal oficial de datos abiertos,PRIMARY_OFFICIAL
2004,2004-03-14,14 - Córdoba,IZQUIERDA REPUBLICANA-PARTIT REPUBLICA D'ESQUERRA - IR-PRE,0,0,Ministerio del Interior / portal oficial de datos abiertos,PRIMARY_OFFICIAL
2004,2004-03-14,14 - Córdoba,IZQUIERDA UNIDA - IU,0,0,Ministerio del Interior / portal oficial de datos abiertos,PRIMARY_OFFICIAL
2004,2004-03-14,14 - Córdoba,IZQUIERDA UNIDA BLOQUE POR ASTURIES - IU-BA,0,0,Ministerio del Interior / portal oficial de datos abiertos,PRIMARY_OFFICIAL
2004,2004-03-14,14 - Córdoba,IZQUIERDA UNIDA DE LA COMUNIDAD DE MADRID - IU,0,0,Ministerio del Interior / portal oficial de datos abiertos,PRIMARY_OFFICIAL
2004,2004-03-14,14 - Córdoba,IZQUIERDA UNIDA DE NAVARRA-NAFARROAKO EZKER BATUA - IUN-NEB,0,0,Ministerio del Interior / portal oficial de datos abiertos,PRIMARY_OFFICIAL
2004,2004-03-14,14 - Córdoba,IZQUIERDA UNIDA-IZQUIERDA DE CASTILLA-LA MANCHA - IU,0,0,Ministerio del Interior / portal oficial de datos abiertos,PRIMARY_OFFICIAL
2004,2004-03-14,14 - Córdoba,IZQUIERDA UNIDA-LOS VERDES - IU-LV,0,0,Ministerio del Interior / portal oficial de datos abiertos,PRIMARY_OFFICIAL
2004,2004-03-14,14 - Córdoba,IZQUIERDA UNIDA-VERDES-CONVOCATORIA POR ANDALUCIA - IULV-CA,47908,0,Ministerio del Interior / portal oficial de datos abiertos,PRIMARY_OFFICIAL
2004,2004-03-14,14 - Córdoba,LA FALANGE - FE,161,0,Ministerio del Interior / portal oficial de datos abiertos,PRIMARY_OFFICIAL
2004,2004-03-14,14 - Córdoba,LLUITA INTERNACIONALISTA - L.I. (LIT-CI),0,0,Ministerio del Interior / portal oficial de datos abiertos,PRIMARY_OFFICIAL
2004,2004-03-14,14 - Córdoba,LOS VERDES - LVRM,0,0,Ministerio del Interior / portal oficial de datos abiertos,PRIMARY_OFFICIAL
2004,2004-03-14,14 - Córdoba,LOS VERDES DE ASTURIES - VERDES,0,0,Ministerio del Interior / portal oficial de datos abiertos,PRIMARY_OFFICIAL
2004,2004-03-14,14 - Córdoba,LOS VERDES DE EXTREMADURA - LV,0,0,Ministerio del Interior / portal oficial de datos abiertos,PRIMARY_OFFICIAL
2004,2004-03-14,14 - Córdoba,LOS VERDES DE LA COMUNIDAD DE MADRID - LVCM,0,0,Ministerio del Interior / portal oficial de datos abiertos,PRIMARY_OFFICIAL
2004,2004-03-14,14 - Córdoba,LOS VERDES-ECOPACIFISTAS - LV-E,0,0,Ministerio del Interior / portal oficial de datos abiertos,PRIMARY_OFFICIAL
2004,2004-03-14,14 - Córdoba,"LOS VERDES-ECOPACIFISTAS, ELS VERDS-ECOPACIFISTES - LV-E",0,0,Ministerio del Interior / portal oficial de datos abiertos,PRIMARY_OFFICIAL
2004,2004-03-14,14 - Córdoba,LOS VERDES-GRUPO VERDE - LV-GV,0,0,Ministerio del Interior / portal oficial de datos abiertos,PRIMARY_OFFICIAL
2004,2004-03-14,14 - Córdoba,LUCHA INTERNACIONALISTA - L.I. (LIT-CI),0,0,Ministerio del Interior / portal oficial de datos abiertos,PRIMARY_OFFICIAL
2004,2004-03-14,14 - Córdoba,MOVIMENT SOCIAL REPUBLICA - MSR,0,0,Ministerio del Interior / portal oficial de datos abiertos,PRIMARY_OFFICIAL
2004,2004-03-14,14 - Córdoba,MOVIMIENTO SOCIAL REPUBLICANO - MSR,134,0,Ministerio del Interior / portal oficial de datos abiertos,PRIMARY_OFFICIAL
2004,2004-03-14,14 - Córdoba,NAFARROA BAI - Na-Bai,0,0,Ministerio del Interior / portal oficial de datos abiertos,PRIMARY_OFFICIAL
2004,2004-03-14,14 - Córdoba,OTRA DEMOCRACIA ES POSIBLE - OtraDem,0,0,Ministerio del Interior / portal oficial de datos abiertos,PRIMARY_OFFICIAL
2004,2004-03-14,14 - Córdoba,P.SOCIALDEMOCRATA IND. DE LA COMUNITAT VALENCIANA - PSICV,0,0,Ministerio del Interior / portal oficial de datos abiertos,PRIMARY_OFFICIAL
2004,2004-03-14,14 - Córdoba,PART. CANNABIS POR LA LEGALIZACION Y NORMALIZACION - P.CANNABIS,0,0,Ministerio del Interior / portal oficial de datos abiertos,PRIMARY_OFFICIAL
2004,2004-03-14,14 - Córdoba,PARTIDO ANDALUCISTA - PA,19648,0,Ministerio del Interior / portal oficial de datos abiertos,PRIMARY_OFFICIAL
2004,2004-03-14,14 - Córdoba,PARTIDO ARAGONES - PAR,0,0,Ministerio del Interior / portal oficial de datos abiertos,PRIMARY_OFFICIAL
2004,2004-03-14,14 - Córdoba,PARTIDO CARLISTA - PC,0,0,Ministerio del Interior / portal oficial de datos abiertos,PRIMARY_OFFICIAL
2004,2004-03-14,14 - Córdoba,PARTIDO CARLISTA - PCA,0,0,Ministerio del Interior / portal oficial de datos abiertos,PRIMARY_OFFICIAL
2004,2004-03-14,14 - Córdoba,PARTIDO COMUNISTA DE LOS PUEBLOS DE ESPAÑA - PCPE,0,0,Ministerio del Interior / portal oficial de datos abiertos,PRIMARY_OFFICIAL
2004,2004-03-14,14 - Córdoba,PARTIDO COMUNISTA DEL PUEBLO CANARIO - PCPC,0,0,Ministerio del Interior / portal oficial de datos abiertos,PRIMARY_OFFICIAL
2004,2004-03-14,14 - Córdoba,PARTIDO COMUNISTA DEL PUEBLO CASTELLANO - PCPC,0,0,Ministerio del Interior / portal oficial de datos abiertos,PRIMARY_OFFICIAL
2004,2004-03-14,14 - Córdoba,PARTIDO COMUNISTA DEL PUEBLO CASTELLANO - PCPC-PCPE,0,0,Ministerio del Interior / portal oficial de datos abiertos,PRIMARY_OFFICIAL
2004,2004-03-14,14 - Córdoba,PARTIDO COMUNISTA DEL PUEBLO CASTELLANO-PCPE - PCPC-PCPE,0,0,Ministerio del Interior / portal oficial de datos abiertos,PRIMARY_OFFICIAL
2004,2004-03-14,14 - Córdoba,PARTIDO DE LA GENTE - LG,0,0,Ministerio del Interior / portal oficial de datos abiertos,PRIMARY_OFFICIAL
2004,2004-03-14,14 - Córdoba,PARTIDO DE LOS AUTONOMOS JUBILADOS Y VIUDAS - PAE,0,0,Ministerio del Interior / portal oficial de datos abiertos,PRIMARY_OFFICIAL
2004,2004-03-14,14 - Córdoba,PARTIDO DE LOS AUTONOMOS Y PROFESIONALES - AU.TO.NO.MO,0,0,Ministerio del Interior / portal oficial de datos abiertos,PRIMARY_OFFICIAL
2004,2004-03-14,14 - Córdoba,PARTIDO DE LOS TRABAJADORES EN PRECARIO - PTPRE,0,0,Ministerio del Interior / portal oficial de datos abiertos,PRIMARY_OFFICIAL
2004,2004-03-14,14 - Córdoba,PARTIDO DEL KARMA DEMOCRATICO - PKD,0,0,Ministerio del Interior / portal oficial de datos abiertos,PRIMARY_OFFICIAL
2004,2004-03-14,14 - Córdoba,PARTIDO DEL MUTUO APOYO ROMANTICO - PMAR,0,0,Ministerio del Interior / portal oficial de datos abiertos,PRIMARY_OFFICIAL
2004,2004-03-14,14 - Córdoba,PARTIDO DEMOCRATA ESPAÑOL - PADE,227,0,Ministerio del Interior / portal oficial de datos abiertos,PRIMARY_OFFICIAL
2004,2004-03-14,14 - Córdoba,PARTIDO DEMOCRATA NACIONAL DE ESPAÑA - PDN,0,0,Ministerio del Interior / portal oficial de datos abiertos,PRIMARY_OFFICIAL
2004,2004-03-14,14 - Córdoba,PARTIDO DOS SOCIALISTAS DE GALICIA-PSOE - PSdeG-PSOE,0,0,Ministerio del Interior / portal oficial de datos abiertos,PRIMARY_OFFICIAL
2004,2004-03-14,14 - Córdoba,PARTIDO FAMILIA I VIDA - PFiV,0,0,Ministerio del Interior / portal oficial de datos abiertos,PRIMARY_OFFICIAL
2004,2004-03-14,14 - Córdoba,PARTIDO FAMILIA Y VIDA - FyV,0,0,Ministerio del Interior / portal oficial de datos abiertos,PRIMARY_OFFICIAL
2004,2004-03-14,14 - Córdoba,PARTIDO FAMILIA Y VIDA - PFyV,413,0,Ministerio del Interior / portal oficial de datos abiertos,PRIMARY_OFFICIAL
2004,2004-03-14,14 - Córdoba,PARTIDO HUMANISTA - PH,390,0,Ministerio del Interior / portal oficial de datos abiertos,PRIMARY_OFFICIAL
2004,2004-03-14,14 - Córdoba,PARTIDO NACIONAL DE LOS TRABAJADORES - PNT,0,0,Ministerio del Interior / portal oficial de datos abiertos,PRIMARY_OFFICIAL
2004,2004-03-14,14 - Córdoba,PARTIDO NACIONALISTA CALO - PNCA,0,0,Ministerio del Interior / portal oficial de datos abiertos,PRIMARY_OFFICIAL
2004,2004-03-14,14 - Córdoba,PARTIDO NACIONALISTA CANARIO - PNC,0,0,Ministerio del Interior / portal oficial de datos abiertos,PRIMARY_OFFICIAL
2004,2004-03-14,14 - Córdoba,PARTIDO OBRERO SOCIALISTA INTERNACIONALISTA - POSI,0,0,Ministerio del Interior / portal oficial de datos abiertos,PRIMARY_OFFICIAL
2004,2004-03-14,14 - Córdoba,PARTIDO POPULAR - PP,166665,3,Ministerio del Interior / portal oficial de datos abiertos,PRIMARY_OFFICIAL
2004,2004-03-14,14 - Córdoba,PARTIDO POSITIVISTA CRISTIANO - PPCr,0,0,Ministerio del Interior / portal oficial de datos abiertos,PRIMARY_OFFICIAL
2004,2004-03-14,14 - Córdoba,PARTIDO REGIONALISTA DE GUADALAJARA - PRGU,0,0,Ministerio del Interior / portal oficial de datos abiertos,PRIMARY_OFFICIAL
2004,2004-03-14,14 - Córdoba,PARTIDO REPUBLICANO - PRF,0,0,Ministerio del Interior / portal oficial de datos abiertos,PRIMARY_OFFICIAL
2004,2004-03-14,14 - Córdoba,PARTIDO SOCIAL-DEMOCRATA ANDALUZ - PSDA,0,0,Ministerio del Interior / portal oficial de datos abiertos,PRIMARY_OFFICIAL
2004,2004-03-14,14 - Córdoba,PARTIDO SOCIALISTA DE ANDALUCIA - PSA,1558,0,Ministerio del Interior / portal oficial de datos abiertos,PRIMARY_OFFICIAL
2004,2004-03-14,14 - Córdoba,PARTIDO SOCIALISTA DE EUSKADI-EUSKADIKO EZKERRA - PSE-EE(PSOE),0,0,Ministerio del Interior / portal oficial de datos abiertos,PRIMARY_OFFICIAL
2004,2004-03-14,14 - Córdoba,PARTIDO SOCIALISTA DEL PUEBLO DE CEUTA - PSPC,0,0,Ministerio del Interior / portal oficial de datos abiertos,PRIMARY_OFFICIAL
2004,2004-03-14,14 - Córdoba,PARTIDO SOCIALISTA OBRERO ESPAÑOL - PSOE,246324,4,Ministerio del Interior / portal oficial de datos abiertos,PRIMARY_OFFICIAL
2004,2004-03-14,14 - Córdoba,PARTIDO SOCIALISTA OBRERO ESPAÑOL DE ANDALUCIA - PSOE de A,0,0,Ministerio del Interior / portal oficial de datos abiertos,PRIMARY_OFFICIAL
2004,2004-03-14,14 - Córdoba,PARTIT CARLI DE CATALUNYA - PCdeC,0,0,Ministerio del Interior / portal oficial de datos abiertos,PRIMARY_OFFICIAL
2004,2004-03-14,14 - Córdoba,PARTIT COMUNISTA DEL POBLE DE CATALUNYA - PCPC,0,0,Ministerio del Interior / portal oficial de datos abiertos,PRIMARY_OFFICIAL
2004,2004-03-14,14 - Córdoba,PARTIT COMUNISTA DELS POBLES D'ESPANYA - PCPE,0,0,Ministerio del Interior / portal oficial de datos abiertos,PRIMARY_OFFICIAL
2004,2004-03-14,14 - Córdoba,PARTIT DELS SOCIALISTES DE CATALUNYA - PSC-PSOE,0,0,Ministerio del Interior / portal oficial de datos abiertos,PRIMARY_OFFICIAL
2004,2004-03-14,14 - Córdoba,PARTIT FAMILIA I VIDA - PFiV,0,0,Ministerio del Interior / portal oficial de datos abiertos,PRIMARY_OFFICIAL
2004,2004-03-14,14 - Córdoba,PARTIT HUMANISTA DE CATALUNYA - PHC,0,0,Ministerio del Interior / portal oficial de datos abiertos,PRIMARY_OFFICIAL
2004,2004-03-14,14 - Córdoba,PARTIT OBRER SOCIALISTA INTERNACIONALISTA - POSI,0,0,Ministerio del Interior / portal oficial de datos abiertos,PRIMARY_OFFICIAL
2004,2004-03-14,14 - Córdoba,PARTIT POPULAR - PP,0,0,Ministerio del Interior / portal oficial de datos abiertos,PRIMARY_OFFICIAL
2004,2004-03-14,14 - Córdoba,PARTIT POPULAR DE CATANLUNYA - PP,0,0,Ministerio del Interior / portal oficial de datos abiertos,PRIMARY_OFFICIAL
2004,2004-03-14,14 - Córdoba,PARTIU ASTURIANISTA - PAS,0,0,Ministerio del Interior / portal oficial de datos abiertos,PRIMARY_OFFICIAL
2004,2004-03-14,14 - Córdoba,"PSM-ENTESA NACIONALISTA,ESQUERRA UNIDA,E.VERDS,ERC - PSM-EN,EU,EV,ER",0,0,Ministerio del Interior / portal oficial de datos abiertos,PRIMARY_OFFICIAL
2004,2004-03-14,14 - Córdoba,"SALAMANCA, ZAMORA, LEON PREPAL - PREPAL",0,0,Ministerio del Interior / portal oficial de datos abiertos,PRIMARY_OFFICIAL
2004,2004-03-14,14 - Córdoba,TIERRA COMUNERA-PARTIDO NACIONALISTA CASTELLANO - TC-PNC,0,0,Ministerio del Interior / portal oficial de datos abiertos,PRIMARY_OFFICIAL
2004,2004-03-14,14 - Córdoba,UNIDAD CASTELLANA - Ud Ca,0,0,Ministerio del Interior / portal oficial de datos abiertos,PRIMARY_OFFICIAL
2004,2004-03-14,14 - Córdoba,UNIO CENTRISTES DE MENORCA - UCM,0,0,Ministerio del Interior / portal oficial de datos abiertos,PRIMARY_OFFICIAL
2004,2004-03-14,14 - Córdoba,UNIO MALLORQUINA - UM,0,0,Ministerio del Interior / portal oficial de datos abiertos,PRIMARY_OFFICIAL
2004,2004-03-14,14 - Córdoba,UNION CENTRISTA LIBERAL - UCL,0,0,Ministerio del Interior / portal oficial de datos abiertos,PRIMARY_OFFICIAL
2004,2004-03-14,14 - Córdoba,UNION DEL PUEBLO BALEAR - UPB,0,0,Ministerio del Interior / portal oficial de datos abiertos,PRIMARY_OFFICIAL
2004,2004-03-14,14 - Córdoba,UNION DEL PUEBLO LEONES - UPL,0,0,Ministerio del Interior / portal oficial de datos abiertos,PRIMARY_OFFICIAL
2004,2004-03-14,14 - Córdoba,UNION DEL PUEBLO NAVARRO EN COALICION CON EL PP - UPN-PP,0,0,Ministerio del Interior / portal oficial de datos abiertos,PRIMARY_OFFICIAL
2004,2004-03-14,14 - Córdoba,UNION DEL PUEBLO SALMANTINO - UPSa,0,0,Ministerio del Interior / portal oficial de datos abiertos,PRIMARY_OFFICIAL
2004,2004-03-14,14 - Córdoba,UNION NACIONAL - UN,0,0,Ministerio del Interior / portal oficial de datos abiertos,PRIMARY_OFFICIAL
2004,2004-03-14,14 - Córdoba,ZAMORA UNIDA - ZU,0,0,Ministerio del Interior / portal oficial de datos abiertos,PRIMARY_OFFICIAL
2004,2004-03-14,15 - A Coruña,AGRUPACION SOCIAL INDEPENDIENTE - ASI,0,0,Ministerio del Interior / portal oficial de datos abiertos,PRIMARY_OFFICIAL
2004,2004-03-14,15 - A Coruña,ALIANZA PARA EL DESARROLLO Y LA NATURALEZA - ADN,0,0,Ministerio del Interior / portal oficial de datos abiertos,PRIMARY_OFFICIAL
2004,2004-03-14,15 - A Coruña,ALIANZA POR LA UNIDAD NACIONAL - AUN,0,0,Ministerio del Interior / portal oficial de datos abiertos,PRIMARY_OFFICIAL
2004,2004-03-14,15 - A Coruña,ALTERNATIVA MAGA NACIONALISTA - AMAGA,0,0,Ministerio del Interior / portal oficial de datos abiertos,PRIMARY_OFFICIAL
2004,2004-03-14,15 - A Coruña,ALTERNATIVA POPULAR CANARIA - APCa,0,0,Ministerio del Interior / portal oficial de datos abiertos,PRIMARY_OFFICIAL
2004,2004-03-14,15 - A Coruña,ALTERNATIVA POR GRAN CANARIA - AxGC,0,0,Ministerio del Interior / portal oficial de datos abiertos,PRIMARY_OFFICIAL
2004,2004-03-14,15 - A Coruña,ANDECHA ASTUR - AA,0,0,Ministerio del Interior / portal oficial de datos abiertos,PRIMARY_OFFICIAL
2004,2004-03-14,15 - A Coruña,ARALAR-ZUTIK - ARALAR-ZUTIK,0,0,Ministerio del Interior / portal oficial de datos abiertos,PRIMARY_OFFICIAL
2004,2004-03-14,15 - A Coruña,ASAMBLEA DE ANDALUCIA - A,0,0,Ministerio del Interior / portal oficial de datos abiertos,PRIMARY_OFFICIAL
2004,2004-03-14,15 - A Coruña,ASAMBLEA DE IZQUIERDAS-INICIATIVA POR ANDALUCIA - A-IZ,0,0,Ministerio del Interior / portal oficial de datos abiertos,PRIMARY_OFFICIAL
2004,2004-03-14,15 - A Coruña,BLOC NACIONALISTA VALENCIA-ESQUERRA VERDA - BLOC-EV,0,0,Ministerio del Interior / portal oficial de datos abiertos,PRIMARY_OFFICIAL
2004,2004-03-14,15 - A Coruña,BLOQUE NACIONALISTA GALEGO - BNG,86459,1,Ministerio del Interior / portal oficial de datos abiertos,PRIMARY_OFFICIAL
2004,2004-03-14,15 - A Coruña,C. IZQUIERDA UNIDA-SOCIALISTAS IND. DE EXTREMADURA - IU-SIEX,0,0,Ministerio del Interior / portal oficial de datos abiertos,PRIMARY_OFFICIAL
2004,2004-03-14,15 - A Coruña,CAND. INDEPENDIENTE-EL PARTIDO DE CASTILLA Y LEON - CI,0,0,Ministerio del Interior / portal oficial de datos abiertos,PRIMARY_OFFICIAL
2004,2004-03-14,15 - A Coruña,CENTRE DEMOCRATIC I SOCIAL - CDS,0,0,Ministerio del Interior / portal oficial de datos abiertos,PRIMARY_OFFICIAL
2004,2004-03-14,15 - A Coruña,CENTRO DEMOCRATICO Y SOCIAL - CDS,1012,0,Ministerio del Interior / portal oficial de datos abiertos,PRIMARY_OFFICIAL
2004,2004-03-14,15 - A Coruña,CHUNTA ARAGONESISTA - CHA,0,0,Ministerio del Interior / portal oficial de datos abiertos,PRIMARY_OFFICIAL
2004,2004-03-14,15 - A Coruña,CIUDADANOS EN BLANCO - CENB,0,0,Ministerio del Interior / portal oficial de datos abiertos,PRIMARY_OFFICIAL
2004,2004-03-14,15 - A Coruña,COALICIO TREBALLADORS PER LA DEMOCRACIA - TD,0,0,Ministerio del Interior / portal oficial de datos abiertos,PRIMARY_OFFICIAL
2004,2004-03-14,15 - A Coruña,COALICION CANARIA - CC,0,0,Ministerio del Interior / portal oficial de datos abiertos,PRIMARY_OFFICIAL
2004,2004-03-14,15 - A Coruña,COALICION GALEGA - CG,827,0,Ministerio del Interior / portal oficial de datos abiertos,PRIMARY_OFFICIAL
2004,2004-03-14,15 - A Coruña,CONCEJU NACIONALIEGU CANTABRU - CNC,0,0,Ministerio del Interior / portal oficial de datos abiertos,PRIMARY_OFFICIAL
2004,2004-03-14,15 - A Coruña,CONVERGENCIA CIUDADANA DEL SURESTE - CCSE,0,0,Ministerio del Interior / portal oficial de datos abiertos,PRIMARY_OFFICIAL
2004,2004-03-14,15 - A Coruña,CONVERGENCIA DE DEMOCRATAS DE NAVARRA - CDN,0,0,Ministerio del Interior / portal oficial de datos abiertos,PRIMARY_OFFICIAL
2004,2004-03-14,15 - A Coruña,CONVERGENCIA DEMOCRATICA ASTURIANA Y CDS - CDAS CDS,0,0,Ministerio del Interior / portal oficial de datos abiertos,PRIMARY_OFFICIAL
2004,2004-03-14,15 - A Coruña,CONVERGENCIA i UNIO - CiU,0,0,Ministerio del Interior / portal oficial de datos abiertos,PRIMARY_OFFICIAL
2004,2004-03-14,15 - A Coruña,DEMOCRACIA NACIONAL - DN,438,0,Ministerio del Interior / portal oficial de datos abiertos,PRIMARY_OFFICIAL
2004,2004-03-14,15 - A Coruña,EKA-PARTIDO CARLISTA - EKA,0,0,Ministerio del Interior / portal oficial de datos abiertos,PRIMARY_OFFICIAL
2004,2004-03-14,15 - A Coruña,ELS VERDS-ALTERNATIVA VERDA - EV-AV,0,0,Ministerio del Interior / portal oficial de datos abiertos,PRIMARY_OFFICIAL
2004,2004-03-14,15 - A Coruña,ELS VERDS-L'ALTERNATIVA ECOLOGISTA - EV-AE,0,0,Ministerio del Interior / portal oficial de datos abiertos,PRIMARY_OFFICIAL
2004,2004-03-14,15 - A Coruña,ESCONS INSUBMISOS-ALT. DELS DEMOCRATES DESCONTENTS - Ei,0,0,Ministerio del Interior / portal oficial de datos abiertos,PRIMARY_OFFICIAL
2004,2004-03-14,15 - A Coruña,ESPAÑA 2000 - ESPAÑA 2000,0,0,Ministerio del Interior / portal oficial de datos abiertos,PRIMARY_OFFICIAL
2004,2004-03-14,15 - A Coruña,ESQUERDA UNIDA-IZQUIERDA UNIDA - EU-IU,14125,0,Ministerio del Interior / portal oficial de datos abiertos,PRIMARY_OFFICIAL
2004,2004-03-14,15 - A Coruña,ESQUERRA REPUBLICANA DE CATALUNYA - ERC,0,0,Ministerio del Interior / portal oficial de datos abiertos,PRIMARY_OFFICIAL
2004,2004-03-14,15 - A Coruña,ESQUERRA REPUBLICANA DEL PAIS VALENCIA - ERPV,0,0,Ministerio del Interior / portal oficial de datos abiertos,PRIMARY_OFFICIAL
2004,2004-03-14,15 - A Coruña,ESQUERRA UNIDA PAIS VALENCIA+I.REPUBLICANA:ENTESA - ENTESA,0,0,Ministerio del Interior / portal oficial de datos abiertos,PRIMARY_OFFICIAL
2004,2004-03-14,15 - A Coruña,ESTADO NACIONAL EUROPEO - N,0,0,Ministerio del Interior / portal oficial de datos abiertos,PRIMARY_OFFICIAL
2004,2004-03-14,15 - A Coruña,EUSKO ALDERDI JELTZALEA-PARTIDO NACIONALISTA VASCO - EAJ-PNV,0,0,Ministerio del Interior / portal oficial de datos abiertos,PRIMARY_OFFICIAL
2004,2004-03-14,15 - A Coruña,EUSKO ALKARTASUNA - EA,0,0,Ministerio del Interior / portal oficial de datos abiertos,PRIMARY_OFFICIAL
2004,2004-03-14,15 - A Coruña,EXTREMADURA UNIDA - EU,0,0,Ministerio del Interior / portal oficial de datos abiertos,PRIMARY_OFFICIAL
2004,2004-03-14,15 - A Coruña,EZKER BATUA-IZQUIERDA UNIDA - EB-IU,0,0,Ministerio del Interior / portal oficial de datos abiertos,PRIMARY_OFFICIAL
2004,2004-03-14,15 - A Coruña,FALANGE AUTENTICA - FA,0,0,Ministerio del Interior / portal oficial de datos abiertos,PRIMARY_OFFICIAL
2004,2004-03-14,15 - A Coruña,FALANGE ESPAÑOLA DE LAS JONS - FE de las JONS,243,0,Ministerio del Interior / portal oficial de datos abiertos,PRIMARY_OFFICIAL
2004,2004-03-14,15 - A Coruña,FRENTE DEMOCRATICO ESPAÑOL - FDE,0,0,Ministerio del Interior / portal oficial de datos abiertos,PRIMARY_OFFICIAL
2004,2004-03-14,15 - A Coruña,FRENTE POPULAR GALEGA - FPG,775,0,Ministerio del Interior / portal oficial de datos abiertos,PRIMARY_OFFICIAL
2004,2004-03-14,15 - A Coruña,GRUPO POLITICO HONRADEZ ABSOLUTA ESPAÑOLA - GPHAE,0,0,Ministerio del Interior / portal oficial de datos abiertos,PRIMARY_OFFICIAL
2004,2004-03-14,15 - A Coruña,GRUPO VERDE EUROPEO - GVE,0,0,Ministerio del Interior / portal oficial de datos abiertos,PRIMARY_OFFICIAL
2004,2004-03-14,15 - A Coruña,IDENTIDAD REINO DE VALENCIA - IRV,0,0,Ministerio del Interior / portal oficial de datos abiertos,PRIMARY_OFFICIAL
2004,2004-03-14,15 - A Coruña,INIC. PER CATALUNYA VERDS-ESQUERRA UNIDA I ALTERN. - ICV-EUiA,0,0,Ministerio del Interior / portal oficial de datos abiertos,PRIMARY_OFFICIAL
2004,2004-03-14,15 - A Coruña,INICIATIVA LOS VERDES-IZQUIERDA UNIDA-AL.CIUDADANA - VERDES-IUC-AC25,0,0,Ministerio del Interior / portal oficial de datos abiertos,PRIMARY_OFFICIAL
2004,2004-03-14,15 - A Coruña,INICIATIVA POR EL DESARROLLO DE SORIA - I.DE.S.,0,0,Ministerio del Interior / portal oficial de datos abiertos,PRIMARY_OFFICIAL
2004,2004-03-14,15 - A Coruña,IZQUIERDA ASTURIANA - IAS,0,0,Ministerio del Interior / portal oficial de datos abiertos,PRIMARY_OFFICIAL
2004,2004-03-14,15 - A Coruña,IZQUIERDA REPUBLICANA - IR,0,0,Ministerio del Interior / portal oficial de datos abiertos,PRIMARY_OFFICIAL
2004,2004-03-14,15 - A Coruña,IZQUIERDA REPUBLICANA-ESQUERDA REPUBLICANA GALEGA - IR-ERG,1082,0,Ministerio del Interior / portal oficial de datos abiertos,PRIMARY_OFFICIAL
2004,2004-03-14,15 - A Coruña,IZQUIERDA REPUBLICANA-PARTIT REPUBLICA D'ESQUERRA - IR-PRE,0,0,Ministerio del Interior / portal oficial de datos abiertos,PRIMARY_OFFICIAL
2004,2004-03-14,15 - A Coruña,IZQUIERDA UNIDA - IU,0,0,Ministerio del Interior / portal oficial de datos abiertos,PRIMARY_OFFICIAL
2004,2004-03-14,15 - A Coruña,IZQUIERDA UNIDA BLOQUE POR ASTURIES - IU-BA,0,0,Ministerio del Interior / portal oficial de datos abiertos,PRIMARY_OFFICIAL
2004,2004-03-14,15 - A Coruña,IZQUIERDA UNIDA DE LA COMUNIDAD DE MADRID - IU,0,0,Ministerio del Interior / portal oficial de datos abiertos,PRIMARY_OFFICIAL
2004,2004-03-14,15 - A Coruña,IZQUIERDA UNIDA DE NAVARRA-NAFARROAKO EZKER BATUA - IUN-NEB,0,0,Ministerio del Interior / portal oficial de datos abiertos,PRIMARY_OFFICIAL
2004,2004-03-14,15 - A Coruña,IZQUIERDA UNIDA-IZQUIERDA DE CASTILLA-LA MANCHA - IU,0,0,Ministerio del Interior / portal oficial de datos abiertos,PRIMARY_OFFICIAL
2004,2004-03-14,15 - A Coruña,IZQUIERDA UNIDA-LOS VERDES - IU-LV,0,0,Ministerio del Interior / portal oficial de datos abiertos,PRIMARY_OFFICIAL
2004,2004-03-14,15 - A Coruña,IZQUIERDA UNIDA-VERDES-CONVOCATORIA POR ANDALUCIA - IULV-CA,0,0,Ministerio del Interior / portal oficial de datos abiertos,PRIMARY_OFFICIAL
2004,2004-03-14,15 - A Coruña,LA FALANGE - FE,234,0,Ministerio del Interior / portal oficial de datos abiertos,PRIMARY_OFFICIAL
2004,2004-03-14,15 - A Coruña,LLUITA INTERNACIONALISTA - L.I. (LIT-CI),0,0,Ministerio del Interior / portal oficial de datos abiertos,PRIMARY_OFFICIAL
2004,2004-03-14,15 - A Coruña,LOS VERDES - LVRM,0,0,Ministerio del Interior / portal oficial de datos abiertos,PRIMARY_OFFICIAL
2004,2004-03-14,15 - A Coruña,LOS VERDES DE ASTURIES - VERDES,0,0,Ministerio del Interior / portal oficial de datos abiertos,PRIMARY_OFFICIAL
2004,2004-03-14,15 - A Coruña,LOS VERDES DE EXTREMADURA - LV,0,0,Ministerio del Interior / portal oficial de datos abiertos,PRIMARY_OFFICIAL
2004,2004-03-14,15 - A Coruña,LOS VERDES DE LA COMUNIDAD DE MADRID - LVCM,0,0,Ministerio del Interior / portal oficial de datos abiertos,PRIMARY_OFFICIAL
2004,2004-03-14,15 - A Coruña,LOS VERDES-ECOPACIFISTAS - LV-E,0,0,Ministerio del Interior / portal oficial de datos abiertos,PRIMARY_OFFICIAL
2004,2004-03-14,15 - A Coruña,"LOS VERDES-ECOPACIFISTAS, ELS VERDS-ECOPACIFISTES - LV-E",0,0,Ministerio del Interior / portal oficial de datos abiertos,PRIMARY_OFFICIAL
2004,2004-03-14,15 - A Coruña,LOS VERDES-GRUPO VERDE - LV-GV,0,0,Ministerio del Interior / portal oficial de datos abiertos,PRIMARY_OFFICIAL
2004,2004-03-14,15 - A Coruña,LUCHA INTERNACIONALISTA - L.I. (LIT-CI),0,0,Ministerio del Interior / portal oficial de datos abiertos,PRIMARY_OFFICIAL
2004,2004-03-14,15 - A Coruña,MOVIMENT SOCIAL REPUBLICA - MSR,0,0,Ministerio del Interior / portal oficial de datos abiertos,PRIMARY_OFFICIAL
2004,2004-03-14,15 - A Coruña,MOVIMIENTO SOCIAL REPUBLICANO - MSR,207,0,Ministerio del Interior / portal oficial de datos abiertos,PRIMARY_OFFICIAL
2004,2004-03-14,15 - A Coruña,NAFARROA BAI - Na-Bai,0,0,Ministerio del Interior / portal oficial de datos abiertos,PRIMARY_OFFICIAL
2004,2004-03-14,15 - A Coruña,OTRA DEMOCRACIA ES POSIBLE - OtraDem,0,0,Ministerio del Interior / portal oficial de datos abiertos,PRIMARY_OFFICIAL
2004,2004-03-14,15 - A Coruña,P.SOCIALDEMOCRATA IND. DE LA COMUNITAT VALENCIANA - PSICV,0,0,Ministerio del Interior / portal oficial de datos abiertos,PRIMARY_OFFICIAL
2004,2004-03-14,15 - A Coruña,PART. CANNABIS POR LA LEGALIZACION Y NORMALIZACION - P.CANNABIS,0,0,Ministerio del Interior / portal oficial de datos abiertos,PRIMARY_OFFICIAL
2004,2004-03-14,15 - A Coruña,PARTIDO ANDALUCISTA - PA,0,0,Ministerio del Interior / portal oficial de datos abiertos,PRIMARY_OFFICIAL
2004,2004-03-14,15 - A Coruña,PARTIDO ARAGONES - PAR,0,0,Ministerio del Interior / portal oficial de datos abiertos,PRIMARY_OFFICIAL
2004,2004-03-14,15 - A Coruña,PARTIDO CARLISTA - PC,0,0,Ministerio del Interior / portal oficial de datos abiertos,PRIMARY_OFFICIAL
2004,2004-03-14,15 - A Coruña,PARTIDO CARLISTA - PCA,0,0,Ministerio del Interior / portal oficial de datos abiertos,PRIMARY_OFFICIAL
2004,2004-03-14,15 - A Coruña,PARTIDO COMUNISTA DE LOS PUEBLOS DE ESPAÑA - PCPE,0,0,Ministerio del Interior / portal oficial de datos abiertos,PRIMARY_OFFICIAL
2004,2004-03-14,15 - A Coruña,PARTIDO COMUNISTA DEL PUEBLO CANARIO - PCPC,0,0,Ministerio del Interior / portal oficial de datos abiertos,PRIMARY_OFFICIAL
2004,2004-03-14,15 - A Coruña,PARTIDO COMUNISTA DEL PUEBLO CASTELLANO - PCPC,0,0,Ministerio del Interior / portal oficial de datos abiertos,PRIMARY_OFFICIAL
2004,2004-03-14,15 - A Coruña,PARTIDO COMUNISTA DEL PUEBLO CASTELLANO - PCPC-PCPE,0,0,Ministerio del Interior / portal oficial de datos abiertos,PRIMARY_OFFICIAL
2004,2004-03-14,15 - A Coruña,PARTIDO COMUNISTA DEL PUEBLO CASTELLANO-PCPE - PCPC-PCPE,0,0,Ministerio del Interior / portal oficial de datos abiertos,PRIMARY_OFFICIAL
2004,2004-03-14,15 - A Coruña,PARTIDO DE LA GENTE - LG,0,0,Ministerio del Interior / portal oficial de datos abiertos,PRIMARY_OFFICIAL
2004,2004-03-14,15 - A Coruña,PARTIDO DE LOS AUTONOMOS JUBILADOS Y VIUDAS - PAE,0,0,Ministerio del Interior / portal oficial de datos abiertos,PRIMARY_OFFICIAL
2004,2004-03-14,15 - A Coruña,PARTIDO DE LOS AUTONOMOS Y PROFESIONALES - AU.TO.NO.MO,1659,0,Ministerio del Interior / portal oficial de datos abiertos,PRIMARY_OFFICIAL
2004,2004-03-14,15 - A Coruña,PARTIDO DE LOS TRABAJADORES EN PRECARIO - PTPRE,0,0,Ministerio del Interior / portal oficial de datos abiertos,PRIMARY_OFFICIAL
2004,2004-03-14,15 - A Coruña,PARTIDO DEL KARMA DEMOCRATICO - PKD,0,0,Ministerio del Interior / portal oficial de datos abiertos,PRIMARY_OFFICIAL
2004,2004-03-14,15 - A Coruña,PARTIDO DEL MUTUO APOYO ROMANTICO - PMAR,0,0,Ministerio del Interior / portal oficial de datos abiertos,PRIMARY_OFFICIAL
2004,2004-03-14,15 - A Coruña,PARTIDO DEMOCRATA ESPAÑOL - PADE,430,0,Ministerio del Interior / portal oficial de datos abiertos,PRIMARY_OFFICIAL
2004,2004-03-14,15 - A Coruña,PARTIDO DEMOCRATA NACIONAL DE ESPAÑA - PDN,0,0,Ministerio del Interior / portal oficial de datos abiertos,PRIMARY_OFFICIAL
2004,2004-03-14,15 - A Coruña,PARTIDO DOS SOCIALISTAS DE GALICIA-PSOE - PSdeG-PSOE,287324,4,Ministerio del Interior / portal oficial de datos abiertos,PRIMARY_OFFICIAL
2004,2004-03-14,15 - A Coruña,PARTIDO FAMILIA I VIDA - PFiV,0,0,Ministerio del Interior / portal oficial de datos abiertos,PRIMARY_OFFICIAL
2004,2004-03-14,15 - A Coruña,PARTIDO FAMILIA Y VIDA - FyV,0,0,Ministerio del Interior / portal oficial de datos abiertos,PRIMARY_OFFICIAL
2004,2004-03-14,15 - A Coruña,PARTIDO FAMILIA Y VIDA - PFyV,0,0,Ministerio del Interior / portal oficial de datos abiertos,PRIMARY_OFFICIAL
2004,2004-03-14,15 - A Coruña,PARTIDO HUMANISTA - PH,1130,0,Ministerio del Interior / portal oficial de datos abiertos,PRIMARY_OFFICIAL
2004,2004-03-14,15 - A Coruña,PARTIDO NACIONAL DE LOS TRABAJADORES - PNT,0,0,Ministerio del Interior / portal oficial de datos abiertos,PRIMARY_OFFICIAL
2004,2004-03-14,15 - A Coruña,PARTIDO NACIONALISTA CALO - PNCA,0,0,Ministerio del Interior / portal oficial de datos abiertos,PRIMARY_OFFICIAL
2004,2004-03-14,15 - A Coruña,PARTIDO NACIONALISTA CANARIO - PNC,0,0,Ministerio del Interior / portal oficial de datos abiertos,PRIMARY_OFFICIAL
2004,2004-03-14,15 - A Coruña,PARTIDO OBRERO SOCIALISTA INTERNACIONALISTA - POSI,0,0,Ministerio del Interior / portal oficial de datos abiertos,PRIMARY_OFFICIAL
2004,2004-03-14,15 - A Coruña,PARTIDO POPULAR - PP,329389,4,Ministerio del Interior / portal oficial de datos abiertos,PRIMARY_OFFICIAL
2004,2004-03-14,15 - A Coruña,PARTIDO POSITIVISTA CRISTIANO - PPCr,0,0,Ministerio del Interior / portal oficial de datos abiertos,PRIMARY_OFFICIAL
2004,2004-03-14,15 - A Coruña,PARTIDO REGIONALISTA DE GUADALAJARA - PRGU,0,0,Ministerio del Interior / portal oficial de datos abiertos,PRIMARY_OFFICIAL
2004,2004-03-14,15 - A Coruña,PARTIDO REPUBLICANO - PRF,0,0,Ministerio del Interior / portal oficial de datos abiertos,PRIMARY_OFFICIAL
2004,2004-03-14,15 - A Coruña,PARTIDO SOCIAL-DEMOCRATA ANDALUZ - PSDA,0,0,Ministerio del Interior / portal oficial de datos abiertos,PRIMARY_OFFICIAL
2004,2004-03-14,15 - A Coruña,PARTIDO SOCIALISTA DE ANDALUCIA - PSA,0,0,Ministerio del Interior / portal oficial de datos abiertos,PRIMARY_OFFICIAL
2004,2004-03-14,15 - A Coruña,PARTIDO SOCIALISTA DE EUSKADI-EUSKADIKO EZKERRA - PSE-EE(PSOE),0,0,Ministerio del Interior / portal oficial de datos abiertos,PRIMARY_OFFICIAL
2004,2004-03-14,15 - A Coruña,PARTIDO SOCIALISTA DEL PUEBLO DE CEUTA - PSPC,0,0,Ministerio del Interior / portal oficial de datos abiertos,PRIMARY_OFFICIAL
2004,2004-03-14,15 - A Coruña,PARTIDO SOCIALISTA OBRERO ESPAÑOL - PSOE,0,0,Ministerio del Interior / portal oficial de datos abiertos,PRIMARY_OFFICIAL
2004,2004-03-14,15 - A Coruña,PARTIDO SOCIALISTA OBRERO ESPAÑOL DE ANDALUCIA - PSOE de A,0,0,Ministerio del Interior / portal oficial de datos abiertos,PRIMARY_OFFICIAL
2004,2004-03-14,15 - A Coruña,PARTIT CARLI DE CATALUNYA - PCdeC,0,0,Ministerio del Interior / portal oficial de datos abiertos,PRIMARY_OFFICIAL
2004,2004-03-14,15 - A Coruña,PARTIT COMUNISTA DEL POBLE DE CATALUNYA - PCPC,0,0,Ministerio del Interior / portal oficial de datos abiertos,PRIMARY_OFFICIAL
2004,2004-03-14,15 - A Coruña,PARTIT COMUNISTA DELS POBLES D'ESPANYA - PCPE,0,0,Ministerio del Interior / portal oficial de datos abiertos,PRIMARY_OFFICIAL
2004,2004-03-14,15 - A Coruña,PARTIT DELS SOCIALISTES DE CATALUNYA - PSC-PSOE,0,0,Ministerio del Interior / portal oficial de datos abiertos,PRIMARY_OFFICIAL
2004,2004-03-14,15 - A Coruña,PARTIT FAMILIA I VIDA - PFiV,0,0,Ministerio del Interior / portal oficial de datos abiertos,PRIMARY_OFFICIAL
2004,2004-03-14,15 - A Coruña,PARTIT HUMANISTA DE CATALUNYA - PHC,0,0,Ministerio del Interior / portal oficial de datos abiertos,PRIMARY_OFFICIAL
2004,2004-03-14,15 - A Coruña,PARTIT OBRER SOCIALISTA INTERNACIONALISTA - POSI,0,0,Ministerio del Interior / portal oficial de datos abiertos,PRIMARY_OFFICIAL
2004,2004-03-14,15 - A Coruña,PARTIT POPULAR - PP,0,0,Ministerio del Interior / portal oficial de datos abiertos,PRIMARY_OFFICIAL
2004,2004-03-14,15 - A Coruña,PARTIT POPULAR DE CATANLUNYA - PP,0,0,Ministerio del Interior / portal oficial de datos abiertos,PRIMARY_OFFICIAL
2004,2004-03-14,15 - A Coruña,PARTIU ASTURIANISTA - PAS,0,0,Ministerio del Interior / portal oficial de datos abiertos,PRIMARY_OFFICIAL
2004,2004-03-14,15 - A Coruña,"PSM-ENTESA NACIONALISTA,ESQUERRA UNIDA,E.VERDS,ERC - PSM-EN,EU,EV,ER",0,0,Ministerio del Interior / portal oficial de datos abiertos,PRIMARY_OFFICIAL
2004,2004-03-14,15 - A Coruña,"SALAMANCA, ZAMORA, LEON PREPAL - PREPAL",0,0,Ministerio del Interior / portal oficial de datos abiertos,PRIMARY_OFFICIAL
2004,2004-03-14,15 - A Coruña,TIERRA COMUNERA-PARTIDO NACIONALISTA CASTELLANO - TC-PNC,0,0,Ministerio del Interior / portal oficial de datos abiertos,PRIMARY_OFFICIAL
2004,2004-03-14,15 - A Coruña,UNIDAD CASTELLANA - Ud Ca,0,0,Ministerio del Interior / portal oficial de datos abiertos,PRIMARY_OFFICIAL
2004,2004-03-14,15 - A Coruña,UNIO CENTRISTES DE MENORCA - UCM,0,0,Ministerio del Interior / portal oficial de datos abiertos,PRIMARY_OFFICIAL
2004,2004-03-14,15 - A Coruña,UNIO MALLORQUINA - UM,0,0,Ministerio del Interior / portal oficial de datos abiertos,PRIMARY_OFFICIAL
2004,2004-03-14,15 - A Coruña,UNION CENTRISTA LIBERAL - UCL,0,0,Ministerio del Interior / portal oficial de datos abiertos,PRIMARY_OFFICIAL
2004,2004-03-14,15 - A Coruña,UNION DEL PUEBLO BALEAR - UPB,0,0,Ministerio del Interior / portal oficial de datos abiertos,PRIMARY_OFFICIAL
2004,2004-03-14,15 - A Coruña,UNION DEL PUEBLO LEONES - UPL,0,0,Ministerio del Interior / portal oficial de datos abiertos,PRIMARY_OFFICIAL
2004,2004-03-14,15 - A Coruña,UNION DEL PUEBLO NAVARRO EN COALICION CON EL PP - UPN-PP,0,0,Ministerio del Interior / portal oficial de datos abiertos,PRIMARY_OFFICIAL
2004,2004-03-14,15 - A Coruña,UNION DEL PUEBLO SALMANTINO - UPSa,0,0,Ministerio del Interior / portal oficial de datos abiertos,PRIMARY_OFFICIAL
2004,2004-03-14,15 - A Coruña,UNION NACIONAL - UN,0,0,Ministerio del Interior / portal oficial de datos abiertos,PRIMARY_OFFICIAL
2004,2004-03-14,15 - A Coruña,ZAMORA UNIDA - ZU,0,0,Ministerio del Interior / portal oficial de datos abiertos,PRIMARY_OFFICIAL
2004,2004-03-14,16 - Cuenca,AGRUPACION SOCIAL INDEPENDIENTE - ASI,0,0,Ministerio del Interior / portal oficial de datos abiertos,PRIMARY_OFFICIAL
2004,2004-03-14,16 - Cuenca,ALIANZA PARA EL DESARROLLO Y LA NATURALEZA - ADN,0,0,Ministerio del Interior / portal oficial de datos abiertos,PRIMARY_OFFICIAL
2004,2004-03-14,16 - Cuenca,ALIANZA POR LA UNIDAD NACIONAL - AUN,0,0,Ministerio del Interior / portal oficial de datos abiertos,PRIMARY_OFFICIAL
2004,2004-03-14,16 - Cuenca,ALTERNATIVA MAGA NACIONALISTA - AMAGA,0,0,Ministerio del Interior / portal oficial de datos abiertos,PRIMARY_OFFICIAL
2004,2004-03-14,16 - Cuenca,ALTERNATIVA POPULAR CANARIA - APCa,0,0,Ministerio del Interior / portal oficial de datos abiertos,PRIMARY_OFFICIAL
2004,2004-03-14,16 - Cuenca,ALTERNATIVA POR GRAN CANARIA - AxGC,0,0,Ministerio del Interior / portal oficial de datos abiertos,PRIMARY_OFFICIAL
2004,2004-03-14,16 - Cuenca,ANDECHA ASTUR - AA,0,0,Ministerio del Interior / portal oficial de datos abiertos,PRIMARY_OFFICIAL
2004,2004-03-14,16 - Cuenca,ARALAR-ZUTIK - ARALAR-ZUTIK,0,0,Ministerio del Interior / portal oficial de datos abiertos,PRIMARY_OFFICIAL
2004,2004-03-14,16 - Cuenca,ASAMBLEA DE ANDALUCIA - A,0,0,Ministerio del Interior / portal oficial de datos abiertos,PRIMARY_OFFICIAL
2004,2004-03-14,16 - Cuenca,ASAMBLEA DE IZQUIERDAS-INICIATIVA POR ANDALUCIA - A-IZ,0,0,Ministerio del Interior / portal oficial de datos abiertos,PRIMARY_OFFICIAL
2004,2004-03-14,16 - Cuenca,BLOC NACIONALISTA VALENCIA-ESQUERRA VERDA - BLOC-EV,0,0,Ministerio del Interior / portal oficial de datos abiertos,PRIMARY_OFFICIAL
2004,2004-03-14,16 - Cuenca,BLOQUE NACIONALISTA GALEGO - BNG,0,0,Ministerio del Interior / portal oficial de datos abiertos,PRIMARY_OFFICIAL
2004,2004-03-14,16 - Cuenca,C. IZQUIERDA UNIDA-SOCIALISTAS IND. DE EXTREMADURA - IU-SIEX,0,0,Ministerio del Interior / portal oficial de datos abiertos,PRIMARY_OFFICIAL
2004,2004-03-14,16 - Cuenca,CAND. INDEPENDIENTE-EL PARTIDO DE CASTILLA Y LEON - CI,0,0,Ministerio del Interior / portal oficial de datos abiertos,PRIMARY_OFFICIAL
2004,2004-03-14,16 - Cuenca,CENTRE DEMOCRATIC I SOCIAL - CDS,0,0,Ministerio del Interior / portal oficial de datos abiertos,PRIMARY_OFFICIAL
2004,2004-03-14,16 - Cuenca,CENTRO DEMOCRATICO Y SOCIAL - CDS,191,0,Ministerio del Interior / portal oficial de datos abiertos,PRIMARY_OFFICIAL
2004,2004-03-14,16 - Cuenca,CHUNTA ARAGONESISTA - CHA,0,0,Ministerio del Interior / portal oficial de datos abiertos,PRIMARY_OFFICIAL
2004,2004-03-14,16 - Cuenca,CIUDADANOS EN BLANCO - CENB,171,0,Ministerio del Interior / portal oficial de datos abiertos,PRIMARY_OFFICIAL
2004,2004-03-14,16 - Cuenca,COALICIO TREBALLADORS PER LA DEMOCRACIA - TD,0,0,Ministerio del Interior / portal oficial de datos abiertos,PRIMARY_OFFICIAL
2004,2004-03-14,16 - Cuenca,COALICION CANARIA - CC,0,0,Ministerio del Interior / portal oficial de datos abiertos,PRIMARY_OFFICIAL
2004,2004-03-14,16 - Cuenca,COALICION GALEGA - CG,0,0,Ministerio del Interior / portal oficial de datos abiertos,PRIMARY_OFFICIAL
2004,2004-03-14,16 - Cuenca,CONCEJU NACIONALIEGU CANTABRU - CNC,0,0,Ministerio del Interior / portal oficial de datos abiertos,PRIMARY_OFFICIAL
2004,2004-03-14,16 - Cuenca,CONVERGENCIA CIUDADANA DEL SURESTE - CCSE,0,0,Ministerio del Interior / portal oficial de datos abiertos,PRIMARY_OFFICIAL
2004,2004-03-14,16 - Cuenca,CONVERGENCIA DE DEMOCRATAS DE NAVARRA - CDN,0,0,Ministerio del Interior / portal oficial de datos abiertos,PRIMARY_OFFICIAL
2004,2004-03-14,16 - Cuenca,CONVERGENCIA DEMOCRATICA ASTURIANA Y CDS - CDAS CDS,0,0,Ministerio del Interior / portal oficial de datos abiertos,PRIMARY_OFFICIAL
2004,2004-03-14,16 - Cuenca,CONVERGENCIA i UNIO - CiU,0,0,Ministerio del Interior / portal oficial de datos abiertos,PRIMARY_OFFICIAL
2004,2004-03-14,16 - Cuenca,DEMOCRACIA NACIONAL - DN,61,0,Ministerio del Interior / portal oficial de datos abiertos,PRIMARY_OFFICIAL
2004,2004-03-14,16 - Cuenca,EKA-PARTIDO CARLISTA - EKA,0,0,Ministerio del Interior / portal oficial de datos abiertos,PRIMARY_OFFICIAL
2004,2004-03-14,16 - Cuenca,ELS VERDS-ALTERNATIVA VERDA - EV-AV,0,0,Ministerio del Interior / portal oficial de datos abiertos,PRIMARY_OFFICIAL
2004,2004-03-14,16 - Cuenca,ELS VERDS-L'ALTERNATIVA ECOLOGISTA - EV-AE,0,0,Ministerio del Interior / portal oficial de datos abiertos,PRIMARY_OFFICIAL
2004,2004-03-14,16 - Cuenca,ESCONS INSUBMISOS-ALT. DELS DEMOCRATES DESCONTENTS - Ei,0,0,Ministerio del Interior / portal oficial de datos abiertos,PRIMARY_OFFICIAL
2004,2004-03-14,16 - Cuenca,ESPAÑA 2000 - ESPAÑA 2000,0,0,Ministerio del Interior / portal oficial de datos abiertos,PRIMARY_OFFICIAL
2004,2004-03-14,16 - Cuenca,ESQUERDA UNIDA-IZQUIERDA UNIDA - EU-IU,0,0,Ministerio del Interior / portal oficial de datos abiertos,PRIMARY_OFFICIAL
2004,2004-03-14,16 - Cuenca,ESQUERRA REPUBLICANA DE CATALUNYA - ERC,0,0,Ministerio del Interior / portal oficial de datos abiertos,PRIMARY_OFFICIAL
2004,2004-03-14,16 - Cuenca,ESQUERRA REPUBLICANA DEL PAIS VALENCIA - ERPV,0,0,Ministerio del Interior / portal oficial de datos abiertos,PRIMARY_OFFICIAL
2004,2004-03-14,16 - Cuenca,ESQUERRA UNIDA PAIS VALENCIA+I.REPUBLICANA:ENTESA - ENTESA,0,0,Ministerio del Interior / portal oficial de datos abiertos,PRIMARY_OFFICIAL
2004,2004-03-14,16 - Cuenca,ESTADO NACIONAL EUROPEO - N,0,0,Ministerio del Interior / portal oficial de datos abiertos,PRIMARY_OFFICIAL
2004,2004-03-14,16 - Cuenca,EUSKO ALDERDI JELTZALEA-PARTIDO NACIONALISTA VASCO - EAJ-PNV,0,0,Ministerio del Interior / portal oficial de datos abiertos,PRIMARY_OFFICIAL
2004,2004-03-14,16 - Cuenca,EUSKO ALKARTASUNA - EA,0,0,Ministerio del Interior / portal oficial de datos abiertos,PRIMARY_OFFICIAL
2004,2004-03-14,16 - Cuenca,EXTREMADURA UNIDA - EU,0,0,Ministerio del Interior / portal oficial de datos abiertos,PRIMARY_OFFICIAL