2016,2016-06-26,45 - Toledo,ESCANOS EN BRANCO - EB,0,0,Ministerio del Interior / fichero oficial aportado por el usuario,PRIMARY_INTERIOR
2016,2016-06-26,45 - Toledo,ESCAÑOS EN BLANCO - EB,0,0,Ministerio del Interior / fichero oficial aportado por el usuario,PRIMARY_INTERIOR
2016,2016-06-26,45 - Toledo,ESCAÑOS EN BLANCO-AULKI ZURIAK - EB-AZ,0,0,Ministerio del Interior / fichero oficial aportado por el usuario,PRIMARY_INTERIOR
2016,2016-06-26,45 - Toledo,ESQUERRA REPUBLICANA/CATALUNYA SÍ - ERC-CATSÍ,0,0,Ministerio del Interior / fichero oficial aportado por el usuario,PRIMARY_INTERIOR
2016,2016-06-26,45 - Toledo,EUSKAL HERRIA BILDU - EH Bildu,0,0,Ministerio del Interior / fichero oficial aportado por el usuario,PRIMARY_INTERIOR
2016,2016-06-26,45 - Toledo,EUZKO ALDERDI JELTZALEA-PARTIDO NACIONALISTA VASCO - EAJ-PNV,0,0,Ministerio del Interior / fichero oficial aportado por el usuario,PRIMARY_INTERIOR
2016,2016-06-26,45 - Toledo,FALANGE ESPAÑOLA DE LAS JONS - FE de las J,330,0,Ministerio del Interior / fichero oficial aportado por el usuario,PRIMARY_INTERIOR
2016,2016-06-26,45 - Toledo,FAMILIA Y VIDA - PFyV,0,0,Ministerio del Interior / fichero oficial aportado por el usuario,PRIMARY_INTERIOR
2016,2016-06-26,45 - Toledo,GEROA BAI - GBAI,0,0,Ministerio del Interior / fichero oficial aportado por el usuario,PRIMARY_INTERIOR
2016,2016-06-26,45 - Toledo,HEGOALDE RIOJA-LIBERTAD NAVARRA - HRTS-Ln,0,0,Ministerio del Interior / fichero oficial aportado por el usuario,PRIMARY_INTERIOR
2016,2016-06-26,45 - Toledo,INDEPENDIENTES POR ARAGÓN - INDEPENDIEN,0,0,Ministerio del Interior / fichero oficial aportado por el usuario,PRIMARY_INTERIOR
2016,2016-06-26,45 - Toledo,INICIATIVA MERINDADES DE CASTILLA - IMC,0,0,Ministerio del Interior / fichero oficial aportado por el usuario,PRIMARY_INTERIOR
2016,2016-06-26,45 - Toledo,IZQUIERDA ANTICAPITALISTA REVOLUCIONARIA - IZAR,0,0,Ministerio del Interior / fichero oficial aportado por el usuario,PRIMARY_INTERIOR
2016,2016-06-26,45 - Toledo,JUNTOS POR CANARIAS - JXC,0,0,Ministerio del Interior / fichero oficial aportado por el usuario,PRIMARY_INTERIOR
2016,2016-06-26,45 - Toledo,LA FALANGE - FE,254,0,Ministerio del Interior / fichero oficial aportado por el usuario,PRIMARY_INTERIOR
2016,2016-06-26,45 - Toledo,LA FUERZA DE LOS MAYORES DE ESPAÑA - FME,0,0,Ministerio del Interior / fichero oficial aportado por el usuario,PRIMARY_INTERIOR
2016,2016-06-26,45 - Toledo,"LIBERTAD NAVARRA, LIBERTATE NAFARRA - Ln",0,0,Ministerio del Interior / fichero oficial aportado por el usuario,PRIMARY_INTERIOR
2016,2016-06-26,45 - Toledo,LOS VERDES-ECOPACIFISTAS - CENTRO MODERADO,0,0,Ministerio del Interior / fichero oficial aportado por el usuario,PRIMARY_INTERIOR
2016,2016-06-26,45 - Toledo,MOVIMIENTO ARAGONÉS SOCIAL - MAS,0,0,Ministerio del Interior / fichero oficial aportado por el usuario,PRIMARY_INTERIOR
2016,2016-06-26,45 - Toledo,PARTIDO ANIMALISTA CONTRA EL MALTRATO ANIMAL - PACMA,3386,0,Ministerio del Interior / fichero oficial aportado por el usuario,PRIMARY_INTERIOR
2016,2016-06-26,45 - Toledo,PARTIDO ANIMALISTA CONTRA O MALTRATO ANIMAL - PACMA,0,0,Ministerio del Interior / fichero oficial aportado por el usuario,PRIMARY_INTERIOR
2016,2016-06-26,45 - Toledo,PARTIDO COMUNISTA DE LOS PUEBLOS DE ESPAÑA - PCPE,334,0,Ministerio del Interior / fichero oficial aportado por el usuario,PRIMARY_INTERIOR
2016,2016-06-26,45 - Toledo,PARTIDO COMUNISTA DEL PUEBLO CANARIO - PCPC,0,0,Ministerio del Interior / fichero oficial aportado por el usuario,PRIMARY_INTERIOR
2016,2016-06-26,45 - Toledo,PARTIDO COMUNISTA OBRERO ESPAÑOL - PCOE,0,0,Ministerio del Interior / fichero oficial aportado por el usuario,PRIMARY_INTERIOR
2016,2016-06-26,45 - Toledo,PARTIDO DOS SOCIALISTAS DE GALICIA-PSOE - PSdeG-PSOE,0,0,Ministerio del Interior / fichero oficial aportado por el usuario,PRIMARY_INTERIOR
2016,2016-06-26,45 - Toledo,PARTIDO HUMANISTA - PH,0,0,Ministerio del Interior / fichero oficial aportado por el usuario,PRIMARY_INTERIOR
2016,2016-06-26,45 - Toledo,PARTIDO LIBERTARIO - P-LIB,0,0,Ministerio del Interior / fichero oficial aportado por el usuario,PRIMARY_INTERIOR
2016,2016-06-26,45 - Toledo,PARTIDO POPULAR - PP,159521,3,Ministerio del Interior / fichero oficial aportado por el usuario,PRIMARY_INTERIOR
2016,2016-06-26,45 - Toledo,PARTIDO POPULAR EN COALICIÓN CON EL PARTIDO ARAGON - PP-PAR,0,0,Ministerio del Interior / fichero oficial aportado por el usuario,PRIMARY_INTERIOR
2016,2016-06-26,45 - Toledo,PARTIDO POPULAR-FORO - PP-FORO,0,0,Ministerio del Interior / fichero oficial aportado por el usuario,PRIMARY_INTERIOR
2016,2016-06-26,45 - Toledo,PARTIDO POPULAR/PARTIT POPULAR - PP,0,0,Ministerio del Interior / fichero oficial aportado por el usuario,PRIMARY_INTERIOR
2016,2016-06-26,45 - Toledo,PARTIDO REGIONALISTA DEL PAÍS LEONÉS - PREPAL,0,0,Ministerio del Interior / fichero oficial aportado por el usuario,PRIMARY_INTERIOR
2016,2016-06-26,45 - Toledo,PARTIDO SOCIALISTA DE EUSKADI-EUSKADIKO EZKERRA(PSOE) - PSE-EE (PSOE),0,0,Ministerio del Interior / fichero oficial aportado por el usuario,PRIMARY_INTERIOR
2016,2016-06-26,45 - Toledo,PARTIDO SOCIALISTA OBRERO ESPAÑOL - PSOE,97733,2,Ministerio del Interior / fichero oficial aportado por el usuario,PRIMARY_INTERIOR
2016,2016-06-26,45 - Toledo,PARTIDO SOCIALISTA OBRERO ESPAÑOL-NUEVA CANARIAS - PSOE-NCa,0,0,Ministerio del Interior / fichero oficial aportado por el usuario,PRIMARY_INTERIOR
2016,2016-06-26,45 - Toledo,PARTIDO SOMOS ANDALUCES POR ANDALUCÍA Y LOS PUEBLO - AND,0,0,Ministerio del Interior / fichero oficial aportado por el usuario,PRIMARY_INTERIOR
2016,2016-06-26,45 - Toledo,PARTIDO UNIONISTA ESTADO DE ESPAÑA - PUEDE,0,0,Ministerio del Interior / fichero oficial aportado por el usuario,PRIMARY_INTERIOR
2016,2016-06-26,45 - Toledo,PARTIT ANIMALISTA CONTRA EL MALTRACTAMENT ANIMAL - PACMA,0,0,Ministerio del Interior / fichero oficial aportado por el usuario,PRIMARY_INTERIOR
2016,2016-06-26,45 - Toledo,PARTIT COMUNISTA DEL POBLE DE CATALUNYA - PCPC,0,0,Ministerio del Interior / fichero oficial aportado por el usuario,PRIMARY_INTERIOR
2016,2016-06-26,45 - Toledo,PARTIT COMUNISTA DELS POBLES D'ESPANYA - PCPE,0,0,Ministerio del Interior / fichero oficial aportado por el usuario,PRIMARY_INTERIOR
2016,2016-06-26,45 - Toledo,PARTIT DELS SOCIALISTES DE CATALUNYA - PSC-PSOE,0,0,Ministerio del Interior / fichero oficial aportado por el usuario,PRIMARY_INTERIOR
2016,2016-06-26,45 - Toledo,PLATAFORMA PER CATALUNYA - PxC,0,0,Ministerio del Interior / fichero oficial aportado por el usuario,PRIMARY_INTERIOR
2016,2016-06-26,45 - Toledo,RECORTES CERO-GRUPO VERDE - RECORTES CERO-GRUPO VERDE,564,0,Ministerio del Interior / fichero oficial aportado por el usuario,PRIMARY_INTERIOR
2016,2016-06-26,45 - Toledo,RENOVACIO POLITICA - REPO,0,0,Ministerio del Interior / fichero oficial aportado por el usuario,PRIMARY_INTERIOR
2016,2016-06-26,45 - Toledo,SOBIRANIA PER A LES ILLES - SI,0,0,Ministerio del Interior / fichero oficial aportado por el usuario,PRIMARY_INTERIOR
2016,2016-06-26,45 - Toledo,SOLIDARIDAD Y AUTOGESTIÓN INTERNACIONALISTA - SAIn,0,0,Ministerio del Interior / fichero oficial aportado por el usuario,PRIMARY_INTERIOR
2016,2016-06-26,45 - Toledo,SOM VALENCIANS - SOMVAL,0,0,Ministerio del Interior / fichero oficial aportado por el usuario,PRIMARY_INTERIOR
2016,2016-06-26,45 - Toledo,UNIDAD DEL PUEBLO - UNIDAD DEL PUEBLO,0,0,Ministerio del Interior / fichero oficial aportado por el usuario,PRIMARY_INTERIOR
2016,2016-06-26,45 - Toledo,UNIDOS PODEMOS - PODEMOS-IU-EQUO,53994,1,Ministerio del Interior / fichero oficial aportado por el usuario,PRIMARY_INTERIOR
2016,2016-06-26,45 - Toledo,UNIDOS PODEMOS - PODEMOS-IU-EQUO-CLIAS,0,0,Ministerio del Interior / fichero oficial aportado por el usuario,PRIMARY_INTERIOR
2016,2016-06-26,45 - Toledo,UNIDOS PODEMOS - PODEMOS-IU-EQUO-IZCA,0,0,Ministerio del Interior / fichero oficial aportado por el usuario,PRIMARY_INTERIOR
2016,2016-06-26,45 - Toledo,UNIDOS PODEMOS - PODEMOS-IU-EQUO-SEGOVIEMOS,0,0,Ministerio del Interior / fichero oficial aportado por el usuario,PRIMARY_INTERIOR
2016,2016-06-26,45 - Toledo,UNIDOS PODEMOS - UNIDOS PODEMOS,0,0,Ministerio del Interior / fichero oficial aportado por el usuario,PRIMARY_INTERIOR
2016,2016-06-26,45 - Toledo,UNIDOS PODEMOS EN ALTO ARAGÓN - PODEMOS-IU-,0,0,Ministerio del Interior / fichero oficial aportado por el usuario,PRIMARY_INTERIOR
2016,2016-06-26,45 - Toledo,UNIDOS PODEMOS EN ARAGÓN - PODEMOS-IU-,0,0,Ministerio del Interior / fichero oficial aportado por el usuario,PRIMARY_INTERIOR
2016,2016-06-26,45 - Toledo,UNIDOS PODEMOS POR ANDALUCÍA - PODEMOS-IU-,0,0,Ministerio del Interior / fichero oficial aportado por el usuario,PRIMARY_INTERIOR
2016,2016-06-26,45 - Toledo,UNIDOS PODEMOS-ELKARREKIN AHAL DUGU - PODEMOS-IU-EQUO-BATZARRE,0,0,Ministerio del Interior / fichero oficial aportado por el usuario,PRIMARY_INTERIOR
2016,2016-06-26,45 - Toledo,UNIDOS PODEMOS/ELKARREKIN AHAL DUGU - PODEMOS/AHAL DUGU-IU-EQUO,0,0,Ministerio del Interior / fichero oficial aportado por el usuario,PRIMARY_INTERIOR
2016,2016-06-26,45 - Toledo,UNIDOS PODEMOS/XUNÍOS PODEMOS - PODEMOS-IU-,0,0,Ministerio del Interior / fichero oficial aportado por el usuario,PRIMARY_INTERIOR
2016,2016-06-26,45 - Toledo,UNITS PODEM MÉS - PODEMOS-EUI,0,0,Ministerio del Interior / fichero oficial aportado por el usuario,PRIMARY_INTERIOR
2016,2016-06-26,45 - Toledo,UNIÓN DE TODOS - UDT,0,0,Ministerio del Interior / fichero oficial aportado por el usuario,PRIMARY_INTERIOR
2016,2016-06-26,45 - Toledo,UNIÓN DEL PUEBLO LEONÉS - UPL,0,0,Ministerio del Interior / fichero oficial aportado por el usuario,PRIMARY_INTERIOR
2016,2016-06-26,45 - Toledo,UNIÓN DEL PUEBLO NAVARRO EN COALICIÓN CON EL PARTI - UPN-PP,0,0,Ministerio del Interior / fichero oficial aportado por el usuario,PRIMARY_INTERIOR
2016,2016-06-26,45 - Toledo,UNIÓN PROGRESO Y DEMOCRACIA - UPyD,695,0,Ministerio del Interior / fichero oficial aportado por el usuario,PRIMARY_INTERIOR
2016,2016-06-26,45 - Toledo,VOX - VOX,1013,0,Ministerio del Interior / fichero oficial aportado por el usuario,PRIMARY_INTERIOR
2016,2016-06-26,46 - Valencia/València,ALIANZA DE CENTRO DEMOCRÁTICO - ALCD,0,0,Ministerio del Interior / fichero oficial aportado por el usuario,PRIMARY_INTERIOR
2016,2016-06-26,46 - Valencia/València,BNG-NÓS CANDIDATURA GALEGA - BNG-NÓS,0,0,Ministerio del Interior / fichero oficial aportado por el usuario,PRIMARY_INTERIOR
2016,2016-06-26,46 - Valencia/València,CIUDADANOS DE CENTRO DEMOCRÁTICO - CCD,4561,0,Ministerio del Interior / fichero oficial aportado por el usuario,PRIMARY_INTERIOR
2016,2016-06-26,46 - Valencia/València,CIUDADANOS DE CENTRO DEMOCRÁTICO-CANDIDATURA INDEP - CCD-CI,0,0,Ministerio del Interior / fichero oficial aportado por el usuario,PRIMARY_INTERIOR
2016,2016-06-26,46 - Valencia/València,CIUDADANOS LIBRES UNIDOS - CILUS,0,0,Ministerio del Interior / fichero oficial aportado por el usuario,PRIMARY_INTERIOR
2016,2016-06-26,46 - Valencia/València,CIUDADANOS-PARTIDO DE LA CIUDADANÍA - C's,205489,2,Ministerio del Interior / fichero oficial aportado por el usuario,PRIMARY_INTERIOR
2016,2016-06-26,46 - Valencia/València,"CIUTADANS, PARTIDO DE LA CIUDADANÍA - C's",0,0,Ministerio del Interior / fichero oficial aportado por el usuario,PRIMARY_INTERIOR
2016,2016-06-26,46 - Valencia/València,CIUTADANS-PARTIDO DE LA CIUDADANÍA - C's,0,0,Ministerio del Interior / fichero oficial aportado por el usuario,PRIMARY_INTERIOR
2016,2016-06-26,46 - Valencia/València,COALICIÓN CANARIA-PARTIDO NACIONALISTA CANARIO - CCa-PNC,0,0,Ministerio del Interior / fichero oficial aportado por el usuario,PRIMARY_INTERIOR
2016,2016-06-26,46 - Valencia/València,COMPROMÍS-PODEMOS-EUPV: A LA VALENCIANA - PODEMOS-COM,394227,5,Ministerio del Interior / fichero oficial aportado por el usuario,PRIMARY_INTERIOR
2016,2016-06-26,46 - Valencia/València,COMUNISTAS DA GALIZA - PCPE,0,0,Ministerio del Interior / fichero oficial aportado por el usuario,PRIMARY_INTERIOR
2016,2016-06-26,46 - Valencia/València,COMUNISTAS DA GALIZA-PCPE - PCPE,0,0,Ministerio del Interior / fichero oficial aportado por el usuario,PRIMARY_INTERIOR
2016,2016-06-26,46 - Valencia/València,CONVERGÈNCIA DEMOCRÀTICA DE CATALUNYA - CDC,0,0,Ministerio del Interior / fichero oficial aportado por el usuario,PRIMARY_INTERIOR
2016,2016-06-26,46 - Valencia/València,EN COMÚ PODEM-GUANYEM EL CANVI - ECP,0,0,Ministerio del Interior / fichero oficial aportado por el usuario,PRIMARY_INTERIOR
2016,2016-06-26,46 - Valencia/València,EN MAREA - PODEMOS-EN MAREA-ANOVA-EU,0,0,Ministerio del Interior / fichero oficial aportado por el usuario,PRIMARY_INTERIOR
2016,2016-06-26,46 - Valencia/València,ENTABAN - ENTABAN,0,0,Ministerio del Interior / fichero oficial aportado por el usuario,PRIMARY_INTERIOR
2016,2016-06-26,46 - Valencia/València,ESCANOS EN BRANCO - EB,0,0,Ministerio del Interior / fichero oficial aportado por el usuario,PRIMARY_INTERIOR
2016,2016-06-26,46 - Valencia/València,ESCAÑOS EN BLANCO - EB,0,0,Ministerio del Interior / fichero oficial aportado por el usuario,PRIMARY_INTERIOR
2016,2016-06-26,46 - Valencia/València,ESCAÑOS EN BLANCO-AULKI ZURIAK - EB-AZ,0,0,Ministerio del Interior / fichero oficial aportado por el usuario,PRIMARY_INTERIOR
2016,2016-06-26,46 - Valencia/València,ESQUERRA REPUBLICANA/CATALUNYA SÍ - ERC-CATSÍ,0,0,Ministerio del Interior / fichero oficial aportado por el usuario,PRIMARY_INTERIOR
2016,2016-06-26,46 - Valencia/València,EUSKAL HERRIA BILDU - EH Bildu,0,0,Ministerio del Interior / fichero oficial aportado por el usuario,PRIMARY_INTERIOR
2016,2016-06-26,46 - Valencia/València,EUZKO ALDERDI JELTZALEA-PARTIDO NACIONALISTA VASCO - EAJ-PNV,0,0,Ministerio del Interior / fichero oficial aportado por el usuario,PRIMARY_INTERIOR
2016,2016-06-26,46 - Valencia/València,FALANGE ESPAÑOLA DE LAS JONS - FE de las J,1465,0,Ministerio del Interior / fichero oficial aportado por el usuario,PRIMARY_INTERIOR
2016,2016-06-26,46 - Valencia/València,FAMILIA Y VIDA - PFyV,0,0,Ministerio del Interior / fichero oficial aportado por el usuario,PRIMARY_INTERIOR
2016,2016-06-26,46 - Valencia/València,GEROA BAI - GBAI,0,0,Ministerio del Interior / fichero oficial aportado por el usuario,PRIMARY_INTERIOR
2016,2016-06-26,46 - Valencia/València,HEGOALDE RIOJA-LIBERTAD NAVARRA - HRTS-Ln,0,0,Ministerio del Interior / fichero oficial aportado por el usuario,PRIMARY_INTERIOR
2016,2016-06-26,46 - Valencia/València,INDEPENDIENTES POR ARAGÓN - INDEPENDIEN,0,0,Ministerio del Interior / fichero oficial aportado por el usuario,PRIMARY_INTERIOR
2016,2016-06-26,46 - Valencia/València,INICIATIVA MERINDADES DE CASTILLA - IMC,0,0,Ministerio del Interior / fichero oficial aportado por el usuario,PRIMARY_INTERIOR
2016,2016-06-26,46 - Valencia/València,IZQUIERDA ANTICAPITALISTA REVOLUCIONARIA - IZAR,0,0,Ministerio del Interior / fichero oficial aportado por el usuario,PRIMARY_INTERIOR
2016,2016-06-26,46 - Valencia/València,JUNTOS POR CANARIAS - JXC,0,0,Ministerio del Interior / fichero oficial aportado por el usuario,PRIMARY_INTERIOR
2016,2016-06-26,46 - Valencia/València,LA FALANGE - FE,0,0,Ministerio del Interior / fichero oficial aportado por el usuario,PRIMARY_INTERIOR
2016,2016-06-26,46 - Valencia/València,LA FUERZA DE LOS MAYORES DE ESPAÑA - FME,0,0,Ministerio del Interior / fichero oficial aportado por el usuario,PRIMARY_INTERIOR
2016,2016-06-26,46 - Valencia/València,"LIBERTAD NAVARRA, LIBERTATE NAFARRA - Ln",0,0,Ministerio del Interior / fichero oficial aportado por el usuario,PRIMARY_INTERIOR
2016,2016-06-26,46 - Valencia/València,LOS VERDES-ECOPACIFISTAS - CENTRO MODERADO,0,0,Ministerio del Interior / fichero oficial aportado por el usuario,PRIMARY_INTERIOR
2016,2016-06-26,46 - Valencia/València,MOVIMIENTO ARAGONÉS SOCIAL - MAS,0,0,Ministerio del Interior / fichero oficial aportado por el usuario,PRIMARY_INTERIOR
2016,2016-06-26,46 - Valencia/València,PARTIDO ANIMALISTA CONTRA EL MALTRATO ANIMAL - PACMA,18994,0,Ministerio del Interior / fichero oficial aportado por el usuario,PRIMARY_INTERIOR
2016,2016-06-26,46 - Valencia/València,PARTIDO ANIMALISTA CONTRA O MALTRATO ANIMAL - PACMA,0,0,Ministerio del Interior / fichero oficial aportado por el usuario,PRIMARY_INTERIOR
2016,2016-06-26,46 - Valencia/València,PARTIDO COMUNISTA DE LOS PUEBLOS DE ESPAÑA - PCPE,1566,0,Ministerio del Interior / fichero oficial aportado por el usuario,PRIMARY_INTERIOR
2016,2016-06-26,46 - Valencia/València,PARTIDO COMUNISTA DEL PUEBLO CANARIO - PCPC,0,0,Ministerio del Interior / fichero oficial aportado por el usuario,PRIMARY_INTERIOR
2016,2016-06-26,46 - Valencia/València,PARTIDO COMUNISTA OBRERO ESPAÑOL - PCOE,0,0,Ministerio del Interior / fichero oficial aportado por el usuario,PRIMARY_INTERIOR
2016,2016-06-26,46 - Valencia/València,PARTIDO DOS SOCIALISTAS DE GALICIA-PSOE - PSdeG-PSOE,0,0,Ministerio del Interior / fichero oficial aportado por el usuario,PRIMARY_INTERIOR
2016,2016-06-26,46 - Valencia/València,PARTIDO HUMANISTA - PH,0,0,Ministerio del Interior / fichero oficial aportado por el usuario,PRIMARY_INTERIOR
2016,2016-06-26,46 - Valencia/València,PARTIDO LIBERTARIO - P-LIB,589,0,Ministerio del Interior / fichero oficial aportado por el usuario,PRIMARY_INTERIOR
2016,2016-06-26,46 - Valencia/València,PARTIDO POPULAR - PP,482855,6,Ministerio del Interior / fichero oficial aportado por el usuario,PRIMARY_INTERIOR
2016,2016-06-26,46 - Valencia/València,PARTIDO POPULAR EN COALICIÓN CON EL PARTIDO ARAGON - PP-PAR,0,0,Ministerio del Interior / fichero oficial aportado por el usuario,PRIMARY_INTERIOR
2016,2016-06-26,46 - Valencia/València,PARTIDO POPULAR-FORO - PP-FORO,0,0,Ministerio del Interior / fichero oficial aportado por el usuario,PRIMARY_INTERIOR
2016,2016-06-26,46 - Valencia/València,PARTIDO POPULAR/PARTIT POPULAR - PP,0,0,Ministerio del Interior / fichero oficial aportado por el usuario,PRIMARY_INTERIOR
2016,2016-06-26,46 - Valencia/València,PARTIDO REGIONALISTA DEL PAÍS LEONÉS - PREPAL,0,0,Ministerio del Interior / fichero oficial aportado por el usuario,PRIMARY_INTERIOR
2016,2016-06-26,46 - Valencia/València,PARTIDO SOCIALISTA DE EUSKADI-EUSKADIKO EZKERRA(PSOE) - PSE-EE (PSOE),0,0,Ministerio del Interior / fichero oficial aportado por el usuario,PRIMARY_INTERIOR
2016,2016-06-26,46 - Valencia/València,PARTIDO SOCIALISTA OBRERO ESPAÑOL - PSOE,285732,3,Ministerio del Interior / fichero oficial aportado por el usuario,PRIMARY_INTERIOR
2016,2016-06-26,46 - Valencia/València,PARTIDO SOCIALISTA OBRERO ESPAÑOL-NUEVA CANARIAS - PSOE-NCa,0,0,Ministerio del Interior / fichero oficial aportado por el usuario,PRIMARY_INTERIOR
2016,2016-06-26,46 - Valencia/València,PARTIDO SOMOS ANDALUCES POR ANDALUCÍA Y LOS PUEBLO - AND,0,0,Ministerio del Interior / fichero oficial aportado por el usuario,PRIMARY_INTERIOR
2016,2016-06-26,46 - Valencia/València,PARTIDO UNIONISTA ESTADO DE ESPAÑA - PUEDE,0,0,Ministerio del Interior / fichero oficial aportado por el usuario,PRIMARY_INTERIOR
2016,2016-06-26,46 - Valencia/València,PARTIT ANIMALISTA CONTRA EL MALTRACTAMENT ANIMAL - PACMA,0,0,Ministerio del Interior / fichero oficial aportado por el usuario,PRIMARY_INTERIOR
2016,2016-06-26,46 - Valencia/València,PARTIT COMUNISTA DEL POBLE DE CATALUNYA - PCPC,0,0,Ministerio del Interior / fichero oficial aportado por el usuario,PRIMARY_INTERIOR
2016,2016-06-26,46 - Valencia/València,PARTIT COMUNISTA DELS POBLES D'ESPANYA - PCPE,0,0,Ministerio del Interior / fichero oficial aportado por el usuario,PRIMARY_INTERIOR
2016,2016-06-26,46 - Valencia/València,PARTIT DELS SOCIALISTES DE CATALUNYA - PSC-PSOE,0,0,Ministerio del Interior / fichero oficial aportado por el usuario,PRIMARY_INTERIOR
2016,2016-06-26,46 - Valencia/València,PLATAFORMA PER CATALUNYA - PxC,0,0,Ministerio del Interior / fichero oficial aportado por el usuario,PRIMARY_INTERIOR
2016,2016-06-26,46 - Valencia/València,RECORTES CERO-GRUPO VERDE - RECORTES CERO-GRUPO VERDE,2944,0,Ministerio del Interior / fichero oficial aportado por el usuario,PRIMARY_INTERIOR
2016,2016-06-26,46 - Valencia/València,RENOVACIO POLITICA - REPO,570,0,Ministerio del Interior / fichero oficial aportado por el usuario,PRIMARY_INTERIOR
2016,2016-06-26,46 - Valencia/València,SOBIRANIA PER A LES ILLES - SI,0,0,Ministerio del Interior / fichero oficial aportado por el usuario,PRIMARY_INTERIOR
2016,2016-06-26,46 - Valencia/València,SOLIDARIDAD Y AUTOGESTIÓN INTERNACIONALISTA - SAIn,0,0,Ministerio del Interior / fichero oficial aportado por el usuario,PRIMARY_INTERIOR
2016,2016-06-26,46 - Valencia/València,SOM VALENCIANS - SOMVAL,5678,0,Ministerio del Interior / fichero oficial aportado por el usuario,PRIMARY_INTERIOR
2016,2016-06-26,46 - Valencia/València,UNIDAD DEL PUEBLO - UNIDAD DEL PUEBLO,0,0,Ministerio del Interior / fichero oficial aportado por el usuario,PRIMARY_INTERIOR
2016,2016-06-26,46 - Valencia/València,UNIDOS PODEMOS - PODEMOS-IU-EQUO,0,0,Ministerio del Interior / fichero oficial aportado por el usuario,PRIMARY_INTERIOR
2016,2016-06-26,46 - Valencia/València,UNIDOS PODEMOS - PODEMOS-IU-EQUO-CLIAS,0,0,Ministerio del Interior / fichero oficial aportado por el usuario,PRIMARY_INTERIOR
2016,2016-06-26,46 - Valencia/València,UNIDOS PODEMOS - PODEMOS-IU-EQUO-IZCA,0,0,Ministerio del Interior / fichero oficial aportado por el usuario,PRIMARY_INTERIOR
2016,2016-06-26,46 - Valencia/València,UNIDOS PODEMOS - PODEMOS-IU-EQUO-SEGOVIEMOS,0,0,Ministerio del Interior / fichero oficial aportado por el usuario,PRIMARY_INTERIOR
2016,2016-06-26,46 - Valencia/València,UNIDOS PODEMOS - UNIDOS PODEMOS,0,0,Ministerio del Interior / fichero oficial aportado por el usuario,PRIMARY_INTERIOR
2016,2016-06-26,46 - Valencia/València,UNIDOS PODEMOS EN ALTO ARAGÓN - PODEMOS-IU-,0,0,Ministerio del Interior / fichero oficial aportado por el usuario,PRIMARY_INTERIOR
2016,2016-06-26,46 - Valencia/València,UNIDOS PODEMOS EN ARAGÓN - PODEMOS-IU-,0,0,Ministerio del Interior / fichero oficial aportado por el usuario,PRIMARY_INTERIOR
2016,2016-06-26,46 - Valencia/València,UNIDOS PODEMOS POR ANDALUCÍA - PODEMOS-IU-,0,0,Ministerio del Interior / fichero oficial aportado por el usuario,PRIMARY_INTERIOR
2016,2016-06-26,46 - Valencia/València,UNIDOS PODEMOS-ELKARREKIN AHAL DUGU - PODEMOS-IU-EQUO-BATZARRE,0,0,Ministerio del Interior / fichero oficial aportado por el usuario,PRIMARY_INTERIOR
2016,2016-06-26,46 - Valencia/València,UNIDOS PODEMOS/ELKARREKIN AHAL DUGU - PODEMOS/AHAL DUGU-IU-EQUO,0,0,Ministerio del Interior / fichero oficial aportado por el usuario,PRIMARY_INTERIOR
2016,2016-06-26,46 - Valencia/València,UNIDOS PODEMOS/XUNÍOS PODEMOS - PODEMOS-IU-,0,0,Ministerio del Interior / fichero oficial aportado por el usuario,PRIMARY_INTERIOR
2016,2016-06-26,46 - Valencia/València,UNITS PODEM MÉS - PODEMOS-EUI,0,0,Ministerio del Interior / fichero oficial aportado por el usuario,PRIMARY_INTERIOR
2016,2016-06-26,46 - Valencia/València,UNIÓN DE TODOS - UDT,0,0,Ministerio del Interior / fichero oficial aportado por el usuario,PRIMARY_INTERIOR
2016,2016-06-26,46 - Valencia/València,UNIÓN DEL PUEBLO LEONÉS - UPL,0,0,Ministerio del Interior / fichero oficial aportado por el usuario,PRIMARY_INTERIOR
2016,2016-06-26,46 - Valencia/València,UNIÓN DEL PUEBLO NAVARRO EN COALICIÓN CON EL PARTI - UPN-PP,0,0,Ministerio del Interior / fichero oficial aportado por el usuario,PRIMARY_INTERIOR
2016,2016-06-26,46 - Valencia/València,UNIÓN PROGRESO Y DEMOCRACIA - UPyD,2962,0,Ministerio del Interior / fichero oficial aportado por el usuario,PRIMARY_INTERIOR
2016,2016-06-26,46 - Valencia/València,VOX - VOX,3381,0,Ministerio del Interior / fichero oficial aportado por el usuario,PRIMARY_INTERIOR
2016,2016-06-26,47 - Valladolid,ALIANZA DE CENTRO DEMOCRÁTICO - ALCD,115,0,Ministerio del Interior / fichero oficial aportado por el usuario,PRIMARY_INTERIOR
2016,2016-06-26,47 - Valladolid,BNG-NÓS CANDIDATURA GALEGA - BNG-NÓS,0,0,Ministerio del Interior / fichero oficial aportado por el usuario,PRIMARY_INTERIOR
2016,2016-06-26,47 - Valladolid,CIUDADANOS DE CENTRO DEMOCRÁTICO - CCD,0,0,Ministerio del Interior / fichero oficial aportado por el usuario,PRIMARY_INTERIOR
2016,2016-06-26,47 - Valladolid,CIUDADANOS DE CENTRO DEMOCRÁTICO-CANDIDATURA INDEP - CCD-CI,2672,0,Ministerio del Interior / fichero oficial aportado por el usuario,PRIMARY_INTERIOR
2016,2016-06-26,47 - Valladolid,CIUDADANOS LIBRES UNIDOS - CILUS,0,0,Ministerio del Interior / fichero oficial aportado por el usuario,PRIMARY_INTERIOR
2016,2016-06-26,47 - Valladolid,CIUDADANOS-PARTIDO DE LA CIUDADANÍA - C's,49283,1,Ministerio del Interior / fichero oficial aportado por el usuario,PRIMARY_INTERIOR
2016,2016-06-26,47 - Valladolid,"CIUTADANS, PARTIDO DE LA CIUDADANÍA - C's",0,0,Ministerio del Interior / fichero oficial aportado por el usuario,PRIMARY_INTERIOR
2016,2016-06-26,47 - Valladolid,CIUTADANS-PARTIDO DE LA CIUDADANÍA - C's,0,0,Ministerio del Interior / fichero oficial aportado por el usuario,PRIMARY_INTERIOR
2016,2016-06-26,47 - Valladolid,COALICIÓN CANARIA-PARTIDO NACIONALISTA CANARIO - CCa-PNC,0,0,Ministerio del Interior / fichero oficial aportado por el usuario,PRIMARY_INTERIOR
2016,2016-06-26,47 - Valladolid,COMPROMÍS-PODEMOS-EUPV: A LA VALENCIANA - PODEMOS-COM,0,0,Ministerio del Interior / fichero oficial aportado por el usuario,PRIMARY_INTERIOR
2016,2016-06-26,47 - Valladolid,COMUNISTAS DA GALIZA - PCPE,0,0,Ministerio del Interior / fichero oficial aportado por el usuario,PRIMARY_INTERIOR
2016,2016-06-26,47 - Valladolid,COMUNISTAS DA GALIZA-PCPE - PCPE,0,0,Ministerio del Interior / fichero oficial aportado por el usuario,PRIMARY_INTERIOR
2016,2016-06-26,47 - Valladolid,CONVERGÈNCIA DEMOCRÀTICA DE CATALUNYA - CDC,0,0,Ministerio del Interior / fichero oficial aportado por el usuario,PRIMARY_INTERIOR
2016,2016-06-26,47 - Valladolid,EN COMÚ PODEM-GUANYEM EL CANVI - ECP,0,0,Ministerio del Interior / fichero oficial aportado por el usuario,PRIMARY_INTERIOR
2016,2016-06-26,47 - Valladolid,EN MAREA - PODEMOS-EN MAREA-ANOVA-EU,0,0,Ministerio del Interior / fichero oficial aportado por el usuario,PRIMARY_INTERIOR
2016,2016-06-26,47 - Valladolid,ENTABAN - ENTABAN,0,0,Ministerio del Interior / fichero oficial aportado por el usuario,PRIMARY_INTERIOR
2016,2016-06-26,47 - Valladolid,ESCANOS EN BRANCO - EB,0,0,Ministerio del Interior / fichero oficial aportado por el usuario,PRIMARY_INTERIOR
2016,2016-06-26,47 - Valladolid,ESCAÑOS EN BLANCO - EB,0,0,Ministerio del Interior / fichero oficial aportado por el usuario,PRIMARY_INTERIOR
2016,2016-06-26,47 - Valladolid,ESCAÑOS EN BLANCO-AULKI ZURIAK - EB-AZ,0,0,Ministerio del Interior / fichero oficial aportado por el usuario,PRIMARY_INTERIOR
2016,2016-06-26,47 - Valladolid,ESQUERRA REPUBLICANA/CATALUNYA SÍ - ERC-CATSÍ,0,0,Ministerio del Interior / fichero oficial aportado por el usuario,PRIMARY_INTERIOR
2016,2016-06-26,47 - Valladolid,EUSKAL HERRIA BILDU - EH Bildu,0,0,Ministerio del Interior / fichero oficial aportado por el usuario,PRIMARY_INTERIOR
2016,2016-06-26,47 - Valladolid,EUZKO ALDERDI JELTZALEA-PARTIDO NACIONALISTA VASCO - EAJ-PNV,0,0,Ministerio del Interior / fichero oficial aportado por el usuario,PRIMARY_INTERIOR
2016,2016-06-26,47 - Valladolid,FALANGE ESPAÑOLA DE LAS JONS - FE de las J,454,0,Ministerio del Interior / fichero oficial aportado por el usuario,PRIMARY_INTERIOR
2016,2016-06-26,47 - Valladolid,FAMILIA Y VIDA - PFyV,0,0,Ministerio del Interior / fichero oficial aportado por el usuario,PRIMARY_INTERIOR
2016,2016-06-26,47 - Valladolid,GEROA BAI - GBAI,0,0,Ministerio del Interior / fichero oficial aportado por el usuario,PRIMARY_INTERIOR
2016,2016-06-26,47 - Valladolid,HEGOALDE RIOJA-LIBERTAD NAVARRA - HRTS-Ln,0,0,Ministerio del Interior / fichero oficial aportado por el usuario,PRIMARY_INTERIOR
2016,2016-06-26,47 - Valladolid,INDEPENDIENTES POR ARAGÓN - INDEPENDIEN,0,0,Ministerio del Interior / fichero oficial aportado por el usuario,PRIMARY_INTERIOR
2016,2016-06-26,47 - Valladolid,INICIATIVA MERINDADES DE CASTILLA - IMC,0,0,Ministerio del Interior / fichero oficial aportado por el usuario,PRIMARY_INTERIOR
2016,2016-06-26,47 - Valladolid,IZQUIERDA ANTICAPITALISTA REVOLUCIONARIA - IZAR,0,0,Ministerio del Interior / fichero oficial aportado por el usuario,PRIMARY_INTERIOR
2016,2016-06-26,47 - Valladolid,JUNTOS POR CANARIAS - JXC,0,0,Ministerio del Interior / fichero oficial aportado por el usuario,PRIMARY_INTERIOR
2016,2016-06-26,47 - Valladolid,LA FALANGE - FE,0,0,Ministerio del Interior / fichero oficial aportado por el usuario,PRIMARY_INTERIOR
2016,2016-06-26,47 - Valladolid,LA FUERZA DE LOS MAYORES DE ESPAÑA - FME,0,0,Ministerio del Interior / fichero oficial aportado por el usuario,PRIMARY_INTERIOR
2016,2016-06-26,47 - Valladolid,"LIBERTAD NAVARRA, LIBERTATE NAFARRA - Ln",0,0,Ministerio del Interior / fichero oficial aportado por el usuario,PRIMARY_INTERIOR
2016,2016-06-26,47 - Valladolid,LOS VERDES-ECOPACIFISTAS - CENTRO MODERADO,0,0,Ministerio del Interior / fichero oficial aportado por el usuario,PRIMARY_INTERIOR
2016,2016-06-26,47 - Valladolid,MOVIMIENTO ARAGONÉS SOCIAL - MAS,0,0,Ministerio del Interior / fichero oficial aportado por el usuario,PRIMARY_INTERIOR
2016,2016-06-26,47 - Valladolid,PARTIDO ANIMALISTA CONTRA EL MALTRATO ANIMAL - PACMA,2225,0,Ministerio del Interior / fichero oficial aportado por el usuario,PRIMARY_INTERIOR
2016,2016-06-26,47 - Valladolid,PARTIDO ANIMALISTA CONTRA O MALTRATO ANIMAL - PACMA,0,0,Ministerio del Interior / fichero oficial aportado por el usuario,PRIMARY_INTERIOR
2016,2016-06-26,47 - Valladolid,PARTIDO COMUNISTA DE LOS PUEBLOS DE ESPAÑA - PCPE,316,0,Ministerio del Interior / fichero oficial aportado por el usuario,PRIMARY_INTERIOR
2016,2016-06-26,47 - Valladolid,PARTIDO COMUNISTA DEL PUEBLO CANARIO - PCPC,0,0,Ministerio del Interior / fichero oficial aportado por el usuario,PRIMARY_INTERIOR
2016,2016-06-26,47 - Valladolid,PARTIDO COMUNISTA OBRERO ESPAÑOL - PCOE,0,0,Ministerio del Interior / fichero oficial aportado por el usuario,PRIMARY_INTERIOR
2016,2016-06-26,47 - Valladolid,PARTIDO DOS SOCIALISTAS DE GALICIA-PSOE - PSdeG-PSOE,0,0,Ministerio del Interior / fichero oficial aportado por el usuario,PRIMARY_INTERIOR
2016,2016-06-26,47 - Valladolid,PARTIDO HUMANISTA - PH,0,0,Ministerio del Interior / fichero oficial aportado por el usuario,PRIMARY_INTERIOR
2016,2016-06-26,47 - Valladolid,PARTIDO LIBERTARIO - P-LIB,146,0,Ministerio del Interior / fichero oficial aportado por el usuario,PRIMARY_INTERIOR
2016,2016-06-26,47 - Valladolid,PARTIDO POPULAR - PP,132026,2,Ministerio del Interior / fichero oficial aportado por el usuario,PRIMARY_INTERIOR
2016,2016-06-26,47 - Valladolid,PARTIDO POPULAR EN COALICIÓN CON EL PARTIDO ARAGON - PP-PAR,0,0,Ministerio del Interior / fichero oficial aportado por el usuario,PRIMARY_INTERIOR
2016,2016-06-26,47 - Valladolid,PARTIDO POPULAR-FORO - PP-FORO,0,0,Ministerio del Interior / fichero oficial aportado por el usuario,PRIMARY_INTERIOR
2016,2016-06-26,47 - Valladolid,PARTIDO POPULAR/PARTIT POPULAR - PP,0,0,Ministerio del Interior / fichero oficial aportado por el usuario,PRIMARY_INTERIOR
2016,2016-06-26,47 - Valladolid,PARTIDO REGIONALISTA DEL PAÍS LEONÉS - PREPAL,0,0,Ministerio del Interior / fichero oficial aportado por el usuario,PRIMARY_INTERIOR
2016,2016-06-26,47 - Valladolid,PARTIDO SOCIALISTA DE EUSKADI-EUSKADIKO EZKERRA(PSOE) - PSE-EE (PSOE),0,0,Ministerio del Interior / fichero oficial aportado por el usuario,PRIMARY_INTERIOR
2016,2016-06-26,47 - Valladolid,PARTIDO SOCIALISTA OBRERO ESPAÑOL - PSOE,71780,1,Ministerio del Interior / fichero oficial aportado por el usuario,PRIMARY_INTERIOR
2016,2016-06-26,47 - Valladolid,PARTIDO SOCIALISTA OBRERO ESPAÑOL-NUEVA CANARIAS - PSOE-NCa,0,0,Ministerio del Interior / fichero oficial aportado por el usuario,PRIMARY_INTERIOR
2016,2016-06-26,47 - Valladolid,PARTIDO SOMOS ANDALUCES POR ANDALUCÍA Y LOS PUEBLO - AND,0,0,Ministerio del Interior / fichero oficial aportado por el usuario,PRIMARY_INTERIOR
2016,2016-06-26,47 - Valladolid,PARTIDO UNIONISTA ESTADO DE ESPAÑA - PUEDE,0,0,Ministerio del Interior / fichero oficial aportado por el usuario,PRIMARY_INTERIOR
2016,2016-06-26,47 - Valladolid,PARTIT ANIMALISTA CONTRA EL MALTRACTAMENT ANIMAL - PACMA,0,0,Ministerio del Interior / fichero oficial aportado por el usuario,PRIMARY_INTERIOR
2016,2016-06-26,47 - Valladolid,PARTIT COMUNISTA DEL POBLE DE CATALUNYA - PCPC,0,0,Ministerio del Interior / fichero oficial aportado por el usuario,PRIMARY_INTERIOR
2016,2016-06-26,47 - Valladolid,PARTIT COMUNISTA DELS POBLES D'ESPANYA - PCPE,0,0,Ministerio del Interior / fichero oficial aportado por el usuario,PRIMARY_INTERIOR
2016,2016-06-26,47 - Valladolid,PARTIT DELS SOCIALISTES DE CATALUNYA - PSC-PSOE,0,0,Ministerio del Interior / fichero oficial aportado por el usuario,PRIMARY_INTERIOR
2016,2016-06-26,47 - Valladolid,PLATAFORMA PER CATALUNYA - PxC,0,0,Ministerio del Interior / fichero oficial aportado por el usuario,PRIMARY_INTERIOR
2016,2016-06-26,47 - Valladolid,RECORTES CERO-GRUPO VERDE - RECORTES CERO-GRUPO VERDE,524,0,Ministerio del Interior / fichero oficial aportado por el usuario,PRIMARY_INTERIOR
2016,2016-06-26,47 - Valladolid,RENOVACIO POLITICA - REPO,0,0,Ministerio del Interior / fichero oficial aportado por el usuario,PRIMARY_INTERIOR
2016,2016-06-26,47 - Valladolid,SOBIRANIA PER A LES ILLES - SI,0,0,Ministerio del Interior / fichero oficial aportado por el usuario,PRIMARY_INTERIOR
2016,2016-06-26,47 - Valladolid,SOLIDARIDAD Y AUTOGESTIÓN INTERNACIONALISTA - SAIn,210,0,Ministerio del Interior / fichero oficial aportado por el usuario,PRIMARY_INTERIOR
2016,2016-06-26,47 - Valladolid,SOM VALENCIANS - SOMVAL,0,0,Ministerio del Interior / fichero oficial aportado por el usuario,PRIMARY_INTERIOR
2016,2016-06-26,47 - Valladolid,UNIDAD DEL PUEBLO - UNIDAD DEL PUEBLO,0,0,Ministerio del Interior / fichero oficial aportado por el usuario,PRIMARY_INTERIOR
2016,2016-06-26,47 - Valladolid,UNIDOS PODEMOS - PODEMOS-IU-EQUO,0,0,Ministerio del Interior / fichero oficial aportado por el usuario,PRIMARY_INTERIOR
2016,2016-06-26,47 - Valladolid,UNIDOS PODEMOS - PODEMOS-IU-EQUO-CLIAS,0,0,Ministerio del Interior / fichero oficial aportado por el usuario,PRIMARY_INTERIOR
2016,2016-06-26,47 - Valladolid,UNIDOS PODEMOS - PODEMOS-IU-EQUO-IZCA,51637,1,Ministerio del Interior / fichero oficial aportado por el usuario,PRIMARY_INTERIOR
2016,2016-06-26,47 - Valladolid,UNIDOS PODEMOS - PODEMOS-IU-EQUO-SEGOVIEMOS,0,0,Ministerio del Interior / fichero oficial aportado por el usuario,PRIMARY_INTERIOR
2016,2016-06-26,47 - Valladolid,UNIDOS PODEMOS - UNIDOS PODEMOS,0,0,Ministerio del Interior / fichero oficial aportado por el usuario,PRIMARY_INTERIOR
2016,2016-06-26,47 - Valladolid,UNIDOS PODEMOS EN ALTO ARAGÓN - PODEMOS-IU-,0,0,Ministerio del Interior / fichero oficial aportado por el usuario,PRIMARY_INTERIOR
2016,2016-06-26,47 - Valladolid,UNIDOS PODEMOS EN ARAGÓN - PODEMOS-IU-,0,0,Ministerio del Interior / fichero oficial aportado por el usuario,PRIMARY_INTERIOR
2016,2016-06-26,47 - Valladolid,UNIDOS PODEMOS POR ANDALUCÍA - PODEMOS-IU-,0,0,Ministerio del Interior / fichero oficial aportado por el usuario,PRIMARY_INTERIOR
2016,2016-06-26,47 - Valladolid,UNIDOS PODEMOS-ELKARREKIN AHAL DUGU - PODEMOS-IU-EQUO-BATZARRE,0,0,Ministerio del Interior / fichero oficial aportado por el usuario,PRIMARY_INTERIOR
2016,2016-06-26,47 - Valladolid,UNIDOS PODEMOS/ELKARREKIN AHAL DUGU - PODEMOS/AHAL DUGU-IU-EQUO,0,0,Ministerio del Interior / fichero oficial aportado por el usuario,PRIMARY_INTERIOR
2016,2016-06-26,47 - Valladolid,UNIDOS PODEMOS/XUNÍOS PODEMOS - PODEMOS-IU-,0,0,Ministerio del Interior / fichero oficial aportado por el usuario,PRIMARY_INTERIOR
2016,2016-06-26,47 - Valladolid,UNITS PODEM MÉS - PODEMOS-EUI,0,0,Ministerio del Interior / fichero oficial aportado por el usuario,PRIMARY_INTERIOR
2016,2016-06-26,47 - Valladolid,UNIÓN DE TODOS - UDT,0,0,Ministerio del Interior / fichero oficial aportado por el usuario,PRIMARY_INTERIOR
2016,2016-06-26,47 - Valladolid,UNIÓN DEL PUEBLO LEONÉS - UPL,0,0,Ministerio del Interior / fichero oficial aportado por el usuario,PRIMARY_INTERIOR
2016,2016-06-26,47 - Valladolid,UNIÓN DEL PUEBLO NAVARRO EN COALICIÓN CON EL PARTI - UPN-PP,0,0,Ministerio del Interior / fichero oficial aportado por el usuario,PRIMARY_INTERIOR
2016,2016-06-26,47 - Valladolid,UNIÓN PROGRESO Y DEMOCRACIA - UPyD,1068,0,Ministerio del Interior / fichero oficial aportado por el usuario,PRIMARY_INTERIOR
2016,2016-06-26,47 - Valladolid,VOX - VOX,1078,0,Ministerio del Interior / fichero oficial aportado por el usuario,PRIMARY_INTERIOR
2016,2016-06-26,48 - Bizkaia,ALIANZA DE CENTRO DEMOCRÁTICO - ALCD,0,0,Ministerio del Interior / fichero oficial aportado por el usuario,PRIMARY_INTERIOR
2016,2016-06-26,48 - Bizkaia,BNG-NÓS CANDIDATURA GALEGA - BNG-NÓS,0,0,Ministerio del Interior / fichero oficial aportado por el usuario,PRIMARY_INTERIOR
2016,2016-06-26,48 - Bizkaia,CIUDADANOS DE CENTRO DEMOCRÁTICO - CCD,0,0,Ministerio del Interior / fichero oficial aportado por el usuario,PRIMARY_INTERIOR
2016,2016-06-26,48 - Bizkaia,CIUDADANOS DE CENTRO DEMOCRÁTICO-CANDIDATURA INDEP - CCD-CI,0,0,Ministerio del Interior / fichero oficial aportado por el usuario,PRIMARY_INTERIOR
2016,2016-06-26,48 - Bizkaia,CIUDADANOS LIBRES UNIDOS - CILUS,0,0,Ministerio del Interior / fichero oficial aportado por el usuario,PRIMARY_INTERIOR
2016,2016-06-26,48 - Bizkaia,CIUDADANOS-PARTIDO DE LA CIUDADANÍA - C's,20685,0,Ministerio del Interior / fichero oficial aportado por el usuario,PRIMARY_INTERIOR
2016,2016-06-26,48 - Bizkaia,"CIUTADANS, PARTIDO DE LA CIUDADANÍA - C's",0,0,Ministerio del Interior / fichero oficial aportado por el usuario,PRIMARY_INTERIOR
2016,2016-06-26,48 - Bizkaia,CIUTADANS-PARTIDO DE LA CIUDADANÍA - C's,0,0,Ministerio del Interior / fichero oficial aportado por el usuario,PRIMARY_INTERIOR
2016,2016-06-26,48 - Bizkaia,COALICIÓN CANARIA-PARTIDO NACIONALISTA CANARIO - CCa-PNC,0,0,Ministerio del Interior / fichero oficial aportado por el usuario,PRIMARY_INTERIOR
2016,2016-06-26,48 - Bizkaia,COMPROMÍS-PODEMOS-EUPV: A LA VALENCIANA - PODEMOS-COM,0,0,Ministerio del Interior / fichero oficial aportado por el usuario,PRIMARY_INTERIOR
2016,2016-06-26,48 - Bizkaia,COMUNISTAS DA GALIZA - PCPE,0,0,Ministerio del Interior / fichero oficial aportado por el usuario,PRIMARY_INTERIOR
2016,2016-06-26,48 - Bizkaia,COMUNISTAS DA GALIZA-PCPE - PCPE,0,0,Ministerio del Interior / fichero oficial aportado por el usuario,PRIMARY_INTERIOR
2016,2016-06-26,48 - Bizkaia,CONVERGÈNCIA DEMOCRÀTICA DE CATALUNYA - CDC,0,0,Ministerio del Interior / fichero oficial aportado por el usuario,PRIMARY_INTERIOR
2016,2016-06-26,48 - Bizkaia,EN COMÚ PODEM-GUANYEM EL CANVI - ECP,0,0,Ministerio del Interior / fichero oficial aportado por el usuario,PRIMARY_INTERIOR
2016,2016-06-26,48 - Bizkaia,EN MAREA - PODEMOS-EN MAREA-ANOVA-EU,0,0,Ministerio del Interior / fichero oficial aportado por el usuario,PRIMARY_INTERIOR
2016,2016-06-26,48 - Bizkaia,ENTABAN - ENTABAN,0,0,Ministerio del Interior / fichero oficial aportado por el usuario,PRIMARY_INTERIOR
2016,2016-06-26,48 - Bizkaia,ESCANOS EN BRANCO - EB,0,0,Ministerio del Interior / fichero oficial aportado por el usuario,PRIMARY_INTERIOR
2016,2016-06-26,48 - Bizkaia,ESCAÑOS EN BLANCO - EB,0,0,Ministerio del Interior / fichero oficial aportado por el usuario,PRIMARY_INTERIOR
2016,2016-06-26,48 - Bizkaia,ESCAÑOS EN BLANCO-AULKI ZURIAK - EB-AZ,1026,0,Ministerio del Interior / fichero oficial aportado por el usuario,PRIMARY_INTERIOR
2016,2016-06-26,48 - Bizkaia,ESQUERRA REPUBLICANA/CATALUNYA SÍ - ERC-CATSÍ,0,0,Ministerio del Interior / fichero oficial aportado por el usuario,PRIMARY_INTERIOR
2016,2016-06-26,48 - Bizkaia,EUSKAL HERRIA BILDU - EH Bildu,67653,1,Ministerio del Interior / fichero oficial aportado por el usuario,PRIMARY_INTERIOR
2016,2016-06-26,48 - Bizkaia,EUZKO ALDERDI JELTZALEA-PARTIDO NACIONALISTA VASCO - EAJ-PNV,175296,2,Ministerio del Interior / fichero oficial aportado por el usuario,PRIMARY_INTERIOR
2016,2016-06-26,48 - Bizkaia,FALANGE ESPAÑOLA DE LAS JONS - FE de las J,0,0,Ministerio del Interior / fichero oficial aportado por el usuario,PRIMARY_INTERIOR
2016,2016-06-26,48 - Bizkaia,FAMILIA Y VIDA - PFyV,0,0,Ministerio del Interior / fichero oficial aportado por el usuario,PRIMARY_INTERIOR
2016,2016-06-26,48 - Bizkaia,GEROA BAI - GBAI,0,0,Ministerio del Interior / fichero oficial aportado por el usuario,PRIMARY_INTERIOR
2016,2016-06-26,48 - Bizkaia,HEGOALDE RIOJA-LIBERTAD NAVARRA - HRTS-Ln,0,0,Ministerio del Interior / fichero oficial aportado por el usuario,PRIMARY_INTERIOR
2016,2016-06-26,48 - Bizkaia,INDEPENDIENTES POR ARAGÓN - INDEPENDIEN,0,0,Ministerio del Interior / fichero oficial aportado por el usuario,PRIMARY_INTERIOR
2016,2016-06-26,48 - Bizkaia,INICIATIVA MERINDADES DE CASTILLA - IMC,0,0,Ministerio del Interior / fichero oficial aportado por el usuario,PRIMARY_INTERIOR
2016,2016-06-26,48 - Bizkaia,IZQUIERDA ANTICAPITALISTA REVOLUCIONARIA - IZAR,0,0,Ministerio del Interior / fichero oficial aportado por el usuario,PRIMARY_INTERIOR
2016,2016-06-26,48 - Bizkaia,JUNTOS POR CANARIAS - JXC,0,0,Ministerio del Interior / fichero oficial aportado por el usuario,PRIMARY_INTERIOR
2016,2016-06-26,48 - Bizkaia,LA FALANGE - FE,0,0,Ministerio del Interior / fichero oficial aportado por el usuario,PRIMARY_INTERIOR
2016,2016-06-26,48 - Bizkaia,LA FUERZA DE LOS MAYORES DE ESPAÑA - FME,0,0,Ministerio del Interior / fichero oficial aportado por el usuario,PRIMARY_INTERIOR
2016,2016-06-26,48 - Bizkaia,"LIBERTAD NAVARRA, LIBERTATE NAFARRA - Ln",0,0,Ministerio del Interior / fichero oficial aportado por el usuario,PRIMARY_INTERIOR
2016,2016-06-26,48 - Bizkaia,LOS VERDES-ECOPACIFISTAS - CENTRO MODERADO,0,0,Ministerio del Interior / fichero oficial aportado por el usuario,PRIMARY_INTERIOR
2016,2016-06-26,48 - Bizkaia,MOVIMIENTO ARAGONÉS SOCIAL - MAS,0,0,Ministerio del Interior / fichero oficial aportado por el usuario,PRIMARY_INTERIOR
2016,2016-06-26,48 - Bizkaia,PARTIDO ANIMALISTA CONTRA EL MALTRATO ANIMAL - PACMA,4865,0,Ministerio del Interior / fichero oficial aportado por el usuario,PRIMARY_INTERIOR
2016,2016-06-26,48 - Bizkaia,PARTIDO ANIMALISTA CONTRA O MALTRATO ANIMAL - PACMA,0,0,Ministerio del Interior / fichero oficial aportado por el usuario,PRIMARY_INTERIOR
2016,2016-06-26,48 - Bizkaia,PARTIDO COMUNISTA DE LOS PUEBLOS DE ESPAÑA - PCPE,467,0,Ministerio del Interior / fichero oficial aportado por el usuario,PRIMARY_INTERIOR
2016,2016-06-26,48 - Bizkaia,PARTIDO COMUNISTA DEL PUEBLO CANARIO - PCPC,0,0,Ministerio del Interior / fichero oficial aportado por el usuario,PRIMARY_INTERIOR
2016,2016-06-26,48 - Bizkaia,PARTIDO COMUNISTA OBRERO ESPAÑOL - PCOE,0,0,Ministerio del Interior / fichero oficial aportado por el usuario,PRIMARY_INTERIOR
2016,2016-06-26,48 - Bizkaia,PARTIDO DOS SOCIALISTAS DE GALICIA-PSOE - PSdeG-PSOE,0,0,Ministerio del Interior / fichero oficial aportado por el usuario,PRIMARY_INTERIOR
2016,2016-06-26,48 - Bizkaia,PARTIDO HUMANISTA - PH,0,0,Ministerio del Interior / fichero oficial aportado por el usuario,PRIMARY_INTERIOR
2016,2016-06-26,48 - Bizkaia,PARTIDO LIBERTARIO - P-LIB,0,0,Ministerio del Interior / fichero oficial aportado por el usuario,PRIMARY_INTERIOR
2016,2016-06-26,48 - Bizkaia,PARTIDO POPULAR - PP,78965,1,Ministerio del Interior / fichero oficial aportado por el usuario,PRIMARY_INTERIOR
2016,2016-06-26,48 - Bizkaia,PARTIDO POPULAR EN COALICIÓN CON EL PARTIDO ARAGON - PP-PAR,0,0,Ministerio del Interior / fichero oficial aportado por el usuario,PRIMARY_INTERIOR
2016,2016-06-26,48 - Bizkaia,PARTIDO POPULAR-FORO - PP-FORO,0,0,Ministerio del Interior / fichero oficial aportado por el usuario,PRIMARY_INTERIOR
2016,2016-06-26,48 - Bizkaia,PARTIDO POPULAR/PARTIT POPULAR - PP,0,0,Ministerio del Interior / fichero oficial aportado por el usuario,PRIMARY_INTERIOR
2016,2016-06-26,48 - Bizkaia,PARTIDO REGIONALISTA DEL PAÍS LEONÉS - PREPAL,0,0,Ministerio del Interior / fichero oficial aportado por el usuario,PRIMARY_INTERIOR
2016,2016-06-26,48 - Bizkaia,PARTIDO SOCIALISTA DE EUSKADI-EUSKADIKO EZKERRA(PSOE) - PSE-EE (PSOE),86425,1,Ministerio del Interior / fichero oficial aportado por el usuario,PRIMARY_INTERIOR
2016,2016-06-26,48 - Bizkaia,PARTIDO SOCIALISTA OBRERO ESPAÑOL - PSOE,0,0,Ministerio del Interior / fichero oficial aportado por el usuario,PRIMARY_INTERIOR
2016,2016-06-26,48 - Bizkaia,PARTIDO SOCIALISTA OBRERO ESPAÑOL-NUEVA CANARIAS - PSOE-NCa,0,0,Ministerio del Interior / fichero oficial aportado por el usuario,PRIMARY_INTERIOR
2016,2016-06-26,48 - Bizkaia,PARTIDO SOMOS ANDALUCES POR ANDALUCÍA Y LOS PUEBLO - AND,0,0,Ministerio del Interior / fichero oficial aportado por el usuario,PRIMARY_INTERIOR
2016,2016-06-26,48 - Bizkaia,PARTIDO UNIONISTA ESTADO DE ESPAÑA - PUEDE,0,0,Ministerio del Interior / fichero oficial aportado por el usuario,PRIMARY_INTERIOR
2016,2016-06-26,48 - Bizkaia,PARTIT ANIMALISTA CONTRA EL MALTRACTAMENT ANIMAL - PACMA,0,0,Ministerio del Interior / fichero oficial aportado por el usuario,PRIMARY_INTERIOR
2016,2016-06-26,48 - Bizkaia,PARTIT COMUNISTA DEL POBLE DE CATALUNYA - PCPC,0,0,Ministerio del Interior / fichero oficial aportado por el usuario,PRIMARY_INTERIOR
2016,2016-06-26,48 - Bizkaia,PARTIT COMUNISTA DELS POBLES D'ESPANYA - PCPE,0,0,Ministerio del Interior / fichero oficial aportado por el usuario,PRIMARY_INTERIOR
2016,2016-06-26,48 - Bizkaia,PARTIT DELS SOCIALISTES DE CATALUNYA - PSC-PSOE,0,0,Ministerio del Interior / fichero oficial aportado por el usuario,PRIMARY_INTERIOR
2016,2016-06-26,48 - Bizkaia,PLATAFORMA PER CATALUNYA - PxC,0,0,Ministerio del Interior / fichero oficial aportado por el usuario,PRIMARY_INTERIOR
2016,2016-06-26,48 - Bizkaia,RECORTES CERO-GRUPO VERDE - RECORTES CERO-GRUPO VERDE,1176,0,Ministerio del Interior / fichero oficial aportado por el usuario,PRIMARY_INTERIOR
2016,2016-06-26,48 - Bizkaia,RENOVACIO POLITICA - REPO,0,0,Ministerio del Interior / fichero oficial aportado por el usuario,PRIMARY_INTERIOR
2016,2016-06-26,48 - Bizkaia,SOBIRANIA PER A LES ILLES - SI,0,0,Ministerio del Interior / fichero oficial aportado por el usuario,PRIMARY_INTERIOR
2016,2016-06-26,48 - Bizkaia,SOLIDARIDAD Y AUTOGESTIÓN INTERNACIONALISTA - SAIn,0,0,Ministerio del Interior / fichero oficial aportado por el usuario,PRIMARY_INTERIOR
2016,2016-06-26,48 - Bizkaia,SOM VALENCIANS - SOMVAL,0,0,Ministerio del Interior / fichero oficial aportado por el usuario,PRIMARY_INTERIOR
2016,2016-06-26,48 - Bizkaia,UNIDAD DEL PUEBLO - UNIDAD DEL PUEBLO,0,0,Ministerio del Interior / fichero oficial aportado por el usuario,PRIMARY_INTERIOR
2016,2016-06-26,48 - Bizkaia,UNIDOS PODEMOS - PODEMOS-IU-EQUO,0,0,Ministerio del Interior / fichero oficial aportado por el usuario,PRIMARY_INTERIOR
2016,2016-06-26,48 - Bizkaia,UNIDOS PODEMOS - PODEMOS-IU-EQUO-CLIAS,0,0,Ministerio del Interior / fichero oficial aportado por el usuario,PRIMARY_INTERIOR
2016,2016-06-26,48 - Bizkaia,UNIDOS PODEMOS - PODEMOS-IU-EQUO-IZCA,0,0,Ministerio del Interior / fichero oficial aportado por el usuario,PRIMARY_INTERIOR
2016,2016-06-26,48 - Bizkaia,UNIDOS PODEMOS - PODEMOS-IU-EQUO-SEGOVIEMOS,0,0,Ministerio del Interior / fichero oficial aportado por el usuario,PRIMARY_INTERIOR
2016,2016-06-26,48 - Bizkaia,UNIDOS PODEMOS - UNIDOS PODEMOS,0,0,Ministerio del Interior / fichero oficial aportado por el usuario,PRIMARY_INTERIOR
2016,2016-06-26,48 - Bizkaia,UNIDOS PODEMOS EN ALTO ARAGÓN - PODEMOS-IU-,0,0,Ministerio del Interior / fichero oficial aportado por el usuario,PRIMARY_INTERIOR
2016,2016-06-26,48 - Bizkaia,UNIDOS PODEMOS EN ARAGÓN - PODEMOS-IU-,0,0,Ministerio del Interior / fichero oficial aportado por el usuario,PRIMARY_INTERIOR
2016,2016-06-26,48 - Bizkaia,UNIDOS PODEMOS POR ANDALUCÍA - PODEMOS-IU-,0,0,Ministerio del Interior / fichero oficial aportado por el usuario,PRIMARY_INTERIOR
2016,2016-06-26,48 - Bizkaia,UNIDOS PODEMOS-ELKARREKIN AHAL DUGU - PODEMOS-IU-EQUO-BATZARRE,0,0,Ministerio del Interior / fichero oficial aportado por el usuario,PRIMARY_INTERIOR
2016,2016-06-26,48 - Bizkaia,UNIDOS PODEMOS/ELKARREKIN AHAL DUGU - PODEMOS/AHAL DUGU-IU-EQUO,179347,3,Ministerio del Interior / fichero oficial aportado por el usuario,PRIMARY_INTERIOR
2016,2016-06-26,48 - Bizkaia,UNIDOS PODEMOS/XUNÍOS PODEMOS - PODEMOS-IU-,0,0,Ministerio del Interior / fichero oficial aportado por el usuario,PRIMARY_INTERIOR
2016,2016-06-26,48 - Bizkaia,UNITS PODEM MÉS - PODEMOS-EUI,0,0,Ministerio del Interior / fichero oficial aportado por el usuario,PRIMARY_INTERIOR
2016,2016-06-26,48 - Bizkaia,UNIÓN DE TODOS - UDT,0,0,Ministerio del Interior / fichero oficial aportado por el usuario,PRIMARY_INTERIOR
2016,2016-06-26,48 - Bizkaia,UNIÓN DEL PUEBLO LEONÉS - UPL,0,0,Ministerio del Interior / fichero oficial aportado por el usuario,PRIMARY_INTERIOR
2016,2016-06-26,48 - Bizkaia,UNIÓN DEL PUEBLO NAVARRO EN COALICIÓN CON EL PARTI - UPN-PP,0,0,Ministerio del Interior / fichero oficial aportado por el usuario,PRIMARY_INTERIOR
2016,2016-06-26,48 - Bizkaia,UNIÓN PROGRESO Y DEMOCRACIA - UPyD,766,0,Ministerio del Interior / fichero oficial aportado por el usuario,PRIMARY_INTERIOR
2016,2016-06-26,48 - Bizkaia,VOX - VOX,641,0,Ministerio del Interior / fichero oficial aportado por el usuario,PRIMARY_INTERIOR
2016,2016-06-26,49 - Zamora,ALIANZA DE CENTRO DEMOCRÁTICO - ALCD,0,0,Ministerio del Interior / fichero oficial aportado por el usuario,PRIMARY_INTERIOR
2016,2016-06-26,49 - Zamora,BNG-NÓS CANDIDATURA GALEGA - BNG-NÓS,0,0,Ministerio del Interior / fichero oficial aportado por el usuario,PRIMARY_INTERIOR
2016,2016-06-26,49 - Zamora,CIUDADANOS DE CENTRO DEMOCRÁTICO - CCD,0,0,Ministerio del Interior / fichero oficial aportado por el usuario,PRIMARY_INTERIOR
2016,2016-06-26,49 - Zamora,CIUDADANOS DE CENTRO DEMOCRÁTICO-CANDIDATURA INDEP - CCD-CI,0,0,Ministerio del Interior / fichero oficial aportado por el usuario,PRIMARY_INTERIOR
2016,2016-06-26,49 - Zamora,CIUDADANOS LIBRES UNIDOS - CILUS,0,0,Ministerio del Interior / fichero oficial aportado por el usuario,PRIMARY_INTERIOR
2016,2016-06-26,49 - Zamora,CIUDADANOS-PARTIDO DE LA CIUDADANÍA - C's,12423,0,Ministerio del Interior / fichero oficial aportado por el usuario,PRIMARY_INTERIOR
2016,2016-06-26,49 - Zamora,"CIUTADANS, PARTIDO DE LA CIUDADANÍA - C's",0,0,Ministerio del Interior / fichero oficial aportado por el usuario,PRIMARY_INTERIOR
2016,2016-06-26,49 - Zamora,CIUTADANS-PARTIDO DE LA CIUDADANÍA - C's,0,0,Ministerio del Interior / fichero oficial aportado por el usuario,PRIMARY_INTERIOR
2016,2016-06-26,49 - Zamora,COALICIÓN CANARIA-PARTIDO NACIONALISTA CANARIO - CCa-PNC,0,0,Ministerio del Interior / fichero oficial aportado por el usuario,PRIMARY_INTERIOR
2016,2016-06-26,49 - Zamora,COMPROMÍS-PODEMOS-EUPV: A LA VALENCIANA - PODEMOS-COM,0,0,Ministerio del Interior / fichero oficial aportado por el usuario,PRIMARY_INTERIOR
2016,2016-06-26,49 - Zamora,COMUNISTAS DA GALIZA - PCPE,0,0,Ministerio del Interior / fichero oficial aportado por el usuario,PRIMARY_INTERIOR
2016,2016-06-26,49 - Zamora,COMUNISTAS DA GALIZA-PCPE - PCPE,0,0,Ministerio del Interior / fichero oficial aportado por el usuario,PRIMARY_INTERIOR
2016,2016-06-26,49 - Zamora,CONVERGÈNCIA DEMOCRÀTICA DE CATALUNYA - CDC,0,0,Ministerio del Interior / fichero oficial aportado por el usuario,PRIMARY_INTERIOR
2016,2016-06-26,49 - Zamora,EN COMÚ PODEM-GUANYEM EL CANVI - ECP,0,0,Ministerio del Interior / fichero oficial aportado por el usuario,PRIMARY_INTERIOR
2016,2016-06-26,49 - Zamora,EN MAREA - PODEMOS-EN MAREA-ANOVA-EU,0,0,Ministerio del Interior / fichero oficial aportado por el usuario,PRIMARY_INTERIOR
2016,2016-06-26,49 - Zamora,ENTABAN - ENTABAN,0,0,Ministerio del Interior / fichero oficial aportado por el usuario,PRIMARY_INTERIOR
2016,2016-06-26,49 - Zamora,ESCANOS EN BRANCO - EB,0,0,Ministerio del Interior / fichero oficial aportado por el usuario,PRIMARY_INTERIOR
2016,2016-06-26,49 - Zamora,ESCAÑOS EN BLANCO - EB,0,0,Ministerio del Interior / fichero oficial aportado por el usuario,PRIMARY_INTERIOR
2016,2016-06-26,49 - Zamora,ESCAÑOS EN BLANCO-AULKI ZURIAK - EB-AZ,0,0,Ministerio del Interior / fichero oficial aportado por el usuario,PRIMARY_INTERIOR
2016,2016-06-26,49 - Zamora,ESQUERRA REPUBLICANA/CATALUNYA SÍ - ERC-CATSÍ,0,0,Ministerio del Interior / fichero oficial aportado por el usuario,PRIMARY_INTERIOR
2016,2016-06-26,49 - Zamora,EUSKAL HERRIA BILDU - EH Bildu,0,0,Ministerio del Interior / fichero oficial aportado por el usuario,PRIMARY_INTERIOR
2016,2016-06-26,49 - Zamora,EUZKO ALDERDI JELTZALEA-PARTIDO NACIONALISTA VASCO - EAJ-PNV,0,0,Ministerio del Interior / fichero oficial aportado por el usuario,PRIMARY_INTERIOR
2016,2016-06-26,49 - Zamora,FALANGE ESPAÑOLA DE LAS JONS - FE de las J,0,0,Ministerio del Interior / fichero oficial aportado por el usuario,PRIMARY_INTERIOR
2016,2016-06-26,49 - Zamora,FAMILIA Y VIDA - PFyV,0,0,Ministerio del Interior / fichero oficial aportado por el usuario,PRIMARY_INTERIOR
2016,2016-06-26,49 - Zamora,GEROA BAI - GBAI,0,0,Ministerio del Interior / fichero oficial aportado por el usuario,PRIMARY_INTERIOR
2016,2016-06-26,49 - Zamora,HEGOALDE RIOJA-LIBERTAD NAVARRA - HRTS-Ln,0,0,Ministerio del Interior / fichero oficial aportado por el usuario,PRIMARY_INTERIOR
2016,2016-06-26,49 - Zamora,INDEPENDIENTES POR ARAGÓN - INDEPENDIEN,0,0,Ministerio del Interior / fichero oficial aportado por el usuario,PRIMARY_INTERIOR
2016,2016-06-26,49 - Zamora,INICIATIVA MERINDADES DE CASTILLA - IMC,0,0,Ministerio del Interior / fichero oficial aportado por el usuario,PRIMARY_INTERIOR
2016,2016-06-26,49 - Zamora,IZQUIERDA ANTICAPITALISTA REVOLUCIONARIA - IZAR,0,0,Ministerio del Interior / fichero oficial aportado por el usuario,PRIMARY_INTERIOR
2016,2016-06-26,49 - Zamora,JUNTOS POR CANARIAS - JXC,0,0,Ministerio del Interior / fichero oficial aportado por el usuario,PRIMARY_INTERIOR
2016,2016-06-26,49 - Zamora,LA FALANGE - FE,0,0,Ministerio del Interior / fichero oficial aportado por el usuario,PRIMARY_INTERIOR
2016,2016-06-26,49 - Zamora,LA FUERZA DE LOS MAYORES DE ESPAÑA - FME,0,0,Ministerio del Interior / fichero oficial aportado por el usuario,PRIMARY_INTERIOR
2016,2016-06-26,49 - Zamora,"LIBERTAD NAVARRA, LIBERTATE NAFARRA - Ln",0,0,Ministerio del Interior / fichero oficial aportado por el usuario,PRIMARY_INTERIOR
2016,2016-06-26,49 - Zamora,LOS VERDES-ECOPACIFISTAS - CENTRO MODERADO,0,0,Ministerio del Interior / fichero oficial aportado por el usuario,PRIMARY_INTERIOR
2016,2016-06-26,49 - Zamora,MOVIMIENTO ARAGONÉS SOCIAL - MAS,0,0,Ministerio del Interior / fichero oficial aportado por el usuario,PRIMARY_INTERIOR
2016,2016-06-26,49 - Zamora,PARTIDO ANIMALISTA CONTRA EL MALTRATO ANIMAL - PACMA,537,0,Ministerio del Interior / fichero oficial aportado por el usuario,PRIMARY_INTERIOR
2016,2016-06-26,49 - Zamora,PARTIDO ANIMALISTA CONTRA O MALTRATO ANIMAL - PACMA,0,0,Ministerio del Interior / fichero oficial aportado por el usuario,PRIMARY_INTERIOR
2016,2016-06-26,49 - Zamora,PARTIDO COMUNISTA DE LOS PUEBLOS DE ESPAÑA - PCPE,131,0,Ministerio del Interior / fichero oficial aportado por el usuario,PRIMARY_INTERIOR
2016,2016-06-26,49 - Zamora,PARTIDO COMUNISTA DEL PUEBLO CANARIO - PCPC,0,0,Ministerio del Interior / fichero oficial aportado por el usuario,PRIMARY_INTERIOR
2016,2016-06-26,49 - Zamora,PARTIDO COMUNISTA OBRERO ESPAÑOL - PCOE,0,0,Ministerio del Interior / fichero oficial aportado por el usuario,PRIMARY_INTERIOR
2016,2016-06-26,49 - Zamora,PARTIDO DOS SOCIALISTAS DE GALICIA-PSOE - PSdeG-PSOE,0,0,Ministerio del Interior / fichero oficial aportado por el usuario,PRIMARY_INTERIOR
2016,2016-06-26,49 - Zamora,PARTIDO HUMANISTA - PH,0,0,Ministerio del Interior / fichero oficial aportado por el usuario,PRIMARY_INTERIOR
2016,2016-06-26,49 - Zamora,PARTIDO LIBERTARIO - P-LIB,0,0,Ministerio del Interior / fichero oficial aportado por el usuario,PRIMARY_INTERIOR
2016,2016-06-26,49 - Zamora,PARTIDO POPULAR - PP,52555,2,Ministerio del Interior / fichero oficial aportado por el usuario,PRIMARY_INTERIOR
2016,2016-06-26,49 - Zamora,PARTIDO POPULAR EN COALICIÓN CON EL PARTIDO ARAGON - PP-PAR,0,0,Ministerio del Interior / fichero oficial aportado por el usuario,PRIMARY_INTERIOR
2016,2016-06-26,49 - Zamora,PARTIDO POPULAR-FORO - PP-FORO,0,0,Ministerio del Interior / fichero oficial aportado por el usuario,PRIMARY_INTERIOR
2016,2016-06-26,49 - Zamora,PARTIDO POPULAR/PARTIT POPULAR - PP,0,0,Ministerio del Interior / fichero oficial aportado por el usuario,PRIMARY_INTERIOR
2016,2016-06-26,49 - Zamora,PARTIDO REGIONALISTA DEL PAÍS LEONÉS - PREPAL,158,0,Ministerio del Interior / fichero oficial aportado por el usuario,PRIMARY_INTERIOR
2016,2016-06-26,49 - Zamora,PARTIDO SOCIALISTA DE EUSKADI-EUSKADIKO EZKERRA(PSOE) - PSE-EE (PSOE),0,0,Ministerio del Interior / fichero oficial aportado por el usuario,PRIMARY_INTERIOR
2016,2016-06-26,49 - Zamora,PARTIDO SOCIALISTA OBRERO ESPAÑOL - PSOE,26045,1,Ministerio del Interior / fichero oficial aportado por el usuario,PRIMARY_INTERIOR
2016,2016-06-26,49 - Zamora,PARTIDO SOCIALISTA OBRERO ESPAÑOL-NUEVA CANARIAS - PSOE-NCa,0,0,Ministerio del Interior / fichero oficial aportado por el usuario,PRIMARY_INTERIOR
2016,2016-06-26,49 - Zamora,PARTIDO SOMOS ANDALUCES POR ANDALUCÍA Y LOS PUEBLO - AND,0,0,Ministerio del Interior / fichero oficial aportado por el usuario,PRIMARY_INTERIOR
2016,2016-06-26,49 - Zamora,PARTIDO UNIONISTA ESTADO DE ESPAÑA - PUEDE,0,0,Ministerio del Interior / fichero oficial aportado por el usuario,PRIMARY_INTERIOR
2016,2016-06-26,49 - Zamora,PARTIT ANIMALISTA CONTRA EL MALTRACTAMENT ANIMAL - PACMA,0,0,Ministerio del Interior / fichero oficial aportado por el usuario,PRIMARY_INTERIOR
2016,2016-06-26,49 - Zamora,PARTIT COMUNISTA DEL POBLE DE CATALUNYA - PCPC,0,0,Ministerio del Interior / fichero oficial aportado por el usuario,PRIMARY_INTERIOR
2016,2016-06-26,49 - Zamora,PARTIT COMUNISTA DELS POBLES D'ESPANYA - PCPE,0,0,Ministerio del Interior / fichero oficial aportado por el usuario,PRIMARY_INTERIOR
2016,2016-06-26,49 - Zamora,PARTIT DELS SOCIALISTES DE CATALUNYA - PSC-PSOE,0,0,Ministerio del Interior / fichero oficial aportado por el usuario,PRIMARY_INTERIOR
2016,2016-06-26,49 - Zamora,PLATAFORMA PER CATALUNYA - PxC,0,0,Ministerio del Interior / fichero oficial aportado por el usuario,PRIMARY_INTERIOR
2016,2016-06-26,49 - Zamora,RECORTES CERO-GRUPO VERDE - RECORTES CERO-GRUPO VERDE,174,0,Ministerio del Interior / fichero oficial aportado por el usuario,PRIMARY_INTERIOR
2016,2016-06-26,49 - Zamora,RENOVACIO POLITICA - REPO,0,0,Ministerio del Interior / fichero oficial aportado por el usuario,PRIMARY_INTERIOR
2016,2016-06-26,49 - Zamora,SOBIRANIA PER A LES ILLES - SI,0,0,Ministerio del Interior / fichero oficial aportado por el usuario,PRIMARY_INTERIOR
2016,2016-06-26,49 - Zamora,SOLIDARIDAD Y AUTOGESTIÓN INTERNACIONALISTA - SAIn,0,0,Ministerio del Interior / fichero oficial aportado por el usuario,PRIMARY_INTERIOR
2016,2016-06-26,49 - Zamora,SOM VALENCIANS - SOMVAL,0,0,Ministerio del Interior / fichero oficial aportado por el usuario,PRIMARY_INTERIOR
2016,2016-06-26,49 - Zamora,UNIDAD DEL PUEBLO - UNIDAD DEL PUEBLO,0,0,Ministerio del Interior / fichero oficial aportado por el usuario,PRIMARY_INTERIOR
2016,2016-06-26,49 - Zamora,UNIDOS PODEMOS - PODEMOS-IU-EQUO,0,0,Ministerio del Interior / fichero oficial aportado por el usuario,PRIMARY_INTERIOR
2016,2016-06-26,49 - Zamora,UNIDOS PODEMOS - PODEMOS-IU-EQUO-CLIAS,15403,0,Ministerio del Interior / fichero oficial aportado por el usuario,PRIMARY_INTERIOR
2016,2016-06-26,49 - Zamora,UNIDOS PODEMOS - PODEMOS-IU-EQUO-IZCA,0,0,Ministerio del Interior / fichero oficial aportado por el usuario,PRIMARY_INTERIOR
2016,2016-06-26,49 - Zamora,UNIDOS PODEMOS - PODEMOS-IU-EQUO-SEGOVIEMOS,0,0,Ministerio del Interior / fichero oficial aportado por el usuario,PRIMARY_INTERIOR
2016,2016-06-26,49 - Zamora,UNIDOS PODEMOS - UNIDOS PODEMOS,0,0,Ministerio del Interior / fichero oficial aportado por el usuario,PRIMARY_INTERIOR
2016,2016-06-26,49 - Zamora,UNIDOS PODEMOS EN ALTO ARAGÓN - PODEMOS-IU-,0,0,Ministerio del Interior / fichero oficial aportado por el usuario,PRIMARY_INTERIOR
2016,2016-06-26,49 - Zamora,UNIDOS PODEMOS EN ARAGÓN - PODEMOS-IU-,0,0,Ministerio del Interior / fichero oficial aportado por el usuario,PRIMARY_INTERIOR
2016,2016-06-26,49 - Zamora,UNIDOS PODEMOS POR ANDALUCÍA - PODEMOS-IU-,0,0,Ministerio del Interior / fichero oficial aportado por el usuario,PRIMARY_INTERIOR
2016,2016-06-26,49 - Zamora,UNIDOS PODEMOS-ELKARREKIN AHAL DUGU - PODEMOS-IU-EQUO-BATZARRE,0,0,Ministerio del Interior / fichero oficial aportado por el usuario,PRIMARY_INTERIOR
2016,2016-06-26,49 - Zamora,UNIDOS PODEMOS/ELKARREKIN AHAL DUGU - PODEMOS/AHAL DUGU-IU-EQUO,0,0,Ministerio del Interior / fichero oficial aportado por el usuario,PRIMARY_INTERIOR
2016,2016-06-26,49 - Zamora,UNIDOS PODEMOS/XUNÍOS PODEMOS - PODEMOS-IU-,0,0,Ministerio del Interior / fichero oficial aportado por el usuario,PRIMARY_INTERIOR
2016,2016-06-26,49 - Zamora,UNITS PODEM MÉS - PODEMOS-EUI,0,0,Ministerio del Interior / fichero oficial aportado por el usuario,PRIMARY_INTERIOR
2016,2016-06-26,49 - Zamora,UNIÓN DE TODOS - UDT,0,0,Ministerio del Interior / fichero oficial aportado por el usuario,PRIMARY_INTERIOR
2016,2016-06-26,49 - Zamora,UNIÓN DEL PUEBLO LEONÉS - UPL,201,0,Ministerio del Interior / fichero oficial aportado por el usuario,PRIMARY_INTERIOR
2016,2016-06-26,49 - Zamora,UNIÓN DEL PUEBLO NAVARRO EN COALICIÓN CON EL PARTI - UPN-PP,0,0,Ministerio del Interior / fichero oficial aportado por el usuario,PRIMARY_INTERIOR
2016,2016-06-26,49 - Zamora,UNIÓN PROGRESO Y DEMOCRACIA - UPyD,256,0,Ministerio del Interior / fichero oficial aportado por el usuario,PRIMARY_INTERIOR
2016,2016-06-26,49 - Zamora,VOX - VOX,0,0,Ministerio del Interior / fichero oficial aportado por el usuario,PRIMARY_INTERIOR
2016,2016-06-26,5 - Ávila,ALIANZA DE CENTRO DEMOCRÁTICO - ALCD,0,0,Ministerio del Interior / fichero oficial aportado por el usuario,PRIMARY_INTERIOR
2016,2016-06-26,5 - Ávila,BNG-NÓS CANDIDATURA GALEGA - BNG-NÓS,0,0,Ministerio del Interior / fichero oficial aportado por el usuario,PRIMARY_INTERIOR
2016,2016-06-26,5 - Ávila,CIUDADANOS DE CENTRO DEMOCRÁTICO - CCD,0,0,Ministerio del Interior / fichero oficial aportado por el usuario,PRIMARY_INTERIOR
2016,2016-06-26,5 - Ávila,CIUDADANOS DE CENTRO DEMOCRÁTICO-CANDIDATURA INDEP - CCD-CI,0,0,Ministerio del Interior / fichero oficial aportado por el usuario,PRIMARY_INTERIOR
2016,2016-06-26,5 - Ávila,CIUDADANOS LIBRES UNIDOS - CILUS,0,0,Ministerio del Interior / fichero oficial aportado por el usuario,PRIMARY_INTERIOR
2016,2016-06-26,5 - Ávila,CIUDADANOS-PARTIDO DE LA CIUDADANÍA - C's,14096,0,Ministerio del Interior / fichero oficial aportado por el usuario,PRIMARY_INTERIOR
2016,2016-06-26,5 - Ávila,"CIUTADANS, PARTIDO DE LA CIUDADANÍA - C's",0,0,Ministerio del Interior / fichero oficial aportado por el usuario,PRIMARY_INTERIOR
2016,2016-06-26,5 - Ávila,CIUTADANS-PARTIDO DE LA CIUDADANÍA - C's,0,0,Ministerio del Interior / fichero oficial aportado por el usuario,PRIMARY_INTERIOR
2016,2016-06-26,5 - Ávila,COALICIÓN CANARIA-PARTIDO NACIONALISTA CANARIO - CCa-PNC,0,0,Ministerio del Interior / fichero oficial aportado por el usuario,PRIMARY_INTERIOR
2016,2016-06-26,5 - Ávila,COMPROMÍS-PODEMOS-EUPV: A LA VALENCIANA - PODEMOS-COM,0,0,Ministerio del Interior / fichero oficial aportado por el usuario,PRIMARY_INTERIOR
2016,2016-06-26,5 - Ávila,COMUNISTAS DA GALIZA - PCPE,0,0,Ministerio del Interior / fichero oficial aportado por el usuario,PRIMARY_INTERIOR
2016,2016-06-26,5 - Ávila,COMUNISTAS DA GALIZA-PCPE - PCPE,0,0,Ministerio del Interior / fichero oficial aportado por el usuario,PRIMARY_INTERIOR
2016,2016-06-26,5 - Ávila,CONVERGÈNCIA DEMOCRÀTICA DE CATALUNYA - CDC,0,0,Ministerio del Interior / fichero oficial aportado por el usuario,PRIMARY_INTERIOR
2016,2016-06-26,5 - Ávila,EN COMÚ PODEM-GUANYEM EL CANVI - ECP,0,0,Ministerio del Interior / fichero oficial aportado por el usuario,PRIMARY_INTERIOR
2016,2016-06-26,5 - Ávila,EN MAREA - PODEMOS-EN MAREA-ANOVA-EU,0,0,Ministerio del Interior / fichero oficial aportado por el usuario,PRIMARY_INTERIOR
2016,2016-06-26,5 - Ávila,ENTABAN - ENTABAN,0,0,Ministerio del Interior / fichero oficial aportado por el usuario,PRIMARY_INTERIOR
2016,2016-06-26,5 - Ávila,ESCANOS EN BRANCO - EB,0,0,Ministerio del Interior / fichero oficial aportado por el usuario,PRIMARY_INTERIOR
2016,2016-06-26,5 - Ávila,ESCAÑOS EN BLANCO - EB,0,0,Ministerio del Interior / fichero oficial aportado por el usuario,PRIMARY_INTERIOR
2016,2016-06-26,5 - Ávila,ESCAÑOS EN BLANCO-AULKI ZURIAK - EB-AZ,0,0,Ministerio del Interior / fichero oficial aportado por el usuario,PRIMARY_INTERIOR
2016,2016-06-26,5 - Ávila,ESQUERRA REPUBLICANA/CATALUNYA SÍ - ERC-CATSÍ,0,0,Ministerio del Interior / fichero oficial aportado por el usuario,PRIMARY_INTERIOR
2016,2016-06-26,5 - Ávila,EUSKAL HERRIA BILDU - EH Bildu,0,0,Ministerio del Interior / fichero oficial aportado por el usuario,PRIMARY_INTERIOR
2016,2016-06-26,5 - Ávila,EUZKO ALDERDI JELTZALEA-PARTIDO NACIONALISTA VASCO - EAJ-PNV,0,0,Ministerio del Interior / fichero oficial aportado por el usuario,PRIMARY_INTERIOR
2016,2016-06-26,5 - Ávila,FALANGE ESPAÑOLA DE LAS JONS - FE de las J,261,0,Ministerio del Interior / fichero oficial aportado por el usuario,PRIMARY_INTERIOR
2016,2016-06-26,5 - Ávila,FAMILIA Y VIDA - PFyV,0,0,Ministerio del Interior / fichero oficial aportado por el usuario,PRIMARY_INTERIOR
2016,2016-06-26,5 - Ávila,GEROA BAI - GBAI,0,0,Ministerio del Interior / fichero oficial aportado por el usuario,PRIMARY_INTERIOR
2016,2016-06-26,5 - Ávila,HEGOALDE RIOJA-LIBERTAD NAVARRA - HRTS-Ln,0,0,Ministerio del Interior / fichero oficial aportado por el usuario,PRIMARY_INTERIOR
2016,2016-06-26,5 - Ávila,INDEPENDIENTES POR ARAGÓN - INDEPENDIEN,0,0,Ministerio del Interior / fichero oficial aportado por el usuario,PRIMARY_INTERIOR
2016,2016-06-26,5 - Ávila,INICIATIVA MERINDADES DE CASTILLA - IMC,0,0,Ministerio del Interior / fichero oficial aportado por el usuario,PRIMARY_INTERIOR
2016,2016-06-26,5 - Ávila,IZQUIERDA ANTICAPITALISTA REVOLUCIONARIA - IZAR,0,0,Ministerio del Interior / fichero oficial aportado por el usuario,PRIMARY_INTERIOR
2016,2016-06-26,5 - Ávila,JUNTOS POR CANARIAS - JXC,0,0,Ministerio del Interior / fichero oficial aportado por el usuario,PRIMARY_INTERIOR
2016,2016-06-26,5 - Ávila,LA FALANGE - FE,0,0,Ministerio del Interior / fichero oficial aportado por el usuario,PRIMARY_INTERIOR
2016,2016-06-26,5 - Ávila,LA FUERZA DE LOS MAYORES DE ESPAÑA - FME,0,0,Ministerio del Interior / fichero oficial aportado por el usuario,PRIMARY_INTERIOR
2016,2016-06-26,5 - Ávila,"LIBERTAD NAVARRA, LIBERTATE NAFARRA - Ln",0,0,Ministerio del Interior / fichero oficial aportado por el usuario,PRIMARY_INTERIOR
2016,2016-06-26,5 - Ávila,LOS VERDES-ECOPACIFISTAS - CENTRO MODERADO,0,0,Ministerio del Interior / fichero oficial aportado por el usuario,PRIMARY_INTERIOR
2016,2016-06-26,5 - Ávila,MOVIMIENTO ARAGONÉS SOCIAL - MAS,0,0,Ministerio del Interior / fichero oficial aportado por el usuario,PRIMARY_INTERIOR
2016,2016-06-26,5 - Ávila,PARTIDO ANIMALISTA CONTRA EL MALTRATO ANIMAL - PACMA,610,0,Ministerio del Interior / fichero oficial aportado por el usuario,PRIMARY_INTERIOR
2016,2016-06-26,5 - Ávila,PARTIDO ANIMALISTA CONTRA O MALTRATO ANIMAL - PACMA,0,0,Ministerio del Interior / fichero oficial aportado por el usuario,PRIMARY_INTERIOR
2016,2016-06-26,5 - Ávila,PARTIDO COMUNISTA DE LOS PUEBLOS DE ESPAÑA - PCPE,0,0,Ministerio del Interior / fichero oficial aportado por el usuario,PRIMARY_INTERIOR
2016,2016-06-26,5 - Ávila,PARTIDO COMUNISTA DEL PUEBLO CANARIO - PCPC,0,0,Ministerio del Interior / fichero oficial aportado por el usuario,PRIMARY_INTERIOR
2016,2016-06-26,5 - Ávila,PARTIDO COMUNISTA OBRERO ESPAÑOL - PCOE,0,0,Ministerio del Interior / fichero oficial aportado por el usuario,PRIMARY_INTERIOR
2016,2016-06-26,5 - Ávila,PARTIDO DOS SOCIALISTAS DE GALICIA-PSOE - PSdeG-PSOE,0,0,Ministerio del Interior / fichero oficial aportado por el usuario,PRIMARY_INTERIOR
2016,2016-06-26,5 - Ávila,PARTIDO HUMANISTA - PH,0,0,Ministerio del Interior / fichero oficial aportado por el usuario,PRIMARY_INTERIOR
2016,2016-06-26,5 - Ávila,PARTIDO LIBERTARIO - P-LIB,0,0,Ministerio del Interior / fichero oficial aportado por el usuario,PRIMARY_INTERIOR
2016,2016-06-26,5 - Ávila,PARTIDO POPULAR - PP,50931,2,Ministerio del Interior / fichero oficial aportado por el usuario,PRIMARY_INTERIOR
2016,2016-06-26,5 - Ávila,PARTIDO POPULAR EN COALICIÓN CON EL PARTIDO ARAGON - PP-PAR,0,0,Ministerio del Interior / fichero oficial aportado por el usuario,PRIMARY_INTERIOR
2016,2016-06-26,5 - Ávila,PARTIDO POPULAR-FORO - PP-FORO,0,0,Ministerio del Interior / fichero oficial aportado por el usuario,PRIMARY_INTERIOR
2016,2016-06-26,5 - Ávila,PARTIDO POPULAR/PARTIT POPULAR - PP,0,0,Ministerio del Interior / fichero oficial aportado por el usuario,PRIMARY_INTERIOR
2016,2016-06-26,5 - Ávila,PARTIDO REGIONALISTA DEL PAÍS LEONÉS - PREPAL,0,0,Ministerio del Interior / fichero oficial aportado por el usuario,PRIMARY_INTERIOR
2016,2016-06-26,5 - Ávila,PARTIDO SOCIALISTA DE EUSKADI-EUSKADIKO EZKERRA(PSOE) - PSE-EE (PSOE),0,0,Ministerio del Interior / fichero oficial aportado por el usuario,PRIMARY_INTERIOR
2016,2016-06-26,5 - Ávila,PARTIDO SOCIALISTA OBRERO ESPAÑOL - PSOE,19277,1,Ministerio del Interior / fichero oficial aportado por el usuario,PRIMARY_INTERIOR
2016,2016-06-26,5 - Ávila,PARTIDO SOCIALISTA OBRERO ESPAÑOL-NUEVA CANARIAS - PSOE-NCa,0,0,Ministerio del Interior / fichero oficial aportado por el usuario,PRIMARY_INTERIOR
2016,2016-06-26,5 - Ávila,PARTIDO SOMOS ANDALUCES POR ANDALUCÍA Y LOS PUEBLO - AND,0,0,Ministerio del Interior / fichero oficial aportado por el usuario,PRIMARY_INTERIOR
2016,2016-06-26,5 - Ávila,PARTIDO UNIONISTA ESTADO DE ESPAÑA - PUEDE,0,0,Ministerio del Interior / fichero oficial aportado por el usuario,PRIMARY_INTERIOR
2016,2016-06-26,5 - Ávila,PARTIT ANIMALISTA CONTRA EL MALTRACTAMENT ANIMAL - PACMA,0,0,Ministerio del Interior / fichero oficial aportado por el usuario,PRIMARY_INTERIOR
2016,2016-06-26,5 - Ávila,PARTIT COMUNISTA DEL POBLE DE CATALUNYA - PCPC,0,0,Ministerio del Interior / fichero oficial aportado por el usuario,PRIMARY_INTERIOR
2016,2016-06-26,5 - Ávila,PARTIT COMUNISTA DELS POBLES D'ESPANYA - PCPE,0,0,Ministerio del Interior / fichero oficial aportado por el usuario,PRIMARY_INTERIOR
2016,2016-06-26,5 - Ávila,PARTIT DELS SOCIALISTES DE CATALUNYA - PSC-PSOE,0,0,Ministerio del Interior / fichero oficial aportado por el usuario,PRIMARY_INTERIOR
2016,2016-06-26,5 - Ávila,PLATAFORMA PER CATALUNYA - PxC,0,0,Ministerio del Interior / fichero oficial aportado por el usuario,PRIMARY_INTERIOR
2016,2016-06-26,5 - Ávila,RECORTES CERO-GRUPO VERDE - RECORTES CERO-GRUPO VERDE,141,0,Ministerio del Interior / fichero oficial aportado por el usuario,PRIMARY_INTERIOR
2016,2016-06-26,5 - Ávila,RENOVACIO POLITICA - REPO,0,0,Ministerio del Interior / fichero oficial aportado por el usuario,PRIMARY_INTERIOR
2016,2016-06-26,5 - Ávila,SOBIRANIA PER A LES ILLES - SI,0,0,Ministerio del Interior / fichero oficial aportado por el usuario,PRIMARY_INTERIOR
2016,2016-06-26,5 - Ávila,SOLIDARIDAD Y AUTOGESTIÓN INTERNACIONALISTA - SAIn,0,0,Ministerio del Interior / fichero oficial aportado por el usuario,PRIMARY_INTERIOR
2016,2016-06-26,5 - Ávila,SOM VALENCIANS - SOMVAL,0,0,Ministerio del Interior / fichero oficial aportado por el usuario,PRIMARY_INTERIOR
2016,2016-06-26,5 - Ávila,UNIDAD DEL PUEBLO - UNIDAD DEL PUEBLO,0,0,Ministerio del Interior / fichero oficial aportado por el usuario,PRIMARY_INTERIOR
2016,2016-06-26,5 - Ávila,UNIDOS PODEMOS - PODEMOS-IU-EQUO,12527,0,Ministerio del Interior / fichero oficial aportado por el usuario,PRIMARY_INTERIOR
2016,2016-06-26,5 - Ávila,UNIDOS PODEMOS - PODEMOS-IU-EQUO-CLIAS,0,0,Ministerio del Interior / fichero oficial aportado por el usuario,PRIMARY_INTERIOR
2016,2016-06-26,5 - Ávila,UNIDOS PODEMOS - PODEMOS-IU-EQUO-IZCA,0,0,Ministerio del Interior / fichero oficial aportado por el usuario,PRIMARY_INTERIOR
2016,2016-06-26,5 - Ávila,UNIDOS PODEMOS - PODEMOS-IU-EQUO-SEGOVIEMOS,0,0,Ministerio del Interior / fichero oficial aportado por el usuario,PRIMARY_INTERIOR
2016,2016-06-26,5 - Ávila,UNIDOS PODEMOS - UNIDOS PODEMOS,0,0,Ministerio del Interior / fichero oficial aportado por el usuario,PRIMARY_INTERIOR
2016,2016-06-26,5 - Ávila,UNIDOS PODEMOS EN ALTO ARAGÓN - PODEMOS-IU-,0,0,Ministerio del Interior / fichero oficial aportado por el usuario,PRIMARY_INTERIOR
2016,2016-06-26,5 - Ávila,UNIDOS PODEMOS EN ARAGÓN - PODEMOS-IU-,0,0,Ministerio del Interior / fichero oficial aportado por el usuario,PRIMARY_INTERIOR
2016,2016-06-26,5 - Ávila,UNIDOS PODEMOS POR ANDALUCÍA - PODEMOS-IU-,0,0,Ministerio del Interior / fichero oficial aportado por el usuario,PRIMARY_INTERIOR
2016,2016-06-26,5 - Ávila,UNIDOS PODEMOS-ELKARREKIN AHAL DUGU - PODEMOS-IU-EQUO-BATZARRE,0,0,Ministerio del Interior / fichero oficial aportado por el usuario,PRIMARY_INTERIOR
2016,2016-06-26,5 - Ávila,UNIDOS PODEMOS/ELKARREKIN AHAL DUGU - PODEMOS/AHAL DUGU-IU-EQUO,0,0,Ministerio del Interior / fichero oficial aportado por el usuario,PRIMARY_INTERIOR
2016,2016-06-26,5 - Ávila,UNIDOS PODEMOS/XUNÍOS PODEMOS - PODEMOS-IU-,0,0,Ministerio del Interior / fichero oficial aportado por el usuario,PRIMARY_INTERIOR
2016,2016-06-26,5 - Ávila,UNITS PODEM MÉS - PODEMOS-EUI,0,0,Ministerio del Interior / fichero oficial aportado por el usuario,PRIMARY_INTERIOR
2016,2016-06-26,5 - Ávila,UNIÓN DE TODOS - UDT,0,0,Ministerio del Interior / fichero oficial aportado por el usuario,PRIMARY_INTERIOR
2016,2016-06-26,5 - Ávila,UNIÓN DEL PUEBLO LEONÉS - UPL,0,0,Ministerio del Interior / fichero oficial aportado por el usuario,PRIMARY_INTERIOR
2016,2016-06-26,5 - Ávila,UNIÓN DEL PUEBLO NAVARRO EN COALICIÓN CON EL PARTI - UPN-PP,0,0,Ministerio del Interior / fichero oficial aportado por el usuario,PRIMARY_INTERIOR
2016,2016-06-26,5 - Ávila,UNIÓN PROGRESO Y DEMOCRACIA - UPyD,357,0,Ministerio del Interior / fichero oficial aportado por el usuario,PRIMARY_INTERIOR
2016,2016-06-26,5 - Ávila,VOX - VOX,0,0,Ministerio del Interior / fichero oficial aportado por el usuario,PRIMARY_INTERIOR
2016,2016-06-26,50 - Zaragoza,ALIANZA DE CENTRO DEMOCRÁTICO - ALCD,0,0,Ministerio del Interior / fichero oficial aportado por el usuario,PRIMARY_INTERIOR
2016,2016-06-26,50 - Zaragoza,BNG-NÓS CANDIDATURA GALEGA - BNG-NÓS,0,0,Ministerio del Interior / fichero oficial aportado por el usuario,PRIMARY_INTERIOR
2016,2016-06-26,50 - Zaragoza,CIUDADANOS DE CENTRO DEMOCRÁTICO - CCD,0,0,Ministerio del Interior / fichero oficial aportado por el usuario,PRIMARY_INTERIOR
2016,2016-06-26,50 - Zaragoza,CIUDADANOS DE CENTRO DEMOCRÁTICO-CANDIDATURA INDEP - CCD-CI,0,0,Ministerio del Interior / fichero oficial aportado por el usuario,PRIMARY_INTERIOR
2016,2016-06-26,50 - Zaragoza,CIUDADANOS LIBRES UNIDOS - CILUS,0,0,Ministerio del Interior / fichero oficial aportado por el usuario,PRIMARY_INTERIOR
2016,2016-06-26,50 - Zaragoza,CIUDADANOS-PARTIDO DE LA CIUDADANÍA - C's,86434,1,Ministerio del Interior / fichero oficial aportado por el usuario,PRIMARY_INTERIOR
2016,2016-06-26,50 - Zaragoza,"CIUTADANS, PARTIDO DE LA CIUDADANÍA - C's",0,0,Ministerio del Interior / fichero oficial aportado por el usuario,PRIMARY_INTERIOR
2016,2016-06-26,50 - Zaragoza,CIUTADANS-PARTIDO DE LA CIUDADANÍA - C's,0,0,Ministerio del Interior / fichero oficial aportado por el usuario,PRIMARY_INTERIOR
2016,2016-06-26,50 - Zaragoza,COALICIÓN CANARIA-PARTIDO NACIONALISTA CANARIO - CCa-PNC,0,0,Ministerio del Interior / fichero oficial aportado por el usuario,PRIMARY_INTERIOR
2016,2016-06-26,50 - Zaragoza,COMPROMÍS-PODEMOS-EUPV: A LA VALENCIANA - PODEMOS-COM,0,0,Ministerio del Interior / fichero oficial aportado por el usuario,PRIMARY_INTERIOR
2016,2016-06-26,50 - Zaragoza,COMUNISTAS DA GALIZA - PCPE,0,0,Ministerio del Interior / fichero oficial aportado por el usuario,PRIMARY_INTERIOR
2016,2016-06-26,50 - Zaragoza,COMUNISTAS DA GALIZA-PCPE - PCPE,0,0,Ministerio del Interior / fichero oficial aportado por el usuario,PRIMARY_INTERIOR
2016,2016-06-26,50 - Zaragoza,CONVERGÈNCIA DEMOCRÀTICA DE CATALUNYA - CDC,0,0,Ministerio del Interior / fichero oficial aportado por el usuario,PRIMARY_INTERIOR
2016,2016-06-26,50 - Zaragoza,EN COMÚ PODEM-GUANYEM EL CANVI - ECP,0,0,Ministerio del Interior / fichero oficial aportado por el usuario,PRIMARY_INTERIOR
2016,2016-06-26,50 - Zaragoza,EN MAREA - PODEMOS-EN MAREA-ANOVA-EU,0,0,Ministerio del Interior / fichero oficial aportado por el usuario,PRIMARY_INTERIOR
2016,2016-06-26,50 - Zaragoza,ENTABAN - ENTABAN,0,0,Ministerio del Interior / fichero oficial aportado por el usuario,PRIMARY_INTERIOR
2016,2016-06-26,50 - Zaragoza,ESCANOS EN BRANCO - EB,0,0,Ministerio del Interior / fichero oficial aportado por el usuario,PRIMARY_INTERIOR
2016,2016-06-26,50 - Zaragoza,ESCAÑOS EN BLANCO - EB,3032,0,Ministerio del Interior / fichero oficial aportado por el usuario,PRIMARY_INTERIOR
2016,2016-06-26,50 - Zaragoza,ESCAÑOS EN BLANCO-AULKI ZURIAK - EB-AZ,0,0,Ministerio del Interior / fichero oficial aportado por el usuario,PRIMARY_INTERIOR
2016,2016-06-26,50 - Zaragoza,ESQUERRA REPUBLICANA/CATALUNYA SÍ - ERC-CATSÍ,0,0,Ministerio del Interior / fichero oficial aportado por el usuario,PRIMARY_INTERIOR
2016,2016-06-26,50 - Zaragoza,EUSKAL HERRIA BILDU - EH Bildu,0,0,Ministerio del Interior / fichero oficial aportado por el usuario,PRIMARY_INTERIOR
2016,2016-06-26,50 - Zaragoza,EUZKO ALDERDI JELTZALEA-PARTIDO NACIONALISTA VASCO - EAJ-PNV,0,0,Ministerio del Interior / fichero oficial aportado por el usuario,PRIMARY_INTERIOR
2016,2016-06-26,50 - Zaragoza,FALANGE ESPAÑOLA DE LAS JONS - FE de las J,0,0,Ministerio del Interior / fichero oficial aportado por el usuario,PRIMARY_INTERIOR
2016,2016-06-26,50 - Zaragoza,FAMILIA Y VIDA - PFyV,0,0,Ministerio del Interior / fichero oficial aportado por el usuario,PRIMARY_INTERIOR
2016,2016-06-26,50 - Zaragoza,GEROA BAI - GBAI,0,0,Ministerio del Interior / fichero oficial aportado por el usuario,PRIMARY_INTERIOR
2016,2016-06-26,50 - Zaragoza,HEGOALDE RIOJA-LIBERTAD NAVARRA - HRTS-Ln,0,0,Ministerio del Interior / fichero oficial aportado por el usuario,PRIMARY_INTERIOR
2016,2016-06-26,50 - Zaragoza,INDEPENDIENTES POR ARAGÓN - INDEPENDIEN,511,0,Ministerio del Interior / fichero oficial aportado por el usuario,PRIMARY_INTERIOR
2016,2016-06-26,50 - Zaragoza,INICIATIVA MERINDADES DE CASTILLA - IMC,0,0,Ministerio del Interior / fichero oficial aportado por el usuario,PRIMARY_INTERIOR
2016,2016-06-26,50 - Zaragoza,IZQUIERDA ANTICAPITALISTA REVOLUCIONARIA - IZAR,0,0,Ministerio del Interior / fichero oficial aportado por el usuario,PRIMARY_INTERIOR
2016,2016-06-26,50 - Zaragoza,JUNTOS POR CANARIAS - JXC,0,0,Ministerio del Interior / fichero oficial aportado por el usuario,PRIMARY_INTERIOR
2016,2016-06-26,50 - Zaragoza,LA FALANGE - FE,0,0,Ministerio del Interior / fichero oficial aportado por el usuario,PRIMARY_INTERIOR
2016,2016-06-26,50 - Zaragoza,LA FUERZA DE LOS MAYORES DE ESPAÑA - FME,0,0,Ministerio del Interior / fichero oficial aportado por el usuario,PRIMARY_INTERIOR
2016,2016-06-26,50 - Zaragoza,"LIBERTAD NAVARRA, LIBERTATE NAFARRA - Ln",0,0,Ministerio del Interior / fichero oficial aportado por el usuario,PRIMARY_INTERIOR
2016,2016-06-26,50 - Zaragoza,LOS VERDES-ECOPACIFISTAS - CENTRO MODERADO,0,0,Ministerio del Interior / fichero oficial aportado por el usuario,PRIMARY_INTERIOR
2016,2016-06-26,50 - Zaragoza,MOVIMIENTO ARAGONÉS SOCIAL - MAS,568,0,Ministerio del Interior / fichero oficial aportado por el usuario,PRIMARY_INTERIOR
2016,2016-06-26,50 - Zaragoza,PARTIDO ANIMALISTA CONTRA EL MALTRATO ANIMAL - PACMA,5025,0,Ministerio del Interior / fichero oficial aportado por el usuario,PRIMARY_INTERIOR
2016,2016-06-26,50 - Zaragoza,PARTIDO ANIMALISTA CONTRA O MALTRATO ANIMAL - PACMA,0,0,Ministerio del Interior / fichero oficial aportado por el usuario,PRIMARY_INTERIOR
2016,2016-06-26,50 - Zaragoza,PARTIDO COMUNISTA DE LOS PUEBLOS DE ESPAÑA - PCPE,564,0,Ministerio del Interior / fichero oficial aportado por el usuario,PRIMARY_INTERIOR
2016,2016-06-26,50 - Zaragoza,PARTIDO COMUNISTA DEL PUEBLO CANARIO - PCPC,0,0,Ministerio del Interior / fichero oficial aportado por el usuario,PRIMARY_INTERIOR
2016,2016-06-26,50 - Zaragoza,PARTIDO COMUNISTA OBRERO ESPAÑOL - PCOE,0,0,Ministerio del Interior / fichero oficial aportado por el usuario,PRIMARY_INTERIOR
2016,2016-06-26,50 - Zaragoza,PARTIDO DOS SOCIALISTAS DE GALICIA-PSOE - PSdeG-PSOE,0,0,Ministerio del Interior / fichero oficial aportado por el usuario,PRIMARY_INTERIOR
2016,2016-06-26,50 - Zaragoza,PARTIDO HUMANISTA - PH,0,0,Ministerio del Interior / fichero oficial aportado por el usuario,PRIMARY_INTERIOR
2016,2016-06-26,50 - Zaragoza,PARTIDO LIBERTARIO - P-LIB,0,0,Ministerio del Interior / fichero oficial aportado por el usuario,PRIMARY_INTERIOR
2016,2016-06-26,50 - Zaragoza,PARTIDO POPULAR - PP,0,0,Ministerio del Interior / fichero oficial aportado por el usuario,PRIMARY_INTERIOR
2016,2016-06-26,50 - Zaragoza,PARTIDO POPULAR EN COALICIÓN CON EL PARTIDO ARAGON - PP-PAR,179211,3,Ministerio del Interior / fichero oficial aportado por el usuario,PRIMARY_INTERIOR
2016,2016-06-26,50 - Zaragoza,PARTIDO POPULAR-FORO - PP-FORO,0,0,Ministerio del Interior / fichero oficial aportado por el usuario,PRIMARY_INTERIOR
2016,2016-06-26,50 - Zaragoza,PARTIDO POPULAR/PARTIT POPULAR - PP,0,0,Ministerio del Interior / fichero oficial aportado por el usuario,PRIMARY_INTERIOR
2016,2016-06-26,50 - Zaragoza,PARTIDO REGIONALISTA DEL PAÍS LEONÉS - PREPAL,0,0,Ministerio del Interior / fichero oficial aportado por el usuario,PRIMARY_INTERIOR
2016,2016-06-26,50 - Zaragoza,PARTIDO SOCIALISTA DE EUSKADI-EUSKADIKO EZKERRA(PSOE) - PSE-EE (PSOE),0,0,Ministerio del Interior / fichero oficial aportado por el usuario,PRIMARY_INTERIOR
2016,2016-06-26,50 - Zaragoza,PARTIDO SOCIALISTA OBRERO ESPAÑOL - PSOE,125321,2,Ministerio del Interior / fichero oficial aportado por el usuario,PRIMARY_INTERIOR
2016,2016-06-26,50 - Zaragoza,PARTIDO SOCIALISTA OBRERO ESPAÑOL-NUEVA CANARIAS - PSOE-NCa,0,0,Ministerio del Interior / fichero oficial aportado por el usuario,PRIMARY_INTERIOR
2016,2016-06-26,50 - Zaragoza,PARTIDO SOMOS ANDALUCES POR ANDALUCÍA Y LOS PUEBLO - AND,0,0,Ministerio del Interior / fichero oficial aportado por el usuario,PRIMARY_INTERIOR
2016,2016-06-26,50 - Zaragoza,PARTIDO UNIONISTA ESTADO DE ESPAÑA - PUEDE,0,0,Ministerio del Interior / fichero oficial aportado por el usuario,PRIMARY_INTERIOR
2016,2016-06-26,50 - Zaragoza,PARTIT ANIMALISTA CONTRA EL MALTRACTAMENT ANIMAL - PACMA,0,0,Ministerio del Interior / fichero oficial aportado por el usuario,PRIMARY_INTERIOR
2016,2016-06-26,50 - Zaragoza,PARTIT COMUNISTA DEL POBLE DE CATALUNYA - PCPC,0,0,Ministerio del Interior / fichero oficial aportado por el usuario,PRIMARY_INTERIOR
2016,2016-06-26,50 - Zaragoza,PARTIT COMUNISTA DELS POBLES D'ESPANYA - PCPE,0,0,Ministerio del Interior / fichero oficial aportado por el usuario,PRIMARY_INTERIOR
2016,2016-06-26,50 - Zaragoza,PARTIT DELS SOCIALISTES DE CATALUNYA - PSC-PSOE,0,0,Ministerio del Interior / fichero oficial aportado por el usuario,PRIMARY_INTERIOR
2016,2016-06-26,50 - Zaragoza,PLATAFORMA PER CATALUNYA - PxC,0,0,Ministerio del Interior / fichero oficial aportado por el usuario,PRIMARY_INTERIOR
2016,2016-06-26,50 - Zaragoza,RECORTES CERO-GRUPO VERDE - RECORTES CERO-GRUPO VERDE,1137,0,Ministerio del Interior / fichero oficial aportado por el usuario,PRIMARY_INTERIOR
2016,2016-06-26,50 - Zaragoza,RENOVACIO POLITICA - REPO,0,0,Ministerio del Interior / fichero oficial aportado por el usuario,PRIMARY_INTERIOR
2016,2016-06-26,50 - Zaragoza,SOBIRANIA PER A LES ILLES - SI,0,0,Ministerio del Interior / fichero oficial aportado por el usuario,PRIMARY_INTERIOR
2016,2016-06-26,50 - Zaragoza,SOLIDARIDAD Y AUTOGESTIÓN INTERNACIONALISTA - SAIn,0,0,Ministerio del Interior / fichero oficial aportado por el usuario,PRIMARY_INTERIOR
2016,2016-06-26,50 - Zaragoza,SOM VALENCIANS - SOMVAL,0,0,Ministerio del Interior / fichero oficial aportado por el usuario,PRIMARY_INTERIOR
2016,2016-06-26,50 - Zaragoza,UNIDAD DEL PUEBLO - UNIDAD DEL PUEBLO,0,0,Ministerio del Interior / fichero oficial aportado por el usuario,PRIMARY_INTERIOR
2016,2016-06-26,50 - Zaragoza,UNIDOS PODEMOS - PODEMOS-IU-EQUO,0,0,Ministerio del Interior / fichero oficial aportado por el usuario,PRIMARY_INTERIOR
2016,2016-06-26,50 - Zaragoza,UNIDOS PODEMOS - PODEMOS-IU-EQUO-CLIAS,0,0,Ministerio del Interior / fichero oficial aportado por el usuario,PRIMARY_INTERIOR
2016,2016-06-26,50 - Zaragoza,UNIDOS PODEMOS - PODEMOS-IU-EQUO-IZCA,0,0,Ministerio del Interior / fichero oficial aportado por el usuario,PRIMARY_INTERIOR
2016,2016-06-26,50 - Zaragoza,UNIDOS PODEMOS - PODEMOS-IU-EQUO-SEGOVIEMOS,0,0,Ministerio del Interior / fichero oficial aportado por el usuario,PRIMARY_INTERIOR
2016,2016-06-26,50 - Zaragoza,UNIDOS PODEMOS - UNIDOS PODEMOS,0,0,Ministerio del Interior / fichero oficial aportado por el usuario,PRIMARY_INTERIOR
2016,2016-06-26,50 - Zaragoza,UNIDOS PODEMOS EN ALTO ARAGÓN - PODEMOS-IU-,0,0,Ministerio del Interior / fichero oficial aportado por el usuario,PRIMARY_INTERIOR
2016,2016-06-26,50 - Zaragoza,UNIDOS PODEMOS EN ARAGÓN - PODEMOS-IU-,104199,1,Ministerio del Interior / fichero oficial aportado por el usuario,PRIMARY_INTERIOR
2016,2016-06-26,50 - Zaragoza,UNIDOS PODEMOS POR ANDALUCÍA - PODEMOS-IU-,0,0,Ministerio del Interior / fichero oficial aportado por el usuario,PRIMARY_INTERIOR
2016,2016-06-26,50 - Zaragoza,UNIDOS PODEMOS-ELKARREKIN AHAL DUGU - PODEMOS-IU-EQUO-BATZARRE,0,0,Ministerio del Interior / fichero oficial aportado por el usuario,PRIMARY_INTERIOR
2016,2016-06-26,50 - Zaragoza,UNIDOS PODEMOS/ELKARREKIN AHAL DUGU - PODEMOS/AHAL DUGU-IU-EQUO,0,0,Ministerio del Interior / fichero oficial aportado por el usuario,PRIMARY_INTERIOR
2016,2016-06-26,50 - Zaragoza,UNIDOS PODEMOS/XUNÍOS PODEMOS - PODEMOS-IU-,0,0,Ministerio del Interior / fichero oficial aportado por el usuario,PRIMARY_INTERIOR
2016,2016-06-26,50 - Zaragoza,UNITS PODEM MÉS - PODEMOS-EUI,0,0,Ministerio del Interior / fichero oficial aportado por el usuario,PRIMARY_INTERIOR
2016,2016-06-26,50 - Zaragoza,UNIÓN DE TODOS - UDT,0,0,Ministerio del Interior / fichero oficial aportado por el usuario,PRIMARY_INTERIOR
2016,2016-06-26,50 - Zaragoza,UNIÓN DEL PUEBLO LEONÉS - UPL,0,0,Ministerio del Interior / fichero oficial aportado por el usuario,PRIMARY_INTERIOR
2016,2016-06-26,50 - Zaragoza,UNIÓN DEL PUEBLO NAVARRO EN COALICIÓN CON EL PARTI - UPN-PP,0,0,Ministerio del Interior / fichero oficial aportado por el usuario,PRIMARY_INTERIOR
2016,2016-06-26,50 - Zaragoza,UNIÓN PROGRESO Y DEMOCRACIA - UPyD,1395,0,Ministerio del Interior / fichero oficial aportado por el usuario,PRIMARY_INTERIOR
2016,2016-06-26,50 - Zaragoza,VOX - VOX,1614,0,Ministerio del Interior / fichero oficial aportado por el usuario,PRIMARY_INTERIOR
2016,2016-06-26,51 - Ceuta,ALIANZA DE CENTRO DEMOCRÁTICO - ALCD,0,0,Ministerio del Interior / fichero oficial aportado por el usuario,PRIMARY_INTERIOR
2016,2016-06-26,51 - Ceuta,BNG-NÓS CANDIDATURA GALEGA - BNG-NÓS,0,0,Ministerio del Interior / fichero oficial aportado por el usuario,PRIMARY_INTERIOR
2016,2016-06-26,51 - Ceuta,CIUDADANOS DE CENTRO DEMOCRÁTICO - CCD,0,0,Ministerio del Interior / fichero oficial aportado por el usuario,PRIMARY_INTERIOR
2016,2016-06-26,51 - Ceuta,CIUDADANOS DE CENTRO DEMOCRÁTICO-CANDIDATURA INDEP - CCD-CI,0,0,Ministerio del Interior / fichero oficial aportado por el usuario,PRIMARY_INTERIOR
2016,2016-06-26,51 - Ceuta,CIUDADANOS LIBRES UNIDOS - CILUS,0,0,Ministerio del Interior / fichero oficial aportado por el usuario,PRIMARY_INTERIOR
2016,2016-06-26,51 - Ceuta,CIUDADANOS-PARTIDO DE LA CIUDADANÍA - C's,3549,0,Ministerio del Interior / fichero oficial aportado por el usuario,PRIMARY_INTERIOR
2016,2016-06-26,51 - Ceuta,"CIUTADANS, PARTIDO DE LA CIUDADANÍA - C's",0,0,Ministerio del Interior / fichero oficial aportado por el usuario,PRIMARY_INTERIOR
2016,2016-06-26,51 - Ceuta,CIUTADANS-PARTIDO DE LA CIUDADANÍA - C's,0,0,Ministerio del Interior / fichero oficial aportado por el usuario,PRIMARY_INTERIOR
2016,2016-06-26,51 - Ceuta,COALICIÓN CANARIA-PARTIDO NACIONALISTA CANARIO - CCa-PNC,0,0,Ministerio del Interior / fichero oficial aportado por el usuario,PRIMARY_INTERIOR
2016,2016-06-26,51 - Ceuta,COMPROMÍS-PODEMOS-EUPV: A LA VALENCIANA - PODEMOS-COM,0,0,Ministerio del Interior / fichero oficial aportado por el usuario,PRIMARY_INTERIOR
2016,2016-06-26,51 - Ceuta,COMUNISTAS DA GALIZA - PCPE,0,0,Ministerio del Interior / fichero oficial aportado por el usuario,PRIMARY_INTERIOR
2016,2016-06-26,51 - Ceuta,COMUNISTAS DA GALIZA-PCPE - PCPE,0,0,Ministerio del Interior / fichero oficial aportado por el usuario,PRIMARY_INTERIOR
2016,2016-06-26,51 - Ceuta,CONVERGÈNCIA DEMOCRÀTICA DE CATALUNYA - CDC,0,0,Ministerio del Interior / fichero oficial aportado por el usuario,PRIMARY_INTERIOR
2016,2016-06-26,51 - Ceuta,EN COMÚ PODEM-GUANYEM EL CANVI - ECP,0,0,Ministerio del Interior / fichero oficial aportado por el usuario,PRIMARY_INTERIOR
2016,2016-06-26,51 - Ceuta,EN MAREA - PODEMOS-EN MAREA-ANOVA-EU,0,0,Ministerio del Interior / fichero oficial aportado por el usuario,PRIMARY_INTERIOR
2016,2016-06-26,51 - Ceuta,ENTABAN - ENTABAN,0,0,Ministerio del Interior / fichero oficial aportado por el usuario,PRIMARY_INTERIOR
2016,2016-06-26,51 - Ceuta,ESCANOS EN BRANCO - EB,0,0,Ministerio del Interior / fichero oficial aportado por el usuario,PRIMARY_INTERIOR
2016,2016-06-26,51 - Ceuta,ESCAÑOS EN BLANCO - EB,0,0,Ministerio del Interior / fichero oficial aportado por el usuario,PRIMARY_INTERIOR
2016,2016-06-26,51 - Ceuta,ESCAÑOS EN BLANCO-AULKI ZURIAK - EB-AZ,0,0,Ministerio del Interior / fichero oficial aportado por el usuario,PRIMARY_INTERIOR
2016,2016-06-26,51 - Ceuta,ESQUERRA REPUBLICANA/CATALUNYA SÍ - ERC-CATSÍ,0,0,Ministerio del Interior / fichero oficial aportado por el usuario,PRIMARY_INTERIOR
2016,2016-06-26,51 - Ceuta,EUSKAL HERRIA BILDU - EH Bildu,0,0,Ministerio del Interior / fichero oficial aportado por el usuario,PRIMARY_INTERIOR
2016,2016-06-26,51 - Ceuta,EUZKO ALDERDI JELTZALEA-PARTIDO NACIONALISTA VASCO - EAJ-PNV,0,0,Ministerio del Interior / fichero oficial aportado por el usuario,PRIMARY_INTERIOR
2016,2016-06-26,51 - Ceuta,FALANGE ESPAÑOLA DE LAS JONS - FE de las J,0,0,Ministerio del Interior / fichero oficial aportado por el usuario,PRIMARY_INTERIOR
2016,2016-06-26,51 - Ceuta,FAMILIA Y VIDA - PFyV,0,0,Ministerio del Interior / fichero oficial aportado por el usuario,PRIMARY_INTERIOR
2016,2016-06-26,51 - Ceuta,GEROA BAI - GBAI,0,0,Ministerio del Interior / fichero oficial aportado por el usuario,PRIMARY_INTERIOR
2016,2016-06-26,51 - Ceuta,HEGOALDE RIOJA-LIBERTAD NAVARRA - HRTS-Ln,0,0,Ministerio del Interior / fichero oficial aportado por el usuario,PRIMARY_INTERIOR
2016,2016-06-26,51 - Ceuta,INDEPENDIENTES POR ARAGÓN - INDEPENDIEN,0,0,Ministerio del Interior / fichero oficial aportado por el usuario,PRIMARY_INTERIOR
2016,2016-06-26,51 - Ceuta,INICIATIVA MERINDADES DE CASTILLA - IMC,0,0,Ministerio del Interior / fichero oficial aportado por el usuario,PRIMARY_INTERIOR
2016,2016-06-26,51 - Ceuta,IZQUIERDA ANTICAPITALISTA REVOLUCIONARIA - IZAR,0,0,Ministerio del Interior / fichero oficial aportado por el usuario,PRIMARY_INTERIOR
2016,2016-06-26,51 - Ceuta,JUNTOS POR CANARIAS - JXC,0,0,Ministerio del Interior / fichero oficial aportado por el usuario,PRIMARY_INTERIOR
2016,2016-06-26,51 - Ceuta,LA FALANGE - FE,0,0,Ministerio del Interior / fichero oficial aportado por el usuario,PRIMARY_INTERIOR
2016,2016-06-26,51 - Ceuta,LA FUERZA DE LOS MAYORES DE ESPAÑA - FME,0,0,Ministerio del Interior / fichero oficial aportado por el usuario,PRIMARY_INTERIOR
2016,2016-06-26,51 - Ceuta,"LIBERTAD NAVARRA, LIBERTATE NAFARRA - Ln",0,0,Ministerio del Interior / fichero oficial aportado por el usuario,PRIMARY_INTERIOR
2016,2016-06-26,51 - Ceuta,LOS VERDES-ECOPACIFISTAS - CENTRO MODERADO,0,0,Ministerio del Interior / fichero oficial aportado por el usuario,PRIMARY_INTERIOR
2016,2016-06-26,51 - Ceuta,MOVIMIENTO ARAGONÉS SOCIAL - MAS,0,0,Ministerio del Interior / fichero oficial aportado por el usuario,PRIMARY_INTERIOR
2016,2016-06-26,51 - Ceuta,PARTIDO ANIMALISTA CONTRA EL MALTRATO ANIMAL - PACMA,333,0,Ministerio del Interior / fichero oficial aportado por el usuario,PRIMARY_INTERIOR
2016,2016-06-26,51 - Ceuta,PARTIDO ANIMALISTA CONTRA O MALTRATO ANIMAL - PACMA,0,0,Ministerio del Interior / fichero oficial aportado por el usuario,PRIMARY_INTERIOR
2016,2016-06-26,51 - Ceuta,PARTIDO COMUNISTA DE LOS PUEBLOS DE ESPAÑA - PCPE,0,0,Ministerio del Interior / fichero oficial aportado por el usuario,PRIMARY_INTERIOR
2016,2016-06-26,51 - Ceuta,PARTIDO COMUNISTA DEL PUEBLO CANARIO - PCPC,0,0,Ministerio del Interior / fichero oficial aportado por el usuario,PRIMARY_INTERIOR
2016,2016-06-26,51 - Ceuta,PARTIDO COMUNISTA OBRERO ESPAÑOL - PCOE,0,0,Ministerio del Interior / fichero oficial aportado por el usuario,PRIMARY_INTERIOR
2016,2016-06-26,51 - Ceuta,PARTIDO DOS SOCIALISTAS DE GALICIA-PSOE - PSdeG-PSOE,0,0,Ministerio del Interior / fichero oficial aportado por el usuario,PRIMARY_INTERIOR
2016,2016-06-26,51 - Ceuta,PARTIDO HUMANISTA - PH,0,0,Ministerio del Interior / fichero oficial aportado por el usuario,PRIMARY_INTERIOR
2016,2016-06-26,51 - Ceuta,PARTIDO LIBERTARIO - P-LIB,0,0,Ministerio del Interior / fichero oficial aportado por el usuario,PRIMARY_INTERIOR
2016,2016-06-26,51 - Ceuta,PARTIDO POPULAR - PP,15991,1,Ministerio del Interior / fichero oficial aportado por el usuario,PRIMARY_INTERIOR
2016,2016-06-26,51 - Ceuta,PARTIDO POPULAR EN COALICIÓN CON EL PARTIDO ARAGON - PP-PAR,0,0,Ministerio del Interior / fichero oficial aportado por el usuario,PRIMARY_INTERIOR
2016,2016-06-26,51 - Ceuta,PARTIDO POPULAR-FORO - PP-FORO,0,0,Ministerio del Interior / fichero oficial aportado por el usuario,PRIMARY_INTERIOR
2016,2016-06-26,51 - Ceuta,PARTIDO POPULAR/PARTIT POPULAR - PP,0,0,Ministerio del Interior / fichero oficial aportado por el usuario,PRIMARY_INTERIOR
2016,2016-06-26,51 - Ceuta,PARTIDO REGIONALISTA DEL PAÍS LEONÉS - PREPAL,0,0,Ministerio del Interior / fichero oficial aportado por el usuario,PRIMARY_INTERIOR
2016,2016-06-26,51 - Ceuta,PARTIDO SOCIALISTA DE EUSKADI-EUSKADIKO EZKERRA(PSOE) - PSE-EE (PSOE),0,0,Ministerio del Interior / fichero oficial aportado por el usuario,PRIMARY_INTERIOR
2016,2016-06-26,51 - Ceuta,PARTIDO SOCIALISTA OBRERO ESPAÑOL - PSOE,6974,0,Ministerio del Interior / fichero oficial aportado por el usuario,PRIMARY_INTERIOR
2016,2016-06-26,51 - Ceuta,PARTIDO SOCIALISTA OBRERO ESPAÑOL-NUEVA CANARIAS - PSOE-NCa,0,0,Ministerio del Interior / fichero oficial aportado por el usuario,PRIMARY_INTERIOR
2016,2016-06-26,51 - Ceuta,PARTIDO SOMOS ANDALUCES POR ANDALUCÍA Y LOS PUEBLO - AND,0,0,Ministerio del Interior / fichero oficial aportado por el usuario,PRIMARY_INTERIOR
2016,2016-06-26,51 - Ceuta,PARTIDO UNIONISTA ESTADO DE ESPAÑA - PUEDE,0,0,Ministerio del Interior / fichero oficial aportado por el usuario,PRIMARY_INTERIOR
2016,2016-06-26,51 - Ceuta,PARTIT ANIMALISTA CONTRA EL MALTRACTAMENT ANIMAL - PACMA,0,0,Ministerio del Interior / fichero oficial aportado por el usuario,PRIMARY_INTERIOR
2016,2016-06-26,51 - Ceuta,PARTIT COMUNISTA DEL POBLE DE CATALUNYA - PCPC,0,0,Ministerio del Interior / fichero oficial aportado por el usuario,PRIMARY_INTERIOR
2016,2016-06-26,51 - Ceuta,PARTIT COMUNISTA DELS POBLES D'ESPANYA - PCPE,0,0,Ministerio del Interior / fichero oficial aportado por el usuario,PRIMARY_INTERIOR
2016,2016-06-26,51 - Ceuta,PARTIT DELS SOCIALISTES DE CATALUNYA - PSC-PSOE,0,0,Ministerio del Interior / fichero oficial aportado por el usuario,PRIMARY_INTERIOR
2016,2016-06-26,51 - Ceuta,PLATAFORMA PER CATALUNYA - PxC,0,0,Ministerio del Interior / fichero oficial aportado por el usuario,PRIMARY_INTERIOR
2016,2016-06-26,51 - Ceuta,RECORTES CERO-GRUPO VERDE - RECORTES CERO-GRUPO VERDE,118,0,Ministerio del Interior / fichero oficial aportado por el usuario,PRIMARY_INTERIOR
2016,2016-06-26,51 - Ceuta,RENOVACIO POLITICA - REPO,0,0,Ministerio del Interior / fichero oficial aportado por el usuario,PRIMARY_INTERIOR
2016,2016-06-26,51 - Ceuta,SOBIRANIA PER A LES ILLES - SI,0,0,Ministerio del Interior / fichero oficial aportado por el usuario,PRIMARY_INTERIOR
2016,2016-06-26,51 - Ceuta,SOLIDARIDAD Y AUTOGESTIÓN INTERNACIONALISTA - SAIn,0,0,Ministerio del Interior / fichero oficial aportado por el usuario,PRIMARY_INTERIOR
2016,2016-06-26,51 - Ceuta,SOM VALENCIANS - SOMVAL,0,0,Ministerio del Interior / fichero oficial aportado por el usuario,PRIMARY_INTERIOR
2016,2016-06-26,51 - Ceuta,UNIDAD DEL PUEBLO - UNIDAD DEL PUEBLO,0,0,Ministerio del Interior / fichero oficial aportado por el usuario,PRIMARY_INTERIOR
2016,2016-06-26,51 - Ceuta,UNIDOS PODEMOS - PODEMOS-IU-EQUO,3345,0,Ministerio del Interior / fichero oficial aportado por el usuario,PRIMARY_INTERIOR
2016,2016-06-26,51 - Ceuta,UNIDOS PODEMOS - PODEMOS-IU-EQUO-CLIAS,0,0,Ministerio del Interior / fichero oficial aportado por el usuario,PRIMARY_INTERIOR
2016,2016-06-26,51 - Ceuta,UNIDOS PODEMOS - PODEMOS-IU-EQUO-IZCA,0,0,Ministerio del Interior / fichero oficial aportado por el usuario,PRIMARY_INTERIOR
2016,2016-06-26,51 - Ceuta,UNIDOS PODEMOS - PODEMOS-IU-EQUO-SEGOVIEMOS,0,0,Ministerio del Interior / fichero oficial aportado por el usuario,PRIMARY_INTERIOR
2016,2016-06-26,51 - Ceuta,UNIDOS PODEMOS - UNIDOS PODEMOS,0,0,Ministerio del Interior / fichero oficial aportado por el usuario,PRIMARY_INTERIOR
2016,2016-06-26,51 - Ceuta,UNIDOS PODEMOS EN ALTO ARAGÓN - PODEMOS-IU-,0,0,Ministerio del Interior / fichero oficial aportado por el usuario,PRIMARY_INTERIOR
2016,2016-06-26,51 - Ceuta,UNIDOS PODEMOS EN ARAGÓN - PODEMOS-IU-,0,0,Ministerio del Interior / fichero oficial aportado por el usuario,PRIMARY_INTERIOR
2016,2016-06-26,51 - Ceuta,UNIDOS PODEMOS POR ANDALUCÍA - PODEMOS-IU-,0,0,Ministerio del Interior / fichero oficial aportado por el usuario,PRIMARY_INTERIOR
2016,2016-06-26,51 - Ceuta,UNIDOS PODEMOS-ELKARREKIN AHAL DUGU - PODEMOS-IU-EQUO-BATZARRE,0,0,Ministerio del Interior / fichero oficial aportado por el usuario,PRIMARY_INTERIOR
2016,2016-06-26,51 - Ceuta,UNIDOS PODEMOS/ELKARREKIN AHAL DUGU - PODEMOS/AHAL DUGU-IU-EQUO,0,0,Ministerio del Interior / fichero oficial aportado por el usuario,PRIMARY_INTERIOR
2016,2016-06-26,51 - Ceuta,UNIDOS PODEMOS/XUNÍOS PODEMOS - PODEMOS-IU-,0,0,Ministerio del Interior / fichero oficial aportado por el usuario,PRIMARY_INTERIOR
2016,2016-06-26,51 - Ceuta,UNITS PODEM MÉS - PODEMOS-EUI,0,0,Ministerio del Interior / fichero oficial aportado por el usuario,PRIMARY_INTERIOR
2016,2016-06-26,51 - Ceuta,UNIÓN DE TODOS - UDT,0,0,Ministerio del Interior / fichero oficial aportado por el usuario,PRIMARY_INTERIOR
2016,2016-06-26,51 - Ceuta,UNIÓN DEL PUEBLO LEONÉS - UPL,0,0,Ministerio del Interior / fichero oficial aportado por el usuario,PRIMARY_INTERIOR
2016,2016-06-26,51 - Ceuta,UNIÓN DEL PUEBLO NAVARRO EN COALICIÓN CON EL PARTI - UPN-PP,0,0,Ministerio del Interior / fichero oficial aportado por el usuario,PRIMARY_INTERIOR
2016,2016-06-26,51 - Ceuta,UNIÓN PROGRESO Y DEMOCRACIA - UPyD,72,0,Ministerio del Interior / fichero oficial aportado por el usuario,PRIMARY_INTERIOR
2016,2016-06-26,51 - Ceuta,VOX - VOX,139,0,Ministerio del Interior / fichero oficial aportado por el usuario,PRIMARY_INTERIOR
2016,2016-06-26,52 - Melilla,ALIANZA DE CENTRO DEMOCRÁTICO - ALCD,0,0,Ministerio del Interior / fichero oficial aportado por el usuario,PRIMARY_INTERIOR
2016,2016-06-26,52 - Melilla,BNG-NÓS CANDIDATURA GALEGA - BNG-NÓS,0,0,Ministerio del Interior / fichero oficial aportado por el usuario,PRIMARY_INTERIOR
2016,2016-06-26,52 - Melilla,CIUDADANOS DE CENTRO DEMOCRÁTICO - CCD,0,0,Ministerio del Interior / fichero oficial aportado por el usuario,PRIMARY_INTERIOR
2016,2016-06-26,52 - Melilla,CIUDADANOS DE CENTRO DEMOCRÁTICO-CANDIDATURA INDEP - CCD-CI,0,0,Ministerio del Interior / fichero oficial aportado por el usuario,PRIMARY_INTERIOR
2016,2016-06-26,52 - Melilla,CIUDADANOS LIBRES UNIDOS - CILUS,0,0,Ministerio del Interior / fichero oficial aportado por el usuario,PRIMARY_INTERIOR
2016,2016-06-26,52 - Melilla,CIUDADANOS-PARTIDO DE LA CIUDADANÍA - C's,3352,0,Ministerio del Interior / fichero oficial aportado por el usuario,PRIMARY_INTERIOR
2016,2016-06-26,52 - Melilla,"CIUTADANS, PARTIDO DE LA CIUDADANÍA - C's",0,0,Ministerio del Interior / fichero oficial aportado por el usuario,PRIMARY_INTERIOR
2016,2016-06-26,52 - Melilla,CIUTADANS-PARTIDO DE LA CIUDADANÍA - C's,0,0,Ministerio del Interior / fichero oficial aportado por el usuario,PRIMARY_INTERIOR
2016,2016-06-26,52 - Melilla,COALICIÓN CANARIA-PARTIDO NACIONALISTA CANARIO - CCa-PNC,0,0,Ministerio del Interior / fichero oficial aportado por el usuario,PRIMARY_INTERIOR
2016,2016-06-26,52 - Melilla,COMPROMÍS-PODEMOS-EUPV: A LA VALENCIANA - PODEMOS-COM,0,0,Ministerio del Interior / fichero oficial aportado por el usuario,PRIMARY_INTERIOR
2016,2016-06-26,52 - Melilla,COMUNISTAS DA GALIZA - PCPE,0,0,Ministerio del Interior / fichero oficial aportado por el usuario,PRIMARY_INTERIOR
2016,2016-06-26,52 - Melilla,COMUNISTAS DA GALIZA-PCPE - PCPE,0,0,Ministerio del Interior / fichero oficial aportado por el usuario,PRIMARY_INTERIOR
2016,2016-06-26,52 - Melilla,CONVERGÈNCIA DEMOCRÀTICA DE CATALUNYA - CDC,0,0,Ministerio del Interior / fichero oficial aportado por el usuario,PRIMARY_INTERIOR
2016,2016-06-26,52 - Melilla,EN COMÚ PODEM-GUANYEM EL CANVI - ECP,0,0,Ministerio del Interior / fichero oficial aportado por el usuario,PRIMARY_INTERIOR
2016,2016-06-26,52 - Melilla,EN MAREA - PODEMOS-EN MAREA-ANOVA-EU,0,0,Ministerio del Interior / fichero oficial aportado por el usuario,PRIMARY_INTERIOR
2016,2016-06-26,52 - Melilla,ENTABAN - ENTABAN,0,0,Ministerio del Interior / fichero oficial aportado por el usuario,PRIMARY_INTERIOR
2016,2016-06-26,52 - Melilla,ESCANOS EN BRANCO - EB,0,0,Ministerio del Interior / fichero oficial aportado por el usuario,PRIMARY_INTERIOR
2016,2016-06-26,52 - Melilla,ESCAÑOS EN BLANCO - EB,0,0,Ministerio del Interior / fichero oficial aportado por el usuario,PRIMARY_INTERIOR
2016,2016-06-26,52 - Melilla,ESCAÑOS EN BLANCO-AULKI ZURIAK - EB-AZ,0,0,Ministerio del Interior / fichero oficial aportado por el usuario,PRIMARY_INTERIOR
2016,2016-06-26,52 - Melilla,ESQUERRA REPUBLICANA/CATALUNYA SÍ - ERC-CATSÍ,0,0,Ministerio del Interior / fichero oficial aportado por el usuario,PRIMARY_INTERIOR
2016,2016-06-26,52 - Melilla,EUSKAL HERRIA BILDU - EH Bildu,0,0,Ministerio del Interior / fichero oficial aportado por el usuario,PRIMARY_INTERIOR
2016,2016-06-26,52 - Melilla,EUZKO ALDERDI JELTZALEA-PARTIDO NACIONALISTA VASCO - EAJ-PNV,0,0,Ministerio del Interior / fichero oficial aportado por el usuario,PRIMARY_INTERIOR
2016,2016-06-26,52 - Melilla,FALANGE ESPAÑOLA DE LAS JONS - FE de las J,0,0,Ministerio del Interior / fichero oficial aportado por el usuario,PRIMARY_INTERIOR
2016,2016-06-26,52 - Melilla,FAMILIA Y VIDA - PFyV,0,0,Ministerio del Interior / fichero oficial aportado por el usuario,PRIMARY_INTERIOR
2016,2016-06-26,52 - Melilla,GEROA BAI - GBAI,0,0,Ministerio del Interior / fichero oficial aportado por el usuario,PRIMARY_INTERIOR
2016,2016-06-26,52 - Melilla,HEGOALDE RIOJA-LIBERTAD NAVARRA - HRTS-Ln,0,0,Ministerio del Interior / fichero oficial aportado por el usuario,PRIMARY_INTERIOR
2016,2016-06-26,52 - Melilla,INDEPENDIENTES POR ARAGÓN - INDEPENDIEN,0,0,Ministerio del Interior / fichero oficial aportado por el usuario,PRIMARY_INTERIOR
2016,2016-06-26,52 - Melilla,INICIATIVA MERINDADES DE CASTILLA - IMC,0,0,Ministerio del Interior / fichero oficial aportado por el usuario,PRIMARY_INTERIOR
2016,2016-06-26,52 - Melilla,IZQUIERDA ANTICAPITALISTA REVOLUCIONARIA - IZAR,0,0,Ministerio del Interior / fichero oficial aportado por el usuario,PRIMARY_INTERIOR
2016,2016-06-26,52 - Melilla,JUNTOS POR CANARIAS - JXC,0,0,Ministerio del Interior / fichero oficial aportado por el usuario,PRIMARY_INTERIOR
2016,2016-06-26,52 - Melilla,LA FALANGE - FE,0,0,Ministerio del Interior / fichero oficial aportado por el usuario,PRIMARY_INTERIOR
2016,2016-06-26,52 - Melilla,LA FUERZA DE LOS MAYORES DE ESPAÑA - FME,0,0,Ministerio del Interior / fichero oficial aportado por el usuario,PRIMARY_INTERIOR
2016,2016-06-26,52 - Melilla,"LIBERTAD NAVARRA, LIBERTATE NAFARRA - Ln",0,0,Ministerio del Interior / fichero oficial aportado por el usuario,PRIMARY_INTERIOR
2016,2016-06-26,52 - Melilla,LOS VERDES-ECOPACIFISTAS - CENTRO MODERADO,0,0,Ministerio del Interior / fichero oficial aportado por el usuario,PRIMARY_INTERIOR
2016,2016-06-26,52 - Melilla,MOVIMIENTO ARAGONÉS SOCIAL - MAS,0,0,Ministerio del Interior / fichero oficial aportado por el usuario,PRIMARY_INTERIOR
2016,2016-06-26,52 - Melilla,PARTIDO ANIMALISTA CONTRA EL MALTRATO ANIMAL - PACMA,317,0,Ministerio del Interior / fichero oficial aportado por el usuario,PRIMARY_INTERIOR
2016,2016-06-26,52 - Melilla,PARTIDO ANIMALISTA CONTRA O MALTRATO ANIMAL - PACMA,0,0,Ministerio del Interior / fichero oficial aportado por el usuario,PRIMARY_INTERIOR
2016,2016-06-26,52 - Melilla,PARTIDO COMUNISTA DE LOS PUEBLOS DE ESPAÑA - PCPE,0,0,Ministerio del Interior / fichero oficial aportado por el usuario,PRIMARY_INTERIOR
2016,2016-06-26,52 - Melilla,PARTIDO COMUNISTA DEL PUEBLO CANARIO - PCPC,0,0,Ministerio del Interior / fichero oficial aportado por el usuario,PRIMARY_INTERIOR
2016,2016-06-26,52 - Melilla,PARTIDO COMUNISTA OBRERO ESPAÑOL - PCOE,0,0,Ministerio del Interior / fichero oficial aportado por el usuario,PRIMARY_INTERIOR
2016,2016-06-26,52 - Melilla,PARTIDO DOS SOCIALISTAS DE GALICIA-PSOE - PSdeG-PSOE,0,0,Ministerio del Interior / fichero oficial aportado por el usuario,PRIMARY_INTERIOR
2016,2016-06-26,52 - Melilla,PARTIDO HUMANISTA - PH,0,0,Ministerio del Interior / fichero oficial aportado por el usuario,PRIMARY_INTERIOR
2016,2016-06-26,52 - Melilla,PARTIDO LIBERTARIO - P-LIB,0,0,Ministerio del Interior / fichero oficial aportado por el usuario,PRIMARY_INTERIOR
2016,2016-06-26,52 - Melilla,PARTIDO POPULAR - PP,13522,1,Ministerio del Interior / fichero oficial aportado por el usuario,PRIMARY_INTERIOR
2016,2016-06-26,52 - Melilla,PARTIDO POPULAR EN COALICIÓN CON EL PARTIDO ARAGON - PP-PAR,0,0,Ministerio del Interior / fichero oficial aportado por el usuario,PRIMARY_INTERIOR
2016,2016-06-26,52 - Melilla,PARTIDO POPULAR-FORO - PP-FORO,0,0,Ministerio del Interior / fichero oficial aportado por el usuario,PRIMARY_INTERIOR
2016,2016-06-26,52 - Melilla,PARTIDO POPULAR/PARTIT POPULAR - PP,0,0,Ministerio del Interior / fichero oficial aportado por el usuario,PRIMARY_INTERIOR
2016,2016-06-26,52 - Melilla,PARTIDO REGIONALISTA DEL PAÍS LEONÉS - PREPAL,0,0,Ministerio del Interior / fichero oficial aportado por el usuario,PRIMARY_INTERIOR
2016,2016-06-26,52 - Melilla,PARTIDO SOCIALISTA DE EUSKADI-EUSKADIKO EZKERRA(PSOE) - PSE-EE (PSOE),0,0,Ministerio del Interior / fichero oficial aportado por el usuario,PRIMARY_INTERIOR
2016,2016-06-26,52 - Melilla,PARTIDO SOCIALISTA OBRERO ESPAÑOL - PSOE,6805,0,Ministerio del Interior / fichero oficial aportado por el usuario,PRIMARY_INTERIOR
2016,2016-06-26,52 - Melilla,PARTIDO SOCIALISTA OBRERO ESPAÑOL-NUEVA CANARIAS - PSOE-NCa,0,0,Ministerio del Interior / fichero oficial aportado por el usuario,PRIMARY_INTERIOR
2016,2016-06-26,52 - Melilla,PARTIDO SOMOS ANDALUCES POR ANDALUCÍA Y LOS PUEBLO - AND,0,0,Ministerio del Interior / fichero oficial aportado por el usuario,PRIMARY_INTERIOR
2016,2016-06-26,52 - Melilla,PARTIDO UNIONISTA ESTADO DE ESPAÑA - PUEDE,0,0,Ministerio del Interior / fichero oficial aportado por el usuario,PRIMARY_INTERIOR
2016,2016-06-26,52 - Melilla,PARTIT ANIMALISTA CONTRA EL MALTRACTAMENT ANIMAL - PACMA,0,0,Ministerio del Interior / fichero oficial aportado por el usuario,PRIMARY_INTERIOR
2016,2016-06-26,52 - Melilla,PARTIT COMUNISTA DEL POBLE DE CATALUNYA - PCPC,0,0,Ministerio del Interior / fichero oficial aportado por el usuario,PRIMARY_INTERIOR
2016,2016-06-26,52 - Melilla,PARTIT COMUNISTA DELS POBLES D'ESPANYA - PCPE,0,0,Ministerio del Interior / fichero oficial aportado por el usuario,PRIMARY_INTERIOR
2016,2016-06-26,52 - Melilla,PARTIT DELS SOCIALISTES DE CATALUNYA - PSC-PSOE,0,0,Ministerio del Interior / fichero oficial aportado por el usuario,PRIMARY_INTERIOR
2016,2016-06-26,52 - Melilla,PLATAFORMA PER CATALUNYA - PxC,0,0,Ministerio del Interior / fichero oficial aportado por el usuario,PRIMARY_INTERIOR
2016,2016-06-26,52 - Melilla,RECORTES CERO-GRUPO VERDE - RECORTES CERO-GRUPO VERDE,44,0,Ministerio del Interior / fichero oficial aportado por el usuario,PRIMARY_INTERIOR
2016,2016-06-26,52 - Melilla,RENOVACIO POLITICA - REPO,0,0,Ministerio del Interior / fichero oficial aportado por el usuario,PRIMARY_INTERIOR
2016,2016-06-26,52 - Melilla,SOBIRANIA PER A LES ILLES - SI,0,0,Ministerio del Interior / fichero oficial aportado por el usuario,PRIMARY_INTERIOR
2016,2016-06-26,52 - Melilla,SOLIDARIDAD Y AUTOGESTIÓN INTERNACIONALISTA - SAIn,0,0,Ministerio del Interior / fichero oficial aportado por el usuario,PRIMARY_INTERIOR
2016,2016-06-26,52 - Melilla,SOM VALENCIANS - SOMVAL,0,0,Ministerio del Interior / fichero oficial aportado por el usuario,PRIMARY_INTERIOR
2016,2016-06-26,52 - Melilla,UNIDAD DEL PUEBLO - UNIDAD DEL PUEBLO,0,0,Ministerio del Interior / fichero oficial aportado por el usuario,PRIMARY_INTERIOR
2016,2016-06-26,52 - Melilla,UNIDOS PODEMOS - PODEMOS-IU-EQUO,0,0,Ministerio del Interior / fichero oficial aportado por el usuario,PRIMARY_INTERIOR
2016,2016-06-26,52 - Melilla,UNIDOS PODEMOS - PODEMOS-IU-EQUO-CLIAS,0,0,Ministerio del Interior / fichero oficial aportado por el usuario,PRIMARY_INTERIOR
2016,2016-06-26,52 - Melilla,UNIDOS PODEMOS - PODEMOS-IU-EQUO-IZCA,0,0,Ministerio del Interior / fichero oficial aportado por el usuario,PRIMARY_INTERIOR
2016,2016-06-26,52 - Melilla,UNIDOS PODEMOS - PODEMOS-IU-EQUO-SEGOVIEMOS,0,0,Ministerio del Interior / fichero oficial aportado por el usuario,PRIMARY_INTERIOR
2016,2016-06-26,52 - Melilla,UNIDOS PODEMOS - UNIDOS PODEMOS,2667,0,Ministerio del Interior / fichero oficial aportado por el usuario,PRIMARY_INTERIOR
2016,2016-06-26,52 - Melilla,UNIDOS PODEMOS EN ALTO ARAGÓN - PODEMOS-IU-,0,0,Ministerio del Interior / fichero oficial aportado por el usuario,PRIMARY_INTERIOR
2016,2016-06-26,52 - Melilla,UNIDOS PODEMOS EN ARAGÓN - PODEMOS-IU-,0,0,Ministerio del Interior / fichero oficial aportado por el usuario,PRIMARY_INTERIOR
2016,2016-06-26,52 - Melilla,UNIDOS PODEMOS POR ANDALUCÍA - PODEMOS-IU-,0,0,Ministerio del Interior / fichero oficial aportado por el usuario,PRIMARY_INTERIOR
2016,2016-06-26,52 - Melilla,UNIDOS PODEMOS-ELKARREKIN AHAL DUGU - PODEMOS-IU-EQUO-BATZARRE,0,0,Ministerio del Interior / fichero oficial aportado por el usuario,PRIMARY_INTERIOR
2016,2016-06-26,52 - Melilla,UNIDOS PODEMOS/ELKARREKIN AHAL DUGU - PODEMOS/AHAL DUGU-IU-EQUO,0,0,Ministerio del Interior / fichero oficial aportado por el usuario,PRIMARY_INTERIOR
2016,2016-06-26,52 - Melilla,UNIDOS PODEMOS/XUNÍOS PODEMOS - PODEMOS-IU-,0,0,Ministerio del Interior / fichero oficial aportado por el usuario,PRIMARY_INTERIOR
2016,2016-06-26,52 - Melilla,UNITS PODEM MÉS - PODEMOS-EUI,0,0,Ministerio del Interior / fichero oficial aportado por el usuario,PRIMARY_INTERIOR
2016,2016-06-26,52 - Melilla,UNIÓN DE TODOS - UDT,0,0,Ministerio del Interior / fichero oficial aportado por el usuario,PRIMARY_INTERIOR
2016,2016-06-26,52 - Melilla,UNIÓN DEL PUEBLO LEONÉS - UPL,0,0,Ministerio del Interior / fichero oficial aportado por el usuario,PRIMARY_INTERIOR
2016,2016-06-26,52 - Melilla,UNIÓN DEL PUEBLO NAVARRO EN COALICIÓN CON EL PARTI - UPN-PP,0,0,Ministerio del Interior / fichero oficial aportado por el usuario,PRIMARY_INTERIOR
2016,2016-06-26,52 - Melilla,UNIÓN PROGRESO Y DEMOCRACIA - UPyD,146,0,Ministerio del Interior / fichero oficial aportado por el usuario,PRIMARY_INTERIOR
2016,2016-06-26,52 - Melilla,VOX - VOX,0,0,Ministerio del Interior / fichero oficial aportado por el usuario,PRIMARY_INTERIOR
2016,2016-06-26,6 - Badajoz,ALIANZA DE CENTRO DEMOCRÁTICO - ALCD,0,0,Ministerio del Interior / fichero oficial aportado por el usuario,PRIMARY_INTERIOR
2016,2016-06-26,6 - Badajoz,BNG-NÓS CANDIDATURA GALEGA - BNG-NÓS,0,0,Ministerio del Interior / fichero oficial aportado por el usuario,PRIMARY_INTERIOR
2016,2016-06-26,6 - Badajoz,CIUDADANOS DE CENTRO DEMOCRÁTICO - CCD,0,0,Ministerio del Interior / fichero oficial aportado por el usuario,PRIMARY_INTERIOR
2016,2016-06-26,6 - Badajoz,CIUDADANOS DE CENTRO DEMOCRÁTICO-CANDIDATURA INDEP - CCD-CI,0,0,Ministerio del Interior / fichero oficial aportado por el usuario,PRIMARY_INTERIOR
2016,2016-06-26,6 - Badajoz,CIUDADANOS LIBRES UNIDOS - CILUS,0,0,Ministerio del Interior / fichero oficial aportado por el usuario,PRIMARY_INTERIOR
2016,2016-06-26,6 - Badajoz,CIUDADANOS-PARTIDO DE LA CIUDADANÍA - C's,40417,0,Ministerio del Interior / fichero oficial aportado por el usuario,PRIMARY_INTERIOR
2016,2016-06-26,6 - Badajoz,"CIUTADANS, PARTIDO DE LA CIUDADANÍA - C's",0,0,Ministerio del Interior / fichero oficial aportado por el usuario,PRIMARY_INTERIOR
2016,2016-06-26,6 - Badajoz,CIUTADANS-PARTIDO DE LA CIUDADANÍA - C's,0,0,Ministerio del Interior / fichero oficial aportado por el usuario,PRIMARY_INTERIOR
2016,2016-06-26,6 - Badajoz,COALICIÓN CANARIA-PARTIDO NACIONALISTA CANARIO - CCa-PNC,0,0,Ministerio del Interior / fichero oficial aportado por el usuario,PRIMARY_INTERIOR
2016,2016-06-26,6 - Badajoz,COMPROMÍS-PODEMOS-EUPV: A LA VALENCIANA - PODEMOS-COM,0,0,Ministerio del Interior / fichero oficial aportado por el usuario,PRIMARY_INTERIOR
2016,2016-06-26,6 - Badajoz,COMUNISTAS DA GALIZA - PCPE,0,0,Ministerio del Interior / fichero oficial aportado por el usuario,PRIMARY_INTERIOR
2016,2016-06-26,6 - Badajoz,COMUNISTAS DA GALIZA-PCPE - PCPE,0,0,Ministerio del Interior / fichero oficial aportado por el usuario,PRIMARY_INTERIOR
2016,2016-06-26,6 - Badajoz,CONVERGÈNCIA DEMOCRÀTICA DE CATALUNYA - CDC,0,0,Ministerio del Interior / fichero oficial aportado por el usuario,PRIMARY_INTERIOR
2016,2016-06-26,6 - Badajoz,EN COMÚ PODEM-GUANYEM EL CANVI - ECP,0,0,Ministerio del Interior / fichero oficial aportado por el usuario,PRIMARY_INTERIOR
2016,2016-06-26,6 - Badajoz,EN MAREA - PODEMOS-EN MAREA-ANOVA-EU,0,0,Ministerio del Interior / fichero oficial aportado por el usuario,PRIMARY_INTERIOR
2016,2016-06-26,6 - Badajoz,ENTABAN - ENTABAN,0,0,Ministerio del Interior / fichero oficial aportado por el usuario,PRIMARY_INTERIOR
2016,2016-06-26,6 - Badajoz,ESCANOS EN BRANCO - EB,0,0,Ministerio del Interior / fichero oficial aportado por el usuario,PRIMARY_INTERIOR
2016,2016-06-26,6 - Badajoz,ESCAÑOS EN BLANCO - EB,0,0,Ministerio del Interior / fichero oficial aportado por el usuario,PRIMARY_INTERIOR
2016,2016-06-26,6 - Badajoz,ESCAÑOS EN BLANCO-AULKI ZURIAK - EB-AZ,0,0,Ministerio del Interior / fichero oficial aportado por el usuario,PRIMARY_INTERIOR
2016,2016-06-26,6 - Badajoz,ESQUERRA REPUBLICANA/CATALUNYA SÍ - ERC-CATSÍ,0,0,Ministerio del Interior / fichero oficial aportado por el usuario,PRIMARY_INTERIOR
2016,2016-06-26,6 - Badajoz,EUSKAL HERRIA BILDU - EH Bildu,0,0,Ministerio del Interior / fichero oficial aportado por el usuario,PRIMARY_INTERIOR
2016,2016-06-26,6 - Badajoz,EUZKO ALDERDI JELTZALEA-PARTIDO NACIONALISTA VASCO - EAJ-PNV,0,0,Ministerio del Interior / fichero oficial aportado por el usuario,PRIMARY_INTERIOR
2016,2016-06-26,6 - Badajoz,FALANGE ESPAÑOLA DE LAS JONS - FE de las J,0,0,Ministerio del Interior / fichero oficial aportado por el usuario,PRIMARY_INTERIOR
2016,2016-06-26,6 - Badajoz,FAMILIA Y VIDA - PFyV,0,0,Ministerio del Interior / fichero oficial aportado por el usuario,PRIMARY_INTERIOR
2016,2016-06-26,6 - Badajoz,GEROA BAI - GBAI,0,0,Ministerio del Interior / fichero oficial aportado por el usuario,PRIMARY_INTERIOR
2016,2016-06-26,6 - Badajoz,HEGOALDE RIOJA-LIBERTAD NAVARRA - HRTS-Ln,0,0,Ministerio del Interior / fichero oficial aportado por el usuario,PRIMARY_INTERIOR
2016,2016-06-26,6 - Badajoz,INDEPENDIENTES POR ARAGÓN - INDEPENDIEN,0,0,Ministerio del Interior / fichero oficial aportado por el usuario,PRIMARY_INTERIOR
2016,2016-06-26,6 - Badajoz,INICIATIVA MERINDADES DE CASTILLA - IMC,0,0,Ministerio del Interior / fichero oficial aportado por el usuario,PRIMARY_INTERIOR
2016,2016-06-26,6 - Badajoz,IZQUIERDA ANTICAPITALISTA REVOLUCIONARIA - IZAR,0,0,Ministerio del Interior / fichero oficial aportado por el usuario,PRIMARY_INTERIOR
2016,2016-06-26,6 - Badajoz,JUNTOS POR CANARIAS - JXC,0,0,Ministerio del Interior / fichero oficial aportado por el usuario,PRIMARY_INTERIOR
2016,2016-06-26,6 - Badajoz,LA FALANGE - FE,0,0,Ministerio del Interior / fichero oficial aportado por el usuario,PRIMARY_INTERIOR
2016,2016-06-26,6 - Badajoz,LA FUERZA DE LOS MAYORES DE ESPAÑA - FME,0,0,Ministerio del Interior / fichero oficial aportado por el usuario,PRIMARY_INTERIOR
2016,2016-06-26,6 - Badajoz,"LIBERTAD NAVARRA, LIBERTATE NAFARRA - Ln",0,0,Ministerio del Interior / fichero oficial aportado por el usuario,PRIMARY_INTERIOR
2016,2016-06-26,6 - Badajoz,LOS VERDES-ECOPACIFISTAS - CENTRO MODERADO,0,0,Ministerio del Interior / fichero oficial aportado por el usuario,PRIMARY_INTERIOR
2016,2016-06-26,6 - Badajoz,MOVIMIENTO ARAGONÉS SOCIAL - MAS,0,0,Ministerio del Interior / fichero oficial aportado por el usuario,PRIMARY_INTERIOR
2016,2016-06-26,6 - Badajoz,PARTIDO ANIMALISTA CONTRA EL MALTRATO ANIMAL - PACMA,2766,0,Ministerio del Interior / fichero oficial aportado por el usuario,PRIMARY_INTERIOR
2016,2016-06-26,6 - Badajoz,PARTIDO ANIMALISTA CONTRA O MALTRATO ANIMAL - PACMA,0,0,Ministerio del Interior / fichero oficial aportado por el usuario,PRIMARY_INTERIOR
2016,2016-06-26,6 - Badajoz,PARTIDO COMUNISTA DE LOS PUEBLOS DE ESPAÑA - PCPE,0,0,Ministerio del Interior / fichero oficial aportado por el usuario,PRIMARY_INTERIOR
2016,2016-06-26,6 - Badajoz,PARTIDO COMUNISTA DEL PUEBLO CANARIO - PCPC,0,0,Ministerio del Interior / fichero oficial aportado por el usuario,PRIMARY_INTERIOR
2016,2016-06-26,6 - Badajoz,PARTIDO COMUNISTA OBRERO ESPAÑOL - PCOE,0,0,Ministerio del Interior / fichero oficial aportado por el usuario,PRIMARY_INTERIOR
2016,2016-06-26,6 - Badajoz,PARTIDO DOS SOCIALISTAS DE GALICIA-PSOE - PSdeG-PSOE,0,0,Ministerio del Interior / fichero oficial aportado por el usuario,PRIMARY_INTERIOR
2016,2016-06-26,6 - Badajoz,PARTIDO HUMANISTA - PH,0,0,Ministerio del Interior / fichero oficial aportado por el usuario,PRIMARY_INTERIOR
2016,2016-06-26,6 - Badajoz,PARTIDO LIBERTARIO - P-LIB,0,0,Ministerio del Interior / fichero oficial aportado por el usuario,PRIMARY_INTERIOR
2016,2016-06-26,6 - Badajoz,PARTIDO POPULAR - PP,149603,3,Ministerio del Interior / fichero oficial aportado por el usuario,PRIMARY_INTERIOR
2016,2016-06-26,6 - Badajoz,PARTIDO POPULAR EN COALICIÓN CON EL PARTIDO ARAGON - PP-PAR,0,0,Ministerio del Interior / fichero oficial aportado por el usuario,PRIMARY_INTERIOR
2016,2016-06-26,6 - Badajoz,PARTIDO POPULAR-FORO - PP-FORO,0,0,Ministerio del Interior / fichero oficial aportado por el usuario,PRIMARY_INTERIOR
2016,2016-06-26,6 - Badajoz,PARTIDO POPULAR/PARTIT POPULAR - PP,0,0,Ministerio del Interior / fichero oficial aportado por el usuario,PRIMARY_INTERIOR
2016,2016-06-26,6 - Badajoz,PARTIDO REGIONALISTA DEL PAÍS LEONÉS - PREPAL,0,0,Ministerio del Interior / fichero oficial aportado por el usuario,PRIMARY_INTERIOR
2016,2016-06-26,6 - Badajoz,PARTIDO SOCIALISTA DE EUSKADI-EUSKADIKO EZKERRA(PSOE) - PSE-EE (PSOE),0,0,Ministerio del Interior / fichero oficial aportado por el usuario,PRIMARY_INTERIOR
2016,2016-06-26,6 - Badajoz,PARTIDO SOCIALISTA OBRERO ESPAÑOL - PSOE,133392,2,Ministerio del Interior / fichero oficial aportado por el usuario,PRIMARY_INTERIOR
2016,2016-06-26,6 - Badajoz,PARTIDO SOCIALISTA OBRERO ESPAÑOL-NUEVA CANARIAS - PSOE-NCa,0,0,Ministerio del Interior / fichero oficial aportado por el usuario,PRIMARY_INTERIOR
2016,2016-06-26,6 - Badajoz,PARTIDO SOMOS ANDALUCES POR ANDALUCÍA Y LOS PUEBLO - AND,0,0,Ministerio del Interior / fichero oficial aportado por el usuario,PRIMARY_INTERIOR
2016,2016-06-26,6 - Badajoz,PARTIDO UNIONISTA ESTADO DE ESPAÑA - PUEDE,0,0,Ministerio del Interior / fichero oficial aportado por el usuario,PRIMARY_INTERIOR
2016,2016-06-26,6 - Badajoz,PARTIT ANIMALISTA CONTRA EL MALTRACTAMENT ANIMAL - PACMA,0,0,Ministerio del Interior / fichero oficial aportado por el usuario,PRIMARY_INTERIOR
2016,2016-06-26,6 - Badajoz,PARTIT COMUNISTA DEL POBLE DE CATALUNYA - PCPC,0,0,Ministerio del Interior / fichero oficial aportado por el usuario,PRIMARY_INTERIOR
2016,2016-06-26,6 - Badajoz,PARTIT COMUNISTA DELS POBLES D'ESPANYA - PCPE,0,0,Ministerio del Interior / fichero oficial aportado por el usuario,PRIMARY_INTERIOR
2016,2016-06-26,6 - Badajoz,PARTIT DELS SOCIALISTES DE CATALUNYA - PSC-PSOE,0,0,Ministerio del Interior / fichero oficial aportado por el usuario,PRIMARY_INTERIOR
2016,2016-06-26,6 - Badajoz,PLATAFORMA PER CATALUNYA - PxC,0,0,Ministerio del Interior / fichero oficial aportado por el usuario,PRIMARY_INTERIOR
2016,2016-06-26,6 - Badajoz,RECORTES CERO-GRUPO VERDE - RECORTES CERO-GRUPO VERDE,614,0,Ministerio del Interior / fichero oficial aportado por el usuario,PRIMARY_INTERIOR
2016,2016-06-26,6 - Badajoz,RENOVACIO POLITICA - REPO,0,0,Ministerio del Interior / fichero oficial aportado por el usuario,PRIMARY_INTERIOR
2016,2016-06-26,6 - Badajoz,SOBIRANIA PER A LES ILLES - SI,0,0,Ministerio del Interior / fichero oficial aportado por el usuario,PRIMARY_INTERIOR
2016,2016-06-26,6 - Badajoz,SOLIDARIDAD Y AUTOGESTIÓN INTERNACIONALISTA - SAIn,0,0,Ministerio del Interior / fichero oficial aportado por el usuario,PRIMARY_INTERIOR
2016,2016-06-26,6 - Badajoz,SOM VALENCIANS - SOMVAL,0,0,Ministerio del Interior / fichero oficial aportado por el usuario,PRIMARY_INTERIOR
2016,2016-06-26,6 - Badajoz,UNIDAD DEL PUEBLO - UNIDAD DEL PUEBLO,0,0,Ministerio del Interior / fichero oficial aportado por el usuario,PRIMARY_INTERIOR
2016,2016-06-26,6 - Badajoz,UNIDOS PODEMOS - PODEMOS-IU-EQUO,47182,1,Ministerio del Interior / fichero oficial aportado por el usuario,PRIMARY_INTERIOR
2016,2016-06-26,6 - Badajoz,UNIDOS PODEMOS - PODEMOS-IU-EQUO-CLIAS,0,0,Ministerio del Interior / fichero oficial aportado por el usuario,PRIMARY_INTERIOR
2016,2016-06-26,6 - Badajoz,UNIDOS PODEMOS - PODEMOS-IU-EQUO-IZCA,0,0,Ministerio del Interior / fichero oficial aportado por el usuario,PRIMARY_INTERIOR
2016,2016-06-26,6 - Badajoz,UNIDOS PODEMOS - PODEMOS-IU-EQUO-SEGOVIEMOS,0,0,Ministerio del Interior / fichero oficial aportado por el usuario,PRIMARY_INTERIOR
2016,2016-06-26,6 - Badajoz,UNIDOS PODEMOS - UNIDOS PODEMOS,0,0,Ministerio del Interior / fichero oficial aportado por el usuario,PRIMARY_INTERIOR
2016,2016-06-26,6 - Badajoz,UNIDOS PODEMOS EN ALTO ARAGÓN - PODEMOS-IU-,0,0,Ministerio del Interior / fichero oficial aportado por el usuario,PRIMARY_INTERIOR
2016,2016-06-26,6 - Badajoz,UNIDOS PODEMOS EN ARAGÓN - PODEMOS-IU-,0,0,Ministerio del Interior / fichero oficial aportado por el usuario,PRIMARY_INTERIOR
2016,2016-06-26,6 - Badajoz,UNIDOS PODEMOS POR ANDALUCÍA - PODEMOS-IU-,0,0,Ministerio del Interior / fichero oficial aportado por el usuario,PRIMARY_INTERIOR
2016,2016-06-26,6 - Badajoz,UNIDOS PODEMOS-ELKARREKIN AHAL DUGU - PODEMOS-IU-EQUO-BATZARRE,0,0,Ministerio del Interior / fichero oficial aportado por el usuario,PRIMARY_INTERIOR
2016,2016-06-26,6 - Badajoz,UNIDOS PODEMOS/ELKARREKIN AHAL DUGU - PODEMOS/AHAL DUGU-IU-EQUO,0,0,Ministerio del Interior / fichero oficial aportado por el usuario,PRIMARY_INTERIOR
2016,2016-06-26,6 - Badajoz,UNIDOS PODEMOS/XUNÍOS PODEMOS - PODEMOS-IU-,0,0,Ministerio del Interior / fichero oficial aportado por el usuario,PRIMARY_INTERIOR
2016,2016-06-26,6 - Badajoz,UNITS PODEM MÉS - PODEMOS-EUI,0,0,Ministerio del Interior / fichero oficial aportado por el usuario,PRIMARY_INTERIOR
2016,2016-06-26,6 - Badajoz,UNIÓN DE TODOS - UDT,0,0,Ministerio del Interior / fichero oficial aportado por el usuario,PRIMARY_INTERIOR
2016,2016-06-26,6 - Badajoz,UNIÓN DEL PUEBLO LEONÉS - UPL,0,0,Ministerio del Interior / fichero oficial aportado por el usuario,PRIMARY_INTERIOR
2016,2016-06-26,6 - Badajoz,UNIÓN DEL PUEBLO NAVARRO EN COALICIÓN CON EL PARTI - UPN-PP,0,0,Ministerio del Interior / fichero oficial aportado por el usuario,PRIMARY_INTERIOR
2016,2016-06-26,6 - Badajoz,UNIÓN PROGRESO Y DEMOCRACIA - UPyD,639,0,Ministerio del Interior / fichero oficial aportado por el usuario,PRIMARY_INTERIOR
2016,2016-06-26,6 - Badajoz,VOX - VOX,617,0,Ministerio del Interior / fichero oficial aportado por el usuario,PRIMARY_INTERIOR
2016,2016-06-26,"7 - Balears, Illes",ALIANZA DE CENTRO DEMOCRÁTICO - ALCD,0,0,Ministerio del Interior / fichero oficial aportado por el usuario,PRIMARY_INTERIOR
2016,2016-06-26,"7 - Balears, Illes",BNG-NÓS CANDIDATURA GALEGA - BNG-NÓS,0,0,Ministerio del Interior / fichero oficial aportado por el usuario,PRIMARY_INTERIOR
2016,2016-06-26,"7 - Balears, Illes",CIUDADANOS DE CENTRO DEMOCRÁTICO - CCD,0,0,Ministerio del Interior / fichero oficial aportado por el usuario,PRIMARY_INTERIOR
2016,2016-06-26,"7 - Balears, Illes",CIUDADANOS DE CENTRO DEMOCRÁTICO-CANDIDATURA INDEP - CCD-CI,0,0,Ministerio del Interior / fichero oficial aportado por el usuario,PRIMARY_INTERIOR
2016,2016-06-26,"7 - Balears, Illes",CIUDADANOS LIBRES UNIDOS - CILUS,0,0,Ministerio del Interior / fichero oficial aportado por el usuario,PRIMARY_INTERIOR
2016,2016-06-26,"7 - Balears, Illes",CIUDADANOS-PARTIDO DE LA CIUDADANÍA - C's,67700,1,Ministerio del Interior / fichero oficial aportado por el usuario,PRIMARY_INTERIOR
2016,2016-06-26,"7 - Balears, Illes","CIUTADANS, PARTIDO DE LA CIUDADANÍA - C's",0,0,Ministerio del Interior / fichero oficial aportado por el usuario,PRIMARY_INTERIOR
2016,2016-06-26,"7 - Balears, Illes",CIUTADANS-PARTIDO DE LA CIUDADANÍA - C's,0,0,Ministerio del Interior / fichero oficial aportado por el usuario,PRIMARY_INTERIOR
2016,2016-06-26,"7 - Balears, Illes",COALICIÓN CANARIA-PARTIDO NACIONALISTA CANARIO - CCa-PNC,0,0,Ministerio del Interior / fichero oficial aportado por el usuario,PRIMARY_INTERIOR
2016,2016-06-26,"7 - Balears, Illes",COMPROMÍS-PODEMOS-EUPV: A LA VALENCIANA - PODEMOS-COM,0,0,Ministerio del Interior / fichero oficial aportado por el usuario,PRIMARY_INTERIOR
2016,2016-06-26,"7 - Balears, Illes",COMUNISTAS DA GALIZA - PCPE,0,0,Ministerio del Interior / fichero oficial aportado por el usuario,PRIMARY_INTERIOR
2016,2016-06-26,"7 - Balears, Illes",COMUNISTAS DA GALIZA-PCPE - PCPE,0,0,Ministerio del Interior / fichero oficial aportado por el usuario,PRIMARY_INTERIOR
2016,2016-06-26,"7 - Balears, Illes",CONVERGÈNCIA DEMOCRÀTICA DE CATALUNYA - CDC,0,0,Ministerio del Interior / fichero oficial aportado por el usuario,PRIMARY_INTERIOR
2016,2016-06-26,"7 - Balears, Illes",EN COMÚ PODEM-GUANYEM EL CANVI - ECP,0,0,Ministerio del Interior / fichero oficial aportado por el usuario,PRIMARY_INTERIOR
2016,2016-06-26,"7 - Balears, Illes",EN MAREA - PODEMOS-EN MAREA-ANOVA-EU,0,0,Ministerio del Interior / fichero oficial aportado por el usuario,PRIMARY_INTERIOR
2016,2016-06-26,"7 - Balears, Illes",ENTABAN - ENTABAN,0,0,Ministerio del Interior / fichero oficial aportado por el usuario,PRIMARY_INTERIOR
2016,2016-06-26,"7 - Balears, Illes",ESCANOS EN BRANCO - EB,0,0,Ministerio del Interior / fichero oficial aportado por el usuario,PRIMARY_INTERIOR
2016,2016-06-26,"7 - Balears, Illes",ESCAÑOS EN BLANCO - EB,0,0,Ministerio del Interior / fichero oficial aportado por el usuario,PRIMARY_INTERIOR
2016,2016-06-26,"7 - Balears, Illes",ESCAÑOS EN BLANCO-AULKI ZURIAK - EB-AZ,0,0,Ministerio del Interior / fichero oficial aportado por el usuario,PRIMARY_INTERIOR
2016,2016-06-26,"7 - Balears, Illes",ESQUERRA REPUBLICANA/CATALUNYA SÍ - ERC-CATSÍ,0,0,Ministerio del Interior / fichero oficial aportado por el usuario,PRIMARY_INTERIOR
2016,2016-06-26,"7 - Balears, Illes",EUSKAL HERRIA BILDU - EH Bildu,0,0,Ministerio del Interior / fichero oficial aportado por el usuario,PRIMARY_INTERIOR
2016,2016-06-26,"7 - Balears, Illes",EUZKO ALDERDI JELTZALEA-PARTIDO NACIONALISTA VASCO - EAJ-PNV,0,0,Ministerio del Interior / fichero oficial aportado por el usuario,PRIMARY_INTERIOR
2016,2016-06-26,"7 - Balears, Illes",FALANGE ESPAÑOLA DE LAS JONS - FE de las J,0,0,Ministerio del Interior / fichero oficial aportado por el usuario,PRIMARY_INTERIOR
2016,2016-06-26,"7 - Balears, Illes",FAMILIA Y VIDA - PFyV,846,0,Ministerio del Interior / fichero oficial aportado por el usuario,PRIMARY_INTERIOR
2016,2016-06-26,"7 - Balears, Illes",GEROA BAI - GBAI,0,0,Ministerio del Interior / fichero oficial aportado por el usuario,PRIMARY_INTERIOR
2016,2016-06-26,"7 - Balears, Illes",HEGOALDE RIOJA-LIBERTAD NAVARRA - HRTS-Ln,0,0,Ministerio del Interior / fichero oficial aportado por el usuario,PRIMARY_INTERIOR
2016,2016-06-26,"7 - Balears, Illes",INDEPENDIENTES POR ARAGÓN - INDEPENDIEN,0,0,Ministerio del Interior / fichero oficial aportado por el usuario,PRIMARY_INTERIOR
2016,2016-06-26,"7 - Balears, Illes",INICIATIVA MERINDADES DE CASTILLA - IMC,0,0,Ministerio del Interior / fichero oficial aportado por el usuario,PRIMARY_INTERIOR
2016,2016-06-26,"7 - Balears, Illes",IZQUIERDA ANTICAPITALISTA REVOLUCIONARIA - IZAR,0,0,Ministerio del Interior / fichero oficial aportado por el usuario,PRIMARY_INTERIOR
2016,2016-06-26,"7 - Balears, Illes",JUNTOS POR CANARIAS - JXC,0,0,Ministerio del Interior / fichero oficial aportado por el usuario,PRIMARY_INTERIOR
2016,2016-06-26,"7 - Balears, Illes",LA FALANGE - FE,0,0,Ministerio del Interior / fichero oficial aportado por el usuario,PRIMARY_INTERIOR
2016,2016-06-26,"7 - Balears, Illes",LA FUERZA DE LOS MAYORES DE ESPAÑA - FME,0,0,Ministerio del Interior / fichero oficial aportado por el usuario,PRIMARY_INTERIOR
2016,2016-06-26,"7 - Balears, Illes","LIBERTAD NAVARRA, LIBERTATE NAFARRA - Ln",0,0,Ministerio del Interior / fichero oficial aportado por el usuario,PRIMARY_INTERIOR
2016,2016-06-26,"7 - Balears, Illes",LOS VERDES-ECOPACIFISTAS - CENTRO MODERADO,0,0,Ministerio del Interior / fichero oficial aportado por el usuario,PRIMARY_INTERIOR
2016,2016-06-26,"7 - Balears, Illes",MOVIMIENTO ARAGONÉS SOCIAL - MAS,0,0,Ministerio del Interior / fichero oficial aportado por el usuario,PRIMARY_INTERIOR
2016,2016-06-26,"7 - Balears, Illes",PARTIDO ANIMALISTA CONTRA EL MALTRATO ANIMAL - PACMA,7266,0,Ministerio del Interior / fichero oficial aportado por el usuario,PRIMARY_INTERIOR
2016,2016-06-26,"7 - Balears, Illes",PARTIDO ANIMALISTA CONTRA O MALTRATO ANIMAL - PACMA,0,0,Ministerio del Interior / fichero oficial aportado por el usuario,PRIMARY_INTERIOR
2016,2016-06-26,"7 - Balears, Illes",PARTIDO COMUNISTA DE LOS PUEBLOS DE ESPAÑA - PCPE,0,0,Ministerio del Interior / fichero oficial aportado por el usuario,PRIMARY_INTERIOR
2016,2016-06-26,"7 - Balears, Illes",PARTIDO COMUNISTA DEL PUEBLO CANARIO - PCPC,0,0,Ministerio del Interior / fichero oficial aportado por el usuario,PRIMARY_INTERIOR
2016,2016-06-26,"7 - Balears, Illes",PARTIDO COMUNISTA OBRERO ESPAÑOL - PCOE,0,0,Ministerio del Interior / fichero oficial aportado por el usuario,PRIMARY_INTERIOR
2016,2016-06-26,"7 - Balears, Illes",PARTIDO DOS SOCIALISTAS DE GALICIA-PSOE - PSdeG-PSOE,0,0,Ministerio del Interior / fichero oficial aportado por el usuario,PRIMARY_INTERIOR
2016,2016-06-26,"7 - Balears, Illes",PARTIDO HUMANISTA - PH,0,0,Ministerio del Interior / fichero oficial aportado por el usuario,PRIMARY_INTERIOR
2016,2016-06-26,"7 - Balears, Illes",PARTIDO LIBERTARIO - P-LIB,0,0,Ministerio del Interior / fichero oficial aportado por el usuario,PRIMARY_INTERIOR
2016,2016-06-26,"7 - Balears, Illes",PARTIDO POPULAR - PP,163045,3,Ministerio del Interior / fichero oficial aportado por el usuario,PRIMARY_INTERIOR
2016,2016-06-26,"7 - Balears, Illes",PARTIDO POPULAR EN COALICIÓN CON EL PARTIDO ARAGON - PP-PAR,0,0,Ministerio del Interior / fichero oficial aportado por el usuario,PRIMARY_INTERIOR
2016,2016-06-26,"7 - Balears, Illes",PARTIDO POPULAR-FORO - PP-FORO,0,0,Ministerio del Interior / fichero oficial aportado por el usuario,PRIMARY_INTERIOR
2016,2016-06-26,"7 - Balears, Illes",PARTIDO POPULAR/PARTIT POPULAR - PP,0,0,Ministerio del Interior / fichero oficial aportado por el usuario,PRIMARY_INTERIOR
2016,2016-06-26,"7 - Balears, Illes",PARTIDO REGIONALISTA DEL PAÍS LEONÉS - PREPAL,0,0,Ministerio del Interior / fichero oficial aportado por el usuario,PRIMARY_INTERIOR
2016,2016-06-26,"7 - Balears, Illes",PARTIDO SOCIALISTA DE EUSKADI-EUSKADIKO EZKERRA(PSOE) - PSE-EE (PSOE),0,0,Ministerio del Interior / fichero oficial aportado por el usuario,PRIMARY_INTERIOR
2016,2016-06-26,"7 - Balears, Illes",PARTIDO SOCIALISTA OBRERO ESPAÑOL - PSOE,93363,2,Ministerio del Interior / fichero oficial aportado por el usuario,PRIMARY_INTERIOR
2016,2016-06-26,"7 - Balears, Illes",PARTIDO SOCIALISTA OBRERO ESPAÑOL-NUEVA CANARIAS - PSOE-NCa,0,0,Ministerio del Interior / fichero oficial aportado por el usuario,PRIMARY_INTERIOR
2016,2016-06-26,"7 - Balears, Illes",PARTIDO SOMOS ANDALUCES POR ANDALUCÍA Y LOS PUEBLO - AND,0,0,Ministerio del Interior / fichero oficial aportado por el usuario,PRIMARY_INTERIOR
2016,2016-06-26,"7 - Balears, Illes",PARTIDO UNIONISTA ESTADO DE ESPAÑA - PUEDE,0,0,Ministerio del Interior / fichero oficial aportado por el usuario,PRIMARY_INTERIOR
2016,2016-06-26,"7 - Balears, Illes",PARTIT ANIMALISTA CONTRA EL MALTRACTAMENT ANIMAL - PACMA,0,0,Ministerio del Interior / fichero oficial aportado por el usuario,PRIMARY_INTERIOR
2016,2016-06-26,"7 - Balears, Illes",PARTIT COMUNISTA DEL POBLE DE CATALUNYA - PCPC,0,0,Ministerio del Interior / fichero oficial aportado por el usuario,PRIMARY_INTERIOR
2016,2016-06-26,"7 - Balears, Illes",PARTIT COMUNISTA DELS POBLES D'ESPANYA - PCPE,0,0,Ministerio del Interior / fichero oficial aportado por el usuario,PRIMARY_INTERIOR
2016,2016-06-26,"7 - Balears, Illes",PARTIT DELS SOCIALISTES DE CATALUNYA - PSC-PSOE,0,0,Ministerio del Interior / fichero oficial aportado por el usuario,PRIMARY_INTERIOR
2016,2016-06-26,"7 - Balears, Illes",PLATAFORMA PER CATALUNYA - PxC,0,0,Ministerio del Interior / fichero oficial aportado por el usuario,PRIMARY_INTERIOR
2016,2016-06-26,"7 - Balears, Illes",RECORTES CERO-GRUPO VERDE - RECORTES CERO-GRUPO VERDE,1644,0,Ministerio del Interior / fichero oficial aportado por el usuario,PRIMARY_INTERIOR
2016,2016-06-26,"7 - Balears, Illes",RENOVACIO POLITICA - REPO,0,0,Ministerio del Interior / fichero oficial aportado por el usuario,PRIMARY_INTERIOR
2016,2016-06-26,"7 - Balears, Illes",SOBIRANIA PER A LES ILLES - SI,7418,0,Ministerio del Interior / fichero oficial aportado por el usuario,PRIMARY_INTERIOR
2016,2016-06-26,"7 - Balears, Illes",SOLIDARIDAD Y AUTOGESTIÓN INTERNACIONALISTA - SAIn,0,0,Ministerio del Interior / fichero oficial aportado por el usuario,PRIMARY_INTERIOR
2016,2016-06-26,"7 - Balears, Illes",SOM VALENCIANS - SOMVAL,0,0,Ministerio del Interior / fichero oficial aportado por el usuario,PRIMARY_INTERIOR
2016,2016-06-26,"7 - Balears, Illes",UNIDAD DEL PUEBLO - UNIDAD DEL PUEBLO,0,0,Ministerio del Interior / fichero oficial aportado por el usuario,PRIMARY_INTERIOR
2016,2016-06-26,"7 - Balears, Illes",UNIDOS PODEMOS - PODEMOS-IU-EQUO,0,0,Ministerio del Interior / fichero oficial aportado por el usuario,PRIMARY_INTERIOR
2016,2016-06-26,"7 - Balears, Illes",UNIDOS PODEMOS - PODEMOS-IU-EQUO-CLIAS,0,0,Ministerio del Interior / fichero oficial aportado por el usuario,PRIMARY_INTERIOR
2016,2016-06-26,"7 - Balears, Illes",UNIDOS PODEMOS - PODEMOS-IU-EQUO-IZCA,0,0,Ministerio del Interior / fichero oficial aportado por el usuario,PRIMARY_INTERIOR
2016,2016-06-26,"7 - Balears, Illes",UNIDOS PODEMOS - PODEMOS-IU-EQUO-SEGOVIEMOS,0,0,Ministerio del Interior / fichero oficial aportado por el usuario,PRIMARY_INTERIOR
2016,2016-06-26,"7 - Balears, Illes",UNIDOS PODEMOS - UNIDOS PODEMOS,0,0,Ministerio del Interior / fichero oficial aportado por el usuario,PRIMARY_INTERIOR
2016,2016-06-26,"7 - Balears, Illes",UNIDOS PODEMOS EN ALTO ARAGÓN - PODEMOS-IU-,0,0,Ministerio del Interior / fichero oficial aportado por el usuario,PRIMARY_INTERIOR
2016,2016-06-26,"7 - Balears, Illes",UNIDOS PODEMOS EN ARAGÓN - PODEMOS-IU-,0,0,Ministerio del Interior / fichero oficial aportado por el usuario,PRIMARY_INTERIOR
2016,2016-06-26,"7 - Balears, Illes",UNIDOS PODEMOS POR ANDALUCÍA - PODEMOS-IU-,0,0,Ministerio del Interior / fichero oficial aportado por el usuario,PRIMARY_INTERIOR
2016,2016-06-26,"7 - Balears, Illes",UNIDOS PODEMOS-ELKARREKIN AHAL DUGU - PODEMOS-IU-EQUO-BATZARRE,0,0,Ministerio del Interior / fichero oficial aportado por el usuario,PRIMARY_INTERIOR
2016,2016-06-26,"7 - Balears, Illes",UNIDOS PODEMOS/ELKARREKIN AHAL DUGU - PODEMOS/AHAL DUGU-IU-EQUO,0,0,Ministerio del Interior / fichero oficial aportado por el usuario,PRIMARY_INTERIOR
2016,2016-06-26,"7 - Balears, Illes",UNIDOS PODEMOS/XUNÍOS PODEMOS - PODEMOS-IU-,0,0,Ministerio del Interior / fichero oficial aportado por el usuario,PRIMARY_INTERIOR
2016,2016-06-26,"7 - Balears, Illes",UNITS PODEM MÉS - PODEMOS-EUI,118082,2,Ministerio del Interior / fichero oficial aportado por el usuario,PRIMARY_INTERIOR
2016,2016-06-26,"7 - Balears, Illes",UNIÓN DE TODOS - UDT,0,0,Ministerio del Interior / fichero oficial aportado por el usuario,PRIMARY_INTERIOR
2016,2016-06-26,"7 - Balears, Illes",UNIÓN DEL PUEBLO LEONÉS - UPL,0,0,Ministerio del Interior / fichero oficial aportado por el usuario,PRIMARY_INTERIOR
2016,2016-06-26,"7 - Balears, Illes",UNIÓN DEL PUEBLO NAVARRO EN COALICIÓN CON EL PARTI - UPN-PP,0,0,Ministerio del Interior / fichero oficial aportado por el usuario,PRIMARY_INTERIOR
2016,2016-06-26,"7 - Balears, Illes",UNIÓN PROGRESO Y DEMOCRACIA - UPyD,1197,0,Ministerio del Interior / fichero oficial aportado por el usuario,PRIMARY_INTERIOR
2016,2016-06-26,"7 - Balears, Illes",VOX - VOX,0,0,Ministerio del Interior / fichero oficial aportado por el usuario,PRIMARY_INTERIOR
2016,2016-06-26,8 - Barcelona,ALIANZA DE CENTRO DEMOCRÁTICO - ALCD,0,0,Ministerio del Interior / fichero oficial aportado por el usuario,PRIMARY_INTERIOR
2016,2016-06-26,8 - Barcelona,BNG-NÓS CANDIDATURA GALEGA - BNG-NÓS,0,0,Ministerio del Interior / fichero oficial aportado por el usuario,PRIMARY_INTERIOR
2016,2016-06-26,8 - Barcelona,CIUDADANOS DE CENTRO DEMOCRÁTICO - CCD,0,0,Ministerio del Interior / fichero oficial aportado por el usuario,PRIMARY_INTERIOR
2016,2016-06-26,8 - Barcelona,CIUDADANOS DE CENTRO DEMOCRÁTICO-CANDIDATURA INDEP - CCD-CI,0,0,Ministerio del Interior / fichero oficial aportado por el usuario,PRIMARY_INTERIOR
2016,2016-06-26,8 - Barcelona,CIUDADANOS LIBRES UNIDOS - CILUS,0,0,Ministerio del Interior / fichero oficial aportado por el usuario,PRIMARY_INTERIOR
2016,2016-06-26,8 - Barcelona,CIUDADANOS-PARTIDO DE LA CIUDADANÍA - C's,0,0,Ministerio del Interior / fichero oficial aportado por el usuario,PRIMARY_INTERIOR
2016,2016-06-26,8 - Barcelona,"CIUTADANS, PARTIDO DE LA CIUDADANÍA - C's",305075,4,Ministerio del Interior / fichero oficial aportado por el usuario,PRIMARY_INTERIOR
2016,2016-06-26,8 - Barcelona,CIUTADANS-PARTIDO DE LA CIUDADANÍA - C's,0,0,Ministerio del Interior / fichero oficial aportado por el usuario,PRIMARY_INTERIOR
2016,2016-06-26,8 - Barcelona,COALICIÓN CANARIA-PARTIDO NACIONALISTA CANARIO - CCa-PNC,0,0,Ministerio del Interior / fichero oficial aportado por el usuario,PRIMARY_INTERIOR
2016,2016-06-26,8 - Barcelona,COMPROMÍS-PODEMOS-EUPV: A LA VALENCIANA - PODEMOS-COM,0,0,Ministerio del Interior / fichero oficial aportado por el usuario,PRIMARY_INTERIOR
2016,2016-06-26,8 - Barcelona,COMUNISTAS DA GALIZA - PCPE,0,0,Ministerio del Interior / fichero oficial aportado por el usuario,PRIMARY_INTERIOR
2016,2016-06-26,8 - Barcelona,COMUNISTAS DA GALIZA-PCPE - PCPE,0,0,Ministerio del Interior / fichero oficial aportado por el usuario,PRIMARY_INTERIOR
2016,2016-06-26,8 - Barcelona,CONVERGÈNCIA DEMOCRÀTICA DE CATALUNYA - CDC,323824,4,Ministerio del Interior / fichero oficial aportado por el usuario,PRIMARY_INTERIOR
2016,2016-06-26,8 - Barcelona,EN COMÚ PODEM-GUANYEM EL CANVI - ECP,694315,9,Ministerio del Interior / fichero oficial aportado por el usuario,PRIMARY_INTERIOR
2016,2016-06-26,8 - Barcelona,EN MAREA - PODEMOS-EN MAREA-ANOVA-EU,0,0,Ministerio del Interior / fichero oficial aportado por el usuario,PRIMARY_INTERIOR
2016,2016-06-26,8 - Barcelona,ENTABAN - ENTABAN,0,0,Ministerio del Interior / fichero oficial aportado por el usuario,PRIMARY_INTERIOR
2016,2016-06-26,8 - Barcelona,ESCANOS EN BRANCO - EB,0,0,Ministerio del Interior / fichero oficial aportado por el usuario,PRIMARY_INTERIOR
2016,2016-06-26,8 - Barcelona,ESCAÑOS EN BLANCO - EB,0,0,Ministerio del Interior / fichero oficial aportado por el usuario,PRIMARY_INTERIOR
2016,2016-06-26,8 - Barcelona,ESCAÑOS EN BLANCO-AULKI ZURIAK - EB-AZ,0,0,Ministerio del Interior / fichero oficial aportado por el usuario,PRIMARY_INTERIOR
2016,2016-06-26,8 - Barcelona,ESQUERRA REPUBLICANA/CATALUNYA SÍ - ERC-CATSÍ,438126,5,Ministerio del Interior / fichero oficial aportado por el usuario,PRIMARY_INTERIOR
2016,2016-06-26,8 - Barcelona,EUSKAL HERRIA BILDU - EH Bildu,0,0,Ministerio del Interior / fichero oficial aportado por el usuario,PRIMARY_INTERIOR
2016,2016-06-26,8 - Barcelona,EUZKO ALDERDI JELTZALEA-PARTIDO NACIONALISTA VASCO - EAJ-PNV,0,0,Ministerio del Interior / fichero oficial aportado por el usuario,PRIMARY_INTERIOR
2016,2016-06-26,8 - Barcelona,FALANGE ESPAÑOLA DE LAS JONS - FE de las J,0,0,Ministerio del Interior / fichero oficial aportado por el usuario,PRIMARY_INTERIOR
2016,2016-06-26,8 - Barcelona,FAMILIA Y VIDA - PFyV,0,0,Ministerio del Interior / fichero oficial aportado por el usuario,PRIMARY_INTERIOR
2016,2016-06-26,8 - Barcelona,GEROA BAI - GBAI,0,0,Ministerio del Interior / fichero oficial aportado por el usuario,PRIMARY_INTERIOR
2016,2016-06-26,8 - Barcelona,HEGOALDE RIOJA-LIBERTAD NAVARRA - HRTS-Ln,0,0,Ministerio del Interior / fichero oficial aportado por el usuario,PRIMARY_INTERIOR
2016,2016-06-26,8 - Barcelona,INDEPENDIENTES POR ARAGÓN - INDEPENDIEN,0,0,Ministerio del Interior / fichero oficial aportado por el usuario,PRIMARY_INTERIOR
2016,2016-06-26,8 - Barcelona,INICIATIVA MERINDADES DE CASTILLA - IMC,0,0,Ministerio del Interior / fichero oficial aportado por el usuario,PRIMARY_INTERIOR
2016,2016-06-26,8 - Barcelona,IZQUIERDA ANTICAPITALISTA REVOLUCIONARIA - IZAR,0,0,Ministerio del Interior / fichero oficial aportado por el usuario,PRIMARY_INTERIOR
2016,2016-06-26,8 - Barcelona,JUNTOS POR CANARIAS - JXC,0,0,Ministerio del Interior / fichero oficial aportado por el usuario,PRIMARY_INTERIOR
2016,2016-06-26,8 - Barcelona,LA FALANGE - FE,0,0,Ministerio del Interior / fichero oficial aportado por el usuario,PRIMARY_INTERIOR
2016,2016-06-26,8 - Barcelona,LA FUERZA DE LOS MAYORES DE ESPAÑA - FME,0,0,Ministerio del Interior / fichero oficial aportado por el usuario,PRIMARY_INTERIOR
2016,2016-06-26,8 - Barcelona,"LIBERTAD NAVARRA, LIBERTATE NAFARRA - Ln",0,0,Ministerio del Interior / fichero oficial aportado por el usuario,PRIMARY_INTERIOR
2016,2016-06-26,8 - Barcelona,LOS VERDES-ECOPACIFISTAS - CENTRO MODERADO,0,0,Ministerio del Interior / fichero oficial aportado por el usuario,PRIMARY_INTERIOR
2016,2016-06-26,8 - Barcelona,MOVIMIENTO ARAGONÉS SOCIAL - MAS,0,0,Ministerio del Interior / fichero oficial aportado por el usuario,PRIMARY_INTERIOR
2016,2016-06-26,8 - Barcelona,PARTIDO ANIMALISTA CONTRA EL MALTRATO ANIMAL - PACMA,0,0,Ministerio del Interior / fichero oficial aportado por el usuario,PRIMARY_INTERIOR
2016,2016-06-26,8 - Barcelona,PARTIDO ANIMALISTA CONTRA O MALTRATO ANIMAL - PACMA,0,0,Ministerio del Interior / fichero oficial aportado por el usuario,PRIMARY_INTERIOR
2016,2016-06-26,8 - Barcelona,PARTIDO COMUNISTA DE LOS PUEBLOS DE ESPAÑA - PCPE,0,0,Ministerio del Interior / fichero oficial aportado por el usuario,PRIMARY_INTERIOR
2016,2016-06-26,8 - Barcelona,PARTIDO COMUNISTA DEL PUEBLO CANARIO - PCPC,0,0,Ministerio del Interior / fichero oficial aportado por el usuario,PRIMARY_INTERIOR
2016,2016-06-26,8 - Barcelona,PARTIDO COMUNISTA OBRERO ESPAÑOL - PCOE,0,0,Ministerio del Interior / fichero oficial aportado por el usuario,PRIMARY_INTERIOR
2016,2016-06-26,8 - Barcelona,PARTIDO DOS SOCIALISTAS DE GALICIA-PSOE - PSdeG-PSOE,0,0,Ministerio del Interior / fichero oficial aportado por el usuario,PRIMARY_INTERIOR
2016,2016-06-26,8 - Barcelona,PARTIDO HUMANISTA - PH,0,0,Ministerio del Interior / fichero oficial aportado por el usuario,PRIMARY_INTERIOR
2016,2016-06-26,8 - Barcelona,PARTIDO LIBERTARIO - P-LIB,0,0,Ministerio del Interior / fichero oficial aportado por el usuario,PRIMARY_INTERIOR
2016,2016-06-26,8 - Barcelona,PARTIDO POPULAR - PP,0,0,Ministerio del Interior / fichero oficial aportado por el usuario,PRIMARY_INTERIOR
2016,2016-06-26,8 - Barcelona,PARTIDO POPULAR EN COALICIÓN CON EL PARTIDO ARAGON - PP-PAR,0,0,Ministerio del Interior / fichero oficial aportado por el usuario,PRIMARY_INTERIOR
2016,2016-06-26,8 - Barcelona,PARTIDO POPULAR-FORO - PP-FORO,0,0,Ministerio del Interior / fichero oficial aportado por el usuario,PRIMARY_INTERIOR
2016,2016-06-26,8 - Barcelona,PARTIDO POPULAR/PARTIT POPULAR - PP,357759,4,Ministerio del Interior / fichero oficial aportado por el usuario,PRIMARY_INTERIOR
2016,2016-06-26,8 - Barcelona,PARTIDO REGIONALISTA DEL PAÍS LEONÉS - PREPAL,0,0,Ministerio del Interior / fichero oficial aportado por el usuario,PRIMARY_INTERIOR
2016,2016-06-26,8 - Barcelona,PARTIDO SOCIALISTA DE EUSKADI-EUSKADIKO EZKERRA(PSOE) - PSE-EE (PSOE),0,0,Ministerio del Interior / fichero oficial aportado por el usuario,PRIMARY_INTERIOR
2016,2016-06-26,8 - Barcelona,PARTIDO SOCIALISTA OBRERO ESPAÑOL - PSOE,0,0,Ministerio del Interior / fichero oficial aportado por el usuario,PRIMARY_INTERIOR
2016,2016-06-26,8 - Barcelona,PARTIDO SOCIALISTA OBRERO ESPAÑOL-NUEVA CANARIAS - PSOE-NCa,0,0,Ministerio del Interior / fichero oficial aportado por el usuario,PRIMARY_INTERIOR
2016,2016-06-26,8 - Barcelona,PARTIDO SOMOS ANDALUCES POR ANDALUCÍA Y LOS PUEBLO - AND,0,0,Ministerio del Interior / fichero oficial aportado por el usuario,PRIMARY_INTERIOR
2016,2016-06-26,8 - Barcelona,PARTIDO UNIONISTA ESTADO DE ESPAÑA - PUEDE,0,0,Ministerio del Interior / fichero oficial aportado por el usuario,PRIMARY_INTERIOR
2016,2016-06-26,8 - Barcelona,PARTIT ANIMALISTA CONTRA EL MALTRACTAMENT ANIMAL - PACMA,47660,0,Ministerio del Interior / fichero oficial aportado por el usuario,PRIMARY_INTERIOR
2016,2016-06-26,8 - Barcelona,PARTIT COMUNISTA DEL POBLE DE CATALUNYA - PCPC,3275,0,Ministerio del Interior / fichero oficial aportado por el usuario,PRIMARY_INTERIOR
2016,2016-06-26,8 - Barcelona,PARTIT COMUNISTA DELS POBLES D'ESPANYA - PCPE,0,0,Ministerio del Interior / fichero oficial aportado por el usuario,PRIMARY_INTERIOR
2016,2016-06-26,8 - Barcelona,PARTIT DELS SOCIALISTES DE CATALUNYA - PSC-PSOE,444812,5,Ministerio del Interior / fichero oficial aportado por el usuario,PRIMARY_INTERIOR
2016,2016-06-26,8 - Barcelona,PLATAFORMA PER CATALUNYA - PxC,0,0,Ministerio del Interior / fichero oficial aportado por el usuario,PRIMARY_INTERIOR
2016,2016-06-26,8 - Barcelona,RECORTES CERO-GRUPO VERDE - RECORTES CERO-GRUPO VERDE,8006,0,Ministerio del Interior / fichero oficial aportado por el usuario,PRIMARY_INTERIOR
2016,2016-06-26,8 - Barcelona,RENOVACIO POLITICA - REPO,0,0,Ministerio del Interior / fichero oficial aportado por el usuario,PRIMARY_INTERIOR
2016,2016-06-26,8 - Barcelona,SOBIRANIA PER A LES ILLES - SI,0,0,Ministerio del Interior / fichero oficial aportado por el usuario,PRIMARY_INTERIOR
2016,2016-06-26,8 - Barcelona,SOLIDARIDAD Y AUTOGESTIÓN INTERNACIONALISTA - SAIn,0,0,Ministerio del Interior / fichero oficial aportado por el usuario,PRIMARY_INTERIOR
2016,2016-06-26,8 - Barcelona,SOM VALENCIANS - SOMVAL,0,0,Ministerio del Interior / fichero oficial aportado por el usuario,PRIMARY_INTERIOR
2016,2016-06-26,8 - Barcelona,UNIDAD DEL PUEBLO - UNIDAD DEL PUEBLO,0,0,Ministerio del Interior / fichero oficial aportado por el usuario,PRIMARY_INTERIOR
2016,2016-06-26,8 - Barcelona,UNIDOS PODEMOS - PODEMOS-IU-EQUO,0,0,Ministerio del Interior / fichero oficial aportado por el usuario,PRIMARY_INTERIOR
2016,2016-06-26,8 - Barcelona,UNIDOS PODEMOS - PODEMOS-IU-EQUO-CLIAS,0,0,Ministerio del Interior / fichero oficial aportado por el usuario,PRIMARY_INTERIOR
2016,2016-06-26,8 - Barcelona,UNIDOS PODEMOS - PODEMOS-IU-EQUO-IZCA,0,0,Ministerio del Interior / fichero oficial aportado por el usuario,PRIMARY_INTERIOR
2016,2016-06-26,8 - Barcelona,UNIDOS PODEMOS - PODEMOS-IU-EQUO-SEGOVIEMOS,0,0,Ministerio del Interior / fichero oficial aportado por el usuario,PRIMARY_INTERIOR
2016,2016-06-26,8 - Barcelona,UNIDOS PODEMOS - UNIDOS PODEMOS,0,0,Ministerio del Interior / fichero oficial aportado por el usuario,PRIMARY_INTERIOR
2016,2016-06-26,8 - Barcelona,UNIDOS PODEMOS EN ALTO ARAGÓN - PODEMOS-IU-,0,0,Ministerio del Interior / fichero oficial aportado por el usuario,PRIMARY_INTERIOR
2016,2016-06-26,8 - Barcelona,UNIDOS PODEMOS EN ARAGÓN - PODEMOS-IU-,0,0,Ministerio del Interior / fichero oficial aportado por el usuario,PRIMARY_INTERIOR
2016,2016-06-26,8 - Barcelona,UNIDOS PODEMOS POR ANDALUCÍA - PODEMOS-IU-,0,0,Ministerio del Interior / fichero oficial aportado por el usuario,PRIMARY_INTERIOR
2016,2016-06-26,8 - Barcelona,UNIDOS PODEMOS-ELKARREKIN AHAL DUGU - PODEMOS-IU-EQUO-BATZARRE,0,0,Ministerio del Interior / fichero oficial aportado por el usuario,PRIMARY_INTERIOR
2016,2016-06-26,8 - Barcelona,UNIDOS PODEMOS/ELKARREKIN AHAL DUGU - PODEMOS/AHAL DUGU-IU-EQUO,0,0,Ministerio del Interior / fichero oficial aportado por el usuario,PRIMARY_INTERIOR
2016,2016-06-26,8 - Barcelona,UNIDOS PODEMOS/XUNÍOS PODEMOS - PODEMOS-IU-,0,0,Ministerio del Interior / fichero oficial aportado por el usuario,PRIMARY_INTERIOR
2016,2016-06-26,8 - Barcelona,UNITS PODEM MÉS - PODEMOS-EUI,0,0,Ministerio del Interior / fichero oficial aportado por el usuario,PRIMARY_INTERIOR
2016,2016-06-26,8 - Barcelona,UNIÓN DE TODOS - UDT,0,0,Ministerio del Interior / fichero oficial aportado por el usuario,PRIMARY_INTERIOR
2016,2016-06-26,8 - Barcelona,UNIÓN DEL PUEBLO LEONÉS - UPL,0,0,Ministerio del Interior / fichero oficial aportado por el usuario,PRIMARY_INTERIOR
2016,2016-06-26,8 - Barcelona,UNIÓN DEL PUEBLO NAVARRO EN COALICIÓN CON EL PARTI - UPN-PP,0,0,Ministerio del Interior / fichero oficial aportado por el usuario,PRIMARY_INTERIOR
2016,2016-06-26,8 - Barcelona,UNIÓN PROGRESO Y DEMOCRACIA - UPyD,0,0,Ministerio del Interior / fichero oficial aportado por el usuario,PRIMARY_INTERIOR
2016,2016-06-26,8 - Barcelona,VOX - VOX,0,0,Ministerio del Interior / fichero oficial aportado por el usuario,PRIMARY_INTERIOR
2016,2016-06-26,9 - Burgos,ALIANZA DE CENTRO DEMOCRÁTICO - ALCD,0,0,Ministerio del Interior / fichero oficial aportado por el usuario,PRIMARY_INTERIOR
2016,2016-06-26,9 - Burgos,BNG-NÓS CANDIDATURA GALEGA - BNG-NÓS,0,0,Ministerio del Interior / fichero oficial aportado por el usuario,PRIMARY_INTERIOR
2016,2016-06-26,9 - Burgos,CIUDADANOS DE CENTRO DEMOCRÁTICO - CCD,0,0,Ministerio del Interior / fichero oficial aportado por el usuario,PRIMARY_INTERIOR
2016,2016-06-26,9 - Burgos,CIUDADANOS DE CENTRO DEMOCRÁTICO-CANDIDATURA INDEP - CCD-CI,0,0,Ministerio del Interior / fichero oficial aportado por el usuario,PRIMARY_INTERIOR
2016,2016-06-26,9 - Burgos,CIUDADANOS LIBRES UNIDOS - CILUS,0,0,Ministerio del Interior / fichero oficial aportado por el usuario,PRIMARY_INTERIOR
2016,2016-06-26,9 - Burgos,CIUDADANOS-PARTIDO DE LA CIUDADANÍA - C's,30361,0,Ministerio del Interior / fichero oficial aportado por el usuario,PRIMARY_INTERIOR
2016,2016-06-26,9 - Burgos,"CIUTADANS, PARTIDO DE LA CIUDADANÍA - C's",0,0,Ministerio del Interior / fichero oficial aportado por el usuario,PRIMARY_INTERIOR
2016,2016-06-26,9 - Burgos,CIUTADANS-PARTIDO DE LA CIUDADANÍA - C's,0,0,Ministerio del Interior / fichero oficial aportado por el usuario,PRIMARY_INTERIOR
2016,2016-06-26,9 - Burgos,COALICIÓN CANARIA-PARTIDO NACIONALISTA CANARIO - CCa-PNC,0,0,Ministerio del Interior / fichero oficial aportado por el usuario,PRIMARY_INTERIOR
2016,2016-06-26,9 - Burgos,COMPROMÍS-PODEMOS-EUPV: A LA VALENCIANA - PODEMOS-COM,0,0,Ministerio del Interior / fichero oficial aportado por el usuario,PRIMARY_INTERIOR
2016,2016-06-26,9 - Burgos,COMUNISTAS DA GALIZA - PCPE,0,0,Ministerio del Interior / fichero oficial aportado por el usuario,PRIMARY_INTERIOR
2016,2016-06-26,9 - Burgos,COMUNISTAS DA GALIZA-PCPE - PCPE,0,0,Ministerio del Interior / fichero oficial aportado por el usuario,PRIMARY_INTERIOR
2016,2016-06-26,9 - Burgos,CONVERGÈNCIA DEMOCRÀTICA DE CATALUNYA - CDC,0,0,Ministerio del Interior / fichero oficial aportado por el usuario,PRIMARY_INTERIOR
2016,2016-06-26,9 - Burgos,EN COMÚ PODEM-GUANYEM EL CANVI - ECP,0,0,Ministerio del Interior / fichero oficial aportado por el usuario,PRIMARY_INTERIOR
2016,2016-06-26,9 - Burgos,EN MAREA - PODEMOS-EN MAREA-ANOVA-EU,0,0,Ministerio del Interior / fichero oficial aportado por el usuario,PRIMARY_INTERIOR
2016,2016-06-26,9 - Burgos,ENTABAN - ENTABAN,0,0,Ministerio del Interior / fichero oficial aportado por el usuario,PRIMARY_INTERIOR
2016,2016-06-26,9 - Burgos,ESCANOS EN BRANCO - EB,0,0,Ministerio del Interior / fichero oficial aportado por el usuario,PRIMARY_INTERIOR
2016,2016-06-26,9 - Burgos,ESCAÑOS EN BLANCO - EB,0,0,Ministerio del Interior / fichero oficial aportado por el usuario,PRIMARY_INTERIOR
2016,2016-06-26,9 - Burgos,ESCAÑOS EN BLANCO-AULKI ZURIAK - EB-AZ,0,0,Ministerio del Interior / fichero oficial aportado por el usuario,PRIMARY_INTERIOR
2016,2016-06-26,9 - Burgos,ESQUERRA REPUBLICANA/CATALUNYA SÍ - ERC-CATSÍ,0,0,Ministerio del Interior / fichero oficial aportado por el usuario,PRIMARY_INTERIOR
2016,2016-06-26,9 - Burgos,EUSKAL HERRIA BILDU - EH Bildu,0,0,Ministerio del Interior / fichero oficial aportado por el usuario,PRIMARY_INTERIOR
2016,2016-06-26,9 - Burgos,EUZKO ALDERDI JELTZALEA-PARTIDO NACIONALISTA VASCO - EAJ-PNV,0,0,Ministerio del Interior / fichero oficial aportado por el usuario,PRIMARY_INTERIOR
2016,2016-06-26,9 - Burgos,FALANGE ESPAÑOLA DE LAS JONS - FE de las J,0,0,Ministerio del Interior / fichero oficial aportado por el usuario,PRIMARY_INTERIOR
2016,2016-06-26,9 - Burgos,FAMILIA Y VIDA - PFyV,0,0,Ministerio del Interior / fichero oficial aportado por el usuario,PRIMARY_INTERIOR
2016,2016-06-26,9 - Burgos,GEROA BAI - GBAI,0,0,Ministerio del Interior / fichero oficial aportado por el usuario,PRIMARY_INTERIOR
2016,2016-06-26,9 - Burgos,HEGOALDE RIOJA-LIBERTAD NAVARRA - HRTS-Ln,0,0,Ministerio del Interior / fichero oficial aportado por el usuario,PRIMARY_INTERIOR
2016,2016-06-26,9 - Burgos,INDEPENDIENTES POR ARAGÓN - INDEPENDIEN,0,0,Ministerio del Interior / fichero oficial aportado por el usuario,PRIMARY_INTERIOR
2016,2016-06-26,9 - Burgos,INICIATIVA MERINDADES DE CASTILLA - IMC,356,0,Ministerio del Interior / fichero oficial aportado por el usuario,PRIMARY_INTERIOR
2016,2016-06-26,9 - Burgos,IZQUIERDA ANTICAPITALISTA REVOLUCIONARIA - IZAR,0,0,Ministerio del Interior / fichero oficial aportado por el usuario,PRIMARY_INTERIOR
2016,2016-06-26,9 - Burgos,JUNTOS POR CANARIAS - JXC,0,0,Ministerio del Interior / fichero oficial aportado por el usuario,PRIMARY_INTERIOR
2016,2016-06-26,9 - Burgos,LA FALANGE - FE,0,0,Ministerio del Interior / fichero oficial aportado por el usuario,PRIMARY_INTERIOR
2016,2016-06-26,9 - Burgos,LA FUERZA DE LOS MAYORES DE ESPAÑA - FME,0,0,Ministerio del Interior / fichero oficial aportado por el usuario,PRIMARY_INTERIOR
2016,2016-06-26,9 - Burgos,"LIBERTAD NAVARRA, LIBERTATE NAFARRA - Ln",0,0,Ministerio del Interior / fichero oficial aportado por el usuario,PRIMARY_INTERIOR
2016,2016-06-26,9 - Burgos,LOS VERDES-ECOPACIFISTAS - CENTRO MODERADO,0,0,Ministerio del Interior / fichero oficial aportado por el usuario,PRIMARY_INTERIOR
2016,2016-06-26,9 - Burgos,MOVIMIENTO ARAGONÉS SOCIAL - MAS,0,0,Ministerio del Interior / fichero oficial aportado por el usuario,PRIMARY_INTERIOR
2016,2016-06-26,9 - Burgos,PARTIDO ANIMALISTA CONTRA EL MALTRATO ANIMAL - PACMA,1782,0,Ministerio del Interior / fichero oficial aportado por el usuario,PRIMARY_INTERIOR
2016,2016-06-26,9 - Burgos,PARTIDO ANIMALISTA CONTRA O MALTRATO ANIMAL - PACMA,0,0,Ministerio del Interior / fichero oficial aportado por el usuario,PRIMARY_INTERIOR
2016,2016-06-26,9 - Burgos,PARTIDO COMUNISTA DE LOS PUEBLOS DE ESPAÑA - PCPE,287,0,Ministerio del Interior / fichero oficial aportado por el usuario,PRIMARY_INTERIOR
2016,2016-06-26,9 - Burgos,PARTIDO COMUNISTA DEL PUEBLO CANARIO - PCPC,0,0,Ministerio del Interior / fichero oficial aportado por el usuario,PRIMARY_INTERIOR
2016,2016-06-26,9 - Burgos,PARTIDO COMUNISTA OBRERO ESPAÑOL - PCOE,0,0,Ministerio del Interior / fichero oficial aportado por el usuario,PRIMARY_INTERIOR
2016,2016-06-26,9 - Burgos,PARTIDO DOS SOCIALISTAS DE GALICIA-PSOE - PSdeG-PSOE,0,0,Ministerio del Interior / fichero oficial aportado por el usuario,PRIMARY_INTERIOR
2016,2016-06-26,9 - Burgos,PARTIDO HUMANISTA - PH,0,0,Ministerio del Interior / fichero oficial aportado por el usuario,PRIMARY_INTERIOR
2016,2016-06-26,9 - Burgos,PARTIDO LIBERTARIO - P-LIB,0,0,Ministerio del Interior / fichero oficial aportado por el usuario,PRIMARY_INTERIOR
2016,2016-06-26,9 - Burgos,PARTIDO POPULAR - PP,88785,2,Ministerio del Interior / fichero oficial aportado por el usuario,PRIMARY_INTERIOR