2015,2015-12-20,26 - La Rioja,"CIUDADANOS, PARTIDO DE LA CIUDADANÍA - C's",0,0,Ministerio del Interior / portal oficial de datos abiertos,PRIMARY_OFFICIAL
2015,2015-12-20,26 - La Rioja,"CIUDADANOS, PARTIDO DE LA CIUDADANÍA - C´s",0,0,Ministerio del Interior / portal oficial de datos abiertos,PRIMARY_OFFICIAL
2015,2015-12-20,26 - La Rioja,CIUDADANOS-PARTIDO DE LA CIUDADANÍA (C's) - C's,0,0,Ministerio del Interior / portal oficial de datos abiertos,PRIMARY_OFFICIAL
2015,2015-12-20,26 - La Rioja,CIUDADANOS-PARTIDO DE LA CIUDADANÍA - C's,26812,0,Ministerio del Interior / portal oficial de datos abiertos,PRIMARY_OFFICIAL
2015,2015-12-20,26 - La Rioja,CIUDADANOS-PARTIDO DE LA CIUDADANÍA - C´s,0,0,Ministerio del Interior / portal oficial de datos abiertos,PRIMARY_OFFICIAL
2015,2015-12-20,26 - La Rioja,CIUTADANS - PARTIDO DE LA CIUDADANÍA - C's,0,0,Ministerio del Interior / portal oficial de datos abiertos,PRIMARY_OFFICIAL
2015,2015-12-20,26 - La Rioja,CIUTADANS-PARTIDO DE LA CIUDADANÍA - C's,0,0,Ministerio del Interior / portal oficial de datos abiertos,PRIMARY_OFFICIAL
2015,2015-12-20,26 - La Rioja,COALICIÓN CANARIA - PARTIDO NACIONALISTA CANARIO - CCa-PNC,0,0,Ministerio del Interior / portal oficial de datos abiertos,PRIMARY_OFFICIAL
2015,2015-12-20,26 - La Rioja,COALICIÓN CANARIA-PARTIDO NACIONALISTA CANARIO - CCa-PNC,0,0,Ministerio del Interior / portal oficial de datos abiertos,PRIMARY_OFFICIAL
2015,2015-12-20,26 - La Rioja,COMPROMÍS-PODEMOS-ÉS EL MOMENT - PODEMOS - C,0,0,Ministerio del Interior / portal oficial de datos abiertos,PRIMARY_OFFICIAL
2015,2015-12-20,26 - La Rioja,COMPROMÍS-PODEMOS-ÉS EL MOMENT - PODEMOS-COM,0,0,Ministerio del Interior / portal oficial de datos abiertos,PRIMARY_OFFICIAL
2015,2015-12-20,26 - La Rioja,COMUNISTAS DA GALIZA - PCPE,0,0,Ministerio del Interior / portal oficial de datos abiertos,PRIMARY_OFFICIAL
2015,2015-12-20,26 - La Rioja,COMUNISTAS DA GALIZA-PCPE - PCPE,0,0,Ministerio del Interior / portal oficial de datos abiertos,PRIMARY_OFFICIAL
2015,2015-12-20,26 - La Rioja,DEMOCRACIA NACIONAL - DN,0,0,Ministerio del Interior / portal oficial de datos abiertos,PRIMARY_OFFICIAL
2015,2015-12-20,26 - La Rioja,DEMOCRÀCIA I LLIBERTAT. CONVERGÈNCIA. DEMÒCRATES. - DL,0,0,Ministerio del Interior / portal oficial de datos abiertos,PRIMARY_OFFICIAL
2015,2015-12-20,26 - La Rioja,EL PI - PROPOSTA PER LES ILLES - EL PI,0,0,Ministerio del Interior / portal oficial de datos abiertos,PRIMARY_OFFICIAL
2015,2015-12-20,26 - La Rioja,EN COMÚ PODEM - EN COMÚ,0,0,Ministerio del Interior / portal oficial de datos abiertos,PRIMARY_OFFICIAL
2015,2015-12-20,26 - La Rioja,EN MAREA - PODEMOS-EN,0,0,Ministerio del Interior / portal oficial de datos abiertos,PRIMARY_OFFICIAL
2015,2015-12-20,26 - La Rioja,EN MAREA - PODEMOS-En,0,0,Ministerio del Interior / portal oficial de datos abiertos,PRIMARY_OFFICIAL
2015,2015-12-20,26 - La Rioja,EN POSITIU - EN POSITIU,0,0,Ministerio del Interior / portal oficial de datos abiertos,PRIMARY_OFFICIAL
2015,2015-12-20,26 - La Rioja,ESCAÑOS EN BLANCO - AULKI ZURIAK - EB - AZ,0,0,Ministerio del Interior / portal oficial de datos abiertos,PRIMARY_OFFICIAL
2015,2015-12-20,26 - La Rioja,ESCAÑOS EN BLANCO - EB,362,0,Ministerio del Interior / portal oficial de datos abiertos,PRIMARY_OFFICIAL
2015,2015-12-20,26 - La Rioja,ESCAÑOS EN BLANCO-AULKI ZURIAK - EB-AZ,0,0,Ministerio del Interior / portal oficial de datos abiertos,PRIMARY_OFFICIAL
2015,2015-12-20,26 - La Rioja,ESCONS EN BLANC/ESCAÑOS EN BLANCO - EB,0,0,Ministerio del Interior / portal oficial de datos abiertos,PRIMARY_OFFICIAL
2015,2015-12-20,26 - La Rioja,ESQUERRA REPUBLICANA DE CATALUNYA-CATALUNYA SÍ - ERC-CATSI,0,0,Ministerio del Interior / portal oficial de datos abiertos,PRIMARY_OFFICIAL
2015,2015-12-20,26 - La Rioja,ESQUERRA REPUBLICANA DE CATALUNYA-CATALUNYA SÍ - ERC-CATSÍ,0,0,Ministerio del Interior / portal oficial de datos abiertos,PRIMARY_OFFICIAL
2015,2015-12-20,26 - La Rioja,EUSKAL HERRIA BILDU (EH Bildu) - EH Bildu,0,0,Ministerio del Interior / portal oficial de datos abiertos,PRIMARY_OFFICIAL
2015,2015-12-20,26 - La Rioja,EUSKAL HERRIA BILDU - EH Bildu,0,0,Ministerio del Interior / portal oficial de datos abiertos,PRIMARY_OFFICIAL
2015,2015-12-20,26 - La Rioja,EUZKO ALDERDI JELTZALEA-PARTIDO NACIONALISTA VASCO - EAJ-PNV,0,0,Ministerio del Interior / portal oficial de datos abiertos,PRIMARY_OFFICIAL
2015,2015-12-20,26 - La Rioja,EXTREMADURA UNIDA-EXTREMEÑOS - EU-eX,0,0,Ministerio del Interior / portal oficial de datos abiertos,PRIMARY_OFFICIAL
2015,2015-12-20,26 - La Rioja,EZKERRA-X LA IZQUIERDA - EZKERRA,0,0,Ministerio del Interior / portal oficial de datos abiertos,PRIMARY_OFFICIAL
2015,2015-12-20,26 - La Rioja,FALANGE ESPAÑOLA DE LAS JONS - FE de las J,0,0,Ministerio del Interior / portal oficial de datos abiertos,PRIMARY_OFFICIAL
2015,2015-12-20,26 - La Rioja,FORO DEMÓCRATA - FDEE,0,0,Ministerio del Interior / portal oficial de datos abiertos,PRIMARY_OFFICIAL
2015,2015-12-20,26 - La Rioja,GEROA BAI - GBAI,0,0,Ministerio del Interior / portal oficial de datos abiertos,PRIMARY_OFFICIAL
2015,2015-12-20,26 - La Rioja,INDEPENDIENTES POR ARAGÓN - Independien,0,0,Ministerio del Interior / portal oficial de datos abiertos,PRIMARY_OFFICIAL
2015,2015-12-20,26 - La Rioja,INICIATIVA FEMINISTA - IFem,0,0,Ministerio del Interior / portal oficial de datos abiertos,PRIMARY_OFFICIAL
2015,2015-12-20,26 - La Rioja,"JUSTIZIA SOCIAL, PARTICIPACIÓN CIUDADANA - JS,PC",0,0,Ministerio del Interior / portal oficial de datos abiertos,PRIMARY_OFFICIAL
2015,2015-12-20,26 - La Rioja,"LIBERTAD NAVARRA, LIBERTATE NAFARRA (Ln) - Ln",0,0,Ministerio del Interior / portal oficial de datos abiertos,PRIMARY_OFFICIAL
2015,2015-12-20,26 - La Rioja,"LIBERTAD NAVARRA, LIBERTATE NAFARRA - Ln",0,0,Ministerio del Interior / portal oficial de datos abiertos,PRIMARY_OFFICIAL
2015,2015-12-20,26 - La Rioja,LIBERTAD NAVARRA-LIBERTATE NAFARRA - Ln,0,0,Ministerio del Interior / portal oficial de datos abiertos,PRIMARY_OFFICIAL
2015,2015-12-20,26 - La Rioja,LOS VERDES-ECOPACIFISTAS - CENTRO MODE,0,0,Ministerio del Interior / portal oficial de datos abiertos,PRIMARY_OFFICIAL
2015,2015-12-20,26 - La Rioja,MUERTE AL SISTEMA - +MAS+,0,0,Ministerio del Interior / portal oficial de datos abiertos,PRIMARY_OFFICIAL
2015,2015-12-20,26 - La Rioja,MÁLAGA POR SÍ - mlgXSÍ,0,0,Ministerio del Interior / portal oficial de datos abiertos,PRIMARY_OFFICIAL
2015,2015-12-20,26 - La Rioja,MÉS - MÉS,0,0,Ministerio del Interior / portal oficial de datos abiertos,PRIMARY_OFFICIAL
2015,2015-12-20,26 - La Rioja,NÓS-CANDIDATURA GALEGA (BNG-CG-FOGA-PCPG-PG) - NÓS,0,0,Ministerio del Interior / portal oficial de datos abiertos,PRIMARY_OFFICIAL
2015,2015-12-20,26 - La Rioja,ONGI ETORRI - OE,0,0,Ministerio del Interior / portal oficial de datos abiertos,PRIMARY_OFFICIAL
2015,2015-12-20,26 - La Rioja,PARTIDO ANIMALISTA CONTRA EL MALTRATO ANIMAL (PACM - PACMA,0,0,Ministerio del Interior / portal oficial de datos abiertos,PRIMARY_OFFICIAL
2015,2015-12-20,26 - La Rioja,PARTIDO ANIMALISTA CONTRA EL MALTRATO ANIMAL - PACMA,1177,0,Ministerio del Interior / portal oficial de datos abiertos,PRIMARY_OFFICIAL
2015,2015-12-20,26 - La Rioja,PARTIDO ANIMALISTA CONTRA O MALTRATO ANIMAL - PACMA,0,0,Ministerio del Interior / portal oficial de datos abiertos,PRIMARY_OFFICIAL
2015,2015-12-20,26 - La Rioja,PARTIDO ANIMALISTA-CONTRA EL MALTRATO ANIMAL - PACMA,0,0,Ministerio del Interior / portal oficial de datos abiertos,PRIMARY_OFFICIAL
2015,2015-12-20,26 - La Rioja,PARTIDO COMUNISTA DE LOS PUEBLOS DE ESPAÑA - PCPE,229,0,Ministerio del Interior / portal oficial de datos abiertos,PRIMARY_OFFICIAL
2015,2015-12-20,26 - La Rioja,PARTIDO COMUNISTA DEL PUEBLO CANARIO - PCPC,0,0,Ministerio del Interior / portal oficial de datos abiertos,PRIMARY_OFFICIAL
2015,2015-12-20,26 - La Rioja,PARTIDO COMUNISTA OBRERO ESPAÑOL - PCOE,0,0,Ministerio del Interior / portal oficial de datos abiertos,PRIMARY_OFFICIAL
2015,2015-12-20,26 - La Rioja,PARTIDO DA TERRA - PT,0,0,Ministerio del Interior / portal oficial de datos abiertos,PRIMARY_OFFICIAL
2015,2015-12-20,26 - La Rioja,PARTIDO DOS SOCIALISTAS DE GALICIA-PSOE - PSdeG-PSOE,0,0,Ministerio del Interior / portal oficial de datos abiertos,PRIMARY_OFFICIAL
2015,2015-12-20,26 - La Rioja,PARTIDO FAMILIA Y VIDA - PFyV,0,0,Ministerio del Interior / portal oficial de datos abiertos,PRIMARY_OFFICIAL
2015,2015-12-20,26 - La Rioja,PARTIDO HUMANISTA - PH,0,0,Ministerio del Interior / portal oficial de datos abiertos,PRIMARY_OFFICIAL
2015,2015-12-20,26 - La Rioja,PARTIDO LIBERAL DE DERECHAS - PLD,0,0,Ministerio del Interior / portal oficial de datos abiertos,PRIMARY_OFFICIAL
2015,2015-12-20,26 - La Rioja,PARTIDO LIBERTARIO - P-LIB,0,0,Ministerio del Interior / portal oficial de datos abiertos,PRIMARY_OFFICIAL
2015,2015-12-20,26 - La Rioja,PARTIDO POPULAR (PP) - PP,0,0,Ministerio del Interior / portal oficial de datos abiertos,PRIMARY_OFFICIAL
2015,2015-12-20,26 - La Rioja,PARTIDO POPULAR - PP,67941,2,Ministerio del Interior / portal oficial de datos abiertos,PRIMARY_OFFICIAL
2015,2015-12-20,26 - La Rioja,PARTIDO POPULAR EN COALICIÓN CON EL PARTIDO ARAGON - PP-PAR,0,0,Ministerio del Interior / portal oficial de datos abiertos,PRIMARY_OFFICIAL
2015,2015-12-20,26 - La Rioja,PARTIDO POPULAR-FORO - PP-FORO,0,0,Ministerio del Interior / portal oficial de datos abiertos,PRIMARY_OFFICIAL
2015,2015-12-20,26 - La Rioja,PARTIDO POPULAR/PARTIT POPULAR - PP,0,0,Ministerio del Interior / portal oficial de datos abiertos,PRIMARY_OFFICIAL
2015,2015-12-20,26 - La Rioja,PARTIDO REGIONALISTA DEL PAÍS LEONÉS - PREPAL,0,0,Ministerio del Interior / portal oficial de datos abiertos,PRIMARY_OFFICIAL
2015,2015-12-20,26 - La Rioja,PARTIDO SOCIALISTA DE EUSKADI-EUSKADIKO EZKERRA (P - PSE-EE,0,0,Ministerio del Interior / portal oficial de datos abiertos,PRIMARY_OFFICIAL
2015,2015-12-20,26 - La Rioja,PARTIDO SOCIALISTA DE EUSKADI-EUSKADIKO EZKERRA (P - PSE-EE (PSO,0,0,Ministerio del Interior / portal oficial de datos abiertos,PRIMARY_OFFICIAL
2015,2015-12-20,26 - La Rioja,PARTIDO SOCIALISTA OBRERO ESPAÑOL - PSOE,41973,1,Ministerio del Interior / portal oficial de datos abiertos,PRIMARY_OFFICIAL
2015,2015-12-20,26 - La Rioja,PARTIDO SOCIALISTA OBRERO ESPAÑOL-NUEVA CANARIAS - PSOE-NCa,0,0,Ministerio del Interior / portal oficial de datos abiertos,PRIMARY_OFFICIAL
2015,2015-12-20,26 - La Rioja,PARTIT ANIMALISTA CONTRA EL MALTRACTAMENT ANIMAL - PACMA,0,0,Ministerio del Interior / portal oficial de datos abiertos,PRIMARY_OFFICIAL
2015,2015-12-20,26 - La Rioja,PARTIT COMUNISTA DEL POBLE DE CATALUNYA - PCPC,0,0,Ministerio del Interior / portal oficial de datos abiertos,PRIMARY_OFFICIAL
2015,2015-12-20,26 - La Rioja,PARTIT COMUNISTA DELS POBLES D’ESPANYA - PCPE,0,0,Ministerio del Interior / portal oficial de datos abiertos,PRIMARY_OFFICIAL
2015,2015-12-20,26 - La Rioja,PARTIT DELS SOCIALISTES DE CATALUNYA (PSC-PSOE) - PSC,0,0,Ministerio del Interior / portal oficial de datos abiertos,PRIMARY_OFFICIAL
2015,2015-12-20,26 - La Rioja,PARTIT DELS SOCIALISTES DE CATALUNYA - PSC-PSOE,0,0,Ministerio del Interior / portal oficial de datos abiertos,PRIMARY_OFFICIAL
2015,2015-12-20,26 - La Rioja,PODEMOS - PODEMOS,28073,1,Ministerio del Interior / portal oficial de datos abiertos,PRIMARY_OFFICIAL
2015,2015-12-20,26 - La Rioja,PODEMOS-AHAL DUGU - PODEMOS-AHA,0,0,Ministerio del Interior / portal oficial de datos abiertos,PRIMARY_OFFICIAL
2015,2015-12-20,26 - La Rioja,PODEMOS-Ahora Alto Aragón en Común - PODEMOS-Aho,0,0,Ministerio del Interior / portal oficial de datos abiertos,PRIMARY_OFFICIAL
2015,2015-12-20,26 - La Rioja,PODEMOS/AHAL DUGU - PODEMOS-AHA,0,0,Ministerio del Interior / portal oficial de datos abiertos,PRIMARY_OFFICIAL
2015,2015-12-20,26 - La Rioja,POR UN MUNDO MÁS JUSTO - PUM+J,0,0,Ministerio del Interior / portal oficial de datos abiertos,PRIMARY_OFFICIAL
2015,2015-12-20,26 - La Rioja,RECORTES CERO-GRUPO VERDE - RECORTES CE,360,0,Ministerio del Interior / portal oficial de datos abiertos,PRIMARY_OFFICIAL
2015,2015-12-20,26 - La Rioja,SOLIDARIDAD Y AUTOGESTIÓN INTERNACIONALISTA - SAIn,0,0,Ministerio del Interior / portal oficial de datos abiertos,PRIMARY_OFFICIAL
2015,2015-12-20,26 - La Rioja,SOLUCIONA - SOLUCIONA,0,0,Ministerio del Interior / portal oficial de datos abiertos,PRIMARY_OFFICIAL
2015,2015-12-20,26 - La Rioja,SOM VALENCIANS - SOMVAL,0,0,Ministerio del Interior / portal oficial de datos abiertos,PRIMARY_OFFICIAL
2015,2015-12-20,26 - La Rioja,"UNIDAD POPULAR EN ARAGÓN: IZQUIERDA UNIDA, CHUNTA - IU-CHA-UPeC",0,0,Ministerio del Interior / portal oficial de datos abiertos,PRIMARY_OFFICIAL
2015,2015-12-20,26 - La Rioja,UNIDAD POPULAR- ORAIN BATERA:EZKER ANITZA-IZQUIERD - IU-UPeC,0,0,Ministerio del Interior / portal oficial de datos abiertos,PRIMARY_OFFICIAL
2015,2015-12-20,26 - La Rioja,UNIDAD POPULAR-IZQUIERDA UNIDA - UNIDAD POPU,0,0,Ministerio del Interior / portal oficial de datos abiertos,PRIMARY_OFFICIAL
2015,2015-12-20,26 - La Rioja,UNIDAD POPULAR-ORAIN BATERA:EZKER ANITZA-IZQUIERDA - IU-UPeC,0,0,Ministerio del Interior / portal oficial de datos abiertos,PRIMARY_OFFICIAL
2015,2015-12-20,26 - La Rioja,UNIDAD POPULAR-ORAIN BATERA:EZKER ANITZA-IZQUIERDA - IU-UpeC,0,0,Ministerio del Interior / portal oficial de datos abiertos,PRIMARY_OFFICIAL
2015,2015-12-20,26 - La Rioja,"UNIDAD POPULAR-ORAIN BATERA:IZQUIERDA UNIDA, BATZA - IU-B-UPeC",0,0,Ministerio del Interior / portal oficial de datos abiertos,PRIMARY_OFFICIAL
2015,2015-12-20,26 - La Rioja,"UNIDAD POPULAR: IZQUIERDA UNIDA CANARIA, UNIDAD PO - IUC-UPeC",0,0,Ministerio del Interior / portal oficial de datos abiertos,PRIMARY_OFFICIAL
2015,2015-12-20,26 - La Rioja,UNIDAD POPULAR: IZQUIERDA UNIDA LOS VERDES - CONVO - UP: IULV-CA,0,0,Ministerio del Interior / portal oficial de datos abiertos,PRIMARY_OFFICIAL
2015,2015-12-20,26 - La Rioja,"UNIDAD POPULAR: IZQUIERDA UNIDA LOS VERDES-CONVOCA - IULV-CA, UP",0,0,Ministerio del Interior / portal oficial de datos abiertos,PRIMARY_OFFICIAL
2015,2015-12-20,26 - La Rioja,"UNIDAD POPULAR: IZQUIERDA UNIDA LOS VERDES-CONVOCA - IULV-CA,UPe",0,0,Ministerio del Interior / portal oficial de datos abiertos,PRIMARY_OFFICIAL
2015,2015-12-20,26 - La Rioja,"UNIDAD POPULAR: IZQUIERDA UNIDA, UNIDAD POPULAR EN - IU-UPeC",7423,0,Ministerio del Interior / portal oficial de datos abiertos,PRIMARY_OFFICIAL
2015,2015-12-20,26 - La Rioja,"UNIDAD POPULAR: IZQUIERDA UNIDA, UNIDAD POPULAR EN - IU-UPeC-IAS",0,0,Ministerio del Interior / portal oficial de datos abiertos,PRIMARY_OFFICIAL
2015,2015-12-20,26 - La Rioja,"UNIDAD POPULAR: IZQUIERDA UNIDA, UNIDAD POPULAR EN - UP-UPeC",0,0,Ministerio del Interior / portal oficial de datos abiertos,PRIMARY_OFFICIAL
2015,2015-12-20,26 - La Rioja,"UNIDAD POPULAR: IZQUIERDA UNIDA, UNIDAD POPULAR EN - UPeC-IU-IZC",0,0,Ministerio del Interior / portal oficial de datos abiertos,PRIMARY_OFFICIAL
2015,2015-12-20,26 - La Rioja,UNIDAD POPULAR: IZQUIERDA UNIDA-UNIDAD POPULAR EN - IU-UPeC,0,0,Ministerio del Interior / portal oficial de datos abiertos,PRIMARY_OFFICIAL
2015,2015-12-20,26 - La Rioja,UNIDAD POPULAR: IZQUIERDA UNIDA. UNIDAD POPULAR EN - IU-UPeC,0,0,Ministerio del Interior / portal oficial de datos abiertos,PRIMARY_OFFICIAL
2015,2015-12-20,26 - La Rioja,"UNIDAD POPULAR: UNIDAD POPULAR EN COMÚN, IZQUIERDA - UPeC-IU",0,0,Ministerio del Interior / portal oficial de datos abiertos,PRIMARY_OFFICIAL
2015,2015-12-20,26 - La Rioja,"UNITAT POPULAR BALEARS: IZQUIERDA UNIDA, UNIDAD PO - UPB: IU-UPe",0,0,Ministerio del Interior / portal oficial de datos abiertos,PRIMARY_OFFICIAL
2015,2015-12-20,26 - La Rioja,"UNITAT POPULAR: ESQUERRA UNIDA DEL PAÍS VALENCIÀ, - EUPV-UPeC",0,0,Ministerio del Interior / portal oficial de datos abiertos,PRIMARY_OFFICIAL
2015,2015-12-20,26 - La Rioja,"UNITAT POPULAR:ESQUERRA UNIDA DEL PAÍS VALENCIÀ, U - EUPV-UPeC",0,0,Ministerio del Interior / portal oficial de datos abiertos,PRIMARY_OFFICIAL
2015,2015-12-20,26 - La Rioja,UNIÓ DEMOCRÀTICA DE CATALUNYA - Unio.Cat,0,0,Ministerio del Interior / portal oficial de datos abiertos,PRIMARY_OFFICIAL
2015,2015-12-20,26 - La Rioja,UNIÓ DEMOCRÀTICA DE CATALUNYA - unio.cat,0,0,Ministerio del Interior / portal oficial de datos abiertos,PRIMARY_OFFICIAL
2015,2015-12-20,26 - La Rioja,UNIÓN DEL PUEBLO NAVARRO EN COALICIÓN CON EL PARTI - UPN-PP,0,0,Ministerio del Interior / portal oficial de datos abiertos,PRIMARY_OFFICIAL
2015,2015-12-20,26 - La Rioja,UNIÓN PROGRESO Y DEMOCRACIA (UPYD) - UPYD,0,0,Ministerio del Interior / portal oficial de datos abiertos,PRIMARY_OFFICIAL
2015,2015-12-20,26 - La Rioja,UNIÓN PROGRESO Y DEMOCRACIA - UPYD,1361,0,Ministerio del Interior / portal oficial de datos abiertos,PRIMARY_OFFICIAL
2015,2015-12-20,26 - La Rioja,VOX - VOX,0,0,Ministerio del Interior / portal oficial de datos abiertos,PRIMARY_OFFICIAL
2015,2015-12-20,26 - La Rioja,X A ESQUERDA - X ESQ,0,0,Ministerio del Interior / portal oficial de datos abiertos,PRIMARY_OFFICIAL
2015,2015-12-20,26 - La Rioja,X LA IZQUIERDA-LOS VERDES - X LA IZQUIE,0,0,Ministerio del Interior / portal oficial de datos abiertos,PRIMARY_OFFICIAL
2015,2015-12-20,27 - Lugo,"""EN COMÚ PODEM"" - EN COMÚ",0,0,Ministerio del Interior / portal oficial de datos abiertos,PRIMARY_OFFICIAL
2015,2015-12-20,27 - Lugo,ANDALUCES DE JAÉN UNIDOS - AJU,0,0,Ministerio del Interior / portal oficial de datos abiertos,PRIMARY_OFFICIAL
2015,2015-12-20,27 - Lugo,"ARA, PAÍS VALENCIÀ - ARA, PV",0,0,Ministerio del Interior / portal oficial de datos abiertos,PRIMARY_OFFICIAL
2015,2015-12-20,27 - Lugo,"ARA, PAÍS VALENCIÀ - ARAPV",0,0,Ministerio del Interior / portal oficial de datos abiertos,PRIMARY_OFFICIAL
2015,2015-12-20,27 - Lugo,AVANT VALENCIANS - AVANT,0,0,Ministerio del Interior / portal oficial de datos abiertos,PRIMARY_OFFICIAL
2015,2015-12-20,27 - Lugo,BIDEZKO MUNDURANTZ/POR UN MUNDO MÁS JUSTO - PUM+J,0,0,Ministerio del Interior / portal oficial de datos abiertos,PRIMARY_OFFICIAL
2015,2015-12-20,27 - Lugo,"CANARIAS DECIDE: LOS VERDES, UNIDAD DEL PUEBLO Y A - CANARIAS DE",0,0,Ministerio del Interior / portal oficial de datos abiertos,PRIMARY_OFFICIAL
2015,2015-12-20,27 - Lugo,CIUDADANOS DE CENTRO DEMOCRÁTICO - CCD,0,0,Ministerio del Interior / portal oficial de datos abiertos,PRIMARY_OFFICIAL
2015,2015-12-20,27 - Lugo,CIUDADANOS LIBRES UNIDOS - CILUS,0,0,Ministerio del Interior / portal oficial de datos abiertos,PRIMARY_OFFICIAL
2015,2015-12-20,27 - Lugo,CIUDADANOS PARTIDO DE LA CIUDADANÍA - C's,0,0,Ministerio del Interior / portal oficial de datos abiertos,PRIMARY_OFFICIAL
2015,2015-12-20,27 - Lugo,CIUDADANOS PARTIDO DE LA CIUDADANÍA - C´s,0,0,Ministerio del Interior / portal oficial de datos abiertos,PRIMARY_OFFICIAL
2015,2015-12-20,27 - Lugo,CIUDADANOS RURALES AGRUPADOS - CRA,0,0,Ministerio del Interior / portal oficial de datos abiertos,PRIMARY_OFFICIAL
2015,2015-12-20,27 - Lugo,"CIUDADANOS, PARTIDO DE LA CIUDADANÍA - C's",0,0,Ministerio del Interior / portal oficial de datos abiertos,PRIMARY_OFFICIAL
2015,2015-12-20,27 - Lugo,"CIUDADANOS, PARTIDO DE LA CIUDADANÍA - C´s",0,0,Ministerio del Interior / portal oficial de datos abiertos,PRIMARY_OFFICIAL
2015,2015-12-20,27 - Lugo,CIUDADANOS-PARTIDO DE LA CIUDADANÍA (C's) - C's,0,0,Ministerio del Interior / portal oficial de datos abiertos,PRIMARY_OFFICIAL
2015,2015-12-20,27 - Lugo,CIUDADANOS-PARTIDO DE LA CIUDADANÍA - C's,15441,0,Ministerio del Interior / portal oficial de datos abiertos,PRIMARY_OFFICIAL
2015,2015-12-20,27 - Lugo,CIUDADANOS-PARTIDO DE LA CIUDADANÍA - C´s,0,0,Ministerio del Interior / portal oficial de datos abiertos,PRIMARY_OFFICIAL
2015,2015-12-20,27 - Lugo,CIUTADANS - PARTIDO DE LA CIUDADANÍA - C's,0,0,Ministerio del Interior / portal oficial de datos abiertos,PRIMARY_OFFICIAL
2015,2015-12-20,27 - Lugo,CIUTADANS-PARTIDO DE LA CIUDADANÍA - C's,0,0,Ministerio del Interior / portal oficial de datos abiertos,PRIMARY_OFFICIAL
2015,2015-12-20,27 - Lugo,COALICIÓN CANARIA - PARTIDO NACIONALISTA CANARIO - CCa-PNC,0,0,Ministerio del Interior / portal oficial de datos abiertos,PRIMARY_OFFICIAL
2015,2015-12-20,27 - Lugo,COALICIÓN CANARIA-PARTIDO NACIONALISTA CANARIO - CCa-PNC,0,0,Ministerio del Interior / portal oficial de datos abiertos,PRIMARY_OFFICIAL
2015,2015-12-20,27 - Lugo,COMPROMÍS-PODEMOS-ÉS EL MOMENT - PODEMOS - C,0,0,Ministerio del Interior / portal oficial de datos abiertos,PRIMARY_OFFICIAL
2015,2015-12-20,27 - Lugo,COMPROMÍS-PODEMOS-ÉS EL MOMENT - PODEMOS-COM,0,0,Ministerio del Interior / portal oficial de datos abiertos,PRIMARY_OFFICIAL
2015,2015-12-20,27 - Lugo,COMUNISTAS DA GALIZA - PCPE,0,0,Ministerio del Interior / portal oficial de datos abiertos,PRIMARY_OFFICIAL
2015,2015-12-20,27 - Lugo,COMUNISTAS DA GALIZA-PCPE - PCPE,421,0,Ministerio del Interior / portal oficial de datos abiertos,PRIMARY_OFFICIAL
2015,2015-12-20,27 - Lugo,DEMOCRACIA NACIONAL - DN,0,0,Ministerio del Interior / portal oficial de datos abiertos,PRIMARY_OFFICIAL
2015,2015-12-20,27 - Lugo,DEMOCRÀCIA I LLIBERTAT. CONVERGÈNCIA. DEMÒCRATES. - DL,0,0,Ministerio del Interior / portal oficial de datos abiertos,PRIMARY_OFFICIAL
2015,2015-12-20,27 - Lugo,EL PI - PROPOSTA PER LES ILLES - EL PI,0,0,Ministerio del Interior / portal oficial de datos abiertos,PRIMARY_OFFICIAL
2015,2015-12-20,27 - Lugo,EN COMÚ PODEM - EN COMÚ,0,0,Ministerio del Interior / portal oficial de datos abiertos,PRIMARY_OFFICIAL
2015,2015-12-20,27 - Lugo,EN MAREA - PODEMOS-EN,39122,1,Ministerio del Interior / portal oficial de datos abiertos,PRIMARY_OFFICIAL
2015,2015-12-20,27 - Lugo,EN MAREA - PODEMOS-En,0,0,Ministerio del Interior / portal oficial de datos abiertos,PRIMARY_OFFICIAL
2015,2015-12-20,27 - Lugo,EN POSITIU - EN POSITIU,0,0,Ministerio del Interior / portal oficial de datos abiertos,PRIMARY_OFFICIAL
2015,2015-12-20,27 - Lugo,ESCAÑOS EN BLANCO - AULKI ZURIAK - EB - AZ,0,0,Ministerio del Interior / portal oficial de datos abiertos,PRIMARY_OFFICIAL
2015,2015-12-20,27 - Lugo,ESCAÑOS EN BLANCO - EB,0,0,Ministerio del Interior / portal oficial de datos abiertos,PRIMARY_OFFICIAL
2015,2015-12-20,27 - Lugo,ESCAÑOS EN BLANCO-AULKI ZURIAK - EB-AZ,0,0,Ministerio del Interior / portal oficial de datos abiertos,PRIMARY_OFFICIAL
2015,2015-12-20,27 - Lugo,ESCONS EN BLANC/ESCAÑOS EN BLANCO - EB,0,0,Ministerio del Interior / portal oficial de datos abiertos,PRIMARY_OFFICIAL
2015,2015-12-20,27 - Lugo,ESQUERRA REPUBLICANA DE CATALUNYA-CATALUNYA SÍ - ERC-CATSI,0,0,Ministerio del Interior / portal oficial de datos abiertos,PRIMARY_OFFICIAL
2015,2015-12-20,27 - Lugo,ESQUERRA REPUBLICANA DE CATALUNYA-CATALUNYA SÍ - ERC-CATSÍ,0,0,Ministerio del Interior / portal oficial de datos abiertos,PRIMARY_OFFICIAL
2015,2015-12-20,27 - Lugo,EUSKAL HERRIA BILDU (EH Bildu) - EH Bildu,0,0,Ministerio del Interior / portal oficial de datos abiertos,PRIMARY_OFFICIAL
2015,2015-12-20,27 - Lugo,EUSKAL HERRIA BILDU - EH Bildu,0,0,Ministerio del Interior / portal oficial de datos abiertos,PRIMARY_OFFICIAL
2015,2015-12-20,27 - Lugo,EUZKO ALDERDI JELTZALEA-PARTIDO NACIONALISTA VASCO - EAJ-PNV,0,0,Ministerio del Interior / portal oficial de datos abiertos,PRIMARY_OFFICIAL
2015,2015-12-20,27 - Lugo,EXTREMADURA UNIDA-EXTREMEÑOS - EU-eX,0,0,Ministerio del Interior / portal oficial de datos abiertos,PRIMARY_OFFICIAL
2015,2015-12-20,27 - Lugo,EZKERRA-X LA IZQUIERDA - EZKERRA,0,0,Ministerio del Interior / portal oficial de datos abiertos,PRIMARY_OFFICIAL
2015,2015-12-20,27 - Lugo,FALANGE ESPAÑOLA DE LAS JONS - FE de las J,0,0,Ministerio del Interior / portal oficial de datos abiertos,PRIMARY_OFFICIAL
2015,2015-12-20,27 - Lugo,FORO DEMÓCRATA - FDEE,0,0,Ministerio del Interior / portal oficial de datos abiertos,PRIMARY_OFFICIAL
2015,2015-12-20,27 - Lugo,GEROA BAI - GBAI,0,0,Ministerio del Interior / portal oficial de datos abiertos,PRIMARY_OFFICIAL
2015,2015-12-20,27 - Lugo,INDEPENDIENTES POR ARAGÓN - Independien,0,0,Ministerio del Interior / portal oficial de datos abiertos,PRIMARY_OFFICIAL
2015,2015-12-20,27 - Lugo,INICIATIVA FEMINISTA - IFem,0,0,Ministerio del Interior / portal oficial de datos abiertos,PRIMARY_OFFICIAL
2015,2015-12-20,27 - Lugo,"JUSTIZIA SOCIAL, PARTICIPACIÓN CIUDADANA - JS,PC",0,0,Ministerio del Interior / portal oficial de datos abiertos,PRIMARY_OFFICIAL
2015,2015-12-20,27 - Lugo,"LIBERTAD NAVARRA, LIBERTATE NAFARRA (Ln) - Ln",0,0,Ministerio del Interior / portal oficial de datos abiertos,PRIMARY_OFFICIAL
2015,2015-12-20,27 - Lugo,"LIBERTAD NAVARRA, LIBERTATE NAFARRA - Ln",0,0,Ministerio del Interior / portal oficial de datos abiertos,PRIMARY_OFFICIAL
2015,2015-12-20,27 - Lugo,LIBERTAD NAVARRA-LIBERTATE NAFARRA - Ln,0,0,Ministerio del Interior / portal oficial de datos abiertos,PRIMARY_OFFICIAL
2015,2015-12-20,27 - Lugo,LOS VERDES-ECOPACIFISTAS - CENTRO MODE,0,0,Ministerio del Interior / portal oficial de datos abiertos,PRIMARY_OFFICIAL
2015,2015-12-20,27 - Lugo,MUERTE AL SISTEMA - +MAS+,0,0,Ministerio del Interior / portal oficial de datos abiertos,PRIMARY_OFFICIAL
2015,2015-12-20,27 - Lugo,MÁLAGA POR SÍ - mlgXSÍ,0,0,Ministerio del Interior / portal oficial de datos abiertos,PRIMARY_OFFICIAL
2015,2015-12-20,27 - Lugo,MÉS - MÉS,0,0,Ministerio del Interior / portal oficial de datos abiertos,PRIMARY_OFFICIAL
2015,2015-12-20,27 - Lugo,NÓS-CANDIDATURA GALEGA (BNG-CG-FOGA-PCPG-PG) - NÓS,7253,0,Ministerio del Interior / portal oficial de datos abiertos,PRIMARY_OFFICIAL
2015,2015-12-20,27 - Lugo,ONGI ETORRI - OE,0,0,Ministerio del Interior / portal oficial de datos abiertos,PRIMARY_OFFICIAL
2015,2015-12-20,27 - Lugo,PARTIDO ANIMALISTA CONTRA EL MALTRATO ANIMAL (PACM - PACMA,0,0,Ministerio del Interior / portal oficial de datos abiertos,PRIMARY_OFFICIAL
2015,2015-12-20,27 - Lugo,PARTIDO ANIMALISTA CONTRA EL MALTRATO ANIMAL - PACMA,1633,0,Ministerio del Interior / portal oficial de datos abiertos,PRIMARY_OFFICIAL
2015,2015-12-20,27 - Lugo,PARTIDO ANIMALISTA CONTRA O MALTRATO ANIMAL - PACMA,0,0,Ministerio del Interior / portal oficial de datos abiertos,PRIMARY_OFFICIAL
2015,2015-12-20,27 - Lugo,PARTIDO ANIMALISTA-CONTRA EL MALTRATO ANIMAL - PACMA,0,0,Ministerio del Interior / portal oficial de datos abiertos,PRIMARY_OFFICIAL
2015,2015-12-20,27 - Lugo,PARTIDO COMUNISTA DE LOS PUEBLOS DE ESPAÑA - PCPE,0,0,Ministerio del Interior / portal oficial de datos abiertos,PRIMARY_OFFICIAL
2015,2015-12-20,27 - Lugo,PARTIDO COMUNISTA DEL PUEBLO CANARIO - PCPC,0,0,Ministerio del Interior / portal oficial de datos abiertos,PRIMARY_OFFICIAL
2015,2015-12-20,27 - Lugo,PARTIDO COMUNISTA OBRERO ESPAÑOL - PCOE,0,0,Ministerio del Interior / portal oficial de datos abiertos,PRIMARY_OFFICIAL
2015,2015-12-20,27 - Lugo,PARTIDO DA TERRA - PT,405,0,Ministerio del Interior / portal oficial de datos abiertos,PRIMARY_OFFICIAL
2015,2015-12-20,27 - Lugo,PARTIDO DOS SOCIALISTAS DE GALICIA-PSOE - PSdeG-PSOE,48772,1,Ministerio del Interior / portal oficial de datos abiertos,PRIMARY_OFFICIAL
2015,2015-12-20,27 - Lugo,PARTIDO FAMILIA Y VIDA - PFyV,0,0,Ministerio del Interior / portal oficial de datos abiertos,PRIMARY_OFFICIAL
2015,2015-12-20,27 - Lugo,PARTIDO HUMANISTA - PH,0,0,Ministerio del Interior / portal oficial de datos abiertos,PRIMARY_OFFICIAL
2015,2015-12-20,27 - Lugo,PARTIDO LIBERAL DE DERECHAS - PLD,0,0,Ministerio del Interior / portal oficial de datos abiertos,PRIMARY_OFFICIAL
2015,2015-12-20,27 - Lugo,PARTIDO LIBERTARIO - P-LIB,0,0,Ministerio del Interior / portal oficial de datos abiertos,PRIMARY_OFFICIAL
2015,2015-12-20,27 - Lugo,PARTIDO POPULAR (PP) - PP,0,0,Ministerio del Interior / portal oficial de datos abiertos,PRIMARY_OFFICIAL
2015,2015-12-20,27 - Lugo,PARTIDO POPULAR - PP,86446,2,Ministerio del Interior / portal oficial de datos abiertos,PRIMARY_OFFICIAL
2015,2015-12-20,27 - Lugo,PARTIDO POPULAR EN COALICIÓN CON EL PARTIDO ARAGON - PP-PAR,0,0,Ministerio del Interior / portal oficial de datos abiertos,PRIMARY_OFFICIAL
2015,2015-12-20,27 - Lugo,PARTIDO POPULAR-FORO - PP-FORO,0,0,Ministerio del Interior / portal oficial de datos abiertos,PRIMARY_OFFICIAL
2015,2015-12-20,27 - Lugo,PARTIDO POPULAR/PARTIT POPULAR - PP,0,0,Ministerio del Interior / portal oficial de datos abiertos,PRIMARY_OFFICIAL
2015,2015-12-20,27 - Lugo,PARTIDO REGIONALISTA DEL PAÍS LEONÉS - PREPAL,0,0,Ministerio del Interior / portal oficial de datos abiertos,PRIMARY_OFFICIAL
2015,2015-12-20,27 - Lugo,PARTIDO SOCIALISTA DE EUSKADI-EUSKADIKO EZKERRA (P - PSE-EE,0,0,Ministerio del Interior / portal oficial de datos abiertos,PRIMARY_OFFICIAL
2015,2015-12-20,27 - Lugo,PARTIDO SOCIALISTA DE EUSKADI-EUSKADIKO EZKERRA (P - PSE-EE (PSO,0,0,Ministerio del Interior / portal oficial de datos abiertos,PRIMARY_OFFICIAL
2015,2015-12-20,27 - Lugo,PARTIDO SOCIALISTA OBRERO ESPAÑOL - PSOE,0,0,Ministerio del Interior / portal oficial de datos abiertos,PRIMARY_OFFICIAL
2015,2015-12-20,27 - Lugo,PARTIDO SOCIALISTA OBRERO ESPAÑOL-NUEVA CANARIAS - PSOE-NCa,0,0,Ministerio del Interior / portal oficial de datos abiertos,PRIMARY_OFFICIAL
2015,2015-12-20,27 - Lugo,PARTIT ANIMALISTA CONTRA EL MALTRACTAMENT ANIMAL - PACMA,0,0,Ministerio del Interior / portal oficial de datos abiertos,PRIMARY_OFFICIAL
2015,2015-12-20,27 - Lugo,PARTIT COMUNISTA DEL POBLE DE CATALUNYA - PCPC,0,0,Ministerio del Interior / portal oficial de datos abiertos,PRIMARY_OFFICIAL
2015,2015-12-20,27 - Lugo,PARTIT COMUNISTA DELS POBLES D’ESPANYA - PCPE,0,0,Ministerio del Interior / portal oficial de datos abiertos,PRIMARY_OFFICIAL
2015,2015-12-20,27 - Lugo,PARTIT DELS SOCIALISTES DE CATALUNYA (PSC-PSOE) - PSC,0,0,Ministerio del Interior / portal oficial de datos abiertos,PRIMARY_OFFICIAL
2015,2015-12-20,27 - Lugo,PARTIT DELS SOCIALISTES DE CATALUNYA - PSC-PSOE,0,0,Ministerio del Interior / portal oficial de datos abiertos,PRIMARY_OFFICIAL
2015,2015-12-20,27 - Lugo,PODEMOS - PODEMOS,0,0,Ministerio del Interior / portal oficial de datos abiertos,PRIMARY_OFFICIAL
2015,2015-12-20,27 - Lugo,PODEMOS-AHAL DUGU - PODEMOS-AHA,0,0,Ministerio del Interior / portal oficial de datos abiertos,PRIMARY_OFFICIAL
2015,2015-12-20,27 - Lugo,PODEMOS-Ahora Alto Aragón en Común - PODEMOS-Aho,0,0,Ministerio del Interior / portal oficial de datos abiertos,PRIMARY_OFFICIAL
2015,2015-12-20,27 - Lugo,PODEMOS/AHAL DUGU - PODEMOS-AHA,0,0,Ministerio del Interior / portal oficial de datos abiertos,PRIMARY_OFFICIAL
2015,2015-12-20,27 - Lugo,POR UN MUNDO MÁS JUSTO - PUM+J,0,0,Ministerio del Interior / portal oficial de datos abiertos,PRIMARY_OFFICIAL
2015,2015-12-20,27 - Lugo,RECORTES CERO-GRUPO VERDE - RECORTES CE,443,0,Ministerio del Interior / portal oficial de datos abiertos,PRIMARY_OFFICIAL
2015,2015-12-20,27 - Lugo,SOLIDARIDAD Y AUTOGESTIÓN INTERNACIONALISTA - SAIn,0,0,Ministerio del Interior / portal oficial de datos abiertos,PRIMARY_OFFICIAL
2015,2015-12-20,27 - Lugo,SOLUCIONA - SOLUCIONA,0,0,Ministerio del Interior / portal oficial de datos abiertos,PRIMARY_OFFICIAL
2015,2015-12-20,27 - Lugo,SOM VALENCIANS - SOMVAL,0,0,Ministerio del Interior / portal oficial de datos abiertos,PRIMARY_OFFICIAL
2015,2015-12-20,27 - Lugo,"UNIDAD POPULAR EN ARAGÓN: IZQUIERDA UNIDA, CHUNTA - IU-CHA-UPeC",0,0,Ministerio del Interior / portal oficial de datos abiertos,PRIMARY_OFFICIAL
2015,2015-12-20,27 - Lugo,UNIDAD POPULAR- ORAIN BATERA:EZKER ANITZA-IZQUIERD - IU-UPeC,0,0,Ministerio del Interior / portal oficial de datos abiertos,PRIMARY_OFFICIAL
2015,2015-12-20,27 - Lugo,UNIDAD POPULAR-IZQUIERDA UNIDA - UNIDAD POPU,0,0,Ministerio del Interior / portal oficial de datos abiertos,PRIMARY_OFFICIAL
2015,2015-12-20,27 - Lugo,UNIDAD POPULAR-ORAIN BATERA:EZKER ANITZA-IZQUIERDA - IU-UPeC,0,0,Ministerio del Interior / portal oficial de datos abiertos,PRIMARY_OFFICIAL
2015,2015-12-20,27 - Lugo,UNIDAD POPULAR-ORAIN BATERA:EZKER ANITZA-IZQUIERDA - IU-UpeC,0,0,Ministerio del Interior / portal oficial de datos abiertos,PRIMARY_OFFICIAL
2015,2015-12-20,27 - Lugo,"UNIDAD POPULAR-ORAIN BATERA:IZQUIERDA UNIDA, BATZA - IU-B-UPeC",0,0,Ministerio del Interior / portal oficial de datos abiertos,PRIMARY_OFFICIAL
2015,2015-12-20,27 - Lugo,"UNIDAD POPULAR: IZQUIERDA UNIDA CANARIA, UNIDAD PO - IUC-UPeC",0,0,Ministerio del Interior / portal oficial de datos abiertos,PRIMARY_OFFICIAL
2015,2015-12-20,27 - Lugo,UNIDAD POPULAR: IZQUIERDA UNIDA LOS VERDES - CONVO - UP: IULV-CA,0,0,Ministerio del Interior / portal oficial de datos abiertos,PRIMARY_OFFICIAL
2015,2015-12-20,27 - Lugo,"UNIDAD POPULAR: IZQUIERDA UNIDA LOS VERDES-CONVOCA - IULV-CA, UP",0,0,Ministerio del Interior / portal oficial de datos abiertos,PRIMARY_OFFICIAL
2015,2015-12-20,27 - Lugo,"UNIDAD POPULAR: IZQUIERDA UNIDA LOS VERDES-CONVOCA - IULV-CA,UPe",0,0,Ministerio del Interior / portal oficial de datos abiertos,PRIMARY_OFFICIAL
2015,2015-12-20,27 - Lugo,"UNIDAD POPULAR: IZQUIERDA UNIDA, UNIDAD POPULAR EN - IU-UPeC",0,0,Ministerio del Interior / portal oficial de datos abiertos,PRIMARY_OFFICIAL
2015,2015-12-20,27 - Lugo,"UNIDAD POPULAR: IZQUIERDA UNIDA, UNIDAD POPULAR EN - IU-UPeC-IAS",0,0,Ministerio del Interior / portal oficial de datos abiertos,PRIMARY_OFFICIAL
2015,2015-12-20,27 - Lugo,"UNIDAD POPULAR: IZQUIERDA UNIDA, UNIDAD POPULAR EN - UP-UPeC",0,0,Ministerio del Interior / portal oficial de datos abiertos,PRIMARY_OFFICIAL
2015,2015-12-20,27 - Lugo,"UNIDAD POPULAR: IZQUIERDA UNIDA, UNIDAD POPULAR EN - UPeC-IU-IZC",0,0,Ministerio del Interior / portal oficial de datos abiertos,PRIMARY_OFFICIAL
2015,2015-12-20,27 - Lugo,UNIDAD POPULAR: IZQUIERDA UNIDA-UNIDAD POPULAR EN - IU-UPeC,0,0,Ministerio del Interior / portal oficial de datos abiertos,PRIMARY_OFFICIAL
2015,2015-12-20,27 - Lugo,UNIDAD POPULAR: IZQUIERDA UNIDA. UNIDAD POPULAR EN - IU-UPeC,0,0,Ministerio del Interior / portal oficial de datos abiertos,PRIMARY_OFFICIAL
2015,2015-12-20,27 - Lugo,"UNIDAD POPULAR: UNIDAD POPULAR EN COMÚN, IZQUIERDA - UPeC-IU",0,0,Ministerio del Interior / portal oficial de datos abiertos,PRIMARY_OFFICIAL
2015,2015-12-20,27 - Lugo,"UNITAT POPULAR BALEARS: IZQUIERDA UNIDA, UNIDAD PO - UPB: IU-UPe",0,0,Ministerio del Interior / portal oficial de datos abiertos,PRIMARY_OFFICIAL
2015,2015-12-20,27 - Lugo,"UNITAT POPULAR: ESQUERRA UNIDA DEL PAÍS VALENCIÀ, - EUPV-UPeC",0,0,Ministerio del Interior / portal oficial de datos abiertos,PRIMARY_OFFICIAL
2015,2015-12-20,27 - Lugo,"UNITAT POPULAR:ESQUERRA UNIDA DEL PAÍS VALENCIÀ, U - EUPV-UPeC",0,0,Ministerio del Interior / portal oficial de datos abiertos,PRIMARY_OFFICIAL
2015,2015-12-20,27 - Lugo,UNIÓ DEMOCRÀTICA DE CATALUNYA - Unio.Cat,0,0,Ministerio del Interior / portal oficial de datos abiertos,PRIMARY_OFFICIAL
2015,2015-12-20,27 - Lugo,UNIÓ DEMOCRÀTICA DE CATALUNYA - unio.cat,0,0,Ministerio del Interior / portal oficial de datos abiertos,PRIMARY_OFFICIAL
2015,2015-12-20,27 - Lugo,UNIÓN DEL PUEBLO NAVARRO EN COALICIÓN CON EL PARTI - UPN-PP,0,0,Ministerio del Interior / portal oficial de datos abiertos,PRIMARY_OFFICIAL
2015,2015-12-20,27 - Lugo,UNIÓN PROGRESO Y DEMOCRACIA (UPYD) - UPYD,0,0,Ministerio del Interior / portal oficial de datos abiertos,PRIMARY_OFFICIAL
2015,2015-12-20,27 - Lugo,UNIÓN PROGRESO Y DEMOCRACIA - UPYD,971,0,Ministerio del Interior / portal oficial de datos abiertos,PRIMARY_OFFICIAL
2015,2015-12-20,27 - Lugo,VOX - VOX,0,0,Ministerio del Interior / portal oficial de datos abiertos,PRIMARY_OFFICIAL
2015,2015-12-20,27 - Lugo,X A ESQUERDA - X ESQ,0,0,Ministerio del Interior / portal oficial de datos abiertos,PRIMARY_OFFICIAL
2015,2015-12-20,27 - Lugo,X LA IZQUIERDA-LOS VERDES - X LA IZQUIE,0,0,Ministerio del Interior / portal oficial de datos abiertos,PRIMARY_OFFICIAL
2015,2015-12-20,28 - Madrid,"""EN COMÚ PODEM"" - EN COMÚ",0,0,Ministerio del Interior / portal oficial de datos abiertos,PRIMARY_OFFICIAL
2015,2015-12-20,28 - Madrid,ANDALUCES DE JAÉN UNIDOS - AJU,0,0,Ministerio del Interior / portal oficial de datos abiertos,PRIMARY_OFFICIAL
2015,2015-12-20,28 - Madrid,"ARA, PAÍS VALENCIÀ - ARA, PV",0,0,Ministerio del Interior / portal oficial de datos abiertos,PRIMARY_OFFICIAL
2015,2015-12-20,28 - Madrid,"ARA, PAÍS VALENCIÀ - ARAPV",0,0,Ministerio del Interior / portal oficial de datos abiertos,PRIMARY_OFFICIAL
2015,2015-12-20,28 - Madrid,AVANT VALENCIANS - AVANT,0,0,Ministerio del Interior / portal oficial de datos abiertos,PRIMARY_OFFICIAL
2015,2015-12-20,28 - Madrid,BIDEZKO MUNDURANTZ/POR UN MUNDO MÁS JUSTO - PUM+J,0,0,Ministerio del Interior / portal oficial de datos abiertos,PRIMARY_OFFICIAL
2015,2015-12-20,28 - Madrid,"CANARIAS DECIDE: LOS VERDES, UNIDAD DEL PUEBLO Y A - CANARIAS DE",0,0,Ministerio del Interior / portal oficial de datos abiertos,PRIMARY_OFFICIAL
2015,2015-12-20,28 - Madrid,CIUDADANOS DE CENTRO DEMOCRÁTICO - CCD,0,0,Ministerio del Interior / portal oficial de datos abiertos,PRIMARY_OFFICIAL
2015,2015-12-20,28 - Madrid,CIUDADANOS LIBRES UNIDOS - CILUS,0,0,Ministerio del Interior / portal oficial de datos abiertos,PRIMARY_OFFICIAL
2015,2015-12-20,28 - Madrid,CIUDADANOS PARTIDO DE LA CIUDADANÍA - C's,0,0,Ministerio del Interior / portal oficial de datos abiertos,PRIMARY_OFFICIAL
2015,2015-12-20,28 - Madrid,CIUDADANOS PARTIDO DE LA CIUDADANÍA - C´s,0,0,Ministerio del Interior / portal oficial de datos abiertos,PRIMARY_OFFICIAL
2015,2015-12-20,28 - Madrid,CIUDADANOS RURALES AGRUPADOS - CRA,0,0,Ministerio del Interior / portal oficial de datos abiertos,PRIMARY_OFFICIAL
2015,2015-12-20,28 - Madrid,"CIUDADANOS, PARTIDO DE LA CIUDADANÍA - C's",0,0,Ministerio del Interior / portal oficial de datos abiertos,PRIMARY_OFFICIAL
2015,2015-12-20,28 - Madrid,"CIUDADANOS, PARTIDO DE LA CIUDADANÍA - C´s",0,0,Ministerio del Interior / portal oficial de datos abiertos,PRIMARY_OFFICIAL
2015,2015-12-20,28 - Madrid,CIUDADANOS-PARTIDO DE LA CIUDADANÍA (C's) - C's,0,0,Ministerio del Interior / portal oficial de datos abiertos,PRIMARY_OFFICIAL
2015,2015-12-20,28 - Madrid,CIUDADANOS-PARTIDO DE LA CIUDADANÍA - C's,681167,7,Ministerio del Interior / portal oficial de datos abiertos,PRIMARY_OFFICIAL
2015,2015-12-20,28 - Madrid,CIUDADANOS-PARTIDO DE LA CIUDADANÍA - C´s,0,0,Ministerio del Interior / portal oficial de datos abiertos,PRIMARY_OFFICIAL
2015,2015-12-20,28 - Madrid,CIUTADANS - PARTIDO DE LA CIUDADANÍA - C's,0,0,Ministerio del Interior / portal oficial de datos abiertos,PRIMARY_OFFICIAL
2015,2015-12-20,28 - Madrid,CIUTADANS-PARTIDO DE LA CIUDADANÍA - C's,0,0,Ministerio del Interior / portal oficial de datos abiertos,PRIMARY_OFFICIAL
2015,2015-12-20,28 - Madrid,COALICIÓN CANARIA - PARTIDO NACIONALISTA CANARIO - CCa-PNC,0,0,Ministerio del Interior / portal oficial de datos abiertos,PRIMARY_OFFICIAL
2015,2015-12-20,28 - Madrid,COALICIÓN CANARIA-PARTIDO NACIONALISTA CANARIO - CCa-PNC,0,0,Ministerio del Interior / portal oficial de datos abiertos,PRIMARY_OFFICIAL
2015,2015-12-20,28 - Madrid,COMPROMÍS-PODEMOS-ÉS EL MOMENT - PODEMOS - C,0,0,Ministerio del Interior / portal oficial de datos abiertos,PRIMARY_OFFICIAL
2015,2015-12-20,28 - Madrid,COMPROMÍS-PODEMOS-ÉS EL MOMENT - PODEMOS-COM,0,0,Ministerio del Interior / portal oficial de datos abiertos,PRIMARY_OFFICIAL
2015,2015-12-20,28 - Madrid,COMUNISTAS DA GALIZA - PCPE,0,0,Ministerio del Interior / portal oficial de datos abiertos,PRIMARY_OFFICIAL
2015,2015-12-20,28 - Madrid,COMUNISTAS DA GALIZA-PCPE - PCPE,0,0,Ministerio del Interior / portal oficial de datos abiertos,PRIMARY_OFFICIAL
2015,2015-12-20,28 - Madrid,DEMOCRACIA NACIONAL - DN,0,0,Ministerio del Interior / portal oficial de datos abiertos,PRIMARY_OFFICIAL
2015,2015-12-20,28 - Madrid,DEMOCRÀCIA I LLIBERTAT. CONVERGÈNCIA. DEMÒCRATES. - DL,0,0,Ministerio del Interior / portal oficial de datos abiertos,PRIMARY_OFFICIAL
2015,2015-12-20,28 - Madrid,EL PI - PROPOSTA PER LES ILLES - EL PI,0,0,Ministerio del Interior / portal oficial de datos abiertos,PRIMARY_OFFICIAL
2015,2015-12-20,28 - Madrid,EN COMÚ PODEM - EN COMÚ,0,0,Ministerio del Interior / portal oficial de datos abiertos,PRIMARY_OFFICIAL
2015,2015-12-20,28 - Madrid,EN MAREA - PODEMOS-EN,0,0,Ministerio del Interior / portal oficial de datos abiertos,PRIMARY_OFFICIAL
2015,2015-12-20,28 - Madrid,EN MAREA - PODEMOS-En,0,0,Ministerio del Interior / portal oficial de datos abiertos,PRIMARY_OFFICIAL
2015,2015-12-20,28 - Madrid,EN POSITIU - EN POSITIU,0,0,Ministerio del Interior / portal oficial de datos abiertos,PRIMARY_OFFICIAL
2015,2015-12-20,28 - Madrid,ESCAÑOS EN BLANCO - AULKI ZURIAK - EB - AZ,0,0,Ministerio del Interior / portal oficial de datos abiertos,PRIMARY_OFFICIAL
2015,2015-12-20,28 - Madrid,ESCAÑOS EN BLANCO - EB,0,0,Ministerio del Interior / portal oficial de datos abiertos,PRIMARY_OFFICIAL
2015,2015-12-20,28 - Madrid,ESCAÑOS EN BLANCO-AULKI ZURIAK - EB-AZ,0,0,Ministerio del Interior / portal oficial de datos abiertos,PRIMARY_OFFICIAL
2015,2015-12-20,28 - Madrid,ESCONS EN BLANC/ESCAÑOS EN BLANCO - EB,0,0,Ministerio del Interior / portal oficial de datos abiertos,PRIMARY_OFFICIAL
2015,2015-12-20,28 - Madrid,ESQUERRA REPUBLICANA DE CATALUNYA-CATALUNYA SÍ - ERC-CATSI,0,0,Ministerio del Interior / portal oficial de datos abiertos,PRIMARY_OFFICIAL
2015,2015-12-20,28 - Madrid,ESQUERRA REPUBLICANA DE CATALUNYA-CATALUNYA SÍ - ERC-CATSÍ,0,0,Ministerio del Interior / portal oficial de datos abiertos,PRIMARY_OFFICIAL
2015,2015-12-20,28 - Madrid,EUSKAL HERRIA BILDU (EH Bildu) - EH Bildu,0,0,Ministerio del Interior / portal oficial de datos abiertos,PRIMARY_OFFICIAL
2015,2015-12-20,28 - Madrid,EUSKAL HERRIA BILDU - EH Bildu,0,0,Ministerio del Interior / portal oficial de datos abiertos,PRIMARY_OFFICIAL
2015,2015-12-20,28 - Madrid,EUZKO ALDERDI JELTZALEA-PARTIDO NACIONALISTA VASCO - EAJ-PNV,0,0,Ministerio del Interior / portal oficial de datos abiertos,PRIMARY_OFFICIAL
2015,2015-12-20,28 - Madrid,EXTREMADURA UNIDA-EXTREMEÑOS - EU-eX,0,0,Ministerio del Interior / portal oficial de datos abiertos,PRIMARY_OFFICIAL
2015,2015-12-20,28 - Madrid,EZKERRA-X LA IZQUIERDA - EZKERRA,0,0,Ministerio del Interior / portal oficial de datos abiertos,PRIMARY_OFFICIAL
2015,2015-12-20,28 - Madrid,FALANGE ESPAÑOLA DE LAS JONS - FE de las J,4579,0,Ministerio del Interior / portal oficial de datos abiertos,PRIMARY_OFFICIAL
2015,2015-12-20,28 - Madrid,FORO DEMÓCRATA - FDEE,0,0,Ministerio del Interior / portal oficial de datos abiertos,PRIMARY_OFFICIAL
2015,2015-12-20,28 - Madrid,GEROA BAI - GBAI,0,0,Ministerio del Interior / portal oficial de datos abiertos,PRIMARY_OFFICIAL
2015,2015-12-20,28 - Madrid,INDEPENDIENTES POR ARAGÓN - Independien,0,0,Ministerio del Interior / portal oficial de datos abiertos,PRIMARY_OFFICIAL
2015,2015-12-20,28 - Madrid,INICIATIVA FEMINISTA - IFem,0,0,Ministerio del Interior / portal oficial de datos abiertos,PRIMARY_OFFICIAL
2015,2015-12-20,28 - Madrid,"JUSTIZIA SOCIAL, PARTICIPACIÓN CIUDADANA - JS,PC",0,0,Ministerio del Interior / portal oficial de datos abiertos,PRIMARY_OFFICIAL
2015,2015-12-20,28 - Madrid,"LIBERTAD NAVARRA, LIBERTATE NAFARRA (Ln) - Ln",0,0,Ministerio del Interior / portal oficial de datos abiertos,PRIMARY_OFFICIAL
2015,2015-12-20,28 - Madrid,"LIBERTAD NAVARRA, LIBERTATE NAFARRA - Ln",0,0,Ministerio del Interior / portal oficial de datos abiertos,PRIMARY_OFFICIAL
2015,2015-12-20,28 - Madrid,LIBERTAD NAVARRA-LIBERTATE NAFARRA - Ln,0,0,Ministerio del Interior / portal oficial de datos abiertos,PRIMARY_OFFICIAL
2015,2015-12-20,28 - Madrid,LOS VERDES-ECOPACIFISTAS - CENTRO MODE,0,0,Ministerio del Interior / portal oficial de datos abiertos,PRIMARY_OFFICIAL
2015,2015-12-20,28 - Madrid,MUERTE AL SISTEMA - +MAS+,0,0,Ministerio del Interior / portal oficial de datos abiertos,PRIMARY_OFFICIAL
2015,2015-12-20,28 - Madrid,MÁLAGA POR SÍ - mlgXSÍ,0,0,Ministerio del Interior / portal oficial de datos abiertos,PRIMARY_OFFICIAL
2015,2015-12-20,28 - Madrid,MÉS - MÉS,0,0,Ministerio del Interior / portal oficial de datos abiertos,PRIMARY_OFFICIAL
2015,2015-12-20,28 - Madrid,NÓS-CANDIDATURA GALEGA (BNG-CG-FOGA-PCPG-PG) - NÓS,0,0,Ministerio del Interior / portal oficial de datos abiertos,PRIMARY_OFFICIAL
2015,2015-12-20,28 - Madrid,ONGI ETORRI - OE,0,0,Ministerio del Interior / portal oficial de datos abiertos,PRIMARY_OFFICIAL
2015,2015-12-20,28 - Madrid,PARTIDO ANIMALISTA CONTRA EL MALTRATO ANIMAL (PACM - PACMA,0,0,Ministerio del Interior / portal oficial de datos abiertos,PRIMARY_OFFICIAL
2015,2015-12-20,28 - Madrid,PARTIDO ANIMALISTA CONTRA EL MALTRATO ANIMAL - PACMA,28322,0,Ministerio del Interior / portal oficial de datos abiertos,PRIMARY_OFFICIAL
2015,2015-12-20,28 - Madrid,PARTIDO ANIMALISTA CONTRA O MALTRATO ANIMAL - PACMA,0,0,Ministerio del Interior / portal oficial de datos abiertos,PRIMARY_OFFICIAL
2015,2015-12-20,28 - Madrid,PARTIDO ANIMALISTA-CONTRA EL MALTRATO ANIMAL - PACMA,0,0,Ministerio del Interior / portal oficial de datos abiertos,PRIMARY_OFFICIAL
2015,2015-12-20,28 - Madrid,PARTIDO COMUNISTA DE LOS PUEBLOS DE ESPAÑA - PCPE,1742,0,Ministerio del Interior / portal oficial de datos abiertos,PRIMARY_OFFICIAL
2015,2015-12-20,28 - Madrid,PARTIDO COMUNISTA DEL PUEBLO CANARIO - PCPC,0,0,Ministerio del Interior / portal oficial de datos abiertos,PRIMARY_OFFICIAL
2015,2015-12-20,28 - Madrid,PARTIDO COMUNISTA OBRERO ESPAÑOL - PCOE,0,0,Ministerio del Interior / portal oficial de datos abiertos,PRIMARY_OFFICIAL
2015,2015-12-20,28 - Madrid,PARTIDO DA TERRA - PT,0,0,Ministerio del Interior / portal oficial de datos abiertos,PRIMARY_OFFICIAL
2015,2015-12-20,28 - Madrid,PARTIDO DOS SOCIALISTAS DE GALICIA-PSOE - PSdeG-PSOE,0,0,Ministerio del Interior / portal oficial de datos abiertos,PRIMARY_OFFICIAL
2015,2015-12-20,28 - Madrid,PARTIDO FAMILIA Y VIDA - PFyV,0,0,Ministerio del Interior / portal oficial de datos abiertos,PRIMARY_OFFICIAL
2015,2015-12-20,28 - Madrid,PARTIDO HUMANISTA - PH,1779,0,Ministerio del Interior / portal oficial de datos abiertos,PRIMARY_OFFICIAL
2015,2015-12-20,28 - Madrid,PARTIDO LIBERAL DE DERECHAS - PLD,0,0,Ministerio del Interior / portal oficial de datos abiertos,PRIMARY_OFFICIAL
2015,2015-12-20,28 - Madrid,PARTIDO LIBERTARIO - P-LIB,1075,0,Ministerio del Interior / portal oficial de datos abiertos,PRIMARY_OFFICIAL
2015,2015-12-20,28 - Madrid,PARTIDO POPULAR (PP) - PP,0,0,Ministerio del Interior / portal oficial de datos abiertos,PRIMARY_OFFICIAL
2015,2015-12-20,28 - Madrid,PARTIDO POPULAR - PP,1210219,13,Ministerio del Interior / portal oficial de datos abiertos,PRIMARY_OFFICIAL
2015,2015-12-20,28 - Madrid,PARTIDO POPULAR EN COALICIÓN CON EL PARTIDO ARAGON - PP-PAR,0,0,Ministerio del Interior / portal oficial de datos abiertos,PRIMARY_OFFICIAL
2015,2015-12-20,28 - Madrid,PARTIDO POPULAR-FORO - PP-FORO,0,0,Ministerio del Interior / portal oficial de datos abiertos,PRIMARY_OFFICIAL
2015,2015-12-20,28 - Madrid,PARTIDO POPULAR/PARTIT POPULAR - PP,0,0,Ministerio del Interior / portal oficial de datos abiertos,PRIMARY_OFFICIAL
2015,2015-12-20,28 - Madrid,PARTIDO REGIONALISTA DEL PAÍS LEONÉS - PREPAL,0,0,Ministerio del Interior / portal oficial de datos abiertos,PRIMARY_OFFICIAL
2015,2015-12-20,28 - Madrid,PARTIDO SOCIALISTA DE EUSKADI-EUSKADIKO EZKERRA (P - PSE-EE,0,0,Ministerio del Interior / portal oficial de datos abiertos,PRIMARY_OFFICIAL
2015,2015-12-20,28 - Madrid,PARTIDO SOCIALISTA DE EUSKADI-EUSKADIKO EZKERRA (P - PSE-EE (PSO,0,0,Ministerio del Interior / portal oficial de datos abiertos,PRIMARY_OFFICIAL
2015,2015-12-20,28 - Madrid,PARTIDO SOCIALISTA OBRERO ESPAÑOL - PSOE,645645,6,Ministerio del Interior / portal oficial de datos abiertos,PRIMARY_OFFICIAL
2015,2015-12-20,28 - Madrid,PARTIDO SOCIALISTA OBRERO ESPAÑOL-NUEVA CANARIAS - PSOE-NCa,0,0,Ministerio del Interior / portal oficial de datos abiertos,PRIMARY_OFFICIAL
2015,2015-12-20,28 - Madrid,PARTIT ANIMALISTA CONTRA EL MALTRACTAMENT ANIMAL - PACMA,0,0,Ministerio del Interior / portal oficial de datos abiertos,PRIMARY_OFFICIAL
2015,2015-12-20,28 - Madrid,PARTIT COMUNISTA DEL POBLE DE CATALUNYA - PCPC,0,0,Ministerio del Interior / portal oficial de datos abiertos,PRIMARY_OFFICIAL
2015,2015-12-20,28 - Madrid,PARTIT COMUNISTA DELS POBLES D’ESPANYA - PCPE,0,0,Ministerio del Interior / portal oficial de datos abiertos,PRIMARY_OFFICIAL
2015,2015-12-20,28 - Madrid,PARTIT DELS SOCIALISTES DE CATALUNYA (PSC-PSOE) - PSC,0,0,Ministerio del Interior / portal oficial de datos abiertos,PRIMARY_OFFICIAL
2015,2015-12-20,28 - Madrid,PARTIT DELS SOCIALISTES DE CATALUNYA - PSC-PSOE,0,0,Ministerio del Interior / portal oficial de datos abiertos,PRIMARY_OFFICIAL
2015,2015-12-20,28 - Madrid,PODEMOS - PODEMOS,756257,8,Ministerio del Interior / portal oficial de datos abiertos,PRIMARY_OFFICIAL
2015,2015-12-20,28 - Madrid,PODEMOS-AHAL DUGU - PODEMOS-AHA,0,0,Ministerio del Interior / portal oficial de datos abiertos,PRIMARY_OFFICIAL
2015,2015-12-20,28 - Madrid,PODEMOS-Ahora Alto Aragón en Común - PODEMOS-Aho,0,0,Ministerio del Interior / portal oficial de datos abiertos,PRIMARY_OFFICIAL
2015,2015-12-20,28 - Madrid,PODEMOS/AHAL DUGU - PODEMOS-AHA,0,0,Ministerio del Interior / portal oficial de datos abiertos,PRIMARY_OFFICIAL
2015,2015-12-20,28 - Madrid,POR UN MUNDO MÁS JUSTO - PUM+J,2870,0,Ministerio del Interior / portal oficial de datos abiertos,PRIMARY_OFFICIAL
2015,2015-12-20,28 - Madrid,RECORTES CERO-GRUPO VERDE - RECORTES CE,4037,0,Ministerio del Interior / portal oficial de datos abiertos,PRIMARY_OFFICIAL
2015,2015-12-20,28 - Madrid,SOLIDARIDAD Y AUTOGESTIÓN INTERNACIONALISTA - SAIn,1137,0,Ministerio del Interior / portal oficial de datos abiertos,PRIMARY_OFFICIAL
2015,2015-12-20,28 - Madrid,SOLUCIONA - SOLUCIONA,0,0,Ministerio del Interior / portal oficial de datos abiertos,PRIMARY_OFFICIAL
2015,2015-12-20,28 - Madrid,SOM VALENCIANS - SOMVAL,0,0,Ministerio del Interior / portal oficial de datos abiertos,PRIMARY_OFFICIAL
2015,2015-12-20,28 - Madrid,"UNIDAD POPULAR EN ARAGÓN: IZQUIERDA UNIDA, CHUNTA - IU-CHA-UPeC",0,0,Ministerio del Interior / portal oficial de datos abiertos,PRIMARY_OFFICIAL
2015,2015-12-20,28 - Madrid,UNIDAD POPULAR- ORAIN BATERA:EZKER ANITZA-IZQUIERD - IU-UPeC,0,0,Ministerio del Interior / portal oficial de datos abiertos,PRIMARY_OFFICIAL
2015,2015-12-20,28 - Madrid,UNIDAD POPULAR-IZQUIERDA UNIDA - UNIDAD POPU,0,0,Ministerio del Interior / portal oficial de datos abiertos,PRIMARY_OFFICIAL
2015,2015-12-20,28 - Madrid,UNIDAD POPULAR-ORAIN BATERA:EZKER ANITZA-IZQUIERDA - IU-UPeC,0,0,Ministerio del Interior / portal oficial de datos abiertos,PRIMARY_OFFICIAL
2015,2015-12-20,28 - Madrid,UNIDAD POPULAR-ORAIN BATERA:EZKER ANITZA-IZQUIERDA - IU-UpeC,0,0,Ministerio del Interior / portal oficial de datos abiertos,PRIMARY_OFFICIAL
2015,2015-12-20,28 - Madrid,"UNIDAD POPULAR-ORAIN BATERA:IZQUIERDA UNIDA, BATZA - IU-B-UPeC",0,0,Ministerio del Interior / portal oficial de datos abiertos,PRIMARY_OFFICIAL
2015,2015-12-20,28 - Madrid,"UNIDAD POPULAR: IZQUIERDA UNIDA CANARIA, UNIDAD PO - IUC-UPeC",0,0,Ministerio del Interior / portal oficial de datos abiertos,PRIMARY_OFFICIAL
2015,2015-12-20,28 - Madrid,UNIDAD POPULAR: IZQUIERDA UNIDA LOS VERDES - CONVO - UP: IULV-CA,0,0,Ministerio del Interior / portal oficial de datos abiertos,PRIMARY_OFFICIAL
2015,2015-12-20,28 - Madrid,"UNIDAD POPULAR: IZQUIERDA UNIDA LOS VERDES-CONVOCA - IULV-CA, UP",0,0,Ministerio del Interior / portal oficial de datos abiertos,PRIMARY_OFFICIAL
2015,2015-12-20,28 - Madrid,"UNIDAD POPULAR: IZQUIERDA UNIDA LOS VERDES-CONVOCA - IULV-CA,UPe",0,0,Ministerio del Interior / portal oficial de datos abiertos,PRIMARY_OFFICIAL
2015,2015-12-20,28 - Madrid,"UNIDAD POPULAR: IZQUIERDA UNIDA, UNIDAD POPULAR EN - IU-UPeC",190193,2,Ministerio del Interior / portal oficial de datos abiertos,PRIMARY_OFFICIAL
2015,2015-12-20,28 - Madrid,"UNIDAD POPULAR: IZQUIERDA UNIDA, UNIDAD POPULAR EN - IU-UPeC-IAS",0,0,Ministerio del Interior / portal oficial de datos abiertos,PRIMARY_OFFICIAL
2015,2015-12-20,28 - Madrid,"UNIDAD POPULAR: IZQUIERDA UNIDA, UNIDAD POPULAR EN - UP-UPeC",0,0,Ministerio del Interior / portal oficial de datos abiertos,PRIMARY_OFFICIAL
2015,2015-12-20,28 - Madrid,"UNIDAD POPULAR: IZQUIERDA UNIDA, UNIDAD POPULAR EN - UPeC-IU-IZC",0,0,Ministerio del Interior / portal oficial de datos abiertos,PRIMARY_OFFICIAL
2015,2015-12-20,28 - Madrid,UNIDAD POPULAR: IZQUIERDA UNIDA-UNIDAD POPULAR EN - IU-UPeC,0,0,Ministerio del Interior / portal oficial de datos abiertos,PRIMARY_OFFICIAL
2015,2015-12-20,28 - Madrid,UNIDAD POPULAR: IZQUIERDA UNIDA. UNIDAD POPULAR EN - IU-UPeC,0,0,Ministerio del Interior / portal oficial de datos abiertos,PRIMARY_OFFICIAL
2015,2015-12-20,28 - Madrid,"UNIDAD POPULAR: UNIDAD POPULAR EN COMÚN, IZQUIERDA - UPeC-IU",0,0,Ministerio del Interior / portal oficial de datos abiertos,PRIMARY_OFFICIAL
2015,2015-12-20,28 - Madrid,"UNITAT POPULAR BALEARS: IZQUIERDA UNIDA, UNIDAD PO - UPB: IU-UPe",0,0,Ministerio del Interior / portal oficial de datos abiertos,PRIMARY_OFFICIAL
2015,2015-12-20,28 - Madrid,"UNITAT POPULAR: ESQUERRA UNIDA DEL PAÍS VALENCIÀ, - EUPV-UPeC",0,0,Ministerio del Interior / portal oficial de datos abiertos,PRIMARY_OFFICIAL
2015,2015-12-20,28 - Madrid,"UNITAT POPULAR:ESQUERRA UNIDA DEL PAÍS VALENCIÀ, U - EUPV-UPeC",0,0,Ministerio del Interior / portal oficial de datos abiertos,PRIMARY_OFFICIAL
2015,2015-12-20,28 - Madrid,UNIÓ DEMOCRÀTICA DE CATALUNYA - Unio.Cat,0,0,Ministerio del Interior / portal oficial de datos abiertos,PRIMARY_OFFICIAL
2015,2015-12-20,28 - Madrid,UNIÓ DEMOCRÀTICA DE CATALUNYA - unio.cat,0,0,Ministerio del Interior / portal oficial de datos abiertos,PRIMARY_OFFICIAL
2015,2015-12-20,28 - Madrid,UNIÓN DEL PUEBLO NAVARRO EN COALICIÓN CON EL PARTI - UPN-PP,0,0,Ministerio del Interior / portal oficial de datos abiertos,PRIMARY_OFFICIAL
2015,2015-12-20,28 - Madrid,UNIÓN PROGRESO Y DEMOCRACIA (UPYD) - UPYD,0,0,Ministerio del Interior / portal oficial de datos abiertos,PRIMARY_OFFICIAL
2015,2015-12-20,28 - Madrid,UNIÓN PROGRESO Y DEMOCRACIA - UPYD,43508,0,Ministerio del Interior / portal oficial de datos abiertos,PRIMARY_OFFICIAL
2015,2015-12-20,28 - Madrid,VOX - VOX,22643,0,Ministerio del Interior / portal oficial de datos abiertos,PRIMARY_OFFICIAL
2015,2015-12-20,28 - Madrid,X A ESQUERDA - X ESQ,0,0,Ministerio del Interior / portal oficial de datos abiertos,PRIMARY_OFFICIAL
2015,2015-12-20,28 - Madrid,X LA IZQUIERDA-LOS VERDES - X LA IZQUIE,4994,0,Ministerio del Interior / portal oficial de datos abiertos,PRIMARY_OFFICIAL
2015,2015-12-20,29 - Málaga,"""EN COMÚ PODEM"" - EN COMÚ",0,0,Ministerio del Interior / portal oficial de datos abiertos,PRIMARY_OFFICIAL
2015,2015-12-20,29 - Málaga,ANDALUCES DE JAÉN UNIDOS - AJU,0,0,Ministerio del Interior / portal oficial de datos abiertos,PRIMARY_OFFICIAL
2015,2015-12-20,29 - Málaga,"ARA, PAÍS VALENCIÀ - ARA, PV",0,0,Ministerio del Interior / portal oficial de datos abiertos,PRIMARY_OFFICIAL
2015,2015-12-20,29 - Málaga,"ARA, PAÍS VALENCIÀ - ARAPV",0,0,Ministerio del Interior / portal oficial de datos abiertos,PRIMARY_OFFICIAL
2015,2015-12-20,29 - Málaga,AVANT VALENCIANS - AVANT,0,0,Ministerio del Interior / portal oficial de datos abiertos,PRIMARY_OFFICIAL
2015,2015-12-20,29 - Málaga,BIDEZKO MUNDURANTZ/POR UN MUNDO MÁS JUSTO - PUM+J,0,0,Ministerio del Interior / portal oficial de datos abiertos,PRIMARY_OFFICIAL
2015,2015-12-20,29 - Málaga,"CANARIAS DECIDE: LOS VERDES, UNIDAD DEL PUEBLO Y A - CANARIAS DE",0,0,Ministerio del Interior / portal oficial de datos abiertos,PRIMARY_OFFICIAL
2015,2015-12-20,29 - Málaga,CIUDADANOS DE CENTRO DEMOCRÁTICO - CCD,0,0,Ministerio del Interior / portal oficial de datos abiertos,PRIMARY_OFFICIAL
2015,2015-12-20,29 - Málaga,CIUDADANOS LIBRES UNIDOS - CILUS,0,0,Ministerio del Interior / portal oficial de datos abiertos,PRIMARY_OFFICIAL
2015,2015-12-20,29 - Málaga,CIUDADANOS PARTIDO DE LA CIUDADANÍA - C's,0,0,Ministerio del Interior / portal oficial de datos abiertos,PRIMARY_OFFICIAL
2015,2015-12-20,29 - Málaga,CIUDADANOS PARTIDO DE LA CIUDADANÍA - C´s,0,0,Ministerio del Interior / portal oficial de datos abiertos,PRIMARY_OFFICIAL
2015,2015-12-20,29 - Málaga,CIUDADANOS RURALES AGRUPADOS - CRA,0,0,Ministerio del Interior / portal oficial de datos abiertos,PRIMARY_OFFICIAL
2015,2015-12-20,29 - Málaga,"CIUDADANOS, PARTIDO DE LA CIUDADANÍA - C's",0,0,Ministerio del Interior / portal oficial de datos abiertos,PRIMARY_OFFICIAL
2015,2015-12-20,29 - Málaga,"CIUDADANOS, PARTIDO DE LA CIUDADANÍA - C´s",0,0,Ministerio del Interior / portal oficial de datos abiertos,PRIMARY_OFFICIAL
2015,2015-12-20,29 - Málaga,CIUDADANOS-PARTIDO DE LA CIUDADANÍA (C's) - C's,0,0,Ministerio del Interior / portal oficial de datos abiertos,PRIMARY_OFFICIAL
2015,2015-12-20,29 - Málaga,CIUDADANOS-PARTIDO DE LA CIUDADANÍA - C's,132586,2,Ministerio del Interior / portal oficial de datos abiertos,PRIMARY_OFFICIAL
2015,2015-12-20,29 - Málaga,CIUDADANOS-PARTIDO DE LA CIUDADANÍA - C´s,0,0,Ministerio del Interior / portal oficial de datos abiertos,PRIMARY_OFFICIAL
2015,2015-12-20,29 - Málaga,CIUTADANS - PARTIDO DE LA CIUDADANÍA - C's,0,0,Ministerio del Interior / portal oficial de datos abiertos,PRIMARY_OFFICIAL
2015,2015-12-20,29 - Málaga,CIUTADANS-PARTIDO DE LA CIUDADANÍA - C's,0,0,Ministerio del Interior / portal oficial de datos abiertos,PRIMARY_OFFICIAL
2015,2015-12-20,29 - Málaga,COALICIÓN CANARIA - PARTIDO NACIONALISTA CANARIO - CCa-PNC,0,0,Ministerio del Interior / portal oficial de datos abiertos,PRIMARY_OFFICIAL
2015,2015-12-20,29 - Málaga,COALICIÓN CANARIA-PARTIDO NACIONALISTA CANARIO - CCa-PNC,0,0,Ministerio del Interior / portal oficial de datos abiertos,PRIMARY_OFFICIAL
2015,2015-12-20,29 - Málaga,COMPROMÍS-PODEMOS-ÉS EL MOMENT - PODEMOS - C,0,0,Ministerio del Interior / portal oficial de datos abiertos,PRIMARY_OFFICIAL
2015,2015-12-20,29 - Málaga,COMPROMÍS-PODEMOS-ÉS EL MOMENT - PODEMOS-COM,0,0,Ministerio del Interior / portal oficial de datos abiertos,PRIMARY_OFFICIAL
2015,2015-12-20,29 - Málaga,COMUNISTAS DA GALIZA - PCPE,0,0,Ministerio del Interior / portal oficial de datos abiertos,PRIMARY_OFFICIAL
2015,2015-12-20,29 - Málaga,COMUNISTAS DA GALIZA-PCPE - PCPE,0,0,Ministerio del Interior / portal oficial de datos abiertos,PRIMARY_OFFICIAL
2015,2015-12-20,29 - Málaga,DEMOCRACIA NACIONAL - DN,0,0,Ministerio del Interior / portal oficial de datos abiertos,PRIMARY_OFFICIAL
2015,2015-12-20,29 - Málaga,DEMOCRÀCIA I LLIBERTAT. CONVERGÈNCIA. DEMÒCRATES. - DL,0,0,Ministerio del Interior / portal oficial de datos abiertos,PRIMARY_OFFICIAL
2015,2015-12-20,29 - Málaga,EL PI - PROPOSTA PER LES ILLES - EL PI,0,0,Ministerio del Interior / portal oficial de datos abiertos,PRIMARY_OFFICIAL
2015,2015-12-20,29 - Málaga,EN COMÚ PODEM - EN COMÚ,0,0,Ministerio del Interior / portal oficial de datos abiertos,PRIMARY_OFFICIAL
2015,2015-12-20,29 - Málaga,EN MAREA - PODEMOS-EN,0,0,Ministerio del Interior / portal oficial de datos abiertos,PRIMARY_OFFICIAL
2015,2015-12-20,29 - Málaga,EN MAREA - PODEMOS-En,0,0,Ministerio del Interior / portal oficial de datos abiertos,PRIMARY_OFFICIAL
2015,2015-12-20,29 - Málaga,EN POSITIU - EN POSITIU,0,0,Ministerio del Interior / portal oficial de datos abiertos,PRIMARY_OFFICIAL
2015,2015-12-20,29 - Málaga,ESCAÑOS EN BLANCO - AULKI ZURIAK - EB - AZ,0,0,Ministerio del Interior / portal oficial de datos abiertos,PRIMARY_OFFICIAL
2015,2015-12-20,29 - Málaga,ESCAÑOS EN BLANCO - EB,0,0,Ministerio del Interior / portal oficial de datos abiertos,PRIMARY_OFFICIAL
2015,2015-12-20,29 - Málaga,ESCAÑOS EN BLANCO-AULKI ZURIAK - EB-AZ,0,0,Ministerio del Interior / portal oficial de datos abiertos,PRIMARY_OFFICIAL
2015,2015-12-20,29 - Málaga,ESCONS EN BLANC/ESCAÑOS EN BLANCO - EB,0,0,Ministerio del Interior / portal oficial de datos abiertos,PRIMARY_OFFICIAL
2015,2015-12-20,29 - Málaga,ESQUERRA REPUBLICANA DE CATALUNYA-CATALUNYA SÍ - ERC-CATSI,0,0,Ministerio del Interior / portal oficial de datos abiertos,PRIMARY_OFFICIAL
2015,2015-12-20,29 - Málaga,ESQUERRA REPUBLICANA DE CATALUNYA-CATALUNYA SÍ - ERC-CATSÍ,0,0,Ministerio del Interior / portal oficial de datos abiertos,PRIMARY_OFFICIAL
2015,2015-12-20,29 - Málaga,EUSKAL HERRIA BILDU (EH Bildu) - EH Bildu,0,0,Ministerio del Interior / portal oficial de datos abiertos,PRIMARY_OFFICIAL
2015,2015-12-20,29 - Málaga,EUSKAL HERRIA BILDU - EH Bildu,0,0,Ministerio del Interior / portal oficial de datos abiertos,PRIMARY_OFFICIAL
2015,2015-12-20,29 - Málaga,EUZKO ALDERDI JELTZALEA-PARTIDO NACIONALISTA VASCO - EAJ-PNV,0,0,Ministerio del Interior / portal oficial de datos abiertos,PRIMARY_OFFICIAL
2015,2015-12-20,29 - Málaga,EXTREMADURA UNIDA-EXTREMEÑOS - EU-eX,0,0,Ministerio del Interior / portal oficial de datos abiertos,PRIMARY_OFFICIAL
2015,2015-12-20,29 - Málaga,EZKERRA-X LA IZQUIERDA - EZKERRA,0,0,Ministerio del Interior / portal oficial de datos abiertos,PRIMARY_OFFICIAL
2015,2015-12-20,29 - Málaga,FALANGE ESPAÑOLA DE LAS JONS - FE de las J,0,0,Ministerio del Interior / portal oficial de datos abiertos,PRIMARY_OFFICIAL
2015,2015-12-20,29 - Málaga,FORO DEMÓCRATA - FDEE,0,0,Ministerio del Interior / portal oficial de datos abiertos,PRIMARY_OFFICIAL
2015,2015-12-20,29 - Málaga,GEROA BAI - GBAI,0,0,Ministerio del Interior / portal oficial de datos abiertos,PRIMARY_OFFICIAL
2015,2015-12-20,29 - Málaga,INDEPENDIENTES POR ARAGÓN - Independien,0,0,Ministerio del Interior / portal oficial de datos abiertos,PRIMARY_OFFICIAL
2015,2015-12-20,29 - Málaga,INICIATIVA FEMINISTA - IFem,0,0,Ministerio del Interior / portal oficial de datos abiertos,PRIMARY_OFFICIAL
2015,2015-12-20,29 - Málaga,"JUSTIZIA SOCIAL, PARTICIPACIÓN CIUDADANA - JS,PC",0,0,Ministerio del Interior / portal oficial de datos abiertos,PRIMARY_OFFICIAL
2015,2015-12-20,29 - Málaga,"LIBERTAD NAVARRA, LIBERTATE NAFARRA (Ln) - Ln",0,0,Ministerio del Interior / portal oficial de datos abiertos,PRIMARY_OFFICIAL
2015,2015-12-20,29 - Málaga,"LIBERTAD NAVARRA, LIBERTATE NAFARRA - Ln",0,0,Ministerio del Interior / portal oficial de datos abiertos,PRIMARY_OFFICIAL
2015,2015-12-20,29 - Málaga,LIBERTAD NAVARRA-LIBERTATE NAFARRA - Ln,0,0,Ministerio del Interior / portal oficial de datos abiertos,PRIMARY_OFFICIAL
2015,2015-12-20,29 - Málaga,LOS VERDES-ECOPACIFISTAS - CENTRO MODE,0,0,Ministerio del Interior / portal oficial de datos abiertos,PRIMARY_OFFICIAL
2015,2015-12-20,29 - Málaga,MUERTE AL SISTEMA - +MAS+,0,0,Ministerio del Interior / portal oficial de datos abiertos,PRIMARY_OFFICIAL
2015,2015-12-20,29 - Málaga,MÁLAGA POR SÍ - mlgXSÍ,934,0,Ministerio del Interior / portal oficial de datos abiertos,PRIMARY_OFFICIAL
2015,2015-12-20,29 - Málaga,MÉS - MÉS,0,0,Ministerio del Interior / portal oficial de datos abiertos,PRIMARY_OFFICIAL
2015,2015-12-20,29 - Málaga,NÓS-CANDIDATURA GALEGA (BNG-CG-FOGA-PCPG-PG) - NÓS,0,0,Ministerio del Interior / portal oficial de datos abiertos,PRIMARY_OFFICIAL
2015,2015-12-20,29 - Málaga,ONGI ETORRI - OE,0,0,Ministerio del Interior / portal oficial de datos abiertos,PRIMARY_OFFICIAL
2015,2015-12-20,29 - Málaga,PARTIDO ANIMALISTA CONTRA EL MALTRATO ANIMAL (PACM - PACMA,0,0,Ministerio del Interior / portal oficial de datos abiertos,PRIMARY_OFFICIAL
2015,2015-12-20,29 - Málaga,PARTIDO ANIMALISTA CONTRA EL MALTRATO ANIMAL - PACMA,8886,0,Ministerio del Interior / portal oficial de datos abiertos,PRIMARY_OFFICIAL
2015,2015-12-20,29 - Málaga,PARTIDO ANIMALISTA CONTRA O MALTRATO ANIMAL - PACMA,0,0,Ministerio del Interior / portal oficial de datos abiertos,PRIMARY_OFFICIAL
2015,2015-12-20,29 - Málaga,PARTIDO ANIMALISTA-CONTRA EL MALTRATO ANIMAL - PACMA,0,0,Ministerio del Interior / portal oficial de datos abiertos,PRIMARY_OFFICIAL
2015,2015-12-20,29 - Málaga,PARTIDO COMUNISTA DE LOS PUEBLOS DE ESPAÑA - PCPE,1029,0,Ministerio del Interior / portal oficial de datos abiertos,PRIMARY_OFFICIAL
2015,2015-12-20,29 - Málaga,PARTIDO COMUNISTA DEL PUEBLO CANARIO - PCPC,0,0,Ministerio del Interior / portal oficial de datos abiertos,PRIMARY_OFFICIAL
2015,2015-12-20,29 - Málaga,PARTIDO COMUNISTA OBRERO ESPAÑOL - PCOE,0,0,Ministerio del Interior / portal oficial de datos abiertos,PRIMARY_OFFICIAL
2015,2015-12-20,29 - Málaga,PARTIDO DA TERRA - PT,0,0,Ministerio del Interior / portal oficial de datos abiertos,PRIMARY_OFFICIAL
2015,2015-12-20,29 - Málaga,PARTIDO DOS SOCIALISTAS DE GALICIA-PSOE - PSdeG-PSOE,0,0,Ministerio del Interior / portal oficial de datos abiertos,PRIMARY_OFFICIAL
2015,2015-12-20,29 - Málaga,PARTIDO FAMILIA Y VIDA - PFyV,0,0,Ministerio del Interior / portal oficial de datos abiertos,PRIMARY_OFFICIAL
2015,2015-12-20,29 - Málaga,PARTIDO HUMANISTA - PH,0,0,Ministerio del Interior / portal oficial de datos abiertos,PRIMARY_OFFICIAL
2015,2015-12-20,29 - Málaga,PARTIDO LIBERAL DE DERECHAS - PLD,0,0,Ministerio del Interior / portal oficial de datos abiertos,PRIMARY_OFFICIAL
2015,2015-12-20,29 - Málaga,PARTIDO LIBERTARIO - P-LIB,290,0,Ministerio del Interior / portal oficial de datos abiertos,PRIMARY_OFFICIAL
2015,2015-12-20,29 - Málaga,PARTIDO POPULAR (PP) - PP,0,0,Ministerio del Interior / portal oficial de datos abiertos,PRIMARY_OFFICIAL
2015,2015-12-20,29 - Málaga,PARTIDO POPULAR - PP,224745,4,Ministerio del Interior / portal oficial de datos abiertos,PRIMARY_OFFICIAL
2015,2015-12-20,29 - Málaga,PARTIDO POPULAR EN COALICIÓN CON EL PARTIDO ARAGON - PP-PAR,0,0,Ministerio del Interior / portal oficial de datos abiertos,PRIMARY_OFFICIAL
2015,2015-12-20,29 - Málaga,PARTIDO POPULAR-FORO - PP-FORO,0,0,Ministerio del Interior / portal oficial de datos abiertos,PRIMARY_OFFICIAL
2015,2015-12-20,29 - Málaga,PARTIDO POPULAR/PARTIT POPULAR - PP,0,0,Ministerio del Interior / portal oficial de datos abiertos,PRIMARY_OFFICIAL
2015,2015-12-20,29 - Málaga,PARTIDO REGIONALISTA DEL PAÍS LEONÉS - PREPAL,0,0,Ministerio del Interior / portal oficial de datos abiertos,PRIMARY_OFFICIAL
2015,2015-12-20,29 - Málaga,PARTIDO SOCIALISTA DE EUSKADI-EUSKADIKO EZKERRA (P - PSE-EE,0,0,Ministerio del Interior / portal oficial de datos abiertos,PRIMARY_OFFICIAL
2015,2015-12-20,29 - Málaga,PARTIDO SOCIALISTA DE EUSKADI-EUSKADIKO EZKERRA (P - PSE-EE (PSO,0,0,Ministerio del Interior / portal oficial de datos abiertos,PRIMARY_OFFICIAL
2015,2015-12-20,29 - Málaga,PARTIDO SOCIALISTA OBRERO ESPAÑOL - PSOE,208896,3,Ministerio del Interior / portal oficial de datos abiertos,PRIMARY_OFFICIAL
2015,2015-12-20,29 - Málaga,PARTIDO SOCIALISTA OBRERO ESPAÑOL-NUEVA CANARIAS - PSOE-NCa,0,0,Ministerio del Interior / portal oficial de datos abiertos,PRIMARY_OFFICIAL
2015,2015-12-20,29 - Málaga,PARTIT ANIMALISTA CONTRA EL MALTRACTAMENT ANIMAL - PACMA,0,0,Ministerio del Interior / portal oficial de datos abiertos,PRIMARY_OFFICIAL
2015,2015-12-20,29 - Málaga,PARTIT COMUNISTA DEL POBLE DE CATALUNYA - PCPC,0,0,Ministerio del Interior / portal oficial de datos abiertos,PRIMARY_OFFICIAL
2015,2015-12-20,29 - Málaga,PARTIT COMUNISTA DELS POBLES D’ESPANYA - PCPE,0,0,Ministerio del Interior / portal oficial de datos abiertos,PRIMARY_OFFICIAL
2015,2015-12-20,29 - Málaga,PARTIT DELS SOCIALISTES DE CATALUNYA (PSC-PSOE) - PSC,0,0,Ministerio del Interior / portal oficial de datos abiertos,PRIMARY_OFFICIAL
2015,2015-12-20,29 - Málaga,PARTIT DELS SOCIALISTES DE CATALUNYA - PSC-PSOE,0,0,Ministerio del Interior / portal oficial de datos abiertos,PRIMARY_OFFICIAL
2015,2015-12-20,29 - Málaga,PODEMOS - PODEMOS,132980,2,Ministerio del Interior / portal oficial de datos abiertos,PRIMARY_OFFICIAL
2015,2015-12-20,29 - Málaga,PODEMOS-AHAL DUGU - PODEMOS-AHA,0,0,Ministerio del Interior / portal oficial de datos abiertos,PRIMARY_OFFICIAL
2015,2015-12-20,29 - Málaga,PODEMOS-Ahora Alto Aragón en Común - PODEMOS-Aho,0,0,Ministerio del Interior / portal oficial de datos abiertos,PRIMARY_OFFICIAL
2015,2015-12-20,29 - Málaga,PODEMOS/AHAL DUGU - PODEMOS-AHA,0,0,Ministerio del Interior / portal oficial de datos abiertos,PRIMARY_OFFICIAL
2015,2015-12-20,29 - Málaga,POR UN MUNDO MÁS JUSTO - PUM+J,0,0,Ministerio del Interior / portal oficial de datos abiertos,PRIMARY_OFFICIAL
2015,2015-12-20,29 - Málaga,RECORTES CERO-GRUPO VERDE - RECORTES CE,974,0,Ministerio del Interior / portal oficial de datos abiertos,PRIMARY_OFFICIAL
2015,2015-12-20,29 - Málaga,SOLIDARIDAD Y AUTOGESTIÓN INTERNACIONALISTA - SAIn,0,0,Ministerio del Interior / portal oficial de datos abiertos,PRIMARY_OFFICIAL
2015,2015-12-20,29 - Málaga,SOLUCIONA - SOLUCIONA,409,0,Ministerio del Interior / portal oficial de datos abiertos,PRIMARY_OFFICIAL
2015,2015-12-20,29 - Málaga,SOM VALENCIANS - SOMVAL,0,0,Ministerio del Interior / portal oficial de datos abiertos,PRIMARY_OFFICIAL
2015,2015-12-20,29 - Málaga,"UNIDAD POPULAR EN ARAGÓN: IZQUIERDA UNIDA, CHUNTA - IU-CHA-UPeC",0,0,Ministerio del Interior / portal oficial de datos abiertos,PRIMARY_OFFICIAL
2015,2015-12-20,29 - Málaga,UNIDAD POPULAR- ORAIN BATERA:EZKER ANITZA-IZQUIERD - IU-UPeC,0,0,Ministerio del Interior / portal oficial de datos abiertos,PRIMARY_OFFICIAL
2015,2015-12-20,29 - Málaga,UNIDAD POPULAR-IZQUIERDA UNIDA - UNIDAD POPU,0,0,Ministerio del Interior / portal oficial de datos abiertos,PRIMARY_OFFICIAL
2015,2015-12-20,29 - Málaga,UNIDAD POPULAR-ORAIN BATERA:EZKER ANITZA-IZQUIERDA - IU-UPeC,0,0,Ministerio del Interior / portal oficial de datos abiertos,PRIMARY_OFFICIAL
2015,2015-12-20,29 - Málaga,UNIDAD POPULAR-ORAIN BATERA:EZKER ANITZA-IZQUIERDA - IU-UpeC,0,0,Ministerio del Interior / portal oficial de datos abiertos,PRIMARY_OFFICIAL
2015,2015-12-20,29 - Málaga,"UNIDAD POPULAR-ORAIN BATERA:IZQUIERDA UNIDA, BATZA - IU-B-UPeC",0,0,Ministerio del Interior / portal oficial de datos abiertos,PRIMARY_OFFICIAL
2015,2015-12-20,29 - Málaga,"UNIDAD POPULAR: IZQUIERDA UNIDA CANARIA, UNIDAD PO - IUC-UPeC",0,0,Ministerio del Interior / portal oficial de datos abiertos,PRIMARY_OFFICIAL
2015,2015-12-20,29 - Málaga,UNIDAD POPULAR: IZQUIERDA UNIDA LOS VERDES - CONVO - UP: IULV-CA,0,0,Ministerio del Interior / portal oficial de datos abiertos,PRIMARY_OFFICIAL
2015,2015-12-20,29 - Málaga,"UNIDAD POPULAR: IZQUIERDA UNIDA LOS VERDES-CONVOCA - IULV-CA, UP",52772,0,Ministerio del Interior / portal oficial de datos abiertos,PRIMARY_OFFICIAL
2015,2015-12-20,29 - Málaga,"UNIDAD POPULAR: IZQUIERDA UNIDA LOS VERDES-CONVOCA - IULV-CA,UPe",0,0,Ministerio del Interior / portal oficial de datos abiertos,PRIMARY_OFFICIAL
2015,2015-12-20,29 - Málaga,"UNIDAD POPULAR: IZQUIERDA UNIDA, UNIDAD POPULAR EN - IU-UPeC",0,0,Ministerio del Interior / portal oficial de datos abiertos,PRIMARY_OFFICIAL
2015,2015-12-20,29 - Málaga,"UNIDAD POPULAR: IZQUIERDA UNIDA, UNIDAD POPULAR EN - IU-UPeC-IAS",0,0,Ministerio del Interior / portal oficial de datos abiertos,PRIMARY_OFFICIAL
2015,2015-12-20,29 - Málaga,"UNIDAD POPULAR: IZQUIERDA UNIDA, UNIDAD POPULAR EN - UP-UPeC",0,0,Ministerio del Interior / portal oficial de datos abiertos,PRIMARY_OFFICIAL
2015,2015-12-20,29 - Málaga,"UNIDAD POPULAR: IZQUIERDA UNIDA, UNIDAD POPULAR EN - UPeC-IU-IZC",0,0,Ministerio del Interior / portal oficial de datos abiertos,PRIMARY_OFFICIAL
2015,2015-12-20,29 - Málaga,UNIDAD POPULAR: IZQUIERDA UNIDA-UNIDAD POPULAR EN - IU-UPeC,0,0,Ministerio del Interior / portal oficial de datos abiertos,PRIMARY_OFFICIAL
2015,2015-12-20,29 - Málaga,UNIDAD POPULAR: IZQUIERDA UNIDA. UNIDAD POPULAR EN - IU-UPeC,0,0,Ministerio del Interior / portal oficial de datos abiertos,PRIMARY_OFFICIAL
2015,2015-12-20,29 - Málaga,"UNIDAD POPULAR: UNIDAD POPULAR EN COMÚN, IZQUIERDA - UPeC-IU",0,0,Ministerio del Interior / portal oficial de datos abiertos,PRIMARY_OFFICIAL
2015,2015-12-20,29 - Málaga,"UNITAT POPULAR BALEARS: IZQUIERDA UNIDA, UNIDAD PO - UPB: IU-UPe",0,0,Ministerio del Interior / portal oficial de datos abiertos,PRIMARY_OFFICIAL
2015,2015-12-20,29 - Málaga,"UNITAT POPULAR: ESQUERRA UNIDA DEL PAÍS VALENCIÀ, - EUPV-UPeC",0,0,Ministerio del Interior / portal oficial de datos abiertos,PRIMARY_OFFICIAL
2015,2015-12-20,29 - Málaga,"UNITAT POPULAR:ESQUERRA UNIDA DEL PAÍS VALENCIÀ, U - EUPV-UPeC",0,0,Ministerio del Interior / portal oficial de datos abiertos,PRIMARY_OFFICIAL
2015,2015-12-20,29 - Málaga,UNIÓ DEMOCRÀTICA DE CATALUNYA - Unio.Cat,0,0,Ministerio del Interior / portal oficial de datos abiertos,PRIMARY_OFFICIAL
2015,2015-12-20,29 - Málaga,UNIÓ DEMOCRÀTICA DE CATALUNYA - unio.cat,0,0,Ministerio del Interior / portal oficial de datos abiertos,PRIMARY_OFFICIAL
2015,2015-12-20,29 - Málaga,UNIÓN DEL PUEBLO NAVARRO EN COALICIÓN CON EL PARTI - UPN-PP,0,0,Ministerio del Interior / portal oficial de datos abiertos,PRIMARY_OFFICIAL
2015,2015-12-20,29 - Málaga,UNIÓN PROGRESO Y DEMOCRACIA (UPYD) - UPYD,0,0,Ministerio del Interior / portal oficial de datos abiertos,PRIMARY_OFFICIAL
2015,2015-12-20,29 - Málaga,UNIÓN PROGRESO Y DEMOCRACIA - UPYD,4522,0,Ministerio del Interior / portal oficial de datos abiertos,PRIMARY_OFFICIAL
2015,2015-12-20,29 - Málaga,VOX - VOX,1817,0,Ministerio del Interior / portal oficial de datos abiertos,PRIMARY_OFFICIAL
2015,2015-12-20,29 - Málaga,X A ESQUERDA - X ESQ,0,0,Ministerio del Interior / portal oficial de datos abiertos,PRIMARY_OFFICIAL
2015,2015-12-20,29 - Málaga,X LA IZQUIERDA-LOS VERDES - X LA IZQUIE,0,0,Ministerio del Interior / portal oficial de datos abiertos,PRIMARY_OFFICIAL
2015,2015-12-20,3 - Alicante/Alacant,"""EN COMÚ PODEM"" - EN COMÚ",0,0,Ministerio del Interior / portal oficial de datos abiertos,PRIMARY_OFFICIAL
2015,2015-12-20,3 - Alicante/Alacant,ANDALUCES DE JAÉN UNIDOS - AJU,0,0,Ministerio del Interior / portal oficial de datos abiertos,PRIMARY_OFFICIAL
2015,2015-12-20,3 - Alicante/Alacant,"ARA, PAÍS VALENCIÀ - ARA, PV",0,0,Ministerio del Interior / portal oficial de datos abiertos,PRIMARY_OFFICIAL
2015,2015-12-20,3 - Alicante/Alacant,"ARA, PAÍS VALENCIÀ - ARAPV",608,0,Ministerio del Interior / portal oficial de datos abiertos,PRIMARY_OFFICIAL
2015,2015-12-20,3 - Alicante/Alacant,AVANT VALENCIANS - AVANT,0,0,Ministerio del Interior / portal oficial de datos abiertos,PRIMARY_OFFICIAL
2015,2015-12-20,3 - Alicante/Alacant,BIDEZKO MUNDURANTZ/POR UN MUNDO MÁS JUSTO - PUM+J,0,0,Ministerio del Interior / portal oficial de datos abiertos,PRIMARY_OFFICIAL
2015,2015-12-20,3 - Alicante/Alacant,"CANARIAS DECIDE: LOS VERDES, UNIDAD DEL PUEBLO Y A - CANARIAS DE",0,0,Ministerio del Interior / portal oficial de datos abiertos,PRIMARY_OFFICIAL
2015,2015-12-20,3 - Alicante/Alacant,CIUDADANOS DE CENTRO DEMOCRÁTICO - CCD,0,0,Ministerio del Interior / portal oficial de datos abiertos,PRIMARY_OFFICIAL
2015,2015-12-20,3 - Alicante/Alacant,CIUDADANOS LIBRES UNIDOS - CILUS,0,0,Ministerio del Interior / portal oficial de datos abiertos,PRIMARY_OFFICIAL
2015,2015-12-20,3 - Alicante/Alacant,CIUDADANOS PARTIDO DE LA CIUDADANÍA - C's,0,0,Ministerio del Interior / portal oficial de datos abiertos,PRIMARY_OFFICIAL
2015,2015-12-20,3 - Alicante/Alacant,CIUDADANOS PARTIDO DE LA CIUDADANÍA - C´s,0,0,Ministerio del Interior / portal oficial de datos abiertos,PRIMARY_OFFICIAL
2015,2015-12-20,3 - Alicante/Alacant,CIUDADANOS RURALES AGRUPADOS - CRA,0,0,Ministerio del Interior / portal oficial de datos abiertos,PRIMARY_OFFICIAL
2015,2015-12-20,3 - Alicante/Alacant,"CIUDADANOS, PARTIDO DE LA CIUDADANÍA - C's",0,0,Ministerio del Interior / portal oficial de datos abiertos,PRIMARY_OFFICIAL
2015,2015-12-20,3 - Alicante/Alacant,"CIUDADANOS, PARTIDO DE LA CIUDADANÍA - C´s",0,0,Ministerio del Interior / portal oficial de datos abiertos,PRIMARY_OFFICIAL
2015,2015-12-20,3 - Alicante/Alacant,CIUDADANOS-PARTIDO DE LA CIUDADANÍA (C's) - C's,0,0,Ministerio del Interior / portal oficial de datos abiertos,PRIMARY_OFFICIAL
2015,2015-12-20,3 - Alicante/Alacant,CIUDADANOS-PARTIDO DE LA CIUDADANÍA - C's,154397,2,Ministerio del Interior / portal oficial de datos abiertos,PRIMARY_OFFICIAL
2015,2015-12-20,3 - Alicante/Alacant,CIUDADANOS-PARTIDO DE LA CIUDADANÍA - C´s,0,0,Ministerio del Interior / portal oficial de datos abiertos,PRIMARY_OFFICIAL
2015,2015-12-20,3 - Alicante/Alacant,CIUTADANS - PARTIDO DE LA CIUDADANÍA - C's,0,0,Ministerio del Interior / portal oficial de datos abiertos,PRIMARY_OFFICIAL
2015,2015-12-20,3 - Alicante/Alacant,CIUTADANS-PARTIDO DE LA CIUDADANÍA - C's,0,0,Ministerio del Interior / portal oficial de datos abiertos,PRIMARY_OFFICIAL
2015,2015-12-20,3 - Alicante/Alacant,COALICIÓN CANARIA - PARTIDO NACIONALISTA CANARIO - CCa-PNC,0,0,Ministerio del Interior / portal oficial de datos abiertos,PRIMARY_OFFICIAL
2015,2015-12-20,3 - Alicante/Alacant,COALICIÓN CANARIA-PARTIDO NACIONALISTA CANARIO - CCa-PNC,0,0,Ministerio del Interior / portal oficial de datos abiertos,PRIMARY_OFFICIAL
2015,2015-12-20,3 - Alicante/Alacant,COMPROMÍS-PODEMOS-ÉS EL MOMENT - PODEMOS - C,0,0,Ministerio del Interior / portal oficial de datos abiertos,PRIMARY_OFFICIAL
2015,2015-12-20,3 - Alicante/Alacant,COMPROMÍS-PODEMOS-ÉS EL MOMENT - PODEMOS-COM,201610,3,Ministerio del Interior / portal oficial de datos abiertos,PRIMARY_OFFICIAL
2015,2015-12-20,3 - Alicante/Alacant,COMUNISTAS DA GALIZA - PCPE,0,0,Ministerio del Interior / portal oficial de datos abiertos,PRIMARY_OFFICIAL
2015,2015-12-20,3 - Alicante/Alacant,COMUNISTAS DA GALIZA-PCPE - PCPE,0,0,Ministerio del Interior / portal oficial de datos abiertos,PRIMARY_OFFICIAL
2015,2015-12-20,3 - Alicante/Alacant,DEMOCRACIA NACIONAL - DN,0,0,Ministerio del Interior / portal oficial de datos abiertos,PRIMARY_OFFICIAL
2015,2015-12-20,3 - Alicante/Alacant,DEMOCRÀCIA I LLIBERTAT. CONVERGÈNCIA. DEMÒCRATES. - DL,0,0,Ministerio del Interior / portal oficial de datos abiertos,PRIMARY_OFFICIAL
2015,2015-12-20,3 - Alicante/Alacant,EL PI - PROPOSTA PER LES ILLES - EL PI,0,0,Ministerio del Interior / portal oficial de datos abiertos,PRIMARY_OFFICIAL
2015,2015-12-20,3 - Alicante/Alacant,EN COMÚ PODEM - EN COMÚ,0,0,Ministerio del Interior / portal oficial de datos abiertos,PRIMARY_OFFICIAL
2015,2015-12-20,3 - Alicante/Alacant,EN MAREA - PODEMOS-EN,0,0,Ministerio del Interior / portal oficial de datos abiertos,PRIMARY_OFFICIAL
2015,2015-12-20,3 - Alicante/Alacant,EN MAREA - PODEMOS-En,0,0,Ministerio del Interior / portal oficial de datos abiertos,PRIMARY_OFFICIAL
2015,2015-12-20,3 - Alicante/Alacant,EN POSITIU - EN POSITIU,0,0,Ministerio del Interior / portal oficial de datos abiertos,PRIMARY_OFFICIAL
2015,2015-12-20,3 - Alicante/Alacant,ESCAÑOS EN BLANCO - AULKI ZURIAK - EB - AZ,0,0,Ministerio del Interior / portal oficial de datos abiertos,PRIMARY_OFFICIAL
2015,2015-12-20,3 - Alicante/Alacant,ESCAÑOS EN BLANCO - EB,0,0,Ministerio del Interior / portal oficial de datos abiertos,PRIMARY_OFFICIAL
2015,2015-12-20,3 - Alicante/Alacant,ESCAÑOS EN BLANCO-AULKI ZURIAK - EB-AZ,0,0,Ministerio del Interior / portal oficial de datos abiertos,PRIMARY_OFFICIAL
2015,2015-12-20,3 - Alicante/Alacant,ESCONS EN BLANC/ESCAÑOS EN BLANCO - EB,0,0,Ministerio del Interior / portal oficial de datos abiertos,PRIMARY_OFFICIAL
2015,2015-12-20,3 - Alicante/Alacant,ESQUERRA REPUBLICANA DE CATALUNYA-CATALUNYA SÍ - ERC-CATSI,0,0,Ministerio del Interior / portal oficial de datos abiertos,PRIMARY_OFFICIAL
2015,2015-12-20,3 - Alicante/Alacant,ESQUERRA REPUBLICANA DE CATALUNYA-CATALUNYA SÍ - ERC-CATSÍ,0,0,Ministerio del Interior / portal oficial de datos abiertos,PRIMARY_OFFICIAL
2015,2015-12-20,3 - Alicante/Alacant,EUSKAL HERRIA BILDU (EH Bildu) - EH Bildu,0,0,Ministerio del Interior / portal oficial de datos abiertos,PRIMARY_OFFICIAL
2015,2015-12-20,3 - Alicante/Alacant,EUSKAL HERRIA BILDU - EH Bildu,0,0,Ministerio del Interior / portal oficial de datos abiertos,PRIMARY_OFFICIAL
2015,2015-12-20,3 - Alicante/Alacant,EUZKO ALDERDI JELTZALEA-PARTIDO NACIONALISTA VASCO - EAJ-PNV,0,0,Ministerio del Interior / portal oficial de datos abiertos,PRIMARY_OFFICIAL
2015,2015-12-20,3 - Alicante/Alacant,EXTREMADURA UNIDA-EXTREMEÑOS - EU-eX,0,0,Ministerio del Interior / portal oficial de datos abiertos,PRIMARY_OFFICIAL
2015,2015-12-20,3 - Alicante/Alacant,EZKERRA-X LA IZQUIERDA - EZKERRA,0,0,Ministerio del Interior / portal oficial de datos abiertos,PRIMARY_OFFICIAL
2015,2015-12-20,3 - Alicante/Alacant,FALANGE ESPAÑOLA DE LAS JONS - FE de las J,0,0,Ministerio del Interior / portal oficial de datos abiertos,PRIMARY_OFFICIAL
2015,2015-12-20,3 - Alicante/Alacant,FORO DEMÓCRATA - FDEE,456,0,Ministerio del Interior / portal oficial de datos abiertos,PRIMARY_OFFICIAL
2015,2015-12-20,3 - Alicante/Alacant,GEROA BAI - GBAI,0,0,Ministerio del Interior / portal oficial de datos abiertos,PRIMARY_OFFICIAL
2015,2015-12-20,3 - Alicante/Alacant,INDEPENDIENTES POR ARAGÓN - Independien,0,0,Ministerio del Interior / portal oficial de datos abiertos,PRIMARY_OFFICIAL
2015,2015-12-20,3 - Alicante/Alacant,INICIATIVA FEMINISTA - IFem,0,0,Ministerio del Interior / portal oficial de datos abiertos,PRIMARY_OFFICIAL
2015,2015-12-20,3 - Alicante/Alacant,"JUSTIZIA SOCIAL, PARTICIPACIÓN CIUDADANA - JS,PC",0,0,Ministerio del Interior / portal oficial de datos abiertos,PRIMARY_OFFICIAL
2015,2015-12-20,3 - Alicante/Alacant,"LIBERTAD NAVARRA, LIBERTATE NAFARRA (Ln) - Ln",0,0,Ministerio del Interior / portal oficial de datos abiertos,PRIMARY_OFFICIAL
2015,2015-12-20,3 - Alicante/Alacant,"LIBERTAD NAVARRA, LIBERTATE NAFARRA - Ln",0,0,Ministerio del Interior / portal oficial de datos abiertos,PRIMARY_OFFICIAL
2015,2015-12-20,3 - Alicante/Alacant,LIBERTAD NAVARRA-LIBERTATE NAFARRA - Ln,0,0,Ministerio del Interior / portal oficial de datos abiertos,PRIMARY_OFFICIAL
2015,2015-12-20,3 - Alicante/Alacant,LOS VERDES-ECOPACIFISTAS - CENTRO MODE,3278,0,Ministerio del Interior / portal oficial de datos abiertos,PRIMARY_OFFICIAL
2015,2015-12-20,3 - Alicante/Alacant,MUERTE AL SISTEMA - +MAS+,0,0,Ministerio del Interior / portal oficial de datos abiertos,PRIMARY_OFFICIAL
2015,2015-12-20,3 - Alicante/Alacant,MÁLAGA POR SÍ - mlgXSÍ,0,0,Ministerio del Interior / portal oficial de datos abiertos,PRIMARY_OFFICIAL
2015,2015-12-20,3 - Alicante/Alacant,MÉS - MÉS,0,0,Ministerio del Interior / portal oficial de datos abiertos,PRIMARY_OFFICIAL
2015,2015-12-20,3 - Alicante/Alacant,NÓS-CANDIDATURA GALEGA (BNG-CG-FOGA-PCPG-PG) - NÓS,0,0,Ministerio del Interior / portal oficial de datos abiertos,PRIMARY_OFFICIAL
2015,2015-12-20,3 - Alicante/Alacant,ONGI ETORRI - OE,0,0,Ministerio del Interior / portal oficial de datos abiertos,PRIMARY_OFFICIAL
2015,2015-12-20,3 - Alicante/Alacant,PARTIDO ANIMALISTA CONTRA EL MALTRATO ANIMAL (PACM - PACMA,0,0,Ministerio del Interior / portal oficial de datos abiertos,PRIMARY_OFFICIAL
2015,2015-12-20,3 - Alicante/Alacant,PARTIDO ANIMALISTA CONTRA EL MALTRATO ANIMAL - PACMA,8262,0,Ministerio del Interior / portal oficial de datos abiertos,PRIMARY_OFFICIAL
2015,2015-12-20,3 - Alicante/Alacant,PARTIDO ANIMALISTA CONTRA O MALTRATO ANIMAL - PACMA,0,0,Ministerio del Interior / portal oficial de datos abiertos,PRIMARY_OFFICIAL
2015,2015-12-20,3 - Alicante/Alacant,PARTIDO ANIMALISTA-CONTRA EL MALTRATO ANIMAL - PACMA,0,0,Ministerio del Interior / portal oficial de datos abiertos,PRIMARY_OFFICIAL
2015,2015-12-20,3 - Alicante/Alacant,PARTIDO COMUNISTA DE LOS PUEBLOS DE ESPAÑA - PCPE,1741,0,Ministerio del Interior / portal oficial de datos abiertos,PRIMARY_OFFICIAL
2015,2015-12-20,3 - Alicante/Alacant,PARTIDO COMUNISTA DEL PUEBLO CANARIO - PCPC,0,0,Ministerio del Interior / portal oficial de datos abiertos,PRIMARY_OFFICIAL
2015,2015-12-20,3 - Alicante/Alacant,PARTIDO COMUNISTA OBRERO ESPAÑOL - PCOE,0,0,Ministerio del Interior / portal oficial de datos abiertos,PRIMARY_OFFICIAL
2015,2015-12-20,3 - Alicante/Alacant,PARTIDO DA TERRA - PT,0,0,Ministerio del Interior / portal oficial de datos abiertos,PRIMARY_OFFICIAL
2015,2015-12-20,3 - Alicante/Alacant,PARTIDO DOS SOCIALISTAS DE GALICIA-PSOE - PSdeG-PSOE,0,0,Ministerio del Interior / portal oficial de datos abiertos,PRIMARY_OFFICIAL
2015,2015-12-20,3 - Alicante/Alacant,PARTIDO FAMILIA Y VIDA - PFyV,0,0,Ministerio del Interior / portal oficial de datos abiertos,PRIMARY_OFFICIAL
2015,2015-12-20,3 - Alicante/Alacant,PARTIDO HUMANISTA - PH,0,0,Ministerio del Interior / portal oficial de datos abiertos,PRIMARY_OFFICIAL
2015,2015-12-20,3 - Alicante/Alacant,PARTIDO LIBERAL DE DERECHAS - PLD,0,0,Ministerio del Interior / portal oficial de datos abiertos,PRIMARY_OFFICIAL
2015,2015-12-20,3 - Alicante/Alacant,PARTIDO LIBERTARIO - P-LIB,415,0,Ministerio del Interior / portal oficial de datos abiertos,PRIMARY_OFFICIAL
2015,2015-12-20,3 - Alicante/Alacant,PARTIDO POPULAR (PP) - PP,0,0,Ministerio del Interior / portal oficial de datos abiertos,PRIMARY_OFFICIAL
2015,2015-12-20,3 - Alicante/Alacant,PARTIDO POPULAR - PP,297083,4,Ministerio del Interior / portal oficial de datos abiertos,PRIMARY_OFFICIAL
2015,2015-12-20,3 - Alicante/Alacant,PARTIDO POPULAR EN COALICIÓN CON EL PARTIDO ARAGON - PP-PAR,0,0,Ministerio del Interior / portal oficial de datos abiertos,PRIMARY_OFFICIAL
2015,2015-12-20,3 - Alicante/Alacant,PARTIDO POPULAR-FORO - PP-FORO,0,0,Ministerio del Interior / portal oficial de datos abiertos,PRIMARY_OFFICIAL
2015,2015-12-20,3 - Alicante/Alacant,PARTIDO POPULAR/PARTIT POPULAR - PP,0,0,Ministerio del Interior / portal oficial de datos abiertos,PRIMARY_OFFICIAL
2015,2015-12-20,3 - Alicante/Alacant,PARTIDO REGIONALISTA DEL PAÍS LEONÉS - PREPAL,0,0,Ministerio del Interior / portal oficial de datos abiertos,PRIMARY_OFFICIAL
2015,2015-12-20,3 - Alicante/Alacant,PARTIDO SOCIALISTA DE EUSKADI-EUSKADIKO EZKERRA (P - PSE-EE,0,0,Ministerio del Interior / portal oficial de datos abiertos,PRIMARY_OFFICIAL
2015,2015-12-20,3 - Alicante/Alacant,PARTIDO SOCIALISTA DE EUSKADI-EUSKADIKO EZKERRA (P - PSE-EE (PSO,0,0,Ministerio del Interior / portal oficial de datos abiertos,PRIMARY_OFFICIAL
2015,2015-12-20,3 - Alicante/Alacant,PARTIDO SOCIALISTA OBRERO ESPAÑOL - PSOE,188711,3,Ministerio del Interior / portal oficial de datos abiertos,PRIMARY_OFFICIAL
2015,2015-12-20,3 - Alicante/Alacant,PARTIDO SOCIALISTA OBRERO ESPAÑOL-NUEVA CANARIAS - PSOE-NCa,0,0,Ministerio del Interior / portal oficial de datos abiertos,PRIMARY_OFFICIAL
2015,2015-12-20,3 - Alicante/Alacant,PARTIT ANIMALISTA CONTRA EL MALTRACTAMENT ANIMAL - PACMA,0,0,Ministerio del Interior / portal oficial de datos abiertos,PRIMARY_OFFICIAL
2015,2015-12-20,3 - Alicante/Alacant,PARTIT COMUNISTA DEL POBLE DE CATALUNYA - PCPC,0,0,Ministerio del Interior / portal oficial de datos abiertos,PRIMARY_OFFICIAL
2015,2015-12-20,3 - Alicante/Alacant,PARTIT COMUNISTA DELS POBLES D’ESPANYA - PCPE,0,0,Ministerio del Interior / portal oficial de datos abiertos,PRIMARY_OFFICIAL
2015,2015-12-20,3 - Alicante/Alacant,PARTIT DELS SOCIALISTES DE CATALUNYA (PSC-PSOE) - PSC,0,0,Ministerio del Interior / portal oficial de datos abiertos,PRIMARY_OFFICIAL
2015,2015-12-20,3 - Alicante/Alacant,PARTIT DELS SOCIALISTES DE CATALUNYA - PSC-PSOE,0,0,Ministerio del Interior / portal oficial de datos abiertos,PRIMARY_OFFICIAL
2015,2015-12-20,3 - Alicante/Alacant,PODEMOS - PODEMOS,0,0,Ministerio del Interior / portal oficial de datos abiertos,PRIMARY_OFFICIAL
2015,2015-12-20,3 - Alicante/Alacant,PODEMOS-AHAL DUGU - PODEMOS-AHA,0,0,Ministerio del Interior / portal oficial de datos abiertos,PRIMARY_OFFICIAL
2015,2015-12-20,3 - Alicante/Alacant,PODEMOS-Ahora Alto Aragón en Común - PODEMOS-Aho,0,0,Ministerio del Interior / portal oficial de datos abiertos,PRIMARY_OFFICIAL
2015,2015-12-20,3 - Alicante/Alacant,PODEMOS/AHAL DUGU - PODEMOS-AHA,0,0,Ministerio del Interior / portal oficial de datos abiertos,PRIMARY_OFFICIAL
2015,2015-12-20,3 - Alicante/Alacant,POR UN MUNDO MÁS JUSTO - PUM+J,0,0,Ministerio del Interior / portal oficial de datos abiertos,PRIMARY_OFFICIAL
2015,2015-12-20,3 - Alicante/Alacant,RECORTES CERO-GRUPO VERDE - RECORTES CE,1761,0,Ministerio del Interior / portal oficial de datos abiertos,PRIMARY_OFFICIAL
2015,2015-12-20,3 - Alicante/Alacant,SOLIDARIDAD Y AUTOGESTIÓN INTERNACIONALISTA - SAIn,0,0,Ministerio del Interior / portal oficial de datos abiertos,PRIMARY_OFFICIAL
2015,2015-12-20,3 - Alicante/Alacant,SOLUCIONA - SOLUCIONA,0,0,Ministerio del Interior / portal oficial de datos abiertos,PRIMARY_OFFICIAL
2015,2015-12-20,3 - Alicante/Alacant,SOM VALENCIANS - SOMVAL,404,0,Ministerio del Interior / portal oficial de datos abiertos,PRIMARY_OFFICIAL
2015,2015-12-20,3 - Alicante/Alacant,"UNIDAD POPULAR EN ARAGÓN: IZQUIERDA UNIDA, CHUNTA - IU-CHA-UPeC",0,0,Ministerio del Interior / portal oficial de datos abiertos,PRIMARY_OFFICIAL
2015,2015-12-20,3 - Alicante/Alacant,UNIDAD POPULAR- ORAIN BATERA:EZKER ANITZA-IZQUIERD - IU-UPeC,0,0,Ministerio del Interior / portal oficial de datos abiertos,PRIMARY_OFFICIAL
2015,2015-12-20,3 - Alicante/Alacant,UNIDAD POPULAR-IZQUIERDA UNIDA - UNIDAD POPU,0,0,Ministerio del Interior / portal oficial de datos abiertos,PRIMARY_OFFICIAL
2015,2015-12-20,3 - Alicante/Alacant,UNIDAD POPULAR-ORAIN BATERA:EZKER ANITZA-IZQUIERDA - IU-UPeC,0,0,Ministerio del Interior / portal oficial de datos abiertos,PRIMARY_OFFICIAL
2015,2015-12-20,3 - Alicante/Alacant,UNIDAD POPULAR-ORAIN BATERA:EZKER ANITZA-IZQUIERDA - IU-UpeC,0,0,Ministerio del Interior / portal oficial de datos abiertos,PRIMARY_OFFICIAL
2015,2015-12-20,3 - Alicante/Alacant,"UNIDAD POPULAR-ORAIN BATERA:IZQUIERDA UNIDA, BATZA - IU-B-UPeC",0,0,Ministerio del Interior / portal oficial de datos abiertos,PRIMARY_OFFICIAL
2015,2015-12-20,3 - Alicante/Alacant,"UNIDAD POPULAR: IZQUIERDA UNIDA CANARIA, UNIDAD PO - IUC-UPeC",0,0,Ministerio del Interior / portal oficial de datos abiertos,PRIMARY_OFFICIAL
2015,2015-12-20,3 - Alicante/Alacant,UNIDAD POPULAR: IZQUIERDA UNIDA LOS VERDES - CONVO - UP: IULV-CA,0,0,Ministerio del Interior / portal oficial de datos abiertos,PRIMARY_OFFICIAL
2015,2015-12-20,3 - Alicante/Alacant,"UNIDAD POPULAR: IZQUIERDA UNIDA LOS VERDES-CONVOCA - IULV-CA, UP",0,0,Ministerio del Interior / portal oficial de datos abiertos,PRIMARY_OFFICIAL
2015,2015-12-20,3 - Alicante/Alacant,"UNIDAD POPULAR: IZQUIERDA UNIDA LOS VERDES-CONVOCA - IULV-CA,UPe",0,0,Ministerio del Interior / portal oficial de datos abiertos,PRIMARY_OFFICIAL
2015,2015-12-20,3 - Alicante/Alacant,"UNIDAD POPULAR: IZQUIERDA UNIDA, UNIDAD POPULAR EN - IU-UPeC",0,0,Ministerio del Interior / portal oficial de datos abiertos,PRIMARY_OFFICIAL
2015,2015-12-20,3 - Alicante/Alacant,"UNIDAD POPULAR: IZQUIERDA UNIDA, UNIDAD POPULAR EN - IU-UPeC-IAS",0,0,Ministerio del Interior / portal oficial de datos abiertos,PRIMARY_OFFICIAL
2015,2015-12-20,3 - Alicante/Alacant,"UNIDAD POPULAR: IZQUIERDA UNIDA, UNIDAD POPULAR EN - UP-UPeC",0,0,Ministerio del Interior / portal oficial de datos abiertos,PRIMARY_OFFICIAL
2015,2015-12-20,3 - Alicante/Alacant,"UNIDAD POPULAR: IZQUIERDA UNIDA, UNIDAD POPULAR EN - UPeC-IU-IZC",0,0,Ministerio del Interior / portal oficial de datos abiertos,PRIMARY_OFFICIAL
2015,2015-12-20,3 - Alicante/Alacant,UNIDAD POPULAR: IZQUIERDA UNIDA-UNIDAD POPULAR EN - IU-UPeC,0,0,Ministerio del Interior / portal oficial de datos abiertos,PRIMARY_OFFICIAL
2015,2015-12-20,3 - Alicante/Alacant,UNIDAD POPULAR: IZQUIERDA UNIDA. UNIDAD POPULAR EN - IU-UPeC,0,0,Ministerio del Interior / portal oficial de datos abiertos,PRIMARY_OFFICIAL
2015,2015-12-20,3 - Alicante/Alacant,"UNIDAD POPULAR: UNIDAD POPULAR EN COMÚN, IZQUIERDA - UPeC-IU",0,0,Ministerio del Interior / portal oficial de datos abiertos,PRIMARY_OFFICIAL
2015,2015-12-20,3 - Alicante/Alacant,"UNITAT POPULAR BALEARS: IZQUIERDA UNIDA, UNIDAD PO - UPB: IU-UPe",0,0,Ministerio del Interior / portal oficial de datos abiertos,PRIMARY_OFFICIAL
2015,2015-12-20,3 - Alicante/Alacant,"UNITAT POPULAR: ESQUERRA UNIDA DEL PAÍS VALENCIÀ, - EUPV-UPeC",0,0,Ministerio del Interior / portal oficial de datos abiertos,PRIMARY_OFFICIAL
2015,2015-12-20,3 - Alicante/Alacant,"UNITAT POPULAR:ESQUERRA UNIDA DEL PAÍS VALENCIÀ, U - EUPV-UPeC",33397,0,Ministerio del Interior / portal oficial de datos abiertos,PRIMARY_OFFICIAL
2015,2015-12-20,3 - Alicante/Alacant,UNIÓ DEMOCRÀTICA DE CATALUNYA - Unio.Cat,0,0,Ministerio del Interior / portal oficial de datos abiertos,PRIMARY_OFFICIAL
2015,2015-12-20,3 - Alicante/Alacant,UNIÓ DEMOCRÀTICA DE CATALUNYA - unio.cat,0,0,Ministerio del Interior / portal oficial de datos abiertos,PRIMARY_OFFICIAL
2015,2015-12-20,3 - Alicante/Alacant,UNIÓN DEL PUEBLO NAVARRO EN COALICIÓN CON EL PARTI - UPN-PP,0,0,Ministerio del Interior / portal oficial de datos abiertos,PRIMARY_OFFICIAL
2015,2015-12-20,3 - Alicante/Alacant,UNIÓN PROGRESO Y DEMOCRACIA (UPYD) - UPYD,0,0,Ministerio del Interior / portal oficial de datos abiertos,PRIMARY_OFFICIAL
2015,2015-12-20,3 - Alicante/Alacant,UNIÓN PROGRESO Y DEMOCRACIA - UPYD,5570,0,Ministerio del Interior / portal oficial de datos abiertos,PRIMARY_OFFICIAL
2015,2015-12-20,3 - Alicante/Alacant,VOX - VOX,2227,0,Ministerio del Interior / portal oficial de datos abiertos,PRIMARY_OFFICIAL
2015,2015-12-20,3 - Alicante/Alacant,X A ESQUERDA - X ESQ,0,0,Ministerio del Interior / portal oficial de datos abiertos,PRIMARY_OFFICIAL
2015,2015-12-20,3 - Alicante/Alacant,X LA IZQUIERDA-LOS VERDES - X LA IZQUIE,0,0,Ministerio del Interior / portal oficial de datos abiertos,PRIMARY_OFFICIAL
2015,2015-12-20,30 - Murcia,"""EN COMÚ PODEM"" - EN COMÚ",0,0,Ministerio del Interior / portal oficial de datos abiertos,PRIMARY_OFFICIAL
2015,2015-12-20,30 - Murcia,ANDALUCES DE JAÉN UNIDOS - AJU,0,0,Ministerio del Interior / portal oficial de datos abiertos,PRIMARY_OFFICIAL
2015,2015-12-20,30 - Murcia,"ARA, PAÍS VALENCIÀ - ARA, PV",0,0,Ministerio del Interior / portal oficial de datos abiertos,PRIMARY_OFFICIAL
2015,2015-12-20,30 - Murcia,"ARA, PAÍS VALENCIÀ - ARAPV",0,0,Ministerio del Interior / portal oficial de datos abiertos,PRIMARY_OFFICIAL
2015,2015-12-20,30 - Murcia,AVANT VALENCIANS - AVANT,0,0,Ministerio del Interior / portal oficial de datos abiertos,PRIMARY_OFFICIAL
2015,2015-12-20,30 - Murcia,BIDEZKO MUNDURANTZ/POR UN MUNDO MÁS JUSTO - PUM+J,0,0,Ministerio del Interior / portal oficial de datos abiertos,PRIMARY_OFFICIAL
2015,2015-12-20,30 - Murcia,"CANARIAS DECIDE: LOS VERDES, UNIDAD DEL PUEBLO Y A - CANARIAS DE",0,0,Ministerio del Interior / portal oficial de datos abiertos,PRIMARY_OFFICIAL
2015,2015-12-20,30 - Murcia,CIUDADANOS DE CENTRO DEMOCRÁTICO - CCD,0,0,Ministerio del Interior / portal oficial de datos abiertos,PRIMARY_OFFICIAL
2015,2015-12-20,30 - Murcia,CIUDADANOS LIBRES UNIDOS - CILUS,0,0,Ministerio del Interior / portal oficial de datos abiertos,PRIMARY_OFFICIAL
2015,2015-12-20,30 - Murcia,CIUDADANOS PARTIDO DE LA CIUDADANÍA - C's,0,0,Ministerio del Interior / portal oficial de datos abiertos,PRIMARY_OFFICIAL
2015,2015-12-20,30 - Murcia,CIUDADANOS PARTIDO DE LA CIUDADANÍA - C´s,0,0,Ministerio del Interior / portal oficial de datos abiertos,PRIMARY_OFFICIAL
2015,2015-12-20,30 - Murcia,CIUDADANOS RURALES AGRUPADOS - CRA,0,0,Ministerio del Interior / portal oficial de datos abiertos,PRIMARY_OFFICIAL
2015,2015-12-20,30 - Murcia,"CIUDADANOS, PARTIDO DE LA CIUDADANÍA - C's",0,0,Ministerio del Interior / portal oficial de datos abiertos,PRIMARY_OFFICIAL
2015,2015-12-20,30 - Murcia,"CIUDADANOS, PARTIDO DE LA CIUDADANÍA - C´s",0,0,Ministerio del Interior / portal oficial de datos abiertos,PRIMARY_OFFICIAL
2015,2015-12-20,30 - Murcia,CIUDADANOS-PARTIDO DE LA CIUDADANÍA (C's) - C's,0,0,Ministerio del Interior / portal oficial de datos abiertos,PRIMARY_OFFICIAL
2015,2015-12-20,30 - Murcia,CIUDADANOS-PARTIDO DE LA CIUDADANÍA - C's,0,0,Ministerio del Interior / portal oficial de datos abiertos,PRIMARY_OFFICIAL
2015,2015-12-20,30 - Murcia,CIUDADANOS-PARTIDO DE LA CIUDADANÍA - C´s,128570,2,Ministerio del Interior / portal oficial de datos abiertos,PRIMARY_OFFICIAL
2015,2015-12-20,30 - Murcia,CIUTADANS - PARTIDO DE LA CIUDADANÍA - C's,0,0,Ministerio del Interior / portal oficial de datos abiertos,PRIMARY_OFFICIAL
2015,2015-12-20,30 - Murcia,CIUTADANS-PARTIDO DE LA CIUDADANÍA - C's,0,0,Ministerio del Interior / portal oficial de datos abiertos,PRIMARY_OFFICIAL
2015,2015-12-20,30 - Murcia,COALICIÓN CANARIA - PARTIDO NACIONALISTA CANARIO - CCa-PNC,0,0,Ministerio del Interior / portal oficial de datos abiertos,PRIMARY_OFFICIAL
2015,2015-12-20,30 - Murcia,COALICIÓN CANARIA-PARTIDO NACIONALISTA CANARIO - CCa-PNC,0,0,Ministerio del Interior / portal oficial de datos abiertos,PRIMARY_OFFICIAL
2015,2015-12-20,30 - Murcia,COMPROMÍS-PODEMOS-ÉS EL MOMENT - PODEMOS - C,0,0,Ministerio del Interior / portal oficial de datos abiertos,PRIMARY_OFFICIAL
2015,2015-12-20,30 - Murcia,COMPROMÍS-PODEMOS-ÉS EL MOMENT - PODEMOS-COM,0,0,Ministerio del Interior / portal oficial de datos abiertos,PRIMARY_OFFICIAL
2015,2015-12-20,30 - Murcia,COMUNISTAS DA GALIZA - PCPE,0,0,Ministerio del Interior / portal oficial de datos abiertos,PRIMARY_OFFICIAL
2015,2015-12-20,30 - Murcia,COMUNISTAS DA GALIZA-PCPE - PCPE,0,0,Ministerio del Interior / portal oficial de datos abiertos,PRIMARY_OFFICIAL
2015,2015-12-20,30 - Murcia,DEMOCRACIA NACIONAL - DN,0,0,Ministerio del Interior / portal oficial de datos abiertos,PRIMARY_OFFICIAL
2015,2015-12-20,30 - Murcia,DEMOCRÀCIA I LLIBERTAT. CONVERGÈNCIA. DEMÒCRATES. - DL,0,0,Ministerio del Interior / portal oficial de datos abiertos,PRIMARY_OFFICIAL
2015,2015-12-20,30 - Murcia,EL PI - PROPOSTA PER LES ILLES - EL PI,0,0,Ministerio del Interior / portal oficial de datos abiertos,PRIMARY_OFFICIAL
2015,2015-12-20,30 - Murcia,EN COMÚ PODEM - EN COMÚ,0,0,Ministerio del Interior / portal oficial de datos abiertos,PRIMARY_OFFICIAL
2015,2015-12-20,30 - Murcia,EN MAREA - PODEMOS-EN,0,0,Ministerio del Interior / portal oficial de datos abiertos,PRIMARY_OFFICIAL
2015,2015-12-20,30 - Murcia,EN MAREA - PODEMOS-En,0,0,Ministerio del Interior / portal oficial de datos abiertos,PRIMARY_OFFICIAL
2015,2015-12-20,30 - Murcia,EN POSITIU - EN POSITIU,0,0,Ministerio del Interior / portal oficial de datos abiertos,PRIMARY_OFFICIAL
2015,2015-12-20,30 - Murcia,ESCAÑOS EN BLANCO - AULKI ZURIAK - EB - AZ,0,0,Ministerio del Interior / portal oficial de datos abiertos,PRIMARY_OFFICIAL
2015,2015-12-20,30 - Murcia,ESCAÑOS EN BLANCO - EB,1063,0,Ministerio del Interior / portal oficial de datos abiertos,PRIMARY_OFFICIAL
2015,2015-12-20,30 - Murcia,ESCAÑOS EN BLANCO-AULKI ZURIAK - EB-AZ,0,0,Ministerio del Interior / portal oficial de datos abiertos,PRIMARY_OFFICIAL
2015,2015-12-20,30 - Murcia,ESCONS EN BLANC/ESCAÑOS EN BLANCO - EB,0,0,Ministerio del Interior / portal oficial de datos abiertos,PRIMARY_OFFICIAL
2015,2015-12-20,30 - Murcia,ESQUERRA REPUBLICANA DE CATALUNYA-CATALUNYA SÍ - ERC-CATSI,0,0,Ministerio del Interior / portal oficial de datos abiertos,PRIMARY_OFFICIAL
2015,2015-12-20,30 - Murcia,ESQUERRA REPUBLICANA DE CATALUNYA-CATALUNYA SÍ - ERC-CATSÍ,0,0,Ministerio del Interior / portal oficial de datos abiertos,PRIMARY_OFFICIAL
2015,2015-12-20,30 - Murcia,EUSKAL HERRIA BILDU (EH Bildu) - EH Bildu,0,0,Ministerio del Interior / portal oficial de datos abiertos,PRIMARY_OFFICIAL
2015,2015-12-20,30 - Murcia,EUSKAL HERRIA BILDU - EH Bildu,0,0,Ministerio del Interior / portal oficial de datos abiertos,PRIMARY_OFFICIAL
2015,2015-12-20,30 - Murcia,EUZKO ALDERDI JELTZALEA-PARTIDO NACIONALISTA VASCO - EAJ-PNV,0,0,Ministerio del Interior / portal oficial de datos abiertos,PRIMARY_OFFICIAL
2015,2015-12-20,30 - Murcia,EXTREMADURA UNIDA-EXTREMEÑOS - EU-eX,0,0,Ministerio del Interior / portal oficial de datos abiertos,PRIMARY_OFFICIAL
2015,2015-12-20,30 - Murcia,EZKERRA-X LA IZQUIERDA - EZKERRA,0,0,Ministerio del Interior / portal oficial de datos abiertos,PRIMARY_OFFICIAL
2015,2015-12-20,30 - Murcia,FALANGE ESPAÑOLA DE LAS JONS - FE de las J,0,0,Ministerio del Interior / portal oficial de datos abiertos,PRIMARY_OFFICIAL
2015,2015-12-20,30 - Murcia,FORO DEMÓCRATA - FDEE,0,0,Ministerio del Interior / portal oficial de datos abiertos,PRIMARY_OFFICIAL
2015,2015-12-20,30 - Murcia,GEROA BAI - GBAI,0,0,Ministerio del Interior / portal oficial de datos abiertos,PRIMARY_OFFICIAL
2015,2015-12-20,30 - Murcia,INDEPENDIENTES POR ARAGÓN - Independien,0,0,Ministerio del Interior / portal oficial de datos abiertos,PRIMARY_OFFICIAL
2015,2015-12-20,30 - Murcia,INICIATIVA FEMINISTA - IFem,0,0,Ministerio del Interior / portal oficial de datos abiertos,PRIMARY_OFFICIAL
2015,2015-12-20,30 - Murcia,"JUSTIZIA SOCIAL, PARTICIPACIÓN CIUDADANA - JS,PC",0,0,Ministerio del Interior / portal oficial de datos abiertos,PRIMARY_OFFICIAL
2015,2015-12-20,30 - Murcia,"LIBERTAD NAVARRA, LIBERTATE NAFARRA (Ln) - Ln",0,0,Ministerio del Interior / portal oficial de datos abiertos,PRIMARY_OFFICIAL
2015,2015-12-20,30 - Murcia,"LIBERTAD NAVARRA, LIBERTATE NAFARRA - Ln",0,0,Ministerio del Interior / portal oficial de datos abiertos,PRIMARY_OFFICIAL
2015,2015-12-20,30 - Murcia,LIBERTAD NAVARRA-LIBERTATE NAFARRA - Ln,0,0,Ministerio del Interior / portal oficial de datos abiertos,PRIMARY_OFFICIAL
2015,2015-12-20,30 - Murcia,LOS VERDES-ECOPACIFISTAS - CENTRO MODE,0,0,Ministerio del Interior / portal oficial de datos abiertos,PRIMARY_OFFICIAL
2015,2015-12-20,30 - Murcia,MUERTE AL SISTEMA - +MAS+,313,0,Ministerio del Interior / portal oficial de datos abiertos,PRIMARY_OFFICIAL
2015,2015-12-20,30 - Murcia,MÁLAGA POR SÍ - mlgXSÍ,0,0,Ministerio del Interior / portal oficial de datos abiertos,PRIMARY_OFFICIAL
2015,2015-12-20,30 - Murcia,MÉS - MÉS,0,0,Ministerio del Interior / portal oficial de datos abiertos,PRIMARY_OFFICIAL
2015,2015-12-20,30 - Murcia,NÓS-CANDIDATURA GALEGA (BNG-CG-FOGA-PCPG-PG) - NÓS,0,0,Ministerio del Interior / portal oficial de datos abiertos,PRIMARY_OFFICIAL
2015,2015-12-20,30 - Murcia,ONGI ETORRI - OE,0,0,Ministerio del Interior / portal oficial de datos abiertos,PRIMARY_OFFICIAL
2015,2015-12-20,30 - Murcia,PARTIDO ANIMALISTA CONTRA EL MALTRATO ANIMAL (PACM - PACMA,0,0,Ministerio del Interior / portal oficial de datos abiertos,PRIMARY_OFFICIAL
2015,2015-12-20,30 - Murcia,PARTIDO ANIMALISTA CONTRA EL MALTRATO ANIMAL - PACMA,6591,0,Ministerio del Interior / portal oficial de datos abiertos,PRIMARY_OFFICIAL
2015,2015-12-20,30 - Murcia,PARTIDO ANIMALISTA CONTRA O MALTRATO ANIMAL - PACMA,0,0,Ministerio del Interior / portal oficial de datos abiertos,PRIMARY_OFFICIAL
2015,2015-12-20,30 - Murcia,PARTIDO ANIMALISTA-CONTRA EL MALTRATO ANIMAL - PACMA,0,0,Ministerio del Interior / portal oficial de datos abiertos,PRIMARY_OFFICIAL
2015,2015-12-20,30 - Murcia,PARTIDO COMUNISTA DE LOS PUEBLOS DE ESPAÑA - PCPE,1051,0,Ministerio del Interior / portal oficial de datos abiertos,PRIMARY_OFFICIAL
2015,2015-12-20,30 - Murcia,PARTIDO COMUNISTA DEL PUEBLO CANARIO - PCPC,0,0,Ministerio del Interior / portal oficial de datos abiertos,PRIMARY_OFFICIAL
2015,2015-12-20,30 - Murcia,PARTIDO COMUNISTA OBRERO ESPAÑOL - PCOE,0,0,Ministerio del Interior / portal oficial de datos abiertos,PRIMARY_OFFICIAL
2015,2015-12-20,30 - Murcia,PARTIDO DA TERRA - PT,0,0,Ministerio del Interior / portal oficial de datos abiertos,PRIMARY_OFFICIAL
2015,2015-12-20,30 - Murcia,PARTIDO DOS SOCIALISTAS DE GALICIA-PSOE - PSdeG-PSOE,0,0,Ministerio del Interior / portal oficial de datos abiertos,PRIMARY_OFFICIAL
2015,2015-12-20,30 - Murcia,PARTIDO FAMILIA Y VIDA - PFyV,0,0,Ministerio del Interior / portal oficial de datos abiertos,PRIMARY_OFFICIAL
2015,2015-12-20,30 - Murcia,PARTIDO HUMANISTA - PH,0,0,Ministerio del Interior / portal oficial de datos abiertos,PRIMARY_OFFICIAL
2015,2015-12-20,30 - Murcia,PARTIDO LIBERAL DE DERECHAS - PLD,0,0,Ministerio del Interior / portal oficial de datos abiertos,PRIMARY_OFFICIAL
2015,2015-12-20,30 - Murcia,PARTIDO LIBERTARIO - P-LIB,0,0,Ministerio del Interior / portal oficial de datos abiertos,PRIMARY_OFFICIAL
2015,2015-12-20,30 - Murcia,PARTIDO POPULAR (PP) - PP,0,0,Ministerio del Interior / portal oficial de datos abiertos,PRIMARY_OFFICIAL
2015,2015-12-20,30 - Murcia,PARTIDO POPULAR - PP,293943,5,Ministerio del Interior / portal oficial de datos abiertos,PRIMARY_OFFICIAL
2015,2015-12-20,30 - Murcia,PARTIDO POPULAR EN COALICIÓN CON EL PARTIDO ARAGON - PP-PAR,0,0,Ministerio del Interior / portal oficial de datos abiertos,PRIMARY_OFFICIAL
2015,2015-12-20,30 - Murcia,PARTIDO POPULAR-FORO - PP-FORO,0,0,Ministerio del Interior / portal oficial de datos abiertos,PRIMARY_OFFICIAL
2015,2015-12-20,30 - Murcia,PARTIDO POPULAR/PARTIT POPULAR - PP,0,0,Ministerio del Interior / portal oficial de datos abiertos,PRIMARY_OFFICIAL
2015,2015-12-20,30 - Murcia,PARTIDO REGIONALISTA DEL PAÍS LEONÉS - PREPAL,0,0,Ministerio del Interior / portal oficial de datos abiertos,PRIMARY_OFFICIAL
2015,2015-12-20,30 - Murcia,PARTIDO SOCIALISTA DE EUSKADI-EUSKADIKO EZKERRA (P - PSE-EE,0,0,Ministerio del Interior / portal oficial de datos abiertos,PRIMARY_OFFICIAL
2015,2015-12-20,30 - Murcia,PARTIDO SOCIALISTA DE EUSKADI-EUSKADIKO EZKERRA (P - PSE-EE (PSO,0,0,Ministerio del Interior / portal oficial de datos abiertos,PRIMARY_OFFICIAL
2015,2015-12-20,30 - Murcia,PARTIDO SOCIALISTA OBRERO ESPAÑOL - PSOE,147883,2,Ministerio del Interior / portal oficial de datos abiertos,PRIMARY_OFFICIAL
2015,2015-12-20,30 - Murcia,PARTIDO SOCIALISTA OBRERO ESPAÑOL-NUEVA CANARIAS - PSOE-NCa,0,0,Ministerio del Interior / portal oficial de datos abiertos,PRIMARY_OFFICIAL
2015,2015-12-20,30 - Murcia,PARTIT ANIMALISTA CONTRA EL MALTRACTAMENT ANIMAL - PACMA,0,0,Ministerio del Interior / portal oficial de datos abiertos,PRIMARY_OFFICIAL
2015,2015-12-20,30 - Murcia,PARTIT COMUNISTA DEL POBLE DE CATALUNYA - PCPC,0,0,Ministerio del Interior / portal oficial de datos abiertos,PRIMARY_OFFICIAL
2015,2015-12-20,30 - Murcia,PARTIT COMUNISTA DELS POBLES D’ESPANYA - PCPE,0,0,Ministerio del Interior / portal oficial de datos abiertos,PRIMARY_OFFICIAL
2015,2015-12-20,30 - Murcia,PARTIT DELS SOCIALISTES DE CATALUNYA (PSC-PSOE) - PSC,0,0,Ministerio del Interior / portal oficial de datos abiertos,PRIMARY_OFFICIAL
2015,2015-12-20,30 - Murcia,PARTIT DELS SOCIALISTES DE CATALUNYA - PSC-PSOE,0,0,Ministerio del Interior / portal oficial de datos abiertos,PRIMARY_OFFICIAL
2015,2015-12-20,30 - Murcia,PODEMOS - PODEMOS,110601,1,Ministerio del Interior / portal oficial de datos abiertos,PRIMARY_OFFICIAL
2015,2015-12-20,30 - Murcia,PODEMOS-AHAL DUGU - PODEMOS-AHA,0,0,Ministerio del Interior / portal oficial de datos abiertos,PRIMARY_OFFICIAL
2015,2015-12-20,30 - Murcia,PODEMOS-Ahora Alto Aragón en Común - PODEMOS-Aho,0,0,Ministerio del Interior / portal oficial de datos abiertos,PRIMARY_OFFICIAL
2015,2015-12-20,30 - Murcia,PODEMOS/AHAL DUGU - PODEMOS-AHA,0,0,Ministerio del Interior / portal oficial de datos abiertos,PRIMARY_OFFICIAL
2015,2015-12-20,30 - Murcia,POR UN MUNDO MÁS JUSTO - PUM+J,0,0,Ministerio del Interior / portal oficial de datos abiertos,PRIMARY_OFFICIAL
2015,2015-12-20,30 - Murcia,RECORTES CERO-GRUPO VERDE - RECORTES CE,1268,0,Ministerio del Interior / portal oficial de datos abiertos,PRIMARY_OFFICIAL
2015,2015-12-20,30 - Murcia,SOLIDARIDAD Y AUTOGESTIÓN INTERNACIONALISTA - SAIn,330,0,Ministerio del Interior / portal oficial de datos abiertos,PRIMARY_OFFICIAL
2015,2015-12-20,30 - Murcia,SOLUCIONA - SOLUCIONA,0,0,Ministerio del Interior / portal oficial de datos abiertos,PRIMARY_OFFICIAL
2015,2015-12-20,30 - Murcia,SOM VALENCIANS - SOMVAL,0,0,Ministerio del Interior / portal oficial de datos abiertos,PRIMARY_OFFICIAL
2015,2015-12-20,30 - Murcia,"UNIDAD POPULAR EN ARAGÓN: IZQUIERDA UNIDA, CHUNTA - IU-CHA-UPeC",0,0,Ministerio del Interior / portal oficial de datos abiertos,PRIMARY_OFFICIAL
2015,2015-12-20,30 - Murcia,UNIDAD POPULAR- ORAIN BATERA:EZKER ANITZA-IZQUIERD - IU-UPeC,0,0,Ministerio del Interior / portal oficial de datos abiertos,PRIMARY_OFFICIAL
2015,2015-12-20,30 - Murcia,UNIDAD POPULAR-IZQUIERDA UNIDA - UNIDAD POPU,0,0,Ministerio del Interior / portal oficial de datos abiertos,PRIMARY_OFFICIAL
2015,2015-12-20,30 - Murcia,UNIDAD POPULAR-ORAIN BATERA:EZKER ANITZA-IZQUIERDA - IU-UPeC,0,0,Ministerio del Interior / portal oficial de datos abiertos,PRIMARY_OFFICIAL
2015,2015-12-20,30 - Murcia,UNIDAD POPULAR-ORAIN BATERA:EZKER ANITZA-IZQUIERDA - IU-UpeC,0,0,Ministerio del Interior / portal oficial de datos abiertos,PRIMARY_OFFICIAL
2015,2015-12-20,30 - Murcia,"UNIDAD POPULAR-ORAIN BATERA:IZQUIERDA UNIDA, BATZA - IU-B-UPeC",0,0,Ministerio del Interior / portal oficial de datos abiertos,PRIMARY_OFFICIAL
2015,2015-12-20,30 - Murcia,"UNIDAD POPULAR: IZQUIERDA UNIDA CANARIA, UNIDAD PO - IUC-UPeC",0,0,Ministerio del Interior / portal oficial de datos abiertos,PRIMARY_OFFICIAL
2015,2015-12-20,30 - Murcia,UNIDAD POPULAR: IZQUIERDA UNIDA LOS VERDES - CONVO - UP: IULV-CA,0,0,Ministerio del Interior / portal oficial de datos abiertos,PRIMARY_OFFICIAL
2015,2015-12-20,30 - Murcia,"UNIDAD POPULAR: IZQUIERDA UNIDA LOS VERDES-CONVOCA - IULV-CA, UP",0,0,Ministerio del Interior / portal oficial de datos abiertos,PRIMARY_OFFICIAL
2015,2015-12-20,30 - Murcia,"UNIDAD POPULAR: IZQUIERDA UNIDA LOS VERDES-CONVOCA - IULV-CA,UPe",0,0,Ministerio del Interior / portal oficial de datos abiertos,PRIMARY_OFFICIAL
2015,2015-12-20,30 - Murcia,"UNIDAD POPULAR: IZQUIERDA UNIDA, UNIDAD POPULAR EN - IU-UPeC",0,0,Ministerio del Interior / portal oficial de datos abiertos,PRIMARY_OFFICIAL
2015,2015-12-20,30 - Murcia,"UNIDAD POPULAR: IZQUIERDA UNIDA, UNIDAD POPULAR EN - IU-UPeC-IAS",0,0,Ministerio del Interior / portal oficial de datos abiertos,PRIMARY_OFFICIAL
2015,2015-12-20,30 - Murcia,"UNIDAD POPULAR: IZQUIERDA UNIDA, UNIDAD POPULAR EN - UP-UPeC",0,0,Ministerio del Interior / portal oficial de datos abiertos,PRIMARY_OFFICIAL
2015,2015-12-20,30 - Murcia,"UNIDAD POPULAR: IZQUIERDA UNIDA, UNIDAD POPULAR EN - UPeC-IU-IZC",0,0,Ministerio del Interior / portal oficial de datos abiertos,PRIMARY_OFFICIAL
2015,2015-12-20,30 - Murcia,UNIDAD POPULAR: IZQUIERDA UNIDA-UNIDAD POPULAR EN - IU-UPeC,0,0,Ministerio del Interior / portal oficial de datos abiertos,PRIMARY_OFFICIAL
2015,2015-12-20,30 - Murcia,UNIDAD POPULAR: IZQUIERDA UNIDA. UNIDAD POPULAR EN - IU-UPeC,0,0,Ministerio del Interior / portal oficial de datos abiertos,PRIMARY_OFFICIAL
2015,2015-12-20,30 - Murcia,"UNIDAD POPULAR: UNIDAD POPULAR EN COMÚN, IZQUIERDA - UPeC-IU",22767,0,Ministerio del Interior / portal oficial de datos abiertos,PRIMARY_OFFICIAL
2015,2015-12-20,30 - Murcia,"UNITAT POPULAR BALEARS: IZQUIERDA UNIDA, UNIDAD PO - UPB: IU-UPe",0,0,Ministerio del Interior / portal oficial de datos abiertos,PRIMARY_OFFICIAL
2015,2015-12-20,30 - Murcia,"UNITAT POPULAR: ESQUERRA UNIDA DEL PAÍS VALENCIÀ, - EUPV-UPeC",0,0,Ministerio del Interior / portal oficial de datos abiertos,PRIMARY_OFFICIAL
2015,2015-12-20,30 - Murcia,"UNITAT POPULAR:ESQUERRA UNIDA DEL PAÍS VALENCIÀ, U - EUPV-UPeC",0,0,Ministerio del Interior / portal oficial de datos abiertos,PRIMARY_OFFICIAL
2015,2015-12-20,30 - Murcia,UNIÓ DEMOCRÀTICA DE CATALUNYA - Unio.Cat,0,0,Ministerio del Interior / portal oficial de datos abiertos,PRIMARY_OFFICIAL
2015,2015-12-20,30 - Murcia,UNIÓ DEMOCRÀTICA DE CATALUNYA - unio.cat,0,0,Ministerio del Interior / portal oficial de datos abiertos,PRIMARY_OFFICIAL
2015,2015-12-20,30 - Murcia,UNIÓN DEL PUEBLO NAVARRO EN COALICIÓN CON EL PARTI - UPN-PP,0,0,Ministerio del Interior / portal oficial de datos abiertos,PRIMARY_OFFICIAL
2015,2015-12-20,30 - Murcia,UNIÓN PROGRESO Y DEMOCRACIA (UPYD) - UPYD,0,0,Ministerio del Interior / portal oficial de datos abiertos,PRIMARY_OFFICIAL
2015,2015-12-20,30 - Murcia,UNIÓN PROGRESO Y DEMOCRACIA - UPYD,5442,0,Ministerio del Interior / portal oficial de datos abiertos,PRIMARY_OFFICIAL
2015,2015-12-20,30 - Murcia,VOX - VOX,3282,0,Ministerio del Interior / portal oficial de datos abiertos,PRIMARY_OFFICIAL
2015,2015-12-20,30 - Murcia,X A ESQUERDA - X ESQ,0,0,Ministerio del Interior / portal oficial de datos abiertos,PRIMARY_OFFICIAL
2015,2015-12-20,30 - Murcia,X LA IZQUIERDA-LOS VERDES - X LA IZQUIE,0,0,Ministerio del Interior / portal oficial de datos abiertos,PRIMARY_OFFICIAL
2015,2015-12-20,31 - Navarra,"""EN COMÚ PODEM"" - EN COMÚ",0,0,Ministerio del Interior / portal oficial de datos abiertos,PRIMARY_OFFICIAL
2015,2015-12-20,31 - Navarra,ANDALUCES DE JAÉN UNIDOS - AJU,0,0,Ministerio del Interior / portal oficial de datos abiertos,PRIMARY_OFFICIAL
2015,2015-12-20,31 - Navarra,"ARA, PAÍS VALENCIÀ - ARA, PV",0,0,Ministerio del Interior / portal oficial de datos abiertos,PRIMARY_OFFICIAL
2015,2015-12-20,31 - Navarra,"ARA, PAÍS VALENCIÀ - ARAPV",0,0,Ministerio del Interior / portal oficial de datos abiertos,PRIMARY_OFFICIAL
2015,2015-12-20,31 - Navarra,AVANT VALENCIANS - AVANT,0,0,Ministerio del Interior / portal oficial de datos abiertos,PRIMARY_OFFICIAL
2015,2015-12-20,31 - Navarra,BIDEZKO MUNDURANTZ/POR UN MUNDO MÁS JUSTO - PUM+J,0,0,Ministerio del Interior / portal oficial de datos abiertos,PRIMARY_OFFICIAL
2015,2015-12-20,31 - Navarra,"CANARIAS DECIDE: LOS VERDES, UNIDAD DEL PUEBLO Y A - CANARIAS DE",0,0,Ministerio del Interior / portal oficial de datos abiertos,PRIMARY_OFFICIAL
2015,2015-12-20,31 - Navarra,CIUDADANOS DE CENTRO DEMOCRÁTICO - CCD,0,0,Ministerio del Interior / portal oficial de datos abiertos,PRIMARY_OFFICIAL
2015,2015-12-20,31 - Navarra,CIUDADANOS LIBRES UNIDOS - CILUS,0,0,Ministerio del Interior / portal oficial de datos abiertos,PRIMARY_OFFICIAL
2015,2015-12-20,31 - Navarra,CIUDADANOS PARTIDO DE LA CIUDADANÍA - C's,0,0,Ministerio del Interior / portal oficial de datos abiertos,PRIMARY_OFFICIAL
2015,2015-12-20,31 - Navarra,CIUDADANOS PARTIDO DE LA CIUDADANÍA - C´s,0,0,Ministerio del Interior / portal oficial de datos abiertos,PRIMARY_OFFICIAL
2015,2015-12-20,31 - Navarra,CIUDADANOS RURALES AGRUPADOS - CRA,0,0,Ministerio del Interior / portal oficial de datos abiertos,PRIMARY_OFFICIAL
2015,2015-12-20,31 - Navarra,"CIUDADANOS, PARTIDO DE LA CIUDADANÍA - C's",0,0,Ministerio del Interior / portal oficial de datos abiertos,PRIMARY_OFFICIAL
2015,2015-12-20,31 - Navarra,"CIUDADANOS, PARTIDO DE LA CIUDADANÍA - C´s",24969,0,Ministerio del Interior / portal oficial de datos abiertos,PRIMARY_OFFICIAL
2015,2015-12-20,31 - Navarra,CIUDADANOS-PARTIDO DE LA CIUDADANÍA (C's) - C's,0,0,Ministerio del Interior / portal oficial de datos abiertos,PRIMARY_OFFICIAL
2015,2015-12-20,31 - Navarra,CIUDADANOS-PARTIDO DE LA CIUDADANÍA - C's,0,0,Ministerio del Interior / portal oficial de datos abiertos,PRIMARY_OFFICIAL
2015,2015-12-20,31 - Navarra,CIUDADANOS-PARTIDO DE LA CIUDADANÍA - C´s,0,0,Ministerio del Interior / portal oficial de datos abiertos,PRIMARY_OFFICIAL
2015,2015-12-20,31 - Navarra,CIUTADANS - PARTIDO DE LA CIUDADANÍA - C's,0,0,Ministerio del Interior / portal oficial de datos abiertos,PRIMARY_OFFICIAL
2015,2015-12-20,31 - Navarra,CIUTADANS-PARTIDO DE LA CIUDADANÍA - C's,0,0,Ministerio del Interior / portal oficial de datos abiertos,PRIMARY_OFFICIAL
2015,2015-12-20,31 - Navarra,COALICIÓN CANARIA - PARTIDO NACIONALISTA CANARIO - CCa-PNC,0,0,Ministerio del Interior / portal oficial de datos abiertos,PRIMARY_OFFICIAL
2015,2015-12-20,31 - Navarra,COALICIÓN CANARIA-PARTIDO NACIONALISTA CANARIO - CCa-PNC,0,0,Ministerio del Interior / portal oficial de datos abiertos,PRIMARY_OFFICIAL
2015,2015-12-20,31 - Navarra,COMPROMÍS-PODEMOS-ÉS EL MOMENT - PODEMOS - C,0,0,Ministerio del Interior / portal oficial de datos abiertos,PRIMARY_OFFICIAL
2015,2015-12-20,31 - Navarra,COMPROMÍS-PODEMOS-ÉS EL MOMENT - PODEMOS-COM,0,0,Ministerio del Interior / portal oficial de datos abiertos,PRIMARY_OFFICIAL
2015,2015-12-20,31 - Navarra,COMUNISTAS DA GALIZA - PCPE,0,0,Ministerio del Interior / portal oficial de datos abiertos,PRIMARY_OFFICIAL
2015,2015-12-20,31 - Navarra,COMUNISTAS DA GALIZA-PCPE - PCPE,0,0,Ministerio del Interior / portal oficial de datos abiertos,PRIMARY_OFFICIAL
2015,2015-12-20,31 - Navarra,DEMOCRACIA NACIONAL - DN,0,0,Ministerio del Interior / portal oficial de datos abiertos,PRIMARY_OFFICIAL
2015,2015-12-20,31 - Navarra,DEMOCRÀCIA I LLIBERTAT. CONVERGÈNCIA. DEMÒCRATES. - DL,0,0,Ministerio del Interior / portal oficial de datos abiertos,PRIMARY_OFFICIAL
2015,2015-12-20,31 - Navarra,EL PI - PROPOSTA PER LES ILLES - EL PI,0,0,Ministerio del Interior / portal oficial de datos abiertos,PRIMARY_OFFICIAL
2015,2015-12-20,31 - Navarra,EN COMÚ PODEM - EN COMÚ,0,0,Ministerio del Interior / portal oficial de datos abiertos,PRIMARY_OFFICIAL
2015,2015-12-20,31 - Navarra,EN MAREA - PODEMOS-EN,0,0,Ministerio del Interior / portal oficial de datos abiertos,PRIMARY_OFFICIAL
2015,2015-12-20,31 - Navarra,EN MAREA - PODEMOS-En,0,0,Ministerio del Interior / portal oficial de datos abiertos,PRIMARY_OFFICIAL
2015,2015-12-20,31 - Navarra,EN POSITIU - EN POSITIU,0,0,Ministerio del Interior / portal oficial de datos abiertos,PRIMARY_OFFICIAL
2015,2015-12-20,31 - Navarra,ESCAÑOS EN BLANCO - AULKI ZURIAK - EB - AZ,0,0,Ministerio del Interior / portal oficial de datos abiertos,PRIMARY_OFFICIAL
2015,2015-12-20,31 - Navarra,ESCAÑOS EN BLANCO - EB,0,0,Ministerio del Interior / portal oficial de datos abiertos,PRIMARY_OFFICIAL
2015,2015-12-20,31 - Navarra,ESCAÑOS EN BLANCO-AULKI ZURIAK - EB-AZ,0,0,Ministerio del Interior / portal oficial de datos abiertos,PRIMARY_OFFICIAL
2015,2015-12-20,31 - Navarra,ESCONS EN BLANC/ESCAÑOS EN BLANCO - EB,0,0,Ministerio del Interior / portal oficial de datos abiertos,PRIMARY_OFFICIAL
2015,2015-12-20,31 - Navarra,ESQUERRA REPUBLICANA DE CATALUNYA-CATALUNYA SÍ - ERC-CATSI,0,0,Ministerio del Interior / portal oficial de datos abiertos,PRIMARY_OFFICIAL
2015,2015-12-20,31 - Navarra,ESQUERRA REPUBLICANA DE CATALUNYA-CATALUNYA SÍ - ERC-CATSÍ,0,0,Ministerio del Interior / portal oficial de datos abiertos,PRIMARY_OFFICIAL
2015,2015-12-20,31 - Navarra,EUSKAL HERRIA BILDU (EH Bildu) - EH Bildu,0,0,Ministerio del Interior / portal oficial de datos abiertos,PRIMARY_OFFICIAL
2015,2015-12-20,31 - Navarra,EUSKAL HERRIA BILDU - EH Bildu,34939,0,Ministerio del Interior / portal oficial de datos abiertos,PRIMARY_OFFICIAL
2015,2015-12-20,31 - Navarra,EUZKO ALDERDI JELTZALEA-PARTIDO NACIONALISTA VASCO - EAJ-PNV,0,0,Ministerio del Interior / portal oficial de datos abiertos,PRIMARY_OFFICIAL
2015,2015-12-20,31 - Navarra,EXTREMADURA UNIDA-EXTREMEÑOS - EU-eX,0,0,Ministerio del Interior / portal oficial de datos abiertos,PRIMARY_OFFICIAL
2015,2015-12-20,31 - Navarra,EZKERRA-X LA IZQUIERDA - EZKERRA,0,0,Ministerio del Interior / portal oficial de datos abiertos,PRIMARY_OFFICIAL
2015,2015-12-20,31 - Navarra,FALANGE ESPAÑOLA DE LAS JONS - FE de las J,0,0,Ministerio del Interior / portal oficial de datos abiertos,PRIMARY_OFFICIAL
2015,2015-12-20,31 - Navarra,FORO DEMÓCRATA - FDEE,0,0,Ministerio del Interior / portal oficial de datos abiertos,PRIMARY_OFFICIAL
2015,2015-12-20,31 - Navarra,GEROA BAI - GBAI,30642,0,Ministerio del Interior / portal oficial de datos abiertos,PRIMARY_OFFICIAL
2015,2015-12-20,31 - Navarra,INDEPENDIENTES POR ARAGÓN - Independien,0,0,Ministerio del Interior / portal oficial de datos abiertos,PRIMARY_OFFICIAL
2015,2015-12-20,31 - Navarra,INICIATIVA FEMINISTA - IFem,0,0,Ministerio del Interior / portal oficial de datos abiertos,PRIMARY_OFFICIAL
2015,2015-12-20,31 - Navarra,"JUSTIZIA SOCIAL, PARTICIPACIÓN CIUDADANA - JS,PC",0,0,Ministerio del Interior / portal oficial de datos abiertos,PRIMARY_OFFICIAL
2015,2015-12-20,31 - Navarra,"LIBERTAD NAVARRA, LIBERTATE NAFARRA (Ln) - Ln",0,0,Ministerio del Interior / portal oficial de datos abiertos,PRIMARY_OFFICIAL
2015,2015-12-20,31 - Navarra,"LIBERTAD NAVARRA, LIBERTATE NAFARRA - Ln",576,0,Ministerio del Interior / portal oficial de datos abiertos,PRIMARY_OFFICIAL
2015,2015-12-20,31 - Navarra,LIBERTAD NAVARRA-LIBERTATE NAFARRA - Ln,0,0,Ministerio del Interior / portal oficial de datos abiertos,PRIMARY_OFFICIAL
2015,2015-12-20,31 - Navarra,LOS VERDES-ECOPACIFISTAS - CENTRO MODE,0,0,Ministerio del Interior / portal oficial de datos abiertos,PRIMARY_OFFICIAL
2015,2015-12-20,31 - Navarra,MUERTE AL SISTEMA - +MAS+,0,0,Ministerio del Interior / portal oficial de datos abiertos,PRIMARY_OFFICIAL
2015,2015-12-20,31 - Navarra,MÁLAGA POR SÍ - mlgXSÍ,0,0,Ministerio del Interior / portal oficial de datos abiertos,PRIMARY_OFFICIAL
2015,2015-12-20,31 - Navarra,MÉS - MÉS,0,0,Ministerio del Interior / portal oficial de datos abiertos,PRIMARY_OFFICIAL
2015,2015-12-20,31 - Navarra,NÓS-CANDIDATURA GALEGA (BNG-CG-FOGA-PCPG-PG) - NÓS,0,0,Ministerio del Interior / portal oficial de datos abiertos,PRIMARY_OFFICIAL
2015,2015-12-20,31 - Navarra,ONGI ETORRI - OE,0,0,Ministerio del Interior / portal oficial de datos abiertos,PRIMARY_OFFICIAL
2015,2015-12-20,31 - Navarra,PARTIDO ANIMALISTA CONTRA EL MALTRATO ANIMAL (PACM - PACMA,0,0,Ministerio del Interior / portal oficial de datos abiertos,PRIMARY_OFFICIAL
2015,2015-12-20,31 - Navarra,PARTIDO ANIMALISTA CONTRA EL MALTRATO ANIMAL - PACMA,2343,0,Ministerio del Interior / portal oficial de datos abiertos,PRIMARY_OFFICIAL
2015,2015-12-20,31 - Navarra,PARTIDO ANIMALISTA CONTRA O MALTRATO ANIMAL - PACMA,0,0,Ministerio del Interior / portal oficial de datos abiertos,PRIMARY_OFFICIAL
2015,2015-12-20,31 - Navarra,PARTIDO ANIMALISTA-CONTRA EL MALTRATO ANIMAL - PACMA,0,0,Ministerio del Interior / portal oficial de datos abiertos,PRIMARY_OFFICIAL
2015,2015-12-20,31 - Navarra,PARTIDO COMUNISTA DE LOS PUEBLOS DE ESPAÑA - PCPE,0,0,Ministerio del Interior / portal oficial de datos abiertos,PRIMARY_OFFICIAL
2015,2015-12-20,31 - Navarra,PARTIDO COMUNISTA DEL PUEBLO CANARIO - PCPC,0,0,Ministerio del Interior / portal oficial de datos abiertos,PRIMARY_OFFICIAL
2015,2015-12-20,31 - Navarra,PARTIDO COMUNISTA OBRERO ESPAÑOL - PCOE,0,0,Ministerio del Interior / portal oficial de datos abiertos,PRIMARY_OFFICIAL
2015,2015-12-20,31 - Navarra,PARTIDO DA TERRA - PT,0,0,Ministerio del Interior / portal oficial de datos abiertos,PRIMARY_OFFICIAL
2015,2015-12-20,31 - Navarra,PARTIDO DOS SOCIALISTAS DE GALICIA-PSOE - PSdeG-PSOE,0,0,Ministerio del Interior / portal oficial de datos abiertos,PRIMARY_OFFICIAL
2015,2015-12-20,31 - Navarra,PARTIDO FAMILIA Y VIDA - PFyV,0,0,Ministerio del Interior / portal oficial de datos abiertos,PRIMARY_OFFICIAL
2015,2015-12-20,31 - Navarra,PARTIDO HUMANISTA - PH,0,0,Ministerio del Interior / portal oficial de datos abiertos,PRIMARY_OFFICIAL
2015,2015-12-20,31 - Navarra,PARTIDO LIBERAL DE DERECHAS - PLD,0,0,Ministerio del Interior / portal oficial de datos abiertos,PRIMARY_OFFICIAL
2015,2015-12-20,31 - Navarra,PARTIDO LIBERTARIO - P-LIB,0,0,Ministerio del Interior / portal oficial de datos abiertos,PRIMARY_OFFICIAL
2015,2015-12-20,31 - Navarra,PARTIDO POPULAR (PP) - PP,0,0,Ministerio del Interior / portal oficial de datos abiertos,PRIMARY_OFFICIAL
2015,2015-12-20,31 - Navarra,PARTIDO POPULAR - PP,0,0,Ministerio del Interior / portal oficial de datos abiertos,PRIMARY_OFFICIAL
2015,2015-12-20,31 - Navarra,PARTIDO POPULAR EN COALICIÓN CON EL PARTIDO ARAGON - PP-PAR,0,0,Ministerio del Interior / portal oficial de datos abiertos,PRIMARY_OFFICIAL
2015,2015-12-20,31 - Navarra,PARTIDO POPULAR-FORO - PP-FORO,0,0,Ministerio del Interior / portal oficial de datos abiertos,PRIMARY_OFFICIAL
2015,2015-12-20,31 - Navarra,PARTIDO POPULAR/PARTIT POPULAR - PP,0,0,Ministerio del Interior / portal oficial de datos abiertos,PRIMARY_OFFICIAL
2015,2015-12-20,31 - Navarra,PARTIDO REGIONALISTA DEL PAÍS LEONÉS - PREPAL,0,0,Ministerio del Interior / portal oficial de datos abiertos,PRIMARY_OFFICIAL
2015,2015-12-20,31 - Navarra,PARTIDO SOCIALISTA DE EUSKADI-EUSKADIKO EZKERRA (P - PSE-EE,0,0,Ministerio del Interior / portal oficial de datos abiertos,PRIMARY_OFFICIAL
2015,2015-12-20,31 - Navarra,PARTIDO SOCIALISTA DE EUSKADI-EUSKADIKO EZKERRA (P - PSE-EE (PSO,0,0,Ministerio del Interior / portal oficial de datos abiertos,PRIMARY_OFFICIAL
2015,2015-12-20,31 - Navarra,PARTIDO SOCIALISTA OBRERO ESPAÑOL - PSOE,54856,1,Ministerio del Interior / portal oficial de datos abiertos,PRIMARY_OFFICIAL
2015,2015-12-20,31 - Navarra,PARTIDO SOCIALISTA OBRERO ESPAÑOL-NUEVA CANARIAS - PSOE-NCa,0,0,Ministerio del Interior / portal oficial de datos abiertos,PRIMARY_OFFICIAL
2015,2015-12-20,31 - Navarra,PARTIT ANIMALISTA CONTRA EL MALTRACTAMENT ANIMAL - PACMA,0,0,Ministerio del Interior / portal oficial de datos abiertos,PRIMARY_OFFICIAL
2015,2015-12-20,31 - Navarra,PARTIT COMUNISTA DEL POBLE DE CATALUNYA - PCPC,0,0,Ministerio del Interior / portal oficial de datos abiertos,PRIMARY_OFFICIAL
2015,2015-12-20,31 - Navarra,PARTIT COMUNISTA DELS POBLES D’ESPANYA - PCPE,0,0,Ministerio del Interior / portal oficial de datos abiertos,PRIMARY_OFFICIAL
2015,2015-12-20,31 - Navarra,PARTIT DELS SOCIALISTES DE CATALUNYA (PSC-PSOE) - PSC,0,0,Ministerio del Interior / portal oficial de datos abiertos,PRIMARY_OFFICIAL
2015,2015-12-20,31 - Navarra,PARTIT DELS SOCIALISTES DE CATALUNYA - PSC-PSOE,0,0,Ministerio del Interior / portal oficial de datos abiertos,PRIMARY_OFFICIAL
2015,2015-12-20,31 - Navarra,PODEMOS - PODEMOS,81216,2,Ministerio del Interior / portal oficial de datos abiertos,PRIMARY_OFFICIAL
2015,2015-12-20,31 - Navarra,PODEMOS-AHAL DUGU - PODEMOS-AHA,0,0,Ministerio del Interior / portal oficial de datos abiertos,PRIMARY_OFFICIAL
2015,2015-12-20,31 - Navarra,PODEMOS-Ahora Alto Aragón en Común - PODEMOS-Aho,0,0,Ministerio del Interior / portal oficial de datos abiertos,PRIMARY_OFFICIAL
2015,2015-12-20,31 - Navarra,PODEMOS/AHAL DUGU - PODEMOS-AHA,0,0,Ministerio del Interior / portal oficial de datos abiertos,PRIMARY_OFFICIAL
2015,2015-12-20,31 - Navarra,POR UN MUNDO MÁS JUSTO - PUM+J,0,0,Ministerio del Interior / portal oficial de datos abiertos,PRIMARY_OFFICIAL
2015,2015-12-20,31 - Navarra,RECORTES CERO-GRUPO VERDE - RECORTES CE,956,0,Ministerio del Interior / portal oficial de datos abiertos,PRIMARY_OFFICIAL
2015,2015-12-20,31 - Navarra,SOLIDARIDAD Y AUTOGESTIÓN INTERNACIONALISTA - SAIn,913,0,Ministerio del Interior / portal oficial de datos abiertos,PRIMARY_OFFICIAL
2015,2015-12-20,31 - Navarra,SOLUCIONA - SOLUCIONA,0,0,Ministerio del Interior / portal oficial de datos abiertos,PRIMARY_OFFICIAL
2015,2015-12-20,31 - Navarra,SOM VALENCIANS - SOMVAL,0,0,Ministerio del Interior / portal oficial de datos abiertos,PRIMARY_OFFICIAL
2015,2015-12-20,31 - Navarra,"UNIDAD POPULAR EN ARAGÓN: IZQUIERDA UNIDA, CHUNTA - IU-CHA-UPeC",0,0,Ministerio del Interior / portal oficial de datos abiertos,PRIMARY_OFFICIAL
2015,2015-12-20,31 - Navarra,UNIDAD POPULAR- ORAIN BATERA:EZKER ANITZA-IZQUIERD - IU-UPeC,0,0,Ministerio del Interior / portal oficial de datos abiertos,PRIMARY_OFFICIAL
2015,2015-12-20,31 - Navarra,UNIDAD POPULAR-IZQUIERDA UNIDA - UNIDAD POPU,0,0,Ministerio del Interior / portal oficial de datos abiertos,PRIMARY_OFFICIAL
2015,2015-12-20,31 - Navarra,UNIDAD POPULAR-ORAIN BATERA:EZKER ANITZA-IZQUIERDA - IU-UPeC,0,0,Ministerio del Interior / portal oficial de datos abiertos,PRIMARY_OFFICIAL
2015,2015-12-20,31 - Navarra,UNIDAD POPULAR-ORAIN BATERA:EZKER ANITZA-IZQUIERDA - IU-UpeC,0,0,Ministerio del Interior / portal oficial de datos abiertos,PRIMARY_OFFICIAL
2015,2015-12-20,31 - Navarra,"UNIDAD POPULAR-ORAIN BATERA:IZQUIERDA UNIDA, BATZA - IU-B-UPeC",14528,0,Ministerio del Interior / portal oficial de datos abiertos,PRIMARY_OFFICIAL
2015,2015-12-20,31 - Navarra,"UNIDAD POPULAR: IZQUIERDA UNIDA CANARIA, UNIDAD PO - IUC-UPeC",0,0,Ministerio del Interior / portal oficial de datos abiertos,PRIMARY_OFFICIAL
2015,2015-12-20,31 - Navarra,UNIDAD POPULAR: IZQUIERDA UNIDA LOS VERDES - CONVO - UP: IULV-CA,0,0,Ministerio del Interior / portal oficial de datos abiertos,PRIMARY_OFFICIAL
2015,2015-12-20,31 - Navarra,"UNIDAD POPULAR: IZQUIERDA UNIDA LOS VERDES-CONVOCA - IULV-CA, UP",0,0,Ministerio del Interior / portal oficial de datos abiertos,PRIMARY_OFFICIAL
2015,2015-12-20,31 - Navarra,"UNIDAD POPULAR: IZQUIERDA UNIDA LOS VERDES-CONVOCA - IULV-CA,UPe",0,0,Ministerio del Interior / portal oficial de datos abiertos,PRIMARY_OFFICIAL
2015,2015-12-20,31 - Navarra,"UNIDAD POPULAR: IZQUIERDA UNIDA, UNIDAD POPULAR EN - IU-UPeC",0,0,Ministerio del Interior / portal oficial de datos abiertos,PRIMARY_OFFICIAL
2015,2015-12-20,31 - Navarra,"UNIDAD POPULAR: IZQUIERDA UNIDA, UNIDAD POPULAR EN - IU-UPeC-IAS",0,0,Ministerio del Interior / portal oficial de datos abiertos,PRIMARY_OFFICIAL
2015,2015-12-20,31 - Navarra,"UNIDAD POPULAR: IZQUIERDA UNIDA, UNIDAD POPULAR EN - UP-UPeC",0,0,Ministerio del Interior / portal oficial de datos abiertos,PRIMARY_OFFICIAL
2015,2015-12-20,31 - Navarra,"UNIDAD POPULAR: IZQUIERDA UNIDA, UNIDAD POPULAR EN - UPeC-IU-IZC",0,0,Ministerio del Interior / portal oficial de datos abiertos,PRIMARY_OFFICIAL
2015,2015-12-20,31 - Navarra,UNIDAD POPULAR: IZQUIERDA UNIDA-UNIDAD POPULAR EN - IU-UPeC,0,0,Ministerio del Interior / portal oficial de datos abiertos,PRIMARY_OFFICIAL
2015,2015-12-20,31 - Navarra,UNIDAD POPULAR: IZQUIERDA UNIDA. UNIDAD POPULAR EN - IU-UPeC,0,0,Ministerio del Interior / portal oficial de datos abiertos,PRIMARY_OFFICIAL
2015,2015-12-20,31 - Navarra,"UNIDAD POPULAR: UNIDAD POPULAR EN COMÚN, IZQUIERDA - UPeC-IU",0,0,Ministerio del Interior / portal oficial de datos abiertos,PRIMARY_OFFICIAL
2015,2015-12-20,31 - Navarra,"UNITAT POPULAR BALEARS: IZQUIERDA UNIDA, UNIDAD PO - UPB: IU-UPe",0,0,Ministerio del Interior / portal oficial de datos abiertos,PRIMARY_OFFICIAL
2015,2015-12-20,31 - Navarra,"UNITAT POPULAR: ESQUERRA UNIDA DEL PAÍS VALENCIÀ, - EUPV-UPeC",0,0,Ministerio del Interior / portal oficial de datos abiertos,PRIMARY_OFFICIAL
2015,2015-12-20,31 - Navarra,"UNITAT POPULAR:ESQUERRA UNIDA DEL PAÍS VALENCIÀ, U - EUPV-UPeC",0,0,Ministerio del Interior / portal oficial de datos abiertos,PRIMARY_OFFICIAL
2015,2015-12-20,31 - Navarra,UNIÓ DEMOCRÀTICA DE CATALUNYA - Unio.Cat,0,0,Ministerio del Interior / portal oficial de datos abiertos,PRIMARY_OFFICIAL
2015,2015-12-20,31 - Navarra,UNIÓ DEMOCRÀTICA DE CATALUNYA - unio.cat,0,0,Ministerio del Interior / portal oficial de datos abiertos,PRIMARY_OFFICIAL
2015,2015-12-20,31 - Navarra,UNIÓN DEL PUEBLO NAVARRO EN COALICIÓN CON EL PARTI - UPN-PP,102244,2,Ministerio del Interior / portal oficial de datos abiertos,PRIMARY_OFFICIAL
2015,2015-12-20,31 - Navarra,UNIÓN PROGRESO Y DEMOCRACIA (UPYD) - UPYD,0,0,Ministerio del Interior / portal oficial de datos abiertos,PRIMARY_OFFICIAL
2015,2015-12-20,31 - Navarra,UNIÓN PROGRESO Y DEMOCRACIA - UPYD,1452,0,Ministerio del Interior / portal oficial de datos abiertos,PRIMARY_OFFICIAL
2015,2015-12-20,31 - Navarra,VOX - VOX,0,0,Ministerio del Interior / portal oficial de datos abiertos,PRIMARY_OFFICIAL
2015,2015-12-20,31 - Navarra,X A ESQUERDA - X ESQ,0,0,Ministerio del Interior / portal oficial de datos abiertos,PRIMARY_OFFICIAL
2015,2015-12-20,31 - Navarra,X LA IZQUIERDA-LOS VERDES - X LA IZQUIE,0,0,Ministerio del Interior / portal oficial de datos abiertos,PRIMARY_OFFICIAL
2015,2015-12-20,32 - Ourense,"""EN COMÚ PODEM"" - EN COMÚ",0,0,Ministerio del Interior / portal oficial de datos abiertos,PRIMARY_OFFICIAL
2015,2015-12-20,32 - Ourense,ANDALUCES DE JAÉN UNIDOS - AJU,0,0,Ministerio del Interior / portal oficial de datos abiertos,PRIMARY_OFFICIAL
2015,2015-12-20,32 - Ourense,"ARA, PAÍS VALENCIÀ - ARA, PV",0,0,Ministerio del Interior / portal oficial de datos abiertos,PRIMARY_OFFICIAL
2015,2015-12-20,32 - Ourense,"ARA, PAÍS VALENCIÀ - ARAPV",0,0,Ministerio del Interior / portal oficial de datos abiertos,PRIMARY_OFFICIAL
2015,2015-12-20,32 - Ourense,AVANT VALENCIANS - AVANT,0,0,Ministerio del Interior / portal oficial de datos abiertos,PRIMARY_OFFICIAL
2015,2015-12-20,32 - Ourense,BIDEZKO MUNDURANTZ/POR UN MUNDO MÁS JUSTO - PUM+J,0,0,Ministerio del Interior / portal oficial de datos abiertos,PRIMARY_OFFICIAL
2015,2015-12-20,32 - Ourense,"CANARIAS DECIDE: LOS VERDES, UNIDAD DEL PUEBLO Y A - CANARIAS DE",0,0,Ministerio del Interior / portal oficial de datos abiertos,PRIMARY_OFFICIAL
2015,2015-12-20,32 - Ourense,CIUDADANOS DE CENTRO DEMOCRÁTICO - CCD,0,0,Ministerio del Interior / portal oficial de datos abiertos,PRIMARY_OFFICIAL
2015,2015-12-20,32 - Ourense,CIUDADANOS LIBRES UNIDOS - CILUS,0,0,Ministerio del Interior / portal oficial de datos abiertos,PRIMARY_OFFICIAL
2015,2015-12-20,32 - Ourense,CIUDADANOS PARTIDO DE LA CIUDADANÍA - C's,0,0,Ministerio del Interior / portal oficial de datos abiertos,PRIMARY_OFFICIAL
2015,2015-12-20,32 - Ourense,CIUDADANOS PARTIDO DE LA CIUDADANÍA - C´s,15174,0,Ministerio del Interior / portal oficial de datos abiertos,PRIMARY_OFFICIAL
2015,2015-12-20,32 - Ourense,CIUDADANOS RURALES AGRUPADOS - CRA,0,0,Ministerio del Interior / portal oficial de datos abiertos,PRIMARY_OFFICIAL
2015,2015-12-20,32 - Ourense,"CIUDADANOS, PARTIDO DE LA CIUDADANÍA - C's",0,0,Ministerio del Interior / portal oficial de datos abiertos,PRIMARY_OFFICIAL
2015,2015-12-20,32 - Ourense,"CIUDADANOS, PARTIDO DE LA CIUDADANÍA - C´s",0,0,Ministerio del Interior / portal oficial de datos abiertos,PRIMARY_OFFICIAL
2015,2015-12-20,32 - Ourense,CIUDADANOS-PARTIDO DE LA CIUDADANÍA (C's) - C's,0,0,Ministerio del Interior / portal oficial de datos abiertos,PRIMARY_OFFICIAL
2015,2015-12-20,32 - Ourense,CIUDADANOS-PARTIDO DE LA CIUDADANÍA - C's,0,0,Ministerio del Interior / portal oficial de datos abiertos,PRIMARY_OFFICIAL
2015,2015-12-20,32 - Ourense,CIUDADANOS-PARTIDO DE LA CIUDADANÍA - C´s,0,0,Ministerio del Interior / portal oficial de datos abiertos,PRIMARY_OFFICIAL
2015,2015-12-20,32 - Ourense,CIUTADANS - PARTIDO DE LA CIUDADANÍA - C's,0,0,Ministerio del Interior / portal oficial de datos abiertos,PRIMARY_OFFICIAL
2015,2015-12-20,32 - Ourense,CIUTADANS-PARTIDO DE LA CIUDADANÍA - C's,0,0,Ministerio del Interior / portal oficial de datos abiertos,PRIMARY_OFFICIAL
2015,2015-12-20,32 - Ourense,COALICIÓN CANARIA - PARTIDO NACIONALISTA CANARIO - CCa-PNC,0,0,Ministerio del Interior / portal oficial de datos abiertos,PRIMARY_OFFICIAL
2015,2015-12-20,32 - Ourense,COALICIÓN CANARIA-PARTIDO NACIONALISTA CANARIO - CCa-PNC,0,0,Ministerio del Interior / portal oficial de datos abiertos,PRIMARY_OFFICIAL
2015,2015-12-20,32 - Ourense,COMPROMÍS-PODEMOS-ÉS EL MOMENT - PODEMOS - C,0,0,Ministerio del Interior / portal oficial de datos abiertos,PRIMARY_OFFICIAL
2015,2015-12-20,32 - Ourense,COMPROMÍS-PODEMOS-ÉS EL MOMENT - PODEMOS-COM,0,0,Ministerio del Interior / portal oficial de datos abiertos,PRIMARY_OFFICIAL
2015,2015-12-20,32 - Ourense,COMUNISTAS DA GALIZA - PCPE,0,0,Ministerio del Interior / portal oficial de datos abiertos,PRIMARY_OFFICIAL
2015,2015-12-20,32 - Ourense,COMUNISTAS DA GALIZA-PCPE - PCPE,0,0,Ministerio del Interior / portal oficial de datos abiertos,PRIMARY_OFFICIAL
2015,2015-12-20,32 - Ourense,DEMOCRACIA NACIONAL - DN,0,0,Ministerio del Interior / portal oficial de datos abiertos,PRIMARY_OFFICIAL
2015,2015-12-20,32 - Ourense,DEMOCRÀCIA I LLIBERTAT. CONVERGÈNCIA. DEMÒCRATES. - DL,0,0,Ministerio del Interior / portal oficial de datos abiertos,PRIMARY_OFFICIAL
2015,2015-12-20,32 - Ourense,EL PI - PROPOSTA PER LES ILLES - EL PI,0,0,Ministerio del Interior / portal oficial de datos abiertos,PRIMARY_OFFICIAL
2015,2015-12-20,32 - Ourense,EN COMÚ PODEM - EN COMÚ,0,0,Ministerio del Interior / portal oficial de datos abiertos,PRIMARY_OFFICIAL
2015,2015-12-20,32 - Ourense,EN MAREA - PODEMOS-EN,0,0,Ministerio del Interior / portal oficial de datos abiertos,PRIMARY_OFFICIAL
2015,2015-12-20,32 - Ourense,EN MAREA - PODEMOS-En,34357,1,Ministerio del Interior / portal oficial de datos abiertos,PRIMARY_OFFICIAL
2015,2015-12-20,32 - Ourense,EN POSITIU - EN POSITIU,0,0,Ministerio del Interior / portal oficial de datos abiertos,PRIMARY_OFFICIAL
2015,2015-12-20,32 - Ourense,ESCAÑOS EN BLANCO - AULKI ZURIAK - EB - AZ,0,0,Ministerio del Interior / portal oficial de datos abiertos,PRIMARY_OFFICIAL
2015,2015-12-20,32 - Ourense,ESCAÑOS EN BLANCO - EB,0,0,Ministerio del Interior / portal oficial de datos abiertos,PRIMARY_OFFICIAL
2015,2015-12-20,32 - Ourense,ESCAÑOS EN BLANCO-AULKI ZURIAK - EB-AZ,0,0,Ministerio del Interior / portal oficial de datos abiertos,PRIMARY_OFFICIAL
2015,2015-12-20,32 - Ourense,ESCONS EN BLANC/ESCAÑOS EN BLANCO - EB,0,0,Ministerio del Interior / portal oficial de datos abiertos,PRIMARY_OFFICIAL
2015,2015-12-20,32 - Ourense,ESQUERRA REPUBLICANA DE CATALUNYA-CATALUNYA SÍ - ERC-CATSI,0,0,Ministerio del Interior / portal oficial de datos abiertos,PRIMARY_OFFICIAL
2015,2015-12-20,32 - Ourense,ESQUERRA REPUBLICANA DE CATALUNYA-CATALUNYA SÍ - ERC-CATSÍ,0,0,Ministerio del Interior / portal oficial de datos abiertos,PRIMARY_OFFICIAL
2015,2015-12-20,32 - Ourense,EUSKAL HERRIA BILDU (EH Bildu) - EH Bildu,0,0,Ministerio del Interior / portal oficial de datos abiertos,PRIMARY_OFFICIAL
2015,2015-12-20,32 - Ourense,EUSKAL HERRIA BILDU - EH Bildu,0,0,Ministerio del Interior / portal oficial de datos abiertos,PRIMARY_OFFICIAL
2015,2015-12-20,32 - Ourense,EUZKO ALDERDI JELTZALEA-PARTIDO NACIONALISTA VASCO - EAJ-PNV,0,0,Ministerio del Interior / portal oficial de datos abiertos,PRIMARY_OFFICIAL
2015,2015-12-20,32 - Ourense,EXTREMADURA UNIDA-EXTREMEÑOS - EU-eX,0,0,Ministerio del Interior / portal oficial de datos abiertos,PRIMARY_OFFICIAL
2015,2015-12-20,32 - Ourense,EZKERRA-X LA IZQUIERDA - EZKERRA,0,0,Ministerio del Interior / portal oficial de datos abiertos,PRIMARY_OFFICIAL
2015,2015-12-20,32 - Ourense,FALANGE ESPAÑOLA DE LAS JONS - FE de las J,0,0,Ministerio del Interior / portal oficial de datos abiertos,PRIMARY_OFFICIAL
2015,2015-12-20,32 - Ourense,FORO DEMÓCRATA - FDEE,0,0,Ministerio del Interior / portal oficial de datos abiertos,PRIMARY_OFFICIAL
2015,2015-12-20,32 - Ourense,GEROA BAI - GBAI,0,0,Ministerio del Interior / portal oficial de datos abiertos,PRIMARY_OFFICIAL
2015,2015-12-20,32 - Ourense,INDEPENDIENTES POR ARAGÓN - Independien,0,0,Ministerio del Interior / portal oficial de datos abiertos,PRIMARY_OFFICIAL
2015,2015-12-20,32 - Ourense,INICIATIVA FEMINISTA - IFem,0,0,Ministerio del Interior / portal oficial de datos abiertos,PRIMARY_OFFICIAL
2015,2015-12-20,32 - Ourense,"JUSTIZIA SOCIAL, PARTICIPACIÓN CIUDADANA - JS,PC",0,0,Ministerio del Interior / portal oficial de datos abiertos,PRIMARY_OFFICIAL
2015,2015-12-20,32 - Ourense,"LIBERTAD NAVARRA, LIBERTATE NAFARRA (Ln) - Ln",0,0,Ministerio del Interior / portal oficial de datos abiertos,PRIMARY_OFFICIAL
2015,2015-12-20,32 - Ourense,"LIBERTAD NAVARRA, LIBERTATE NAFARRA - Ln",0,0,Ministerio del Interior / portal oficial de datos abiertos,PRIMARY_OFFICIAL
2015,2015-12-20,32 - Ourense,LIBERTAD NAVARRA-LIBERTATE NAFARRA - Ln,0,0,Ministerio del Interior / portal oficial de datos abiertos,PRIMARY_OFFICIAL
2015,2015-12-20,32 - Ourense,LOS VERDES-ECOPACIFISTAS - CENTRO MODE,0,0,Ministerio del Interior / portal oficial de datos abiertos,PRIMARY_OFFICIAL
2015,2015-12-20,32 - Ourense,MUERTE AL SISTEMA - +MAS+,0,0,Ministerio del Interior / portal oficial de datos abiertos,PRIMARY_OFFICIAL
2015,2015-12-20,32 - Ourense,MÁLAGA POR SÍ - mlgXSÍ,0,0,Ministerio del Interior / portal oficial de datos abiertos,PRIMARY_OFFICIAL
2015,2015-12-20,32 - Ourense,MÉS - MÉS,0,0,Ministerio del Interior / portal oficial de datos abiertos,PRIMARY_OFFICIAL
2015,2015-12-20,32 - Ourense,NÓS-CANDIDATURA GALEGA (BNG-CG-FOGA-PCPG-PG) - NÓS,6455,0,Ministerio del Interior / portal oficial de datos abiertos,PRIMARY_OFFICIAL
2015,2015-12-20,32 - Ourense,ONGI ETORRI - OE,0,0,Ministerio del Interior / portal oficial de datos abiertos,PRIMARY_OFFICIAL
2015,2015-12-20,32 - Ourense,PARTIDO ANIMALISTA CONTRA EL MALTRATO ANIMAL (PACM - PACMA,0,0,Ministerio del Interior / portal oficial de datos abiertos,PRIMARY_OFFICIAL
2015,2015-12-20,32 - Ourense,PARTIDO ANIMALISTA CONTRA EL MALTRATO ANIMAL - PACMA,1406,0,Ministerio del Interior / portal oficial de datos abiertos,PRIMARY_OFFICIAL
2015,2015-12-20,32 - Ourense,PARTIDO ANIMALISTA CONTRA O MALTRATO ANIMAL - PACMA,0,0,Ministerio del Interior / portal oficial de datos abiertos,PRIMARY_OFFICIAL
2015,2015-12-20,32 - Ourense,PARTIDO ANIMALISTA-CONTRA EL MALTRATO ANIMAL - PACMA,0,0,Ministerio del Interior / portal oficial de datos abiertos,PRIMARY_OFFICIAL
2015,2015-12-20,32 - Ourense,PARTIDO COMUNISTA DE LOS PUEBLOS DE ESPAÑA - PCPE,0,0,Ministerio del Interior / portal oficial de datos abiertos,PRIMARY_OFFICIAL
2015,2015-12-20,32 - Ourense,PARTIDO COMUNISTA DEL PUEBLO CANARIO - PCPC,0,0,Ministerio del Interior / portal oficial de datos abiertos,PRIMARY_OFFICIAL
2015,2015-12-20,32 - Ourense,PARTIDO COMUNISTA OBRERO ESPAÑOL - PCOE,0,0,Ministerio del Interior / portal oficial de datos abiertos,PRIMARY_OFFICIAL
2015,2015-12-20,32 - Ourense,PARTIDO DA TERRA - PT,344,0,Ministerio del Interior / portal oficial de datos abiertos,PRIMARY_OFFICIAL
2015,2015-12-20,32 - Ourense,PARTIDO DOS SOCIALISTAS DE GALICIA-PSOE - PSdeG-PSOE,44726,1,Ministerio del Interior / portal oficial de datos abiertos,PRIMARY_OFFICIAL
2015,2015-12-20,32 - Ourense,PARTIDO FAMILIA Y VIDA - PFyV,0,0,Ministerio del Interior / portal oficial de datos abiertos,PRIMARY_OFFICIAL
2015,2015-12-20,32 - Ourense,PARTIDO HUMANISTA - PH,0,0,Ministerio del Interior / portal oficial de datos abiertos,PRIMARY_OFFICIAL
2015,2015-12-20,32 - Ourense,PARTIDO LIBERAL DE DERECHAS - PLD,0,0,Ministerio del Interior / portal oficial de datos abiertos,PRIMARY_OFFICIAL
2015,2015-12-20,32 - Ourense,PARTIDO LIBERTARIO - P-LIB,0,0,Ministerio del Interior / portal oficial de datos abiertos,PRIMARY_OFFICIAL
2015,2015-12-20,32 - Ourense,PARTIDO POPULAR (PP) - PP,0,0,Ministerio del Interior / portal oficial de datos abiertos,PRIMARY_OFFICIAL
2015,2015-12-20,32 - Ourense,PARTIDO POPULAR - PP,86673,2,Ministerio del Interior / portal oficial de datos abiertos,PRIMARY_OFFICIAL
2015,2015-12-20,32 - Ourense,PARTIDO POPULAR EN COALICIÓN CON EL PARTIDO ARAGON - PP-PAR,0,0,Ministerio del Interior / portal oficial de datos abiertos,PRIMARY_OFFICIAL
2015,2015-12-20,32 - Ourense,PARTIDO POPULAR-FORO - PP-FORO,0,0,Ministerio del Interior / portal oficial de datos abiertos,PRIMARY_OFFICIAL
2015,2015-12-20,32 - Ourense,PARTIDO POPULAR/PARTIT POPULAR - PP,0,0,Ministerio del Interior / portal oficial de datos abiertos,PRIMARY_OFFICIAL
2015,2015-12-20,32 - Ourense,PARTIDO REGIONALISTA DEL PAÍS LEONÉS - PREPAL,0,0,Ministerio del Interior / portal oficial de datos abiertos,PRIMARY_OFFICIAL
2015,2015-12-20,32 - Ourense,PARTIDO SOCIALISTA DE EUSKADI-EUSKADIKO EZKERRA (P - PSE-EE,0,0,Ministerio del Interior / portal oficial de datos abiertos,PRIMARY_OFFICIAL
2015,2015-12-20,32 - Ourense,PARTIDO SOCIALISTA DE EUSKADI-EUSKADIKO EZKERRA (P - PSE-EE (PSO,0,0,Ministerio del Interior / portal oficial de datos abiertos,PRIMARY_OFFICIAL
2015,2015-12-20,32 - Ourense,PARTIDO SOCIALISTA OBRERO ESPAÑOL - PSOE,0,0,Ministerio del Interior / portal oficial de datos abiertos,PRIMARY_OFFICIAL
2015,2015-12-20,32 - Ourense,PARTIDO SOCIALISTA OBRERO ESPAÑOL-NUEVA CANARIAS - PSOE-NCa,0,0,Ministerio del Interior / portal oficial de datos abiertos,PRIMARY_OFFICIAL
2015,2015-12-20,32 - Ourense,PARTIT ANIMALISTA CONTRA EL MALTRACTAMENT ANIMAL - PACMA,0,0,Ministerio del Interior / portal oficial de datos abiertos,PRIMARY_OFFICIAL
2015,2015-12-20,32 - Ourense,PARTIT COMUNISTA DEL POBLE DE CATALUNYA - PCPC,0,0,Ministerio del Interior / portal oficial de datos abiertos,PRIMARY_OFFICIAL
2015,2015-12-20,32 - Ourense,PARTIT COMUNISTA DELS POBLES D’ESPANYA - PCPE,0,0,Ministerio del Interior / portal oficial de datos abiertos,PRIMARY_OFFICIAL
2015,2015-12-20,32 - Ourense,PARTIT DELS SOCIALISTES DE CATALUNYA (PSC-PSOE) - PSC,0,0,Ministerio del Interior / portal oficial de datos abiertos,PRIMARY_OFFICIAL
2015,2015-12-20,32 - Ourense,PARTIT DELS SOCIALISTES DE CATALUNYA - PSC-PSOE,0,0,Ministerio del Interior / portal oficial de datos abiertos,PRIMARY_OFFICIAL
2015,2015-12-20,32 - Ourense,PODEMOS - PODEMOS,0,0,Ministerio del Interior / portal oficial de datos abiertos,PRIMARY_OFFICIAL
2015,2015-12-20,32 - Ourense,PODEMOS-AHAL DUGU - PODEMOS-AHA,0,0,Ministerio del Interior / portal oficial de datos abiertos,PRIMARY_OFFICIAL
2015,2015-12-20,32 - Ourense,PODEMOS-Ahora Alto Aragón en Común - PODEMOS-Aho,0,0,Ministerio del Interior / portal oficial de datos abiertos,PRIMARY_OFFICIAL
2015,2015-12-20,32 - Ourense,PODEMOS/AHAL DUGU - PODEMOS-AHA,0,0,Ministerio del Interior / portal oficial de datos abiertos,PRIMARY_OFFICIAL
2015,2015-12-20,32 - Ourense,POR UN MUNDO MÁS JUSTO - PUM+J,0,0,Ministerio del Interior / portal oficial de datos abiertos,PRIMARY_OFFICIAL
2015,2015-12-20,32 - Ourense,RECORTES CERO-GRUPO VERDE - RECORTES CE,399,0,Ministerio del Interior / portal oficial de datos abiertos,PRIMARY_OFFICIAL
2015,2015-12-20,32 - Ourense,SOLIDARIDAD Y AUTOGESTIÓN INTERNACIONALISTA - SAIn,0,0,Ministerio del Interior / portal oficial de datos abiertos,PRIMARY_OFFICIAL
2015,2015-12-20,32 - Ourense,SOLUCIONA - SOLUCIONA,0,0,Ministerio del Interior / portal oficial de datos abiertos,PRIMARY_OFFICIAL
2015,2015-12-20,32 - Ourense,SOM VALENCIANS - SOMVAL,0,0,Ministerio del Interior / portal oficial de datos abiertos,PRIMARY_OFFICIAL
2015,2015-12-20,32 - Ourense,"UNIDAD POPULAR EN ARAGÓN: IZQUIERDA UNIDA, CHUNTA - IU-CHA-UPeC",0,0,Ministerio del Interior / portal oficial de datos abiertos,PRIMARY_OFFICIAL
2015,2015-12-20,32 - Ourense,UNIDAD POPULAR- ORAIN BATERA:EZKER ANITZA-IZQUIERD - IU-UPeC,0,0,Ministerio del Interior / portal oficial de datos abiertos,PRIMARY_OFFICIAL
2015,2015-12-20,32 - Ourense,UNIDAD POPULAR-IZQUIERDA UNIDA - UNIDAD POPU,0,0,Ministerio del Interior / portal oficial de datos abiertos,PRIMARY_OFFICIAL
2015,2015-12-20,32 - Ourense,UNIDAD POPULAR-ORAIN BATERA:EZKER ANITZA-IZQUIERDA - IU-UPeC,0,0,Ministerio del Interior / portal oficial de datos abiertos,PRIMARY_OFFICIAL
2015,2015-12-20,32 - Ourense,UNIDAD POPULAR-ORAIN BATERA:EZKER ANITZA-IZQUIERDA - IU-UpeC,0,0,Ministerio del Interior / portal oficial de datos abiertos,PRIMARY_OFFICIAL
2015,2015-12-20,32 - Ourense,"UNIDAD POPULAR-ORAIN BATERA:IZQUIERDA UNIDA, BATZA - IU-B-UPeC",0,0,Ministerio del Interior / portal oficial de datos abiertos,PRIMARY_OFFICIAL
2015,2015-12-20,32 - Ourense,"UNIDAD POPULAR: IZQUIERDA UNIDA CANARIA, UNIDAD PO - IUC-UPeC",0,0,Ministerio del Interior / portal oficial de datos abiertos,PRIMARY_OFFICIAL
2015,2015-12-20,32 - Ourense,UNIDAD POPULAR: IZQUIERDA UNIDA LOS VERDES - CONVO - UP: IULV-CA,0,0,Ministerio del Interior / portal oficial de datos abiertos,PRIMARY_OFFICIAL
2015,2015-12-20,32 - Ourense,"UNIDAD POPULAR: IZQUIERDA UNIDA LOS VERDES-CONVOCA - IULV-CA, UP",0,0,Ministerio del Interior / portal oficial de datos abiertos,PRIMARY_OFFICIAL
2015,2015-12-20,32 - Ourense,"UNIDAD POPULAR: IZQUIERDA UNIDA LOS VERDES-CONVOCA - IULV-CA,UPe",0,0,Ministerio del Interior / portal oficial de datos abiertos,PRIMARY_OFFICIAL
2015,2015-12-20,32 - Ourense,"UNIDAD POPULAR: IZQUIERDA UNIDA, UNIDAD POPULAR EN - IU-UPeC",0,0,Ministerio del Interior / portal oficial de datos abiertos,PRIMARY_OFFICIAL
2015,2015-12-20,32 - Ourense,"UNIDAD POPULAR: IZQUIERDA UNIDA, UNIDAD POPULAR EN - IU-UPeC-IAS",0,0,Ministerio del Interior / portal oficial de datos abiertos,PRIMARY_OFFICIAL
2015,2015-12-20,32 - Ourense,"UNIDAD POPULAR: IZQUIERDA UNIDA, UNIDAD POPULAR EN - UP-UPeC",0,0,Ministerio del Interior / portal oficial de datos abiertos,PRIMARY_OFFICIAL
2015,2015-12-20,32 - Ourense,"UNIDAD POPULAR: IZQUIERDA UNIDA, UNIDAD POPULAR EN - UPeC-IU-IZC",0,0,Ministerio del Interior / portal oficial de datos abiertos,PRIMARY_OFFICIAL
2015,2015-12-20,32 - Ourense,UNIDAD POPULAR: IZQUIERDA UNIDA-UNIDAD POPULAR EN - IU-UPeC,0,0,Ministerio del Interior / portal oficial de datos abiertos,PRIMARY_OFFICIAL
2015,2015-12-20,32 - Ourense,UNIDAD POPULAR: IZQUIERDA UNIDA. UNIDAD POPULAR EN - IU-UPeC,0,0,Ministerio del Interior / portal oficial de datos abiertos,PRIMARY_OFFICIAL
2015,2015-12-20,32 - Ourense,"UNIDAD POPULAR: UNIDAD POPULAR EN COMÚN, IZQUIERDA - UPeC-IU",0,0,Ministerio del Interior / portal oficial de datos abiertos,PRIMARY_OFFICIAL
2015,2015-12-20,32 - Ourense,"UNITAT POPULAR BALEARS: IZQUIERDA UNIDA, UNIDAD PO - UPB: IU-UPe",0,0,Ministerio del Interior / portal oficial de datos abiertos,PRIMARY_OFFICIAL
2015,2015-12-20,32 - Ourense,"UNITAT POPULAR: ESQUERRA UNIDA DEL PAÍS VALENCIÀ, - EUPV-UPeC",0,0,Ministerio del Interior / portal oficial de datos abiertos,PRIMARY_OFFICIAL
2015,2015-12-20,32 - Ourense,"UNITAT POPULAR:ESQUERRA UNIDA DEL PAÍS VALENCIÀ, U - EUPV-UPeC",0,0,Ministerio del Interior / portal oficial de datos abiertos,PRIMARY_OFFICIAL
2015,2015-12-20,32 - Ourense,UNIÓ DEMOCRÀTICA DE CATALUNYA - Unio.Cat,0,0,Ministerio del Interior / portal oficial de datos abiertos,PRIMARY_OFFICIAL
2015,2015-12-20,32 - Ourense,UNIÓ DEMOCRÀTICA DE CATALUNYA - unio.cat,0,0,Ministerio del Interior / portal oficial de datos abiertos,PRIMARY_OFFICIAL
2015,2015-12-20,32 - Ourense,UNIÓN DEL PUEBLO NAVARRO EN COALICIÓN CON EL PARTI - UPN-PP,0,0,Ministerio del Interior / portal oficial de datos abiertos,PRIMARY_OFFICIAL
2015,2015-12-20,32 - Ourense,UNIÓN PROGRESO Y DEMOCRACIA (UPYD) - UPYD,0,0,Ministerio del Interior / portal oficial de datos abiertos,PRIMARY_OFFICIAL
2015,2015-12-20,32 - Ourense,UNIÓN PROGRESO Y DEMOCRACIA - UPYD,777,0,Ministerio del Interior / portal oficial de datos abiertos,PRIMARY_OFFICIAL
2015,2015-12-20,32 - Ourense,VOX - VOX,0,0,Ministerio del Interior / portal oficial de datos abiertos,PRIMARY_OFFICIAL
2015,2015-12-20,32 - Ourense,X A ESQUERDA - X ESQ,873,0,Ministerio del Interior / portal oficial de datos abiertos,PRIMARY_OFFICIAL
2015,2015-12-20,32 - Ourense,X LA IZQUIERDA-LOS VERDES - X LA IZQUIE,0,0,Ministerio del Interior / portal oficial de datos abiertos,PRIMARY_OFFICIAL
2015,2015-12-20,33 - Asturias,"""EN COMÚ PODEM"" - EN COMÚ",0,0,Ministerio del Interior / portal oficial de datos abiertos,PRIMARY_OFFICIAL
2015,2015-12-20,33 - Asturias,ANDALUCES DE JAÉN UNIDOS - AJU,0,0,Ministerio del Interior / portal oficial de datos abiertos,PRIMARY_OFFICIAL
2015,2015-12-20,33 - Asturias,"ARA, PAÍS VALENCIÀ - ARA, PV",0,0,Ministerio del Interior / portal oficial de datos abiertos,PRIMARY_OFFICIAL
2015,2015-12-20,33 - Asturias,"ARA, PAÍS VALENCIÀ - ARAPV",0,0,Ministerio del Interior / portal oficial de datos abiertos,PRIMARY_OFFICIAL
2015,2015-12-20,33 - Asturias,AVANT VALENCIANS - AVANT,0,0,Ministerio del Interior / portal oficial de datos abiertos,PRIMARY_OFFICIAL
2015,2015-12-20,33 - Asturias,BIDEZKO MUNDURANTZ/POR UN MUNDO MÁS JUSTO - PUM+J,0,0,Ministerio del Interior / portal oficial de datos abiertos,PRIMARY_OFFICIAL
2015,2015-12-20,33 - Asturias,"CANARIAS DECIDE: LOS VERDES, UNIDAD DEL PUEBLO Y A - CANARIAS DE",0,0,Ministerio del Interior / portal oficial de datos abiertos,PRIMARY_OFFICIAL
2015,2015-12-20,33 - Asturias,CIUDADANOS DE CENTRO DEMOCRÁTICO - CCD,0,0,Ministerio del Interior / portal oficial de datos abiertos,PRIMARY_OFFICIAL
2015,2015-12-20,33 - Asturias,CIUDADANOS LIBRES UNIDOS - CILUS,0,0,Ministerio del Interior / portal oficial de datos abiertos,PRIMARY_OFFICIAL
2015,2015-12-20,33 - Asturias,CIUDADANOS PARTIDO DE LA CIUDADANÍA - C's,0,0,Ministerio del Interior / portal oficial de datos abiertos,PRIMARY_OFFICIAL
2015,2015-12-20,33 - Asturias,CIUDADANOS PARTIDO DE LA CIUDADANÍA - C´s,0,0,Ministerio del Interior / portal oficial de datos abiertos,PRIMARY_OFFICIAL
2015,2015-12-20,33 - Asturias,CIUDADANOS RURALES AGRUPADOS - CRA,0,0,Ministerio del Interior / portal oficial de datos abiertos,PRIMARY_OFFICIAL
2015,2015-12-20,33 - Asturias,"CIUDADANOS, PARTIDO DE LA CIUDADANÍA - C's",0,0,Ministerio del Interior / portal oficial de datos abiertos,PRIMARY_OFFICIAL
2015,2015-12-20,33 - Asturias,"CIUDADANOS, PARTIDO DE LA CIUDADANÍA - C´s",0,0,Ministerio del Interior / portal oficial de datos abiertos,PRIMARY_OFFICIAL
2015,2015-12-20,33 - Asturias,CIUDADANOS-PARTIDO DE LA CIUDADANÍA (C's) - C's,0,0,Ministerio del Interior / portal oficial de datos abiertos,PRIMARY_OFFICIAL
2015,2015-12-20,33 - Asturias,CIUDADANOS-PARTIDO DE LA CIUDADANÍA - C's,84464,1,Ministerio del Interior / portal oficial de datos abiertos,PRIMARY_OFFICIAL
2015,2015-12-20,33 - Asturias,CIUDADANOS-PARTIDO DE LA CIUDADANÍA - C´s,0,0,Ministerio del Interior / portal oficial de datos abiertos,PRIMARY_OFFICIAL
2015,2015-12-20,33 - Asturias,CIUTADANS - PARTIDO DE LA CIUDADANÍA - C's,0,0,Ministerio del Interior / portal oficial de datos abiertos,PRIMARY_OFFICIAL
2015,2015-12-20,33 - Asturias,CIUTADANS-PARTIDO DE LA CIUDADANÍA - C's,0,0,Ministerio del Interior / portal oficial de datos abiertos,PRIMARY_OFFICIAL
2015,2015-12-20,33 - Asturias,COALICIÓN CANARIA - PARTIDO NACIONALISTA CANARIO - CCa-PNC,0,0,Ministerio del Interior / portal oficial de datos abiertos,PRIMARY_OFFICIAL
2015,2015-12-20,33 - Asturias,COALICIÓN CANARIA-PARTIDO NACIONALISTA CANARIO - CCa-PNC,0,0,Ministerio del Interior / portal oficial de datos abiertos,PRIMARY_OFFICIAL
2015,2015-12-20,33 - Asturias,COMPROMÍS-PODEMOS-ÉS EL MOMENT - PODEMOS - C,0,0,Ministerio del Interior / portal oficial de datos abiertos,PRIMARY_OFFICIAL
2015,2015-12-20,33 - Asturias,COMPROMÍS-PODEMOS-ÉS EL MOMENT - PODEMOS-COM,0,0,Ministerio del Interior / portal oficial de datos abiertos,PRIMARY_OFFICIAL
2015,2015-12-20,33 - Asturias,COMUNISTAS DA GALIZA - PCPE,0,0,Ministerio del Interior / portal oficial de datos abiertos,PRIMARY_OFFICIAL
2015,2015-12-20,33 - Asturias,COMUNISTAS DA GALIZA-PCPE - PCPE,0,0,Ministerio del Interior / portal oficial de datos abiertos,PRIMARY_OFFICIAL
2015,2015-12-20,33 - Asturias,DEMOCRACIA NACIONAL - DN,0,0,Ministerio del Interior / portal oficial de datos abiertos,PRIMARY_OFFICIAL
2015,2015-12-20,33 - Asturias,DEMOCRÀCIA I LLIBERTAT. CONVERGÈNCIA. DEMÒCRATES. - DL,0,0,Ministerio del Interior / portal oficial de datos abiertos,PRIMARY_OFFICIAL
2015,2015-12-20,33 - Asturias,EL PI - PROPOSTA PER LES ILLES - EL PI,0,0,Ministerio del Interior / portal oficial de datos abiertos,PRIMARY_OFFICIAL
2015,2015-12-20,33 - Asturias,EN COMÚ PODEM - EN COMÚ,0,0,Ministerio del Interior / portal oficial de datos abiertos,PRIMARY_OFFICIAL
2015,2015-12-20,33 - Asturias,EN MAREA - PODEMOS-EN,0,0,Ministerio del Interior / portal oficial de datos abiertos,PRIMARY_OFFICIAL
2015,2015-12-20,33 - Asturias,EN MAREA - PODEMOS-En,0,0,Ministerio del Interior / portal oficial de datos abiertos,PRIMARY_OFFICIAL
2015,2015-12-20,33 - Asturias,EN POSITIU - EN POSITIU,0,0,Ministerio del Interior / portal oficial de datos abiertos,PRIMARY_OFFICIAL
2015,2015-12-20,33 - Asturias,ESCAÑOS EN BLANCO - AULKI ZURIAK - EB - AZ,0,0,Ministerio del Interior / portal oficial de datos abiertos,PRIMARY_OFFICIAL
2015,2015-12-20,33 - Asturias,ESCAÑOS EN BLANCO - EB,1869,0,Ministerio del Interior / portal oficial de datos abiertos,PRIMARY_OFFICIAL
2015,2015-12-20,33 - Asturias,ESCAÑOS EN BLANCO-AULKI ZURIAK - EB-AZ,0,0,Ministerio del Interior / portal oficial de datos abiertos,PRIMARY_OFFICIAL
2015,2015-12-20,33 - Asturias,ESCONS EN BLANC/ESCAÑOS EN BLANCO - EB,0,0,Ministerio del Interior / portal oficial de datos abiertos,PRIMARY_OFFICIAL
2015,2015-12-20,33 - Asturias,ESQUERRA REPUBLICANA DE CATALUNYA-CATALUNYA SÍ - ERC-CATSI,0,0,Ministerio del Interior / portal oficial de datos abiertos,PRIMARY_OFFICIAL
2015,2015-12-20,33 - Asturias,ESQUERRA REPUBLICANA DE CATALUNYA-CATALUNYA SÍ - ERC-CATSÍ,0,0,Ministerio del Interior / portal oficial de datos abiertos,PRIMARY_OFFICIAL
2015,2015-12-20,33 - Asturias,EUSKAL HERRIA BILDU (EH Bildu) - EH Bildu,0,0,Ministerio del Interior / portal oficial de datos abiertos,PRIMARY_OFFICIAL
2015,2015-12-20,33 - Asturias,EUSKAL HERRIA BILDU - EH Bildu,0,0,Ministerio del Interior / portal oficial de datos abiertos,PRIMARY_OFFICIAL
2015,2015-12-20,33 - Asturias,EUZKO ALDERDI JELTZALEA-PARTIDO NACIONALISTA VASCO - EAJ-PNV,0,0,Ministerio del Interior / portal oficial de datos abiertos,PRIMARY_OFFICIAL
2015,2015-12-20,33 - Asturias,EXTREMADURA UNIDA-EXTREMEÑOS - EU-eX,0,0,Ministerio del Interior / portal oficial de datos abiertos,PRIMARY_OFFICIAL
2015,2015-12-20,33 - Asturias,EZKERRA-X LA IZQUIERDA - EZKERRA,0,0,Ministerio del Interior / portal oficial de datos abiertos,PRIMARY_OFFICIAL
2015,2015-12-20,33 - Asturias,FALANGE ESPAÑOLA DE LAS JONS - FE de las J,0,0,Ministerio del Interior / portal oficial de datos abiertos,PRIMARY_OFFICIAL
2015,2015-12-20,33 - Asturias,FORO DEMÓCRATA - FDEE,0,0,Ministerio del Interior / portal oficial de datos abiertos,PRIMARY_OFFICIAL
2015,2015-12-20,33 - Asturias,GEROA BAI - GBAI,0,0,Ministerio del Interior / portal oficial de datos abiertos,PRIMARY_OFFICIAL
2015,2015-12-20,33 - Asturias,INDEPENDIENTES POR ARAGÓN - Independien,0,0,Ministerio del Interior / portal oficial de datos abiertos,PRIMARY_OFFICIAL
2015,2015-12-20,33 - Asturias,INICIATIVA FEMINISTA - IFem,0,0,Ministerio del Interior / portal oficial de datos abiertos,PRIMARY_OFFICIAL
2015,2015-12-20,33 - Asturias,"JUSTIZIA SOCIAL, PARTICIPACIÓN CIUDADANA - JS,PC",0,0,Ministerio del Interior / portal oficial de datos abiertos,PRIMARY_OFFICIAL
2015,2015-12-20,33 - Asturias,"LIBERTAD NAVARRA, LIBERTATE NAFARRA (Ln) - Ln",0,0,Ministerio del Interior / portal oficial de datos abiertos,PRIMARY_OFFICIAL
2015,2015-12-20,33 - Asturias,"LIBERTAD NAVARRA, LIBERTATE NAFARRA - Ln",0,0,Ministerio del Interior / portal oficial de datos abiertos,PRIMARY_OFFICIAL
2015,2015-12-20,33 - Asturias,LIBERTAD NAVARRA-LIBERTATE NAFARRA - Ln,0,0,Ministerio del Interior / portal oficial de datos abiertos,PRIMARY_OFFICIAL
2015,2015-12-20,33 - Asturias,LOS VERDES-ECOPACIFISTAS - CENTRO MODE,0,0,Ministerio del Interior / portal oficial de datos abiertos,PRIMARY_OFFICIAL
2015,2015-12-20,33 - Asturias,MUERTE AL SISTEMA - +MAS+,0,0,Ministerio del Interior / portal oficial de datos abiertos,PRIMARY_OFFICIAL
2015,2015-12-20,33 - Asturias,MÁLAGA POR SÍ - mlgXSÍ,0,0,Ministerio del Interior / portal oficial de datos abiertos,PRIMARY_OFFICIAL
2015,2015-12-20,33 - Asturias,MÉS - MÉS,0,0,Ministerio del Interior / portal oficial de datos abiertos,PRIMARY_OFFICIAL
2015,2015-12-20,33 - Asturias,NÓS-CANDIDATURA GALEGA (BNG-CG-FOGA-PCPG-PG) - NÓS,0,0,Ministerio del Interior / portal oficial de datos abiertos,PRIMARY_OFFICIAL
2015,2015-12-20,33 - Asturias,ONGI ETORRI - OE,0,0,Ministerio del Interior / portal oficial de datos abiertos,PRIMARY_OFFICIAL
2015,2015-12-20,33 - Asturias,PARTIDO ANIMALISTA CONTRA EL MALTRATO ANIMAL (PACM - PACMA,0,0,Ministerio del Interior / portal oficial de datos abiertos,PRIMARY_OFFICIAL
2015,2015-12-20,33 - Asturias,PARTIDO ANIMALISTA CONTRA EL MALTRATO ANIMAL - PACMA,4555,0,Ministerio del Interior / portal oficial de datos abiertos,PRIMARY_OFFICIAL
2015,2015-12-20,33 - Asturias,PARTIDO ANIMALISTA CONTRA O MALTRATO ANIMAL - PACMA,0,0,Ministerio del Interior / portal oficial de datos abiertos,PRIMARY_OFFICIAL
2015,2015-12-20,33 - Asturias,PARTIDO ANIMALISTA-CONTRA EL MALTRATO ANIMAL - PACMA,0,0,Ministerio del Interior / portal oficial de datos abiertos,PRIMARY_OFFICIAL
2015,2015-12-20,33 - Asturias,PARTIDO COMUNISTA DE LOS PUEBLOS DE ESPAÑA - PCPE,1240,0,Ministerio del Interior / portal oficial de datos abiertos,PRIMARY_OFFICIAL
2015,2015-12-20,33 - Asturias,PARTIDO COMUNISTA DEL PUEBLO CANARIO - PCPC,0,0,Ministerio del Interior / portal oficial de datos abiertos,PRIMARY_OFFICIAL
2015,2015-12-20,33 - Asturias,PARTIDO COMUNISTA OBRERO ESPAÑOL - PCOE,0,0,Ministerio del Interior / portal oficial de datos abiertos,PRIMARY_OFFICIAL
2015,2015-12-20,33 - Asturias,PARTIDO DA TERRA - PT,0,0,Ministerio del Interior / portal oficial de datos abiertos,PRIMARY_OFFICIAL
2015,2015-12-20,33 - Asturias,PARTIDO DOS SOCIALISTAS DE GALICIA-PSOE - PSdeG-PSOE,0,0,Ministerio del Interior / portal oficial de datos abiertos,PRIMARY_OFFICIAL
2015,2015-12-20,33 - Asturias,PARTIDO FAMILIA Y VIDA - PFyV,0,0,Ministerio del Interior / portal oficial de datos abiertos,PRIMARY_OFFICIAL
2015,2015-12-20,33 - Asturias,PARTIDO HUMANISTA - PH,392,0,Ministerio del Interior / portal oficial de datos abiertos,PRIMARY_OFFICIAL
2015,2015-12-20,33 - Asturias,PARTIDO LIBERAL DE DERECHAS - PLD,0,0,Ministerio del Interior / portal oficial de datos abiertos,PRIMARY_OFFICIAL
2015,2015-12-20,33 - Asturias,PARTIDO LIBERTARIO - P-LIB,0,0,Ministerio del Interior / portal oficial de datos abiertos,PRIMARY_OFFICIAL
2015,2015-12-20,33 - Asturias,PARTIDO POPULAR (PP) - PP,0,0,Ministerio del Interior / portal oficial de datos abiertos,PRIMARY_OFFICIAL
2015,2015-12-20,33 - Asturias,PARTIDO POPULAR - PP,0,0,Ministerio del Interior / portal oficial de datos abiertos,PRIMARY_OFFICIAL
2015,2015-12-20,33 - Asturias,PARTIDO POPULAR EN COALICIÓN CON EL PARTIDO ARAGON - PP-PAR,0,0,Ministerio del Interior / portal oficial de datos abiertos,PRIMARY_OFFICIAL
2015,2015-12-20,33 - Asturias,PARTIDO POPULAR-FORO - PP-FORO,187568,3,Ministerio del Interior / portal oficial de datos abiertos,PRIMARY_OFFICIAL
2015,2015-12-20,33 - Asturias,PARTIDO POPULAR/PARTIT POPULAR - PP,0,0,Ministerio del Interior / portal oficial de datos abiertos,PRIMARY_OFFICIAL
2015,2015-12-20,33 - Asturias,PARTIDO REGIONALISTA DEL PAÍS LEONÉS - PREPAL,0,0,Ministerio del Interior / portal oficial de datos abiertos,PRIMARY_OFFICIAL
2015,2015-12-20,33 - Asturias,PARTIDO SOCIALISTA DE EUSKADI-EUSKADIKO EZKERRA (P - PSE-EE,0,0,Ministerio del Interior / portal oficial de datos abiertos,PRIMARY_OFFICIAL
2015,2015-12-20,33 - Asturias,PARTIDO SOCIALISTA DE EUSKADI-EUSKADIKO EZKERRA (P - PSE-EE (PSO,0,0,Ministerio del Interior / portal oficial de datos abiertos,PRIMARY_OFFICIAL
2015,2015-12-20,33 - Asturias,PARTIDO SOCIALISTA OBRERO ESPAÑOL - PSOE,145113,2,Ministerio del Interior / portal oficial de datos abiertos,PRIMARY_OFFICIAL
2015,2015-12-20,33 - Asturias,PARTIDO SOCIALISTA OBRERO ESPAÑOL-NUEVA CANARIAS - PSOE-NCa,0,0,Ministerio del Interior / portal oficial de datos abiertos,PRIMARY_OFFICIAL
2015,2015-12-20,33 - Asturias,PARTIT ANIMALISTA CONTRA EL MALTRACTAMENT ANIMAL - PACMA,0,0,Ministerio del Interior / portal oficial de datos abiertos,PRIMARY_OFFICIAL
2015,2015-12-20,33 - Asturias,PARTIT COMUNISTA DEL POBLE DE CATALUNYA - PCPC,0,0,Ministerio del Interior / portal oficial de datos abiertos,PRIMARY_OFFICIAL
2015,2015-12-20,33 - Asturias,PARTIT COMUNISTA DELS POBLES D’ESPANYA - PCPE,0,0,Ministerio del Interior / portal oficial de datos abiertos,PRIMARY_OFFICIAL
2015,2015-12-20,33 - Asturias,PARTIT DELS SOCIALISTES DE CATALUNYA (PSC-PSOE) - PSC,0,0,Ministerio del Interior / portal oficial de datos abiertos,PRIMARY_OFFICIAL
2015,2015-12-20,33 - Asturias,PARTIT DELS SOCIALISTES DE CATALUNYA - PSC-PSOE,0,0,Ministerio del Interior / portal oficial de datos abiertos,PRIMARY_OFFICIAL
2015,2015-12-20,33 - Asturias,PODEMOS - PODEMOS,132984,2,Ministerio del Interior / portal oficial de datos abiertos,PRIMARY_OFFICIAL
2015,2015-12-20,33 - Asturias,PODEMOS-AHAL DUGU - PODEMOS-AHA,0,0,Ministerio del Interior / portal oficial de datos abiertos,PRIMARY_OFFICIAL
2015,2015-12-20,33 - Asturias,PODEMOS-Ahora Alto Aragón en Común - PODEMOS-Aho,0,0,Ministerio del Interior / portal oficial de datos abiertos,PRIMARY_OFFICIAL
2015,2015-12-20,33 - Asturias,PODEMOS/AHAL DUGU - PODEMOS-AHA,0,0,Ministerio del Interior / portal oficial de datos abiertos,PRIMARY_OFFICIAL
2015,2015-12-20,33 - Asturias,POR UN MUNDO MÁS JUSTO - PUM+J,0,0,Ministerio del Interior / portal oficial de datos abiertos,PRIMARY_OFFICIAL
2015,2015-12-20,33 - Asturias,RECORTES CERO-GRUPO VERDE - RECORTES CE,1038,0,Ministerio del Interior / portal oficial de datos abiertos,PRIMARY_OFFICIAL
2015,2015-12-20,33 - Asturias,SOLIDARIDAD Y AUTOGESTIÓN INTERNACIONALISTA - SAIn,0,0,Ministerio del Interior / portal oficial de datos abiertos,PRIMARY_OFFICIAL
2015,2015-12-20,33 - Asturias,SOLUCIONA - SOLUCIONA,0,0,Ministerio del Interior / portal oficial de datos abiertos,PRIMARY_OFFICIAL
2015,2015-12-20,33 - Asturias,SOM VALENCIANS - SOMVAL,0,0,Ministerio del Interior / portal oficial de datos abiertos,PRIMARY_OFFICIAL
2015,2015-12-20,33 - Asturias,"UNIDAD POPULAR EN ARAGÓN: IZQUIERDA UNIDA, CHUNTA - IU-CHA-UPeC",0,0,Ministerio del Interior / portal oficial de datos abiertos,PRIMARY_OFFICIAL
2015,2015-12-20,33 - Asturias,UNIDAD POPULAR- ORAIN BATERA:EZKER ANITZA-IZQUIERD - IU-UPeC,0,0,Ministerio del Interior / portal oficial de datos abiertos,PRIMARY_OFFICIAL
2015,2015-12-20,33 - Asturias,UNIDAD POPULAR-IZQUIERDA UNIDA - UNIDAD POPU,0,0,Ministerio del Interior / portal oficial de datos abiertos,PRIMARY_OFFICIAL
2015,2015-12-20,33 - Asturias,UNIDAD POPULAR-ORAIN BATERA:EZKER ANITZA-IZQUIERDA - IU-UPeC,0,0,Ministerio del Interior / portal oficial de datos abiertos,PRIMARY_OFFICIAL
2015,2015-12-20,33 - Asturias,UNIDAD POPULAR-ORAIN BATERA:EZKER ANITZA-IZQUIERDA - IU-UpeC,0,0,Ministerio del Interior / portal oficial de datos abiertos,PRIMARY_OFFICIAL
2015,2015-12-20,33 - Asturias,"UNIDAD POPULAR-ORAIN BATERA:IZQUIERDA UNIDA, BATZA - IU-B-UPeC",0,0,Ministerio del Interior / portal oficial de datos abiertos,PRIMARY_OFFICIAL
2015,2015-12-20,33 - Asturias,"UNIDAD POPULAR: IZQUIERDA UNIDA CANARIA, UNIDAD PO - IUC-UPeC",0,0,Ministerio del Interior / portal oficial de datos abiertos,PRIMARY_OFFICIAL
2015,2015-12-20,33 - Asturias,UNIDAD POPULAR: IZQUIERDA UNIDA LOS VERDES - CONVO - UP: IULV-CA,0,0,Ministerio del Interior / portal oficial de datos abiertos,PRIMARY_OFFICIAL
2015,2015-12-20,33 - Asturias,"UNIDAD POPULAR: IZQUIERDA UNIDA LOS VERDES-CONVOCA - IULV-CA, UP",0,0,Ministerio del Interior / portal oficial de datos abiertos,PRIMARY_OFFICIAL
2015,2015-12-20,33 - Asturias,"UNIDAD POPULAR: IZQUIERDA UNIDA LOS VERDES-CONVOCA - IULV-CA,UPe",0,0,Ministerio del Interior / portal oficial de datos abiertos,PRIMARY_OFFICIAL
2015,2015-12-20,33 - Asturias,"UNIDAD POPULAR: IZQUIERDA UNIDA, UNIDAD POPULAR EN - IU-UPeC",0,0,Ministerio del Interior / portal oficial de datos abiertos,PRIMARY_OFFICIAL
2015,2015-12-20,33 - Asturias,"UNIDAD POPULAR: IZQUIERDA UNIDA, UNIDAD POPULAR EN - IU-UPeC-IAS",52583,0,Ministerio del Interior / portal oficial de datos abiertos,PRIMARY_OFFICIAL
2015,2015-12-20,33 - Asturias,"UNIDAD POPULAR: IZQUIERDA UNIDA, UNIDAD POPULAR EN - UP-UPeC",0,0,Ministerio del Interior / portal oficial de datos abiertos,PRIMARY_OFFICIAL
2015,2015-12-20,33 - Asturias,"UNIDAD POPULAR: IZQUIERDA UNIDA, UNIDAD POPULAR EN - UPeC-IU-IZC",0,0,Ministerio del Interior / portal oficial de datos abiertos,PRIMARY_OFFICIAL
2015,2015-12-20,33 - Asturias,UNIDAD POPULAR: IZQUIERDA UNIDA-UNIDAD POPULAR EN - IU-UPeC,0,0,Ministerio del Interior / portal oficial de datos abiertos,PRIMARY_OFFICIAL
2015,2015-12-20,33 - Asturias,UNIDAD POPULAR: IZQUIERDA UNIDA. UNIDAD POPULAR EN - IU-UPeC,0,0,Ministerio del Interior / portal oficial de datos abiertos,PRIMARY_OFFICIAL
2015,2015-12-20,33 - Asturias,"UNIDAD POPULAR: UNIDAD POPULAR EN COMÚN, IZQUIERDA - UPeC-IU",0,0,Ministerio del Interior / portal oficial de datos abiertos,PRIMARY_OFFICIAL
2015,2015-12-20,33 - Asturias,"UNITAT POPULAR BALEARS: IZQUIERDA UNIDA, UNIDAD PO - UPB: IU-UPe",0,0,Ministerio del Interior / portal oficial de datos abiertos,PRIMARY_OFFICIAL
2015,2015-12-20,33 - Asturias,"UNITAT POPULAR: ESQUERRA UNIDA DEL PAÍS VALENCIÀ, - EUPV-UPeC",0,0,Ministerio del Interior / portal oficial de datos abiertos,PRIMARY_OFFICIAL
2015,2015-12-20,33 - Asturias,"UNITAT POPULAR:ESQUERRA UNIDA DEL PAÍS VALENCIÀ, U - EUPV-UPeC",0,0,Ministerio del Interior / portal oficial de datos abiertos,PRIMARY_OFFICIAL
2015,2015-12-20,33 - Asturias,UNIÓ DEMOCRÀTICA DE CATALUNYA - Unio.Cat,0,0,Ministerio del Interior / portal oficial de datos abiertos,PRIMARY_OFFICIAL
2015,2015-12-20,33 - Asturias,UNIÓ DEMOCRÀTICA DE CATALUNYA - unio.cat,0,0,Ministerio del Interior / portal oficial de datos abiertos,PRIMARY_OFFICIAL
2015,2015-12-20,33 - Asturias,UNIÓN DEL PUEBLO NAVARRO EN COALICIÓN CON EL PARTI - UPN-PP,0,0,Ministerio del Interior / portal oficial de datos abiertos,PRIMARY_OFFICIAL
2015,2015-12-20,33 - Asturias,UNIÓN PROGRESO Y DEMOCRACIA (UPYD) - UPYD,0,0,Ministerio del Interior / portal oficial de datos abiertos,PRIMARY_OFFICIAL
2015,2015-12-20,33 - Asturias,UNIÓN PROGRESO Y DEMOCRACIA - UPYD,3855,0,Ministerio del Interior / portal oficial de datos abiertos,PRIMARY_OFFICIAL
2015,2015-12-20,33 - Asturias,VOX - VOX,1715,0,Ministerio del Interior / portal oficial de datos abiertos,PRIMARY_OFFICIAL
2015,2015-12-20,33 - Asturias,X A ESQUERDA - X ESQ,0,0,Ministerio del Interior / portal oficial de datos abiertos,PRIMARY_OFFICIAL
2015,2015-12-20,33 - Asturias,X LA IZQUIERDA-LOS VERDES - X LA IZQUIE,0,0,Ministerio del Interior / portal oficial de datos abiertos,PRIMARY_OFFICIAL
2015,2015-12-20,34 - Palencia,"""EN COMÚ PODEM"" - EN COMÚ",0,0,Ministerio del Interior / portal oficial de datos abiertos,PRIMARY_OFFICIAL
2015,2015-12-20,34 - Palencia,ANDALUCES DE JAÉN UNIDOS - AJU,0,0,Ministerio del Interior / portal oficial de datos abiertos,PRIMARY_OFFICIAL
2015,2015-12-20,34 - Palencia,"ARA, PAÍS VALENCIÀ - ARA, PV",0,0,Ministerio del Interior / portal oficial de datos abiertos,PRIMARY_OFFICIAL
2015,2015-12-20,34 - Palencia,"ARA, PAÍS VALENCIÀ - ARAPV",0,0,Ministerio del Interior / portal oficial de datos abiertos,PRIMARY_OFFICIAL
2015,2015-12-20,34 - Palencia,AVANT VALENCIANS - AVANT,0,0,Ministerio del Interior / portal oficial de datos abiertos,PRIMARY_OFFICIAL
2015,2015-12-20,34 - Palencia,BIDEZKO MUNDURANTZ/POR UN MUNDO MÁS JUSTO - PUM+J,0,0,Ministerio del Interior / portal oficial de datos abiertos,PRIMARY_OFFICIAL
2015,2015-12-20,34 - Palencia,"CANARIAS DECIDE: LOS VERDES, UNIDAD DEL PUEBLO Y A - CANARIAS DE",0,0,Ministerio del Interior / portal oficial de datos abiertos,PRIMARY_OFFICIAL
2015,2015-12-20,34 - Palencia,CIUDADANOS DE CENTRO DEMOCRÁTICO - CCD,0,0,Ministerio del Interior / portal oficial de datos abiertos,PRIMARY_OFFICIAL
2015,2015-12-20,34 - Palencia,CIUDADANOS LIBRES UNIDOS - CILUS,0,0,Ministerio del Interior / portal oficial de datos abiertos,PRIMARY_OFFICIAL
2015,2015-12-20,34 - Palencia,CIUDADANOS PARTIDO DE LA CIUDADANÍA - C's,0,0,Ministerio del Interior / portal oficial de datos abiertos,PRIMARY_OFFICIAL
2015,2015-12-20,34 - Palencia,CIUDADANOS PARTIDO DE LA CIUDADANÍA - C´s,0,0,Ministerio del Interior / portal oficial de datos abiertos,PRIMARY_OFFICIAL
2015,2015-12-20,34 - Palencia,CIUDADANOS RURALES AGRUPADOS - CRA,0,0,Ministerio del Interior / portal oficial de datos abiertos,PRIMARY_OFFICIAL
2015,2015-12-20,34 - Palencia,"CIUDADANOS, PARTIDO DE LA CIUDADANÍA - C's",0,0,Ministerio del Interior / portal oficial de datos abiertos,PRIMARY_OFFICIAL
2015,2015-12-20,34 - Palencia,"CIUDADANOS, PARTIDO DE LA CIUDADANÍA - C´s",0,0,Ministerio del Interior / portal oficial de datos abiertos,PRIMARY_OFFICIAL
2015,2015-12-20,34 - Palencia,CIUDADANOS-PARTIDO DE LA CIUDADANÍA (C's) - C's,0,0,Ministerio del Interior / portal oficial de datos abiertos,PRIMARY_OFFICIAL
2015,2015-12-20,34 - Palencia,CIUDADANOS-PARTIDO DE LA CIUDADANÍA - C's,14814,0,Ministerio del Interior / portal oficial de datos abiertos,PRIMARY_OFFICIAL
2015,2015-12-20,34 - Palencia,CIUDADANOS-PARTIDO DE LA CIUDADANÍA - C´s,0,0,Ministerio del Interior / portal oficial de datos abiertos,PRIMARY_OFFICIAL
2015,2015-12-20,34 - Palencia,CIUTADANS - PARTIDO DE LA CIUDADANÍA - C's,0,0,Ministerio del Interior / portal oficial de datos abiertos,PRIMARY_OFFICIAL
2015,2015-12-20,34 - Palencia,CIUTADANS-PARTIDO DE LA CIUDADANÍA - C's,0,0,Ministerio del Interior / portal oficial de datos abiertos,PRIMARY_OFFICIAL
2015,2015-12-20,34 - Palencia,COALICIÓN CANARIA - PARTIDO NACIONALISTA CANARIO - CCa-PNC,0,0,Ministerio del Interior / portal oficial de datos abiertos,PRIMARY_OFFICIAL
2015,2015-12-20,34 - Palencia,COALICIÓN CANARIA-PARTIDO NACIONALISTA CANARIO - CCa-PNC,0,0,Ministerio del Interior / portal oficial de datos abiertos,PRIMARY_OFFICIAL
2015,2015-12-20,34 - Palencia,COMPROMÍS-PODEMOS-ÉS EL MOMENT - PODEMOS - C,0,0,Ministerio del Interior / portal oficial de datos abiertos,PRIMARY_OFFICIAL
2015,2015-12-20,34 - Palencia,COMPROMÍS-PODEMOS-ÉS EL MOMENT - PODEMOS-COM,0,0,Ministerio del Interior / portal oficial de datos abiertos,PRIMARY_OFFICIAL
2015,2015-12-20,34 - Palencia,COMUNISTAS DA GALIZA - PCPE,0,0,Ministerio del Interior / portal oficial de datos abiertos,PRIMARY_OFFICIAL
2015,2015-12-20,34 - Palencia,COMUNISTAS DA GALIZA-PCPE - PCPE,0,0,Ministerio del Interior / portal oficial de datos abiertos,PRIMARY_OFFICIAL
2015,2015-12-20,34 - Palencia,DEMOCRACIA NACIONAL - DN,0,0,Ministerio del Interior / portal oficial de datos abiertos,PRIMARY_OFFICIAL
2015,2015-12-20,34 - Palencia,DEMOCRÀCIA I LLIBERTAT. CONVERGÈNCIA. DEMÒCRATES. - DL,0,0,Ministerio del Interior / portal oficial de datos abiertos,PRIMARY_OFFICIAL
2015,2015-12-20,34 - Palencia,EL PI - PROPOSTA PER LES ILLES - EL PI,0,0,Ministerio del Interior / portal oficial de datos abiertos,PRIMARY_OFFICIAL
2015,2015-12-20,34 - Palencia,EN COMÚ PODEM - EN COMÚ,0,0,Ministerio del Interior / portal oficial de datos abiertos,PRIMARY_OFFICIAL
2015,2015-12-20,34 - Palencia,EN MAREA - PODEMOS-EN,0,0,Ministerio del Interior / portal oficial de datos abiertos,PRIMARY_OFFICIAL
2015,2015-12-20,34 - Palencia,EN MAREA - PODEMOS-En,0,0,Ministerio del Interior / portal oficial de datos abiertos,PRIMARY_OFFICIAL
2015,2015-12-20,34 - Palencia,EN POSITIU - EN POSITIU,0,0,Ministerio del Interior / portal oficial de datos abiertos,PRIMARY_OFFICIAL
2015,2015-12-20,34 - Palencia,ESCAÑOS EN BLANCO - AULKI ZURIAK - EB - AZ,0,0,Ministerio del Interior / portal oficial de datos abiertos,PRIMARY_OFFICIAL
2015,2015-12-20,34 - Palencia,ESCAÑOS EN BLANCO - EB,182,0,Ministerio del Interior / portal oficial de datos abiertos,PRIMARY_OFFICIAL
2015,2015-12-20,34 - Palencia,ESCAÑOS EN BLANCO-AULKI ZURIAK - EB-AZ,0,0,Ministerio del Interior / portal oficial de datos abiertos,PRIMARY_OFFICIAL
2015,2015-12-20,34 - Palencia,ESCONS EN BLANC/ESCAÑOS EN BLANCO - EB,0,0,Ministerio del Interior / portal oficial de datos abiertos,PRIMARY_OFFICIAL
2015,2015-12-20,34 - Palencia,ESQUERRA REPUBLICANA DE CATALUNYA-CATALUNYA SÍ - ERC-CATSI,0,0,Ministerio del Interior / portal oficial de datos abiertos,PRIMARY_OFFICIAL
2015,2015-12-20,34 - Palencia,ESQUERRA REPUBLICANA DE CATALUNYA-CATALUNYA SÍ - ERC-CATSÍ,0,0,Ministerio del Interior / portal oficial de datos abiertos,PRIMARY_OFFICIAL
2015,2015-12-20,34 - Palencia,EUSKAL HERRIA BILDU (EH Bildu) - EH Bildu,0,0,Ministerio del Interior / portal oficial de datos abiertos,PRIMARY_OFFICIAL
2015,2015-12-20,34 - Palencia,EUSKAL HERRIA BILDU - EH Bildu,0,0,Ministerio del Interior / portal oficial de datos abiertos,PRIMARY_OFFICIAL
2015,2015-12-20,34 - Palencia,EUZKO ALDERDI JELTZALEA-PARTIDO NACIONALISTA VASCO - EAJ-PNV,0,0,Ministerio del Interior / portal oficial de datos abiertos,PRIMARY_OFFICIAL
2015,2015-12-20,34 - Palencia,EXTREMADURA UNIDA-EXTREMEÑOS - EU-eX,0,0,Ministerio del Interior / portal oficial de datos abiertos,PRIMARY_OFFICIAL
2015,2015-12-20,34 - Palencia,EZKERRA-X LA IZQUIERDA - EZKERRA,0,0,Ministerio del Interior / portal oficial de datos abiertos,PRIMARY_OFFICIAL
2015,2015-12-20,34 - Palencia,FALANGE ESPAÑOLA DE LAS JONS - FE de las J,218,0,Ministerio del Interior / portal oficial de datos abiertos,PRIMARY_OFFICIAL
2015,2015-12-20,34 - Palencia,FORO DEMÓCRATA - FDEE,0,0,Ministerio del Interior / portal oficial de datos abiertos,PRIMARY_OFFICIAL
2015,2015-12-20,34 - Palencia,GEROA BAI - GBAI,0,0,Ministerio del Interior / portal oficial de datos abiertos,PRIMARY_OFFICIAL
2015,2015-12-20,34 - Palencia,INDEPENDIENTES POR ARAGÓN - Independien,0,0,Ministerio del Interior / portal oficial de datos abiertos,PRIMARY_OFFICIAL
2015,2015-12-20,34 - Palencia,INICIATIVA FEMINISTA - IFem,0,0,Ministerio del Interior / portal oficial de datos abiertos,PRIMARY_OFFICIAL
2015,2015-12-20,34 - Palencia,"JUSTIZIA SOCIAL, PARTICIPACIÓN CIUDADANA - JS,PC",0,0,Ministerio del Interior / portal oficial de datos abiertos,PRIMARY_OFFICIAL
2015,2015-12-20,34 - Palencia,"LIBERTAD NAVARRA, LIBERTATE NAFARRA (Ln) - Ln",0,0,Ministerio del Interior / portal oficial de datos abiertos,PRIMARY_OFFICIAL
2015,2015-12-20,34 - Palencia,"LIBERTAD NAVARRA, LIBERTATE NAFARRA - Ln",0,0,Ministerio del Interior / portal oficial de datos abiertos,PRIMARY_OFFICIAL
2015,2015-12-20,34 - Palencia,LIBERTAD NAVARRA-LIBERTATE NAFARRA - Ln,0,0,Ministerio del Interior / portal oficial de datos abiertos,PRIMARY_OFFICIAL
2015,2015-12-20,34 - Palencia,LOS VERDES-ECOPACIFISTAS - CENTRO MODE,0,0,Ministerio del Interior / portal oficial de datos abiertos,PRIMARY_OFFICIAL
2015,2015-12-20,34 - Palencia,MUERTE AL SISTEMA - +MAS+,0,0,Ministerio del Interior / portal oficial de datos abiertos,PRIMARY_OFFICIAL
2015,2015-12-20,34 - Palencia,MÁLAGA POR SÍ - mlgXSÍ,0,0,Ministerio del Interior / portal oficial de datos abiertos,PRIMARY_OFFICIAL
2015,2015-12-20,34 - Palencia,MÉS - MÉS,0,0,Ministerio del Interior / portal oficial de datos abiertos,PRIMARY_OFFICIAL
2015,2015-12-20,34 - Palencia,NÓS-CANDIDATURA GALEGA (BNG-CG-FOGA-PCPG-PG) - NÓS,0,0,Ministerio del Interior / portal oficial de datos abiertos,PRIMARY_OFFICIAL
2015,2015-12-20,34 - Palencia,ONGI ETORRI - OE,0,0,Ministerio del Interior / portal oficial de datos abiertos,PRIMARY_OFFICIAL
2015,2015-12-20,34 - Palencia,PARTIDO ANIMALISTA CONTRA EL MALTRATO ANIMAL (PACM - PACMA,0,0,Ministerio del Interior / portal oficial de datos abiertos,PRIMARY_OFFICIAL
2015,2015-12-20,34 - Palencia,PARTIDO ANIMALISTA CONTRA EL MALTRATO ANIMAL - PACMA,624,0,Ministerio del Interior / portal oficial de datos abiertos,PRIMARY_OFFICIAL
2015,2015-12-20,34 - Palencia,PARTIDO ANIMALISTA CONTRA O MALTRATO ANIMAL - PACMA,0,0,Ministerio del Interior / portal oficial de datos abiertos,PRIMARY_OFFICIAL
2015,2015-12-20,34 - Palencia,PARTIDO ANIMALISTA-CONTRA EL MALTRATO ANIMAL - PACMA,0,0,Ministerio del Interior / portal oficial de datos abiertos,PRIMARY_OFFICIAL
2015,2015-12-20,34 - Palencia,PARTIDO COMUNISTA DE LOS PUEBLOS DE ESPAÑA - PCPE,126,0,Ministerio del Interior / portal oficial de datos abiertos,PRIMARY_OFFICIAL
2015,2015-12-20,34 - Palencia,PARTIDO COMUNISTA DEL PUEBLO CANARIO - PCPC,0,0,Ministerio del Interior / portal oficial de datos abiertos,PRIMARY_OFFICIAL
2015,2015-12-20,34 - Palencia,PARTIDO COMUNISTA OBRERO ESPAÑOL - PCOE,0,0,Ministerio del Interior / portal oficial de datos abiertos,PRIMARY_OFFICIAL
2015,2015-12-20,34 - Palencia,PARTIDO DA TERRA - PT,0,0,Ministerio del Interior / portal oficial de datos abiertos,PRIMARY_OFFICIAL
2015,2015-12-20,34 - Palencia,PARTIDO DOS SOCIALISTAS DE GALICIA-PSOE - PSdeG-PSOE,0,0,Ministerio del Interior / portal oficial de datos abiertos,PRIMARY_OFFICIAL
2015,2015-12-20,34 - Palencia,PARTIDO FAMILIA Y VIDA - PFyV,0,0,Ministerio del Interior / portal oficial de datos abiertos,PRIMARY_OFFICIAL
2015,2015-12-20,34 - Palencia,PARTIDO HUMANISTA - PH,0,0,Ministerio del Interior / portal oficial de datos abiertos,PRIMARY_OFFICIAL
2015,2015-12-20,34 - Palencia,PARTIDO LIBERAL DE DERECHAS - PLD,0,0,Ministerio del Interior / portal oficial de datos abiertos,PRIMARY_OFFICIAL
2015,2015-12-20,34 - Palencia,PARTIDO LIBERTARIO - P-LIB,0,0,Ministerio del Interior / portal oficial de datos abiertos,PRIMARY_OFFICIAL
2015,2015-12-20,34 - Palencia,PARTIDO POPULAR (PP) - PP,0,0,Ministerio del Interior / portal oficial de datos abiertos,PRIMARY_OFFICIAL
2015,2015-12-20,34 - Palencia,PARTIDO POPULAR - PP,42182,2,Ministerio del Interior / portal oficial de datos abiertos,PRIMARY_OFFICIAL
2015,2015-12-20,34 - Palencia,PARTIDO POPULAR EN COALICIÓN CON EL PARTIDO ARAGON - PP-PAR,0,0,Ministerio del Interior / portal oficial de datos abiertos,PRIMARY_OFFICIAL
2015,2015-12-20,34 - Palencia,PARTIDO POPULAR-FORO - PP-FORO,0,0,Ministerio del Interior / portal oficial de datos abiertos,PRIMARY_OFFICIAL
2015,2015-12-20,34 - Palencia,PARTIDO POPULAR/PARTIT POPULAR - PP,0,0,Ministerio del Interior / portal oficial de datos abiertos,PRIMARY_OFFICIAL
2015,2015-12-20,34 - Palencia,PARTIDO REGIONALISTA DEL PAÍS LEONÉS - PREPAL,0,0,Ministerio del Interior / portal oficial de datos abiertos,PRIMARY_OFFICIAL
2015,2015-12-20,34 - Palencia,PARTIDO SOCIALISTA DE EUSKADI-EUSKADIKO EZKERRA (P - PSE-EE,0,0,Ministerio del Interior / portal oficial de datos abiertos,PRIMARY_OFFICIAL
2015,2015-12-20,34 - Palencia,PARTIDO SOCIALISTA DE EUSKADI-EUSKADIKO EZKERRA (P - PSE-EE (PSO,0,0,Ministerio del Interior / portal oficial de datos abiertos,PRIMARY_OFFICIAL
2015,2015-12-20,34 - Palencia,PARTIDO SOCIALISTA OBRERO ESPAÑOL - PSOE,25698,1,Ministerio del Interior / portal oficial de datos abiertos,PRIMARY_OFFICIAL
2015,2015-12-20,34 - Palencia,PARTIDO SOCIALISTA OBRERO ESPAÑOL-NUEVA CANARIAS - PSOE-NCa,0,0,Ministerio del Interior / portal oficial de datos abiertos,PRIMARY_OFFICIAL
2015,2015-12-20,34 - Palencia,PARTIT ANIMALISTA CONTRA EL MALTRACTAMENT ANIMAL - PACMA,0,0,Ministerio del Interior / portal oficial de datos abiertos,PRIMARY_OFFICIAL
2015,2015-12-20,34 - Palencia,PARTIT COMUNISTA DEL POBLE DE CATALUNYA - PCPC,0,0,Ministerio del Interior / portal oficial de datos abiertos,PRIMARY_OFFICIAL
2015,2015-12-20,34 - Palencia,PARTIT COMUNISTA DELS POBLES D’ESPANYA - PCPE,0,0,Ministerio del Interior / portal oficial de datos abiertos,PRIMARY_OFFICIAL
2015,2015-12-20,34 - Palencia,PARTIT DELS SOCIALISTES DE CATALUNYA (PSC-PSOE) - PSC,0,0,Ministerio del Interior / portal oficial de datos abiertos,PRIMARY_OFFICIAL
2015,2015-12-20,34 - Palencia,PARTIT DELS SOCIALISTES DE CATALUNYA - PSC-PSOE,0,0,Ministerio del Interior / portal oficial de datos abiertos,PRIMARY_OFFICIAL
2015,2015-12-20,34 - Palencia,PODEMOS - PODEMOS,14083,0,Ministerio del Interior / portal oficial de datos abiertos,PRIMARY_OFFICIAL
2015,2015-12-20,34 - Palencia,PODEMOS-AHAL DUGU - PODEMOS-AHA,0,0,Ministerio del Interior / portal oficial de datos abiertos,PRIMARY_OFFICIAL
2015,2015-12-20,34 - Palencia,PODEMOS-Ahora Alto Aragón en Común - PODEMOS-Aho,0,0,Ministerio del Interior / portal oficial de datos abiertos,PRIMARY_OFFICIAL
2015,2015-12-20,34 - Palencia,PODEMOS/AHAL DUGU - PODEMOS-AHA,0,0,Ministerio del Interior / portal oficial de datos abiertos,PRIMARY_OFFICIAL
2015,2015-12-20,34 - Palencia,POR UN MUNDO MÁS JUSTO - PUM+J,0,0,Ministerio del Interior / portal oficial de datos abiertos,PRIMARY_OFFICIAL
2015,2015-12-20,34 - Palencia,RECORTES CERO-GRUPO VERDE - RECORTES CE,159,0,Ministerio del Interior / portal oficial de datos abiertos,PRIMARY_OFFICIAL
2015,2015-12-20,34 - Palencia,SOLIDARIDAD Y AUTOGESTIÓN INTERNACIONALISTA - SAIn,72,0,Ministerio del Interior / portal oficial de datos abiertos,PRIMARY_OFFICIAL
2015,2015-12-20,34 - Palencia,SOLUCIONA - SOLUCIONA,0,0,Ministerio del Interior / portal oficial de datos abiertos,PRIMARY_OFFICIAL
2015,2015-12-20,34 - Palencia,SOM VALENCIANS - SOMVAL,0,0,Ministerio del Interior / portal oficial de datos abiertos,PRIMARY_OFFICIAL
2015,2015-12-20,34 - Palencia,"UNIDAD POPULAR EN ARAGÓN: IZQUIERDA UNIDA, CHUNTA - IU-CHA-UPeC",0,0,Ministerio del Interior / portal oficial de datos abiertos,PRIMARY_OFFICIAL
2015,2015-12-20,34 - Palencia,UNIDAD POPULAR- ORAIN BATERA:EZKER ANITZA-IZQUIERD - IU-UPeC,0,0,Ministerio del Interior / portal oficial de datos abiertos,PRIMARY_OFFICIAL
2015,2015-12-20,34 - Palencia,UNIDAD POPULAR-IZQUIERDA UNIDA - UNIDAD POPU,0,0,Ministerio del Interior / portal oficial de datos abiertos,PRIMARY_OFFICIAL
2015,2015-12-20,34 - Palencia,UNIDAD POPULAR-ORAIN BATERA:EZKER ANITZA-IZQUIERDA - IU-UPeC,0,0,Ministerio del Interior / portal oficial de datos abiertos,PRIMARY_OFFICIAL
2015,2015-12-20,34 - Palencia,UNIDAD POPULAR-ORAIN BATERA:EZKER ANITZA-IZQUIERDA - IU-UpeC,0,0,Ministerio del Interior / portal oficial de datos abiertos,PRIMARY_OFFICIAL
2015,2015-12-20,34 - Palencia,"UNIDAD POPULAR-ORAIN BATERA:IZQUIERDA UNIDA, BATZA - IU-B-UPeC",0,0,Ministerio del Interior / portal oficial de datos abiertos,PRIMARY_OFFICIAL
2015,2015-12-20,34 - Palencia,"UNIDAD POPULAR: IZQUIERDA UNIDA CANARIA, UNIDAD PO - IUC-UPeC",0,0,Ministerio del Interior / portal oficial de datos abiertos,PRIMARY_OFFICIAL
2015,2015-12-20,34 - Palencia,UNIDAD POPULAR: IZQUIERDA UNIDA LOS VERDES - CONVO - UP: IULV-CA,0,0,Ministerio del Interior / portal oficial de datos abiertos,PRIMARY_OFFICIAL
2015,2015-12-20,34 - Palencia,"UNIDAD POPULAR: IZQUIERDA UNIDA LOS VERDES-CONVOCA - IULV-CA, UP",0,0,Ministerio del Interior / portal oficial de datos abiertos,PRIMARY_OFFICIAL
2015,2015-12-20,34 - Palencia,"UNIDAD POPULAR: IZQUIERDA UNIDA LOS VERDES-CONVOCA - IULV-CA,UPe",0,0,Ministerio del Interior / portal oficial de datos abiertos,PRIMARY_OFFICIAL
2015,2015-12-20,34 - Palencia,"UNIDAD POPULAR: IZQUIERDA UNIDA, UNIDAD POPULAR EN - IU-UPeC",4699,0,Ministerio del Interior / portal oficial de datos abiertos,PRIMARY_OFFICIAL
2015,2015-12-20,34 - Palencia,"UNIDAD POPULAR: IZQUIERDA UNIDA, UNIDAD POPULAR EN - IU-UPeC-IAS",0,0,Ministerio del Interior / portal oficial de datos abiertos,PRIMARY_OFFICIAL
2015,2015-12-20,34 - Palencia,"UNIDAD POPULAR: IZQUIERDA UNIDA, UNIDAD POPULAR EN - UP-UPeC",0,0,Ministerio del Interior / portal oficial de datos abiertos,PRIMARY_OFFICIAL
2015,2015-12-20,34 - Palencia,"UNIDAD POPULAR: IZQUIERDA UNIDA, UNIDAD POPULAR EN - UPeC-IU-IZC",0,0,Ministerio del Interior / portal oficial de datos abiertos,PRIMARY_OFFICIAL
2015,2015-12-20,34 - Palencia,UNIDAD POPULAR: IZQUIERDA UNIDA-UNIDAD POPULAR EN - IU-UPeC,0,0,Ministerio del Interior / portal oficial de datos abiertos,PRIMARY_OFFICIAL
2015,2015-12-20,34 - Palencia,UNIDAD POPULAR: IZQUIERDA UNIDA. UNIDAD POPULAR EN - IU-UPeC,0,0,Ministerio del Interior / portal oficial de datos abiertos,PRIMARY_OFFICIAL
2015,2015-12-20,34 - Palencia,"UNIDAD POPULAR: UNIDAD POPULAR EN COMÚN, IZQUIERDA - UPeC-IU",0,0,Ministerio del Interior / portal oficial de datos abiertos,PRIMARY_OFFICIAL
2015,2015-12-20,34 - Palencia,"UNITAT POPULAR BALEARS: IZQUIERDA UNIDA, UNIDAD PO - UPB: IU-UPe",0,0,Ministerio del Interior / portal oficial de datos abiertos,PRIMARY_OFFICIAL
2015,2015-12-20,34 - Palencia,"UNITAT POPULAR: ESQUERRA UNIDA DEL PAÍS VALENCIÀ, - EUPV-UPeC",0,0,Ministerio del Interior / portal oficial de datos abiertos,PRIMARY_OFFICIAL
2015,2015-12-20,34 - Palencia,"UNITAT POPULAR:ESQUERRA UNIDA DEL PAÍS VALENCIÀ, U - EUPV-UPeC",0,0,Ministerio del Interior / portal oficial de datos abiertos,PRIMARY_OFFICIAL
2015,2015-12-20,34 - Palencia,UNIÓ DEMOCRÀTICA DE CATALUNYA - Unio.Cat,0,0,Ministerio del Interior / portal oficial de datos abiertos,PRIMARY_OFFICIAL
2015,2015-12-20,34 - Palencia,UNIÓ DEMOCRÀTICA DE CATALUNYA - unio.cat,0,0,Ministerio del Interior / portal oficial de datos abiertos,PRIMARY_OFFICIAL
2015,2015-12-20,34 - Palencia,UNIÓN DEL PUEBLO NAVARRO EN COALICIÓN CON EL PARTI - UPN-PP,0,0,Ministerio del Interior / portal oficial de datos abiertos,PRIMARY_OFFICIAL
2015,2015-12-20,34 - Palencia,UNIÓN PROGRESO Y DEMOCRACIA (UPYD) - UPYD,0,0,Ministerio del Interior / portal oficial de datos abiertos,PRIMARY_OFFICIAL
2015,2015-12-20,34 - Palencia,UNIÓN PROGRESO Y DEMOCRACIA - UPYD,828,0,Ministerio del Interior / portal oficial de datos abiertos,PRIMARY_OFFICIAL
2015,2015-12-20,34 - Palencia,VOX - VOX,0,0,Ministerio del Interior / portal oficial de datos abiertos,PRIMARY_OFFICIAL
2015,2015-12-20,34 - Palencia,X A ESQUERDA - X ESQ,0,0,Ministerio del Interior / portal oficial de datos abiertos,PRIMARY_OFFICIAL
2015,2015-12-20,34 - Palencia,X LA IZQUIERDA-LOS VERDES - X LA IZQUIE,0,0,Ministerio del Interior / portal oficial de datos abiertos,PRIMARY_OFFICIAL
2015,2015-12-20,35 - Las Palmas,"""EN COMÚ PODEM"" - EN COMÚ",0,0,Ministerio del Interior / portal oficial de datos abiertos,PRIMARY_OFFICIAL
2015,2015-12-20,35 - Las Palmas,ANDALUCES DE JAÉN UNIDOS - AJU,0,0,Ministerio del Interior / portal oficial de datos abiertos,PRIMARY_OFFICIAL
2015,2015-12-20,35 - Las Palmas,"ARA, PAÍS VALENCIÀ - ARA, PV",0,0,Ministerio del Interior / portal oficial de datos abiertos,PRIMARY_OFFICIAL
2015,2015-12-20,35 - Las Palmas,"ARA, PAÍS VALENCIÀ - ARAPV",0,0,Ministerio del Interior / portal oficial de datos abiertos,PRIMARY_OFFICIAL
2015,2015-12-20,35 - Las Palmas,AVANT VALENCIANS - AVANT,0,0,Ministerio del Interior / portal oficial de datos abiertos,PRIMARY_OFFICIAL
2015,2015-12-20,35 - Las Palmas,BIDEZKO MUNDURANTZ/POR UN MUNDO MÁS JUSTO - PUM+J,0,0,Ministerio del Interior / portal oficial de datos abiertos,PRIMARY_OFFICIAL
2015,2015-12-20,35 - Las Palmas,"CANARIAS DECIDE: LOS VERDES, UNIDAD DEL PUEBLO Y A - CANARIAS DE",1605,0,Ministerio del Interior / portal oficial de datos abiertos,PRIMARY_OFFICIAL
2015,2015-12-20,35 - Las Palmas,CIUDADANOS DE CENTRO DEMOCRÁTICO - CCD,0,0,Ministerio del Interior / portal oficial de datos abiertos,PRIMARY_OFFICIAL
2015,2015-12-20,35 - Las Palmas,CIUDADANOS LIBRES UNIDOS - CILUS,0,0,Ministerio del Interior / portal oficial de datos abiertos,PRIMARY_OFFICIAL
2015,2015-12-20,35 - Las Palmas,CIUDADANOS PARTIDO DE LA CIUDADANÍA - C's,0,0,Ministerio del Interior / portal oficial de datos abiertos,PRIMARY_OFFICIAL
2015,2015-12-20,35 - Las Palmas,CIUDADANOS PARTIDO DE LA CIUDADANÍA - C´s,0,0,Ministerio del Interior / portal oficial de datos abiertos,PRIMARY_OFFICIAL
2015,2015-12-20,35 - Las Palmas,CIUDADANOS RURALES AGRUPADOS - CRA,0,0,Ministerio del Interior / portal oficial de datos abiertos,PRIMARY_OFFICIAL
2015,2015-12-20,35 - Las Palmas,"CIUDADANOS, PARTIDO DE LA CIUDADANÍA - C's",0,0,Ministerio del Interior / portal oficial de datos abiertos,PRIMARY_OFFICIAL
2015,2015-12-20,35 - Las Palmas,"CIUDADANOS, PARTIDO DE LA CIUDADANÍA - C´s",0,0,Ministerio del Interior / portal oficial de datos abiertos,PRIMARY_OFFICIAL
2015,2015-12-20,35 - Las Palmas,CIUDADANOS-PARTIDO DE LA CIUDADANÍA (C's) - C's,0,0,Ministerio del Interior / portal oficial de datos abiertos,PRIMARY_OFFICIAL
2015,2015-12-20,35 - Las Palmas,CIUDADANOS-PARTIDO DE LA CIUDADANÍA - C's,63385,1,Ministerio del Interior / portal oficial de datos abiertos,PRIMARY_OFFICIAL
2015,2015-12-20,35 - Las Palmas,CIUDADANOS-PARTIDO DE LA CIUDADANÍA - C´s,0,0,Ministerio del Interior / portal oficial de datos abiertos,PRIMARY_OFFICIAL
2015,2015-12-20,35 - Las Palmas,CIUTADANS - PARTIDO DE LA CIUDADANÍA - C's,0,0,Ministerio del Interior / portal oficial de datos abiertos,PRIMARY_OFFICIAL
2015,2015-12-20,35 - Las Palmas,CIUTADANS-PARTIDO DE LA CIUDADANÍA - C's,0,0,Ministerio del Interior / portal oficial de datos abiertos,PRIMARY_OFFICIAL
2015,2015-12-20,35 - Las Palmas,COALICIÓN CANARIA - PARTIDO NACIONALISTA CANARIO - CCa-PNC,21788,0,Ministerio del Interior / portal oficial de datos abiertos,PRIMARY_OFFICIAL
2015,2015-12-20,35 - Las Palmas,COALICIÓN CANARIA-PARTIDO NACIONALISTA CANARIO - CCa-PNC,0,0,Ministerio del Interior / portal oficial de datos abiertos,PRIMARY_OFFICIAL
2015,2015-12-20,35 - Las Palmas,COMPROMÍS-PODEMOS-ÉS EL MOMENT - PODEMOS - C,0,0,Ministerio del Interior / portal oficial de datos abiertos,PRIMARY_OFFICIAL
2015,2015-12-20,35 - Las Palmas,COMPROMÍS-PODEMOS-ÉS EL MOMENT - PODEMOS-COM,0,0,Ministerio del Interior / portal oficial de datos abiertos,PRIMARY_OFFICIAL
2015,2015-12-20,35 - Las Palmas,COMUNISTAS DA GALIZA - PCPE,0,0,Ministerio del Interior / portal oficial de datos abiertos,PRIMARY_OFFICIAL
2015,2015-12-20,35 - Las Palmas,COMUNISTAS DA GALIZA-PCPE - PCPE,0,0,Ministerio del Interior / portal oficial de datos abiertos,PRIMARY_OFFICIAL
2015,2015-12-20,35 - Las Palmas,DEMOCRACIA NACIONAL - DN,0,0,Ministerio del Interior / portal oficial de datos abiertos,PRIMARY_OFFICIAL
2015,2015-12-20,35 - Las Palmas,DEMOCRÀCIA I LLIBERTAT. CONVERGÈNCIA. DEMÒCRATES. - DL,0,0,Ministerio del Interior / portal oficial de datos abiertos,PRIMARY_OFFICIAL
2015,2015-12-20,35 - Las Palmas,EL PI - PROPOSTA PER LES ILLES - EL PI,0,0,Ministerio del Interior / portal oficial de datos abiertos,PRIMARY_OFFICIAL
2015,2015-12-20,35 - Las Palmas,EN COMÚ PODEM - EN COMÚ,0,0,Ministerio del Interior / portal oficial de datos abiertos,PRIMARY_OFFICIAL
2015,2015-12-20,35 - Las Palmas,EN MAREA - PODEMOS-EN,0,0,Ministerio del Interior / portal oficial de datos abiertos,PRIMARY_OFFICIAL
2015,2015-12-20,35 - Las Palmas,EN MAREA - PODEMOS-En,0,0,Ministerio del Interior / portal oficial de datos abiertos,PRIMARY_OFFICIAL
2015,2015-12-20,35 - Las Palmas,EN POSITIU - EN POSITIU,0,0,Ministerio del Interior / portal oficial de datos abiertos,PRIMARY_OFFICIAL
2015,2015-12-20,35 - Las Palmas,ESCAÑOS EN BLANCO - AULKI ZURIAK - EB - AZ,0,0,Ministerio del Interior / portal oficial de datos abiertos,PRIMARY_OFFICIAL
2015,2015-12-20,35 - Las Palmas,ESCAÑOS EN BLANCO - EB,0,0,Ministerio del Interior / portal oficial de datos abiertos,PRIMARY_OFFICIAL
2015,2015-12-20,35 - Las Palmas,ESCAÑOS EN BLANCO-AULKI ZURIAK - EB-AZ,0,0,Ministerio del Interior / portal oficial de datos abiertos,PRIMARY_OFFICIAL
2015,2015-12-20,35 - Las Palmas,ESCONS EN BLANC/ESCAÑOS EN BLANCO - EB,0,0,Ministerio del Interior / portal oficial de datos abiertos,PRIMARY_OFFICIAL
2015,2015-12-20,35 - Las Palmas,ESQUERRA REPUBLICANA DE CATALUNYA-CATALUNYA SÍ - ERC-CATSI,0,0,Ministerio del Interior / portal oficial de datos abiertos,PRIMARY_OFFICIAL
2015,2015-12-20,35 - Las Palmas,ESQUERRA REPUBLICANA DE CATALUNYA-CATALUNYA SÍ - ERC-CATSÍ,0,0,Ministerio del Interior / portal oficial de datos abiertos,PRIMARY_OFFICIAL
2015,2015-12-20,35 - Las Palmas,EUSKAL HERRIA BILDU (EH Bildu) - EH Bildu,0,0,Ministerio del Interior / portal oficial de datos abiertos,PRIMARY_OFFICIAL
2015,2015-12-20,35 - Las Palmas,EUSKAL HERRIA BILDU - EH Bildu,0,0,Ministerio del Interior / portal oficial de datos abiertos,PRIMARY_OFFICIAL
2015,2015-12-20,35 - Las Palmas,EUZKO ALDERDI JELTZALEA-PARTIDO NACIONALISTA VASCO - EAJ-PNV,0,0,Ministerio del Interior / portal oficial de datos abiertos,PRIMARY_OFFICIAL
2015,2015-12-20,35 - Las Palmas,EXTREMADURA UNIDA-EXTREMEÑOS - EU-eX,0,0,Ministerio del Interior / portal oficial de datos abiertos,PRIMARY_OFFICIAL
2015,2015-12-20,35 - Las Palmas,EZKERRA-X LA IZQUIERDA - EZKERRA,0,0,Ministerio del Interior / portal oficial de datos abiertos,PRIMARY_OFFICIAL
2015,2015-12-20,35 - Las Palmas,FALANGE ESPAÑOLA DE LAS JONS - FE de las J,0,0,Ministerio del Interior / portal oficial de datos abiertos,PRIMARY_OFFICIAL
2015,2015-12-20,35 - Las Palmas,FORO DEMÓCRATA - FDEE,0,0,Ministerio del Interior / portal oficial de datos abiertos,PRIMARY_OFFICIAL
2015,2015-12-20,35 - Las Palmas,GEROA BAI - GBAI,0,0,Ministerio del Interior / portal oficial de datos abiertos,PRIMARY_OFFICIAL
2015,2015-12-20,35 - Las Palmas,INDEPENDIENTES POR ARAGÓN - Independien,0,0,Ministerio del Interior / portal oficial de datos abiertos,PRIMARY_OFFICIAL
2015,2015-12-20,35 - Las Palmas,INICIATIVA FEMINISTA - IFem,0,0,Ministerio del Interior / portal oficial de datos abiertos,PRIMARY_OFFICIAL
2015,2015-12-20,35 - Las Palmas,"JUSTIZIA SOCIAL, PARTICIPACIÓN CIUDADANA - JS,PC",0,0,Ministerio del Interior / portal oficial de datos abiertos,PRIMARY_OFFICIAL
2015,2015-12-20,35 - Las Palmas,"LIBERTAD NAVARRA, LIBERTATE NAFARRA (Ln) - Ln",0,0,Ministerio del Interior / portal oficial de datos abiertos,PRIMARY_OFFICIAL
2015,2015-12-20,35 - Las Palmas,"LIBERTAD NAVARRA, LIBERTATE NAFARRA - Ln",0,0,Ministerio del Interior / portal oficial de datos abiertos,PRIMARY_OFFICIAL
2015,2015-12-20,35 - Las Palmas,LIBERTAD NAVARRA-LIBERTATE NAFARRA - Ln,0,0,Ministerio del Interior / portal oficial de datos abiertos,PRIMARY_OFFICIAL
2015,2015-12-20,35 - Las Palmas,LOS VERDES-ECOPACIFISTAS - CENTRO MODE,0,0,Ministerio del Interior / portal oficial de datos abiertos,PRIMARY_OFFICIAL
2015,2015-12-20,35 - Las Palmas,MUERTE AL SISTEMA - +MAS+,0,0,Ministerio del Interior / portal oficial de datos abiertos,PRIMARY_OFFICIAL
2015,2015-12-20,35 - Las Palmas,MÁLAGA POR SÍ - mlgXSÍ,0,0,Ministerio del Interior / portal oficial de datos abiertos,PRIMARY_OFFICIAL
2015,2015-12-20,35 - Las Palmas,MÉS - MÉS,0,0,Ministerio del Interior / portal oficial de datos abiertos,PRIMARY_OFFICIAL
2015,2015-12-20,35 - Las Palmas,NÓS-CANDIDATURA GALEGA (BNG-CG-FOGA-PCPG-PG) - NÓS,0,0,Ministerio del Interior / portal oficial de datos abiertos,PRIMARY_OFFICIAL
2015,2015-12-20,35 - Las Palmas,ONGI ETORRI - OE,0,0,Ministerio del Interior / portal oficial de datos abiertos,PRIMARY_OFFICIAL
2015,2015-12-20,35 - Las Palmas,PARTIDO ANIMALISTA CONTRA EL MALTRATO ANIMAL (PACM - PACMA,0,0,Ministerio del Interior / portal oficial de datos abiertos,PRIMARY_OFFICIAL
2015,2015-12-20,35 - Las Palmas,PARTIDO ANIMALISTA CONTRA EL MALTRATO ANIMAL - PACMA,5351,0,Ministerio del Interior / portal oficial de datos abiertos,PRIMARY_OFFICIAL
2015,2015-12-20,35 - Las Palmas,PARTIDO ANIMALISTA CONTRA O MALTRATO ANIMAL - PACMA,0,0,Ministerio del Interior / portal oficial de datos abiertos,PRIMARY_OFFICIAL
2015,2015-12-20,35 - Las Palmas,PARTIDO ANIMALISTA-CONTRA EL MALTRATO ANIMAL - PACMA,0,0,Ministerio del Interior / portal oficial de datos abiertos,PRIMARY_OFFICIAL
2015,2015-12-20,35 - Las Palmas,PARTIDO COMUNISTA DE LOS PUEBLOS DE ESPAÑA - PCPE,0,0,Ministerio del Interior / portal oficial de datos abiertos,PRIMARY_OFFICIAL
2015,2015-12-20,35 - Las Palmas,PARTIDO COMUNISTA DEL PUEBLO CANARIO - PCPC,953,0,Ministerio del Interior / portal oficial de datos abiertos,PRIMARY_OFFICIAL
2015,2015-12-20,35 - Las Palmas,PARTIDO COMUNISTA OBRERO ESPAÑOL - PCOE,0,0,Ministerio del Interior / portal oficial de datos abiertos,PRIMARY_OFFICIAL
2015,2015-12-20,35 - Las Palmas,PARTIDO DA TERRA - PT,0,0,Ministerio del Interior / portal oficial de datos abiertos,PRIMARY_OFFICIAL
2015,2015-12-20,35 - Las Palmas,PARTIDO DOS SOCIALISTAS DE GALICIA-PSOE - PSdeG-PSOE,0,0,Ministerio del Interior / portal oficial de datos abiertos,PRIMARY_OFFICIAL
2015,2015-12-20,35 - Las Palmas,PARTIDO FAMILIA Y VIDA - PFyV,0,0,Ministerio del Interior / portal oficial de datos abiertos,PRIMARY_OFFICIAL
2015,2015-12-20,35 - Las Palmas,PARTIDO HUMANISTA - PH,439,0,Ministerio del Interior / portal oficial de datos abiertos,PRIMARY_OFFICIAL
2015,2015-12-20,35 - Las Palmas,PARTIDO LIBERAL DE DERECHAS - PLD,0,0,Ministerio del Interior / portal oficial de datos abiertos,PRIMARY_OFFICIAL
2015,2015-12-20,35 - Las Palmas,PARTIDO LIBERTARIO - P-LIB,0,0,Ministerio del Interior / portal oficial de datos abiertos,PRIMARY_OFFICIAL
2015,2015-12-20,35 - Las Palmas,PARTIDO POPULAR (PP) - PP,0,0,Ministerio del Interior / portal oficial de datos abiertos,PRIMARY_OFFICIAL
2015,2015-12-20,35 - Las Palmas,PARTIDO POPULAR - PP,145372,3,Ministerio del Interior / portal oficial de datos abiertos,PRIMARY_OFFICIAL
2015,2015-12-20,35 - Las Palmas,PARTIDO POPULAR EN COALICIÓN CON EL PARTIDO ARAGON - PP-PAR,0,0,Ministerio del Interior / portal oficial de datos abiertos,PRIMARY_OFFICIAL
2015,2015-12-20,35 - Las Palmas,PARTIDO POPULAR-FORO - PP-FORO,0,0,Ministerio del Interior / portal oficial de datos abiertos,PRIMARY_OFFICIAL
2015,2015-12-20,35 - Las Palmas,PARTIDO POPULAR/PARTIT POPULAR - PP,0,0,Ministerio del Interior / portal oficial de datos abiertos,PRIMARY_OFFICIAL
2015,2015-12-20,35 - Las Palmas,PARTIDO REGIONALISTA DEL PAÍS LEONÉS - PREPAL,0,0,Ministerio del Interior / portal oficial de datos abiertos,PRIMARY_OFFICIAL
2015,2015-12-20,35 - Las Palmas,PARTIDO SOCIALISTA DE EUSKADI-EUSKADIKO EZKERRA (P - PSE-EE,0,0,Ministerio del Interior / portal oficial de datos abiertos,PRIMARY_OFFICIAL
2015,2015-12-20,35 - Las Palmas,PARTIDO SOCIALISTA DE EUSKADI-EUSKADIKO EZKERRA (P - PSE-EE (PSO,0,0,Ministerio del Interior / portal oficial de datos abiertos,PRIMARY_OFFICIAL
2015,2015-12-20,35 - Las Palmas,PARTIDO SOCIALISTA OBRERO ESPAÑOL - PSOE,0,0,Ministerio del Interior / portal oficial de datos abiertos,PRIMARY_OFFICIAL
2015,2015-12-20,35 - Las Palmas,PARTIDO SOCIALISTA OBRERO ESPAÑOL-NUEVA CANARIAS - PSOE-NCa,115521,2,Ministerio del Interior / portal oficial de datos abiertos,PRIMARY_OFFICIAL
2015,2015-12-20,35 - Las Palmas,PARTIT ANIMALISTA CONTRA EL MALTRACTAMENT ANIMAL - PACMA,0,0,Ministerio del Interior / portal oficial de datos abiertos,PRIMARY_OFFICIAL
2015,2015-12-20,35 - Las Palmas,PARTIT COMUNISTA DEL POBLE DE CATALUNYA - PCPC,0,0,Ministerio del Interior / portal oficial de datos abiertos,PRIMARY_OFFICIAL
2015,2015-12-20,35 - Las Palmas,PARTIT COMUNISTA DELS POBLES D’ESPANYA - PCPE,0,0,Ministerio del Interior / portal oficial de datos abiertos,PRIMARY_OFFICIAL
2015,2015-12-20,35 - Las Palmas,PARTIT DELS SOCIALISTES DE CATALUNYA (PSC-PSOE) - PSC,0,0,Ministerio del Interior / portal oficial de datos abiertos,PRIMARY_OFFICIAL
2015,2015-12-20,35 - Las Palmas,PARTIT DELS SOCIALISTES DE CATALUNYA - PSC-PSOE,0,0,Ministerio del Interior / portal oficial de datos abiertos,PRIMARY_OFFICIAL
2015,2015-12-20,35 - Las Palmas,PODEMOS - PODEMOS,136583,2,Ministerio del Interior / portal oficial de datos abiertos,PRIMARY_OFFICIAL
2015,2015-12-20,35 - Las Palmas,PODEMOS-AHAL DUGU - PODEMOS-AHA,0,0,Ministerio del Interior / portal oficial de datos abiertos,PRIMARY_OFFICIAL
2015,2015-12-20,35 - Las Palmas,PODEMOS-Ahora Alto Aragón en Común - PODEMOS-Aho,0,0,Ministerio del Interior / portal oficial de datos abiertos,PRIMARY_OFFICIAL
2015,2015-12-20,35 - Las Palmas,PODEMOS/AHAL DUGU - PODEMOS-AHA,0,0,Ministerio del Interior / portal oficial de datos abiertos,PRIMARY_OFFICIAL
2015,2015-12-20,35 - Las Palmas,POR UN MUNDO MÁS JUSTO - PUM+J,616,0,Ministerio del Interior / portal oficial de datos abiertos,PRIMARY_OFFICIAL
2015,2015-12-20,35 - Las Palmas,RECORTES CERO-GRUPO VERDE - RECORTES CE,1478,0,Ministerio del Interior / portal oficial de datos abiertos,PRIMARY_OFFICIAL
2015,2015-12-20,35 - Las Palmas,SOLIDARIDAD Y AUTOGESTIÓN INTERNACIONALISTA - SAIn,300,0,Ministerio del Interior / portal oficial de datos abiertos,PRIMARY_OFFICIAL
2015,2015-12-20,35 - Las Palmas,SOLUCIONA - SOLUCIONA,0,0,Ministerio del Interior / portal oficial de datos abiertos,PRIMARY_OFFICIAL
2015,2015-12-20,35 - Las Palmas,SOM VALENCIANS - SOMVAL,0,0,Ministerio del Interior / portal oficial de datos abiertos,PRIMARY_OFFICIAL
2015,2015-12-20,35 - Las Palmas,"UNIDAD POPULAR EN ARAGÓN: IZQUIERDA UNIDA, CHUNTA - IU-CHA-UPeC",0,0,Ministerio del Interior / portal oficial de datos abiertos,PRIMARY_OFFICIAL
2015,2015-12-20,35 - Las Palmas,UNIDAD POPULAR- ORAIN BATERA:EZKER ANITZA-IZQUIERD - IU-UPeC,0,0,Ministerio del Interior / portal oficial de datos abiertos,PRIMARY_OFFICIAL
2015,2015-12-20,35 - Las Palmas,UNIDAD POPULAR-IZQUIERDA UNIDA - UNIDAD POPU,0,0,Ministerio del Interior / portal oficial de datos abiertos,PRIMARY_OFFICIAL
2015,2015-12-20,35 - Las Palmas,UNIDAD POPULAR-ORAIN BATERA:EZKER ANITZA-IZQUIERDA - IU-UPeC,0,0,Ministerio del Interior / portal oficial de datos abiertos,PRIMARY_OFFICIAL
2015,2015-12-20,35 - Las Palmas,UNIDAD POPULAR-ORAIN BATERA:EZKER ANITZA-IZQUIERDA - IU-UpeC,0,0,Ministerio del Interior / portal oficial de datos abiertos,PRIMARY_OFFICIAL
2015,2015-12-20,35 - Las Palmas,"UNIDAD POPULAR-ORAIN BATERA:IZQUIERDA UNIDA, BATZA - IU-B-UPeC",0,0,Ministerio del Interior / portal oficial de datos abiertos,PRIMARY_OFFICIAL
2015,2015-12-20,35 - Las Palmas,"UNIDAD POPULAR: IZQUIERDA UNIDA CANARIA, UNIDAD PO - IUC-UPeC",0,0,Ministerio del Interior / portal oficial de datos abiertos,PRIMARY_OFFICIAL
2015,2015-12-20,35 - Las Palmas,UNIDAD POPULAR: IZQUIERDA UNIDA LOS VERDES - CONVO - UP: IULV-CA,0,0,Ministerio del Interior / portal oficial de datos abiertos,PRIMARY_OFFICIAL
2015,2015-12-20,35 - Las Palmas,"UNIDAD POPULAR: IZQUIERDA UNIDA LOS VERDES-CONVOCA - IULV-CA, UP",0,0,Ministerio del Interior / portal oficial de datos abiertos,PRIMARY_OFFICIAL
2015,2015-12-20,35 - Las Palmas,"UNIDAD POPULAR: IZQUIERDA UNIDA LOS VERDES-CONVOCA - IULV-CA,UPe",0,0,Ministerio del Interior / portal oficial de datos abiertos,PRIMARY_OFFICIAL
2015,2015-12-20,35 - Las Palmas,"UNIDAD POPULAR: IZQUIERDA UNIDA, UNIDAD POPULAR EN - IU-UPeC",0,0,Ministerio del Interior / portal oficial de datos abiertos,PRIMARY_OFFICIAL
2015,2015-12-20,35 - Las Palmas,"UNIDAD POPULAR: IZQUIERDA UNIDA, UNIDAD POPULAR EN - IU-UPeC-IAS",0,0,Ministerio del Interior / portal oficial de datos abiertos,PRIMARY_OFFICIAL
2015,2015-12-20,35 - Las Palmas,"UNIDAD POPULAR: IZQUIERDA UNIDA, UNIDAD POPULAR EN - UP-UPeC",0,0,Ministerio del Interior / portal oficial de datos abiertos,PRIMARY_OFFICIAL
2015,2015-12-20,35 - Las Palmas,"UNIDAD POPULAR: IZQUIERDA UNIDA, UNIDAD POPULAR EN - UPeC-IU-IZC",0,0,Ministerio del Interior / portal oficial de datos abiertos,PRIMARY_OFFICIAL
2015,2015-12-20,35 - Las Palmas,UNIDAD POPULAR: IZQUIERDA UNIDA-UNIDAD POPULAR EN - IU-UPeC,0,0,Ministerio del Interior / portal oficial de datos abiertos,PRIMARY_OFFICIAL
2015,2015-12-20,35 - Las Palmas,UNIDAD POPULAR: IZQUIERDA UNIDA. UNIDAD POPULAR EN - IU-UPeC,15262,0,Ministerio del Interior / portal oficial de datos abiertos,PRIMARY_OFFICIAL
2015,2015-12-20,35 - Las Palmas,"UNIDAD POPULAR: UNIDAD POPULAR EN COMÚN, IZQUIERDA - UPeC-IU",0,0,Ministerio del Interior / portal oficial de datos abiertos,PRIMARY_OFFICIAL
2015,2015-12-20,35 - Las Palmas,"UNITAT POPULAR BALEARS: IZQUIERDA UNIDA, UNIDAD PO - UPB: IU-UPe",0,0,Ministerio del Interior / portal oficial de datos abiertos,PRIMARY_OFFICIAL
2015,2015-12-20,35 - Las Palmas,"UNITAT POPULAR: ESQUERRA UNIDA DEL PAÍS VALENCIÀ, - EUPV-UPeC",0,0,Ministerio del Interior / portal oficial de datos abiertos,PRIMARY_OFFICIAL
2015,2015-12-20,35 - Las Palmas,"UNITAT POPULAR:ESQUERRA UNIDA DEL PAÍS VALENCIÀ, U - EUPV-UPeC",0,0,Ministerio del Interior / portal oficial de datos abiertos,PRIMARY_OFFICIAL
2015,2015-12-20,35 - Las Palmas,UNIÓ DEMOCRÀTICA DE CATALUNYA - Unio.Cat,0,0,Ministerio del Interior / portal oficial de datos abiertos,PRIMARY_OFFICIAL
2015,2015-12-20,35 - Las Palmas,UNIÓ DEMOCRÀTICA DE CATALUNYA - unio.cat,0,0,Ministerio del Interior / portal oficial de datos abiertos,PRIMARY_OFFICIAL
2015,2015-12-20,35 - Las Palmas,UNIÓN DEL PUEBLO NAVARRO EN COALICIÓN CON EL PARTI - UPN-PP,0,0,Ministerio del Interior / portal oficial de datos abiertos,PRIMARY_OFFICIAL
2015,2015-12-20,35 - Las Palmas,UNIÓN PROGRESO Y DEMOCRACIA (UPYD) - UPYD,0,0,Ministerio del Interior / portal oficial de datos abiertos,PRIMARY_OFFICIAL
2015,2015-12-20,35 - Las Palmas,UNIÓN PROGRESO Y DEMOCRACIA - UPYD,2564,0,Ministerio del Interior / portal oficial de datos abiertos,PRIMARY_OFFICIAL
2015,2015-12-20,35 - Las Palmas,VOX - VOX,774,0,Ministerio del Interior / portal oficial de datos abiertos,PRIMARY_OFFICIAL
2015,2015-12-20,35 - Las Palmas,X A ESQUERDA - X ESQ,0,0,Ministerio del Interior / portal oficial de datos abiertos,PRIMARY_OFFICIAL
2015,2015-12-20,35 - Las Palmas,X LA IZQUIERDA-LOS VERDES - X LA IZQUIE,0,0,Ministerio del Interior / portal oficial de datos abiertos,PRIMARY_OFFICIAL
2015,2015-12-20,36 - Pontevedra,"""EN COMÚ PODEM"" - EN COMÚ",0,0,Ministerio del Interior / portal oficial de datos abiertos,PRIMARY_OFFICIAL
2015,2015-12-20,36 - Pontevedra,ANDALUCES DE JAÉN UNIDOS - AJU,0,0,Ministerio del Interior / portal oficial de datos abiertos,PRIMARY_OFFICIAL
2015,2015-12-20,36 - Pontevedra,"ARA, PAÍS VALENCIÀ - ARA, PV",0,0,Ministerio del Interior / portal oficial de datos abiertos,PRIMARY_OFFICIAL
2015,2015-12-20,36 - Pontevedra,"ARA, PAÍS VALENCIÀ - ARAPV",0,0,Ministerio del Interior / portal oficial de datos abiertos,PRIMARY_OFFICIAL
2015,2015-12-20,36 - Pontevedra,AVANT VALENCIANS - AVANT,0,0,Ministerio del Interior / portal oficial de datos abiertos,PRIMARY_OFFICIAL
2015,2015-12-20,36 - Pontevedra,BIDEZKO MUNDURANTZ/POR UN MUNDO MÁS JUSTO - PUM+J,0,0,Ministerio del Interior / portal oficial de datos abiertos,PRIMARY_OFFICIAL
2015,2015-12-20,36 - Pontevedra,"CANARIAS DECIDE: LOS VERDES, UNIDAD DEL PUEBLO Y A - CANARIAS DE",0,0,Ministerio del Interior / portal oficial de datos abiertos,PRIMARY_OFFICIAL
2015,2015-12-20,36 - Pontevedra,CIUDADANOS DE CENTRO DEMOCRÁTICO - CCD,0,0,Ministerio del Interior / portal oficial de datos abiertos,PRIMARY_OFFICIAL
2015,2015-12-20,36 - Pontevedra,CIUDADANOS LIBRES UNIDOS - CILUS,0,0,Ministerio del Interior / portal oficial de datos abiertos,PRIMARY_OFFICIAL
2015,2015-12-20,36 - Pontevedra,CIUDADANOS PARTIDO DE LA CIUDADANÍA - C's,0,0,Ministerio del Interior / portal oficial de datos abiertos,PRIMARY_OFFICIAL
2015,2015-12-20,36 - Pontevedra,CIUDADANOS PARTIDO DE LA CIUDADANÍA - C´s,0,0,Ministerio del Interior / portal oficial de datos abiertos,PRIMARY_OFFICIAL
2015,2015-12-20,36 - Pontevedra,CIUDADANOS RURALES AGRUPADOS - CRA,0,0,Ministerio del Interior / portal oficial de datos abiertos,PRIMARY_OFFICIAL
2015,2015-12-20,36 - Pontevedra,"CIUDADANOS, PARTIDO DE LA CIUDADANÍA - C's",0,0,Ministerio del Interior / portal oficial de datos abiertos,PRIMARY_OFFICIAL
2015,2015-12-20,36 - Pontevedra,"CIUDADANOS, PARTIDO DE LA CIUDADANÍA - C´s",0,0,Ministerio del Interior / portal oficial de datos abiertos,PRIMARY_OFFICIAL
2015,2015-12-20,36 - Pontevedra,CIUDADANOS-PARTIDO DE LA CIUDADANÍA (C's) - C's,0,0,Ministerio del Interior / portal oficial de datos abiertos,PRIMARY_OFFICIAL
2015,2015-12-20,36 - Pontevedra,CIUDADANOS-PARTIDO DE LA CIUDADANÍA - C's,51453,0,Ministerio del Interior / portal oficial de datos abiertos,PRIMARY_OFFICIAL
2015,2015-12-20,36 - Pontevedra,CIUDADANOS-PARTIDO DE LA CIUDADANÍA - C´s,0,0,Ministerio del Interior / portal oficial de datos abiertos,PRIMARY_OFFICIAL
2015,2015-12-20,36 - Pontevedra,CIUTADANS - PARTIDO DE LA CIUDADANÍA - C's,0,0,Ministerio del Interior / portal oficial de datos abiertos,PRIMARY_OFFICIAL
2015,2015-12-20,36 - Pontevedra,CIUTADANS-PARTIDO DE LA CIUDADANÍA - C's,0,0,Ministerio del Interior / portal oficial de datos abiertos,PRIMARY_OFFICIAL
2015,2015-12-20,36 - Pontevedra,COALICIÓN CANARIA - PARTIDO NACIONALISTA CANARIO - CCa-PNC,0,0,Ministerio del Interior / portal oficial de datos abiertos,PRIMARY_OFFICIAL
2015,2015-12-20,36 - Pontevedra,COALICIÓN CANARIA-PARTIDO NACIONALISTA CANARIO - CCa-PNC,0,0,Ministerio del Interior / portal oficial de datos abiertos,PRIMARY_OFFICIAL
2015,2015-12-20,36 - Pontevedra,COMPROMÍS-PODEMOS-ÉS EL MOMENT - PODEMOS - C,0,0,Ministerio del Interior / portal oficial de datos abiertos,PRIMARY_OFFICIAL
2015,2015-12-20,36 - Pontevedra,COMPROMÍS-PODEMOS-ÉS EL MOMENT - PODEMOS-COM,0,0,Ministerio del Interior / portal oficial de datos abiertos,PRIMARY_OFFICIAL
2015,2015-12-20,36 - Pontevedra,COMUNISTAS DA GALIZA - PCPE,1377,0,Ministerio del Interior / portal oficial de datos abiertos,PRIMARY_OFFICIAL
2015,2015-12-20,36 - Pontevedra,COMUNISTAS DA GALIZA-PCPE - PCPE,0,0,Ministerio del Interior / portal oficial de datos abiertos,PRIMARY_OFFICIAL
2015,2015-12-20,36 - Pontevedra,DEMOCRACIA NACIONAL - DN,0,0,Ministerio del Interior / portal oficial de datos abiertos,PRIMARY_OFFICIAL
2015,2015-12-20,36 - Pontevedra,DEMOCRÀCIA I LLIBERTAT. CONVERGÈNCIA. DEMÒCRATES. - DL,0,0,Ministerio del Interior / portal oficial de datos abiertos,PRIMARY_OFFICIAL
2015,2015-12-20,36 - Pontevedra,EL PI - PROPOSTA PER LES ILLES - EL PI,0,0,Ministerio del Interior / portal oficial de datos abiertos,PRIMARY_OFFICIAL
2015,2015-12-20,36 - Pontevedra,EN COMÚ PODEM - EN COMÚ,0,0,Ministerio del Interior / portal oficial de datos abiertos,PRIMARY_OFFICIAL
2015,2015-12-20,36 - Pontevedra,EN MAREA - PODEMOS-EN,0,0,Ministerio del Interior / portal oficial de datos abiertos,PRIMARY_OFFICIAL
2015,2015-12-20,36 - Pontevedra,EN MAREA - PODEMOS-En,159638,2,Ministerio del Interior / portal oficial de datos abiertos,PRIMARY_OFFICIAL
2015,2015-12-20,36 - Pontevedra,EN POSITIU - EN POSITIU,0,0,Ministerio del Interior / portal oficial de datos abiertos,PRIMARY_OFFICIAL
2015,2015-12-20,36 - Pontevedra,ESCAÑOS EN BLANCO - AULKI ZURIAK - EB - AZ,0,0,Ministerio del Interior / portal oficial de datos abiertos,PRIMARY_OFFICIAL
2015,2015-12-20,36 - Pontevedra,ESCAÑOS EN BLANCO - EB,0,0,Ministerio del Interior / portal oficial de datos abiertos,PRIMARY_OFFICIAL
2015,2015-12-20,36 - Pontevedra,ESCAÑOS EN BLANCO-AULKI ZURIAK - EB-AZ,0,0,Ministerio del Interior / portal oficial de datos abiertos,PRIMARY_OFFICIAL
2015,2015-12-20,36 - Pontevedra,ESCONS EN BLANC/ESCAÑOS EN BLANCO - EB,0,0,Ministerio del Interior / portal oficial de datos abiertos,PRIMARY_OFFICIAL
2015,2015-12-20,36 - Pontevedra,ESQUERRA REPUBLICANA DE CATALUNYA-CATALUNYA SÍ - ERC-CATSI,0,0,Ministerio del Interior / portal oficial de datos abiertos,PRIMARY_OFFICIAL
2015,2015-12-20,36 - Pontevedra,ESQUERRA REPUBLICANA DE CATALUNYA-CATALUNYA SÍ - ERC-CATSÍ,0,0,Ministerio del Interior / portal oficial de datos abiertos,PRIMARY_OFFICIAL
2015,2015-12-20,36 - Pontevedra,EUSKAL HERRIA BILDU (EH Bildu) - EH Bildu,0,0,Ministerio del Interior / portal oficial de datos abiertos,PRIMARY_OFFICIAL
2015,2015-12-20,36 - Pontevedra,EUSKAL HERRIA BILDU - EH Bildu,0,0,Ministerio del Interior / portal oficial de datos abiertos,PRIMARY_OFFICIAL
2015,2015-12-20,36 - Pontevedra,EUZKO ALDERDI JELTZALEA-PARTIDO NACIONALISTA VASCO - EAJ-PNV,0,0,Ministerio del Interior / portal oficial de datos abiertos,PRIMARY_OFFICIAL
2015,2015-12-20,36 - Pontevedra,EXTREMADURA UNIDA-EXTREMEÑOS - EU-eX,0,0,Ministerio del Interior / portal oficial de datos abiertos,PRIMARY_OFFICIAL
2015,2015-12-20,36 - Pontevedra,EZKERRA-X LA IZQUIERDA - EZKERRA,0,0,Ministerio del Interior / portal oficial de datos abiertos,PRIMARY_OFFICIAL
2015,2015-12-20,36 - Pontevedra,FALANGE ESPAÑOLA DE LAS JONS - FE de las J,0,0,Ministerio del Interior / portal oficial de datos abiertos,PRIMARY_OFFICIAL
2015,2015-12-20,36 - Pontevedra,FORO DEMÓCRATA - FDEE,0,0,Ministerio del Interior / portal oficial de datos abiertos,PRIMARY_OFFICIAL
2015,2015-12-20,36 - Pontevedra,GEROA BAI - GBAI,0,0,Ministerio del Interior / portal oficial de datos abiertos,PRIMARY_OFFICIAL
2015,2015-12-20,36 - Pontevedra,INDEPENDIENTES POR ARAGÓN - Independien,0,0,Ministerio del Interior / portal oficial de datos abiertos,PRIMARY_OFFICIAL
2015,2015-12-20,36 - Pontevedra,INICIATIVA FEMINISTA - IFem,0,0,Ministerio del Interior / portal oficial de datos abiertos,PRIMARY_OFFICIAL
2015,2015-12-20,36 - Pontevedra,"JUSTIZIA SOCIAL, PARTICIPACIÓN CIUDADANA - JS,PC",0,0,Ministerio del Interior / portal oficial de datos abiertos,PRIMARY_OFFICIAL
2015,2015-12-20,36 - Pontevedra,"LIBERTAD NAVARRA, LIBERTATE NAFARRA (Ln) - Ln",0,0,Ministerio del Interior / portal oficial de datos abiertos,PRIMARY_OFFICIAL
2015,2015-12-20,36 - Pontevedra,"LIBERTAD NAVARRA, LIBERTATE NAFARRA - Ln",0,0,Ministerio del Interior / portal oficial de datos abiertos,PRIMARY_OFFICIAL
2015,2015-12-20,36 - Pontevedra,LIBERTAD NAVARRA-LIBERTATE NAFARRA - Ln,0,0,Ministerio del Interior / portal oficial de datos abiertos,PRIMARY_OFFICIAL
2015,2015-12-20,36 - Pontevedra,LOS VERDES-ECOPACIFISTAS - CENTRO MODE,0,0,Ministerio del Interior / portal oficial de datos abiertos,PRIMARY_OFFICIAL
2015,2015-12-20,36 - Pontevedra,MUERTE AL SISTEMA - +MAS+,0,0,Ministerio del Interior / portal oficial de datos abiertos,PRIMARY_OFFICIAL
2015,2015-12-20,36 - Pontevedra,MÁLAGA POR SÍ - mlgXSÍ,0,0,Ministerio del Interior / portal oficial de datos abiertos,PRIMARY_OFFICIAL
2015,2015-12-20,36 - Pontevedra,MÉS - MÉS,0,0,Ministerio del Interior / portal oficial de datos abiertos,PRIMARY_OFFICIAL
2015,2015-12-20,36 - Pontevedra,NÓS-CANDIDATURA GALEGA (BNG-CG-FOGA-PCPG-PG) - NÓS,26537,0,Ministerio del Interior / portal oficial de datos abiertos,PRIMARY_OFFICIAL
2015,2015-12-20,36 - Pontevedra,ONGI ETORRI - OE,0,0,Ministerio del Interior / portal oficial de datos abiertos,PRIMARY_OFFICIAL
2015,2015-12-20,36 - Pontevedra,PARTIDO ANIMALISTA CONTRA EL MALTRATO ANIMAL (PACM - PACMA,0,0,Ministerio del Interior / portal oficial de datos abiertos,PRIMARY_OFFICIAL
2015,2015-12-20,36 - Pontevedra,PARTIDO ANIMALISTA CONTRA EL MALTRATO ANIMAL - PACMA,0,0,Ministerio del Interior / portal oficial de datos abiertos,PRIMARY_OFFICIAL
2015,2015-12-20,36 - Pontevedra,PARTIDO ANIMALISTA CONTRA O MALTRATO ANIMAL - PACMA,5315,0,Ministerio del Interior / portal oficial de datos abiertos,PRIMARY_OFFICIAL
2015,2015-12-20,36 - Pontevedra,PARTIDO ANIMALISTA-CONTRA EL MALTRATO ANIMAL - PACMA,0,0,Ministerio del Interior / portal oficial de datos abiertos,PRIMARY_OFFICIAL
2015,2015-12-20,36 - Pontevedra,PARTIDO COMUNISTA DE LOS PUEBLOS DE ESPAÑA - PCPE,0,0,Ministerio del Interior / portal oficial de datos abiertos,PRIMARY_OFFICIAL
2015,2015-12-20,36 - Pontevedra,PARTIDO COMUNISTA DEL PUEBLO CANARIO - PCPC,0,0,Ministerio del Interior / portal oficial de datos abiertos,PRIMARY_OFFICIAL
2015,2015-12-20,36 - Pontevedra,PARTIDO COMUNISTA OBRERO ESPAÑOL - PCOE,0,0,Ministerio del Interior / portal oficial de datos abiertos,PRIMARY_OFFICIAL
2015,2015-12-20,36 - Pontevedra,PARTIDO DA TERRA - PT,1158,0,Ministerio del Interior / portal oficial de datos abiertos,PRIMARY_OFFICIAL
2015,2015-12-20,36 - Pontevedra,PARTIDO DOS SOCIALISTAS DE GALICIA-PSOE - PSdeG-PSOE,118988,2,Ministerio del Interior / portal oficial de datos abiertos,PRIMARY_OFFICIAL
2015,2015-12-20,36 - Pontevedra,PARTIDO FAMILIA Y VIDA - PFyV,0,0,Ministerio del Interior / portal oficial de datos abiertos,PRIMARY_OFFICIAL
2015,2015-12-20,36 - Pontevedra,PARTIDO HUMANISTA - PH,0,0,Ministerio del Interior / portal oficial de datos abiertos,PRIMARY_OFFICIAL
2015,2015-12-20,36 - Pontevedra,PARTIDO LIBERAL DE DERECHAS - PLD,0,0,Ministerio del Interior / portal oficial de datos abiertos,PRIMARY_OFFICIAL
2015,2015-12-20,36 - Pontevedra,PARTIDO LIBERTARIO - P-LIB,0,0,Ministerio del Interior / portal oficial de datos abiertos,PRIMARY_OFFICIAL
2015,2015-12-20,36 - Pontevedra,PARTIDO POPULAR (PP) - PP,0,0,Ministerio del Interior / portal oficial de datos abiertos,PRIMARY_OFFICIAL
2015,2015-12-20,36 - Pontevedra,PARTIDO POPULAR - PP,197201,3,Ministerio del Interior / portal oficial de datos abiertos,PRIMARY_OFFICIAL
2015,2015-12-20,36 - Pontevedra,PARTIDO POPULAR EN COALICIÓN CON EL PARTIDO ARAGON - PP-PAR,0,0,Ministerio del Interior / portal oficial de datos abiertos,PRIMARY_OFFICIAL
2015,2015-12-20,36 - Pontevedra,PARTIDO POPULAR-FORO - PP-FORO,0,0,Ministerio del Interior / portal oficial de datos abiertos,PRIMARY_OFFICIAL
2015,2015-12-20,36 - Pontevedra,PARTIDO POPULAR/PARTIT POPULAR - PP,0,0,Ministerio del Interior / portal oficial de datos abiertos,PRIMARY_OFFICIAL
2015,2015-12-20,36 - Pontevedra,PARTIDO REGIONALISTA DEL PAÍS LEONÉS - PREPAL,0,0,Ministerio del Interior / portal oficial de datos abiertos,PRIMARY_OFFICIAL
2015,2015-12-20,36 - Pontevedra,PARTIDO SOCIALISTA DE EUSKADI-EUSKADIKO EZKERRA (P - PSE-EE,0,0,Ministerio del Interior / portal oficial de datos abiertos,PRIMARY_OFFICIAL
2015,2015-12-20,36 - Pontevedra,PARTIDO SOCIALISTA DE EUSKADI-EUSKADIKO EZKERRA (P - PSE-EE (PSO,0,0,Ministerio del Interior / portal oficial de datos abiertos,PRIMARY_OFFICIAL
2015,2015-12-20,36 - Pontevedra,PARTIDO SOCIALISTA OBRERO ESPAÑOL - PSOE,0,0,Ministerio del Interior / portal oficial de datos abiertos,PRIMARY_OFFICIAL
2015,2015-12-20,36 - Pontevedra,PARTIDO SOCIALISTA OBRERO ESPAÑOL-NUEVA CANARIAS - PSOE-NCa,0,0,Ministerio del Interior / portal oficial de datos abiertos,PRIMARY_OFFICIAL
2015,2015-12-20,36 - Pontevedra,PARTIT ANIMALISTA CONTRA EL MALTRACTAMENT ANIMAL - PACMA,0,0,Ministerio del Interior / portal oficial de datos abiertos,PRIMARY_OFFICIAL
2015,2015-12-20,36 - Pontevedra,PARTIT COMUNISTA DEL POBLE DE CATALUNYA - PCPC,0,0,Ministerio del Interior / portal oficial de datos abiertos,PRIMARY_OFFICIAL
2015,2015-12-20,36 - Pontevedra,PARTIT COMUNISTA DELS POBLES D’ESPANYA - PCPE,0,0,Ministerio del Interior / portal oficial de datos abiertos,PRIMARY_OFFICIAL
2015,2015-12-20,36 - Pontevedra,PARTIT DELS SOCIALISTES DE CATALUNYA (PSC-PSOE) - PSC,0,0,Ministerio del Interior / portal oficial de datos abiertos,PRIMARY_OFFICIAL
2015,2015-12-20,36 - Pontevedra,PARTIT DELS SOCIALISTES DE CATALUNYA - PSC-PSOE,0,0,Ministerio del Interior / portal oficial de datos abiertos,PRIMARY_OFFICIAL
2015,2015-12-20,36 - Pontevedra,PODEMOS - PODEMOS,0,0,Ministerio del Interior / portal oficial de datos abiertos,PRIMARY_OFFICIAL
2015,2015-12-20,36 - Pontevedra,PODEMOS-AHAL DUGU - PODEMOS-AHA,0,0,Ministerio del Interior / portal oficial de datos abiertos,PRIMARY_OFFICIAL
2015,2015-12-20,36 - Pontevedra,PODEMOS-Ahora Alto Aragón en Común - PODEMOS-Aho,0,0,Ministerio del Interior / portal oficial de datos abiertos,PRIMARY_OFFICIAL
2015,2015-12-20,36 - Pontevedra,PODEMOS/AHAL DUGU - PODEMOS-AHA,0,0,Ministerio del Interior / portal oficial de datos abiertos,PRIMARY_OFFICIAL
2015,2015-12-20,36 - Pontevedra,POR UN MUNDO MÁS JUSTO - PUM+J,0,0,Ministerio del Interior / portal oficial de datos abiertos,PRIMARY_OFFICIAL
2015,2015-12-20,36 - Pontevedra,RECORTES CERO-GRUPO VERDE - RECORTES CE,1439,0,Ministerio del Interior / portal oficial de datos abiertos,PRIMARY_OFFICIAL
2015,2015-12-20,36 - Pontevedra,SOLIDARIDAD Y AUTOGESTIÓN INTERNACIONALISTA - SAIn,0,0,Ministerio del Interior / portal oficial de datos abiertos,PRIMARY_OFFICIAL
2015,2015-12-20,36 - Pontevedra,SOLUCIONA - SOLUCIONA,0,0,Ministerio del Interior / portal oficial de datos abiertos,PRIMARY_OFFICIAL
2015,2015-12-20,36 - Pontevedra,SOM VALENCIANS - SOMVAL,0,0,Ministerio del Interior / portal oficial de datos abiertos,PRIMARY_OFFICIAL
2015,2015-12-20,36 - Pontevedra,"UNIDAD POPULAR EN ARAGÓN: IZQUIERDA UNIDA, CHUNTA - IU-CHA-UPeC",0,0,Ministerio del Interior / portal oficial de datos abiertos,PRIMARY_OFFICIAL
2015,2015-12-20,36 - Pontevedra,UNIDAD POPULAR- ORAIN BATERA:EZKER ANITZA-IZQUIERD - IU-UPeC,0,0,Ministerio del Interior / portal oficial de datos abiertos,PRIMARY_OFFICIAL
2015,2015-12-20,36 - Pontevedra,UNIDAD POPULAR-IZQUIERDA UNIDA - UNIDAD POPU,0,0,Ministerio del Interior / portal oficial de datos abiertos,PRIMARY_OFFICIAL
2015,2015-12-20,36 - Pontevedra,UNIDAD POPULAR-ORAIN BATERA:EZKER ANITZA-IZQUIERDA - IU-UPeC,0,0,Ministerio del Interior / portal oficial de datos abiertos,PRIMARY_OFFICIAL
2015,2015-12-20,36 - Pontevedra,UNIDAD POPULAR-ORAIN BATERA:EZKER ANITZA-IZQUIERDA - IU-UpeC,0,0,Ministerio del Interior / portal oficial de datos abiertos,PRIMARY_OFFICIAL
2015,2015-12-20,36 - Pontevedra,"UNIDAD POPULAR-ORAIN BATERA:IZQUIERDA UNIDA, BATZA - IU-B-UPeC",0,0,Ministerio del Interior / portal oficial de datos abiertos,PRIMARY_OFFICIAL
2015,2015-12-20,36 - Pontevedra,"UNIDAD POPULAR: IZQUIERDA UNIDA CANARIA, UNIDAD PO - IUC-UPeC",0,0,Ministerio del Interior / portal oficial de datos abiertos,PRIMARY_OFFICIAL
2015,2015-12-20,36 - Pontevedra,UNIDAD POPULAR: IZQUIERDA UNIDA LOS VERDES - CONVO - UP: IULV-CA,0,0,Ministerio del Interior / portal oficial de datos abiertos,PRIMARY_OFFICIAL
2015,2015-12-20,36 - Pontevedra,"UNIDAD POPULAR: IZQUIERDA UNIDA LOS VERDES-CONVOCA - IULV-CA, UP",0,0,Ministerio del Interior / portal oficial de datos abiertos,PRIMARY_OFFICIAL
2015,2015-12-20,36 - Pontevedra,"UNIDAD POPULAR: IZQUIERDA UNIDA LOS VERDES-CONVOCA - IULV-CA,UPe",0,0,Ministerio del Interior / portal oficial de datos abiertos,PRIMARY_OFFICIAL
2015,2015-12-20,36 - Pontevedra,"UNIDAD POPULAR: IZQUIERDA UNIDA, UNIDAD POPULAR EN - IU-UPeC",0,0,Ministerio del Interior / portal oficial de datos abiertos,PRIMARY_OFFICIAL
2015,2015-12-20,36 - Pontevedra,"UNIDAD POPULAR: IZQUIERDA UNIDA, UNIDAD POPULAR EN - IU-UPeC-IAS",0,0,Ministerio del Interior / portal oficial de datos abiertos,PRIMARY_OFFICIAL
2015,2015-12-20,36 - Pontevedra,"UNIDAD POPULAR: IZQUIERDA UNIDA, UNIDAD POPULAR EN - UP-UPeC",0,0,Ministerio del Interior / portal oficial de datos abiertos,PRIMARY_OFFICIAL
2015,2015-12-20,36 - Pontevedra,"UNIDAD POPULAR: IZQUIERDA UNIDA, UNIDAD POPULAR EN - UPeC-IU-IZC",0,0,Ministerio del Interior / portal oficial de datos abiertos,PRIMARY_OFFICIAL
2015,2015-12-20,36 - Pontevedra,UNIDAD POPULAR: IZQUIERDA UNIDA-UNIDAD POPULAR EN - IU-UPeC,0,0,Ministerio del Interior / portal oficial de datos abiertos,PRIMARY_OFFICIAL
2015,2015-12-20,36 - Pontevedra,UNIDAD POPULAR: IZQUIERDA UNIDA. UNIDAD POPULAR EN - IU-UPeC,0,0,Ministerio del Interior / portal oficial de datos abiertos,PRIMARY_OFFICIAL
2015,2015-12-20,36 - Pontevedra,"UNIDAD POPULAR: UNIDAD POPULAR EN COMÚN, IZQUIERDA - UPeC-IU",0,0,Ministerio del Interior / portal oficial de datos abiertos,PRIMARY_OFFICIAL
2015,2015-12-20,36 - Pontevedra,"UNITAT POPULAR BALEARS: IZQUIERDA UNIDA, UNIDAD PO - UPB: IU-UPe",0,0,Ministerio del Interior / portal oficial de datos abiertos,PRIMARY_OFFICIAL
2015,2015-12-20,36 - Pontevedra,"UNITAT POPULAR: ESQUERRA UNIDA DEL PAÍS VALENCIÀ, - EUPV-UPeC",0,0,Ministerio del Interior / portal oficial de datos abiertos,PRIMARY_OFFICIAL
2015,2015-12-20,36 - Pontevedra,"UNITAT POPULAR:ESQUERRA UNIDA DEL PAÍS VALENCIÀ, U - EUPV-UPeC",0,0,Ministerio del Interior / portal oficial de datos abiertos,PRIMARY_OFFICIAL
2015,2015-12-20,36 - Pontevedra,UNIÓ DEMOCRÀTICA DE CATALUNYA - Unio.Cat,0,0,Ministerio del Interior / portal oficial de datos abiertos,PRIMARY_OFFICIAL
2015,2015-12-20,36 - Pontevedra,UNIÓ DEMOCRÀTICA DE CATALUNYA - unio.cat,0,0,Ministerio del Interior / portal oficial de datos abiertos,PRIMARY_OFFICIAL
2015,2015-12-20,36 - Pontevedra,UNIÓN DEL PUEBLO NAVARRO EN COALICIÓN CON EL PARTI - UPN-PP,0,0,Ministerio del Interior / portal oficial de datos abiertos,PRIMARY_OFFICIAL
2015,2015-12-20,36 - Pontevedra,UNIÓN PROGRESO Y DEMOCRACIA (UPYD) - UPYD,0,0,Ministerio del Interior / portal oficial de datos abiertos,PRIMARY_OFFICIAL
2015,2015-12-20,36 - Pontevedra,UNIÓN PROGRESO Y DEMOCRACIA - UPYD,3177,0,Ministerio del Interior / portal oficial de datos abiertos,PRIMARY_OFFICIAL
2015,2015-12-20,36 - Pontevedra,VOX - VOX,0,0,Ministerio del Interior / portal oficial de datos abiertos,PRIMARY_OFFICIAL
2015,2015-12-20,36 - Pontevedra,X A ESQUERDA - X ESQ,0,0,Ministerio del Interior / portal oficial de datos abiertos,PRIMARY_OFFICIAL
2015,2015-12-20,36 - Pontevedra,X LA IZQUIERDA-LOS VERDES - X LA IZQUIE,0,0,Ministerio del Interior / portal oficial de datos abiertos,PRIMARY_OFFICIAL
2015,2015-12-20,37 - Salamanca,"""EN COMÚ PODEM"" - EN COMÚ",0,0,Ministerio del Interior / portal oficial de datos abiertos,PRIMARY_OFFICIAL
2015,2015-12-20,37 - Salamanca,ANDALUCES DE JAÉN UNIDOS - AJU,0,0,Ministerio del Interior / portal oficial de datos abiertos,PRIMARY_OFFICIAL
2015,2015-12-20,37 - Salamanca,"ARA, PAÍS VALENCIÀ - ARA, PV",0,0,Ministerio del Interior / portal oficial de datos abiertos,PRIMARY_OFFICIAL
2015,2015-12-20,37 - Salamanca,"ARA, PAÍS VALENCIÀ - ARAPV",0,0,Ministerio del Interior / portal oficial de datos abiertos,PRIMARY_OFFICIAL
2015,2015-12-20,37 - Salamanca,AVANT VALENCIANS - AVANT,0,0,Ministerio del Interior / portal oficial de datos abiertos,PRIMARY_OFFICIAL
2015,2015-12-20,37 - Salamanca,BIDEZKO MUNDURANTZ/POR UN MUNDO MÁS JUSTO - PUM+J,0,0,Ministerio del Interior / portal oficial de datos abiertos,PRIMARY_OFFICIAL
2015,2015-12-20,37 - Salamanca,"CANARIAS DECIDE: LOS VERDES, UNIDAD DEL PUEBLO Y A - CANARIAS DE",0,0,Ministerio del Interior / portal oficial de datos abiertos,PRIMARY_OFFICIAL
2015,2015-12-20,37 - Salamanca,CIUDADANOS DE CENTRO DEMOCRÁTICO - CCD,0,0,Ministerio del Interior / portal oficial de datos abiertos,PRIMARY_OFFICIAL
2015,2015-12-20,37 - Salamanca,CIUDADANOS LIBRES UNIDOS - CILUS,0,0,Ministerio del Interior / portal oficial de datos abiertos,PRIMARY_OFFICIAL
2015,2015-12-20,37 - Salamanca,CIUDADANOS PARTIDO DE LA CIUDADANÍA - C's,0,0,Ministerio del Interior / portal oficial de datos abiertos,PRIMARY_OFFICIAL
2015,2015-12-20,37 - Salamanca,CIUDADANOS PARTIDO DE LA CIUDADANÍA - C´s,0,0,Ministerio del Interior / portal oficial de datos abiertos,PRIMARY_OFFICIAL
2015,2015-12-20,37 - Salamanca,CIUDADANOS RURALES AGRUPADOS - CRA,0,0,Ministerio del Interior / portal oficial de datos abiertos,PRIMARY_OFFICIAL
2015,2015-12-20,37 - Salamanca,"CIUDADANOS, PARTIDO DE LA CIUDADANÍA - C's",0,0,Ministerio del Interior / portal oficial de datos abiertos,PRIMARY_OFFICIAL
2015,2015-12-20,37 - Salamanca,"CIUDADANOS, PARTIDO DE LA CIUDADANÍA - C´s",0,0,Ministerio del Interior / portal oficial de datos abiertos,PRIMARY_OFFICIAL
2015,2015-12-20,37 - Salamanca,CIUDADANOS-PARTIDO DE LA CIUDADANÍA (C's) - C's,0,0,Ministerio del Interior / portal oficial de datos abiertos,PRIMARY_OFFICIAL
2015,2015-12-20,37 - Salamanca,CIUDADANOS-PARTIDO DE LA CIUDADANÍA - C's,35242,1,Ministerio del Interior / portal oficial de datos abiertos,PRIMARY_OFFICIAL
2015,2015-12-20,37 - Salamanca,CIUDADANOS-PARTIDO DE LA CIUDADANÍA - C´s,0,0,Ministerio del Interior / portal oficial de datos abiertos,PRIMARY_OFFICIAL
2015,2015-12-20,37 - Salamanca,CIUTADANS - PARTIDO DE LA CIUDADANÍA - C's,0,0,Ministerio del Interior / portal oficial de datos abiertos,PRIMARY_OFFICIAL
2015,2015-12-20,37 - Salamanca,CIUTADANS-PARTIDO DE LA CIUDADANÍA - C's,0,0,Ministerio del Interior / portal oficial de datos abiertos,PRIMARY_OFFICIAL
2015,2015-12-20,37 - Salamanca,COALICIÓN CANARIA - PARTIDO NACIONALISTA CANARIO - CCa-PNC,0,0,Ministerio del Interior / portal oficial de datos abiertos,PRIMARY_OFFICIAL
2015,2015-12-20,37 - Salamanca,COALICIÓN CANARIA-PARTIDO NACIONALISTA CANARIO - CCa-PNC,0,0,Ministerio del Interior / portal oficial de datos abiertos,PRIMARY_OFFICIAL
2015,2015-12-20,37 - Salamanca,COMPROMÍS-PODEMOS-ÉS EL MOMENT - PODEMOS - C,0,0,Ministerio del Interior / portal oficial de datos abiertos,PRIMARY_OFFICIAL
2015,2015-12-20,37 - Salamanca,COMPROMÍS-PODEMOS-ÉS EL MOMENT - PODEMOS-COM,0,0,Ministerio del Interior / portal oficial de datos abiertos,PRIMARY_OFFICIAL
2015,2015-12-20,37 - Salamanca,COMUNISTAS DA GALIZA - PCPE,0,0,Ministerio del Interior / portal oficial de datos abiertos,PRIMARY_OFFICIAL
2015,2015-12-20,37 - Salamanca,COMUNISTAS DA GALIZA-PCPE - PCPE,0,0,Ministerio del Interior / portal oficial de datos abiertos,PRIMARY_OFFICIAL
2015,2015-12-20,37 - Salamanca,DEMOCRACIA NACIONAL - DN,0,0,Ministerio del Interior / portal oficial de datos abiertos,PRIMARY_OFFICIAL
2015,2015-12-20,37 - Salamanca,DEMOCRÀCIA I LLIBERTAT. CONVERGÈNCIA. DEMÒCRATES. - DL,0,0,Ministerio del Interior / portal oficial de datos abiertos,PRIMARY_OFFICIAL
2015,2015-12-20,37 - Salamanca,EL PI - PROPOSTA PER LES ILLES - EL PI,0,0,Ministerio del Interior / portal oficial de datos abiertos,PRIMARY_OFFICIAL
2015,2015-12-20,37 - Salamanca,EN COMÚ PODEM - EN COMÚ,0,0,Ministerio del Interior / portal oficial de datos abiertos,PRIMARY_OFFICIAL
2015,2015-12-20,37 - Salamanca,EN MAREA - PODEMOS-EN,0,0,Ministerio del Interior / portal oficial de datos abiertos,PRIMARY_OFFICIAL
2015,2015-12-20,37 - Salamanca,EN MAREA - PODEMOS-En,0,0,Ministerio del Interior / portal oficial de datos abiertos,PRIMARY_OFFICIAL
2015,2015-12-20,37 - Salamanca,EN POSITIU - EN POSITIU,0,0,Ministerio del Interior / portal oficial de datos abiertos,PRIMARY_OFFICIAL
2015,2015-12-20,37 - Salamanca,ESCAÑOS EN BLANCO - AULKI ZURIAK - EB - AZ,0,0,Ministerio del Interior / portal oficial de datos abiertos,PRIMARY_OFFICIAL
2015,2015-12-20,37 - Salamanca,ESCAÑOS EN BLANCO - EB,0,0,Ministerio del Interior / portal oficial de datos abiertos,PRIMARY_OFFICIAL
2015,2015-12-20,37 - Salamanca,ESCAÑOS EN BLANCO-AULKI ZURIAK - EB-AZ,0,0,Ministerio del Interior / portal oficial de datos abiertos,PRIMARY_OFFICIAL
2015,2015-12-20,37 - Salamanca,ESCONS EN BLANC/ESCAÑOS EN BLANCO - EB,0,0,Ministerio del Interior / portal oficial de datos abiertos,PRIMARY_OFFICIAL
2015,2015-12-20,37 - Salamanca,ESQUERRA REPUBLICANA DE CATALUNYA-CATALUNYA SÍ - ERC-CATSI,0,0,Ministerio del Interior / portal oficial de datos abiertos,PRIMARY_OFFICIAL
2015,2015-12-20,37 - Salamanca,ESQUERRA REPUBLICANA DE CATALUNYA-CATALUNYA SÍ - ERC-CATSÍ,0,0,Ministerio del Interior / portal oficial de datos abiertos,PRIMARY_OFFICIAL
2015,2015-12-20,37 - Salamanca,EUSKAL HERRIA BILDU (EH Bildu) - EH Bildu,0,0,Ministerio del Interior / portal oficial de datos abiertos,PRIMARY_OFFICIAL
2015,2015-12-20,37 - Salamanca,EUSKAL HERRIA BILDU - EH Bildu,0,0,Ministerio del Interior / portal oficial de datos abiertos,PRIMARY_OFFICIAL
2015,2015-12-20,37 - Salamanca,EUZKO ALDERDI JELTZALEA-PARTIDO NACIONALISTA VASCO - EAJ-PNV,0,0,Ministerio del Interior / portal oficial de datos abiertos,PRIMARY_OFFICIAL
2015,2015-12-20,37 - Salamanca,EXTREMADURA UNIDA-EXTREMEÑOS - EU-eX,0,0,Ministerio del Interior / portal oficial de datos abiertos,PRIMARY_OFFICIAL
2015,2015-12-20,37 - Salamanca,EZKERRA-X LA IZQUIERDA - EZKERRA,0,0,Ministerio del Interior / portal oficial de datos abiertos,PRIMARY_OFFICIAL
2015,2015-12-20,37 - Salamanca,FALANGE ESPAÑOLA DE LAS JONS - FE de las J,0,0,Ministerio del Interior / portal oficial de datos abiertos,PRIMARY_OFFICIAL
2015,2015-12-20,37 - Salamanca,FORO DEMÓCRATA - FDEE,0,0,Ministerio del Interior / portal oficial de datos abiertos,PRIMARY_OFFICIAL
2015,2015-12-20,37 - Salamanca,GEROA BAI - GBAI,0,0,Ministerio del Interior / portal oficial de datos abiertos,PRIMARY_OFFICIAL
2015,2015-12-20,37 - Salamanca,INDEPENDIENTES POR ARAGÓN - Independien,0,0,Ministerio del Interior / portal oficial de datos abiertos,PRIMARY_OFFICIAL
2015,2015-12-20,37 - Salamanca,INICIATIVA FEMINISTA - IFem,0,0,Ministerio del Interior / portal oficial de datos abiertos,PRIMARY_OFFICIAL
2015,2015-12-20,37 - Salamanca,"JUSTIZIA SOCIAL, PARTICIPACIÓN CIUDADANA - JS,PC",0,0,Ministerio del Interior / portal oficial de datos abiertos,PRIMARY_OFFICIAL
2015,2015-12-20,37 - Salamanca,"LIBERTAD NAVARRA, LIBERTATE NAFARRA (Ln) - Ln",0,0,Ministerio del Interior / portal oficial de datos abiertos,PRIMARY_OFFICIAL
2015,2015-12-20,37 - Salamanca,"LIBERTAD NAVARRA, LIBERTATE NAFARRA - Ln",0,0,Ministerio del Interior / portal oficial de datos abiertos,PRIMARY_OFFICIAL
2015,2015-12-20,37 - Salamanca,LIBERTAD NAVARRA-LIBERTATE NAFARRA - Ln,0,0,Ministerio del Interior / portal oficial de datos abiertos,PRIMARY_OFFICIAL
2015,2015-12-20,37 - Salamanca,LOS VERDES-ECOPACIFISTAS - CENTRO MODE,0,0,Ministerio del Interior / portal oficial de datos abiertos,PRIMARY_OFFICIAL
2015,2015-12-20,37 - Salamanca,MUERTE AL SISTEMA - +MAS+,0,0,Ministerio del Interior / portal oficial de datos abiertos,PRIMARY_OFFICIAL
2015,2015-12-20,37 - Salamanca,MÁLAGA POR SÍ - mlgXSÍ,0,0,Ministerio del Interior / portal oficial de datos abiertos,PRIMARY_OFFICIAL
2015,2015-12-20,37 - Salamanca,MÉS - MÉS,0,0,Ministerio del Interior / portal oficial de datos abiertos,PRIMARY_OFFICIAL
2015,2015-12-20,37 - Salamanca,NÓS-CANDIDATURA GALEGA (BNG-CG-FOGA-PCPG-PG) - NÓS,0,0,Ministerio del Interior / portal oficial de datos abiertos,PRIMARY_OFFICIAL
2015,2015-12-20,37 - Salamanca,ONGI ETORRI - OE,0,0,Ministerio del Interior / portal oficial de datos abiertos,PRIMARY_OFFICIAL
2015,2015-12-20,37 - Salamanca,PARTIDO ANIMALISTA CONTRA EL MALTRATO ANIMAL (PACM - PACMA,0,0,Ministerio del Interior / portal oficial de datos abiertos,PRIMARY_OFFICIAL
2015,2015-12-20,37 - Salamanca,PARTIDO ANIMALISTA CONTRA EL MALTRATO ANIMAL - PACMA,1175,0,Ministerio del Interior / portal oficial de datos abiertos,PRIMARY_OFFICIAL
2015,2015-12-20,37 - Salamanca,PARTIDO ANIMALISTA CONTRA O MALTRATO ANIMAL - PACMA,0,0,Ministerio del Interior / portal oficial de datos abiertos,PRIMARY_OFFICIAL
2015,2015-12-20,37 - Salamanca,PARTIDO ANIMALISTA-CONTRA EL MALTRATO ANIMAL - PACMA,0,0,Ministerio del Interior / portal oficial de datos abiertos,PRIMARY_OFFICIAL
2015,2015-12-20,37 - Salamanca,PARTIDO COMUNISTA DE LOS PUEBLOS DE ESPAÑA - PCPE,264,0,Ministerio del Interior / portal oficial de datos abiertos,PRIMARY_OFFICIAL
2015,2015-12-20,37 - Salamanca,PARTIDO COMUNISTA DEL PUEBLO CANARIO - PCPC,0,0,Ministerio del Interior / portal oficial de datos abiertos,PRIMARY_OFFICIAL
2015,2015-12-20,37 - Salamanca,PARTIDO COMUNISTA OBRERO ESPAÑOL - PCOE,0,0,Ministerio del Interior / portal oficial de datos abiertos,PRIMARY_OFFICIAL
2015,2015-12-20,37 - Salamanca,PARTIDO DA TERRA - PT,0,0,Ministerio del Interior / portal oficial de datos abiertos,PRIMARY_OFFICIAL
2015,2015-12-20,37 - Salamanca,PARTIDO DOS SOCIALISTAS DE GALICIA-PSOE - PSdeG-PSOE,0,0,Ministerio del Interior / portal oficial de datos abiertos,PRIMARY_OFFICIAL
2015,2015-12-20,37 - Salamanca,PARTIDO FAMILIA Y VIDA - PFyV,0,0,Ministerio del Interior / portal oficial de datos abiertos,PRIMARY_OFFICIAL
2015,2015-12-20,37 - Salamanca,PARTIDO HUMANISTA - PH,0,0,Ministerio del Interior / portal oficial de datos abiertos,PRIMARY_OFFICIAL
2015,2015-12-20,37 - Salamanca,PARTIDO LIBERAL DE DERECHAS - PLD,0,0,Ministerio del Interior / portal oficial de datos abiertos,PRIMARY_OFFICIAL
2015,2015-12-20,37 - Salamanca,PARTIDO LIBERTARIO - P-LIB,0,0,Ministerio del Interior / portal oficial de datos abiertos,PRIMARY_OFFICIAL
2015,2015-12-20,37 - Salamanca,PARTIDO POPULAR (PP) - PP,0,0,Ministerio del Interior / portal oficial de datos abiertos,PRIMARY_OFFICIAL
2015,2015-12-20,37 - Salamanca,PARTIDO POPULAR - PP,89375,2,Ministerio del Interior / portal oficial de datos abiertos,PRIMARY_OFFICIAL
2015,2015-12-20,37 - Salamanca,PARTIDO POPULAR EN COALICIÓN CON EL PARTIDO ARAGON - PP-PAR,0,0,Ministerio del Interior / portal oficial de datos abiertos,PRIMARY_OFFICIAL
2015,2015-12-20,37 - Salamanca,PARTIDO POPULAR-FORO - PP-FORO,0,0,Ministerio del Interior / portal oficial de datos abiertos,PRIMARY_OFFICIAL
2015,2015-12-20,37 - Salamanca,PARTIDO POPULAR/PARTIT POPULAR - PP,0,0,Ministerio del Interior / portal oficial de datos abiertos,PRIMARY_OFFICIAL
2015,2015-12-20,37 - Salamanca,PARTIDO REGIONALISTA DEL PAÍS LEONÉS - PREPAL,251,0,Ministerio del Interior / portal oficial de datos abiertos,PRIMARY_OFFICIAL
2015,2015-12-20,37 - Salamanca,PARTIDO SOCIALISTA DE EUSKADI-EUSKADIKO EZKERRA (P - PSE-EE,0,0,Ministerio del Interior / portal oficial de datos abiertos,PRIMARY_OFFICIAL
2015,2015-12-20,37 - Salamanca,PARTIDO SOCIALISTA DE EUSKADI-EUSKADIKO EZKERRA (P - PSE-EE (PSO,0,0,Ministerio del Interior / portal oficial de datos abiertos,PRIMARY_OFFICIAL
2015,2015-12-20,37 - Salamanca,PARTIDO SOCIALISTA OBRERO ESPAÑOL - PSOE,45593,1,Ministerio del Interior / portal oficial de datos abiertos,PRIMARY_OFFICIAL
2015,2015-12-20,37 - Salamanca,PARTIDO SOCIALISTA OBRERO ESPAÑOL-NUEVA CANARIAS - PSOE-NCa,0,0,Ministerio del Interior / portal oficial de datos abiertos,PRIMARY_OFFICIAL
2015,2015-12-20,37 - Salamanca,PARTIT ANIMALISTA CONTRA EL MALTRACTAMENT ANIMAL - PACMA,0,0,Ministerio del Interior / portal oficial de datos abiertos,PRIMARY_OFFICIAL
2015,2015-12-20,37 - Salamanca,PARTIT COMUNISTA DEL POBLE DE CATALUNYA - PCPC,0,0,Ministerio del Interior / portal oficial de datos abiertos,PRIMARY_OFFICIAL
2015,2015-12-20,37 - Salamanca,PARTIT COMUNISTA DELS POBLES D’ESPANYA - PCPE,0,0,Ministerio del Interior / portal oficial de datos abiertos,PRIMARY_OFFICIAL
2015,2015-12-20,37 - Salamanca,PARTIT DELS SOCIALISTES DE CATALUNYA (PSC-PSOE) - PSC,0,0,Ministerio del Interior / portal oficial de datos abiertos,PRIMARY_OFFICIAL
2015,2015-12-20,37 - Salamanca,PARTIT DELS SOCIALISTES DE CATALUNYA - PSC-PSOE,0,0,Ministerio del Interior / portal oficial de datos abiertos,PRIMARY_OFFICIAL
2015,2015-12-20,37 - Salamanca,PODEMOS - PODEMOS,25743,0,Ministerio del Interior / portal oficial de datos abiertos,PRIMARY_OFFICIAL
2015,2015-12-20,37 - Salamanca,PODEMOS-AHAL DUGU - PODEMOS-AHA,0,0,Ministerio del Interior / portal oficial de datos abiertos,PRIMARY_OFFICIAL
2015,2015-12-20,37 - Salamanca,PODEMOS-Ahora Alto Aragón en Común - PODEMOS-Aho,0,0,Ministerio del Interior / portal oficial de datos abiertos,PRIMARY_OFFICIAL
2015,2015-12-20,37 - Salamanca,PODEMOS/AHAL DUGU - PODEMOS-AHA,0,0,Ministerio del Interior / portal oficial de datos abiertos,PRIMARY_OFFICIAL
2015,2015-12-20,37 - Salamanca,POR UN MUNDO MÁS JUSTO - PUM+J,0,0,Ministerio del Interior / portal oficial de datos abiertos,PRIMARY_OFFICIAL
2015,2015-12-20,37 - Salamanca,RECORTES CERO-GRUPO VERDE - RECORTES CE,319,0,Ministerio del Interior / portal oficial de datos abiertos,PRIMARY_OFFICIAL
2015,2015-12-20,37 - Salamanca,SOLIDARIDAD Y AUTOGESTIÓN INTERNACIONALISTA - SAIn,0,0,Ministerio del Interior / portal oficial de datos abiertos,PRIMARY_OFFICIAL
2015,2015-12-20,37 - Salamanca,SOLUCIONA - SOLUCIONA,0,0,Ministerio del Interior / portal oficial de datos abiertos,PRIMARY_OFFICIAL
2015,2015-12-20,37 - Salamanca,SOM VALENCIANS - SOMVAL,0,0,Ministerio del Interior / portal oficial de datos abiertos,PRIMARY_OFFICIAL
2015,2015-12-20,37 - Salamanca,"UNIDAD POPULAR EN ARAGÓN: IZQUIERDA UNIDA, CHUNTA - IU-CHA-UPeC",0,0,Ministerio del Interior / portal oficial de datos abiertos,PRIMARY_OFFICIAL
2015,2015-12-20,37 - Salamanca,UNIDAD POPULAR- ORAIN BATERA:EZKER ANITZA-IZQUIERD - IU-UPeC,0,0,Ministerio del Interior / portal oficial de datos abiertos,PRIMARY_OFFICIAL
2015,2015-12-20,37 - Salamanca,UNIDAD POPULAR-IZQUIERDA UNIDA - UNIDAD POPU,0,0,Ministerio del Interior / portal oficial de datos abiertos,PRIMARY_OFFICIAL
2015,2015-12-20,37 - Salamanca,UNIDAD POPULAR-ORAIN BATERA:EZKER ANITZA-IZQUIERDA - IU-UPeC,0,0,Ministerio del Interior / portal oficial de datos abiertos,PRIMARY_OFFICIAL
2015,2015-12-20,37 - Salamanca,UNIDAD POPULAR-ORAIN BATERA:EZKER ANITZA-IZQUIERDA - IU-UpeC,0,0,Ministerio del Interior / portal oficial de datos abiertos,PRIMARY_OFFICIAL
2015,2015-12-20,37 - Salamanca,"UNIDAD POPULAR-ORAIN BATERA:IZQUIERDA UNIDA, BATZA - IU-B-UPeC",0,0,Ministerio del Interior / portal oficial de datos abiertos,PRIMARY_OFFICIAL
2015,2015-12-20,37 - Salamanca,"UNIDAD POPULAR: IZQUIERDA UNIDA CANARIA, UNIDAD PO - IUC-UPeC",0,0,Ministerio del Interior / portal oficial de datos abiertos,PRIMARY_OFFICIAL
2015,2015-12-20,37 - Salamanca,UNIDAD POPULAR: IZQUIERDA UNIDA LOS VERDES - CONVO - UP: IULV-CA,0,0,Ministerio del Interior / portal oficial de datos abiertos,PRIMARY_OFFICIAL
2015,2015-12-20,37 - Salamanca,"UNIDAD POPULAR: IZQUIERDA UNIDA LOS VERDES-CONVOCA - IULV-CA, UP",0,0,Ministerio del Interior / portal oficial de datos abiertos,PRIMARY_OFFICIAL
2015,2015-12-20,37 - Salamanca,"UNIDAD POPULAR: IZQUIERDA UNIDA LOS VERDES-CONVOCA - IULV-CA,UPe",0,0,Ministerio del Interior / portal oficial de datos abiertos,PRIMARY_OFFICIAL
2015,2015-12-20,37 - Salamanca,"UNIDAD POPULAR: IZQUIERDA UNIDA, UNIDAD POPULAR EN - IU-UPeC",7017,0,Ministerio del Interior / portal oficial de datos abiertos,PRIMARY_OFFICIAL
2015,2015-12-20,37 - Salamanca,"UNIDAD POPULAR: IZQUIERDA UNIDA, UNIDAD POPULAR EN - IU-UPeC-IAS",0,0,Ministerio del Interior / portal oficial de datos abiertos,PRIMARY_OFFICIAL
2015,2015-12-20,37 - Salamanca,"UNIDAD POPULAR: IZQUIERDA UNIDA, UNIDAD POPULAR EN - UP-UPeC",0,0,Ministerio del Interior / portal oficial de datos abiertos,PRIMARY_OFFICIAL
2015,2015-12-20,37 - Salamanca,"UNIDAD POPULAR: IZQUIERDA UNIDA, UNIDAD POPULAR EN - UPeC-IU-IZC",0,0,Ministerio del Interior / portal oficial de datos abiertos,PRIMARY_OFFICIAL
2015,2015-12-20,37 - Salamanca,UNIDAD POPULAR: IZQUIERDA UNIDA-UNIDAD POPULAR EN - IU-UPeC,0,0,Ministerio del Interior / portal oficial de datos abiertos,PRIMARY_OFFICIAL
2015,2015-12-20,37 - Salamanca,UNIDAD POPULAR: IZQUIERDA UNIDA. UNIDAD POPULAR EN - IU-UPeC,0,0,Ministerio del Interior / portal oficial de datos abiertos,PRIMARY_OFFICIAL
2015,2015-12-20,37 - Salamanca,"UNIDAD POPULAR: UNIDAD POPULAR EN COMÚN, IZQUIERDA - UPeC-IU",0,0,Ministerio del Interior / portal oficial de datos abiertos,PRIMARY_OFFICIAL
2015,2015-12-20,37 - Salamanca,"UNITAT POPULAR BALEARS: IZQUIERDA UNIDA, UNIDAD PO - UPB: IU-UPe",0,0,Ministerio del Interior / portal oficial de datos abiertos,PRIMARY_OFFICIAL
2015,2015-12-20,37 - Salamanca,"UNITAT POPULAR: ESQUERRA UNIDA DEL PAÍS VALENCIÀ, - EUPV-UPeC",0,0,Ministerio del Interior / portal oficial de datos abiertos,PRIMARY_OFFICIAL
2015,2015-12-20,37 - Salamanca,"UNITAT POPULAR:ESQUERRA UNIDA DEL PAÍS VALENCIÀ, U - EUPV-UPeC",0,0,Ministerio del Interior / portal oficial de datos abiertos,PRIMARY_OFFICIAL
2015,2015-12-20,37 - Salamanca,UNIÓ DEMOCRÀTICA DE CATALUNYA - Unio.Cat,0,0,Ministerio del Interior / portal oficial de datos abiertos,PRIMARY_OFFICIAL
2015,2015-12-20,37 - Salamanca,UNIÓ DEMOCRÀTICA DE CATALUNYA - unio.cat,0,0,Ministerio del Interior / portal oficial de datos abiertos,PRIMARY_OFFICIAL
2015,2015-12-20,37 - Salamanca,UNIÓN DEL PUEBLO NAVARRO EN COALICIÓN CON EL PARTI - UPN-PP,0,0,Ministerio del Interior / portal oficial de datos abiertos,PRIMARY_OFFICIAL
2015,2015-12-20,37 - Salamanca,UNIÓN PROGRESO Y DEMOCRACIA (UPYD) - UPYD,0,0,Ministerio del Interior / portal oficial de datos abiertos,PRIMARY_OFFICIAL
2015,2015-12-20,37 - Salamanca,UNIÓN PROGRESO Y DEMOCRACIA - UPYD,1669,0,Ministerio del Interior / portal oficial de datos abiertos,PRIMARY_OFFICIAL
2015,2015-12-20,37 - Salamanca,VOX - VOX,822,0,Ministerio del Interior / portal oficial de datos abiertos,PRIMARY_OFFICIAL
2015,2015-12-20,37 - Salamanca,X A ESQUERDA - X ESQ,0,0,Ministerio del Interior / portal oficial de datos abiertos,PRIMARY_OFFICIAL
2015,2015-12-20,37 - Salamanca,X LA IZQUIERDA-LOS VERDES - X LA IZQUIE,0,0,Ministerio del Interior / portal oficial de datos abiertos,PRIMARY_OFFICIAL
2015,2015-12-20,38 - Santa Cruz de Tenerife,"""EN COMÚ PODEM"" - EN COMÚ",0,0,Ministerio del Interior / portal oficial de datos abiertos,PRIMARY_OFFICIAL
2015,2015-12-20,38 - Santa Cruz de Tenerife,ANDALUCES DE JAÉN UNIDOS - AJU,0,0,Ministerio del Interior / portal oficial de datos abiertos,PRIMARY_OFFICIAL
2015,2015-12-20,38 - Santa Cruz de Tenerife,"ARA, PAÍS VALENCIÀ - ARA, PV",0,0,Ministerio del Interior / portal oficial de datos abiertos,PRIMARY_OFFICIAL
2015,2015-12-20,38 - Santa Cruz de Tenerife,"ARA, PAÍS VALENCIÀ - ARAPV",0,0,Ministerio del Interior / portal oficial de datos abiertos,PRIMARY_OFFICIAL
2015,2015-12-20,38 - Santa Cruz de Tenerife,AVANT VALENCIANS - AVANT,0,0,Ministerio del Interior / portal oficial de datos abiertos,PRIMARY_OFFICIAL
2015,2015-12-20,38 - Santa Cruz de Tenerife,BIDEZKO MUNDURANTZ/POR UN MUNDO MÁS JUSTO - PUM+J,0,0,Ministerio del Interior / portal oficial de datos abiertos,PRIMARY_OFFICIAL
2015,2015-12-20,38 - Santa Cruz de Tenerife,"CANARIAS DECIDE: LOS VERDES, UNIDAD DEL PUEBLO Y A - CANARIAS DE",1278,0,Ministerio del Interior / portal oficial de datos abiertos,PRIMARY_OFFICIAL
2015,2015-12-20,38 - Santa Cruz de Tenerife,CIUDADANOS DE CENTRO DEMOCRÁTICO - CCD,0,0,Ministerio del Interior / portal oficial de datos abiertos,PRIMARY_OFFICIAL
2015,2015-12-20,38 - Santa Cruz de Tenerife,CIUDADANOS LIBRES UNIDOS - CILUS,0,0,Ministerio del Interior / portal oficial de datos abiertos,PRIMARY_OFFICIAL
2015,2015-12-20,38 - Santa Cruz de Tenerife,CIUDADANOS PARTIDO DE LA CIUDADANÍA - C's,0,0,Ministerio del Interior / portal oficial de datos abiertos,PRIMARY_OFFICIAL
2015,2015-12-20,38 - Santa Cruz de Tenerife,CIUDADANOS PARTIDO DE LA CIUDADANÍA - C´s,0,0,Ministerio del Interior / portal oficial de datos abiertos,PRIMARY_OFFICIAL
2015,2015-12-20,38 - Santa Cruz de Tenerife,CIUDADANOS RURALES AGRUPADOS - CRA,0,0,Ministerio del Interior / portal oficial de datos abiertos,PRIMARY_OFFICIAL
2015,2015-12-20,38 - Santa Cruz de Tenerife,"CIUDADANOS, PARTIDO DE LA CIUDADANÍA - C's",0,0,Ministerio del Interior / portal oficial de datos abiertos,PRIMARY_OFFICIAL
2015,2015-12-20,38 - Santa Cruz de Tenerife,"CIUDADANOS, PARTIDO DE LA CIUDADANÍA - C´s",0,0,Ministerio del Interior / portal oficial de datos abiertos,PRIMARY_OFFICIAL
2015,2015-12-20,38 - Santa Cruz de Tenerife,CIUDADANOS-PARTIDO DE LA CIUDADANÍA (C's) - C's,0,0,Ministerio del Interior / portal oficial de datos abiertos,PRIMARY_OFFICIAL
2015,2015-12-20,38 - Santa Cruz de Tenerife,CIUDADANOS-PARTIDO DE LA CIUDADANÍA - C's,50257,1,Ministerio del Interior / portal oficial de datos abiertos,PRIMARY_OFFICIAL
2015,2015-12-20,38 - Santa Cruz de Tenerife,CIUDADANOS-PARTIDO DE LA CIUDADANÍA - C´s,0,0,Ministerio del Interior / portal oficial de datos abiertos,PRIMARY_OFFICIAL
2015,2015-12-20,38 - Santa Cruz de Tenerife,CIUTADANS - PARTIDO DE LA CIUDADANÍA - C's,0,0,Ministerio del Interior / portal oficial de datos abiertos,PRIMARY_OFFICIAL
2015,2015-12-20,38 - Santa Cruz de Tenerife,CIUTADANS-PARTIDO DE LA CIUDADANÍA - C's,0,0,Ministerio del Interior / portal oficial de datos abiertos,PRIMARY_OFFICIAL
2015,2015-12-20,38 - Santa Cruz de Tenerife,COALICIÓN CANARIA - PARTIDO NACIONALISTA CANARIO - CCa-PNC,0,0,Ministerio del Interior / portal oficial de datos abiertos,PRIMARY_OFFICIAL
2015,2015-12-20,38 - Santa Cruz de Tenerife,COALICIÓN CANARIA-PARTIDO NACIONALISTA CANARIO - CCa-PNC,60129,1,Ministerio del Interior / portal oficial de datos abiertos,PRIMARY_OFFICIAL
2015,2015-12-20,38 - Santa Cruz de Tenerife,COMPROMÍS-PODEMOS-ÉS EL MOMENT - PODEMOS - C,0,0,Ministerio del Interior / portal oficial de datos abiertos,PRIMARY_OFFICIAL
2015,2015-12-20,38 - Santa Cruz de Tenerife,COMPROMÍS-PODEMOS-ÉS EL MOMENT - PODEMOS-COM,0,0,Ministerio del Interior / portal oficial de datos abiertos,PRIMARY_OFFICIAL
2015,2015-12-20,38 - Santa Cruz de Tenerife,COMUNISTAS DA GALIZA - PCPE,0,0,Ministerio del Interior / portal oficial de datos abiertos,PRIMARY_OFFICIAL
2015,2015-12-20,38 - Santa Cruz de Tenerife,COMUNISTAS DA GALIZA-PCPE - PCPE,0,0,Ministerio del Interior / portal oficial de datos abiertos,PRIMARY_OFFICIAL
2015,2015-12-20,38 - Santa Cruz de Tenerife,DEMOCRACIA NACIONAL - DN,0,0,Ministerio del Interior / portal oficial de datos abiertos,PRIMARY_OFFICIAL
2015,2015-12-20,38 - Santa Cruz de Tenerife,DEMOCRÀCIA I LLIBERTAT. CONVERGÈNCIA. DEMÒCRATES. - DL,0,0,Ministerio del Interior / portal oficial de datos abiertos,PRIMARY_OFFICIAL
2015,2015-12-20,38 - Santa Cruz de Tenerife,EL PI - PROPOSTA PER LES ILLES - EL PI,0,0,Ministerio del Interior / portal oficial de datos abiertos,PRIMARY_OFFICIAL
2015,2015-12-20,38 - Santa Cruz de Tenerife,EN COMÚ PODEM - EN COMÚ,0,0,Ministerio del Interior / portal oficial de datos abiertos,PRIMARY_OFFICIAL
2015,2015-12-20,38 - Santa Cruz de Tenerife,EN MAREA - PODEMOS-EN,0,0,Ministerio del Interior / portal oficial de datos abiertos,PRIMARY_OFFICIAL
2015,2015-12-20,38 - Santa Cruz de Tenerife,EN MAREA - PODEMOS-En,0,0,Ministerio del Interior / portal oficial de datos abiertos,PRIMARY_OFFICIAL
2015,2015-12-20,38 - Santa Cruz de Tenerife,EN POSITIU - EN POSITIU,0,0,Ministerio del Interior / portal oficial de datos abiertos,PRIMARY_OFFICIAL
2015,2015-12-20,38 - Santa Cruz de Tenerife,ESCAÑOS EN BLANCO - AULKI ZURIAK - EB - AZ,0,0,Ministerio del Interior / portal oficial de datos abiertos,PRIMARY_OFFICIAL
2015,2015-12-20,38 - Santa Cruz de Tenerife,ESCAÑOS EN BLANCO - EB,0,0,Ministerio del Interior / portal oficial de datos abiertos,PRIMARY_OFFICIAL
2015,2015-12-20,38 - Santa Cruz de Tenerife,ESCAÑOS EN BLANCO-AULKI ZURIAK - EB-AZ,0,0,Ministerio del Interior / portal oficial de datos abiertos,PRIMARY_OFFICIAL
2015,2015-12-20,38 - Santa Cruz de Tenerife,ESCONS EN BLANC/ESCAÑOS EN BLANCO - EB,0,0,Ministerio del Interior / portal oficial de datos abiertos,PRIMARY_OFFICIAL
2015,2015-12-20,38 - Santa Cruz de Tenerife,ESQUERRA REPUBLICANA DE CATALUNYA-CATALUNYA SÍ - ERC-CATSI,0,0,Ministerio del Interior / portal oficial de datos abiertos,PRIMARY_OFFICIAL
2015,2015-12-20,38 - Santa Cruz de Tenerife,ESQUERRA REPUBLICANA DE CATALUNYA-CATALUNYA SÍ - ERC-CATSÍ,0,0,Ministerio del Interior / portal oficial de datos abiertos,PRIMARY_OFFICIAL
2015,2015-12-20,38 - Santa Cruz de Tenerife,EUSKAL HERRIA BILDU (EH Bildu) - EH Bildu,0,0,Ministerio del Interior / portal oficial de datos abiertos,PRIMARY_OFFICIAL
2015,2015-12-20,38 - Santa Cruz de Tenerife,EUSKAL HERRIA BILDU - EH Bildu,0,0,Ministerio del Interior / portal oficial de datos abiertos,PRIMARY_OFFICIAL
2015,2015-12-20,38 - Santa Cruz de Tenerife,EUZKO ALDERDI JELTZALEA-PARTIDO NACIONALISTA VASCO - EAJ-PNV,0,0,Ministerio del Interior / portal oficial de datos abiertos,PRIMARY_OFFICIAL
2015,2015-12-20,38 - Santa Cruz de Tenerife,EXTREMADURA UNIDA-EXTREMEÑOS - EU-eX,0,0,Ministerio del Interior / portal oficial de datos abiertos,PRIMARY_OFFICIAL
2015,2015-12-20,38 - Santa Cruz de Tenerife,EZKERRA-X LA IZQUIERDA - EZKERRA,0,0,Ministerio del Interior / portal oficial de datos abiertos,PRIMARY_OFFICIAL
2015,2015-12-20,38 - Santa Cruz de Tenerife,FALANGE ESPAÑOLA DE LAS JONS - FE de las J,0,0,Ministerio del Interior / portal oficial de datos abiertos,PRIMARY_OFFICIAL
2015,2015-12-20,38 - Santa Cruz de Tenerife,FORO DEMÓCRATA - FDEE,0,0,Ministerio del Interior / portal oficial de datos abiertos,PRIMARY_OFFICIAL
2015,2015-12-20,38 - Santa Cruz de Tenerife,GEROA BAI - GBAI,0,0,Ministerio del Interior / portal oficial de datos abiertos,PRIMARY_OFFICIAL
2015,2015-12-20,38 - Santa Cruz de Tenerife,INDEPENDIENTES POR ARAGÓN - Independien,0,0,Ministerio del Interior / portal oficial de datos abiertos,PRIMARY_OFFICIAL
2015,2015-12-20,38 - Santa Cruz de Tenerife,INICIATIVA FEMINISTA - IFem,0,0,Ministerio del Interior / portal oficial de datos abiertos,PRIMARY_OFFICIAL
2015,2015-12-20,38 - Santa Cruz de Tenerife,"JUSTIZIA SOCIAL, PARTICIPACIÓN CIUDADANA - JS,PC",0,0,Ministerio del Interior / portal oficial de datos abiertos,PRIMARY_OFFICIAL
2015,2015-12-20,38 - Santa Cruz de Tenerife,"LIBERTAD NAVARRA, LIBERTATE NAFARRA (Ln) - Ln",0,0,Ministerio del Interior / portal oficial de datos abiertos,PRIMARY_OFFICIAL
2015,2015-12-20,38 - Santa Cruz de Tenerife,"LIBERTAD NAVARRA, LIBERTATE NAFARRA - Ln",0,0,Ministerio del Interior / portal oficial de datos abiertos,PRIMARY_OFFICIAL
2015,2015-12-20,38 - Santa Cruz de Tenerife,LIBERTAD NAVARRA-LIBERTATE NAFARRA - Ln,0,0,Ministerio del Interior / portal oficial de datos abiertos,PRIMARY_OFFICIAL
2015,2015-12-20,38 - Santa Cruz de Tenerife,LOS VERDES-ECOPACIFISTAS - CENTRO MODE,0,0,Ministerio del Interior / portal oficial de datos abiertos,PRIMARY_OFFICIAL
2015,2015-12-20,38 - Santa Cruz de Tenerife,MUERTE AL SISTEMA - +MAS+,0,0,Ministerio del Interior / portal oficial de datos abiertos,PRIMARY_OFFICIAL
2015,2015-12-20,38 - Santa Cruz de Tenerife,MÁLAGA POR SÍ - mlgXSÍ,0,0,Ministerio del Interior / portal oficial de datos abiertos,PRIMARY_OFFICIAL
2015,2015-12-20,38 - Santa Cruz de Tenerife,MÉS - MÉS,0,0,Ministerio del Interior / portal oficial de datos abiertos,PRIMARY_OFFICIAL
2015,2015-12-20,38 - Santa Cruz de Tenerife,NÓS-CANDIDATURA GALEGA (BNG-CG-FOGA-PCPG-PG) - NÓS,0,0,Ministerio del Interior / portal oficial de datos abiertos,PRIMARY_OFFICIAL
2015,2015-12-20,38 - Santa Cruz de Tenerife,ONGI ETORRI - OE,0,0,Ministerio del Interior / portal oficial de datos abiertos,PRIMARY_OFFICIAL
2015,2015-12-20,38 - Santa Cruz de Tenerife,PARTIDO ANIMALISTA CONTRA EL MALTRATO ANIMAL (PACM - PACMA,0,0,Ministerio del Interior / portal oficial de datos abiertos,PRIMARY_OFFICIAL
2015,2015-12-20,38 - Santa Cruz de Tenerife,PARTIDO ANIMALISTA CONTRA EL MALTRATO ANIMAL - PACMA,6537,0,Ministerio del Interior / portal oficial de datos abiertos,PRIMARY_OFFICIAL
2015,2015-12-20,38 - Santa Cruz de Tenerife,PARTIDO ANIMALISTA CONTRA O MALTRATO ANIMAL - PACMA,0,0,Ministerio del Interior / portal oficial de datos abiertos,PRIMARY_OFFICIAL
2015,2015-12-20,38 - Santa Cruz de Tenerife,PARTIDO ANIMALISTA-CONTRA EL MALTRATO ANIMAL - PACMA,0,0,Ministerio del Interior / portal oficial de datos abiertos,PRIMARY_OFFICIAL
2015,2015-12-20,38 - Santa Cruz de Tenerife,PARTIDO COMUNISTA DE LOS PUEBLOS DE ESPAÑA - PCPE,0,0,Ministerio del Interior / portal oficial de datos abiertos,PRIMARY_OFFICIAL
2015,2015-12-20,38 - Santa Cruz de Tenerife,PARTIDO COMUNISTA DEL PUEBLO CANARIO - PCPC,759,0,Ministerio del Interior / portal oficial de datos abiertos,PRIMARY_OFFICIAL
2015,2015-12-20,38 - Santa Cruz de Tenerife,PARTIDO COMUNISTA OBRERO ESPAÑOL - PCOE,0,0,Ministerio del Interior / portal oficial de datos abiertos,PRIMARY_OFFICIAL
2015,2015-12-20,38 - Santa Cruz de Tenerife,PARTIDO DA TERRA - PT,0,0,Ministerio del Interior / portal oficial de datos abiertos,PRIMARY_OFFICIAL
2015,2015-12-20,38 - Santa Cruz de Tenerife,PARTIDO DOS SOCIALISTAS DE GALICIA-PSOE - PSdeG-PSOE,0,0,Ministerio del Interior / portal oficial de datos abiertos,PRIMARY_OFFICIAL
2015,2015-12-20,38 - Santa Cruz de Tenerife,PARTIDO FAMILIA Y VIDA - PFyV,0,0,Ministerio del Interior / portal oficial de datos abiertos,PRIMARY_OFFICIAL
2015,2015-12-20,38 - Santa Cruz de Tenerife,PARTIDO HUMANISTA - PH,0,0,Ministerio del Interior / portal oficial de datos abiertos,PRIMARY_OFFICIAL
2015,2015-12-20,38 - Santa Cruz de Tenerife,PARTIDO LIBERAL DE DERECHAS - PLD,0,0,Ministerio del Interior / portal oficial de datos abiertos,PRIMARY_OFFICIAL
2015,2015-12-20,38 - Santa Cruz de Tenerife,PARTIDO LIBERTARIO - P-LIB,0,0,Ministerio del Interior / portal oficial de datos abiertos,PRIMARY_OFFICIAL
2015,2015-12-20,38 - Santa Cruz de Tenerife,PARTIDO POPULAR (PP) - PP,0,0,Ministerio del Interior / portal oficial de datos abiertos,PRIMARY_OFFICIAL
2015,2015-12-20,38 - Santa Cruz de Tenerife,PARTIDO POPULAR - PP,138203,2,Ministerio del Interior / portal oficial de datos abiertos,PRIMARY_OFFICIAL
2015,2015-12-20,38 - Santa Cruz de Tenerife,PARTIDO POPULAR EN COALICIÓN CON EL PARTIDO ARAGON - PP-PAR,0,0,Ministerio del Interior / portal oficial de datos abiertos,PRIMARY_OFFICIAL
2015,2015-12-20,38 - Santa Cruz de Tenerife,PARTIDO POPULAR-FORO - PP-FORO,0,0,Ministerio del Interior / portal oficial de datos abiertos,PRIMARY_OFFICIAL
2015,2015-12-20,38 - Santa Cruz de Tenerife,PARTIDO POPULAR/PARTIT POPULAR - PP,0,0,Ministerio del Interior / portal oficial de datos abiertos,PRIMARY_OFFICIAL
2015,2015-12-20,38 - Santa Cruz de Tenerife,PARTIDO REGIONALISTA DEL PAÍS LEONÉS - PREPAL,0,0,Ministerio del Interior / portal oficial de datos abiertos,PRIMARY_OFFICIAL
2015,2015-12-20,38 - Santa Cruz de Tenerife,PARTIDO SOCIALISTA DE EUSKADI-EUSKADIKO EZKERRA (P - PSE-EE,0,0,Ministerio del Interior / portal oficial de datos abiertos,PRIMARY_OFFICIAL
2015,2015-12-20,38 - Santa Cruz de Tenerife,PARTIDO SOCIALISTA DE EUSKADI-EUSKADIKO EZKERRA (P - PSE-EE (PSO,0,0,Ministerio del Interior / portal oficial de datos abiertos,PRIMARY_OFFICIAL
2015,2015-12-20,38 - Santa Cruz de Tenerife,PARTIDO SOCIALISTA OBRERO ESPAÑOL - PSOE,0,0,Ministerio del Interior / portal oficial de datos abiertos,PRIMARY_OFFICIAL
2015,2015-12-20,38 - Santa Cruz de Tenerife,PARTIDO SOCIALISTA OBRERO ESPAÑOL-NUEVA CANARIAS - PSOE-NCa,102892,2,Ministerio del Interior / portal oficial de datos abiertos,PRIMARY_OFFICIAL
2015,2015-12-20,38 - Santa Cruz de Tenerife,PARTIT ANIMALISTA CONTRA EL MALTRACTAMENT ANIMAL - PACMA,0,0,Ministerio del Interior / portal oficial de datos abiertos,PRIMARY_OFFICIAL
2015,2015-12-20,38 - Santa Cruz de Tenerife,PARTIT COMUNISTA DEL POBLE DE CATALUNYA - PCPC,0,0,Ministerio del Interior / portal oficial de datos abiertos,PRIMARY_OFFICIAL
2015,2015-12-20,38 - Santa Cruz de Tenerife,PARTIT COMUNISTA DELS POBLES D’ESPANYA - PCPE,0,0,Ministerio del Interior / portal oficial de datos abiertos,PRIMARY_OFFICIAL
2015,2015-12-20,38 - Santa Cruz de Tenerife,PARTIT DELS SOCIALISTES DE CATALUNYA (PSC-PSOE) - PSC,0,0,Ministerio del Interior / portal oficial de datos abiertos,PRIMARY_OFFICIAL
2015,2015-12-20,38 - Santa Cruz de Tenerife,PARTIT DELS SOCIALISTES DE CATALUNYA - PSC-PSOE,0,0,Ministerio del Interior / portal oficial de datos abiertos,PRIMARY_OFFICIAL
2015,2015-12-20,38 - Santa Cruz de Tenerife,PODEMOS - PODEMOS,94936,1,Ministerio del Interior / portal oficial de datos abiertos,PRIMARY_OFFICIAL
2015,2015-12-20,38 - Santa Cruz de Tenerife,PODEMOS-AHAL DUGU - PODEMOS-AHA,0,0,Ministerio del Interior / portal oficial de datos abiertos,PRIMARY_OFFICIAL
2015,2015-12-20,38 - Santa Cruz de Tenerife,PODEMOS-Ahora Alto Aragón en Común - PODEMOS-Aho,0,0,Ministerio del Interior / portal oficial de datos abiertos,PRIMARY_OFFICIAL
2015,2015-12-20,38 - Santa Cruz de Tenerife,PODEMOS/AHAL DUGU - PODEMOS-AHA,0,0,Ministerio del Interior / portal oficial de datos abiertos,PRIMARY_OFFICIAL
2015,2015-12-20,38 - Santa Cruz de Tenerife,POR UN MUNDO MÁS JUSTO - PUM+J,0,0,Ministerio del Interior / portal oficial de datos abiertos,PRIMARY_OFFICIAL
2015,2015-12-20,38 - Santa Cruz de Tenerife,RECORTES CERO-GRUPO VERDE - RECORTES CE,1182,0,Ministerio del Interior / portal oficial de datos abiertos,PRIMARY_OFFICIAL
2015,2015-12-20,38 - Santa Cruz de Tenerife,SOLIDARIDAD Y AUTOGESTIÓN INTERNACIONALISTA - SAIn,0,0,Ministerio del Interior / portal oficial de datos abiertos,PRIMARY_OFFICIAL
2015,2015-12-20,38 - Santa Cruz de Tenerife,SOLUCIONA - SOLUCIONA,0,0,Ministerio del Interior / portal oficial de datos abiertos,PRIMARY_OFFICIAL
2015,2015-12-20,38 - Santa Cruz de Tenerife,SOM VALENCIANS - SOMVAL,0,0,Ministerio del Interior / portal oficial de datos abiertos,PRIMARY_OFFICIAL
2015,2015-12-20,38 - Santa Cruz de Tenerife,"UNIDAD POPULAR EN ARAGÓN: IZQUIERDA UNIDA, CHUNTA - IU-CHA-UPeC",0,0,Ministerio del Interior / portal oficial de datos abiertos,PRIMARY_OFFICIAL
2015,2015-12-20,38 - Santa Cruz de Tenerife,UNIDAD POPULAR- ORAIN BATERA:EZKER ANITZA-IZQUIERD - IU-UPeC,0,0,Ministerio del Interior / portal oficial de datos abiertos,PRIMARY_OFFICIAL
2015,2015-12-20,38 - Santa Cruz de Tenerife,UNIDAD POPULAR-IZQUIERDA UNIDA - UNIDAD POPU,0,0,Ministerio del Interior / portal oficial de datos abiertos,PRIMARY_OFFICIAL
2015,2015-12-20,38 - Santa Cruz de Tenerife,UNIDAD POPULAR-ORAIN BATERA:EZKER ANITZA-IZQUIERDA - IU-UPeC,0,0,Ministerio del Interior / portal oficial de datos abiertos,PRIMARY_OFFICIAL
2015,2015-12-20,38 - Santa Cruz de Tenerife,UNIDAD POPULAR-ORAIN BATERA:EZKER ANITZA-IZQUIERDA - IU-UpeC,0,0,Ministerio del Interior / portal oficial de datos abiertos,PRIMARY_OFFICIAL
2015,2015-12-20,38 - Santa Cruz de Tenerife,"UNIDAD POPULAR-ORAIN BATERA:IZQUIERDA UNIDA, BATZA - IU-B-UPeC",0,0,Ministerio del Interior / portal oficial de datos abiertos,PRIMARY_OFFICIAL
2015,2015-12-20,38 - Santa Cruz de Tenerife,"UNIDAD POPULAR: IZQUIERDA UNIDA CANARIA, UNIDAD PO - IUC-UPeC",15716,0,Ministerio del Interior / portal oficial de datos abiertos,PRIMARY_OFFICIAL
2015,2015-12-20,38 - Santa Cruz de Tenerife,UNIDAD POPULAR: IZQUIERDA UNIDA LOS VERDES - CONVO - UP: IULV-CA,0,0,Ministerio del Interior / portal oficial de datos abiertos,PRIMARY_OFFICIAL
2015,2015-12-20,38 - Santa Cruz de Tenerife,"UNIDAD POPULAR: IZQUIERDA UNIDA LOS VERDES-CONVOCA - IULV-CA, UP",0,0,Ministerio del Interior / portal oficial de datos abiertos,PRIMARY_OFFICIAL
2015,2015-12-20,38 - Santa Cruz de Tenerife,"UNIDAD POPULAR: IZQUIERDA UNIDA LOS VERDES-CONVOCA - IULV-CA,UPe",0,0,Ministerio del Interior / portal oficial de datos abiertos,PRIMARY_OFFICIAL
2015,2015-12-20,38 - Santa Cruz de Tenerife,"UNIDAD POPULAR: IZQUIERDA UNIDA, UNIDAD POPULAR EN - IU-UPeC",0,0,Ministerio del Interior / portal oficial de datos abiertos,PRIMARY_OFFICIAL
2015,2015-12-20,38 - Santa Cruz de Tenerife,"UNIDAD POPULAR: IZQUIERDA UNIDA, UNIDAD POPULAR EN - IU-UPeC-IAS",0,0,Ministerio del Interior / portal oficial de datos abiertos,PRIMARY_OFFICIAL
2015,2015-12-20,38 - Santa Cruz de Tenerife,"UNIDAD POPULAR: IZQUIERDA UNIDA, UNIDAD POPULAR EN - UP-UPeC",0,0,Ministerio del Interior / portal oficial de datos abiertos,PRIMARY_OFFICIAL
2015,2015-12-20,38 - Santa Cruz de Tenerife,"UNIDAD POPULAR: IZQUIERDA UNIDA, UNIDAD POPULAR EN - UPeC-IU-IZC",0,0,Ministerio del Interior / portal oficial de datos abiertos,PRIMARY_OFFICIAL
2015,2015-12-20,38 - Santa Cruz de Tenerife,UNIDAD POPULAR: IZQUIERDA UNIDA-UNIDAD POPULAR EN - IU-UPeC,0,0,Ministerio del Interior / portal oficial de datos abiertos,PRIMARY_OFFICIAL
2015,2015-12-20,38 - Santa Cruz de Tenerife,UNIDAD POPULAR: IZQUIERDA UNIDA. UNIDAD POPULAR EN - IU-UPeC,0,0,Ministerio del Interior / portal oficial de datos abiertos,PRIMARY_OFFICIAL
2015,2015-12-20,38 - Santa Cruz de Tenerife,"UNIDAD POPULAR: UNIDAD POPULAR EN COMÚN, IZQUIERDA - UPeC-IU",0,0,Ministerio del Interior / portal oficial de datos abiertos,PRIMARY_OFFICIAL
2015,2015-12-20,38 - Santa Cruz de Tenerife,"UNITAT POPULAR BALEARS: IZQUIERDA UNIDA, UNIDAD PO - UPB: IU-UPe",0,0,Ministerio del Interior / portal oficial de datos abiertos,PRIMARY_OFFICIAL
2015,2015-12-20,38 - Santa Cruz de Tenerife,"UNITAT POPULAR: ESQUERRA UNIDA DEL PAÍS VALENCIÀ, - EUPV-UPeC",0,0,Ministerio del Interior / portal oficial de datos abiertos,PRIMARY_OFFICIAL
2015,2015-12-20,38 - Santa Cruz de Tenerife,"UNITAT POPULAR:ESQUERRA UNIDA DEL PAÍS VALENCIÀ, U - EUPV-UPeC",0,0,Ministerio del Interior / portal oficial de datos abiertos,PRIMARY_OFFICIAL
2015,2015-12-20,38 - Santa Cruz de Tenerife,UNIÓ DEMOCRÀTICA DE CATALUNYA - Unio.Cat,0,0,Ministerio del Interior / portal oficial de datos abiertos,PRIMARY_OFFICIAL
2015,2015-12-20,38 - Santa Cruz de Tenerife,UNIÓ DEMOCRÀTICA DE CATALUNYA - unio.cat,0,0,Ministerio del Interior / portal oficial de datos abiertos,PRIMARY_OFFICIAL
2015,2015-12-20,38 - Santa Cruz de Tenerife,UNIÓN DEL PUEBLO NAVARRO EN COALICIÓN CON EL PARTI - UPN-PP,0,0,Ministerio del Interior / portal oficial de datos abiertos,PRIMARY_OFFICIAL
2015,2015-12-20,38 - Santa Cruz de Tenerife,UNIÓN PROGRESO Y DEMOCRACIA (UPYD) - UPYD,0,0,Ministerio del Interior / portal oficial de datos abiertos,PRIMARY_OFFICIAL
2015,2015-12-20,38 - Santa Cruz de Tenerife,UNIÓN PROGRESO Y DEMOCRACIA - UPYD,2117,0,Ministerio del Interior / portal oficial de datos abiertos,PRIMARY_OFFICIAL
2015,2015-12-20,38 - Santa Cruz de Tenerife,VOX - VOX,772,0,Ministerio del Interior / portal oficial de datos abiertos,PRIMARY_OFFICIAL
2015,2015-12-20,38 - Santa Cruz de Tenerife,X A ESQUERDA - X ESQ,0,0,Ministerio del Interior / portal oficial de datos abiertos,PRIMARY_OFFICIAL
2015,2015-12-20,38 - Santa Cruz de Tenerife,X LA IZQUIERDA-LOS VERDES - X LA IZQUIE,0,0,Ministerio del Interior / portal oficial de datos abiertos,PRIMARY_OFFICIAL
2015,2015-12-20,39 - Cantabria,"""EN COMÚ PODEM"" - EN COMÚ",0,0,Ministerio del Interior / portal oficial de datos abiertos,PRIMARY_OFFICIAL
2015,2015-12-20,39 - Cantabria,ANDALUCES DE JAÉN UNIDOS - AJU,0,0,Ministerio del Interior / portal oficial de datos abiertos,PRIMARY_OFFICIAL
2015,2015-12-20,39 - Cantabria,"ARA, PAÍS VALENCIÀ - ARA, PV",0,0,Ministerio del Interior / portal oficial de datos abiertos,PRIMARY_OFFICIAL
2015,2015-12-20,39 - Cantabria,"ARA, PAÍS VALENCIÀ - ARAPV",0,0,Ministerio del Interior / portal oficial de datos abiertos,PRIMARY_OFFICIAL
2015,2015-12-20,39 - Cantabria,AVANT VALENCIANS - AVANT,0,0,Ministerio del Interior / portal oficial de datos abiertos,PRIMARY_OFFICIAL
2015,2015-12-20,39 - Cantabria,BIDEZKO MUNDURANTZ/POR UN MUNDO MÁS JUSTO - PUM+J,0,0,Ministerio del Interior / portal oficial de datos abiertos,PRIMARY_OFFICIAL
2015,2015-12-20,39 - Cantabria,"CANARIAS DECIDE: LOS VERDES, UNIDAD DEL PUEBLO Y A - CANARIAS DE",0,0,Ministerio del Interior / portal oficial de datos abiertos,PRIMARY_OFFICIAL
2015,2015-12-20,39 - Cantabria,CIUDADANOS DE CENTRO DEMOCRÁTICO - CCD,0,0,Ministerio del Interior / portal oficial de datos abiertos,PRIMARY_OFFICIAL
2015,2015-12-20,39 - Cantabria,CIUDADANOS LIBRES UNIDOS - CILUS,0,0,Ministerio del Interior / portal oficial de datos abiertos,PRIMARY_OFFICIAL
2015,2015-12-20,39 - Cantabria,CIUDADANOS PARTIDO DE LA CIUDADANÍA - C's,0,0,Ministerio del Interior / portal oficial de datos abiertos,PRIMARY_OFFICIAL
2015,2015-12-20,39 - Cantabria,CIUDADANOS PARTIDO DE LA CIUDADANÍA - C´s,0,0,Ministerio del Interior / portal oficial de datos abiertos,PRIMARY_OFFICIAL
2015,2015-12-20,39 - Cantabria,CIUDADANOS RURALES AGRUPADOS - CRA,0,0,Ministerio del Interior / portal oficial de datos abiertos,PRIMARY_OFFICIAL
2015,2015-12-20,39 - Cantabria,"CIUDADANOS, PARTIDO DE LA CIUDADANÍA - C's",0,0,Ministerio del Interior / portal oficial de datos abiertos,PRIMARY_OFFICIAL
2015,2015-12-20,39 - Cantabria,"CIUDADANOS, PARTIDO DE LA CIUDADANÍA - C´s",0,0,Ministerio del Interior / portal oficial de datos abiertos,PRIMARY_OFFICIAL
2015,2015-12-20,39 - Cantabria,CIUDADANOS-PARTIDO DE LA CIUDADANÍA (C's) - C's,0,0,Ministerio del Interior / portal oficial de datos abiertos,PRIMARY_OFFICIAL
2015,2015-12-20,39 - Cantabria,CIUDADANOS-PARTIDO DE LA CIUDADANÍA - C's,53371,1,Ministerio del Interior / portal oficial de datos abiertos,PRIMARY_OFFICIAL
2015,2015-12-20,39 - Cantabria,CIUDADANOS-PARTIDO DE LA CIUDADANÍA - C´s,0,0,Ministerio del Interior / portal oficial de datos abiertos,PRIMARY_OFFICIAL
2015,2015-12-20,39 - Cantabria,CIUTADANS - PARTIDO DE LA CIUDADANÍA - C's,0,0,Ministerio del Interior / portal oficial de datos abiertos,PRIMARY_OFFICIAL
2015,2015-12-20,39 - Cantabria,CIUTADANS-PARTIDO DE LA CIUDADANÍA - C's,0,0,Ministerio del Interior / portal oficial de datos abiertos,PRIMARY_OFFICIAL
2015,2015-12-20,39 - Cantabria,COALICIÓN CANARIA - PARTIDO NACIONALISTA CANARIO - CCa-PNC,0,0,Ministerio del Interior / portal oficial de datos abiertos,PRIMARY_OFFICIAL
2015,2015-12-20,39 - Cantabria,COALICIÓN CANARIA-PARTIDO NACIONALISTA CANARIO - CCa-PNC,0,0,Ministerio del Interior / portal oficial de datos abiertos,PRIMARY_OFFICIAL
2015,2015-12-20,39 - Cantabria,COMPROMÍS-PODEMOS-ÉS EL MOMENT - PODEMOS - C,0,0,Ministerio del Interior / portal oficial de datos abiertos,PRIMARY_OFFICIAL
2015,2015-12-20,39 - Cantabria,COMPROMÍS-PODEMOS-ÉS EL MOMENT - PODEMOS-COM,0,0,Ministerio del Interior / portal oficial de datos abiertos,PRIMARY_OFFICIAL
2015,2015-12-20,39 - Cantabria,COMUNISTAS DA GALIZA - PCPE,0,0,Ministerio del Interior / portal oficial de datos abiertos,PRIMARY_OFFICIAL
2015,2015-12-20,39 - Cantabria,COMUNISTAS DA GALIZA-PCPE - PCPE,0,0,Ministerio del Interior / portal oficial de datos abiertos,PRIMARY_OFFICIAL
2015,2015-12-20,39 - Cantabria,DEMOCRACIA NACIONAL - DN,0,0,Ministerio del Interior / portal oficial de datos abiertos,PRIMARY_OFFICIAL
2015,2015-12-20,39 - Cantabria,DEMOCRÀCIA I LLIBERTAT. CONVERGÈNCIA. DEMÒCRATES. - DL,0,0,Ministerio del Interior / portal oficial de datos abiertos,PRIMARY_OFFICIAL
2015,2015-12-20,39 - Cantabria,EL PI - PROPOSTA PER LES ILLES - EL PI,0,0,Ministerio del Interior / portal oficial de datos abiertos,PRIMARY_OFFICIAL
2015,2015-12-20,39 - Cantabria,EN COMÚ PODEM - EN COMÚ,0,0,Ministerio del Interior / portal oficial de datos abiertos,PRIMARY_OFFICIAL
2015,2015-12-20,39 - Cantabria,EN MAREA - PODEMOS-EN,0,0,Ministerio del Interior / portal oficial de datos abiertos,PRIMARY_OFFICIAL
2015,2015-12-20,39 - Cantabria,EN MAREA - PODEMOS-En,0,0,Ministerio del Interior / portal oficial de datos abiertos,PRIMARY_OFFICIAL
2015,2015-12-20,39 - Cantabria,EN POSITIU - EN POSITIU,0,0,Ministerio del Interior / portal oficial de datos abiertos,PRIMARY_OFFICIAL
2015,2015-12-20,39 - Cantabria,ESCAÑOS EN BLANCO - AULKI ZURIAK - EB - AZ,0,0,Ministerio del Interior / portal oficial de datos abiertos,PRIMARY_OFFICIAL
2015,2015-12-20,39 - Cantabria,ESCAÑOS EN BLANCO - EB,0,0,Ministerio del Interior / portal oficial de datos abiertos,PRIMARY_OFFICIAL
2015,2015-12-20,39 - Cantabria,ESCAÑOS EN BLANCO-AULKI ZURIAK - EB-AZ,0,0,Ministerio del Interior / portal oficial de datos abiertos,PRIMARY_OFFICIAL
2015,2015-12-20,39 - Cantabria,ESCONS EN BLANC/ESCAÑOS EN BLANCO - EB,0,0,Ministerio del Interior / portal oficial de datos abiertos,PRIMARY_OFFICIAL
2015,2015-12-20,39 - Cantabria,ESQUERRA REPUBLICANA DE CATALUNYA-CATALUNYA SÍ - ERC-CATSI,0,0,Ministerio del Interior / portal oficial de datos abiertos,PRIMARY_OFFICIAL
2015,2015-12-20,39 - Cantabria,ESQUERRA REPUBLICANA DE CATALUNYA-CATALUNYA SÍ - ERC-CATSÍ,0,0,Ministerio del Interior / portal oficial de datos abiertos,PRIMARY_OFFICIAL
2015,2015-12-20,39 - Cantabria,EUSKAL HERRIA BILDU (EH Bildu) - EH Bildu,0,0,Ministerio del Interior / portal oficial de datos abiertos,PRIMARY_OFFICIAL
2015,2015-12-20,39 - Cantabria,EUSKAL HERRIA BILDU - EH Bildu,0,0,Ministerio del Interior / portal oficial de datos abiertos,PRIMARY_OFFICIAL
2015,2015-12-20,39 - Cantabria,EUZKO ALDERDI JELTZALEA-PARTIDO NACIONALISTA VASCO - EAJ-PNV,0,0,Ministerio del Interior / portal oficial de datos abiertos,PRIMARY_OFFICIAL
2015,2015-12-20,39 - Cantabria,EXTREMADURA UNIDA-EXTREMEÑOS - EU-eX,0,0,Ministerio del Interior / portal oficial de datos abiertos,PRIMARY_OFFICIAL
2015,2015-12-20,39 - Cantabria,EZKERRA-X LA IZQUIERDA - EZKERRA,0,0,Ministerio del Interior / portal oficial de datos abiertos,PRIMARY_OFFICIAL
2015,2015-12-20,39 - Cantabria,FALANGE ESPAÑOLA DE LAS JONS - FE de las J,0,0,Ministerio del Interior / portal oficial de datos abiertos,PRIMARY_OFFICIAL
2015,2015-12-20,39 - Cantabria,FORO DEMÓCRATA - FDEE,0,0,Ministerio del Interior / portal oficial de datos abiertos,PRIMARY_OFFICIAL
2015,2015-12-20,39 - Cantabria,GEROA BAI - GBAI,0,0,Ministerio del Interior / portal oficial de datos abiertos,PRIMARY_OFFICIAL
2015,2015-12-20,39 - Cantabria,INDEPENDIENTES POR ARAGÓN - Independien,0,0,Ministerio del Interior / portal oficial de datos abiertos,PRIMARY_OFFICIAL
2015,2015-12-20,39 - Cantabria,INICIATIVA FEMINISTA - IFem,0,0,Ministerio del Interior / portal oficial de datos abiertos,PRIMARY_OFFICIAL
2015,2015-12-20,39 - Cantabria,"JUSTIZIA SOCIAL, PARTICIPACIÓN CIUDADANA - JS,PC",0,0,Ministerio del Interior / portal oficial de datos abiertos,PRIMARY_OFFICIAL
2015,2015-12-20,39 - Cantabria,"LIBERTAD NAVARRA, LIBERTATE NAFARRA (Ln) - Ln",0,0,Ministerio del Interior / portal oficial de datos abiertos,PRIMARY_OFFICIAL
2015,2015-12-20,39 - Cantabria,"LIBERTAD NAVARRA, LIBERTATE NAFARRA - Ln",0,0,Ministerio del Interior / portal oficial de datos abiertos,PRIMARY_OFFICIAL
2015,2015-12-20,39 - Cantabria,LIBERTAD NAVARRA-LIBERTATE NAFARRA - Ln,0,0,Ministerio del Interior / portal oficial de datos abiertos,PRIMARY_OFFICIAL
2015,2015-12-20,39 - Cantabria,LOS VERDES-ECOPACIFISTAS - CENTRO MODE,0,0,Ministerio del Interior / portal oficial de datos abiertos,PRIMARY_OFFICIAL
2015,2015-12-20,39 - Cantabria,MUERTE AL SISTEMA - +MAS+,0,0,Ministerio del Interior / portal oficial de datos abiertos,PRIMARY_OFFICIAL
2015,2015-12-20,39 - Cantabria,MÁLAGA POR SÍ - mlgXSÍ,0,0,Ministerio del Interior / portal oficial de datos abiertos,PRIMARY_OFFICIAL
2015,2015-12-20,39 - Cantabria,MÉS - MÉS,0,0,Ministerio del Interior / portal oficial de datos abiertos,PRIMARY_OFFICIAL
2015,2015-12-20,39 - Cantabria,NÓS-CANDIDATURA GALEGA (BNG-CG-FOGA-PCPG-PG) - NÓS,0,0,Ministerio del Interior / portal oficial de datos abiertos,PRIMARY_OFFICIAL
2015,2015-12-20,39 - Cantabria,ONGI ETORRI - OE,0,0,Ministerio del Interior / portal oficial de datos abiertos,PRIMARY_OFFICIAL
2015,2015-12-20,39 - Cantabria,PARTIDO ANIMALISTA CONTRA EL MALTRATO ANIMAL (PACM - PACMA,0,0,Ministerio del Interior / portal oficial de datos abiertos,PRIMARY_OFFICIAL
2015,2015-12-20,39 - Cantabria,PARTIDO ANIMALISTA CONTRA EL MALTRATO ANIMAL - PACMA,2943,0,Ministerio del Interior / portal oficial de datos abiertos,PRIMARY_OFFICIAL
2015,2015-12-20,39 - Cantabria,PARTIDO ANIMALISTA CONTRA O MALTRATO ANIMAL - PACMA,0,0,Ministerio del Interior / portal oficial de datos abiertos,PRIMARY_OFFICIAL
2015,2015-12-20,39 - Cantabria,PARTIDO ANIMALISTA-CONTRA EL MALTRATO ANIMAL - PACMA,0,0,Ministerio del Interior / portal oficial de datos abiertos,PRIMARY_OFFICIAL
2015,2015-12-20,39 - Cantabria,PARTIDO COMUNISTA DE LOS PUEBLOS DE ESPAÑA - PCPE,461,0,Ministerio del Interior / portal oficial de datos abiertos,PRIMARY_OFFICIAL
2015,2015-12-20,39 - Cantabria,PARTIDO COMUNISTA DEL PUEBLO CANARIO - PCPC,0,0,Ministerio del Interior / portal oficial de datos abiertos,PRIMARY_OFFICIAL
2015,2015-12-20,39 - Cantabria,PARTIDO COMUNISTA OBRERO ESPAÑOL - PCOE,0,0,Ministerio del Interior / portal oficial de datos abiertos,PRIMARY_OFFICIAL
2015,2015-12-20,39 - Cantabria,PARTIDO DA TERRA - PT,0,0,Ministerio del Interior / portal oficial de datos abiertos,PRIMARY_OFFICIAL
2015,2015-12-20,39 - Cantabria,PARTIDO DOS SOCIALISTAS DE GALICIA-PSOE - PSdeG-PSOE,0,0,Ministerio del Interior / portal oficial de datos abiertos,PRIMARY_OFFICIAL
2015,2015-12-20,39 - Cantabria,PARTIDO FAMILIA Y VIDA - PFyV,0,0,Ministerio del Interior / portal oficial de datos abiertos,PRIMARY_OFFICIAL
2015,2015-12-20,39 - Cantabria,PARTIDO HUMANISTA - PH,236,0,Ministerio del Interior / portal oficial de datos abiertos,PRIMARY_OFFICIAL
2015,2015-12-20,39 - Cantabria,PARTIDO LIBERAL DE DERECHAS - PLD,0,0,Ministerio del Interior / portal oficial de datos abiertos,PRIMARY_OFFICIAL
2015,2015-12-20,39 - Cantabria,PARTIDO LIBERTARIO - P-LIB,0,0,Ministerio del Interior / portal oficial de datos abiertos,PRIMARY_OFFICIAL
2015,2015-12-20,39 - Cantabria,PARTIDO POPULAR (PP) - PP,0,0,Ministerio del Interior / portal oficial de datos abiertos,PRIMARY_OFFICIAL
2015,2015-12-20,39 - Cantabria,PARTIDO POPULAR - PP,129216,2,Ministerio del Interior / portal oficial de datos abiertos,PRIMARY_OFFICIAL
2015,2015-12-20,39 - Cantabria,PARTIDO POPULAR EN COALICIÓN CON EL PARTIDO ARAGON - PP-PAR,0,0,Ministerio del Interior / portal oficial de datos abiertos,PRIMARY_OFFICIAL
2015,2015-12-20,39 - Cantabria,PARTIDO POPULAR-FORO - PP-FORO,0,0,Ministerio del Interior / portal oficial de datos abiertos,PRIMARY_OFFICIAL
2015,2015-12-20,39 - Cantabria,PARTIDO POPULAR/PARTIT POPULAR - PP,0,0,Ministerio del Interior / portal oficial de datos abiertos,PRIMARY_OFFICIAL
2015,2015-12-20,39 - Cantabria,PARTIDO REGIONALISTA DEL PAÍS LEONÉS - PREPAL,0,0,Ministerio del Interior / portal oficial de datos abiertos,PRIMARY_OFFICIAL
2015,2015-12-20,39 - Cantabria,PARTIDO SOCIALISTA DE EUSKADI-EUSKADIKO EZKERRA (P - PSE-EE,0,0,Ministerio del Interior / portal oficial de datos abiertos,PRIMARY_OFFICIAL
2015,2015-12-20,39 - Cantabria,PARTIDO SOCIALISTA DE EUSKADI-EUSKADIKO EZKERRA (P - PSE-EE (PSO,0,0,Ministerio del Interior / portal oficial de datos abiertos,PRIMARY_OFFICIAL
2015,2015-12-20,39 - Cantabria,PARTIDO SOCIALISTA OBRERO ESPAÑOL - PSOE,78460,1,Ministerio del Interior / portal oficial de datos abiertos,PRIMARY_OFFICIAL
2015,2015-12-20,39 - Cantabria,PARTIDO SOCIALISTA OBRERO ESPAÑOL-NUEVA CANARIAS - PSOE-NCa,0,0,Ministerio del Interior / portal oficial de datos abiertos,PRIMARY_OFFICIAL
2015,2015-12-20,39 - Cantabria,PARTIT ANIMALISTA CONTRA EL MALTRACTAMENT ANIMAL - PACMA,0,0,Ministerio del Interior / portal oficial de datos abiertos,PRIMARY_OFFICIAL
2015,2015-12-20,39 - Cantabria,PARTIT COMUNISTA DEL POBLE DE CATALUNYA - PCPC,0,0,Ministerio del Interior / portal oficial de datos abiertos,PRIMARY_OFFICIAL
2015,2015-12-20,39 - Cantabria,PARTIT COMUNISTA DELS POBLES D’ESPANYA - PCPE,0,0,Ministerio del Interior / portal oficial de datos abiertos,PRIMARY_OFFICIAL
2015,2015-12-20,39 - Cantabria,PARTIT DELS SOCIALISTES DE CATALUNYA (PSC-PSOE) - PSC,0,0,Ministerio del Interior / portal oficial de datos abiertos,PRIMARY_OFFICIAL
2015,2015-12-20,39 - Cantabria,PARTIT DELS SOCIALISTES DE CATALUNYA - PSC-PSOE,0,0,Ministerio del Interior / portal oficial de datos abiertos,PRIMARY_OFFICIAL
2015,2015-12-20,39 - Cantabria,PODEMOS - PODEMOS,62569,1,Ministerio del Interior / portal oficial de datos abiertos,PRIMARY_OFFICIAL
2015,2015-12-20,39 - Cantabria,PODEMOS-AHAL DUGU - PODEMOS-AHA,0,0,Ministerio del Interior / portal oficial de datos abiertos,PRIMARY_OFFICIAL
2015,2015-12-20,39 - Cantabria,PODEMOS-Ahora Alto Aragón en Común - PODEMOS-Aho,0,0,Ministerio del Interior / portal oficial de datos abiertos,PRIMARY_OFFICIAL
2015,2015-12-20,39 - Cantabria,PODEMOS/AHAL DUGU - PODEMOS-AHA,0,0,Ministerio del Interior / portal oficial de datos abiertos,PRIMARY_OFFICIAL
2015,2015-12-20,39 - Cantabria,POR UN MUNDO MÁS JUSTO - PUM+J,0,0,Ministerio del Interior / portal oficial de datos abiertos,PRIMARY_OFFICIAL
2015,2015-12-20,39 - Cantabria,RECORTES CERO-GRUPO VERDE - RECORTES CE,529,0,Ministerio del Interior / portal oficial de datos abiertos,PRIMARY_OFFICIAL
2015,2015-12-20,39 - Cantabria,SOLIDARIDAD Y AUTOGESTIÓN INTERNACIONALISTA - SAIn,173,0,Ministerio del Interior / portal oficial de datos abiertos,PRIMARY_OFFICIAL
2015,2015-12-20,39 - Cantabria,SOLUCIONA - SOLUCIONA,0,0,Ministerio del Interior / portal oficial de datos abiertos,PRIMARY_OFFICIAL
2015,2015-12-20,39 - Cantabria,SOM VALENCIANS - SOMVAL,0,0,Ministerio del Interior / portal oficial de datos abiertos,PRIMARY_OFFICIAL
2015,2015-12-20,39 - Cantabria,"UNIDAD POPULAR EN ARAGÓN: IZQUIERDA UNIDA, CHUNTA - IU-CHA-UPeC",0,0,Ministerio del Interior / portal oficial de datos abiertos,PRIMARY_OFFICIAL
2015,2015-12-20,39 - Cantabria,UNIDAD POPULAR- ORAIN BATERA:EZKER ANITZA-IZQUIERD - IU-UPeC,0,0,Ministerio del Interior / portal oficial de datos abiertos,PRIMARY_OFFICIAL
2015,2015-12-20,39 - Cantabria,UNIDAD POPULAR-IZQUIERDA UNIDA - UNIDAD POPU,0,0,Ministerio del Interior / portal oficial de datos abiertos,PRIMARY_OFFICIAL
2015,2015-12-20,39 - Cantabria,UNIDAD POPULAR-ORAIN BATERA:EZKER ANITZA-IZQUIERDA - IU-UPeC,0,0,Ministerio del Interior / portal oficial de datos abiertos,PRIMARY_OFFICIAL
2015,2015-12-20,39 - Cantabria,UNIDAD POPULAR-ORAIN BATERA:EZKER ANITZA-IZQUIERDA - IU-UpeC,0,0,Ministerio del Interior / portal oficial de datos abiertos,PRIMARY_OFFICIAL
2015,2015-12-20,39 - Cantabria,"UNIDAD POPULAR-ORAIN BATERA:IZQUIERDA UNIDA, BATZA - IU-B-UPeC",0,0,Ministerio del Interior / portal oficial de datos abiertos,PRIMARY_OFFICIAL
2015,2015-12-20,39 - Cantabria,"UNIDAD POPULAR: IZQUIERDA UNIDA CANARIA, UNIDAD PO - IUC-UPeC",0,0,Ministerio del Interior / portal oficial de datos abiertos,PRIMARY_OFFICIAL
2015,2015-12-20,39 - Cantabria,UNIDAD POPULAR: IZQUIERDA UNIDA LOS VERDES - CONVO - UP: IULV-CA,0,0,Ministerio del Interior / portal oficial de datos abiertos,PRIMARY_OFFICIAL
2015,2015-12-20,39 - Cantabria,"UNIDAD POPULAR: IZQUIERDA UNIDA LOS VERDES-CONVOCA - IULV-CA, UP",0,0,Ministerio del Interior / portal oficial de datos abiertos,PRIMARY_OFFICIAL
2015,2015-12-20,39 - Cantabria,"UNIDAD POPULAR: IZQUIERDA UNIDA LOS VERDES-CONVOCA - IULV-CA,UPe",0,0,Ministerio del Interior / portal oficial de datos abiertos,PRIMARY_OFFICIAL
2015,2015-12-20,39 - Cantabria,"UNIDAD POPULAR: IZQUIERDA UNIDA, UNIDAD POPULAR EN - IU-UPeC",15488,0,Ministerio del Interior / portal oficial de datos abiertos,PRIMARY_OFFICIAL
2015,2015-12-20,39 - Cantabria,"UNIDAD POPULAR: IZQUIERDA UNIDA, UNIDAD POPULAR EN - IU-UPeC-IAS",0,0,Ministerio del Interior / portal oficial de datos abiertos,PRIMARY_OFFICIAL
2015,2015-12-20,39 - Cantabria,"UNIDAD POPULAR: IZQUIERDA UNIDA, UNIDAD POPULAR EN - UP-UPeC",0,0,Ministerio del Interior / portal oficial de datos abiertos,PRIMARY_OFFICIAL
2015,2015-12-20,39 - Cantabria,"UNIDAD POPULAR: IZQUIERDA UNIDA, UNIDAD POPULAR EN - UPeC-IU-IZC",0,0,Ministerio del Interior / portal oficial de datos abiertos,PRIMARY_OFFICIAL
2015,2015-12-20,39 - Cantabria,UNIDAD POPULAR: IZQUIERDA UNIDA-UNIDAD POPULAR EN - IU-UPeC,0,0,Ministerio del Interior / portal oficial de datos abiertos,PRIMARY_OFFICIAL
2015,2015-12-20,39 - Cantabria,UNIDAD POPULAR: IZQUIERDA UNIDA. UNIDAD POPULAR EN - IU-UPeC,0,0,Ministerio del Interior / portal oficial de datos abiertos,PRIMARY_OFFICIAL
2015,2015-12-20,39 - Cantabria,"UNIDAD POPULAR: UNIDAD POPULAR EN COMÚN, IZQUIERDA - UPeC-IU",0,0,Ministerio del Interior / portal oficial de datos abiertos,PRIMARY_OFFICIAL
2015,2015-12-20,39 - Cantabria,"UNITAT POPULAR BALEARS: IZQUIERDA UNIDA, UNIDAD PO - UPB: IU-UPe",0,0,Ministerio del Interior / portal oficial de datos abiertos,PRIMARY_OFFICIAL
2015,2015-12-20,39 - Cantabria,"UNITAT POPULAR: ESQUERRA UNIDA DEL PAÍS VALENCIÀ, - EUPV-UPeC",0,0,Ministerio del Interior / portal oficial de datos abiertos,PRIMARY_OFFICIAL
2015,2015-12-20,39 - Cantabria,"UNITAT POPULAR:ESQUERRA UNIDA DEL PAÍS VALENCIÀ, U - EUPV-UPeC",0,0,Ministerio del Interior / portal oficial de datos abiertos,PRIMARY_OFFICIAL
2015,2015-12-20,39 - Cantabria,UNIÓ DEMOCRÀTICA DE CATALUNYA - Unio.Cat,0,0,Ministerio del Interior / portal oficial de datos abiertos,PRIMARY_OFFICIAL
2015,2015-12-20,39 - Cantabria,UNIÓ DEMOCRÀTICA DE CATALUNYA - unio.cat,0,0,Ministerio del Interior / portal oficial de datos abiertos,PRIMARY_OFFICIAL
2015,2015-12-20,39 - Cantabria,UNIÓN DEL PUEBLO NAVARRO EN COALICIÓN CON EL PARTI - UPN-PP,0,0,Ministerio del Interior / portal oficial de datos abiertos,PRIMARY_OFFICIAL
2015,2015-12-20,39 - Cantabria,UNIÓN PROGRESO Y DEMOCRACIA (UPYD) - UPYD,0,0,Ministerio del Interior / portal oficial de datos abiertos,PRIMARY_OFFICIAL
2015,2015-12-20,39 - Cantabria,UNIÓN PROGRESO Y DEMOCRACIA - UPYD,2875,0,Ministerio del Interior / portal oficial de datos abiertos,PRIMARY_OFFICIAL
2015,2015-12-20,39 - Cantabria,VOX - VOX,901,0,Ministerio del Interior / portal oficial de datos abiertos,PRIMARY_OFFICIAL
2015,2015-12-20,39 - Cantabria,X A ESQUERDA - X ESQ,0,0,Ministerio del Interior / portal oficial de datos abiertos,PRIMARY_OFFICIAL
2015,2015-12-20,39 - Cantabria,X LA IZQUIERDA-LOS VERDES - X LA IZQUIE,0,0,Ministerio del Interior / portal oficial de datos abiertos,PRIMARY_OFFICIAL
2015,2015-12-20,4 - Almería,"""EN COMÚ PODEM"" - EN COMÚ",0,0,Ministerio del Interior / portal oficial de datos abiertos,PRIMARY_OFFICIAL
2015,2015-12-20,4 - Almería,ANDALUCES DE JAÉN UNIDOS - AJU,0,0,Ministerio del Interior / portal oficial de datos abiertos,PRIMARY_OFFICIAL
2015,2015-12-20,4 - Almería,"ARA, PAÍS VALENCIÀ - ARA, PV",0,0,Ministerio del Interior / portal oficial de datos abiertos,PRIMARY_OFFICIAL
2015,2015-12-20,4 - Almería,"ARA, PAÍS VALENCIÀ - ARAPV",0,0,Ministerio del Interior / portal oficial de datos abiertos,PRIMARY_OFFICIAL
2015,2015-12-20,4 - Almería,AVANT VALENCIANS - AVANT,0,0,Ministerio del Interior / portal oficial de datos abiertos,PRIMARY_OFFICIAL
2015,2015-12-20,4 - Almería,BIDEZKO MUNDURANTZ/POR UN MUNDO MÁS JUSTO - PUM+J,0,0,Ministerio del Interior / portal oficial de datos abiertos,PRIMARY_OFFICIAL
2015,2015-12-20,4 - Almería,"CANARIAS DECIDE: LOS VERDES, UNIDAD DEL PUEBLO Y A - CANARIAS DE",0,0,Ministerio del Interior / portal oficial de datos abiertos,PRIMARY_OFFICIAL
2015,2015-12-20,4 - Almería,CIUDADANOS DE CENTRO DEMOCRÁTICO - CCD,0,0,Ministerio del Interior / portal oficial de datos abiertos,PRIMARY_OFFICIAL
2015,2015-12-20,4 - Almería,CIUDADANOS LIBRES UNIDOS - CILUS,0,0,Ministerio del Interior / portal oficial de datos abiertos,PRIMARY_OFFICIAL
2015,2015-12-20,4 - Almería,CIUDADANOS PARTIDO DE LA CIUDADANÍA - C's,0,0,Ministerio del Interior / portal oficial de datos abiertos,PRIMARY_OFFICIAL
2015,2015-12-20,4 - Almería,CIUDADANOS PARTIDO DE LA CIUDADANÍA - C´s,0,0,Ministerio del Interior / portal oficial de datos abiertos,PRIMARY_OFFICIAL
2015,2015-12-20,4 - Almería,CIUDADANOS RURALES AGRUPADOS - CRA,0,0,Ministerio del Interior / portal oficial de datos abiertos,PRIMARY_OFFICIAL
2015,2015-12-20,4 - Almería,"CIUDADANOS, PARTIDO DE LA CIUDADANÍA - C's",0,0,Ministerio del Interior / portal oficial de datos abiertos,PRIMARY_OFFICIAL
2015,2015-12-20,4 - Almería,"CIUDADANOS, PARTIDO DE LA CIUDADANÍA - C´s",0,0,Ministerio del Interior / portal oficial de datos abiertos,PRIMARY_OFFICIAL
2015,2015-12-20,4 - Almería,CIUDADANOS-PARTIDO DE LA CIUDADANÍA (C's) - C's,0,0,Ministerio del Interior / portal oficial de datos abiertos,PRIMARY_OFFICIAL
2015,2015-12-20,4 - Almería,CIUDADANOS-PARTIDO DE LA CIUDADANÍA - C's,0,0,Ministerio del Interior / portal oficial de datos abiertos,PRIMARY_OFFICIAL
2015,2015-12-20,4 - Almería,CIUDADANOS-PARTIDO DE LA CIUDADANÍA - C´s,44494,1,Ministerio del Interior / portal oficial de datos abiertos,PRIMARY_OFFICIAL
2015,2015-12-20,4 - Almería,CIUTADANS - PARTIDO DE LA CIUDADANÍA - C's,0,0,Ministerio del Interior / portal oficial de datos abiertos,PRIMARY_OFFICIAL
2015,2015-12-20,4 - Almería,CIUTADANS-PARTIDO DE LA CIUDADANÍA - C's,0,0,Ministerio del Interior / portal oficial de datos abiertos,PRIMARY_OFFICIAL
2015,2015-12-20,4 - Almería,COALICIÓN CANARIA - PARTIDO NACIONALISTA CANARIO - CCa-PNC,0,0,Ministerio del Interior / portal oficial de datos abiertos,PRIMARY_OFFICIAL
2015,2015-12-20,4 - Almería,COALICIÓN CANARIA-PARTIDO NACIONALISTA CANARIO - CCa-PNC,0,0,Ministerio del Interior / portal oficial de datos abiertos,PRIMARY_OFFICIAL
2015,2015-12-20,4 - Almería,COMPROMÍS-PODEMOS-ÉS EL MOMENT - PODEMOS - C,0,0,Ministerio del Interior / portal oficial de datos abiertos,PRIMARY_OFFICIAL
2015,2015-12-20,4 - Almería,COMPROMÍS-PODEMOS-ÉS EL MOMENT - PODEMOS-COM,0,0,Ministerio del Interior / portal oficial de datos abiertos,PRIMARY_OFFICIAL
2015,2015-12-20,4 - Almería,COMUNISTAS DA GALIZA - PCPE,0,0,Ministerio del Interior / portal oficial de datos abiertos,PRIMARY_OFFICIAL
2015,2015-12-20,4 - Almería,COMUNISTAS DA GALIZA-PCPE - PCPE,0,0,Ministerio del Interior / portal oficial de datos abiertos,PRIMARY_OFFICIAL
2015,2015-12-20,4 - Almería,DEMOCRACIA NACIONAL - DN,164,0,Ministerio del Interior / portal oficial de datos abiertos,PRIMARY_OFFICIAL
2015,2015-12-20,4 - Almería,DEMOCRÀCIA I LLIBERTAT. CONVERGÈNCIA. DEMÒCRATES. - DL,0,0,Ministerio del Interior / portal oficial de datos abiertos,PRIMARY_OFFICIAL
2015,2015-12-20,4 - Almería,EL PI - PROPOSTA PER LES ILLES - EL PI,0,0,Ministerio del Interior / portal oficial de datos abiertos,PRIMARY_OFFICIAL
2015,2015-12-20,4 - Almería,EN COMÚ PODEM - EN COMÚ,0,0,Ministerio del Interior / portal oficial de datos abiertos,PRIMARY_OFFICIAL
2015,2015-12-20,4 - Almería,EN MAREA - PODEMOS-EN,0,0,Ministerio del Interior / portal oficial de datos abiertos,PRIMARY_OFFICIAL
2015,2015-12-20,4 - Almería,EN MAREA - PODEMOS-En,0,0,Ministerio del Interior / portal oficial de datos abiertos,PRIMARY_OFFICIAL
2015,2015-12-20,4 - Almería,EN POSITIU - EN POSITIU,0,0,Ministerio del Interior / portal oficial de datos abiertos,PRIMARY_OFFICIAL
2015,2015-12-20,4 - Almería,ESCAÑOS EN BLANCO - AULKI ZURIAK - EB - AZ,0,0,Ministerio del Interior / portal oficial de datos abiertos,PRIMARY_OFFICIAL
2015,2015-12-20,4 - Almería,ESCAÑOS EN BLANCO - EB,0,0,Ministerio del Interior / portal oficial de datos abiertos,PRIMARY_OFFICIAL
2015,2015-12-20,4 - Almería,ESCAÑOS EN BLANCO-AULKI ZURIAK - EB-AZ,0,0,Ministerio del Interior / portal oficial de datos abiertos,PRIMARY_OFFICIAL
2015,2015-12-20,4 - Almería,ESCONS EN BLANC/ESCAÑOS EN BLANCO - EB,0,0,Ministerio del Interior / portal oficial de datos abiertos,PRIMARY_OFFICIAL
2015,2015-12-20,4 - Almería,ESQUERRA REPUBLICANA DE CATALUNYA-CATALUNYA SÍ - ERC-CATSI,0,0,Ministerio del Interior / portal oficial de datos abiertos,PRIMARY_OFFICIAL
2015,2015-12-20,4 - Almería,ESQUERRA REPUBLICANA DE CATALUNYA-CATALUNYA SÍ - ERC-CATSÍ,0,0,Ministerio del Interior / portal oficial de datos abiertos,PRIMARY_OFFICIAL
2015,2015-12-20,4 - Almería,EUSKAL HERRIA BILDU (EH Bildu) - EH Bildu,0,0,Ministerio del Interior / portal oficial de datos abiertos,PRIMARY_OFFICIAL
2015,2015-12-20,4 - Almería,EUSKAL HERRIA BILDU - EH Bildu,0,0,Ministerio del Interior / portal oficial de datos abiertos,PRIMARY_OFFICIAL
2015,2015-12-20,4 - Almería,EUZKO ALDERDI JELTZALEA-PARTIDO NACIONALISTA VASCO - EAJ-PNV,0,0,Ministerio del Interior / portal oficial de datos abiertos,PRIMARY_OFFICIAL
2015,2015-12-20,4 - Almería,EXTREMADURA UNIDA-EXTREMEÑOS - EU-eX,0,0,Ministerio del Interior / portal oficial de datos abiertos,PRIMARY_OFFICIAL
2015,2015-12-20,4 - Almería,EZKERRA-X LA IZQUIERDA - EZKERRA,0,0,Ministerio del Interior / portal oficial de datos abiertos,PRIMARY_OFFICIAL
2015,2015-12-20,4 - Almería,FALANGE ESPAÑOLA DE LAS JONS - FE de las J,343,0,Ministerio del Interior / portal oficial de datos abiertos,PRIMARY_OFFICIAL
2015,2015-12-20,4 - Almería,FORO DEMÓCRATA - FDEE,0,0,Ministerio del Interior / portal oficial de datos abiertos,PRIMARY_OFFICIAL
2015,2015-12-20,4 - Almería,GEROA BAI - GBAI,0,0,Ministerio del Interior / portal oficial de datos abiertos,PRIMARY_OFFICIAL
2015,2015-12-20,4 - Almería,INDEPENDIENTES POR ARAGÓN - Independien,0,0,Ministerio del Interior / portal oficial de datos abiertos,PRIMARY_OFFICIAL
2015,2015-12-20,4 - Almería,INICIATIVA FEMINISTA - IFem,0,0,Ministerio del Interior / portal oficial de datos abiertos,PRIMARY_OFFICIAL
2015,2015-12-20,4 - Almería,"JUSTIZIA SOCIAL, PARTICIPACIÓN CIUDADANA - JS,PC",0,0,Ministerio del Interior / portal oficial de datos abiertos,PRIMARY_OFFICIAL
2015,2015-12-20,4 - Almería,"LIBERTAD NAVARRA, LIBERTATE NAFARRA (Ln) - Ln",0,0,Ministerio del Interior / portal oficial de datos abiertos,PRIMARY_OFFICIAL
2015,2015-12-20,4 - Almería,"LIBERTAD NAVARRA, LIBERTATE NAFARRA - Ln",0,0,Ministerio del Interior / portal oficial de datos abiertos,PRIMARY_OFFICIAL
2015,2015-12-20,4 - Almería,LIBERTAD NAVARRA-LIBERTATE NAFARRA - Ln,0,0,Ministerio del Interior / portal oficial de datos abiertos,PRIMARY_OFFICIAL
2015,2015-12-20,4 - Almería,LOS VERDES-ECOPACIFISTAS - CENTRO MODE,0,0,Ministerio del Interior / portal oficial de datos abiertos,PRIMARY_OFFICIAL
2015,2015-12-20,4 - Almería,MUERTE AL SISTEMA - +MAS+,0,0,Ministerio del Interior / portal oficial de datos abiertos,PRIMARY_OFFICIAL
2015,2015-12-20,4 - Almería,MÁLAGA POR SÍ - mlgXSÍ,0,0,Ministerio del Interior / portal oficial de datos abiertos,PRIMARY_OFFICIAL
2015,2015-12-20,4 - Almería,MÉS - MÉS,0,0,Ministerio del Interior / portal oficial de datos abiertos,PRIMARY_OFFICIAL
2015,2015-12-20,4 - Almería,NÓS-CANDIDATURA GALEGA (BNG-CG-FOGA-PCPG-PG) - NÓS,0,0,Ministerio del Interior / portal oficial de datos abiertos,PRIMARY_OFFICIAL
2015,2015-12-20,4 - Almería,ONGI ETORRI - OE,0,0,Ministerio del Interior / portal oficial de datos abiertos,PRIMARY_OFFICIAL
2015,2015-12-20,4 - Almería,PARTIDO ANIMALISTA CONTRA EL MALTRATO ANIMAL (PACM - PACMA,0,0,Ministerio del Interior / portal oficial de datos abiertos,PRIMARY_OFFICIAL
2015,2015-12-20,4 - Almería,PARTIDO ANIMALISTA CONTRA EL MALTRATO ANIMAL - PACMA,2126,0,Ministerio del Interior / portal oficial de datos abiertos,PRIMARY_OFFICIAL
2015,2015-12-20,4 - Almería,PARTIDO ANIMALISTA CONTRA O MALTRATO ANIMAL - PACMA,0,0,Ministerio del Interior / portal oficial de datos abiertos,PRIMARY_OFFICIAL
2015,2015-12-20,4 - Almería,PARTIDO ANIMALISTA-CONTRA EL MALTRATO ANIMAL - PACMA,0,0,Ministerio del Interior / portal oficial de datos abiertos,PRIMARY_OFFICIAL
2015,2015-12-20,4 - Almería,PARTIDO COMUNISTA DE LOS PUEBLOS DE ESPAÑA - PCPE,318,0,Ministerio del Interior / portal oficial de datos abiertos,PRIMARY_OFFICIAL
2015,2015-12-20,4 - Almería,PARTIDO COMUNISTA DEL PUEBLO CANARIO - PCPC,0,0,Ministerio del Interior / portal oficial de datos abiertos,PRIMARY_OFFICIAL
2015,2015-12-20,4 - Almería,PARTIDO COMUNISTA OBRERO ESPAÑOL - PCOE,0,0,Ministerio del Interior / portal oficial de datos abiertos,PRIMARY_OFFICIAL
2015,2015-12-20,4 - Almería,PARTIDO DA TERRA - PT,0,0,Ministerio del Interior / portal oficial de datos abiertos,PRIMARY_OFFICIAL
2015,2015-12-20,4 - Almería,PARTIDO DOS SOCIALISTAS DE GALICIA-PSOE - PSdeG-PSOE,0,0,Ministerio del Interior / portal oficial de datos abiertos,PRIMARY_OFFICIAL
2015,2015-12-20,4 - Almería,PARTIDO FAMILIA Y VIDA - PFyV,0,0,Ministerio del Interior / portal oficial de datos abiertos,PRIMARY_OFFICIAL
2015,2015-12-20,4 - Almería,PARTIDO HUMANISTA - PH,0,0,Ministerio del Interior / portal oficial de datos abiertos,PRIMARY_OFFICIAL
2015,2015-12-20,4 - Almería,PARTIDO LIBERAL DE DERECHAS - PLD,0,0,Ministerio del Interior / portal oficial de datos abiertos,PRIMARY_OFFICIAL
2015,2015-12-20,4 - Almería,PARTIDO LIBERTARIO - P-LIB,0,0,Ministerio del Interior / portal oficial de datos abiertos,PRIMARY_OFFICIAL
2015,2015-12-20,4 - Almería,PARTIDO POPULAR (PP) - PP,0,0,Ministerio del Interior / portal oficial de datos abiertos,PRIMARY_OFFICIAL
2015,2015-12-20,4 - Almería,PARTIDO POPULAR - PP,117635,2,Ministerio del Interior / portal oficial de datos abiertos,PRIMARY_OFFICIAL
2015,2015-12-20,4 - Almería,PARTIDO POPULAR EN COALICIÓN CON EL PARTIDO ARAGON - PP-PAR,0,0,Ministerio del Interior / portal oficial de datos abiertos,PRIMARY_OFFICIAL
2015,2015-12-20,4 - Almería,PARTIDO POPULAR-FORO - PP-FORO,0,0,Ministerio del Interior / portal oficial de datos abiertos,PRIMARY_OFFICIAL
2015,2015-12-20,4 - Almería,PARTIDO POPULAR/PARTIT POPULAR - PP,0,0,Ministerio del Interior / portal oficial de datos abiertos,PRIMARY_OFFICIAL
2015,2015-12-20,4 - Almería,PARTIDO REGIONALISTA DEL PAÍS LEONÉS - PREPAL,0,0,Ministerio del Interior / portal oficial de datos abiertos,PRIMARY_OFFICIAL
2015,2015-12-20,4 - Almería,PARTIDO SOCIALISTA DE EUSKADI-EUSKADIKO EZKERRA (P - PSE-EE,0,0,Ministerio del Interior / portal oficial de datos abiertos,PRIMARY_OFFICIAL
2015,2015-12-20,4 - Almería,PARTIDO SOCIALISTA DE EUSKADI-EUSKADIKO EZKERRA (P - PSE-EE (PSO,0,0,Ministerio del Interior / portal oficial de datos abiertos,PRIMARY_OFFICIAL
2015,2015-12-20,4 - Almería,PARTIDO SOCIALISTA OBRERO ESPAÑOL - PSOE,89434,2,Ministerio del Interior / portal oficial de datos abiertos,PRIMARY_OFFICIAL
2015,2015-12-20,4 - Almería,PARTIDO SOCIALISTA OBRERO ESPAÑOL-NUEVA CANARIAS - PSOE-NCa,0,0,Ministerio del Interior / portal oficial de datos abiertos,PRIMARY_OFFICIAL
2015,2015-12-20,4 - Almería,PARTIT ANIMALISTA CONTRA EL MALTRACTAMENT ANIMAL - PACMA,0,0,Ministerio del Interior / portal oficial de datos abiertos,PRIMARY_OFFICIAL
2015,2015-12-20,4 - Almería,PARTIT COMUNISTA DEL POBLE DE CATALUNYA - PCPC,0,0,Ministerio del Interior / portal oficial de datos abiertos,PRIMARY_OFFICIAL
2015,2015-12-20,4 - Almería,PARTIT COMUNISTA DELS POBLES D’ESPANYA - PCPE,0,0,Ministerio del Interior / portal oficial de datos abiertos,PRIMARY_OFFICIAL
2015,2015-12-20,4 - Almería,PARTIT DELS SOCIALISTES DE CATALUNYA (PSC-PSOE) - PSC,0,0,Ministerio del Interior / portal oficial de datos abiertos,PRIMARY_OFFICIAL
2015,2015-12-20,4 - Almería,PARTIT DELS SOCIALISTES DE CATALUNYA - PSC-PSOE,0,0,Ministerio del Interior / portal oficial de datos abiertos,PRIMARY_OFFICIAL
2015,2015-12-20,4 - Almería,PODEMOS - PODEMOS,39780,1,Ministerio del Interior / portal oficial de datos abiertos,PRIMARY_OFFICIAL
2015,2015-12-20,4 - Almería,PODEMOS-AHAL DUGU - PODEMOS-AHA,0,0,Ministerio del Interior / portal oficial de datos abiertos,PRIMARY_OFFICIAL
2015,2015-12-20,4 - Almería,PODEMOS-Ahora Alto Aragón en Común - PODEMOS-Aho,0,0,Ministerio del Interior / portal oficial de datos abiertos,PRIMARY_OFFICIAL
2015,2015-12-20,4 - Almería,PODEMOS/AHAL DUGU - PODEMOS-AHA,0,0,Ministerio del Interior / portal oficial de datos abiertos,PRIMARY_OFFICIAL
2015,2015-12-20,4 - Almería,POR UN MUNDO MÁS JUSTO - PUM+J,176,0,Ministerio del Interior / portal oficial de datos abiertos,PRIMARY_OFFICIAL
2015,2015-12-20,4 - Almería,RECORTES CERO-GRUPO VERDE - RECORTES CE,297,0,Ministerio del Interior / portal oficial de datos abiertos,PRIMARY_OFFICIAL
2015,2015-12-20,4 - Almería,SOLIDARIDAD Y AUTOGESTIÓN INTERNACIONALISTA - SAIn,0,0,Ministerio del Interior / portal oficial de datos abiertos,PRIMARY_OFFICIAL
2015,2015-12-20,4 - Almería,SOLUCIONA - SOLUCIONA,0,0,Ministerio del Interior / portal oficial de datos abiertos,PRIMARY_OFFICIAL
2015,2015-12-20,4 - Almería,SOM VALENCIANS - SOMVAL,0,0,Ministerio del Interior / portal oficial de datos abiertos,PRIMARY_OFFICIAL
2015,2015-12-20,4 - Almería,"UNIDAD POPULAR EN ARAGÓN: IZQUIERDA UNIDA, CHUNTA - IU-CHA-UPeC",0,0,Ministerio del Interior / portal oficial de datos abiertos,PRIMARY_OFFICIAL
2015,2015-12-20,4 - Almería,UNIDAD POPULAR- ORAIN BATERA:EZKER ANITZA-IZQUIERD - IU-UPeC,0,0,Ministerio del Interior / portal oficial de datos abiertos,PRIMARY_OFFICIAL
2015,2015-12-20,4 - Almería,UNIDAD POPULAR-IZQUIERDA UNIDA - UNIDAD POPU,0,0,Ministerio del Interior / portal oficial de datos abiertos,PRIMARY_OFFICIAL
2015,2015-12-20,4 - Almería,UNIDAD POPULAR-ORAIN BATERA:EZKER ANITZA-IZQUIERDA - IU-UPeC,0,0,Ministerio del Interior / portal oficial de datos abiertos,PRIMARY_OFFICIAL
2015,2015-12-20,4 - Almería,UNIDAD POPULAR-ORAIN BATERA:EZKER ANITZA-IZQUIERDA - IU-UpeC,0,0,Ministerio del Interior / portal oficial de datos abiertos,PRIMARY_OFFICIAL
2015,2015-12-20,4 - Almería,"UNIDAD POPULAR-ORAIN BATERA:IZQUIERDA UNIDA, BATZA - IU-B-UPeC",0,0,Ministerio del Interior / portal oficial de datos abiertos,PRIMARY_OFFICIAL
2015,2015-12-20,4 - Almería,"UNIDAD POPULAR: IZQUIERDA UNIDA CANARIA, UNIDAD PO - IUC-UPeC",0,0,Ministerio del Interior / portal oficial de datos abiertos,PRIMARY_OFFICIAL
2015,2015-12-20,4 - Almería,UNIDAD POPULAR: IZQUIERDA UNIDA LOS VERDES - CONVO - UP: IULV-CA,0,0,Ministerio del Interior / portal oficial de datos abiertos,PRIMARY_OFFICIAL
2015,2015-12-20,4 - Almería,"UNIDAD POPULAR: IZQUIERDA UNIDA LOS VERDES-CONVOCA - IULV-CA, UP",0,0,Ministerio del Interior / portal oficial de datos abiertos,PRIMARY_OFFICIAL
2015,2015-12-20,4 - Almería,"UNIDAD POPULAR: IZQUIERDA UNIDA LOS VERDES-CONVOCA - IULV-CA,UPe",10828,0,Ministerio del Interior / portal oficial de datos abiertos,PRIMARY_OFFICIAL
2015,2015-12-20,4 - Almería,"UNIDAD POPULAR: IZQUIERDA UNIDA, UNIDAD POPULAR EN - IU-UPeC",0,0,Ministerio del Interior / portal oficial de datos abiertos,PRIMARY_OFFICIAL
2015,2015-12-20,4 - Almería,"UNIDAD POPULAR: IZQUIERDA UNIDA, UNIDAD POPULAR EN - IU-UPeC-IAS",0,0,Ministerio del Interior / portal oficial de datos abiertos,PRIMARY_OFFICIAL
2015,2015-12-20,4 - Almería,"UNIDAD POPULAR: IZQUIERDA UNIDA, UNIDAD POPULAR EN - UP-UPeC",0,0,Ministerio del Interior / portal oficial de datos abiertos,PRIMARY_OFFICIAL
2015,2015-12-20,4 - Almería,"UNIDAD POPULAR: IZQUIERDA UNIDA, UNIDAD POPULAR EN - UPeC-IU-IZC",0,0,Ministerio del Interior / portal oficial de datos abiertos,PRIMARY_OFFICIAL
2015,2015-12-20,4 - Almería,UNIDAD POPULAR: IZQUIERDA UNIDA-UNIDAD POPULAR EN - IU-UPeC,0,0,Ministerio del Interior / portal oficial de datos abiertos,PRIMARY_OFFICIAL
2015,2015-12-20,4 - Almería,UNIDAD POPULAR: IZQUIERDA UNIDA. UNIDAD POPULAR EN - IU-UPeC,0,0,Ministerio del Interior / portal oficial de datos abiertos,PRIMARY_OFFICIAL
2015,2015-12-20,4 - Almería,"UNIDAD POPULAR: UNIDAD POPULAR EN COMÚN, IZQUIERDA - UPeC-IU",0,0,Ministerio del Interior / portal oficial de datos abiertos,PRIMARY_OFFICIAL
2015,2015-12-20,4 - Almería,"UNITAT POPULAR BALEARS: IZQUIERDA UNIDA, UNIDAD PO - UPB: IU-UPe",0,0,Ministerio del Interior / portal oficial de datos abiertos,PRIMARY_OFFICIAL
2015,2015-12-20,4 - Almería,"UNITAT POPULAR: ESQUERRA UNIDA DEL PAÍS VALENCIÀ, - EUPV-UPeC",0,0,Ministerio del Interior / portal oficial de datos abiertos,PRIMARY_OFFICIAL
2015,2015-12-20,4 - Almería,"UNITAT POPULAR:ESQUERRA UNIDA DEL PAÍS VALENCIÀ, U - EUPV-UPeC",0,0,Ministerio del Interior / portal oficial de datos abiertos,PRIMARY_OFFICIAL
2015,2015-12-20,4 - Almería,UNIÓ DEMOCRÀTICA DE CATALUNYA - Unio.Cat,0,0,Ministerio del Interior / portal oficial de datos abiertos,PRIMARY_OFFICIAL
2015,2015-12-20,4 - Almería,UNIÓ DEMOCRÀTICA DE CATALUNYA - unio.cat,0,0,Ministerio del Interior / portal oficial de datos abiertos,PRIMARY_OFFICIAL
2015,2015-12-20,4 - Almería,UNIÓN DEL PUEBLO NAVARRO EN COALICIÓN CON EL PARTI - UPN-PP,0,0,Ministerio del Interior / portal oficial de datos abiertos,PRIMARY_OFFICIAL
2015,2015-12-20,4 - Almería,UNIÓN PROGRESO Y DEMOCRACIA (UPYD) - UPYD,0,0,Ministerio del Interior / portal oficial de datos abiertos,PRIMARY_OFFICIAL
2015,2015-12-20,4 - Almería,UNIÓN PROGRESO Y DEMOCRACIA - UPYD,1532,0,Ministerio del Interior / portal oficial de datos abiertos,PRIMARY_OFFICIAL
2015,2015-12-20,4 - Almería,VOX - VOX,558,0,Ministerio del Interior / portal oficial de datos abiertos,PRIMARY_OFFICIAL
2015,2015-12-20,4 - Almería,X A ESQUERDA - X ESQ,0,0,Ministerio del Interior / portal oficial de datos abiertos,PRIMARY_OFFICIAL
2015,2015-12-20,4 - Almería,X LA IZQUIERDA-LOS VERDES - X LA IZQUIE,0,0,Ministerio del Interior / portal oficial de datos abiertos,PRIMARY_OFFICIAL
2015,2015-12-20,40 - Segovia,"""EN COMÚ PODEM"" - EN COMÚ",0,0,Ministerio del Interior / portal oficial de datos abiertos,PRIMARY_OFFICIAL
2015,2015-12-20,40 - Segovia,ANDALUCES DE JAÉN UNIDOS - AJU,0,0,Ministerio del Interior / portal oficial de datos abiertos,PRIMARY_OFFICIAL
2015,2015-12-20,40 - Segovia,"ARA, PAÍS VALENCIÀ - ARA, PV",0,0,Ministerio del Interior / portal oficial de datos abiertos,PRIMARY_OFFICIAL
2015,2015-12-20,40 - Segovia,"ARA, PAÍS VALENCIÀ - ARAPV",0,0,Ministerio del Interior / portal oficial de datos abiertos,PRIMARY_OFFICIAL
2015,2015-12-20,40 - Segovia,AVANT VALENCIANS - AVANT,0,0,Ministerio del Interior / portal oficial de datos abiertos,PRIMARY_OFFICIAL
2015,2015-12-20,40 - Segovia,BIDEZKO MUNDURANTZ/POR UN MUNDO MÁS JUSTO - PUM+J,0,0,Ministerio del Interior / portal oficial de datos abiertos,PRIMARY_OFFICIAL
2015,2015-12-20,40 - Segovia,"CANARIAS DECIDE: LOS VERDES, UNIDAD DEL PUEBLO Y A - CANARIAS DE",0,0,Ministerio del Interior / portal oficial de datos abiertos,PRIMARY_OFFICIAL
2015,2015-12-20,40 - Segovia,CIUDADANOS DE CENTRO DEMOCRÁTICO - CCD,0,0,Ministerio del Interior / portal oficial de datos abiertos,PRIMARY_OFFICIAL
2015,2015-12-20,40 - Segovia,CIUDADANOS LIBRES UNIDOS - CILUS,0,0,Ministerio del Interior / portal oficial de datos abiertos,PRIMARY_OFFICIAL
2015,2015-12-20,40 - Segovia,CIUDADANOS PARTIDO DE LA CIUDADANÍA - C's,0,0,Ministerio del Interior / portal oficial de datos abiertos,PRIMARY_OFFICIAL
2015,2015-12-20,40 - Segovia,CIUDADANOS PARTIDO DE LA CIUDADANÍA - C´s,0,0,Ministerio del Interior / portal oficial de datos abiertos,PRIMARY_OFFICIAL
2015,2015-12-20,40 - Segovia,CIUDADANOS RURALES AGRUPADOS - CRA,0,0,Ministerio del Interior / portal oficial de datos abiertos,PRIMARY_OFFICIAL
2015,2015-12-20,40 - Segovia,"CIUDADANOS, PARTIDO DE LA CIUDADANÍA - C's",0,0,Ministerio del Interior / portal oficial de datos abiertos,PRIMARY_OFFICIAL
2015,2015-12-20,40 - Segovia,"CIUDADANOS, PARTIDO DE LA CIUDADANÍA - C´s",0,0,Ministerio del Interior / portal oficial de datos abiertos,PRIMARY_OFFICIAL
2015,2015-12-20,40 - Segovia,CIUDADANOS-PARTIDO DE LA CIUDADANÍA (C's) - C's,0,0,Ministerio del Interior / portal oficial de datos abiertos,PRIMARY_OFFICIAL
2015,2015-12-20,40 - Segovia,CIUDADANOS-PARTIDO DE LA CIUDADANÍA - C's,15665,0,Ministerio del Interior / portal oficial de datos abiertos,PRIMARY_OFFICIAL
2015,2015-12-20,40 - Segovia,CIUDADANOS-PARTIDO DE LA CIUDADANÍA - C´s,0,0,Ministerio del Interior / portal oficial de datos abiertos,PRIMARY_OFFICIAL
2015,2015-12-20,40 - Segovia,CIUTADANS - PARTIDO DE LA CIUDADANÍA - C's,0,0,Ministerio del Interior / portal oficial de datos abiertos,PRIMARY_OFFICIAL
2015,2015-12-20,40 - Segovia,CIUTADANS-PARTIDO DE LA CIUDADANÍA - C's,0,0,Ministerio del Interior / portal oficial de datos abiertos,PRIMARY_OFFICIAL
2015,2015-12-20,40 - Segovia,COALICIÓN CANARIA - PARTIDO NACIONALISTA CANARIO - CCa-PNC,0,0,Ministerio del Interior / portal oficial de datos abiertos,PRIMARY_OFFICIAL
2015,2015-12-20,40 - Segovia,COALICIÓN CANARIA-PARTIDO NACIONALISTA CANARIO - CCa-PNC,0,0,Ministerio del Interior / portal oficial de datos abiertos,PRIMARY_OFFICIAL
2015,2015-12-20,40 - Segovia,COMPROMÍS-PODEMOS-ÉS EL MOMENT - PODEMOS - C,0,0,Ministerio del Interior / portal oficial de datos abiertos,PRIMARY_OFFICIAL
2015,2015-12-20,40 - Segovia,COMPROMÍS-PODEMOS-ÉS EL MOMENT - PODEMOS-COM,0,0,Ministerio del Interior / portal oficial de datos abiertos,PRIMARY_OFFICIAL
2015,2015-12-20,40 - Segovia,COMUNISTAS DA GALIZA - PCPE,0,0,Ministerio del Interior / portal oficial de datos abiertos,PRIMARY_OFFICIAL
2015,2015-12-20,40 - Segovia,COMUNISTAS DA GALIZA-PCPE - PCPE,0,0,Ministerio del Interior / portal oficial de datos abiertos,PRIMARY_OFFICIAL
2015,2015-12-20,40 - Segovia,DEMOCRACIA NACIONAL - DN,0,0,Ministerio del Interior / portal oficial de datos abiertos,PRIMARY_OFFICIAL
2015,2015-12-20,40 - Segovia,DEMOCRÀCIA I LLIBERTAT. CONVERGÈNCIA. DEMÒCRATES. - DL,0,0,Ministerio del Interior / portal oficial de datos abiertos,PRIMARY_OFFICIAL
2015,2015-12-20,40 - Segovia,EL PI - PROPOSTA PER LES ILLES - EL PI,0,0,Ministerio del Interior / portal oficial de datos abiertos,PRIMARY_OFFICIAL
2015,2015-12-20,40 - Segovia,EN COMÚ PODEM - EN COMÚ,0,0,Ministerio del Interior / portal oficial de datos abiertos,PRIMARY_OFFICIAL
2015,2015-12-20,40 - Segovia,EN MAREA - PODEMOS-EN,0,0,Ministerio del Interior / portal oficial de datos abiertos,PRIMARY_OFFICIAL
2015,2015-12-20,40 - Segovia,EN MAREA - PODEMOS-En,0,0,Ministerio del Interior / portal oficial de datos abiertos,PRIMARY_OFFICIAL
2015,2015-12-20,40 - Segovia,EN POSITIU - EN POSITIU,0,0,Ministerio del Interior / portal oficial de datos abiertos,PRIMARY_OFFICIAL
2015,2015-12-20,40 - Segovia,ESCAÑOS EN BLANCO - AULKI ZURIAK - EB - AZ,0,0,Ministerio del Interior / portal oficial de datos abiertos,PRIMARY_OFFICIAL
2015,2015-12-20,40 - Segovia,ESCAÑOS EN BLANCO - EB,0,0,Ministerio del Interior / portal oficial de datos abiertos,PRIMARY_OFFICIAL
2015,2015-12-20,40 - Segovia,ESCAÑOS EN BLANCO-AULKI ZURIAK - EB-AZ,0,0,Ministerio del Interior / portal oficial de datos abiertos,PRIMARY_OFFICIAL
2015,2015-12-20,40 - Segovia,ESCONS EN BLANC/ESCAÑOS EN BLANCO - EB,0,0,Ministerio del Interior / portal oficial de datos abiertos,PRIMARY_OFFICIAL
2015,2015-12-20,40 - Segovia,ESQUERRA REPUBLICANA DE CATALUNYA-CATALUNYA SÍ - ERC-CATSI,0,0,Ministerio del Interior / portal oficial de datos abiertos,PRIMARY_OFFICIAL
2015,2015-12-20,40 - Segovia,ESQUERRA REPUBLICANA DE CATALUNYA-CATALUNYA SÍ - ERC-CATSÍ,0,0,Ministerio del Interior / portal oficial de datos abiertos,PRIMARY_OFFICIAL
2015,2015-12-20,40 - Segovia,EUSKAL HERRIA BILDU (EH Bildu) - EH Bildu,0,0,Ministerio del Interior / portal oficial de datos abiertos,PRIMARY_OFFICIAL
2015,2015-12-20,40 - Segovia,EUSKAL HERRIA BILDU - EH Bildu,0,0,Ministerio del Interior / portal oficial de datos abiertos,PRIMARY_OFFICIAL
2015,2015-12-20,40 - Segovia,EUZKO ALDERDI JELTZALEA-PARTIDO NACIONALISTA VASCO - EAJ-PNV,0,0,Ministerio del Interior / portal oficial de datos abiertos,PRIMARY_OFFICIAL
2015,2015-12-20,40 - Segovia,EXTREMADURA UNIDA-EXTREMEÑOS - EU-eX,0,0,Ministerio del Interior / portal oficial de datos abiertos,PRIMARY_OFFICIAL
2015,2015-12-20,40 - Segovia,EZKERRA-X LA IZQUIERDA - EZKERRA,0,0,Ministerio del Interior / portal oficial de datos abiertos,PRIMARY_OFFICIAL
2015,2015-12-20,40 - Segovia,FALANGE ESPAÑOLA DE LAS JONS - FE de las J,223,0,Ministerio del Interior / portal oficial de datos abiertos,PRIMARY_OFFICIAL
2015,2015-12-20,40 - Segovia,FORO DEMÓCRATA - FDEE,0,0,Ministerio del Interior / portal oficial de datos abiertos,PRIMARY_OFFICIAL
2015,2015-12-20,40 - Segovia,GEROA BAI - GBAI,0,0,Ministerio del Interior / portal oficial de datos abiertos,PRIMARY_OFFICIAL
2015,2015-12-20,40 - Segovia,INDEPENDIENTES POR ARAGÓN - Independien,0,0,Ministerio del Interior / portal oficial de datos abiertos,PRIMARY_OFFICIAL
2015,2015-12-20,40 - Segovia,INICIATIVA FEMINISTA - IFem,0,0,Ministerio del Interior / portal oficial de datos abiertos,PRIMARY_OFFICIAL
2015,2015-12-20,40 - Segovia,"JUSTIZIA SOCIAL, PARTICIPACIÓN CIUDADANA - JS,PC",0,0,Ministerio del Interior / portal oficial de datos abiertos,PRIMARY_OFFICIAL
2015,2015-12-20,40 - Segovia,"LIBERTAD NAVARRA, LIBERTATE NAFARRA (Ln) - Ln",0,0,Ministerio del Interior / portal oficial de datos abiertos,PRIMARY_OFFICIAL
2015,2015-12-20,40 - Segovia,"LIBERTAD NAVARRA, LIBERTATE NAFARRA - Ln",0,0,Ministerio del Interior / portal oficial de datos abiertos,PRIMARY_OFFICIAL
2015,2015-12-20,40 - Segovia,LIBERTAD NAVARRA-LIBERTATE NAFARRA - Ln,0,0,Ministerio del Interior / portal oficial de datos abiertos,PRIMARY_OFFICIAL
2015,2015-12-20,40 - Segovia,LOS VERDES-ECOPACIFISTAS - CENTRO MODE,0,0,Ministerio del Interior / portal oficial de datos abiertos,PRIMARY_OFFICIAL
2015,2015-12-20,40 - Segovia,MUERTE AL SISTEMA - +MAS+,0,0,Ministerio del Interior / portal oficial de datos abiertos,PRIMARY_OFFICIAL
2015,2015-12-20,40 - Segovia,MÁLAGA POR SÍ - mlgXSÍ,0,0,Ministerio del Interior / portal oficial de datos abiertos,PRIMARY_OFFICIAL
2015,2015-12-20,40 - Segovia,MÉS - MÉS,0,0,Ministerio del Interior / portal oficial de datos abiertos,PRIMARY_OFFICIAL
2015,2015-12-20,40 - Segovia,NÓS-CANDIDATURA GALEGA (BNG-CG-FOGA-PCPG-PG) - NÓS,0,0,Ministerio del Interior / portal oficial de datos abiertos,PRIMARY_OFFICIAL
2015,2015-12-20,40 - Segovia,ONGI ETORRI - OE,0,0,Ministerio del Interior / portal oficial de datos abiertos,PRIMARY_OFFICIAL
2015,2015-12-20,40 - Segovia,PARTIDO ANIMALISTA CONTRA EL MALTRATO ANIMAL (PACM - PACMA,0,0,Ministerio del Interior / portal oficial de datos abiertos,PRIMARY_OFFICIAL
2015,2015-12-20,40 - Segovia,PARTIDO ANIMALISTA CONTRA EL MALTRATO ANIMAL - PACMA,517,0,Ministerio del Interior / portal oficial de datos abiertos,PRIMARY_OFFICIAL
2015,2015-12-20,40 - Segovia,PARTIDO ANIMALISTA CONTRA O MALTRATO ANIMAL - PACMA,0,0,Ministerio del Interior / portal oficial de datos abiertos,PRIMARY_OFFICIAL
2015,2015-12-20,40 - Segovia,PARTIDO ANIMALISTA-CONTRA EL MALTRATO ANIMAL - PACMA,0,0,Ministerio del Interior / portal oficial de datos abiertos,PRIMARY_OFFICIAL
2015,2015-12-20,40 - Segovia,PARTIDO COMUNISTA DE LOS PUEBLOS DE ESPAÑA - PCPE,190,0,Ministerio del Interior / portal oficial de datos abiertos,PRIMARY_OFFICIAL
2015,2015-12-20,40 - Segovia,PARTIDO COMUNISTA DEL PUEBLO CANARIO - PCPC,0,0,Ministerio del Interior / portal oficial de datos abiertos,PRIMARY_OFFICIAL
2015,2015-12-20,40 - Segovia,PARTIDO COMUNISTA OBRERO ESPAÑOL - PCOE,0,0,Ministerio del Interior / portal oficial de datos abiertos,PRIMARY_OFFICIAL
2015,2015-12-20,40 - Segovia,PARTIDO DA TERRA - PT,0,0,Ministerio del Interior / portal oficial de datos abiertos,PRIMARY_OFFICIAL
2015,2015-12-20,40 - Segovia,PARTIDO DOS SOCIALISTAS DE GALICIA-PSOE - PSdeG-PSOE,0,0,Ministerio del Interior / portal oficial de datos abiertos,PRIMARY_OFFICIAL
2015,2015-12-20,40 - Segovia,PARTIDO FAMILIA Y VIDA - PFyV,0,0,Ministerio del Interior / portal oficial de datos abiertos,PRIMARY_OFFICIAL
2015,2015-12-20,40 - Segovia,PARTIDO HUMANISTA - PH,0,0,Ministerio del Interior / portal oficial de datos abiertos,PRIMARY_OFFICIAL
2015,2015-12-20,40 - Segovia,PARTIDO LIBERAL DE DERECHAS - PLD,0,0,Ministerio del Interior / portal oficial de datos abiertos,PRIMARY_OFFICIAL
2015,2015-12-20,40 - Segovia,PARTIDO LIBERTARIO - P-LIB,0,0,Ministerio del Interior / portal oficial de datos abiertos,PRIMARY_OFFICIAL
2015,2015-12-20,40 - Segovia,PARTIDO POPULAR (PP) - PP,0,0,Ministerio del Interior / portal oficial de datos abiertos,PRIMARY_OFFICIAL
2015,2015-12-20,40 - Segovia,PARTIDO POPULAR - PP,36182,2,Ministerio del Interior / portal oficial de datos abiertos,PRIMARY_OFFICIAL
2015,2015-12-20,40 - Segovia,PARTIDO POPULAR EN COALICIÓN CON EL PARTIDO ARAGON - PP-PAR,0,0,Ministerio del Interior / portal oficial de datos abiertos,PRIMARY_OFFICIAL
2015,2015-12-20,40 - Segovia,PARTIDO POPULAR-FORO - PP-FORO,0,0,Ministerio del Interior / portal oficial de datos abiertos,PRIMARY_OFFICIAL
2015,2015-12-20,40 - Segovia,PARTIDO POPULAR/PARTIT POPULAR - PP,0,0,Ministerio del Interior / portal oficial de datos abiertos,PRIMARY_OFFICIAL
2015,2015-12-20,40 - Segovia,PARTIDO REGIONALISTA DEL PAÍS LEONÉS - PREPAL,0,0,Ministerio del Interior / portal oficial de datos abiertos,PRIMARY_OFFICIAL
2015,2015-12-20,40 - Segovia,PARTIDO SOCIALISTA DE EUSKADI-EUSKADIKO EZKERRA (P - PSE-EE,0,0,Ministerio del Interior / portal oficial de datos abiertos,PRIMARY_OFFICIAL
2015,2015-12-20,40 - Segovia,PARTIDO SOCIALISTA DE EUSKADI-EUSKADIKO EZKERRA (P - PSE-EE (PSO,0,0,Ministerio del Interior / portal oficial de datos abiertos,PRIMARY_OFFICIAL
2015,2015-12-20,40 - Segovia,PARTIDO SOCIALISTA OBRERO ESPAÑOL - PSOE,19769,1,Ministerio del Interior / portal oficial de datos abiertos,PRIMARY_OFFICIAL
2015,2015-12-20,40 - Segovia,PARTIDO SOCIALISTA OBRERO ESPAÑOL-NUEVA CANARIAS - PSOE-NCa,0,0,Ministerio del Interior / portal oficial de datos abiertos,PRIMARY_OFFICIAL
2015,2015-12-20,40 - Segovia,PARTIT ANIMALISTA CONTRA EL MALTRACTAMENT ANIMAL - PACMA,0,0,Ministerio del Interior / portal oficial de datos abiertos,PRIMARY_OFFICIAL
2015,2015-12-20,40 - Segovia,PARTIT COMUNISTA DEL POBLE DE CATALUNYA - PCPC,0,0,Ministerio del Interior / portal oficial de datos abiertos,PRIMARY_OFFICIAL
2015,2015-12-20,40 - Segovia,PARTIT COMUNISTA DELS POBLES D’ESPANYA - PCPE,0,0,Ministerio del Interior / portal oficial de datos abiertos,PRIMARY_OFFICIAL
2015,2015-12-20,40 - Segovia,PARTIT DELS SOCIALISTES DE CATALUNYA (PSC-PSOE) - PSC,0,0,Ministerio del Interior / portal oficial de datos abiertos,PRIMARY_OFFICIAL
2015,2015-12-20,40 - Segovia,PARTIT DELS SOCIALISTES DE CATALUNYA - PSC-PSOE,0,0,Ministerio del Interior / portal oficial de datos abiertos,PRIMARY_OFFICIAL
2015,2015-12-20,40 - Segovia,PODEMOS - PODEMOS,13144,0,Ministerio del Interior / portal oficial de datos abiertos,PRIMARY_OFFICIAL
2015,2015-12-20,40 - Segovia,PODEMOS-AHAL DUGU - PODEMOS-AHA,0,0,Ministerio del Interior / portal oficial de datos abiertos,PRIMARY_OFFICIAL
2015,2015-12-20,40 - Segovia,PODEMOS-Ahora Alto Aragón en Común - PODEMOS-Aho,0,0,Ministerio del Interior / portal oficial de datos abiertos,PRIMARY_OFFICIAL
2015,2015-12-20,40 - Segovia,PODEMOS/AHAL DUGU - PODEMOS-AHA,0,0,Ministerio del Interior / portal oficial de datos abiertos,PRIMARY_OFFICIAL
2015,2015-12-20,40 - Segovia,POR UN MUNDO MÁS JUSTO - PUM+J,0,0,Ministerio del Interior / portal oficial de datos abiertos,PRIMARY_OFFICIAL
2015,2015-12-20,40 - Segovia,RECORTES CERO-GRUPO VERDE - RECORTES CE,227,0,Ministerio del Interior / portal oficial de datos abiertos,PRIMARY_OFFICIAL
2015,2015-12-20,40 - Segovia,SOLIDARIDAD Y AUTOGESTIÓN INTERNACIONALISTA - SAIn,0,0,Ministerio del Interior / portal oficial de datos abiertos,PRIMARY_OFFICIAL
2015,2015-12-20,40 - Segovia,SOLUCIONA - SOLUCIONA,0,0,Ministerio del Interior / portal oficial de datos abiertos,PRIMARY_OFFICIAL
2015,2015-12-20,40 - Segovia,SOM VALENCIANS - SOMVAL,0,0,Ministerio del Interior / portal oficial de datos abiertos,PRIMARY_OFFICIAL
2015,2015-12-20,40 - Segovia,"UNIDAD POPULAR EN ARAGÓN: IZQUIERDA UNIDA, CHUNTA - IU-CHA-UPeC",0,0,Ministerio del Interior / portal oficial de datos abiertos,PRIMARY_OFFICIAL
2015,2015-12-20,40 - Segovia,UNIDAD POPULAR- ORAIN BATERA:EZKER ANITZA-IZQUIERD - IU-UPeC,0,0,Ministerio del Interior / portal oficial de datos abiertos,PRIMARY_OFFICIAL
2015,2015-12-20,40 - Segovia,UNIDAD POPULAR-IZQUIERDA UNIDA - UNIDAD POPU,0,0,Ministerio del Interior / portal oficial de datos abiertos,PRIMARY_OFFICIAL
2015,2015-12-20,40 - Segovia,UNIDAD POPULAR-ORAIN BATERA:EZKER ANITZA-IZQUIERDA - IU-UPeC,0,0,Ministerio del Interior / portal oficial de datos abiertos,PRIMARY_OFFICIAL
2015,2015-12-20,40 - Segovia,UNIDAD POPULAR-ORAIN BATERA:EZKER ANITZA-IZQUIERDA - IU-UpeC,0,0,Ministerio del Interior / portal oficial de datos abiertos,PRIMARY_OFFICIAL
2015,2015-12-20,40 - Segovia,"UNIDAD POPULAR-ORAIN BATERA:IZQUIERDA UNIDA, BATZA - IU-B-UPeC",0,0,Ministerio del Interior / portal oficial de datos abiertos,PRIMARY_OFFICIAL
2015,2015-12-20,40 - Segovia,"UNIDAD POPULAR: IZQUIERDA UNIDA CANARIA, UNIDAD PO - IUC-UPeC",0,0,Ministerio del Interior / portal oficial de datos abiertos,PRIMARY_OFFICIAL
2015,2015-12-20,40 - Segovia,UNIDAD POPULAR: IZQUIERDA UNIDA LOS VERDES - CONVO - UP: IULV-CA,0,0,Ministerio del Interior / portal oficial de datos abiertos,PRIMARY_OFFICIAL
2015,2015-12-20,40 - Segovia,"UNIDAD POPULAR: IZQUIERDA UNIDA LOS VERDES-CONVOCA - IULV-CA, UP",0,0,Ministerio del Interior / portal oficial de datos abiertos,PRIMARY_OFFICIAL
2015,2015-12-20,40 - Segovia,"UNIDAD POPULAR: IZQUIERDA UNIDA LOS VERDES-CONVOCA - IULV-CA,UPe",0,0,Ministerio del Interior / portal oficial de datos abiertos,PRIMARY_OFFICIAL
2015,2015-12-20,40 - Segovia,"UNIDAD POPULAR: IZQUIERDA UNIDA, UNIDAD POPULAR EN - IU-UPeC",3742,0,Ministerio del Interior / portal oficial de datos abiertos,PRIMARY_OFFICIAL
2015,2015-12-20,40 - Segovia,"UNIDAD POPULAR: IZQUIERDA UNIDA, UNIDAD POPULAR EN - IU-UPeC-IAS",0,0,Ministerio del Interior / portal oficial de datos abiertos,PRIMARY_OFFICIAL
2015,2015-12-20,40 - Segovia,"UNIDAD POPULAR: IZQUIERDA UNIDA, UNIDAD POPULAR EN - UP-UPeC",0,0,Ministerio del Interior / portal oficial de datos abiertos,PRIMARY_OFFICIAL
2015,2015-12-20,40 - Segovia,"UNIDAD POPULAR: IZQUIERDA UNIDA, UNIDAD POPULAR EN - UPeC-IU-IZC",0,0,Ministerio del Interior / portal oficial de datos abiertos,PRIMARY_OFFICIAL
2015,2015-12-20,40 - Segovia,UNIDAD POPULAR: IZQUIERDA UNIDA-UNIDAD POPULAR EN - IU-UPeC,0,0,Ministerio del Interior / portal oficial de datos abiertos,PRIMARY_OFFICIAL
2015,2015-12-20,40 - Segovia,UNIDAD POPULAR: IZQUIERDA UNIDA. UNIDAD POPULAR EN - IU-UPeC,0,0,Ministerio del Interior / portal oficial de datos abiertos,PRIMARY_OFFICIAL
2015,2015-12-20,40 - Segovia,"UNIDAD POPULAR: UNIDAD POPULAR EN COMÚN, IZQUIERDA - UPeC-IU",0,0,Ministerio del Interior / portal oficial de datos abiertos,PRIMARY_OFFICIAL
2015,2015-12-20,40 - Segovia,"UNITAT POPULAR BALEARS: IZQUIERDA UNIDA, UNIDAD PO - UPB: IU-UPe",0,0,Ministerio del Interior / portal oficial de datos abiertos,PRIMARY_OFFICIAL
2015,2015-12-20,40 - Segovia,"UNITAT POPULAR: ESQUERRA UNIDA DEL PAÍS VALENCIÀ, - EUPV-UPeC",0,0,Ministerio del Interior / portal oficial de datos abiertos,PRIMARY_OFFICIAL
2015,2015-12-20,40 - Segovia,"UNITAT POPULAR:ESQUERRA UNIDA DEL PAÍS VALENCIÀ, U - EUPV-UPeC",0,0,Ministerio del Interior / portal oficial de datos abiertos,PRIMARY_OFFICIAL
2015,2015-12-20,40 - Segovia,UNIÓ DEMOCRÀTICA DE CATALUNYA - Unio.Cat,0,0,Ministerio del Interior / portal oficial de datos abiertos,PRIMARY_OFFICIAL
2015,2015-12-20,40 - Segovia,UNIÓ DEMOCRÀTICA DE CATALUNYA - unio.cat,0,0,Ministerio del Interior / portal oficial de datos abiertos,PRIMARY_OFFICIAL
2015,2015-12-20,40 - Segovia,UNIÓN DEL PUEBLO NAVARRO EN COALICIÓN CON EL PARTI - UPN-PP,0,0,Ministerio del Interior / portal oficial de datos abiertos,PRIMARY_OFFICIAL
2015,2015-12-20,40 - Segovia,UNIÓN PROGRESO Y DEMOCRACIA (UPYD) - UPYD,0,0,Ministerio del Interior / portal oficial de datos abiertos,PRIMARY_OFFICIAL
2015,2015-12-20,40 - Segovia,UNIÓN PROGRESO Y DEMOCRACIA - UPYD,1274,0,Ministerio del Interior / portal oficial de datos abiertos,PRIMARY_OFFICIAL
2015,2015-12-20,40 - Segovia,VOX - VOX,0,0,Ministerio del Interior / portal oficial de datos abiertos,PRIMARY_OFFICIAL
2015,2015-12-20,40 - Segovia,X A ESQUERDA - X ESQ,0,0,Ministerio del Interior / portal oficial de datos abiertos,PRIMARY_OFFICIAL
2015,2015-12-20,40 - Segovia,X LA IZQUIERDA-LOS VERDES - X LA IZQUIE,0,0,Ministerio del Interior / portal oficial de datos abiertos,PRIMARY_OFFICIAL
2015,2015-12-20,41 - Sevilla,"""EN COMÚ PODEM"" - EN COMÚ",0,0,Ministerio del Interior / portal oficial de datos abiertos,PRIMARY_OFFICIAL
2015,2015-12-20,41 - Sevilla,ANDALUCES DE JAÉN UNIDOS - AJU,0,0,Ministerio del Interior / portal oficial de datos abiertos,PRIMARY_OFFICIAL
2015,2015-12-20,41 - Sevilla,"ARA, PAÍS VALENCIÀ - ARA, PV",0,0,Ministerio del Interior / portal oficial de datos abiertos,PRIMARY_OFFICIAL
2015,2015-12-20,41 - Sevilla,"ARA, PAÍS VALENCIÀ - ARAPV",0,0,Ministerio del Interior / portal oficial de datos abiertos,PRIMARY_OFFICIAL
2015,2015-12-20,41 - Sevilla,AVANT VALENCIANS - AVANT,0,0,Ministerio del Interior / portal oficial de datos abiertos,PRIMARY_OFFICIAL
2015,2015-12-20,41 - Sevilla,BIDEZKO MUNDURANTZ/POR UN MUNDO MÁS JUSTO - PUM+J,0,0,Ministerio del Interior / portal oficial de datos abiertos,PRIMARY_OFFICIAL
2015,2015-12-20,41 - Sevilla,"CANARIAS DECIDE: LOS VERDES, UNIDAD DEL PUEBLO Y A - CANARIAS DE",0,0,Ministerio del Interior / portal oficial de datos abiertos,PRIMARY_OFFICIAL
2015,2015-12-20,41 - Sevilla,CIUDADANOS DE CENTRO DEMOCRÁTICO - CCD,0,0,Ministerio del Interior / portal oficial de datos abiertos,PRIMARY_OFFICIAL
2015,2015-12-20,41 - Sevilla,CIUDADANOS LIBRES UNIDOS - CILUS,0,0,Ministerio del Interior / portal oficial de datos abiertos,PRIMARY_OFFICIAL
2015,2015-12-20,41 - Sevilla,CIUDADANOS PARTIDO DE LA CIUDADANÍA - C's,0,0,Ministerio del Interior / portal oficial de datos abiertos,PRIMARY_OFFICIAL
2015,2015-12-20,41 - Sevilla,CIUDADANOS PARTIDO DE LA CIUDADANÍA - C´s,142574,2,Ministerio del Interior / portal oficial de datos abiertos,PRIMARY_OFFICIAL
2015,2015-12-20,41 - Sevilla,CIUDADANOS RURALES AGRUPADOS - CRA,0,0,Ministerio del Interior / portal oficial de datos abiertos,PRIMARY_OFFICIAL
2015,2015-12-20,41 - Sevilla,"CIUDADANOS, PARTIDO DE LA CIUDADANÍA - C's",0,0,Ministerio del Interior / portal oficial de datos abiertos,PRIMARY_OFFICIAL
2015,2015-12-20,41 - Sevilla,"CIUDADANOS, PARTIDO DE LA CIUDADANÍA - C´s",0,0,Ministerio del Interior / portal oficial de datos abiertos,PRIMARY_OFFICIAL
2015,2015-12-20,41 - Sevilla,CIUDADANOS-PARTIDO DE LA CIUDADANÍA (C's) - C's,0,0,Ministerio del Interior / portal oficial de datos abiertos,PRIMARY_OFFICIAL
2015,2015-12-20,41 - Sevilla,CIUDADANOS-PARTIDO DE LA CIUDADANÍA - C's,0,0,Ministerio del Interior / portal oficial de datos abiertos,PRIMARY_OFFICIAL
2015,2015-12-20,41 - Sevilla,CIUDADANOS-PARTIDO DE LA CIUDADANÍA - C´s,0,0,Ministerio del Interior / portal oficial de datos abiertos,PRIMARY_OFFICIAL
2015,2015-12-20,41 - Sevilla,CIUTADANS - PARTIDO DE LA CIUDADANÍA - C's,0,0,Ministerio del Interior / portal oficial de datos abiertos,PRIMARY_OFFICIAL
2015,2015-12-20,41 - Sevilla,CIUTADANS-PARTIDO DE LA CIUDADANÍA - C's,0,0,Ministerio del Interior / portal oficial de datos abiertos,PRIMARY_OFFICIAL
2015,2015-12-20,41 - Sevilla,COALICIÓN CANARIA - PARTIDO NACIONALISTA CANARIO - CCa-PNC,0,0,Ministerio del Interior / portal oficial de datos abiertos,PRIMARY_OFFICIAL
2015,2015-12-20,41 - Sevilla,COALICIÓN CANARIA-PARTIDO NACIONALISTA CANARIO - CCa-PNC,0,0,Ministerio del Interior / portal oficial de datos abiertos,PRIMARY_OFFICIAL
2015,2015-12-20,41 - Sevilla,COMPROMÍS-PODEMOS-ÉS EL MOMENT - PODEMOS - C,0,0,Ministerio del Interior / portal oficial de datos abiertos,PRIMARY_OFFICIAL
2015,2015-12-20,41 - Sevilla,COMPROMÍS-PODEMOS-ÉS EL MOMENT - PODEMOS-COM,0,0,Ministerio del Interior / portal oficial de datos abiertos,PRIMARY_OFFICIAL
2015,2015-12-20,41 - Sevilla,COMUNISTAS DA GALIZA - PCPE,0,0,Ministerio del Interior / portal oficial de datos abiertos,PRIMARY_OFFICIAL
2015,2015-12-20,41 - Sevilla,COMUNISTAS DA GALIZA-PCPE - PCPE,0,0,Ministerio del Interior / portal oficial de datos abiertos,PRIMARY_OFFICIAL
2015,2015-12-20,41 - Sevilla,DEMOCRACIA NACIONAL - DN,0,0,Ministerio del Interior / portal oficial de datos abiertos,PRIMARY_OFFICIAL
2015,2015-12-20,41 - Sevilla,DEMOCRÀCIA I LLIBERTAT. CONVERGÈNCIA. DEMÒCRATES. - DL,0,0,Ministerio del Interior / portal oficial de datos abiertos,PRIMARY_OFFICIAL
2015,2015-12-20,41 - Sevilla,EL PI - PROPOSTA PER LES ILLES - EL PI,0,0,Ministerio del Interior / portal oficial de datos abiertos,PRIMARY_OFFICIAL
2015,2015-12-20,41 - Sevilla,EN COMÚ PODEM - EN COMÚ,0,0,Ministerio del Interior / portal oficial de datos abiertos,PRIMARY_OFFICIAL
2015,2015-12-20,41 - Sevilla,EN MAREA - PODEMOS-EN,0,0,Ministerio del Interior / portal oficial de datos abiertos,PRIMARY_OFFICIAL
2015,2015-12-20,41 - Sevilla,EN MAREA - PODEMOS-En,0,0,Ministerio del Interior / portal oficial de datos abiertos,PRIMARY_OFFICIAL
2015,2015-12-20,41 - Sevilla,EN POSITIU - EN POSITIU,0,0,Ministerio del Interior / portal oficial de datos abiertos,PRIMARY_OFFICIAL
2015,2015-12-20,41 - Sevilla,ESCAÑOS EN BLANCO - AULKI ZURIAK - EB - AZ,0,0,Ministerio del Interior / portal oficial de datos abiertos,PRIMARY_OFFICIAL
2015,2015-12-20,41 - Sevilla,ESCAÑOS EN BLANCO - EB,0,0,Ministerio del Interior / portal oficial de datos abiertos,PRIMARY_OFFICIAL
2015,2015-12-20,41 - Sevilla,ESCAÑOS EN BLANCO-AULKI ZURIAK - EB-AZ,0,0,Ministerio del Interior / portal oficial de datos abiertos,PRIMARY_OFFICIAL
2015,2015-12-20,41 - Sevilla,ESCONS EN BLANC/ESCAÑOS EN BLANCO - EB,0,0,Ministerio del Interior / portal oficial de datos abiertos,PRIMARY_OFFICIAL
2015,2015-12-20,41 - Sevilla,ESQUERRA REPUBLICANA DE CATALUNYA-CATALUNYA SÍ - ERC-CATSI,0,0,Ministerio del Interior / portal oficial de datos abiertos,PRIMARY_OFFICIAL
2015,2015-12-20,41 - Sevilla,ESQUERRA REPUBLICANA DE CATALUNYA-CATALUNYA SÍ - ERC-CATSÍ,0,0,Ministerio del Interior / portal oficial de datos abiertos,PRIMARY_OFFICIAL
2015,2015-12-20,41 - Sevilla,EUSKAL HERRIA BILDU (EH Bildu) - EH Bildu,0,0,Ministerio del Interior / portal oficial de datos abiertos,PRIMARY_OFFICIAL
2015,2015-12-20,41 - Sevilla,EUSKAL HERRIA BILDU - EH Bildu,0,0,Ministerio del Interior / portal oficial de datos abiertos,PRIMARY_OFFICIAL
2015,2015-12-20,41 - Sevilla,EUZKO ALDERDI JELTZALEA-PARTIDO NACIONALISTA VASCO - EAJ-PNV,0,0,Ministerio del Interior / portal oficial de datos abiertos,PRIMARY_OFFICIAL
2015,2015-12-20,41 - Sevilla,EXTREMADURA UNIDA-EXTREMEÑOS - EU-eX,0,0,Ministerio del Interior / portal oficial de datos abiertos,PRIMARY_OFFICIAL
2015,2015-12-20,41 - Sevilla,EZKERRA-X LA IZQUIERDA - EZKERRA,0,0,Ministerio del Interior / portal oficial de datos abiertos,PRIMARY_OFFICIAL
2015,2015-12-20,41 - Sevilla,FALANGE ESPAÑOLA DE LAS JONS - FE de las J,989,0,Ministerio del Interior / portal oficial de datos abiertos,PRIMARY_OFFICIAL
2015,2015-12-20,41 - Sevilla,FORO DEMÓCRATA - FDEE,0,0,Ministerio del Interior / portal oficial de datos abiertos,PRIMARY_OFFICIAL
2015,2015-12-20,41 - Sevilla,GEROA BAI - GBAI,0,0,Ministerio del Interior / portal oficial de datos abiertos,PRIMARY_OFFICIAL
2015,2015-12-20,41 - Sevilla,INDEPENDIENTES POR ARAGÓN - Independien,0,0,Ministerio del Interior / portal oficial de datos abiertos,PRIMARY_OFFICIAL
2015,2015-12-20,41 - Sevilla,INICIATIVA FEMINISTA - IFem,0,0,Ministerio del Interior / portal oficial de datos abiertos,PRIMARY_OFFICIAL
2015,2015-12-20,41 - Sevilla,"JUSTIZIA SOCIAL, PARTICIPACIÓN CIUDADANA - JS,PC",0,0,Ministerio del Interior / portal oficial de datos abiertos,PRIMARY_OFFICIAL
2015,2015-12-20,41 - Sevilla,"LIBERTAD NAVARRA, LIBERTATE NAFARRA (Ln) - Ln",0,0,Ministerio del Interior / portal oficial de datos abiertos,PRIMARY_OFFICIAL
2015,2015-12-20,41 - Sevilla,"LIBERTAD NAVARRA, LIBERTATE NAFARRA - Ln",0,0,Ministerio del Interior / portal oficial de datos abiertos,PRIMARY_OFFICIAL
2015,2015-12-20,41 - Sevilla,LIBERTAD NAVARRA-LIBERTATE NAFARRA - Ln,0,0,Ministerio del Interior / portal oficial de datos abiertos,PRIMARY_OFFICIAL
2015,2015-12-20,41 - Sevilla,LOS VERDES-ECOPACIFISTAS - CENTRO MODE,0,0,Ministerio del Interior / portal oficial de datos abiertos,PRIMARY_OFFICIAL
2015,2015-12-20,41 - Sevilla,MUERTE AL SISTEMA - +MAS+,0,0,Ministerio del Interior / portal oficial de datos abiertos,PRIMARY_OFFICIAL
2015,2015-12-20,41 - Sevilla,MÁLAGA POR SÍ - mlgXSÍ,0,0,Ministerio del Interior / portal oficial de datos abiertos,PRIMARY_OFFICIAL
2015,2015-12-20,41 - Sevilla,MÉS - MÉS,0,0,Ministerio del Interior / portal oficial de datos abiertos,PRIMARY_OFFICIAL
2015,2015-12-20,41 - Sevilla,NÓS-CANDIDATURA GALEGA (BNG-CG-FOGA-PCPG-PG) - NÓS,0,0,Ministerio del Interior / portal oficial de datos abiertos,PRIMARY_OFFICIAL
2015,2015-12-20,41 - Sevilla,ONGI ETORRI - OE,0,0,Ministerio del Interior / portal oficial de datos abiertos,PRIMARY_OFFICIAL
2015,2015-12-20,41 - Sevilla,PARTIDO ANIMALISTA CONTRA EL MALTRATO ANIMAL (PACM - PACMA,0,0,Ministerio del Interior / portal oficial de datos abiertos,PRIMARY_OFFICIAL
2015,2015-12-20,41 - Sevilla,PARTIDO ANIMALISTA CONTRA EL MALTRATO ANIMAL - PACMA,9976,0,Ministerio del Interior / portal oficial de datos abiertos,PRIMARY_OFFICIAL
2015,2015-12-20,41 - Sevilla,PARTIDO ANIMALISTA CONTRA O MALTRATO ANIMAL - PACMA,0,0,Ministerio del Interior / portal oficial de datos abiertos,PRIMARY_OFFICIAL
2015,2015-12-20,41 - Sevilla,PARTIDO ANIMALISTA-CONTRA EL MALTRATO ANIMAL - PACMA,0,0,Ministerio del Interior / portal oficial de datos abiertos,PRIMARY_OFFICIAL
2015,2015-12-20,41 - Sevilla,PARTIDO COMUNISTA DE LOS PUEBLOS DE ESPAÑA - PCPE,893,0,Ministerio del Interior / portal oficial de datos abiertos,PRIMARY_OFFICIAL
2015,2015-12-20,41 - Sevilla,PARTIDO COMUNISTA DEL PUEBLO CANARIO - PCPC,0,0,Ministerio del Interior / portal oficial de datos abiertos,PRIMARY_OFFICIAL
2015,2015-12-20,41 - Sevilla,PARTIDO COMUNISTA OBRERO ESPAÑOL - PCOE,1096,0,Ministerio del Interior / portal oficial de datos abiertos,PRIMARY_OFFICIAL
2015,2015-12-20,41 - Sevilla,PARTIDO DA TERRA - PT,0,0,Ministerio del Interior / portal oficial de datos abiertos,PRIMARY_OFFICIAL
2015,2015-12-20,41 - Sevilla,PARTIDO DOS SOCIALISTAS DE GALICIA-PSOE - PSdeG-PSOE,0,0,Ministerio del Interior / portal oficial de datos abiertos,PRIMARY_OFFICIAL
2015,2015-12-20,41 - Sevilla,PARTIDO FAMILIA Y VIDA - PFyV,0,0,Ministerio del Interior / portal oficial de datos abiertos,PRIMARY_OFFICIAL
2015,2015-12-20,41 - Sevilla,PARTIDO HUMANISTA - PH,0,0,Ministerio del Interior / portal oficial de datos abiertos,PRIMARY_OFFICIAL
2015,2015-12-20,41 - Sevilla,PARTIDO LIBERAL DE DERECHAS - PLD,0,0,Ministerio del Interior / portal oficial de datos abiertos,PRIMARY_OFFICIAL
2015,2015-12-20,41 - Sevilla,PARTIDO LIBERTARIO - P-LIB,652,0,Ministerio del Interior / portal oficial de datos abiertos,PRIMARY_OFFICIAL
2015,2015-12-20,41 - Sevilla,PARTIDO POPULAR (PP) - PP,0,0,Ministerio del Interior / portal oficial de datos abiertos,PRIMARY_OFFICIAL
2015,2015-12-20,41 - Sevilla,PARTIDO POPULAR - PP,275463,3,Ministerio del Interior / portal oficial de datos abiertos,PRIMARY_OFFICIAL
2015,2015-12-20,41 - Sevilla,PARTIDO POPULAR EN COALICIÓN CON EL PARTIDO ARAGON - PP-PAR,0,0,Ministerio del Interior / portal oficial de datos abiertos,PRIMARY_OFFICIAL
2015,2015-12-20,41 - Sevilla,PARTIDO POPULAR-FORO - PP-FORO,0,0,Ministerio del Interior / portal oficial de datos abiertos,PRIMARY_OFFICIAL
2015,2015-12-20,41 - Sevilla,PARTIDO POPULAR/PARTIT POPULAR - PP,0,0,Ministerio del Interior / portal oficial de datos abiertos,PRIMARY_OFFICIAL
2015,2015-12-20,41 - Sevilla,PARTIDO REGIONALISTA DEL PAÍS LEONÉS - PREPAL,0,0,Ministerio del Interior / portal oficial de datos abiertos,PRIMARY_OFFICIAL
2015,2015-12-20,41 - Sevilla,PARTIDO SOCIALISTA DE EUSKADI-EUSKADIKO EZKERRA (P - PSE-EE,0,0,Ministerio del Interior / portal oficial de datos abiertos,PRIMARY_OFFICIAL
2015,2015-12-20,41 - Sevilla,PARTIDO SOCIALISTA DE EUSKADI-EUSKADIKO EZKERRA (P - PSE-EE (PSO,0,0,Ministerio del Interior / portal oficial de datos abiertos,PRIMARY_OFFICIAL
2015,2015-12-20,41 - Sevilla,PARTIDO SOCIALISTA OBRERO ESPAÑOL - PSOE,371142,5,Ministerio del Interior / portal oficial de datos abiertos,PRIMARY_OFFICIAL
2015,2015-12-20,41 - Sevilla,PARTIDO SOCIALISTA OBRERO ESPAÑOL-NUEVA CANARIAS - PSOE-NCa,0,0,Ministerio del Interior / portal oficial de datos abiertos,PRIMARY_OFFICIAL
2015,2015-12-20,41 - Sevilla,PARTIT ANIMALISTA CONTRA EL MALTRACTAMENT ANIMAL - PACMA,0,0,Ministerio del Interior / portal oficial de datos abiertos,PRIMARY_OFFICIAL
2015,2015-12-20,41 - Sevilla,PARTIT COMUNISTA DEL POBLE DE CATALUNYA - PCPC,0,0,Ministerio del Interior / portal oficial de datos abiertos,PRIMARY_OFFICIAL
2015,2015-12-20,41 - Sevilla,PARTIT COMUNISTA DELS POBLES D’ESPANYA - PCPE,0,0,Ministerio del Interior / portal oficial de datos abiertos,PRIMARY_OFFICIAL
2015,2015-12-20,41 - Sevilla,PARTIT DELS SOCIALISTES DE CATALUNYA (PSC-PSOE) - PSC,0,0,Ministerio del Interior / portal oficial de datos abiertos,PRIMARY_OFFICIAL
2015,2015-12-20,41 - Sevilla,PARTIT DELS SOCIALISTES DE CATALUNYA - PSC-PSOE,0,0,Ministerio del Interior / portal oficial de datos abiertos,PRIMARY_OFFICIAL
2015,2015-12-20,41 - Sevilla,PODEMOS - PODEMOS,208408,2,Ministerio del Interior / portal oficial de datos abiertos,PRIMARY_OFFICIAL
2015,2015-12-20,41 - Sevilla,PODEMOS-AHAL DUGU - PODEMOS-AHA,0,0,Ministerio del Interior / portal oficial de datos abiertos,PRIMARY_OFFICIAL
2015,2015-12-20,41 - Sevilla,PODEMOS-Ahora Alto Aragón en Común - PODEMOS-Aho,0,0,Ministerio del Interior / portal oficial de datos abiertos,PRIMARY_OFFICIAL
2015,2015-12-20,41 - Sevilla,PODEMOS/AHAL DUGU - PODEMOS-AHA,0,0,Ministerio del Interior / portal oficial de datos abiertos,PRIMARY_OFFICIAL
2015,2015-12-20,41 - Sevilla,POR UN MUNDO MÁS JUSTO - PUM+J,0,0,Ministerio del Interior / portal oficial de datos abiertos,PRIMARY_OFFICIAL
2015,2015-12-20,41 - Sevilla,RECORTES CERO-GRUPO VERDE - RECORTES CE,1413,0,Ministerio del Interior / portal oficial de datos abiertos,PRIMARY_OFFICIAL
2015,2015-12-20,41 - Sevilla,SOLIDARIDAD Y AUTOGESTIÓN INTERNACIONALISTA - SAIn,0,0,Ministerio del Interior / portal oficial de datos abiertos,PRIMARY_OFFICIAL
2015,2015-12-20,41 - Sevilla,SOLUCIONA - SOLUCIONA,0,0,Ministerio del Interior / portal oficial de datos abiertos,PRIMARY_OFFICIAL
2015,2015-12-20,41 - Sevilla,SOM VALENCIANS - SOMVAL,0,0,Ministerio del Interior / portal oficial de datos abiertos,PRIMARY_OFFICIAL
2015,2015-12-20,41 - Sevilla,"UNIDAD POPULAR EN ARAGÓN: IZQUIERDA UNIDA, CHUNTA - IU-CHA-UPeC",0,0,Ministerio del Interior / portal oficial de datos abiertos,PRIMARY_OFFICIAL
2015,2015-12-20,41 - Sevilla,UNIDAD POPULAR- ORAIN BATERA:EZKER ANITZA-IZQUIERD - IU-UPeC,0,0,Ministerio del Interior / portal oficial de datos abiertos,PRIMARY_OFFICIAL
2015,2015-12-20,41 - Sevilla,UNIDAD POPULAR-IZQUIERDA UNIDA - UNIDAD POPU,0,0,Ministerio del Interior / portal oficial de datos abiertos,PRIMARY_OFFICIAL
2015,2015-12-20,41 - Sevilla,UNIDAD POPULAR-ORAIN BATERA:EZKER ANITZA-IZQUIERDA - IU-UPeC,0,0,Ministerio del Interior / portal oficial de datos abiertos,PRIMARY_OFFICIAL
2015,2015-12-20,41 - Sevilla,UNIDAD POPULAR-ORAIN BATERA:EZKER ANITZA-IZQUIERDA - IU-UpeC,0,0,Ministerio del Interior / portal oficial de datos abiertos,PRIMARY_OFFICIAL
2015,2015-12-20,41 - Sevilla,"UNIDAD POPULAR-ORAIN BATERA:IZQUIERDA UNIDA, BATZA - IU-B-UPeC",0,0,Ministerio del Interior / portal oficial de datos abiertos,PRIMARY_OFFICIAL
2015,2015-12-20,41 - Sevilla,"UNIDAD POPULAR: IZQUIERDA UNIDA CANARIA, UNIDAD PO - IUC-UPeC",0,0,Ministerio del Interior / portal oficial de datos abiertos,PRIMARY_OFFICIAL
2015,2015-12-20,41 - Sevilla,UNIDAD POPULAR: IZQUIERDA UNIDA LOS VERDES - CONVO - UP: IULV-CA,0,0,Ministerio del Interior / portal oficial de datos abiertos,PRIMARY_OFFICIAL
2015,2015-12-20,41 - Sevilla,"UNIDAD POPULAR: IZQUIERDA UNIDA LOS VERDES-CONVOCA - IULV-CA, UP",62309,0,Ministerio del Interior / portal oficial de datos abiertos,PRIMARY_OFFICIAL
2015,2015-12-20,41 - Sevilla,"UNIDAD POPULAR: IZQUIERDA UNIDA LOS VERDES-CONVOCA - IULV-CA,UPe",0,0,Ministerio del Interior / portal oficial de datos abiertos,PRIMARY_OFFICIAL
2015,2015-12-20,41 - Sevilla,"UNIDAD POPULAR: IZQUIERDA UNIDA, UNIDAD POPULAR EN - IU-UPeC",0,0,Ministerio del Interior / portal oficial de datos abiertos,PRIMARY_OFFICIAL
2015,2015-12-20,41 - Sevilla,"UNIDAD POPULAR: IZQUIERDA UNIDA, UNIDAD POPULAR EN - IU-UPeC-IAS",0,0,Ministerio del Interior / portal oficial de datos abiertos,PRIMARY_OFFICIAL
2015,2015-12-20,41 - Sevilla,"UNIDAD POPULAR: IZQUIERDA UNIDA, UNIDAD POPULAR EN - UP-UPeC",0,0,Ministerio del Interior / portal oficial de datos abiertos,PRIMARY_OFFICIAL
2015,2015-12-20,41 - Sevilla,"UNIDAD POPULAR: IZQUIERDA UNIDA, UNIDAD POPULAR EN - UPeC-IU-IZC",0,0,Ministerio del Interior / portal oficial de datos abiertos,PRIMARY_OFFICIAL
2015,2015-12-20,41 - Sevilla,UNIDAD POPULAR: IZQUIERDA UNIDA-UNIDAD POPULAR EN - IU-UPeC,0,0,Ministerio del Interior / portal oficial de datos abiertos,PRIMARY_OFFICIAL
2015,2015-12-20,41 - Sevilla,UNIDAD POPULAR: IZQUIERDA UNIDA. UNIDAD POPULAR EN - IU-UPeC,0,0,Ministerio del Interior / portal oficial de datos abiertos,PRIMARY_OFFICIAL
2015,2015-12-20,41 - Sevilla,"UNIDAD POPULAR: UNIDAD POPULAR EN COMÚN, IZQUIERDA - UPeC-IU",0,0,Ministerio del Interior / portal oficial de datos abiertos,PRIMARY_OFFICIAL
2015,2015-12-20,41 - Sevilla,"UNITAT POPULAR BALEARS: IZQUIERDA UNIDA, UNIDAD PO - UPB: IU-UPe",0,0,Ministerio del Interior / portal oficial de datos abiertos,PRIMARY_OFFICIAL
2015,2015-12-20,41 - Sevilla,"UNITAT POPULAR: ESQUERRA UNIDA DEL PAÍS VALENCIÀ, - EUPV-UPeC",0,0,Ministerio del Interior / portal oficial de datos abiertos,PRIMARY_OFFICIAL
2015,2015-12-20,41 - Sevilla,"UNITAT POPULAR:ESQUERRA UNIDA DEL PAÍS VALENCIÀ, U - EUPV-UPeC",0,0,Ministerio del Interior / portal oficial de datos abiertos,PRIMARY_OFFICIAL
2015,2015-12-20,41 - Sevilla,UNIÓ DEMOCRÀTICA DE CATALUNYA - Unio.Cat,0,0,Ministerio del Interior / portal oficial de datos abiertos,PRIMARY_OFFICIAL
2015,2015-12-20,41 - Sevilla,UNIÓ DEMOCRÀTICA DE CATALUNYA - unio.cat,0,0,Ministerio del Interior / portal oficial de datos abiertos,PRIMARY_OFFICIAL
2015,2015-12-20,41 - Sevilla,UNIÓN DEL PUEBLO NAVARRO EN COALICIÓN CON EL PARTI - UPN-PP,0,0,Ministerio del Interior / portal oficial de datos abiertos,PRIMARY_OFFICIAL
2015,2015-12-20,41 - Sevilla,UNIÓN PROGRESO Y DEMOCRACIA (UPYD) - UPYD,0,0,Ministerio del Interior / portal oficial de datos abiertos,PRIMARY_OFFICIAL
2015,2015-12-20,41 - Sevilla,UNIÓN PROGRESO Y DEMOCRACIA - UPYD,6421,0,Ministerio del Interior / portal oficial de datos abiertos,PRIMARY_OFFICIAL
2015,2015-12-20,41 - Sevilla,VOX - VOX,2717,0,Ministerio del Interior / portal oficial de datos abiertos,PRIMARY_OFFICIAL
2015,2015-12-20,41 - Sevilla,X A ESQUERDA - X ESQ,0,0,Ministerio del Interior / portal oficial de datos abiertos,PRIMARY_OFFICIAL
2015,2015-12-20,41 - Sevilla,X LA IZQUIERDA-LOS VERDES - X LA IZQUIE,0,0,Ministerio del Interior / portal oficial de datos abiertos,PRIMARY_OFFICIAL
2015,2015-12-20,42 - Soria,"""EN COMÚ PODEM"" - EN COMÚ",0,0,Ministerio del Interior / portal oficial de datos abiertos,PRIMARY_OFFICIAL
2015,2015-12-20,42 - Soria,ANDALUCES DE JAÉN UNIDOS - AJU,0,0,Ministerio del Interior / portal oficial de datos abiertos,PRIMARY_OFFICIAL
2015,2015-12-20,42 - Soria,"ARA, PAÍS VALENCIÀ - ARA, PV",0,0,Ministerio del Interior / portal oficial de datos abiertos,PRIMARY_OFFICIAL
2015,2015-12-20,42 - Soria,"ARA, PAÍS VALENCIÀ - ARAPV",0,0,Ministerio del Interior / portal oficial de datos abiertos,PRIMARY_OFFICIAL
2015,2015-12-20,42 - Soria,AVANT VALENCIANS - AVANT,0,0,Ministerio del Interior / portal oficial de datos abiertos,PRIMARY_OFFICIAL
2015,2015-12-20,42 - Soria,BIDEZKO MUNDURANTZ/POR UN MUNDO MÁS JUSTO - PUM+J,0,0,Ministerio del Interior / portal oficial de datos abiertos,PRIMARY_OFFICIAL
2015,2015-12-20,42 - Soria,"CANARIAS DECIDE: LOS VERDES, UNIDAD DEL PUEBLO Y A - CANARIAS DE",0,0,Ministerio del Interior / portal oficial de datos abiertos,PRIMARY_OFFICIAL
2015,2015-12-20,42 - Soria,CIUDADANOS DE CENTRO DEMOCRÁTICO - CCD,0,0,Ministerio del Interior / portal oficial de datos abiertos,PRIMARY_OFFICIAL
2015,2015-12-20,42 - Soria,CIUDADANOS LIBRES UNIDOS - CILUS,0,0,Ministerio del Interior / portal oficial de datos abiertos,PRIMARY_OFFICIAL
2015,2015-12-20,42 - Soria,CIUDADANOS PARTIDO DE LA CIUDADANÍA - C's,0,0,Ministerio del Interior / portal oficial de datos abiertos,PRIMARY_OFFICIAL
2015,2015-12-20,42 - Soria,CIUDADANOS PARTIDO DE LA CIUDADANÍA - C´s,0,0,Ministerio del Interior / portal oficial de datos abiertos,PRIMARY_OFFICIAL
2015,2015-12-20,42 - Soria,CIUDADANOS RURALES AGRUPADOS - CRA,0,0,Ministerio del Interior / portal oficial de datos abiertos,PRIMARY_OFFICIAL
2015,2015-12-20,42 - Soria,"CIUDADANOS, PARTIDO DE LA CIUDADANÍA - C's",0,0,Ministerio del Interior / portal oficial de datos abiertos,PRIMARY_OFFICIAL
2015,2015-12-20,42 - Soria,"CIUDADANOS, PARTIDO DE LA CIUDADANÍA - C´s",0,0,Ministerio del Interior / portal oficial de datos abiertos,PRIMARY_OFFICIAL
2015,2015-12-20,42 - Soria,CIUDADANOS-PARTIDO DE LA CIUDADANÍA (C's) - C's,0,0,Ministerio del Interior / portal oficial de datos abiertos,PRIMARY_OFFICIAL
2015,2015-12-20,42 - Soria,CIUDADANOS-PARTIDO DE LA CIUDADANÍA - C's,0,0,Ministerio del Interior / portal oficial de datos abiertos,PRIMARY_OFFICIAL
2015,2015-12-20,42 - Soria,CIUDADANOS-PARTIDO DE LA CIUDADANÍA - C´s,7872,0,Ministerio del Interior / portal oficial de datos abiertos,PRIMARY_OFFICIAL
2015,2015-12-20,42 - Soria,CIUTADANS - PARTIDO DE LA CIUDADANÍA - C's,0,0,Ministerio del Interior / portal oficial de datos abiertos,PRIMARY_OFFICIAL
2015,2015-12-20,42 - Soria,CIUTADANS-PARTIDO DE LA CIUDADANÍA - C's,0,0,Ministerio del Interior / portal oficial de datos abiertos,PRIMARY_OFFICIAL
2015,2015-12-20,42 - Soria,COALICIÓN CANARIA - PARTIDO NACIONALISTA CANARIO - CCa-PNC,0,0,Ministerio del Interior / portal oficial de datos abiertos,PRIMARY_OFFICIAL
2015,2015-12-20,42 - Soria,COALICIÓN CANARIA-PARTIDO NACIONALISTA CANARIO - CCa-PNC,0,0,Ministerio del Interior / portal oficial de datos abiertos,PRIMARY_OFFICIAL
2015,2015-12-20,42 - Soria,COMPROMÍS-PODEMOS-ÉS EL MOMENT - PODEMOS - C,0,0,Ministerio del Interior / portal oficial de datos abiertos,PRIMARY_OFFICIAL
2015,2015-12-20,42 - Soria,COMPROMÍS-PODEMOS-ÉS EL MOMENT - PODEMOS-COM,0,0,Ministerio del Interior / portal oficial de datos abiertos,PRIMARY_OFFICIAL
2015,2015-12-20,42 - Soria,COMUNISTAS DA GALIZA - PCPE,0,0,Ministerio del Interior / portal oficial de datos abiertos,PRIMARY_OFFICIAL
2015,2015-12-20,42 - Soria,COMUNISTAS DA GALIZA-PCPE - PCPE,0,0,Ministerio del Interior / portal oficial de datos abiertos,PRIMARY_OFFICIAL
2015,2015-12-20,42 - Soria,DEMOCRACIA NACIONAL - DN,101,0,Ministerio del Interior / portal oficial de datos abiertos,PRIMARY_OFFICIAL
2015,2015-12-20,42 - Soria,DEMOCRÀCIA I LLIBERTAT. CONVERGÈNCIA. DEMÒCRATES. - DL,0,0,Ministerio del Interior / portal oficial de datos abiertos,PRIMARY_OFFICIAL
2015,2015-12-20,42 - Soria,EL PI - PROPOSTA PER LES ILLES - EL PI,0,0,Ministerio del Interior / portal oficial de datos abiertos,PRIMARY_OFFICIAL
2015,2015-12-20,42 - Soria,EN COMÚ PODEM - EN COMÚ,0,0,Ministerio del Interior / portal oficial de datos abiertos,PRIMARY_OFFICIAL
2015,2015-12-20,42 - Soria,EN MAREA - PODEMOS-EN,0,0,Ministerio del Interior / portal oficial de datos abiertos,PRIMARY_OFFICIAL
2015,2015-12-20,42 - Soria,EN MAREA - PODEMOS-En,0,0,Ministerio del Interior / portal oficial de datos abiertos,PRIMARY_OFFICIAL
2015,2015-12-20,42 - Soria,EN POSITIU - EN POSITIU,0,0,Ministerio del Interior / portal oficial de datos abiertos,PRIMARY_OFFICIAL
2015,2015-12-20,42 - Soria,ESCAÑOS EN BLANCO - AULKI ZURIAK - EB - AZ,0,0,Ministerio del Interior / portal oficial de datos abiertos,PRIMARY_OFFICIAL
2015,2015-12-20,42 - Soria,ESCAÑOS EN BLANCO - EB,0,0,Ministerio del Interior / portal oficial de datos abiertos,PRIMARY_OFFICIAL
2015,2015-12-20,42 - Soria,ESCAÑOS EN BLANCO-AULKI ZURIAK - EB-AZ,0,0,Ministerio del Interior / portal oficial de datos abiertos,PRIMARY_OFFICIAL
2015,2015-12-20,42 - Soria,ESCONS EN BLANC/ESCAÑOS EN BLANCO - EB,0,0,Ministerio del Interior / portal oficial de datos abiertos,PRIMARY_OFFICIAL
2015,2015-12-20,42 - Soria,ESQUERRA REPUBLICANA DE CATALUNYA-CATALUNYA SÍ - ERC-CATSI,0,0,Ministerio del Interior / portal oficial de datos abiertos,PRIMARY_OFFICIAL
2015,2015-12-20,42 - Soria,ESQUERRA REPUBLICANA DE CATALUNYA-CATALUNYA SÍ - ERC-CATSÍ,0,0,Ministerio del Interior / portal oficial de datos abiertos,PRIMARY_OFFICIAL
2015,2015-12-20,42 - Soria,EUSKAL HERRIA BILDU (EH Bildu) - EH Bildu,0,0,Ministerio del Interior / portal oficial de datos abiertos,PRIMARY_OFFICIAL
2015,2015-12-20,42 - Soria,EUSKAL HERRIA BILDU - EH Bildu,0,0,Ministerio del Interior / portal oficial de datos abiertos,PRIMARY_OFFICIAL
2015,2015-12-20,42 - Soria,EUZKO ALDERDI JELTZALEA-PARTIDO NACIONALISTA VASCO - EAJ-PNV,0,0,Ministerio del Interior / portal oficial de datos abiertos,PRIMARY_OFFICIAL
2015,2015-12-20,42 - Soria,EXTREMADURA UNIDA-EXTREMEÑOS - EU-eX,0,0,Ministerio del Interior / portal oficial de datos abiertos,PRIMARY_OFFICIAL
2015,2015-12-20,42 - Soria,EZKERRA-X LA IZQUIERDA - EZKERRA,0,0,Ministerio del Interior / portal oficial de datos abiertos,PRIMARY_OFFICIAL
2015,2015-12-20,42 - Soria,FALANGE ESPAÑOLA DE LAS JONS - FE de las J,0,0,Ministerio del Interior / portal oficial de datos abiertos,PRIMARY_OFFICIAL
2015,2015-12-20,42 - Soria,FORO DEMÓCRATA - FDEE,0,0,Ministerio del Interior / portal oficial de datos abiertos,PRIMARY_OFFICIAL
2015,2015-12-20,42 - Soria,GEROA BAI - GBAI,0,0,Ministerio del Interior / portal oficial de datos abiertos,PRIMARY_OFFICIAL
2015,2015-12-20,42 - Soria,INDEPENDIENTES POR ARAGÓN - Independien,0,0,Ministerio del Interior / portal oficial de datos abiertos,PRIMARY_OFFICIAL
2015,2015-12-20,42 - Soria,INICIATIVA FEMINISTA - IFem,0,0,Ministerio del Interior / portal oficial de datos abiertos,PRIMARY_OFFICIAL
2015,2015-12-20,42 - Soria,"JUSTIZIA SOCIAL, PARTICIPACIÓN CIUDADANA - JS,PC",0,0,Ministerio del Interior / portal oficial de datos abiertos,PRIMARY_OFFICIAL
2015,2015-12-20,42 - Soria,"LIBERTAD NAVARRA, LIBERTATE NAFARRA (Ln) - Ln",0,0,Ministerio del Interior / portal oficial de datos abiertos,PRIMARY_OFFICIAL
2015,2015-12-20,42 - Soria,"LIBERTAD NAVARRA, LIBERTATE NAFARRA - Ln",0,0,Ministerio del Interior / portal oficial de datos abiertos,PRIMARY_OFFICIAL
2015,2015-12-20,42 - Soria,LIBERTAD NAVARRA-LIBERTATE NAFARRA - Ln,0,0,Ministerio del Interior / portal oficial de datos abiertos,PRIMARY_OFFICIAL
2015,2015-12-20,42 - Soria,LOS VERDES-ECOPACIFISTAS - CENTRO MODE,0,0,Ministerio del Interior / portal oficial de datos abiertos,PRIMARY_OFFICIAL
2015,2015-12-20,42 - Soria,MUERTE AL SISTEMA - +MAS+,0,0,Ministerio del Interior / portal oficial de datos abiertos,PRIMARY_OFFICIAL
2015,2015-12-20,42 - Soria,MÁLAGA POR SÍ - mlgXSÍ,0,0,Ministerio del Interior / portal oficial de datos abiertos,PRIMARY_OFFICIAL
2015,2015-12-20,42 - Soria,MÉS - MÉS,0,0,Ministerio del Interior / portal oficial de datos abiertos,PRIMARY_OFFICIAL
2015,2015-12-20,42 - Soria,NÓS-CANDIDATURA GALEGA (BNG-CG-FOGA-PCPG-PG) - NÓS,0,0,Ministerio del Interior / portal oficial de datos abiertos,PRIMARY_OFFICIAL
2015,2015-12-20,42 - Soria,ONGI ETORRI - OE,0,0,Ministerio del Interior / portal oficial de datos abiertos,PRIMARY_OFFICIAL
2015,2015-12-20,42 - Soria,PARTIDO ANIMALISTA CONTRA EL MALTRATO ANIMAL (PACM - PACMA,0,0,Ministerio del Interior / portal oficial de datos abiertos,PRIMARY_OFFICIAL
2015,2015-12-20,42 - Soria,PARTIDO ANIMALISTA CONTRA EL MALTRATO ANIMAL - PACMA,192,0,Ministerio del Interior / portal oficial de datos abiertos,PRIMARY_OFFICIAL
2015,2015-12-20,42 - Soria,PARTIDO ANIMALISTA CONTRA O MALTRATO ANIMAL - PACMA,0,0,Ministerio del Interior / portal oficial de datos abiertos,PRIMARY_OFFICIAL
2015,2015-12-20,42 - Soria,PARTIDO ANIMALISTA-CONTRA EL MALTRATO ANIMAL - PACMA,0,0,Ministerio del Interior / portal oficial de datos abiertos,PRIMARY_OFFICIAL
2015,2015-12-20,42 - Soria,PARTIDO COMUNISTA DE LOS PUEBLOS DE ESPAÑA - PCPE,54,0,Ministerio del Interior / portal oficial de datos abiertos,PRIMARY_OFFICIAL
2015,2015-12-20,42 - Soria,PARTIDO COMUNISTA DEL PUEBLO CANARIO - PCPC,0,0,Ministerio del Interior / portal oficial de datos abiertos,PRIMARY_OFFICIAL
2015,2015-12-20,42 - Soria,PARTIDO COMUNISTA OBRERO ESPAÑOL - PCOE,0,0,Ministerio del Interior / portal oficial de datos abiertos,PRIMARY_OFFICIAL
2015,2015-12-20,42 - Soria,PARTIDO DA TERRA - PT,0,0,Ministerio del Interior / portal oficial de datos abiertos,PRIMARY_OFFICIAL
2015,2015-12-20,42 - Soria,PARTIDO DOS SOCIALISTAS DE GALICIA-PSOE - PSdeG-PSOE,0,0,Ministerio del Interior / portal oficial de datos abiertos,PRIMARY_OFFICIAL
2015,2015-12-20,42 - Soria,PARTIDO FAMILIA Y VIDA - PFyV,0,0,Ministerio del Interior / portal oficial de datos abiertos,PRIMARY_OFFICIAL
2015,2015-12-20,42 - Soria,PARTIDO HUMANISTA - PH,0,0,Ministerio del Interior / portal oficial de datos abiertos,PRIMARY_OFFICIAL
2015,2015-12-20,42 - Soria,PARTIDO LIBERAL DE DERECHAS - PLD,0,0,Ministerio del Interior / portal oficial de datos abiertos,PRIMARY_OFFICIAL
2015,2015-12-20,42 - Soria,PARTIDO LIBERTARIO - P-LIB,0,0,Ministerio del Interior / portal oficial de datos abiertos,PRIMARY_OFFICIAL
2015,2015-12-20,42 - Soria,PARTIDO POPULAR (PP) - PP,0,0,Ministerio del Interior / portal oficial de datos abiertos,PRIMARY_OFFICIAL
2015,2015-12-20,42 - Soria,PARTIDO POPULAR - PP,20030,1,Ministerio del Interior / portal oficial de datos abiertos,PRIMARY_OFFICIAL
2015,2015-12-20,42 - Soria,PARTIDO POPULAR EN COALICIÓN CON EL PARTIDO ARAGON - PP-PAR,0,0,Ministerio del Interior / portal oficial de datos abiertos,PRIMARY_OFFICIAL
2015,2015-12-20,42 - Soria,PARTIDO POPULAR-FORO - PP-FORO,0,0,Ministerio del Interior / portal oficial de datos abiertos,PRIMARY_OFFICIAL
2015,2015-12-20,42 - Soria,PARTIDO POPULAR/PARTIT POPULAR - PP,0,0,Ministerio del Interior / portal oficial de datos abiertos,PRIMARY_OFFICIAL
2015,2015-12-20,42 - Soria,PARTIDO REGIONALISTA DEL PAÍS LEONÉS - PREPAL,0,0,Ministerio del Interior / portal oficial de datos abiertos,PRIMARY_OFFICIAL
2015,2015-12-20,42 - Soria,PARTIDO SOCIALISTA DE EUSKADI-EUSKADIKO EZKERRA (P - PSE-EE,0,0,Ministerio del Interior / portal oficial de datos abiertos,PRIMARY_OFFICIAL
2015,2015-12-20,42 - Soria,PARTIDO SOCIALISTA DE EUSKADI-EUSKADIKO EZKERRA (P - PSE-EE (PSO,0,0,Ministerio del Interior / portal oficial de datos abiertos,PRIMARY_OFFICIAL
2015,2015-12-20,42 - Soria,PARTIDO SOCIALISTA OBRERO ESPAÑOL - PSOE,12331,1,Ministerio del Interior / portal oficial de datos abiertos,PRIMARY_OFFICIAL
2015,2015-12-20,42 - Soria,PARTIDO SOCIALISTA OBRERO ESPAÑOL-NUEVA CANARIAS - PSOE-NCa,0,0,Ministerio del Interior / portal oficial de datos abiertos,PRIMARY_OFFICIAL
2015,2015-12-20,42 - Soria,PARTIT ANIMALISTA CONTRA EL MALTRACTAMENT ANIMAL - PACMA,0,0,Ministerio del Interior / portal oficial de datos abiertos,PRIMARY_OFFICIAL
2015,2015-12-20,42 - Soria,PARTIT COMUNISTA DEL POBLE DE CATALUNYA - PCPC,0,0,Ministerio del Interior / portal oficial de datos abiertos,PRIMARY_OFFICIAL
2015,2015-12-20,42 - Soria,PARTIT COMUNISTA DELS POBLES D’ESPANYA - PCPE,0,0,Ministerio del Interior / portal oficial de datos abiertos,PRIMARY_OFFICIAL
2015,2015-12-20,42 - Soria,PARTIT DELS SOCIALISTES DE CATALUNYA (PSC-PSOE) - PSC,0,0,Ministerio del Interior / portal oficial de datos abiertos,PRIMARY_OFFICIAL
2015,2015-12-20,42 - Soria,PARTIT DELS SOCIALISTES DE CATALUNYA - PSC-PSOE,0,0,Ministerio del Interior / portal oficial de datos abiertos,PRIMARY_OFFICIAL
2015,2015-12-20,42 - Soria,PODEMOS - PODEMOS,8328,0,Ministerio del Interior / portal oficial de datos abiertos,PRIMARY_OFFICIAL
2015,2015-12-20,42 - Soria,PODEMOS-AHAL DUGU - PODEMOS-AHA,0,0,Ministerio del Interior / portal oficial de datos abiertos,PRIMARY_OFFICIAL
2015,2015-12-20,42 - Soria,PODEMOS-Ahora Alto Aragón en Común - PODEMOS-Aho,0,0,Ministerio del Interior / portal oficial de datos abiertos,PRIMARY_OFFICIAL
2015,2015-12-20,42 - Soria,PODEMOS/AHAL DUGU - PODEMOS-AHA,0,0,Ministerio del Interior / portal oficial de datos abiertos,PRIMARY_OFFICIAL
2015,2015-12-20,42 - Soria,POR UN MUNDO MÁS JUSTO - PUM+J,0,0,Ministerio del Interior / portal oficial de datos abiertos,PRIMARY_OFFICIAL
2015,2015-12-20,42 - Soria,RECORTES CERO-GRUPO VERDE - RECORTES CE,86,0,Ministerio del Interior / portal oficial de datos abiertos,PRIMARY_OFFICIAL
2015,2015-12-20,42 - Soria,SOLIDARIDAD Y AUTOGESTIÓN INTERNACIONALISTA - SAIn,0,0,Ministerio del Interior / portal oficial de datos abiertos,PRIMARY_OFFICIAL
2015,2015-12-20,42 - Soria,SOLUCIONA - SOLUCIONA,0,0,Ministerio del Interior / portal oficial de datos abiertos,PRIMARY_OFFICIAL
2015,2015-12-20,42 - Soria,SOM VALENCIANS - SOMVAL,0,0,Ministerio del Interior / portal oficial de datos abiertos,PRIMARY_OFFICIAL
2015,2015-12-20,42 - Soria,"UNIDAD POPULAR EN ARAGÓN: IZQUIERDA UNIDA, CHUNTA - IU-CHA-UPeC",0,0,Ministerio del Interior / portal oficial de datos abiertos,PRIMARY_OFFICIAL
2015,2015-12-20,42 - Soria,UNIDAD POPULAR- ORAIN BATERA:EZKER ANITZA-IZQUIERD - IU-UPeC,0,0,Ministerio del Interior / portal oficial de datos abiertos,PRIMARY_OFFICIAL
2015,2015-12-20,42 - Soria,UNIDAD POPULAR-IZQUIERDA UNIDA - UNIDAD POPU,0,0,Ministerio del Interior / portal oficial de datos abiertos,PRIMARY_OFFICIAL
2015,2015-12-20,42 - Soria,UNIDAD POPULAR-ORAIN BATERA:EZKER ANITZA-IZQUIERDA - IU-UPeC,0,0,Ministerio del Interior / portal oficial de datos abiertos,PRIMARY_OFFICIAL
2015,2015-12-20,42 - Soria,UNIDAD POPULAR-ORAIN BATERA:EZKER ANITZA-IZQUIERDA - IU-UpeC,0,0,Ministerio del Interior / portal oficial de datos abiertos,PRIMARY_OFFICIAL
2015,2015-12-20,42 - Soria,"UNIDAD POPULAR-ORAIN BATERA:IZQUIERDA UNIDA, BATZA - IU-B-UPeC",0,0,Ministerio del Interior / portal oficial de datos abiertos,PRIMARY_OFFICIAL
2015,2015-12-20,42 - Soria,"UNIDAD POPULAR: IZQUIERDA UNIDA CANARIA, UNIDAD PO - IUC-UPeC",0,0,Ministerio del Interior / portal oficial de datos abiertos,PRIMARY_OFFICIAL
2015,2015-12-20,42 - Soria,UNIDAD POPULAR: IZQUIERDA UNIDA LOS VERDES - CONVO - UP: IULV-CA,0,0,Ministerio del Interior / portal oficial de datos abiertos,PRIMARY_OFFICIAL
2015,2015-12-20,42 - Soria,"UNIDAD POPULAR: IZQUIERDA UNIDA LOS VERDES-CONVOCA - IULV-CA, UP",0,0,Ministerio del Interior / portal oficial de datos abiertos,PRIMARY_OFFICIAL
2015,2015-12-20,42 - Soria,"UNIDAD POPULAR: IZQUIERDA UNIDA LOS VERDES-CONVOCA - IULV-CA,UPe",0,0,Ministerio del Interior / portal oficial de datos abiertos,PRIMARY_OFFICIAL
2015,2015-12-20,42 - Soria,"UNIDAD POPULAR: IZQUIERDA UNIDA, UNIDAD POPULAR EN - IU-UPeC",1836,0,Ministerio del Interior / portal oficial de datos abiertos,PRIMARY_OFFICIAL
2015,2015-12-20,42 - Soria,"UNIDAD POPULAR: IZQUIERDA UNIDA, UNIDAD POPULAR EN - IU-UPeC-IAS",0,0,Ministerio del Interior / portal oficial de datos abiertos,PRIMARY_OFFICIAL
2015,2015-12-20,42 - Soria,"UNIDAD POPULAR: IZQUIERDA UNIDA, UNIDAD POPULAR EN - UP-UPeC",0,0,Ministerio del Interior / portal oficial de datos abiertos,PRIMARY_OFFICIAL
2015,2015-12-20,42 - Soria,"UNIDAD POPULAR: IZQUIERDA UNIDA, UNIDAD POPULAR EN - UPeC-IU-IZC",0,0,Ministerio del Interior / portal oficial de datos abiertos,PRIMARY_OFFICIAL
2015,2015-12-20,42 - Soria,UNIDAD POPULAR: IZQUIERDA UNIDA-UNIDAD POPULAR EN - IU-UPeC,0,0,Ministerio del Interior / portal oficial de datos abiertos,PRIMARY_OFFICIAL
2015,2015-12-20,42 - Soria,UNIDAD POPULAR: IZQUIERDA UNIDA. UNIDAD POPULAR EN - IU-UPeC,0,0,Ministerio del Interior / portal oficial de datos abiertos,PRIMARY_OFFICIAL
2015,2015-12-20,42 - Soria,"UNIDAD POPULAR: UNIDAD POPULAR EN COMÚN, IZQUIERDA - UPeC-IU",0,0,Ministerio del Interior / portal oficial de datos abiertos,PRIMARY_OFFICIAL
2015,2015-12-20,42 - Soria,"UNITAT POPULAR BALEARS: IZQUIERDA UNIDA, UNIDAD PO - UPB: IU-UPe",0,0,Ministerio del Interior / portal oficial de datos abiertos,PRIMARY_OFFICIAL
2015,2015-12-20,42 - Soria,"UNITAT POPULAR: ESQUERRA UNIDA DEL PAÍS VALENCIÀ, - EUPV-UPeC",0,0,Ministerio del Interior / portal oficial de datos abiertos,PRIMARY_OFFICIAL
2015,2015-12-20,42 - Soria,"UNITAT POPULAR:ESQUERRA UNIDA DEL PAÍS VALENCIÀ, U - EUPV-UPeC",0,0,Ministerio del Interior / portal oficial de datos abiertos,PRIMARY_OFFICIAL
2015,2015-12-20,42 - Soria,UNIÓ DEMOCRÀTICA DE CATALUNYA - Unio.Cat,0,0,Ministerio del Interior / portal oficial de datos abiertos,PRIMARY_OFFICIAL
2015,2015-12-20,42 - Soria,UNIÓ DEMOCRÀTICA DE CATALUNYA - unio.cat,0,0,Ministerio del Interior / portal oficial de datos abiertos,PRIMARY_OFFICIAL
2015,2015-12-20,42 - Soria,UNIÓN DEL PUEBLO NAVARRO EN COALICIÓN CON EL PARTI - UPN-PP,0,0,Ministerio del Interior / portal oficial de datos abiertos,PRIMARY_OFFICIAL
2015,2015-12-20,42 - Soria,UNIÓN PROGRESO Y DEMOCRACIA (UPYD) - UPYD,0,0,Ministerio del Interior / portal oficial de datos abiertos,PRIMARY_OFFICIAL
2015,2015-12-20,42 - Soria,UNIÓN PROGRESO Y DEMOCRACIA - UPYD,327,0,Ministerio del Interior / portal oficial de datos abiertos,PRIMARY_OFFICIAL
2015,2015-12-20,42 - Soria,VOX - VOX,0,0,Ministerio del Interior / portal oficial de datos abiertos,PRIMARY_OFFICIAL
2015,2015-12-20,42 - Soria,X A ESQUERDA - X ESQ,0,0,Ministerio del Interior / portal oficial de datos abiertos,PRIMARY_OFFICIAL
2015,2015-12-20,42 - Soria,X LA IZQUIERDA-LOS VERDES - X LA IZQUIE,0,0,Ministerio del Interior / portal oficial de datos abiertos,PRIMARY_OFFICIAL
2015,2015-12-20,43 - Tarragona,"""EN COMÚ PODEM"" - EN COMÚ",0,0,Ministerio del Interior / portal oficial de datos abiertos,PRIMARY_OFFICIAL
2015,2015-12-20,43 - Tarragona,ANDALUCES DE JAÉN UNIDOS - AJU,0,0,Ministerio del Interior / portal oficial de datos abiertos,PRIMARY_OFFICIAL
2015,2015-12-20,43 - Tarragona,"ARA, PAÍS VALENCIÀ - ARA, PV",0,0,Ministerio del Interior / portal oficial de datos abiertos,PRIMARY_OFFICIAL
2015,2015-12-20,43 - Tarragona,"ARA, PAÍS VALENCIÀ - ARAPV",0,0,Ministerio del Interior / portal oficial de datos abiertos,PRIMARY_OFFICIAL
2015,2015-12-20,43 - Tarragona,AVANT VALENCIANS - AVANT,0,0,Ministerio del Interior / portal oficial de datos abiertos,PRIMARY_OFFICIAL
2015,2015-12-20,43 - Tarragona,BIDEZKO MUNDURANTZ/POR UN MUNDO MÁS JUSTO - PUM+J,0,0,Ministerio del Interior / portal oficial de datos abiertos,PRIMARY_OFFICIAL
2015,2015-12-20,43 - Tarragona,"CANARIAS DECIDE: LOS VERDES, UNIDAD DEL PUEBLO Y A - CANARIAS DE",0,0,Ministerio del Interior / portal oficial de datos abiertos,PRIMARY_OFFICIAL
2015,2015-12-20,43 - Tarragona,CIUDADANOS DE CENTRO DEMOCRÁTICO - CCD,0,0,Ministerio del Interior / portal oficial de datos abiertos,PRIMARY_OFFICIAL
2015,2015-12-20,43 - Tarragona,CIUDADANOS LIBRES UNIDOS - CILUS,0,0,Ministerio del Interior / portal oficial de datos abiertos,PRIMARY_OFFICIAL
2015,2015-12-20,43 - Tarragona,CIUDADANOS PARTIDO DE LA CIUDADANÍA - C's,0,0,Ministerio del Interior / portal oficial de datos abiertos,PRIMARY_OFFICIAL
2015,2015-12-20,43 - Tarragona,CIUDADANOS PARTIDO DE LA CIUDADANÍA - C´s,0,0,Ministerio del Interior / portal oficial de datos abiertos,PRIMARY_OFFICIAL
2015,2015-12-20,43 - Tarragona,CIUDADANOS RURALES AGRUPADOS - CRA,0,0,Ministerio del Interior / portal oficial de datos abiertos,PRIMARY_OFFICIAL
2015,2015-12-20,43 - Tarragona,"CIUDADANOS, PARTIDO DE LA CIUDADANÍA - C's",0,0,Ministerio del Interior / portal oficial de datos abiertos,PRIMARY_OFFICIAL
2015,2015-12-20,43 - Tarragona,"CIUDADANOS, PARTIDO DE LA CIUDADANÍA - C´s",0,0,Ministerio del Interior / portal oficial de datos abiertos,PRIMARY_OFFICIAL
2015,2015-12-20,43 - Tarragona,CIUDADANOS-PARTIDO DE LA CIUDADANÍA (C's) - C's,0,0,Ministerio del Interior / portal oficial de datos abiertos,PRIMARY_OFFICIAL
2015,2015-12-20,43 - Tarragona,CIUDADANOS-PARTIDO DE LA CIUDADANÍA - C's,53152,1,Ministerio del Interior / portal oficial de datos abiertos,PRIMARY_OFFICIAL
2015,2015-12-20,43 - Tarragona,CIUDADANOS-PARTIDO DE LA CIUDADANÍA - C´s,0,0,Ministerio del Interior / portal oficial de datos abiertos,PRIMARY_OFFICIAL
2015,2015-12-20,43 - Tarragona,CIUTADANS - PARTIDO DE LA CIUDADANÍA - C's,0,0,Ministerio del Interior / portal oficial de datos abiertos,PRIMARY_OFFICIAL
2015,2015-12-20,43 - Tarragona,CIUTADANS-PARTIDO DE LA CIUDADANÍA - C's,0,0,Ministerio del Interior / portal oficial de datos abiertos,PRIMARY_OFFICIAL
2015,2015-12-20,43 - Tarragona,COALICIÓN CANARIA - PARTIDO NACIONALISTA CANARIO - CCa-PNC,0,0,Ministerio del Interior / portal oficial de datos abiertos,PRIMARY_OFFICIAL
2015,2015-12-20,43 - Tarragona,COALICIÓN CANARIA-PARTIDO NACIONALISTA CANARIO - CCa-PNC,0,0,Ministerio del Interior / portal oficial de datos abiertos,PRIMARY_OFFICIAL
2015,2015-12-20,43 - Tarragona,COMPROMÍS-PODEMOS-ÉS EL MOMENT - PODEMOS - C,0,0,Ministerio del Interior / portal oficial de datos abiertos,PRIMARY_OFFICIAL
2015,2015-12-20,43 - Tarragona,COMPROMÍS-PODEMOS-ÉS EL MOMENT - PODEMOS-COM,0,0,Ministerio del Interior / portal oficial de datos abiertos,PRIMARY_OFFICIAL
2015,2015-12-20,43 - Tarragona,COMUNISTAS DA GALIZA - PCPE,0,0,Ministerio del Interior / portal oficial de datos abiertos,PRIMARY_OFFICIAL
2015,2015-12-20,43 - Tarragona,COMUNISTAS DA GALIZA-PCPE - PCPE,0,0,Ministerio del Interior / portal oficial de datos abiertos,PRIMARY_OFFICIAL
2015,2015-12-20,43 - Tarragona,DEMOCRACIA NACIONAL - DN,0,0,Ministerio del Interior / portal oficial de datos abiertos,PRIMARY_OFFICIAL
2015,2015-12-20,43 - Tarragona,DEMOCRÀCIA I LLIBERTAT. CONVERGÈNCIA. DEMÒCRATES. - DL,57071,1,Ministerio del Interior / portal oficial de datos abiertos,PRIMARY_OFFICIAL
2015,2015-12-20,43 - Tarragona,EL PI - PROPOSTA PER LES ILLES - EL PI,0,0,Ministerio del Interior / portal oficial de datos abiertos,PRIMARY_OFFICIAL
2015,2015-12-20,43 - Tarragona,EN COMÚ PODEM - EN COMÚ,77036,1,Ministerio del Interior / portal oficial de datos abiertos,PRIMARY_OFFICIAL
2015,2015-12-20,43 - Tarragona,EN MAREA - PODEMOS-EN,0,0,Ministerio del Interior / portal oficial de datos abiertos,PRIMARY_OFFICIAL
2015,2015-12-20,43 - Tarragona,EN MAREA - PODEMOS-En,0,0,Ministerio del Interior / portal oficial de datos abiertos,PRIMARY_OFFICIAL
2015,2015-12-20,43 - Tarragona,EN POSITIU - EN POSITIU,0,0,Ministerio del Interior / portal oficial de datos abiertos,PRIMARY_OFFICIAL
2015,2015-12-20,43 - Tarragona,ESCAÑOS EN BLANCO - AULKI ZURIAK - EB - AZ,0,0,Ministerio del Interior / portal oficial de datos abiertos,PRIMARY_OFFICIAL
2015,2015-12-20,43 - Tarragona,ESCAÑOS EN BLANCO - EB,0,0,Ministerio del Interior / portal oficial de datos abiertos,PRIMARY_OFFICIAL
2015,2015-12-20,43 - Tarragona,ESCAÑOS EN BLANCO-AULKI ZURIAK - EB-AZ,0,0,Ministerio del Interior / portal oficial de datos abiertos,PRIMARY_OFFICIAL
2015,2015-12-20,43 - Tarragona,ESCONS EN BLANC/ESCAÑOS EN BLANCO - EB,625,0,Ministerio del Interior / portal oficial de datos abiertos,PRIMARY_OFFICIAL
2015,2015-12-20,43 - Tarragona,ESQUERRA REPUBLICANA DE CATALUNYA-CATALUNYA SÍ - ERC-CATSI,65272,1,Ministerio del Interior / portal oficial de datos abiertos,PRIMARY_OFFICIAL
2015,2015-12-20,43 - Tarragona,ESQUERRA REPUBLICANA DE CATALUNYA-CATALUNYA SÍ - ERC-CATSÍ,0,0,Ministerio del Interior / portal oficial de datos abiertos,PRIMARY_OFFICIAL
2015,2015-12-20,43 - Tarragona,EUSKAL HERRIA BILDU (EH Bildu) - EH Bildu,0,0,Ministerio del Interior / portal oficial de datos abiertos,PRIMARY_OFFICIAL
2015,2015-12-20,43 - Tarragona,EUSKAL HERRIA BILDU - EH Bildu,0,0,Ministerio del Interior / portal oficial de datos abiertos,PRIMARY_OFFICIAL
2015,2015-12-20,43 - Tarragona,EUZKO ALDERDI JELTZALEA-PARTIDO NACIONALISTA VASCO - EAJ-PNV,0,0,Ministerio del Interior / portal oficial de datos abiertos,PRIMARY_OFFICIAL
2015,2015-12-20,43 - Tarragona,EXTREMADURA UNIDA-EXTREMEÑOS - EU-eX,0,0,Ministerio del Interior / portal oficial de datos abiertos,PRIMARY_OFFICIAL
2015,2015-12-20,43 - Tarragona,EZKERRA-X LA IZQUIERDA - EZKERRA,0,0,Ministerio del Interior / portal oficial de datos abiertos,PRIMARY_OFFICIAL
2015,2015-12-20,43 - Tarragona,FALANGE ESPAÑOLA DE LAS JONS - FE de las J,0,0,Ministerio del Interior / portal oficial de datos abiertos,PRIMARY_OFFICIAL
2015,2015-12-20,43 - Tarragona,FORO DEMÓCRATA - FDEE,0,0,Ministerio del Interior / portal oficial de datos abiertos,PRIMARY_OFFICIAL
2015,2015-12-20,43 - Tarragona,GEROA BAI - GBAI,0,0,Ministerio del Interior / portal oficial de datos abiertos,PRIMARY_OFFICIAL
2015,2015-12-20,43 - Tarragona,INDEPENDIENTES POR ARAGÓN - Independien,0,0,Ministerio del Interior / portal oficial de datos abiertos,PRIMARY_OFFICIAL
2015,2015-12-20,43 - Tarragona,INICIATIVA FEMINISTA - IFem,0,0,Ministerio del Interior / portal oficial de datos abiertos,PRIMARY_OFFICIAL
2015,2015-12-20,43 - Tarragona,"JUSTIZIA SOCIAL, PARTICIPACIÓN CIUDADANA - JS,PC",0,0,Ministerio del Interior / portal oficial de datos abiertos,PRIMARY_OFFICIAL
2015,2015-12-20,43 - Tarragona,"LIBERTAD NAVARRA, LIBERTATE NAFARRA (Ln) - Ln",0,0,Ministerio del Interior / portal oficial de datos abiertos,PRIMARY_OFFICIAL
2015,2015-12-20,43 - Tarragona,"LIBERTAD NAVARRA, LIBERTATE NAFARRA - Ln",0,0,Ministerio del Interior / portal oficial de datos abiertos,PRIMARY_OFFICIAL
2015,2015-12-20,43 - Tarragona,LIBERTAD NAVARRA-LIBERTATE NAFARRA - Ln,0,0,Ministerio del Interior / portal oficial de datos abiertos,PRIMARY_OFFICIAL
2015,2015-12-20,43 - Tarragona,LOS VERDES-ECOPACIFISTAS - CENTRO MODE,0,0,Ministerio del Interior / portal oficial de datos abiertos,PRIMARY_OFFICIAL
2015,2015-12-20,43 - Tarragona,MUERTE AL SISTEMA - +MAS+,0,0,Ministerio del Interior / portal oficial de datos abiertos,PRIMARY_OFFICIAL
2015,2015-12-20,43 - Tarragona,MÁLAGA POR SÍ - mlgXSÍ,0,0,Ministerio del Interior / portal oficial de datos abiertos,PRIMARY_OFFICIAL
2015,2015-12-20,43 - Tarragona,MÉS - MÉS,0,0,Ministerio del Interior / portal oficial de datos abiertos,PRIMARY_OFFICIAL
2015,2015-12-20,43 - Tarragona,NÓS-CANDIDATURA GALEGA (BNG-CG-FOGA-PCPG-PG) - NÓS,0,0,Ministerio del Interior / portal oficial de datos abiertos,PRIMARY_OFFICIAL
2015,2015-12-20,43 - Tarragona,ONGI ETORRI - OE,0,0,Ministerio del Interior / portal oficial de datos abiertos,PRIMARY_OFFICIAL
2015,2015-12-20,43 - Tarragona,PARTIDO ANIMALISTA CONTRA EL MALTRATO ANIMAL (PACM - PACMA,0,0,Ministerio del Interior / portal oficial de datos abiertos,PRIMARY_OFFICIAL
2015,2015-12-20,43 - Tarragona,PARTIDO ANIMALISTA CONTRA EL MALTRATO ANIMAL - PACMA,4170,0,Ministerio del Interior / portal oficial de datos abiertos,PRIMARY_OFFICIAL
2015,2015-12-20,43 - Tarragona,PARTIDO ANIMALISTA CONTRA O MALTRATO ANIMAL - PACMA,0,0,Ministerio del Interior / portal oficial de datos abiertos,PRIMARY_OFFICIAL
2015,2015-12-20,43 - Tarragona,PARTIDO ANIMALISTA-CONTRA EL MALTRATO ANIMAL - PACMA,0,0,Ministerio del Interior / portal oficial de datos abiertos,PRIMARY_OFFICIAL
2015,2015-12-20,43 - Tarragona,PARTIDO COMUNISTA DE LOS PUEBLOS DE ESPAÑA - PCPE,0,0,Ministerio del Interior / portal oficial de datos abiertos,PRIMARY_OFFICIAL
2015,2015-12-20,43 - Tarragona,PARTIDO COMUNISTA DEL PUEBLO CANARIO - PCPC,0,0,Ministerio del Interior / portal oficial de datos abiertos,PRIMARY_OFFICIAL
2015,2015-12-20,43 - Tarragona,PARTIDO COMUNISTA OBRERO ESPAÑOL - PCOE,0,0,Ministerio del Interior / portal oficial de datos abiertos,PRIMARY_OFFICIAL
2015,2015-12-20,43 - Tarragona,PARTIDO DA TERRA - PT,0,0,Ministerio del Interior / portal oficial de datos abiertos,PRIMARY_OFFICIAL
2015,2015-12-20,43 - Tarragona,PARTIDO DOS SOCIALISTAS DE GALICIA-PSOE - PSdeG-PSOE,0,0,Ministerio del Interior / portal oficial de datos abiertos,PRIMARY_OFFICIAL
2015,2015-12-20,43 - Tarragona,PARTIDO FAMILIA Y VIDA - PFyV,0,0,Ministerio del Interior / portal oficial de datos abiertos,PRIMARY_OFFICIAL
2015,2015-12-20,43 - Tarragona,PARTIDO HUMANISTA - PH,0,0,Ministerio del Interior / portal oficial de datos abiertos,PRIMARY_OFFICIAL
2015,2015-12-20,43 - Tarragona,PARTIDO LIBERAL DE DERECHAS - PLD,0,0,Ministerio del Interior / portal oficial de datos abiertos,PRIMARY_OFFICIAL
2015,2015-12-20,43 - Tarragona,PARTIDO LIBERTARIO - P-LIB,0,0,Ministerio del Interior / portal oficial de datos abiertos,PRIMARY_OFFICIAL
2015,2015-12-20,43 - Tarragona,PARTIDO POPULAR (PP) - PP,0,0,Ministerio del Interior / portal oficial de datos abiertos,PRIMARY_OFFICIAL
2015,2015-12-20,43 - Tarragona,PARTIDO POPULAR - PP,45619,1,Ministerio del Interior / portal oficial de datos abiertos,PRIMARY_OFFICIAL
2015,2015-12-20,43 - Tarragona,PARTIDO POPULAR EN COALICIÓN CON EL PARTIDO ARAGON - PP-PAR,0,0,Ministerio del Interior / portal oficial de datos abiertos,PRIMARY_OFFICIAL
2015,2015-12-20,43 - Tarragona,PARTIDO POPULAR-FORO - PP-FORO,0,0,Ministerio del Interior / portal oficial de datos abiertos,PRIMARY_OFFICIAL
2015,2015-12-20,43 - Tarragona,PARTIDO POPULAR/PARTIT POPULAR - PP,0,0,Ministerio del Interior / portal oficial de datos abiertos,PRIMARY_OFFICIAL
2015,2015-12-20,43 - Tarragona,PARTIDO REGIONALISTA DEL PAÍS LEONÉS - PREPAL,0,0,Ministerio del Interior / portal oficial de datos abiertos,PRIMARY_OFFICIAL
2015,2015-12-20,43 - Tarragona,PARTIDO SOCIALISTA DE EUSKADI-EUSKADIKO EZKERRA (P - PSE-EE,0,0,Ministerio del Interior / portal oficial de datos abiertos,PRIMARY_OFFICIAL
2015,2015-12-20,43 - Tarragona,PARTIDO SOCIALISTA DE EUSKADI-EUSKADIKO EZKERRA (P - PSE-EE (PSO,0,0,Ministerio del Interior / portal oficial de datos abiertos,PRIMARY_OFFICIAL
2015,2015-12-20,43 - Tarragona,PARTIDO SOCIALISTA OBRERO ESPAÑOL - PSOE,0,0,Ministerio del Interior / portal oficial de datos abiertos,PRIMARY_OFFICIAL
2015,2015-12-20,43 - Tarragona,PARTIDO SOCIALISTA OBRERO ESPAÑOL-NUEVA CANARIAS - PSOE-NCa,0,0,Ministerio del Interior / portal oficial de datos abiertos,PRIMARY_OFFICIAL
2015,2015-12-20,43 - Tarragona,PARTIT ANIMALISTA CONTRA EL MALTRACTAMENT ANIMAL - PACMA,0,0,Ministerio del Interior / portal oficial de datos abiertos,PRIMARY_OFFICIAL
2015,2015-12-20,43 - Tarragona,PARTIT COMUNISTA DEL POBLE DE CATALUNYA - PCPC,705,0,Ministerio del Interior / portal oficial de datos abiertos,PRIMARY_OFFICIAL
2015,2015-12-20,43 - Tarragona,PARTIT COMUNISTA DELS POBLES D’ESPANYA - PCPE,0,0,Ministerio del Interior / portal oficial de datos abiertos,PRIMARY_OFFICIAL
2015,2015-12-20,43 - Tarragona,PARTIT DELS SOCIALISTES DE CATALUNYA (PSC-PSOE) - PSC,58922,1,Ministerio del Interior / portal oficial de datos abiertos,PRIMARY_OFFICIAL
2015,2015-12-20,43 - Tarragona,PARTIT DELS SOCIALISTES DE CATALUNYA - PSC-PSOE,0,0,Ministerio del Interior / portal oficial de datos abiertos,PRIMARY_OFFICIAL
2015,2015-12-20,43 - Tarragona,PODEMOS - PODEMOS,0,0,Ministerio del Interior / portal oficial de datos abiertos,PRIMARY_OFFICIAL
2015,2015-12-20,43 - Tarragona,PODEMOS-AHAL DUGU - PODEMOS-AHA,0,0,Ministerio del Interior / portal oficial de datos abiertos,PRIMARY_OFFICIAL
2015,2015-12-20,43 - Tarragona,PODEMOS-Ahora Alto Aragón en Común - PODEMOS-Aho,0,0,Ministerio del Interior / portal oficial de datos abiertos,PRIMARY_OFFICIAL
2015,2015-12-20,43 - Tarragona,PODEMOS/AHAL DUGU - PODEMOS-AHA,0,0,Ministerio del Interior / portal oficial de datos abiertos,PRIMARY_OFFICIAL
2015,2015-12-20,43 - Tarragona,POR UN MUNDO MÁS JUSTO - PUM+J,0,0,Ministerio del Interior / portal oficial de datos abiertos,PRIMARY_OFFICIAL
2015,2015-12-20,43 - Tarragona,RECORTES CERO-GRUPO VERDE - RECORTES CE,894,0,Ministerio del Interior / portal oficial de datos abiertos,PRIMARY_OFFICIAL
2015,2015-12-20,43 - Tarragona,SOLIDARIDAD Y AUTOGESTIÓN INTERNACIONALISTA - SAIn,0,0,Ministerio del Interior / portal oficial de datos abiertos,PRIMARY_OFFICIAL
2015,2015-12-20,43 - Tarragona,SOLUCIONA - SOLUCIONA,0,0,Ministerio del Interior / portal oficial de datos abiertos,PRIMARY_OFFICIAL
2015,2015-12-20,43 - Tarragona,SOM VALENCIANS - SOMVAL,0,0,Ministerio del Interior / portal oficial de datos abiertos,PRIMARY_OFFICIAL
2015,2015-12-20,43 - Tarragona,"UNIDAD POPULAR EN ARAGÓN: IZQUIERDA UNIDA, CHUNTA - IU-CHA-UPeC",0,0,Ministerio del Interior / portal oficial de datos abiertos,PRIMARY_OFFICIAL
2015,2015-12-20,43 - Tarragona,UNIDAD POPULAR- ORAIN BATERA:EZKER ANITZA-IZQUIERD - IU-UPeC,0,0,Ministerio del Interior / portal oficial de datos abiertos,PRIMARY_OFFICIAL
2015,2015-12-20,43 - Tarragona,UNIDAD POPULAR-IZQUIERDA UNIDA - UNIDAD POPU,0,0,Ministerio del Interior / portal oficial de datos abiertos,PRIMARY_OFFICIAL
2015,2015-12-20,43 - Tarragona,UNIDAD POPULAR-ORAIN BATERA:EZKER ANITZA-IZQUIERDA - IU-UPeC,0,0,Ministerio del Interior / portal oficial de datos abiertos,PRIMARY_OFFICIAL
2015,2015-12-20,43 - Tarragona,UNIDAD POPULAR-ORAIN BATERA:EZKER ANITZA-IZQUIERDA - IU-UpeC,0,0,Ministerio del Interior / portal oficial de datos abiertos,PRIMARY_OFFICIAL
2015,2015-12-20,43 - Tarragona,"UNIDAD POPULAR-ORAIN BATERA:IZQUIERDA UNIDA, BATZA - IU-B-UPeC",0,0,Ministerio del Interior / portal oficial de datos abiertos,PRIMARY_OFFICIAL
2015,2015-12-20,43 - Tarragona,"UNIDAD POPULAR: IZQUIERDA UNIDA CANARIA, UNIDAD PO - IUC-UPeC",0,0,Ministerio del Interior / portal oficial de datos abiertos,PRIMARY_OFFICIAL
2015,2015-12-20,43 - Tarragona,UNIDAD POPULAR: IZQUIERDA UNIDA LOS VERDES - CONVO - UP: IULV-CA,0,0,Ministerio del Interior / portal oficial de datos abiertos,PRIMARY_OFFICIAL
2015,2015-12-20,43 - Tarragona,"UNIDAD POPULAR: IZQUIERDA UNIDA LOS VERDES-CONVOCA - IULV-CA, UP",0,0,Ministerio del Interior / portal oficial de datos abiertos,PRIMARY_OFFICIAL
2015,2015-12-20,43 - Tarragona,"UNIDAD POPULAR: IZQUIERDA UNIDA LOS VERDES-CONVOCA - IULV-CA,UPe",0,0,Ministerio del Interior / portal oficial de datos abiertos,PRIMARY_OFFICIAL
2015,2015-12-20,43 - Tarragona,"UNIDAD POPULAR: IZQUIERDA UNIDA, UNIDAD POPULAR EN - IU-UPeC",0,0,Ministerio del Interior / portal oficial de datos abiertos,PRIMARY_OFFICIAL
2015,2015-12-20,43 - Tarragona,"UNIDAD POPULAR: IZQUIERDA UNIDA, UNIDAD POPULAR EN - IU-UPeC-IAS",0,0,Ministerio del Interior / portal oficial de datos abiertos,PRIMARY_OFFICIAL
2015,2015-12-20,43 - Tarragona,"UNIDAD POPULAR: IZQUIERDA UNIDA, UNIDAD POPULAR EN - UP-UPeC",0,0,Ministerio del Interior / portal oficial de datos abiertos,PRIMARY_OFFICIAL
2015,2015-12-20,43 - Tarragona,"UNIDAD POPULAR: IZQUIERDA UNIDA, UNIDAD POPULAR EN - UPeC-IU-IZC",0,0,Ministerio del Interior / portal oficial de datos abiertos,PRIMARY_OFFICIAL
2015,2015-12-20,43 - Tarragona,UNIDAD POPULAR: IZQUIERDA UNIDA-UNIDAD POPULAR EN - IU-UPeC,0,0,Ministerio del Interior / portal oficial de datos abiertos,PRIMARY_OFFICIAL
2015,2015-12-20,43 - Tarragona,UNIDAD POPULAR: IZQUIERDA UNIDA. UNIDAD POPULAR EN - IU-UPeC,0,0,Ministerio del Interior / portal oficial de datos abiertos,PRIMARY_OFFICIAL
2015,2015-12-20,43 - Tarragona,"UNIDAD POPULAR: UNIDAD POPULAR EN COMÚN, IZQUIERDA - UPeC-IU",0,0,Ministerio del Interior / portal oficial de datos abiertos,PRIMARY_OFFICIAL
2015,2015-12-20,43 - Tarragona,"UNITAT POPULAR BALEARS: IZQUIERDA UNIDA, UNIDAD PO - UPB: IU-UPe",0,0,Ministerio del Interior / portal oficial de datos abiertos,PRIMARY_OFFICIAL
2015,2015-12-20,43 - Tarragona,"UNITAT POPULAR: ESQUERRA UNIDA DEL PAÍS VALENCIÀ, - EUPV-UPeC",0,0,Ministerio del Interior / portal oficial de datos abiertos,PRIMARY_OFFICIAL
2015,2015-12-20,43 - Tarragona,"UNITAT POPULAR:ESQUERRA UNIDA DEL PAÍS VALENCIÀ, U - EUPV-UPeC",0,0,Ministerio del Interior / portal oficial de datos abiertos,PRIMARY_OFFICIAL
2015,2015-12-20,43 - Tarragona,UNIÓ DEMOCRÀTICA DE CATALUNYA - Unio.Cat,6324,0,Ministerio del Interior / portal oficial de datos abiertos,PRIMARY_OFFICIAL
2015,2015-12-20,43 - Tarragona,UNIÓ DEMOCRÀTICA DE CATALUNYA - unio.cat,0,0,Ministerio del Interior / portal oficial de datos abiertos,PRIMARY_OFFICIAL
2015,2015-12-20,43 - Tarragona,UNIÓN DEL PUEBLO NAVARRO EN COALICIÓN CON EL PARTI - UPN-PP,0,0,Ministerio del Interior / portal oficial de datos abiertos,PRIMARY_OFFICIAL
2015,2015-12-20,43 - Tarragona,UNIÓN PROGRESO Y DEMOCRACIA (UPYD) - UPYD,0,0,Ministerio del Interior / portal oficial de datos abiertos,PRIMARY_OFFICIAL
2015,2015-12-20,43 - Tarragona,UNIÓN PROGRESO Y DEMOCRACIA - UPYD,686,0,Ministerio del Interior / portal oficial de datos abiertos,PRIMARY_OFFICIAL
2015,2015-12-20,43 - Tarragona,VOX - VOX,0,0,Ministerio del Interior / portal oficial de datos abiertos,PRIMARY_OFFICIAL
2015,2015-12-20,43 - Tarragona,X A ESQUERDA - X ESQ,0,0,Ministerio del Interior / portal oficial de datos abiertos,PRIMARY_OFFICIAL
2015,2015-12-20,43 - Tarragona,X LA IZQUIERDA-LOS VERDES - X LA IZQUIE,0,0,Ministerio del Interior / portal oficial de datos abiertos,PRIMARY_OFFICIAL
2015,2015-12-20,44 - Teruel,"""EN COMÚ PODEM"" - EN COMÚ",0,0,Ministerio del Interior / portal oficial de datos abiertos,PRIMARY_OFFICIAL
2015,2015-12-20,44 - Teruel,ANDALUCES DE JAÉN UNIDOS - AJU,0,0,Ministerio del Interior / portal oficial de datos abiertos,PRIMARY_OFFICIAL
2015,2015-12-20,44 - Teruel,"ARA, PAÍS VALENCIÀ - ARA, PV",0,0,Ministerio del Interior / portal oficial de datos abiertos,PRIMARY_OFFICIAL
2015,2015-12-20,44 - Teruel,"ARA, PAÍS VALENCIÀ - ARAPV",0,0,Ministerio del Interior / portal oficial de datos abiertos,PRIMARY_OFFICIAL
2015,2015-12-20,44 - Teruel,AVANT VALENCIANS - AVANT,0,0,Ministerio del Interior / portal oficial de datos abiertos,PRIMARY_OFFICIAL
2015,2015-12-20,44 - Teruel,BIDEZKO MUNDURANTZ/POR UN MUNDO MÁS JUSTO - PUM+J,0,0,Ministerio del Interior / portal oficial de datos abiertos,PRIMARY_OFFICIAL
2015,2015-12-20,44 - Teruel,"CANARIAS DECIDE: LOS VERDES, UNIDAD DEL PUEBLO Y A - CANARIAS DE",0,0,Ministerio del Interior / portal oficial de datos abiertos,PRIMARY_OFFICIAL
2015,2015-12-20,44 - Teruel,CIUDADANOS DE CENTRO DEMOCRÁTICO - CCD,0,0,Ministerio del Interior / portal oficial de datos abiertos,PRIMARY_OFFICIAL
2015,2015-12-20,44 - Teruel,CIUDADANOS LIBRES UNIDOS - CILUS,0,0,Ministerio del Interior / portal oficial de datos abiertos,PRIMARY_OFFICIAL
2015,2015-12-20,44 - Teruel,CIUDADANOS PARTIDO DE LA CIUDADANÍA - C's,0,0,Ministerio del Interior / portal oficial de datos abiertos,PRIMARY_OFFICIAL
2015,2015-12-20,44 - Teruel,CIUDADANOS PARTIDO DE LA CIUDADANÍA - C´s,0,0,Ministerio del Interior / portal oficial de datos abiertos,PRIMARY_OFFICIAL
2015,2015-12-20,44 - Teruel,CIUDADANOS RURALES AGRUPADOS - CRA,0,0,Ministerio del Interior / portal oficial de datos abiertos,PRIMARY_OFFICIAL
2015,2015-12-20,44 - Teruel,"CIUDADANOS, PARTIDO DE LA CIUDADANÍA - C's",0,0,Ministerio del Interior / portal oficial de datos abiertos,PRIMARY_OFFICIAL
2015,2015-12-20,44 - Teruel,"CIUDADANOS, PARTIDO DE LA CIUDADANÍA - C´s",0,0,Ministerio del Interior / portal oficial de datos abiertos,PRIMARY_OFFICIAL
2015,2015-12-20,44 - Teruel,CIUDADANOS-PARTIDO DE LA CIUDADANÍA (C's) - C's,0,0,Ministerio del Interior / portal oficial de datos abiertos,PRIMARY_OFFICIAL
2015,2015-12-20,44 - Teruel,CIUDADANOS-PARTIDO DE LA CIUDADANÍA - C's,11427,0,Ministerio del Interior / portal oficial de datos abiertos,PRIMARY_OFFICIAL
2015,2015-12-20,44 - Teruel,CIUDADANOS-PARTIDO DE LA CIUDADANÍA - C´s,0,0,Ministerio del Interior / portal oficial de datos abiertos,PRIMARY_OFFICIAL
2015,2015-12-20,44 - Teruel,CIUTADANS - PARTIDO DE LA CIUDADANÍA - C's,0,0,Ministerio del Interior / portal oficial de datos abiertos,PRIMARY_OFFICIAL
2015,2015-12-20,44 - Teruel,CIUTADANS-PARTIDO DE LA CIUDADANÍA - C's,0,0,Ministerio del Interior / portal oficial de datos abiertos,PRIMARY_OFFICIAL
2015,2015-12-20,44 - Teruel,COALICIÓN CANARIA - PARTIDO NACIONALISTA CANARIO - CCa-PNC,0,0,Ministerio del Interior / portal oficial de datos abiertos,PRIMARY_OFFICIAL
2015,2015-12-20,44 - Teruel,COALICIÓN CANARIA-PARTIDO NACIONALISTA CANARIO - CCa-PNC,0,0,Ministerio del Interior / portal oficial de datos abiertos,PRIMARY_OFFICIAL
2015,2015-12-20,44 - Teruel,COMPROMÍS-PODEMOS-ÉS EL MOMENT - PODEMOS - C,0,0,Ministerio del Interior / portal oficial de datos abiertos,PRIMARY_OFFICIAL
2015,2015-12-20,44 - Teruel,COMPROMÍS-PODEMOS-ÉS EL MOMENT - PODEMOS-COM,0,0,Ministerio del Interior / portal oficial de datos abiertos,PRIMARY_OFFICIAL
2015,2015-12-20,44 - Teruel,COMUNISTAS DA GALIZA - PCPE,0,0,Ministerio del Interior / portal oficial de datos abiertos,PRIMARY_OFFICIAL
2015,2015-12-20,44 - Teruel,COMUNISTAS DA GALIZA-PCPE - PCPE,0,0,Ministerio del Interior / portal oficial de datos abiertos,PRIMARY_OFFICIAL
2015,2015-12-20,44 - Teruel,DEMOCRACIA NACIONAL - DN,0,0,Ministerio del Interior / portal oficial de datos abiertos,PRIMARY_OFFICIAL
2015,2015-12-20,44 - Teruel,DEMOCRÀCIA I LLIBERTAT. CONVERGÈNCIA. DEMÒCRATES. - DL,0,0,Ministerio del Interior / portal oficial de datos abiertos,PRIMARY_OFFICIAL
2015,2015-12-20,44 - Teruel,EL PI - PROPOSTA PER LES ILLES - EL PI,0,0,Ministerio del Interior / portal oficial de datos abiertos,PRIMARY_OFFICIAL
2015,2015-12-20,44 - Teruel,EN COMÚ PODEM - EN COMÚ,0,0,Ministerio del Interior / portal oficial de datos abiertos,PRIMARY_OFFICIAL
2015,2015-12-20,44 - Teruel,EN MAREA - PODEMOS-EN,0,0,Ministerio del Interior / portal oficial de datos abiertos,PRIMARY_OFFICIAL
2015,2015-12-20,44 - Teruel,EN MAREA - PODEMOS-En,0,0,Ministerio del Interior / portal oficial de datos abiertos,PRIMARY_OFFICIAL
2015,2015-12-20,44 - Teruel,EN POSITIU - EN POSITIU,0,0,Ministerio del Interior / portal oficial de datos abiertos,PRIMARY_OFFICIAL
2015,2015-12-20,44 - Teruel,ESCAÑOS EN BLANCO - AULKI ZURIAK - EB - AZ,0,0,Ministerio del Interior / portal oficial de datos abiertos,PRIMARY_OFFICIAL
2015,2015-12-20,44 - Teruel,ESCAÑOS EN BLANCO - EB,313,0,Ministerio del Interior / portal oficial de datos abiertos,PRIMARY_OFFICIAL
2015,2015-12-20,44 - Teruel,ESCAÑOS EN BLANCO-AULKI ZURIAK - EB-AZ,0,0,Ministerio del Interior / portal oficial de datos abiertos,PRIMARY_OFFICIAL
2015,2015-12-20,44 - Teruel,ESCONS EN BLANC/ESCAÑOS EN BLANCO - EB,0,0,Ministerio del Interior / portal oficial de datos abiertos,PRIMARY_OFFICIAL
2015,2015-12-20,44 - Teruel,ESQUERRA REPUBLICANA DE CATALUNYA-CATALUNYA SÍ - ERC-CATSI,0,0,Ministerio del Interior / portal oficial de datos abiertos,PRIMARY_OFFICIAL
2015,2015-12-20,44 - Teruel,ESQUERRA REPUBLICANA DE CATALUNYA-CATALUNYA SÍ - ERC-CATSÍ,0,0,Ministerio del Interior / portal oficial de datos abiertos,PRIMARY_OFFICIAL
2015,2015-12-20,44 - Teruel,EUSKAL HERRIA BILDU (EH Bildu) - EH Bildu,0,0,Ministerio del Interior / portal oficial de datos abiertos,PRIMARY_OFFICIAL
2015,2015-12-20,44 - Teruel,EUSKAL HERRIA BILDU - EH Bildu,0,0,Ministerio del Interior / portal oficial de datos abiertos,PRIMARY_OFFICIAL
2015,2015-12-20,44 - Teruel,EUZKO ALDERDI JELTZALEA-PARTIDO NACIONALISTA VASCO - EAJ-PNV,0,0,Ministerio del Interior / portal oficial de datos abiertos,PRIMARY_OFFICIAL
2015,2015-12-20,44 - Teruel,EXTREMADURA UNIDA-EXTREMEÑOS - EU-eX,0,0,Ministerio del Interior / portal oficial de datos abiertos,PRIMARY_OFFICIAL
2015,2015-12-20,44 - Teruel,EZKERRA-X LA IZQUIERDA - EZKERRA,0,0,Ministerio del Interior / portal oficial de datos abiertos,PRIMARY_OFFICIAL
2015,2015-12-20,44 - Teruel,FALANGE ESPAÑOLA DE LAS JONS - FE de las J,0,0,Ministerio del Interior / portal oficial de datos abiertos,PRIMARY_OFFICIAL
2015,2015-12-20,44 - Teruel,FORO DEMÓCRATA - FDEE,0,0,Ministerio del Interior / portal oficial de datos abiertos,PRIMARY_OFFICIAL
2015,2015-12-20,44 - Teruel,GEROA BAI - GBAI,0,0,Ministerio del Interior / portal oficial de datos abiertos,PRIMARY_OFFICIAL
2015,2015-12-20,44 - Teruel,INDEPENDIENTES POR ARAGÓN - Independien,0,0,Ministerio del Interior / portal oficial de datos abiertos,PRIMARY_OFFICIAL
2015,2015-12-20,44 - Teruel,INICIATIVA FEMINISTA - IFem,0,0,Ministerio del Interior / portal oficial de datos abiertos,PRIMARY_OFFICIAL
2015,2015-12-20,44 - Teruel,"JUSTIZIA SOCIAL, PARTICIPACIÓN CIUDADANA - JS,PC",0,0,Ministerio del Interior / portal oficial de datos abiertos,PRIMARY_OFFICIAL
2015,2015-12-20,44 - Teruel,"LIBERTAD NAVARRA, LIBERTATE NAFARRA (Ln) - Ln",0,0,Ministerio del Interior / portal oficial de datos abiertos,PRIMARY_OFFICIAL
2015,2015-12-20,44 - Teruel,"LIBERTAD NAVARRA, LIBERTATE NAFARRA - Ln",0,0,Ministerio del Interior / portal oficial de datos abiertos,PRIMARY_OFFICIAL
2015,2015-12-20,44 - Teruel,LIBERTAD NAVARRA-LIBERTATE NAFARRA - Ln,0,0,Ministerio del Interior / portal oficial de datos abiertos,PRIMARY_OFFICIAL
2015,2015-12-20,44 - Teruel,LOS VERDES-ECOPACIFISTAS - CENTRO MODE,0,0,Ministerio del Interior / portal oficial de datos abiertos,PRIMARY_OFFICIAL
2015,2015-12-20,44 - Teruel,MUERTE AL SISTEMA - +MAS+,0,0,Ministerio del Interior / portal oficial de datos abiertos,PRIMARY_OFFICIAL
2015,2015-12-20,44 - Teruel,MÁLAGA POR SÍ - mlgXSÍ,0,0,Ministerio del Interior / portal oficial de datos abiertos,PRIMARY_OFFICIAL
2015,2015-12-20,44 - Teruel,MÉS - MÉS,0,0,Ministerio del Interior / portal oficial de datos abiertos,PRIMARY_OFFICIAL
2015,2015-12-20,44 - Teruel,NÓS-CANDIDATURA GALEGA (BNG-CG-FOGA-PCPG-PG) - NÓS,0,0,Ministerio del Interior / portal oficial de datos abiertos,PRIMARY_OFFICIAL
2015,2015-12-20,44 - Teruel,ONGI ETORRI - OE,0,0,Ministerio del Interior / portal oficial de datos abiertos,PRIMARY_OFFICIAL
2015,2015-12-20,44 - Teruel,PARTIDO ANIMALISTA CONTRA EL MALTRATO ANIMAL (PACM - PACMA,0,0,Ministerio del Interior / portal oficial de datos abiertos,PRIMARY_OFFICIAL
2015,2015-12-20,44 - Teruel,PARTIDO ANIMALISTA CONTRA EL MALTRATO ANIMAL - PACMA,375,0,Ministerio del Interior / portal oficial de datos abiertos,PRIMARY_OFFICIAL
2015,2015-12-20,44 - Teruel,PARTIDO ANIMALISTA CONTRA O MALTRATO ANIMAL - PACMA,0,0,Ministerio del Interior / portal oficial de datos abiertos,PRIMARY_OFFICIAL
2015,2015-12-20,44 - Teruel,PARTIDO ANIMALISTA-CONTRA EL MALTRATO ANIMAL - PACMA,0,0,Ministerio del Interior / portal oficial de datos abiertos,PRIMARY_OFFICIAL
2015,2015-12-20,44 - Teruel,PARTIDO COMUNISTA DE LOS PUEBLOS DE ESPAÑA - PCPE,97,0,Ministerio del Interior / portal oficial de datos abiertos,PRIMARY_OFFICIAL
2015,2015-12-20,44 - Teruel,PARTIDO COMUNISTA DEL PUEBLO CANARIO - PCPC,0,0,Ministerio del Interior / portal oficial de datos abiertos,PRIMARY_OFFICIAL
2015,2015-12-20,44 - Teruel,PARTIDO COMUNISTA OBRERO ESPAÑOL - PCOE,0,0,Ministerio del Interior / portal oficial de datos abiertos,PRIMARY_OFFICIAL
2015,2015-12-20,44 - Teruel,PARTIDO DA TERRA - PT,0,0,Ministerio del Interior / portal oficial de datos abiertos,PRIMARY_OFFICIAL
2015,2015-12-20,44 - Teruel,PARTIDO DOS SOCIALISTAS DE GALICIA-PSOE - PSdeG-PSOE,0,0,Ministerio del Interior / portal oficial de datos abiertos,PRIMARY_OFFICIAL
2015,2015-12-20,44 - Teruel,PARTIDO FAMILIA Y VIDA - PFyV,0,0,Ministerio del Interior / portal oficial de datos abiertos,PRIMARY_OFFICIAL
2015,2015-12-20,44 - Teruel,PARTIDO HUMANISTA - PH,0,0,Ministerio del Interior / portal oficial de datos abiertos,PRIMARY_OFFICIAL
2015,2015-12-20,44 - Teruel,PARTIDO LIBERAL DE DERECHAS - PLD,0,0,Ministerio del Interior / portal oficial de datos abiertos,PRIMARY_OFFICIAL
2015,2015-12-20,44 - Teruel,PARTIDO LIBERTARIO - P-LIB,0,0,Ministerio del Interior / portal oficial de datos abiertos,PRIMARY_OFFICIAL
2015,2015-12-20,44 - Teruel,PARTIDO POPULAR (PP) - PP,0,0,Ministerio del Interior / portal oficial de datos abiertos,PRIMARY_OFFICIAL
2015,2015-12-20,44 - Teruel,PARTIDO POPULAR - PP,0,0,Ministerio del Interior / portal oficial de datos abiertos,PRIMARY_OFFICIAL
2015,2015-12-20,44 - Teruel,PARTIDO POPULAR EN COALICIÓN CON EL PARTIDO ARAGON - PP-PAR,28282,2,Ministerio del Interior / portal oficial de datos abiertos,PRIMARY_OFFICIAL
2015,2015-12-20,44 - Teruel,PARTIDO POPULAR-FORO - PP-FORO,0,0,Ministerio del Interior / portal oficial de datos abiertos,PRIMARY_OFFICIAL
2015,2015-12-20,44 - Teruel,PARTIDO POPULAR/PARTIT POPULAR - PP,0,0,Ministerio del Interior / portal oficial de datos abiertos,PRIMARY_OFFICIAL
2015,2015-12-20,44 - Teruel,PARTIDO REGIONALISTA DEL PAÍS LEONÉS - PREPAL,0,0,Ministerio del Interior / portal oficial de datos abiertos,PRIMARY_OFFICIAL
2015,2015-12-20,44 - Teruel,PARTIDO SOCIALISTA DE EUSKADI-EUSKADIKO EZKERRA (P - PSE-EE,0,0,Ministerio del Interior / portal oficial de datos abiertos,PRIMARY_OFFICIAL
2015,2015-12-20,44 - Teruel,PARTIDO SOCIALISTA DE EUSKADI-EUSKADIKO EZKERRA (P - PSE-EE (PSO,0,0,Ministerio del Interior / portal oficial de datos abiertos,PRIMARY_OFFICIAL
2015,2015-12-20,44 - Teruel,PARTIDO SOCIALISTA OBRERO ESPAÑOL - PSOE,19938,1,Ministerio del Interior / portal oficial de datos abiertos,PRIMARY_OFFICIAL
2015,2015-12-20,44 - Teruel,PARTIDO SOCIALISTA OBRERO ESPAÑOL-NUEVA CANARIAS - PSOE-NCa,0,0,Ministerio del Interior / portal oficial de datos abiertos,PRIMARY_OFFICIAL
2015,2015-12-20,44 - Teruel,PARTIT ANIMALISTA CONTRA EL MALTRACTAMENT ANIMAL - PACMA,0,0,Ministerio del Interior / portal oficial de datos abiertos,PRIMARY_OFFICIAL
2015,2015-12-20,44 - Teruel,PARTIT COMUNISTA DEL POBLE DE CATALUNYA - PCPC,0,0,Ministerio del Interior / portal oficial de datos abiertos,PRIMARY_OFFICIAL
2015,2015-12-20,44 - Teruel,PARTIT COMUNISTA DELS POBLES D’ESPANYA - PCPE,0,0,Ministerio del Interior / portal oficial de datos abiertos,PRIMARY_OFFICIAL
2015,2015-12-20,44 - Teruel,PARTIT DELS SOCIALISTES DE CATALUNYA (PSC-PSOE) - PSC,0,0,Ministerio del Interior / portal oficial de datos abiertos,PRIMARY_OFFICIAL
2015,2015-12-20,44 - Teruel,PARTIT DELS SOCIALISTES DE CATALUNYA - PSC-PSOE,0,0,Ministerio del Interior / portal oficial de datos abiertos,PRIMARY_OFFICIAL
2015,2015-12-20,44 - Teruel,PODEMOS - PODEMOS,11895,0,Ministerio del Interior / portal oficial de datos abiertos,PRIMARY_OFFICIAL
2015,2015-12-20,44 - Teruel,PODEMOS-AHAL DUGU - PODEMOS-AHA,0,0,Ministerio del Interior / portal oficial de datos abiertos,PRIMARY_OFFICIAL
2015,2015-12-20,44 - Teruel,PODEMOS-Ahora Alto Aragón en Común - PODEMOS-Aho,0,0,Ministerio del Interior / portal oficial de datos abiertos,PRIMARY_OFFICIAL
2015,2015-12-20,44 - Teruel,PODEMOS/AHAL DUGU - PODEMOS-AHA,0,0,Ministerio del Interior / portal oficial de datos abiertos,PRIMARY_OFFICIAL
2015,2015-12-20,44 - Teruel,POR UN MUNDO MÁS JUSTO - PUM+J,0,0,Ministerio del Interior / portal oficial de datos abiertos,PRIMARY_OFFICIAL
2015,2015-12-20,44 - Teruel,RECORTES CERO-GRUPO VERDE - RECORTES CE,139,0,Ministerio del Interior / portal oficial de datos abiertos,PRIMARY_OFFICIAL
2015,2015-12-20,44 - Teruel,SOLIDARIDAD Y AUTOGESTIÓN INTERNACIONALISTA - SAIn,0,0,Ministerio del Interior / portal oficial de datos abiertos,PRIMARY_OFFICIAL
2015,2015-12-20,44 - Teruel,SOLUCIONA - SOLUCIONA,0,0,Ministerio del Interior / portal oficial de datos abiertos,PRIMARY_OFFICIAL
2015,2015-12-20,44 - Teruel,SOM VALENCIANS - SOMVAL,0,0,Ministerio del Interior / portal oficial de datos abiertos,PRIMARY_OFFICIAL
2015,2015-12-20,44 - Teruel,"UNIDAD POPULAR EN ARAGÓN: IZQUIERDA UNIDA, CHUNTA - IU-CHA-UPeC",3897,0,Ministerio del Interior / portal oficial de datos abiertos,PRIMARY_OFFICIAL
2015,2015-12-20,44 - Teruel,UNIDAD POPULAR- ORAIN BATERA:EZKER ANITZA-IZQUIERD - IU-UPeC,0,0,Ministerio del Interior / portal oficial de datos abiertos,PRIMARY_OFFICIAL
2015,2015-12-20,44 - Teruel,UNIDAD POPULAR-IZQUIERDA UNIDA - UNIDAD POPU,0,0,Ministerio del Interior / portal oficial de datos abiertos,PRIMARY_OFFICIAL
2015,2015-12-20,44 - Teruel,UNIDAD POPULAR-ORAIN BATERA:EZKER ANITZA-IZQUIERDA - IU-UPeC,0,0,Ministerio del Interior / portal oficial de datos abiertos,PRIMARY_OFFICIAL
2015,2015-12-20,44 - Teruel,UNIDAD POPULAR-ORAIN BATERA:EZKER ANITZA-IZQUIERDA - IU-UpeC,0,0,Ministerio del Interior / portal oficial de datos abiertos,PRIMARY_OFFICIAL
2015,2015-12-20,44 - Teruel,"UNIDAD POPULAR-ORAIN BATERA:IZQUIERDA UNIDA, BATZA - IU-B-UPeC",0,0,Ministerio del Interior / portal oficial de datos abiertos,PRIMARY_OFFICIAL
2015,2015-12-20,44 - Teruel,"UNIDAD POPULAR: IZQUIERDA UNIDA CANARIA, UNIDAD PO - IUC-UPeC",0,0,Ministerio del Interior / portal oficial de datos abiertos,PRIMARY_OFFICIAL
2015,2015-12-20,44 - Teruel,UNIDAD POPULAR: IZQUIERDA UNIDA LOS VERDES - CONVO - UP: IULV-CA,0,0,Ministerio del Interior / portal oficial de datos abiertos,PRIMARY_OFFICIAL
2015,2015-12-20,44 - Teruel,"UNIDAD POPULAR: IZQUIERDA UNIDA LOS VERDES-CONVOCA - IULV-CA, UP",0,0,Ministerio del Interior / portal oficial de datos abiertos,PRIMARY_OFFICIAL
2015,2015-12-20,44 - Teruel,"UNIDAD POPULAR: IZQUIERDA UNIDA LOS VERDES-CONVOCA - IULV-CA,UPe",0,0,Ministerio del Interior / portal oficial de datos abiertos,PRIMARY_OFFICIAL
2015,2015-12-20,44 - Teruel,"UNIDAD POPULAR: IZQUIERDA UNIDA, UNIDAD POPULAR EN - IU-UPeC",0,0,Ministerio del Interior / portal oficial de datos abiertos,PRIMARY_OFFICIAL
2015,2015-12-20,44 - Teruel,"UNIDAD POPULAR: IZQUIERDA UNIDA, UNIDAD POPULAR EN - IU-UPeC-IAS",0,0,Ministerio del Interior / portal oficial de datos abiertos,PRIMARY_OFFICIAL
2015,2015-12-20,44 - Teruel,"UNIDAD POPULAR: IZQUIERDA UNIDA, UNIDAD POPULAR EN - UP-UPeC",0,0,Ministerio del Interior / portal oficial de datos abiertos,PRIMARY_OFFICIAL
2015,2015-12-20,44 - Teruel,"UNIDAD POPULAR: IZQUIERDA UNIDA, UNIDAD POPULAR EN - UPeC-IU-IZC",0,0,Ministerio del Interior / portal oficial de datos abiertos,PRIMARY_OFFICIAL
2015,2015-12-20,44 - Teruel,UNIDAD POPULAR: IZQUIERDA UNIDA-UNIDAD POPULAR EN - IU-UPeC,0,0,Ministerio del Interior / portal oficial de datos abiertos,PRIMARY_OFFICIAL
2015,2015-12-20,44 - Teruel,UNIDAD POPULAR: IZQUIERDA UNIDA. UNIDAD POPULAR EN - IU-UPeC,0,0,Ministerio del Interior / portal oficial de datos abiertos,PRIMARY_OFFICIAL
2015,2015-12-20,44 - Teruel,"UNIDAD POPULAR: UNIDAD POPULAR EN COMÚN, IZQUIERDA - UPeC-IU",0,0,Ministerio del Interior / portal oficial de datos abiertos,PRIMARY_OFFICIAL
2015,2015-12-20,44 - Teruel,"UNITAT POPULAR BALEARS: IZQUIERDA UNIDA, UNIDAD PO - UPB: IU-UPe",0,0,Ministerio del Interior / portal oficial de datos abiertos,PRIMARY_OFFICIAL
2015,2015-12-20,44 - Teruel,"UNITAT POPULAR: ESQUERRA UNIDA DEL PAÍS VALENCIÀ, - EUPV-UPeC",0,0,Ministerio del Interior / portal oficial de datos abiertos,PRIMARY_OFFICIAL
2015,2015-12-20,44 - Teruel,"UNITAT POPULAR:ESQUERRA UNIDA DEL PAÍS VALENCIÀ, U - EUPV-UPeC",0,0,Ministerio del Interior / portal oficial de datos abiertos,PRIMARY_OFFICIAL
2015,2015-12-20,44 - Teruel,UNIÓ DEMOCRÀTICA DE CATALUNYA - Unio.Cat,0,0,Ministerio del Interior / portal oficial de datos abiertos,PRIMARY_OFFICIAL
2015,2015-12-20,44 - Teruel,UNIÓ DEMOCRÀTICA DE CATALUNYA - unio.cat,0,0,Ministerio del Interior / portal oficial de datos abiertos,PRIMARY_OFFICIAL
2015,2015-12-20,44 - Teruel,UNIÓN DEL PUEBLO NAVARRO EN COALICIÓN CON EL PARTI - UPN-PP,0,0,Ministerio del Interior / portal oficial de datos abiertos,PRIMARY_OFFICIAL
2015,2015-12-20,44 - Teruel,UNIÓN PROGRESO Y DEMOCRACIA (UPYD) - UPYD,0,0,Ministerio del Interior / portal oficial de datos abiertos,PRIMARY_OFFICIAL
2015,2015-12-20,44 - Teruel,UNIÓN PROGRESO Y DEMOCRACIA - UPYD,456,0,Ministerio del Interior / portal oficial de datos abiertos,PRIMARY_OFFICIAL
2015,2015-12-20,44 - Teruel,VOX - VOX,0,0,Ministerio del Interior / portal oficial de datos abiertos,PRIMARY_OFFICIAL
2015,2015-12-20,44 - Teruel,X A ESQUERDA - X ESQ,0,0,Ministerio del Interior / portal oficial de datos abiertos,PRIMARY_OFFICIAL
2015,2015-12-20,44 - Teruel,X LA IZQUIERDA-LOS VERDES - X LA IZQUIE,0,0,Ministerio del Interior / portal oficial de datos abiertos,PRIMARY_OFFICIAL
2015,2015-12-20,45 - Toledo,"""EN COMÚ PODEM"" - EN COMÚ",0,0,Ministerio del Interior / portal oficial de datos abiertos,PRIMARY_OFFICIAL
2015,2015-12-20,45 - Toledo,ANDALUCES DE JAÉN UNIDOS - AJU,0,0,Ministerio del Interior / portal oficial de datos abiertos,PRIMARY_OFFICIAL
2015,2015-12-20,45 - Toledo,"ARA, PAÍS VALENCIÀ - ARA, PV",0,0,Ministerio del Interior / portal oficial de datos abiertos,PRIMARY_OFFICIAL
2015,2015-12-20,45 - Toledo,"ARA, PAÍS VALENCIÀ - ARAPV",0,0,Ministerio del Interior / portal oficial de datos abiertos,PRIMARY_OFFICIAL
2015,2015-12-20,45 - Toledo,AVANT VALENCIANS - AVANT,0,0,Ministerio del Interior / portal oficial de datos abiertos,PRIMARY_OFFICIAL
2015,2015-12-20,45 - Toledo,BIDEZKO MUNDURANTZ/POR UN MUNDO MÁS JUSTO - PUM+J,0,0,Ministerio del Interior / portal oficial de datos abiertos,PRIMARY_OFFICIAL
2015,2015-12-20,45 - Toledo,"CANARIAS DECIDE: LOS VERDES, UNIDAD DEL PUEBLO Y A - CANARIAS DE",0,0,Ministerio del Interior / portal oficial de datos abiertos,PRIMARY_OFFICIAL
2015,2015-12-20,45 - Toledo,CIUDADANOS DE CENTRO DEMOCRÁTICO - CCD,0,0,Ministerio del Interior / portal oficial de datos abiertos,PRIMARY_OFFICIAL
2015,2015-12-20,45 - Toledo,CIUDADANOS LIBRES UNIDOS - CILUS,0,0,Ministerio del Interior / portal oficial de datos abiertos,PRIMARY_OFFICIAL
2015,2015-12-20,45 - Toledo,CIUDADANOS PARTIDO DE LA CIUDADANÍA - C's,0,0,Ministerio del Interior / portal oficial de datos abiertos,PRIMARY_OFFICIAL
2015,2015-12-20,45 - Toledo,CIUDADANOS PARTIDO DE LA CIUDADANÍA - C´s,0,0,Ministerio del Interior / portal oficial de datos abiertos,PRIMARY_OFFICIAL
2015,2015-12-20,45 - Toledo,CIUDADANOS RURALES AGRUPADOS - CRA,0,0,Ministerio del Interior / portal oficial de datos abiertos,PRIMARY_OFFICIAL
2015,2015-12-20,45 - Toledo,"CIUDADANOS, PARTIDO DE LA CIUDADANÍA - C's",0,0,Ministerio del Interior / portal oficial de datos abiertos,PRIMARY_OFFICIAL
2015,2015-12-20,45 - Toledo,"CIUDADANOS, PARTIDO DE LA CIUDADANÍA - C´s",0,0,Ministerio del Interior / portal oficial de datos abiertos,PRIMARY_OFFICIAL
2015,2015-12-20,45 - Toledo,CIUDADANOS-PARTIDO DE LA CIUDADANÍA (C's) - C's,0,0,Ministerio del Interior / portal oficial de datos abiertos,PRIMARY_OFFICIAL
2015,2015-12-20,45 - Toledo,CIUDADANOS-PARTIDO DE LA CIUDADANÍA - C's,53199,1,Ministerio del Interior / portal oficial de datos abiertos,PRIMARY_OFFICIAL
2015,2015-12-20,45 - Toledo,CIUDADANOS-PARTIDO DE LA CIUDADANÍA - C´s,0,0,Ministerio del Interior / portal oficial de datos abiertos,PRIMARY_OFFICIAL
2015,2015-12-20,45 - Toledo,CIUTADANS - PARTIDO DE LA CIUDADANÍA - C's,0,0,Ministerio del Interior / portal oficial de datos abiertos,PRIMARY_OFFICIAL
2015,2015-12-20,45 - Toledo,CIUTADANS-PARTIDO DE LA CIUDADANÍA - C's,0,0,Ministerio del Interior / portal oficial de datos abiertos,PRIMARY_OFFICIAL
2015,2015-12-20,45 - Toledo,COALICIÓN CANARIA - PARTIDO NACIONALISTA CANARIO - CCa-PNC,0,0,Ministerio del Interior / portal oficial de datos abiertos,PRIMARY_OFFICIAL
2015,2015-12-20,45 - Toledo,COALICIÓN CANARIA-PARTIDO NACIONALISTA CANARIO - CCa-PNC,0,0,Ministerio del Interior / portal oficial de datos abiertos,PRIMARY_OFFICIAL
2015,2015-12-20,45 - Toledo,COMPROMÍS-PODEMOS-ÉS EL MOMENT - PODEMOS - C,0,0,Ministerio del Interior / portal oficial de datos abiertos,PRIMARY_OFFICIAL
2015,2015-12-20,45 - Toledo,COMPROMÍS-PODEMOS-ÉS EL MOMENT - PODEMOS-COM,0,0,Ministerio del Interior / portal oficial de datos abiertos,PRIMARY_OFFICIAL
2015,2015-12-20,45 - Toledo,COMUNISTAS DA GALIZA - PCPE,0,0,Ministerio del Interior / portal oficial de datos abiertos,PRIMARY_OFFICIAL
2015,2015-12-20,45 - Toledo,COMUNISTAS DA GALIZA-PCPE - PCPE,0,0,Ministerio del Interior / portal oficial de datos abiertos,PRIMARY_OFFICIAL
2015,2015-12-20,45 - Toledo,DEMOCRACIA NACIONAL - DN,0,0,Ministerio del Interior / portal oficial de datos abiertos,PRIMARY_OFFICIAL
2015,2015-12-20,45 - Toledo,DEMOCRÀCIA I LLIBERTAT. CONVERGÈNCIA. DEMÒCRATES. - DL,0,0,Ministerio del Interior / portal oficial de datos abiertos,PRIMARY_OFFICIAL
2015,2015-12-20,45 - Toledo,EL PI - PROPOSTA PER LES ILLES - EL PI,0,0,Ministerio del Interior / portal oficial de datos abiertos,PRIMARY_OFFICIAL
2015,2015-12-20,45 - Toledo,EN COMÚ PODEM - EN COMÚ,0,0,Ministerio del Interior / portal oficial de datos abiertos,PRIMARY_OFFICIAL
2015,2015-12-20,45 - Toledo,EN MAREA - PODEMOS-EN,0,0,Ministerio del Interior / portal oficial de datos abiertos,PRIMARY_OFFICIAL
2015,2015-12-20,45 - Toledo,EN MAREA - PODEMOS-En,0,0,Ministerio del Interior / portal oficial de datos abiertos,PRIMARY_OFFICIAL
2015,2015-12-20,45 - Toledo,EN POSITIU - EN POSITIU,0,0,Ministerio del Interior / portal oficial de datos abiertos,PRIMARY_OFFICIAL
2015,2015-12-20,45 - Toledo,ESCAÑOS EN BLANCO - AULKI ZURIAK - EB - AZ,0,0,Ministerio del Interior / portal oficial de datos abiertos,PRIMARY_OFFICIAL
2015,2015-12-20,45 - Toledo,ESCAÑOS EN BLANCO - EB,0,0,Ministerio del Interior / portal oficial de datos abiertos,PRIMARY_OFFICIAL
2015,2015-12-20,45 - Toledo,ESCAÑOS EN BLANCO-AULKI ZURIAK - EB-AZ,0,0,Ministerio del Interior / portal oficial de datos abiertos,PRIMARY_OFFICIAL
2015,2015-12-20,45 - Toledo,ESCONS EN BLANC/ESCAÑOS EN BLANCO - EB,0,0,Ministerio del Interior / portal oficial de datos abiertos,PRIMARY_OFFICIAL
2015,2015-12-20,45 - Toledo,ESQUERRA REPUBLICANA DE CATALUNYA-CATALUNYA SÍ - ERC-CATSI,0,0,Ministerio del Interior / portal oficial de datos abiertos,PRIMARY_OFFICIAL
2015,2015-12-20,45 - Toledo,ESQUERRA REPUBLICANA DE CATALUNYA-CATALUNYA SÍ - ERC-CATSÍ,0,0,Ministerio del Interior / portal oficial de datos abiertos,PRIMARY_OFFICIAL
2015,2015-12-20,45 - Toledo,EUSKAL HERRIA BILDU (EH Bildu) - EH Bildu,0,0,Ministerio del Interior / portal oficial de datos abiertos,PRIMARY_OFFICIAL
2015,2015-12-20,45 - Toledo,EUSKAL HERRIA BILDU - EH Bildu,0,0,Ministerio del Interior / portal oficial de datos abiertos,PRIMARY_OFFICIAL
2015,2015-12-20,45 - Toledo,EUZKO ALDERDI JELTZALEA-PARTIDO NACIONALISTA VASCO - EAJ-PNV,0,0,Ministerio del Interior / portal oficial de datos abiertos,PRIMARY_OFFICIAL
2015,2015-12-20,45 - Toledo,EXTREMADURA UNIDA-EXTREMEÑOS - EU-eX,0,0,Ministerio del Interior / portal oficial de datos abiertos,PRIMARY_OFFICIAL
2015,2015-12-20,45 - Toledo,EZKERRA-X LA IZQUIERDA - EZKERRA,0,0,Ministerio del Interior / portal oficial de datos abiertos,PRIMARY_OFFICIAL
2015,2015-12-20,45 - Toledo,FALANGE ESPAÑOLA DE LAS JONS - FE de las J,0,0,Ministerio del Interior / portal oficial de datos abiertos,PRIMARY_OFFICIAL
2015,2015-12-20,45 - Toledo,FORO DEMÓCRATA - FDEE,0,0,Ministerio del Interior / portal oficial de datos abiertos,PRIMARY_OFFICIAL
2015,2015-12-20,45 - Toledo,GEROA BAI - GBAI,0,0,Ministerio del Interior / portal oficial de datos abiertos,PRIMARY_OFFICIAL
2015,2015-12-20,45 - Toledo,INDEPENDIENTES POR ARAGÓN - Independien,0,0,Ministerio del Interior / portal oficial de datos abiertos,PRIMARY_OFFICIAL
2015,2015-12-20,45 - Toledo,INICIATIVA FEMINISTA - IFem,0,0,Ministerio del Interior / portal oficial de datos abiertos,PRIMARY_OFFICIAL
2015,2015-12-20,45 - Toledo,"JUSTIZIA SOCIAL, PARTICIPACIÓN CIUDADANA - JS,PC",0,0,Ministerio del Interior / portal oficial de datos abiertos,PRIMARY_OFFICIAL
2015,2015-12-20,45 - Toledo,"LIBERTAD NAVARRA, LIBERTATE NAFARRA (Ln) - Ln",0,0,Ministerio del Interior / portal oficial de datos abiertos,PRIMARY_OFFICIAL
2015,2015-12-20,45 - Toledo,"LIBERTAD NAVARRA, LIBERTATE NAFARRA - Ln",0,0,Ministerio del Interior / portal oficial de datos abiertos,PRIMARY_OFFICIAL
2015,2015-12-20,45 - Toledo,LIBERTAD NAVARRA-LIBERTATE NAFARRA - Ln,0,0,Ministerio del Interior / portal oficial de datos abiertos,PRIMARY_OFFICIAL
2015,2015-12-20,45 - Toledo,LOS VERDES-ECOPACIFISTAS - CENTRO MODE,0,0,Ministerio del Interior / portal oficial de datos abiertos,PRIMARY_OFFICIAL
2015,2015-12-20,45 - Toledo,MUERTE AL SISTEMA - +MAS+,0,0,Ministerio del Interior / portal oficial de datos abiertos,PRIMARY_OFFICIAL
2015,2015-12-20,45 - Toledo,MÁLAGA POR SÍ - mlgXSÍ,0,0,Ministerio del Interior / portal oficial de datos abiertos,PRIMARY_OFFICIAL
2015,2015-12-20,45 - Toledo,MÉS - MÉS,0,0,Ministerio del Interior / portal oficial de datos abiertos,PRIMARY_OFFICIAL
2015,2015-12-20,45 - Toledo,NÓS-CANDIDATURA GALEGA (BNG-CG-FOGA-PCPG-PG) - NÓS,0,0,Ministerio del Interior / portal oficial de datos abiertos,PRIMARY_OFFICIAL
2015,2015-12-20,45 - Toledo,ONGI ETORRI - OE,0,0,Ministerio del Interior / portal oficial de datos abiertos,PRIMARY_OFFICIAL
2015,2015-12-20,45 - Toledo,PARTIDO ANIMALISTA CONTRA EL MALTRATO ANIMAL (PACM - PACMA,0,0,Ministerio del Interior / portal oficial de datos abiertos,PRIMARY_OFFICIAL
2015,2015-12-20,45 - Toledo,PARTIDO ANIMALISTA CONTRA EL MALTRATO ANIMAL - PACMA,3039,0,Ministerio del Interior / portal oficial de datos abiertos,PRIMARY_OFFICIAL
2015,2015-12-20,45 - Toledo,PARTIDO ANIMALISTA CONTRA O MALTRATO ANIMAL - PACMA,0,0,Ministerio del Interior / portal oficial de datos abiertos,PRIMARY_OFFICIAL
2015,2015-12-20,45 - Toledo,PARTIDO ANIMALISTA-CONTRA EL MALTRATO ANIMAL - PACMA,0,0,Ministerio del Interior / portal oficial de datos abiertos,PRIMARY_OFFICIAL
2015,2015-12-20,45 - Toledo,PARTIDO COMUNISTA DE LOS PUEBLOS DE ESPAÑA - PCPE,306,0,Ministerio del Interior / portal oficial de datos abiertos,PRIMARY_OFFICIAL
2015,2015-12-20,45 - Toledo,PARTIDO COMUNISTA DEL PUEBLO CANARIO - PCPC,0,0,Ministerio del Interior / portal oficial de datos abiertos,PRIMARY_OFFICIAL
2015,2015-12-20,45 - Toledo,PARTIDO COMUNISTA OBRERO ESPAÑOL - PCOE,0,0,Ministerio del Interior / portal oficial de datos abiertos,PRIMARY_OFFICIAL
2015,2015-12-20,45 - Toledo,PARTIDO DA TERRA - PT,0,0,Ministerio del Interior / portal oficial de datos abiertos,PRIMARY_OFFICIAL
2015,2015-12-20,45 - Toledo,PARTIDO DOS SOCIALISTAS DE GALICIA-PSOE - PSdeG-PSOE,0,0,Ministerio del Interior / portal oficial de datos abiertos,PRIMARY_OFFICIAL
2015,2015-12-20,45 - Toledo,PARTIDO FAMILIA Y VIDA - PFyV,0,0,Ministerio del Interior / portal oficial de datos abiertos,PRIMARY_OFFICIAL
2015,2015-12-20,45 - Toledo,PARTIDO HUMANISTA - PH,0,0,Ministerio del Interior / portal oficial de datos abiertos,PRIMARY_OFFICIAL
2015,2015-12-20,45 - Toledo,PARTIDO LIBERAL DE DERECHAS - PLD,0,0,Ministerio del Interior / portal oficial de datos abiertos,PRIMARY_OFFICIAL
2015,2015-12-20,45 - Toledo,PARTIDO LIBERTARIO - P-LIB,0,0,Ministerio del Interior / portal oficial de datos abiertos,PRIMARY_OFFICIAL
2015,2015-12-20,45 - Toledo,PARTIDO POPULAR (PP) - PP,0,0,Ministerio del Interior / portal oficial de datos abiertos,PRIMARY_OFFICIAL
2015,2015-12-20,45 - Toledo,PARTIDO POPULAR - PP,149442,2,Ministerio del Interior / portal oficial de datos abiertos,PRIMARY_OFFICIAL
2015,2015-12-20,45 - Toledo,PARTIDO POPULAR EN COALICIÓN CON EL PARTIDO ARAGON - PP-PAR,0,0,Ministerio del Interior / portal oficial de datos abiertos,PRIMARY_OFFICIAL
2015,2015-12-20,45 - Toledo,PARTIDO POPULAR-FORO - PP-FORO,0,0,Ministerio del Interior / portal oficial de datos abiertos,PRIMARY_OFFICIAL
2015,2015-12-20,45 - Toledo,PARTIDO POPULAR/PARTIT POPULAR - PP,0,0,Ministerio del Interior / portal oficial de datos abiertos,PRIMARY_OFFICIAL
2015,2015-12-20,45 - Toledo,PARTIDO REGIONALISTA DEL PAÍS LEONÉS - PREPAL,0,0,Ministerio del Interior / portal oficial de datos abiertos,PRIMARY_OFFICIAL
2015,2015-12-20,45 - Toledo,PARTIDO SOCIALISTA DE EUSKADI-EUSKADIKO EZKERRA (P - PSE-EE,0,0,Ministerio del Interior / portal oficial de datos abiertos,PRIMARY_OFFICIAL
2015,2015-12-20,45 - Toledo,PARTIDO SOCIALISTA DE EUSKADI-EUSKADIKO EZKERRA (P - PSE-EE (PSO,0,0,Ministerio del Interior / portal oficial de datos abiertos,PRIMARY_OFFICIAL
2015,2015-12-20,45 - Toledo,PARTIDO SOCIALISTA OBRERO ESPAÑOL - PSOE,106988,2,Ministerio del Interior / portal oficial de datos abiertos,PRIMARY_OFFICIAL
2015,2015-12-20,45 - Toledo,PARTIDO SOCIALISTA OBRERO ESPAÑOL-NUEVA CANARIAS - PSOE-NCa,0,0,Ministerio del Interior / portal oficial de datos abiertos,PRIMARY_OFFICIAL
2015,2015-12-20,45 - Toledo,PARTIT ANIMALISTA CONTRA EL MALTRACTAMENT ANIMAL - PACMA,0,0,Ministerio del Interior / portal oficial de datos abiertos,PRIMARY_OFFICIAL
2015,2015-12-20,45 - Toledo,PARTIT COMUNISTA DEL POBLE DE CATALUNYA - PCPC,0,0,Ministerio del Interior / portal oficial de datos abiertos,PRIMARY_OFFICIAL
2015,2015-12-20,45 - Toledo,PARTIT COMUNISTA DELS POBLES D’ESPANYA - PCPE,0,0,Ministerio del Interior / portal oficial de datos abiertos,PRIMARY_OFFICIAL
2015,2015-12-20,45 - Toledo,PARTIT DELS SOCIALISTES DE CATALUNYA (PSC-PSOE) - PSC,0,0,Ministerio del Interior / portal oficial de datos abiertos,PRIMARY_OFFICIAL
2015,2015-12-20,45 - Toledo,PARTIT DELS SOCIALISTES DE CATALUNYA - PSC-PSOE,0,0,Ministerio del Interior / portal oficial de datos abiertos,PRIMARY_OFFICIAL
2015,2015-12-20,45 - Toledo,PODEMOS - PODEMOS,52587,1,Ministerio del Interior / portal oficial de datos abiertos,PRIMARY_OFFICIAL
2015,2015-12-20,45 - Toledo,PODEMOS-AHAL DUGU - PODEMOS-AHA,0,0,Ministerio del Interior / portal oficial de datos abiertos,PRIMARY_OFFICIAL
2015,2015-12-20,45 - Toledo,PODEMOS-Ahora Alto Aragón en Común - PODEMOS-Aho,0,0,Ministerio del Interior / portal oficial de datos abiertos,PRIMARY_OFFICIAL
2015,2015-12-20,45 - Toledo,PODEMOS/AHAL DUGU - PODEMOS-AHA,0,0,Ministerio del Interior / portal oficial de datos abiertos,PRIMARY_OFFICIAL
2015,2015-12-20,45 - Toledo,POR UN MUNDO MÁS JUSTO - PUM+J,0,0,Ministerio del Interior / portal oficial de datos abiertos,PRIMARY_OFFICIAL
2015,2015-12-20,45 - Toledo,RECORTES CERO-GRUPO VERDE - RECORTES CE,612,0,Ministerio del Interior / portal oficial de datos abiertos,PRIMARY_OFFICIAL
2015,2015-12-20,45 - Toledo,SOLIDARIDAD Y AUTOGESTIÓN INTERNACIONALISTA - SAIn,0,0,Ministerio del Interior / portal oficial de datos abiertos,PRIMARY_OFFICIAL
2015,2015-12-20,45 - Toledo,SOLUCIONA - SOLUCIONA,0,0,Ministerio del Interior / portal oficial de datos abiertos,PRIMARY_OFFICIAL
2015,2015-12-20,45 - Toledo,SOM VALENCIANS - SOMVAL,0,0,Ministerio del Interior / portal oficial de datos abiertos,PRIMARY_OFFICIAL
2015,2015-12-20,45 - Toledo,"UNIDAD POPULAR EN ARAGÓN: IZQUIERDA UNIDA, CHUNTA - IU-CHA-UPeC",0,0,Ministerio del Interior / portal oficial de datos abiertos,PRIMARY_OFFICIAL
2015,2015-12-20,45 - Toledo,UNIDAD POPULAR- ORAIN BATERA:EZKER ANITZA-IZQUIERD - IU-UPeC,0,0,Ministerio del Interior / portal oficial de datos abiertos,PRIMARY_OFFICIAL
2015,2015-12-20,45 - Toledo,UNIDAD POPULAR-IZQUIERDA UNIDA - UNIDAD POPU,0,0,Ministerio del Interior / portal oficial de datos abiertos,PRIMARY_OFFICIAL
2015,2015-12-20,45 - Toledo,UNIDAD POPULAR-ORAIN BATERA:EZKER ANITZA-IZQUIERDA - IU-UPeC,0,0,Ministerio del Interior / portal oficial de datos abiertos,PRIMARY_OFFICIAL
2015,2015-12-20,45 - Toledo,UNIDAD POPULAR-ORAIN BATERA:EZKER ANITZA-IZQUIERDA - IU-UpeC,0,0,Ministerio del Interior / portal oficial de datos abiertos,PRIMARY_OFFICIAL
2015,2015-12-20,45 - Toledo,"UNIDAD POPULAR-ORAIN BATERA:IZQUIERDA UNIDA, BATZA - IU-B-UPeC",0,0,Ministerio del Interior / portal oficial de datos abiertos,PRIMARY_OFFICIAL
2015,2015-12-20,45 - Toledo,"UNIDAD POPULAR: IZQUIERDA UNIDA CANARIA, UNIDAD PO - IUC-UPeC",0,0,Ministerio del Interior / portal oficial de datos abiertos,PRIMARY_OFFICIAL
2015,2015-12-20,45 - Toledo,UNIDAD POPULAR: IZQUIERDA UNIDA LOS VERDES - CONVO - UP: IULV-CA,0,0,Ministerio del Interior / portal oficial de datos abiertos,PRIMARY_OFFICIAL
2015,2015-12-20,45 - Toledo,"UNIDAD POPULAR: IZQUIERDA UNIDA LOS VERDES-CONVOCA - IULV-CA, UP",0,0,Ministerio del Interior / portal oficial de datos abiertos,PRIMARY_OFFICIAL
2015,2015-12-20,45 - Toledo,"UNIDAD POPULAR: IZQUIERDA UNIDA LOS VERDES-CONVOCA - IULV-CA,UPe",0,0,Ministerio del Interior / portal oficial de datos abiertos,PRIMARY_OFFICIAL
2015,2015-12-20,45 - Toledo,"UNIDAD POPULAR: IZQUIERDA UNIDA, UNIDAD POPULAR EN - IU-UPeC",13590,0,Ministerio del Interior / portal oficial de datos abiertos,PRIMARY_OFFICIAL
2015,2015-12-20,45 - Toledo,"UNIDAD POPULAR: IZQUIERDA UNIDA, UNIDAD POPULAR EN - IU-UPeC-IAS",0,0,Ministerio del Interior / portal oficial de datos abiertos,PRIMARY_OFFICIAL
2015,2015-12-20,45 - Toledo,"UNIDAD POPULAR: IZQUIERDA UNIDA, UNIDAD POPULAR EN - UP-UPeC",0,0,Ministerio del Interior / portal oficial de datos abiertos,PRIMARY_OFFICIAL
2015,2015-12-20,45 - Toledo,"UNIDAD POPULAR: IZQUIERDA UNIDA, UNIDAD POPULAR EN - UPeC-IU-IZC",0,0,Ministerio del Interior / portal oficial de datos abiertos,PRIMARY_OFFICIAL
2015,2015-12-20,45 - Toledo,UNIDAD POPULAR: IZQUIERDA UNIDA-UNIDAD POPULAR EN - IU-UPeC,0,0,Ministerio del Interior / portal oficial de datos abiertos,PRIMARY_OFFICIAL
2015,2015-12-20,45 - Toledo,UNIDAD POPULAR: IZQUIERDA UNIDA. UNIDAD POPULAR EN - IU-UPeC,0,0,Ministerio del Interior / portal oficial de datos abiertos,PRIMARY_OFFICIAL
2015,2015-12-20,45 - Toledo,"UNIDAD POPULAR: UNIDAD POPULAR EN COMÚN, IZQUIERDA - UPeC-IU",0,0,Ministerio del Interior / portal oficial de datos abiertos,PRIMARY_OFFICIAL
2015,2015-12-20,45 - Toledo,"UNITAT POPULAR BALEARS: IZQUIERDA UNIDA, UNIDAD PO - UPB: IU-UPe",0,0,Ministerio del Interior / portal oficial de datos abiertos,PRIMARY_OFFICIAL
2015,2015-12-20,45 - Toledo,"UNITAT POPULAR: ESQUERRA UNIDA DEL PAÍS VALENCIÀ, - EUPV-UPeC",0,0,Ministerio del Interior / portal oficial de datos abiertos,PRIMARY_OFFICIAL
2015,2015-12-20,45 - Toledo,"UNITAT POPULAR:ESQUERRA UNIDA DEL PAÍS VALENCIÀ, U - EUPV-UPeC",0,0,Ministerio del Interior / portal oficial de datos abiertos,PRIMARY_OFFICIAL
2015,2015-12-20,45 - Toledo,UNIÓ DEMOCRÀTICA DE CATALUNYA - Unio.Cat,0,0,Ministerio del Interior / portal oficial de datos abiertos,PRIMARY_OFFICIAL
2015,2015-12-20,45 - Toledo,UNIÓ DEMOCRÀTICA DE CATALUNYA - unio.cat,0,0,Ministerio del Interior / portal oficial de datos abiertos,PRIMARY_OFFICIAL
2015,2015-12-20,45 - Toledo,UNIÓN DEL PUEBLO NAVARRO EN COALICIÓN CON EL PARTI - UPN-PP,0,0,Ministerio del Interior / portal oficial de datos abiertos,PRIMARY_OFFICIAL
2015,2015-12-20,45 - Toledo,UNIÓN PROGRESO Y DEMOCRACIA (UPYD) - UPYD,0,0,Ministerio del Interior / portal oficial de datos abiertos,PRIMARY_OFFICIAL
2015,2015-12-20,45 - Toledo,UNIÓN PROGRESO Y DEMOCRACIA - UPYD,1901,0,Ministerio del Interior / portal oficial de datos abiertos,PRIMARY_OFFICIAL
2015,2015-12-20,45 - Toledo,VOX - VOX,1509,0,Ministerio del Interior / portal oficial de datos abiertos,PRIMARY_OFFICIAL
2015,2015-12-20,45 - Toledo,X A ESQUERDA - X ESQ,0,0,Ministerio del Interior / portal oficial de datos abiertos,PRIMARY_OFFICIAL
2015,2015-12-20,45 - Toledo,X LA IZQUIERDA-LOS VERDES - X LA IZQUIE,0,0,Ministerio del Interior / portal oficial de datos abiertos,PRIMARY_OFFICIAL
2015,2015-12-20,46 - Valencia/València,"""EN COMÚ PODEM"" - EN COMÚ",0,0,Ministerio del Interior / portal oficial de datos abiertos,PRIMARY_OFFICIAL
2015,2015-12-20,46 - Valencia/València,ANDALUCES DE JAÉN UNIDOS - AJU,0,0,Ministerio del Interior / portal oficial de datos abiertos,PRIMARY_OFFICIAL
2015,2015-12-20,46 - Valencia/València,"ARA, PAÍS VALENCIÀ - ARA, PV",1482,0,Ministerio del Interior / portal oficial de datos abiertos,PRIMARY_OFFICIAL
2015,2015-12-20,46 - Valencia/València,"ARA, PAÍS VALENCIÀ - ARAPV",0,0,Ministerio del Interior / portal oficial de datos abiertos,PRIMARY_OFFICIAL
2015,2015-12-20,46 - Valencia/València,AVANT VALENCIANS - AVANT,1003,0,Ministerio del Interior / portal oficial de datos abiertos,PRIMARY_OFFICIAL
2015,2015-12-20,46 - Valencia/València,BIDEZKO MUNDURANTZ/POR UN MUNDO MÁS JUSTO - PUM+J,0,0,Ministerio del Interior / portal oficial de datos abiertos,PRIMARY_OFFICIAL
2015,2015-12-20,46 - Valencia/València,"CANARIAS DECIDE: LOS VERDES, UNIDAD DEL PUEBLO Y A - CANARIAS DE",0,0,Ministerio del Interior / portal oficial de datos abiertos,PRIMARY_OFFICIAL
2015,2015-12-20,46 - Valencia/València,CIUDADANOS DE CENTRO DEMOCRÁTICO - CCD,7111,0,Ministerio del Interior / portal oficial de datos abiertos,PRIMARY_OFFICIAL
2015,2015-12-20,46 - Valencia/València,CIUDADANOS LIBRES UNIDOS - CILUS,0,0,Ministerio del Interior / portal oficial de datos abiertos,PRIMARY_OFFICIAL
2015,2015-12-20,46 - Valencia/València,CIUDADANOS PARTIDO DE LA CIUDADANÍA - C's,0,0,Ministerio del Interior / portal oficial de datos abiertos,PRIMARY_OFFICIAL
2015,2015-12-20,46 - Valencia/València,CIUDADANOS PARTIDO DE LA CIUDADANÍA - C´s,0,0,Ministerio del Interior / portal oficial de datos abiertos,PRIMARY_OFFICIAL
2015,2015-12-20,46 - Valencia/València,CIUDADANOS RURALES AGRUPADOS - CRA,0,0,Ministerio del Interior / portal oficial de datos abiertos,PRIMARY_OFFICIAL
2015,2015-12-20,46 - Valencia/València,"CIUDADANOS, PARTIDO DE LA CIUDADANÍA - C's",0,0,Ministerio del Interior / portal oficial de datos abiertos,PRIMARY_OFFICIAL
2015,2015-12-20,46 - Valencia/València,"CIUDADANOS, PARTIDO DE LA CIUDADANÍA - C´s",0,0,Ministerio del Interior / portal oficial de datos abiertos,PRIMARY_OFFICIAL
2015,2015-12-20,46 - Valencia/València,CIUDADANOS-PARTIDO DE LA CIUDADANÍA (C's) - C's,0,0,Ministerio del Interior / portal oficial de datos abiertos,PRIMARY_OFFICIAL
2015,2015-12-20,46 - Valencia/València,CIUDADANOS-PARTIDO DE LA CIUDADANÍA - C's,221896,2,Ministerio del Interior / portal oficial de datos abiertos,PRIMARY_OFFICIAL
2015,2015-12-20,46 - Valencia/València,CIUDADANOS-PARTIDO DE LA CIUDADANÍA - C´s,0,0,Ministerio del Interior / portal oficial de datos abiertos,PRIMARY_OFFICIAL
2015,2015-12-20,46 - Valencia/València,CIUTADANS - PARTIDO DE LA CIUDADANÍA - C's,0,0,Ministerio del Interior / portal oficial de datos abiertos,PRIMARY_OFFICIAL
2015,2015-12-20,46 - Valencia/València,CIUTADANS-PARTIDO DE LA CIUDADANÍA - C's,0,0,Ministerio del Interior / portal oficial de datos abiertos,PRIMARY_OFFICIAL
2015,2015-12-20,46 - Valencia/València,COALICIÓN CANARIA - PARTIDO NACIONALISTA CANARIO - CCa-PNC,0,0,Ministerio del Interior / portal oficial de datos abiertos,PRIMARY_OFFICIAL
2015,2015-12-20,46 - Valencia/València,COALICIÓN CANARIA-PARTIDO NACIONALISTA CANARIO - CCa-PNC,0,0,Ministerio del Interior / portal oficial de datos abiertos,PRIMARY_OFFICIAL
2015,2015-12-20,46 - Valencia/València,COMPROMÍS-PODEMOS-ÉS EL MOMENT - PODEMOS - C,0,0,Ministerio del Interior / portal oficial de datos abiertos,PRIMARY_OFFICIAL
2015,2015-12-20,46 - Valencia/València,COMPROMÍS-PODEMOS-ÉS EL MOMENT - PODEMOS-COM,397207,5,Ministerio del Interior / portal oficial de datos abiertos,PRIMARY_OFFICIAL
2015,2015-12-20,46 - Valencia/València,COMUNISTAS DA GALIZA - PCPE,0,0,Ministerio del Interior / portal oficial de datos abiertos,PRIMARY_OFFICIAL
2015,2015-12-20,46 - Valencia/València,COMUNISTAS DA GALIZA-PCPE - PCPE,0,0,Ministerio del Interior / portal oficial de datos abiertos,PRIMARY_OFFICIAL
2015,2015-12-20,46 - Valencia/València,DEMOCRACIA NACIONAL - DN,0,0,Ministerio del Interior / portal oficial de datos abiertos,PRIMARY_OFFICIAL
2015,2015-12-20,46 - Valencia/València,DEMOCRÀCIA I LLIBERTAT. CONVERGÈNCIA. DEMÒCRATES. - DL,0,0,Ministerio del Interior / portal oficial de datos abiertos,PRIMARY_OFFICIAL
2015,2015-12-20,46 - Valencia/València,EL PI - PROPOSTA PER LES ILLES - EL PI,0,0,Ministerio del Interior / portal oficial de datos abiertos,PRIMARY_OFFICIAL
2015,2015-12-20,46 - Valencia/València,EN COMÚ PODEM - EN COMÚ,0,0,Ministerio del Interior / portal oficial de datos abiertos,PRIMARY_OFFICIAL
2015,2015-12-20,46 - Valencia/València,EN MAREA - PODEMOS-EN,0,0,Ministerio del Interior / portal oficial de datos abiertos,PRIMARY_OFFICIAL
2015,2015-12-20,46 - Valencia/València,EN MAREA - PODEMOS-En,0,0,Ministerio del Interior / portal oficial de datos abiertos,PRIMARY_OFFICIAL
2015,2015-12-20,46 - Valencia/València,EN POSITIU - EN POSITIU,1276,0,Ministerio del Interior / portal oficial de datos abiertos,PRIMARY_OFFICIAL
2015,2015-12-20,46 - Valencia/València,ESCAÑOS EN BLANCO - AULKI ZURIAK - EB - AZ,0,0,Ministerio del Interior / portal oficial de datos abiertos,PRIMARY_OFFICIAL
2015,2015-12-20,46 - Valencia/València,ESCAÑOS EN BLANCO - EB,0,0,Ministerio del Interior / portal oficial de datos abiertos,PRIMARY_OFFICIAL
2015,2015-12-20,46 - Valencia/València,ESCAÑOS EN BLANCO-AULKI ZURIAK - EB-AZ,0,0,Ministerio del Interior / portal oficial de datos abiertos,PRIMARY_OFFICIAL
2015,2015-12-20,46 - Valencia/València,ESCONS EN BLANC/ESCAÑOS EN BLANCO - EB,0,0,Ministerio del Interior / portal oficial de datos abiertos,PRIMARY_OFFICIAL
2015,2015-12-20,46 - Valencia/València,ESQUERRA REPUBLICANA DE CATALUNYA-CATALUNYA SÍ - ERC-CATSI,0,0,Ministerio del Interior / portal oficial de datos abiertos,PRIMARY_OFFICIAL
2015,2015-12-20,46 - Valencia/València,ESQUERRA REPUBLICANA DE CATALUNYA-CATALUNYA SÍ - ERC-CATSÍ,0,0,Ministerio del Interior / portal oficial de datos abiertos,PRIMARY_OFFICIAL
2015,2015-12-20,46 - Valencia/València,EUSKAL HERRIA BILDU (EH Bildu) - EH Bildu,0,0,Ministerio del Interior / portal oficial de datos abiertos,PRIMARY_OFFICIAL
2015,2015-12-20,46 - Valencia/València,EUSKAL HERRIA BILDU - EH Bildu,0,0,Ministerio del Interior / portal oficial de datos abiertos,PRIMARY_OFFICIAL
2015,2015-12-20,46 - Valencia/València,EUZKO ALDERDI JELTZALEA-PARTIDO NACIONALISTA VASCO - EAJ-PNV,0,0,Ministerio del Interior / portal oficial de datos abiertos,PRIMARY_OFFICIAL
2015,2015-12-20,46 - Valencia/València,EXTREMADURA UNIDA-EXTREMEÑOS - EU-eX,0,0,Ministerio del Interior / portal oficial de datos abiertos,PRIMARY_OFFICIAL
2015,2015-12-20,46 - Valencia/València,EZKERRA-X LA IZQUIERDA - EZKERRA,0,0,Ministerio del Interior / portal oficial de datos abiertos,PRIMARY_OFFICIAL
2015,2015-12-20,46 - Valencia/València,FALANGE ESPAÑOLA DE LAS JONS - FE de las J,0,0,Ministerio del Interior / portal oficial de datos abiertos,PRIMARY_OFFICIAL
2015,2015-12-20,46 - Valencia/València,FORO DEMÓCRATA - FDEE,0,0,Ministerio del Interior / portal oficial de datos abiertos,PRIMARY_OFFICIAL
2015,2015-12-20,46 - Valencia/València,GEROA BAI - GBAI,0,0,Ministerio del Interior / portal oficial de datos abiertos,PRIMARY_OFFICIAL
2015,2015-12-20,46 - Valencia/València,INDEPENDIENTES POR ARAGÓN - Independien,0,0,Ministerio del Interior / portal oficial de datos abiertos,PRIMARY_OFFICIAL
2015,2015-12-20,46 - Valencia/València,INICIATIVA FEMINISTA - IFem,1002,0,Ministerio del Interior / portal oficial de datos abiertos,PRIMARY_OFFICIAL
2015,2015-12-20,46 - Valencia/València,"JUSTIZIA SOCIAL, PARTICIPACIÓN CIUDADANA - JS,PC",0,0,Ministerio del Interior / portal oficial de datos abiertos,PRIMARY_OFFICIAL
2015,2015-12-20,46 - Valencia/València,"LIBERTAD NAVARRA, LIBERTATE NAFARRA (Ln) - Ln",0,0,Ministerio del Interior / portal oficial de datos abiertos,PRIMARY_OFFICIAL
2015,2015-12-20,46 - Valencia/València,"LIBERTAD NAVARRA, LIBERTATE NAFARRA - Ln",0,0,Ministerio del Interior / portal oficial de datos abiertos,PRIMARY_OFFICIAL
2015,2015-12-20,46 - Valencia/València,LIBERTAD NAVARRA-LIBERTATE NAFARRA - Ln,0,0,Ministerio del Interior / portal oficial de datos abiertos,PRIMARY_OFFICIAL
2015,2015-12-20,46 - Valencia/València,LOS VERDES-ECOPACIFISTAS - CENTRO MODE,0,0,Ministerio del Interior / portal oficial de datos abiertos,PRIMARY_OFFICIAL
2015,2015-12-20,46 - Valencia/València,MUERTE AL SISTEMA - +MAS+,0,0,Ministerio del Interior / portal oficial de datos abiertos,PRIMARY_OFFICIAL
2015,2015-12-20,46 - Valencia/València,MÁLAGA POR SÍ - mlgXSÍ,0,0,Ministerio del Interior / portal oficial de datos abiertos,PRIMARY_OFFICIAL
2015,2015-12-20,46 - Valencia/València,MÉS - MÉS,0,0,Ministerio del Interior / portal oficial de datos abiertos,PRIMARY_OFFICIAL
2015,2015-12-20,46 - Valencia/València,NÓS-CANDIDATURA GALEGA (BNG-CG-FOGA-PCPG-PG) - NÓS,0,0,Ministerio del Interior / portal oficial de datos abiertos,PRIMARY_OFFICIAL
2015,2015-12-20,46 - Valencia/València,ONGI ETORRI - OE,0,0,Ministerio del Interior / portal oficial de datos abiertos,PRIMARY_OFFICIAL
2015,2015-12-20,46 - Valencia/València,PARTIDO ANIMALISTA CONTRA EL MALTRATO ANIMAL (PACM - PACMA,0,0,Ministerio del Interior / portal oficial de datos abiertos,PRIMARY_OFFICIAL
2015,2015-12-20,46 - Valencia/València,PARTIDO ANIMALISTA CONTRA EL MALTRATO ANIMAL - PACMA,14494,0,Ministerio del Interior / portal oficial de datos abiertos,PRIMARY_OFFICIAL
2015,2015-12-20,46 - Valencia/València,PARTIDO ANIMALISTA CONTRA O MALTRATO ANIMAL - PACMA,0,0,Ministerio del Interior / portal oficial de datos abiertos,PRIMARY_OFFICIAL
2015,2015-12-20,46 - Valencia/València,PARTIDO ANIMALISTA-CONTRA EL MALTRATO ANIMAL - PACMA,0,0,Ministerio del Interior / portal oficial de datos abiertos,PRIMARY_OFFICIAL
2015,2015-12-20,46 - Valencia/València,PARTIDO COMUNISTA DE LOS PUEBLOS DE ESPAÑA - PCPE,2091,0,Ministerio del Interior / portal oficial de datos abiertos,PRIMARY_OFFICIAL
2015,2015-12-20,46 - Valencia/València,PARTIDO COMUNISTA DEL PUEBLO CANARIO - PCPC,0,0,Ministerio del Interior / portal oficial de datos abiertos,PRIMARY_OFFICIAL
2015,2015-12-20,46 - Valencia/València,PARTIDO COMUNISTA OBRERO ESPAÑOL - PCOE,0,0,Ministerio del Interior / portal oficial de datos abiertos,PRIMARY_OFFICIAL
2015,2015-12-20,46 - Valencia/València,PARTIDO DA TERRA - PT,0,0,Ministerio del Interior / portal oficial de datos abiertos,PRIMARY_OFFICIAL
2015,2015-12-20,46 - Valencia/València,PARTIDO DOS SOCIALISTAS DE GALICIA-PSOE - PSdeG-PSOE,0,0,Ministerio del Interior / portal oficial de datos abiertos,PRIMARY_OFFICIAL
2015,2015-12-20,46 - Valencia/València,PARTIDO FAMILIA Y VIDA - PFyV,0,0,Ministerio del Interior / portal oficial de datos abiertos,PRIMARY_OFFICIAL
2015,2015-12-20,46 - Valencia/València,PARTIDO HUMANISTA - PH,0,0,Ministerio del Interior / portal oficial de datos abiertos,PRIMARY_OFFICIAL
2015,2015-12-20,46 - Valencia/València,PARTIDO LIBERAL DE DERECHAS - PLD,0,0,Ministerio del Interior / portal oficial de datos abiertos,PRIMARY_OFFICIAL
2015,2015-12-20,46 - Valencia/València,PARTIDO LIBERTARIO - P-LIB,0,0,Ministerio del Interior / portal oficial de datos abiertos,PRIMARY_OFFICIAL
2015,2015-12-20,46 - Valencia/València,PARTIDO POPULAR (PP) - PP,0,0,Ministerio del Interior / portal oficial de datos abiertos,PRIMARY_OFFICIAL
2015,2015-12-20,46 - Valencia/València,PARTIDO POPULAR - PP,442578,5,Ministerio del Interior / portal oficial de datos abiertos,PRIMARY_OFFICIAL
2015,2015-12-20,46 - Valencia/València,PARTIDO POPULAR EN COALICIÓN CON EL PARTIDO ARAGON - PP-PAR,0,0,Ministerio del Interior / portal oficial de datos abiertos,PRIMARY_OFFICIAL
2015,2015-12-20,46 - Valencia/València,PARTIDO POPULAR-FORO - PP-FORO,0,0,Ministerio del Interior / portal oficial de datos abiertos,PRIMARY_OFFICIAL
2015,2015-12-20,46 - Valencia/València,PARTIDO POPULAR/PARTIT POPULAR - PP,0,0,Ministerio del Interior / portal oficial de datos abiertos,PRIMARY_OFFICIAL
2015,2015-12-20,46 - Valencia/València,PARTIDO REGIONALISTA DEL PAÍS LEONÉS - PREPAL,0,0,Ministerio del Interior / portal oficial de datos abiertos,PRIMARY_OFFICIAL
2015,2015-12-20,46 - Valencia/València,PARTIDO SOCIALISTA DE EUSKADI-EUSKADIKO EZKERRA (P - PSE-EE,0,0,Ministerio del Interior / portal oficial de datos abiertos,PRIMARY_OFFICIAL
2015,2015-12-20,46 - Valencia/València,PARTIDO SOCIALISTA DE EUSKADI-EUSKADIKO EZKERRA (P - PSE-EE (PSO,0,0,Ministerio del Interior / portal oficial de datos abiertos,PRIMARY_OFFICIAL
2015,2015-12-20,46 - Valencia/València,PARTIDO SOCIALISTA OBRERO ESPAÑOL - PSOE,276188,3,Ministerio del Interior / portal oficial de datos abiertos,PRIMARY_OFFICIAL
2015,2015-12-20,46 - Valencia/València,PARTIDO SOCIALISTA OBRERO ESPAÑOL-NUEVA CANARIAS - PSOE-NCa,0,0,Ministerio del Interior / portal oficial de datos abiertos,PRIMARY_OFFICIAL
2015,2015-12-20,46 - Valencia/València,PARTIT ANIMALISTA CONTRA EL MALTRACTAMENT ANIMAL - PACMA,0,0,Ministerio del Interior / portal oficial de datos abiertos,PRIMARY_OFFICIAL
2015,2015-12-20,46 - Valencia/València,PARTIT COMUNISTA DEL POBLE DE CATALUNYA - PCPC,0,0,Ministerio del Interior / portal oficial de datos abiertos,PRIMARY_OFFICIAL
2015,2015-12-20,46 - Valencia/València,PARTIT COMUNISTA DELS POBLES D’ESPANYA - PCPE,0,0,Ministerio del Interior / portal oficial de datos abiertos,PRIMARY_OFFICIAL
2015,2015-12-20,46 - Valencia/València,PARTIT DELS SOCIALISTES DE CATALUNYA (PSC-PSOE) - PSC,0,0,Ministerio del Interior / portal oficial de datos abiertos,PRIMARY_OFFICIAL
2015,2015-12-20,46 - Valencia/València,PARTIT DELS SOCIALISTES DE CATALUNYA - PSC-PSOE,0,0,Ministerio del Interior / portal oficial de datos abiertos,PRIMARY_OFFICIAL
2015,2015-12-20,46 - Valencia/València,PODEMOS - PODEMOS,0,0,Ministerio del Interior / portal oficial de datos abiertos,PRIMARY_OFFICIAL
2015,2015-12-20,46 - Valencia/València,PODEMOS-AHAL DUGU - PODEMOS-AHA,0,0,Ministerio del Interior / portal oficial de datos abiertos,PRIMARY_OFFICIAL
2015,2015-12-20,46 - Valencia/València,PODEMOS-Ahora Alto Aragón en Común - PODEMOS-Aho,0,0,Ministerio del Interior / portal oficial de datos abiertos,PRIMARY_OFFICIAL
2015,2015-12-20,46 - Valencia/València,PODEMOS/AHAL DUGU - PODEMOS-AHA,0,0,Ministerio del Interior / portal oficial de datos abiertos,PRIMARY_OFFICIAL
2015,2015-12-20,46 - Valencia/València,POR UN MUNDO MÁS JUSTO - PUM+J,0,0,Ministerio del Interior / portal oficial de datos abiertos,PRIMARY_OFFICIAL
2015,2015-12-20,46 - Valencia/València,RECORTES CERO-GRUPO VERDE - RECORTES CE,2761,0,Ministerio del Interior / portal oficial de datos abiertos,PRIMARY_OFFICIAL
2015,2015-12-20,46 - Valencia/València,SOLIDARIDAD Y AUTOGESTIÓN INTERNACIONALISTA - SAIn,0,0,Ministerio del Interior / portal oficial de datos abiertos,PRIMARY_OFFICIAL
2015,2015-12-20,46 - Valencia/València,SOLUCIONA - SOLUCIONA,0,0,Ministerio del Interior / portal oficial de datos abiertos,PRIMARY_OFFICIAL
2015,2015-12-20,46 - Valencia/València,SOM VALENCIANS - SOMVAL,5232,0,Ministerio del Interior / portal oficial de datos abiertos,PRIMARY_OFFICIAL
2015,2015-12-20,46 - Valencia/València,"UNIDAD POPULAR EN ARAGÓN: IZQUIERDA UNIDA, CHUNTA - IU-CHA-UPeC",0,0,Ministerio del Interior / portal oficial de datos abiertos,PRIMARY_OFFICIAL
2015,2015-12-20,46 - Valencia/València,UNIDAD POPULAR- ORAIN BATERA:EZKER ANITZA-IZQUIERD - IU-UPeC,0,0,Ministerio del Interior / portal oficial de datos abiertos,PRIMARY_OFFICIAL
2015,2015-12-20,46 - Valencia/València,UNIDAD POPULAR-IZQUIERDA UNIDA - UNIDAD POPU,0,0,Ministerio del Interior / portal oficial de datos abiertos,PRIMARY_OFFICIAL
2015,2015-12-20,46 - Valencia/València,UNIDAD POPULAR-ORAIN BATERA:EZKER ANITZA-IZQUIERDA - IU-UPeC,0,0,Ministerio del Interior / portal oficial de datos abiertos,PRIMARY_OFFICIAL
2015,2015-12-20,46 - Valencia/València,UNIDAD POPULAR-ORAIN BATERA:EZKER ANITZA-IZQUIERDA - IU-UpeC,0,0,Ministerio del Interior / portal oficial de datos abiertos,PRIMARY_OFFICIAL
2015,2015-12-20,46 - Valencia/València,"UNIDAD POPULAR-ORAIN BATERA:IZQUIERDA UNIDA, BATZA - IU-B-UPeC",0,0,Ministerio del Interior / portal oficial de datos abiertos,PRIMARY_OFFICIAL
2015,2015-12-20,46 - Valencia/València,"UNIDAD POPULAR: IZQUIERDA UNIDA CANARIA, UNIDAD PO - IUC-UPeC",0,0,Ministerio del Interior / portal oficial de datos abiertos,PRIMARY_OFFICIAL
2015,2015-12-20,46 - Valencia/València,UNIDAD POPULAR: IZQUIERDA UNIDA LOS VERDES - CONVO - UP: IULV-CA,0,0,Ministerio del Interior / portal oficial de datos abiertos,PRIMARY_OFFICIAL
2015,2015-12-20,46 - Valencia/València,"UNIDAD POPULAR: IZQUIERDA UNIDA LOS VERDES-CONVOCA - IULV-CA, UP",0,0,Ministerio del Interior / portal oficial de datos abiertos,PRIMARY_OFFICIAL
2015,2015-12-20,46 - Valencia/València,"UNIDAD POPULAR: IZQUIERDA UNIDA LOS VERDES-CONVOCA - IULV-CA,UPe",0,0,Ministerio del Interior / portal oficial de datos abiertos,PRIMARY_OFFICIAL
2015,2015-12-20,46 - Valencia/València,"UNIDAD POPULAR: IZQUIERDA UNIDA, UNIDAD POPULAR EN - IU-UPeC",0,0,Ministerio del Interior / portal oficial de datos abiertos,PRIMARY_OFFICIAL
2015,2015-12-20,46 - Valencia/València,"UNIDAD POPULAR: IZQUIERDA UNIDA, UNIDAD POPULAR EN - IU-UPeC-IAS",0,0,Ministerio del Interior / portal oficial de datos abiertos,PRIMARY_OFFICIAL
2015,2015-12-20,46 - Valencia/València,"UNIDAD POPULAR: IZQUIERDA UNIDA, UNIDAD POPULAR EN - UP-UPeC",0,0,Ministerio del Interior / portal oficial de datos abiertos,PRIMARY_OFFICIAL
2015,2015-12-20,46 - Valencia/València,"UNIDAD POPULAR: IZQUIERDA UNIDA, UNIDAD POPULAR EN - UPeC-IU-IZC",0,0,Ministerio del Interior / portal oficial de datos abiertos,PRIMARY_OFFICIAL
2015,2015-12-20,46 - Valencia/València,UNIDAD POPULAR: IZQUIERDA UNIDA-UNIDAD POPULAR EN - IU-UPeC,0,0,Ministerio del Interior / portal oficial de datos abiertos,PRIMARY_OFFICIAL
2015,2015-12-20,46 - Valencia/València,UNIDAD POPULAR: IZQUIERDA UNIDA. UNIDAD POPULAR EN - IU-UPeC,0,0,Ministerio del Interior / portal oficial de datos abiertos,PRIMARY_OFFICIAL
2015,2015-12-20,46 - Valencia/València,"UNIDAD POPULAR: UNIDAD POPULAR EN COMÚN, IZQUIERDA - UPeC-IU",0,0,Ministerio del Interior / portal oficial de datos abiertos,PRIMARY_OFFICIAL
2015,2015-12-20,46 - Valencia/València,"UNITAT POPULAR BALEARS: IZQUIERDA UNIDA, UNIDAD PO - UPB: IU-UPe",0,0,Ministerio del Interior / portal oficial de datos abiertos,PRIMARY_OFFICIAL
2015,2015-12-20,46 - Valencia/València,"UNITAT POPULAR: ESQUERRA UNIDA DEL PAÍS VALENCIÀ, - EUPV-UPeC",68961,0,Ministerio del Interior / portal oficial de datos abiertos,PRIMARY_OFFICIAL
2015,2015-12-20,46 - Valencia/València,"UNITAT POPULAR:ESQUERRA UNIDA DEL PAÍS VALENCIÀ, U - EUPV-UPeC",0,0,Ministerio del Interior / portal oficial de datos abiertos,PRIMARY_OFFICIAL
2015,2015-12-20,46 - Valencia/València,UNIÓ DEMOCRÀTICA DE CATALUNYA - Unio.Cat,0,0,Ministerio del Interior / portal oficial de datos abiertos,PRIMARY_OFFICIAL
2015,2015-12-20,46 - Valencia/València,UNIÓ DEMOCRÀTICA DE CATALUNYA - unio.cat,0,0,Ministerio del Interior / portal oficial de datos abiertos,PRIMARY_OFFICIAL
2015,2015-12-20,46 - Valencia/València,UNIÓN DEL PUEBLO NAVARRO EN COALICIÓN CON EL PARTI - UPN-PP,0,0,Ministerio del Interior / portal oficial de datos abiertos,PRIMARY_OFFICIAL
2015,2015-12-20,46 - Valencia/València,UNIÓN PROGRESO Y DEMOCRACIA (UPYD) - UPYD,0,0,Ministerio del Interior / portal oficial de datos abiertos,PRIMARY_OFFICIAL
2015,2015-12-20,46 - Valencia/València,UNIÓN PROGRESO Y DEMOCRACIA - UPYD,9990,0,Ministerio del Interior / portal oficial de datos abiertos,PRIMARY_OFFICIAL
2015,2015-12-20,46 - Valencia/València,VOX - VOX,4135,0,Ministerio del Interior / portal oficial de datos abiertos,PRIMARY_OFFICIAL
2015,2015-12-20,46 - Valencia/València,X A ESQUERDA - X ESQ,0,0,Ministerio del Interior / portal oficial de datos abiertos,PRIMARY_OFFICIAL
2015,2015-12-20,46 - Valencia/València,X LA IZQUIERDA-LOS VERDES - X LA IZQUIE,0,0,Ministerio del Interior / portal oficial de datos abiertos,PRIMARY_OFFICIAL
2015,2015-12-20,47 - Valladolid,"""EN COMÚ PODEM"" - EN COMÚ",0,0,Ministerio del Interior / portal oficial de datos abiertos,PRIMARY_OFFICIAL
2015,2015-12-20,47 - Valladolid,ANDALUCES DE JAÉN UNIDOS - AJU,0,0,Ministerio del Interior / portal oficial de datos abiertos,PRIMARY_OFFICIAL
2015,2015-12-20,47 - Valladolid,"ARA, PAÍS VALENCIÀ - ARA, PV",0,0,Ministerio del Interior / portal oficial de datos abiertos,PRIMARY_OFFICIAL
2015,2015-12-20,47 - Valladolid,"ARA, PAÍS VALENCIÀ - ARAPV",0,0,Ministerio del Interior / portal oficial de datos abiertos,PRIMARY_OFFICIAL
2015,2015-12-20,47 - Valladolid,AVANT VALENCIANS - AVANT,0,0,Ministerio del Interior / portal oficial de datos abiertos,PRIMARY_OFFICIAL
2015,2015-12-20,47 - Valladolid,BIDEZKO MUNDURANTZ/POR UN MUNDO MÁS JUSTO - PUM+J,0,0,Ministerio del Interior / portal oficial de datos abiertos,PRIMARY_OFFICIAL
2015,2015-12-20,47 - Valladolid,"CANARIAS DECIDE: LOS VERDES, UNIDAD DEL PUEBLO Y A - CANARIAS DE",0,0,Ministerio del Interior / portal oficial de datos abiertos,PRIMARY_OFFICIAL
2015,2015-12-20,47 - Valladolid,CIUDADANOS DE CENTRO DEMOCRÁTICO - CCD,1579,0,Ministerio del Interior / portal oficial de datos abiertos,PRIMARY_OFFICIAL
2015,2015-12-20,47 - Valladolid,CIUDADANOS LIBRES UNIDOS - CILUS,0,0,Ministerio del Interior / portal oficial de datos abiertos,PRIMARY_OFFICIAL
2015,2015-12-20,47 - Valladolid,CIUDADANOS PARTIDO DE LA CIUDADANÍA - C's,0,0,Ministerio del Interior / portal oficial de datos abiertos,PRIMARY_OFFICIAL
2015,2015-12-20,47 - Valladolid,CIUDADANOS PARTIDO DE LA CIUDADANÍA - C´s,0,0,Ministerio del Interior / portal oficial de datos abiertos,PRIMARY_OFFICIAL
2015,2015-12-20,47 - Valladolid,CIUDADANOS RURALES AGRUPADOS - CRA,0,0,Ministerio del Interior / portal oficial de datos abiertos,PRIMARY_OFFICIAL
2015,2015-12-20,47 - Valladolid,"CIUDADANOS, PARTIDO DE LA CIUDADANÍA - C's",0,0,Ministerio del Interior / portal oficial de datos abiertos,PRIMARY_OFFICIAL
2015,2015-12-20,47 - Valladolid,"CIUDADANOS, PARTIDO DE LA CIUDADANÍA - C´s",0,0,Ministerio del Interior / portal oficial de datos abiertos,PRIMARY_OFFICIAL
2015,2015-12-20,47 - Valladolid,CIUDADANOS-PARTIDO DE LA CIUDADANÍA (C's) - C's,0,0,Ministerio del Interior / portal oficial de datos abiertos,PRIMARY_OFFICIAL
2015,2015-12-20,47 - Valladolid,CIUDADANOS-PARTIDO DE LA CIUDADANÍA - C's,56347,1,Ministerio del Interior / portal oficial de datos abiertos,PRIMARY_OFFICIAL
2015,2015-12-20,47 - Valladolid,CIUDADANOS-PARTIDO DE LA CIUDADANÍA - C´s,0,0,Ministerio del Interior / portal oficial de datos abiertos,PRIMARY_OFFICIAL
2015,2015-12-20,47 - Valladolid,CIUTADANS - PARTIDO DE LA CIUDADANÍA - C's,0,0,Ministerio del Interior / portal oficial de datos abiertos,PRIMARY_OFFICIAL
2015,2015-12-20,47 - Valladolid,CIUTADANS-PARTIDO DE LA CIUDADANÍA - C's,0,0,Ministerio del Interior / portal oficial de datos abiertos,PRIMARY_OFFICIAL
2015,2015-12-20,47 - Valladolid,COALICIÓN CANARIA - PARTIDO NACIONALISTA CANARIO - CCa-PNC,0,0,Ministerio del Interior / portal oficial de datos abiertos,PRIMARY_OFFICIAL
2015,2015-12-20,47 - Valladolid,COALICIÓN CANARIA-PARTIDO NACIONALISTA CANARIO - CCa-PNC,0,0,Ministerio del Interior / portal oficial de datos abiertos,PRIMARY_OFFICIAL
2015,2015-12-20,47 - Valladolid,COMPROMÍS-PODEMOS-ÉS EL MOMENT - PODEMOS - C,0,0,Ministerio del Interior / portal oficial de datos abiertos,PRIMARY_OFFICIAL
2015,2015-12-20,47 - Valladolid,COMPROMÍS-PODEMOS-ÉS EL MOMENT - PODEMOS-COM,0,0,Ministerio del Interior / portal oficial de datos abiertos,PRIMARY_OFFICIAL
2015,2015-12-20,47 - Valladolid,COMUNISTAS DA GALIZA - PCPE,0,0,Ministerio del Interior / portal oficial de datos abiertos,PRIMARY_OFFICIAL
2015,2015-12-20,47 - Valladolid,COMUNISTAS DA GALIZA-PCPE - PCPE,0,0,Ministerio del Interior / portal oficial de datos abiertos,PRIMARY_OFFICIAL
2015,2015-12-20,47 - Valladolid,DEMOCRACIA NACIONAL - DN,289,0,Ministerio del Interior / portal oficial de datos abiertos,PRIMARY_OFFICIAL
2015,2015-12-20,47 - Valladolid,DEMOCRÀCIA I LLIBERTAT. CONVERGÈNCIA. DEMÒCRATES. - DL,0,0,Ministerio del Interior / portal oficial de datos abiertos,PRIMARY_OFFICIAL
2015,2015-12-20,47 - Valladolid,EL PI - PROPOSTA PER LES ILLES - EL PI,0,0,Ministerio del Interior / portal oficial de datos abiertos,PRIMARY_OFFICIAL
2015,2015-12-20,47 - Valladolid,EN COMÚ PODEM - EN COMÚ,0,0,Ministerio del Interior / portal oficial de datos abiertos,PRIMARY_OFFICIAL
2015,2015-12-20,47 - Valladolid,EN MAREA - PODEMOS-EN,0,0,Ministerio del Interior / portal oficial de datos abiertos,PRIMARY_OFFICIAL
2015,2015-12-20,47 - Valladolid,EN MAREA - PODEMOS-En,0,0,Ministerio del Interior / portal oficial de datos abiertos,PRIMARY_OFFICIAL
2015,2015-12-20,47 - Valladolid,EN POSITIU - EN POSITIU,0,0,Ministerio del Interior / portal oficial de datos abiertos,PRIMARY_OFFICIAL
2015,2015-12-20,47 - Valladolid,ESCAÑOS EN BLANCO - AULKI ZURIAK - EB - AZ,0,0,Ministerio del Interior / portal oficial de datos abiertos,PRIMARY_OFFICIAL
2015,2015-12-20,47 - Valladolid,ESCAÑOS EN BLANCO - EB,0,0,Ministerio del Interior / portal oficial de datos abiertos,PRIMARY_OFFICIAL
2015,2015-12-20,47 - Valladolid,ESCAÑOS EN BLANCO-AULKI ZURIAK - EB-AZ,0,0,Ministerio del Interior / portal oficial de datos abiertos,PRIMARY_OFFICIAL
2015,2015-12-20,47 - Valladolid,ESCONS EN BLANC/ESCAÑOS EN BLANCO - EB,0,0,Ministerio del Interior / portal oficial de datos abiertos,PRIMARY_OFFICIAL
2015,2015-12-20,47 - Valladolid,ESQUERRA REPUBLICANA DE CATALUNYA-CATALUNYA SÍ - ERC-CATSI,0,0,Ministerio del Interior / portal oficial de datos abiertos,PRIMARY_OFFICIAL
2015,2015-12-20,47 - Valladolid,ESQUERRA REPUBLICANA DE CATALUNYA-CATALUNYA SÍ - ERC-CATSÍ,0,0,Ministerio del Interior / portal oficial de datos abiertos,PRIMARY_OFFICIAL
2015,2015-12-20,47 - Valladolid,EUSKAL HERRIA BILDU (EH Bildu) - EH Bildu,0,0,Ministerio del Interior / portal oficial de datos abiertos,PRIMARY_OFFICIAL
2015,2015-12-20,47 - Valladolid,EUSKAL HERRIA BILDU - EH Bildu,0,0,Ministerio del Interior / portal oficial de datos abiertos,PRIMARY_OFFICIAL
2015,2015-12-20,47 - Valladolid,EUZKO ALDERDI JELTZALEA-PARTIDO NACIONALISTA VASCO - EAJ-PNV,0,0,Ministerio del Interior / portal oficial de datos abiertos,PRIMARY_OFFICIAL
2015,2015-12-20,47 - Valladolid,EXTREMADURA UNIDA-EXTREMEÑOS - EU-eX,0,0,Ministerio del Interior / portal oficial de datos abiertos,PRIMARY_OFFICIAL
2015,2015-12-20,47 - Valladolid,EZKERRA-X LA IZQUIERDA - EZKERRA,0,0,Ministerio del Interior / portal oficial de datos abiertos,PRIMARY_OFFICIAL
2015,2015-12-20,47 - Valladolid,FALANGE ESPAÑOLA DE LAS JONS - FE de las J,411,0,Ministerio del Interior / portal oficial de datos abiertos,PRIMARY_OFFICIAL
2015,2015-12-20,47 - Valladolid,FORO DEMÓCRATA - FDEE,0,0,Ministerio del Interior / portal oficial de datos abiertos,PRIMARY_OFFICIAL
2015,2015-12-20,47 - Valladolid,GEROA BAI - GBAI,0,0,Ministerio del Interior / portal oficial de datos abiertos,PRIMARY_OFFICIAL
2015,2015-12-20,47 - Valladolid,INDEPENDIENTES POR ARAGÓN - Independien,0,0,Ministerio del Interior / portal oficial de datos abiertos,PRIMARY_OFFICIAL
2015,2015-12-20,47 - Valladolid,INICIATIVA FEMINISTA - IFem,0,0,Ministerio del Interior / portal oficial de datos abiertos,PRIMARY_OFFICIAL
2015,2015-12-20,47 - Valladolid,"JUSTIZIA SOCIAL, PARTICIPACIÓN CIUDADANA - JS,PC",0,0,Ministerio del Interior / portal oficial de datos abiertos,PRIMARY_OFFICIAL
2015,2015-12-20,47 - Valladolid,"LIBERTAD NAVARRA, LIBERTATE NAFARRA (Ln) - Ln",0,0,Ministerio del Interior / portal oficial de datos abiertos,PRIMARY_OFFICIAL
2015,2015-12-20,47 - Valladolid,"LIBERTAD NAVARRA, LIBERTATE NAFARRA - Ln",0,0,Ministerio del Interior / portal oficial de datos abiertos,PRIMARY_OFFICIAL
2015,2015-12-20,47 - Valladolid,LIBERTAD NAVARRA-LIBERTATE NAFARRA - Ln,0,0,Ministerio del Interior / portal oficial de datos abiertos,PRIMARY_OFFICIAL
2015,2015-12-20,47 - Valladolid,LOS VERDES-ECOPACIFISTAS - CENTRO MODE,0,0,Ministerio del Interior / portal oficial de datos abiertos,PRIMARY_OFFICIAL
2015,2015-12-20,47 - Valladolid,MUERTE AL SISTEMA - +MAS+,0,0,Ministerio del Interior / portal oficial de datos abiertos,PRIMARY_OFFICIAL
2015,2015-12-20,47 - Valladolid,MÁLAGA POR SÍ - mlgXSÍ,0,0,Ministerio del Interior / portal oficial de datos abiertos,PRIMARY_OFFICIAL
2015,2015-12-20,47 - Valladolid,MÉS - MÉS,0,0,Ministerio del Interior / portal oficial de datos abiertos,PRIMARY_OFFICIAL
2015,2015-12-20,47 - Valladolid,NÓS-CANDIDATURA GALEGA (BNG-CG-FOGA-PCPG-PG) - NÓS,0,0,Ministerio del Interior / portal oficial de datos abiertos,PRIMARY_OFFICIAL
2015,2015-12-20,47 - Valladolid,ONGI ETORRI - OE,0,0,Ministerio del Interior / portal oficial de datos abiertos,PRIMARY_OFFICIAL
2015,2015-12-20,47 - Valladolid,PARTIDO ANIMALISTA CONTRA EL MALTRATO ANIMAL (PACM - PACMA,0,0,Ministerio del Interior / portal oficial de datos abiertos,PRIMARY_OFFICIAL
2015,2015-12-20,47 - Valladolid,PARTIDO ANIMALISTA CONTRA EL MALTRATO ANIMAL - PACMA,1735,0,Ministerio del Interior / portal oficial de datos abiertos,PRIMARY_OFFICIAL
2015,2015-12-20,47 - Valladolid,PARTIDO ANIMALISTA CONTRA O MALTRATO ANIMAL - PACMA,0,0,Ministerio del Interior / portal oficial de datos abiertos,PRIMARY_OFFICIAL
2015,2015-12-20,47 - Valladolid,PARTIDO ANIMALISTA-CONTRA EL MALTRATO ANIMAL - PACMA,0,0,Ministerio del Interior / portal oficial de datos abiertos,PRIMARY_OFFICIAL
2015,2015-12-20,47 - Valladolid,PARTIDO COMUNISTA DE LOS PUEBLOS DE ESPAÑA - PCPE,429,0,Ministerio del Interior / portal oficial de datos abiertos,PRIMARY_OFFICIAL
2015,2015-12-20,47 - Valladolid,PARTIDO COMUNISTA DEL PUEBLO CANARIO - PCPC,0,0,Ministerio del Interior / portal oficial de datos abiertos,PRIMARY_OFFICIAL
2015,2015-12-20,47 - Valladolid,PARTIDO COMUNISTA OBRERO ESPAÑOL - PCOE,0,0,Ministerio del Interior / portal oficial de datos abiertos,PRIMARY_OFFICIAL
2015,2015-12-20,47 - Valladolid,PARTIDO DA TERRA - PT,0,0,Ministerio del Interior / portal oficial de datos abiertos,PRIMARY_OFFICIAL
2015,2015-12-20,47 - Valladolid,PARTIDO DOS SOCIALISTAS DE GALICIA-PSOE - PSdeG-PSOE,0,0,Ministerio del Interior / portal oficial de datos abiertos,PRIMARY_OFFICIAL
2015,2015-12-20,47 - Valladolid,PARTIDO FAMILIA Y VIDA - PFyV,0,0,Ministerio del Interior / portal oficial de datos abiertos,PRIMARY_OFFICIAL
2015,2015-12-20,47 - Valladolid,PARTIDO HUMANISTA - PH,0,0,Ministerio del Interior / portal oficial de datos abiertos,PRIMARY_OFFICIAL
2015,2015-12-20,47 - Valladolid,PARTIDO LIBERAL DE DERECHAS - PLD,0,0,Ministerio del Interior / portal oficial de datos abiertos,PRIMARY_OFFICIAL
2015,2015-12-20,47 - Valladolid,PARTIDO LIBERTARIO - P-LIB,0,0,Ministerio del Interior / portal oficial de datos abiertos,PRIMARY_OFFICIAL
2015,2015-12-20,47 - Valladolid,PARTIDO POPULAR (PP) - PP,0,0,Ministerio del Interior / portal oficial de datos abiertos,PRIMARY_OFFICIAL
2015,2015-12-20,47 - Valladolid,PARTIDO POPULAR - PP,121323,2,Ministerio del Interior / portal oficial de datos abiertos,PRIMARY_OFFICIAL
2015,2015-12-20,47 - Valladolid,PARTIDO POPULAR EN COALICIÓN CON EL PARTIDO ARAGON - PP-PAR,0,0,Ministerio del Interior / portal oficial de datos abiertos,PRIMARY_OFFICIAL
2015,2015-12-20,47 - Valladolid,PARTIDO POPULAR-FORO - PP-FORO,0,0,Ministerio del Interior / portal oficial de datos abiertos,PRIMARY_OFFICIAL
2015,2015-12-20,47 - Valladolid,PARTIDO POPULAR/PARTIT POPULAR - PP,0,0,Ministerio del Interior / portal oficial de datos abiertos,PRIMARY_OFFICIAL
2015,2015-12-20,47 - Valladolid,PARTIDO REGIONALISTA DEL PAÍS LEONÉS - PREPAL,0,0,Ministerio del Interior / portal oficial de datos abiertos,PRIMARY_OFFICIAL
2015,2015-12-20,47 - Valladolid,PARTIDO SOCIALISTA DE EUSKADI-EUSKADIKO EZKERRA (P - PSE-EE,0,0,Ministerio del Interior / portal oficial de datos abiertos,PRIMARY_OFFICIAL
2015,2015-12-20,47 - Valladolid,PARTIDO SOCIALISTA DE EUSKADI-EUSKADIKO EZKERRA (P - PSE-EE (PSO,0,0,Ministerio del Interior / portal oficial de datos abiertos,PRIMARY_OFFICIAL
2015,2015-12-20,47 - Valladolid,PARTIDO SOCIALISTA OBRERO ESPAÑOL - PSOE,70879,1,Ministerio del Interior / portal oficial de datos abiertos,PRIMARY_OFFICIAL
2015,2015-12-20,47 - Valladolid,PARTIDO SOCIALISTA OBRERO ESPAÑOL-NUEVA CANARIAS - PSOE-NCa,0,0,Ministerio del Interior / portal oficial de datos abiertos,PRIMARY_OFFICIAL
2015,2015-12-20,47 - Valladolid,PARTIT ANIMALISTA CONTRA EL MALTRACTAMENT ANIMAL - PACMA,0,0,Ministerio del Interior / portal oficial de datos abiertos,PRIMARY_OFFICIAL
2015,2015-12-20,47 - Valladolid,PARTIT COMUNISTA DEL POBLE DE CATALUNYA - PCPC,0,0,Ministerio del Interior / portal oficial de datos abiertos,PRIMARY_OFFICIAL
2015,2015-12-20,47 - Valladolid,PARTIT COMUNISTA DELS POBLES D’ESPANYA - PCPE,0,0,Ministerio del Interior / portal oficial de datos abiertos,PRIMARY_OFFICIAL
2015,2015-12-20,47 - Valladolid,PARTIT DELS SOCIALISTES DE CATALUNYA (PSC-PSOE) - PSC,0,0,Ministerio del Interior / portal oficial de datos abiertos,PRIMARY_OFFICIAL
2015,2015-12-20,47 - Valladolid,PARTIT DELS SOCIALISTES DE CATALUNYA - PSC-PSOE,0,0,Ministerio del Interior / portal oficial de datos abiertos,PRIMARY_OFFICIAL
2015,2015-12-20,47 - Valladolid,PODEMOS - PODEMOS,50204,1,Ministerio del Interior / portal oficial de datos abiertos,PRIMARY_OFFICIAL
2015,2015-12-20,47 - Valladolid,PODEMOS-AHAL DUGU - PODEMOS-AHA,0,0,Ministerio del Interior / portal oficial de datos abiertos,PRIMARY_OFFICIAL
2015,2015-12-20,47 - Valladolid,PODEMOS-Ahora Alto Aragón en Común - PODEMOS-Aho,0,0,Ministerio del Interior / portal oficial de datos abiertos,PRIMARY_OFFICIAL
2015,2015-12-20,47 - Valladolid,PODEMOS/AHAL DUGU - PODEMOS-AHA,0,0,Ministerio del Interior / portal oficial de datos abiertos,PRIMARY_OFFICIAL
2015,2015-12-20,47 - Valladolid,POR UN MUNDO MÁS JUSTO - PUM+J,0,0,Ministerio del Interior / portal oficial de datos abiertos,PRIMARY_OFFICIAL
2015,2015-12-20,47 - Valladolid,RECORTES CERO-GRUPO VERDE - RECORTES CE,489,0,Ministerio del Interior / portal oficial de datos abiertos,PRIMARY_OFFICIAL
2015,2015-12-20,47 - Valladolid,SOLIDARIDAD Y AUTOGESTIÓN INTERNACIONALISTA - SAIn,272,0,Ministerio del Interior / portal oficial de datos abiertos,PRIMARY_OFFICIAL
2015,2015-12-20,47 - Valladolid,SOLUCIONA - SOLUCIONA,0,0,Ministerio del Interior / portal oficial de datos abiertos,PRIMARY_OFFICIAL
2015,2015-12-20,47 - Valladolid,SOM VALENCIANS - SOMVAL,0,0,Ministerio del Interior / portal oficial de datos abiertos,PRIMARY_OFFICIAL
2015,2015-12-20,47 - Valladolid,"UNIDAD POPULAR EN ARAGÓN: IZQUIERDA UNIDA, CHUNTA - IU-CHA-UPeC",0,0,Ministerio del Interior / portal oficial de datos abiertos,PRIMARY_OFFICIAL
2015,2015-12-20,47 - Valladolid,UNIDAD POPULAR- ORAIN BATERA:EZKER ANITZA-IZQUIERD - IU-UPeC,0,0,Ministerio del Interior / portal oficial de datos abiertos,PRIMARY_OFFICIAL
2015,2015-12-20,47 - Valladolid,UNIDAD POPULAR-IZQUIERDA UNIDA - UNIDAD POPU,0,0,Ministerio del Interior / portal oficial de datos abiertos,PRIMARY_OFFICIAL
2015,2015-12-20,47 - Valladolid,UNIDAD POPULAR-ORAIN BATERA:EZKER ANITZA-IZQUIERDA - IU-UPeC,0,0,Ministerio del Interior / portal oficial de datos abiertos,PRIMARY_OFFICIAL
2015,2015-12-20,47 - Valladolid,UNIDAD POPULAR-ORAIN BATERA:EZKER ANITZA-IZQUIERDA - IU-UpeC,0,0,Ministerio del Interior / portal oficial de datos abiertos,PRIMARY_OFFICIAL
2015,2015-12-20,47 - Valladolid,"UNIDAD POPULAR-ORAIN BATERA:IZQUIERDA UNIDA, BATZA - IU-B-UPeC",0,0,Ministerio del Interior / portal oficial de datos abiertos,PRIMARY_OFFICIAL
2015,2015-12-20,47 - Valladolid,"UNIDAD POPULAR: IZQUIERDA UNIDA CANARIA, UNIDAD PO - IUC-UPeC",0,0,Ministerio del Interior / portal oficial de datos abiertos,PRIMARY_OFFICIAL
2015,2015-12-20,47 - Valladolid,UNIDAD POPULAR: IZQUIERDA UNIDA LOS VERDES - CONVO - UP: IULV-CA,0,0,Ministerio del Interior / portal oficial de datos abiertos,PRIMARY_OFFICIAL
2015,2015-12-20,47 - Valladolid,"UNIDAD POPULAR: IZQUIERDA UNIDA LOS VERDES-CONVOCA - IULV-CA, UP",0,0,Ministerio del Interior / portal oficial de datos abiertos,PRIMARY_OFFICIAL
2015,2015-12-20,47 - Valladolid,"UNIDAD POPULAR: IZQUIERDA UNIDA LOS VERDES-CONVOCA - IULV-CA,UPe",0,0,Ministerio del Interior / portal oficial de datos abiertos,PRIMARY_OFFICIAL
2015,2015-12-20,47 - Valladolid,"UNIDAD POPULAR: IZQUIERDA UNIDA, UNIDAD POPULAR EN - IU-UPeC",0,0,Ministerio del Interior / portal oficial de datos abiertos,PRIMARY_OFFICIAL
2015,2015-12-20,47 - Valladolid,"UNIDAD POPULAR: IZQUIERDA UNIDA, UNIDAD POPULAR EN - IU-UPeC-IAS",0,0,Ministerio del Interior / portal oficial de datos abiertos,PRIMARY_OFFICIAL
2015,2015-12-20,47 - Valladolid,"UNIDAD POPULAR: IZQUIERDA UNIDA, UNIDAD POPULAR EN - UP-UPeC",0,0,Ministerio del Interior / portal oficial de datos abiertos,PRIMARY_OFFICIAL
2015,2015-12-20,47 - Valladolid,"UNIDAD POPULAR: IZQUIERDA UNIDA, UNIDAD POPULAR EN - UPeC-IU-IZC",17935,0,Ministerio del Interior / portal oficial de datos abiertos,PRIMARY_OFFICIAL
2015,2015-12-20,47 - Valladolid,UNIDAD POPULAR: IZQUIERDA UNIDA-UNIDAD POPULAR EN - IU-UPeC,0,0,Ministerio del Interior / portal oficial de datos abiertos,PRIMARY_OFFICIAL
2015,2015-12-20,47 - Valladolid,UNIDAD POPULAR: IZQUIERDA UNIDA. UNIDAD POPULAR EN - IU-UPeC,0,0,Ministerio del Interior / portal oficial de datos abiertos,PRIMARY_OFFICIAL
2015,2015-12-20,47 - Valladolid,"UNIDAD POPULAR: UNIDAD POPULAR EN COMÚN, IZQUIERDA - UPeC-IU",0,0,Ministerio del Interior / portal oficial de datos abiertos,PRIMARY_OFFICIAL
2015,2015-12-20,47 - Valladolid,"UNITAT POPULAR BALEARS: IZQUIERDA UNIDA, UNIDAD PO - UPB: IU-UPe",0,0,Ministerio del Interior / portal oficial de datos abiertos,PRIMARY_OFFICIAL
2015,2015-12-20,47 - Valladolid,"UNITAT POPULAR: ESQUERRA UNIDA DEL PAÍS VALENCIÀ, - EUPV-UPeC",0,0,Ministerio del Interior / portal oficial de datos abiertos,PRIMARY_OFFICIAL
2015,2015-12-20,47 - Valladolid,"UNITAT POPULAR:ESQUERRA UNIDA DEL PAÍS VALENCIÀ, U - EUPV-UPeC",0,0,Ministerio del Interior / portal oficial de datos abiertos,PRIMARY_OFFICIAL
2015,2015-12-20,47 - Valladolid,UNIÓ DEMOCRÀTICA DE CATALUNYA - Unio.Cat,0,0,Ministerio del Interior / portal oficial de datos abiertos,PRIMARY_OFFICIAL
2015,2015-12-20,47 - Valladolid,UNIÓ DEMOCRÀTICA DE CATALUNYA - unio.cat,0,0,Ministerio del Interior / portal oficial de datos abiertos,PRIMARY_OFFICIAL
2015,2015-12-20,47 - Valladolid,UNIÓN DEL PUEBLO NAVARRO EN COALICIÓN CON EL PARTI - UPN-PP,0,0,Ministerio del Interior / portal oficial de datos abiertos,PRIMARY_OFFICIAL
2015,2015-12-20,47 - Valladolid,UNIÓN PROGRESO Y DEMOCRACIA (UPYD) - UPYD,0,0,Ministerio del Interior / portal oficial de datos abiertos,PRIMARY_OFFICIAL
2015,2015-12-20,47 - Valladolid,UNIÓN PROGRESO Y DEMOCRACIA - UPYD,2940,0,Ministerio del Interior / portal oficial de datos abiertos,PRIMARY_OFFICIAL
2015,2015-12-20,47 - Valladolid,VOX - VOX,1230,0,Ministerio del Interior / portal oficial de datos abiertos,PRIMARY_OFFICIAL
2015,2015-12-20,47 - Valladolid,X A ESQUERDA - X ESQ,0,0,Ministerio del Interior / portal oficial de datos abiertos,PRIMARY_OFFICIAL
2015,2015-12-20,47 - Valladolid,X LA IZQUIERDA-LOS VERDES - X LA IZQUIE,0,0,Ministerio del Interior / portal oficial de datos abiertos,PRIMARY_OFFICIAL
2015,2015-12-20,48 - Bizkaia,"""EN COMÚ PODEM"" - EN COMÚ",0,0,Ministerio del Interior / portal oficial de datos abiertos,PRIMARY_OFFICIAL
2015,2015-12-20,48 - Bizkaia,ANDALUCES DE JAÉN UNIDOS - AJU,0,0,Ministerio del Interior / portal oficial de datos abiertos,PRIMARY_OFFICIAL
2015,2015-12-20,48 - Bizkaia,"ARA, PAÍS VALENCIÀ - ARA, PV",0,0,Ministerio del Interior / portal oficial de datos abiertos,PRIMARY_OFFICIAL
2015,2015-12-20,48 - Bizkaia,"ARA, PAÍS VALENCIÀ - ARAPV",0,0,Ministerio del Interior / portal oficial de datos abiertos,PRIMARY_OFFICIAL
2015,2015-12-20,48 - Bizkaia,AVANT VALENCIANS - AVANT,0,0,Ministerio del Interior / portal oficial de datos abiertos,PRIMARY_OFFICIAL
2015,2015-12-20,48 - Bizkaia,BIDEZKO MUNDURANTZ/POR UN MUNDO MÁS JUSTO - PUM+J,479,0,Ministerio del Interior / portal oficial de datos abiertos,PRIMARY_OFFICIAL
2015,2015-12-20,48 - Bizkaia,"CANARIAS DECIDE: LOS VERDES, UNIDAD DEL PUEBLO Y A - CANARIAS DE",0,0,Ministerio del Interior / portal oficial de datos abiertos,PRIMARY_OFFICIAL
2015,2015-12-20,48 - Bizkaia,CIUDADANOS DE CENTRO DEMOCRÁTICO - CCD,0,0,Ministerio del Interior / portal oficial de datos abiertos,PRIMARY_OFFICIAL
2015,2015-12-20,48 - Bizkaia,CIUDADANOS LIBRES UNIDOS - CILUS,0,0,Ministerio del Interior / portal oficial de datos abiertos,PRIMARY_OFFICIAL
2015,2015-12-20,48 - Bizkaia,CIUDADANOS PARTIDO DE LA CIUDADANÍA - C's,0,0,Ministerio del Interior / portal oficial de datos abiertos,PRIMARY_OFFICIAL
2015,2015-12-20,48 - Bizkaia,CIUDADANOS PARTIDO DE LA CIUDADANÍA - C´s,0,0,Ministerio del Interior / portal oficial de datos abiertos,PRIMARY_OFFICIAL
2015,2015-12-20,48 - Bizkaia,CIUDADANOS RURALES AGRUPADOS - CRA,0,0,Ministerio del Interior / portal oficial de datos abiertos,PRIMARY_OFFICIAL
2015,2015-12-20,48 - Bizkaia,"CIUDADANOS, PARTIDO DE LA CIUDADANÍA - C's",0,0,Ministerio del Interior / portal oficial de datos abiertos,PRIMARY_OFFICIAL
2015,2015-12-20,48 - Bizkaia,"CIUDADANOS, PARTIDO DE LA CIUDADANÍA - C´s",0,0,Ministerio del Interior / portal oficial de datos abiertos,PRIMARY_OFFICIAL
2015,2015-12-20,48 - Bizkaia,CIUDADANOS-PARTIDO DE LA CIUDADANÍA (C's) - C's,0,0,Ministerio del Interior / portal oficial de datos abiertos,PRIMARY_OFFICIAL
2015,2015-12-20,48 - Bizkaia,CIUDADANOS-PARTIDO DE LA CIUDADANÍA - C's,25148,0,Ministerio del Interior / portal oficial de datos abiertos,PRIMARY_OFFICIAL
2015,2015-12-20,48 - Bizkaia,CIUDADANOS-PARTIDO DE LA CIUDADANÍA - C´s,0,0,Ministerio del Interior / portal oficial de datos abiertos,PRIMARY_OFFICIAL
2015,2015-12-20,48 - Bizkaia,CIUTADANS - PARTIDO DE LA CIUDADANÍA - C's,0,0,Ministerio del Interior / portal oficial de datos abiertos,PRIMARY_OFFICIAL
2015,2015-12-20,48 - Bizkaia,CIUTADANS-PARTIDO DE LA CIUDADANÍA - C's,0,0,Ministerio del Interior / portal oficial de datos abiertos,PRIMARY_OFFICIAL
2015,2015-12-20,48 - Bizkaia,COALICIÓN CANARIA - PARTIDO NACIONALISTA CANARIO - CCa-PNC,0,0,Ministerio del Interior / portal oficial de datos abiertos,PRIMARY_OFFICIAL
2015,2015-12-20,48 - Bizkaia,COALICIÓN CANARIA-PARTIDO NACIONALISTA CANARIO - CCa-PNC,0,0,Ministerio del Interior / portal oficial de datos abiertos,PRIMARY_OFFICIAL
2015,2015-12-20,48 - Bizkaia,COMPROMÍS-PODEMOS-ÉS EL MOMENT - PODEMOS - C,0,0,Ministerio del Interior / portal oficial de datos abiertos,PRIMARY_OFFICIAL
2015,2015-12-20,48 - Bizkaia,COMPROMÍS-PODEMOS-ÉS EL MOMENT - PODEMOS-COM,0,0,Ministerio del Interior / portal oficial de datos abiertos,PRIMARY_OFFICIAL
2015,2015-12-20,48 - Bizkaia,COMUNISTAS DA GALIZA - PCPE,0,0,Ministerio del Interior / portal oficial de datos abiertos,PRIMARY_OFFICIAL
2015,2015-12-20,48 - Bizkaia,COMUNISTAS DA GALIZA-PCPE - PCPE,0,0,Ministerio del Interior / portal oficial de datos abiertos,PRIMARY_OFFICIAL
2015,2015-12-20,48 - Bizkaia,DEMOCRACIA NACIONAL - DN,0,0,Ministerio del Interior / portal oficial de datos abiertos,PRIMARY_OFFICIAL
2015,2015-12-20,48 - Bizkaia,DEMOCRÀCIA I LLIBERTAT. CONVERGÈNCIA. DEMÒCRATES. - DL,0,0,Ministerio del Interior / portal oficial de datos abiertos,PRIMARY_OFFICIAL
2015,2015-12-20,48 - Bizkaia,EL PI - PROPOSTA PER LES ILLES - EL PI,0,0,Ministerio del Interior / portal oficial de datos abiertos,PRIMARY_OFFICIAL
2015,2015-12-20,48 - Bizkaia,EN COMÚ PODEM - EN COMÚ,0,0,Ministerio del Interior / portal oficial de datos abiertos,PRIMARY_OFFICIAL
2015,2015-12-20,48 - Bizkaia,EN MAREA - PODEMOS-EN,0,0,Ministerio del Interior / portal oficial de datos abiertos,PRIMARY_OFFICIAL
2015,2015-12-20,48 - Bizkaia,EN MAREA - PODEMOS-En,0,0,Ministerio del Interior / portal oficial de datos abiertos,PRIMARY_OFFICIAL
2015,2015-12-20,48 - Bizkaia,EN POSITIU - EN POSITIU,0,0,Ministerio del Interior / portal oficial de datos abiertos,PRIMARY_OFFICIAL
2015,2015-12-20,48 - Bizkaia,ESCAÑOS EN BLANCO - AULKI ZURIAK - EB - AZ,0,0,Ministerio del Interior / portal oficial de datos abiertos,PRIMARY_OFFICIAL
2015,2015-12-20,48 - Bizkaia,ESCAÑOS EN BLANCO - EB,0,0,Ministerio del Interior / portal oficial de datos abiertos,PRIMARY_OFFICIAL
2015,2015-12-20,48 - Bizkaia,ESCAÑOS EN BLANCO-AULKI ZURIAK - EB-AZ,1045,0,Ministerio del Interior / portal oficial de datos abiertos,PRIMARY_OFFICIAL
2015,2015-12-20,48 - Bizkaia,ESCONS EN BLANC/ESCAÑOS EN BLANCO - EB,0,0,Ministerio del Interior / portal oficial de datos abiertos,PRIMARY_OFFICIAL
2015,2015-12-20,48 - Bizkaia,ESQUERRA REPUBLICANA DE CATALUNYA-CATALUNYA SÍ - ERC-CATSI,0,0,Ministerio del Interior / portal oficial de datos abiertos,PRIMARY_OFFICIAL
2015,2015-12-20,48 - Bizkaia,ESQUERRA REPUBLICANA DE CATALUNYA-CATALUNYA SÍ - ERC-CATSÍ,0,0,Ministerio del Interior / portal oficial de datos abiertos,PRIMARY_OFFICIAL
2015,2015-12-20,48 - Bizkaia,EUSKAL HERRIA BILDU (EH Bildu) - EH Bildu,0,0,Ministerio del Interior / portal oficial de datos abiertos,PRIMARY_OFFICIAL
2015,2015-12-20,48 - Bizkaia,EUSKAL HERRIA BILDU - EH Bildu,81704,1,Ministerio del Interior / portal oficial de datos abiertos,PRIMARY_OFFICIAL
2015,2015-12-20,48 - Bizkaia,EUZKO ALDERDI JELTZALEA-PARTIDO NACIONALISTA VASCO - EAJ-PNV,182604,3,Ministerio del Interior / portal oficial de datos abiertos,PRIMARY_OFFICIAL
2015,2015-12-20,48 - Bizkaia,EXTREMADURA UNIDA-EXTREMEÑOS - EU-eX,0,0,Ministerio del Interior / portal oficial de datos abiertos,PRIMARY_OFFICIAL
2015,2015-12-20,48 - Bizkaia,EZKERRA-X LA IZQUIERDA - EZKERRA,1447,0,Ministerio del Interior / portal oficial de datos abiertos,PRIMARY_OFFICIAL
2015,2015-12-20,48 - Bizkaia,FALANGE ESPAÑOLA DE LAS JONS - FE de las J,0,0,Ministerio del Interior / portal oficial de datos abiertos,PRIMARY_OFFICIAL
2015,2015-12-20,48 - Bizkaia,FORO DEMÓCRATA - FDEE,0,0,Ministerio del Interior / portal oficial de datos abiertos,PRIMARY_OFFICIAL
2015,2015-12-20,48 - Bizkaia,GEROA BAI - GBAI,0,0,Ministerio del Interior / portal oficial de datos abiertos,PRIMARY_OFFICIAL
2015,2015-12-20,48 - Bizkaia,INDEPENDIENTES POR ARAGÓN - Independien,0,0,Ministerio del Interior / portal oficial de datos abiertos,PRIMARY_OFFICIAL
2015,2015-12-20,48 - Bizkaia,INICIATIVA FEMINISTA - IFem,0,0,Ministerio del Interior / portal oficial de datos abiertos,PRIMARY_OFFICIAL
2015,2015-12-20,48 - Bizkaia,"JUSTIZIA SOCIAL, PARTICIPACIÓN CIUDADANA - JS,PC",406,0,Ministerio del Interior / portal oficial de datos abiertos,PRIMARY_OFFICIAL
2015,2015-12-20,48 - Bizkaia,"LIBERTAD NAVARRA, LIBERTATE NAFARRA (Ln) - Ln",0,0,Ministerio del Interior / portal oficial de datos abiertos,PRIMARY_OFFICIAL
2015,2015-12-20,48 - Bizkaia,"LIBERTAD NAVARRA, LIBERTATE NAFARRA - Ln",0,0,Ministerio del Interior / portal oficial de datos abiertos,PRIMARY_OFFICIAL
2015,2015-12-20,48 - Bizkaia,LIBERTAD NAVARRA-LIBERTATE NAFARRA - Ln,0,0,Ministerio del Interior / portal oficial de datos abiertos,PRIMARY_OFFICIAL
2015,2015-12-20,48 - Bizkaia,LOS VERDES-ECOPACIFISTAS - CENTRO MODE,0,0,Ministerio del Interior / portal oficial de datos abiertos,PRIMARY_OFFICIAL
2015,2015-12-20,48 - Bizkaia,MUERTE AL SISTEMA - +MAS+,0,0,Ministerio del Interior / portal oficial de datos abiertos,PRIMARY_OFFICIAL
2015,2015-12-20,48 - Bizkaia,MÁLAGA POR SÍ - mlgXSÍ,0,0,Ministerio del Interior / portal oficial de datos abiertos,PRIMARY_OFFICIAL
2015,2015-12-20,48 - Bizkaia,MÉS - MÉS,0,0,Ministerio del Interior / portal oficial de datos abiertos,PRIMARY_OFFICIAL
2015,2015-12-20,48 - Bizkaia,NÓS-CANDIDATURA GALEGA (BNG-CG-FOGA-PCPG-PG) - NÓS,0,0,Ministerio del Interior / portal oficial de datos abiertos,PRIMARY_OFFICIAL
2015,2015-12-20,48 - Bizkaia,ONGI ETORRI - OE,0,0,Ministerio del Interior / portal oficial de datos abiertos,PRIMARY_OFFICIAL
2015,2015-12-20,48 - Bizkaia,PARTIDO ANIMALISTA CONTRA EL MALTRATO ANIMAL (PACM - PACMA,0,0,Ministerio del Interior / portal oficial de datos abiertos,PRIMARY_OFFICIAL
2015,2015-12-20,48 - Bizkaia,PARTIDO ANIMALISTA CONTRA EL MALTRATO ANIMAL - PACMA,4342,0,Ministerio del Interior / portal oficial de datos abiertos,PRIMARY_OFFICIAL
2015,2015-12-20,48 - Bizkaia,PARTIDO ANIMALISTA CONTRA O MALTRATO ANIMAL - PACMA,0,0,Ministerio del Interior / portal oficial de datos abiertos,PRIMARY_OFFICIAL
2015,2015-12-20,48 - Bizkaia,PARTIDO ANIMALISTA-CONTRA EL MALTRATO ANIMAL - PACMA,0,0,Ministerio del Interior / portal oficial de datos abiertos,PRIMARY_OFFICIAL
2015,2015-12-20,48 - Bizkaia,PARTIDO COMUNISTA DE LOS PUEBLOS DE ESPAÑA - PCPE,414,0,Ministerio del Interior / portal oficial de datos abiertos,PRIMARY_OFFICIAL
2015,2015-12-20,48 - Bizkaia,PARTIDO COMUNISTA DEL PUEBLO CANARIO - PCPC,0,0,Ministerio del Interior / portal oficial de datos abiertos,PRIMARY_OFFICIAL
2015,2015-12-20,48 - Bizkaia,PARTIDO COMUNISTA OBRERO ESPAÑOL - PCOE,0,0,Ministerio del Interior / portal oficial de datos abiertos,PRIMARY_OFFICIAL
2015,2015-12-20,48 - Bizkaia,PARTIDO DA TERRA - PT,0,0,Ministerio del Interior / portal oficial de datos abiertos,PRIMARY_OFFICIAL
2015,2015-12-20,48 - Bizkaia,PARTIDO DOS SOCIALISTAS DE GALICIA-PSOE - PSdeG-PSOE,0,0,Ministerio del Interior / portal oficial de datos abiertos,PRIMARY_OFFICIAL
2015,2015-12-20,48 - Bizkaia,PARTIDO FAMILIA Y VIDA - PFyV,0,0,Ministerio del Interior / portal oficial de datos abiertos,PRIMARY_OFFICIAL
2015,2015-12-20,48 - Bizkaia,PARTIDO HUMANISTA - PH,0,0,Ministerio del Interior / portal oficial de datos abiertos,PRIMARY_OFFICIAL
2015,2015-12-20,48 - Bizkaia,PARTIDO LIBERAL DE DERECHAS - PLD,0,0,Ministerio del Interior / portal oficial de datos abiertos,PRIMARY_OFFICIAL
2015,2015-12-20,48 - Bizkaia,PARTIDO LIBERTARIO - P-LIB,0,0,Ministerio del Interior / portal oficial de datos abiertos,PRIMARY_OFFICIAL
2015,2015-12-20,48 - Bizkaia,PARTIDO POPULAR (PP) - PP,0,0,Ministerio del Interior / portal oficial de datos abiertos,PRIMARY_OFFICIAL
2015,2015-12-20,48 - Bizkaia,PARTIDO POPULAR - PP,74560,1,Ministerio del Interior / portal oficial de datos abiertos,PRIMARY_OFFICIAL
2015,2015-12-20,48 - Bizkaia,PARTIDO POPULAR EN COALICIÓN CON EL PARTIDO ARAGON - PP-PAR,0,0,Ministerio del Interior / portal oficial de datos abiertos,PRIMARY_OFFICIAL
2015,2015-12-20,48 - Bizkaia,PARTIDO POPULAR-FORO - PP-FORO,0,0,Ministerio del Interior / portal oficial de datos abiertos,PRIMARY_OFFICIAL
2015,2015-12-20,48 - Bizkaia,PARTIDO POPULAR/PARTIT POPULAR - PP,0,0,Ministerio del Interior / portal oficial de datos abiertos,PRIMARY_OFFICIAL
2015,2015-12-20,48 - Bizkaia,PARTIDO REGIONALISTA DEL PAÍS LEONÉS - PREPAL,0,0,Ministerio del Interior / portal oficial de datos abiertos,PRIMARY_OFFICIAL
2015,2015-12-20,48 - Bizkaia,PARTIDO SOCIALISTA DE EUSKADI-EUSKADIKO EZKERRA (P - PSE-EE,0,0,Ministerio del Interior / portal oficial de datos abiertos,PRIMARY_OFFICIAL
2015,2015-12-20,48 - Bizkaia,PARTIDO SOCIALISTA DE EUSKADI-EUSKADIKO EZKERRA (P - PSE-EE (PSO,84893,1,Ministerio del Interior / portal oficial de datos abiertos,PRIMARY_OFFICIAL
2015,2015-12-20,48 - Bizkaia,PARTIDO SOCIALISTA OBRERO ESPAÑOL - PSOE,0,0,Ministerio del Interior / portal oficial de datos abiertos,PRIMARY_OFFICIAL
2015,2015-12-20,48 - Bizkaia,PARTIDO SOCIALISTA OBRERO ESPAÑOL-NUEVA CANARIAS - PSOE-NCa,0,0,Ministerio del Interior / portal oficial de datos abiertos,PRIMARY_OFFICIAL
2015,2015-12-20,48 - Bizkaia,PARTIT ANIMALISTA CONTRA EL MALTRACTAMENT ANIMAL - PACMA,0,0,Ministerio del Interior / portal oficial de datos abiertos,PRIMARY_OFFICIAL
2015,2015-12-20,48 - Bizkaia,PARTIT COMUNISTA DEL POBLE DE CATALUNYA - PCPC,0,0,Ministerio del Interior / portal oficial de datos abiertos,PRIMARY_OFFICIAL
2015,2015-12-20,48 - Bizkaia,PARTIT COMUNISTA DELS POBLES D’ESPANYA - PCPE,0,0,Ministerio del Interior / portal oficial de datos abiertos,PRIMARY_OFFICIAL
2015,2015-12-20,48 - Bizkaia,PARTIT DELS SOCIALISTES DE CATALUNYA (PSC-PSOE) - PSC,0,0,Ministerio del Interior / portal oficial de datos abiertos,PRIMARY_OFFICIAL
2015,2015-12-20,48 - Bizkaia,PARTIT DELS SOCIALISTES DE CATALUNYA - PSC-PSOE,0,0,Ministerio del Interior / portal oficial de datos abiertos,PRIMARY_OFFICIAL
2015,2015-12-20,48 - Bizkaia,PODEMOS - PODEMOS,0,0,Ministerio del Interior / portal oficial de datos abiertos,PRIMARY_OFFICIAL
2015,2015-12-20,48 - Bizkaia,PODEMOS-AHAL DUGU - PODEMOS-AHA,0,0,Ministerio del Interior / portal oficial de datos abiertos,PRIMARY_OFFICIAL
2015,2015-12-20,48 - Bizkaia,PODEMOS-Ahora Alto Aragón en Común - PODEMOS-Aho,0,0,Ministerio del Interior / portal oficial de datos abiertos,PRIMARY_OFFICIAL
2015,2015-12-20,48 - Bizkaia,PODEMOS/AHAL DUGU - PODEMOS-AHA,170728,2,Ministerio del Interior / portal oficial de datos abiertos,PRIMARY_OFFICIAL
2015,2015-12-20,48 - Bizkaia,POR UN MUNDO MÁS JUSTO - PUM+J,0,0,Ministerio del Interior / portal oficial de datos abiertos,PRIMARY_OFFICIAL
2015,2015-12-20,48 - Bizkaia,RECORTES CERO-GRUPO VERDE - RECORTES CE,1089,0,Ministerio del Interior / portal oficial de datos abiertos,PRIMARY_OFFICIAL
2015,2015-12-20,48 - Bizkaia,SOLIDARIDAD Y AUTOGESTIÓN INTERNACIONALISTA - SAIn,0,0,Ministerio del Interior / portal oficial de datos abiertos,PRIMARY_OFFICIAL
2015,2015-12-20,48 - Bizkaia,SOLUCIONA - SOLUCIONA,0,0,Ministerio del Interior / portal oficial de datos abiertos,PRIMARY_OFFICIAL
2015,2015-12-20,48 - Bizkaia,SOM VALENCIANS - SOMVAL,0,0,Ministerio del Interior / portal oficial de datos abiertos,PRIMARY_OFFICIAL
2015,2015-12-20,48 - Bizkaia,"UNIDAD POPULAR EN ARAGÓN: IZQUIERDA UNIDA, CHUNTA - IU-CHA-UPeC",0,0,Ministerio del Interior / portal oficial de datos abiertos,PRIMARY_OFFICIAL
2015,2015-12-20,48 - Bizkaia,UNIDAD POPULAR- ORAIN BATERA:EZKER ANITZA-IZQUIERD - IU-UPeC,0,0,Ministerio del Interior / portal oficial de datos abiertos,PRIMARY_OFFICIAL
2015,2015-12-20,48 - Bizkaia,UNIDAD POPULAR-IZQUIERDA UNIDA - UNIDAD POPU,0,0,Ministerio del Interior / portal oficial de datos abiertos,PRIMARY_OFFICIAL
2015,2015-12-20,48 - Bizkaia,UNIDAD POPULAR-ORAIN BATERA:EZKER ANITZA-IZQUIERDA - IU-UPeC,0,0,Ministerio del Interior / portal oficial de datos abiertos,PRIMARY_OFFICIAL
2015,2015-12-20,48 - Bizkaia,UNIDAD POPULAR-ORAIN BATERA:EZKER ANITZA-IZQUIERDA - IU-UpeC,18466,0,Ministerio del Interior / portal oficial de datos abiertos,PRIMARY_OFFICIAL
2015,2015-12-20,48 - Bizkaia,"UNIDAD POPULAR-ORAIN BATERA:IZQUIERDA UNIDA, BATZA - IU-B-UPeC",0,0,Ministerio del Interior / portal oficial de datos abiertos,PRIMARY_OFFICIAL
2015,2015-12-20,48 - Bizkaia,"UNIDAD POPULAR: IZQUIERDA UNIDA CANARIA, UNIDAD PO - IUC-UPeC",0,0,Ministerio del Interior / portal oficial de datos abiertos,PRIMARY_OFFICIAL
2015,2015-12-20,48 - Bizkaia,UNIDAD POPULAR: IZQUIERDA UNIDA LOS VERDES - CONVO - UP: IULV-CA,0,0,Ministerio del Interior / portal oficial de datos abiertos,PRIMARY_OFFICIAL
2015,2015-12-20,48 - Bizkaia,"UNIDAD POPULAR: IZQUIERDA UNIDA LOS VERDES-CONVOCA - IULV-CA, UP",0,0,Ministerio del Interior / portal oficial de datos abiertos,PRIMARY_OFFICIAL
2015,2015-12-20,48 - Bizkaia,"UNIDAD POPULAR: IZQUIERDA UNIDA LOS VERDES-CONVOCA - IULV-CA,UPe",0,0,Ministerio del Interior / portal oficial de datos abiertos,PRIMARY_OFFICIAL
2015,2015-12-20,48 - Bizkaia,"UNIDAD POPULAR: IZQUIERDA UNIDA, UNIDAD POPULAR EN - IU-UPeC",0,0,Ministerio del Interior / portal oficial de datos abiertos,PRIMARY_OFFICIAL
2015,2015-12-20,48 - Bizkaia,"UNIDAD POPULAR: IZQUIERDA UNIDA, UNIDAD POPULAR EN - IU-UPeC-IAS",0,0,Ministerio del Interior / portal oficial de datos abiertos,PRIMARY_OFFICIAL
2015,2015-12-20,48 - Bizkaia,"UNIDAD POPULAR: IZQUIERDA UNIDA, UNIDAD POPULAR EN - UP-UPeC",0,0,Ministerio del Interior / portal oficial de datos abiertos,PRIMARY_OFFICIAL
2015,2015-12-20,48 - Bizkaia,"UNIDAD POPULAR: IZQUIERDA UNIDA, UNIDAD POPULAR EN - UPeC-IU-IZC",0,0,Ministerio del Interior / portal oficial de datos abiertos,PRIMARY_OFFICIAL
2015,2015-12-20,48 - Bizkaia,UNIDAD POPULAR: IZQUIERDA UNIDA-UNIDAD POPULAR EN - IU-UPeC,0,0,Ministerio del Interior / portal oficial de datos abiertos,PRIMARY_OFFICIAL
2015,2015-12-20,48 - Bizkaia,UNIDAD POPULAR: IZQUIERDA UNIDA. UNIDAD POPULAR EN - IU-UPeC,0,0,Ministerio del Interior / portal oficial de datos abiertos,PRIMARY_OFFICIAL
2015,2015-12-20,48 - Bizkaia,"UNIDAD POPULAR: UNIDAD POPULAR EN COMÚN, IZQUIERDA - UPeC-IU",0,0,Ministerio del Interior / portal oficial de datos abiertos,PRIMARY_OFFICIAL
2015,2015-12-20,48 - Bizkaia,"UNITAT POPULAR BALEARS: IZQUIERDA UNIDA, UNIDAD PO - UPB: IU-UPe",0,0,Ministerio del Interior / portal oficial de datos abiertos,PRIMARY_OFFICIAL
2015,2015-12-20,48 - Bizkaia,"UNITAT POPULAR: ESQUERRA UNIDA DEL PAÍS VALENCIÀ, - EUPV-UPeC",0,0,Ministerio del Interior / portal oficial de datos abiertos,PRIMARY_OFFICIAL
2015,2015-12-20,48 - Bizkaia,"UNITAT POPULAR:ESQUERRA UNIDA DEL PAÍS VALENCIÀ, U - EUPV-UPeC",0,0,Ministerio del Interior / portal oficial de datos abiertos,PRIMARY_OFFICIAL
2015,2015-12-20,48 - Bizkaia,UNIÓ DEMOCRÀTICA DE CATALUNYA - Unio.Cat,0,0,Ministerio del Interior / portal oficial de datos abiertos,PRIMARY_OFFICIAL
2015,2015-12-20,48 - Bizkaia,UNIÓ DEMOCRÀTICA DE CATALUNYA - unio.cat,0,0,Ministerio del Interior / portal oficial de datos abiertos,PRIMARY_OFFICIAL
2015,2015-12-20,48 - Bizkaia,UNIÓN DEL PUEBLO NAVARRO EN COALICIÓN CON EL PARTI - UPN-PP,0,0,Ministerio del Interior / portal oficial de datos abiertos,PRIMARY_OFFICIAL
2015,2015-12-20,48 - Bizkaia,UNIÓN PROGRESO Y DEMOCRACIA (UPYD) - UPYD,0,0,Ministerio del Interior / portal oficial de datos abiertos,PRIMARY_OFFICIAL
2015,2015-12-20,48 - Bizkaia,UNIÓN PROGRESO Y DEMOCRACIA - UPYD,2012,0,Ministerio del Interior / portal oficial de datos abiertos,PRIMARY_OFFICIAL
2015,2015-12-20,48 - Bizkaia,VOX - VOX,0,0,Ministerio del Interior / portal oficial de datos abiertos,PRIMARY_OFFICIAL
2015,2015-12-20,48 - Bizkaia,X A ESQUERDA - X ESQ,0,0,Ministerio del Interior / portal oficial de datos abiertos,PRIMARY_OFFICIAL
2015,2015-12-20,48 - Bizkaia,X LA IZQUIERDA-LOS VERDES - X LA IZQUIE,0,0,Ministerio del Interior / portal oficial de datos abiertos,PRIMARY_OFFICIAL
2015,2015-12-20,49 - Zamora,"""EN COMÚ PODEM"" - EN COMÚ",0,0,Ministerio del Interior / portal oficial de datos abiertos,PRIMARY_OFFICIAL
2015,2015-12-20,49 - Zamora,ANDALUCES DE JAÉN UNIDOS - AJU,0,0,Ministerio del Interior / portal oficial de datos abiertos,PRIMARY_OFFICIAL
2015,2015-12-20,49 - Zamora,"ARA, PAÍS VALENCIÀ - ARA, PV",0,0,Ministerio del Interior / portal oficial de datos abiertos,PRIMARY_OFFICIAL
2015,2015-12-20,49 - Zamora,"ARA, PAÍS VALENCIÀ - ARAPV",0,0,Ministerio del Interior / portal oficial de datos abiertos,PRIMARY_OFFICIAL
2015,2015-12-20,49 - Zamora,AVANT VALENCIANS - AVANT,0,0,Ministerio del Interior / portal oficial de datos abiertos,PRIMARY_OFFICIAL
2015,2015-12-20,49 - Zamora,BIDEZKO MUNDURANTZ/POR UN MUNDO MÁS JUSTO - PUM+J,0,0,Ministerio del Interior / portal oficial de datos abiertos,PRIMARY_OFFICIAL
2015,2015-12-20,49 - Zamora,"CANARIAS DECIDE: LOS VERDES, UNIDAD DEL PUEBLO Y A - CANARIAS DE",0,0,Ministerio del Interior / portal oficial de datos abiertos,PRIMARY_OFFICIAL
2015,2015-12-20,49 - Zamora,CIUDADANOS DE CENTRO DEMOCRÁTICO - CCD,0,0,Ministerio del Interior / portal oficial de datos abiertos,PRIMARY_OFFICIAL
2015,2015-12-20,49 - Zamora,CIUDADANOS LIBRES UNIDOS - CILUS,0,0,Ministerio del Interior / portal oficial de datos abiertos,PRIMARY_OFFICIAL
2015,2015-12-20,49 - Zamora,CIUDADANOS PARTIDO DE LA CIUDADANÍA - C's,0,0,Ministerio del Interior / portal oficial de datos abiertos,PRIMARY_OFFICIAL
2015,2015-12-20,49 - Zamora,CIUDADANOS PARTIDO DE LA CIUDADANÍA - C´s,0,0,Ministerio del Interior / portal oficial de datos abiertos,PRIMARY_OFFICIAL
2015,2015-12-20,49 - Zamora,CIUDADANOS RURALES AGRUPADOS - CRA,0,0,Ministerio del Interior / portal oficial de datos abiertos,PRIMARY_OFFICIAL
2015,2015-12-20,49 - Zamora,"CIUDADANOS, PARTIDO DE LA CIUDADANÍA - C's",0,0,Ministerio del Interior / portal oficial de datos abiertos,PRIMARY_OFFICIAL
2015,2015-12-20,49 - Zamora,"CIUDADANOS, PARTIDO DE LA CIUDADANÍA - C´s",0,0,Ministerio del Interior / portal oficial de datos abiertos,PRIMARY_OFFICIAL
2015,2015-12-20,49 - Zamora,CIUDADANOS-PARTIDO DE LA CIUDADANÍA (C's) - C's,0,0,Ministerio del Interior / portal oficial de datos abiertos,PRIMARY_OFFICIAL
2015,2015-12-20,49 - Zamora,CIUDADANOS-PARTIDO DE LA CIUDADANÍA - C's,14608,0,Ministerio del Interior / portal oficial de datos abiertos,PRIMARY_OFFICIAL
2015,2015-12-20,49 - Zamora,CIUDADANOS-PARTIDO DE LA CIUDADANÍA - C´s,0,0,Ministerio del Interior / portal oficial de datos abiertos,PRIMARY_OFFICIAL
2015,2015-12-20,49 - Zamora,CIUTADANS - PARTIDO DE LA CIUDADANÍA - C's,0,0,Ministerio del Interior / portal oficial de datos abiertos,PRIMARY_OFFICIAL
2015,2015-12-20,49 - Zamora,CIUTADANS-PARTIDO DE LA CIUDADANÍA - C's,0,0,Ministerio del Interior / portal oficial de datos abiertos,PRIMARY_OFFICIAL
2015,2015-12-20,49 - Zamora,COALICIÓN CANARIA - PARTIDO NACIONALISTA CANARIO - CCa-PNC,0,0,Ministerio del Interior / portal oficial de datos abiertos,PRIMARY_OFFICIAL
2015,2015-12-20,49 - Zamora,COALICIÓN CANARIA-PARTIDO NACIONALISTA CANARIO - CCa-PNC,0,0,Ministerio del Interior / portal oficial de datos abiertos,PRIMARY_OFFICIAL
2015,2015-12-20,49 - Zamora,COMPROMÍS-PODEMOS-ÉS EL MOMENT - PODEMOS - C,0,0,Ministerio del Interior / portal oficial de datos abiertos,PRIMARY_OFFICIAL
2015,2015-12-20,49 - Zamora,COMPROMÍS-PODEMOS-ÉS EL MOMENT - PODEMOS-COM,0,0,Ministerio del Interior / portal oficial de datos abiertos,PRIMARY_OFFICIAL
2015,2015-12-20,49 - Zamora,COMUNISTAS DA GALIZA - PCPE,0,0,Ministerio del Interior / portal oficial de datos abiertos,PRIMARY_OFFICIAL
2015,2015-12-20,49 - Zamora,COMUNISTAS DA GALIZA-PCPE - PCPE,0,0,Ministerio del Interior / portal oficial de datos abiertos,PRIMARY_OFFICIAL
2015,2015-12-20,49 - Zamora,DEMOCRACIA NACIONAL - DN,0,0,Ministerio del Interior / portal oficial de datos abiertos,PRIMARY_OFFICIAL
2015,2015-12-20,49 - Zamora,DEMOCRÀCIA I LLIBERTAT. CONVERGÈNCIA. DEMÒCRATES. - DL,0,0,Ministerio del Interior / portal oficial de datos abiertos,PRIMARY_OFFICIAL
2015,2015-12-20,49 - Zamora,EL PI - PROPOSTA PER LES ILLES - EL PI,0,0,Ministerio del Interior / portal oficial de datos abiertos,PRIMARY_OFFICIAL
2015,2015-12-20,49 - Zamora,EN COMÚ PODEM - EN COMÚ,0,0,Ministerio del Interior / portal oficial de datos abiertos,PRIMARY_OFFICIAL
2015,2015-12-20,49 - Zamora,EN MAREA - PODEMOS-EN,0,0,Ministerio del Interior / portal oficial de datos abiertos,PRIMARY_OFFICIAL
2015,2015-12-20,49 - Zamora,EN MAREA - PODEMOS-En,0,0,Ministerio del Interior / portal oficial de datos abiertos,PRIMARY_OFFICIAL
2015,2015-12-20,49 - Zamora,EN POSITIU - EN POSITIU,0,0,Ministerio del Interior / portal oficial de datos abiertos,PRIMARY_OFFICIAL
2015,2015-12-20,49 - Zamora,ESCAÑOS EN BLANCO - AULKI ZURIAK - EB - AZ,0,0,Ministerio del Interior / portal oficial de datos abiertos,PRIMARY_OFFICIAL
2015,2015-12-20,49 - Zamora,ESCAÑOS EN BLANCO - EB,0,0,Ministerio del Interior / portal oficial de datos abiertos,PRIMARY_OFFICIAL
2015,2015-12-20,49 - Zamora,ESCAÑOS EN BLANCO-AULKI ZURIAK - EB-AZ,0,0,Ministerio del Interior / portal oficial de datos abiertos,PRIMARY_OFFICIAL
2015,2015-12-20,49 - Zamora,ESCONS EN BLANC/ESCAÑOS EN BLANCO - EB,0,0,Ministerio del Interior / portal oficial de datos abiertos,PRIMARY_OFFICIAL
2015,2015-12-20,49 - Zamora,ESQUERRA REPUBLICANA DE CATALUNYA-CATALUNYA SÍ - ERC-CATSI,0,0,Ministerio del Interior / portal oficial de datos abiertos,PRIMARY_OFFICIAL
2015,2015-12-20,49 - Zamora,ESQUERRA REPUBLICANA DE CATALUNYA-CATALUNYA SÍ - ERC-CATSÍ,0,0,Ministerio del Interior / portal oficial de datos abiertos,PRIMARY_OFFICIAL
2015,2015-12-20,49 - Zamora,EUSKAL HERRIA BILDU (EH Bildu) - EH Bildu,0,0,Ministerio del Interior / portal oficial de datos abiertos,PRIMARY_OFFICIAL
2015,2015-12-20,49 - Zamora,EUSKAL HERRIA BILDU - EH Bildu,0,0,Ministerio del Interior / portal oficial de datos abiertos,PRIMARY_OFFICIAL
2015,2015-12-20,49 - Zamora,EUZKO ALDERDI JELTZALEA-PARTIDO NACIONALISTA VASCO - EAJ-PNV,0,0,Ministerio del Interior / portal oficial de datos abiertos,PRIMARY_OFFICIAL
2015,2015-12-20,49 - Zamora,EXTREMADURA UNIDA-EXTREMEÑOS - EU-eX,0,0,Ministerio del Interior / portal oficial de datos abiertos,PRIMARY_OFFICIAL
2015,2015-12-20,49 - Zamora,EZKERRA-X LA IZQUIERDA - EZKERRA,0,0,Ministerio del Interior / portal oficial de datos abiertos,PRIMARY_OFFICIAL
2015,2015-12-20,49 - Zamora,FALANGE ESPAÑOLA DE LAS JONS - FE de las J,0,0,Ministerio del Interior / portal oficial de datos abiertos,PRIMARY_OFFICIAL
2015,2015-12-20,49 - Zamora,FORO DEMÓCRATA - FDEE,0,0,Ministerio del Interior / portal oficial de datos abiertos,PRIMARY_OFFICIAL
2015,2015-12-20,49 - Zamora,GEROA BAI - GBAI,0,0,Ministerio del Interior / portal oficial de datos abiertos,PRIMARY_OFFICIAL
2015,2015-12-20,49 - Zamora,INDEPENDIENTES POR ARAGÓN - Independien,0,0,Ministerio del Interior / portal oficial de datos abiertos,PRIMARY_OFFICIAL
2015,2015-12-20,49 - Zamora,INICIATIVA FEMINISTA - IFem,0,0,Ministerio del Interior / portal oficial de datos abiertos,PRIMARY_OFFICIAL
2015,2015-12-20,49 - Zamora,"JUSTIZIA SOCIAL, PARTICIPACIÓN CIUDADANA - JS,PC",0,0,Ministerio del Interior / portal oficial de datos abiertos,PRIMARY_OFFICIAL
2015,2015-12-20,49 - Zamora,"LIBERTAD NAVARRA, LIBERTATE NAFARRA (Ln) - Ln",0,0,Ministerio del Interior / portal oficial de datos abiertos,PRIMARY_OFFICIAL
2015,2015-12-20,49 - Zamora,"LIBERTAD NAVARRA, LIBERTATE NAFARRA - Ln",0,0,Ministerio del Interior / portal oficial de datos abiertos,PRIMARY_OFFICIAL
2015,2015-12-20,49 - Zamora,LIBERTAD NAVARRA-LIBERTATE NAFARRA - Ln,0,0,Ministerio del Interior / portal oficial de datos abiertos,PRIMARY_OFFICIAL
2015,2015-12-20,49 - Zamora,LOS VERDES-ECOPACIFISTAS - CENTRO MODE,0,0,Ministerio del Interior / portal oficial de datos abiertos,PRIMARY_OFFICIAL
2015,2015-12-20,49 - Zamora,MUERTE AL SISTEMA - +MAS+,0,0,Ministerio del Interior / portal oficial de datos abiertos,PRIMARY_OFFICIAL
2015,2015-12-20,49 - Zamora,MÁLAGA POR SÍ - mlgXSÍ,0,0,Ministerio del Interior / portal oficial de datos abiertos,PRIMARY_OFFICIAL
2015,2015-12-20,49 - Zamora,MÉS - MÉS,0,0,Ministerio del Interior / portal oficial de datos abiertos,PRIMARY_OFFICIAL
2015,2015-12-20,49 - Zamora,NÓS-CANDIDATURA GALEGA (BNG-CG-FOGA-PCPG-PG) - NÓS,0,0,Ministerio del Interior / portal oficial de datos abiertos,PRIMARY_OFFICIAL
2015,2015-12-20,49 - Zamora,ONGI ETORRI - OE,0,0,Ministerio del Interior / portal oficial de datos abiertos,PRIMARY_OFFICIAL
2015,2015-12-20,49 - Zamora,PARTIDO ANIMALISTA CONTRA EL MALTRATO ANIMAL (PACM - PACMA,0,0,Ministerio del Interior / portal oficial de datos abiertos,PRIMARY_OFFICIAL
2015,2015-12-20,49 - Zamora,PARTIDO ANIMALISTA CONTRA EL MALTRATO ANIMAL - PACMA,502,0,Ministerio del Interior / portal oficial de datos abiertos,PRIMARY_OFFICIAL
2015,2015-12-20,49 - Zamora,PARTIDO ANIMALISTA CONTRA O MALTRATO ANIMAL - PACMA,0,0,Ministerio del Interior / portal oficial de datos abiertos,PRIMARY_OFFICIAL
2015,2015-12-20,49 - Zamora,PARTIDO ANIMALISTA-CONTRA EL MALTRATO ANIMAL - PACMA,0,0,Ministerio del Interior / portal oficial de datos abiertos,PRIMARY_OFFICIAL
2015,2015-12-20,49 - Zamora,PARTIDO COMUNISTA DE LOS PUEBLOS DE ESPAÑA - PCPE,128,0,Ministerio del Interior / portal oficial de datos abiertos,PRIMARY_OFFICIAL
2015,2015-12-20,49 - Zamora,PARTIDO COMUNISTA DEL PUEBLO CANARIO - PCPC,0,0,Ministerio del Interior / portal oficial de datos abiertos,PRIMARY_OFFICIAL
2015,2015-12-20,49 - Zamora,PARTIDO COMUNISTA OBRERO ESPAÑOL - PCOE,0,0,Ministerio del Interior / portal oficial de datos abiertos,PRIMARY_OFFICIAL
2015,2015-12-20,49 - Zamora,PARTIDO DA TERRA - PT,0,0,Ministerio del Interior / portal oficial de datos abiertos,PRIMARY_OFFICIAL
2015,2015-12-20,49 - Zamora,PARTIDO DOS SOCIALISTAS DE GALICIA-PSOE - PSdeG-PSOE,0,0,Ministerio del Interior / portal oficial de datos abiertos,PRIMARY_OFFICIAL
2015,2015-12-20,49 - Zamora,PARTIDO FAMILIA Y VIDA - PFyV,0,0,Ministerio del Interior / portal oficial de datos abiertos,PRIMARY_OFFICIAL
2015,2015-12-20,49 - Zamora,PARTIDO HUMANISTA - PH,0,0,Ministerio del Interior / portal oficial de datos abiertos,PRIMARY_OFFICIAL
2015,2015-12-20,49 - Zamora,PARTIDO LIBERAL DE DERECHAS - PLD,0,0,Ministerio del Interior / portal oficial de datos abiertos,PRIMARY_OFFICIAL
2015,2015-12-20,49 - Zamora,PARTIDO LIBERTARIO - P-LIB,0,0,Ministerio del Interior / portal oficial de datos abiertos,PRIMARY_OFFICIAL
2015,2015-12-20,49 - Zamora,PARTIDO POPULAR (PP) - PP,0,0,Ministerio del Interior / portal oficial de datos abiertos,PRIMARY_OFFICIAL
2015,2015-12-20,49 - Zamora,PARTIDO POPULAR - PP,48160,2,Ministerio del Interior / portal oficial de datos abiertos,PRIMARY_OFFICIAL
2015,2015-12-20,49 - Zamora,PARTIDO POPULAR EN COALICIÓN CON EL PARTIDO ARAGON - PP-PAR,0,0,Ministerio del Interior / portal oficial de datos abiertos,PRIMARY_OFFICIAL
2015,2015-12-20,49 - Zamora,PARTIDO POPULAR-FORO - PP-FORO,0,0,Ministerio del Interior / portal oficial de datos abiertos,PRIMARY_OFFICIAL
2015,2015-12-20,49 - Zamora,PARTIDO POPULAR/PARTIT POPULAR - PP,0,0,Ministerio del Interior / portal oficial de datos abiertos,PRIMARY_OFFICIAL
2015,2015-12-20,49 - Zamora,PARTIDO REGIONALISTA DEL PAÍS LEONÉS - PREPAL,246,0,Ministerio del Interior / portal oficial de datos abiertos,PRIMARY_OFFICIAL
2015,2015-12-20,49 - Zamora,PARTIDO SOCIALISTA DE EUSKADI-EUSKADIKO EZKERRA (P - PSE-EE,0,0,Ministerio del Interior / portal oficial de datos abiertos,PRIMARY_OFFICIAL
2015,2015-12-20,49 - Zamora,PARTIDO SOCIALISTA DE EUSKADI-EUSKADIKO EZKERRA (P - PSE-EE (PSO,0,0,Ministerio del Interior / portal oficial de datos abiertos,PRIMARY_OFFICIAL
2015,2015-12-20,49 - Zamora,PARTIDO SOCIALISTA OBRERO ESPAÑOL - PSOE,25985,1,Ministerio del Interior / portal oficial de datos abiertos,PRIMARY_OFFICIAL
2015,2015-12-20,49 - Zamora,PARTIDO SOCIALISTA OBRERO ESPAÑOL-NUEVA CANARIAS - PSOE-NCa,0,0,Ministerio del Interior / portal oficial de datos abiertos,PRIMARY_OFFICIAL
2015,2015-12-20,49 - Zamora,PARTIT ANIMALISTA CONTRA EL MALTRACTAMENT ANIMAL - PACMA,0,0,Ministerio del Interior / portal oficial de datos abiertos,PRIMARY_OFFICIAL
2015,2015-12-20,49 - Zamora,PARTIT COMUNISTA DEL POBLE DE CATALUNYA - PCPC,0,0,Ministerio del Interior / portal oficial de datos abiertos,PRIMARY_OFFICIAL
2015,2015-12-20,49 - Zamora,PARTIT COMUNISTA DELS POBLES D’ESPANYA - PCPE,0,0,Ministerio del Interior / portal oficial de datos abiertos,PRIMARY_OFFICIAL
2015,2015-12-20,49 - Zamora,PARTIT DELS SOCIALISTES DE CATALUNYA (PSC-PSOE) - PSC,0,0,Ministerio del Interior / portal oficial de datos abiertos,PRIMARY_OFFICIAL
2015,2015-12-20,49 - Zamora,PARTIT DELS SOCIALISTES DE CATALUNYA - PSC-PSOE,0,0,Ministerio del Interior / portal oficial de datos abiertos,PRIMARY_OFFICIAL
2015,2015-12-20,49 - Zamora,PODEMOS - PODEMOS,15865,0,Ministerio del Interior / portal oficial de datos abiertos,PRIMARY_OFFICIAL
2015,2015-12-20,49 - Zamora,PODEMOS-AHAL DUGU - PODEMOS-AHA,0,0,Ministerio del Interior / portal oficial de datos abiertos,PRIMARY_OFFICIAL
2015,2015-12-20,49 - Zamora,PODEMOS-Ahora Alto Aragón en Común - PODEMOS-Aho,0,0,Ministerio del Interior / portal oficial de datos abiertos,PRIMARY_OFFICIAL
2015,2015-12-20,49 - Zamora,PODEMOS/AHAL DUGU - PODEMOS-AHA,0,0,Ministerio del Interior / portal oficial de datos abiertos,PRIMARY_OFFICIAL
2015,2015-12-20,49 - Zamora,POR UN MUNDO MÁS JUSTO - PUM+J,0,0,Ministerio del Interior / portal oficial de datos abiertos,PRIMARY_OFFICIAL
2015,2015-12-20,49 - Zamora,RECORTES CERO-GRUPO VERDE - RECORTES CE,187,0,Ministerio del Interior / portal oficial de datos abiertos,PRIMARY_OFFICIAL
2015,2015-12-20,49 - Zamora,SOLIDARIDAD Y AUTOGESTIÓN INTERNACIONALISTA - SAIn,0,0,Ministerio del Interior / portal oficial de datos abiertos,PRIMARY_OFFICIAL
2015,2015-12-20,49 - Zamora,SOLUCIONA - SOLUCIONA,0,0,Ministerio del Interior / portal oficial de datos abiertos,PRIMARY_OFFICIAL
2015,2015-12-20,49 - Zamora,SOM VALENCIANS - SOMVAL,0,0,Ministerio del Interior / portal oficial de datos abiertos,PRIMARY_OFFICIAL
2015,2015-12-20,49 - Zamora,"UNIDAD POPULAR EN ARAGÓN: IZQUIERDA UNIDA, CHUNTA - IU-CHA-UPeC",0,0,Ministerio del Interior / portal oficial de datos abiertos,PRIMARY_OFFICIAL
2015,2015-12-20,49 - Zamora,UNIDAD POPULAR- ORAIN BATERA:EZKER ANITZA-IZQUIERD - IU-UPeC,0,0,Ministerio del Interior / portal oficial de datos abiertos,PRIMARY_OFFICIAL
2015,2015-12-20,49 - Zamora,UNIDAD POPULAR-IZQUIERDA UNIDA - UNIDAD POPU,0,0,Ministerio del Interior / portal oficial de datos abiertos,PRIMARY_OFFICIAL
2015,2015-12-20,49 - Zamora,UNIDAD POPULAR-ORAIN BATERA:EZKER ANITZA-IZQUIERDA - IU-UPeC,0,0,Ministerio del Interior / portal oficial de datos abiertos,PRIMARY_OFFICIAL
2015,2015-12-20,49 - Zamora,UNIDAD POPULAR-ORAIN BATERA:EZKER ANITZA-IZQUIERDA - IU-UpeC,0,0,Ministerio del Interior / portal oficial de datos abiertos,PRIMARY_OFFICIAL
2015,2015-12-20,49 - Zamora,"UNIDAD POPULAR-ORAIN BATERA:IZQUIERDA UNIDA, BATZA - IU-B-UPeC",0,0,Ministerio del Interior / portal oficial de datos abiertos,PRIMARY_OFFICIAL
2015,2015-12-20,49 - Zamora,"UNIDAD POPULAR: IZQUIERDA UNIDA CANARIA, UNIDAD PO - IUC-UPeC",0,0,Ministerio del Interior / portal oficial de datos abiertos,PRIMARY_OFFICIAL
2015,2015-12-20,49 - Zamora,UNIDAD POPULAR: IZQUIERDA UNIDA LOS VERDES - CONVO - UP: IULV-CA,0,0,Ministerio del Interior / portal oficial de datos abiertos,PRIMARY_OFFICIAL
2015,2015-12-20,49 - Zamora,"UNIDAD POPULAR: IZQUIERDA UNIDA LOS VERDES-CONVOCA - IULV-CA, UP",0,0,Ministerio del Interior / portal oficial de datos abiertos,PRIMARY_OFFICIAL
2015,2015-12-20,49 - Zamora,"UNIDAD POPULAR: IZQUIERDA UNIDA LOS VERDES-CONVOCA - IULV-CA,UPe",0,0,Ministerio del Interior / portal oficial de datos abiertos,PRIMARY_OFFICIAL
2015,2015-12-20,49 - Zamora,"UNIDAD POPULAR: IZQUIERDA UNIDA, UNIDAD POPULAR EN - IU-UPeC",5514,0,Ministerio del Interior / portal oficial de datos abiertos,PRIMARY_OFFICIAL
2015,2015-12-20,49 - Zamora,"UNIDAD POPULAR: IZQUIERDA UNIDA, UNIDAD POPULAR EN - IU-UPeC-IAS",0,0,Ministerio del Interior / portal oficial de datos abiertos,PRIMARY_OFFICIAL
2015,2015-12-20,49 - Zamora,"UNIDAD POPULAR: IZQUIERDA UNIDA, UNIDAD POPULAR EN - UP-UPeC",0,0,Ministerio del Interior / portal oficial de datos abiertos,PRIMARY_OFFICIAL
2015,2015-12-20,49 - Zamora,"UNIDAD POPULAR: IZQUIERDA UNIDA, UNIDAD POPULAR EN - UPeC-IU-IZC",0,0,Ministerio del Interior / portal oficial de datos abiertos,PRIMARY_OFFICIAL
2015,2015-12-20,49 - Zamora,UNIDAD POPULAR: IZQUIERDA UNIDA-UNIDAD POPULAR EN - IU-UPeC,0,0,Ministerio del Interior / portal oficial de datos abiertos,PRIMARY_OFFICIAL
2015,2015-12-20,49 - Zamora,UNIDAD POPULAR: IZQUIERDA UNIDA. UNIDAD POPULAR EN - IU-UPeC,0,0,Ministerio del Interior / portal oficial de datos abiertos,PRIMARY_OFFICIAL
2015,2015-12-20,49 - Zamora,"UNIDAD POPULAR: UNIDAD POPULAR EN COMÚN, IZQUIERDA - UPeC-IU",0,0,Ministerio del Interior / portal oficial de datos abiertos,PRIMARY_OFFICIAL
2015,2015-12-20,49 - Zamora,"UNITAT POPULAR BALEARS: IZQUIERDA UNIDA, UNIDAD PO - UPB: IU-UPe",0,0,Ministerio del Interior / portal oficial de datos abiertos,PRIMARY_OFFICIAL
2015,2015-12-20,49 - Zamora,"UNITAT POPULAR: ESQUERRA UNIDA DEL PAÍS VALENCIÀ, - EUPV-UPeC",0,0,Ministerio del Interior / portal oficial de datos abiertos,PRIMARY_OFFICIAL
2015,2015-12-20,49 - Zamora,"UNITAT POPULAR:ESQUERRA UNIDA DEL PAÍS VALENCIÀ, U - EUPV-UPeC",0,0,Ministerio del Interior / portal oficial de datos abiertos,PRIMARY_OFFICIAL
2015,2015-12-20,49 - Zamora,UNIÓ DEMOCRÀTICA DE CATALUNYA - Unio.Cat,0,0,Ministerio del Interior / portal oficial de datos abiertos,PRIMARY_OFFICIAL
2015,2015-12-20,49 - Zamora,UNIÓ DEMOCRÀTICA DE CATALUNYA - unio.cat,0,0,Ministerio del Interior / portal oficial de datos abiertos,PRIMARY_OFFICIAL
2015,2015-12-20,49 - Zamora,UNIÓN DEL PUEBLO NAVARRO EN COALICIÓN CON EL PARTI - UPN-PP,0,0,Ministerio del Interior / portal oficial de datos abiertos,PRIMARY_OFFICIAL
2015,2015-12-20,49 - Zamora,UNIÓN PROGRESO Y DEMOCRACIA (UPYD) - UPYD,0,0,Ministerio del Interior / portal oficial de datos abiertos,PRIMARY_OFFICIAL
2015,2015-12-20,49 - Zamora,UNIÓN PROGRESO Y DEMOCRACIA - UPYD,747,0,Ministerio del Interior / portal oficial de datos abiertos,PRIMARY_OFFICIAL
2015,2015-12-20,49 - Zamora,VOX - VOX,0,0,Ministerio del Interior / portal oficial de datos abiertos,PRIMARY_OFFICIAL
2015,2015-12-20,49 - Zamora,X A ESQUERDA - X ESQ,0,0,Ministerio del Interior / portal oficial de datos abiertos,PRIMARY_OFFICIAL
2015,2015-12-20,49 - Zamora,X LA IZQUIERDA-LOS VERDES - X LA IZQUIE,0,0,Ministerio del Interior / portal oficial de datos abiertos,PRIMARY_OFFICIAL
2015,2015-12-20,5 - Ávila,"""EN COMÚ PODEM"" - EN COMÚ",0,0,Ministerio del Interior / portal oficial de datos abiertos,PRIMARY_OFFICIAL
2015,2015-12-20,5 - Ávila,ANDALUCES DE JAÉN UNIDOS - AJU,0,0,Ministerio del Interior / portal oficial de datos abiertos,PRIMARY_OFFICIAL
2015,2015-12-20,5 - Ávila,"ARA, PAÍS VALENCIÀ - ARA, PV",0,0,Ministerio del Interior / portal oficial de datos abiertos,PRIMARY_OFFICIAL
2015,2015-12-20,5 - Ávila,"ARA, PAÍS VALENCIÀ - ARAPV",0,0,Ministerio del Interior / portal oficial de datos abiertos,PRIMARY_OFFICIAL
2015,2015-12-20,5 - Ávila,AVANT VALENCIANS - AVANT,0,0,Ministerio del Interior / portal oficial de datos abiertos,PRIMARY_OFFICIAL
2015,2015-12-20,5 - Ávila,BIDEZKO MUNDURANTZ/POR UN MUNDO MÁS JUSTO - PUM+J,0,0,Ministerio del Interior / portal oficial de datos abiertos,PRIMARY_OFFICIAL
2015,2015-12-20,5 - Ávila,"CANARIAS DECIDE: LOS VERDES, UNIDAD DEL PUEBLO Y A - CANARIAS DE",0,0,Ministerio del Interior / portal oficial de datos abiertos,PRIMARY_OFFICIAL
2015,2015-12-20,5 - Ávila,CIUDADANOS DE CENTRO DEMOCRÁTICO - CCD,0,0,Ministerio del Interior / portal oficial de datos abiertos,PRIMARY_OFFICIAL
2015,2015-12-20,5 - Ávila,CIUDADANOS LIBRES UNIDOS - CILUS,0,0,Ministerio del Interior / portal oficial de datos abiertos,PRIMARY_OFFICIAL
2015,2015-12-20,5 - Ávila,CIUDADANOS PARTIDO DE LA CIUDADANÍA - C's,0,0,Ministerio del Interior / portal oficial de datos abiertos,PRIMARY_OFFICIAL
2015,2015-12-20,5 - Ávila,CIUDADANOS PARTIDO DE LA CIUDADANÍA - C´s,15971,0,Ministerio del Interior / portal oficial de datos abiertos,PRIMARY_OFFICIAL
2015,2015-12-20,5 - Ávila,CIUDADANOS RURALES AGRUPADOS - CRA,0,0,Ministerio del Interior / portal oficial de datos abiertos,PRIMARY_OFFICIAL
2015,2015-12-20,5 - Ávila,"CIUDADANOS, PARTIDO DE LA CIUDADANÍA - C's",0,0,Ministerio del Interior / portal oficial de datos abiertos,PRIMARY_OFFICIAL
2015,2015-12-20,5 - Ávila,"CIUDADANOS, PARTIDO DE LA CIUDADANÍA - C´s",0,0,Ministerio del Interior / portal oficial de datos abiertos,PRIMARY_OFFICIAL
2015,2015-12-20,5 - Ávila,CIUDADANOS-PARTIDO DE LA CIUDADANÍA (C's) - C's,0,0,Ministerio del Interior / portal oficial de datos abiertos,PRIMARY_OFFICIAL
2015,2015-12-20,5 - Ávila,CIUDADANOS-PARTIDO DE LA CIUDADANÍA - C's,0,0,Ministerio del Interior / portal oficial de datos abiertos,PRIMARY_OFFICIAL
2015,2015-12-20,5 - Ávila,CIUDADANOS-PARTIDO DE LA CIUDADANÍA - C´s,0,0,Ministerio del Interior / portal oficial de datos abiertos,PRIMARY_OFFICIAL
2015,2015-12-20,5 - Ávila,CIUTADANS - PARTIDO DE LA CIUDADANÍA - C's,0,0,Ministerio del Interior / portal oficial de datos abiertos,PRIMARY_OFFICIAL
2015,2015-12-20,5 - Ávila,CIUTADANS-PARTIDO DE LA CIUDADANÍA - C's,0,0,Ministerio del Interior / portal oficial de datos abiertos,PRIMARY_OFFICIAL
2015,2015-12-20,5 - Ávila,COALICIÓN CANARIA - PARTIDO NACIONALISTA CANARIO - CCa-PNC,0,0,Ministerio del Interior / portal oficial de datos abiertos,PRIMARY_OFFICIAL
2015,2015-12-20,5 - Ávila,COALICIÓN CANARIA-PARTIDO NACIONALISTA CANARIO - CCa-PNC,0,0,Ministerio del Interior / portal oficial de datos abiertos,PRIMARY_OFFICIAL
2015,2015-12-20,5 - Ávila,COMPROMÍS-PODEMOS-ÉS EL MOMENT - PODEMOS - C,0,0,Ministerio del Interior / portal oficial de datos abiertos,PRIMARY_OFFICIAL
2015,2015-12-20,5 - Ávila,COMPROMÍS-PODEMOS-ÉS EL MOMENT - PODEMOS-COM,0,0,Ministerio del Interior / portal oficial de datos abiertos,PRIMARY_OFFICIAL
2015,2015-12-20,5 - Ávila,COMUNISTAS DA GALIZA - PCPE,0,0,Ministerio del Interior / portal oficial de datos abiertos,PRIMARY_OFFICIAL
2015,2015-12-20,5 - Ávila,COMUNISTAS DA GALIZA-PCPE - PCPE,0,0,Ministerio del Interior / portal oficial de datos abiertos,PRIMARY_OFFICIAL
2015,2015-12-20,5 - Ávila,DEMOCRACIA NACIONAL - DN,0,0,Ministerio del Interior / portal oficial de datos abiertos,PRIMARY_OFFICIAL
2015,2015-12-20,5 - Ávila,DEMOCRÀCIA I LLIBERTAT. CONVERGÈNCIA. DEMÒCRATES. - DL,0,0,Ministerio del Interior / portal oficial de datos abiertos,PRIMARY_OFFICIAL
2015,2015-12-20,5 - Ávila,EL PI - PROPOSTA PER LES ILLES - EL PI,0,0,Ministerio del Interior / portal oficial de datos abiertos,PRIMARY_OFFICIAL
2015,2015-12-20,5 - Ávila,EN COMÚ PODEM - EN COMÚ,0,0,Ministerio del Interior / portal oficial de datos abiertos,PRIMARY_OFFICIAL
2015,2015-12-20,5 - Ávila,EN MAREA - PODEMOS-EN,0,0,Ministerio del Interior / portal oficial de datos abiertos,PRIMARY_OFFICIAL
2015,2015-12-20,5 - Ávila,EN MAREA - PODEMOS-En,0,0,Ministerio del Interior / portal oficial de datos abiertos,PRIMARY_OFFICIAL
2015,2015-12-20,5 - Ávila,EN POSITIU - EN POSITIU,0,0,Ministerio del Interior / portal oficial de datos abiertos,PRIMARY_OFFICIAL
2015,2015-12-20,5 - Ávila,ESCAÑOS EN BLANCO - AULKI ZURIAK - EB - AZ,0,0,Ministerio del Interior / portal oficial de datos abiertos,PRIMARY_OFFICIAL
2015,2015-12-20,5 - Ávila,ESCAÑOS EN BLANCO - EB,0,0,Ministerio del Interior / portal oficial de datos abiertos,PRIMARY_OFFICIAL
2015,2015-12-20,5 - Ávila,ESCAÑOS EN BLANCO-AULKI ZURIAK - EB-AZ,0,0,Ministerio del Interior / portal oficial de datos abiertos,PRIMARY_OFFICIAL
2015,2015-12-20,5 - Ávila,ESCONS EN BLANC/ESCAÑOS EN BLANCO - EB,0,0,Ministerio del Interior / portal oficial de datos abiertos,PRIMARY_OFFICIAL
2015,2015-12-20,5 - Ávila,ESQUERRA REPUBLICANA DE CATALUNYA-CATALUNYA SÍ - ERC-CATSI,0,0,Ministerio del Interior / portal oficial de datos abiertos,PRIMARY_OFFICIAL
2015,2015-12-20,5 - Ávila,ESQUERRA REPUBLICANA DE CATALUNYA-CATALUNYA SÍ - ERC-CATSÍ,0,0,Ministerio del Interior / portal oficial de datos abiertos,PRIMARY_OFFICIAL
2015,2015-12-20,5 - Ávila,EUSKAL HERRIA BILDU (EH Bildu) - EH Bildu,0,0,Ministerio del Interior / portal oficial de datos abiertos,PRIMARY_OFFICIAL
2015,2015-12-20,5 - Ávila,EUSKAL HERRIA BILDU - EH Bildu,0,0,Ministerio del Interior / portal oficial de datos abiertos,PRIMARY_OFFICIAL
2015,2015-12-20,5 - Ávila,EUZKO ALDERDI JELTZALEA-PARTIDO NACIONALISTA VASCO - EAJ-PNV,0,0,Ministerio del Interior / portal oficial de datos abiertos,PRIMARY_OFFICIAL
2015,2015-12-20,5 - Ávila,EXTREMADURA UNIDA-EXTREMEÑOS - EU-eX,0,0,Ministerio del Interior / portal oficial de datos abiertos,PRIMARY_OFFICIAL
2015,2015-12-20,5 - Ávila,EZKERRA-X LA IZQUIERDA - EZKERRA,0,0,Ministerio del Interior / portal oficial de datos abiertos,PRIMARY_OFFICIAL
2015,2015-12-20,5 - Ávila,FALANGE ESPAÑOLA DE LAS JONS - FE de las J,238,0,Ministerio del Interior / portal oficial de datos abiertos,PRIMARY_OFFICIAL
2015,2015-12-20,5 - Ávila,FORO DEMÓCRATA - FDEE,0,0,Ministerio del Interior / portal oficial de datos abiertos,PRIMARY_OFFICIAL
2015,2015-12-20,5 - Ávila,GEROA BAI - GBAI,0,0,Ministerio del Interior / portal oficial de datos abiertos,PRIMARY_OFFICIAL
2015,2015-12-20,5 - Ávila,INDEPENDIENTES POR ARAGÓN - Independien,0,0,Ministerio del Interior / portal oficial de datos abiertos,PRIMARY_OFFICIAL
2015,2015-12-20,5 - Ávila,INICIATIVA FEMINISTA - IFem,0,0,Ministerio del Interior / portal oficial de datos abiertos,PRIMARY_OFFICIAL
2015,2015-12-20,5 - Ávila,"JUSTIZIA SOCIAL, PARTICIPACIÓN CIUDADANA - JS,PC",0,0,Ministerio del Interior / portal oficial de datos abiertos,PRIMARY_OFFICIAL
2015,2015-12-20,5 - Ávila,"LIBERTAD NAVARRA, LIBERTATE NAFARRA (Ln) - Ln",0,0,Ministerio del Interior / portal oficial de datos abiertos,PRIMARY_OFFICIAL
2015,2015-12-20,5 - Ávila,"LIBERTAD NAVARRA, LIBERTATE NAFARRA - Ln",0,0,Ministerio del Interior / portal oficial de datos abiertos,PRIMARY_OFFICIAL
2015,2015-12-20,5 - Ávila,LIBERTAD NAVARRA-LIBERTATE NAFARRA - Ln,0,0,Ministerio del Interior / portal oficial de datos abiertos,PRIMARY_OFFICIAL
2015,2015-12-20,5 - Ávila,LOS VERDES-ECOPACIFISTAS - CENTRO MODE,0,0,Ministerio del Interior / portal oficial de datos abiertos,PRIMARY_OFFICIAL
2015,2015-12-20,5 - Ávila,MUERTE AL SISTEMA - +MAS+,0,0,Ministerio del Interior / portal oficial de datos abiertos,PRIMARY_OFFICIAL
2015,2015-12-20,5 - Ávila,MÁLAGA POR SÍ - mlgXSÍ,0,0,Ministerio del Interior / portal oficial de datos abiertos,PRIMARY_OFFICIAL
2015,2015-12-20,5 - Ávila,MÉS - MÉS,0,0,Ministerio del Interior / portal oficial de datos abiertos,PRIMARY_OFFICIAL
2015,2015-12-20,5 - Ávila,NÓS-CANDIDATURA GALEGA (BNG-CG-FOGA-PCPG-PG) - NÓS,0,0,Ministerio del Interior / portal oficial de datos abiertos,PRIMARY_OFFICIAL
2015,2015-12-20,5 - Ávila,ONGI ETORRI - OE,0,0,Ministerio del Interior / portal oficial de datos abiertos,PRIMARY_OFFICIAL
2015,2015-12-20,5 - Ávila,PARTIDO ANIMALISTA CONTRA EL MALTRATO ANIMAL (PACM - PACMA,0,0,Ministerio del Interior / portal oficial de datos abiertos,PRIMARY_OFFICIAL
2015,2015-12-20,5 - Ávila,PARTIDO ANIMALISTA CONTRA EL MALTRATO ANIMAL - PACMA,519,0,Ministerio del Interior / portal oficial de datos abiertos,PRIMARY_OFFICIAL
2015,2015-12-20,5 - Ávila,PARTIDO ANIMALISTA CONTRA O MALTRATO ANIMAL - PACMA,0,0,Ministerio del Interior / portal oficial de datos abiertos,PRIMARY_OFFICIAL
2015,2015-12-20,5 - Ávila,PARTIDO ANIMALISTA-CONTRA EL MALTRATO ANIMAL - PACMA,0,0,Ministerio del Interior / portal oficial de datos abiertos,PRIMARY_OFFICIAL
2015,2015-12-20,5 - Ávila,PARTIDO COMUNISTA DE LOS PUEBLOS DE ESPAÑA - PCPE,0,0,Ministerio del Interior / portal oficial de datos abiertos,PRIMARY_OFFICIAL
2015,2015-12-20,5 - Ávila,PARTIDO COMUNISTA DEL PUEBLO CANARIO - PCPC,0,0,Ministerio del Interior / portal oficial de datos abiertos,PRIMARY_OFFICIAL
2015,2015-12-20,5 - Ávila,PARTIDO COMUNISTA OBRERO ESPAÑOL - PCOE,0,0,Ministerio del Interior / portal oficial de datos abiertos,PRIMARY_OFFICIAL
2015,2015-12-20,5 - Ávila,PARTIDO DA TERRA - PT,0,0,Ministerio del Interior / portal oficial de datos abiertos,PRIMARY_OFFICIAL
2015,2015-12-20,5 - Ávila,PARTIDO DOS SOCIALISTAS DE GALICIA-PSOE - PSdeG-PSOE,0,0,Ministerio del Interior / portal oficial de datos abiertos,PRIMARY_OFFICIAL
2015,2015-12-20,5 - Ávila,PARTIDO FAMILIA Y VIDA - PFyV,0,0,Ministerio del Interior / portal oficial de datos abiertos,PRIMARY_OFFICIAL
2015,2015-12-20,5 - Ávila,PARTIDO HUMANISTA - PH,0,0,Ministerio del Interior / portal oficial de datos abiertos,PRIMARY_OFFICIAL
2015,2015-12-20,5 - Ávila,PARTIDO LIBERAL DE DERECHAS - PLD,0,0,Ministerio del Interior / portal oficial de datos abiertos,PRIMARY_OFFICIAL
2015,2015-12-20,5 - Ávila,PARTIDO LIBERTARIO - P-LIB,0,0,Ministerio del Interior / portal oficial de datos abiertos,PRIMARY_OFFICIAL
2015,2015-12-20,5 - Ávila,PARTIDO POPULAR (PP) - PP,0,0,Ministerio del Interior / portal oficial de datos abiertos,PRIMARY_OFFICIAL
2015,2015-12-20,5 - Ávila,PARTIDO POPULAR - PP,47072,2,Ministerio del Interior / portal oficial de datos abiertos,PRIMARY_OFFICIAL
2015,2015-12-20,5 - Ávila,PARTIDO POPULAR EN COALICIÓN CON EL PARTIDO ARAGON - PP-PAR,0,0,Ministerio del Interior / portal oficial de datos abiertos,PRIMARY_OFFICIAL
2015,2015-12-20,5 - Ávila,PARTIDO POPULAR-FORO - PP-FORO,0,0,Ministerio del Interior / portal oficial de datos abiertos,PRIMARY_OFFICIAL
2015,2015-12-20,5 - Ávila,PARTIDO POPULAR/PARTIT POPULAR - PP,0,0,Ministerio del Interior / portal oficial de datos abiertos,PRIMARY_OFFICIAL
2015,2015-12-20,5 - Ávila,PARTIDO REGIONALISTA DEL PAÍS LEONÉS - PREPAL,0,0,Ministerio del Interior / portal oficial de datos abiertos,PRIMARY_OFFICIAL
2015,2015-12-20,5 - Ávila,PARTIDO SOCIALISTA DE EUSKADI-EUSKADIKO EZKERRA (P - PSE-EE,0,0,Ministerio del Interior / portal oficial de datos abiertos,PRIMARY_OFFICIAL
2015,2015-12-20,5 - Ávila,PARTIDO SOCIALISTA DE EUSKADI-EUSKADIKO EZKERRA (P - PSE-EE (PSO,0,0,Ministerio del Interior / portal oficial de datos abiertos,PRIMARY_OFFICIAL
2015,2015-12-20,5 - Ávila,PARTIDO SOCIALISTA OBRERO ESPAÑOL - PSOE,20254,1,Ministerio del Interior / portal oficial de datos abiertos,PRIMARY_OFFICIAL
2015,2015-12-20,5 - Ávila,PARTIDO SOCIALISTA OBRERO ESPAÑOL-NUEVA CANARIAS - PSOE-NCa,0,0,Ministerio del Interior / portal oficial de datos abiertos,PRIMARY_OFFICIAL
2015,2015-12-20,5 - Ávila,PARTIT ANIMALISTA CONTRA EL MALTRACTAMENT ANIMAL - PACMA,0,0,Ministerio del Interior / portal oficial de datos abiertos,PRIMARY_OFFICIAL
2015,2015-12-20,5 - Ávila,PARTIT COMUNISTA DEL POBLE DE CATALUNYA - PCPC,0,0,Ministerio del Interior / portal oficial de datos abiertos,PRIMARY_OFFICIAL
2015,2015-12-20,5 - Ávila,PARTIT COMUNISTA DELS POBLES D’ESPANYA - PCPE,0,0,Ministerio del Interior / portal oficial de datos abiertos,PRIMARY_OFFICIAL
2015,2015-12-20,5 - Ávila,PARTIT DELS SOCIALISTES DE CATALUNYA (PSC-PSOE) - PSC,0,0,Ministerio del Interior / portal oficial de datos abiertos,PRIMARY_OFFICIAL
2015,2015-12-20,5 - Ávila,PARTIT DELS SOCIALISTES DE CATALUNYA - PSC-PSOE,0,0,Ministerio del Interior / portal oficial de datos abiertos,PRIMARY_OFFICIAL
2015,2015-12-20,5 - Ávila,PODEMOS - PODEMOS,11951,0,Ministerio del Interior / portal oficial de datos abiertos,PRIMARY_OFFICIAL
2015,2015-12-20,5 - Ávila,PODEMOS-AHAL DUGU - PODEMOS-AHA,0,0,Ministerio del Interior / portal oficial de datos abiertos,PRIMARY_OFFICIAL
2015,2015-12-20,5 - Ávila,PODEMOS-Ahora Alto Aragón en Común - PODEMOS-Aho,0,0,Ministerio del Interior / portal oficial de datos abiertos,PRIMARY_OFFICIAL
2015,2015-12-20,5 - Ávila,PODEMOS/AHAL DUGU - PODEMOS-AHA,0,0,Ministerio del Interior / portal oficial de datos abiertos,PRIMARY_OFFICIAL
2015,2015-12-20,5 - Ávila,POR UN MUNDO MÁS JUSTO - PUM+J,0,0,Ministerio del Interior / portal oficial de datos abiertos,PRIMARY_OFFICIAL
2015,2015-12-20,5 - Ávila,RECORTES CERO-GRUPO VERDE - RECORTES CE,125,0,Ministerio del Interior / portal oficial de datos abiertos,PRIMARY_OFFICIAL
2015,2015-12-20,5 - Ávila,SOLIDARIDAD Y AUTOGESTIÓN INTERNACIONALISTA - SAIn,0,0,Ministerio del Interior / portal oficial de datos abiertos,PRIMARY_OFFICIAL
2015,2015-12-20,5 - Ávila,SOLUCIONA - SOLUCIONA,0,0,Ministerio del Interior / portal oficial de datos abiertos,PRIMARY_OFFICIAL
2015,2015-12-20,5 - Ávila,SOM VALENCIANS - SOMVAL,0,0,Ministerio del Interior / portal oficial de datos abiertos,PRIMARY_OFFICIAL
2015,2015-12-20,5 - Ávila,"UNIDAD POPULAR EN ARAGÓN: IZQUIERDA UNIDA, CHUNTA - IU-CHA-UPeC",0,0,Ministerio del Interior / portal oficial de datos abiertos,PRIMARY_OFFICIAL
2015,2015-12-20,5 - Ávila,UNIDAD POPULAR- ORAIN BATERA:EZKER ANITZA-IZQUIERD - IU-UPeC,0,0,Ministerio del Interior / portal oficial de datos abiertos,PRIMARY_OFFICIAL
2015,2015-12-20,5 - Ávila,UNIDAD POPULAR-IZQUIERDA UNIDA - UNIDAD POPU,0,0,Ministerio del Interior / portal oficial de datos abiertos,PRIMARY_OFFICIAL
2015,2015-12-20,5 - Ávila,UNIDAD POPULAR-ORAIN BATERA:EZKER ANITZA-IZQUIERDA - IU-UPeC,0,0,Ministerio del Interior / portal oficial de datos abiertos,PRIMARY_OFFICIAL
2015,2015-12-20,5 - Ávila,UNIDAD POPULAR-ORAIN BATERA:EZKER ANITZA-IZQUIERDA - IU-UpeC,0,0,Ministerio del Interior / portal oficial de datos abiertos,PRIMARY_OFFICIAL
2015,2015-12-20,5 - Ávila,"UNIDAD POPULAR-ORAIN BATERA:IZQUIERDA UNIDA, BATZA - IU-B-UPeC",0,0,Ministerio del Interior / portal oficial de datos abiertos,PRIMARY_OFFICIAL
2015,2015-12-20,5 - Ávila,"UNIDAD POPULAR: IZQUIERDA UNIDA CANARIA, UNIDAD PO - IUC-UPeC",0,0,Ministerio del Interior / portal oficial de datos abiertos,PRIMARY_OFFICIAL
2015,2015-12-20,5 - Ávila,UNIDAD POPULAR: IZQUIERDA UNIDA LOS VERDES - CONVO - UP: IULV-CA,0,0,Ministerio del Interior / portal oficial de datos abiertos,PRIMARY_OFFICIAL
2015,2015-12-20,5 - Ávila,"UNIDAD POPULAR: IZQUIERDA UNIDA LOS VERDES-CONVOCA - IULV-CA, UP",0,0,Ministerio del Interior / portal oficial de datos abiertos,PRIMARY_OFFICIAL
2015,2015-12-20,5 - Ávila,"UNIDAD POPULAR: IZQUIERDA UNIDA LOS VERDES-CONVOCA - IULV-CA,UPe",0,0,Ministerio del Interior / portal oficial de datos abiertos,PRIMARY_OFFICIAL
2015,2015-12-20,5 - Ávila,"UNIDAD POPULAR: IZQUIERDA UNIDA, UNIDAD POPULAR EN - IU-UPeC",3905,0,Ministerio del Interior / portal oficial de datos abiertos,PRIMARY_OFFICIAL
2015,2015-12-20,5 - Ávila,"UNIDAD POPULAR: IZQUIERDA UNIDA, UNIDAD POPULAR EN - IU-UPeC-IAS",0,0,Ministerio del Interior / portal oficial de datos abiertos,PRIMARY_OFFICIAL
2015,2015-12-20,5 - Ávila,"UNIDAD POPULAR: IZQUIERDA UNIDA, UNIDAD POPULAR EN - UP-UPeC",0,0,Ministerio del Interior / portal oficial de datos abiertos,PRIMARY_OFFICIAL
2015,2015-12-20,5 - Ávila,"UNIDAD POPULAR: IZQUIERDA UNIDA, UNIDAD POPULAR EN - UPeC-IU-IZC",0,0,Ministerio del Interior / portal oficial de datos abiertos,PRIMARY_OFFICIAL
2015,2015-12-20,5 - Ávila,UNIDAD POPULAR: IZQUIERDA UNIDA-UNIDAD POPULAR EN - IU-UPeC,0,0,Ministerio del Interior / portal oficial de datos abiertos,PRIMARY_OFFICIAL
2015,2015-12-20,5 - Ávila,UNIDAD POPULAR: IZQUIERDA UNIDA. UNIDAD POPULAR EN - IU-UPeC,0,0,Ministerio del Interior / portal oficial de datos abiertos,PRIMARY_OFFICIAL
2015,2015-12-20,5 - Ávila,"UNIDAD POPULAR: UNIDAD POPULAR EN COMÚN, IZQUIERDA - UPeC-IU",0,0,Ministerio del Interior / portal oficial de datos abiertos,PRIMARY_OFFICIAL
2015,2015-12-20,5 - Ávila,"UNITAT POPULAR BALEARS: IZQUIERDA UNIDA, UNIDAD PO - UPB: IU-UPe",0,0,Ministerio del Interior / portal oficial de datos abiertos,PRIMARY_OFFICIAL
2015,2015-12-20,5 - Ávila,"UNITAT POPULAR: ESQUERRA UNIDA DEL PAÍS VALENCIÀ, - EUPV-UPeC",0,0,Ministerio del Interior / portal oficial de datos abiertos,PRIMARY_OFFICIAL
2015,2015-12-20,5 - Ávila,"UNITAT POPULAR:ESQUERRA UNIDA DEL PAÍS VALENCIÀ, U - EUPV-UPeC",0,0,Ministerio del Interior / portal oficial de datos abiertos,PRIMARY_OFFICIAL
2015,2015-12-20,5 - Ávila,UNIÓ DEMOCRÀTICA DE CATALUNYA - Unio.Cat,0,0,Ministerio del Interior / portal oficial de datos abiertos,PRIMARY_OFFICIAL
2015,2015-12-20,5 - Ávila,UNIÓ DEMOCRÀTICA DE CATALUNYA - unio.cat,0,0,Ministerio del Interior / portal oficial de datos abiertos,PRIMARY_OFFICIAL
2015,2015-12-20,5 - Ávila,UNIÓN DEL PUEBLO NAVARRO EN COALICIÓN CON EL PARTI - UPN-PP,0,0,Ministerio del Interior / portal oficial de datos abiertos,PRIMARY_OFFICIAL
2015,2015-12-20,5 - Ávila,UNIÓN PROGRESO Y DEMOCRACIA (UPYD) - UPYD,0,0,Ministerio del Interior / portal oficial de datos abiertos,PRIMARY_OFFICIAL
2015,2015-12-20,5 - Ávila,UNIÓN PROGRESO Y DEMOCRACIA - UPYD,908,0,Ministerio del Interior / portal oficial de datos abiertos,PRIMARY_OFFICIAL
2015,2015-12-20,5 - Ávila,VOX - VOX,330,0,Ministerio del Interior / portal oficial de datos abiertos,PRIMARY_OFFICIAL
2015,2015-12-20,5 - Ávila,X A ESQUERDA - X ESQ,0,0,Ministerio del Interior / portal oficial de datos abiertos,PRIMARY_OFFICIAL
2015,2015-12-20,5 - Ávila,X LA IZQUIERDA-LOS VERDES - X LA IZQUIE,0,0,Ministerio del Interior / portal oficial de datos abiertos,PRIMARY_OFFICIAL
2015,2015-12-20,50 - Zaragoza,"""EN COMÚ PODEM"" - EN COMÚ",0,0,Ministerio del Interior / portal oficial de datos abiertos,PRIMARY_OFFICIAL
2015,2015-12-20,50 - Zaragoza,ANDALUCES DE JAÉN UNIDOS - AJU,0,0,Ministerio del Interior / portal oficial de datos abiertos,PRIMARY_OFFICIAL
2015,2015-12-20,50 - Zaragoza,"ARA, PAÍS VALENCIÀ - ARA, PV",0,0,Ministerio del Interior / portal oficial de datos abiertos,PRIMARY_OFFICIAL
2015,2015-12-20,50 - Zaragoza,"ARA, PAÍS VALENCIÀ - ARAPV",0,0,Ministerio del Interior / portal oficial de datos abiertos,PRIMARY_OFFICIAL
2015,2015-12-20,50 - Zaragoza,AVANT VALENCIANS - AVANT,0,0,Ministerio del Interior / portal oficial de datos abiertos,PRIMARY_OFFICIAL
2015,2015-12-20,50 - Zaragoza,BIDEZKO MUNDURANTZ/POR UN MUNDO MÁS JUSTO - PUM+J,0,0,Ministerio del Interior / portal oficial de datos abiertos,PRIMARY_OFFICIAL
2015,2015-12-20,50 - Zaragoza,"CANARIAS DECIDE: LOS VERDES, UNIDAD DEL PUEBLO Y A - CANARIAS DE",0,0,Ministerio del Interior / portal oficial de datos abiertos,PRIMARY_OFFICIAL
2015,2015-12-20,50 - Zaragoza,CIUDADANOS DE CENTRO DEMOCRÁTICO - CCD,0,0,Ministerio del Interior / portal oficial de datos abiertos,PRIMARY_OFFICIAL
2015,2015-12-20,50 - Zaragoza,CIUDADANOS LIBRES UNIDOS - CILUS,0,0,Ministerio del Interior / portal oficial de datos abiertos,PRIMARY_OFFICIAL
2015,2015-12-20,50 - Zaragoza,CIUDADANOS PARTIDO DE LA CIUDADANÍA - C's,0,0,Ministerio del Interior / portal oficial de datos abiertos,PRIMARY_OFFICIAL
2015,2015-12-20,50 - Zaragoza,CIUDADANOS PARTIDO DE LA CIUDADANÍA - C´s,0,0,Ministerio del Interior / portal oficial de datos abiertos,PRIMARY_OFFICIAL
2015,2015-12-20,50 - Zaragoza,CIUDADANOS RURALES AGRUPADOS - CRA,0,0,Ministerio del Interior / portal oficial de datos abiertos,PRIMARY_OFFICIAL
2015,2015-12-20,50 - Zaragoza,"CIUDADANOS, PARTIDO DE LA CIUDADANÍA - C's",0,0,Ministerio del Interior / portal oficial de datos abiertos,PRIMARY_OFFICIAL
2015,2015-12-20,50 - Zaragoza,"CIUDADANOS, PARTIDO DE LA CIUDADANÍA - C´s",0,0,Ministerio del Interior / portal oficial de datos abiertos,PRIMARY_OFFICIAL
2015,2015-12-20,50 - Zaragoza,CIUDADANOS-PARTIDO DE LA CIUDADANÍA (C's) - C's,0,0,Ministerio del Interior / portal oficial de datos abiertos,PRIMARY_OFFICIAL
2015,2015-12-20,50 - Zaragoza,CIUDADANOS-PARTIDO DE LA CIUDADANÍA - C's,95130,1,Ministerio del Interior / portal oficial de datos abiertos,PRIMARY_OFFICIAL
2015,2015-12-20,50 - Zaragoza,CIUDADANOS-PARTIDO DE LA CIUDADANÍA - C´s,0,0,Ministerio del Interior / portal oficial de datos abiertos,PRIMARY_OFFICIAL
2015,2015-12-20,50 - Zaragoza,CIUTADANS - PARTIDO DE LA CIUDADANÍA - C's,0,0,Ministerio del Interior / portal oficial de datos abiertos,PRIMARY_OFFICIAL
2015,2015-12-20,50 - Zaragoza,CIUTADANS-PARTIDO DE LA CIUDADANÍA - C's,0,0,Ministerio del Interior / portal oficial de datos abiertos,PRIMARY_OFFICIAL
2015,2015-12-20,50 - Zaragoza,COALICIÓN CANARIA - PARTIDO NACIONALISTA CANARIO - CCa-PNC,0,0,Ministerio del Interior / portal oficial de datos abiertos,PRIMARY_OFFICIAL
2015,2015-12-20,50 - Zaragoza,COALICIÓN CANARIA-PARTIDO NACIONALISTA CANARIO - CCa-PNC,0,0,Ministerio del Interior / portal oficial de datos abiertos,PRIMARY_OFFICIAL
2015,2015-12-20,50 - Zaragoza,COMPROMÍS-PODEMOS-ÉS EL MOMENT - PODEMOS - C,0,0,Ministerio del Interior / portal oficial de datos abiertos,PRIMARY_OFFICIAL
2015,2015-12-20,50 - Zaragoza,COMPROMÍS-PODEMOS-ÉS EL MOMENT - PODEMOS-COM,0,0,Ministerio del Interior / portal oficial de datos abiertos,PRIMARY_OFFICIAL
2015,2015-12-20,50 - Zaragoza,COMUNISTAS DA GALIZA - PCPE,0,0,Ministerio del Interior / portal oficial de datos abiertos,PRIMARY_OFFICIAL
2015,2015-12-20,50 - Zaragoza,COMUNISTAS DA GALIZA-PCPE - PCPE,0,0,Ministerio del Interior / portal oficial de datos abiertos,PRIMARY_OFFICIAL
2015,2015-12-20,50 - Zaragoza,DEMOCRACIA NACIONAL - DN,0,0,Ministerio del Interior / portal oficial de datos abiertos,PRIMARY_OFFICIAL
2015,2015-12-20,50 - Zaragoza,DEMOCRÀCIA I LLIBERTAT. CONVERGÈNCIA. DEMÒCRATES. - DL,0,0,Ministerio del Interior / portal oficial de datos abiertos,PRIMARY_OFFICIAL
2015,2015-12-20,50 - Zaragoza,EL PI - PROPOSTA PER LES ILLES - EL PI,0,0,Ministerio del Interior / portal oficial de datos abiertos,PRIMARY_OFFICIAL
2015,2015-12-20,50 - Zaragoza,EN COMÚ PODEM - EN COMÚ,0,0,Ministerio del Interior / portal oficial de datos abiertos,PRIMARY_OFFICIAL
2015,2015-12-20,50 - Zaragoza,EN MAREA - PODEMOS-EN,0,0,Ministerio del Interior / portal oficial de datos abiertos,PRIMARY_OFFICIAL
2015,2015-12-20,50 - Zaragoza,EN MAREA - PODEMOS-En,0,0,Ministerio del Interior / portal oficial de datos abiertos,PRIMARY_OFFICIAL
2015,2015-12-20,50 - Zaragoza,EN POSITIU - EN POSITIU,0,0,Ministerio del Interior / portal oficial de datos abiertos,PRIMARY_OFFICIAL
2015,2015-12-20,50 - Zaragoza,ESCAÑOS EN BLANCO - AULKI ZURIAK - EB - AZ,0,0,Ministerio del Interior / portal oficial de datos abiertos,PRIMARY_OFFICIAL
2015,2015-12-20,50 - Zaragoza,ESCAÑOS EN BLANCO - EB,2967,0,Ministerio del Interior / portal oficial de datos abiertos,PRIMARY_OFFICIAL
2015,2015-12-20,50 - Zaragoza,ESCAÑOS EN BLANCO-AULKI ZURIAK - EB-AZ,0,0,Ministerio del Interior / portal oficial de datos abiertos,PRIMARY_OFFICIAL
2015,2015-12-20,50 - Zaragoza,ESCONS EN BLANC/ESCAÑOS EN BLANCO - EB,0,0,Ministerio del Interior / portal oficial de datos abiertos,PRIMARY_OFFICIAL
2015,2015-12-20,50 - Zaragoza,ESQUERRA REPUBLICANA DE CATALUNYA-CATALUNYA SÍ - ERC-CATSI,0,0,Ministerio del Interior / portal oficial de datos abiertos,PRIMARY_OFFICIAL
2015,2015-12-20,50 - Zaragoza,ESQUERRA REPUBLICANA DE CATALUNYA-CATALUNYA SÍ - ERC-CATSÍ,0,0,Ministerio del Interior / portal oficial de datos abiertos,PRIMARY_OFFICIAL
2015,2015-12-20,50 - Zaragoza,EUSKAL HERRIA BILDU (EH Bildu) - EH Bildu,0,0,Ministerio del Interior / portal oficial de datos abiertos,PRIMARY_OFFICIAL
2015,2015-12-20,50 - Zaragoza,EUSKAL HERRIA BILDU - EH Bildu,0,0,Ministerio del Interior / portal oficial de datos abiertos,PRIMARY_OFFICIAL
2015,2015-12-20,50 - Zaragoza,EUZKO ALDERDI JELTZALEA-PARTIDO NACIONALISTA VASCO - EAJ-PNV,0,0,Ministerio del Interior / portal oficial de datos abiertos,PRIMARY_OFFICIAL
2015,2015-12-20,50 - Zaragoza,EXTREMADURA UNIDA-EXTREMEÑOS - EU-eX,0,0,Ministerio del Interior / portal oficial de datos abiertos,PRIMARY_OFFICIAL
2015,2015-12-20,50 - Zaragoza,EZKERRA-X LA IZQUIERDA - EZKERRA,0,0,Ministerio del Interior / portal oficial de datos abiertos,PRIMARY_OFFICIAL
2015,2015-12-20,50 - Zaragoza,FALANGE ESPAÑOLA DE LAS JONS - FE de las J,0,0,Ministerio del Interior / portal oficial de datos abiertos,PRIMARY_OFFICIAL
2015,2015-12-20,50 - Zaragoza,FORO DEMÓCRATA - FDEE,0,0,Ministerio del Interior / portal oficial de datos abiertos,PRIMARY_OFFICIAL
2015,2015-12-20,50 - Zaragoza,GEROA BAI - GBAI,0,0,Ministerio del Interior / portal oficial de datos abiertos,PRIMARY_OFFICIAL
2015,2015-12-20,50 - Zaragoza,INDEPENDIENTES POR ARAGÓN - Independien,562,0,Ministerio del Interior / portal oficial de datos abiertos,PRIMARY_OFFICIAL
2015,2015-12-20,50 - Zaragoza,INICIATIVA FEMINISTA - IFem,0,0,Ministerio del Interior / portal oficial de datos abiertos,PRIMARY_OFFICIAL
2015,2015-12-20,50 - Zaragoza,"JUSTIZIA SOCIAL, PARTICIPACIÓN CIUDADANA - JS,PC",0,0,Ministerio del Interior / portal oficial de datos abiertos,PRIMARY_OFFICIAL
2015,2015-12-20,50 - Zaragoza,"LIBERTAD NAVARRA, LIBERTATE NAFARRA (Ln) - Ln",0,0,Ministerio del Interior / portal oficial de datos abiertos,PRIMARY_OFFICIAL
2015,2015-12-20,50 - Zaragoza,"LIBERTAD NAVARRA, LIBERTATE NAFARRA - Ln",0,0,Ministerio del Interior / portal oficial de datos abiertos,PRIMARY_OFFICIAL
2015,2015-12-20,50 - Zaragoza,LIBERTAD NAVARRA-LIBERTATE NAFARRA - Ln,0,0,Ministerio del Interior / portal oficial de datos abiertos,PRIMARY_OFFICIAL
2015,2015-12-20,50 - Zaragoza,LOS VERDES-ECOPACIFISTAS - CENTRO MODE,0,0,Ministerio del Interior / portal oficial de datos abiertos,PRIMARY_OFFICIAL
2015,2015-12-20,50 - Zaragoza,MUERTE AL SISTEMA - +MAS+,0,0,Ministerio del Interior / portal oficial de datos abiertos,PRIMARY_OFFICIAL
2015,2015-12-20,50 - Zaragoza,MÁLAGA POR SÍ - mlgXSÍ,0,0,Ministerio del Interior / portal oficial de datos abiertos,PRIMARY_OFFICIAL
2015,2015-12-20,50 - Zaragoza,MÉS - MÉS,0,0,Ministerio del Interior / portal oficial de datos abiertos,PRIMARY_OFFICIAL
2015,2015-12-20,50 - Zaragoza,NÓS-CANDIDATURA GALEGA (BNG-CG-FOGA-PCPG-PG) - NÓS,0,0,Ministerio del Interior / portal oficial de datos abiertos,PRIMARY_OFFICIAL
2015,2015-12-20,50 - Zaragoza,ONGI ETORRI - OE,0,0,Ministerio del Interior / portal oficial de datos abiertos,PRIMARY_OFFICIAL
2015,2015-12-20,50 - Zaragoza,PARTIDO ANIMALISTA CONTRA EL MALTRATO ANIMAL (PACM - PACMA,0,0,Ministerio del Interior / portal oficial de datos abiertos,PRIMARY_OFFICIAL
2015,2015-12-20,50 - Zaragoza,PARTIDO ANIMALISTA CONTRA EL MALTRATO ANIMAL - PACMA,4057,0,Ministerio del Interior / portal oficial de datos abiertos,PRIMARY_OFFICIAL
2015,2015-12-20,50 - Zaragoza,PARTIDO ANIMALISTA CONTRA O MALTRATO ANIMAL - PACMA,0,0,Ministerio del Interior / portal oficial de datos abiertos,PRIMARY_OFFICIAL
2015,2015-12-20,50 - Zaragoza,PARTIDO ANIMALISTA-CONTRA EL MALTRATO ANIMAL - PACMA,0,0,Ministerio del Interior / portal oficial de datos abiertos,PRIMARY_OFFICIAL
2015,2015-12-20,50 - Zaragoza,PARTIDO COMUNISTA DE LOS PUEBLOS DE ESPAÑA - PCPE,845,0,Ministerio del Interior / portal oficial de datos abiertos,PRIMARY_OFFICIAL
2015,2015-12-20,50 - Zaragoza,PARTIDO COMUNISTA DEL PUEBLO CANARIO - PCPC,0,0,Ministerio del Interior / portal oficial de datos abiertos,PRIMARY_OFFICIAL
2015,2015-12-20,50 - Zaragoza,PARTIDO COMUNISTA OBRERO ESPAÑOL - PCOE,0,0,Ministerio del Interior / portal oficial de datos abiertos,PRIMARY_OFFICIAL
2015,2015-12-20,50 - Zaragoza,PARTIDO DA TERRA - PT,0,0,Ministerio del Interior / portal oficial de datos abiertos,PRIMARY_OFFICIAL
2015,2015-12-20,50 - Zaragoza,PARTIDO DOS SOCIALISTAS DE GALICIA-PSOE - PSdeG-PSOE,0,0,Ministerio del Interior / portal oficial de datos abiertos,PRIMARY_OFFICIAL
2015,2015-12-20,50 - Zaragoza,PARTIDO FAMILIA Y VIDA - PFyV,0,0,Ministerio del Interior / portal oficial de datos abiertos,PRIMARY_OFFICIAL
2015,2015-12-20,50 - Zaragoza,PARTIDO HUMANISTA - PH,0,0,Ministerio del Interior / portal oficial de datos abiertos,PRIMARY_OFFICIAL
2015,2015-12-20,50 - Zaragoza,PARTIDO LIBERAL DE DERECHAS - PLD,0,0,Ministerio del Interior / portal oficial de datos abiertos,PRIMARY_OFFICIAL
2015,2015-12-20,50 - Zaragoza,PARTIDO LIBERTARIO - P-LIB,0,0,Ministerio del Interior / portal oficial de datos abiertos,PRIMARY_OFFICIAL
2015,2015-12-20,50 - Zaragoza,PARTIDO POPULAR (PP) - PP,0,0,Ministerio del Interior / portal oficial de datos abiertos,PRIMARY_OFFICIAL
2015,2015-12-20,50 - Zaragoza,PARTIDO POPULAR - PP,0,0,Ministerio del Interior / portal oficial de datos abiertos,PRIMARY_OFFICIAL
2015,2015-12-20,50 - Zaragoza,PARTIDO POPULAR EN COALICIÓN CON EL PARTIDO ARAGON - PP-PAR,161662,3,Ministerio del Interior / portal oficial de datos abiertos,PRIMARY_OFFICIAL
2015,2015-12-20,50 - Zaragoza,PARTIDO POPULAR-FORO - PP-FORO,0,0,Ministerio del Interior / portal oficial de datos abiertos,PRIMARY_OFFICIAL
2015,2015-12-20,50 - Zaragoza,PARTIDO POPULAR/PARTIT POPULAR - PP,0,0,Ministerio del Interior / portal oficial de datos abiertos,PRIMARY_OFFICIAL
2015,2015-12-20,50 - Zaragoza,PARTIDO REGIONALISTA DEL PAÍS LEONÉS - PREPAL,0,0,Ministerio del Interior / portal oficial de datos abiertos,PRIMARY_OFFICIAL
2015,2015-12-20,50 - Zaragoza,PARTIDO SOCIALISTA DE EUSKADI-EUSKADIKO EZKERRA (P - PSE-EE,0,0,Ministerio del Interior / portal oficial de datos abiertos,PRIMARY_OFFICIAL
2015,2015-12-20,50 - Zaragoza,PARTIDO SOCIALISTA DE EUSKADI-EUSKADIKO EZKERRA (P - PSE-EE (PSO,0,0,Ministerio del Interior / portal oficial de datos abiertos,PRIMARY_OFFICIAL
2015,2015-12-20,50 - Zaragoza,PARTIDO SOCIALISTA OBRERO ESPAÑOL - PSOE,118936,2,Ministerio del Interior / portal oficial de datos abiertos,PRIMARY_OFFICIAL
2015,2015-12-20,50 - Zaragoza,PARTIDO SOCIALISTA OBRERO ESPAÑOL-NUEVA CANARIAS - PSOE-NCa,0,0,Ministerio del Interior / portal oficial de datos abiertos,PRIMARY_OFFICIAL
2015,2015-12-20,50 - Zaragoza,PARTIT ANIMALISTA CONTRA EL MALTRACTAMENT ANIMAL - PACMA,0,0,Ministerio del Interior / portal oficial de datos abiertos,PRIMARY_OFFICIAL
2015,2015-12-20,50 - Zaragoza,PARTIT COMUNISTA DEL POBLE DE CATALUNYA - PCPC,0,0,Ministerio del Interior / portal oficial de datos abiertos,PRIMARY_OFFICIAL
2015,2015-12-20,50 - Zaragoza,PARTIT COMUNISTA DELS POBLES D’ESPANYA - PCPE,0,0,Ministerio del Interior / portal oficial de datos abiertos,PRIMARY_OFFICIAL
2015,2015-12-20,50 - Zaragoza,PARTIT DELS SOCIALISTES DE CATALUNYA (PSC-PSOE) - PSC,0,0,Ministerio del Interior / portal oficial de datos abiertos,PRIMARY_OFFICIAL
2015,2015-12-20,50 - Zaragoza,PARTIT DELS SOCIALISTES DE CATALUNYA - PSC-PSOE,0,0,Ministerio del Interior / portal oficial de datos abiertos,PRIMARY_OFFICIAL
2015,2015-12-20,50 - Zaragoza,PODEMOS - PODEMOS,102596,1,Ministerio del Interior / portal oficial de datos abiertos,PRIMARY_OFFICIAL
2015,2015-12-20,50 - Zaragoza,PODEMOS-AHAL DUGU - PODEMOS-AHA,0,0,Ministerio del Interior / portal oficial de datos abiertos,PRIMARY_OFFICIAL
2015,2015-12-20,50 - Zaragoza,PODEMOS-Ahora Alto Aragón en Común - PODEMOS-Aho,0,0,Ministerio del Interior / portal oficial de datos abiertos,PRIMARY_OFFICIAL
2015,2015-12-20,50 - Zaragoza,PODEMOS/AHAL DUGU - PODEMOS-AHA,0,0,Ministerio del Interior / portal oficial de datos abiertos,PRIMARY_OFFICIAL
2015,2015-12-20,50 - Zaragoza,POR UN MUNDO MÁS JUSTO - PUM+J,0,0,Ministerio del Interior / portal oficial de datos abiertos,PRIMARY_OFFICIAL
2015,2015-12-20,50 - Zaragoza,RECORTES CERO-GRUPO VERDE - RECORTES CE,1088,0,Ministerio del Interior / portal oficial de datos abiertos,PRIMARY_OFFICIAL
2015,2015-12-20,50 - Zaragoza,SOLIDARIDAD Y AUTOGESTIÓN INTERNACIONALISTA - SAIn,0,0,Ministerio del Interior / portal oficial de datos abiertos,PRIMARY_OFFICIAL
2015,2015-12-20,50 - Zaragoza,SOLUCIONA - SOLUCIONA,0,0,Ministerio del Interior / portal oficial de datos abiertos,PRIMARY_OFFICIAL
2015,2015-12-20,50 - Zaragoza,SOM VALENCIANS - SOMVAL,0,0,Ministerio del Interior / portal oficial de datos abiertos,PRIMARY_OFFICIAL
2015,2015-12-20,50 - Zaragoza,"UNIDAD POPULAR EN ARAGÓN: IZQUIERDA UNIDA, CHUNTA - IU-CHA-UPeC",34869,0,Ministerio del Interior / portal oficial de datos abiertos,PRIMARY_OFFICIAL
2015,2015-12-20,50 - Zaragoza,UNIDAD POPULAR- ORAIN BATERA:EZKER ANITZA-IZQUIERD - IU-UPeC,0,0,Ministerio del Interior / portal oficial de datos abiertos,PRIMARY_OFFICIAL
2015,2015-12-20,50 - Zaragoza,UNIDAD POPULAR-IZQUIERDA UNIDA - UNIDAD POPU,0,0,Ministerio del Interior / portal oficial de datos abiertos,PRIMARY_OFFICIAL
2015,2015-12-20,50 - Zaragoza,UNIDAD POPULAR-ORAIN BATERA:EZKER ANITZA-IZQUIERDA - IU-UPeC,0,0,Ministerio del Interior / portal oficial de datos abiertos,PRIMARY_OFFICIAL
2015,2015-12-20,50 - Zaragoza,UNIDAD POPULAR-ORAIN BATERA:EZKER ANITZA-IZQUIERDA - IU-UpeC,0,0,Ministerio del Interior / portal oficial de datos abiertos,PRIMARY_OFFICIAL
2015,2015-12-20,50 - Zaragoza,"UNIDAD POPULAR-ORAIN BATERA:IZQUIERDA UNIDA, BATZA - IU-B-UPeC",0,0,Ministerio del Interior / portal oficial de datos abiertos,PRIMARY_OFFICIAL
2015,2015-12-20,50 - Zaragoza,"UNIDAD POPULAR: IZQUIERDA UNIDA CANARIA, UNIDAD PO - IUC-UPeC",0,0,Ministerio del Interior / portal oficial de datos abiertos,PRIMARY_OFFICIAL
2015,2015-12-20,50 - Zaragoza,UNIDAD POPULAR: IZQUIERDA UNIDA LOS VERDES - CONVO - UP: IULV-CA,0,0,Ministerio del Interior / portal oficial de datos abiertos,PRIMARY_OFFICIAL
2015,2015-12-20,50 - Zaragoza,"UNIDAD POPULAR: IZQUIERDA UNIDA LOS VERDES-CONVOCA - IULV-CA, UP",0,0,Ministerio del Interior / portal oficial de datos abiertos,PRIMARY_OFFICIAL
2015,2015-12-20,50 - Zaragoza,"UNIDAD POPULAR: IZQUIERDA UNIDA LOS VERDES-CONVOCA - IULV-CA,UPe",0,0,Ministerio del Interior / portal oficial de datos abiertos,PRIMARY_OFFICIAL
2015,2015-12-20,50 - Zaragoza,"UNIDAD POPULAR: IZQUIERDA UNIDA, UNIDAD POPULAR EN - IU-UPeC",0,0,Ministerio del Interior / portal oficial de datos abiertos,PRIMARY_OFFICIAL
2015,2015-12-20,50 - Zaragoza,"UNIDAD POPULAR: IZQUIERDA UNIDA, UNIDAD POPULAR EN - IU-UPeC-IAS",0,0,Ministerio del Interior / portal oficial de datos abiertos,PRIMARY_OFFICIAL
2015,2015-12-20,50 - Zaragoza,"UNIDAD POPULAR: IZQUIERDA UNIDA, UNIDAD POPULAR EN - UP-UPeC",0,0,Ministerio del Interior / portal oficial de datos abiertos,PRIMARY_OFFICIAL
2015,2015-12-20,50 - Zaragoza,"UNIDAD POPULAR: IZQUIERDA UNIDA, UNIDAD POPULAR EN - UPeC-IU-IZC",0,0,Ministerio del Interior / portal oficial de datos abiertos,PRIMARY_OFFICIAL
2015,2015-12-20,50 - Zaragoza,UNIDAD POPULAR: IZQUIERDA UNIDA-UNIDAD POPULAR EN - IU-UPeC,0,0,Ministerio del Interior / portal oficial de datos abiertos,PRIMARY_OFFICIAL
2015,2015-12-20,50 - Zaragoza,UNIDAD POPULAR: IZQUIERDA UNIDA. UNIDAD POPULAR EN - IU-UPeC,0,0,Ministerio del Interior / portal oficial de datos abiertos,PRIMARY_OFFICIAL
2015,2015-12-20,50 - Zaragoza,"UNIDAD POPULAR: UNIDAD POPULAR EN COMÚN, IZQUIERDA - UPeC-IU",0,0,Ministerio del Interior / portal oficial de datos abiertos,PRIMARY_OFFICIAL
2015,2015-12-20,50 - Zaragoza,"UNITAT POPULAR BALEARS: IZQUIERDA UNIDA, UNIDAD PO - UPB: IU-UPe",0,0,Ministerio del Interior / portal oficial de datos abiertos,PRIMARY_OFFICIAL
2015,2015-12-20,50 - Zaragoza,"UNITAT POPULAR: ESQUERRA UNIDA DEL PAÍS VALENCIÀ, - EUPV-UPeC",0,0,Ministerio del Interior / portal oficial de datos abiertos,PRIMARY_OFFICIAL
2015,2015-12-20,50 - Zaragoza,"UNITAT POPULAR:ESQUERRA UNIDA DEL PAÍS VALENCIÀ, U - EUPV-UPeC",0,0,Ministerio del Interior / portal oficial de datos abiertos,PRIMARY_OFFICIAL
2015,2015-12-20,50 - Zaragoza,UNIÓ DEMOCRÀTICA DE CATALUNYA - Unio.Cat,0,0,Ministerio del Interior / portal oficial de datos abiertos,PRIMARY_OFFICIAL
2015,2015-12-20,50 - Zaragoza,UNIÓ DEMOCRÀTICA DE CATALUNYA - unio.cat,0,0,Ministerio del Interior / portal oficial de datos abiertos,PRIMARY_OFFICIAL
2015,2015-12-20,50 - Zaragoza,UNIÓN DEL PUEBLO NAVARRO EN COALICIÓN CON EL PARTI - UPN-PP,0,0,Ministerio del Interior / portal oficial de datos abiertos,PRIMARY_OFFICIAL
2015,2015-12-20,50 - Zaragoza,UNIÓN PROGRESO Y DEMOCRACIA (UPYD) - UPYD,0,0,Ministerio del Interior / portal oficial de datos abiertos,PRIMARY_OFFICIAL
2015,2015-12-20,50 - Zaragoza,UNIÓN PROGRESO Y DEMOCRACIA - UPYD,4514,0,Ministerio del Interior / portal oficial de datos abiertos,PRIMARY_OFFICIAL
2015,2015-12-20,50 - Zaragoza,VOX - VOX,1849,0,Ministerio del Interior / portal oficial de datos abiertos,PRIMARY_OFFICIAL
2015,2015-12-20,50 - Zaragoza,X A ESQUERDA - X ESQ,0,0,Ministerio del Interior / portal oficial de datos abiertos,PRIMARY_OFFICIAL
2015,2015-12-20,50 - Zaragoza,X LA IZQUIERDA-LOS VERDES - X LA IZQUIE,0,0,Ministerio del Interior / portal oficial de datos abiertos,PRIMARY_OFFICIAL
2015,2015-12-20,51 - Ceuta,"""EN COMÚ PODEM"" - EN COMÚ",0,0,Ministerio del Interior / portal oficial de datos abiertos,PRIMARY_OFFICIAL
2015,2015-12-20,51 - Ceuta,ANDALUCES DE JAÉN UNIDOS - AJU,0,0,Ministerio del Interior / portal oficial de datos abiertos,PRIMARY_OFFICIAL
2015,2015-12-20,51 - Ceuta,"ARA, PAÍS VALENCIÀ - ARA, PV",0,0,Ministerio del Interior / portal oficial de datos abiertos,PRIMARY_OFFICIAL
2015,2015-12-20,51 - Ceuta,"ARA, PAÍS VALENCIÀ - ARAPV",0,0,Ministerio del Interior / portal oficial de datos abiertos,PRIMARY_OFFICIAL
2015,2015-12-20,51 - Ceuta,AVANT VALENCIANS - AVANT,0,0,Ministerio del Interior / portal oficial de datos abiertos,PRIMARY_OFFICIAL
2015,2015-12-20,51 - Ceuta,BIDEZKO MUNDURANTZ/POR UN MUNDO MÁS JUSTO - PUM+J,0,0,Ministerio del Interior / portal oficial de datos abiertos,PRIMARY_OFFICIAL
2015,2015-12-20,51 - Ceuta,"CANARIAS DECIDE: LOS VERDES, UNIDAD DEL PUEBLO Y A - CANARIAS DE",0,0,Ministerio del Interior / portal oficial de datos abiertos,PRIMARY_OFFICIAL
2015,2015-12-20,51 - Ceuta,CIUDADANOS DE CENTRO DEMOCRÁTICO - CCD,0,0,Ministerio del Interior / portal oficial de datos abiertos,PRIMARY_OFFICIAL
2015,2015-12-20,51 - Ceuta,CIUDADANOS LIBRES UNIDOS - CILUS,0,0,Ministerio del Interior / portal oficial de datos abiertos,PRIMARY_OFFICIAL
2015,2015-12-20,51 - Ceuta,CIUDADANOS PARTIDO DE LA CIUDADANÍA - C's,0,0,Ministerio del Interior / portal oficial de datos abiertos,PRIMARY_OFFICIAL
2015,2015-12-20,51 - Ceuta,CIUDADANOS PARTIDO DE LA CIUDADANÍA - C´s,0,0,Ministerio del Interior / portal oficial de datos abiertos,PRIMARY_OFFICIAL
2015,2015-12-20,51 - Ceuta,CIUDADANOS RURALES AGRUPADOS - CRA,0,0,Ministerio del Interior / portal oficial de datos abiertos,PRIMARY_OFFICIAL
2015,2015-12-20,51 - Ceuta,"CIUDADANOS, PARTIDO DE LA CIUDADANÍA - C's",0,0,Ministerio del Interior / portal oficial de datos abiertos,PRIMARY_OFFICIAL
2015,2015-12-20,51 - Ceuta,"CIUDADANOS, PARTIDO DE LA CIUDADANÍA - C´s",0,0,Ministerio del Interior / portal oficial de datos abiertos,PRIMARY_OFFICIAL
2015,2015-12-20,51 - Ceuta,CIUDADANOS-PARTIDO DE LA CIUDADANÍA (C's) - C's,0,0,Ministerio del Interior / portal oficial de datos abiertos,PRIMARY_OFFICIAL
2015,2015-12-20,51 - Ceuta,CIUDADANOS-PARTIDO DE LA CIUDADANÍA - C's,4392,0,Ministerio del Interior / portal oficial de datos abiertos,PRIMARY_OFFICIAL
2015,2015-12-20,51 - Ceuta,CIUDADANOS-PARTIDO DE LA CIUDADANÍA - C´s,0,0,Ministerio del Interior / portal oficial de datos abiertos,PRIMARY_OFFICIAL
2015,2015-12-20,51 - Ceuta,CIUTADANS - PARTIDO DE LA CIUDADANÍA - C's,0,0,Ministerio del Interior / portal oficial de datos abiertos,PRIMARY_OFFICIAL
2015,2015-12-20,51 - Ceuta,CIUTADANS-PARTIDO DE LA CIUDADANÍA - C's,0,0,Ministerio del Interior / portal oficial de datos abiertos,PRIMARY_OFFICIAL
2015,2015-12-20,51 - Ceuta,COALICIÓN CANARIA - PARTIDO NACIONALISTA CANARIO - CCa-PNC,0,0,Ministerio del Interior / portal oficial de datos abiertos,PRIMARY_OFFICIAL
2015,2015-12-20,51 - Ceuta,COALICIÓN CANARIA-PARTIDO NACIONALISTA CANARIO - CCa-PNC,0,0,Ministerio del Interior / portal oficial de datos abiertos,PRIMARY_OFFICIAL
2015,2015-12-20,51 - Ceuta,COMPROMÍS-PODEMOS-ÉS EL MOMENT - PODEMOS - C,0,0,Ministerio del Interior / portal oficial de datos abiertos,PRIMARY_OFFICIAL
2015,2015-12-20,51 - Ceuta,COMPROMÍS-PODEMOS-ÉS EL MOMENT - PODEMOS-COM,0,0,Ministerio del Interior / portal oficial de datos abiertos,PRIMARY_OFFICIAL
2015,2015-12-20,51 - Ceuta,COMUNISTAS DA GALIZA - PCPE,0,0,Ministerio del Interior / portal oficial de datos abiertos,PRIMARY_OFFICIAL
2015,2015-12-20,51 - Ceuta,COMUNISTAS DA GALIZA-PCPE - PCPE,0,0,Ministerio del Interior / portal oficial de datos abiertos,PRIMARY_OFFICIAL
2015,2015-12-20,51 - Ceuta,DEMOCRACIA NACIONAL - DN,0,0,Ministerio del Interior / portal oficial de datos abiertos,PRIMARY_OFFICIAL
2015,2015-12-20,51 - Ceuta,DEMOCRÀCIA I LLIBERTAT. CONVERGÈNCIA. DEMÒCRATES. - DL,0,0,Ministerio del Interior / portal oficial de datos abiertos,PRIMARY_OFFICIAL
2015,2015-12-20,51 - Ceuta,EL PI - PROPOSTA PER LES ILLES - EL PI,0,0,Ministerio del Interior / portal oficial de datos abiertos,PRIMARY_OFFICIAL
2015,2015-12-20,51 - Ceuta,EN COMÚ PODEM - EN COMÚ,0,0,Ministerio del Interior / portal oficial de datos abiertos,PRIMARY_OFFICIAL
2015,2015-12-20,51 - Ceuta,EN MAREA - PODEMOS-EN,0,0,Ministerio del Interior / portal oficial de datos abiertos,PRIMARY_OFFICIAL
2015,2015-12-20,51 - Ceuta,EN MAREA - PODEMOS-En,0,0,Ministerio del Interior / portal oficial de datos abiertos,PRIMARY_OFFICIAL
2015,2015-12-20,51 - Ceuta,EN POSITIU - EN POSITIU,0,0,Ministerio del Interior / portal oficial de datos abiertos,PRIMARY_OFFICIAL
2015,2015-12-20,51 - Ceuta,ESCAÑOS EN BLANCO - AULKI ZURIAK - EB - AZ,0,0,Ministerio del Interior / portal oficial de datos abiertos,PRIMARY_OFFICIAL
2015,2015-12-20,51 - Ceuta,ESCAÑOS EN BLANCO - EB,0,0,Ministerio del Interior / portal oficial de datos abiertos,PRIMARY_OFFICIAL
2015,2015-12-20,51 - Ceuta,ESCAÑOS EN BLANCO-AULKI ZURIAK - EB-AZ,0,0,Ministerio del Interior / portal oficial de datos abiertos,PRIMARY_OFFICIAL
2015,2015-12-20,51 - Ceuta,ESCONS EN BLANC/ESCAÑOS EN BLANCO - EB,0,0,Ministerio del Interior / portal oficial de datos abiertos,PRIMARY_OFFICIAL
2015,2015-12-20,51 - Ceuta,ESQUERRA REPUBLICANA DE CATALUNYA-CATALUNYA SÍ - ERC-CATSI,0,0,Ministerio del Interior / portal oficial de datos abiertos,PRIMARY_OFFICIAL
2015,2015-12-20,51 - Ceuta,ESQUERRA REPUBLICANA DE CATALUNYA-CATALUNYA SÍ - ERC-CATSÍ,0,0,Ministerio del Interior / portal oficial de datos abiertos,PRIMARY_OFFICIAL
2015,2015-12-20,51 - Ceuta,EUSKAL HERRIA BILDU (EH Bildu) - EH Bildu,0,0,Ministerio del Interior / portal oficial de datos abiertos,PRIMARY_OFFICIAL
2015,2015-12-20,51 - Ceuta,EUSKAL HERRIA BILDU - EH Bildu,0,0,Ministerio del Interior / portal oficial de datos abiertos,PRIMARY_OFFICIAL
2015,2015-12-20,51 - Ceuta,EUZKO ALDERDI JELTZALEA-PARTIDO NACIONALISTA VASCO - EAJ-PNV,0,0,Ministerio del Interior / portal oficial de datos abiertos,PRIMARY_OFFICIAL
2015,2015-12-20,51 - Ceuta,EXTREMADURA UNIDA-EXTREMEÑOS - EU-eX,0,0,Ministerio del Interior / portal oficial de datos abiertos,PRIMARY_OFFICIAL
2015,2015-12-20,51 - Ceuta,EZKERRA-X LA IZQUIERDA - EZKERRA,0,0,Ministerio del Interior / portal oficial de datos abiertos,PRIMARY_OFFICIAL
2015,2015-12-20,51 - Ceuta,FALANGE ESPAÑOLA DE LAS JONS - FE de las J,0,0,Ministerio del Interior / portal oficial de datos abiertos,PRIMARY_OFFICIAL
2015,2015-12-20,51 - Ceuta,FORO DEMÓCRATA - FDEE,0,0,Ministerio del Interior / portal oficial de datos abiertos,PRIMARY_OFFICIAL
2015,2015-12-20,51 - Ceuta,GEROA BAI - GBAI,0,0,Ministerio del Interior / portal oficial de datos abiertos,PRIMARY_OFFICIAL
2015,2015-12-20,51 - Ceuta,INDEPENDIENTES POR ARAGÓN - Independien,0,0,Ministerio del Interior / portal oficial de datos abiertos,PRIMARY_OFFICIAL
2015,2015-12-20,51 - Ceuta,INICIATIVA FEMINISTA - IFem,0,0,Ministerio del Interior / portal oficial de datos abiertos,PRIMARY_OFFICIAL
2015,2015-12-20,51 - Ceuta,"JUSTIZIA SOCIAL, PARTICIPACIÓN CIUDADANA - JS,PC",0,0,Ministerio del Interior / portal oficial de datos abiertos,PRIMARY_OFFICIAL
2015,2015-12-20,51 - Ceuta,"LIBERTAD NAVARRA, LIBERTATE NAFARRA (Ln) - Ln",0,0,Ministerio del Interior / portal oficial de datos abiertos,PRIMARY_OFFICIAL
2015,2015-12-20,51 - Ceuta,"LIBERTAD NAVARRA, LIBERTATE NAFARRA - Ln",0,0,Ministerio del Interior / portal oficial de datos abiertos,PRIMARY_OFFICIAL
2015,2015-12-20,51 - Ceuta,LIBERTAD NAVARRA-LIBERTATE NAFARRA - Ln,0,0,Ministerio del Interior / portal oficial de datos abiertos,PRIMARY_OFFICIAL
2015,2015-12-20,51 - Ceuta,LOS VERDES-ECOPACIFISTAS - CENTRO MODE,0,0,Ministerio del Interior / portal oficial de datos abiertos,PRIMARY_OFFICIAL
2015,2015-12-20,51 - Ceuta,MUERTE AL SISTEMA - +MAS+,0,0,Ministerio del Interior / portal oficial de datos abiertos,PRIMARY_OFFICIAL
2015,2015-12-20,51 - Ceuta,MÁLAGA POR SÍ - mlgXSÍ,0,0,Ministerio del Interior / portal oficial de datos abiertos,PRIMARY_OFFICIAL
2015,2015-12-20,51 - Ceuta,MÉS - MÉS,0,0,Ministerio del Interior / portal oficial de datos abiertos,PRIMARY_OFFICIAL
2015,2015-12-20,51 - Ceuta,NÓS-CANDIDATURA GALEGA (BNG-CG-FOGA-PCPG-PG) - NÓS,0,0,Ministerio del Interior / portal oficial de datos abiertos,PRIMARY_OFFICIAL
2015,2015-12-20,51 - Ceuta,ONGI ETORRI - OE,0,0,Ministerio del Interior / portal oficial de datos abiertos,PRIMARY_OFFICIAL
2015,2015-12-20,51 - Ceuta,PARTIDO ANIMALISTA CONTRA EL MALTRATO ANIMAL (PACM - PACMA,0,0,Ministerio del Interior / portal oficial de datos abiertos,PRIMARY_OFFICIAL
2015,2015-12-20,51 - Ceuta,PARTIDO ANIMALISTA CONTRA EL MALTRATO ANIMAL - PACMA,358,0,Ministerio del Interior / portal oficial de datos abiertos,PRIMARY_OFFICIAL
2015,2015-12-20,51 - Ceuta,PARTIDO ANIMALISTA CONTRA O MALTRATO ANIMAL - PACMA,0,0,Ministerio del Interior / portal oficial de datos abiertos,PRIMARY_OFFICIAL
2015,2015-12-20,51 - Ceuta,PARTIDO ANIMALISTA-CONTRA EL MALTRATO ANIMAL - PACMA,0,0,Ministerio del Interior / portal oficial de datos abiertos,PRIMARY_OFFICIAL
2015,2015-12-20,51 - Ceuta,PARTIDO COMUNISTA DE LOS PUEBLOS DE ESPAÑA - PCPE,0,0,Ministerio del Interior / portal oficial de datos abiertos,PRIMARY_OFFICIAL
2015,2015-12-20,51 - Ceuta,PARTIDO COMUNISTA DEL PUEBLO CANARIO - PCPC,0,0,Ministerio del Interior / portal oficial de datos abiertos,PRIMARY_OFFICIAL
2015,2015-12-20,51 - Ceuta,PARTIDO COMUNISTA OBRERO ESPAÑOL - PCOE,0,0,Ministerio del Interior / portal oficial de datos abiertos,PRIMARY_OFFICIAL
2015,2015-12-20,51 - Ceuta,PARTIDO DA TERRA - PT,0,0,Ministerio del Interior / portal oficial de datos abiertos,PRIMARY_OFFICIAL
2015,2015-12-20,51 - Ceuta,PARTIDO DOS SOCIALISTAS DE GALICIA-PSOE - PSdeG-PSOE,0,0,Ministerio del Interior / portal oficial de datos abiertos,PRIMARY_OFFICIAL
2015,2015-12-20,51 - Ceuta,PARTIDO FAMILIA Y VIDA - PFyV,0,0,Ministerio del Interior / portal oficial de datos abiertos,PRIMARY_OFFICIAL
2015,2015-12-20,51 - Ceuta,PARTIDO HUMANISTA - PH,0,0,Ministerio del Interior / portal oficial de datos abiertos,PRIMARY_OFFICIAL
2015,2015-12-20,51 - Ceuta,PARTIDO LIBERAL DE DERECHAS - PLD,0,0,Ministerio del Interior / portal oficial de datos abiertos,PRIMARY_OFFICIAL
2015,2015-12-20,51 - Ceuta,PARTIDO LIBERTARIO - P-LIB,0,0,Ministerio del Interior / portal oficial de datos abiertos,PRIMARY_OFFICIAL
2015,2015-12-20,51 - Ceuta,PARTIDO POPULAR (PP) - PP,0,0,Ministerio del Interior / portal oficial de datos abiertos,PRIMARY_OFFICIAL
2015,2015-12-20,51 - Ceuta,PARTIDO POPULAR - PP,14813,1,Ministerio del Interior / portal oficial de datos abiertos,PRIMARY_OFFICIAL
2015,2015-12-20,51 - Ceuta,PARTIDO POPULAR EN COALICIÓN CON EL PARTIDO ARAGON - PP-PAR,0,0,Ministerio del Interior / portal oficial de datos abiertos,PRIMARY_OFFICIAL
2015,2015-12-20,51 - Ceuta,PARTIDO POPULAR-FORO - PP-FORO,0,0,Ministerio del Interior / portal oficial de datos abiertos,PRIMARY_OFFICIAL
2015,2015-12-20,51 - Ceuta,PARTIDO POPULAR/PARTIT POPULAR - PP,0,0,Ministerio del Interior / portal oficial de datos abiertos,PRIMARY_OFFICIAL
2015,2015-12-20,51 - Ceuta,PARTIDO REGIONALISTA DEL PAÍS LEONÉS - PREPAL,0,0,Ministerio del Interior / portal oficial de datos abiertos,PRIMARY_OFFICIAL
2015,2015-12-20,51 - Ceuta,PARTIDO SOCIALISTA DE EUSKADI-EUSKADIKO EZKERRA (P - PSE-EE,0,0,Ministerio del Interior / portal oficial de datos abiertos,PRIMARY_OFFICIAL
2015,2015-12-20,51 - Ceuta,PARTIDO SOCIALISTA DE EUSKADI-EUSKADIKO EZKERRA (P - PSE-EE (PSO,0,0,Ministerio del Interior / portal oficial de datos abiertos,PRIMARY_OFFICIAL
2015,2015-12-20,51 - Ceuta,PARTIDO SOCIALISTA OBRERO ESPAÑOL - PSOE,7627,0,Ministerio del Interior / portal oficial de datos abiertos,PRIMARY_OFFICIAL
2015,2015-12-20,51 - Ceuta,PARTIDO SOCIALISTA OBRERO ESPAÑOL-NUEVA CANARIAS - PSOE-NCa,0,0,Ministerio del Interior / portal oficial de datos abiertos,PRIMARY_OFFICIAL
2015,2015-12-20,51 - Ceuta,PARTIT ANIMALISTA CONTRA EL MALTRACTAMENT ANIMAL - PACMA,0,0,Ministerio del Interior / portal oficial de datos abiertos,PRIMARY_OFFICIAL
2015,2015-12-20,51 - Ceuta,PARTIT COMUNISTA DEL POBLE DE CATALUNYA - PCPC,0,0,Ministerio del Interior / portal oficial de datos abiertos,PRIMARY_OFFICIAL
2015,2015-12-20,51 - Ceuta,PARTIT COMUNISTA DELS POBLES D’ESPANYA - PCPE,0,0,Ministerio del Interior / portal oficial de datos abiertos,PRIMARY_OFFICIAL
2015,2015-12-20,51 - Ceuta,PARTIT DELS SOCIALISTES DE CATALUNYA (PSC-PSOE) - PSC,0,0,Ministerio del Interior / portal oficial de datos abiertos,PRIMARY_OFFICIAL
2015,2015-12-20,51 - Ceuta,PARTIT DELS SOCIALISTES DE CATALUNYA - PSC-PSOE,0,0,Ministerio del Interior / portal oficial de datos abiertos,PRIMARY_OFFICIAL
2015,2015-12-20,51 - Ceuta,PODEMOS - PODEMOS,4646,0,Ministerio del Interior / portal oficial de datos abiertos,PRIMARY_OFFICIAL
2015,2015-12-20,51 - Ceuta,PODEMOS-AHAL DUGU - PODEMOS-AHA,0,0,Ministerio del Interior / portal oficial de datos abiertos,PRIMARY_OFFICIAL
2015,2015-12-20,51 - Ceuta,PODEMOS-Ahora Alto Aragón en Común - PODEMOS-Aho,0,0,Ministerio del Interior / portal oficial de datos abiertos,PRIMARY_OFFICIAL
2015,2015-12-20,51 - Ceuta,PODEMOS/AHAL DUGU - PODEMOS-AHA,0,0,Ministerio del Interior / portal oficial de datos abiertos,PRIMARY_OFFICIAL
2015,2015-12-20,51 - Ceuta,POR UN MUNDO MÁS JUSTO - PUM+J,0,0,Ministerio del Interior / portal oficial de datos abiertos,PRIMARY_OFFICIAL
2015,2015-12-20,51 - Ceuta,RECORTES CERO-GRUPO VERDE - RECORTES CE,146,0,Ministerio del Interior / portal oficial de datos abiertos,PRIMARY_OFFICIAL
2015,2015-12-20,51 - Ceuta,SOLIDARIDAD Y AUTOGESTIÓN INTERNACIONALISTA - SAIn,0,0,Ministerio del Interior / portal oficial de datos abiertos,PRIMARY_OFFICIAL
2015,2015-12-20,51 - Ceuta,SOLUCIONA - SOLUCIONA,0,0,Ministerio del Interior / portal oficial de datos abiertos,PRIMARY_OFFICIAL
2015,2015-12-20,51 - Ceuta,SOM VALENCIANS - SOMVAL,0,0,Ministerio del Interior / portal oficial de datos abiertos,PRIMARY_OFFICIAL
2015,2015-12-20,51 - Ceuta,"UNIDAD POPULAR EN ARAGÓN: IZQUIERDA UNIDA, CHUNTA - IU-CHA-UPeC",0,0,Ministerio del Interior / portal oficial de datos abiertos,PRIMARY_OFFICIAL
2015,2015-12-20,51 - Ceuta,UNIDAD POPULAR- ORAIN BATERA:EZKER ANITZA-IZQUIERD - IU-UPeC,0,0,Ministerio del Interior / portal oficial de datos abiertos,PRIMARY_OFFICIAL
2015,2015-12-20,51 - Ceuta,UNIDAD POPULAR-IZQUIERDA UNIDA - UNIDAD POPU,0,0,Ministerio del Interior / portal oficial de datos abiertos,PRIMARY_OFFICIAL
2015,2015-12-20,51 - Ceuta,UNIDAD POPULAR-ORAIN BATERA:EZKER ANITZA-IZQUIERDA - IU-UPeC,0,0,Ministerio del Interior / portal oficial de datos abiertos,PRIMARY_OFFICIAL
2015,2015-12-20,51 - Ceuta,UNIDAD POPULAR-ORAIN BATERA:EZKER ANITZA-IZQUIERDA - IU-UpeC,0,0,Ministerio del Interior / portal oficial de datos abiertos,PRIMARY_OFFICIAL
2015,2015-12-20,51 - Ceuta,"UNIDAD POPULAR-ORAIN BATERA:IZQUIERDA UNIDA, BATZA - IU-B-UPeC",0,0,Ministerio del Interior / portal oficial de datos abiertos,PRIMARY_OFFICIAL
2015,2015-12-20,51 - Ceuta,"UNIDAD POPULAR: IZQUIERDA UNIDA CANARIA, UNIDAD PO - IUC-UPeC",0,0,Ministerio del Interior / portal oficial de datos abiertos,PRIMARY_OFFICIAL
2015,2015-12-20,51 - Ceuta,UNIDAD POPULAR: IZQUIERDA UNIDA LOS VERDES - CONVO - UP: IULV-CA,0,0,Ministerio del Interior / portal oficial de datos abiertos,PRIMARY_OFFICIAL
2015,2015-12-20,51 - Ceuta,"UNIDAD POPULAR: IZQUIERDA UNIDA LOS VERDES-CONVOCA - IULV-CA, UP",0,0,Ministerio del Interior / portal oficial de datos abiertos,PRIMARY_OFFICIAL
2015,2015-12-20,51 - Ceuta,"UNIDAD POPULAR: IZQUIERDA UNIDA LOS VERDES-CONVOCA - IULV-CA,UPe",0,0,Ministerio del Interior / portal oficial de datos abiertos,PRIMARY_OFFICIAL
2015,2015-12-20,51 - Ceuta,"UNIDAD POPULAR: IZQUIERDA UNIDA, UNIDAD POPULAR EN - IU-UPeC",431,0,Ministerio del Interior / portal oficial de datos abiertos,PRIMARY_OFFICIAL
2015,2015-12-20,51 - Ceuta,"UNIDAD POPULAR: IZQUIERDA UNIDA, UNIDAD POPULAR EN - IU-UPeC-IAS",0,0,Ministerio del Interior / portal oficial de datos abiertos,PRIMARY_OFFICIAL
2015,2015-12-20,51 - Ceuta,"UNIDAD POPULAR: IZQUIERDA UNIDA, UNIDAD POPULAR EN - UP-UPeC",0,0,Ministerio del Interior / portal oficial de datos abiertos,PRIMARY_OFFICIAL
2015,2015-12-20,51 - Ceuta,"UNIDAD POPULAR: IZQUIERDA UNIDA, UNIDAD POPULAR EN - UPeC-IU-IZC",0,0,Ministerio del Interior / portal oficial de datos abiertos,PRIMARY_OFFICIAL
2015,2015-12-20,51 - Ceuta,UNIDAD POPULAR: IZQUIERDA UNIDA-UNIDAD POPULAR EN - IU-UPeC,0,0,Ministerio del Interior / portal oficial de datos abiertos,PRIMARY_OFFICIAL
2015,2015-12-20,51 - Ceuta,UNIDAD POPULAR: IZQUIERDA UNIDA. UNIDAD POPULAR EN - IU-UPeC,0,0,Ministerio del Interior / portal oficial de datos abiertos,PRIMARY_OFFICIAL
2015,2015-12-20,51 - Ceuta,"UNIDAD POPULAR: UNIDAD POPULAR EN COMÚN, IZQUIERDA - UPeC-IU",0,0,Ministerio del Interior / portal oficial de datos abiertos,PRIMARY_OFFICIAL
2015,2015-12-20,51 - Ceuta,"UNITAT POPULAR BALEARS: IZQUIERDA UNIDA, UNIDAD PO - UPB: IU-UPe",0,0,Ministerio del Interior / portal oficial de datos abiertos,PRIMARY_OFFICIAL
2015,2015-12-20,51 - Ceuta,"UNITAT POPULAR: ESQUERRA UNIDA DEL PAÍS VALENCIÀ, - EUPV-UPeC",0,0,Ministerio del Interior / portal oficial de datos abiertos,PRIMARY_OFFICIAL
2015,2015-12-20,51 - Ceuta,"UNITAT POPULAR:ESQUERRA UNIDA DEL PAÍS VALENCIÀ, U - EUPV-UPeC",0,0,Ministerio del Interior / portal oficial de datos abiertos,PRIMARY_OFFICIAL
2015,2015-12-20,51 - Ceuta,UNIÓ DEMOCRÀTICA DE CATALUNYA - Unio.Cat,0,0,Ministerio del Interior / portal oficial de datos abiertos,PRIMARY_OFFICIAL
2015,2015-12-20,51 - Ceuta,UNIÓ DEMOCRÀTICA DE CATALUNYA - unio.cat,0,0,Ministerio del Interior / portal oficial de datos abiertos,PRIMARY_OFFICIAL
2015,2015-12-20,51 - Ceuta,UNIÓN DEL PUEBLO NAVARRO EN COALICIÓN CON EL PARTI - UPN-PP,0,0,Ministerio del Interior / portal oficial de datos abiertos,PRIMARY_OFFICIAL
2015,2015-12-20,51 - Ceuta,UNIÓN PROGRESO Y DEMOCRACIA (UPYD) - UPYD,0,0,Ministerio del Interior / portal oficial de datos abiertos,PRIMARY_OFFICIAL
2015,2015-12-20,51 - Ceuta,UNIÓN PROGRESO Y DEMOCRACIA - UPYD,197,0,Ministerio del Interior / portal oficial de datos abiertos,PRIMARY_OFFICIAL
2015,2015-12-20,51 - Ceuta,VOX - VOX,0,0,Ministerio del Interior / portal oficial de datos abiertos,PRIMARY_OFFICIAL
2015,2015-12-20,51 - Ceuta,X A ESQUERDA - X ESQ,0,0,Ministerio del Interior / portal oficial de datos abiertos,PRIMARY_OFFICIAL
2015,2015-12-20,51 - Ceuta,X LA IZQUIERDA-LOS VERDES - X LA IZQUIE,0,0,Ministerio del Interior / portal oficial de datos abiertos,PRIMARY_OFFICIAL
2015,2015-12-20,52 - Melilla,"""EN COMÚ PODEM"" - EN COMÚ",0,0,Ministerio del Interior / portal oficial de datos abiertos,PRIMARY_OFFICIAL
2015,2015-12-20,52 - Melilla,ANDALUCES DE JAÉN UNIDOS - AJU,0,0,Ministerio del Interior / portal oficial de datos abiertos,PRIMARY_OFFICIAL
2015,2015-12-20,52 - Melilla,"ARA, PAÍS VALENCIÀ - ARA, PV",0,0,Ministerio del Interior / portal oficial de datos abiertos,PRIMARY_OFFICIAL
2015,2015-12-20,52 - Melilla,"ARA, PAÍS VALENCIÀ - ARAPV",0,0,Ministerio del Interior / portal oficial de datos abiertos,PRIMARY_OFFICIAL
2015,2015-12-20,52 - Melilla,AVANT VALENCIANS - AVANT,0,0,Ministerio del Interior / portal oficial de datos abiertos,PRIMARY_OFFICIAL
2015,2015-12-20,52 - Melilla,BIDEZKO MUNDURANTZ/POR UN MUNDO MÁS JUSTO - PUM+J,0,0,Ministerio del Interior / portal oficial de datos abiertos,PRIMARY_OFFICIAL
2015,2015-12-20,52 - Melilla,"CANARIAS DECIDE: LOS VERDES, UNIDAD DEL PUEBLO Y A - CANARIAS DE",0,0,Ministerio del Interior / portal oficial de datos abiertos,PRIMARY_OFFICIAL
2015,2015-12-20,52 - Melilla,CIUDADANOS DE CENTRO DEMOCRÁTICO - CCD,0,0,Ministerio del Interior / portal oficial de datos abiertos,PRIMARY_OFFICIAL
2015,2015-12-20,52 - Melilla,CIUDADANOS LIBRES UNIDOS - CILUS,0,0,Ministerio del Interior / portal oficial de datos abiertos,PRIMARY_OFFICIAL
2015,2015-12-20,52 - Melilla,CIUDADANOS PARTIDO DE LA CIUDADANÍA - C's,0,0,Ministerio del Interior / portal oficial de datos abiertos,PRIMARY_OFFICIAL
2015,2015-12-20,52 - Melilla,CIUDADANOS PARTIDO DE LA CIUDADANÍA - C´s,0,0,Ministerio del Interior / portal oficial de datos abiertos,PRIMARY_OFFICIAL
2015,2015-12-20,52 - Melilla,CIUDADANOS RURALES AGRUPADOS - CRA,0,0,Ministerio del Interior / portal oficial de datos abiertos,PRIMARY_OFFICIAL
2015,2015-12-20,52 - Melilla,"CIUDADANOS, PARTIDO DE LA CIUDADANÍA - C's",0,0,Ministerio del Interior / portal oficial de datos abiertos,PRIMARY_OFFICIAL
2015,2015-12-20,52 - Melilla,"CIUDADANOS, PARTIDO DE LA CIUDADANÍA - C´s",0,0,Ministerio del Interior / portal oficial de datos abiertos,PRIMARY_OFFICIAL
2015,2015-12-20,52 - Melilla,CIUDADANOS-PARTIDO DE LA CIUDADANÍA (C's) - C's,0,0,Ministerio del Interior / portal oficial de datos abiertos,PRIMARY_OFFICIAL
2015,2015-12-20,52 - Melilla,CIUDADANOS-PARTIDO DE LA CIUDADANÍA - C's,4366,0,Ministerio del Interior / portal oficial de datos abiertos,PRIMARY_OFFICIAL
2015,2015-12-20,52 - Melilla,CIUDADANOS-PARTIDO DE LA CIUDADANÍA - C´s,0,0,Ministerio del Interior / portal oficial de datos abiertos,PRIMARY_OFFICIAL
2015,2015-12-20,52 - Melilla,CIUTADANS - PARTIDO DE LA CIUDADANÍA - C's,0,0,Ministerio del Interior / portal oficial de datos abiertos,PRIMARY_OFFICIAL
2015,2015-12-20,52 - Melilla,CIUTADANS-PARTIDO DE LA CIUDADANÍA - C's,0,0,Ministerio del Interior / portal oficial de datos abiertos,PRIMARY_OFFICIAL
2015,2015-12-20,52 - Melilla,COALICIÓN CANARIA - PARTIDO NACIONALISTA CANARIO - CCa-PNC,0,0,Ministerio del Interior / portal oficial de datos abiertos,PRIMARY_OFFICIAL
2015,2015-12-20,52 - Melilla,COALICIÓN CANARIA-PARTIDO NACIONALISTA CANARIO - CCa-PNC,0,0,Ministerio del Interior / portal oficial de datos abiertos,PRIMARY_OFFICIAL
2015,2015-12-20,52 - Melilla,COMPROMÍS-PODEMOS-ÉS EL MOMENT - PODEMOS - C,0,0,Ministerio del Interior / portal oficial de datos abiertos,PRIMARY_OFFICIAL
2015,2015-12-20,52 - Melilla,COMPROMÍS-PODEMOS-ÉS EL MOMENT - PODEMOS-COM,0,0,Ministerio del Interior / portal oficial de datos abiertos,PRIMARY_OFFICIAL
2015,2015-12-20,52 - Melilla,COMUNISTAS DA GALIZA - PCPE,0,0,Ministerio del Interior / portal oficial de datos abiertos,PRIMARY_OFFICIAL
2015,2015-12-20,52 - Melilla,COMUNISTAS DA GALIZA-PCPE - PCPE,0,0,Ministerio del Interior / portal oficial de datos abiertos,PRIMARY_OFFICIAL
2015,2015-12-20,52 - Melilla,DEMOCRACIA NACIONAL - DN,0,0,Ministerio del Interior / portal oficial de datos abiertos,PRIMARY_OFFICIAL
2015,2015-12-20,52 - Melilla,DEMOCRÀCIA I LLIBERTAT. CONVERGÈNCIA. DEMÒCRATES. - DL,0,0,Ministerio del Interior / portal oficial de datos abiertos,PRIMARY_OFFICIAL
2015,2015-12-20,52 - Melilla,EL PI - PROPOSTA PER LES ILLES - EL PI,0,0,Ministerio del Interior / portal oficial de datos abiertos,PRIMARY_OFFICIAL
2015,2015-12-20,52 - Melilla,EN COMÚ PODEM - EN COMÚ,0,0,Ministerio del Interior / portal oficial de datos abiertos,PRIMARY_OFFICIAL
2015,2015-12-20,52 - Melilla,EN MAREA - PODEMOS-EN,0,0,Ministerio del Interior / portal oficial de datos abiertos,PRIMARY_OFFICIAL
2015,2015-12-20,52 - Melilla,EN MAREA - PODEMOS-En,0,0,Ministerio del Interior / portal oficial de datos abiertos,PRIMARY_OFFICIAL
2015,2015-12-20,52 - Melilla,EN POSITIU - EN POSITIU,0,0,Ministerio del Interior / portal oficial de datos abiertos,PRIMARY_OFFICIAL
2015,2015-12-20,52 - Melilla,ESCAÑOS EN BLANCO - AULKI ZURIAK - EB - AZ,0,0,Ministerio del Interior / portal oficial de datos abiertos,PRIMARY_OFFICIAL
2015,2015-12-20,52 - Melilla,ESCAÑOS EN BLANCO - EB,0,0,Ministerio del Interior / portal oficial de datos abiertos,PRIMARY_OFFICIAL
2015,2015-12-20,52 - Melilla,ESCAÑOS EN BLANCO-AULKI ZURIAK - EB-AZ,0,0,Ministerio del Interior / portal oficial de datos abiertos,PRIMARY_OFFICIAL
2015,2015-12-20,52 - Melilla,ESCONS EN BLANC/ESCAÑOS EN BLANCO - EB,0,0,Ministerio del Interior / portal oficial de datos abiertos,PRIMARY_OFFICIAL
2015,2015-12-20,52 - Melilla,ESQUERRA REPUBLICANA DE CATALUNYA-CATALUNYA SÍ - ERC-CATSI,0,0,Ministerio del Interior / portal oficial de datos abiertos,PRIMARY_OFFICIAL
2015,2015-12-20,52 - Melilla,ESQUERRA REPUBLICANA DE CATALUNYA-CATALUNYA SÍ - ERC-CATSÍ,0,0,Ministerio del Interior / portal oficial de datos abiertos,PRIMARY_OFFICIAL
2015,2015-12-20,52 - Melilla,EUSKAL HERRIA BILDU (EH Bildu) - EH Bildu,0,0,Ministerio del Interior / portal oficial de datos abiertos,PRIMARY_OFFICIAL
2015,2015-12-20,52 - Melilla,EUSKAL HERRIA BILDU - EH Bildu,0,0,Ministerio del Interior / portal oficial de datos abiertos,PRIMARY_OFFICIAL
2015,2015-12-20,52 - Melilla,EUZKO ALDERDI JELTZALEA-PARTIDO NACIONALISTA VASCO - EAJ-PNV,0,0,Ministerio del Interior / portal oficial de datos abiertos,PRIMARY_OFFICIAL
2015,2015-12-20,52 - Melilla,EXTREMADURA UNIDA-EXTREMEÑOS - EU-eX,0,0,Ministerio del Interior / portal oficial de datos abiertos,PRIMARY_OFFICIAL
2015,2015-12-20,52 - Melilla,EZKERRA-X LA IZQUIERDA - EZKERRA,0,0,Ministerio del Interior / portal oficial de datos abiertos,PRIMARY_OFFICIAL
2015,2015-12-20,52 - Melilla,FALANGE ESPAÑOLA DE LAS JONS - FE de las J,0,0,Ministerio del Interior / portal oficial de datos abiertos,PRIMARY_OFFICIAL
2015,2015-12-20,52 - Melilla,FORO DEMÓCRATA - FDEE,0,0,Ministerio del Interior / portal oficial de datos abiertos,PRIMARY_OFFICIAL
2015,2015-12-20,52 - Melilla,GEROA BAI - GBAI,0,0,Ministerio del Interior / portal oficial de datos abiertos,PRIMARY_OFFICIAL
2015,2015-12-20,52 - Melilla,INDEPENDIENTES POR ARAGÓN - Independien,0,0,Ministerio del Interior / portal oficial de datos abiertos,PRIMARY_OFFICIAL
2015,2015-12-20,52 - Melilla,INICIATIVA FEMINISTA - IFem,0,0,Ministerio del Interior / portal oficial de datos abiertos,PRIMARY_OFFICIAL
2015,2015-12-20,52 - Melilla,"JUSTIZIA SOCIAL, PARTICIPACIÓN CIUDADANA - JS,PC",0,0,Ministerio del Interior / portal oficial de datos abiertos,PRIMARY_OFFICIAL
2015,2015-12-20,52 - Melilla,"LIBERTAD NAVARRA, LIBERTATE NAFARRA (Ln) - Ln",0,0,Ministerio del Interior / portal oficial de datos abiertos,PRIMARY_OFFICIAL
2015,2015-12-20,52 - Melilla,"LIBERTAD NAVARRA, LIBERTATE NAFARRA - Ln",0,0,Ministerio del Interior / portal oficial de datos abiertos,PRIMARY_OFFICIAL
2015,2015-12-20,52 - Melilla,LIBERTAD NAVARRA-LIBERTATE NAFARRA - Ln,0,0,Ministerio del Interior / portal oficial de datos abiertos,PRIMARY_OFFICIAL
2015,2015-12-20,52 - Melilla,LOS VERDES-ECOPACIFISTAS - CENTRO MODE,0,0,Ministerio del Interior / portal oficial de datos abiertos,PRIMARY_OFFICIAL
2015,2015-12-20,52 - Melilla,MUERTE AL SISTEMA - +MAS+,0,0,Ministerio del Interior / portal oficial de datos abiertos,PRIMARY_OFFICIAL
2015,2015-12-20,52 - Melilla,MÁLAGA POR SÍ - mlgXSÍ,0,0,Ministerio del Interior / portal oficial de datos abiertos,PRIMARY_OFFICIAL
2015,2015-12-20,52 - Melilla,MÉS - MÉS,0,0,Ministerio del Interior / portal oficial de datos abiertos,PRIMARY_OFFICIAL
2015,2015-12-20,52 - Melilla,NÓS-CANDIDATURA GALEGA (BNG-CG-FOGA-PCPG-PG) - NÓS,0,0,Ministerio del Interior / portal oficial de datos abiertos,PRIMARY_OFFICIAL
2015,2015-12-20,52 - Melilla,ONGI ETORRI - OE,0,0,Ministerio del Interior / portal oficial de datos abiertos,PRIMARY_OFFICIAL
2015,2015-12-20,52 - Melilla,PARTIDO ANIMALISTA CONTRA EL MALTRATO ANIMAL (PACM - PACMA,0,0,Ministerio del Interior / portal oficial de datos abiertos,PRIMARY_OFFICIAL
2015,2015-12-20,52 - Melilla,PARTIDO ANIMALISTA CONTRA EL MALTRATO ANIMAL - PACMA,314,0,Ministerio del Interior / portal oficial de datos abiertos,PRIMARY_OFFICIAL
2015,2015-12-20,52 - Melilla,PARTIDO ANIMALISTA CONTRA O MALTRATO ANIMAL - PACMA,0,0,Ministerio del Interior / portal oficial de datos abiertos,PRIMARY_OFFICIAL
2015,2015-12-20,52 - Melilla,PARTIDO ANIMALISTA-CONTRA EL MALTRATO ANIMAL - PACMA,0,0,Ministerio del Interior / portal oficial de datos abiertos,PRIMARY_OFFICIAL
2015,2015-12-20,52 - Melilla,PARTIDO COMUNISTA DE LOS PUEBLOS DE ESPAÑA - PCPE,0,0,Ministerio del Interior / portal oficial de datos abiertos,PRIMARY_OFFICIAL
2015,2015-12-20,52 - Melilla,PARTIDO COMUNISTA DEL PUEBLO CANARIO - PCPC,0,0,Ministerio del Interior / portal oficial de datos abiertos,PRIMARY_OFFICIAL
2015,2015-12-20,52 - Melilla,PARTIDO COMUNISTA OBRERO ESPAÑOL - PCOE,0,0,Ministerio del Interior / portal oficial de datos abiertos,PRIMARY_OFFICIAL
2015,2015-12-20,52 - Melilla,PARTIDO DA TERRA - PT,0,0,Ministerio del Interior / portal oficial de datos abiertos,PRIMARY_OFFICIAL
2015,2015-12-20,52 - Melilla,PARTIDO DOS SOCIALISTAS DE GALICIA-PSOE - PSdeG-PSOE,0,0,Ministerio del Interior / portal oficial de datos abiertos,PRIMARY_OFFICIAL
2015,2015-12-20,52 - Melilla,PARTIDO FAMILIA Y VIDA - PFyV,0,0,Ministerio del Interior / portal oficial de datos abiertos,PRIMARY_OFFICIAL
2015,2015-12-20,52 - Melilla,PARTIDO HUMANISTA - PH,0,0,Ministerio del Interior / portal oficial de datos abiertos,PRIMARY_OFFICIAL
2015,2015-12-20,52 - Melilla,PARTIDO LIBERAL DE DERECHAS - PLD,0,0,Ministerio del Interior / portal oficial de datos abiertos,PRIMARY_OFFICIAL
2015,2015-12-20,52 - Melilla,PARTIDO LIBERTARIO - P-LIB,0,0,Ministerio del Interior / portal oficial de datos abiertos,PRIMARY_OFFICIAL
2015,2015-12-20,52 - Melilla,PARTIDO POPULAR (PP) - PP,0,0,Ministerio del Interior / portal oficial de datos abiertos,PRIMARY_OFFICIAL
2015,2015-12-20,52 - Melilla,PARTIDO POPULAR - PP,12331,1,Ministerio del Interior / portal oficial de datos abiertos,PRIMARY_OFFICIAL
2015,2015-12-20,52 - Melilla,PARTIDO POPULAR EN COALICIÓN CON EL PARTIDO ARAGON - PP-PAR,0,0,Ministerio del Interior / portal oficial de datos abiertos,PRIMARY_OFFICIAL
2015,2015-12-20,52 - Melilla,PARTIDO POPULAR-FORO - PP-FORO,0,0,Ministerio del Interior / portal oficial de datos abiertos,PRIMARY_OFFICIAL
2015,2015-12-20,52 - Melilla,PARTIDO POPULAR/PARTIT POPULAR - PP,0,0,Ministerio del Interior / portal oficial de datos abiertos,PRIMARY_OFFICIAL
2015,2015-12-20,52 - Melilla,PARTIDO REGIONALISTA DEL PAÍS LEONÉS - PREPAL,0,0,Ministerio del Interior / portal oficial de datos abiertos,PRIMARY_OFFICIAL
2015,2015-12-20,52 - Melilla,PARTIDO SOCIALISTA DE EUSKADI-EUSKADIKO EZKERRA (P - PSE-EE,0,0,Ministerio del Interior / portal oficial de datos abiertos,PRIMARY_OFFICIAL
2015,2015-12-20,52 - Melilla,PARTIDO SOCIALISTA DE EUSKADI-EUSKADIKO EZKERRA (P - PSE-EE (PSO,0,0,Ministerio del Interior / portal oficial de datos abiertos,PRIMARY_OFFICIAL
2015,2015-12-20,52 - Melilla,PARTIDO SOCIALISTA OBRERO ESPAÑOL - PSOE,6905,0,Ministerio del Interior / portal oficial de datos abiertos,PRIMARY_OFFICIAL
2015,2015-12-20,52 - Melilla,PARTIDO SOCIALISTA OBRERO ESPAÑOL-NUEVA CANARIAS - PSOE-NCa,0,0,Ministerio del Interior / portal oficial de datos abiertos,PRIMARY_OFFICIAL
2015,2015-12-20,52 - Melilla,PARTIT ANIMALISTA CONTRA EL MALTRACTAMENT ANIMAL - PACMA,0,0,Ministerio del Interior / portal oficial de datos abiertos,PRIMARY_OFFICIAL
2015,2015-12-20,52 - Melilla,PARTIT COMUNISTA DEL POBLE DE CATALUNYA - PCPC,0,0,Ministerio del Interior / portal oficial de datos abiertos,PRIMARY_OFFICIAL
2015,2015-12-20,52 - Melilla,PARTIT COMUNISTA DELS POBLES D’ESPANYA - PCPE,0,0,Ministerio del Interior / portal oficial de datos abiertos,PRIMARY_OFFICIAL
2015,2015-12-20,52 - Melilla,PARTIT DELS SOCIALISTES DE CATALUNYA (PSC-PSOE) - PSC,0,0,Ministerio del Interior / portal oficial de datos abiertos,PRIMARY_OFFICIAL
2015,2015-12-20,52 - Melilla,PARTIT DELS SOCIALISTES DE CATALUNYA - PSC-PSOE,0,0,Ministerio del Interior / portal oficial de datos abiertos,PRIMARY_OFFICIAL
2015,2015-12-20,52 - Melilla,PODEMOS - PODEMOS,3215,0,Ministerio del Interior / portal oficial de datos abiertos,PRIMARY_OFFICIAL
2015,2015-12-20,52 - Melilla,PODEMOS-AHAL DUGU - PODEMOS-AHA,0,0,Ministerio del Interior / portal oficial de datos abiertos,PRIMARY_OFFICIAL
2015,2015-12-20,52 - Melilla,PODEMOS-Ahora Alto Aragón en Común - PODEMOS-Aho,0,0,Ministerio del Interior / portal oficial de datos abiertos,PRIMARY_OFFICIAL
2015,2015-12-20,52 - Melilla,PODEMOS/AHAL DUGU - PODEMOS-AHA,0,0,Ministerio del Interior / portal oficial de datos abiertos,PRIMARY_OFFICIAL
2015,2015-12-20,52 - Melilla,POR UN MUNDO MÁS JUSTO - PUM+J,0,0,Ministerio del Interior / portal oficial de datos abiertos,PRIMARY_OFFICIAL
2015,2015-12-20,52 - Melilla,RECORTES CERO-GRUPO VERDE - RECORTES CE,46,0,Ministerio del Interior / portal oficial de datos abiertos,PRIMARY_OFFICIAL
2015,2015-12-20,52 - Melilla,SOLIDARIDAD Y AUTOGESTIÓN INTERNACIONALISTA - SAIn,0,0,Ministerio del Interior / portal oficial de datos abiertos,PRIMARY_OFFICIAL
2015,2015-12-20,52 - Melilla,SOLUCIONA - SOLUCIONA,0,0,Ministerio del Interior / portal oficial de datos abiertos,PRIMARY_OFFICIAL
2015,2015-12-20,52 - Melilla,SOM VALENCIANS - SOMVAL,0,0,Ministerio del Interior / portal oficial de datos abiertos,PRIMARY_OFFICIAL
2015,2015-12-20,52 - Melilla,"UNIDAD POPULAR EN ARAGÓN: IZQUIERDA UNIDA, CHUNTA - IU-CHA-UPeC",0,0,Ministerio del Interior / portal oficial de datos abiertos,PRIMARY_OFFICIAL
2015,2015-12-20,52 - Melilla,UNIDAD POPULAR- ORAIN BATERA:EZKER ANITZA-IZQUIERD - IU-UPeC,0,0,Ministerio del Interior / portal oficial de datos abiertos,PRIMARY_OFFICIAL
2015,2015-12-20,52 - Melilla,UNIDAD POPULAR-IZQUIERDA UNIDA - UNIDAD POPU,366,0,Ministerio del Interior / portal oficial de datos abiertos,PRIMARY_OFFICIAL
2015,2015-12-20,52 - Melilla,UNIDAD POPULAR-ORAIN BATERA:EZKER ANITZA-IZQUIERDA - IU-UPeC,0,0,Ministerio del Interior / portal oficial de datos abiertos,PRIMARY_OFFICIAL
2015,2015-12-20,52 - Melilla,UNIDAD POPULAR-ORAIN BATERA:EZKER ANITZA-IZQUIERDA - IU-UpeC,0,0,Ministerio del Interior / portal oficial de datos abiertos,PRIMARY_OFFICIAL
2015,2015-12-20,52 - Melilla,"UNIDAD POPULAR-ORAIN BATERA:IZQUIERDA UNIDA, BATZA - IU-B-UPeC",0,0,Ministerio del Interior / portal oficial de datos abiertos,PRIMARY_OFFICIAL
2015,2015-12-20,52 - Melilla,"UNIDAD POPULAR: IZQUIERDA UNIDA CANARIA, UNIDAD PO - IUC-UPeC",0,0,Ministerio del Interior / portal oficial de datos abiertos,PRIMARY_OFFICIAL
2015,2015-12-20,52 - Melilla,UNIDAD POPULAR: IZQUIERDA UNIDA LOS VERDES - CONVO - UP: IULV-CA,0,0,Ministerio del Interior / portal oficial de datos abiertos,PRIMARY_OFFICIAL
2015,2015-12-20,52 - Melilla,"UNIDAD POPULAR: IZQUIERDA UNIDA LOS VERDES-CONVOCA - IULV-CA, UP",0,0,Ministerio del Interior / portal oficial de datos abiertos,PRIMARY_OFFICIAL
2015,2015-12-20,52 - Melilla,"UNIDAD POPULAR: IZQUIERDA UNIDA LOS VERDES-CONVOCA - IULV-CA,UPe",0,0,Ministerio del Interior / portal oficial de datos abiertos,PRIMARY_OFFICIAL
2015,2015-12-20,52 - Melilla,"UNIDAD POPULAR: IZQUIERDA UNIDA, UNIDAD POPULAR EN - IU-UPeC",0,0,Ministerio del Interior / portal oficial de datos abiertos,PRIMARY_OFFICIAL
2015,2015-12-20,52 - Melilla,"UNIDAD POPULAR: IZQUIERDA UNIDA, UNIDAD POPULAR EN - IU-UPeC-IAS",0,0,Ministerio del Interior / portal oficial de datos abiertos,PRIMARY_OFFICIAL
2015,2015-12-20,52 - Melilla,"UNIDAD POPULAR: IZQUIERDA UNIDA, UNIDAD POPULAR EN - UP-UPeC",0,0,Ministerio del Interior / portal oficial de datos abiertos,PRIMARY_OFFICIAL
2015,2015-12-20,52 - Melilla,"UNIDAD POPULAR: IZQUIERDA UNIDA, UNIDAD POPULAR EN - UPeC-IU-IZC",0,0,Ministerio del Interior / portal oficial de datos abiertos,PRIMARY_OFFICIAL
2015,2015-12-20,52 - Melilla,UNIDAD POPULAR: IZQUIERDA UNIDA-UNIDAD POPULAR EN - IU-UPeC,0,0,Ministerio del Interior / portal oficial de datos abiertos,PRIMARY_OFFICIAL
2015,2015-12-20,52 - Melilla,UNIDAD POPULAR: IZQUIERDA UNIDA. UNIDAD POPULAR EN - IU-UPeC,0,0,Ministerio del Interior / portal oficial de datos abiertos,PRIMARY_OFFICIAL
2015,2015-12-20,52 - Melilla,"UNIDAD POPULAR: UNIDAD POPULAR EN COMÚN, IZQUIERDA - UPeC-IU",0,0,Ministerio del Interior / portal oficial de datos abiertos,PRIMARY_OFFICIAL
2015,2015-12-20,52 - Melilla,"UNITAT POPULAR BALEARS: IZQUIERDA UNIDA, UNIDAD PO - UPB: IU-UPe",0,0,Ministerio del Interior / portal oficial de datos abiertos,PRIMARY_OFFICIAL
2015,2015-12-20,52 - Melilla,"UNITAT POPULAR: ESQUERRA UNIDA DEL PAÍS VALENCIÀ, - EUPV-UPeC",0,0,Ministerio del Interior / portal oficial de datos abiertos,PRIMARY_OFFICIAL
2015,2015-12-20,52 - Melilla,"UNITAT POPULAR:ESQUERRA UNIDA DEL PAÍS VALENCIÀ, U - EUPV-UPeC",0,0,Ministerio del Interior / portal oficial de datos abiertos,PRIMARY_OFFICIAL
2015,2015-12-20,52 - Melilla,UNIÓ DEMOCRÀTICA DE CATALUNYA - Unio.Cat,0,0,Ministerio del Interior / portal oficial de datos abiertos,PRIMARY_OFFICIAL
2015,2015-12-20,52 - Melilla,UNIÓ DEMOCRÀTICA DE CATALUNYA - unio.cat,0,0,Ministerio del Interior / portal oficial de datos abiertos,PRIMARY_OFFICIAL
2015,2015-12-20,52 - Melilla,UNIÓN DEL PUEBLO NAVARRO EN COALICIÓN CON EL PARTI - UPN-PP,0,0,Ministerio del Interior / portal oficial de datos abiertos,PRIMARY_OFFICIAL
2015,2015-12-20,52 - Melilla,UNIÓN PROGRESO Y DEMOCRACIA (UPYD) - UPYD,0,0,Ministerio del Interior / portal oficial de datos abiertos,PRIMARY_OFFICIAL
2015,2015-12-20,52 - Melilla,UNIÓN PROGRESO Y DEMOCRACIA - UPYD,240,0,Ministerio del Interior / portal oficial de datos abiertos,PRIMARY_OFFICIAL
2015,2015-12-20,52 - Melilla,VOX - VOX,0,0,Ministerio del Interior / portal oficial de datos abiertos,PRIMARY_OFFICIAL
2015,2015-12-20,52 - Melilla,X A ESQUERDA - X ESQ,0,0,Ministerio del Interior / portal oficial de datos abiertos,PRIMARY_OFFICIAL
2015,2015-12-20,52 - Melilla,X LA IZQUIERDA-LOS VERDES - X LA IZQUIE,0,0,Ministerio del Interior / portal oficial de datos abiertos,PRIMARY_OFFICIAL
2015,2015-12-20,6 - Badajoz,"""EN COMÚ PODEM"" - EN COMÚ",0,0,Ministerio del Interior / portal oficial de datos abiertos,PRIMARY_OFFICIAL
2015,2015-12-20,6 - Badajoz,ANDALUCES DE JAÉN UNIDOS - AJU,0,0,Ministerio del Interior / portal oficial de datos abiertos,PRIMARY_OFFICIAL
2015,2015-12-20,6 - Badajoz,"ARA, PAÍS VALENCIÀ - ARA, PV",0,0,Ministerio del Interior / portal oficial de datos abiertos,PRIMARY_OFFICIAL
2015,2015-12-20,6 - Badajoz,"ARA, PAÍS VALENCIÀ - ARAPV",0,0,Ministerio del Interior / portal oficial de datos abiertos,PRIMARY_OFFICIAL
2015,2015-12-20,6 - Badajoz,AVANT VALENCIANS - AVANT,0,0,Ministerio del Interior / portal oficial de datos abiertos,PRIMARY_OFFICIAL
2015,2015-12-20,6 - Badajoz,BIDEZKO MUNDURANTZ/POR UN MUNDO MÁS JUSTO - PUM+J,0,0,Ministerio del Interior / portal oficial de datos abiertos,PRIMARY_OFFICIAL
2015,2015-12-20,6 - Badajoz,"CANARIAS DECIDE: LOS VERDES, UNIDAD DEL PUEBLO Y A - CANARIAS DE",0,0,Ministerio del Interior / portal oficial de datos abiertos,PRIMARY_OFFICIAL
2015,2015-12-20,6 - Badajoz,CIUDADANOS DE CENTRO DEMOCRÁTICO - CCD,0,0,Ministerio del Interior / portal oficial de datos abiertos,PRIMARY_OFFICIAL
2015,2015-12-20,6 - Badajoz,CIUDADANOS LIBRES UNIDOS - CILUS,0,0,Ministerio del Interior / portal oficial de datos abiertos,PRIMARY_OFFICIAL
2015,2015-12-20,6 - Badajoz,CIUDADANOS PARTIDO DE LA CIUDADANÍA - C's,0,0,Ministerio del Interior / portal oficial de datos abiertos,PRIMARY_OFFICIAL
2015,2015-12-20,6 - Badajoz,CIUDADANOS PARTIDO DE LA CIUDADANÍA - C´s,0,0,Ministerio del Interior / portal oficial de datos abiertos,PRIMARY_OFFICIAL
2015,2015-12-20,6 - Badajoz,CIUDADANOS RURALES AGRUPADOS - CRA,0,0,Ministerio del Interior / portal oficial de datos abiertos,PRIMARY_OFFICIAL
2015,2015-12-20,6 - Badajoz,"CIUDADANOS, PARTIDO DE LA CIUDADANÍA - C's",0,0,Ministerio del Interior / portal oficial de datos abiertos,PRIMARY_OFFICIAL
2015,2015-12-20,6 - Badajoz,"CIUDADANOS, PARTIDO DE LA CIUDADANÍA - C´s",0,0,Ministerio del Interior / portal oficial de datos abiertos,PRIMARY_OFFICIAL
2015,2015-12-20,6 - Badajoz,CIUDADANOS-PARTIDO DE LA CIUDADANÍA (C's) - C's,0,0,Ministerio del Interior / portal oficial de datos abiertos,PRIMARY_OFFICIAL
2015,2015-12-20,6 - Badajoz,CIUDADANOS-PARTIDO DE LA CIUDADANÍA - C's,45350,0,Ministerio del Interior / portal oficial de datos abiertos,PRIMARY_OFFICIAL
2015,2015-12-20,6 - Badajoz,CIUDADANOS-PARTIDO DE LA CIUDADANÍA - C´s,0,0,Ministerio del Interior / portal oficial de datos abiertos,PRIMARY_OFFICIAL
2015,2015-12-20,6 - Badajoz,CIUTADANS - PARTIDO DE LA CIUDADANÍA - C's,0,0,Ministerio del Interior / portal oficial de datos abiertos,PRIMARY_OFFICIAL
2015,2015-12-20,6 - Badajoz,CIUTADANS-PARTIDO DE LA CIUDADANÍA - C's,0,0,Ministerio del Interior / portal oficial de datos abiertos,PRIMARY_OFFICIAL
2015,2015-12-20,6 - Badajoz,COALICIÓN CANARIA - PARTIDO NACIONALISTA CANARIO - CCa-PNC,0,0,Ministerio del Interior / portal oficial de datos abiertos,PRIMARY_OFFICIAL
2015,2015-12-20,6 - Badajoz,COALICIÓN CANARIA-PARTIDO NACIONALISTA CANARIO - CCa-PNC,0,0,Ministerio del Interior / portal oficial de datos abiertos,PRIMARY_OFFICIAL
2015,2015-12-20,6 - Badajoz,COMPROMÍS-PODEMOS-ÉS EL MOMENT - PODEMOS - C,0,0,Ministerio del Interior / portal oficial de datos abiertos,PRIMARY_OFFICIAL
2015,2015-12-20,6 - Badajoz,COMPROMÍS-PODEMOS-ÉS EL MOMENT - PODEMOS-COM,0,0,Ministerio del Interior / portal oficial de datos abiertos,PRIMARY_OFFICIAL
2015,2015-12-20,6 - Badajoz,COMUNISTAS DA GALIZA - PCPE,0,0,Ministerio del Interior / portal oficial de datos abiertos,PRIMARY_OFFICIAL
2015,2015-12-20,6 - Badajoz,COMUNISTAS DA GALIZA-PCPE - PCPE,0,0,Ministerio del Interior / portal oficial de datos abiertos,PRIMARY_OFFICIAL
2015,2015-12-20,6 - Badajoz,DEMOCRACIA NACIONAL - DN,0,0,Ministerio del Interior / portal oficial de datos abiertos,PRIMARY_OFFICIAL
2015,2015-12-20,6 - Badajoz,DEMOCRÀCIA I LLIBERTAT. CONVERGÈNCIA. DEMÒCRATES. - DL,0,0,Ministerio del Interior / portal oficial de datos abiertos,PRIMARY_OFFICIAL
2015,2015-12-20,6 - Badajoz,EL PI - PROPOSTA PER LES ILLES - EL PI,0,0,Ministerio del Interior / portal oficial de datos abiertos,PRIMARY_OFFICIAL
2015,2015-12-20,6 - Badajoz,EN COMÚ PODEM - EN COMÚ,0,0,Ministerio del Interior / portal oficial de datos abiertos,PRIMARY_OFFICIAL
2015,2015-12-20,6 - Badajoz,EN MAREA - PODEMOS-EN,0,0,Ministerio del Interior / portal oficial de datos abiertos,PRIMARY_OFFICIAL
2015,2015-12-20,6 - Badajoz,EN MAREA - PODEMOS-En,0,0,Ministerio del Interior / portal oficial de datos abiertos,PRIMARY_OFFICIAL
2015,2015-12-20,6 - Badajoz,EN POSITIU - EN POSITIU,0,0,Ministerio del Interior / portal oficial de datos abiertos,PRIMARY_OFFICIAL
2015,2015-12-20,6 - Badajoz,ESCAÑOS EN BLANCO - AULKI ZURIAK - EB - AZ,0,0,Ministerio del Interior / portal oficial de datos abiertos,PRIMARY_OFFICIAL
2015,2015-12-20,6 - Badajoz,ESCAÑOS EN BLANCO - EB,0,0,Ministerio del Interior / portal oficial de datos abiertos,PRIMARY_OFFICIAL
2015,2015-12-20,6 - Badajoz,ESCAÑOS EN BLANCO-AULKI ZURIAK - EB-AZ,0,0,Ministerio del Interior / portal oficial de datos abiertos,PRIMARY_OFFICIAL
2015,2015-12-20,6 - Badajoz,ESCONS EN BLANC/ESCAÑOS EN BLANCO - EB,0,0,Ministerio del Interior / portal oficial de datos abiertos,PRIMARY_OFFICIAL
2015,2015-12-20,6 - Badajoz,ESQUERRA REPUBLICANA DE CATALUNYA-CATALUNYA SÍ - ERC-CATSI,0,0,Ministerio del Interior / portal oficial de datos abiertos,PRIMARY_OFFICIAL
2015,2015-12-20,6 - Badajoz,ESQUERRA REPUBLICANA DE CATALUNYA-CATALUNYA SÍ - ERC-CATSÍ,0,0,Ministerio del Interior / portal oficial de datos abiertos,PRIMARY_OFFICIAL
2015,2015-12-20,6 - Badajoz,EUSKAL HERRIA BILDU (EH Bildu) - EH Bildu,0,0,Ministerio del Interior / portal oficial de datos abiertos,PRIMARY_OFFICIAL
2015,2015-12-20,6 - Badajoz,EUSKAL HERRIA BILDU - EH Bildu,0,0,Ministerio del Interior / portal oficial de datos abiertos,PRIMARY_OFFICIAL
2015,2015-12-20,6 - Badajoz,EUZKO ALDERDI JELTZALEA-PARTIDO NACIONALISTA VASCO - EAJ-PNV,0,0,Ministerio del Interior / portal oficial de datos abiertos,PRIMARY_OFFICIAL
2015,2015-12-20,6 - Badajoz,EXTREMADURA UNIDA-EXTREMEÑOS - EU-eX,951,0,Ministerio del Interior / portal oficial de datos abiertos,PRIMARY_OFFICIAL
2015,2015-12-20,6 - Badajoz,EZKERRA-X LA IZQUIERDA - EZKERRA,0,0,Ministerio del Interior / portal oficial de datos abiertos,PRIMARY_OFFICIAL
2015,2015-12-20,6 - Badajoz,FALANGE ESPAÑOLA DE LAS JONS - FE de las J,0,0,Ministerio del Interior / portal oficial de datos abiertos,PRIMARY_OFFICIAL
2015,2015-12-20,6 - Badajoz,FORO DEMÓCRATA - FDEE,0,0,Ministerio del Interior / portal oficial de datos abiertos,PRIMARY_OFFICIAL
2015,2015-12-20,6 - Badajoz,GEROA BAI - GBAI,0,0,Ministerio del Interior / portal oficial de datos abiertos,PRIMARY_OFFICIAL
2015,2015-12-20,6 - Badajoz,INDEPENDIENTES POR ARAGÓN - Independien,0,0,Ministerio del Interior / portal oficial de datos abiertos,PRIMARY_OFFICIAL
2015,2015-12-20,6 - Badajoz,INICIATIVA FEMINISTA - IFem,0,0,Ministerio del Interior / portal oficial de datos abiertos,PRIMARY_OFFICIAL
2015,2015-12-20,6 - Badajoz,"JUSTIZIA SOCIAL, PARTICIPACIÓN CIUDADANA - JS,PC",0,0,Ministerio del Interior / portal oficial de datos abiertos,PRIMARY_OFFICIAL
2015,2015-12-20,6 - Badajoz,"LIBERTAD NAVARRA, LIBERTATE NAFARRA (Ln) - Ln",0,0,Ministerio del Interior / portal oficial de datos abiertos,PRIMARY_OFFICIAL
2015,2015-12-20,6 - Badajoz,"LIBERTAD NAVARRA, LIBERTATE NAFARRA - Ln",0,0,Ministerio del Interior / portal oficial de datos abiertos,PRIMARY_OFFICIAL
2015,2015-12-20,6 - Badajoz,LIBERTAD NAVARRA-LIBERTATE NAFARRA - Ln,0,0,Ministerio del Interior / portal oficial de datos abiertos,PRIMARY_OFFICIAL
2015,2015-12-20,6 - Badajoz,LOS VERDES-ECOPACIFISTAS - CENTRO MODE,0,0,Ministerio del Interior / portal oficial de datos abiertos,PRIMARY_OFFICIAL
2015,2015-12-20,6 - Badajoz,MUERTE AL SISTEMA - +MAS+,0,0,Ministerio del Interior / portal oficial de datos abiertos,PRIMARY_OFFICIAL
2015,2015-12-20,6 - Badajoz,MÁLAGA POR SÍ - mlgXSÍ,0,0,Ministerio del Interior / portal oficial de datos abiertos,PRIMARY_OFFICIAL
2015,2015-12-20,6 - Badajoz,MÉS - MÉS,0,0,Ministerio del Interior / portal oficial de datos abiertos,PRIMARY_OFFICIAL
2015,2015-12-20,6 - Badajoz,NÓS-CANDIDATURA GALEGA (BNG-CG-FOGA-PCPG-PG) - NÓS,0,0,Ministerio del Interior / portal oficial de datos abiertos,PRIMARY_OFFICIAL
2015,2015-12-20,6 - Badajoz,ONGI ETORRI - OE,0,0,Ministerio del Interior / portal oficial de datos abiertos,PRIMARY_OFFICIAL
2015,2015-12-20,6 - Badajoz,PARTIDO ANIMALISTA CONTRA EL MALTRATO ANIMAL (PACM - PACMA,0,0,Ministerio del Interior / portal oficial de datos abiertos,PRIMARY_OFFICIAL
2015,2015-12-20,6 - Badajoz,PARTIDO ANIMALISTA CONTRA EL MALTRATO ANIMAL - PACMA,2041,0,Ministerio del Interior / portal oficial de datos abiertos,PRIMARY_OFFICIAL
2015,2015-12-20,6 - Badajoz,PARTIDO ANIMALISTA CONTRA O MALTRATO ANIMAL - PACMA,0,0,Ministerio del Interior / portal oficial de datos abiertos,PRIMARY_OFFICIAL
2015,2015-12-20,6 - Badajoz,PARTIDO ANIMALISTA-CONTRA EL MALTRATO ANIMAL - PACMA,0,0,Ministerio del Interior / portal oficial de datos abiertos,PRIMARY_OFFICIAL
2015,2015-12-20,6 - Badajoz,PARTIDO COMUNISTA DE LOS PUEBLOS DE ESPAÑA - PCPE,0,0,Ministerio del Interior / portal oficial de datos abiertos,PRIMARY_OFFICIAL
2015,2015-12-20,6 - Badajoz,PARTIDO COMUNISTA DEL PUEBLO CANARIO - PCPC,0,0,Ministerio del Interior / portal oficial de datos abiertos,PRIMARY_OFFICIAL
2015,2015-12-20,6 - Badajoz,PARTIDO COMUNISTA OBRERO ESPAÑOL - PCOE,0,0,Ministerio del Interior / portal oficial de datos abiertos,PRIMARY_OFFICIAL
2015,2015-12-20,6 - Badajoz,PARTIDO DA TERRA - PT,0,0,Ministerio del Interior / portal oficial de datos abiertos,PRIMARY_OFFICIAL
2015,2015-12-20,6 - Badajoz,PARTIDO DOS SOCIALISTAS DE GALICIA-PSOE - PSdeG-PSOE,0,0,Ministerio del Interior / portal oficial de datos abiertos,PRIMARY_OFFICIAL
2015,2015-12-20,6 - Badajoz,PARTIDO FAMILIA Y VIDA - PFyV,0,0,Ministerio del Interior / portal oficial de datos abiertos,PRIMARY_OFFICIAL
2015,2015-12-20,6 - Badajoz,PARTIDO HUMANISTA - PH,0,0,Ministerio del Interior / portal oficial de datos abiertos,PRIMARY_OFFICIAL
2015,2015-12-20,6 - Badajoz,PARTIDO LIBERAL DE DERECHAS - PLD,0,0,Ministerio del Interior / portal oficial de datos abiertos,PRIMARY_OFFICIAL
2015,2015-12-20,6 - Badajoz,PARTIDO LIBERTARIO - P-LIB,0,0,Ministerio del Interior / portal oficial de datos abiertos,PRIMARY_OFFICIAL
2015,2015-12-20,6 - Badajoz,PARTIDO POPULAR (PP) - PP,0,0,Ministerio del Interior / portal oficial de datos abiertos,PRIMARY_OFFICIAL
2015,2015-12-20,6 - Badajoz,PARTIDO POPULAR - PP,137640,2,Ministerio del Interior / portal oficial de datos abiertos,PRIMARY_OFFICIAL
2015,2015-12-20,6 - Badajoz,PARTIDO POPULAR EN COALICIÓN CON EL PARTIDO ARAGON - PP-PAR,0,0,Ministerio del Interior / portal oficial de datos abiertos,PRIMARY_OFFICIAL
2015,2015-12-20,6 - Badajoz,PARTIDO POPULAR-FORO - PP-FORO,0,0,Ministerio del Interior / portal oficial de datos abiertos,PRIMARY_OFFICIAL
2015,2015-12-20,6 - Badajoz,PARTIDO POPULAR/PARTIT POPULAR - PP,0,0,Ministerio del Interior / portal oficial de datos abiertos,PRIMARY_OFFICIAL
2015,2015-12-20,6 - Badajoz,PARTIDO REGIONALISTA DEL PAÍS LEONÉS - PREPAL,0,0,Ministerio del Interior / portal oficial de datos abiertos,PRIMARY_OFFICIAL
2015,2015-12-20,6 - Badajoz,PARTIDO SOCIALISTA DE EUSKADI-EUSKADIKO EZKERRA (P - PSE-EE,0,0,Ministerio del Interior / portal oficial de datos abiertos,PRIMARY_OFFICIAL
2015,2015-12-20,6 - Badajoz,PARTIDO SOCIALISTA DE EUSKADI-EUSKADIKO EZKERRA (P - PSE-EE (PSO,0,0,Ministerio del Interior / portal oficial de datos abiertos,PRIMARY_OFFICIAL
2015,2015-12-20,6 - Badajoz,PARTIDO SOCIALISTA OBRERO ESPAÑOL - PSOE,148493,3,Ministerio del Interior / portal oficial de datos abiertos,PRIMARY_OFFICIAL
2015,2015-12-20,6 - Badajoz,PARTIDO SOCIALISTA OBRERO ESPAÑOL-NUEVA CANARIAS - PSOE-NCa,0,0,Ministerio del Interior / portal oficial de datos abiertos,PRIMARY_OFFICIAL
2015,2015-12-20,6 - Badajoz,PARTIT ANIMALISTA CONTRA EL MALTRACTAMENT ANIMAL - PACMA,0,0,Ministerio del Interior / portal oficial de datos abiertos,PRIMARY_OFFICIAL
2015,2015-12-20,6 - Badajoz,PARTIT COMUNISTA DEL POBLE DE CATALUNYA - PCPC,0,0,Ministerio del Interior / portal oficial de datos abiertos,PRIMARY_OFFICIAL
2015,2015-12-20,6 - Badajoz,PARTIT COMUNISTA DELS POBLES D’ESPANYA - PCPE,0,0,Ministerio del Interior / portal oficial de datos abiertos,PRIMARY_OFFICIAL
2015,2015-12-20,6 - Badajoz,PARTIT DELS SOCIALISTES DE CATALUNYA (PSC-PSOE) - PSC,0,0,Ministerio del Interior / portal oficial de datos abiertos,PRIMARY_OFFICIAL
2015,2015-12-20,6 - Badajoz,PARTIT DELS SOCIALISTES DE CATALUNYA - PSC-PSOE,0,0,Ministerio del Interior / portal oficial de datos abiertos,PRIMARY_OFFICIAL
2015,2015-12-20,6 - Badajoz,PODEMOS - PODEMOS,47368,1,Ministerio del Interior / portal oficial de datos abiertos,PRIMARY_OFFICIAL
2015,2015-12-20,6 - Badajoz,PODEMOS-AHAL DUGU - PODEMOS-AHA,0,0,Ministerio del Interior / portal oficial de datos abiertos,PRIMARY_OFFICIAL
2015,2015-12-20,6 - Badajoz,PODEMOS-Ahora Alto Aragón en Común - PODEMOS-Aho,0,0,Ministerio del Interior / portal oficial de datos abiertos,PRIMARY_OFFICIAL
2015,2015-12-20,6 - Badajoz,PODEMOS/AHAL DUGU - PODEMOS-AHA,0,0,Ministerio del Interior / portal oficial de datos abiertos,PRIMARY_OFFICIAL
2015,2015-12-20,6 - Badajoz,POR UN MUNDO MÁS JUSTO - PUM+J,0,0,Ministerio del Interior / portal oficial de datos abiertos,PRIMARY_OFFICIAL
2015,2015-12-20,6 - Badajoz,RECORTES CERO-GRUPO VERDE - RECORTES CE,508,0,Ministerio del Interior / portal oficial de datos abiertos,PRIMARY_OFFICIAL
2015,2015-12-20,6 - Badajoz,SOLIDARIDAD Y AUTOGESTIÓN INTERNACIONALISTA - SAIn,0,0,Ministerio del Interior / portal oficial de datos abiertos,PRIMARY_OFFICIAL
2015,2015-12-20,6 - Badajoz,SOLUCIONA - SOLUCIONA,0,0,Ministerio del Interior / portal oficial de datos abiertos,PRIMARY_OFFICIAL
2015,2015-12-20,6 - Badajoz,SOM VALENCIANS - SOMVAL,0,0,Ministerio del Interior / portal oficial de datos abiertos,PRIMARY_OFFICIAL
2015,2015-12-20,6 - Badajoz,"UNIDAD POPULAR EN ARAGÓN: IZQUIERDA UNIDA, CHUNTA - IU-CHA-UPeC",0,0,Ministerio del Interior / portal oficial de datos abiertos,PRIMARY_OFFICIAL
2015,2015-12-20,6 - Badajoz,UNIDAD POPULAR- ORAIN BATERA:EZKER ANITZA-IZQUIERD - IU-UPeC,0,0,Ministerio del Interior / portal oficial de datos abiertos,PRIMARY_OFFICIAL
2015,2015-12-20,6 - Badajoz,UNIDAD POPULAR-IZQUIERDA UNIDA - UNIDAD POPU,0,0,Ministerio del Interior / portal oficial de datos abiertos,PRIMARY_OFFICIAL
2015,2015-12-20,6 - Badajoz,UNIDAD POPULAR-ORAIN BATERA:EZKER ANITZA-IZQUIERDA - IU-UPeC,0,0,Ministerio del Interior / portal oficial de datos abiertos,PRIMARY_OFFICIAL
2015,2015-12-20,6 - Badajoz,UNIDAD POPULAR-ORAIN BATERA:EZKER ANITZA-IZQUIERDA - IU-UpeC,0,0,Ministerio del Interior / portal oficial de datos abiertos,PRIMARY_OFFICIAL
2015,2015-12-20,6 - Badajoz,"UNIDAD POPULAR-ORAIN BATERA:IZQUIERDA UNIDA, BATZA - IU-B-UPeC",0,0,Ministerio del Interior / portal oficial de datos abiertos,PRIMARY_OFFICIAL
2015,2015-12-20,6 - Badajoz,"UNIDAD POPULAR: IZQUIERDA UNIDA CANARIA, UNIDAD PO - IUC-UPeC",0,0,Ministerio del Interior / portal oficial de datos abiertos,PRIMARY_OFFICIAL
2015,2015-12-20,6 - Badajoz,UNIDAD POPULAR: IZQUIERDA UNIDA LOS VERDES - CONVO - UP: IULV-CA,0,0,Ministerio del Interior / portal oficial de datos abiertos,PRIMARY_OFFICIAL
2015,2015-12-20,6 - Badajoz,"UNIDAD POPULAR: IZQUIERDA UNIDA LOS VERDES-CONVOCA - IULV-CA, UP",0,0,Ministerio del Interior / portal oficial de datos abiertos,PRIMARY_OFFICIAL
2015,2015-12-20,6 - Badajoz,"UNIDAD POPULAR: IZQUIERDA UNIDA LOS VERDES-CONVOCA - IULV-CA,UPe",0,0,Ministerio del Interior / portal oficial de datos abiertos,PRIMARY_OFFICIAL
2015,2015-12-20,6 - Badajoz,"UNIDAD POPULAR: IZQUIERDA UNIDA, UNIDAD POPULAR EN - IU-UPeC",12338,0,Ministerio del Interior / portal oficial de datos abiertos,PRIMARY_OFFICIAL
2015,2015-12-20,6 - Badajoz,"UNIDAD POPULAR: IZQUIERDA UNIDA, UNIDAD POPULAR EN - IU-UPeC-IAS",0,0,Ministerio del Interior / portal oficial de datos abiertos,PRIMARY_OFFICIAL
2015,2015-12-20,6 - Badajoz,"UNIDAD POPULAR: IZQUIERDA UNIDA, UNIDAD POPULAR EN - UP-UPeC",0,0,Ministerio del Interior / portal oficial de datos abiertos,PRIMARY_OFFICIAL
2015,2015-12-20,6 - Badajoz,"UNIDAD POPULAR: IZQUIERDA UNIDA, UNIDAD POPULAR EN - UPeC-IU-IZC",0,0,Ministerio del Interior / portal oficial de datos abiertos,PRIMARY_OFFICIAL
2015,2015-12-20,6 - Badajoz,UNIDAD POPULAR: IZQUIERDA UNIDA-UNIDAD POPULAR EN - IU-UPeC,0,0,Ministerio del Interior / portal oficial de datos abiertos,PRIMARY_OFFICIAL
2015,2015-12-20,6 - Badajoz,UNIDAD POPULAR: IZQUIERDA UNIDA. UNIDAD POPULAR EN - IU-UPeC,0,0,Ministerio del Interior / portal oficial de datos abiertos,PRIMARY_OFFICIAL
2015,2015-12-20,6 - Badajoz,"UNIDAD POPULAR: UNIDAD POPULAR EN COMÚN, IZQUIERDA - UPeC-IU",0,0,Ministerio del Interior / portal oficial de datos abiertos,PRIMARY_OFFICIAL
2015,2015-12-20,6 - Badajoz,"UNITAT POPULAR BALEARS: IZQUIERDA UNIDA, UNIDAD PO - UPB: IU-UPe",0,0,Ministerio del Interior / portal oficial de datos abiertos,PRIMARY_OFFICIAL
2015,2015-12-20,6 - Badajoz,"UNITAT POPULAR: ESQUERRA UNIDA DEL PAÍS VALENCIÀ, - EUPV-UPeC",0,0,Ministerio del Interior / portal oficial de datos abiertos,PRIMARY_OFFICIAL
2015,2015-12-20,6 - Badajoz,"UNITAT POPULAR:ESQUERRA UNIDA DEL PAÍS VALENCIÀ, U - EUPV-UPeC",0,0,Ministerio del Interior / portal oficial de datos abiertos,PRIMARY_OFFICIAL
2015,2015-12-20,6 - Badajoz,UNIÓ DEMOCRÀTICA DE CATALUNYA - Unio.Cat,0,0,Ministerio del Interior / portal oficial de datos abiertos,PRIMARY_OFFICIAL
2015,2015-12-20,6 - Badajoz,UNIÓ DEMOCRÀTICA DE CATALUNYA - unio.cat,0,0,Ministerio del Interior / portal oficial de datos abiertos,PRIMARY_OFFICIAL
2015,2015-12-20,6 - Badajoz,UNIÓN DEL PUEBLO NAVARRO EN COALICIÓN CON EL PARTI - UPN-PP,0,0,Ministerio del Interior / portal oficial de datos abiertos,PRIMARY_OFFICIAL
2015,2015-12-20,6 - Badajoz,UNIÓN PROGRESO Y DEMOCRACIA (UPYD) - UPYD,0,0,Ministerio del Interior / portal oficial de datos abiertos,PRIMARY_OFFICIAL
2015,2015-12-20,6 - Badajoz,UNIÓN PROGRESO Y DEMOCRACIA - UPYD,1546,0,Ministerio del Interior / portal oficial de datos abiertos,PRIMARY_OFFICIAL
2015,2015-12-20,6 - Badajoz,VOX - VOX,0,0,Ministerio del Interior / portal oficial de datos abiertos,PRIMARY_OFFICIAL
2015,2015-12-20,6 - Badajoz,X A ESQUERDA - X ESQ,0,0,Ministerio del Interior / portal oficial de datos abiertos,PRIMARY_OFFICIAL
2015,2015-12-20,6 - Badajoz,X LA IZQUIERDA-LOS VERDES - X LA IZQUIE,0,0,Ministerio del Interior / portal oficial de datos abiertos,PRIMARY_OFFICIAL
2015,2015-12-20,"7 - Balears, Illes","""EN COMÚ PODEM"" - EN COMÚ",0,0,Ministerio del Interior / portal oficial de datos abiertos,PRIMARY_OFFICIAL
2015,2015-12-20,"7 - Balears, Illes",ANDALUCES DE JAÉN UNIDOS - AJU,0,0,Ministerio del Interior / portal oficial de datos abiertos,PRIMARY_OFFICIAL
2015,2015-12-20,"7 - Balears, Illes","ARA, PAÍS VALENCIÀ - ARA, PV",0,0,Ministerio del Interior / portal oficial de datos abiertos,PRIMARY_OFFICIAL
2015,2015-12-20,"7 - Balears, Illes","ARA, PAÍS VALENCIÀ - ARAPV",0,0,Ministerio del Interior / portal oficial de datos abiertos,PRIMARY_OFFICIAL
2015,2015-12-20,"7 - Balears, Illes",AVANT VALENCIANS - AVANT,0,0,Ministerio del Interior / portal oficial de datos abiertos,PRIMARY_OFFICIAL
2015,2015-12-20,"7 - Balears, Illes",BIDEZKO MUNDURANTZ/POR UN MUNDO MÁS JUSTO - PUM+J,0,0,Ministerio del Interior / portal oficial de datos abiertos,PRIMARY_OFFICIAL
2015,2015-12-20,"7 - Balears, Illes","CANARIAS DECIDE: LOS VERDES, UNIDAD DEL PUEBLO Y A - CANARIAS DE",0,0,Ministerio del Interior / portal oficial de datos abiertos,PRIMARY_OFFICIAL
2015,2015-12-20,"7 - Balears, Illes",CIUDADANOS DE CENTRO DEMOCRÁTICO - CCD,0,0,Ministerio del Interior / portal oficial de datos abiertos,PRIMARY_OFFICIAL
2015,2015-12-20,"7 - Balears, Illes",CIUDADANOS LIBRES UNIDOS - CILUS,0,0,Ministerio del Interior / portal oficial de datos abiertos,PRIMARY_OFFICIAL
2015,2015-12-20,"7 - Balears, Illes",CIUDADANOS PARTIDO DE LA CIUDADANÍA - C's,71551,1,Ministerio del Interior / portal oficial de datos abiertos,PRIMARY_OFFICIAL
2015,2015-12-20,"7 - Balears, Illes",CIUDADANOS PARTIDO DE LA CIUDADANÍA - C´s,0,0,Ministerio del Interior / portal oficial de datos abiertos,PRIMARY_OFFICIAL
2015,2015-12-20,"7 - Balears, Illes",CIUDADANOS RURALES AGRUPADOS - CRA,0,0,Ministerio del Interior / portal oficial de datos abiertos,PRIMARY_OFFICIAL
2015,2015-12-20,"7 - Balears, Illes","CIUDADANOS, PARTIDO DE LA CIUDADANÍA - C's",0,0,Ministerio del Interior / portal oficial de datos abiertos,PRIMARY_OFFICIAL
2015,2015-12-20,"7 - Balears, Illes","CIUDADANOS, PARTIDO DE LA CIUDADANÍA - C´s",0,0,Ministerio del Interior / portal oficial de datos abiertos,PRIMARY_OFFICIAL
2015,2015-12-20,"7 - Balears, Illes",CIUDADANOS-PARTIDO DE LA CIUDADANÍA (C's) - C's,0,0,Ministerio del Interior / portal oficial de datos abiertos,PRIMARY_OFFICIAL
2015,2015-12-20,"7 - Balears, Illes",CIUDADANOS-PARTIDO DE LA CIUDADANÍA - C's,0,0,Ministerio del Interior / portal oficial de datos abiertos,PRIMARY_OFFICIAL
2015,2015-12-20,"7 - Balears, Illes",CIUDADANOS-PARTIDO DE LA CIUDADANÍA - C´s,0,0,Ministerio del Interior / portal oficial de datos abiertos,PRIMARY_OFFICIAL
2015,2015-12-20,"7 - Balears, Illes",CIUTADANS - PARTIDO DE LA CIUDADANÍA - C's,0,0,Ministerio del Interior / portal oficial de datos abiertos,PRIMARY_OFFICIAL
2015,2015-12-20,"7 - Balears, Illes",CIUTADANS-PARTIDO DE LA CIUDADANÍA - C's,0,0,Ministerio del Interior / portal oficial de datos abiertos,PRIMARY_OFFICIAL
2015,2015-12-20,"7 - Balears, Illes",COALICIÓN CANARIA - PARTIDO NACIONALISTA CANARIO - CCa-PNC,0,0,Ministerio del Interior / portal oficial de datos abiertos,PRIMARY_OFFICIAL
2015,2015-12-20,"7 - Balears, Illes",COALICIÓN CANARIA-PARTIDO NACIONALISTA CANARIO - CCa-PNC,0,0,Ministerio del Interior / portal oficial de datos abiertos,PRIMARY_OFFICIAL
2015,2015-12-20,"7 - Balears, Illes",COMPROMÍS-PODEMOS-ÉS EL MOMENT - PODEMOS - C,0,0,Ministerio del Interior / portal oficial de datos abiertos,PRIMARY_OFFICIAL
2015,2015-12-20,"7 - Balears, Illes",COMPROMÍS-PODEMOS-ÉS EL MOMENT - PODEMOS-COM,0,0,Ministerio del Interior / portal oficial de datos abiertos,PRIMARY_OFFICIAL
2015,2015-12-20,"7 - Balears, Illes",COMUNISTAS DA GALIZA - PCPE,0,0,Ministerio del Interior / portal oficial de datos abiertos,PRIMARY_OFFICIAL
2015,2015-12-20,"7 - Balears, Illes",COMUNISTAS DA GALIZA-PCPE - PCPE,0,0,Ministerio del Interior / portal oficial de datos abiertos,PRIMARY_OFFICIAL
2015,2015-12-20,"7 - Balears, Illes",DEMOCRACIA NACIONAL - DN,0,0,Ministerio del Interior / portal oficial de datos abiertos,PRIMARY_OFFICIAL
2015,2015-12-20,"7 - Balears, Illes",DEMOCRÀCIA I LLIBERTAT. CONVERGÈNCIA. DEMÒCRATES. - DL,0,0,Ministerio del Interior / portal oficial de datos abiertos,PRIMARY_OFFICIAL
2015,2015-12-20,"7 - Balears, Illes",EL PI - PROPOSTA PER LES ILLES - EL PI,12910,0,Ministerio del Interior / portal oficial de datos abiertos,PRIMARY_OFFICIAL
2015,2015-12-20,"7 - Balears, Illes",EN COMÚ PODEM - EN COMÚ,0,0,Ministerio del Interior / portal oficial de datos abiertos,PRIMARY_OFFICIAL
2015,2015-12-20,"7 - Balears, Illes",EN MAREA - PODEMOS-EN,0,0,Ministerio del Interior / portal oficial de datos abiertos,PRIMARY_OFFICIAL
2015,2015-12-20,"7 - Balears, Illes",EN MAREA - PODEMOS-En,0,0,Ministerio del Interior / portal oficial de datos abiertos,PRIMARY_OFFICIAL
2015,2015-12-20,"7 - Balears, Illes",EN POSITIU - EN POSITIU,0,0,Ministerio del Interior / portal oficial de datos abiertos,PRIMARY_OFFICIAL
2015,2015-12-20,"7 - Balears, Illes",ESCAÑOS EN BLANCO - AULKI ZURIAK - EB - AZ,0,0,Ministerio del Interior / portal oficial de datos abiertos,PRIMARY_OFFICIAL
2015,2015-12-20,"7 - Balears, Illes",ESCAÑOS EN BLANCO - EB,0,0,Ministerio del Interior / portal oficial de datos abiertos,PRIMARY_OFFICIAL
2015,2015-12-20,"7 - Balears, Illes",ESCAÑOS EN BLANCO-AULKI ZURIAK - EB-AZ,0,0,Ministerio del Interior / portal oficial de datos abiertos,PRIMARY_OFFICIAL
2015,2015-12-20,"7 - Balears, Illes",ESCONS EN BLANC/ESCAÑOS EN BLANCO - EB,0,0,Ministerio del Interior / portal oficial de datos abiertos,PRIMARY_OFFICIAL
2015,2015-12-20,"7 - Balears, Illes",ESQUERRA REPUBLICANA DE CATALUNYA-CATALUNYA SÍ - ERC-CATSI,0,0,Ministerio del Interior / portal oficial de datos abiertos,PRIMARY_OFFICIAL
2015,2015-12-20,"7 - Balears, Illes",ESQUERRA REPUBLICANA DE CATALUNYA-CATALUNYA SÍ - ERC-CATSÍ,0,0,Ministerio del Interior / portal oficial de datos abiertos,PRIMARY_OFFICIAL
2015,2015-12-20,"7 - Balears, Illes",EUSKAL HERRIA BILDU (EH Bildu) - EH Bildu,0,0,Ministerio del Interior / portal oficial de datos abiertos,PRIMARY_OFFICIAL
2015,2015-12-20,"7 - Balears, Illes",EUSKAL HERRIA BILDU - EH Bildu,0,0,Ministerio del Interior / portal oficial de datos abiertos,PRIMARY_OFFICIAL
2015,2015-12-20,"7 - Balears, Illes",EUZKO ALDERDI JELTZALEA-PARTIDO NACIONALISTA VASCO - EAJ-PNV,0,0,Ministerio del Interior / portal oficial de datos abiertos,PRIMARY_OFFICIAL
2015,2015-12-20,"7 - Balears, Illes",EXTREMADURA UNIDA-EXTREMEÑOS - EU-eX,0,0,Ministerio del Interior / portal oficial de datos abiertos,PRIMARY_OFFICIAL
2015,2015-12-20,"7 - Balears, Illes",EZKERRA-X LA IZQUIERDA - EZKERRA,0,0,Ministerio del Interior / portal oficial de datos abiertos,PRIMARY_OFFICIAL
2015,2015-12-20,"7 - Balears, Illes",FALANGE ESPAÑOLA DE LAS JONS - FE de las J,0,0,Ministerio del Interior / portal oficial de datos abiertos,PRIMARY_OFFICIAL
2015,2015-12-20,"7 - Balears, Illes",FORO DEMÓCRATA - FDEE,0,0,Ministerio del Interior / portal oficial de datos abiertos,PRIMARY_OFFICIAL
2015,2015-12-20,"7 - Balears, Illes",GEROA BAI - GBAI,0,0,Ministerio del Interior / portal oficial de datos abiertos,PRIMARY_OFFICIAL
2015,2015-12-20,"7 - Balears, Illes",INDEPENDIENTES POR ARAGÓN - Independien,0,0,Ministerio del Interior / portal oficial de datos abiertos,PRIMARY_OFFICIAL
2015,2015-12-20,"7 - Balears, Illes",INICIATIVA FEMINISTA - IFem,0,0,Ministerio del Interior / portal oficial de datos abiertos,PRIMARY_OFFICIAL
2015,2015-12-20,"7 - Balears, Illes","JUSTIZIA SOCIAL, PARTICIPACIÓN CIUDADANA - JS,PC",0,0,Ministerio del Interior / portal oficial de datos abiertos,PRIMARY_OFFICIAL
2015,2015-12-20,"7 - Balears, Illes","LIBERTAD NAVARRA, LIBERTATE NAFARRA (Ln) - Ln",0,0,Ministerio del Interior / portal oficial de datos abiertos,PRIMARY_OFFICIAL
2015,2015-12-20,"7 - Balears, Illes","LIBERTAD NAVARRA, LIBERTATE NAFARRA - Ln",0,0,Ministerio del Interior / portal oficial de datos abiertos,PRIMARY_OFFICIAL
2015,2015-12-20,"7 - Balears, Illes",LIBERTAD NAVARRA-LIBERTATE NAFARRA - Ln,0,0,Ministerio del Interior / portal oficial de datos abiertos,PRIMARY_OFFICIAL
2015,2015-12-20,"7 - Balears, Illes",LOS VERDES-ECOPACIFISTAS - CENTRO MODE,0,0,Ministerio del Interior / portal oficial de datos abiertos,PRIMARY_OFFICIAL
2015,2015-12-20,"7 - Balears, Illes",MUERTE AL SISTEMA - +MAS+,0,0,Ministerio del Interior / portal oficial de datos abiertos,PRIMARY_OFFICIAL
2015,2015-12-20,"7 - Balears, Illes",MÁLAGA POR SÍ - mlgXSÍ,0,0,Ministerio del Interior / portal oficial de datos abiertos,PRIMARY_OFFICIAL
2015,2015-12-20,"7 - Balears, Illes",MÉS - MÉS,33877,0,Ministerio del Interior / portal oficial de datos abiertos,PRIMARY_OFFICIAL
2015,2015-12-20,"7 - Balears, Illes",NÓS-CANDIDATURA GALEGA (BNG-CG-FOGA-PCPG-PG) - NÓS,0,0,Ministerio del Interior / portal oficial de datos abiertos,PRIMARY_OFFICIAL
2015,2015-12-20,"7 - Balears, Illes",ONGI ETORRI - OE,0,0,Ministerio del Interior / portal oficial de datos abiertos,PRIMARY_OFFICIAL
2015,2015-12-20,"7 - Balears, Illes",PARTIDO ANIMALISTA CONTRA EL MALTRATO ANIMAL (PACM - PACMA,0,0,Ministerio del Interior / portal oficial de datos abiertos,PRIMARY_OFFICIAL
2015,2015-12-20,"7 - Balears, Illes",PARTIDO ANIMALISTA CONTRA EL MALTRATO ANIMAL - PACMA,5114,0,Ministerio del Interior / portal oficial de datos abiertos,PRIMARY_OFFICIAL
2015,2015-12-20,"7 - Balears, Illes",PARTIDO ANIMALISTA CONTRA O MALTRATO ANIMAL - PACMA,0,0,Ministerio del Interior / portal oficial de datos abiertos,PRIMARY_OFFICIAL
2015,2015-12-20,"7 - Balears, Illes",PARTIDO ANIMALISTA-CONTRA EL MALTRATO ANIMAL - PACMA,0,0,Ministerio del Interior / portal oficial de datos abiertos,PRIMARY_OFFICIAL
2015,2015-12-20,"7 - Balears, Illes",PARTIDO COMUNISTA DE LOS PUEBLOS DE ESPAÑA - PCPE,0,0,Ministerio del Interior / portal oficial de datos abiertos,PRIMARY_OFFICIAL
2015,2015-12-20,"7 - Balears, Illes",PARTIDO COMUNISTA DEL PUEBLO CANARIO - PCPC,0,0,Ministerio del Interior / portal oficial de datos abiertos,PRIMARY_OFFICIAL
2015,2015-12-20,"7 - Balears, Illes",PARTIDO COMUNISTA OBRERO ESPAÑOL - PCOE,0,0,Ministerio del Interior / portal oficial de datos abiertos,PRIMARY_OFFICIAL
2015,2015-12-20,"7 - Balears, Illes",PARTIDO DA TERRA - PT,0,0,Ministerio del Interior / portal oficial de datos abiertos,PRIMARY_OFFICIAL
2015,2015-12-20,"7 - Balears, Illes",PARTIDO DOS SOCIALISTAS DE GALICIA-PSOE - PSdeG-PSOE,0,0,Ministerio del Interior / portal oficial de datos abiertos,PRIMARY_OFFICIAL
2015,2015-12-20,"7 - Balears, Illes",PARTIDO FAMILIA Y VIDA - PFyV,714,0,Ministerio del Interior / portal oficial de datos abiertos,PRIMARY_OFFICIAL
2015,2015-12-20,"7 - Balears, Illes",PARTIDO HUMANISTA - PH,0,0,Ministerio del Interior / portal oficial de datos abiertos,PRIMARY_OFFICIAL
2015,2015-12-20,"7 - Balears, Illes",PARTIDO LIBERAL DE DERECHAS - PLD,0,0,Ministerio del Interior / portal oficial de datos abiertos,PRIMARY_OFFICIAL
2015,2015-12-20,"7 - Balears, Illes",PARTIDO LIBERTARIO - P-LIB,0,0,Ministerio del Interior / portal oficial de datos abiertos,PRIMARY_OFFICIAL
2015,2015-12-20,"7 - Balears, Illes",PARTIDO POPULAR (PP) - PP,0,0,Ministerio del Interior / portal oficial de datos abiertos,PRIMARY_OFFICIAL
2015,2015-12-20,"7 - Balears, Illes",PARTIDO POPULAR - PP,140640,3,Ministerio del Interior / portal oficial de datos abiertos,PRIMARY_OFFICIAL
2015,2015-12-20,"7 - Balears, Illes",PARTIDO POPULAR EN COALICIÓN CON EL PARTIDO ARAGON - PP-PAR,0,0,Ministerio del Interior / portal oficial de datos abiertos,PRIMARY_OFFICIAL
2015,2015-12-20,"7 - Balears, Illes",PARTIDO POPULAR-FORO - PP-FORO,0,0,Ministerio del Interior / portal oficial de datos abiertos,PRIMARY_OFFICIAL
2015,2015-12-20,"7 - Balears, Illes",PARTIDO POPULAR/PARTIT POPULAR - PP,0,0,Ministerio del Interior / portal oficial de datos abiertos,PRIMARY_OFFICIAL
2015,2015-12-20,"7 - Balears, Illes",PARTIDO REGIONALISTA DEL PAÍS LEONÉS - PREPAL,0,0,Ministerio del Interior / portal oficial de datos abiertos,PRIMARY_OFFICIAL
2015,2015-12-20,"7 - Balears, Illes",PARTIDO SOCIALISTA DE EUSKADI-EUSKADIKO EZKERRA (P - PSE-EE,0,0,Ministerio del Interior / portal oficial de datos abiertos,PRIMARY_OFFICIAL
2015,2015-12-20,"7 - Balears, Illes",PARTIDO SOCIALISTA DE EUSKADI-EUSKADIKO EZKERRA (P - PSE-EE (PSO,0,0,Ministerio del Interior / portal oficial de datos abiertos,PRIMARY_OFFICIAL
2015,2015-12-20,"7 - Balears, Illes",PARTIDO SOCIALISTA OBRERO ESPAÑOL - PSOE,88635,2,Ministerio del Interior / portal oficial de datos abiertos,PRIMARY_OFFICIAL
2015,2015-12-20,"7 - Balears, Illes",PARTIDO SOCIALISTA OBRERO ESPAÑOL-NUEVA CANARIAS - PSOE-NCa,0,0,Ministerio del Interior / portal oficial de datos abiertos,PRIMARY_OFFICIAL
2015,2015-12-20,"7 - Balears, Illes",PARTIT ANIMALISTA CONTRA EL MALTRACTAMENT ANIMAL - PACMA,0,0,Ministerio del Interior / portal oficial de datos abiertos,PRIMARY_OFFICIAL
2015,2015-12-20,"7 - Balears, Illes",PARTIT COMUNISTA DEL POBLE DE CATALUNYA - PCPC,0,0,Ministerio del Interior / portal oficial de datos abiertos,PRIMARY_OFFICIAL
2015,2015-12-20,"7 - Balears, Illes",PARTIT COMUNISTA DELS POBLES D’ESPANYA - PCPE,0,0,Ministerio del Interior / portal oficial de datos abiertos,PRIMARY_OFFICIAL
2015,2015-12-20,"7 - Balears, Illes",PARTIT DELS SOCIALISTES DE CATALUNYA (PSC-PSOE) - PSC,0,0,Ministerio del Interior / portal oficial de datos abiertos,PRIMARY_OFFICIAL
2015,2015-12-20,"7 - Balears, Illes",PARTIT DELS SOCIALISTES DE CATALUNYA - PSC-PSOE,0,0,Ministerio del Interior / portal oficial de datos abiertos,PRIMARY_OFFICIAL
2015,2015-12-20,"7 - Balears, Illes",PODEMOS - PODEMOS,111628,2,Ministerio del Interior / portal oficial de datos abiertos,PRIMARY_OFFICIAL
2015,2015-12-20,"7 - Balears, Illes",PODEMOS-AHAL DUGU - PODEMOS-AHA,0,0,Ministerio del Interior / portal oficial de datos abiertos,PRIMARY_OFFICIAL
2015,2015-12-20,"7 - Balears, Illes",PODEMOS-Ahora Alto Aragón en Común - PODEMOS-Aho,0,0,Ministerio del Interior / portal oficial de datos abiertos,PRIMARY_OFFICIAL
2015,2015-12-20,"7 - Balears, Illes",PODEMOS/AHAL DUGU - PODEMOS-AHA,0,0,Ministerio del Interior / portal oficial de datos abiertos,PRIMARY_OFFICIAL
2015,2015-12-20,"7 - Balears, Illes",POR UN MUNDO MÁS JUSTO - PUM+J,0,0,Ministerio del Interior / portal oficial de datos abiertos,PRIMARY_OFFICIAL
2015,2015-12-20,"7 - Balears, Illes",RECORTES CERO-GRUPO VERDE - RECORTES CE,1177,0,Ministerio del Interior / portal oficial de datos abiertos,PRIMARY_OFFICIAL
2015,2015-12-20,"7 - Balears, Illes",SOLIDARIDAD Y AUTOGESTIÓN INTERNACIONALISTA - SAIn,0,0,Ministerio del Interior / portal oficial de datos abiertos,PRIMARY_OFFICIAL
2015,2015-12-20,"7 - Balears, Illes",SOLUCIONA - SOLUCIONA,0,0,Ministerio del Interior / portal oficial de datos abiertos,PRIMARY_OFFICIAL
2015,2015-12-20,"7 - Balears, Illes",SOM VALENCIANS - SOMVAL,0,0,Ministerio del Interior / portal oficial de datos abiertos,PRIMARY_OFFICIAL
2015,2015-12-20,"7 - Balears, Illes","UNIDAD POPULAR EN ARAGÓN: IZQUIERDA UNIDA, CHUNTA - IU-CHA-UPeC",0,0,Ministerio del Interior / portal oficial de datos abiertos,PRIMARY_OFFICIAL
2015,2015-12-20,"7 - Balears, Illes",UNIDAD POPULAR- ORAIN BATERA:EZKER ANITZA-IZQUIERD - IU-UPeC,0,0,Ministerio del Interior / portal oficial de datos abiertos,PRIMARY_OFFICIAL
2015,2015-12-20,"7 - Balears, Illes",UNIDAD POPULAR-IZQUIERDA UNIDA - UNIDAD POPU,0,0,Ministerio del Interior / portal oficial de datos abiertos,PRIMARY_OFFICIAL
2015,2015-12-20,"7 - Balears, Illes",UNIDAD POPULAR-ORAIN BATERA:EZKER ANITZA-IZQUIERDA - IU-UPeC,0,0,Ministerio del Interior / portal oficial de datos abiertos,PRIMARY_OFFICIAL
2015,2015-12-20,"7 - Balears, Illes",UNIDAD POPULAR-ORAIN BATERA:EZKER ANITZA-IZQUIERDA - IU-UpeC,0,0,Ministerio del Interior / portal oficial de datos abiertos,PRIMARY_OFFICIAL
2015,2015-12-20,"7 - Balears, Illes","UNIDAD POPULAR-ORAIN BATERA:IZQUIERDA UNIDA, BATZA - IU-B-UPeC",0,0,Ministerio del Interior / portal oficial de datos abiertos,PRIMARY_OFFICIAL
2015,2015-12-20,"7 - Balears, Illes","UNIDAD POPULAR: IZQUIERDA UNIDA CANARIA, UNIDAD PO - IUC-UPeC",0,0,Ministerio del Interior / portal oficial de datos abiertos,PRIMARY_OFFICIAL
2015,2015-12-20,"7 - Balears, Illes",UNIDAD POPULAR: IZQUIERDA UNIDA LOS VERDES - CONVO - UP: IULV-CA,0,0,Ministerio del Interior / portal oficial de datos abiertos,PRIMARY_OFFICIAL
2015,2015-12-20,"7 - Balears, Illes","UNIDAD POPULAR: IZQUIERDA UNIDA LOS VERDES-CONVOCA - IULV-CA, UP",0,0,Ministerio del Interior / portal oficial de datos abiertos,PRIMARY_OFFICIAL
2015,2015-12-20,"7 - Balears, Illes","UNIDAD POPULAR: IZQUIERDA UNIDA LOS VERDES-CONVOCA - IULV-CA,UPe",0,0,Ministerio del Interior / portal oficial de datos abiertos,PRIMARY_OFFICIAL
2015,2015-12-20,"7 - Balears, Illes","UNIDAD POPULAR: IZQUIERDA UNIDA, UNIDAD POPULAR EN - IU-UPeC",0,0,Ministerio del Interior / portal oficial de datos abiertos,PRIMARY_OFFICIAL
2015,2015-12-20,"7 - Balears, Illes","UNIDAD POPULAR: IZQUIERDA UNIDA, UNIDAD POPULAR EN - IU-UPeC-IAS",0,0,Ministerio del Interior / portal oficial de datos abiertos,PRIMARY_OFFICIAL
2015,2015-12-20,"7 - Balears, Illes","UNIDAD POPULAR: IZQUIERDA UNIDA, UNIDAD POPULAR EN - UP-UPeC",0,0,Ministerio del Interior / portal oficial de datos abiertos,PRIMARY_OFFICIAL
2015,2015-12-20,"7 - Balears, Illes","UNIDAD POPULAR: IZQUIERDA UNIDA, UNIDAD POPULAR EN - UPeC-IU-IZC",0,0,Ministerio del Interior / portal oficial de datos abiertos,PRIMARY_OFFICIAL
2015,2015-12-20,"7 - Balears, Illes",UNIDAD POPULAR: IZQUIERDA UNIDA-UNIDAD POPULAR EN - IU-UPeC,0,0,Ministerio del Interior / portal oficial de datos abiertos,PRIMARY_OFFICIAL
2015,2015-12-20,"7 - Balears, Illes",UNIDAD POPULAR: IZQUIERDA UNIDA. UNIDAD POPULAR EN - IU-UPeC,0,0,Ministerio del Interior / portal oficial de datos abiertos,PRIMARY_OFFICIAL
2015,2015-12-20,"7 - Balears, Illes","UNIDAD POPULAR: UNIDAD POPULAR EN COMÚN, IZQUIERDA - UPeC-IU",0,0,Ministerio del Interior / portal oficial de datos abiertos,PRIMARY_OFFICIAL
2015,2015-12-20,"7 - Balears, Illes","UNITAT POPULAR BALEARS: IZQUIERDA UNIDA, UNIDAD PO - UPB: IU-UPe",11451,0,Ministerio del Interior / portal oficial de datos abiertos,PRIMARY_OFFICIAL
2015,2015-12-20,"7 - Balears, Illes","UNITAT POPULAR: ESQUERRA UNIDA DEL PAÍS VALENCIÀ, - EUPV-UPeC",0,0,Ministerio del Interior / portal oficial de datos abiertos,PRIMARY_OFFICIAL
2015,2015-12-20,"7 - Balears, Illes","UNITAT POPULAR:ESQUERRA UNIDA DEL PAÍS VALENCIÀ, U - EUPV-UPeC",0,0,Ministerio del Interior / portal oficial de datos abiertos,PRIMARY_OFFICIAL
2015,2015-12-20,"7 - Balears, Illes",UNIÓ DEMOCRÀTICA DE CATALUNYA - Unio.Cat,0,0,Ministerio del Interior / portal oficial de datos abiertos,PRIMARY_OFFICIAL
2015,2015-12-20,"7 - Balears, Illes",UNIÓ DEMOCRÀTICA DE CATALUNYA - unio.cat,0,0,Ministerio del Interior / portal oficial de datos abiertos,PRIMARY_OFFICIAL
2015,2015-12-20,"7 - Balears, Illes",UNIÓN DEL PUEBLO NAVARRO EN COALICIÓN CON EL PARTI - UPN-PP,0,0,Ministerio del Interior / portal oficial de datos abiertos,PRIMARY_OFFICIAL
2015,2015-12-20,"7 - Balears, Illes",UNIÓN PROGRESO Y DEMOCRACIA (UPYD) - UPYD,0,0,Ministerio del Interior / portal oficial de datos abiertos,PRIMARY_OFFICIAL
2015,2015-12-20,"7 - Balears, Illes",UNIÓN PROGRESO Y DEMOCRACIA - UPYD,2276,0,Ministerio del Interior / portal oficial de datos abiertos,PRIMARY_OFFICIAL
2015,2015-12-20,"7 - Balears, Illes",VOX - VOX,0,0,Ministerio del Interior / portal oficial de datos abiertos,PRIMARY_OFFICIAL
2015,2015-12-20,"7 - Balears, Illes",X A ESQUERDA - X ESQ,0,0,Ministerio del Interior / portal oficial de datos abiertos,PRIMARY_OFFICIAL
2015,2015-12-20,"7 - Balears, Illes",X LA IZQUIERDA-LOS VERDES - X LA IZQUIE,0,0,Ministerio del Interior / portal oficial de datos abiertos,PRIMARY_OFFICIAL
2015,2015-12-20,8 - Barcelona,"""EN COMÚ PODEM"" - EN COMÚ",768235,9,Ministerio del Interior / portal oficial de datos abiertos,PRIMARY_OFFICIAL
2015,2015-12-20,8 - Barcelona,ANDALUCES DE JAÉN UNIDOS - AJU,0,0,Ministerio del Interior / portal oficial de datos abiertos,PRIMARY_OFFICIAL
2015,2015-12-20,8 - Barcelona,"ARA, PAÍS VALENCIÀ - ARA, PV",0,0,Ministerio del Interior / portal oficial de datos abiertos,PRIMARY_OFFICIAL
2015,2015-12-20,8 - Barcelona,"ARA, PAÍS VALENCIÀ - ARAPV",0,0,Ministerio del Interior / portal oficial de datos abiertos,PRIMARY_OFFICIAL
2015,2015-12-20,8 - Barcelona,AVANT VALENCIANS - AVANT,0,0,Ministerio del Interior / portal oficial de datos abiertos,PRIMARY_OFFICIAL
2015,2015-12-20,8 - Barcelona,BIDEZKO MUNDURANTZ/POR UN MUNDO MÁS JUSTO - PUM+J,0,0,Ministerio del Interior / portal oficial de datos abiertos,PRIMARY_OFFICIAL
2015,2015-12-20,8 - Barcelona,"CANARIAS DECIDE: LOS VERDES, UNIDAD DEL PUEBLO Y A - CANARIAS DE",0,0,Ministerio del Interior / portal oficial de datos abiertos,PRIMARY_OFFICIAL
2015,2015-12-20,8 - Barcelona,CIUDADANOS DE CENTRO DEMOCRÁTICO - CCD,0,0,Ministerio del Interior / portal oficial de datos abiertos,PRIMARY_OFFICIAL
2015,2015-12-20,8 - Barcelona,CIUDADANOS LIBRES UNIDOS - CILUS,0,0,Ministerio del Interior / portal oficial de datos abiertos,PRIMARY_OFFICIAL
2015,2015-12-20,8 - Barcelona,CIUDADANOS PARTIDO DE LA CIUDADANÍA - C's,0,0,Ministerio del Interior / portal oficial de datos abiertos,PRIMARY_OFFICIAL
2015,2015-12-20,8 - Barcelona,CIUDADANOS PARTIDO DE LA CIUDADANÍA - C´s,0,0,Ministerio del Interior / portal oficial de datos abiertos,PRIMARY_OFFICIAL
2015,2015-12-20,8 - Barcelona,CIUDADANOS RURALES AGRUPADOS - CRA,0,0,Ministerio del Interior / portal oficial de datos abiertos,PRIMARY_OFFICIAL
2015,2015-12-20,8 - Barcelona,"CIUDADANOS, PARTIDO DE LA CIUDADANÍA - C's",0,0,Ministerio del Interior / portal oficial de datos abiertos,PRIMARY_OFFICIAL
2015,2015-12-20,8 - Barcelona,"CIUDADANOS, PARTIDO DE LA CIUDADANÍA - C´s",0,0,Ministerio del Interior / portal oficial de datos abiertos,PRIMARY_OFFICIAL
2015,2015-12-20,8 - Barcelona,CIUDADANOS-PARTIDO DE LA CIUDADANÍA (C's) - C's,0,0,Ministerio del Interior / portal oficial de datos abiertos,PRIMARY_OFFICIAL
2015,2015-12-20,8 - Barcelona,CIUDADANOS-PARTIDO DE LA CIUDADANÍA - C's,0,0,Ministerio del Interior / portal oficial de datos abiertos,PRIMARY_OFFICIAL
2015,2015-12-20,8 - Barcelona,CIUDADANOS-PARTIDO DE LA CIUDADANÍA - C´s,0,0,Ministerio del Interior / portal oficial de datos abiertos,PRIMARY_OFFICIAL
2015,2015-12-20,8 - Barcelona,CIUTADANS - PARTIDO DE LA CIUDADANÍA - C's,0,0,Ministerio del Interior / portal oficial de datos abiertos,PRIMARY_OFFICIAL
2015,2015-12-20,8 - Barcelona,CIUTADANS-PARTIDO DE LA CIUDADANÍA - C's,387061,4,Ministerio del Interior / portal oficial de datos abiertos,PRIMARY_OFFICIAL
2015,2015-12-20,8 - Barcelona,COALICIÓN CANARIA - PARTIDO NACIONALISTA CANARIO - CCa-PNC,0,0,Ministerio del Interior / portal oficial de datos abiertos,PRIMARY_OFFICIAL
2015,2015-12-20,8 - Barcelona,COALICIÓN CANARIA-PARTIDO NACIONALISTA CANARIO - CCa-PNC,0,0,Ministerio del Interior / portal oficial de datos abiertos,PRIMARY_OFFICIAL
2015,2015-12-20,8 - Barcelona,COMPROMÍS-PODEMOS-ÉS EL MOMENT - PODEMOS - C,0,0,Ministerio del Interior / portal oficial de datos abiertos,PRIMARY_OFFICIAL
2015,2015-12-20,8 - Barcelona,COMPROMÍS-PODEMOS-ÉS EL MOMENT - PODEMOS-COM,0,0,Ministerio del Interior / portal oficial de datos abiertos,PRIMARY_OFFICIAL
2015,2015-12-20,8 - Barcelona,COMUNISTAS DA GALIZA - PCPE,0,0,Ministerio del Interior / portal oficial de datos abiertos,PRIMARY_OFFICIAL
2015,2015-12-20,8 - Barcelona,COMUNISTAS DA GALIZA-PCPE - PCPE,0,0,Ministerio del Interior / portal oficial de datos abiertos,PRIMARY_OFFICIAL
2015,2015-12-20,8 - Barcelona,DEMOCRACIA NACIONAL - DN,0,0,Ministerio del Interior / portal oficial de datos abiertos,PRIMARY_OFFICIAL
2015,2015-12-20,8 - Barcelona,DEMOCRÀCIA I LLIBERTAT. CONVERGÈNCIA. DEMÒCRATES. - DL,378723,4,Ministerio del Interior / portal oficial de datos abiertos,PRIMARY_OFFICIAL
2015,2015-12-20,8 - Barcelona,EL PI - PROPOSTA PER LES ILLES - EL PI,0,0,Ministerio del Interior / portal oficial de datos abiertos,PRIMARY_OFFICIAL
2015,2015-12-20,8 - Barcelona,EN COMÚ PODEM - EN COMÚ,0,0,Ministerio del Interior / portal oficial de datos abiertos,PRIMARY_OFFICIAL
2015,2015-12-20,8 - Barcelona,EN MAREA - PODEMOS-EN,0,0,Ministerio del Interior / portal oficial de datos abiertos,PRIMARY_OFFICIAL
2015,2015-12-20,8 - Barcelona,EN MAREA - PODEMOS-En,0,0,Ministerio del Interior / portal oficial de datos abiertos,PRIMARY_OFFICIAL
2015,2015-12-20,8 - Barcelona,EN POSITIU - EN POSITIU,0,0,Ministerio del Interior / portal oficial de datos abiertos,PRIMARY_OFFICIAL
2015,2015-12-20,8 - Barcelona,ESCAÑOS EN BLANCO - AULKI ZURIAK - EB - AZ,0,0,Ministerio del Interior / portal oficial de datos abiertos,PRIMARY_OFFICIAL
2015,2015-12-20,8 - Barcelona,ESCAÑOS EN BLANCO - EB,0,0,Ministerio del Interior / portal oficial de datos abiertos,PRIMARY_OFFICIAL
2015,2015-12-20,8 - Barcelona,ESCAÑOS EN BLANCO-AULKI ZURIAK - EB-AZ,0,0,Ministerio del Interior / portal oficial de datos abiertos,PRIMARY_OFFICIAL
2015,2015-12-20,8 - Barcelona,ESCONS EN BLANC/ESCAÑOS EN BLANCO - EB,0,0,Ministerio del Interior / portal oficial de datos abiertos,PRIMARY_OFFICIAL
2015,2015-12-20,8 - Barcelona,ESQUERRA REPUBLICANA DE CATALUNYA-CATALUNYA SÍ - ERC-CATSI,0,0,Ministerio del Interior / portal oficial de datos abiertos,PRIMARY_OFFICIAL
2015,2015-12-20,8 - Barcelona,ESQUERRA REPUBLICANA DE CATALUNYA-CATALUNYA SÍ - ERC-CATSÍ,414163,5,Ministerio del Interior / portal oficial de datos abiertos,PRIMARY_OFFICIAL
2015,2015-12-20,8 - Barcelona,EUSKAL HERRIA BILDU (EH Bildu) - EH Bildu,0,0,Ministerio del Interior / portal oficial de datos abiertos,PRIMARY_OFFICIAL
2015,2015-12-20,8 - Barcelona,EUSKAL HERRIA BILDU - EH Bildu,0,0,Ministerio del Interior / portal oficial de datos abiertos,PRIMARY_OFFICIAL
2015,2015-12-20,8 - Barcelona,EUZKO ALDERDI JELTZALEA-PARTIDO NACIONALISTA VASCO - EAJ-PNV,0,0,Ministerio del Interior / portal oficial de datos abiertos,PRIMARY_OFFICIAL
2015,2015-12-20,8 - Barcelona,EXTREMADURA UNIDA-EXTREMEÑOS - EU-eX,0,0,Ministerio del Interior / portal oficial de datos abiertos,PRIMARY_OFFICIAL
2015,2015-12-20,8 - Barcelona,EZKERRA-X LA IZQUIERDA - EZKERRA,0,0,Ministerio del Interior / portal oficial de datos abiertos,PRIMARY_OFFICIAL
2015,2015-12-20,8 - Barcelona,FALANGE ESPAÑOLA DE LAS JONS - FE de las J,0,0,Ministerio del Interior / portal oficial de datos abiertos,PRIMARY_OFFICIAL
2015,2015-12-20,8 - Barcelona,FORO DEMÓCRATA - FDEE,0,0,Ministerio del Interior / portal oficial de datos abiertos,PRIMARY_OFFICIAL
2015,2015-12-20,8 - Barcelona,GEROA BAI - GBAI,0,0,Ministerio del Interior / portal oficial de datos abiertos,PRIMARY_OFFICIAL
2015,2015-12-20,8 - Barcelona,INDEPENDIENTES POR ARAGÓN - Independien,0,0,Ministerio del Interior / portal oficial de datos abiertos,PRIMARY_OFFICIAL
2015,2015-12-20,8 - Barcelona,INICIATIVA FEMINISTA - IFem,0,0,Ministerio del Interior / portal oficial de datos abiertos,PRIMARY_OFFICIAL
2015,2015-12-20,8 - Barcelona,"JUSTIZIA SOCIAL, PARTICIPACIÓN CIUDADANA - JS,PC",0,0,Ministerio del Interior / portal oficial de datos abiertos,PRIMARY_OFFICIAL
2015,2015-12-20,8 - Barcelona,"LIBERTAD NAVARRA, LIBERTATE NAFARRA (Ln) - Ln",0,0,Ministerio del Interior / portal oficial de datos abiertos,PRIMARY_OFFICIAL
2015,2015-12-20,8 - Barcelona,"LIBERTAD NAVARRA, LIBERTATE NAFARRA - Ln",0,0,Ministerio del Interior / portal oficial de datos abiertos,PRIMARY_OFFICIAL
2015,2015-12-20,8 - Barcelona,LIBERTAD NAVARRA-LIBERTATE NAFARRA - Ln,0,0,Ministerio del Interior / portal oficial de datos abiertos,PRIMARY_OFFICIAL
2015,2015-12-20,8 - Barcelona,LOS VERDES-ECOPACIFISTAS - CENTRO MODE,0,0,Ministerio del Interior / portal oficial de datos abiertos,PRIMARY_OFFICIAL
2015,2015-12-20,8 - Barcelona,MUERTE AL SISTEMA - +MAS+,0,0,Ministerio del Interior / portal oficial de datos abiertos,PRIMARY_OFFICIAL
2015,2015-12-20,8 - Barcelona,MÁLAGA POR SÍ - mlgXSÍ,0,0,Ministerio del Interior / portal oficial de datos abiertos,PRIMARY_OFFICIAL
2015,2015-12-20,8 - Barcelona,MÉS - MÉS,0,0,Ministerio del Interior / portal oficial de datos abiertos,PRIMARY_OFFICIAL
2015,2015-12-20,8 - Barcelona,NÓS-CANDIDATURA GALEGA (BNG-CG-FOGA-PCPG-PG) - NÓS,0,0,Ministerio del Interior / portal oficial de datos abiertos,PRIMARY_OFFICIAL
2015,2015-12-20,8 - Barcelona,ONGI ETORRI - OE,0,0,Ministerio del Interior / portal oficial de datos abiertos,PRIMARY_OFFICIAL
2015,2015-12-20,8 - Barcelona,PARTIDO ANIMALISTA CONTRA EL MALTRATO ANIMAL (PACM - PACMA,0,0,Ministerio del Interior / portal oficial de datos abiertos,PRIMARY_OFFICIAL
2015,2015-12-20,8 - Barcelona,PARTIDO ANIMALISTA CONTRA EL MALTRATO ANIMAL - PACMA,0,0,Ministerio del Interior / portal oficial de datos abiertos,PRIMARY_OFFICIAL
2015,2015-12-20,8 - Barcelona,PARTIDO ANIMALISTA CONTRA O MALTRATO ANIMAL - PACMA,0,0,Ministerio del Interior / portal oficial de datos abiertos,PRIMARY_OFFICIAL
2015,2015-12-20,8 - Barcelona,PARTIDO ANIMALISTA-CONTRA EL MALTRATO ANIMAL - PACMA,0,0,Ministerio del Interior / portal oficial de datos abiertos,PRIMARY_OFFICIAL
2015,2015-12-20,8 - Barcelona,PARTIDO COMUNISTA DE LOS PUEBLOS DE ESPAÑA - PCPE,0,0,Ministerio del Interior / portal oficial de datos abiertos,PRIMARY_OFFICIAL
2015,2015-12-20,8 - Barcelona,PARTIDO COMUNISTA DEL PUEBLO CANARIO - PCPC,0,0,Ministerio del Interior / portal oficial de datos abiertos,PRIMARY_OFFICIAL
2015,2015-12-20,8 - Barcelona,PARTIDO COMUNISTA OBRERO ESPAÑOL - PCOE,0,0,Ministerio del Interior / portal oficial de datos abiertos,PRIMARY_OFFICIAL
2015,2015-12-20,8 - Barcelona,PARTIDO DA TERRA - PT,0,0,Ministerio del Interior / portal oficial de datos abiertos,PRIMARY_OFFICIAL
2015,2015-12-20,8 - Barcelona,PARTIDO DOS SOCIALISTAS DE GALICIA-PSOE - PSdeG-PSOE,0,0,Ministerio del Interior / portal oficial de datos abiertos,PRIMARY_OFFICIAL
2015,2015-12-20,8 - Barcelona,PARTIDO FAMILIA Y VIDA - PFyV,0,0,Ministerio del Interior / portal oficial de datos abiertos,PRIMARY_OFFICIAL
2015,2015-12-20,8 - Barcelona,PARTIDO HUMANISTA - PH,0,0,Ministerio del Interior / portal oficial de datos abiertos,PRIMARY_OFFICIAL
2015,2015-12-20,8 - Barcelona,PARTIDO LIBERAL DE DERECHAS - PLD,0,0,Ministerio del Interior / portal oficial de datos abiertos,PRIMARY_OFFICIAL
2015,2015-12-20,8 - Barcelona,PARTIDO LIBERTARIO - P-LIB,0,0,Ministerio del Interior / portal oficial de datos abiertos,PRIMARY_OFFICIAL
2015,2015-12-20,8 - Barcelona,PARTIDO POPULAR (PP) - PP,0,0,Ministerio del Interior / portal oficial de datos abiertos,PRIMARY_OFFICIAL
2015,2015-12-20,8 - Barcelona,PARTIDO POPULAR - PP,0,0,Ministerio del Interior / portal oficial de datos abiertos,PRIMARY_OFFICIAL
2015,2015-12-20,8 - Barcelona,PARTIDO POPULAR EN COALICIÓN CON EL PARTIDO ARAGON - PP-PAR,0,0,Ministerio del Interior / portal oficial de datos abiertos,PRIMARY_OFFICIAL
2015,2015-12-20,8 - Barcelona,PARTIDO POPULAR-FORO - PP-FORO,0,0,Ministerio del Interior / portal oficial de datos abiertos,PRIMARY_OFFICIAL
2015,2015-12-20,8 - Barcelona,PARTIDO POPULAR/PARTIT POPULAR - PP,321980,4,Ministerio del Interior / portal oficial de datos abiertos,PRIMARY_OFFICIAL
2015,2015-12-20,8 - Barcelona,PARTIDO REGIONALISTA DEL PAÍS LEONÉS - PREPAL,0,0,Ministerio del Interior / portal oficial de datos abiertos,PRIMARY_OFFICIAL
2015,2015-12-20,8 - Barcelona,PARTIDO SOCIALISTA DE EUSKADI-EUSKADIKO EZKERRA (P - PSE-EE,0,0,Ministerio del Interior / portal oficial de datos abiertos,PRIMARY_OFFICIAL
2015,2015-12-20,8 - Barcelona,PARTIDO SOCIALISTA DE EUSKADI-EUSKADIKO EZKERRA (P - PSE-EE (PSO,0,0,Ministerio del Interior / portal oficial de datos abiertos,PRIMARY_OFFICIAL
2015,2015-12-20,8 - Barcelona,PARTIDO SOCIALISTA OBRERO ESPAÑOL - PSOE,0,0,Ministerio del Interior / portal oficial de datos abiertos,PRIMARY_OFFICIAL
2015,2015-12-20,8 - Barcelona,PARTIDO SOCIALISTA OBRERO ESPAÑOL-NUEVA CANARIAS - PSOE-NCa,0,0,Ministerio del Interior / portal oficial de datos abiertos,PRIMARY_OFFICIAL
2015,2015-12-20,8 - Barcelona,PARTIT ANIMALISTA CONTRA EL MALTRACTAMENT ANIMAL - PACMA,34394,0,Ministerio del Interior / portal oficial de datos abiertos,PRIMARY_OFFICIAL
2015,2015-12-20,8 - Barcelona,PARTIT COMUNISTA DEL POBLE DE CATALUNYA - PCPC,5493,0,Ministerio del Interior / portal oficial de datos abiertos,PRIMARY_OFFICIAL
2015,2015-12-20,8 - Barcelona,PARTIT COMUNISTA DELS POBLES D’ESPANYA - PCPE,0,0,Ministerio del Interior / portal oficial de datos abiertos,PRIMARY_OFFICIAL
2015,2015-12-20,8 - Barcelona,PARTIT DELS SOCIALISTES DE CATALUNYA (PSC-PSOE) - PSC,0,0,Ministerio del Interior / portal oficial de datos abiertos,PRIMARY_OFFICIAL
2015,2015-12-20,8 - Barcelona,PARTIT DELS SOCIALISTES DE CATALUNYA - PSC-PSOE,464588,5,Ministerio del Interior / portal oficial de datos abiertos,PRIMARY_OFFICIAL
2015,2015-12-20,8 - Barcelona,PODEMOS - PODEMOS,0,0,Ministerio del Interior / portal oficial de datos abiertos,PRIMARY_OFFICIAL
2015,2015-12-20,8 - Barcelona,PODEMOS-AHAL DUGU - PODEMOS-AHA,0,0,Ministerio del Interior / portal oficial de datos abiertos,PRIMARY_OFFICIAL
2015,2015-12-20,8 - Barcelona,PODEMOS-Ahora Alto Aragón en Común - PODEMOS-Aho,0,0,Ministerio del Interior / portal oficial de datos abiertos,PRIMARY_OFFICIAL
2015,2015-12-20,8 - Barcelona,PODEMOS/AHAL DUGU - PODEMOS-AHA,0,0,Ministerio del Interior / portal oficial de datos abiertos,PRIMARY_OFFICIAL
2015,2015-12-20,8 - Barcelona,POR UN MUNDO MÁS JUSTO - PUM+J,0,0,Ministerio del Interior / portal oficial de datos abiertos,PRIMARY_OFFICIAL
2015,2015-12-20,8 - Barcelona,RECORTES CERO-GRUPO VERDE - RECORTES CE,10730,0,Ministerio del Interior / portal oficial de datos abiertos,PRIMARY_OFFICIAL
2015,2015-12-20,8 - Barcelona,SOLIDARIDAD Y AUTOGESTIÓN INTERNACIONALISTA - SAIn,0,0,Ministerio del Interior / portal oficial de datos abiertos,PRIMARY_OFFICIAL
2015,2015-12-20,8 - Barcelona,SOLUCIONA - SOLUCIONA,0,0,Ministerio del Interior / portal oficial de datos abiertos,PRIMARY_OFFICIAL
2015,2015-12-20,8 - Barcelona,SOM VALENCIANS - SOMVAL,0,0,Ministerio del Interior / portal oficial de datos abiertos,PRIMARY_OFFICIAL
2015,2015-12-20,8 - Barcelona,"UNIDAD POPULAR EN ARAGÓN: IZQUIERDA UNIDA, CHUNTA - IU-CHA-UPeC",0,0,Ministerio del Interior / portal oficial de datos abiertos,PRIMARY_OFFICIAL
2015,2015-12-20,8 - Barcelona,UNIDAD POPULAR- ORAIN BATERA:EZKER ANITZA-IZQUIERD - IU-UPeC,0,0,Ministerio del Interior / portal oficial de datos abiertos,PRIMARY_OFFICIAL
2015,2015-12-20,8 - Barcelona,UNIDAD POPULAR-IZQUIERDA UNIDA - UNIDAD POPU,0,0,Ministerio del Interior / portal oficial de datos abiertos,PRIMARY_OFFICIAL
2015,2015-12-20,8 - Barcelona,UNIDAD POPULAR-ORAIN BATERA:EZKER ANITZA-IZQUIERDA - IU-UPeC,0,0,Ministerio del Interior / portal oficial de datos abiertos,PRIMARY_OFFICIAL
2015,2015-12-20,8 - Barcelona,UNIDAD POPULAR-ORAIN BATERA:EZKER ANITZA-IZQUIERDA - IU-UpeC,0,0,Ministerio del Interior / portal oficial de datos abiertos,PRIMARY_OFFICIAL
2015,2015-12-20,8 - Barcelona,"UNIDAD POPULAR-ORAIN BATERA:IZQUIERDA UNIDA, BATZA - IU-B-UPeC",0,0,Ministerio del Interior / portal oficial de datos abiertos,PRIMARY_OFFICIAL
2015,2015-12-20,8 - Barcelona,"UNIDAD POPULAR: IZQUIERDA UNIDA CANARIA, UNIDAD PO - IUC-UPeC",0,0,Ministerio del Interior / portal oficial de datos abiertos,PRIMARY_OFFICIAL
2015,2015-12-20,8 - Barcelona,UNIDAD POPULAR: IZQUIERDA UNIDA LOS VERDES - CONVO - UP: IULV-CA,0,0,Ministerio del Interior / portal oficial de datos abiertos,PRIMARY_OFFICIAL
2015,2015-12-20,8 - Barcelona,"UNIDAD POPULAR: IZQUIERDA UNIDA LOS VERDES-CONVOCA - IULV-CA, UP",0,0,Ministerio del Interior / portal oficial de datos abiertos,PRIMARY_OFFICIAL
2015,2015-12-20,8 - Barcelona,"UNIDAD POPULAR: IZQUIERDA UNIDA LOS VERDES-CONVOCA - IULV-CA,UPe",0,0,Ministerio del Interior / portal oficial de datos abiertos,PRIMARY_OFFICIAL
2015,2015-12-20,8 - Barcelona,"UNIDAD POPULAR: IZQUIERDA UNIDA, UNIDAD POPULAR EN - IU-UPeC",0,0,Ministerio del Interior / portal oficial de datos abiertos,PRIMARY_OFFICIAL
2015,2015-12-20,8 - Barcelona,"UNIDAD POPULAR: IZQUIERDA UNIDA, UNIDAD POPULAR EN - IU-UPeC-IAS",0,0,Ministerio del Interior / portal oficial de datos abiertos,PRIMARY_OFFICIAL
2015,2015-12-20,8 - Barcelona,"UNIDAD POPULAR: IZQUIERDA UNIDA, UNIDAD POPULAR EN - UP-UPeC",0,0,Ministerio del Interior / portal oficial de datos abiertos,PRIMARY_OFFICIAL
2015,2015-12-20,8 - Barcelona,"UNIDAD POPULAR: IZQUIERDA UNIDA, UNIDAD POPULAR EN - UPeC-IU-IZC",0,0,Ministerio del Interior / portal oficial de datos abiertos,PRIMARY_OFFICIAL
2015,2015-12-20,8 - Barcelona,UNIDAD POPULAR: IZQUIERDA UNIDA-UNIDAD POPULAR EN - IU-UPeC,0,0,Ministerio del Interior / portal oficial de datos abiertos,PRIMARY_OFFICIAL
2015,2015-12-20,8 - Barcelona,UNIDAD POPULAR: IZQUIERDA UNIDA. UNIDAD POPULAR EN - IU-UPeC,0,0,Ministerio del Interior / portal oficial de datos abiertos,PRIMARY_OFFICIAL
2015,2015-12-20,8 - Barcelona,"UNIDAD POPULAR: UNIDAD POPULAR EN COMÚN, IZQUIERDA - UPeC-IU",0,0,Ministerio del Interior / portal oficial de datos abiertos,PRIMARY_OFFICIAL
2015,2015-12-20,8 - Barcelona,"UNITAT POPULAR BALEARS: IZQUIERDA UNIDA, UNIDAD PO - UPB: IU-UPe",0,0,Ministerio del Interior / portal oficial de datos abiertos,PRIMARY_OFFICIAL
2015,2015-12-20,8 - Barcelona,"UNITAT POPULAR: ESQUERRA UNIDA DEL PAÍS VALENCIÀ, - EUPV-UPeC",0,0,Ministerio del Interior / portal oficial de datos abiertos,PRIMARY_OFFICIAL
2015,2015-12-20,8 - Barcelona,"UNITAT POPULAR:ESQUERRA UNIDA DEL PAÍS VALENCIÀ, U - EUPV-UPeC",0,0,Ministerio del Interior / portal oficial de datos abiertos,PRIMARY_OFFICIAL
2015,2015-12-20,8 - Barcelona,UNIÓ DEMOCRÀTICA DE CATALUNYA - Unio.Cat,0,0,Ministerio del Interior / portal oficial de datos abiertos,PRIMARY_OFFICIAL
2015,2015-12-20,8 - Barcelona,UNIÓ DEMOCRÀTICA DE CATALUNYA - unio.cat,48326,0,Ministerio del Interior / portal oficial de datos abiertos,PRIMARY_OFFICIAL
2015,2015-12-20,8 - Barcelona,UNIÓN DEL PUEBLO NAVARRO EN COALICIÓN CON EL PARTI - UPN-PP,0,0,Ministerio del Interior / portal oficial de datos abiertos,PRIMARY_OFFICIAL
2015,2015-12-20,8 - Barcelona,UNIÓN PROGRESO Y DEMOCRACIA (UPYD) - UPYD,0,0,Ministerio del Interior / portal oficial de datos abiertos,PRIMARY_OFFICIAL
2015,2015-12-20,8 - Barcelona,UNIÓN PROGRESO Y DEMOCRACIA - UPYD,6595,0,Ministerio del Interior / portal oficial de datos abiertos,PRIMARY_OFFICIAL
2015,2015-12-20,8 - Barcelona,VOX - VOX,0,0,Ministerio del Interior / portal oficial de datos abiertos,PRIMARY_OFFICIAL
2015,2015-12-20,8 - Barcelona,X A ESQUERDA - X ESQ,0,0,Ministerio del Interior / portal oficial de datos abiertos,PRIMARY_OFFICIAL
2015,2015-12-20,8 - Barcelona,X LA IZQUIERDA-LOS VERDES - X LA IZQUIE,0,0,Ministerio del Interior / portal oficial de datos abiertos,PRIMARY_OFFICIAL
2015,2015-12-20,9 - Burgos,"""EN COMÚ PODEM"" - EN COMÚ",0,0,Ministerio del Interior / portal oficial de datos abiertos,PRIMARY_OFFICIAL
2015,2015-12-20,9 - Burgos,ANDALUCES DE JAÉN UNIDOS - AJU,0,0,Ministerio del Interior / portal oficial de datos abiertos,PRIMARY_OFFICIAL
2015,2015-12-20,9 - Burgos,"ARA, PAÍS VALENCIÀ - ARA, PV",0,0,Ministerio del Interior / portal oficial de datos abiertos,PRIMARY_OFFICIAL
2015,2015-12-20,9 - Burgos,"ARA, PAÍS VALENCIÀ - ARAPV",0,0,Ministerio del Interior / portal oficial de datos abiertos,PRIMARY_OFFICIAL
2015,2015-12-20,9 - Burgos,AVANT VALENCIANS - AVANT,0,0,Ministerio del Interior / portal oficial de datos abiertos,PRIMARY_OFFICIAL
2015,2015-12-20,9 - Burgos,BIDEZKO MUNDURANTZ/POR UN MUNDO MÁS JUSTO - PUM+J,0,0,Ministerio del Interior / portal oficial de datos abiertos,PRIMARY_OFFICIAL
2015,2015-12-20,9 - Burgos,"CANARIAS DECIDE: LOS VERDES, UNIDAD DEL PUEBLO Y A - CANARIAS DE",0,0,Ministerio del Interior / portal oficial de datos abiertos,PRIMARY_OFFICIAL
2015,2015-12-20,9 - Burgos,CIUDADANOS DE CENTRO DEMOCRÁTICO - CCD,0,0,Ministerio del Interior / portal oficial de datos abiertos,PRIMARY_OFFICIAL
2015,2015-12-20,9 - Burgos,CIUDADANOS LIBRES UNIDOS - CILUS,0,0,Ministerio del Interior / portal oficial de datos abiertos,PRIMARY_OFFICIAL
2015,2015-12-20,9 - Burgos,CIUDADANOS PARTIDO DE LA CIUDADANÍA - C's,0,0,Ministerio del Interior / portal oficial de datos abiertos,PRIMARY_OFFICIAL
2015,2015-12-20,9 - Burgos,CIUDADANOS PARTIDO DE LA CIUDADANÍA - C´s,0,0,Ministerio del Interior / portal oficial de datos abiertos,PRIMARY_OFFICIAL
2015,2015-12-20,9 - Burgos,CIUDADANOS RURALES AGRUPADOS - CRA,0,0,Ministerio del Interior / portal oficial de datos abiertos,PRIMARY_OFFICIAL
2015,2015-12-20,9 - Burgos,"CIUDADANOS, PARTIDO DE LA CIUDADANÍA - C's",0,0,Ministerio del Interior / portal oficial de datos abiertos,PRIMARY_OFFICIAL
2015,2015-12-20,9 - Burgos,"CIUDADANOS, PARTIDO DE LA CIUDADANÍA - C´s",0,0,Ministerio del Interior / portal oficial de datos abiertos,PRIMARY_OFFICIAL
2015,2015-12-20,9 - Burgos,CIUDADANOS-PARTIDO DE LA CIUDADANÍA (C's) - C's,0,0,Ministerio del Interior / portal oficial de datos abiertos,PRIMARY_OFFICIAL
2015,2015-12-20,9 - Burgos,CIUDADANOS-PARTIDO DE LA CIUDADANÍA - C's,0,0,Ministerio del Interior / portal oficial de datos abiertos,PRIMARY_OFFICIAL
2015,2015-12-20,9 - Burgos,CIUDADANOS-PARTIDO DE LA CIUDADANÍA - C´s,33558,0,Ministerio del Interior / portal oficial de datos abiertos,PRIMARY_OFFICIAL
2015,2015-12-20,9 - Burgos,CIUTADANS - PARTIDO DE LA CIUDADANÍA - C's,0,0,Ministerio del Interior / portal oficial de datos abiertos,PRIMARY_OFFICIAL
2015,2015-12-20,9 - Burgos,CIUTADANS-PARTIDO DE LA CIUDADANÍA - C's,0,0,Ministerio del Interior / portal oficial de datos abiertos,PRIMARY_OFFICIAL
2015,2015-12-20,9 - Burgos,COALICIÓN CANARIA - PARTIDO NACIONALISTA CANARIO - CCa-PNC,0,0,Ministerio del Interior / portal oficial de datos abiertos,PRIMARY_OFFICIAL
2015,2015-12-20,9 - Burgos,COALICIÓN CANARIA-PARTIDO NACIONALISTA CANARIO - CCa-PNC,0,0,Ministerio del Interior / portal oficial de datos abiertos,PRIMARY_OFFICIAL
2015,2015-12-20,9 - Burgos,COMPROMÍS-PODEMOS-ÉS EL MOMENT - PODEMOS - C,0,0,Ministerio del Interior / portal oficial de datos abiertos,PRIMARY_OFFICIAL
2015,2015-12-20,9 - Burgos,COMPROMÍS-PODEMOS-ÉS EL MOMENT - PODEMOS-COM,0,0,Ministerio del Interior / portal oficial de datos abiertos,PRIMARY_OFFICIAL
2015,2015-12-20,9 - Burgos,COMUNISTAS DA GALIZA - PCPE,0,0,Ministerio del Interior / portal oficial de datos abiertos,PRIMARY_OFFICIAL
2015,2015-12-20,9 - Burgos,COMUNISTAS DA GALIZA-PCPE - PCPE,0,0,Ministerio del Interior / portal oficial de datos abiertos,PRIMARY_OFFICIAL
2015,2015-12-20,9 - Burgos,DEMOCRACIA NACIONAL - DN,0,0,Ministerio del Interior / portal oficial de datos abiertos,PRIMARY_OFFICIAL
2015,2015-12-20,9 - Burgos,DEMOCRÀCIA I LLIBERTAT. CONVERGÈNCIA. DEMÒCRATES. - DL,0,0,Ministerio del Interior / portal oficial de datos abiertos,PRIMARY_OFFICIAL
2015,2015-12-20,9 - Burgos,EL PI - PROPOSTA PER LES ILLES - EL PI,0,0,Ministerio del Interior / portal oficial de datos abiertos,PRIMARY_OFFICIAL
2015,2015-12-20,9 - Burgos,EN COMÚ PODEM - EN COMÚ,0,0,Ministerio del Interior / portal oficial de datos abiertos,PRIMARY_OFFICIAL
2015,2015-12-20,9 - Burgos,EN MAREA - PODEMOS-EN,0,0,Ministerio del Interior / portal oficial de datos abiertos,PRIMARY_OFFICIAL
2015,2015-12-20,9 - Burgos,EN MAREA - PODEMOS-En,0,0,Ministerio del Interior / portal oficial de datos abiertos,PRIMARY_OFFICIAL
2015,2015-12-20,9 - Burgos,EN POSITIU - EN POSITIU,0,0,Ministerio del Interior / portal oficial de datos abiertos,PRIMARY_OFFICIAL
2015,2015-12-20,9 - Burgos,ESCAÑOS EN BLANCO - AULKI ZURIAK - EB - AZ,0,0,Ministerio del Interior / portal oficial de datos abiertos,PRIMARY_OFFICIAL
2015,2015-12-20,9 - Burgos,ESCAÑOS EN BLANCO - EB,0,0,Ministerio del Interior / portal oficial de datos abiertos,PRIMARY_OFFICIAL
2015,2015-12-20,9 - Burgos,ESCAÑOS EN BLANCO-AULKI ZURIAK - EB-AZ,0,0,Ministerio del Interior / portal oficial de datos abiertos,PRIMARY_OFFICIAL
2015,2015-12-20,9 - Burgos,ESCONS EN BLANC/ESCAÑOS EN BLANCO - EB,0,0,Ministerio del Interior / portal oficial de datos abiertos,PRIMARY_OFFICIAL
2015,2015-12-20,9 - Burgos,ESQUERRA REPUBLICANA DE CATALUNYA-CATALUNYA SÍ - ERC-CATSI,0,0,Ministerio del Interior / portal oficial de datos abiertos,PRIMARY_OFFICIAL
2015,2015-12-20,9 - Burgos,ESQUERRA REPUBLICANA DE CATALUNYA-CATALUNYA SÍ - ERC-CATSÍ,0,0,Ministerio del Interior / portal oficial de datos abiertos,PRIMARY_OFFICIAL
2015,2015-12-20,9 - Burgos,EUSKAL HERRIA BILDU (EH Bildu) - EH Bildu,0,0,Ministerio del Interior / portal oficial de datos abiertos,PRIMARY_OFFICIAL
2015,2015-12-20,9 - Burgos,EUSKAL HERRIA BILDU - EH Bildu,0,0,Ministerio del Interior / portal oficial de datos abiertos,PRIMARY_OFFICIAL
2015,2015-12-20,9 - Burgos,EUZKO ALDERDI JELTZALEA-PARTIDO NACIONALISTA VASCO - EAJ-PNV,0,0,Ministerio del Interior / portal oficial de datos abiertos,PRIMARY_OFFICIAL
2015,2015-12-20,9 - Burgos,EXTREMADURA UNIDA-EXTREMEÑOS - EU-eX,0,0,Ministerio del Interior / portal oficial de datos abiertos,PRIMARY_OFFICIAL
2015,2015-12-20,9 - Burgos,EZKERRA-X LA IZQUIERDA - EZKERRA,0,0,Ministerio del Interior / portal oficial de datos abiertos,PRIMARY_OFFICIAL
2015,2015-12-20,9 - Burgos,FALANGE ESPAÑOLA DE LAS JONS - FE de las J,0,0,Ministerio del Interior / portal oficial de datos abiertos,PRIMARY_OFFICIAL
2015,2015-12-20,9 - Burgos,FORO DEMÓCRATA - FDEE,0,0,Ministerio del Interior / portal oficial de datos abiertos,PRIMARY_OFFICIAL
2015,2015-12-20,9 - Burgos,GEROA BAI - GBAI,0,0,Ministerio del Interior / portal oficial de datos abiertos,PRIMARY_OFFICIAL
2015,2015-12-20,9 - Burgos,INDEPENDIENTES POR ARAGÓN - Independien,0,0,Ministerio del Interior / portal oficial de datos abiertos,PRIMARY_OFFICIAL
2015,2015-12-20,9 - Burgos,INICIATIVA FEMINISTA - IFem,341,0,Ministerio del Interior / portal oficial de datos abiertos,PRIMARY_OFFICIAL
2015,2015-12-20,9 - Burgos,"JUSTIZIA SOCIAL, PARTICIPACIÓN CIUDADANA - JS,PC",0,0,Ministerio del Interior / portal oficial de datos abiertos,PRIMARY_OFFICIAL
2015,2015-12-20,9 - Burgos,"LIBERTAD NAVARRA, LIBERTATE NAFARRA (Ln) - Ln",0,0,Ministerio del Interior / portal oficial de datos abiertos,PRIMARY_OFFICIAL
2015,2015-12-20,9 - Burgos,"LIBERTAD NAVARRA, LIBERTATE NAFARRA - Ln",0,0,Ministerio del Interior / portal oficial de datos abiertos,PRIMARY_OFFICIAL
2015,2015-12-20,9 - Burgos,LIBERTAD NAVARRA-LIBERTATE NAFARRA - Ln,0,0,Ministerio del Interior / portal oficial de datos abiertos,PRIMARY_OFFICIAL
2015,2015-12-20,9 - Burgos,LOS VERDES-ECOPACIFISTAS - CENTRO MODE,0,0,Ministerio del Interior / portal oficial de datos abiertos,PRIMARY_OFFICIAL
2015,2015-12-20,9 - Burgos,MUERTE AL SISTEMA - +MAS+,0,0,Ministerio del Interior / portal oficial de datos abiertos,PRIMARY_OFFICIAL
2015,2015-12-20,9 - Burgos,MÁLAGA POR SÍ - mlgXSÍ,0,0,Ministerio del Interior / portal oficial de datos abiertos,PRIMARY_OFFICIAL
2015,2015-12-20,9 - Burgos,MÉS - MÉS,0,0,Ministerio del Interior / portal oficial de datos abiertos,PRIMARY_OFFICIAL
2015,2015-12-20,9 - Burgos,NÓS-CANDIDATURA GALEGA (BNG-CG-FOGA-PCPG-PG) - NÓS,0,0,Ministerio del Interior / portal oficial de datos abiertos,PRIMARY_OFFICIAL
2015,2015-12-20,9 - Burgos,ONGI ETORRI - OE,0,0,Ministerio del Interior / portal oficial de datos abiertos,PRIMARY_OFFICIAL
2015,2015-12-20,9 - Burgos,PARTIDO ANIMALISTA CONTRA EL MALTRATO ANIMAL (PACM - PACMA,0,0,Ministerio del Interior / portal oficial de datos abiertos,PRIMARY_OFFICIAL
2015,2015-12-20,9 - Burgos,PARTIDO ANIMALISTA CONTRA EL MALTRATO ANIMAL - PACMA,1431,0,Ministerio del Interior / portal oficial de datos abiertos,PRIMARY_OFFICIAL
2015,2015-12-20,9 - Burgos,PARTIDO ANIMALISTA CONTRA O MALTRATO ANIMAL - PACMA,0,0,Ministerio del Interior / portal oficial de datos abiertos,PRIMARY_OFFICIAL
2015,2015-12-20,9 - Burgos,PARTIDO ANIMALISTA-CONTRA EL MALTRATO ANIMAL - PACMA,0,0,Ministerio del Interior / portal oficial de datos abiertos,PRIMARY_OFFICIAL
2015,2015-12-20,9 - Burgos,PARTIDO COMUNISTA DE LOS PUEBLOS DE ESPAÑA - PCPE,507,0,Ministerio del Interior / portal oficial de datos abiertos,PRIMARY_OFFICIAL
2015,2015-12-20,9 - Burgos,PARTIDO COMUNISTA DEL PUEBLO CANARIO - PCPC,0,0,Ministerio del Interior / portal oficial de datos abiertos,PRIMARY_OFFICIAL
2015,2015-12-20,9 - Burgos,PARTIDO COMUNISTA OBRERO ESPAÑOL - PCOE,0,0,Ministerio del Interior / portal oficial de datos abiertos,PRIMARY_OFFICIAL
2015,2015-12-20,9 - Burgos,PARTIDO DA TERRA - PT,0,0,Ministerio del Interior / portal oficial de datos abiertos,PRIMARY_OFFICIAL
2015,2015-12-20,9 - Burgos,PARTIDO DOS SOCIALISTAS DE GALICIA-PSOE - PSdeG-PSOE,0,0,Ministerio del Interior / portal oficial de datos abiertos,PRIMARY_OFFICIAL
2015,2015-12-20,9 - Burgos,PARTIDO FAMILIA Y VIDA - PFyV,0,0,Ministerio del Interior / portal oficial de datos abiertos,PRIMARY_OFFICIAL
2015,2015-12-20,9 - Burgos,PARTIDO HUMANISTA - PH,0,0,Ministerio del Interior / portal oficial de datos abiertos,PRIMARY_OFFICIAL
2015,2015-12-20,9 - Burgos,PARTIDO LIBERAL DE DERECHAS - PLD,0,0,Ministerio del Interior / portal oficial de datos abiertos,PRIMARY_OFFICIAL
2015,2015-12-20,9 - Burgos,PARTIDO LIBERTARIO - P-LIB,0,0,Ministerio del Interior / portal oficial de datos abiertos,PRIMARY_OFFICIAL
2015,2015-12-20,9 - Burgos,PARTIDO POPULAR (PP) - PP,0,0,Ministerio del Interior / portal oficial de datos abiertos,PRIMARY_OFFICIAL
2015,2015-12-20,9 - Burgos,PARTIDO POPULAR - PP,82037,2,Ministerio del Interior / portal oficial de datos abiertos,PRIMARY_OFFICIAL
2015,2015-12-20,9 - Burgos,PARTIDO POPULAR EN COALICIÓN CON EL PARTIDO ARAGON - PP-PAR,0,0,Ministerio del Interior / portal oficial de datos abiertos,PRIMARY_OFFICIAL
2015,2015-12-20,9 - Burgos,PARTIDO POPULAR-FORO - PP-FORO,0,0,Ministerio del Interior / portal oficial de datos abiertos,PRIMARY_OFFICIAL
2015,2015-12-20,9 - Burgos,PARTIDO POPULAR/PARTIT POPULAR - PP,0,0,Ministerio del Interior / portal oficial de datos abiertos,PRIMARY_OFFICIAL
2015,2015-12-20,9 - Burgos,PARTIDO REGIONALISTA DEL PAÍS LEONÉS - PREPAL,0,0,Ministerio del Interior / portal oficial de datos abiertos,PRIMARY_OFFICIAL
2015,2015-12-20,9 - Burgos,PARTIDO SOCIALISTA DE EUSKADI-EUSKADIKO EZKERRA (P - PSE-EE,0,0,Ministerio del Interior / portal oficial de datos abiertos,PRIMARY_OFFICIAL
2015,2015-12-20,9 - Burgos,PARTIDO SOCIALISTA DE EUSKADI-EUSKADIKO EZKERRA (P - PSE-EE (PSO,0,0,Ministerio del Interior / portal oficial de datos abiertos,PRIMARY_OFFICIAL
2015,2015-12-20,9 - Burgos,PARTIDO SOCIALISTA OBRERO ESPAÑOL - PSOE,44640,1,Ministerio del Interior / portal oficial de datos abiertos,PRIMARY_OFFICIAL
2015,2015-12-20,9 - Burgos,PARTIDO SOCIALISTA OBRERO ESPAÑOL-NUEVA CANARIAS - PSOE-NCa,0,0,Ministerio del Interior / portal oficial de datos abiertos,PRIMARY_OFFICIAL
2015,2015-12-20,9 - Burgos,PARTIT ANIMALISTA CONTRA EL MALTRACTAMENT ANIMAL - PACMA,0,0,Ministerio del Interior / portal oficial de datos abiertos,PRIMARY_OFFICIAL
2015,2015-12-20,9 - Burgos,PARTIT COMUNISTA DEL POBLE DE CATALUNYA - PCPC,0,0,Ministerio del Interior / portal oficial de datos abiertos,PRIMARY_OFFICIAL
2015,2015-12-20,9 - Burgos,PARTIT COMUNISTA DELS POBLES D’ESPANYA - PCPE,0,0,Ministerio del Interior / portal oficial de datos abiertos,PRIMARY_OFFICIAL
2015,2015-12-20,9 - Burgos,PARTIT DELS SOCIALISTES DE CATALUNYA (PSC-PSOE) - PSC,0,0,Ministerio del Interior / portal oficial de datos abiertos,PRIMARY_OFFICIAL
2015,2015-12-20,9 - Burgos,PARTIT DELS SOCIALISTES DE CATALUNYA - PSC-PSOE,0,0,Ministerio del Interior / portal oficial de datos abiertos,PRIMARY_OFFICIAL
2015,2015-12-20,9 - Burgos,PODEMOS - PODEMOS,36818,1,Ministerio del Interior / portal oficial de datos abiertos,PRIMARY_OFFICIAL
2015,2015-12-20,9 - Burgos,PODEMOS-AHAL DUGU - PODEMOS-AHA,0,0,Ministerio del Interior / portal oficial de datos abiertos,PRIMARY_OFFICIAL
2015,2015-12-20,9 - Burgos,PODEMOS-Ahora Alto Aragón en Común - PODEMOS-Aho,0,0,Ministerio del Interior / portal oficial de datos abiertos,PRIMARY_OFFICIAL
2015,2015-12-20,9 - Burgos,PODEMOS/AHAL DUGU - PODEMOS-AHA,0,0,Ministerio del Interior / portal oficial de datos abiertos,PRIMARY_OFFICIAL
2015,2015-12-20,9 - Burgos,POR UN MUNDO MÁS JUSTO - PUM+J,0,0,Ministerio del Interior / portal oficial de datos abiertos,PRIMARY_OFFICIAL
2015,2015-12-20,9 - Burgos,RECORTES CERO-GRUPO VERDE - RECORTES CE,452,0,Ministerio del Interior / portal oficial de datos abiertos,PRIMARY_OFFICIAL
2015,2015-12-20,9 - Burgos,SOLIDARIDAD Y AUTOGESTIÓN INTERNACIONALISTA - SAIn,501,0,Ministerio del Interior / portal oficial de datos abiertos,PRIMARY_OFFICIAL
2015,2015-12-20,9 - Burgos,SOLUCIONA - SOLUCIONA,0,0,Ministerio del Interior / portal oficial de datos abiertos,PRIMARY_OFFICIAL
2015,2015-12-20,9 - Burgos,SOM VALENCIANS - SOMVAL,0,0,Ministerio del Interior / portal oficial de datos abiertos,PRIMARY_OFFICIAL
2015,2015-12-20,9 - Burgos,"UNIDAD POPULAR EN ARAGÓN: IZQUIERDA UNIDA, CHUNTA - IU-CHA-UPeC",0,0,Ministerio del Interior / portal oficial de datos abiertos,PRIMARY_OFFICIAL
2015,2015-12-20,9 - Burgos,UNIDAD POPULAR- ORAIN BATERA:EZKER ANITZA-IZQUIERD - IU-UPeC,0,0,Ministerio del Interior / portal oficial de datos abiertos,PRIMARY_OFFICIAL
2015,2015-12-20,9 - Burgos,UNIDAD POPULAR-IZQUIERDA UNIDA - UNIDAD POPU,0,0,Ministerio del Interior / portal oficial de datos abiertos,PRIMARY_OFFICIAL
2015,2015-12-20,9 - Burgos,UNIDAD POPULAR-ORAIN BATERA:EZKER ANITZA-IZQUIERDA - IU-UPeC,0,0,Ministerio del Interior / portal oficial de datos abiertos,PRIMARY_OFFICIAL
2015,2015-12-20,9 - Burgos,UNIDAD POPULAR-ORAIN BATERA:EZKER ANITZA-IZQUIERDA - IU-UpeC,0,0,Ministerio del Interior / portal oficial de datos abiertos,PRIMARY_OFFICIAL
2015,2015-12-20,9 - Burgos,"UNIDAD POPULAR-ORAIN BATERA:IZQUIERDA UNIDA, BATZA - IU-B-UPeC",0,0,Ministerio del Interior / portal oficial de datos abiertos,PRIMARY_OFFICIAL
2015,2015-12-20,9 - Burgos,"UNIDAD POPULAR: IZQUIERDA UNIDA CANARIA, UNIDAD PO - IUC-UPeC",0,0,Ministerio del Interior / portal oficial de datos abiertos,PRIMARY_OFFICIAL
2015,2015-12-20,9 - Burgos,UNIDAD POPULAR: IZQUIERDA UNIDA LOS VERDES - CONVO - UP: IULV-CA,0,0,Ministerio del Interior / portal oficial de datos abiertos,PRIMARY_OFFICIAL
2015,2015-12-20,9 - Burgos,"UNIDAD POPULAR: IZQUIERDA UNIDA LOS VERDES-CONVOCA - IULV-CA, UP",0,0,Ministerio del Interior / portal oficial de datos abiertos,PRIMARY_OFFICIAL
2015,2015-12-20,9 - Burgos,"UNIDAD POPULAR: IZQUIERDA UNIDA LOS VERDES-CONVOCA - IULV-CA,UPe",0,0,Ministerio del Interior / portal oficial de datos abiertos,PRIMARY_OFFICIAL
2015,2015-12-20,9 - Burgos,"UNIDAD POPULAR: IZQUIERDA UNIDA, UNIDAD POPULAR EN - IU-UPeC",10171,0,Ministerio del Interior / portal oficial de datos abiertos,PRIMARY_OFFICIAL
2015,2015-12-20,9 - Burgos,"UNIDAD POPULAR: IZQUIERDA UNIDA, UNIDAD POPULAR EN - IU-UPeC-IAS",0,0,Ministerio del Interior / portal oficial de datos abiertos,PRIMARY_OFFICIAL
2015,2015-12-20,9 - Burgos,"UNIDAD POPULAR: IZQUIERDA UNIDA, UNIDAD POPULAR EN - UP-UPeC",0,0,Ministerio del Interior / portal oficial de datos abiertos,PRIMARY_OFFICIAL
2015,2015-12-20,9 - Burgos,"UNIDAD POPULAR: IZQUIERDA UNIDA, UNIDAD POPULAR EN - UPeC-IU-IZC",0,0,Ministerio del Interior / portal oficial de datos abiertos,PRIMARY_OFFICIAL
2015,2015-12-20,9 - Burgos,UNIDAD POPULAR: IZQUIERDA UNIDA-UNIDAD POPULAR EN - IU-UPeC,0,0,Ministerio del Interior / portal oficial de datos abiertos,PRIMARY_OFFICIAL
2015,2015-12-20,9 - Burgos,UNIDAD POPULAR: IZQUIERDA UNIDA. UNIDAD POPULAR EN - IU-UPeC,0,0,Ministerio del Interior / portal oficial de datos abiertos,PRIMARY_OFFICIAL
2015,2015-12-20,9 - Burgos,"UNIDAD POPULAR: UNIDAD POPULAR EN COMÚN, IZQUIERDA - UPeC-IU",0,0,Ministerio del Interior / portal oficial de datos abiertos,PRIMARY_OFFICIAL
2015,2015-12-20,9 - Burgos,"UNITAT POPULAR BALEARS: IZQUIERDA UNIDA, UNIDAD PO - UPB: IU-UPe",0,0,Ministerio del Interior / portal oficial de datos abiertos,PRIMARY_OFFICIAL
2015,2015-12-20,9 - Burgos,"UNITAT POPULAR: ESQUERRA UNIDA DEL PAÍS VALENCIÀ, - EUPV-UPeC",0,0,Ministerio del Interior / portal oficial de datos abiertos,PRIMARY_OFFICIAL
2015,2015-12-20,9 - Burgos,"UNITAT POPULAR:ESQUERRA UNIDA DEL PAÍS VALENCIÀ, U - EUPV-UPeC",0,0,Ministerio del Interior / portal oficial de datos abiertos,PRIMARY_OFFICIAL
2015,2015-12-20,9 - Burgos,UNIÓ DEMOCRÀTICA DE CATALUNYA - Unio.Cat,0,0,Ministerio del Interior / portal oficial de datos abiertos,PRIMARY_OFFICIAL
2015,2015-12-20,9 - Burgos,UNIÓ DEMOCRÀTICA DE CATALUNYA - unio.cat,0,0,Ministerio del Interior / portal oficial de datos abiertos,PRIMARY_OFFICIAL
2015,2015-12-20,9 - Burgos,UNIÓN DEL PUEBLO NAVARRO EN COALICIÓN CON EL PARTI - UPN-PP,0,0,Ministerio del Interior / portal oficial de datos abiertos,PRIMARY_OFFICIAL
2015,2015-12-20,9 - Burgos,UNIÓN PROGRESO Y DEMOCRACIA (UPYD) - UPYD,0,0,Ministerio del Interior / portal oficial de datos abiertos,PRIMARY_OFFICIAL
2015,2015-12-20,9 - Burgos,UNIÓN PROGRESO Y DEMOCRACIA - UPYD,2356,0,Ministerio del Interior / portal oficial de datos abiertos,PRIMARY_OFFICIAL
2015,2015-12-20,9 - Burgos,VOX - VOX,926,0,Ministerio del Interior / portal oficial de datos abiertos,PRIMARY_OFFICIAL
2015,2015-12-20,9 - Burgos,X A ESQUERDA - X ESQ,0,0,Ministerio del Interior / portal oficial de datos abiertos,PRIMARY_OFFICIAL
2015,2015-12-20,9 - Burgos,X LA IZQUIERDA-LOS VERDES - X LA IZQUIE,0,0,Ministerio del Interior / portal oficial de datos abiertos,PRIMARY_OFFICIAL
2016,2016-06-26,1 - Araba/Álava,ALIANZA DE CENTRO DEMOCRÁTICO - ALCD,0,0,Ministerio del Interior / portal oficial de datos abiertos,PRIMARY_OFFICIAL
2016,2016-06-26,1 - Araba/Álava,BNG-NÓS CANDIDATURA GALEGA - BNG-NÓS,0,0,Ministerio del Interior / portal oficial de datos abiertos,PRIMARY_OFFICIAL
2016,2016-06-26,1 - Araba/Álava,CIUDADANOS DE CENTRO DEMOCRÁTICO - CCD,0,0,Ministerio del Interior / portal oficial de datos abiertos,PRIMARY_OFFICIAL
2016,2016-06-26,1 - Araba/Álava,CIUDADANOS DE CENTRO DEMOCRÁTICO-CANDIDATURA INDEP - CCD-CI,0,0,Ministerio del Interior / portal oficial de datos abiertos,PRIMARY_OFFICIAL
2016,2016-06-26,1 - Araba/Álava,CIUDADANOS LIBRES UNIDOS - CILUS,0,0,Ministerio del Interior / portal oficial de datos abiertos,PRIMARY_OFFICIAL
2016,2016-06-26,1 - Araba/Álava,CIUDADANOS-PARTIDO DE LA CIUDADANÍA - C's,8372,0,Ministerio del Interior / portal oficial de datos abiertos,PRIMARY_OFFICIAL
2016,2016-06-26,1 - Araba/Álava,"CIUTADANS, PARTIDO DE LA CIUDADANÍA - C's",0,0,Ministerio del Interior / portal oficial de datos abiertos,PRIMARY_OFFICIAL
2016,2016-06-26,1 - Araba/Álava,CIUTADANS-PARTIDO DE LA CIUDADANÍA - C's,0,0,Ministerio del Interior / portal oficial de datos abiertos,PRIMARY_OFFICIAL
2016,2016-06-26,1 - Araba/Álava,COALICIÓN CANARIA-PARTIDO NACIONALISTA CANARIO - CCa-PNC,0,0,Ministerio del Interior / portal oficial de datos abiertos,PRIMARY_OFFICIAL
2016,2016-06-26,1 - Araba/Álava,COMPROMÍS-PODEMOS-EUPV: A LA VALENCIANA - PODEMOS-COM,0,0,Ministerio del Interior / portal oficial de datos abiertos,PRIMARY_OFFICIAL
2016,2016-06-26,1 - Araba/Álava,COMUNISTAS DA GALIZA - PCPE,0,0,Ministerio del Interior / portal oficial de datos abiertos,PRIMARY_OFFICIAL
2016,2016-06-26,1 - Araba/Álava,COMUNISTAS DA GALIZA-PCPE - PCPE,0,0,Ministerio del Interior / portal oficial de datos abiertos,PRIMARY_OFFICIAL
2016,2016-06-26,1 - Araba/Álava,CONVERGÈNCIA DEMOCRÀTICA DE CATALUNYA - CDC,0,0,Ministerio del Interior / portal oficial de datos abiertos,PRIMARY_OFFICIAL
2016,2016-06-26,1 - Araba/Álava,EN COMÚ PODEM-GUANYEM EL CANVI - ECP,0,0,Ministerio del Interior / portal oficial de datos abiertos,PRIMARY_OFFICIAL
2016,2016-06-26,1 - Araba/Álava,EN MAREA - PODEMOS-EN MAREA-ANOVA-EU,0,0,Ministerio del Interior / portal oficial de datos abiertos,PRIMARY_OFFICIAL
2016,2016-06-26,1 - Araba/Álava,ENTABAN - ENTABAN,0,0,Ministerio del Interior / portal oficial de datos abiertos,PRIMARY_OFFICIAL
2016,2016-06-26,1 - Araba/Álava,ESCANOS EN BRANCO - EB,0,0,Ministerio del Interior / portal oficial de datos abiertos,PRIMARY_OFFICIAL
2016,2016-06-26,1 - Araba/Álava,ESCAÑOS EN BLANCO - EB,0,0,Ministerio del Interior / portal oficial de datos abiertos,PRIMARY_OFFICIAL
2016,2016-06-26,1 - Araba/Álava,ESCAÑOS EN BLANCO-AULKI ZURIAK - EB-AZ,0,0,Ministerio del Interior / portal oficial de datos abiertos,PRIMARY_OFFICIAL
2016,2016-06-26,1 - Araba/Álava,ESQUERRA REPUBLICANA/CATALUNYA SÍ - ERC-CATSÍ,0,0,Ministerio del Interior / portal oficial de datos abiertos,PRIMARY_OFFICIAL
2016,2016-06-26,1 - Araba/Álava,EUSKAL HERRIA BILDU - EH Bildu,15858,0,Ministerio del Interior / portal oficial de datos abiertos,PRIMARY_OFFICIAL
2016,2016-06-26,1 - Araba/Álava,EUZKO ALDERDI JELTZALEA-PARTIDO NACIONALISTA VASCO - EAJ-PNV,26703,1,Ministerio del Interior / portal oficial de datos abiertos,PRIMARY_OFFICIAL
2016,2016-06-26,1 - Araba/Álava,FALANGE ESPAÑOLA DE LAS JONS - FE de las J,0,0,Ministerio del Interior / portal oficial de datos abiertos,PRIMARY_OFFICIAL
2016,2016-06-26,1 - Araba/Álava,FAMILIA Y VIDA - PFyV,0,0,Ministerio del Interior / portal oficial de datos abiertos,PRIMARY_OFFICIAL
2016,2016-06-26,1 - Araba/Álava,GEROA BAI - GBAI,0,0,Ministerio del Interior / portal oficial de datos abiertos,PRIMARY_OFFICIAL
2016,2016-06-26,1 - Araba/Álava,HEGOALDE RIOJA-LIBERTAD NAVARRA - HRTS-Ln,0,0,Ministerio del Interior / portal oficial de datos abiertos,PRIMARY_OFFICIAL
2016,2016-06-26,1 - Araba/Álava,INDEPENDIENTES POR ARAGÓN - INDEPENDIEN,0,0,Ministerio del Interior / portal oficial de datos abiertos,PRIMARY_OFFICIAL
2016,2016-06-26,1 - Araba/Álava,INICIATIVA MERINDADES DE CASTILLA - IMC,0,0,Ministerio del Interior / portal oficial de datos abiertos,PRIMARY_OFFICIAL
2016,2016-06-26,1 - Araba/Álava,IZQUIERDA ANTICAPITALISTA REVOLUCIONARIA - IZAR,0,0,Ministerio del Interior / portal oficial de datos abiertos,PRIMARY_OFFICIAL
2016,2016-06-26,1 - Araba/Álava,JUNTOS POR CANARIAS - JXC,0,0,Ministerio del Interior / portal oficial de datos abiertos,PRIMARY_OFFICIAL
2016,2016-06-26,1 - Araba/Álava,LA FALANGE - FE,0,0,Ministerio del Interior / portal oficial de datos abiertos,PRIMARY_OFFICIAL
2016,2016-06-26,1 - Araba/Álava,LA FUERZA DE LOS MAYORES DE ESPAÑA - FME,0,0,Ministerio del Interior / portal oficial de datos abiertos,PRIMARY_OFFICIAL
2016,2016-06-26,1 - Araba/Álava,"LIBERTAD NAVARRA, LIBERTATE NAFARRA - Ln",74,0,Ministerio del Interior / portal oficial de datos abiertos,PRIMARY_OFFICIAL
2016,2016-06-26,1 - Araba/Álava,LOS VERDES-ECOPACIFISTAS - CENTRO MODERADO,0,0,Ministerio del Interior / portal oficial de datos abiertos,PRIMARY_OFFICIAL
2016,2016-06-26,1 - Araba/Álava,MOVIMIENTO ARAGONÉS SOCIAL - MAS,0,0,Ministerio del Interior / portal oficial de datos abiertos,PRIMARY_OFFICIAL
2016,2016-06-26,1 - Araba/Álava,PARTIDO ANIMALISTA CONTRA EL MALTRATO ANIMAL - PACMA,1657,0,Ministerio del Interior / portal oficial de datos abiertos,PRIMARY_OFFICIAL
2016,2016-06-26,1 - Araba/Álava,PARTIDO ANIMALISTA CONTRA O MALTRATO ANIMAL - PACMA,0,0,Ministerio del Interior / portal oficial de datos abiertos,PRIMARY_OFFICIAL
2016,2016-06-26,1 - Araba/Álava,PARTIDO COMUNISTA DE LOS PUEBLOS DE ESPAÑA - PCPE,211,0,Ministerio del Interior / portal oficial de datos abiertos,PRIMARY_OFFICIAL
2016,2016-06-26,1 - Araba/Álava,PARTIDO COMUNISTA DEL PUEBLO CANARIO - PCPC,0,0,Ministerio del Interior / portal oficial de datos abiertos,PRIMARY_OFFICIAL
2016,2016-06-26,1 - Araba/Álava,PARTIDO COMUNISTA OBRERO ESPAÑOL - PCOE,0,0,Ministerio del Interior / portal oficial de datos abiertos,PRIMARY_OFFICIAL
2016,2016-06-26,1 - Araba/Álava,PARTIDO DOS SOCIALISTAS DE GALICIA-PSOE - PSdeG-PSOE,0,0,Ministerio del Interior / portal oficial de datos abiertos,PRIMARY_OFFICIAL
2016,2016-06-26,1 - Araba/Álava,PARTIDO HUMANISTA - PH,0,0,Ministerio del Interior / portal oficial de datos abiertos,PRIMARY_OFFICIAL
2016,2016-06-26,1 - Araba/Álava,PARTIDO LIBERTARIO - P-LIB,0,0,Ministerio del Interior / portal oficial de datos abiertos,PRIMARY_OFFICIAL
2016,2016-06-26,1 - Araba/Álava,PARTIDO POPULAR - PP,34276,1,Ministerio del Interior / portal oficial de datos abiertos,PRIMARY_OFFICIAL
2016,2016-06-26,1 - Araba/Álava,PARTIDO POPULAR EN COALICIÓN CON EL PARTIDO ARAGON - PP-PAR,0,0,Ministerio del Interior / portal oficial de datos abiertos,PRIMARY_OFFICIAL
2016,2016-06-26,1 - Araba/Álava,PARTIDO POPULAR-FORO - PP-FORO,0,0,Ministerio del Interior / portal oficial de datos abiertos,PRIMARY_OFFICIAL
2016,2016-06-26,1 - Araba/Álava,PARTIDO POPULAR/PARTIT POPULAR - PP,0,0,Ministerio del Interior / portal oficial de datos abiertos,PRIMARY_OFFICIAL
2016,2016-06-26,1 - Araba/Álava,PARTIDO REGIONALISTA DEL PAÍS LEONÉS - PREPAL,0,0,Ministerio del Interior / portal oficial de datos abiertos,PRIMARY_OFFICIAL
2016,2016-06-26,1 - Araba/Álava,PARTIDO SOCIALISTA DE EUSKADI-EUSKADIKO EZKERRA(PSOE) - PSE-EE (PSOE),26381,1,Ministerio del Interior / portal oficial de datos abiertos,PRIMARY_OFFICIAL
2016,2016-06-26,1 - Araba/Álava,PARTIDO SOCIALISTA OBRERO ESPAÑOL - PSOE,0,0,Ministerio del Interior / portal oficial de datos abiertos,PRIMARY_OFFICIAL
2016,2016-06-26,1 - Araba/Álava,PARTIDO SOCIALISTA OBRERO ESPAÑOL-NUEVA CANARIAS - PSOE-NCa,0,0,Ministerio del Interior / portal oficial de datos abiertos,PRIMARY_OFFICIAL
2016,2016-06-26,1 - Araba/Álava,PARTIDO SOMOS ANDALUCES POR ANDALUCÍA Y LOS PUEBLO - AND,0,0,Ministerio del Interior / portal oficial de datos abiertos,PRIMARY_OFFICIAL
2016,2016-06-26,1 - Araba/Álava,PARTIDO UNIONISTA ESTADO DE ESPAÑA - PUEDE,0,0,Ministerio del Interior / portal oficial de datos abiertos,PRIMARY_OFFICIAL
2016,2016-06-26,1 - Araba/Álava,PARTIT ANIMALISTA CONTRA EL MALTRACTAMENT ANIMAL - PACMA,0,0,Ministerio del Interior / portal oficial de datos abiertos,PRIMARY_OFFICIAL
2016,2016-06-26,1 - Araba/Álava,PARTIT COMUNISTA DEL POBLE DE CATALUNYA - PCPC,0,0,Ministerio del Interior / portal oficial de datos abiertos,PRIMARY_OFFICIAL
2016,2016-06-26,1 - Araba/Álava,PARTIT COMUNISTA DELS POBLES D'ESPANYA - PCPE,0,0,Ministerio del Interior / portal oficial de datos abiertos,PRIMARY_OFFICIAL
2016,2016-06-26,1 - Araba/Álava,PARTIT DELS SOCIALISTES DE CATALUNYA - PSC-PSOE,0,0,Ministerio del Interior / portal oficial de datos abiertos,PRIMARY_OFFICIAL
2016,2016-06-26,1 - Araba/Álava,PLATAFORMA PER CATALUNYA - PxC,0,0,Ministerio del Interior / portal oficial de datos abiertos,PRIMARY_OFFICIAL
2016,2016-06-26,1 - Araba/Álava,RECORTES CERO-GRUPO VERDE - RECORTES CERO-GRUPO VERDE,599,0,Ministerio del Interior / portal oficial de datos abiertos,PRIMARY_OFFICIAL
2016,2016-06-26,1 - Araba/Álava,RENOVACIO POLITICA - REPO,0,0,Ministerio del Interior / portal oficial de datos abiertos,PRIMARY_OFFICIAL
2016,2016-06-26,1 - Araba/Álava,SOBIRANIA PER A LES ILLES - SI,0,0,Ministerio del Interior / portal oficial de datos abiertos,PRIMARY_OFFICIAL
2016,2016-06-26,1 - Araba/Álava,SOLIDARIDAD Y AUTOGESTIÓN INTERNACIONALISTA - SAIn,0,0,Ministerio del Interior / portal oficial de datos abiertos,PRIMARY_OFFICIAL
2016,2016-06-26,1 - Araba/Álava,SOM VALENCIANS - SOMVAL,0,0,Ministerio del Interior / portal oficial de datos abiertos,PRIMARY_OFFICIAL
2016,2016-06-26,1 - Araba/Álava,UNIDAD DEL PUEBLO - UNIDAD DEL PUEBLO,0,0,Ministerio del Interior / portal oficial de datos abiertos,PRIMARY_OFFICIAL
2016,2016-06-26,1 - Araba/Álava,UNIDOS PODEMOS - PODEMOS-IU-EQUO,0,0,Ministerio del Interior / portal oficial de datos abiertos,PRIMARY_OFFICIAL
2016,2016-06-26,1 - Araba/Álava,UNIDOS PODEMOS - PODEMOS-IU-EQUO-CLIAS,0,0,Ministerio del Interior / portal oficial de datos abiertos,PRIMARY_OFFICIAL
2016,2016-06-26,1 - Araba/Álava,UNIDOS PODEMOS - PODEMOS-IU-EQUO-IZCA,0,0,Ministerio del Interior / portal oficial de datos abiertos,PRIMARY_OFFICIAL
2016,2016-06-26,1 - Araba/Álava,UNIDOS PODEMOS - PODEMOS-IU-EQUO-SEGOVIEMOS,0,0,Ministerio del Interior / portal oficial de datos abiertos,PRIMARY_OFFICIAL
2016,2016-06-26,1 - Araba/Álava,UNIDOS PODEMOS - UNIDOS PODEMOS,0,0,Ministerio del Interior / portal oficial de datos abiertos,PRIMARY_OFFICIAL
2016,2016-06-26,1 - Araba/Álava,UNIDOS PODEMOS EN ALTO ARAGÓN - PODEMOS-IU-,0,0,Ministerio del Interior / portal oficial de datos abiertos,PRIMARY_OFFICIAL
2016,2016-06-26,1 - Araba/Álava,UNIDOS PODEMOS EN ARAGÓN - PODEMOS-IU-,0,0,Ministerio del Interior / portal oficial de datos abiertos,PRIMARY_OFFICIAL
2016,2016-06-26,1 - Araba/Álava,UNIDOS PODEMOS POR ANDALUCÍA - PODEMOS-IU-,0,0,Ministerio del Interior / portal oficial de datos abiertos,PRIMARY_OFFICIAL
2016,2016-06-26,1 - Araba/Álava,UNIDOS PODEMOS-ELKARREKIN AHAL DUGU - PODEMOS-IU-EQUO-BATZARRE,0,0,Ministerio del Interior / portal oficial de datos abiertos,PRIMARY_OFFICIAL
2016,2016-06-26,1 - Araba/Álava,UNIDOS PODEMOS/ELKARREKIN AHAL DUGU - PODEMOS/AHAL DUGU-IU-EQUO,51827,1,Ministerio del Interior / portal oficial de datos abiertos,PRIMARY_OFFICIAL
2016,2016-06-26,1 - Araba/Álava,UNIDOS PODEMOS/XUNÍOS PODEMOS - PODEMOS-IU-,0,0,Ministerio del Interior / portal oficial de datos abiertos,PRIMARY_OFFICIAL
2016,2016-06-26,1 - Araba/Álava,UNITS PODEM MÉS - PODEMOS-EUI,0,0,Ministerio del Interior / portal oficial de datos abiertos,PRIMARY_OFFICIAL
2016,2016-06-26,1 - Araba/Álava,UNIÓN DE TODOS - UDT,0,0,Ministerio del Interior / portal oficial de datos abiertos,PRIMARY_OFFICIAL
2016,2016-06-26,1 - Araba/Álava,UNIÓN DEL PUEBLO LEONÉS - UPL,0,0,Ministerio del Interior / portal oficial de datos abiertos,PRIMARY_OFFICIAL
2016,2016-06-26,1 - Araba/Álava,UNIÓN DEL PUEBLO NAVARRO EN COALICIÓN CON EL PARTI - UPN-PP,0,0,Ministerio del Interior / portal oficial de datos abiertos,PRIMARY_OFFICIAL
2016,2016-06-26,1 - Araba/Álava,UNIÓN PROGRESO Y DEMOCRACIA - UPyD,298,0,Ministerio del Interior / portal oficial de datos abiertos,PRIMARY_OFFICIAL
2016,2016-06-26,1 - Araba/Álava,VOX - VOX,306,0,Ministerio del Interior / portal oficial de datos abiertos,PRIMARY_OFFICIAL
2016,2016-06-26,10 - Cáceres,ALIANZA DE CENTRO DEMOCRÁTICO - ALCD,0,0,Ministerio del Interior / portal oficial de datos abiertos,PRIMARY_OFFICIAL
2016,2016-06-26,10 - Cáceres,BNG-NÓS CANDIDATURA GALEGA - BNG-NÓS,0,0,Ministerio del Interior / portal oficial de datos abiertos,PRIMARY_OFFICIAL
2016,2016-06-26,10 - Cáceres,CIUDADANOS DE CENTRO DEMOCRÁTICO - CCD,0,0,Ministerio del Interior / portal oficial de datos abiertos,PRIMARY_OFFICIAL
2016,2016-06-26,10 - Cáceres,CIUDADANOS DE CENTRO DEMOCRÁTICO-CANDIDATURA INDEP - CCD-CI,0,0,Ministerio del Interior / portal oficial de datos abiertos,PRIMARY_OFFICIAL
2016,2016-06-26,10 - Cáceres,CIUDADANOS LIBRES UNIDOS - CILUS,0,0,Ministerio del Interior / portal oficial de datos abiertos,PRIMARY_OFFICIAL
2016,2016-06-26,10 - Cáceres,CIUDADANOS-PARTIDO DE LA CIUDADANÍA - C's,24343,0,Ministerio del Interior / portal oficial de datos abiertos,PRIMARY_OFFICIAL
2016,2016-06-26,10 - Cáceres,"CIUTADANS, PARTIDO DE LA CIUDADANÍA - C's",0,0,Ministerio del Interior / portal oficial de datos abiertos,PRIMARY_OFFICIAL
2016,2016-06-26,10 - Cáceres,CIUTADANS-PARTIDO DE LA CIUDADANÍA - C's,0,0,Ministerio del Interior / portal oficial de datos abiertos,PRIMARY_OFFICIAL
2016,2016-06-26,10 - Cáceres,COALICIÓN CANARIA-PARTIDO NACIONALISTA CANARIO - CCa-PNC,0,0,Ministerio del Interior / portal oficial de datos abiertos,PRIMARY_OFFICIAL
2016,2016-06-26,10 - Cáceres,COMPROMÍS-PODEMOS-EUPV: A LA VALENCIANA - PODEMOS-COM,0,0,Ministerio del Interior / portal oficial de datos abiertos,PRIMARY_OFFICIAL
2016,2016-06-26,10 - Cáceres,COMUNISTAS DA GALIZA - PCPE,0,0,Ministerio del Interior / portal oficial de datos abiertos,PRIMARY_OFFICIAL
2016,2016-06-26,10 - Cáceres,COMUNISTAS DA GALIZA-PCPE - PCPE,0,0,Ministerio del Interior / portal oficial de datos abiertos,PRIMARY_OFFICIAL
2016,2016-06-26,10 - Cáceres,CONVERGÈNCIA DEMOCRÀTICA DE CATALUNYA - CDC,0,0,Ministerio del Interior / portal oficial de datos abiertos,PRIMARY_OFFICIAL
2016,2016-06-26,10 - Cáceres,EN COMÚ PODEM-GUANYEM EL CANVI - ECP,0,0,Ministerio del Interior / portal oficial de datos abiertos,PRIMARY_OFFICIAL
2016,2016-06-26,10 - Cáceres,EN MAREA - PODEMOS-EN MAREA-ANOVA-EU,0,0,Ministerio del Interior / portal oficial de datos abiertos,PRIMARY_OFFICIAL
2016,2016-06-26,10 - Cáceres,ENTABAN - ENTABAN,0,0,Ministerio del Interior / portal oficial de datos abiertos,PRIMARY_OFFICIAL
2016,2016-06-26,10 - Cáceres,ESCANOS EN BRANCO - EB,0,0,Ministerio del Interior / portal oficial de datos abiertos,PRIMARY_OFFICIAL
2016,2016-06-26,10 - Cáceres,ESCAÑOS EN BLANCO - EB,0,0,Ministerio del Interior / portal oficial de datos abiertos,PRIMARY_OFFICIAL
2016,2016-06-26,10 - Cáceres,ESCAÑOS EN BLANCO-AULKI ZURIAK - EB-AZ,0,0,Ministerio del Interior / portal oficial de datos abiertos,PRIMARY_OFFICIAL
2016,2016-06-26,10 - Cáceres,ESQUERRA REPUBLICANA/CATALUNYA SÍ - ERC-CATSÍ,0,0,Ministerio del Interior / portal oficial de datos abiertos,PRIMARY_OFFICIAL
2016,2016-06-26,10 - Cáceres,EUSKAL HERRIA BILDU - EH Bildu,0,0,Ministerio del Interior / portal oficial de datos abiertos,PRIMARY_OFFICIAL
2016,2016-06-26,10 - Cáceres,EUZKO ALDERDI JELTZALEA-PARTIDO NACIONALISTA VASCO - EAJ-PNV,0,0,Ministerio del Interior / portal oficial de datos abiertos,PRIMARY_OFFICIAL
2016,2016-06-26,10 - Cáceres,FALANGE ESPAÑOLA DE LAS JONS - FE de las J,0,0,Ministerio del Interior / portal oficial de datos abiertos,PRIMARY_OFFICIAL
2016,2016-06-26,10 - Cáceres,FAMILIA Y VIDA - PFyV,0,0,Ministerio del Interior / portal oficial de datos abiertos,PRIMARY_OFFICIAL
2016,2016-06-26,10 - Cáceres,GEROA BAI - GBAI,0,0,Ministerio del Interior / portal oficial de datos abiertos,PRIMARY_OFFICIAL
2016,2016-06-26,10 - Cáceres,HEGOALDE RIOJA-LIBERTAD NAVARRA - HRTS-Ln,0,0,Ministerio del Interior / portal oficial de datos abiertos,PRIMARY_OFFICIAL
2016,2016-06-26,10 - Cáceres,INDEPENDIENTES POR ARAGÓN - INDEPENDIEN,0,0,Ministerio del Interior / portal oficial de datos abiertos,PRIMARY_OFFICIAL
2016,2016-06-26,10 - Cáceres,INICIATIVA MERINDADES DE CASTILLA - IMC,0,0,Ministerio del Interior / portal oficial de datos abiertos,PRIMARY_OFFICIAL
2016,2016-06-26,10 - Cáceres,IZQUIERDA ANTICAPITALISTA REVOLUCIONARIA - IZAR,0,0,Ministerio del Interior / portal oficial de datos abiertos,PRIMARY_OFFICIAL
2016,2016-06-26,10 - Cáceres,JUNTOS POR CANARIAS - JXC,0,0,Ministerio del Interior / portal oficial de datos abiertos,PRIMARY_OFFICIAL
2016,2016-06-26,10 - Cáceres,LA FALANGE - FE,0,0,Ministerio del Interior / portal oficial de datos abiertos,PRIMARY_OFFICIAL
2016,2016-06-26,10 - Cáceres,LA FUERZA DE LOS MAYORES DE ESPAÑA - FME,0,0,Ministerio del Interior / portal oficial de datos abiertos,PRIMARY_OFFICIAL
2016,2016-06-26,10 - Cáceres,"LIBERTAD NAVARRA, LIBERTATE NAFARRA - Ln",0,0,Ministerio del Interior / portal oficial de datos abiertos,PRIMARY_OFFICIAL
2016,2016-06-26,10 - Cáceres,LOS VERDES-ECOPACIFISTAS - CENTRO MODERADO,0,0,Ministerio del Interior / portal oficial de datos abiertos,PRIMARY_OFFICIAL
2016,2016-06-26,10 - Cáceres,MOVIMIENTO ARAGONÉS SOCIAL - MAS,0,0,Ministerio del Interior / portal oficial de datos abiertos,PRIMARY_OFFICIAL
2016,2016-06-26,10 - Cáceres,PARTIDO ANIMALISTA CONTRA EL MALTRATO ANIMAL - PACMA,1690,0,Ministerio del Interior / portal oficial de datos abiertos,PRIMARY_OFFICIAL
2016,2016-06-26,10 - Cáceres,PARTIDO ANIMALISTA CONTRA O MALTRATO ANIMAL - PACMA,0,0,Ministerio del Interior / portal oficial de datos abiertos,PRIMARY_OFFICIAL
2016,2016-06-26,10 - Cáceres,PARTIDO COMUNISTA DE LOS PUEBLOS DE ESPAÑA - PCPE,0,0,Ministerio del Interior / portal oficial de datos abiertos,PRIMARY_OFFICIAL
2016,2016-06-26,10 - Cáceres,PARTIDO COMUNISTA DEL PUEBLO CANARIO - PCPC,0,0,Ministerio del Interior / portal oficial de datos abiertos,PRIMARY_OFFICIAL
2016,2016-06-26,10 - Cáceres,PARTIDO COMUNISTA OBRERO ESPAÑOL - PCOE,0,0,Ministerio del Interior / portal oficial de datos abiertos,PRIMARY_OFFICIAL
2016,2016-06-26,10 - Cáceres,PARTIDO DOS SOCIALISTAS DE GALICIA-PSOE - PSdeG-PSOE,0,0,Ministerio del Interior / portal oficial de datos abiertos,PRIMARY_OFFICIAL
2016,2016-06-26,10 - Cáceres,PARTIDO HUMANISTA - PH,0,0,Ministerio del Interior / portal oficial de datos abiertos,PRIMARY_OFFICIAL
2016,2016-06-26,10 - Cáceres,PARTIDO LIBERTARIO - P-LIB,0,0,Ministerio del Interior / portal oficial de datos abiertos,PRIMARY_OFFICIAL
2016,2016-06-26,10 - Cáceres,PARTIDO POPULAR - PP,95419,2,Ministerio del Interior / portal oficial de datos abiertos,PRIMARY_OFFICIAL
2016,2016-06-26,10 - Cáceres,PARTIDO POPULAR EN COALICIÓN CON EL PARTIDO ARAGON - PP-PAR,0,0,Ministerio del Interior / portal oficial de datos abiertos,PRIMARY_OFFICIAL
2016,2016-06-26,10 - Cáceres,PARTIDO POPULAR-FORO - PP-FORO,0,0,Ministerio del Interior / portal oficial de datos abiertos,PRIMARY_OFFICIAL
2016,2016-06-26,10 - Cáceres,PARTIDO POPULAR/PARTIT POPULAR - PP,0,0,Ministerio del Interior / portal oficial de datos abiertos,PRIMARY_OFFICIAL
2016,2016-06-26,10 - Cáceres,PARTIDO REGIONALISTA DEL PAÍS LEONÉS - PREPAL,0,0,Ministerio del Interior / portal oficial de datos abiertos,PRIMARY_OFFICIAL
2016,2016-06-26,10 - Cáceres,PARTIDO SOCIALISTA DE EUSKADI-EUSKADIKO EZKERRA(PSOE) - PSE-EE (PSOE),0,0,Ministerio del Interior / portal oficial de datos abiertos,PRIMARY_OFFICIAL
2016,2016-06-26,10 - Cáceres,PARTIDO SOCIALISTA OBRERO ESPAÑOL - PSOE,78767,2,Ministerio del Interior / portal oficial de datos abiertos,PRIMARY_OFFICIAL
2016,2016-06-26,10 - Cáceres,PARTIDO SOCIALISTA OBRERO ESPAÑOL-NUEVA CANARIAS - PSOE-NCa,0,0,Ministerio del Interior / portal oficial de datos abiertos,PRIMARY_OFFICIAL
2016,2016-06-26,10 - Cáceres,PARTIDO SOMOS ANDALUCES POR ANDALUCÍA Y LOS PUEBLO - AND,0,0,Ministerio del Interior / portal oficial de datos abiertos,PRIMARY_OFFICIAL
2016,2016-06-26,10 - Cáceres,PARTIDO UNIONISTA ESTADO DE ESPAÑA - PUEDE,0,0,Ministerio del Interior / portal oficial de datos abiertos,PRIMARY_OFFICIAL
2016,2016-06-26,10 - Cáceres,PARTIT ANIMALISTA CONTRA EL MALTRACTAMENT ANIMAL - PACMA,0,0,Ministerio del Interior / portal oficial de datos abiertos,PRIMARY_OFFICIAL
2016,2016-06-26,10 - Cáceres,PARTIT COMUNISTA DEL POBLE DE CATALUNYA - PCPC,0,0,Ministerio del Interior / portal oficial de datos abiertos,PRIMARY_OFFICIAL
2016,2016-06-26,10 - Cáceres,PARTIT COMUNISTA DELS POBLES D'ESPANYA - PCPE,0,0,Ministerio del Interior / portal oficial de datos abiertos,PRIMARY_OFFICIAL
2016,2016-06-26,10 - Cáceres,PARTIT DELS SOCIALISTES DE CATALUNYA - PSC-PSOE,0,0,Ministerio del Interior / portal oficial de datos abiertos,PRIMARY_OFFICIAL
2016,2016-06-26,10 - Cáceres,PLATAFORMA PER CATALUNYA - PxC,0,0,Ministerio del Interior / portal oficial de datos abiertos,PRIMARY_OFFICIAL
2016,2016-06-26,10 - Cáceres,RECORTES CERO-GRUPO VERDE - RECORTES CERO-GRUPO VERDE,459,0,Ministerio del Interior / portal oficial de datos abiertos,PRIMARY_OFFICIAL
2016,2016-06-26,10 - Cáceres,RENOVACIO POLITICA - REPO,0,0,Ministerio del Interior / portal oficial de datos abiertos,PRIMARY_OFFICIAL
2016,2016-06-26,10 - Cáceres,SOBIRANIA PER A LES ILLES - SI,0,0,Ministerio del Interior / portal oficial de datos abiertos,PRIMARY_OFFICIAL
2016,2016-06-26,10 - Cáceres,SOLIDARIDAD Y AUTOGESTIÓN INTERNACIONALISTA - SAIn,0,0,Ministerio del Interior / portal oficial de datos abiertos,PRIMARY_OFFICIAL
2016,2016-06-26,10 - Cáceres,SOM VALENCIANS - SOMVAL,0,0,Ministerio del Interior / portal oficial de datos abiertos,PRIMARY_OFFICIAL
2016,2016-06-26,10 - Cáceres,UNIDAD DEL PUEBLO - UNIDAD DEL PUEBLO,0,0,Ministerio del Interior / portal oficial de datos abiertos,PRIMARY_OFFICIAL
2016,2016-06-26,10 - Cáceres,UNIDOS PODEMOS - PODEMOS-IU-EQUO,33164,0,Ministerio del Interior / portal oficial de datos abiertos,PRIMARY_OFFICIAL
2016,2016-06-26,10 - Cáceres,UNIDOS PODEMOS - PODEMOS-IU-EQUO-CLIAS,0,0,Ministerio del Interior / portal oficial de datos abiertos,PRIMARY_OFFICIAL
2016,2016-06-26,10 - Cáceres,UNIDOS PODEMOS - PODEMOS-IU-EQUO-IZCA,0,0,Ministerio del Interior / portal oficial de datos abiertos,PRIMARY_OFFICIAL
2016,2016-06-26,10 - Cáceres,UNIDOS PODEMOS - PODEMOS-IU-EQUO-SEGOVIEMOS,0,0,Ministerio del Interior / portal oficial de datos abiertos,PRIMARY_OFFICIAL
2016,2016-06-26,10 - Cáceres,UNIDOS PODEMOS - UNIDOS PODEMOS,0,0,Ministerio del Interior / portal oficial de datos abiertos,PRIMARY_OFFICIAL
2016,2016-06-26,10 - Cáceres,UNIDOS PODEMOS EN ALTO ARAGÓN - PODEMOS-IU-,0,0,Ministerio del Interior / portal oficial de datos abiertos,PRIMARY_OFFICIAL
2016,2016-06-26,10 - Cáceres,UNIDOS PODEMOS EN ARAGÓN - PODEMOS-IU-,0,0,Ministerio del Interior / portal oficial de datos abiertos,PRIMARY_OFFICIAL
2016,2016-06-26,10 - Cáceres,UNIDOS PODEMOS POR ANDALUCÍA - PODEMOS-IU-,0,0,Ministerio del Interior / portal oficial de datos abiertos,PRIMARY_OFFICIAL
2016,2016-06-26,10 - Cáceres,UNIDOS PODEMOS-ELKARREKIN AHAL DUGU - PODEMOS-IU-EQUO-BATZARRE,0,0,Ministerio del Interior / portal oficial de datos abiertos,PRIMARY_OFFICIAL
2016,2016-06-26,10 - Cáceres,UNIDOS PODEMOS/ELKARREKIN AHAL DUGU - PODEMOS/AHAL DUGU-IU-EQUO,0,0,Ministerio del Interior / portal oficial de datos abiertos,PRIMARY_OFFICIAL
2016,2016-06-26,10 - Cáceres,UNIDOS PODEMOS/XUNÍOS PODEMOS - PODEMOS-IU-,0,0,Ministerio del Interior / portal oficial de datos abiertos,PRIMARY_OFFICIAL
2016,2016-06-26,10 - Cáceres,UNITS PODEM MÉS - PODEMOS-EUI,0,0,Ministerio del Interior / portal oficial de datos abiertos,PRIMARY_OFFICIAL
2016,2016-06-26,10 - Cáceres,UNIÓN DE TODOS - UDT,0,0,Ministerio del Interior / portal oficial de datos abiertos,PRIMARY_OFFICIAL
2016,2016-06-26,10 - Cáceres,UNIÓN DEL PUEBLO LEONÉS - UPL,0,0,Ministerio del Interior / portal oficial de datos abiertos,PRIMARY_OFFICIAL
2016,2016-06-26,10 - Cáceres,UNIÓN DEL PUEBLO NAVARRO EN COALICIÓN CON EL PARTI - UPN-PP,0,0,Ministerio del Interior / portal oficial de datos abiertos,PRIMARY_OFFICIAL
2016,2016-06-26,10 - Cáceres,UNIÓN PROGRESO Y DEMOCRACIA - UPyD,415,0,Ministerio del Interior / portal oficial de datos abiertos,PRIMARY_OFFICIAL
2016,2016-06-26,10 - Cáceres,VOX - VOX,409,0,Ministerio del Interior / portal oficial de datos abiertos,PRIMARY_OFFICIAL
2016,2016-06-26,11 - Cádiz,ALIANZA DE CENTRO DEMOCRÁTICO - ALCD,0,0,Ministerio del Interior / portal oficial de datos abiertos,PRIMARY_OFFICIAL
2016,2016-06-26,11 - Cádiz,BNG-NÓS CANDIDATURA GALEGA - BNG-NÓS,0,0,Ministerio del Interior / portal oficial de datos abiertos,PRIMARY_OFFICIAL
2016,2016-06-26,11 - Cádiz,CIUDADANOS DE CENTRO DEMOCRÁTICO - CCD,0,0,Ministerio del Interior / portal oficial de datos abiertos,PRIMARY_OFFICIAL
2016,2016-06-26,11 - Cádiz,CIUDADANOS DE CENTRO DEMOCRÁTICO-CANDIDATURA INDEP - CCD-CI,0,0,Ministerio del Interior / portal oficial de datos abiertos,PRIMARY_OFFICIAL
2016,2016-06-26,11 - Cádiz,CIUDADANOS LIBRES UNIDOS - CILUS,0,0,Ministerio del Interior / portal oficial de datos abiertos,PRIMARY_OFFICIAL
2016,2016-06-26,11 - Cádiz,CIUDADANOS-PARTIDO DE LA CIUDADANÍA - C's,88029,1,Ministerio del Interior / portal oficial de datos abiertos,PRIMARY_OFFICIAL
2016,2016-06-26,11 - Cádiz,"CIUTADANS, PARTIDO DE LA CIUDADANÍA - C's",0,0,Ministerio del Interior / portal oficial de datos abiertos,PRIMARY_OFFICIAL
2016,2016-06-26,11 - Cádiz,CIUTADANS-PARTIDO DE LA CIUDADANÍA - C's,0,0,Ministerio del Interior / portal oficial de datos abiertos,PRIMARY_OFFICIAL
2016,2016-06-26,11 - Cádiz,COALICIÓN CANARIA-PARTIDO NACIONALISTA CANARIO - CCa-PNC,0,0,Ministerio del Interior / portal oficial de datos abiertos,PRIMARY_OFFICIAL
2016,2016-06-26,11 - Cádiz,COMPROMÍS-PODEMOS-EUPV: A LA VALENCIANA - PODEMOS-COM,0,0,Ministerio del Interior / portal oficial de datos abiertos,PRIMARY_OFFICIAL
2016,2016-06-26,11 - Cádiz,COMUNISTAS DA GALIZA - PCPE,0,0,Ministerio del Interior / portal oficial de datos abiertos,PRIMARY_OFFICIAL
2016,2016-06-26,11 - Cádiz,COMUNISTAS DA GALIZA-PCPE - PCPE,0,0,Ministerio del Interior / portal oficial de datos abiertos,PRIMARY_OFFICIAL
2016,2016-06-26,11 - Cádiz,CONVERGÈNCIA DEMOCRÀTICA DE CATALUNYA - CDC,0,0,Ministerio del Interior / portal oficial de datos abiertos,PRIMARY_OFFICIAL
2016,2016-06-26,11 - Cádiz,EN COMÚ PODEM-GUANYEM EL CANVI - ECP,0,0,Ministerio del Interior / portal oficial de datos abiertos,PRIMARY_OFFICIAL
2016,2016-06-26,11 - Cádiz,EN MAREA - PODEMOS-EN MAREA-ANOVA-EU,0,0,Ministerio del Interior / portal oficial de datos abiertos,PRIMARY_OFFICIAL
2016,2016-06-26,11 - Cádiz,ENTABAN - ENTABAN,0,0,Ministerio del Interior / portal oficial de datos abiertos,PRIMARY_OFFICIAL
2016,2016-06-26,11 - Cádiz,ESCANOS EN BRANCO - EB,0,0,Ministerio del Interior / portal oficial de datos abiertos,PRIMARY_OFFICIAL
2016,2016-06-26,11 - Cádiz,ESCAÑOS EN BLANCO - EB,0,0,Ministerio del Interior / portal oficial de datos abiertos,PRIMARY_OFFICIAL
2016,2016-06-26,11 - Cádiz,ESCAÑOS EN BLANCO-AULKI ZURIAK - EB-AZ,0,0,Ministerio del Interior / portal oficial de datos abiertos,PRIMARY_OFFICIAL
2016,2016-06-26,11 - Cádiz,ESQUERRA REPUBLICANA/CATALUNYA SÍ - ERC-CATSÍ,0,0,Ministerio del Interior / portal oficial de datos abiertos,PRIMARY_OFFICIAL
2016,2016-06-26,11 - Cádiz,EUSKAL HERRIA BILDU - EH Bildu,0,0,Ministerio del Interior / portal oficial de datos abiertos,PRIMARY_OFFICIAL
2016,2016-06-26,11 - Cádiz,EUZKO ALDERDI JELTZALEA-PARTIDO NACIONALISTA VASCO - EAJ-PNV,0,0,Ministerio del Interior / portal oficial de datos abiertos,PRIMARY_OFFICIAL
2016,2016-06-26,11 - Cádiz,FALANGE ESPAÑOLA DE LAS JONS - FE de las J,472,0,Ministerio del Interior / portal oficial de datos abiertos,PRIMARY_OFFICIAL
2016,2016-06-26,11 - Cádiz,FAMILIA Y VIDA - PFyV,0,0,Ministerio del Interior / portal oficial de datos abiertos,PRIMARY_OFFICIAL
2016,2016-06-26,11 - Cádiz,GEROA BAI - GBAI,0,0,Ministerio del Interior / portal oficial de datos abiertos,PRIMARY_OFFICIAL
2016,2016-06-26,11 - Cádiz,HEGOALDE RIOJA-LIBERTAD NAVARRA - HRTS-Ln,0,0,Ministerio del Interior / portal oficial de datos abiertos,PRIMARY_OFFICIAL
2016,2016-06-26,11 - Cádiz,INDEPENDIENTES POR ARAGÓN - INDEPENDIEN,0,0,Ministerio del Interior / portal oficial de datos abiertos,PRIMARY_OFFICIAL
2016,2016-06-26,11 - Cádiz,INICIATIVA MERINDADES DE CASTILLA - IMC,0,0,Ministerio del Interior / portal oficial de datos abiertos,PRIMARY_OFFICIAL
2016,2016-06-26,11 - Cádiz,IZQUIERDA ANTICAPITALISTA REVOLUCIONARIA - IZAR,0,0,Ministerio del Interior / portal oficial de datos abiertos,PRIMARY_OFFICIAL
2016,2016-06-26,11 - Cádiz,JUNTOS POR CANARIAS - JXC,0,0,Ministerio del Interior / portal oficial de datos abiertos,PRIMARY_OFFICIAL
2016,2016-06-26,11 - Cádiz,LA FALANGE - FE,0,0,Ministerio del Interior / portal oficial de datos abiertos,PRIMARY_OFFICIAL
2016,2016-06-26,11 - Cádiz,LA FUERZA DE LOS MAYORES DE ESPAÑA - FME,0,0,Ministerio del Interior / portal oficial de datos abiertos,PRIMARY_OFFICIAL
2016,2016-06-26,11 - Cádiz,"LIBERTAD NAVARRA, LIBERTATE NAFARRA - Ln",0,0,Ministerio del Interior / portal oficial de datos abiertos,PRIMARY_OFFICIAL
2016,2016-06-26,11 - Cádiz,LOS VERDES-ECOPACIFISTAS - CENTRO MODERADO,0,0,Ministerio del Interior / portal oficial de datos abiertos,PRIMARY_OFFICIAL
2016,2016-06-26,11 - Cádiz,MOVIMIENTO ARAGONÉS SOCIAL - MAS,0,0,Ministerio del Interior / portal oficial de datos abiertos,PRIMARY_OFFICIAL
2016,2016-06-26,11 - Cádiz,PARTIDO ANIMALISTA CONTRA EL MALTRATO ANIMAL - PACMA,9719,0,Ministerio del Interior / portal oficial de datos abiertos,PRIMARY_OFFICIAL
2016,2016-06-26,11 - Cádiz,PARTIDO ANIMALISTA CONTRA O MALTRATO ANIMAL - PACMA,0,0,Ministerio del Interior / portal oficial de datos abiertos,PRIMARY_OFFICIAL
2016,2016-06-26,11 - Cádiz,PARTIDO COMUNISTA DE LOS PUEBLOS DE ESPAÑA - PCPE,767,0,Ministerio del Interior / portal oficial de datos abiertos,PRIMARY_OFFICIAL
2016,2016-06-26,11 - Cádiz,PARTIDO COMUNISTA DEL PUEBLO CANARIO - PCPC,0,0,Ministerio del Interior / portal oficial de datos abiertos,PRIMARY_OFFICIAL
2016,2016-06-26,11 - Cádiz,PARTIDO COMUNISTA OBRERO ESPAÑOL - PCOE,0,0,Ministerio del Interior / portal oficial de datos abiertos,PRIMARY_OFFICIAL
2016,2016-06-26,11 - Cádiz,PARTIDO DOS SOCIALISTAS DE GALICIA-PSOE - PSdeG-PSOE,0,0,Ministerio del Interior / portal oficial de datos abiertos,PRIMARY_OFFICIAL
2016,2016-06-26,11 - Cádiz,PARTIDO HUMANISTA - PH,0,0,Ministerio del Interior / portal oficial de datos abiertos,PRIMARY_OFFICIAL
2016,2016-06-26,11 - Cádiz,PARTIDO LIBERTARIO - P-LIB,393,0,Ministerio del Interior / portal oficial de datos abiertos,PRIMARY_OFFICIAL
2016,2016-06-26,11 - Cádiz,PARTIDO POPULAR - PP,198876,3,Ministerio del Interior / portal oficial de datos abiertos,PRIMARY_OFFICIAL
2016,2016-06-26,11 - Cádiz,PARTIDO POPULAR EN COALICIÓN CON EL PARTIDO ARAGON - PP-PAR,0,0,Ministerio del Interior / portal oficial de datos abiertos,PRIMARY_OFFICIAL
2016,2016-06-26,11 - Cádiz,PARTIDO POPULAR-FORO - PP-FORO,0,0,Ministerio del Interior / portal oficial de datos abiertos,PRIMARY_OFFICIAL
2016,2016-06-26,11 - Cádiz,PARTIDO POPULAR/PARTIT POPULAR - PP,0,0,Ministerio del Interior / portal oficial de datos abiertos,PRIMARY_OFFICIAL
2016,2016-06-26,11 - Cádiz,PARTIDO REGIONALISTA DEL PAÍS LEONÉS - PREPAL,0,0,Ministerio del Interior / portal oficial de datos abiertos,PRIMARY_OFFICIAL
2016,2016-06-26,11 - Cádiz,PARTIDO SOCIALISTA DE EUSKADI-EUSKADIKO EZKERRA(PSOE) - PSE-EE (PSOE),0,0,Ministerio del Interior / portal oficial de datos abiertos,PRIMARY_OFFICIAL
2016,2016-06-26,11 - Cádiz,PARTIDO SOCIALISTA OBRERO ESPAÑOL - PSOE,175498,3,Ministerio del Interior / portal oficial de datos abiertos,PRIMARY_OFFICIAL
2016,2016-06-26,11 - Cádiz,PARTIDO SOCIALISTA OBRERO ESPAÑOL-NUEVA CANARIAS - PSOE-NCa,0,0,Ministerio del Interior / portal oficial de datos abiertos,PRIMARY_OFFICIAL
2016,2016-06-26,11 - Cádiz,PARTIDO SOMOS ANDALUCES POR ANDALUCÍA Y LOS PUEBLO - AND,0,0,Ministerio del Interior / portal oficial de datos abiertos,PRIMARY_OFFICIAL
2016,2016-06-26,11 - Cádiz,PARTIDO UNIONISTA ESTADO DE ESPAÑA - PUEDE,0,0,Ministerio del Interior / portal oficial de datos abiertos,PRIMARY_OFFICIAL
2016,2016-06-26,11 - Cádiz,PARTIT ANIMALISTA CONTRA EL MALTRACTAMENT ANIMAL - PACMA,0,0,Ministerio del Interior / portal oficial de datos abiertos,PRIMARY_OFFICIAL
2016,2016-06-26,11 - Cádiz,PARTIT COMUNISTA DEL POBLE DE CATALUNYA - PCPC,0,0,Ministerio del Interior / portal oficial de datos abiertos,PRIMARY_OFFICIAL
2016,2016-06-26,11 - Cádiz,PARTIT COMUNISTA DELS POBLES D'ESPANYA - PCPE,0,0,Ministerio del Interior / portal oficial de datos abiertos,PRIMARY_OFFICIAL
2016,2016-06-26,11 - Cádiz,PARTIT DELS SOCIALISTES DE CATALUNYA - PSC-PSOE,0,0,Ministerio del Interior / portal oficial de datos abiertos,PRIMARY_OFFICIAL
2016,2016-06-26,11 - Cádiz,PLATAFORMA PER CATALUNYA - PxC,0,0,Ministerio del Interior / portal oficial de datos abiertos,PRIMARY_OFFICIAL
2016,2016-06-26,11 - Cádiz,RECORTES CERO-GRUPO VERDE - RECORTES CERO-GRUPO VERDE,1417,0,Ministerio del Interior / portal oficial de datos abiertos,PRIMARY_OFFICIAL
2016,2016-06-26,11 - Cádiz,RENOVACIO POLITICA - REPO,0,0,Ministerio del Interior / portal oficial de datos abiertos,PRIMARY_OFFICIAL
2016,2016-06-26,11 - Cádiz,SOBIRANIA PER A LES ILLES - SI,0,0,Ministerio del Interior / portal oficial de datos abiertos,PRIMARY_OFFICIAL
2016,2016-06-26,11 - Cádiz,SOLIDARIDAD Y AUTOGESTIÓN INTERNACIONALISTA - SAIn,0,0,Ministerio del Interior / portal oficial de datos abiertos,PRIMARY_OFFICIAL
2016,2016-06-26,11 - Cádiz,SOM VALENCIANS - SOMVAL,0,0,Ministerio del Interior / portal oficial de datos abiertos,PRIMARY_OFFICIAL
2016,2016-06-26,11 - Cádiz,UNIDAD DEL PUEBLO - UNIDAD DEL PUEBLO,0,0,Ministerio del Interior / portal oficial de datos abiertos,PRIMARY_OFFICIAL
2016,2016-06-26,11 - Cádiz,UNIDOS PODEMOS - PODEMOS-IU-EQUO,0,0,Ministerio del Interior / portal oficial de datos abiertos,PRIMARY_OFFICIAL
2016,2016-06-26,11 - Cádiz,UNIDOS PODEMOS - PODEMOS-IU-EQUO-CLIAS,0,0,Ministerio del Interior / portal oficial de datos abiertos,PRIMARY_OFFICIAL
2016,2016-06-26,11 - Cádiz,UNIDOS PODEMOS - PODEMOS-IU-EQUO-IZCA,0,0,Ministerio del Interior / portal oficial de datos abiertos,PRIMARY_OFFICIAL
2016,2016-06-26,11 - Cádiz,UNIDOS PODEMOS - PODEMOS-IU-EQUO-SEGOVIEMOS,0,0,Ministerio del Interior / portal oficial de datos abiertos,PRIMARY_OFFICIAL
2016,2016-06-26,11 - Cádiz,UNIDOS PODEMOS - UNIDOS PODEMOS,0,0,Ministerio del Interior / portal oficial de datos abiertos,PRIMARY_OFFICIAL
2016,2016-06-26,11 - Cádiz,UNIDOS PODEMOS EN ALTO ARAGÓN - PODEMOS-IU-,0,0,Ministerio del Interior / portal oficial de datos abiertos,PRIMARY_OFFICIAL
2016,2016-06-26,11 - Cádiz,UNIDOS PODEMOS EN ARAGÓN - PODEMOS-IU-,0,0,Ministerio del Interior / portal oficial de datos abiertos,PRIMARY_OFFICIAL
2016,2016-06-26,11 - Cádiz,UNIDOS PODEMOS POR ANDALUCÍA - PODEMOS-IU-,130643,2,Ministerio del Interior / portal oficial de datos abiertos,PRIMARY_OFFICIAL
2016,2016-06-26,11 - Cádiz,UNIDOS PODEMOS-ELKARREKIN AHAL DUGU - PODEMOS-IU-EQUO-BATZARRE,0,0,Ministerio del Interior / portal oficial de datos abiertos,PRIMARY_OFFICIAL
2016,2016-06-26,11 - Cádiz,UNIDOS PODEMOS/ELKARREKIN AHAL DUGU - PODEMOS/AHAL DUGU-IU-EQUO,0,0,Ministerio del Interior / portal oficial de datos abiertos,PRIMARY_OFFICIAL
2016,2016-06-26,11 - Cádiz,UNIDOS PODEMOS/XUNÍOS PODEMOS - PODEMOS-IU-,0,0,Ministerio del Interior / portal oficial de datos abiertos,PRIMARY_OFFICIAL
2016,2016-06-26,11 - Cádiz,UNITS PODEM MÉS - PODEMOS-EUI,0,0,Ministerio del Interior / portal oficial de datos abiertos,PRIMARY_OFFICIAL
2016,2016-06-26,11 - Cádiz,UNIÓN DE TODOS - UDT,0,0,Ministerio del Interior / portal oficial de datos abiertos,PRIMARY_OFFICIAL
2016,2016-06-26,11 - Cádiz,UNIÓN DEL PUEBLO LEONÉS - UPL,0,0,Ministerio del Interior / portal oficial de datos abiertos,PRIMARY_OFFICIAL
2016,2016-06-26,11 - Cádiz,UNIÓN DEL PUEBLO NAVARRO EN COALICIÓN CON EL PARTI - UPN-PP,0,0,Ministerio del Interior / portal oficial de datos abiertos,PRIMARY_OFFICIAL
2016,2016-06-26,11 - Cádiz,UNIÓN PROGRESO Y DEMOCRACIA - UPyD,1750,0,Ministerio del Interior / portal oficial de datos abiertos,PRIMARY_OFFICIAL
2016,2016-06-26,11 - Cádiz,VOX - VOX,1253,0,Ministerio del Interior / portal oficial de datos abiertos,PRIMARY_OFFICIAL
2016,2016-06-26,12 - Castellón/Castelló,ALIANZA DE CENTRO DEMOCRÁTICO - ALCD,0,0,Ministerio del Interior / portal oficial de datos abiertos,PRIMARY_OFFICIAL
2016,2016-06-26,12 - Castellón/Castelló,BNG-NÓS CANDIDATURA GALEGA - BNG-NÓS,0,0,Ministerio del Interior / portal oficial de datos abiertos,PRIMARY_OFFICIAL
2016,2016-06-26,12 - Castellón/Castelló,CIUDADANOS DE CENTRO DEMOCRÁTICO - CCD,1712,0,Ministerio del Interior / portal oficial de datos abiertos,PRIMARY_OFFICIAL
2016,2016-06-26,12 - Castellón/Castelló,CIUDADANOS DE CENTRO DEMOCRÁTICO-CANDIDATURA INDEP - CCD-CI,0,0,Ministerio del Interior / portal oficial de datos abiertos,PRIMARY_OFFICIAL
2016,2016-06-26,12 - Castellón/Castelló,CIUDADANOS LIBRES UNIDOS - CILUS,0,0,Ministerio del Interior / portal oficial de datos abiertos,PRIMARY_OFFICIAL
2016,2016-06-26,12 - Castellón/Castelló,CIUDADANOS-PARTIDO DE LA CIUDADANÍA - C's,44121,1,Ministerio del Interior / portal oficial de datos abiertos,PRIMARY_OFFICIAL
2016,2016-06-26,12 - Castellón/Castelló,"CIUTADANS, PARTIDO DE LA CIUDADANÍA - C's",0,0,Ministerio del Interior / portal oficial de datos abiertos,PRIMARY_OFFICIAL
2016,2016-06-26,12 - Castellón/Castelló,CIUTADANS-PARTIDO DE LA CIUDADANÍA - C's,0,0,Ministerio del Interior / portal oficial de datos abiertos,PRIMARY_OFFICIAL
2016,2016-06-26,12 - Castellón/Castelló,COALICIÓN CANARIA-PARTIDO NACIONALISTA CANARIO - CCa-PNC,0,0,Ministerio del Interior / portal oficial de datos abiertos,PRIMARY_OFFICIAL
2016,2016-06-26,12 - Castellón/Castelló,COMPROMÍS-PODEMOS-EUPV: A LA VALENCIANA - PODEMOS-COM,72281,1,Ministerio del Interior / portal oficial de datos abiertos,PRIMARY_OFFICIAL
2016,2016-06-26,12 - Castellón/Castelló,COMUNISTAS DA GALIZA - PCPE,0,0,Ministerio del Interior / portal oficial de datos abiertos,PRIMARY_OFFICIAL
2016,2016-06-26,12 - Castellón/Castelló,COMUNISTAS DA GALIZA-PCPE - PCPE,0,0,Ministerio del Interior / portal oficial de datos abiertos,PRIMARY_OFFICIAL
2016,2016-06-26,12 - Castellón/Castelló,CONVERGÈNCIA DEMOCRÀTICA DE CATALUNYA - CDC,0,0,Ministerio del Interior / portal oficial de datos abiertos,PRIMARY_OFFICIAL
2016,2016-06-26,12 - Castellón/Castelló,EN COMÚ PODEM-GUANYEM EL CANVI - ECP,0,0,Ministerio del Interior / portal oficial de datos abiertos,PRIMARY_OFFICIAL
2016,2016-06-26,12 - Castellón/Castelló,EN MAREA - PODEMOS-EN MAREA-ANOVA-EU,0,0,Ministerio del Interior / portal oficial de datos abiertos,PRIMARY_OFFICIAL
2016,2016-06-26,12 - Castellón/Castelló,ENTABAN - ENTABAN,0,0,Ministerio del Interior / portal oficial de datos abiertos,PRIMARY_OFFICIAL
2016,2016-06-26,12 - Castellón/Castelló,ESCANOS EN BRANCO - EB,0,0,Ministerio del Interior / portal oficial de datos abiertos,PRIMARY_OFFICIAL
2016,2016-06-26,12 - Castellón/Castelló,ESCAÑOS EN BLANCO - EB,0,0,Ministerio del Interior / portal oficial de datos abiertos,PRIMARY_OFFICIAL
2016,2016-06-26,12 - Castellón/Castelló,ESCAÑOS EN BLANCO-AULKI ZURIAK - EB-AZ,0,0,Ministerio del Interior / portal oficial de datos abiertos,PRIMARY_OFFICIAL
2016,2016-06-26,12 - Castellón/Castelló,ESQUERRA REPUBLICANA/CATALUNYA SÍ - ERC-CATSÍ,0,0,Ministerio del Interior / portal oficial de datos abiertos,PRIMARY_OFFICIAL
2016,2016-06-26,12 - Castellón/Castelló,EUSKAL HERRIA BILDU - EH Bildu,0,0,Ministerio del Interior / portal oficial de datos abiertos,PRIMARY_OFFICIAL
2016,2016-06-26,12 - Castellón/Castelló,EUZKO ALDERDI JELTZALEA-PARTIDO NACIONALISTA VASCO - EAJ-PNV,0,0,Ministerio del Interior / portal oficial de datos abiertos,PRIMARY_OFFICIAL
2016,2016-06-26,12 - Castellón/Castelló,FALANGE ESPAÑOLA DE LAS JONS - FE de las J,476,0,Ministerio del Interior / portal oficial de datos abiertos,PRIMARY_OFFICIAL
2016,2016-06-26,12 - Castellón/Castelló,FAMILIA Y VIDA - PFyV,0,0,Ministerio del Interior / portal oficial de datos abiertos,PRIMARY_OFFICIAL
2016,2016-06-26,12 - Castellón/Castelló,GEROA BAI - GBAI,0,0,Ministerio del Interior / portal oficial de datos abiertos,PRIMARY_OFFICIAL
2016,2016-06-26,12 - Castellón/Castelló,HEGOALDE RIOJA-LIBERTAD NAVARRA - HRTS-Ln,0,0,Ministerio del Interior / portal oficial de datos abiertos,PRIMARY_OFFICIAL
2016,2016-06-26,12 - Castellón/Castelló,INDEPENDIENTES POR ARAGÓN - INDEPENDIEN,0,0,Ministerio del Interior / portal oficial de datos abiertos,PRIMARY_OFFICIAL
2016,2016-06-26,12 - Castellón/Castelló,INICIATIVA MERINDADES DE CASTILLA - IMC,0,0,Ministerio del Interior / portal oficial de datos abiertos,PRIMARY_OFFICIAL
2016,2016-06-26,12 - Castellón/Castelló,IZQUIERDA ANTICAPITALISTA REVOLUCIONARIA - IZAR,0,0,Ministerio del Interior / portal oficial de datos abiertos,PRIMARY_OFFICIAL
2016,2016-06-26,12 - Castellón/Castelló,JUNTOS POR CANARIAS - JXC,0,0,Ministerio del Interior / portal oficial de datos abiertos,PRIMARY_OFFICIAL
2016,2016-06-26,12 - Castellón/Castelló,LA FALANGE - FE,0,0,Ministerio del Interior / portal oficial de datos abiertos,PRIMARY_OFFICIAL
2016,2016-06-26,12 - Castellón/Castelló,LA FUERZA DE LOS MAYORES DE ESPAÑA - FME,0,0,Ministerio del Interior / portal oficial de datos abiertos,PRIMARY_OFFICIAL
2016,2016-06-26,12 - Castellón/Castelló,"LIBERTAD NAVARRA, LIBERTATE NAFARRA - Ln",0,0,Ministerio del Interior / portal oficial de datos abiertos,PRIMARY_OFFICIAL
2016,2016-06-26,12 - Castellón/Castelló,LOS VERDES-ECOPACIFISTAS - CENTRO MODERADO,0,0,Ministerio del Interior / portal oficial de datos abiertos,PRIMARY_OFFICIAL
2016,2016-06-26,12 - Castellón/Castelló,MOVIMIENTO ARAGONÉS SOCIAL - MAS,0,0,Ministerio del Interior / portal oficial de datos abiertos,PRIMARY_OFFICIAL
2016,2016-06-26,12 - Castellón/Castelló,PARTIDO ANIMALISTA CONTRA EL MALTRATO ANIMAL - PACMA,2985,0,Ministerio del Interior / portal oficial de datos abiertos,PRIMARY_OFFICIAL
2016,2016-06-26,12 - Castellón/Castelló,PARTIDO ANIMALISTA CONTRA O MALTRATO ANIMAL - PACMA,0,0,Ministerio del Interior / portal oficial de datos abiertos,PRIMARY_OFFICIAL
2016,2016-06-26,12 - Castellón/Castelló,PARTIDO COMUNISTA DE LOS PUEBLOS DE ESPAÑA - PCPE,0,0,Ministerio del Interior / portal oficial de datos abiertos,PRIMARY_OFFICIAL
2016,2016-06-26,12 - Castellón/Castelló,PARTIDO COMUNISTA DEL PUEBLO CANARIO - PCPC,0,0,Ministerio del Interior / portal oficial de datos abiertos,PRIMARY_OFFICIAL
2016,2016-06-26,12 - Castellón/Castelló,PARTIDO COMUNISTA OBRERO ESPAÑOL - PCOE,0,0,Ministerio del Interior / portal oficial de datos abiertos,PRIMARY_OFFICIAL
2016,2016-06-26,12 - Castellón/Castelló,PARTIDO DOS SOCIALISTAS DE GALICIA-PSOE - PSdeG-PSOE,0,0,Ministerio del Interior / portal oficial de datos abiertos,PRIMARY_OFFICIAL
2016,2016-06-26,12 - Castellón/Castelló,PARTIDO HUMANISTA - PH,0,0,Ministerio del Interior / portal oficial de datos abiertos,PRIMARY_OFFICIAL
2016,2016-06-26,12 - Castellón/Castelló,PARTIDO LIBERTARIO - P-LIB,0,0,Ministerio del Interior / portal oficial de datos abiertos,PRIMARY_OFFICIAL
2016,2016-06-26,12 - Castellón/Castelló,PARTIDO POPULAR - PP,106746,2,Ministerio del Interior / portal oficial de datos abiertos,PRIMARY_OFFICIAL
2016,2016-06-26,12 - Castellón/Castelló,PARTIDO POPULAR EN COALICIÓN CON EL PARTIDO ARAGON - PP-PAR,0,0,Ministerio del Interior / portal oficial de datos abiertos,PRIMARY_OFFICIAL
2016,2016-06-26,12 - Castellón/Castelló,PARTIDO POPULAR-FORO - PP-FORO,0,0,Ministerio del Interior / portal oficial de datos abiertos,PRIMARY_OFFICIAL
2016,2016-06-26,12 - Castellón/Castelló,PARTIDO POPULAR/PARTIT POPULAR - PP,0,0,Ministerio del Interior / portal oficial de datos abiertos,PRIMARY_OFFICIAL
2016,2016-06-26,12 - Castellón/Castelló,PARTIDO REGIONALISTA DEL PAÍS LEONÉS - PREPAL,0,0,Ministerio del Interior / portal oficial de datos abiertos,PRIMARY_OFFICIAL
2016,2016-06-26,12 - Castellón/Castelló,PARTIDO SOCIALISTA DE EUSKADI-EUSKADIKO EZKERRA(PSOE) - PSE-EE (PSOE),0,0,Ministerio del Interior / portal oficial de datos abiertos,PRIMARY_OFFICIAL
2016,2016-06-26,12 - Castellón/Castelló,PARTIDO SOCIALISTA OBRERO ESPAÑOL - PSOE,66062,1,Ministerio del Interior / portal oficial de datos abiertos,PRIMARY_OFFICIAL
2016,2016-06-26,12 - Castellón/Castelló,PARTIDO SOCIALISTA OBRERO ESPAÑOL-NUEVA CANARIAS - PSOE-NCa,0,0,Ministerio del Interior / portal oficial de datos abiertos,PRIMARY_OFFICIAL
2016,2016-06-26,12 - Castellón/Castelló,PARTIDO SOMOS ANDALUCES POR ANDALUCÍA Y LOS PUEBLO - AND,0,0,Ministerio del Interior / portal oficial de datos abiertos,PRIMARY_OFFICIAL
2016,2016-06-26,12 - Castellón/Castelló,PARTIDO UNIONISTA ESTADO DE ESPAÑA - PUEDE,0,0,Ministerio del Interior / portal oficial de datos abiertos,PRIMARY_OFFICIAL
2016,2016-06-26,12 - Castellón/Castelló,PARTIT ANIMALISTA CONTRA EL MALTRACTAMENT ANIMAL - PACMA,0,0,Ministerio del Interior / portal oficial de datos abiertos,PRIMARY_OFFICIAL
2016,2016-06-26,12 - Castellón/Castelló,PARTIT COMUNISTA DEL POBLE DE CATALUNYA - PCPC,0,0,Ministerio del Interior / portal oficial de datos abiertos,PRIMARY_OFFICIAL
2016,2016-06-26,12 - Castellón/Castelló,PARTIT COMUNISTA DELS POBLES D'ESPANYA - PCPE,403,0,Ministerio del Interior / portal oficial de datos abiertos,PRIMARY_OFFICIAL
2016,2016-06-26,12 - Castellón/Castelló,PARTIT DELS SOCIALISTES DE CATALUNYA - PSC-PSOE,0,0,Ministerio del Interior / portal oficial de datos abiertos,PRIMARY_OFFICIAL
2016,2016-06-26,12 - Castellón/Castelló,PLATAFORMA PER CATALUNYA - PxC,0,0,Ministerio del Interior / portal oficial de datos abiertos,PRIMARY_OFFICIAL
2016,2016-06-26,12 - Castellón/Castelló,RECORTES CERO-GRUPO VERDE - RECORTES CERO-GRUPO VERDE,561,0,Ministerio del Interior / portal oficial de datos abiertos,PRIMARY_OFFICIAL
2016,2016-06-26,12 - Castellón/Castelló,RENOVACIO POLITICA - REPO,0,0,Ministerio del Interior / portal oficial de datos abiertos,PRIMARY_OFFICIAL
2016,2016-06-26,12 - Castellón/Castelló,SOBIRANIA PER A LES ILLES - SI,0,0,Ministerio del Interior / portal oficial de datos abiertos,PRIMARY_OFFICIAL
2016,2016-06-26,12 - Castellón/Castelló,SOLIDARIDAD Y AUTOGESTIÓN INTERNACIONALISTA - SAIn,0,0,Ministerio del Interior / portal oficial de datos abiertos,PRIMARY_OFFICIAL
2016,2016-06-26,12 - Castellón/Castelló,SOM VALENCIANS - SOMVAL,415,0,Ministerio del Interior / portal oficial de datos abiertos,PRIMARY_OFFICIAL
2016,2016-06-26,12 - Castellón/Castelló,UNIDAD DEL PUEBLO - UNIDAD DEL PUEBLO,0,0,Ministerio del Interior / portal oficial de datos abiertos,PRIMARY_OFFICIAL
2016,2016-06-26,12 - Castellón/Castelló,UNIDOS PODEMOS - PODEMOS-IU-EQUO,0,0,Ministerio del Interior / portal oficial de datos abiertos,PRIMARY_OFFICIAL
2016,2016-06-26,12 - Castellón/Castelló,UNIDOS PODEMOS - PODEMOS-IU-EQUO-CLIAS,0,0,Ministerio del Interior / portal oficial de datos abiertos,PRIMARY_OFFICIAL
2016,2016-06-26,12 - Castellón/Castelló,UNIDOS PODEMOS - PODEMOS-IU-EQUO-IZCA,0,0,Ministerio del Interior / portal oficial de datos abiertos,PRIMARY_OFFICIAL
2016,2016-06-26,12 - Castellón/Castelló,UNIDOS PODEMOS - PODEMOS-IU-EQUO-SEGOVIEMOS,0,0,Ministerio del Interior / portal oficial de datos abiertos,PRIMARY_OFFICIAL
2016,2016-06-26,12 - Castellón/Castelló,UNIDOS PODEMOS - UNIDOS PODEMOS,0,0,Ministerio del Interior / portal oficial de datos abiertos,PRIMARY_OFFICIAL
2016,2016-06-26,12 - Castellón/Castelló,UNIDOS PODEMOS EN ALTO ARAGÓN - PODEMOS-IU-,0,0,Ministerio del Interior / portal oficial de datos abiertos,PRIMARY_OFFICIAL
2016,2016-06-26,12 - Castellón/Castelló,UNIDOS PODEMOS EN ARAGÓN - PODEMOS-IU-,0,0,Ministerio del Interior / portal oficial de datos abiertos,PRIMARY_OFFICIAL
2016,2016-06-26,12 - Castellón/Castelló,UNIDOS PODEMOS POR ANDALUCÍA - PODEMOS-IU-,0,0,Ministerio del Interior / portal oficial de datos abiertos,PRIMARY_OFFICIAL
2016,2016-06-26,12 - Castellón/Castelló,UNIDOS PODEMOS-ELKARREKIN AHAL DUGU - PODEMOS-IU-EQUO-BATZARRE,0,0,Ministerio del Interior / portal oficial de datos abiertos,PRIMARY_OFFICIAL
2016,2016-06-26,12 - Castellón/Castelló,UNIDOS PODEMOS/ELKARREKIN AHAL DUGU - PODEMOS/AHAL DUGU-IU-EQUO,0,0,Ministerio del Interior / portal oficial de datos abiertos,PRIMARY_OFFICIAL
2016,2016-06-26,12 - Castellón/Castelló,UNIDOS PODEMOS/XUNÍOS PODEMOS - PODEMOS-IU-,0,0,Ministerio del Interior / portal oficial de datos abiertos,PRIMARY_OFFICIAL
2016,2016-06-26,12 - Castellón/Castelló,UNITS PODEM MÉS - PODEMOS-EUI,0,0,Ministerio del Interior / portal oficial de datos abiertos,PRIMARY_OFFICIAL
2016,2016-06-26,12 - Castellón/Castelló,UNIÓN DE TODOS - UDT,0,0,Ministerio del Interior / portal oficial de datos abiertos,PRIMARY_OFFICIAL
2016,2016-06-26,12 - Castellón/Castelló,UNIÓN DEL PUEBLO LEONÉS - UPL,0,0,Ministerio del Interior / portal oficial de datos abiertos,PRIMARY_OFFICIAL
2016,2016-06-26,12 - Castellón/Castelló,UNIÓN DEL PUEBLO NAVARRO EN COALICIÓN CON EL PARTI - UPN-PP,0,0,Ministerio del Interior / portal oficial de datos abiertos,PRIMARY_OFFICIAL
2016,2016-06-26,12 - Castellón/Castelló,UNIÓN PROGRESO Y DEMOCRACIA - UPyD,662,0,Ministerio del Interior / portal oficial de datos abiertos,PRIMARY_OFFICIAL
2016,2016-06-26,12 - Castellón/Castelló,VOX - VOX,711,0,Ministerio del Interior / portal oficial de datos abiertos,PRIMARY_OFFICIAL
2016,2016-06-26,13 - Ciudad Real,ALIANZA DE CENTRO DEMOCRÁTICO - ALCD,0,0,Ministerio del Interior / portal oficial de datos abiertos,PRIMARY_OFFICIAL
2016,2016-06-26,13 - Ciudad Real,BNG-NÓS CANDIDATURA GALEGA - BNG-NÓS,0,0,Ministerio del Interior / portal oficial de datos abiertos,PRIMARY_OFFICIAL
2016,2016-06-26,13 - Ciudad Real,CIUDADANOS DE CENTRO DEMOCRÁTICO - CCD,0,0,Ministerio del Interior / portal oficial de datos abiertos,PRIMARY_OFFICIAL
2016,2016-06-26,13 - Ciudad Real,CIUDADANOS DE CENTRO DEMOCRÁTICO-CANDIDATURA INDEP - CCD-CI,0,0,Ministerio del Interior / portal oficial de datos abiertos,PRIMARY_OFFICIAL
2016,2016-06-26,13 - Ciudad Real,CIUDADANOS LIBRES UNIDOS - CILUS,0,0,Ministerio del Interior / portal oficial de datos abiertos,PRIMARY_OFFICIAL
2016,2016-06-26,13 - Ciudad Real,CIUDADANOS-PARTIDO DE LA CIUDADANÍA - C's,33126,0,Ministerio del Interior / portal oficial de datos abiertos,PRIMARY_OFFICIAL
2016,2016-06-26,13 - Ciudad Real,"CIUTADANS, PARTIDO DE LA CIUDADANÍA - C's",0,0,Ministerio del Interior / portal oficial de datos abiertos,PRIMARY_OFFICIAL
2016,2016-06-26,13 - Ciudad Real,CIUTADANS-PARTIDO DE LA CIUDADANÍA - C's,0,0,Ministerio del Interior / portal oficial de datos abiertos,PRIMARY_OFFICIAL
2016,2016-06-26,13 - Ciudad Real,COALICIÓN CANARIA-PARTIDO NACIONALISTA CANARIO - CCa-PNC,0,0,Ministerio del Interior / portal oficial de datos abiertos,PRIMARY_OFFICIAL
2016,2016-06-26,13 - Ciudad Real,COMPROMÍS-PODEMOS-EUPV: A LA VALENCIANA - PODEMOS-COM,0,0,Ministerio del Interior / portal oficial de datos abiertos,PRIMARY_OFFICIAL
2016,2016-06-26,13 - Ciudad Real,COMUNISTAS DA GALIZA - PCPE,0,0,Ministerio del Interior / portal oficial de datos abiertos,PRIMARY_OFFICIAL
2016,2016-06-26,13 - Ciudad Real,COMUNISTAS DA GALIZA-PCPE - PCPE,0,0,Ministerio del Interior / portal oficial de datos abiertos,PRIMARY_OFFICIAL
2016,2016-06-26,13 - Ciudad Real,CONVERGÈNCIA DEMOCRÀTICA DE CATALUNYA - CDC,0,0,Ministerio del Interior / portal oficial de datos abiertos,PRIMARY_OFFICIAL
2016,2016-06-26,13 - Ciudad Real,EN COMÚ PODEM-GUANYEM EL CANVI - ECP,0,0,Ministerio del Interior / portal oficial de datos abiertos,PRIMARY_OFFICIAL
2016,2016-06-26,13 - Ciudad Real,EN MAREA - PODEMOS-EN MAREA-ANOVA-EU,0,0,Ministerio del Interior / portal oficial de datos abiertos,PRIMARY_OFFICIAL
2016,2016-06-26,13 - Ciudad Real,ENTABAN - ENTABAN,0,0,Ministerio del Interior / portal oficial de datos abiertos,PRIMARY_OFFICIAL
2016,2016-06-26,13 - Ciudad Real,ESCANOS EN BRANCO - EB,0,0,Ministerio del Interior / portal oficial de datos abiertos,PRIMARY_OFFICIAL
2016,2016-06-26,13 - Ciudad Real,ESCAÑOS EN BLANCO - EB,0,0,Ministerio del Interior / portal oficial de datos abiertos,PRIMARY_OFFICIAL
2016,2016-06-26,13 - Ciudad Real,ESCAÑOS EN BLANCO-AULKI ZURIAK - EB-AZ,0,0,Ministerio del Interior / portal oficial de datos abiertos,PRIMARY_OFFICIAL
2016,2016-06-26,13 - Ciudad Real,ESQUERRA REPUBLICANA/CATALUNYA SÍ - ERC-CATSÍ,0,0,Ministerio del Interior / portal oficial de datos abiertos,PRIMARY_OFFICIAL
2016,2016-06-26,13 - Ciudad Real,EUSKAL HERRIA BILDU - EH Bildu,0,0,Ministerio del Interior / portal oficial de datos abiertos,PRIMARY_OFFICIAL
2016,2016-06-26,13 - Ciudad Real,EUZKO ALDERDI JELTZALEA-PARTIDO NACIONALISTA VASCO - EAJ-PNV,0,0,Ministerio del Interior / portal oficial de datos abiertos,PRIMARY_OFFICIAL
2016,2016-06-26,13 - Ciudad Real,FALANGE ESPAÑOLA DE LAS JONS - FE de las J,0,0,Ministerio del Interior / portal oficial de datos abiertos,PRIMARY_OFFICIAL
2016,2016-06-26,13 - Ciudad Real,FAMILIA Y VIDA - PFyV,0,0,Ministerio del Interior / portal oficial de datos abiertos,PRIMARY_OFFICIAL
2016,2016-06-26,13 - Ciudad Real,GEROA BAI - GBAI,0,0,Ministerio del Interior / portal oficial de datos abiertos,PRIMARY_OFFICIAL
2016,2016-06-26,13 - Ciudad Real,HEGOALDE RIOJA-LIBERTAD NAVARRA - HRTS-Ln,0,0,Ministerio del Interior / portal oficial de datos abiertos,PRIMARY_OFFICIAL
2016,2016-06-26,13 - Ciudad Real,INDEPENDIENTES POR ARAGÓN - INDEPENDIEN,0,0,Ministerio del Interior / portal oficial de datos abiertos,PRIMARY_OFFICIAL
2016,2016-06-26,13 - Ciudad Real,INICIATIVA MERINDADES DE CASTILLA - IMC,0,0,Ministerio del Interior / portal oficial de datos abiertos,PRIMARY_OFFICIAL
2016,2016-06-26,13 - Ciudad Real,IZQUIERDA ANTICAPITALISTA REVOLUCIONARIA - IZAR,0,0,Ministerio del Interior / portal oficial de datos abiertos,PRIMARY_OFFICIAL
2016,2016-06-26,13 - Ciudad Real,JUNTOS POR CANARIAS - JXC,0,0,Ministerio del Interior / portal oficial de datos abiertos,PRIMARY_OFFICIAL
2016,2016-06-26,13 - Ciudad Real,LA FALANGE - FE,0,0,Ministerio del Interior / portal oficial de datos abiertos,PRIMARY_OFFICIAL
2016,2016-06-26,13 - Ciudad Real,LA FUERZA DE LOS MAYORES DE ESPAÑA - FME,0,0,Ministerio del Interior / portal oficial de datos abiertos,PRIMARY_OFFICIAL
2016,2016-06-26,13 - Ciudad Real,"LIBERTAD NAVARRA, LIBERTATE NAFARRA - Ln",0,0,Ministerio del Interior / portal oficial de datos abiertos,PRIMARY_OFFICIAL
2016,2016-06-26,13 - Ciudad Real,LOS VERDES-ECOPACIFISTAS - CENTRO MODERADO,0,0,Ministerio del Interior / portal oficial de datos abiertos,PRIMARY_OFFICIAL
2016,2016-06-26,13 - Ciudad Real,MOVIMIENTO ARAGONÉS SOCIAL - MAS,0,0,Ministerio del Interior / portal oficial de datos abiertos,PRIMARY_OFFICIAL
2016,2016-06-26,13 - Ciudad Real,PARTIDO ANIMALISTA CONTRA EL MALTRATO ANIMAL - PACMA,2334,0,Ministerio del Interior / portal oficial de datos abiertos,PRIMARY_OFFICIAL
2016,2016-06-26,13 - Ciudad Real,PARTIDO ANIMALISTA CONTRA O MALTRATO ANIMAL - PACMA,0,0,Ministerio del Interior / portal oficial de datos abiertos,PRIMARY_OFFICIAL
2016,2016-06-26,13 - Ciudad Real,PARTIDO COMUNISTA DE LOS PUEBLOS DE ESPAÑA - PCPE,0,0,Ministerio del Interior / portal oficial de datos abiertos,PRIMARY_OFFICIAL
2016,2016-06-26,13 - Ciudad Real,PARTIDO COMUNISTA DEL PUEBLO CANARIO - PCPC,0,0,Ministerio del Interior / portal oficial de datos abiertos,PRIMARY_OFFICIAL
2016,2016-06-26,13 - Ciudad Real,PARTIDO COMUNISTA OBRERO ESPAÑOL - PCOE,0,0,Ministerio del Interior / portal oficial de datos abiertos,PRIMARY_OFFICIAL
2016,2016-06-26,13 - Ciudad Real,PARTIDO DOS SOCIALISTAS DE GALICIA-PSOE - PSdeG-PSOE,0,0,Ministerio del Interior / portal oficial de datos abiertos,PRIMARY_OFFICIAL
2016,2016-06-26,13 - Ciudad Real,PARTIDO HUMANISTA - PH,0,0,Ministerio del Interior / portal oficial de datos abiertos,PRIMARY_OFFICIAL
2016,2016-06-26,13 - Ciudad Real,PARTIDO LIBERTARIO - P-LIB,0,0,Ministerio del Interior / portal oficial de datos abiertos,PRIMARY_OFFICIAL
2016,2016-06-26,13 - Ciudad Real,PARTIDO POPULAR - PP,121622,3,Ministerio del Interior / portal oficial de datos abiertos,PRIMARY_OFFICIAL
2016,2016-06-26,13 - Ciudad Real,PARTIDO POPULAR EN COALICIÓN CON EL PARTIDO ARAGON - PP-PAR,0,0,Ministerio del Interior / portal oficial de datos abiertos,PRIMARY_OFFICIAL
2016,2016-06-26,13 - Ciudad Real,PARTIDO POPULAR-FORO - PP-FORO,0,0,Ministerio del Interior / portal oficial de datos abiertos,PRIMARY_OFFICIAL
2016,2016-06-26,13 - Ciudad Real,PARTIDO POPULAR/PARTIT POPULAR - PP,0,0,Ministerio del Interior / portal oficial de datos abiertos,PRIMARY_OFFICIAL
2016,2016-06-26,13 - Ciudad Real,PARTIDO REGIONALISTA DEL PAÍS LEONÉS - PREPAL,0,0,Ministerio del Interior / portal oficial de datos abiertos,PRIMARY_OFFICIAL
2016,2016-06-26,13 - Ciudad Real,PARTIDO SOCIALISTA DE EUSKADI-EUSKADIKO EZKERRA(PSOE) - PSE-EE (PSOE),0,0,Ministerio del Interior / portal oficial de datos abiertos,PRIMARY_OFFICIAL
2016,2016-06-26,13 - Ciudad Real,PARTIDO SOCIALISTA OBRERO ESPAÑOL - PSOE,81728,2,Ministerio del Interior / portal oficial de datos abiertos,PRIMARY_OFFICIAL
2016,2016-06-26,13 - Ciudad Real,PARTIDO SOCIALISTA OBRERO ESPAÑOL-NUEVA CANARIAS - PSOE-NCa,0,0,Ministerio del Interior / portal oficial de datos abiertos,PRIMARY_OFFICIAL
2016,2016-06-26,13 - Ciudad Real,PARTIDO SOMOS ANDALUCES POR ANDALUCÍA Y LOS PUEBLO - AND,0,0,Ministerio del Interior / portal oficial de datos abiertos,PRIMARY_OFFICIAL
2016,2016-06-26,13 - Ciudad Real,PARTIDO UNIONISTA ESTADO DE ESPAÑA - PUEDE,0,0,Ministerio del Interior / portal oficial de datos abiertos,PRIMARY_OFFICIAL
2016,2016-06-26,13 - Ciudad Real,PARTIT ANIMALISTA CONTRA EL MALTRACTAMENT ANIMAL - PACMA,0,0,Ministerio del Interior / portal oficial de datos abiertos,PRIMARY_OFFICIAL
2016,2016-06-26,13 - Ciudad Real,PARTIT COMUNISTA DEL POBLE DE CATALUNYA - PCPC,0,0,Ministerio del Interior / portal oficial de datos abiertos,PRIMARY_OFFICIAL
2016,2016-06-26,13 - Ciudad Real,PARTIT COMUNISTA DELS POBLES D'ESPANYA - PCPE,0,0,Ministerio del Interior / portal oficial de datos abiertos,PRIMARY_OFFICIAL
2016,2016-06-26,13 - Ciudad Real,PARTIT DELS SOCIALISTES DE CATALUNYA - PSC-PSOE,0,0,Ministerio del Interior / portal oficial de datos abiertos,PRIMARY_OFFICIAL
2016,2016-06-26,13 - Ciudad Real,PLATAFORMA PER CATALUNYA - PxC,0,0,Ministerio del Interior / portal oficial de datos abiertos,PRIMARY_OFFICIAL
2016,2016-06-26,13 - Ciudad Real,RECORTES CERO-GRUPO VERDE - RECORTES CERO-GRUPO VERDE,458,0,Ministerio del Interior / portal oficial de datos abiertos,PRIMARY_OFFICIAL
2016,2016-06-26,13 - Ciudad Real,RENOVACIO POLITICA - REPO,0,0,Ministerio del Interior / portal oficial de datos abiertos,PRIMARY_OFFICIAL
2016,2016-06-26,13 - Ciudad Real,SOBIRANIA PER A LES ILLES - SI,0,0,Ministerio del Interior / portal oficial de datos abiertos,PRIMARY_OFFICIAL
2016,2016-06-26,13 - Ciudad Real,SOLIDARIDAD Y AUTOGESTIÓN INTERNACIONALISTA - SAIn,0,0,Ministerio del Interior / portal oficial de datos abiertos,PRIMARY_OFFICIAL
2016,2016-06-26,13 - Ciudad Real,SOM VALENCIANS - SOMVAL,0,0,Ministerio del Interior / portal oficial de datos abiertos,PRIMARY_OFFICIAL
2016,2016-06-26,13 - Ciudad Real,UNIDAD DEL PUEBLO - UNIDAD DEL PUEBLO,0,0,Ministerio del Interior / portal oficial de datos abiertos,PRIMARY_OFFICIAL
2016,2016-06-26,13 - Ciudad Real,UNIDOS PODEMOS - PODEMOS-IU-EQUO,37510,0,Ministerio del Interior / portal oficial de datos abiertos,PRIMARY_OFFICIAL
2016,2016-06-26,13 - Ciudad Real,UNIDOS PODEMOS - PODEMOS-IU-EQUO-CLIAS,0,0,Ministerio del Interior / portal oficial de datos abiertos,PRIMARY_OFFICIAL
2016,2016-06-26,13 - Ciudad Real,UNIDOS PODEMOS - PODEMOS-IU-EQUO-IZCA,0,0,Ministerio del Interior / portal oficial de datos abiertos,PRIMARY_OFFICIAL
2016,2016-06-26,13 - Ciudad Real,UNIDOS PODEMOS - PODEMOS-IU-EQUO-SEGOVIEMOS,0,0,Ministerio del Interior / portal oficial de datos abiertos,PRIMARY_OFFICIAL
2016,2016-06-26,13 - Ciudad Real,UNIDOS PODEMOS - UNIDOS PODEMOS,0,0,Ministerio del Interior / portal oficial de datos abiertos,PRIMARY_OFFICIAL
2016,2016-06-26,13 - Ciudad Real,UNIDOS PODEMOS EN ALTO ARAGÓN - PODEMOS-IU-,0,0,Ministerio del Interior / portal oficial de datos abiertos,PRIMARY_OFFICIAL
2016,2016-06-26,13 - Ciudad Real,UNIDOS PODEMOS EN ARAGÓN - PODEMOS-IU-,0,0,Ministerio del Interior / portal oficial de datos abiertos,PRIMARY_OFFICIAL
2016,2016-06-26,13 - Ciudad Real,UNIDOS PODEMOS POR ANDALUCÍA - PODEMOS-IU-,0,0,Ministerio del Interior / portal oficial de datos abiertos,PRIMARY_OFFICIAL
2016,2016-06-26,13 - Ciudad Real,UNIDOS PODEMOS-ELKARREKIN AHAL DUGU - PODEMOS-IU-EQUO-BATZARRE,0,0,Ministerio del Interior / portal oficial de datos abiertos,PRIMARY_OFFICIAL
2016,2016-06-26,13 - Ciudad Real,UNIDOS PODEMOS/ELKARREKIN AHAL DUGU - PODEMOS/AHAL DUGU-IU-EQUO,0,0,Ministerio del Interior / portal oficial de datos abiertos,PRIMARY_OFFICIAL
2016,2016-06-26,13 - Ciudad Real,UNIDOS PODEMOS/XUNÍOS PODEMOS - PODEMOS-IU-,0,0,Ministerio del Interior / portal oficial de datos abiertos,PRIMARY_OFFICIAL
2016,2016-06-26,13 - Ciudad Real,UNITS PODEM MÉS - PODEMOS-EUI,0,0,Ministerio del Interior / portal oficial de datos abiertos,PRIMARY_OFFICIAL
2016,2016-06-26,13 - Ciudad Real,UNIÓN DE TODOS - UDT,0,0,Ministerio del Interior / portal oficial de datos abiertos,PRIMARY_OFFICIAL
2016,2016-06-26,13 - Ciudad Real,UNIÓN DEL PUEBLO LEONÉS - UPL,0,0,Ministerio del Interior / portal oficial de datos abiertos,PRIMARY_OFFICIAL
2016,2016-06-26,13 - Ciudad Real,UNIÓN DEL PUEBLO NAVARRO EN COALICIÓN CON EL PARTI - UPN-PP,0,0,Ministerio del Interior / portal oficial de datos abiertos,PRIMARY_OFFICIAL
2016,2016-06-26,13 - Ciudad Real,UNIÓN PROGRESO Y DEMOCRACIA - UPyD,679,0,Ministerio del Interior / portal oficial de datos abiertos,PRIMARY_OFFICIAL
2016,2016-06-26,13 - Ciudad Real,VOX - VOX,0,0,Ministerio del Interior / portal oficial de datos abiertos,PRIMARY_OFFICIAL
2016,2016-06-26,14 - Córdoba,ALIANZA DE CENTRO DEMOCRÁTICO - ALCD,0,0,Ministerio del Interior / portal oficial de datos abiertos,PRIMARY_OFFICIAL
2016,2016-06-26,14 - Córdoba,BNG-NÓS CANDIDATURA GALEGA - BNG-NÓS,0,0,Ministerio del Interior / portal oficial de datos abiertos,PRIMARY_OFFICIAL
2016,2016-06-26,14 - Córdoba,CIUDADANOS DE CENTRO DEMOCRÁTICO - CCD,0,0,Ministerio del Interior / portal oficial de datos abiertos,PRIMARY_OFFICIAL
2016,2016-06-26,14 - Córdoba,CIUDADANOS DE CENTRO DEMOCRÁTICO-CANDIDATURA INDEP - CCD-CI,0,0,Ministerio del Interior / portal oficial de datos abiertos,PRIMARY_OFFICIAL
2016,2016-06-26,14 - Córdoba,CIUDADANOS LIBRES UNIDOS - CILUS,0,0,Ministerio del Interior / portal oficial de datos abiertos,PRIMARY_OFFICIAL
2016,2016-06-26,14 - Córdoba,CIUDADANOS-PARTIDO DE LA CIUDADANÍA - C's,55248,1,Ministerio del Interior / portal oficial de datos abiertos,PRIMARY_OFFICIAL
2016,2016-06-26,14 - Córdoba,"CIUTADANS, PARTIDO DE LA CIUDADANÍA - C's",0,0,Ministerio del Interior / portal oficial de datos abiertos,PRIMARY_OFFICIAL
2016,2016-06-26,14 - Córdoba,CIUTADANS-PARTIDO DE LA CIUDADANÍA - C's,0,0,Ministerio del Interior / portal oficial de datos abiertos,PRIMARY_OFFICIAL
2016,2016-06-26,14 - Córdoba,COALICIÓN CANARIA-PARTIDO NACIONALISTA CANARIO - CCa-PNC,0,0,Ministerio del Interior / portal oficial de datos abiertos,PRIMARY_OFFICIAL
2016,2016-06-26,14 - Córdoba,COMPROMÍS-PODEMOS-EUPV: A LA VALENCIANA - PODEMOS-COM,0,0,Ministerio del Interior / portal oficial de datos abiertos,PRIMARY_OFFICIAL
2016,2016-06-26,14 - Córdoba,COMUNISTAS DA GALIZA - PCPE,0,0,Ministerio del Interior / portal oficial de datos abiertos,PRIMARY_OFFICIAL
2016,2016-06-26,14 - Córdoba,COMUNISTAS DA GALIZA-PCPE - PCPE,0,0,Ministerio del Interior / portal oficial de datos abiertos,PRIMARY_OFFICIAL
2016,2016-06-26,14 - Córdoba,CONVERGÈNCIA DEMOCRÀTICA DE CATALUNYA - CDC,0,0,Ministerio del Interior / portal oficial de datos abiertos,PRIMARY_OFFICIAL
2016,2016-06-26,14 - Córdoba,EN COMÚ PODEM-GUANYEM EL CANVI - ECP,0,0,Ministerio del Interior / portal oficial de datos abiertos,PRIMARY_OFFICIAL
2016,2016-06-26,14 - Córdoba,EN MAREA - PODEMOS-EN MAREA-ANOVA-EU,0,0,Ministerio del Interior / portal oficial de datos abiertos,PRIMARY_OFFICIAL
2016,2016-06-26,14 - Córdoba,ENTABAN - ENTABAN,0,0,Ministerio del Interior / portal oficial de datos abiertos,PRIMARY_OFFICIAL
2016,2016-06-26,14 - Córdoba,ESCANOS EN BRANCO - EB,0,0,Ministerio del Interior / portal oficial de datos abiertos,PRIMARY_OFFICIAL
2016,2016-06-26,14 - Córdoba,ESCAÑOS EN BLANCO - EB,614,0,Ministerio del Interior / portal oficial de datos abiertos,PRIMARY_OFFICIAL
2016,2016-06-26,14 - Córdoba,ESCAÑOS EN BLANCO-AULKI ZURIAK - EB-AZ,0,0,Ministerio del Interior / portal oficial de datos abiertos,PRIMARY_OFFICIAL
2016,2016-06-26,14 - Córdoba,ESQUERRA REPUBLICANA/CATALUNYA SÍ - ERC-CATSÍ,0,0,Ministerio del Interior / portal oficial de datos abiertos,PRIMARY_OFFICIAL
2016,2016-06-26,14 - Córdoba,EUSKAL HERRIA BILDU - EH Bildu,0,0,Ministerio del Interior / portal oficial de datos abiertos,PRIMARY_OFFICIAL
2016,2016-06-26,14 - Córdoba,EUZKO ALDERDI JELTZALEA-PARTIDO NACIONALISTA VASCO - EAJ-PNV,0,0,Ministerio del Interior / portal oficial de datos abiertos,PRIMARY_OFFICIAL
2016,2016-06-26,14 - Córdoba,FALANGE ESPAÑOLA DE LAS JONS - FE de las J,330,0,Ministerio del Interior / portal oficial de datos abiertos,PRIMARY_OFFICIAL
2016,2016-06-26,14 - Córdoba,FAMILIA Y VIDA - PFyV,0,0,Ministerio del Interior / portal oficial de datos abiertos,PRIMARY_OFFICIAL
2016,2016-06-26,14 - Córdoba,GEROA BAI - GBAI,0,0,Ministerio del Interior / portal oficial de datos abiertos,PRIMARY_OFFICIAL
2016,2016-06-26,14 - Córdoba,HEGOALDE RIOJA-LIBERTAD NAVARRA - HRTS-Ln,0,0,Ministerio del Interior / portal oficial de datos abiertos,PRIMARY_OFFICIAL
2016,2016-06-26,14 - Córdoba,INDEPENDIENTES POR ARAGÓN - INDEPENDIEN,0,0,Ministerio del Interior / portal oficial de datos abiertos,PRIMARY_OFFICIAL
2016,2016-06-26,14 - Córdoba,INICIATIVA MERINDADES DE CASTILLA - IMC,0,0,Ministerio del Interior / portal oficial de datos abiertos,PRIMARY_OFFICIAL
2016,2016-06-26,14 - Córdoba,IZQUIERDA ANTICAPITALISTA REVOLUCIONARIA - IZAR,0,0,Ministerio del Interior / portal oficial de datos abiertos,PRIMARY_OFFICIAL
2016,2016-06-26,14 - Córdoba,JUNTOS POR CANARIAS - JXC,0,0,Ministerio del Interior / portal oficial de datos abiertos,PRIMARY_OFFICIAL
2016,2016-06-26,14 - Córdoba,LA FALANGE - FE,0,0,Ministerio del Interior / portal oficial de datos abiertos,PRIMARY_OFFICIAL
2016,2016-06-26,14 - Córdoba,LA FUERZA DE LOS MAYORES DE ESPAÑA - FME,0,0,Ministerio del Interior / portal oficial de datos abiertos,PRIMARY_OFFICIAL
2016,2016-06-26,14 - Córdoba,"LIBERTAD NAVARRA, LIBERTATE NAFARRA - Ln",0,0,Ministerio del Interior / portal oficial de datos abiertos,PRIMARY_OFFICIAL
2016,2016-06-26,14 - Córdoba,LOS VERDES-ECOPACIFISTAS - CENTRO MODERADO,0,0,Ministerio del Interior / portal oficial de datos abiertos,PRIMARY_OFFICIAL